run_id,frame_id,timestamp,joint,x_norm,y_norm,z_norm,x_px,y_px,confidence
8e88552d-b240-4b3c-8b30-fc71269c054b,0,0.0,nose,0.5627492,0.52944255,-0.37330437,607.7691435813904,1016.5296936035156,0.99998474
8e88552d-b240-4b3c-8b30-fc71269c054b,0,0.0,left_shoulder,0.4719948,0.549463,0.006330456,509.7543704509735,1054.9689102172852,0.99996734
8e88552d-b240-4b3c-8b30-fc71269c054b,0,0.0,right_shoulder,0.3062441,0.48956802,-0.44555905,330.74363350868225,939.9706077575684,0.99998987
8e88552d-b240-4b3c-8b30-fc71269c054b,0,0.0,left_elbow,0.3607944,0.63256973,0.15099753,389.65794682502747,1214.5338821411133,0.51300603
8e88552d-b240-4b3c-8b30-fc71269c054b,0,0.0,right_elbow,0.056821555,0.50517035,-0.54800075,61.367279291152954,969.9270629882812,0.99027985
8e88552d-b240-4b3c-8b30-fc71269c054b,0,0.0,left_wrist,0.31466547,0.67583776,-0.052515686,339.8387038707733,1297.6084899902344,0.46456838
8e88552d-b240-4b3c-8b30-fc71269c054b,0,0.0,right_wrist,0.11905413,0.61872697,-0.5336328,128.57846170663834,1187.9557800292969,0.9307483
8e88552d-b240-4b3c-8b30-fc71269c054b,0,0.0,left_hip,0.16740106,0.65776384,0.15672351,180.79314529895782,1262.9065704345703,0.99821645
8e88552d-b240-4b3c-8b30-fc71269c054b,0,0.0,right_hip,0.07079521,0.6412808,-0.15679002,76.45882487297058,1231.2590789794922,0.9987919
8e88552d-b240-4b3c-8b30-fc71269c054b,0,0.0,left_knee,0.4591546,0.72785413,0.039063588,495.8869743347168,1397.4799346923828,0.5765064
8e88552d-b240-4b3c-8b30-fc71269c054b,0,0.0,right_knee,0.25906682,0.7224146,-0.13945723,279.7921657562256,1387.0360565185547,0.79836243
8e88552d-b240-4b3c-8b30-fc71269c054b,0,0.0,left_ankle,0.5949551,0.83754814,-0.06641164,642.5514936447144,1608.0924224853516,0.44917902
8e88552d-b240-4b3c-8b30-fc71269c054b,0,0.0,right_ankle,0.2727039,0.80501723,0.15040112,294.52019691467285,1545.6330871582031,0.3850903
8e88552d-b240-4b3c-8b30-fc71269c054b,0,0.0,left_heel,0.60767984,0.87249917,-0.08314255,656.2942314147949,1675.1984024047852,0.4317193
8e88552d-b240-4b3c-8b30-fc71269c054b,0,0.0,right_heel,0.25427905,0.8120027,0.18029656,274.6213710308075,1559.0452194213867,0.3181818
8e88552d-b240-4b3c-8b30-fc71269c054b,0,0.0,left_foot_index,0.72191197,0.82638514,-0.17094103,779.6649241447449,1586.6594696044922,0.45782828
8e88552d-b240-4b3c-8b30-fc71269c054b,0,0.0,right_foot_index,0.3487871,0.8404418,0.109633654,376.6900670528412,1613.6483001708984,0.33532456
8e88552d-b240-4b3c-8b30-fc71269c054b,1,0.03333333333333333,nose,0.55989975,0.5245472,-0.47282764,604.6917271614075,1007.1306610107422,0.9999835
8e88552d-b240-4b3c-8b30-fc71269c054b,1,0.03333333333333333,left_shoulder,0.4716147,0.5464792,-0.106475934,509.34386372566223,1049.2401123046875,0.9999595
8e88552d-b240-4b3c-8b30-fc71269c054b,1,0.03333333333333333,right_shoulder,0.29674077,0.489682,-0.5087882,320.4800319671631,940.1894187927246,0.99998665
8e88552d-b240-4b3c-8b30-fc71269c054b,1,0.03333333333333333,left_elbow,0.3804437,0.62312156,0.14964873,410.87918758392334,1196.3933944702148,0.50528646
8e88552d-b240-4b3c-8b30-fc71269c054b,1,0.03333333333333333,right_elbow,0.054212686,0.50999814,-0.49517363,58.549700528383255,979.1964340209961,0.99066514
8e88552d-b240-4b3c-8b30-fc71269c054b,1,0.03333333333333333,left_wrist,0.3202952,0.6747376,0.12324256,345.91883182525635,1295.4961395263672,0.454026
8e88552d-b240-4b3c-8b30-fc71269c054b,1,0.03333333333333333,right_wrist,0.11913917,0.6184016,-0.3298226,128.6703059077263,1187.3310470581055,0.931975
8e88552d-b240-4b3c-8b30-fc71269c054b,1,0.03333333333333333,left_hip,0.20164113,0.631795,0.15509921,217.7724176645279,1213.0463790893555,0.99756277
8e88552d-b240-4b3c-8b30-fc71269c054b,1,0.03333333333333333,right_hip,0.075995244,0.63831806,-0.15496656,82.07486361265182,1225.5706787109375,0.9984664
8e88552d-b240-4b3c-8b30-fc71269c054b,1,0.03333333333333333,left_knee,0.44322222,0.686959,0.1071812,478.6800026893616,1318.9613342285156,0.5684429
8e88552d-b240-4b3c-8b30-fc71269c054b,1,0.03333333333333333,right_knee,0.31704304,0.7128938,-0.16621965,342.4064791202545,1368.7560653686523,0.80970275
8e88552d-b240-4b3c-8b30-fc71269c054b,1,0.03333333333333333,left_ankle,0.55911297,0.8261528,0.16272499,603.8420033454895,1586.21337890625,0.4460314
8e88552d-b240-4b3c-8b30-fc71269c054b,1,0.03333333333333333,right_ankle,0.49121687,0.80440545,-0.027815377,530.5142176151276,1544.4584655761719,0.41498056
8e88552d-b240-4b3c-8b30-fc71269c054b,1,0.03333333333333333,left_heel,0.5538664,0.85438097,0.16231713,598.1756973266602,1640.4114532470703,0.42145202
8e88552d-b240-4b3c-8b30-fc71269c054b,1,0.03333333333333333,right_heel,0.42763832,0.8216779,-0.014622114,461.84938788414,1577.6216125488281,0.3374642
8e88552d-b240-4b3c-8b30-fc71269c054b,1,0.03333333333333333,left_foot_index,0.6804516,0.8262473,0.10011759,734.8876976966858,1586.3947677612305,0.44932604
8e88552d-b240-4b3c-8b30-fc71269c054b,1,0.03333333333333333,right_foot_index,0.62620384,0.82401043,-0.10427504,676.3001418113708,1582.1000289916992,0.3584613
8e88552d-b240-4b3c-8b30-fc71269c054b,2,0.06666666666666667,nose,0.55945134,0.52348715,-0.49100268,604.2074489593506,1005.095329284668,0.99998367
8e88552d-b240-4b3c-8b30-fc71269c054b,2,0.06666666666666667,left_shoulder,0.4707944,0.545821,-0.122694835,508.4579622745514,1047.9763412475586,0.9999604
8e88552d-b240-4b3c-8b30-fc71269c054b,2,0.06666666666666667,right_shoulder,0.28941178,0.48929167,-0.50787765,312.5647258758545,939.4400024414062,0.9999875
8e88552d-b240-4b3c-8b30-fc71269c054b,2,0.06666666666666667,left_elbow,0.39720586,0.62406695,0.10259922,428.9823281764984,1198.2085418701172,0.51969814
8e88552d-b240-4b3c-8b30-fc71269c054b,2,0.06666666666666667,right_elbow,0.05289755,0.5115333,-0.50530946,57.12935417890549,982.1439743041992,0.991338
8e88552d-b240-4b3c-8b30-fc71269c054b,2,0.06666666666666667,left_wrist,0.32729283,0.654745,0.05088936,353.47625613212585,1257.110366821289,0.47307533
8e88552d-b240-4b3c-8b30-fc71269c054b,2,0.06666666666666667,right_wrist,0.12359613,0.6133481,-0.39682359,133.48382234573364,1177.628402709961,0.9373586
8e88552d-b240-4b3c-8b30-fc71269c054b,2,0.06666666666666667,left_hip,0.20088585,0.62590253,0.14686126,216.95671498775482,1201.7328643798828,0.99729055
8e88552d-b240-4b3c-8b30-fc71269c054b,2,0.06666666666666667,right_hip,0.07501977,0.62185293,-0.1466892,81.02135092020035,1193.957633972168,0.99847996
8e88552d-b240-4b3c-8b30-fc71269c054b,2,0.06666666666666667,left_knee,0.44439977,0.6506499,0.0005860178,479.9517560005188,1249.247817993164,0.56269157
8e88552d-b240-4b3c-8b30-fc71269c054b,2,0.06666666666666667,right_knee,0.1275362,0.69640183,-0.39882156,137.73910403251648,1337.0915222167969,0.82333344
8e88552d-b240-4b3c-8b30-fc71269c054b,2,0.06666666666666667,left_ankle,0.5024845,0.8119857,0.04516022,542.6832604408264,1559.0124893188477,0.4480261
8e88552d-b240-4b3c-8b30-fc71269c054b,2,0.06666666666666667,right_ankle,0.020066187,0.8048008,-0.21710001,21.671481728553772,1545.2175521850586,0.4459577
8e88552d-b240-4b3c-8b30-fc71269c054b,2,0.06666666666666667,left_heel,0.47614112,0.8383073,0.051119696,514.2324149608612,1609.5500564575195,0.43660837
8e88552d-b240-4b3c-8b30-fc71269c054b,2,0.06666666666666667,right_heel,-0.011208341,0.8189281,-0.19912393,-12.105008773505688,1572.3419952392578,0.37101048
8e88552d-b240-4b3c-8b30-fc71269c054b,2,0.06666666666666667,left_foot_index,0.62486863,0.8414289,0.008533447,674.8581218719482,1615.543441772461,0.45417866
8e88552d-b240-4b3c-8b30-fc71269c054b,2,0.06666666666666667,right_foot_index,0.0434869,0.8635968,-0.31048548,46.96585267782211,1658.1058502197266,0.3868776
8e88552d-b240-4b3c-8b30-fc71269c054b,3,0.1,nose,0.5560821,0.52366793,-0.4722849,600.568699836731,1005.4424285888672,0.9999721
8e88552d-b240-4b3c-8b30-fc71269c054b,3,0.1,left_shoulder,0.47021896,0.54472864,-0.10289578,507.83647298812866,1045.8789825439453,0.99994624
8e88552d-b240-4b3c-8b30-fc71269c054b,3,0.1,right_shoulder,0.28345522,0.48943266,-0.49663725,306.1316406726837,939.7107124328613,0.9999862
8e88552d-b240-4b3c-8b30-fc71269c054b,3,0.1,left_elbow,0.3953522,0.6089604,0.12834333,426.98039174079895,1169.2039489746094,0.4926268
8e88552d-b240-4b3c-8b30-fc71269c054b,3,0.1,right_elbow,0.04627645,0.5179756,-0.4621465,49.97856616973877,994.5132064819336,0.99153453
8e88552d-b240-4b3c-8b30-fc71269c054b,3,0.1,left_wrist,0.32696512,0.6471101,0.1412773,353.12233328819275,1242.451400756836,0.4521773
8e88552d-b240-4b3c-8b30-fc71269c054b,3,0.1,right_wrist,0.13259937,0.6105348,-0.37738517,143.20731818675995,1172.226791381836,0.93860507
8e88552d-b240-4b3c-8b30-fc71269c054b,3,0.1,left_hip,0.20107907,0.62832224,0.14890438,217.1653962135315,1206.3787078857422,0.9966977
8e88552d-b240-4b3c-8b30-fc71269c054b,3,0.1,right_hip,0.07491971,0.6216265,-0.14872238,80.91328471899033,1193.5228729248047,0.9983227
8e88552d-b240-4b3c-8b30-fc71269c054b,3,0.1,left_knee,0.4455015,0.6299444,-0.020828046,481.1416268348694,1209.4932174682617,0.5477902
8e88552d-b240-4b3c-8b30-fc71269c054b,3,0.1,right_knee,0.054841552,0.765235,-0.36727205,59.22887608408928,1469.2512130737305,0.8315852
8e88552d-b240-4b3c-8b30-fc71269c054b,3,0.1,left_ankle,0.43900612,0.78837794,-0.046404902,474.1266095638275,1513.685646057129,0.42889524
8e88552d-b240-4b3c-8b30-fc71269c054b,3,0.1,right_ankle,-0.08685832,0.8217188,-0.18322548,-93.80698263645172,1577.7001190185547,0.44704965
8e88552d-b240-4b3c-8b30-fc71269c054b,3,0.1,left_heel,0.4003386,0.81154287,-0.052945945,432.36567735671997,1558.1623077392578,0.43331233
8e88552d-b240-4b3c-8b30-fc71269c054b,3,0.1,right_heel,-0.1115323,0.8224557,-0.17877902,-120.45488476753235,1579.1149520874023,0.38227412
8e88552d-b240-4b3c-8b30-fc71269c054b,3,0.1,left_foot_index,0.55109286,0.83954847,-0.027001731,595.1802921295166,1611.9330596923828,0.43946576
8e88552d-b240-4b3c-8b30-fc71269c054b,3,0.1,right_foot_index,-0.08129953,0.8838663,-0.14132164,-87.8034907579422,1697.0233154296875,0.3878855
8e88552d-b240-4b3c-8b30-fc71269c054b,4,0.13333333333333333,nose,0.54877776,0.52747566,-0.466782,592.679979801178,1012.7532577514648,0.9999602
8e88552d-b240-4b3c-8b30-fc71269c054b,4,0.13333333333333333,left_shoulder,0.469343,0.54483354,-0.08693895,506.89044713974,1046.0803985595703,0.9999271
8e88552d-b240-4b3c-8b30-fc71269c054b,4,0.13333333333333333,right_shoulder,0.2784297,0.49269304,-0.4907257,300.70406198501587,945.970630645752,0.9999832
8e88552d-b240-4b3c-8b30-fc71269c054b,4,0.13333333333333333,left_elbow,0.41424453,0.62359256,0.08930813,447.38409519195557,1197.297706604004,0.48202825
8e88552d-b240-4b3c-8b30-fc71269c054b,4,0.13333333333333333,right_elbow,0.04632986,0.531535,-0.4836946,50.03624841570854,1020.5472564697266,0.99190265
8e88552d-b240-4b3c-8b30-fc71269c054b,4,0.13333333333333333,left_wrist,0.33707806,0.68158424,-0.023276627,364.04430985450745,1308.6417388916016,0.4477087
8e88552d-b240-4b3c-8b30-fc71269c054b,4,0.13333333333333333,right_wrist,0.14073324,0.61103684,-0.38103184,151.99190139770508,1173.1907272338867,0.9412251
8e88552d-b240-4b3c-8b30-fc71269c054b,4,0.13333333333333333,left_hip,0.2226606,0.62888026,0.14986275,240.4734492301941,1207.4501037597656,0.99587893
8e88552d-b240-4b3c-8b30-fc71269c054b,4,0.13333333333333333,right_hip,0.0787599,0.6240515,-0.1497192,85.06069332361221,1198.1789016723633,0.9980159
8e88552d-b240-4b3c-8b30-fc71269c054b,4,0.13333333333333333,left_knee,0.44393304,0.63641936,-0.077594504,479.447683095932,1221.925163269043,0.5361712
8e88552d-b240-4b3c-8b30-fc71269c054b,4,0.13333333333333333,right_knee,0.059718605,0.7793736,-0.31795195,64.49609354138374,1496.3972854614258,0.8400382
8e88552d-b240-4b3c-8b30-fc71269c054b,4,0.13333333333333333,left_ankle,0.36636057,0.7638069,-0.19753696,395.6694209575653,1466.5092086791992,0.41290084
8e88552d-b240-4b3c-8b30-fc71269c054b,4,0.13333333333333333,right_ankle,-0.0678477,0.8253358,-0.1884509,-73.27551484107971,1584.6447372436523,0.45055947
8e88552d-b240-4b3c-8b30-fc71269c054b,4,0.13333333333333333,left_heel,0.32738283,0.7824524,-0.21620111,353.57345938682556,1502.3086166381836,0.42985708
8e88552d-b240-4b3c-8b30-fc71269c054b,4,0.13333333333333333,right_heel,-0.09887941,0.821876,-0.17564493,-106.78976476192474,1578.0018997192383,0.3967597
8e88552d-b240-4b3c-8b30-fc71269c054b,4,0.13333333333333333,left_foot_index,0.47872338,0.81461424,-0.23946406,517.0212471485138,1564.0593338012695,0.4319357
8e88552d-b240-4b3c-8b30-fc71269c054b,4,0.13333333333333333,right_foot_index,-0.043314386,0.8873808,-0.24348085,-46.77953705191612,1703.771095275879,0.39328462
8e88552d-b240-4b3c-8b30-fc71269c054b,5,0.16666666666666666,nose,0.5461951,0.53595275,-0.52070576,589.8906970024109,1029.0292739868164,0.9957351
8e88552d-b240-4b3c-8b30-fc71269c054b,5,0.16666666666666666,left_shoulder,0.4697915,0.54466766,-0.18327144,507.3748219013214,1045.7619094848633,0.9996373
8e88552d-b240-4b3c-8b30-fc71269c054b,5,0.16666666666666666,right_shoulder,0.27427474,0.5076131,-0.49651885,296.2167155742645,974.6171951293945,0.9978228
8e88552d-b240-4b3c-8b30-fc71269c054b,5,0.16666666666666666,left_elbow,0.4091998,0.6170693,0.06616836,441.93578839302063,1184.773063659668,0.46022606
8e88552d-b240-4b3c-8b30-fc71269c054b,5,0.16666666666666666,right_elbow,0.046392363,0.56029916,-0.42045936,50.10375156998634,1075.7743835449219,0.98509926
8e88552d-b240-4b3c-8b30-fc71269c054b,5,0.16666666666666666,left_wrist,0.3508266,0.6809409,0.047717303,378.8927185535431,1307.4065780639648,0.41864482
8e88552d-b240-4b3c-8b30-fc71269c054b,5,0.16666666666666666,right_wrist,0.14378548,0.6265308,-0.28723112,155.28831481933594,1202.9391860961914,0.9093923
8e88552d-b240-4b3c-8b30-fc71269c054b,5,0.16666666666666666,left_hip,0.22882752,0.6315743,0.098062806,247.1337229013443,1212.6226043701172,0.9895654
8e88552d-b240-4b3c-8b30-fc71269c054b,5,0.16666666666666666,right_hip,0.09319366,0.6253561,-0.09770264,100.64915031194687,1200.6836700439453,0.9662021
8e88552d-b240-4b3c-8b30-fc71269c054b,5,0.16666666666666666,left_knee,0.2018648,0.7778062,-0.0989288,218.01397740840912,1493.3879470825195,0.53876257
8e88552d-b240-4b3c-8b30-fc71269c054b,5,0.16666666666666666,right_knee,0.10952625,0.77084696,-0.27112737,118.28834652900696,1480.0261688232422,0.7863362
8e88552d-b240-4b3c-8b30-fc71269c054b,5,0.16666666666666666,left_ankle,0.0002464763,0.87858903,-0.13261087,0.2661943982820958,1686.8909454345703,0.41592202
8e88552d-b240-4b3c-8b30-fc71269c054b,5,0.16666666666666666,right_ankle,0.20960279,0.80158645,-0.077873126,226.37101113796234,1539.0459823608398,0.4084802
8e88552d-b240-4b3c-8b30-fc71269c054b,5,0.16666666666666666,left_heel,-0.03572254,0.8768298,-0.16811828,-38.580341935157776,1683.5132217407227,0.41754237
8e88552d-b240-4b3c-8b30-fc71269c054b,5,0.16666666666666666,right_heel,0.23647183,0.8003843,-0.07686932,255.38957834243774,1536.7378234863281,0.36248785
8e88552d-b240-4b3c-8b30-fc71269c054b,5,0.16666666666666666,left_foot_index,-0.025101997,0.9363386,-0.20486316,-27.11015671491623,1797.770118713379,0.42026678
8e88552d-b240-4b3c-8b30-fc71269c054b,5,0.16666666666666666,right_foot_index,0.24569276,0.84779805,-0.035665605,265.34818053245544,1627.7722549438477,0.35841134
8e88552d-b240-4b3c-8b30-fc71269c054b,6,0.2,nose,0.540606,0.543807,-0.6872927,583.8545036315918,1044.1094970703125,0.9960781
8e88552d-b240-4b3c-8b30-fc71269c054b,6,0.2,left_shoulder,0.46993878,0.5496093,-0.3125679,507.5338876247406,1055.2498626708984,0.9996572
8e88552d-b240-4b3c-8b30-fc71269c054b,6,0.2,right_shoulder,0.27297744,0.5236305,-0.6757744,294.81563687324524,1005.3705596923828,0.99798936
8e88552d-b240-4b3c-8b30-fc71269c054b,6,0.2,left_elbow,0.40236223,0.6177662,-0.03471301,434.5512056350708,1186.1111068725586,0.47555387
8e88552d-b240-4b3c-8b30-fc71269c054b,6,0.2,right_elbow,0.06884001,0.59299874,-0.62883335,74.34721291065216,1138.5575866699219,0.9832639
8e88552d-b240-4b3c-8b30-fc71269c054b,6,0.2,left_wrist,0.36370233,0.6890455,-0.015561835,392.798513174057,1322.9673385620117,0.44690904
8e88552d-b240-4b3c-8b30-fc71269c054b,6,0.2,right_wrist,0.16700271,0.67567414,-0.53751594,180.36292433738708,1297.2943496704102,0.90123916
8e88552d-b240-4b3c-8b30-fc71269c054b,6,0.2,left_hip,0.22157134,0.64227974,0.111449644,239.2970484495163,1233.1771087646484,0.9876835
8e88552d-b240-4b3c-8b30-fc71269c054b,6,0.2,right_hip,0.10261556,0.63395333,-0.11118474,110.8248022198677,1217.1903991699219,0.96823514
8e88552d-b240-4b3c-8b30-fc71269c054b,6,0.2,left_knee,0.31152815,0.7532291,-0.027888725,336.45039796829224,1446.199836730957,0.5179783
8e88552d-b240-4b3c-8b30-fc71269c054b,6,0.2,right_knee,0.11203724,0.7895755,-0.25532472,121.00022077560425,1515.984992980957,0.7887635
8e88552d-b240-4b3c-8b30-fc71269c054b,6,0.2,left_ankle,0.23323935,0.8118185,0.29760846,251.89850091934204,1558.6914825439453,0.38621753
8e88552d-b240-4b3c-8b30-fc71269c054b,6,0.2,right_ankle,0.011311031,0.9025072,-0.093000084,12.21591342240572,1732.8137969970703,0.43076804
8e88552d-b240-4b3c-8b30-fc71269c054b,6,0.2,left_heel,0.20627949,0.80173194,0.32320195,222.78184533119202,1539.3253326416016,0.3921318
8e88552d-b240-4b3c-8b30-fc71269c054b,6,0.2,right_heel,0.00951249,0.9186799,-0.07966163,10.273488834500313,1763.8653945922852,0.379221
8e88552d-b240-4b3c-8b30-fc71269c054b,6,0.2,left_foot_index,0.23351523,0.90125436,0.3249507,252.19645142555237,1730.4083633422852,0.3916215
8e88552d-b240-4b3c-8b30-fc71269c054b,6,0.2,right_foot_index,-0.0065443376,0.9434261,-0.16768566,-7.067884616553783,1811.378059387207,0.37662506
8e88552d-b240-4b3c-8b30-fc71269c054b,7,0.23333333333333334,nose,0.53070325,0.5484224,-0.6720418,573.1595063209534,1052.9710006713867,0.99641424
8e88552d-b240-4b3c-8b30-fc71269c054b,7,0.23333333333333334,left_shoulder,0.46842417,0.560581,-0.2959758,505.89810490608215,1076.315574645996,0.99968094
8e88552d-b240-4b3c-8b30-fc71269c054b,7,0.23333333333333334,right_shoulder,0.26687825,0.5396632,-0.6560924,288.22850704193115,1036.153335571289,0.9981148
8e88552d-b240-4b3c-8b30-fc71269c054b,7,0.23333333333333334,left_elbow,0.3986728,0.6418383,-0.08660248,430.5666124820709,1232.3295593261719,0.50529593
8e88552d-b240-4b3c-8b30-fc71269c054b,7,0.23333333333333334,right_elbow,0.10789485,0.62775093,-0.6144011,116.52644097805023,1205.2817916870117,0.9813967
8e88552d-b240-4b3c-8b30-fc71269c054b,7,0.23333333333333334,left_wrist,0.3570452,0.73604006,-0.089419335,385.6088197231293,1413.196907043457,0.48758936
8e88552d-b240-4b3c-8b30-fc71269c054b,7,0.23333333333333334,right_wrist,0.1775429,0.73411316,-0.52438587,191.74632668495178,1409.4972610473633,0.89543176
8e88552d-b240-4b3c-8b30-fc71269c054b,7,0.23333333333333334,left_hip,0.21744086,0.65712255,0.11710611,234.83612716197968,1261.6753005981445,0.9866585
8e88552d-b240-4b3c-8b30-fc71269c054b,7,0.23333333333333334,right_hip,0.10018247,0.6474321,-0.11689726,108.19707155227661,1243.0696105957031,0.9700905
8e88552d-b240-4b3c-8b30-fc71269c054b,7,0.23333333333333334,left_knee,0.34798124,0.7655357,-0.019590471,375.81974387168884,1469.8285675048828,0.49120396
8e88552d-b240-4b3c-8b30-fc71269c054b,7,0.23333333333333334,right_knee,0.1177117,0.7999939,-0.28451505,127.12863653898239,1535.9882354736328,0.7790101
8e88552d-b240-4b3c-8b30-fc71269c054b,7,0.23333333333333334,left_ankle,0.23248985,0.80830425,0.20482522,251.08904242515564,1551.9441604614258,0.35638845
8e88552d-b240-4b3c-8b30-fc71269c054b,7,0.23333333333333334,right_ankle,-0.038747128,0.90489197,-0.13553482,-41.84689834713936,1737.392578125,0.42936242
8e88552d-b240-4b3c-8b30-fc71269c054b,7,0.23333333333333334,left_heel,0.20160402,0.80214596,0.22230916,217.7323454618454,1540.1202392578125,0.36521232
8e88552d-b240-4b3c-8b30-fc71269c054b,7,0.23333333333333334,right_heel,-0.07115402,0.90882045,-0.11914588,-76.84634238481522,1744.9352645874023,0.37836742
8e88552d-b240-4b3c-8b30-fc71269c054b,7,0.23333333333333334,left_foot_index,0.22806452,0.87667626,0.2366564,246.30968391895294,1683.2184219360352,0.36343595
8e88552d-b240-4b3c-8b30-fc71269c054b,7,0.23333333333333334,right_foot_index,-0.02627681,0.9514608,-0.1791728,-28.378954902291298,1826.8046951293945,0.37883013
8e88552d-b240-4b3c-8b30-fc71269c054b,8,0.26666666666666666,nose,0.52676463,0.54989254,-0.8424482,568.9058017730713,1055.793685913086,0.99676114
8e88552d-b240-4b3c-8b30-fc71269c054b,8,0.26666666666666666,left_shoulder,0.46647242,0.5587195,-0.4638599,503.7902104854584,1072.741470336914,0.9997054
8e88552d-b240-4b3c-8b30-fc71269c054b,8,0.26666666666666666,right_shoulder,0.26152286,0.5619375,-0.8162065,282.44468808174133,1078.920021057129,0.9982774
8e88552d-b240-4b3c-8b30-fc71269c054b,8,0.26666666666666666,left_elbow,0.39713198,0.64594454,-0.2569945,428.9025378227234,1240.213508605957,0.51854277
8e88552d-b240-4b3c-8b30-fc71269c054b,8,0.26666666666666666,right_elbow,0.16243102,0.6635294,-0.76029515,175.42549788951874,1273.9764404296875,0.98121005
8e88552d-b240-4b3c-8b30-fc71269c054b,8,0.26666666666666666,left_wrist,0.37198815,0.7415781,-0.28473383,401.7471992969513,1423.8299560546875,0.520769
8e88552d-b240-4b3c-8b30-fc71269c054b,8,0.26666666666666666,right_wrist,0.21496168,0.76191413,-0.69292784,232.15861201286316,1462.8751373291016,0.8985907
8e88552d-b240-4b3c-8b30-fc71269c054b,8,0.26666666666666666,left_hip,0.23276573,0.6449683,0.11982464,251.38699293136597,1238.3390808105469,0.98738205
8e88552d-b240-4b3c-8b30-fc71269c054b,8,0.26666666666666666,right_hip,0.11916887,0.6475089,-0.11971414,128.70237976312637,1243.2171249389648,0.9728786
8e88552d-b240-4b3c-8b30-fc71269c054b,8,0.26666666666666666,left_knee,0.4534603,0.7114391,0.09120072,489.7371304035187,1365.963020324707,0.4764424
8e88552d-b240-4b3c-8b30-fc71269c054b,8,0.26666666666666666,right_knee,0.12563065,0.8043861,-0.2245857,135.6810986995697,1544.421272277832,0.7947585
8e88552d-b240-4b3c-8b30-fc71269c054b,8,0.26666666666666666,left_ankle,0.2658042,0.74646884,0.4110924,287.0685374736786,1433.2201766967773,0.34450176
8e88552d-b240-4b3c-8b30-fc71269c054b,8,0.26666666666666666,right_ankle,-0.019268064,0.90602916,0.038000386,-20.809508934617043,1739.5759963989258,0.4735359
8e88552d-b240-4b3c-8b30-fc71269c054b,8,0.26666666666666666,left_heel,0.27378455,0.74195987,0.4401713,295.6873118877411,1424.5629501342773,0.35238793
8e88552d-b240-4b3c-8b30-fc71269c054b,8,0.26666666666666666,right_heel,-0.050136264,0.9076049,0.06546131,-54.147165566682816,1742.6013565063477,0.41534692
8e88552d-b240-4b3c-8b30-fc71269c054b,8,0.26666666666666666,left_foot_index,0.34251833,0.80489475,0.47476998,369.91979598999023,1545.3979110717773,0.35595736
8e88552d-b240-4b3c-8b30-fc71269c054b,8,0.26666666666666666,right_foot_index,0.0026031514,0.9559317,0.010648846,2.8114034794270992,1835.3889083862305,0.42495412
8e88552d-b240-4b3c-8b30-fc71269c054b,9,0.3,nose,0.5284095,0.549439,-0.8611725,570.6822395324707,1054.9229049682617,0.9970776
8e88552d-b240-4b3c-8b30-fc71269c054b,9,0.3,left_shoulder,0.4635852,0.5539267,-0.47713086,500.67201375961304,1063.5392761230469,0.9997225
8e88552d-b240-4b3c-8b30-fc71269c054b,9,0.3,right_shoulder,0.26350638,0.57286453,-0.84893316,284.5868933200836,1099.89990234375,0.9984051
8e88552d-b240-4b3c-8b30-fc71269c054b,9,0.3,left_elbow,0.4091574,0.6424387,-0.30420893,441.8899869918823,1233.482322692871,0.5329404
8e88552d-b240-4b3c-8b30-fc71269c054b,9,0.3,right_elbow,0.22037527,0.6709537,-0.83541054,238.005291223526,1288.231086730957,0.98168665
8e88552d-b240-4b3c-8b30-fc71269c054b,9,0.3,left_wrist,0.4352828,0.7391569,-0.3674434,470.10542035102844,1419.181251525879,0.55004597
8e88552d-b240-4b3c-8b30-fc71269c054b,9,0.3,right_wrist,0.32437882,0.7665083,-0.756188,350.32912373542786,1471.695899963379,0.9028716
8e88552d-b240-4b3c-8b30-fc71269c054b,9,0.3,left_hip,0.251923,0.6263172,0.13104804,272.0768344402313,1202.5290298461914,0.9881727
8e88552d-b240-4b3c-8b30-fc71269c054b,9,0.3,right_hip,0.13820155,0.64655834,-0.13074565,149.25767362117767,1241.3920211791992,0.97542363
8e88552d-b240-4b3c-8b30-fc71269c054b,9,0.3,left_knee,0.50020933,0.6710512,0.05915462,540.2260780334473,1288.418312072754,0.5020528
8e88552d-b240-4b3c-8b30-fc71269c054b,9,0.3,right_knee,0.13277796,0.8006671,-0.20932063,143.40019583702087,1537.2808456420898,0.81273574
8e88552d-b240-4b3c-8b30-fc71269c054b,9,0.3,left_ankle,0.31504962,0.7679704,0.23653983,340.2535879611969,1474.5031356811523,0.3794218
8e88552d-b240-4b3c-8b30-fc71269c054b,9,0.3,right_ankle,-0.03149079,0.89744127,-0.05309177,-34.01005491614342,1723.0872344970703,0.5232955
8e88552d-b240-4b3c-8b30-fc71269c054b,9,0.3,left_heel,0.29729465,0.7744282,0.24916975,321.07821822166443,1486.9021224975586,0.38149536
8e88552d-b240-4b3c-8b30-fc71269c054b,9,0.3,right_heel,-0.06477183,0.90677464,-0.045852143,-69.95357751846313,1741.007308959961,0.46352914
8e88552d-b240-4b3c-8b30-fc71269c054b,9,0.3,left_foot_index,0.36110172,0.81196684,0.2255269,389.98985409736633,1558.9763259887695,0.3905172
8e88552d-b240-4b3c-8b30-fc71269c054b,9,0.3,right_foot_index,0.017399488,0.95627654,-0.17450306,18.791447058320045,1836.0509490966797,0.4775464
8e88552d-b240-4b3c-8b30-fc71269c054b,10,0.3333333333333333,nose,0.54538375,0.5487581,-0.75447637,589.0144515037537,1053.6155319213867,0.9973508
8e88552d-b240-4b3c-8b30-fc71269c054b,10,0.3333333333333333,left_shoulder,0.4620909,0.5404152,-0.42803174,499.05818223953247,1037.5972366333008,0.99972814
8e88552d-b240-4b3c-8b30-fc71269c054b,10,0.3333333333333333,right_shoulder,0.30704394,0.5912021,-0.74391603,331.6074550151825,1135.1079940795898,0.99851763
8e88552d-b240-4b3c-8b30-fc71269c054b,10,0.3333333333333333,left_elbow,0.45688733,0.61909693,-0.21648028,493.438321352005,1188.666114807129,0.52870375
8e88552d-b240-4b3c-8b30-fc71269c054b,10,0.3333333333333333,right_elbow,0.28694326,0.67570436,-0.7194704,309.89871740341187,1297.3523712158203,0.9811669
8e88552d-b240-4b3c-8b30-fc71269c054b,10,0.3333333333333333,left_wrist,0.5157479,0.70831215,-0.27324763,557.007737159729,1359.9593353271484,0.553501
8e88552d-b240-4b3c-8b30-fc71269c054b,10,0.3333333333333333,right_wrist,0.44961467,0.7445115,-0.6577281,485.5838477611542,1429.4620513916016,0.90226716
8e88552d-b240-4b3c-8b30-fc71269c054b,10,0.3333333333333333,left_hip,0.25674427,0.61400616,0.1314588,277.2838068008423,1178.891830444336,0.98881644
8e88552d-b240-4b3c-8b30-fc71269c054b,10,0.3333333333333333,right_hip,0.17428645,0.64926475,-0.13112934,188.2293713092804,1246.5883255004883,0.9777393
8e88552d-b240-4b3c-8b30-fc71269c054b,10,0.3333333333333333,left_knee,0.49628845,0.6538959,0.12684208,535.9915244579315,1255.4801559448242,0.48617393
8e88552d-b240-4b3c-8b30-fc71269c054b,10,0.3333333333333333,right_knee,0.13954285,0.80394816,-0.13539515,150.70627570152283,1543.5804748535156,0.82813174
8e88552d-b240-4b3c-8b30-fc71269c054b,10,0.3333333333333333,left_ankle,0.36540648,0.73275113,0.40113834,394.63900208473206,1406.8821716308594,0.3685609
8e88552d-b240-4b3c-8b30-fc71269c054b,10,0.3333333333333333,right_ankle,-0.016886817,0.891704,0.008078626,-18.237762674689293,1712.0717239379883,0.5671831
8e88552d-b240-4b3c-8b30-fc71269c054b,10,0.3333333333333333,left_heel,0.3344217,0.73697716,0.42550626,361.1754298210144,1414.9961471557617,0.36898538
8e88552d-b240-4b3c-8b30-fc71269c054b,10,0.3333333333333333,right_heel,-0.050399,0.89643943,0.01705918,-54.43092182278633,1721.1637115478516,0.5061768
8e88552d-b240-4b3c-8b30-fc71269c054b,10,0.3333333333333333,left_foot_index,0.38367534,0.7652618,0.4305354,414.36936378479004,1469.3027114868164,0.38336682
8e88552d-b240-4b3c-8b30-fc71269c054b,10,0.3333333333333333,right_foot_index,0.03298684,0.9524499,-0.114084855,35.62578544020653,1828.703842163086,0.5230606
8e88552d-b240-4b3c-8b30-fc71269c054b,11,0.36666666666666664,nose,0.5663011,0.5470656,-0.6799473,611.6051959991455,1050.365982055664,0.9976025
8e88552d-b240-4b3c-8b30-fc71269c054b,11,0.36666666666666664,left_shoulder,0.46224305,0.52485,-0.36331475,499.2224943637848,1007.7120208740234,0.99974495
8e88552d-b240-4b3c-8b30-fc71269c054b,11,0.36666666666666664,right_shoulder,0.35927275,0.5929233,-0.69439864,388.01456809043884,1138.4127044677734,0.99860674
8e88552d-b240-4b3c-8b30-fc71269c054b,11,0.36666666666666664,left_elbow,0.47452122,0.5764959,-0.18553697,512.4829173088074,1106.8721008300781,0.5395702
8e88552d-b240-4b3c-8b30-fc71269c054b,11,0.36666666666666664,right_elbow,0.345479,0.6750243,-0.5284912,373.1173324584961,1296.0466003417969,0.9801186
8e88552d-b240-4b3c-8b30-fc71269c054b,11,0.36666666666666664,left_wrist,0.5538737,0.64649445,-0.14138003,598.1836152076721,1241.2693405151367,0.5808839
8e88552d-b240-4b3c-8b30-fc71269c054b,11,0.36666666666666664,right_wrist,0.51776665,0.7113311,-0.3504467,559.1879868507385,1365.7557678222656,0.90549177
8e88552d-b240-4b3c-8b30-fc71269c054b,11,0.36666666666666664,left_hip,0.26506075,0.6082815,0.13099645,286.26561284065247,1167.9004669189453,0.98962885
8e88552d-b240-4b3c-8b30-fc71269c054b,11,0.36666666666666664,right_hip,0.20118032,0.65057147,-0.13063413,217.27474987506866,1249.0972137451172,0.9798477
8e88552d-b240-4b3c-8b30-fc71269c054b,11,0.36666666666666664,left_knee,0.49738595,0.63961643,0.13517636,537.1768248081207,1228.0635452270508,0.47787485
8e88552d-b240-4b3c-8b30-fc71269c054b,11,0.36666666666666664,right_knee,0.15433209,0.80109674,-0.12556326,166.67865335941315,1538.1057357788086,0.84198815
8e88552d-b240-4b3c-8b30-fc71269c054b,11,0.36666666666666664,left_ankle,0.3937799,0.7122743,0.4209085,425.2822959423065,1367.5666809082031,0.35516632
8e88552d-b240-4b3c-8b30-fc71269c054b,11,0.36666666666666664,right_ankle,-0.008200345,0.8856323,0.0023479557,-8.856372199952602,1700.4139709472656,0.6065082
8e88552d-b240-4b3c-8b30-fc71269c054b,11,0.36666666666666664,left_heel,0.34096843,0.707853,0.44701612,368.2459044456482,1359.0777969360352,0.35660335
8e88552d-b240-4b3c-8b30-fc71269c054b,11,0.36666666666666664,right_heel,-0.03322398,0.8938121,0.0146241775,-35.88189750909805,1716.119270324707,0.5470501
8e88552d-b240-4b3c-8b30-fc71269c054b,11,0.36666666666666664,left_foot_index,0.4107188,0.7460821,0.4659076,443.57630252838135,1432.477684020996,0.37584585
8e88552d-b240-4b3c-8b30-fc71269c054b,11,0.36666666666666664,right_foot_index,0.033850554,0.94417447,-0.10822163,36.55859872698784,1812.8149795532227,0.5643772
8e88552d-b240-4b3c-8b30-fc71269c054b,12,0.4,nose,0.6137578,0.5300488,-0.60493696,662.8584122657776,1017.6936721801758,0.99781597
8e88552d-b240-4b3c-8b30-fc71269c054b,12,0.4,left_shoulder,0.47419915,0.5046599,-0.3372625,512.13507771492,968.9469909667969,0.9996996
8e88552d-b240-4b3c-8b30-fc71269c054b,12,0.4,right_shoulder,0.42497227,0.58365756,-0.6720109,458.9700472354889,1120.6225204467773,0.9986268
8e88552d-b240-4b3c-8b30-fc71269c054b,12,0.4,left_elbow,0.49183965,0.5428669,-0.06488914,531.1868190765381,1042.3044204711914,0.5154304
8e88552d-b240-4b3c-8b30-fc71269c054b,12,0.4,right_elbow,0.44111452,0.6699565,-0.50583637,476.4036762714386,1286.3164901733398,0.97829926
8e88552d-b240-4b3c-8b30-fc71269c054b,12,0.4,left_wrist,0.5787789,0.6058738,-0.005286007,625.0812363624573,1163.2777404785156,0.5614732
8e88552d-b240-4b3c-8b30-fc71269c054b,12,0.4,right_wrist,0.59462583,0.6552811,-0.28150123,642.195897102356,1258.139762878418,0.90831184
8e88552d-b240-4b3c-8b30-fc71269c054b,12,0.4,left_hip,0.28768292,0.60414463,0.13133647,310.6975543498993,1159.9576950073242,0.9900591
8e88552d-b240-4b3c-8b30-fc71269c054b,12,0.4,right_hip,0.22996542,0.6504173,-0.13098022,248.36265206336975,1248.80126953125,0.9816999
8e88552d-b240-4b3c-8b30-fc71269c054b,12,0.4,left_knee,0.50279593,0.627466,0.10348953,543.019609451294,1204.734764099121,0.47960684
8e88552d-b240-4b3c-8b30-fc71269c054b,12,0.4,right_knee,0.173737,0.7953005,-0.15100187,187.6359647512436,1526.9769287109375,0.8558165
8e88552d-b240-4b3c-8b30-fc71269c054b,12,0.4,left_ankle,0.3902387,0.7004052,0.3658668,421.45779848098755,1344.777946472168,0.34905207
8e88552d-b240-4b3c-8b30-fc71269c054b,12,0.4,right_ankle,-0.0058055157,0.8870753,-0.061716538,-6.269956938922405,1703.184585571289,0.6438522
8e88552d-b240-4b3c-8b30-fc71269c054b,12,0.4,left_heel,0.34761938,0.70769876,0.3921588,375.42893528938293,1358.781623840332,0.34805638
8e88552d-b240-4b3c-8b30-fc71269c054b,12,0.4,right_heel,-0.033437286,0.90006185,-0.05348534,-36.112268418073654,1728.1187438964844,0.58668697
8e88552d-b240-4b3c-8b30-fc71269c054b,12,0.4,left_foot_index,0.4303157,0.7389202,0.40214866,464.74095940589905,1418.726806640625,0.37720338
8e88552d-b240-4b3c-8b30-fc71269c054b,12,0.4,right_foot_index,0.040455557,0.9445778,-0.16635975,43.69200199842453,1813.5894012451172,0.6042878
8e88552d-b240-4b3c-8b30-fc71269c054b,13,0.43333333333333335,nose,0.65053827,0.512977,-0.5178053,702.5813269615173,984.9158477783203,0.99801767
8e88552d-b240-4b3c-8b30-fc71269c054b,13,0.43333333333333335,left_shoulder,0.50779533,0.48554808,-0.27156812,548.4189605712891,932.252311706543,0.9996451
8e88552d-b240-4b3c-8b30-fc71269c054b,13,0.43333333333333335,right_shoulder,0.47343758,0.5769432,-0.5888242,511.31258368492126,1107.7309799194336,0.99869406
8e88552d-b240-4b3c-8b30-fc71269c054b,13,0.43333333333333335,left_elbow,0.5224419,0.5244447,0.028501047,564.237277507782,1006.9338226318359,0.49741405
8e88552d-b240-4b3c-8b30-fc71269c054b,13,0.43333333333333335,right_elbow,0.4621847,0.6620559,-0.4622851,499.1594731807709,1271.147346496582,0.977984
8e88552d-b240-4b3c-8b30-fc71269c054b,13,0.43333333333333335,left_wrist,0.6353737,0.5772008,0.118032955,686.2036085128784,1108.2254791259766,0.54768765
8e88552d-b240-4b3c-8b30-fc71269c054b,13,0.43333333333333335,right_wrist,0.64621466,0.63060516,-0.27517185,697.9118371009827,1210.7619094848633,0.9124235
8e88552d-b240-4b3c-8b30-fc71269c054b,13,0.43333333333333335,left_hip,0.3100324,0.5986734,0.13147083,334.8349893093109,1149.4529342651367,0.9906011
8e88552d-b240-4b3c-8b30-fc71269c054b,13,0.43333333333333335,right_hip,0.25226614,0.64462,-0.13116975,272.447429895401,1237.6704025268555,0.9834296
8e88552d-b240-4b3c-8b30-fc71269c054b,13,0.43333333333333335,left_knee,0.5010999,0.5921732,0.10214139,541.1878752708435,1136.9725799560547,0.47677287
8e88552d-b240-4b3c-8b30-fc71269c054b,13,0.43333333333333335,right_knee,0.18992308,0.7894489,-0.15105419,205.1169240474701,1515.7419204711914,0.8687881
8e88552d-b240-4b3c-8b30-fc71269c054b,13,0.43333333333333335,left_ankle,0.3881158,0.68135643,0.3317262,419.16505694389343,1308.204345703125,0.34586075
8e88552d-b240-4b3c-8b30-fc71269c054b,13,0.43333333333333335,right_ankle,-0.002991944,0.88573974,-0.105177805,-3.231299612671137,1700.6203079223633,0.67824423
8e88552d-b240-4b3c-8b30-fc71269c054b,13,0.43333333333333335,left_heel,0.34751728,0.6991341,0.35298675,375.31866431236267,1342.3374938964844,0.3455251
8e88552d-b240-4b3c-8b30-fc71269c054b,13,0.43333333333333335,right_heel,-0.043637335,0.8987281,-0.10162279,-47.1283221244812,1725.5578994750977,0.62450916
8e88552d-b240-4b3c-8b30-fc71269c054b,13,0.43333333333333335,left_foot_index,0.43829837,0.72451425,0.36846405,473.3622443675995,1391.0673522949219,0.38316348
8e88552d-b240-4b3c-8b30-fc71269c054b,13,0.43333333333333335,right_foot_index,0.039993417,0.9412912,-0.21229076,43.19288983941078,1807.2791290283203,0.6414401
8e88552d-b240-4b3c-8b30-fc71269c054b,14,0.4666666666666667,nose,0.7019958,0.48558903,-0.39680666,758.1554532051086,932.3309326171875,0.99816406
8e88552d-b240-4b3c-8b30-fc71269c054b,14,0.4666666666666667,left_shoulder,0.54702944,0.47062728,-0.13850355,590.7917904853821,903.6043739318848,0.9993797
8e88552d-b240-4b3c-8b30-fc71269c054b,14,0.4666666666666667,right_shoulder,0.54026556,0.56173986,-0.5084007,583.4868049621582,1078.5405349731445,0.99869305
8e88552d-b240-4b3c-8b30-fc71269c054b,14,0.4666666666666667,left_elbow,0.54267454,0.49137673,0.24200279,586.0885047912598,943.4433174133301,0.46216407
8e88552d-b240-4b3c-8b30-fc71269c054b,14,0.4666666666666667,right_elbow,0.51473033,0.6520576,-0.34726503,555.9087610244751,1251.950569152832,0.97390175
8e88552d-b240-4b3c-8b30-fc71269c054b,14,0.4666666666666667,left_wrist,0.6729737,0.53662765,0.53951097,726.8115878105164,1030.3250885009766,0.51300186
8e88552d-b240-4b3c-8b30-fc71269c054b,14,0.4666666666666667,right_wrist,0.677687,0.6101955,-0.05581312,731.9019484519958,1171.5753936767578,0.91056895
8e88552d-b240-4b3c-8b30-fc71269c054b,14,0.4666666666666667,left_hip,0.32882833,0.5991992,0.13166629,355.1346015930176,1150.462417602539,0.9907195
8e88552d-b240-4b3c-8b30-fc71269c054b,14,0.4666666666666667,right_hip,0.30290535,0.6430181,-0.13134377,327.13777899742126,1234.5948028564453,0.98485506
8e88552d-b240-4b3c-8b30-fc71269c054b,14,0.4666666666666667,left_knee,0.5032733,0.58783877,0.102248244,543.5351729393005,1128.6504364013672,0.4765215
8e88552d-b240-4b3c-8b30-fc71269c054b,14,0.4666666666666667,right_knee,0.20623457,0.77691436,-0.07839537,222.7333402633667,1491.6755676269531,0.87725925
8e88552d-b240-4b3c-8b30-fc71269c054b,14,0.4666666666666667,left_ankle,0.37526402,0.6964343,0.31076545,405.2851402759552,1337.1538925170898,0.34543476
8e88552d-b240-4b3c-8b30-fc71269c054b,14,0.4666666666666667,right_ankle,0.0032933434,0.88498175,-0.023278432,3.556810822337866,1699.1649627685547,0.70774287
8e88552d-b240-4b3c-8b30-fc71269c054b,14,0.4666666666666667,left_heel,0.33764136,0.7130589,0.33191913,364.65266704559326,1369.0730667114258,0.35342622
8e88552d-b240-4b3c-8b30-fc71269c054b,14,0.4666666666666667,right_heel,-0.039586306,0.89281535,-0.018706711,-42.75321006774902,1714.2054748535156,0.65646785
8e88552d-b240-4b3c-8b30-fc71269c054b,14,0.4666666666666667,left_foot_index,0.43571556,0.7355696,0.3204278,470.5728006362915,1412.2936248779297,0.39186826
8e88552d-b240-4b3c-8b30-fc71269c054b,14,0.4666666666666667,right_foot_index,0.036350597,0.9382188,-0.12608747,39.25864443182945,1801.3800430297852,0.6726121
8e88552d-b240-4b3c-8b30-fc71269c054b,15,0.5,nose,0.72605604,0.4672229,-0.21170898,784.140522480011,897.0679664611816,0.99831617
8e88552d-b240-4b3c-8b30-fc71269c054b,15,0.5,left_shoulder,0.5681746,0.45076266,-0.07062304,613.628568649292,865.4643058776855,0.99935776
8e88552d-b240-4b3c-8b30-fc71269c054b,15,0.5,right_shoulder,0.5779099,0.53741354,-0.50807166,624.1426777839661,1031.8339920043945,0.99880475
8e88552d-b240-4b3c-8b30-fc71269c054b,15,0.5,left_elbow,0.5896643,0.47201592,0.3508465,636.8374228477478,906.2705612182617,0.431802
8e88552d-b240-4b3c-8b30-fc71269c054b,15,0.5,right_elbow,0.5542634,0.6279594,-0.2967925,598.604485988617,1205.6819915771484,0.968926
8e88552d-b240-4b3c-8b30-fc71269c054b,15,0.5,left_wrist,0.7250942,0.51397145,0.70475155,783.1017351150513,986.8251800537109,0.4804284
8e88552d-b240-4b3c-8b30-fc71269c054b,15,0.5,right_wrist,0.68371135,0.60224456,0.12728631,738.4082579612732,1156.3095474243164,0.8993123
8e88552d-b240-4b3c-8b30-fc71269c054b,15,0.5,left_hip,0.35851547,0.58944565,0.14587091,387.1967089176178,1131.7356491088867,0.99134254
8e88552d-b240-4b3c-8b30-fc71269c054b,15,0.5,right_hip,0.34971425,0.6321629,-0.14571857,377.6913893222809,1213.7528228759766,0.9863159
8e88552d-b240-4b3c-8b30-fc71269c054b,15,0.5,left_knee,0.50614655,0.6053808,0.40171984,546.6382741928101,1162.3310852050781,0.45992443
8e88552d-b240-4b3c-8b30-fc71269c054b,15,0.5,right_knee,0.24983178,0.7647005,-0.11269234,269.81832325458527,1468.2249069213867,0.88032883
8e88552d-b240-4b3c-8b30-fc71269c054b,15,0.5,left_ankle,0.37500626,0.7110312,0.7456541,405.00675916671753,1365.1799011230469,0.3342037
8e88552d-b240-4b3c-8b30-fc71269c054b,15,0.5,right_ankle,0.015113276,0.859584,-0.045750465,16.322338543832302,1650.4012298583984,0.73046374
8e88552d-b240-4b3c-8b30-fc71269c054b,15,0.5,left_heel,0.375403,0.7260875,0.77845186,405.43522596359253,1394.088020324707,0.34752083
8e88552d-b240-4b3c-8b30-fc71269c054b,15,0.5,right_heel,-0.037438594,0.8606352,-0.04105278,-40.433681309223175,1652.4196243286133,0.6791767
8e88552d-b240-4b3c-8b30-fc71269c054b,15,0.5,left_foot_index,0.43031773,0.7478437,0.82459015,464.7431480884552,1435.8598709106445,0.38188672
8e88552d-b240-4b3c-8b30-fc71269c054b,15,0.5,right_foot_index,0.03686493,0.9189293,-0.14959648,39.81412321329117,1764.3442153930664,0.69315064
8e88552d-b240-4b3c-8b30-fc71269c054b,16,0.5333333333333333,nose,0.74496824,0.45602068,-0.08571853,804.5656943321228,875.5597114562988,0.9984651
8e88552d-b240-4b3c-8b30-fc71269c054b,16,0.5333333333333333,left_shoulder,0.5747922,0.44634467,0.07803578,620.7755827903748,856.9817733764648,0.9993502
8e88552d-b240-4b3c-8b30-fc71269c054b,16,0.5333333333333333,right_shoulder,0.60428715,0.51862276,-0.4240046,652.6301193237305,995.7556915283203,0.9989094
8e88552d-b240-4b3c-8b30-fc71269c054b,16,0.5333333333333333,left_elbow,0.59944713,0.48715356,0.41523898,647.4029016494751,935.3348350524902,0.39892054
8e88552d-b240-4b3c-8b30-fc71269c054b,16,0.5333333333333333,right_elbow,0.55115825,0.60741585,-0.23466682,595.2509093284607,1166.2384414672852,0.958068
8e88552d-b240-4b3c-8b30-fc71269c054b,16,0.5333333333333333,left_wrist,0.74276954,0.5135458,0.64786214,802.1911025047302,986.0079574584961,0.44338194
8e88552d-b240-4b3c-8b30-fc71269c054b,16,0.5333333333333333,right_wrist,0.6738471,0.5932331,0.18781628,727.7548456192017,1139.007568359375,0.8763776
8e88552d-b240-4b3c-8b30-fc71269c054b,16,0.5333333333333333,left_hip,0.3738277,0.5812147,0.17102228,403.7339115142822,1115.932273864746,0.9917614
8e88552d-b240-4b3c-8b30-fc71269c054b,16,0.5333333333333333,right_hip,0.38311413,0.6198756,-0.17087339,413.76325964927673,1190.1611709594727,0.98761266
8e88552d-b240-4b3c-8b30-fc71269c054b,16,0.5333333333333333,left_knee,0.50087994,0.6284115,0.4125307,540.9503388404846,1206.5500259399414,0.4383057
8e88552d-b240-4b3c-8b30-fc71269c054b,16,0.5333333333333333,right_knee,0.31439817,0.75695336,-0.22189598,339.55002307891846,1453.3504486083984,0.8835205
8e88552d-b240-4b3c-8b30-fc71269c054b,16,0.5333333333333333,left_ankle,0.36901993,0.713067,0.7136489,398.5415196418762,1369.0886306762695,0.32258353
8e88552d-b240-4b3c-8b30-fc71269c054b,16,0.5333333333333333,right_ankle,0.06511035,0.82771283,-0.24142705,70.31917601823807,1589.208641052246,0.7472215
8e88552d-b240-4b3c-8b30-fc71269c054b,16,0.5333333333333333,left_heel,0.3460999,0.7301522,0.7407388,373.78790616989136,1401.892204284668,0.33906144
8e88552d-b240-4b3c-8b30-fc71269c054b,16,0.5333333333333333,right_heel,-0.0002567445,0.8253164,-0.2421157,-0.2772840647958219,1584.6075439453125,0.69295216
8e88552d-b240-4b3c-8b30-fc71269c054b,16,0.5333333333333333,left_foot_index,0.41211334,0.7555121,0.7859346,445.08240580558777,1450.583267211914,0.36943775
8e88552d-b240-4b3c-8b30-fc71269c054b,16,0.5333333333333333,right_foot_index,0.049540833,0.89941543,-0.33642352,53.50409924983978,1726.8776321411133,0.7052181
8e88552d-b240-4b3c-8b30-fc71269c054b,17,0.5666666666666667,nose,0.7486188,0.44630906,-0.029892031,808.5082840919495,856.9133949279785,0.9986111
8e88552d-b240-4b3c-8b30-fc71269c054b,17,0.5666666666666667,left_shoulder,0.5913366,0.44543827,0.14861669,638.643536567688,855.2414703369141,0.99936104
8e88552d-b240-4b3c-8b30-fc71269c054b,17,0.5666666666666667,right_shoulder,0.6214752,0.5034643,-0.36529642,671.1932373046875,966.6514205932617,0.999003
8e88552d-b240-4b3c-8b30-fc71269c054b,17,0.5666666666666667,left_elbow,0.60738486,0.5006753,0.3641509,655.975649356842,961.2966156005859,0.3697265
8e88552d-b240-4b3c-8b30-fc71269c054b,17,0.5666666666666667,right_elbow,0.5539611,0.59411675,-0.21468122,598.2779860496521,1140.7041549682617,0.948434
8e88552d-b240-4b3c-8b30-fc71269c054b,17,0.5666666666666667,left_wrist,0.7634976,0.5233216,0.4625198,824.5773983001709,1004.7775268554688,0.41749662
8e88552d-b240-4b3c-8b30-fc71269c054b,17,0.5666666666666667,right_wrist,0.651549,0.5933395,0.13995375,703.6729001998901,1139.2118453979492,0.85999465
8e88552d-b240-4b3c-8b30-fc71269c054b,17,0.5666666666666667,left_hip,0.39105353,0.575752,0.18132882,422.3378098011017,1105.4438781738281,0.9920801
8e88552d-b240-4b3c-8b30-fc71269c054b,17,0.5666666666666667,right_hip,0.40060952,0.6100349,-0.18099333,432.65828490257263,1171.266975402832,0.9887575
8e88552d-b240-4b3c-8b30-fc71269c054b,17,0.5666666666666667,left_knee,0.49709183,0.65140706,0.43113872,536.859176158905,1250.701560974121,0.42805442
8e88552d-b240-4b3c-8b30-fc71269c054b,17,0.5666666666666667,right_knee,0.37017956,0.75023437,-0.26701492,399.79392886161804,1440.4499816894531,0.8915942
8e88552d-b240-4b3c-8b30-fc71269c054b,17,0.5666666666666667,left_ankle,0.3578461,0.7185298,0.7125992,386.47379994392395,1379.5772552490234,0.3288575
8e88552d-b240-4b3c-8b30-fc71269c054b,17,0.5666666666666667,right_ankle,0.11596432,0.79549384,-0.26270565,125.24146914482117,1527.3481750488281,0.7684726
8e88552d-b240-4b3c-8b30-fc71269c054b,17,0.5666666666666667,left_heel,0.32207626,0.7317923,0.73805183,347.84236192703247,1405.041160583496,0.3446527
8e88552d-b240-4b3c-8b30-fc71269c054b,17,0.5666666666666667,right_heel,0.05033728,0.7833004,-0.25718918,54.36426356434822,1503.936767578125,0.7126235
8e88552d-b240-4b3c-8b30-fc71269c054b,17,0.5666666666666667,left_foot_index,0.37994555,0.7632392,0.7983477,410.3411900997162,1465.4192733764648,0.37585083
8e88552d-b240-4b3c-8b30-fc71269c054b,17,0.5666666666666667,right_foot_index,0.0728004,0.8622681,-0.30217248,78.62442970275879,1655.5547332763672,0.726665
8e88552d-b240-4b3c-8b30-fc71269c054b,18,0.6,nose,0.75823504,0.438696,-0.2272594,818.8938403129578,842.296314239502,0.9987465
8e88552d-b240-4b3c-8b30-fc71269c054b,18,0.6,left_shoulder,0.59756,0.44302565,0.028325083,645.3647875785828,850.609245300293,0.9993679
8e88552d-b240-4b3c-8b30-fc71269c054b,18,0.6,right_shoulder,0.6283606,0.4989834,-0.44624892,678.6294794082642,958.048152923584,0.9990728
8e88552d-b240-4b3c-8b30-fc71269c054b,18,0.6,left_elbow,0.60376734,0.5009757,0.27425742,652.0687222480774,961.8733978271484,0.35268065
8e88552d-b240-4b3c-8b30-fc71269c054b,18,0.6,right_elbow,0.54908514,0.58426434,-0.30673534,593.0119514465332,1121.7875289916992,0.947367
8e88552d-b240-4b3c-8b30-fc71269c054b,18,0.6,left_wrist,0.76831144,0.5267953,0.3878935,829.7763562202454,1011.4470291137695,0.4135459
8e88552d-b240-4b3c-8b30-fc71269c054b,18,0.6,right_wrist,0.6219543,0.5946239,0.010062927,671.7106676101685,1141.6779327392578,0.85845155
8e88552d-b240-4b3c-8b30-fc71269c054b,18,0.6,left_hip,0.38513133,0.5693539,0.17852502,415.94183564186096,1093.1594467163086,0.99243957
8e88552d-b240-4b3c-8b30-fc71269c054b,18,0.6,right_hip,0.42339954,0.6061899,-0.17812446,457.27150082588196,1163.884620666504,0.9898013
8e88552d-b240-4b3c-8b30-fc71269c054b,18,0.6,left_knee,0.42747977,0.66629136,0.4410454,461.6781556606293,1279.2794036865234,0.43559918
8e88552d-b240-4b3c-8b30-fc71269c054b,18,0.6,right_knee,0.42933482,0.74273676,-0.25860488,463.68160486221313,1426.054573059082,0.90100414
8e88552d-b240-4b3c-8b30-fc71269c054b,18,0.6,left_ankle,0.3006375,0.7216809,0.7402432,324.6885144710541,1385.6272888183594,0.35512108
8e88552d-b240-4b3c-8b30-fc71269c054b,18,0.6,right_ankle,0.17686306,0.7751322,-0.2183175,191.01210415363312,1488.2537841796875,0.790355
8e88552d-b240-4b3c-8b30-fc71269c054b,18,0.6,left_heel,0.26631317,0.72624743,0.7696206,287.6182186603546,1394.3950653076172,0.3633156
8e88552d-b240-4b3c-8b30-fc71269c054b,18,0.6,right_heel,0.11982582,0.76009154,-0.20834991,129.4118830561638,1459.3757629394531,0.7357174
8e88552d-b240-4b3c-8b30-fc71269c054b,18,0.6,left_foot_index,0.3140496,0.7639123,0.8335047,339.17356967926025,1466.711654663086,0.40384007
8e88552d-b240-4b3c-8b30-fc71269c054b,18,0.6,right_foot_index,0.1227917,0.8313719,-0.2623941,132.61503607034683,1596.2340545654297,0.7514058
8e88552d-b240-4b3c-8b30-fc71269c054b,19,0.6333333333333333,nose,0.754087,0.43213975,-0.16049461,814.4139289855957,829.7083282470703,0.99886525
8e88552d-b240-4b3c-8b30-fc71269c054b,19,0.6333333333333333,left_shoulder,0.6041315,0.4410346,0.10896097,652.4620413780212,846.7864036560059,0.99938047
8e88552d-b240-4b3c-8b30-fc71269c054b,19,0.6333333333333333,right_shoulder,0.63138175,0.4934656,-0.40369722,681.8922901153564,947.4539566040039,0.99904263
8e88552d-b240-4b3c-8b30-fc71269c054b,19,0.6333333333333333,left_elbow,0.60655296,0.5012192,0.35102674,655.0771951675415,962.3408889770508,0.3471972
8e88552d-b240-4b3c-8b30-fc71269c054b,19,0.6333333333333333,right_elbow,0.54645747,0.57499087,-0.30954716,590.1740670204163,1103.9824676513672,0.9476171
8e88552d-b240-4b3c-8b30-fc71269c054b,19,0.6333333333333333,left_wrist,0.767492,0.53993523,0.4628338,828.8913559913635,1036.6756439208984,0.429054
8e88552d-b240-4b3c-8b30-fc71269c054b,19,0.6333333333333333,right_wrist,0.6100953,0.59059304,-0.034160014,658.9029479026794,1133.9386367797852,0.8608159
8e88552d-b240-4b3c-8b30-fc71269c054b,19,0.6333333333333333,left_hip,0.38578933,0.5647465,0.17907068,416.6524815559387,1084.3132781982422,0.9927501
8e88552d-b240-4b3c-8b30-fc71269c054b,19,0.6333333333333333,right_hip,0.433076,0.5987223,-0.17861068,467.72207379341125,1149.546775817871,0.99039793
8e88552d-b240-4b3c-8b30-fc71269c054b,19,0.6333333333333333,left_knee,0.4078898,0.66290927,0.3585083,440.5209982395172,1272.7857971191406,0.44363162
8e88552d-b240-4b3c-8b30-fc71269c054b,19,0.6333333333333333,right_knee,0.47311062,0.7329989,-0.18187429,510.9594655036926,1407.3579025268555,0.90891814
8e88552d-b240-4b3c-8b30-fc71269c054b,19,0.6333333333333333,left_ankle,0.2576718,0.73733693,0.5280113,278.2855474948883,1415.686912536621,0.38247362
8e88552d-b240-4b3c-8b30-fc71269c054b,19,0.6333333333333333,right_ankle,0.23809777,0.7591393,0.008526334,257.14559376239777,1457.5474548339844,0.8078872
8e88552d-b240-4b3c-8b30-fc71269c054b,19,0.6333333333333333,left_heel,0.20043288,0.7269972,0.54028493,216.4675122499466,1395.834617614746,0.38425767
8e88552d-b240-4b3c-8b30-fc71269c054b,19,0.6333333333333333,right_heel,0.18992652,0.74865264,0.036806982,205.12064158916473,1437.4130630493164,0.7508383
8e88552d-b240-4b3c-8b30-fc71269c054b,19,0.6333333333333333,left_foot_index,0.24368973,0.78189933,0.57205546,263.1849092245102,1501.2467193603516,0.43013656
8e88552d-b240-4b3c-8b30-fc71269c054b,19,0.6333333333333333,right_foot_index,0.18562776,0.81270474,0.07879399,200.47797918319702,1560.3931045532227,0.7701228
8e88552d-b240-4b3c-8b30-fc71269c054b,20,0.6666666666666666,nose,0.75290465,0.42726326,-0.17161785,813.1370258331299,820.345458984375,0.99897265
8e88552d-b240-4b3c-8b30-fc71269c054b,20,0.6666666666666666,left_shoulder,0.6149351,0.44408306,0.13993786,664.1299080848694,852.6394844055176,0.99941397
8e88552d-b240-4b3c-8b30-fc71269c054b,20,0.6666666666666666,right_shoulder,0.62927717,0.48467496,-0.43284634,679.6193432807922,930.5759239196777,0.9990689
8e88552d-b240-4b3c-8b30-fc71269c054b,20,0.6666666666666666,left_elbow,0.64737034,0.5075686,0.35128552,699.1599655151367,974.5317077636719,0.3507611
8e88552d-b240-4b3c-8b30-fc71269c054b,20,0.6666666666666666,right_elbow,0.5385911,0.5676686,-0.4107829,581.6783738136292,1089.9237442016602,0.94578207
8e88552d-b240-4b3c-8b30-fc71269c054b,20,0.6666666666666666,left_wrist,0.7984607,0.5479138,0.4079183,862.3375797271729,1051.9944763183594,0.46171695
8e88552d-b240-4b3c-8b30-fc71269c054b,20,0.6666666666666666,right_wrist,0.6125989,0.588665,-0.24083345,661.6068077087402,1130.23681640625,0.8604215
8e88552d-b240-4b3c-8b30-fc71269c054b,20,0.6666666666666666,left_hip,0.3877881,0.5638782,0.18543682,418.8111340999603,1082.6461029052734,0.99337006
8e88552d-b240-4b3c-8b30-fc71269c054b,20,0.6666666666666666,right_hip,0.43032598,0.5939635,-0.1850762,464.7520637512207,1140.409927368164,0.9911851
8e88552d-b240-4b3c-8b30-fc71269c054b,20,0.6666666666666666,left_knee,0.40788218,0.6614613,0.41244504,440.51275849342346,1270.0056838989258,0.44845936
8e88552d-b240-4b3c-8b30-fc71269c054b,20,0.6666666666666666,right_knee,0.49356616,0.7219526,-0.07112696,533.0514478683472,1386.149024963379,0.9165751
8e88552d-b240-4b3c-8b30-fc71269c054b,20,0.6666666666666666,left_ankle,0.27808186,0.73723185,0.65172166,300.32841324806213,1415.4851531982422,0.41647178
8e88552d-b240-4b3c-8b30-fc71269c054b,20,0.6666666666666666,right_ankle,0.28342575,0.7445605,0.21026409,306.09980821609497,1429.5561218261719,0.8229951
8e88552d-b240-4b3c-8b30-fc71269c054b,20,0.6666666666666666,left_heel,0.22271334,0.72900903,0.6735792,240.53040325641632,1399.6973419189453,0.41432336
8e88552d-b240-4b3c-8b30-fc71269c054b,20,0.6666666666666666,right_heel,0.23300353,0.73930234,0.2464135,251.6438090801239,1419.4604873657227,0.761959
8e88552d-b240-4b3c-8b30-fc71269c054b,20,0.6666666666666666,left_foot_index,0.28934366,0.7800476,0.68667614,312.49114751815796,1497.6913833618164,0.4635514
8e88552d-b240-4b3c-8b30-fc71269c054b,20,0.6666666666666666,right_foot_index,0.26458102,0.80048746,0.27913916,285.74750661849976,1536.935920715332,0.7861862
8e88552d-b240-4b3c-8b30-fc71269c054b,21,0.7,nose,0.75220376,0.42354152,-0.17633891,812.380063533783,813.1997108459473,0.99906796
8e88552d-b240-4b3c-8b30-fc71269c054b,21,0.7,left_shoulder,0.6269344,0.4459183,0.17729896,677.0891618728638,856.1631202697754,0.9994482
8e88552d-b240-4b3c-8b30-fc71269c054b,21,0.7,right_shoulder,0.62466,0.47419345,-0.43453634,674.6328163146973,910.4514312744141,0.9991176
8e88552d-b240-4b3c-8b30-fc71269c054b,21,0.7,left_elbow,0.6800379,0.51312923,0.3579957,734.4409489631653,985.2081298828125,0.37005338
8e88552d-b240-4b3c-8b30-fc71269c054b,21,0.7,right_elbow,0.5298311,0.5540416,-0.47911614,572.2176003456116,1063.7599182128906,0.9470832
8e88552d-b240-4b3c-8b30-fc71269c054b,21,0.7,left_wrist,0.81446487,0.5620394,0.32935986,879.6220564842224,1079.1156005859375,0.49849787
8e88552d-b240-4b3c-8b30-fc71269c054b,21,0.7,right_wrist,0.60684985,0.5837585,-0.39440373,655.3978371620178,1120.8162689208984,0.86302805
8e88552d-b240-4b3c-8b30-fc71269c054b,21,0.7,left_hip,0.3924278,0.5636125,0.19068295,423.8220262527466,1082.1360397338867,0.9939898
8e88552d-b240-4b3c-8b30-fc71269c054b,21,0.7,right_hip,0.43020603,0.59032494,-0.19063525,464.6225130558014,1133.4238815307617,0.99197906
8e88552d-b240-4b3c-8b30-fc71269c054b,21,0.7,left_knee,0.40236285,0.66077894,0.43031973,434.55188155174255,1268.6955642700195,0.46134028
8e88552d-b240-4b3c-8b30-fc71269c054b,21,0.7,right_knee,0.5214723,0.7103496,-0.096309096,563.1900572776794,1363.8712692260742,0.9241025
8e88552d-b240-4b3c-8b30-fc71269c054b,21,0.7,left_ankle,0.27310428,0.7297103,0.6796812,294.95262265205383,1401.0437393188477,0.44780725
8e88552d-b240-4b3c-8b30-fc71269c054b,21,0.7,right_ankle,0.311878,0.7312991,0.26499432,336.8282353878021,1404.0942764282227,0.83469546
8e88552d-b240-4b3c-8b30-fc71269c054b,21,0.7,left_heel,0.2240143,0.7294229,0.7027074,241.9354408979416,1400.4920196533203,0.44134158
8e88552d-b240-4b3c-8b30-fc71269c054b,21,0.7,right_heel,0.26519158,0.7323129,0.30859983,286.406911611557,1406.0408020019531,0.76805454
8e88552d-b240-4b3c-8b30-fc71269c054b,21,0.7,left_foot_index,0.27151147,0.77437997,0.7166884,293.23238253593445,1486.8095397949219,0.49508566
8e88552d-b240-4b3c-8b30-fc71269c054b,21,0.7,right_foot_index,0.30987233,0.78695244,0.3629183,334.66211557388306,1510.9486770629883,0.798328
8e88552d-b240-4b3c-8b30-fc71269c054b,22,0.7333333333333333,nose,0.750216,0.42344156,-0.105048366,810.2332878112793,813.0077934265137,0.9991586
8e88552d-b240-4b3c-8b30-fc71269c054b,22,0.7333333333333333,left_shoulder,0.6339963,0.44745475,0.23462899,684.7160124778748,859.1131210327148,0.99949527
8e88552d-b240-4b3c-8b30-fc71269c054b,22,0.7333333333333333,right_shoulder,0.62277716,0.47240037,-0.37412402,672.5993371009827,907.0087051391602,0.9991854
8e88552d-b240-4b3c-8b30-fc71269c054b,22,0.7333333333333333,left_elbow,0.6918467,0.51701313,0.40831694,747.1944665908813,992.6652145385742,0.40535736
8e88552d-b240-4b3c-8b30-fc71269c054b,22,0.7333333333333333,right_elbow,0.52511686,0.5485458,-0.4876274,567.1262097358704,1053.207893371582,0.9502685
8e88552d-b240-4b3c-8b30-fc71269c054b,22,0.7333333333333333,left_wrist,0.8089416,0.56888837,0.35013077,873.6569309234619,1092.2656631469727,0.53883404
8e88552d-b240-4b3c-8b30-fc71269c054b,22,0.7333333333333333,right_wrist,0.6044571,0.58256465,-0.4906787,652.8136467933655,1118.5241317749023,0.8703251
8e88552d-b240-4b3c-8b30-fc71269c054b,22,0.7333333333333333,left_hip,0.39351863,0.5641367,0.19039945,425.00011682510376,1083.142433166504,0.994578
8e88552d-b240-4b3c-8b30-fc71269c054b,22,0.7333333333333333,right_hip,0.4351002,0.5878318,-0.19044654,469.9082136154175,1128.6370468139648,0.99274516
8e88552d-b240-4b3c-8b30-fc71269c054b,22,0.7333333333333333,left_knee,0.38684598,0.66075516,0.38973755,417.7936542034149,1268.64990234375,0.49162653
8e88552d-b240-4b3c-8b30-fc71269c054b,22,0.7333333333333333,right_knee,0.5396576,0.6981109,-0.08846129,582.8302001953125,1340.3728866577148,0.9313104
8e88552d-b240-4b3c-8b30-fc71269c054b,22,0.7333333333333333,left_ankle,0.2514259,0.73533636,0.64768076,271.5399634838104,1411.845817565918,0.4911704
8e88552d-b240-4b3c-8b30-fc71269c054b,22,0.7333333333333333,right_ankle,0.32286197,0.73169696,0.21784332,348.690927028656,1404.858169555664,0.84929544
8e88552d-b240-4b3c-8b30-fc71269c054b,22,0.7333333333333333,left_heel,0.20233476,0.7348374,0.7005137,218.5215425491333,1410.8878326416016,0.4812427
8e88552d-b240-4b3c-8b30-fc71269c054b,22,0.7333333333333333,right_heel,0.30044672,0.7363081,0.25247717,324.48245644569397,1413.7115478515625,0.7829311
8e88552d-b240-4b3c-8b30-fc71269c054b,22,0.7333333333333333,left_foot_index,0.28043225,0.7803906,0.62046725,302.86683440208435,1498.3499908447266,0.53581065
8e88552d-b240-4b3c-8b30-fc71269c054b,22,0.7333333333333333,right_foot_index,0.34373423,0.78706634,0.2885681,371.23297333717346,1511.1673736572266,0.8155746
8e88552d-b240-4b3c-8b30-fc71269c054b,23,0.7666666666666667,nose,0.74865276,0.42196628,-0.077931635,808.5449767112732,810.1752662658691,0.99924123
8e88552d-b240-4b3c-8b30-fc71269c054b,23,0.7666666666666667,left_shoulder,0.63689804,0.44876006,0.24138415,687.8498840332031,861.6193199157715,0.9995408
8e88552d-b240-4b3c-8b30-fc71269c054b,23,0.7666666666666667,right_shoulder,0.62296444,0.46733907,-0.3368584,672.8015971183777,897.2910118103027,0.9992493
8e88552d-b240-4b3c-8b30-fc71269c054b,23,0.7666666666666667,left_elbow,0.69908977,0.51980567,0.40350822,755.0169467926025,998.0268859863281,0.44935334
8e88552d-b240-4b3c-8b30-fc71269c054b,23,0.7666666666666667,right_elbow,0.5248593,0.5412086,-0.4583318,566.8480539321899,1039.1205596923828,0.9538156
8e88552d-b240-4b3c-8b30-fc71269c054b,23,0.7666666666666667,left_wrist,0.7995103,0.5758254,0.3409784,863.4711241722107,1105.5847549438477,0.5792993
8e88552d-b240-4b3c-8b30-fc71269c054b,23,0.7666666666666667,right_wrist,0.6039781,0.5806281,-0.44410315,652.2963452339172,1114.8059463500977,0.87862414
8e88552d-b240-4b3c-8b30-fc71269c054b,23,0.7666666666666667,left_hip,0.39541906,0.5647945,0.1876001,427.0525860786438,1084.405403137207,0.9951139
8e88552d-b240-4b3c-8b30-fc71269c054b,23,0.7666666666666667,right_hip,0.43663993,0.5841798,-0.18759988,471.5711295604706,1121.6252517700195,0.9934474
8e88552d-b240-4b3c-8b30-fc71269c054b,23,0.7666666666666667,left_knee,0.37631685,0.6608481,0.33193117,406.4221930503845,1268.8283157348633,0.53275317
8e88552d-b240-4b3c-8b30-fc71269c054b,23,0.7666666666666667,right_knee,0.5463023,0.68098915,-0.04906634,590.0065040588379,1307.4991607666016,0.93792844
8e88552d-b240-4b3c-8b30-fc71269c054b,23,0.7666666666666667,left_ankle,0.22035125,0.7338304,0.48329514,237.97934889793396,1408.9543533325195,0.5373468
8e88552d-b240-4b3c-8b30-fc71269c054b,23,0.7666666666666667,right_ankle,0.35454342,0.73130345,0.23382388,382.9068911075592,1404.1026306152344,0.86349636
8e88552d-b240-4b3c-8b30-fc71269c054b,23,0.7666666666666667,left_heel,0.1783567,0.73568344,0.49648204,192.62524366378784,1412.51220703125,0.52615327
8e88552d-b240-4b3c-8b30-fc71269c054b,23,0.7666666666666667,right_heel,0.3125064,0.73530346,0.26283798,337.5069200992584,1411.7826461791992,0.79987395
8e88552d-b240-4b3c-8b30-fc71269c054b,23,0.7666666666666667,left_foot_index,0.25336066,0.7869914,0.45200858,273.62951159477234,1511.0235214233398,0.5782608
8e88552d-b240-4b3c-8b30-fc71269c054b,23,0.7666666666666667,right_foot_index,0.38535637,0.7809881,0.27604562,416.1848759651184,1499.4971466064453,0.83273524
8e88552d-b240-4b3c-8b30-fc71269c054b,24,0.8,nose,0.74953693,0.42158324,-0.10878867,809.4998860359192,809.439811706543,0.99931604
8e88552d-b240-4b3c-8b30-fc71269c054b,24,0.8,left_shoulder,0.6390522,0.44732326,0.23356722,690.1763892173767,858.8606643676758,0.9995832
8e88552d-b240-4b3c-8b30-fc71269c054b,24,0.8,right_shoulder,0.6208816,0.4671625,-0.37145695,670.5521464347839,896.9519805908203,0.9993139
8e88552d-b240-4b3c-8b30-fc71269c054b,24,0.8,left_elbow,0.6921464,0.517841,0.4483743,747.5181341171265,994.2546844482422,0.4863818
8e88552d-b240-4b3c-8b30-fc71269c054b,24,0.8,right_elbow,0.5235824,0.53791505,-0.4775262,565.4689908027649,1032.7968978881836,0.95698506
8e88552d-b240-4b3c-8b30-fc71269c054b,24,0.8,left_wrist,0.7817491,0.5744587,0.43115237,844.289059638977,1102.9607391357422,0.613157
8e88552d-b240-4b3c-8b30-fc71269c054b,24,0.8,right_wrist,0.6013193,0.57989395,-0.4384376,649.4248580932617,1113.3963775634766,0.8857174
8e88552d-b240-4b3c-8b30-fc71269c054b,24,0.8,left_hip,0.3975145,0.5631229,0.18923692,429.31565165519714,1081.1960220336914,0.99559855
8e88552d-b240-4b3c-8b30-fc71269c054b,24,0.8,right_hip,0.43910113,0.58378524,-0.1893779,474.22922015190125,1120.8676528930664,0.9940846
8e88552d-b240-4b3c-8b30-fc71269c054b,24,0.8,left_knee,0.3687483,0.66000915,0.34899944,398.24817180633545,1267.2175598144531,0.57298696
8e88552d-b240-4b3c-8b30-fc71269c054b,24,0.8,right_knee,0.5756463,0.67587024,-0.008703106,621.6979837417603,1297.6708602905273,0.94384843
8e88552d-b240-4b3c-8b30-fc71269c054b,24,0.8,left_ankle,0.19921753,0.7337643,0.51738286,215.15493035316467,1408.8274383544922,0.58022285
8e88552d-b240-4b3c-8b30-fc71269c054b,24,0.8,right_ankle,0.3897494,0.7279129,0.31927598,420.9293603897095,1397.5927734375,0.8760494
8e88552d-b240-4b3c-8b30-fc71269c054b,24,0.8,left_heel,0.16005653,0.73792285,0.5334589,172.86105394363403,1416.811866760254,0.5688293
8e88552d-b240-4b3c-8b30-fc71269c054b,24,0.8,right_heel,0.34747535,0.73297566,0.35294363,375.2733778953552,1407.3132705688477,0.8146642
8e88552d-b240-4b3c-8b30-fc71269c054b,24,0.8,left_foot_index,0.25503683,0.7743235,0.50658864,275.4397773742676,1486.7011642456055,0.616933
8e88552d-b240-4b3c-8b30-fc71269c054b,24,0.8,right_foot_index,0.42105392,0.77234346,0.37244815,454.73822951316833,1482.8994369506836,0.8477985
8e88552d-b240-4b3c-8b30-fc71269c054b,25,0.8333333333333334,nose,0.7491673,0.42171898,-0.12304382,809.1007089614868,809.7004508972168,0.99938387
8e88552d-b240-4b3c-8b30-fc71269c054b,25,0.8333333333333334,left_shoulder,0.63901275,0.44694299,0.21915418,690.1337742805481,858.1305313110352,0.9996228
8e88552d-b240-4b3c-8b30-fc71269c054b,25,0.8333333333333334,right_shoulder,0.6193072,0.4658626,-0.3760654,668.851797580719,894.4561958312988,0.9993762
8e88552d-b240-4b3c-8b30-fc71269c054b,25,0.8333333333333334,left_elbow,0.69155115,0.51689786,0.43547526,746.8752408027649,992.4438858032227,0.5261053
8e88552d-b240-4b3c-8b30-fc71269c054b,25,0.8333333333333334,right_elbow,0.52231747,0.5346157,-0.49394643,564.1028666496277,1026.4621353149414,0.9597891
8e88552d-b240-4b3c-8b30-fc71269c054b,25,0.8333333333333334,left_wrist,0.7735581,0.5733253,0.41737723,835.4427266120911,1100.7845306396484,0.6461843
8e88552d-b240-4b3c-8b30-fc71269c054b,25,0.8333333333333334,right_wrist,0.59760916,0.5775097,-0.49007505,645.4178953170776,1108.8186264038086,0.8925908
8e88552d-b240-4b3c-8b30-fc71269c054b,25,0.8333333333333334,left_hip,0.4010187,0.56134635,0.18834837,433.10020565986633,1077.7849960327148,0.99603575
8e88552d-b240-4b3c-8b30-fc71269c054b,25,0.8333333333333334,right_hip,0.43981877,0.5810575,-0.18851486,475.0042712688446,1115.6303787231445,0.99466306
8e88552d-b240-4b3c-8b30-fc71269c054b,25,0.8333333333333334,left_knee,0.35765597,0.65956444,0.3690806,386.2684500217438,1266.3637161254883,0.60903347
8e88552d-b240-4b3c-8b30-fc71269c054b,25,0.8333333333333334,right_knee,0.5841161,0.66430247,-0.0041841813,630.8453893661499,1275.4607391357422,0.94911253
8e88552d-b240-4b3c-8b30-fc71269c054b,25,0.8333333333333334,left_ankle,0.1899739,0.73354715,0.53574824,205.17181813716888,1408.410530090332,0.6193733
8e88552d-b240-4b3c-8b30-fc71269c054b,25,0.8333333333333334,right_ankle,0.41277853,0.72458166,0.32344523,445.8008086681366,1391.1967849731445,0.8871019
8e88552d-b240-4b3c-8b30-fc71269c054b,25,0.8333333333333334,left_heel,0.15025792,0.7383089,0.5465671,162.2785484790802,1417.5531005859375,0.60829186
8e88552d-b240-4b3c-8b30-fc71269c054b,25,0.8333333333333334,right_heel,0.37400454,0.7302781,0.35755366,403.9249062538147,1402.133903503418,0.8278143
8e88552d-b240-4b3c-8b30-fc71269c054b,25,0.8333333333333334,left_foot_index,0.24958782,0.77006704,0.53195184,269.55484449863434,1478.528709411621,0.65219057
8e88552d-b240-4b3c-8b30-fc71269c054b,25,0.8333333333333334,right_foot_index,0.45974478,0.7650264,0.37598714,496.5243637561798,1468.8506698608398,0.8610448
8e88552d-b240-4b3c-8b30-fc71269c054b,26,0.8666666666666667,nose,0.7490458,0.41941708,-0.09603849,808.969452381134,805.2807998657227,0.9994448
8e88552d-b240-4b3c-8b30-fc71269c054b,26,0.8666666666666667,left_shoulder,0.64170736,0.44717583,0.2276695,693.0439496040344,858.5775947570801,0.9996588
8e88552d-b240-4b3c-8b30-fc71269c054b,26,0.8666666666666667,right_shoulder,0.61898524,0.46407142,-0.35227853,668.5040545463562,891.0171318054199,0.99942994
8e88552d-b240-4b3c-8b30-fc71269c054b,26,0.8666666666666667,left_elbow,0.6926962,0.51657546,0.4151605,748.1119108200073,991.8248748779297,0.56212616
8e88552d-b240-4b3c-8b30-fc71269c054b,26,0.8666666666666667,right_elbow,0.5222584,0.53266174,-0.48329327,564.0390729904175,1022.7105331420898,0.96148396
8e88552d-b240-4b3c-8b30-fc71269c054b,26,0.8666666666666667,left_wrist,0.77025,0.5732515,0.37898716,831.8700242042542,1100.6428527832031,0.67643774
8e88552d-b240-4b3c-8b30-fc71269c054b,26,0.8666666666666667,right_wrist,0.5936357,0.5759824,-0.4958401,641.1265325546265,1105.8861923217773,0.8978478
8e88552d-b240-4b3c-8b30-fc71269c054b,26,0.8666666666666667,left_hip,0.407687,0.5606692,0.1875182,440.3019690513611,1076.4848327636719,0.9964299
8e88552d-b240-4b3c-8b30-fc71269c054b,26,0.8666666666666667,right_hip,0.43968192,0.58002603,-0.18769401,474.85647082328796,1113.6499786376953,0.9951852
8e88552d-b240-4b3c-8b30-fc71269c054b,26,0.8666666666666667,left_knee,0.3500675,0.6593189,0.36553806,378.07289600372314,1265.892333984375,0.6432226
8e88552d-b240-4b3c-8b30-fc71269c054b,26,0.8666666666666667,right_knee,0.5958705,0.66034424,0.0018426485,643.5401344299316,1267.8609466552734,0.9537921
8e88552d-b240-4b3c-8b30-fc71269c054b,26,0.8666666666666667,left_ankle,0.18372643,0.73259413,0.5159874,198.42454433441162,1406.5807342529297,0.6547556
8e88552d-b240-4b3c-8b30-fc71269c054b,26,0.8666666666666667,right_ankle,0.4285311,0.72179186,0.32343408,462.81359910964966,1385.8403778076172,0.8967741
8e88552d-b240-4b3c-8b30-fc71269c054b,26,0.8666666666666667,left_heel,0.14310943,0.73823065,0.529079,154.55817997455597,1417.4028396606445,0.64457387
8e88552d-b240-4b3c-8b30-fc71269c054b,26,0.8666666666666667,right_heel,0.39083603,0.728665,0.35666996,422.10291266441345,1399.0367889404297,0.83934283
8e88552d-b240-4b3c-8b30-fc71269c054b,26,0.8666666666666667,left_foot_index,0.24631831,0.76647955,0.4974901,266.0237753391266,1471.640739440918,0.6829503
8e88552d-b240-4b3c-8b30-fc71269c054b,26,0.8666666666666667,right_foot_index,0.48500824,0.7601132,0.38266712,523.8088989257812,1459.4173049926758,0.8720027
8e88552d-b240-4b3c-8b30-fc71269c054b,27,0.9,nose,0.74820864,0.42070946,-0.06821626,808.065333366394,807.7621650695801,0.9994999
8e88552d-b240-4b3c-8b30-fc71269c054b,27,0.9,left_shoulder,0.6423487,0.44737443,0.23900005,693.7366032600403,858.958911895752,0.999692
8e88552d-b240-4b3c-8b30-fc71269c054b,27,0.9,right_shoulder,0.6202817,0.46287736,-0.32162073,669.9042320251465,888.724536895752,0.999479
8e88552d-b240-4b3c-8b30-fc71269c054b,27,0.9,left_elbow,0.68917084,0.5154156,0.4040791,744.3045043945312,989.5979690551758,0.5979198
8e88552d-b240-4b3c-8b30-fc71269c054b,27,0.9,right_elbow,0.5267419,0.531714,-0.48596853,568.8812756538391,1020.8909225463867,0.96288943
8e88552d-b240-4b3c-8b30-fc71269c054b,27,0.9,left_wrist,0.7656134,0.5737782,0.34669083,826.8624472618103,1101.654167175293,0.70569974
8e88552d-b240-4b3c-8b30-fc71269c054b,27,0.9,right_wrist,0.59010434,0.57329077,-0.54808414,637.3126888275146,1100.7182693481445,0.9030287
8e88552d-b240-4b3c-8b30-fc71269c054b,27,0.9,left_hip,0.41073498,0.5592395,0.18697256,443.5937798023224,1073.7398529052734,0.99678546
8e88552d-b240-4b3c-8b30-fc71269c054b,27,0.9,right_hip,0.4383892,0.57651234,-0.18727791,473.4603488445282,1106.9036865234375,0.99565834
8e88552d-b240-4b3c-8b30-fc71269c054b,27,0.9,left_knee,0.34785542,0.6588839,0.32582226,375.6838524341583,1265.057144165039,0.6747447
8e88552d-b240-4b3c-8b30-fc71269c054b,27,0.9,right_knee,0.5979816,0.65411764,-0.029388012,645.8200979232788,1255.905876159668,0.9579729
8e88552d-b240-4b3c-8b30-fc71269c054b,27,0.9,left_ankle,0.1791845,0.7301558,0.44157594,193.51925611495972,1401.899185180664,0.6871511
8e88552d-b240-4b3c-8b30-fc71269c054b,27,0.9,right_ankle,0.4484395,0.71759474,0.25463638,484.31466937065125,1377.7819061279297,0.9055287
8e88552d-b240-4b3c-8b30-fc71269c054b,27,0.9,left_heel,0.13203143,0.737746,0.45002818,142.59393990039825,1416.4723205566406,0.6776805
8e88552d-b240-4b3c-8b30-fc71269c054b,27,0.9,right_heel,0.40774134,0.7270174,0.28419194,440.3606450557709,1395.8734130859375,0.8499933
8e88552d-b240-4b3c-8b30-fc71269c054b,27,0.9,left_foot_index,0.22989674,0.7669658,0.41363776,248.2884782552719,1472.574348449707,0.71160465
8e88552d-b240-4b3c-8b30-fc71269c054b,27,0.9,right_foot_index,0.5017117,0.75309265,0.3096558,541.8486642837524,1445.9378814697266,0.88213664
8e88552d-b240-4b3c-8b30-fc71269c054b,28,0.9333333333333333,nose,0.74764377,0.42164612,-0.049956102,807.4552702903748,809.560546875,0.99954957
8e88552d-b240-4b3c-8b30-fc71269c054b,28,0.9333333333333333,left_shoulder,0.6413819,0.44743535,0.25519666,692.6924729347229,859.075870513916,0.99972177
8e88552d-b240-4b3c-8b30-fc71269c054b,28,0.9333333333333333,right_shoulder,0.6202189,0.46358898,-0.31676587,669.8363828659058,890.0908470153809,0.99952316
8e88552d-b240-4b3c-8b30-fc71269c054b,28,0.9333333333333333,left_elbow,0.6837568,0.5128412,0.42772412,738.4573745727539,984.6551513671875,0.6282166
8e88552d-b240-4b3c-8b30-fc71269c054b,28,0.9333333333333333,right_elbow,0.529891,0.53138,-0.48549843,572.2822952270508,1020.2495956420898,0.9645671
8e88552d-b240-4b3c-8b30-fc71269c054b,28,0.9333333333333333,left_wrist,0.7519546,0.57442665,0.36634418,812.1109843254089,1102.899169921875,0.73170346
8e88552d-b240-4b3c-8b30-fc71269c054b,28,0.9333333333333333,right_wrist,0.5817687,0.5676256,-0.48159948,628.3101868629456,1089.8411178588867,0.9085002
8e88552d-b240-4b3c-8b30-fc71269c054b,28,0.9333333333333333,left_hip,0.4142065,0.55761063,0.18643565,447.34302520751953,1070.6124114990234,0.9971059
8e88552d-b240-4b3c-8b30-fc71269c054b,28,0.9333333333333333,right_hip,0.43779302,0.57389545,-0.18669958,472.8164577484131,1101.8792724609375,0.9960858
8e88552d-b240-4b3c-8b30-fc71269c054b,28,0.9333333333333333,left_knee,0.34904125,0.6569298,0.27849928,376.96455359458923,1261.3051986694336,0.7042487
8e88552d-b240-4b3c-8b30-fc71269c054b,28,0.9333333333333333,right_knee,0.59848547,0.64910823,-0.03401999,646.3643074035645,1246.2878036499023,0.96177834
8e88552d-b240-4b3c-8b30-fc71269c054b,28,0.9333333333333333,left_ankle,0.1726328,0.7274639,0.36310583,186.44342243671417,1396.7306900024414,0.7167814
8e88552d-b240-4b3c-8b30-fc71269c054b,28,0.9333333333333333,right_ankle,0.45794338,0.7159318,0.23370251,494.5788502693176,1374.5890045166016,0.91371155
8e88552d-b240-4b3c-8b30-fc71269c054b,28,0.9333333333333333,left_heel,0.1254186,0.7345854,0.3678312,135.45209169387817,1410.4039764404297,0.7081161
8e88552d-b240-4b3c-8b30-fc71269c054b,28,0.9333333333333333,right_heel,0.4173309,0.7268193,0.26136628,450.71736216545105,1395.4930114746094,0.8604718
8e88552d-b240-4b3c-8b30-fc71269c054b,28,0.9333333333333333,left_foot_index,0.21714799,0.7675326,0.31769085,234.51983034610748,1473.6625671386719,0.73770624
8e88552d-b240-4b3c-8b30-fc71269c054b,28,0.9333333333333333,right_foot_index,0.52346194,0.7516139,0.2779391,565.3388929367065,1443.0987167358398,0.8914492
8e88552d-b240-4b3c-8b30-fc71269c054b,29,0.9666666666666667,nose,0.7479845,0.42173907,-0.070527755,807.8232908248901,809.7390174865723,0.9995942
8e88552d-b240-4b3c-8b30-fc71269c054b,29,0.9666666666666667,left_shoulder,0.64206433,0.44739047,0.25959677,693.429479598999,858.9896965026855,0.99974775
8e88552d-b240-4b3c-8b30-fc71269c054b,29,0.9666666666666667,right_shoulder,0.617999,0.46423453,-0.326015,667.4389386177063,891.3302993774414,0.999564
8e88552d-b240-4b3c-8b30-fc71269c054b,29,0.9666666666666667,left_elbow,0.6795386,0.5118743,0.46003464,733.9016962051392,982.7986907958984,0.64716965
8e88552d-b240-4b3c-8b30-fc71269c054b,29,0.9666666666666667,right_elbow,0.5281397,0.5315768,-0.4417844,570.390887260437,1020.6274795532227,0.96646935
8e88552d-b240-4b3c-8b30-fc71269c054b,29,0.9666666666666667,left_wrist,0.73700804,0.5740277,0.4318475,795.9686779975891,1102.1332168579102,0.7504493
8e88552d-b240-4b3c-8b30-fc71269c054b,29,0.9666666666666667,right_wrist,0.58047324,0.5686694,-0.4218351,626.9111037254333,1091.8452072143555,0.91349655
8e88552d-b240-4b3c-8b30-fc71269c054b,29,0.9666666666666667,left_hip,0.41697407,0.5568988,0.1857682,450.33199310302734,1069.2456436157227,0.9973938
8e88552d-b240-4b3c-8b30-fc71269c054b,29,0.9666666666666667,right_hip,0.43528885,0.5717202,-0.18602844,470.1119542121887,1097.702751159668,0.99646765
8e88552d-b240-4b3c-8b30-fc71269c054b,29,0.9666666666666667,left_knee,0.34831724,0.65501827,0.25521076,376.18261456489563,1257.6350784301758,0.7289046
8e88552d-b240-4b3c-8b30-fc71269c054b,29,0.9666666666666667,right_knee,0.6008814,0.6438376,-0.034546036,648.9519095420837,1236.1681365966797,0.96490073
8e88552d-b240-4b3c-8b30-fc71269c054b,29,0.9666666666666667,left_ankle,0.16767734,0.7258056,0.31938645,181.09153032302856,1393.5467147827148,0.7434935
8e88552d-b240-4b3c-8b30-fc71269c054b,29,0.9666666666666667,right_ankle,0.48397127,0.71829504,0.19799304,522.688969373703,1379.1264724731445,0.9205019
8e88552d-b240-4b3c-8b30-fc71269c054b,29,0.9666666666666667,left_heel,0.12032441,0.73073757,0.32155403,129.95036333799362,1403.016128540039,0.73530716
8e88552d-b240-4b3c-8b30-fc71269c054b,29,0.9666666666666667,right_heel,0.43526378,0.7314833,0.2209713,470.0848853588104,1404.447898864746,0.8678347
8e88552d-b240-4b3c-8b30-fc71269c054b,29,0.9666666666666667,left_foot_index,0.20324033,0.7703903,0.27331182,219.4995617866516,1479.1493225097656,0.7619838
8e88552d-b240-4b3c-8b30-fc71269c054b,29,0.9666666666666667,right_foot_index,0.54414964,0.74606216,0.24300376,587.6816082000732,1432.4393463134766,0.8997909
8e88552d-b240-4b3c-8b30-fc71269c054b,30,1.0,nose,0.7478944,0.42196622,-0.08487878,807.7259588241577,810.1751518249512,0.9996342
8e88552d-b240-4b3c-8b30-fc71269c054b,30,1.0,left_shoulder,0.6410822,0.447285,0.24488896,692.3688054084778,858.7871932983398,0.99977016
8e88552d-b240-4b3c-8b30-fc71269c054b,30,1.0,right_shoulder,0.61664945,0.4639463,-0.34014994,665.9814047813416,890.7769203186035,0.9995991
8e88552d-b240-4b3c-8b30-fc71269c054b,30,1.0,left_elbow,0.67860144,0.51070386,0.44878396,732.8895592689514,980.5514144897461,0.65837693
8e88552d-b240-4b3c-8b30-fc71269c054b,30,1.0,right_elbow,0.5270792,0.5317047,-0.42045006,569.2455625534058,1020.8730697631836,0.9682181
8e88552d-b240-4b3c-8b30-fc71269c054b,30,1.0,left_wrist,0.7264029,0.57395715,0.4196959,784.5151090621948,1101.9977188110352,0.7647626
8e88552d-b240-4b3c-8b30-fc71269c054b,30,1.0,right_wrist,0.58056766,0.5689543,-0.34212503,627.0130705833435,1092.392234802246,0.9181382
8e88552d-b240-4b3c-8b30-fc71269c054b,30,1.0,left_hip,0.41964313,0.55598414,0.18351898,453.2145845890045,1067.4895477294922,0.99765134
8e88552d-b240-4b3c-8b30-fc71269c054b,30,1.0,right_hip,0.43321475,0.56991976,-0.183688,467.87193417549133,1094.245948791504,0.9968044
8e88552d-b240-4b3c-8b30-fc71269c054b,30,1.0,left_knee,0.34854043,0.6543607,0.26779038,376.423659324646,1256.3725662231445,0.74942374
8e88552d-b240-4b3c-8b30-fc71269c054b,30,1.0,right_knee,0.58014035,0.63326496,-0.037111957,626.5515804290771,1215.8687210083008,0.96740466
8e88552d-b240-4b3c-8b30-fc71269c054b,30,1.0,left_ankle,0.16724212,0.72395134,0.36619675,180.62149465084076,1389.986572265625,0.7667128
8e88552d-b240-4b3c-8b30-fc71269c054b,30,1.0,right_ankle,0.47348028,0.71939033,0.20470686,511.35870695114136,1381.2294387817383,0.92593133
8e88552d-b240-4b3c-8b30-fc71269c054b,30,1.0,left_heel,0.11864673,0.7278963,0.37235057,128.13847213983536,1397.5608444213867,0.758895
8e88552d-b240-4b3c-8b30-fc71269c054b,30,1.0,right_heel,0.438558,0.7330871,0.22757176,473.6426532268524,1407.5272750854492,0.8730542
8e88552d-b240-4b3c-8b30-fc71269c054b,30,1.0,left_foot_index,0.20055524,0.7683257,0.3276991,216.5996539592743,1475.185317993164,0.7828906
8e88552d-b240-4b3c-8b30-fc71269c054b,30,1.0,right_foot_index,0.5468386,0.74449503,0.24283941,590.5856680870056,1429.4304656982422,0.90632516
8e88552d-b240-4b3c-8b30-fc71269c054b,31,1.0333333333333334,nose,0.7476446,0.42200842,-0.07891579,807.4561715126038,810.256175994873,0.99966997
8e88552d-b240-4b3c-8b30-fc71269c054b,31,1.0333333333333334,left_shoulder,0.6398205,0.44746694,0.24659471,691.0061573982239,859.1365242004395,0.9997884
8e88552d-b240-4b3c-8b30-fc71269c054b,31,1.0333333333333334,right_shoulder,0.61580336,0.46423942,-0.33928472,665.067629814148,891.3396835327148,0.9996305
8e88552d-b240-4b3c-8b30-fc71269c054b,31,1.0333333333333334,left_elbow,0.6744878,0.5103258,0.456825,728.446855545044,979.8255157470703,0.65941364
8e88552d-b240-4b3c-8b30-fc71269c054b,31,1.0333333333333334,right_elbow,0.52647877,0.5323041,-0.40419006,568.5970687866211,1022.0238876342773,0.9698272
8e88552d-b240-4b3c-8b30-fc71269c054b,31,1.0333333333333334,left_wrist,0.7195614,0.5722263,0.44355944,777.1263098716736,1098.6744689941406,0.77134913
8e88552d-b240-4b3c-8b30-fc71269c054b,31,1.0333333333333334,right_wrist,0.58272445,0.56821287,-0.3210816,629.3424081802368,1090.9687042236328,0.9220908
8e88552d-b240-4b3c-8b30-fc71269c054b,31,1.0333333333333334,left_hip,0.41852522,0.55655915,0.18042885,452.0072364807129,1068.5935592651367,0.99788284
8e88552d-b240-4b3c-8b30-fc71269c054b,31,1.0333333333333334,right_hip,0.43225774,0.5692125,-0.18053272,466.83836102485657,1092.8879928588867,0.99710715
8e88552d-b240-4b3c-8b30-fc71269c054b,31,1.0333333333333334,left_knee,0.3475186,0.65430224,0.26150778,375.32008051872253,1256.2602996826172,0.76855457
8e88552d-b240-4b3c-8b30-fc71269c054b,31,1.0333333333333334,right_knee,0.59332794,0.6388434,-0.034684792,640.7941746711731,1226.579360961914,0.96959996
8e88552d-b240-4b3c-8b30-fc71269c054b,31,1.0333333333333334,left_ankle,0.16502953,0.7219432,0.35063332,178.2318878173828,1386.1309432983398,0.78787726
8e88552d-b240-4b3c-8b30-fc71269c054b,31,1.0333333333333334,right_ankle,0.48492754,0.7196857,0.20688006,523.7217378616333,1381.7964935302734,0.93063575
8e88552d-b240-4b3c-8b30-fc71269c054b,31,1.0333333333333334,left_heel,0.11725714,0.7249859,0.35594186,126.6377118229866,1391.9729232788086,0.78035915
8e88552d-b240-4b3c-8b30-fc71269c054b,31,1.0333333333333334,right_heel,0.4424818,0.73384696,0.22983529,477.8803288936615,1408.9861679077148,0.8777958
8e88552d-b240-4b3c-8b30-fc71269c054b,31,1.0333333333333334,left_foot_index,0.19242126,0.7662249,0.3110691,207.81495809555054,1471.1518478393555,0.80196655
8e88552d-b240-4b3c-8b30-fc71269c054b,31,1.0333333333333334,right_foot_index,0.55152255,0.74321586,0.242962,595.6443572044373,1426.9744491577148,0.91210693
8e88552d-b240-4b3c-8b30-fc71269c054b,32,1.0666666666666667,nose,0.7475352,0.420733,-0.0849641,807.3380470275879,807.8073692321777,0.99970156
8e88552d-b240-4b3c-8b30-fc71269c054b,32,1.0666666666666667,left_shoulder,0.6393372,0.44779775,0.24123468,690.4841566085815,859.771671295166,0.9997999
8e88552d-b240-4b3c-8b30-fc71269c054b,32,1.0666666666666667,right_shoulder,0.6153453,0.4643518,-0.34344575,664.5729231834412,891.5554618835449,0.9996556
8e88552d-b240-4b3c-8b30-fc71269c054b,32,1.0666666666666667,left_elbow,0.66918075,0.5107004,0.4438967,722.7152109146118,980.5447769165039,0.6429524
8e88552d-b240-4b3c-8b30-fc71269c054b,32,1.0666666666666667,right_elbow,0.52593756,0.53230107,-0.401094,568.0125617980957,1022.0180511474609,0.97112226
8e88552d-b240-4b3c-8b30-fc71269c054b,32,1.0666666666666667,left_wrist,0.7108867,0.57075876,0.42610162,767.7576541900635,1095.856819152832,0.76357377
8e88552d-b240-4b3c-8b30-fc71269c054b,32,1.0666666666666667,right_wrist,0.5855364,0.5685661,-0.29558647,632.3793339729309,1091.6468811035156,0.92416537
8e88552d-b240-4b3c-8b30-fc71269c054b,32,1.0666666666666667,left_hip,0.4207862,0.5567552,0.17967816,454.449098110199,1068.969955444336,0.99808717
8e88552d-b240-4b3c-8b30-fc71269c054b,32,1.0666666666666667,right_hip,0.43210703,0.5670026,-0.17967115,466.6755938529968,1088.6449813842773,0.9973696
8e88552d-b240-4b3c-8b30-fc71269c054b,32,1.0666666666666667,left_knee,0.34871453,0.6543962,0.25605798,376.611692905426,1256.440658569336,0.7846612
8e88552d-b240-4b3c-8b30-fc71269c054b,32,1.0666666666666667,right_knee,0.59161574,0.6387651,-0.051313207,638.9449954032898,1226.4289855957031,0.9717466
8e88552d-b240-4b3c-8b30-fc71269c054b,32,1.0666666666666667,left_ankle,0.16643842,0.7195212,0.3534859,179.75348889827728,1381.4807510375977,0.80626905
8e88552d-b240-4b3c-8b30-fc71269c054b,32,1.0666666666666667,right_ankle,0.4600727,0.72229534,0.15088226,496.87851190567017,1386.8070602416992,0.9356733
8e88552d-b240-4b3c-8b30-fc71269c054b,32,1.0666666666666667,left_heel,0.11817225,0.72125,0.3594752,127.6260307431221,1384.7999954223633,0.7985859
8e88552d-b240-4b3c-8b30-fc71269c054b,32,1.0666666666666667,right_heel,0.44347146,0.7347859,0.17013319,478.94917845726013,1410.7889556884766,0.88308316
8e88552d-b240-4b3c-8b30-fc71269c054b,32,1.0666666666666667,left_foot_index,0.20471112,0.7624807,0.31571773,221.08801424503326,1463.9628982543945,0.8184777
8e88552d-b240-4b3c-8b30-fc71269c054b,32,1.0666666666666667,right_foot_index,0.54264194,0.74497676,0.15725034,586.0532927513123,1430.3553771972656,0.9180668
8e88552d-b240-4b3c-8b30-fc71269c054b,33,1.1,nose,0.7474609,0.42052194,-0.08912629,807.2577738761902,807.4021339416504,0.99972934
8e88552d-b240-4b3c-8b30-fc71269c054b,33,1.1,left_shoulder,0.63860595,0.44819096,0.23843816,689.6944284439087,860.5266380310059,0.9998075
8e88552d-b240-4b3c-8b30-fc71269c054b,33,1.1,right_shoulder,0.6150209,0.4643533,-0.36107874,664.2225408554077,891.5583229064941,0.9996778
8e88552d-b240-4b3c-8b30-fc71269c054b,33,1.1,left_elbow,0.6632492,0.51096445,0.42799413,716.309130191803,981.0517501831055,0.61952025
8e88552d-b240-4b3c-8b30-fc71269c054b,33,1.1,right_elbow,0.5258291,0.5323339,-0.40373787,567.8954029083252,1022.0811080932617,0.9718663
8e88552d-b240-4b3c-8b30-fc71269c054b,33,1.1,left_wrist,0.70439994,0.56953907,0.3880103,760.7519388198853,1093.5150146484375,0.74703395
8e88552d-b240-4b3c-8b30-fc71269c054b,33,1.1,right_wrist,0.5886941,0.56898713,-0.27495143,635.789623260498,1092.4552917480469,0.9252549
8e88552d-b240-4b3c-8b30-fc71269c054b,33,1.1,left_hip,0.42285982,0.55675757,0.17901891,456.6886031627655,1068.9745330810547,0.9982647
8e88552d-b240-4b3c-8b30-fc71269c054b,33,1.1,right_hip,0.43123806,0.5662489,-0.17891897,465.737099647522,1087.1978759765625,0.9975961
8e88552d-b240-4b3c-8b30-fc71269c054b,33,1.1,left_knee,0.35021943,0.65445036,0.26039797,378.2369828224182,1256.5446853637695,0.79290956
8e88552d-b240-4b3c-8b30-fc71269c054b,33,1.1,right_knee,0.5359368,0.63831365,-0.05406144,578.8117146492004,1225.5622100830078,0.9729093
8e88552d-b240-4b3c-8b30-fc71269c054b,33,1.1,left_ankle,0.1689168,0.7178128,0.40415865,182.43015110492706,1378.2005310058594,0.8198587
8e88552d-b240-4b3c-8b30-fc71269c054b,33,1.1,right_ankle,0.4514036,0.7234501,0.15826994,487.5158751010895,1389.0242385864258,0.93908435
8e88552d-b240-4b3c-8b30-fc71269c054b,33,1.1,left_heel,0.12266206,0.7172441,0.41540638,132.47502475976944,1377.1086502075195,0.81203824
8e88552d-b240-4b3c-8b30-fc71269c054b,33,1.1,right_heel,0.4440004,0.73427516,0.17931049,479.5204246044159,1409.8083114624023,0.88539445
8e88552d-b240-4b3c-8b30-fc71269c054b,33,1.1,left_foot_index,0.23367901,0.7578219,0.37206966,252.37333238124847,1455.018081665039,0.8307683
8e88552d-b240-4b3c-8b30-fc71269c054b,33,1.1,right_foot_index,0.51837975,0.7461084,0.15562467,559.850127696991,1432.5281524658203,0.92194813
8e88552d-b240-4b3c-8b30-fc71269c054b,34,1.1333333333333333,nose,0.7472941,0.42037153,-0.10449682,807.0776581764221,807.1133422851562,0.99975395
8e88552d-b240-4b3c-8b30-fc71269c054b,34,1.1333333333333333,left_shoulder,0.63817567,0.44850862,0.23821451,689.2297196388245,861.1365509033203,0.9998067
8e88552d-b240-4b3c-8b30-fc71269c054b,34,1.1333333333333333,right_shoulder,0.61447376,0.46483973,-0.36169404,663.6316609382629,892.4922752380371,0.9996943
8e88552d-b240-4b3c-8b30-fc71269c054b,34,1.1333333333333333,left_elbow,0.65413594,0.5109829,0.4334735,706.466817855835,981.0871124267578,0.5894104
8e88552d-b240-4b3c-8b30-fc71269c054b,34,1.1333333333333333,right_elbow,0.5255756,0.5333227,-0.38877007,567.6216244697571,1023.9795684814453,0.97279537
8e88552d-b240-4b3c-8b30-fc71269c054b,34,1.1333333333333333,left_wrist,0.69473135,0.56670195,0.4514959,750.3098630905151,1088.067741394043,0.71553034
8e88552d-b240-4b3c-8b30-fc71269c054b,34,1.1333333333333333,right_wrist,0.5992683,0.56935203,-0.24068126,647.2097826004028,1093.1558990478516,0.92530453
8e88552d-b240-4b3c-8b30-fc71269c054b,34,1.1333333333333333,left_hip,0.42108527,0.5567047,0.17649905,454.77208971977234,1068.8730239868164,0.99843186
8e88552d-b240-4b3c-8b30-fc71269c054b,34,1.1333333333333333,right_hip,0.4304246,0.566454,-0.17632976,464.85856890678406,1087.591667175293,0.99781024
8e88552d-b240-4b3c-8b30-fc71269c054b,34,1.1333333333333333,left_knee,0.34817472,0.65451485,0.24098562,376.02869868278503,1256.6685104370117,0.8067992
8e88552d-b240-4b3c-8b30-fc71269c054b,34,1.1333333333333333,right_knee,0.5759148,0.64048564,-0.029191315,621.9879841804504,1229.732437133789,0.9735155
8e88552d-b240-4b3c-8b30-fc71269c054b,34,1.1333333333333333,left_ankle,0.1660481,0.71605796,0.3242964,179.3319422006607,1374.8312759399414,0.83520967
8e88552d-b240-4b3c-8b30-fc71269c054b,34,1.1333333333333333,right_ankle,0.48334926,0.7231204,0.21474281,522.0172047615051,1388.3911514282227,0.94088066
8e88552d-b240-4b3c-8b30-fc71269c054b,34,1.1333333333333333,left_heel,0.11942547,0.71522593,0.3288943,128.97950559854507,1373.2337951660156,0.8272779
8e88552d-b240-4b3c-8b30-fc71269c054b,34,1.1333333333333333,right_heel,0.4489798,0.7347395,0.23911653,484.8981785774231,1410.699806213379,0.88656765
8e88552d-b240-4b3c-8b30-fc71269c054b,34,1.1333333333333333,left_foot_index,0.17606029,0.7588948,0.27256092,190.14511227607727,1457.0780181884766,0.8444426
8e88552d-b240-4b3c-8b30-fc71269c054b,34,1.1333333333333333,right_foot_index,0.54413724,0.7418774,0.2393563,587.6682186126709,1424.4045639038086,0.9248757
8e88552d-b240-4b3c-8b30-fc71269c054b,35,1.1666666666666667,nose,0.74580324,0.42026588,-0.11981509,805.4674959182739,806.9104957580566,0.99977607
8e88552d-b240-4b3c-8b30-fc71269c054b,35,1.1666666666666667,left_shoulder,0.6372934,0.44857827,0.21140656,688.2768702507019,861.2702751159668,0.99980444
8e88552d-b240-4b3c-8b30-fc71269c054b,35,1.1666666666666667,right_shoulder,0.6141421,0.46517503,-0.36433393,663.2734894752502,893.1360626220703,0.9997104
8e88552d-b240-4b3c-8b30-fc71269c054b,35,1.1666666666666667,left_elbow,0.64668536,0.5110393,0.42267865,698.4201908111572,981.1954879760742,0.55724806
8e88552d-b240-4b3c-8b30-fc71269c054b,35,1.1666666666666667,right_elbow,0.5253213,0.5339051,-0.3724654,567.3470091819763,1025.097770690918,0.97336996
8e88552d-b240-4b3c-8b30-fc71269c054b,35,1.1666666666666667,left_wrist,0.68779457,0.56426376,0.43953153,742.8181314468384,1083.3864212036133,0.6807291
8e88552d-b240-4b3c-8b30-fc71269c054b,35,1.1666666666666667,right_wrist,0.59779197,0.5692625,-0.20123738,645.6153273582458,1092.9840087890625,0.9245394
8e88552d-b240-4b3c-8b30-fc71269c054b,35,1.1666666666666667,left_hip,0.4200683,0.55585265,0.17211148,453.673757314682,1067.2370910644531,0.9985819
8e88552d-b240-4b3c-8b30-fc71269c054b,35,1.1666666666666667,right_hip,0.42985332,0.56651884,-0.17189087,464.24158573150635,1087.716178894043,0.9980031
8e88552d-b240-4b3c-8b30-fc71269c054b,35,1.1666666666666667,left_knee,0.34904355,0.6546219,0.23449214,376.967031955719,1256.8740463256836,0.81931335
8e88552d-b240-4b3c-8b30-fc71269c054b,35,1.1666666666666667,right_knee,0.5824188,0.6408447,-0.01170383,629.012303352356,1230.4218292236328,0.9737701
8e88552d-b240-4b3c-8b30-fc71269c054b,35,1.1666666666666667,left_ankle,0.16336891,0.7141058,0.31375578,176.43842339515686,1371.083106994629,0.84904057
8e88552d-b240-4b3c-8b30-fc71269c054b,35,1.1666666666666667,right_ankle,0.48794645,0.7233158,0.2444848,526.9821667671204,1388.7662887573242,0.9419706
8e88552d-b240-4b3c-8b30-fc71269c054b,35,1.1666666666666667,left_heel,0.1179977,0.7128702,0.31857172,127.43751436471939,1368.7107467651367,0.8411586
8e88552d-b240-4b3c-8b30-fc71269c054b,35,1.1666666666666667,right_heel,0.45086783,0.7350067,0.27060863,486.9372582435608,1411.2128448486328,0.8870265
8e88552d-b240-4b3c-8b30-fc71269c054b,35,1.1666666666666667,left_foot_index,0.1665201,0.75968087,0.26350665,179.84171211719513,1458.5872650146484,0.8566951
8e88552d-b240-4b3c-8b30-fc71269c054b,35,1.1666666666666667,right_foot_index,0.5509443,0.7409364,0.27752817,595.0198745727539,1422.597885131836,0.9269458
8e88552d-b240-4b3c-8b30-fc71269c054b,36,1.2,nose,0.74543214,0.42008632,-0.15777121,805.0667095184326,806.5657424926758,0.99979675
8e88552d-b240-4b3c-8b30-fc71269c054b,36,1.2,left_shoulder,0.6370368,0.448912,0.18682252,687.9997444152832,861.9110298156738,0.9998095
8e88552d-b240-4b3c-8b30-fc71269c054b,36,1.2,right_shoulder,0.61399484,0.465412,-0.37803608,663.114423751831,893.5910224914551,0.9997291
8e88552d-b240-4b3c-8b30-fc71269c054b,36,1.2,left_elbow,0.64083153,0.5112241,0.38930205,692.0980525016785,981.5502548217773,0.5276919
8e88552d-b240-4b3c-8b30-fc71269c054b,36,1.2,right_elbow,0.5247124,0.5340539,-0.36802348,566.6893744468689,1025.383529663086,0.97393787
8e88552d-b240-4b3c-8b30-fc71269c054b,36,1.2,left_wrist,0.6816206,0.5632749,0.39031968,736.1502456665039,1081.4878463745117,0.65084094
8e88552d-b240-4b3c-8b30-fc71269c054b,36,1.2,right_wrist,0.6004233,0.56918615,-0.18391927,648.4571385383606,1092.8374099731445,0.9240138
8e88552d-b240-4b3c-8b30-fc71269c054b,36,1.2,left_hip,0.4197868,0.5556772,0.16932292,453.3697557449341,1066.9001770019531,0.99871945
8e88552d-b240-4b3c-8b30-fc71269c054b,36,1.2,right_hip,0.43004254,0.5664457,-0.16910839,464.445937871933,1087.5757598876953,0.99818605
8e88552d-b240-4b3c-8b30-fc71269c054b,36,1.2,left_knee,0.34936228,0.65484065,0.24319763,377.3112666606903,1257.294044494629,0.83095425
8e88552d-b240-4b3c-8b30-fc71269c054b,36,1.2,right_knee,0.5861615,0.64256454,0.025149863,633.0544137954712,1233.7239074707031,0.97411567
8e88552d-b240-4b3c-8b30-fc71269c054b,36,1.2,left_ankle,0.16185434,0.71226186,0.33195665,174.80268895626068,1367.5427627563477,0.861673
8e88552d-b240-4b3c-8b30-fc71269c054b,36,1.2,right_ankle,0.48939294,0.7236504,0.32313955,528.5443711280823,1389.4087600708008,0.9425809
8e88552d-b240-4b3c-8b30-fc71269c054b,36,1.2,left_heel,0.11615567,0.71034527,0.33766568,125.44812262058258,1363.8629150390625,0.8537778
8e88552d-b240-4b3c-8b30-fc71269c054b,36,1.2,right_heel,0.44999576,0.7351764,0.3537664,485.99541664123535,1411.5386581420898,0.8866338
8e88552d-b240-4b3c-8b30-fc71269c054b,36,1.2,left_foot_index,0.15844797,0.7595168,0.27939752,171.1238032579422,1458.2722091674805,0.8680905
8e88552d-b240-4b3c-8b30-fc71269c054b,36,1.2,right_foot_index,0.5370287,0.74183434,0.36959234,579.990963935852,1424.3219375610352,0.9287397
8e88552d-b240-4b3c-8b30-fc71269c054b,37,1.2333333333333334,nose,0.744311,0.42018333,-0.16218008,803.8558530807495,806.7519950866699,0.99981517
8e88552d-b240-4b3c-8b30-fc71269c054b,37,1.2333333333333334,left_shoulder,0.63436836,0.44902655,0.19055475,685.1178288459778,862.1309852600098,0.99981177
8e88552d-b240-4b3c-8b30-fc71269c054b,37,1.2333333333333334,right_shoulder,0.6137869,0.46544987,-0.3918826,662.88982629776,893.6637496948242,0.9997477
8e88552d-b240-4b3c-8b30-fc71269c054b,37,1.2333333333333334,left_elbow,0.63195467,0.5111156,0.39548355,682.511043548584,981.3419723510742,0.4917008
8e88552d-b240-4b3c-8b30-fc71269c054b,37,1.2333333333333334,right_elbow,0.5241403,0.53476834,-0.36366645,566.0715222358704,1026.7552185058594,0.97441447
8e88552d-b240-4b3c-8b30-fc71269c054b,37,1.2333333333333334,left_wrist,0.6722214,0.56162995,0.39169434,725.9991359710693,1078.3295059204102,0.61371464
8e88552d-b240-4b3c-8b30-fc71269c054b,37,1.2333333333333334,right_wrist,0.6015625,0.5693923,-0.14607024,649.6875,1093.2332611083984,0.92302966
8e88552d-b240-4b3c-8b30-fc71269c054b,37,1.2333333333333334,left_hip,0.4192694,0.55563045,0.16966586,452.8109657764435,1066.8104553222656,0.9988433
8e88552d-b240-4b3c-8b30-fc71269c054b,37,1.2333333333333334,right_hip,0.43018213,0.5666177,-0.16948184,464.59669947624207,1087.9060363769531,0.9983516
8e88552d-b240-4b3c-8b30-fc71269c054b,37,1.2333333333333334,left_knee,0.34959668,0.6553812,0.24855646,377.56441354751587,1258.3319091796875,0.8421442
8e88552d-b240-4b3c-8b30-fc71269c054b,37,1.2333333333333334,right_knee,0.58619726,0.64261234,0.040539447,633.0930376052856,1233.815689086914,0.9743431
8e88552d-b240-4b3c-8b30-fc71269c054b,37,1.2333333333333334,left_ankle,0.16185658,0.7105061,0.3484752,174.80510294437408,1364.1716766357422,0.87331426
8e88552d-b240-4b3c-8b30-fc71269c054b,37,1.2333333333333334,right_ankle,0.49428418,0.72329956,0.35766083,533.8269174098969,1388.7351608276367,0.9436585
8e88552d-b240-4b3c-8b30-fc71269c054b,37,1.2333333333333334,left_heel,0.1166558,0.7083806,0.35500565,125.98826050758362,1360.0907135009766,0.8654408
8e88552d-b240-4b3c-8b30-fc71269c054b,37,1.2333333333333334,right_heel,0.45182478,0.7348641,0.38951635,487.9707670211792,1410.9391021728516,0.88701016
8e88552d-b240-4b3c-8b30-fc71269c054b,37,1.2333333333333334,left_foot_index,0.16226938,0.7643097,0.30534396,175.2509343624115,1467.4746322631836,0.8787226
8e88552d-b240-4b3c-8b30-fc71269c054b,37,1.2333333333333334,right_foot_index,0.54078954,0.7432335,0.40294853,584.0527081489563,1427.0083236694336,0.93097407
8e88552d-b240-4b3c-8b30-fc71269c054b,38,1.2666666666666666,nose,0.74363244,0.4202031,-0.18361868,803.1230306625366,806.7899322509766,0.9998313
8e88552d-b240-4b3c-8b30-fc71269c054b,38,1.2666666666666666,left_shoulder,0.63162,0.44908583,0.18380493,682.1495890617371,862.2447967529297,0.9998107
8e88552d-b240-4b3c-8b30-fc71269c054b,38,1.2666666666666666,right_shoulder,0.613577,0.46598247,-0.41577423,662.6631689071655,894.686336517334,0.9997628
8e88552d-b240-4b3c-8b30-fc71269c054b,38,1.2666666666666666,left_elbow,0.62056744,0.51142263,0.3949704,670.212836265564,981.9314575195312,0.4570634
8e88552d-b240-4b3c-8b30-fc71269c054b,38,1.2666666666666666,right_elbow,0.5236778,0.53658366,-0.3739736,565.5720520019531,1030.2406311035156,0.97471887
8e88552d-b240-4b3c-8b30-fc71269c054b,38,1.2666666666666666,left_wrist,0.6689293,0.56153864,0.392003,722.4436211585999,1078.154182434082,0.5785334
8e88552d-b240-4b3c-8b30-fc71269c054b,38,1.2666666666666666,right_wrist,0.60728955,0.5694544,-0.1622137,655.8727169036865,1093.352394104004,0.92180115
8e88552d-b240-4b3c-8b30-fc71269c054b,38,1.2666666666666666,left_hip,0.41893214,0.55548394,0.17165458,452.446711063385,1066.5291595458984,0.99895364
8e88552d-b240-4b3c-8b30-fc71269c054b,38,1.2666666666666666,right_hip,0.43032128,0.56705296,-0.17145725,464.74697828292847,1088.741683959961,0.99849635
8e88552d-b240-4b3c-8b30-fc71269c054b,38,1.2666666666666666,left_knee,0.34981987,0.65538335,0.27389935,377.80545830726624,1258.3360290527344,0.84996235
8e88552d-b240-4b3c-8b30-fc71269c054b,38,1.2666666666666666,right_knee,0.58430755,0.6429884,0.06687311,631.0521554946899,1234.537696838379,0.9736199
8e88552d-b240-4b3c-8b30-fc71269c054b,38,1.2666666666666666,left_ankle,0.16188735,0.7086976,0.40781438,174.8383355140686,1360.6994247436523,0.88263124
8e88552d-b240-4b3c-8b30-fc71269c054b,38,1.2666666666666666,right_ankle,0.49182975,0.7235233,0.4019418,531.1761331558228,1389.1647720336914,0.9430921
8e88552d-b240-4b3c-8b30-fc71269c054b,38,1.2666666666666666,left_heel,0.11665278,0.70603234,0.4190838,125.98500162363052,1355.5820846557617,0.87478095
8e88552d-b240-4b3c-8b30-fc71269c054b,38,1.2666666666666666,right_heel,0.4512587,0.7350392,0.43582067,487.3593842983246,1411.2752151489258,0.8852579
8e88552d-b240-4b3c-8b30-fc71269c054b,38,1.2666666666666666,left_foot_index,0.167766,0.7664404,0.36320922,181.18728518486023,1471.5655517578125,0.88717425
8e88552d-b240-4b3c-8b30-fc71269c054b,38,1.2666666666666666,right_foot_index,0.5344873,0.74286443,0.4468261,577.2462916374207,1426.299705505371,0.93158853
8e88552d-b240-4b3c-8b30-fc71269c054b,39,1.3,nose,0.74253744,0.4202935,-0.17752978,801.9404339790344,806.9635391235352,0.9998453
8e88552d-b240-4b3c-8b30-fc71269c054b,39,1.3,left_shoulder,0.628934,0.44902116,0.20896764,679.2487478256226,862.1206283569336,0.9998104
8e88552d-b240-4b3c-8b30-fc71269c054b,39,1.3,right_shoulder,0.6139324,0.46605566,-0.40394184,663.0469608306885,894.8268699645996,0.99977875
8e88552d-b240-4b3c-8b30-fc71269c054b,39,1.3,left_elbow,0.6116982,0.51188177,0.39982134,660.6340670585632,982.8129959106445,0.42430055
8e88552d-b240-4b3c-8b30-fc71269c054b,39,1.3,right_elbow,0.5249449,0.5372971,-0.36562008,566.9404935836792,1031.6104888916016,0.9755456
8e88552d-b240-4b3c-8b30-fc71269c054b,39,1.3,left_wrist,0.6624934,0.5598241,0.38998336,715.4928803443909,1074.862289428711,0.54653233
8e88552d-b240-4b3c-8b30-fc71269c054b,39,1.3,right_wrist,0.60835963,0.5696513,-0.14671391,657.0284056663513,1093.7305068969727,0.92292404
8e88552d-b240-4b3c-8b30-fc71269c054b,39,1.3,left_hip,0.4188435,0.55537426,0.17868137,452.3509883880615,1066.318588256836,0.9990541
8e88552d-b240-4b3c-8b30-fc71269c054b,39,1.3,right_hip,0.43289393,0.5669947,-0.17847638,467.5254464149475,1088.6298751831055,0.9986313
8e88552d-b240-4b3c-8b30-fc71269c054b,39,1.3,left_knee,0.35022643,0.65546113,0.27377594,378.2445466518402,1258.4853744506836,0.85913295
8e88552d-b240-4b3c-8b30-fc71269c054b,39,1.3,right_knee,0.5873631,0.6421649,0.03608166,634.3521738052368,1232.9565811157227,0.9744485
8e88552d-b240-4b3c-8b30-fc71269c054b,39,1.3,left_ankle,0.16207695,0.70614964,0.38521758,175.04310607910156,1355.8073043823242,0.8921997
8e88552d-b240-4b3c-8b30-fc71269c054b,39,1.3,right_ankle,0.49424946,0.7237447,0.3381944,533.7894201278687,1389.5898056030273,0.94521695
8e88552d-b240-4b3c-8b30-fc71269c054b,39,1.3,left_heel,0.11635558,0.7033976,0.39275578,125.66402971744537,1350.523338317871,0.88436556
8e88552d-b240-4b3c-8b30-fc71269c054b,39,1.3,right_heel,0.45209935,0.735094,0.3681898,488.26730132102966,1411.380500793457,0.8875629
8e88552d-b240-4b3c-8b30-fc71269c054b,39,1.3,left_foot_index,0.1680321,0.76639915,0.33533233,181.47466242313385,1471.4863586425781,0.8960154
8e88552d-b240-4b3c-8b30-fc71269c054b,39,1.3,right_foot_index,0.5357475,0.7434949,0.37844056,578.6073303222656,1427.5102615356445,0.93468505
8e88552d-b240-4b3c-8b30-fc71269c054b,40,1.3333333333333333,nose,0.7414698,0.4203259,-0.16276781,800.7873845100403,807.0257377624512,0.99985844
8e88552d-b240-4b3c-8b30-fc71269c054b,40,1.3333333333333333,left_shoulder,0.62648493,0.44898754,0.21281983,676.6037249565125,862.0560836791992,0.9998112
8e88552d-b240-4b3c-8b30-fc71269c054b,40,1.3333333333333333,right_shoulder,0.61385477,0.46608645,-0.4018062,662.9631471633911,894.8859786987305,0.99979407
8e88552d-b240-4b3c-8b30-fc71269c054b,40,1.3333333333333333,left_elbow,0.60855347,0.51255614,0.4038816,657.2377467155457,984.107780456543,0.39498487
8e88552d-b240-4b3c-8b30-fc71269c054b,40,1.3333333333333333,right_elbow,0.5251661,0.5384384,-0.37148333,567.1793818473816,1033.8016891479492,0.9763494
8e88552d-b240-4b3c-8b30-fc71269c054b,40,1.3333333333333333,left_wrist,0.65949327,0.55913264,0.39495307,712.2527289390564,1073.5346603393555,0.5185607
8e88552d-b240-4b3c-8b30-fc71269c054b,40,1.3333333333333333,right_wrist,0.60613716,0.5707987,-0.17088003,654.6281290054321,1095.933494567871,0.9244897
8e88552d-b240-4b3c-8b30-fc71269c054b,40,1.3333333333333333,left_hip,0.4186039,0.55512613,0.18142995,452.0922088623047,1065.842170715332,0.99914455
8e88552d-b240-4b3c-8b30-fc71269c054b,40,1.3333333333333333,right_hip,0.43494767,0.5671467,-0.18123655,469.74348306655884,1088.9216995239258,0.9987538
8e88552d-b240-4b3c-8b30-fc71269c054b,40,1.3333333333333333,left_knee,0.35159582,0.6555022,0.27364308,379.7234845161438,1258.564224243164,0.86753225
8e88552d-b240-4b3c-8b30-fc71269c054b,40,1.3333333333333333,right_knee,0.58726996,0.6427161,0.028098378,634.2515587806702,1234.0149307250977,0.97523624
8e88552d-b240-4b3c-8b30-fc71269c054b,40,1.3333333333333333,left_ankle,0.1629746,0.7046516,0.3789677,176.01256370544434,1352.9310607910156,0.9008015
8e88552d-b240-4b3c-8b30-fc71269c054b,40,1.3333333333333333,right_ankle,0.49130917,0.72377914,0.32873008,530.613899230957,1389.6559524536133,0.9474187
8e88552d-b240-4b3c-8b30-fc71269c054b,40,1.3333333333333333,left_heel,0.11747626,0.7019327,0.3859084,126.87436312437057,1347.710838317871,0.8928149
8e88552d-b240-4b3c-8b30-fc71269c054b,40,1.3333333333333333,right_heel,0.45070705,0.73499435,0.35828933,486.76361203193665,1411.1891555786133,0.88982636
8e88552d-b240-4b3c-8b30-fc71269c054b,40,1.3333333333333333,left_foot_index,0.16840051,0.76574284,0.32875636,181.87255203723907,1470.2262496948242,0.9039945
8e88552d-b240-4b3c-8b30-fc71269c054b,40,1.3333333333333333,right_foot_index,0.53706855,0.74432576,0.36822504,580.0340294837952,1429.105453491211,0.9377985
8e88552d-b240-4b3c-8b30-fc71269c054b,41,1.3666666666666667,nose,0.7410723,0.42019644,-0.16536285,800.3580808639526,806.777172088623,0.9998711
8e88552d-b240-4b3c-8b30-fc71269c054b,41,1.3666666666666667,left_shoulder,0.62568367,0.44909832,0.20320143,675.7383584976196,862.2687721252441,0.9998167
8e88552d-b240-4b3c-8b30-fc71269c054b,41,1.3666666666666667,right_shoulder,0.61399674,0.46615398,-0.40361327,663.1164836883545,895.0156402587891,0.9998086
8e88552d-b240-4b3c-8b30-fc71269c054b,41,1.3666666666666667,left_elbow,0.6056644,0.51527464,0.40251344,654.1175222396851,989.3273162841797,0.37575248
8e88552d-b240-4b3c-8b30-fc71269c054b,41,1.3666666666666667,right_elbow,0.5252974,0.5392085,-0.37199122,567.321195602417,1035.2802658081055,0.97764635
8e88552d-b240-4b3c-8b30-fc71269c054b,41,1.3666666666666667,left_wrist,0.6597883,0.5595092,0.3953258,712.5713753700256,1074.257698059082,0.5114368
8e88552d-b240-4b3c-8b30-fc71269c054b,41,1.3666666666666667,right_wrist,0.6061382,0.57302874,-0.17402893,654.6292877197266,1100.215187072754,0.9283529
8e88552d-b240-4b3c-8b30-fc71269c054b,41,1.3666666666666667,left_hip,0.4184205,0.5551732,0.18149813,451.8941330909729,1065.9325790405273,0.99922585
8e88552d-b240-4b3c-8b30-fc71269c054b,41,1.3666666666666667,right_hip,0.43750474,0.5672918,-0.18129711,472.5051176548004,1089.2002487182617,0.9988641
8e88552d-b240-4b3c-8b30-fc71269c054b,41,1.3666666666666667,left_knee,0.3569427,0.6556083,0.2601183,385.4981303215027,1258.7679290771484,0.87522227
8e88552d-b240-4b3c-8b30-fc71269c054b,41,1.3666666666666667,right_knee,0.5865741,0.6428592,0.022310004,633.5000038146973,1234.2897033691406,0.9759835
8e88552d-b240-4b3c-8b30-fc71269c054b,41,1.3666666666666667,left_ankle,0.16311462,0.70218474,0.35668898,176.163792014122,1348.194694519043,0.9085236
8e88552d-b240-4b3c-8b30-fc71269c054b,41,1.3666666666666667,right_ankle,0.48771092,0.72376853,0.31682652,526.727796792984,1389.6355819702148,0.9495555
8e88552d-b240-4b3c-8b30-fc71269c054b,41,1.3666666666666667,left_heel,0.11970315,0.69877946,0.3634404,129.2794033885002,1341.6565704345703,0.9002316
8e88552d-b240-4b3c-8b30-fc71269c054b,41,1.3666666666666667,right_heel,0.4481987,0.7355393,0.34634066,484.05460238456726,1412.2354888916016,0.892141
8e88552d-b240-4b3c-8b30-fc71269c054b,41,1.3666666666666667,left_foot_index,0.16819933,0.76325536,0.3050716,181.6552770137787,1465.4502868652344,0.91101074
8e88552d-b240-4b3c-8b30-fc71269c054b,41,1.3666666666666667,right_foot_index,0.5358049,0.74440366,0.36335105,578.6693215370178,1429.255027770996,0.940552
8e88552d-b240-4b3c-8b30-fc71269c054b,42,1.4,nose,0.7405444,0.42023236,-0.16357508,799.787929058075,806.8461227416992,0.99988294
8e88552d-b240-4b3c-8b30-fc71269c054b,42,1.4,left_shoulder,0.62317955,0.44930473,0.20100313,673.0339193344116,862.6650810241699,0.99982506
8e88552d-b240-4b3c-8b30-fc71269c054b,42,1.4,right_shoulder,0.6139477,0.46671826,-0.40857646,663.0635046958923,896.0990524291992,0.99982095
8e88552d-b240-4b3c-8b30-fc71269c054b,42,1.4,left_elbow,0.60074455,0.51745105,0.41474345,648.8041090965271,993.5060119628906,0.3635278
8e88552d-b240-4b3c-8b30-fc71269c054b,42,1.4,right_elbow,0.5273443,0.54086834,-0.39262095,569.5318293571472,1038.4672164916992,0.97895193
8e88552d-b240-4b3c-8b30-fc71269c054b,42,1.4,left_wrist,0.6628104,0.5596348,0.42540348,715.8352160453796,1074.4988250732422,0.5185403
8e88552d-b240-4b3c-8b30-fc71269c054b,42,1.4,right_wrist,0.61611533,0.5771797,-0.23224372,665.4045581817627,1108.1849670410156,0.9326815
8e88552d-b240-4b3c-8b30-fc71269c054b,42,1.4,left_hip,0.41838405,0.55524045,0.18248136,451.85476899147034,1066.061668395996,0.99929965
8e88552d-b240-4b3c-8b30-fc71269c054b,42,1.4,right_hip,0.43804076,0.56731623,-0.1822696,473.0840241909027,1089.247169494629,0.9989635
8e88552d-b240-4b3c-8b30-fc71269c054b,42,1.4,left_knee,0.35832587,0.6560708,0.2608916,386.99193835258484,1259.655990600586,0.8827199
8e88552d-b240-4b3c-8b30-fc71269c054b,42,1.4,right_knee,0.58595324,0.643207,0.020886663,632.8294944763184,1234.9574661254883,0.9769017
8e88552d-b240-4b3c-8b30-fc71269c054b,42,1.4,left_ankle,0.16360636,0.69999987,0.3577237,176.69486939907074,1343.9997482299805,0.91574067
8e88552d-b240-4b3c-8b30-fc71269c054b,42,1.4,right_ankle,0.48668987,0.72339326,0.30939084,525.6250548362732,1388.9150619506836,0.952019
8e88552d-b240-4b3c-8b30-fc71269c054b,42,1.4,left_heel,0.11988671,0.6966298,0.3638775,129.47764813899994,1337.5292587280273,0.90749824
8e88552d-b240-4b3c-8b30-fc71269c054b,42,1.4,right_heel,0.44670856,0.7357142,0.33736908,482.44524478912354,1412.5712585449219,0.89569736
8e88552d-b240-4b3c-8b30-fc71269c054b,42,1.4,left_foot_index,0.16892149,0.76197046,0.30682865,182.43520438671112,1462.983283996582,0.91768235
8e88552d-b240-4b3c-8b30-fc71269c054b,42,1.4,right_foot_index,0.53449094,0.74481785,0.3450213,577.2502183914185,1430.050277709961,0.94357985
8e88552d-b240-4b3c-8b30-fc71269c054b,43,1.4333333333333333,nose,0.7403699,0.42000076,-0.16049258,799.5995092391968,806.4014625549316,0.9998934
8e88552d-b240-4b3c-8b30-fc71269c054b,43,1.4333333333333333,left_shoulder,0.6222702,0.44932252,0.20532142,672.0518445968628,862.6992416381836,0.99983263
8e88552d-b240-4b3c-8b30-fc71269c054b,43,1.4333333333333333,right_shoulder,0.61392665,0.4667899,-0.4134374,663.0407810211182,896.2366104125977,0.999832
8e88552d-b240-4b3c-8b30-fc71269c054b,43,1.4333333333333333,left_elbow,0.5969124,0.51860875,0.42753154,644.6653747558594,995.7287979125977,0.35065168
8e88552d-b240-4b3c-8b30-fc71269c054b,43,1.4333333333333333,right_elbow,0.53061575,0.5414437,-0.40016532,573.0650067329407,1039.5719146728516,0.9801267
8e88552d-b240-4b3c-8b30-fc71269c054b,43,1.4333333333333333,left_wrist,0.66151464,0.5603571,0.43688795,714.4358110427856,1075.8856201171875,0.525924
8e88552d-b240-4b3c-8b30-fc71269c054b,43,1.4333333333333333,right_wrist,0.6199934,0.5770648,-0.2388738,669.5928597450256,1107.9644393920898,0.93689847
8e88552d-b240-4b3c-8b30-fc71269c054b,43,1.4333333333333333,left_hip,0.41866884,0.5552796,0.18595447,452.1623432636261,1066.1368560791016,0.99936646
8e88552d-b240-4b3c-8b30-fc71269c054b,43,1.4333333333333333,right_hip,0.43999508,0.56741315,-0.18569538,475.19468665122986,1089.433250427246,0.99905473
8e88552d-b240-4b3c-8b30-fc71269c054b,43,1.4333333333333333,left_knee,0.36322892,0.65609014,0.26523948,392.2872304916382,1259.6930694580078,0.89040077
8e88552d-b240-4b3c-8b30-fc71269c054b,43,1.4333333333333333,right_knee,0.5851169,0.6434468,0.019254252,631.9262766838074,1235.4178619384766,0.97785544
8e88552d-b240-4b3c-8b30-fc71269c054b,43,1.4333333333333333,left_ankle,0.16731386,0.698309,0.37512782,180.69896757602692,1340.753288269043,0.9225962
8e88552d-b240-4b3c-8b30-fc71269c054b,43,1.4333333333333333,right_ankle,0.4829375,0.72287303,0.30739075,521.572515964508,1387.9162216186523,0.9548779
8e88552d-b240-4b3c-8b30-fc71269c054b,43,1.4333333333333333,left_heel,0.12431221,0.69505584,0.38383713,134.25718367099762,1334.5072174072266,0.9143518
8e88552d-b240-4b3c-8b30-fc71269c054b,43,1.4333333333333333,right_heel,0.4461351,0.73547876,0.33558846,481.8259119987488,1412.1192169189453,0.9000965
8e88552d-b240-4b3c-8b30-fc71269c054b,43,1.4333333333333333,left_foot_index,0.17040274,0.75834584,0.32380977,184.0349543094635,1456.0240173339844,0.92411083
8e88552d-b240-4b3c-8b30-fc71269c054b,43,1.4333333333333333,right_foot_index,0.5334621,0.74516016,0.34286785,576.139075756073,1430.7075119018555,0.94699734
8e88552d-b240-4b3c-8b30-fc71269c054b,44,1.4666666666666666,nose,0.7397922,0.42029196,-0.12860471,798.9756059646606,806.960563659668,0.9999026
8e88552d-b240-4b3c-8b30-fc71269c054b,44,1.4666666666666666,left_shoulder,0.6197446,0.44914448,0.22611754,669.3241667747498,862.3574066162109,0.99983907
8e88552d-b240-4b3c-8b30-fc71269c054b,44,1.4666666666666666,right_shoulder,0.61468434,0.46672037,-0.39998725,663.8590908050537,896.1031150817871,0.9998418
8e88552d-b240-4b3c-8b30-fc71269c054b,44,1.4666666666666666,left_elbow,0.58018756,0.5173472,0.43456534,626.6025638580322,993.3066558837891,0.33725476
8e88552d-b240-4b3c-8b30-fc71269c054b,44,1.4666666666666666,right_elbow,0.5342276,0.5415583,-0.39271063,576.9658184051514,1039.7919845581055,0.9810421
8e88552d-b240-4b3c-8b30-fc71269c054b,44,1.4666666666666666,left_wrist,0.65263486,0.56053287,0.44249842,704.8456478118896,1076.2231063842773,0.5312153
8e88552d-b240-4b3c-8b30-fc71269c054b,44,1.4666666666666666,right_wrist,0.62238735,0.5763768,-0.23641065,672.1783375740051,1106.6434478759766,0.94061506
8e88552d-b240-4b3c-8b30-fc71269c054b,44,1.4666666666666666,left_hip,0.41868377,0.55531085,0.18580486,452.17846870422363,1066.1968231201172,0.9994265
8e88552d-b240-4b3c-8b30-fc71269c054b,44,1.4666666666666666,right_hip,0.44267428,0.56746197,-0.18553194,478.0882215499878,1089.5269775390625,0.99913657
8e88552d-b240-4b3c-8b30-fc71269c054b,44,1.4666666666666666,left_knee,0.36958855,0.65617645,0.24728371,399.155638217926,1259.8587799072266,0.8974646
8e88552d-b240-4b3c-8b30-fc71269c054b,44,1.4666666666666666,right_knee,0.5834532,0.64455247,-0.00032482584,630.1294326782227,1237.5407409667969,0.978631
8e88552d-b240-4b3c-8b30-fc71269c054b,44,1.4666666666666666,left_ankle,0.17472659,0.6957114,0.33791828,188.7047177553177,1335.7658386230469,0.9287767
8e88552d-b240-4b3c-8b30-fc71269c054b,44,1.4666666666666666,right_ankle,0.4737676,0.721644,0.2865835,511.6690170764923,1385.5564498901367,0.95745
8e88552d-b240-4b3c-8b30-fc71269c054b,44,1.4666666666666666,left_heel,0.13158774,0.6925534,0.34490988,142.1147632598877,1329.7025299072266,0.9206216
8e88552d-b240-4b3c-8b30-fc71269c054b,44,1.4666666666666666,right_heel,0.44061556,0.73349863,0.31378275,475.8648097515106,1408.3173751831055,0.90418047
8e88552d-b240-4b3c-8b30-fc71269c054b,44,1.4666666666666666,left_foot_index,0.17322744,0.754957,0.2882212,187.085639834404,1449.517478942871,0.9299195
8e88552d-b240-4b3c-8b30-fc71269c054b,44,1.4666666666666666,right_foot_index,0.5305543,0.744945,0.3079234,572.9986381530762,1430.2943801879883,0.9500788
8e88552d-b240-4b3c-8b30-fc71269c054b,45,1.5,nose,0.73965883,0.41999802,-0.10166344,798.8315391540527,806.3961982727051,0.9999109
8e88552d-b240-4b3c-8b30-fc71269c054b,45,1.5,left_shoulder,0.6154503,0.44957122,0.23708494,664.6863484382629,863.1767463684082,0.99984324
8e88552d-b240-4b3c-8b30-fc71269c054b,45,1.5,right_shoulder,0.6169965,0.4667414,-0.37586984,666.3562488555908,896.1435127258301,0.9998507
8e88552d-b240-4b3c-8b30-fc71269c054b,45,1.5,left_elbow,0.55929834,0.5209573,0.43149465,604.0422034263611,1000.2379989624023,0.32169744
8e88552d-b240-4b3c-8b30-fc71269c054b,45,1.5,right_elbow,0.53791547,0.54223,-0.35726303,580.9487056732178,1041.0816192626953,0.9816175
8e88552d-b240-4b3c-8b30-fc71269c054b,45,1.5,left_wrist,0.6433546,0.56038284,0.42547947,694.8229622840881,1075.93505859375,0.53566027
8e88552d-b240-4b3c-8b30-fc71269c054b,45,1.5,right_wrist,0.63139725,0.57627094,-0.18315715,681.9090270996094,1106.440200805664,0.94370526
8e88552d-b240-4b3c-8b30-fc71269c054b,45,1.5,left_hip,0.41846183,0.55647296,0.18543665,451.9387757778168,1068.428077697754,0.99947953
8e88552d-b240-4b3c-8b30-fc71269c054b,45,1.5,right_hip,0.4452305,0.56827164,-0.18510517,480.84895491600037,1091.08154296875,0.9992096
8e88552d-b240-4b3c-8b30-fc71269c054b,45,1.5,left_knee,0.37683252,0.65617824,0.23781134,406.97911620140076,1259.8622131347656,0.9045187
8e88552d-b240-4b3c-8b30-fc71269c054b,45,1.5,right_knee,0.5827214,0.64464635,-0.020854115,629.3391251564026,1237.7209854125977,0.9795486
8e88552d-b240-4b3c-8b30-fc71269c054b,45,1.5,left_ankle,0.18336616,0.6934303,0.3305837,198.03545773029327,1331.3861846923828,0.9346728
8e88552d-b240-4b3c-8b30-fc71269c054b,45,1.5,right_ankle,0.46860957,0.72108644,0.25584823,506.0983371734619,1384.485969543457,0.95999944
8e88552d-b240-4b3c-8b30-fc71269c054b,45,1.5,left_heel,0.14024363,0.69022125,0.33821025,151.46312534809113,1325.2248001098633,0.92670137
8e88552d-b240-4b3c-8b30-fc71269c054b,45,1.5,right_heel,0.43718868,0.7327837,0.28207716,472.1637797355652,1406.9446563720703,0.90826577
8e88552d-b240-4b3c-8b30-fc71269c054b,45,1.5,left_foot_index,0.17940047,0.7522959,0.28617692,193.75251173973083,1444.4081497192383,0.9354293
8e88552d-b240-4b3c-8b30-fc71269c054b,45,1.5,right_foot_index,0.52603424,0.74479103,0.27549836,568.1169748306274,1429.998779296875,0.9529904
8e88552d-b240-4b3c-8b30-fc71269c054b,46,1.5333333333333334,nose,0.73974615,0.41936314,-0.10619967,798.9258456230164,805.1772308349609,0.9999186
8e88552d-b240-4b3c-8b30-fc71269c054b,46,1.5333333333333334,left_shoulder,0.6145018,0.44956264,0.23129353,663.6619162559509,863.1602668762207,0.99984676
8e88552d-b240-4b3c-8b30-fc71269c054b,46,1.5333333333333334,right_shoulder,0.6177642,0.46678433,-0.37056604,667.185308933258,896.2259101867676,0.9998595
8e88552d-b240-4b3c-8b30-fc71269c054b,46,1.5333333333333334,left_elbow,0.55423427,0.52298325,0.39750132,598.5730075836182,1004.1278457641602,0.30595082
8e88552d-b240-4b3c-8b30-fc71269c054b,46,1.5333333333333334,right_elbow,0.54204094,0.5436316,-0.34705272,585.4042196273804,1043.7726974487305,0.98237264
8e88552d-b240-4b3c-8b30-fc71269c054b,46,1.5333333333333334,left_wrist,0.6423338,0.56047094,0.35673526,693.7205100059509,1076.1042022705078,0.5374581
8e88552d-b240-4b3c-8b30-fc71269c054b,46,1.5333333333333334,right_wrist,0.6451629,0.5762307,-0.17126368,696.7759108543396,1106.3629531860352,0.947085
8e88552d-b240-4b3c-8b30-fc71269c054b,46,1.5333333333333334,left_hip,0.41854778,0.55742645,0.181438,452.0316016674042,1070.2587890625,0.9995263
8e88552d-b240-4b3c-8b30-fc71269c054b,46,1.5333333333333334,right_hip,0.448258,0.568885,-0.18102689,484.1186535358429,1092.2592544555664,0.9992745
8e88552d-b240-4b3c-8b30-fc71269c054b,46,1.5333333333333334,left_knee,0.38646692,0.65562063,0.22880127,417.3842740058899,1258.791618347168,0.91093457
8e88552d-b240-4b3c-8b30-fc71269c054b,46,1.5333333333333334,right_knee,0.5805925,0.64781445,-0.03242019,627.0399141311646,1243.8037490844727,0.980638
8e88552d-b240-4b3c-8b30-fc71269c054b,46,1.5333333333333334,left_ankle,0.1897489,0.6917093,0.32509926,204.92881000041962,1328.0818176269531,0.93997526
8e88552d-b240-4b3c-8b30-fc71269c054b,46,1.5333333333333334,right_ankle,0.4617657,0.7211556,0.23668508,498.7069630622864,1384.6187210083008,0.9625463
8e88552d-b240-4b3c-8b30-fc71269c054b,46,1.5333333333333334,left_heel,0.14640228,0.68817884,0.3329838,158.11446726322174,1321.303367614746,0.9320876
8e88552d-b240-4b3c-8b30-fc71269c054b,46,1.5333333333333334,right_heel,0.42911607,0.73295224,0.26221955,463.4453558921814,1407.268295288086,0.91218525
8e88552d-b240-4b3c-8b30-fc71269c054b,46,1.5333333333333334,left_foot_index,0.18244496,0.74990773,0.28403586,197.04055666923523,1439.8228454589844,0.9403728
8e88552d-b240-4b3c-8b30-fc71269c054b,46,1.5333333333333334,right_foot_index,0.5237307,0.7449013,0.25865608,565.6291508674622,1430.2104949951172,0.9557963
8e88552d-b240-4b3c-8b30-fc71269c054b,47,1.5666666666666667,nose,0.73967904,0.41901082,-0.113073826,798.8533616065979,804.5007705688477,0.9999257
8e88552d-b240-4b3c-8b30-fc71269c054b,47,1.5666666666666667,left_shoulder,0.61189556,0.44815984,0.22830595,660.8472061157227,860.4668998718262,0.999852
8e88552d-b240-4b3c-8b30-fc71269c054b,47,1.5666666666666667,right_shoulder,0.6220885,0.4668048,-0.37382752,671.855571269989,896.2652206420898,0.99986947
8e88552d-b240-4b3c-8b30-fc71269c054b,47,1.5666666666666667,left_elbow,0.55428696,0.5226353,0.37750325,598.6299133300781,1003.4597396850586,0.28991386
8e88552d-b240-4b3c-8b30-fc71269c054b,47,1.5666666666666667,right_elbow,0.54729456,0.54508644,-0.33396307,591.0781216621399,1046.5659713745117,0.9830308
8e88552d-b240-4b3c-8b30-fc71269c054b,47,1.5666666666666667,left_wrist,0.6352189,0.5598413,0.31508982,686.0364317893982,1074.895248413086,0.5340949
8e88552d-b240-4b3c-8b30-fc71269c054b,47,1.5666666666666667,right_wrist,0.63814425,0.57527345,-0.12517115,689.1957950592041,1104.525032043457,0.9497799
8e88552d-b240-4b3c-8b30-fc71269c054b,47,1.5666666666666667,left_hip,0.41884446,0.5573643,0.18110384,452.35201835632324,1070.1394271850586,0.9995702
8e88552d-b240-4b3c-8b30-fc71269c054b,47,1.5666666666666667,right_hip,0.4535252,0.5697788,-0.1807023,489.80720043182373,1093.9752960205078,0.9993373
8e88552d-b240-4b3c-8b30-fc71269c054b,47,1.5666666666666667,left_knee,0.39131847,0.65500915,0.23368041,422.6239478588104,1257.6175689697266,0.9169461
8e88552d-b240-4b3c-8b30-fc71269c054b,47,1.5666666666666667,right_knee,0.57776475,0.6497187,-0.025130225,623.9859294891357,1247.4599075317383,0.9816208
8e88552d-b240-4b3c-8b30-fc71269c054b,47,1.5666666666666667,left_ankle,0.19609761,0.6903496,0.33453143,211.78542137145996,1325.47119140625,0.9449141
8e88552d-b240-4b3c-8b30-fc71269c054b,47,1.5666666666666667,right_ankle,0.46059695,0.72123647,0.23941766,497.44470477104187,1384.7740173339844,0.9649759
8e88552d-b240-4b3c-8b30-fc71269c054b,47,1.5666666666666667,left_heel,0.1537519,0.6871474,0.34243408,166.05204641819,1319.3229675292969,0.93713146
8e88552d-b240-4b3c-8b30-fc71269c054b,47,1.5666666666666667,right_heel,0.4260384,0.73226315,0.26667085,460.1214873790741,1405.9452438354492,0.9159528
8e88552d-b240-4b3c-8b30-fc71269c054b,47,1.5666666666666667,left_foot_index,0.18805993,0.74768704,0.29198408,203.10472011566162,1435.5591201782227,0.94505954
8e88552d-b240-4b3c-8b30-fc71269c054b,47,1.5666666666666667,right_foot_index,0.5194038,0.74515307,0.27304742,560.9561204910278,1430.6938934326172,0.95863724
8e88552d-b240-4b3c-8b30-fc71269c054b,48,1.6,nose,0.7397838,0.4188324,-0.11630338,798.9665293693542,804.1581916809082,0.9999313
8e88552d-b240-4b3c-8b30-fc71269c054b,48,1.6,left_shoulder,0.6111009,0.4471034,0.21405596,659.9889850616455,858.438549041748,0.9998514
8e88552d-b240-4b3c-8b30-fc71269c054b,48,1.6,right_shoulder,0.6232867,0.46727258,-0.37438282,673.1496620178223,897.1633529663086,0.9998765
8e88552d-b240-4b3c-8b30-fc71269c054b,48,1.6,left_elbow,0.56348985,0.51895356,0.33902168,608.5690426826477,996.3908386230469,0.27287918
8e88552d-b240-4b3c-8b30-fc71269c054b,48,1.6,right_elbow,0.5502862,0.5471071,-0.3307568,594.3090677261353,1050.4456329345703,0.9835641
8e88552d-b240-4b3c-8b30-fc71269c054b,48,1.6,left_wrist,0.638484,0.5598862,0.26269504,689.5627212524414,1074.9815368652344,0.526219
8e88552d-b240-4b3c-8b30-fc71269c054b,48,1.6,right_wrist,0.6452505,0.5752436,-0.12984662,696.870539188385,1104.4676971435547,0.95250875
8e88552d-b240-4b3c-8b30-fc71269c054b,48,1.6,left_hip,0.42128542,0.55737865,0.17689632,454.98825430870056,1070.167007446289,0.9996049
8e88552d-b240-4b3c-8b30-fc71269c054b,48,1.6,right_hip,0.45710093,0.56983346,-0.17646809,493.6690020561218,1094.0802383422852,0.99938613
8e88552d-b240-4b3c-8b30-fc71269c054b,48,1.6,left_knee,0.401358,0.65446633,0.22675665,433.46664905548096,1256.5753555297852,0.9221914
8e88552d-b240-4b3c-8b30-fc71269c054b,48,1.6,right_knee,0.5775388,0.6520544,-0.044537753,623.7418913841248,1251.9445037841797,0.982506
8e88552d-b240-4b3c-8b30-fc71269c054b,48,1.6,left_ankle,0.20479168,0.68838614,0.33106413,221.17501437664032,1321.7013931274414,0.94899696
8e88552d-b240-4b3c-8b30-fc71269c054b,48,1.6,right_ankle,0.45730165,0.7217142,0.21487032,493.88577818870544,1385.691261291504,0.96713716
8e88552d-b240-4b3c-8b30-fc71269c054b,48,1.6,left_heel,0.16159022,0.68486696,0.33984348,174.51743602752686,1314.9445724487305,0.9410575
8e88552d-b240-4b3c-8b30-fc71269c054b,48,1.6,right_heel,0.42186686,0.73226124,0.2400931,455.6162130832672,1405.9415817260742,0.91905934
8e88552d-b240-4b3c-8b30-fc71269c054b,48,1.6,left_foot_index,0.19592305,0.7448746,0.29531494,211.59688889980316,1430.1592254638672,0.9487862
8e88552d-b240-4b3c-8b30-fc71269c054b,48,1.6,right_foot_index,0.5142498,0.7471668,0.24166955,555.3897857666016,1434.5602798461914,0.96096724
8e88552d-b240-4b3c-8b30-fc71269c054b,49,1.6333333333333333,nose,0.7399414,0.418692,-0.11315346,799.1367316246033,803.8886260986328,0.9999357
8e88552d-b240-4b3c-8b30-fc71269c054b,49,1.6333333333333333,left_shoulder,0.60642886,0.44468793,0.230548,654.9431705474854,853.8008308410645,0.9998481
8e88552d-b240-4b3c-8b30-fc71269c054b,49,1.6333333333333333,right_shoulder,0.62743276,0.4686013,-0.3756659,677.6273846626282,899.714469909668,0.9998824
8e88552d-b240-4b3c-8b30-fc71269c054b,49,1.6333333333333333,left_elbow,0.56609005,0.5154874,0.35812223,611.3772511482239,989.7357559204102,0.2553348
8e88552d-b240-4b3c-8b30-fc71269c054b,49,1.6333333333333333,right_elbow,0.5552505,0.54719055,-0.33955413,599.6705675125122,1050.6058502197266,0.98407954
8e88552d-b240-4b3c-8b30-fc71269c054b,49,1.6333333333333333,left_wrist,0.6379472,0.5586766,0.316919,688.9829778671265,1072.6590728759766,0.5172539
8e88552d-b240-4b3c-8b30-fc71269c054b,49,1.6333333333333333,right_wrist,0.641195,0.57521147,-0.14996488,692.490599155426,1104.4060134887695,0.95499027
8e88552d-b240-4b3c-8b30-fc71269c054b,49,1.6333333333333333,left_hip,0.42243466,0.5573318,0.1809205,456.229430437088,1070.0770568847656,0.9996377
8e88552d-b240-4b3c-8b30-fc71269c054b,49,1.6333333333333333,right_hip,0.46432078,0.57001233,-0.18049712,501.46644115448,1094.4236755371094,0.9994321
8e88552d-b240-4b3c-8b30-fc71269c054b,49,1.6333333333333333,left_knee,0.40958446,0.65428865,0.22642724,442.35121965408325,1256.2342071533203,0.92649424
8e88552d-b240-4b3c-8b30-fc71269c054b,49,1.6333333333333333,right_knee,0.57632416,0.65377134,-0.051055025,622.4300980567932,1255.2409744262695,0.98323345
8e88552d-b240-4b3c-8b30-fc71269c054b,49,1.6333333333333333,left_ankle,0.21206087,0.6873537,0.33343083,229.02573823928833,1319.7190475463867,0.9524879
8e88552d-b240-4b3c-8b30-fc71269c054b,49,1.6333333333333333,right_ankle,0.45433533,0.72274905,0.22207655,490.6821584701538,1387.6781845092773,0.9689968
8e88552d-b240-4b3c-8b30-fc71269c054b,49,1.6333333333333333,left_heel,0.16759287,0.6833366,0.34248808,181.000297665596,1312.0063018798828,0.94432545
8e88552d-b240-4b3c-8b30-fc71269c054b,49,1.6333333333333333,right_heel,0.41806158,0.7323319,0.24826391,451.5065109729767,1406.0771942138672,0.92143244
8e88552d-b240-4b3c-8b30-fc71269c054b,49,1.6333333333333333,left_foot_index,0.20423457,0.7414991,0.29717648,220.5733358860016,1423.678321838379,0.9519319
8e88552d-b240-4b3c-8b30-fc71269c054b,49,1.6333333333333333,right_foot_index,0.5079538,0.7502579,0.25001773,548.5901284217834,1440.4951858520508,0.9629666
8e88552d-b240-4b3c-8b30-fc71269c054b,50,1.6666666666666667,nose,0.74027985,0.4176493,-0.088378295,799.5022416114807,801.8866539001465,0.9999388
8e88552d-b240-4b3c-8b30-fc71269c054b,50,1.6666666666666667,left_shoulder,0.6038358,0.4441583,0.23469678,652.1426868438721,852.7839088439941,0.99983823
8e88552d-b240-4b3c-8b30-fc71269c054b,50,1.6666666666666667,right_shoulder,0.62978864,0.47000942,-0.3612472,680.1717281341553,902.4180793762207,0.99988556
8e88552d-b240-4b3c-8b30-fc71269c054b,50,1.6666666666666667,left_elbow,0.56760967,0.5134855,0.36649647,613.0184412002563,985.8921432495117,0.23717245
8e88552d-b240-4b3c-8b30-fc71269c054b,50,1.6666666666666667,right_elbow,0.56003195,0.5476228,-0.33800167,604.8345065116882,1051.435775756836,0.98435456
8e88552d-b240-4b3c-8b30-fc71269c054b,50,1.6666666666666667,left_wrist,0.6352711,0.5574758,0.32815868,686.0927581787109,1070.3535461425781,0.4985852
8e88552d-b240-4b3c-8b30-fc71269c054b,50,1.6666666666666667,right_wrist,0.6407139,0.57519966,-0.15348558,691.9709801673889,1104.3833541870117,0.9564649
8e88552d-b240-4b3c-8b30-fc71269c054b,50,1.6666666666666667,left_hip,0.42319107,0.55739826,0.18057287,457.0463562011719,1070.2046585083008,0.9996653
8e88552d-b240-4b3c-8b30-fc71269c054b,50,1.6666666666666667,right_hip,0.46754238,0.5701388,-0.18011668,504.94577050209045,1094.666519165039,0.9994702
8e88552d-b240-4b3c-8b30-fc71269c054b,50,1.6666666666666667,left_knee,0.41688296,0.65401924,0.21287718,450.233598947525,1255.7169342041016,0.9297501
8e88552d-b240-4b3c-8b30-fc71269c054b,50,1.6666666666666667,right_knee,0.57471305,0.6546655,-0.05417078,620.6900954246521,1256.9578170776367,0.9840679
8e88552d-b240-4b3c-8b30-fc71269c054b,50,1.6666666666666667,left_ankle,0.21817563,0.6866513,0.30955824,235.6296855211258,1318.370475769043,0.95538485
8e88552d-b240-4b3c-8b30-fc71269c054b,50,1.6666666666666667,right_ankle,0.45140883,0.72350675,0.19276132,487.52153992652893,1389.132957458496,0.97074354
8e88552d-b240-4b3c-8b30-fc71269c054b,50,1.6666666666666667,left_heel,0.17503412,0.6821867,0.3180942,189.0368503332138,1309.7985076904297,0.9470145
8e88552d-b240-4b3c-8b30-fc71269c054b,50,1.6666666666666667,right_heel,0.41519365,0.7323603,0.2165193,448.409138917923,1406.1317825317383,0.92399675
8e88552d-b240-4b3c-8b30-fc71269c054b,50,1.6666666666666667,left_foot_index,0.21170984,0.7391375,0.28083804,228.64662945270538,1419.143943786621,0.9545622
8e88552d-b240-4b3c-8b30-fc71269c054b,50,1.6666666666666667,right_foot_index,0.504488,0.75038785,0.22029784,544.8470306396484,1440.7446670532227,0.9647368
8e88552d-b240-4b3c-8b30-fc71269c054b,51,1.7,nose,0.74065775,0.41731408,-0.08851671,799.9103665351868,801.2430381774902,0.9999394
8e88552d-b240-4b3c-8b30-fc71269c054b,51,1.7,left_shoulder,0.6034479,0.4437999,0.23280032,651.723747253418,852.095832824707,0.99982417
8e88552d-b240-4b3c-8b30-fc71269c054b,51,1.7,right_shoulder,0.6327509,0.47086126,-0.35987368,683.3710026741028,904.0536117553711,0.99988675
8e88552d-b240-4b3c-8b30-fc71269c054b,51,1.7,left_elbow,0.56872773,0.5133232,0.35094467,614.2259502410889,985.5805206298828,0.22068752
8e88552d-b240-4b3c-8b30-fc71269c054b,51,1.7,right_elbow,0.5629932,0.54830116,-0.32658717,608.0326867103577,1052.7382278442383,0.98428655
8e88552d-b240-4b3c-8b30-fc71269c054b,51,1.7,left_wrist,0.63484854,0.5566137,0.28730953,685.6364178657532,1068.6982727050781,0.48069513
8e88552d-b240-4b3c-8b30-fc71269c054b,51,1.7,right_wrist,0.64566624,0.57304597,-0.12779167,697.319540977478,1100.2482604980469,0.9574175
8e88552d-b240-4b3c-8b30-fc71269c054b,51,1.7,left_hip,0.42434636,0.5573892,0.17984639,458.2940661907196,1070.1872634887695,0.9996844
8e88552d-b240-4b3c-8b30-fc71269c054b,51,1.7,right_hip,0.46937045,0.5700204,-0.17937048,506.9200909137726,1094.4391250610352,0.9994959
8e88552d-b240-4b3c-8b30-fc71269c054b,51,1.7,left_knee,0.42320943,0.6533519,0.21858786,457.06618309020996,1254.4356536865234,0.93167603
8e88552d-b240-4b3c-8b30-fc71269c054b,51,1.7,right_knee,0.5733665,0.656186,-0.07047944,619.2358446121216,1259.8770904541016,0.9846756
8e88552d-b240-4b3c-8b30-fc71269c054b,51,1.7,left_ankle,0.22404109,0.6858225,0.31339636,241.96437656879425,1316.7791748046875,0.9573489
8e88552d-b240-4b3c-8b30-fc71269c054b,51,1.7,right_ankle,0.44654402,0.7251091,0.16930406,482.2675430774689,1392.20947265625,0.97212136
8e88552d-b240-4b3c-8b30-fc71269c054b,51,1.7,left_heel,0.18272454,0.6808153,0.31910264,197.34249830245972,1307.1653366088867,0.9485734
8e88552d-b240-4b3c-8b30-fc71269c054b,51,1.7,right_heel,0.41056666,0.7342021,0.19274916,443.411990404129,1409.6680068969727,0.9255653
8e88552d-b240-4b3c-8b30-fc71269c054b,51,1.7,left_foot_index,0.22273669,0.73703164,0.30277383,240.55562138557434,1415.1007461547852,0.9561554
8e88552d-b240-4b3c-8b30-fc71269c054b,51,1.7,right_foot_index,0.49914438,0.75141853,0.19556409,539.0759253501892,1442.7235794067383,0.9660401
8e88552d-b240-4b3c-8b30-fc71269c054b,52,1.7333333333333334,nose,0.74071985,0.41742107,-0.07688024,799.9774432182312,801.4484596252441,0.9999407
8e88552d-b240-4b3c-8b30-fc71269c054b,52,1.7333333333333334,left_shoulder,0.60342306,0.44363776,0.23440614,651.6969037055969,851.784496307373,0.99981266
8e88552d-b240-4b3c-8b30-fc71269c054b,52,1.7333333333333334,right_shoulder,0.6367254,0.47079745,-0.3503778,687.663459777832,903.9311027526855,0.9998896
8e88552d-b240-4b3c-8b30-fc71269c054b,52,1.7333333333333334,left_elbow,0.5695097,0.5134225,0.33812463,615.0704598426819,985.7711791992188,0.20462751
8e88552d-b240-4b3c-8b30-fc71269c054b,52,1.7333333333333334,right_elbow,0.56727535,0.5487576,-0.30971587,612.6573729515076,1053.614616394043,0.9837802
8e88552d-b240-4b3c-8b30-fc71269c054b,52,1.7333333333333334,left_wrist,0.63509005,0.5559671,0.2655687,685.8972573280334,1067.4568176269531,0.45777398
8e88552d-b240-4b3c-8b30-fc71269c054b,52,1.7333333333333334,right_wrist,0.6488389,0.57063204,-0.09714878,700.7459878921509,1095.6135177612305,0.9570584
8e88552d-b240-4b3c-8b30-fc71269c054b,52,1.7333333333333334,left_hip,0.42594957,0.5575115,0.17822415,460.02553939819336,1070.4220962524414,0.9997047
8e88552d-b240-4b3c-8b30-fc71269c054b,52,1.7333333333333334,right_hip,0.47163484,0.5698425,-0.17770681,509.36562180519104,1094.0976333618164,0.9995261
8e88552d-b240-4b3c-8b30-fc71269c054b,52,1.7333333333333334,left_knee,0.42932862,0.65267813,0.21501037,463.67491006851196,1253.1420135498047,0.933031
8e88552d-b240-4b3c-8b30-fc71269c054b,52,1.7333333333333334,right_knee,0.57023275,0.6575079,-0.07128559,615.8513689041138,1262.4151611328125,0.9854968
8e88552d-b240-4b3c-8b30-fc71269c054b,52,1.7333333333333334,left_ankle,0.23131372,0.68482786,0.31283408,249.8188179731369,1314.869499206543,0.95917046
8e88552d-b240-4b3c-8b30-fc71269c054b,52,1.7333333333333334,right_ankle,0.44108248,0.72803503,0.14988042,476.3690757751465,1397.827262878418,0.97372156
8e88552d-b240-4b3c-8b30-fc71269c054b,52,1.7333333333333334,left_heel,0.19006748,0.6796459,0.32049426,205.27288377285004,1304.9201202392578,0.9503047
8e88552d-b240-4b3c-8b30-fc71269c054b,52,1.7333333333333334,right_heel,0.4063268,0.7374063,0.17113535,438.83294463157654,1415.8201217651367,0.92832583
8e88552d-b240-4b3c-8b30-fc71269c054b,52,1.7333333333333334,left_foot_index,0.23289871,0.73614603,0.29752713,251.53060913085938,1413.4003829956055,0.9578052
8e88552d-b240-4b3c-8b30-fc71269c054b,52,1.7333333333333334,right_foot_index,0.49269924,0.7545234,0.17533262,532.1151745319366,1448.6849212646484,0.96764183
8e88552d-b240-4b3c-8b30-fc71269c054b,53,1.7666666666666666,nose,0.7423832,0.41742894,-0.086155005,801.7738366127014,801.463565826416,0.99994034
8e88552d-b240-4b3c-8b30-fc71269c054b,53,1.7666666666666666,left_shoulder,0.6040782,0.44349083,0.22552772,652.4044275283813,851.5023994445801,0.9997966
8e88552d-b240-4b3c-8b30-fc71269c054b,53,1.7666666666666666,right_shoulder,0.6408749,0.47080564,-0.35004437,692.1449160575867,903.9468383789062,0.99988985
8e88552d-b240-4b3c-8b30-fc71269c054b,53,1.7666666666666666,left_elbow,0.5703745,0.5146689,0.2844557,616.0044479370117,988.1642532348633,0.19005555
8e88552d-b240-4b3c-8b30-fc71269c054b,53,1.7666666666666666,right_elbow,0.571366,0.5496009,-0.2956257,617.0752930641174,1055.2337265014648,0.98252565
8e88552d-b240-4b3c-8b30-fc71269c054b,53,1.7666666666666666,left_wrist,0.63387746,0.5561087,0.17293648,684.587652683258,1067.7287292480469,0.43309152
8e88552d-b240-4b3c-8b30-fc71269c054b,53,1.7666666666666666,right_wrist,0.65111434,0.56907964,-0.06800779,703.2034921646118,1092.6329040527344,0.95442414
8e88552d-b240-4b3c-8b30-fc71269c054b,53,1.7666666666666666,left_hip,0.4268199,0.55772316,0.17517072,460.96548199653625,1070.8284759521484,0.999717
8e88552d-b240-4b3c-8b30-fc71269c054b,53,1.7666666666666666,right_hip,0.47160134,0.569657,-0.17461058,509.32944416999817,1093.7414932250977,0.9995462
8e88552d-b240-4b3c-8b30-fc71269c054b,53,1.7666666666666666,left_knee,0.4377953,0.65164536,0.21939966,472.81893610954285,1251.1590957641602,0.93295825
8e88552d-b240-4b3c-8b30-fc71269c054b,53,1.7666666666666666,right_knee,0.5682228,0.6587962,-0.07320078,613.6806464195251,1264.888687133789,0.98629034
8e88552d-b240-4b3c-8b30-fc71269c054b,53,1.7666666666666666,left_ankle,0.24448805,0.6845332,0.33515978,264.0470892190933,1314.3037033081055,0.95994246
8e88552d-b240-4b3c-8b30-fc71269c054b,53,1.7666666666666666,right_ankle,0.4325807,0.73055804,0.1505097,467.18716621398926,1402.6714324951172,0.975038
8e88552d-b240-4b3c-8b30-fc71269c054b,53,1.7666666666666666,left_heel,0.20078665,0.67947257,0.34475788,216.84958219528198,1304.5873260498047,0.9506038
8e88552d-b240-4b3c-8b30-fc71269c054b,53,1.7666666666666666,right_heel,0.40162992,0.739618,0.17204185,433.7603187561035,1420.0665664672852,0.9303601
8e88552d-b240-4b3c-8b30-fc71269c054b,53,1.7666666666666666,left_foot_index,0.24902095,0.73335904,0.3282367,268.9426249265671,1408.0493545532227,0.95835406
8e88552d-b240-4b3c-8b30-fc71269c054b,53,1.7666666666666666,right_foot_index,0.48991948,0.75618714,0.1763933,529.1130423545837,1451.8793106079102,0.9688799
8e88552d-b240-4b3c-8b30-fc71269c054b,54,1.8,nose,0.7438088,0.41782248,-0.084380575,803.3135104179382,802.2191619873047,0.99993956
8e88552d-b240-4b3c-8b30-fc71269c054b,54,1.8,left_shoulder,0.60378164,0.44322672,0.21201272,652.0841717720032,850.9953117370605,0.9997784
8e88552d-b240-4b3c-8b30-fc71269c054b,54,1.8,right_shoulder,0.6471333,0.47168288,-0.33593392,698.9039540290833,905.6311225891113,0.99988884
8e88552d-b240-4b3c-8b30-fc71269c054b,54,1.8,left_elbow,0.56857204,0.51519275,0.27954108,614.0578079223633,989.1700744628906,0.17634591
8e88552d-b240-4b3c-8b30-fc71269c054b,54,1.8,right_elbow,0.57350284,0.5513316,-0.2781248,619.383065700531,1058.5566329956055,0.98044026
8e88552d-b240-4b3c-8b30-fc71269c054b,54,1.8,left_wrist,0.6306208,0.5550447,0.20302445,681.0704398155212,1065.6858444213867,0.4106567
8e88552d-b240-4b3c-8b30-fc71269c054b,54,1.8,right_wrist,0.64939237,0.56932527,-0.058397405,701.3437557220459,1093.1045150756836,0.95072526
8e88552d-b240-4b3c-8b30-fc71269c054b,54,1.8,left_hip,0.4269498,0.5578113,0.16557235,461.10578298568726,1070.9977340698242,0.999724
8e88552d-b240-4b3c-8b30-fc71269c054b,54,1.8,right_hip,0.47263715,0.56965965,-0.16500755,510.44811844825745,1093.7465286254883,0.99955976
8e88552d-b240-4b3c-8b30-fc71269c054b,54,1.8,left_knee,0.44376212,0.6500196,0.23951699,479.2630934715271,1248.0376052856445,0.930358
8e88552d-b240-4b3c-8b30-fc71269c054b,54,1.8,right_knee,0.56669176,0.6595072,-0.06735967,612.027096748352,1266.2538528442383,0.9868333
8e88552d-b240-4b3c-8b30-fc71269c054b,54,1.8,left_ankle,0.25828227,0.68372196,0.373047,278.944855928421,1312.7461624145508,0.958819
8e88552d-b240-4b3c-8b30-fc71269c054b,54,1.8,right_ankle,0.43134746,0.7308071,0.15261719,465.855256319046,1403.1496810913086,0.9755114
8e88552d-b240-4b3c-8b30-fc71269c054b,54,1.8,left_heel,0.21112897,0.6785558,0.38504398,228.01928222179413,1302.8271102905273,0.9486193
8e88552d-b240-4b3c-8b30-fc71269c054b,54,1.8,right_heel,0.40142742,0.7396642,0.17457618,433.5416114330292,1420.155258178711,0.9301803
8e88552d-b240-4b3c-8b30-fc71269c054b,54,1.8,left_foot_index,0.2630109,0.729973,0.37729874,284.05176043510437,1401.548194885254,0.9568212
8e88552d-b240-4b3c-8b30-fc71269c054b,54,1.8,right_foot_index,0.4896889,0.75622135,0.18516187,528.864015340805,1451.9449996948242,0.9689187
8e88552d-b240-4b3c-8b30-fc71269c054b,55,1.8333333333333333,nose,0.7441445,0.4178358,-0.078401156,803.6760592460632,802.2447395324707,0.9999372
8e88552d-b240-4b3c-8b30-fc71269c054b,55,1.8333333333333333,left_shoulder,0.60394776,0.4422588,0.20674738,652.2635793685913,849.136905670166,0.999754
8e88552d-b240-4b3c-8b30-fc71269c054b,55,1.8333333333333333,right_shoulder,0.65185666,0.47259837,-0.32644978,704.0051937103271,907.3888778686523,0.9998863
8e88552d-b240-4b3c-8b30-fc71269c054b,55,1.8333333333333333,left_elbow,0.5680516,0.5146354,0.28099063,613.4957027435303,988.0999374389648,0.16284814
8e88552d-b240-4b3c-8b30-fc71269c054b,55,1.8333333333333333,right_elbow,0.57473505,0.5522862,-0.2612213,620.713849067688,1060.389518737793,0.9772431
8e88552d-b240-4b3c-8b30-fc71269c054b,55,1.8333333333333333,left_wrist,0.62633306,0.55097675,0.23069191,676.4397025108337,1057.8753662109375,0.38479862
8e88552d-b240-4b3c-8b30-fc71269c054b,55,1.8333333333333333,right_wrist,0.64812654,0.56952596,-0.041601066,699.9766659736633,1093.4898376464844,0.9444177
8e88552d-b240-4b3c-8b30-fc71269c054b,55,1.8333333333333333,left_hip,0.42758286,0.5578102,0.16360006,461.78948879241943,1070.9955596923828,0.9997329
8e88552d-b240-4b3c-8b30-fc71269c054b,55,1.8333333333333333,right_hip,0.4747489,0.5696671,-0.1630545,512.7288222312927,1093.7608337402344,0.9995788
8e88552d-b240-4b3c-8b30-fc71269c054b,55,1.8333333333333333,left_knee,0.45265827,0.6467062,0.2654105,488.8709270954132,1241.6759490966797,0.9249028
8e88552d-b240-4b3c-8b30-fc71269c054b,55,1.8333333333333333,right_knee,0.5664651,0.65904915,-0.065004274,611.7822861671448,1265.3743743896484,0.98749053
8e88552d-b240-4b3c-8b30-fc71269c054b,55,1.8333333333333333,left_ankle,0.27052546,0.6843015,0.40619805,292.1674919128418,1313.858871459961,0.95712084
8e88552d-b240-4b3c-8b30-fc71269c054b,55,1.8333333333333333,right_ankle,0.4283576,0.7303881,0.15736033,462.6262092590332,1402.3451614379883,0.9761446
8e88552d-b240-4b3c-8b30-fc71269c054b,55,1.8333333333333333,left_heel,0.22163916,0.6793802,0.4190079,239.37028884887695,1304.4099426269531,0.9460995
8e88552d-b240-4b3c-8b30-fc71269c054b,55,1.8333333333333333,right_heel,0.3985021,0.73942775,0.17995787,430.38228034973145,1419.701271057129,0.9303173
8e88552d-b240-4b3c-8b30-fc71269c054b,55,1.8333333333333333,left_foot_index,0.28394553,0.72941893,0.41504958,306.66117310523987,1400.4843521118164,0.9554057
8e88552d-b240-4b3c-8b30-fc71269c054b,55,1.8333333333333333,right_foot_index,0.48848972,0.7560155,0.19518286,527.5688946247101,1451.5497207641602,0.9693777
8e88552d-b240-4b3c-8b30-fc71269c054b,56,1.8666666666666667,nose,0.74442905,0.41779408,-0.060107995,803.9833760261536,802.1646308898926,0.9999365
8e88552d-b240-4b3c-8b30-fc71269c054b,56,1.8666666666666667,left_shoulder,0.60374826,0.44042063,0.20532046,652.048122882843,845.6076049804688,0.99974054
8e88552d-b240-4b3c-8b30-fc71269c054b,56,1.8666666666666667,right_shoulder,0.65603065,0.47409502,-0.32990783,708.5131072998047,910.2624320983887,0.9998867
8e88552d-b240-4b3c-8b30-fc71269c054b,56,1.8666666666666667,left_elbow,0.564061,0.510348,0.29776275,609.1858649253845,979.8682022094727,0.1506318
8e88552d-b240-4b3c-8b30-fc71269c054b,56,1.8666666666666667,right_elbow,0.5778736,0.5521227,-0.2607086,624.1034746170044,1060.0756072998047,0.9748562
8e88552d-b240-4b3c-8b30-fc71269c054b,56,1.8666666666666667,left_wrist,0.61767715,0.54594266,0.2606688,667.0913243293762,1048.2099151611328,0.35948938
8e88552d-b240-4b3c-8b30-fc71269c054b,56,1.8666666666666667,right_wrist,0.64157736,0.57333887,-0.017660158,692.9035520553589,1100.8106231689453,0.937214
8e88552d-b240-4b3c-8b30-fc71269c054b,56,1.8666666666666667,left_hip,0.42932272,0.5577333,0.16484542,463.6685371398926,1070.8479309082031,0.9997447
8e88552d-b240-4b3c-8b30-fc71269c054b,56,1.8666666666666667,right_hip,0.47875723,0.5704151,-0.16433316,517.0578110218048,1095.1969528198242,0.99960095
8e88552d-b240-4b3c-8b30-fc71269c054b,56,1.8666666666666667,left_knee,0.45625186,0.6429608,0.29040796,492.75200843811035,1234.4847106933594,0.92096764
8e88552d-b240-4b3c-8b30-fc71269c054b,56,1.8666666666666667,right_knee,0.56530017,0.6591299,-0.06272464,610.5241799354553,1265.529441833496,0.98822284
8e88552d-b240-4b3c-8b30-fc71269c054b,56,1.8666666666666667,left_ankle,0.27714628,0.68432426,0.43821684,299.31798219680786,1313.902587890625,0.95648897
8e88552d-b240-4b3c-8b30-fc71269c054b,56,1.8666666666666667,right_ankle,0.4249306,0.7301676,0.16750604,458.92505049705505,1401.9218444824219,0.9772024
8e88552d-b240-4b3c-8b30-fc71269c054b,56,1.8666666666666667,left_heel,0.23064826,0.6798786,0.45111588,249.10012543201447,1305.3668975830078,0.9441405
8e88552d-b240-4b3c-8b30-fc71269c054b,56,1.8666666666666667,right_heel,0.3943526,0.7392238,0.19076842,425.9008240699768,1419.3096542358398,0.9312836
8e88552d-b240-4b3c-8b30-fc71269c054b,56,1.8666666666666667,left_foot_index,0.29321903,0.72891325,0.44779158,316.6765522956848,1399.5134353637695,0.9549423
8e88552d-b240-4b3c-8b30-fc71269c054b,56,1.8666666666666667,right_foot_index,0.4848556,0.7557555,0.19919895,523.6440396308899,1451.0505294799805,0.97047246
8e88552d-b240-4b3c-8b30-fc71269c054b,57,1.9,nose,0.74462986,0.41759354,-0.059651975,804.2002487182617,801.7795944213867,0.99993634
8e88552d-b240-4b3c-8b30-fc71269c054b,57,1.9,left_shoulder,0.6036555,0.43763,0.19470467,651.9479584693909,840.2495956420898,0.9997331
8e88552d-b240-4b3c-8b30-fc71269c054b,57,1.9,right_shoulder,0.65820444,0.47468212,-0.32640103,710.8607912063599,911.3896751403809,0.9998884
8e88552d-b240-4b3c-8b30-fc71269c054b,57,1.9,left_elbow,0.56241316,0.5072801,0.28560305,607.4062085151672,973.9778137207031,0.13930179
8e88552d-b240-4b3c-8b30-fc71269c054b,57,1.9,right_elbow,0.5790886,0.55275804,-0.24790116,625.4157185554504,1061.2954330444336,0.9714247
8e88552d-b240-4b3c-8b30-fc71269c054b,57,1.9,left_wrist,0.6161158,0.5420016,0.26247555,665.4050731658936,1040.643081665039,0.3352462
8e88552d-b240-4b3c-8b30-fc71269c054b,57,1.9,right_wrist,0.6351174,0.5734953,0.008148912,685.9268045425415,1101.1110305786133,0.92686677
8e88552d-b240-4b3c-8b30-fc71269c054b,57,1.9,left_hip,0.4306725,0.5573047,0.1629967,465.1262962818146,1070.0249862670898,0.999755
8e88552d-b240-4b3c-8b30-fc71269c054b,57,1.9,right_hip,0.47959036,0.57104313,-0.16260134,517.9575848579407,1096.402816772461,0.99962175
8e88552d-b240-4b3c-8b30-fc71269c054b,57,1.9,left_knee,0.45620692,0.63955015,0.31586757,492.70347118377686,1227.9362869262695,0.91183716
8e88552d-b240-4b3c-8b30-fc71269c054b,57,1.9,right_knee,0.5641809,0.6589397,-0.033697996,609.3153834342957,1265.1642608642578,0.98868054
8e88552d-b240-4b3c-8b30-fc71269c054b,57,1.9,left_ankle,0.28685376,0.6842216,0.45893982,309.8020613193512,1313.7055206298828,0.95337015
8e88552d-b240-4b3c-8b30-fc71269c054b,57,1.9,right_ankle,0.41849154,0.7299345,0.19473656,451.97086572647095,1401.474266052246,0.9775172
8e88552d-b240-4b3c-8b30-fc71269c054b,57,1.9,left_heel,0.23931418,0.6802142,0.4712724,258.45931828022003,1306.0113143920898,0.93953925
8e88552d-b240-4b3c-8b30-fc71269c054b,57,1.9,right_heel,0.3897261,0.7391911,0.21901189,420.9041905403137,1419.246940612793,0.93015796
8e88552d-b240-4b3c-8b30-fc71269c054b,57,1.9,left_foot_index,0.30243608,0.72764546,0.47416076,326.6309702396393,1397.0792770385742,0.9525815
8e88552d-b240-4b3c-8b30-fc71269c054b,57,1.9,right_foot_index,0.48109135,0.75494134,0.25084007,519.5786583423615,1449.4873809814453,0.9706727
8e88552d-b240-4b3c-8b30-fc71269c054b,58,1.9333333333333333,nose,0.745525,0.41739142,-0.0218466,805.1670026779175,801.3915252685547,0.9999358
8e88552d-b240-4b3c-8b30-fc71269c054b,58,1.9333333333333333,left_shoulder,0.6040987,0.4356672,0.19257273,652.4265718460083,836.4809989929199,0.99972653
8e88552d-b240-4b3c-8b30-fc71269c054b,58,1.9333333333333333,right_shoulder,0.6615036,0.47524372,-0.31612697,714.4239020347595,912.4679374694824,0.999891
8e88552d-b240-4b3c-8b30-fc71269c054b,58,1.9333333333333333,left_elbow,0.5627652,0.5058934,0.28044274,607.7863955497742,971.3153457641602,0.12955466
8e88552d-b240-4b3c-8b30-fc71269c054b,58,1.9333333333333333,right_elbow,0.5818861,0.5527923,-0.22820681,628.4370017051697,1061.3612365722656,0.969066
8e88552d-b240-4b3c-8b30-fc71269c054b,58,1.9333333333333333,left_wrist,0.6188992,0.53909886,0.26308924,668.4111642837524,1035.069808959961,0.31449622
8e88552d-b240-4b3c-8b30-fc71269c054b,58,1.9333333333333333,right_wrist,0.63353235,0.5730313,0.027249724,684.2149329185486,1100.2201080322266,0.9194108
8e88552d-b240-4b3c-8b30-fc71269c054b,58,1.9333333333333333,left_hip,0.43374878,0.5565526,0.16126923,468.44868421554565,1068.5809707641602,0.9997671
8e88552d-b240-4b3c-8b30-fc71269c054b,58,1.9333333333333333,right_hip,0.48428887,0.5710517,-0.16094762,523.0319809913635,1096.4192962646484,0.99964356
8e88552d-b240-4b3c-8b30-fc71269c054b,58,1.9333333333333333,left_knee,0.4623881,0.63861287,0.33169964,499.3791460990906,1226.136703491211,0.9019526
8e88552d-b240-4b3c-8b30-fc71269c054b,58,1.9333333333333333,right_knee,0.56293046,0.6588752,-0.007947106,607.9649019241333,1265.0404357910156,0.989047
8e88552d-b240-4b3c-8b30-fc71269c054b,58,1.9333333333333333,left_ankle,0.29806912,0.68443936,0.43087623,321.9146490097046,1314.1235733032227,0.9518359
8e88552d-b240-4b3c-8b30-fc71269c054b,58,1.9333333333333333,right_ankle,0.4119138,0.72827715,0.18243413,444.8669171333313,1398.292121887207,0.97820824
8e88552d-b240-4b3c-8b30-fc71269c054b,58,1.9333333333333333,left_heel,0.24952017,0.6814493,0.43972927,269.48178112506866,1308.3826446533203,0.937215
8e88552d-b240-4b3c-8b30-fc71269c054b,58,1.9333333333333333,right_heel,0.38691714,0.73663884,0.20250513,417.8705155849457,1414.346580505371,0.9307983
8e88552d-b240-4b3c-8b30-fc71269c054b,58,1.9333333333333333,left_foot_index,0.30927384,0.72751546,0.43726832,334.0157461166382,1396.8296813964844,0.95182145
8e88552d-b240-4b3c-8b30-fc71269c054b,58,1.9333333333333333,right_foot_index,0.47838384,0.75420487,0.24146943,516.6545462608337,1448.0733489990234,0.97148204
8e88552d-b240-4b3c-8b30-fc71269c054b,59,1.9666666666666666,nose,0.7454962,0.41757286,0.0152402595,805.1359105110168,801.7398834228516,0.99993455
8e88552d-b240-4b3c-8b30-fc71269c054b,59,1.9666666666666666,left_shoulder,0.60409707,0.43561655,0.20304264,652.4248337745667,836.3837814331055,0.99972236
8e88552d-b240-4b3c-8b30-fc71269c054b,59,1.9666666666666666,right_shoulder,0.6631077,0.47513074,-0.31480134,716.1563086509705,912.2510147094727,0.99989605
8e88552d-b240-4b3c-8b30-fc71269c054b,59,1.9666666666666666,left_elbow,0.5614553,0.50499064,0.28130326,606.3717341423035,969.5820236206055,0.12090498
8e88552d-b240-4b3c-8b30-fc71269c054b,59,1.9666666666666666,right_elbow,0.58640164,0.5526296,-0.22748378,633.3137726783752,1061.048812866211,0.9675835
8e88552d-b240-4b3c-8b30-fc71269c054b,59,1.9666666666666666,left_wrist,0.61790574,0.53735816,0.30485076,667.3381948471069,1031.7276763916016,0.29375434
8e88552d-b240-4b3c-8b30-fc71269c054b,59,1.9666666666666666,right_wrist,0.6290708,0.57392055,0.055486117,679.3964838981628,1101.9274520874023,0.90986663
8e88552d-b240-4b3c-8b30-fc71269c054b,59,1.9666666666666666,left_hip,0.43592682,0.5559906,0.1615374,470.8009707927704,1067.5019073486328,0.9997799
8e88552d-b240-4b3c-8b30-fc71269c054b,59,1.9666666666666666,right_hip,0.48651597,0.57145894,-0.16139524,525.4372465610504,1097.201156616211,0.99966615
8e88552d-b240-4b3c-8b30-fc71269c054b,59,1.9666666666666666,left_knee,0.47221184,0.63607544,0.3827028,509.98878479003906,1221.2648391723633,0.88543266
8e88552d-b240-4b3c-8b30-fc71269c054b,59,1.9666666666666666,right_knee,0.5603789,0.6596944,0.029462295,605.2092218399048,1266.6131973266602,0.9891162
8e88552d-b240-4b3c-8b30-fc71269c054b,59,1.9666666666666666,left_ankle,0.31430364,0.6845332,0.48205504,339.4479274749756,1314.3037033081055,0.94686204
8e88552d-b240-4b3c-8b30-fc71269c054b,59,1.9666666666666666,right_ankle,0.4081318,0.7270011,0.20685618,440.78235268592834,1395.842056274414,0.9783261
8e88552d-b240-4b3c-8b30-fc71269c054b,59,1.9666666666666666,left_heel,0.26788568,0.68478596,0.4901273,289.3165397644043,1314.789047241211,0.9313862
8e88552d-b240-4b3c-8b30-fc71269c054b,59,1.9666666666666666,right_heel,0.38243166,0.7366039,0.22654821,413.02618861198425,1414.2795181274414,0.930528
8e88552d-b240-4b3c-8b30-fc71269c054b,59,1.9666666666666666,left_foot_index,0.32538858,0.7247869,0.4986552,351.41966700553894,1391.590805053711,0.9489068
8e88552d-b240-4b3c-8b30-fc71269c054b,59,1.9666666666666666,right_foot_index,0.472956,0.75043964,0.2626697,510.7924818992615,1440.8441162109375,0.9718155
8e88552d-b240-4b3c-8b30-fc71269c054b,60,2.0,nose,0.7462637,0.41718403,-0.0064540757,805.964777469635,800.9933280944824,0.99993217
8e88552d-b240-4b3c-8b30-fc71269c054b,60,2.0,left_shoulder,0.604016,0.4357962,0.18930767,652.3372864723206,836.7287063598633,0.9997109
8e88552d-b240-4b3c-8b30-fc71269c054b,60,2.0,right_shoulder,0.6658259,0.47503313,-0.32059795,719.0919756889343,912.0636177062988,0.99989843
8e88552d-b240-4b3c-8b30-fc71269c054b,60,2.0,left_elbow,0.56194365,0.5027685,0.29181004,606.8991422653198,965.3155517578125,0.11250274
8e88552d-b240-4b3c-8b30-fc71269c054b,60,2.0,right_elbow,0.5892639,0.55251276,-0.22695394,636.405029296875,1060.8245086669922,0.96441317
8e88552d-b240-4b3c-8b30-fc71269c054b,60,2.0,left_wrist,0.6192535,0.53216684,0.33747074,668.793797492981,1021.7603302001953,0.27430022
8e88552d-b240-4b3c-8b30-fc71269c054b,60,2.0,right_wrist,0.62795717,0.5730447,0.058158383,678.1937384605408,1100.2458572387695,0.8983786
8e88552d-b240-4b3c-8b30-fc71269c054b,60,2.0,left_hip,0.4368501,0.55584407,0.16180208,471.79810881614685,1067.2206115722656,0.99978733
8e88552d-b240-4b3c-8b30-fc71269c054b,60,2.0,right_hip,0.48732933,0.57143945,-0.16164812,526.3156807422638,1097.1637344360352,0.99968356
8e88552d-b240-4b3c-8b30-fc71269c054b,60,2.0,left_knee,0.46601322,0.63763076,0.4048481,503.2942807674408,1224.2510604858398,0.86543536
8e88552d-b240-4b3c-8b30-fc71269c054b,60,2.0,right_knee,0.5588117,0.65973467,0.040350683,603.5166621208191,1266.690559387207,0.98900837
8e88552d-b240-4b3c-8b30-fc71269c054b,60,2.0,left_ankle,0.32413292,0.68456835,0.51635516,350.0635528564453,1314.371223449707,0.9409482
8e88552d-b240-4b3c-8b30-fc71269c054b,60,2.0,right_ankle,0.40732887,0.72687036,0.21333583,439.9151837825775,1395.5910873413086,0.9784164
8e88552d-b240-4b3c-8b30-fc71269c054b,60,2.0,left_heel,0.27464256,0.6862269,0.52632034,296.6139614582062,1317.5556564331055,0.9253063
8e88552d-b240-4b3c-8b30-fc71269c054b,60,2.0,right_heel,0.38030097,0.7366011,0.23332559,410.7250463962555,1414.2741394042969,0.9304933
8e88552d-b240-4b3c-8b30-fc71269c054b,60,2.0,left_foot_index,0.3354333,0.7232243,0.53958184,362.26796865463257,1388.5906219482422,0.9455753
8e88552d-b240-4b3c-8b30-fc71269c054b,60,2.0,right_foot_index,0.47074625,0.75046134,0.2670839,508.4059488773346,1440.8857727050781,0.9721273
8e88552d-b240-4b3c-8b30-fc71269c054b,61,2.033333333333333,nose,0.7467329,0.41717324,-0.01951741,806.4715218544006,800.9726142883301,0.9999272
8e88552d-b240-4b3c-8b30-fc71269c054b,61,2.033333333333333,left_shoulder,0.6033367,0.43462154,0.16893171,651.603627204895,834.4733619689941,0.9997002
8e88552d-b240-4b3c-8b30-fc71269c054b,61,2.033333333333333,right_shoulder,0.6689992,0.4742954,-0.34322694,722.5191307067871,910.6471824645996,0.99990267
8e88552d-b240-4b3c-8b30-fc71269c054b,61,2.033333333333333,left_elbow,0.56100035,0.5022287,0.28214183,605.8803749084473,964.2790603637695,0.10425029
8e88552d-b240-4b3c-8b30-fc71269c054b,61,2.033333333333333,right_elbow,0.59336585,0.551598,-0.22827637,640.8351159095764,1059.0681838989258,0.9617969
8e88552d-b240-4b3c-8b30-fc71269c054b,61,2.033333333333333,left_wrist,0.610402,0.5343203,0.32200205,659.2341470718384,1025.8949661254883,0.2549829
8e88552d-b240-4b3c-8b30-fc71269c054b,61,2.033333333333333,right_wrist,0.62004244,0.5734604,0.024995524,669.6458387374878,1101.0439682006836,0.886175
8e88552d-b240-4b3c-8b30-fc71269c054b,61,2.033333333333333,left_hip,0.4375139,0.5555439,0.16226797,472.5149989128113,1066.644287109375,0.99979234
8e88552d-b240-4b3c-8b30-fc71269c054b,61,2.033333333333333,right_hip,0.48758522,0.57155323,-0.16211514,526.5920341014862,1097.3822021484375,0.99969834
8e88552d-b240-4b3c-8b30-fc71269c054b,61,2.033333333333333,left_knee,0.46340412,0.6335451,0.42251936,500.4764485359192,1216.406593322754,0.83820236
8e88552d-b240-4b3c-8b30-fc71269c054b,61,2.033333333333333,right_knee,0.55563664,0.6601409,0.05083796,600.0875759124756,1267.470474243164,0.9888303
8e88552d-b240-4b3c-8b30-fc71269c054b,61,2.033333333333333,left_ankle,0.33611062,0.68466705,0.56237155,362.99947142601013,1314.5607376098633,0.9310605
8e88552d-b240-4b3c-8b30-fc71269c054b,61,2.033333333333333,right_ankle,0.40758365,0.726745,0.25316647,440.1903462409973,1395.3504180908203,0.97812074
8e88552d-b240-4b3c-8b30-fc71269c054b,61,2.033333333333333,left_heel,0.28659385,0.6876387,0.5747034,309.52136278152466,1320.2663040161133,0.91505104
8e88552d-b240-4b3c-8b30-fc71269c054b,61,2.033333333333333,right_heel,0.3760816,0.7366284,0.2763502,406.1681127548218,1414.3265533447266,0.9293762
8e88552d-b240-4b3c-8b30-fc71269c054b,61,2.033333333333333,left_foot_index,0.35693473,0.7215226,0.5912642,385.4895043373108,1385.3234481811523,0.9400205
8e88552d-b240-4b3c-8b30-fc71269c054b,61,2.033333333333333,right_foot_index,0.46989048,0.7502479,0.30914423,507.4817132949829,1440.475959777832,0.97201174
8e88552d-b240-4b3c-8b30-fc71269c054b,62,2.066666666666667,nose,0.74674875,0.41702527,-0.007252547,806.4886450767517,800.6885147094727,0.99991184
8e88552d-b240-4b3c-8b30-fc71269c054b,62,2.066666666666667,left_shoulder,0.6029721,0.4338261,0.1764881,651.2098574638367,832.9460906982422,0.9996705
8e88552d-b240-4b3c-8b30-fc71269c054b,62,2.066666666666667,right_shoulder,0.67053187,0.47379372,-0.35240468,724.1744184494019,909.6839332580566,0.99990314
8e88552d-b240-4b3c-8b30-fc71269c054b,62,2.066666666666667,left_elbow,0.5581579,0.5023094,0.288987,602.8105545043945,964.4340133666992,0.09670142
8e88552d-b240-4b3c-8b30-fc71269c054b,62,2.066666666666667,right_elbow,0.59793144,0.5493663,-0.24135306,645.7659602165222,1054.7832870483398,0.9579599
8e88552d-b240-4b3c-8b30-fc71269c054b,62,2.066666666666667,left_wrist,0.60194457,0.5354989,0.31377542,650.1001310348511,1028.1579208374023,0.2359796
8e88552d-b240-4b3c-8b30-fc71269c054b,62,2.066666666666667,right_wrist,0.61602956,0.57288146,0.06096479,665.3119254112244,1099.9324035644531,0.8677363
8e88552d-b240-4b3c-8b30-fc71269c054b,62,2.066666666666667,left_hip,0.4389875,0.55528253,0.16694866,474.1064929962158,1066.142463684082,0.999785
8e88552d-b240-4b3c-8b30-fc71269c054b,62,2.066666666666667,right_hip,0.48809242,0.57165915,-0.16692522,527.1398162841797,1097.585563659668,0.9997002
8e88552d-b240-4b3c-8b30-fc71269c054b,62,2.066666666666667,left_knee,0.48945934,0.62979686,0.4315602,528.6160826683044,1209.209976196289,0.80527794
8e88552d-b240-4b3c-8b30-fc71269c054b,62,2.066666666666667,right_knee,0.5538561,0.66060054,0.032437127,598.1645607948303,1268.353042602539,0.9884574
8e88552d-b240-4b3c-8b30-fc71269c054b,62,2.066666666666667,left_ankle,0.3415277,0.68435484,0.59113955,368.8499164581299,1313.961296081543,0.9164387
8e88552d-b240-4b3c-8b30-fc71269c054b,62,2.066666666666667,right_ankle,0.4043533,0.72573346,0.24096832,436.7015540599823,1393.4082412719727,0.97768474
8e88552d-b240-4b3c-8b30-fc71269c054b,62,2.066666666666667,left_heel,0.29651973,0.68881595,0.60502875,320.2413046360016,1322.526626586914,0.9001798
8e88552d-b240-4b3c-8b30-fc71269c054b,62,2.066666666666667,right_heel,0.3651521,0.7355287,0.26482013,394.3642580509186,1412.2151184082031,0.92809355
8e88552d-b240-4b3c-8b30-fc71269c054b,62,2.066666666666667,left_foot_index,0.36401302,0.7173324,0.6233102,393.13405752182007,1377.2782516479492,0.9319622
8e88552d-b240-4b3c-8b30-fc71269c054b,62,2.066666666666667,right_foot_index,0.45898095,0.747412,0.29237828,495.69942355155945,1435.0310897827148,0.97179306
8e88552d-b240-4b3c-8b30-fc71269c054b,63,2.1,nose,0.74734706,0.41680363,0.00020130495,807.1348214149475,800.2629661560059,0.9998906
8e88552d-b240-4b3c-8b30-fc71269c054b,63,2.1,left_shoulder,0.6030005,0.4333802,0.17702284,651.2405633926392,832.089958190918,0.9996428
8e88552d-b240-4b3c-8b30-fc71269c054b,63,2.1,right_shoulder,0.6718369,0.47354302,-0.36174452,725.5838656425476,909.2025947570801,0.99990356
8e88552d-b240-4b3c-8b30-fc71269c054b,63,2.1,left_elbow,0.55697656,0.5028388,0.29993963,601.5346813201904,965.4504776000977,0.08965888
8e88552d-b240-4b3c-8b30-fc71269c054b,63,2.1,right_elbow,0.6018897,0.54933333,-0.2440795,650.0409078598022,1054.7200012207031,0.9529621
8e88552d-b240-4b3c-8b30-fc71269c054b,63,2.1,left_wrist,0.6026229,0.5352926,0.311352,650.8327603340149,1027.7618408203125,0.2182169
8e88552d-b240-4b3c-8b30-fc71269c054b,63,2.1,right_wrist,0.61616755,0.5704968,0.094579354,665.4609489440918,1095.3538513183594,0.8470627
8e88552d-b240-4b3c-8b30-fc71269c054b,63,2.1,left_hip,0.4404265,0.55501235,0.17802149,475.6606185436249,1065.6237030029297,0.999774
8e88552d-b240-4b3c-8b30-fc71269c054b,63,2.1,right_hip,0.48860785,0.57170975,-0.17803179,527.6964819431305,1097.6827239990234,0.99970317
8e88552d-b240-4b3c-8b30-fc71269c054b,63,2.1,left_knee,0.48495674,0.6311937,0.4768106,523.7532806396484,1211.8918991088867,0.7587819
8e88552d-b240-4b3c-8b30-fc71269c054b,63,2.1,right_knee,0.55318236,0.6611374,0.030593378,597.4369525909424,1269.3838119506836,0.9875006
8e88552d-b240-4b3c-8b30-fc71269c054b,63,2.1,left_ankle,0.34727922,0.6832684,0.6424795,375.0615584850311,1311.8753814697266,0.8975913
8e88552d-b240-4b3c-8b30-fc71269c054b,63,2.1,right_ankle,0.39929065,0.7231572,0.19947386,431.23390316963196,1388.4618759155273,0.97708803
8e88552d-b240-4b3c-8b30-fc71269c054b,63,2.1,left_heel,0.30484423,0.6886667,0.6570278,329.23176884651184,1322.2400665283203,0.8845632
8e88552d-b240-4b3c-8b30-fc71269c054b,63,2.1,right_heel,0.35505718,0.731631,0.22266902,383.461754322052,1404.7314834594727,0.9270538
8e88552d-b240-4b3c-8b30-fc71269c054b,63,2.1,left_foot_index,0.37941167,0.71274275,0.6808505,409.76460099220276,1368.4660720825195,0.9235353
8e88552d-b240-4b3c-8b30-fc71269c054b,63,2.1,right_foot_index,0.4461267,0.7440418,0.25404334,481.8168354034424,1428.5602569580078,0.97166955
8e88552d-b240-4b3c-8b30-fc71269c054b,64,2.1333333333333333,nose,0.7475655,0.41673818,-0.026947958,807.3707485198975,800.1373100280762,0.99986374
8e88552d-b240-4b3c-8b30-fc71269c054b,64,2.1333333333333333,left_shoulder,0.6038966,0.43313235,0.17350519,652.2083473205566,831.6141128540039,0.999614
8e88552d-b240-4b3c-8b30-fc71269c054b,64,2.1333333333333333,right_shoulder,0.6737305,0.4724546,-0.37249565,727.6289319992065,907.1128463745117,0.99990064
8e88552d-b240-4b3c-8b30-fc71269c054b,64,2.1333333333333333,left_elbow,0.55724174,0.5027852,0.2958924,601.8210768699646,965.3475952148438,0.08386194
8e88552d-b240-4b3c-8b30-fc71269c054b,64,2.1333333333333333,right_elbow,0.60621315,0.54933995,-0.2459271,654.7102046012878,1054.7327041625977,0.9496186
8e88552d-b240-4b3c-8b30-fc71269c054b,64,2.1333333333333333,left_wrist,0.60379714,0.5340455,0.29180098,652.1009087562561,1025.3673934936523,0.20416845
8e88552d-b240-4b3c-8b30-fc71269c054b,64,2.1333333333333333,right_wrist,0.62662125,0.56866723,0.068359576,676.7509460449219,1091.8410873413086,0.8355014
8e88552d-b240-4b3c-8b30-fc71269c054b,64,2.1333333333333333,left_hip,0.44339377,0.5541601,0.17917536,478.86526823043823,1063.9874267578125,0.9997478
8e88552d-b240-4b3c-8b30-fc71269c054b,64,2.1333333333333333,right_hip,0.48916927,0.5714981,-0.1791483,528.302811384201,1097.2763442993164,0.999684
8e88552d-b240-4b3c-8b30-fc71269c054b,64,2.1333333333333333,left_knee,0.5063498,0.62675685,0.4574616,546.8577861785889,1203.373146057129,0.7250222
8e88552d-b240-4b3c-8b30-fc71269c054b,64,2.1333333333333333,right_knee,0.5535615,0.6615124,0.021629477,597.846429347992,1270.103759765625,0.9866087
8e88552d-b240-4b3c-8b30-fc71269c054b,64,2.1333333333333333,left_ankle,0.3598227,0.6825788,0.62355465,388.6085057258606,1310.5513000488281,0.8832094
8e88552d-b240-4b3c-8b30-fc71269c054b,64,2.1333333333333333,right_ankle,0.40148216,0.7225101,0.21896751,433.60073804855347,1387.2193908691406,0.9766046
8e88552d-b240-4b3c-8b30-fc71269c054b,64,2.1333333333333333,left_heel,0.3210978,0.6887159,0.63844293,346.78561449050903,1322.3344802856445,0.8725837
8e88552d-b240-4b3c-8b30-fc71269c054b,64,2.1333333333333333,right_heel,0.35822514,0.73085994,0.24429387,386.8831479549408,1403.251075744629,0.9263227
8e88552d-b240-4b3c-8b30-fc71269c054b,64,2.1333333333333333,left_foot_index,0.3947074,0.7148095,0.6611469,426.28400444984436,1372.434196472168,0.9168935
8e88552d-b240-4b3c-8b30-fc71269c054b,64,2.1333333333333333,right_foot_index,0.44929338,0.7427029,0.27343678,485.2368450164795,1425.9895706176758,0.9716323
8e88552d-b240-4b3c-8b30-fc71269c054b,65,2.1666666666666665,nose,0.7488007,0.41607398,-0.0375724,808.7047505378723,798.8620376586914,0.99983937
8e88552d-b240-4b3c-8b30-fc71269c054b,65,2.1666666666666665,left_shoulder,0.60549456,0.43186763,0.17019449,653.9341235160828,829.185848236084,0.9995679
8e88552d-b240-4b3c-8b30-fc71269c054b,65,2.1666666666666665,right_shoulder,0.67468727,0.47177264,-0.37142572,728.6622476577759,905.8034706115723,0.9998951
8e88552d-b240-4b3c-8b30-fc71269c054b,65,2.1666666666666665,left_elbow,0.560445,0.5025522,0.29653436,605.2806115150452,964.9002456665039,0.07795077
8e88552d-b240-4b3c-8b30-fc71269c054b,65,2.1666666666666665,right_elbow,0.60861105,0.5499601,-0.24518532,657.2999310493469,1055.9233474731445,0.94375813
8e88552d-b240-4b3c-8b30-fc71269c054b,65,2.1666666666666665,left_wrist,0.60542226,0.53381664,0.29613128,653.8560390472412,1024.9279403686523,0.18978287
8e88552d-b240-4b3c-8b30-fc71269c054b,65,2.1666666666666665,right_wrist,0.63812494,0.5664476,0.08635694,689.1749382019043,1087.5794219970703,0.8168256
8e88552d-b240-4b3c-8b30-fc71269c054b,65,2.1666666666666665,left_hip,0.4462594,0.5536613,0.17882118,481.9601619243622,1063.029670715332,0.9996979
8e88552d-b240-4b3c-8b30-fc71269c054b,65,2.1666666666666665,right_hip,0.49149582,0.57145935,-0.17875431,530.8154833316803,1097.2019577026367,0.9996632
8e88552d-b240-4b3c-8b30-fc71269c054b,65,2.1666666666666665,left_knee,0.50975966,0.62479967,0.47041535,550.5404376983643,1199.615364074707,0.6918097
8e88552d-b240-4b3c-8b30-fc71269c054b,65,2.1666666666666665,right_knee,0.5533964,0.6621797,-0.009882331,597.6681160926819,1271.3850402832031,0.98638546
8e88552d-b240-4b3c-8b30-fc71269c054b,65,2.1666666666666665,left_ankle,0.36943814,0.68256396,0.67937523,398.99319291114807,1310.522804260254,0.869536
8e88552d-b240-4b3c-8b30-fc71269c054b,65,2.1666666666666665,right_ankle,0.40039366,0.7168687,0.17575435,432.42515802383423,1376.3879013061523,0.97656053
8e88552d-b240-4b3c-8b30-fc71269c054b,65,2.1666666666666665,left_heel,0.3315312,0.68956774,0.6987406,358.0536925792694,1323.970069885254,0.8598663
8e88552d-b240-4b3c-8b30-fc71269c054b,65,2.1666666666666665,right_heel,0.35379866,0.7281679,0.19886667,382.1025502681732,1398.0823516845703,0.92631567
8e88552d-b240-4b3c-8b30-fc71269c054b,65,2.1666666666666665,left_foot_index,0.40059048,0.7154702,0.7271992,432.63771772384644,1373.7027740478516,0.9107375
8e88552d-b240-4b3c-8b30-fc71269c054b,65,2.1666666666666665,right_foot_index,0.44638416,0.7420304,0.22042808,482.09489464759827,1424.6983337402344,0.97174054
8e88552d-b240-4b3c-8b30-fc71269c054b,66,2.2,nose,0.749141,0.41605377,-0.04636649,809.0722560882568,798.8232421875,0.9998125
8e88552d-b240-4b3c-8b30-fc71269c054b,66,2.2,left_shoulder,0.60709035,0.43154442,0.1494386,655.65758228302,828.5652923583984,0.999526
8e88552d-b240-4b3c-8b30-fc71269c054b,66,2.2,right_shoulder,0.67641723,0.47148678,-0.37165606,730.5306100845337,905.2546119689941,0.9998885
8e88552d-b240-4b3c-8b30-fc71269c054b,66,2.2,left_elbow,0.56201345,0.5014852,0.28357148,606.9745230674744,962.8516387939453,0.072675295
8e88552d-b240-4b3c-8b30-fc71269c054b,66,2.2,right_elbow,0.6121649,0.5493756,-0.24391016,661.1381077766418,1054.801139831543,0.9387973
8e88552d-b240-4b3c-8b30-fc71269c054b,66,2.2,left_wrist,0.6068452,0.5344054,0.29516903,655.392816066742,1026.0583877563477,0.17597461
8e88552d-b240-4b3c-8b30-fc71269c054b,66,2.2,right_wrist,0.6390612,0.5662577,0.09772607,690.1861095428467,1087.2148132324219,0.7958219
8e88552d-b240-4b3c-8b30-fc71269c054b,66,2.2,left_hip,0.44888234,0.5528087,0.17762786,484.7929286956787,1061.392707824707,0.99962187
8e88552d-b240-4b3c-8b30-fc71269c054b,66,2.2,right_hip,0.49251533,0.57140404,-0.17758988,531.9165515899658,1097.0957565307617,0.9996238
8e88552d-b240-4b3c-8b30-fc71269c054b,66,2.2,left_knee,0.512241,0.6230593,0.46322906,553.2202863693237,1196.2738037109375,0.66272527
8e88552d-b240-4b3c-8b30-fc71269c054b,66,2.2,right_knee,0.55255425,0.6626523,-0.013639007,596.7585897445679,1272.2924423217773,0.9861325
8e88552d-b240-4b3c-8b30-fc71269c054b,66,2.2,left_ankle,0.3803537,0.6823252,0.68798196,410.78198432922363,1310.064353942871,0.85372657
8e88552d-b240-4b3c-8b30-fc71269c054b,66,2.2,right_ankle,0.3973423,0.71241087,0.18329102,429.12967801094055,1367.8288650512695,0.9761008
8e88552d-b240-4b3c-8b30-fc71269c054b,66,2.2,left_heel,0.34139228,0.6894491,0.7090665,368.7036609649658,1323.7422180175781,0.84397507
8e88552d-b240-4b3c-8b30-fc71269c054b,66,2.2,right_heel,0.3509659,0.7229308,0.20684539,379.0431582927704,1388.027114868164,0.925216
8e88552d-b240-4b3c-8b30-fc71269c054b,66,2.2,left_foot_index,0.4083047,0.713704,0.7447898,440.96906661987305,1370.3116607666016,0.90284216
8e88552d-b240-4b3c-8b30-fc71269c054b,66,2.2,right_foot_index,0.44100952,0.740018,0.23019722,476.290283203125,1420.8345794677734,0.9714909
8e88552d-b240-4b3c-8b30-fc71269c054b,67,2.2333333333333334,nose,0.75006914,0.4148638,-0.050228428,810.0746726989746,796.5384864807129,0.9997935
8e88552d-b240-4b3c-8b30-fc71269c054b,67,2.2333333333333334,left_shoulder,0.6083243,0.43140164,0.13553783,656.9902324676514,828.2911491394043,0.9994823
8e88552d-b240-4b3c-8b30-fc71269c054b,67,2.2333333333333334,right_shoulder,0.6783849,0.47139516,-0.37083152,732.6556921005249,905.0787162780762,0.9998808
8e88552d-b240-4b3c-8b30-fc71269c054b,67,2.2333333333333334,left_elbow,0.5613085,0.5001836,0.2549773,606.2131834030151,960.3524780273438,0.06839589
8e88552d-b240-4b3c-8b30-fc71269c054b,67,2.2333333333333334,right_elbow,0.6133656,0.5495866,-0.24054159,662.4348378181458,1055.2062606811523,0.9363378
8e88552d-b240-4b3c-8b30-fc71269c054b,67,2.2333333333333334,left_wrist,0.60263956,0.5347983,0.2634411,650.8507204055786,1026.8127822875977,0.16388097
8e88552d-b240-4b3c-8b30-fc71269c054b,67,2.2333333333333334,right_wrist,0.6422865,0.5663493,0.081443734,693.6693978309631,1087.3907089233398,0.781959
8e88552d-b240-4b3c-8b30-fc71269c054b,67,2.2333333333333334,left_hip,0.45203975,0.5520976,0.17138863,488.20292830467224,1060.0274276733398,0.9994944
8e88552d-b240-4b3c-8b30-fc71269c054b,67,2.2333333333333334,right_hip,0.49442393,0.57140106,-0.1712761,533.9778399467468,1097.0900344848633,0.99955374
8e88552d-b240-4b3c-8b30-fc71269c054b,67,2.2333333333333334,left_knee,0.5156755,0.62241906,0.44148174,556.9295239448547,1195.0445938110352,0.63419825
8e88552d-b240-4b3c-8b30-fc71269c054b,67,2.2333333333333334,right_knee,0.55188936,0.6630136,-0.023902828,596.0405087471008,1272.986068725586,0.9858902
8e88552d-b240-4b3c-8b30-fc71269c054b,67,2.2333333333333334,left_ankle,0.38316995,0.6824063,0.6578314,413.82354497909546,1310.2201080322266,0.83210284
8e88552d-b240-4b3c-8b30-fc71269c054b,67,2.2333333333333334,right_ankle,0.39601207,0.71322936,0.18456727,427.6930332183838,1369.4003677368164,0.97472656
8e88552d-b240-4b3c-8b30-fc71269c054b,67,2.2333333333333334,left_heel,0.34413284,0.6901296,0.67913187,371.6634678840637,1325.0487899780273,0.8233294
8e88552d-b240-4b3c-8b30-fc71269c054b,67,2.2333333333333334,right_heel,0.34734055,0.7220428,0.20910487,375.1277983188629,1386.3221740722656,0.92244965
8e88552d-b240-4b3c-8b30-fc71269c054b,67,2.2333333333333334,left_foot_index,0.42576036,0.71220356,0.7207697,459.8211872577667,1367.4308395385742,0.889782
8e88552d-b240-4b3c-8b30-fc71269c054b,67,2.2333333333333334,right_foot_index,0.43901238,0.740394,0.23477133,474.13336873054504,1421.5564727783203,0.96991
8e88552d-b240-4b3c-8b30-fc71269c054b,68,2.2666666666666666,nose,0.75096023,0.41410577,-0.04951828,811.0370492935181,795.0830841064453,0.99975073
8e88552d-b240-4b3c-8b30-fc71269c054b,68,2.2666666666666666,left_shoulder,0.609844,0.43025294,0.12108102,658.6315512657166,826.0856437683105,0.9994065
8e88552d-b240-4b3c-8b30-fc71269c054b,68,2.2666666666666666,right_shoulder,0.68043596,0.4704795,-0.3681057,734.8708319664001,903.3206176757812,0.99986476
8e88552d-b240-4b3c-8b30-fc71269c054b,68,2.2666666666666666,left_elbow,0.5563848,0.4987758,0.23906194,600.895586013794,957.6495552062988,0.064048894
8e88552d-b240-4b3c-8b30-fc71269c054b,68,2.2666666666666666,right_elbow,0.616327,0.5503175,-0.23771636,665.6331467628479,1056.6096496582031,0.9327541
8e88552d-b240-4b3c-8b30-fc71269c054b,68,2.2666666666666666,left_wrist,0.5943179,0.53494436,0.24606337,641.8633460998535,1027.093162536621,0.1524612
8e88552d-b240-4b3c-8b30-fc71269c054b,68,2.2666666666666666,right_wrist,0.6476743,0.5660546,0.083629586,699.4882678985596,1086.8247985839844,0.7688694
8e88552d-b240-4b3c-8b30-fc71269c054b,68,2.2666666666666666,left_hip,0.45670903,0.5512129,0.16770546,493.2457494735718,1058.3287811279297,0.99931985
8e88552d-b240-4b3c-8b30-fc71269c054b,68,2.2666666666666666,right_hip,0.49909362,0.57110584,-0.16758664,539.0211117267609,1096.523208618164,0.9994219
8e88552d-b240-4b3c-8b30-fc71269c054b,68,2.2666666666666666,left_knee,0.5165673,0.623824,0.42392173,557.8926730155945,1197.7420806884766,0.6108901
8e88552d-b240-4b3c-8b30-fc71269c054b,68,2.2666666666666666,right_knee,0.5500339,0.66304904,-0.016335784,594.0366411209106,1273.0541610717773,0.985269
8e88552d-b240-4b3c-8b30-fc71269c054b,68,2.2666666666666666,left_ankle,0.39068317,0.68316734,0.64573854,421.93782806396484,1311.6812896728516,0.81318235
8e88552d-b240-4b3c-8b30-fc71269c054b,68,2.2666666666666666,right_ankle,0.39604208,0.71376884,0.23119867,427.72544503211975,1370.4361724853516,0.9727884
8e88552d-b240-4b3c-8b30-fc71269c054b,68,2.2666666666666666,left_heel,0.35099483,0.6920012,0.66761756,379.0744113922119,1328.642349243164,0.8033255
8e88552d-b240-4b3c-8b30-fc71269c054b,68,2.2666666666666666,right_heel,0.34742862,0.7233847,0.25908452,375.222909450531,1388.898582458496,0.9177018
8e88552d-b240-4b3c-8b30-fc71269c054b,68,2.2666666666666666,left_foot_index,0.41541028,0.7132977,0.7012999,448.643102645874,1369.5316314697266,0.87703806
8e88552d-b240-4b3c-8b30-fc71269c054b,68,2.2666666666666666,right_foot_index,0.43710685,0.74130243,0.27842063,472.07539558410645,1423.300666809082,0.9676089
8e88552d-b240-4b3c-8b30-fc71269c054b,69,2.3,nose,0.751672,0.41415277,-0.050042577,811.8057918548584,795.1733207702637,0.9997063
8e88552d-b240-4b3c-8b30-fc71269c054b,69,2.3,left_shoulder,0.61292547,0.43045363,0.11608541,661.9595074653625,826.4709663391113,0.999332
8e88552d-b240-4b3c-8b30-fc71269c054b,69,2.3,right_shoulder,0.6807338,0.4704946,-0.36736298,735.1925039291382,903.3496284484863,0.99984723
8e88552d-b240-4b3c-8b30-fc71269c054b,69,2.3,left_elbow,0.5601463,0.49902377,0.23673905,604.9579739570618,958.1256294250488,0.059892844
8e88552d-b240-4b3c-8b30-fc71269c054b,69,2.3,right_elbow,0.61586004,0.550202,-0.23789124,665.1288485527039,1056.3878631591797,0.9295957
8e88552d-b240-4b3c-8b30-fc71269c054b,69,2.3,left_wrist,0.5948542,0.53522295,0.23974048,642.4425101280212,1027.628059387207,0.1423504
8e88552d-b240-4b3c-8b30-fc71269c054b,69,2.3,right_wrist,0.6476154,0.5662285,0.076298304,699.4246029853821,1087.1587371826172,0.7551179
8e88552d-b240-4b3c-8b30-fc71269c054b,69,2.3,left_hip,0.45979935,0.55051345,0.16510737,496.58329725265503,1056.9858169555664,0.9991514
8e88552d-b240-4b3c-8b30-fc71269c054b,69,2.3,right_hip,0.4998101,0.57109344,-0.1649425,539.7949075698853,1096.4994049072266,0.9993104
8e88552d-b240-4b3c-8b30-fc71269c054b,69,2.3,left_knee,0.518678,0.6246888,0.41189405,560.1722502708435,1199.4025039672852,0.5982244
8e88552d-b240-4b3c-8b30-fc71269c054b,69,2.3,right_knee,0.5466578,0.6632557,-0.018066455,590.3904247283936,1273.450927734375,0.98543423
8e88552d-b240-4b3c-8b30-fc71269c054b,69,2.3,left_ankle,0.39562756,0.6857577,0.66267127,427.27776288986206,1316.6547775268555,0.801749
8e88552d-b240-4b3c-8b30-fc71269c054b,69,2.3,right_ankle,0.39023456,0.7144762,0.23022218,421.4533245563507,1371.7943572998047,0.9723318
8e88552d-b240-4b3c-8b30-fc71269c054b,69,2.3,left_heel,0.35804656,0.6932174,0.68734676,386.69028639793396,1330.9774017333984,0.7886645
8e88552d-b240-4b3c-8b30-fc71269c054b,69,2.3,right_heel,0.34801078,0.72366166,0.2583792,375.85164070129395,1389.4303894042969,0.91520107
8e88552d-b240-4b3c-8b30-fc71269c054b,69,2.3,left_foot_index,0.4186618,0.713769,0.72464025,452.1547472476959,1370.4365158081055,0.86874425
8e88552d-b240-4b3c-8b30-fc71269c054b,69,2.3,right_foot_index,0.43537924,0.7416419,0.28074965,470.20957589149475,1423.952407836914,0.9667029
8e88552d-b240-4b3c-8b30-fc71269c054b,70,2.3333333333333335,nose,0.75253075,0.41404387,-0.046112746,812.7332139015198,794.9642372131348,0.99967384
8e88552d-b240-4b3c-8b30-fc71269c054b,70,2.3333333333333335,left_shoulder,0.6130361,0.4292561,0.11610923,662.0789837837219,824.1717338562012,0.999295
8e88552d-b240-4b3c-8b30-fc71269c054b,70,2.3333333333333335,right_shoulder,0.68201184,0.4701614,-0.36760128,736.572790145874,902.709903717041,0.9998404
8e88552d-b240-4b3c-8b30-fc71269c054b,70,2.3333333333333335,left_elbow,0.5600152,0.4985518,0.2395034,604.8164176940918,957.2194290161133,0.056257047
8e88552d-b240-4b3c-8b30-fc71269c054b,70,2.3333333333333335,right_elbow,0.6162529,0.5502427,-0.23978698,665.5531311035156,1056.4660263061523,0.9249927
8e88552d-b240-4b3c-8b30-fc71269c054b,70,2.3333333333333335,left_wrist,0.59478635,0.5352497,0.24261399,642.3692536354065,1027.679443359375,0.13305885
8e88552d-b240-4b3c-8b30-fc71269c054b,70,2.3333333333333335,right_wrist,0.65121394,0.5656156,0.075744815,703.3110594749451,1085.9819412231445,0.7394662
8e88552d-b240-4b3c-8b30-fc71269c054b,70,2.3333333333333335,left_hip,0.46104467,0.5496675,0.1653707,497.92824268341064,1055.361557006836,0.99903995
8e88552d-b240-4b3c-8b30-fc71269c054b,70,2.3333333333333335,right_hip,0.50243247,0.571131,-0.1652098,542.6270627975464,1096.5715026855469,0.99925905
8e88552d-b240-4b3c-8b30-fc71269c054b,70,2.3333333333333335,left_knee,0.5188171,0.62503636,0.4282231,560.3224968910217,1200.069808959961,0.57989746
8e88552d-b240-4b3c-8b30-fc71269c054b,70,2.3333333333333335,right_knee,0.5444213,0.66341907,-0.026959982,587.9750204086304,1273.7646102905273,0.98536676
8e88552d-b240-4b3c-8b30-fc71269c054b,70,2.3333333333333335,left_ankle,0.39732963,0.6897222,0.68721014,429.1159987449646,1324.266586303711,0.7923909
8e88552d-b240-4b3c-8b30-fc71269c054b,70,2.3333333333333335,right_ankle,0.3834907,0.7155266,0.20186628,414.1699683666229,1373.81103515625,0.9722488
8e88552d-b240-4b3c-8b30-fc71269c054b,70,2.3333333333333335,left_heel,0.36194745,0.6959708,0.7113789,390.9032428264618,1336.2638854980469,0.7775341
8e88552d-b240-4b3c-8b30-fc71269c054b,70,2.3333333333333335,right_heel,0.34598565,0.724139,0.22800054,373.6645030975342,1390.3468322753906,0.91397387
8e88552d-b240-4b3c-8b30-fc71269c054b,70,2.3333333333333335,left_foot_index,0.42588505,0.7166494,0.7466487,459.95585560798645,1375.9668731689453,0.86234134
8e88552d-b240-4b3c-8b30-fc71269c054b,70,2.3333333333333335,right_foot_index,0.4354321,0.7417948,0.2428297,470.2666747570038,1424.2460632324219,0.9662202
8e88552d-b240-4b3c-8b30-fc71269c054b,71,2.3666666666666667,nose,0.75306785,0.41381094,-0.038896978,813.3132791519165,794.5170021057129,0.9996588
8e88552d-b240-4b3c-8b30-fc71269c054b,71,2.3666666666666667,left_shoulder,0.61289716,0.42830235,0.1139432,661.9289302825928,822.3405075073242,0.9992876
8e88552d-b240-4b3c-8b30-fc71269c054b,71,2.3666666666666667,right_shoulder,0.68287355,0.46914855,-0.36748284,737.5034308433533,900.765209197998,0.99983954
8e88552d-b240-4b3c-8b30-fc71269c054b,71,2.3666666666666667,left_elbow,0.5591044,0.49861398,0.22423296,603.832733631134,957.3388481140137,0.05311429
8e88552d-b240-4b3c-8b30-fc71269c054b,71,2.3666666666666667,right_elbow,0.6193599,0.5497739,-0.2390108,668.908703327179,1055.5658340454102,0.9203408
8e88552d-b240-4b3c-8b30-fc71269c054b,71,2.3666666666666667,left_wrist,0.58873546,0.53716785,0.20919049,635.8342981338501,1031.3622665405273,0.12491152
8e88552d-b240-4b3c-8b30-fc71269c054b,71,2.3666666666666667,right_wrist,0.651327,0.56449217,0.088893205,703.4331750869751,1083.8249588012695,0.7235229
8e88552d-b240-4b3c-8b30-fc71269c054b,71,2.3666666666666667,left_hip,0.46297652,0.54916,0.16618481,500.01463651657104,1054.38720703125,0.9990079
8e88552d-b240-4b3c-8b30-fc71269c054b,71,2.3666666666666667,right_hip,0.50430524,0.5717024,-0.16611527,544.6496629714966,1097.6686477661133,0.99925226
8e88552d-b240-4b3c-8b30-fc71269c054b,71,2.3666666666666667,left_knee,0.5157228,0.6253902,0.44962314,556.9806361198425,1200.7491302490234,0.5645936
8e88552d-b240-4b3c-8b30-fc71269c054b,71,2.3666666666666667,right_knee,0.53896177,0.6647094,-0.0022778513,582.078709602356,1276.2420272827148,0.98537356
8e88552d-b240-4b3c-8b30-fc71269c054b,71,2.3666666666666667,left_ankle,0.40622914,0.69078577,0.729041,438.7274694442749,1326.3086700439453,0.78633136
8e88552d-b240-4b3c-8b30-fc71269c054b,71,2.3666666666666667,right_ankle,0.3799611,0.71564895,0.26814112,410.3579914569855,1374.0459823608398,0.97257555
8e88552d-b240-4b3c-8b30-fc71269c054b,71,2.3666666666666667,left_heel,0.37272358,0.699106,0.7557316,402.54146575927734,1342.2834777832031,0.76997036
8e88552d-b240-4b3c-8b30-fc71269c054b,71,2.3666666666666667,right_heel,0.34328654,0.72432125,0.29838318,370.74946761131287,1390.696792602539,0.91335964
8e88552d-b240-4b3c-8b30-fc71269c054b,71,2.3666666666666667,left_foot_index,0.44458646,0.7196452,0.7866414,480.15337228775024,1381.7187881469727,0.85870165
8e88552d-b240-4b3c-8b30-fc71269c054b,71,2.3666666666666667,right_foot_index,0.43040872,0.7420043,0.30628836,464.8414134979248,1424.648208618164,0.9661892
8e88552d-b240-4b3c-8b30-fc71269c054b,72,2.4,nose,0.75472885,0.41376495,-0.030300906,815.1071619987488,794.4287109375,0.9996078
8e88552d-b240-4b3c-8b30-fc71269c054b,72,2.4,left_shoulder,0.612829,0.42715308,0.12087828,661.8553519248962,820.1339149475098,0.9992655
8e88552d-b240-4b3c-8b30-fc71269c054b,72,2.4,right_shoulder,0.6838577,0.4685001,-0.36707354,738.5662937164307,899.520206451416,0.9998336
8e88552d-b240-4b3c-8b30-fc71269c054b,72,2.4,left_elbow,0.5599356,0.4975238,0.22567602,604.7304797172546,955.2457237243652,0.050162517
8e88552d-b240-4b3c-8b30-fc71269c054b,72,2.4,right_elbow,0.62064284,0.54894006,-0.23914416,670.2942681312561,1053.9649200439453,0.9150904
8e88552d-b240-4b3c-8b30-fc71269c054b,72,2.4,left_wrist,0.5911055,0.5370454,0.19854496,638.3939623832703,1031.1272048950195,0.117606305
8e88552d-b240-4b3c-8b30-fc71269c054b,72,2.4,right_wrist,0.65301526,0.56380546,0.092370145,705.2564764022827,1082.5064849853516,0.70865345
8e88552d-b240-4b3c-8b30-fc71269c054b,72,2.4,left_hip,0.46527869,0.54808563,0.16783054,502.5009799003601,1052.3244094848633,0.9989046
8e88552d-b240-4b3c-8b30-fc71269c054b,72,2.4,right_hip,0.5070911,0.57173556,-0.16780673,547.6583933830261,1097.732276916504,0.99918646
8e88552d-b240-4b3c-8b30-fc71269c054b,72,2.4,left_knee,0.51337296,0.6255455,0.44594687,554.4427943229675,1201.04736328125,0.54298705
8e88552d-b240-4b3c-8b30-fc71269c054b,72,2.4,right_knee,0.53490585,0.6648177,-0.002058263,577.6983189582825,1276.449966430664,0.98412603
8e88552d-b240-4b3c-8b30-fc71269c054b,72,2.4,left_ankle,0.40951043,0.69896615,0.70145345,442.27126836776733,1342.0149993896484,0.76935416
8e88552d-b240-4b3c-8b30-fc71269c054b,72,2.4,right_ankle,0.37599427,0.71680933,0.2784129,406.07380628585815,1376.2739181518555,0.9707536
8e88552d-b240-4b3c-8b30-fc71269c054b,72,2.4,left_heel,0.36839563,0.7063205,0.72676694,397.8672766685486,1356.1354064941406,0.75378
8e88552d-b240-4b3c-8b30-fc71269c054b,72,2.4,right_heel,0.33763027,0.72533673,0.30942735,364.6406936645508,1392.6465225219727,0.9088714
8e88552d-b240-4b3c-8b30-fc71269c054b,72,2.4,left_foot_index,0.44686535,0.7281658,0.75159985,482.61457800865173,1398.0783462524414,0.84694225
8e88552d-b240-4b3c-8b30-fc71269c054b,72,2.4,right_foot_index,0.42859572,0.743173,0.311006,462.8833794593811,1426.8921661376953,0.96353936
8e88552d-b240-4b3c-8b30-fc71269c054b,73,2.433333333333333,nose,0.75628525,0.4128287,-0.015022566,816.7880702018738,792.6311302185059,0.99957603
8e88552d-b240-4b3c-8b30-fc71269c054b,73,2.433333333333333,left_shoulder,0.6138074,0.42703548,0.119665556,662.911970615387,819.9081230163574,0.9992655
8e88552d-b240-4b3c-8b30-fc71269c054b,73,2.433333333333333,right_shoulder,0.68521005,0.46826458,-0.36336195,740.0268530845642,899.0679931640625,0.99983317
8e88552d-b240-4b3c-8b30-fc71269c054b,73,2.433333333333333,left_elbow,0.5599569,0.49637806,0.21544704,604.7534608840942,953.0458831787109,0.04762368
8e88552d-b240-4b3c-8b30-fc71269c054b,73,2.433333333333333,right_elbow,0.62196517,0.5482169,-0.23516747,671.7223834991455,1052.5764083862305,0.913981
8e88552d-b240-4b3c-8b30-fc71269c054b,73,2.433333333333333,left_wrist,0.5926075,0.5384293,0.1852182,640.0160980224609,1033.784294128418,0.109973505
8e88552d-b240-4b3c-8b30-fc71269c054b,73,2.433333333333333,right_wrist,0.6534755,0.5638098,0.09011789,705.7535648345947,1082.5148391723633,0.7006264
8e88552d-b240-4b3c-8b30-fc71269c054b,73,2.433333333333333,left_hip,0.46718547,0.5477917,0.16838333,504.5603048801422,1051.7601013183594,0.9988743
8e88552d-b240-4b3c-8b30-fc71269c054b,73,2.433333333333333,right_hip,0.5104144,0.57231295,-0.16839933,551.2475752830505,1098.8408660888672,0.9991779
8e88552d-b240-4b3c-8b30-fc71269c054b,73,2.433333333333333,left_knee,0.5108201,0.6296426,0.43938658,551.6856980323792,1208.913803100586,0.51361364
8e88552d-b240-4b3c-8b30-fc71269c054b,73,2.433333333333333,right_knee,0.5313795,0.66590506,0.030153869,573.8898825645447,1278.537712097168,0.9825424
8e88552d-b240-4b3c-8b30-fc71269c054b,73,2.433333333333333,left_ankle,0.4126104,0.706889,0.70920557,445.6192445755005,1357.2268295288086,0.7456302
8e88552d-b240-4b3c-8b30-fc71269c054b,73,2.433333333333333,right_ankle,0.37234223,0.71877563,0.33598176,402.12960720062256,1380.0492095947266,0.96921176
8e88552d-b240-4b3c-8b30-fc71269c054b,73,2.433333333333333,left_heel,0.3771064,0.7154452,0.7358088,407.2749102115631,1373.6548233032227,0.73427254
8e88552d-b240-4b3c-8b30-fc71269c054b,73,2.433333333333333,right_heel,0.33304077,0.72681844,0.36995023,359.68403577804565,1395.4914093017578,0.90469074
8e88552d-b240-4b3c-8b30-fc71269c054b,73,2.433333333333333,left_foot_index,0.45325094,0.7309667,0.75725114,489.51102018356323,1403.456039428711,0.8306654
8e88552d-b240-4b3c-8b30-fc71269c054b,73,2.433333333333333,right_foot_index,0.42781964,0.7444045,0.36970407,462.0452105998993,1429.2566299438477,0.9605855
8e88552d-b240-4b3c-8b30-fc71269c054b,74,2.466666666666667,nose,0.75721014,0.41230306,0.017081195,817.7869462966919,791.6218757629395,0.99957466
8e88552d-b240-4b3c-8b30-fc71269c054b,74,2.466666666666667,left_shoulder,0.6139915,0.42627615,0.12132721,663.110818862915,818.4502029418945,0.9992921
8e88552d-b240-4b3c-8b30-fc71269c054b,74,2.466666666666667,right_shoulder,0.685694,0.46707648,-0.35173595,740.5494976043701,896.7868423461914,0.99984246
8e88552d-b240-4b3c-8b30-fc71269c054b,74,2.466666666666667,left_elbow,0.5614247,0.4965805,0.2078952,606.3386464118958,953.4345817565918,0.045883574
8e88552d-b240-4b3c-8b30-fc71269c054b,74,2.466666666666667,right_elbow,0.62513095,0.5456828,-0.23062338,675.1414275169373,1047.710952758789,0.9111541
8e88552d-b240-4b3c-8b30-fc71269c054b,74,2.466666666666667,left_wrist,0.5933593,0.5397218,0.14322515,640.8280348777771,1036.2658309936523,0.10441626
8e88552d-b240-4b3c-8b30-fc71269c054b,74,2.466666666666667,right_wrist,0.65477914,0.56305885,0.08791582,707.1614670753479,1081.072998046875,0.6895183
8e88552d-b240-4b3c-8b30-fc71269c054b,74,2.466666666666667,left_hip,0.47000563,0.54718035,0.16909805,507.60608196258545,1050.586280822754,0.99888664
8e88552d-b240-4b3c-8b30-fc71269c054b,74,2.466666666666667,right_hip,0.5118266,0.57230604,-0.16917425,552.7727007865906,1098.8275909423828,0.99922305
8e88552d-b240-4b3c-8b30-fc71269c054b,74,2.466666666666667,left_knee,0.5333966,0.6203012,0.4872679,576.0683298110962,1190.9782791137695,0.4928531
8e88552d-b240-4b3c-8b30-fc71269c054b,74,2.466666666666667,right_knee,0.5294688,0.6663765,0.022529002,571.8262767791748,1279.4428253173828,0.98146397
8e88552d-b240-4b3c-8b30-fc71269c054b,74,2.466666666666667,left_ankle,0.44615552,0.70412123,0.8047504,481.8479597568512,1351.9127655029297,0.7295792
8e88552d-b240-4b3c-8b30-fc71269c054b,74,2.466666666666667,right_ankle,0.37109047,0.71920794,0.3239486,400.77770948410034,1380.879249572754,0.96742827
8e88552d-b240-4b3c-8b30-fc71269c054b,74,2.466666666666667,left_heel,0.4148895,0.7139292,0.8350292,448.08067560195923,1370.7440185546875,0.71891135
8e88552d-b240-4b3c-8b30-fc71269c054b,74,2.466666666666667,right_heel,0.33147722,0.727092,0.351498,357.99540281295776,1396.0166931152344,0.89987963
8e88552d-b240-4b3c-8b30-fc71269c054b,74,2.466666666666667,left_foot_index,0.47527975,0.72835267,0.8608741,513.3021283149719,1398.4371185302734,0.8178238
8e88552d-b240-4b3c-8b30-fc71269c054b,74,2.466666666666667,right_foot_index,0.42760992,0.74441296,0.2815717,461.8187141418457,1429.2728805541992,0.95762855
8e88552d-b240-4b3c-8b30-fc71269c054b,75,2.5,nose,0.7580876,0.4116709,0.030430041,818.7345814704895,790.4081153869629,0.9995676
8e88552d-b240-4b3c-8b30-fc71269c054b,75,2.5,left_shoulder,0.6136868,0.42444134,0.12382102,662.7817440032959,814.9273681640625,0.9993199
8e88552d-b240-4b3c-8b30-fc71269c054b,75,2.5,right_shoulder,0.68772,0.4663938,-0.35260528,742.7376008033752,895.4760932922363,0.9998522
8e88552d-b240-4b3c-8b30-fc71269c054b,75,2.5,left_elbow,0.55851734,0.49246535,0.19985901,603.1987237930298,945.5334663391113,0.044762418
8e88552d-b240-4b3c-8b30-fc71269c054b,75,2.5,right_elbow,0.6280406,0.54471284,-0.23217227,678.2838606834412,1045.8486557006836,0.9093909
8e88552d-b240-4b3c-8b30-fc71269c054b,75,2.5,left_wrist,0.5839773,0.539022,0.1366602,630.6954646110535,1034.9222946166992,0.098519646
8e88552d-b240-4b3c-8b30-fc71269c054b,75,2.5,right_wrist,0.65526146,0.5621439,0.09469426,707.6823735237122,1079.3163299560547,0.67937756
8e88552d-b240-4b3c-8b30-fc71269c054b,75,2.5,left_hip,0.47301814,0.54701924,0.17081277,510.8595907688141,1050.2769470214844,0.99890685
8e88552d-b240-4b3c-8b30-fc71269c054b,75,2.5,right_hip,0.51535624,0.57255065,-0.17097299,556.5847420692444,1099.2972564697266,0.99926955
8e88552d-b240-4b3c-8b30-fc71269c054b,75,2.5,left_knee,0.52839524,0.62619483,0.50017565,570.6668543815613,1202.2940826416016,0.4767164
8e88552d-b240-4b3c-8b30-fc71269c054b,75,2.5,right_knee,0.5257343,0.66666394,0.016928365,567.7930498123169,1279.994773864746,0.9804422
8e88552d-b240-4b3c-8b30-fc71269c054b,75,2.5,left_ankle,0.46899483,0.70568836,0.8278756,506.5144121646881,1354.921646118164,0.71887416
8e88552d-b240-4b3c-8b30-fc71269c054b,75,2.5,right_ankle,0.3710038,0.7213139,0.28735533,400.68411111831665,1384.9226760864258,0.9663593
8e88552d-b240-4b3c-8b30-fc71269c054b,75,2.5,left_heel,0.4270357,0.72423244,0.85890794,461.1985445022583,1390.5262756347656,0.7087186
8e88552d-b240-4b3c-8b30-fc71269c054b,75,2.5,right_heel,0.32910472,0.7277495,0.31512928,355.43309926986694,1397.2790908813477,0.8966235
8e88552d-b240-4b3c-8b30-fc71269c054b,75,2.5,left_foot_index,0.48694843,0.72939247,0.8788343,525.9043049812317,1400.4335403442383,0.80847484
8e88552d-b240-4b3c-8b30-fc71269c054b,75,2.5,right_foot_index,0.41942027,0.7459554,0.27262166,452.9738938808441,1432.2343826293945,0.9552176
8e88552d-b240-4b3c-8b30-fc71269c054b,76,2.533333333333333,nose,0.7579441,0.41126302,0.06525647,818.5796356201172,789.6249961853027,0.9995614
8e88552d-b240-4b3c-8b30-fc71269c054b,76,2.533333333333333,left_shoulder,0.6130948,0.423133,0.12342488,662.142391204834,812.4153327941895,0.99933505
8e88552d-b240-4b3c-8b30-fc71269c054b,76,2.533333333333333,right_shoulder,0.69058317,0.4659447,-0.3392178,745.8298230171204,894.6138381958008,0.99986106
8e88552d-b240-4b3c-8b30-fc71269c054b,76,2.533333333333333,left_elbow,0.55594796,0.48766872,0.21102525,600.4237961769104,936.3239479064941,0.045823243
8e88552d-b240-4b3c-8b30-fc71269c054b,76,2.533333333333333,right_elbow,0.6308104,0.5432445,-0.2146819,681.2752103805542,1043.0294036865234,0.90988916
8e88552d-b240-4b3c-8b30-fc71269c054b,76,2.533333333333333,left_wrist,0.57183254,0.5311268,0.21189682,617.579140663147,1019.7634506225586,0.09154473
8e88552d-b240-4b3c-8b30-fc71269c054b,76,2.533333333333333,right_wrist,0.6546791,0.5615636,0.121290445,707.0534491539001,1078.202133178711,0.669067
8e88552d-b240-4b3c-8b30-fc71269c054b,76,2.533333333333333,left_hip,0.47454184,0.5466481,0.16925783,512.505190372467,1049.564323425293,0.9988761
8e88552d-b240-4b3c-8b30-fc71269c054b,76,2.533333333333333,right_hip,0.5201183,0.57256377,-0.16948171,561.7277598381042,1099.3224334716797,0.99929875
8e88552d-b240-4b3c-8b30-fc71269c054b,76,2.533333333333333,left_knee,0.5269216,0.6283155,0.47928444,569.0752959251404,1206.3657760620117,0.4610199
8e88552d-b240-4b3c-8b30-fc71269c054b,76,2.533333333333333,right_knee,0.5246082,0.66731703,0.015007098,566.5768504142761,1281.2487030029297,0.9783418
8e88552d-b240-4b3c-8b30-fc71269c054b,76,2.533333333333333,left_ankle,0.4786737,0.70409316,0.76590955,516.9675922393799,1351.8588638305664,0.7084983
8e88552d-b240-4b3c-8b30-fc71269c054b,76,2.533333333333333,right_ankle,0.368173,0.7219464,0.22787653,397.6268434524536,1386.1371231079102,0.9648919
8e88552d-b240-4b3c-8b30-fc71269c054b,76,2.533333333333333,left_heel,0.44087324,0.725938,0.7925448,476.14309430122375,1393.8010025024414,0.6997104
8e88552d-b240-4b3c-8b30-fc71269c054b,76,2.533333333333333,right_heel,0.32675573,0.7278305,0.2509391,352.8961908817291,1397.4346160888672,0.89256394
8e88552d-b240-4b3c-8b30-fc71269c054b,76,2.533333333333333,left_foot_index,0.49636456,0.72894263,0.8151124,536.07372879982,1399.5698547363281,0.7976573
8e88552d-b240-4b3c-8b30-fc71269c054b,76,2.533333333333333,right_foot_index,0.41190228,0.7464313,0.21895117,444.85446095466614,1433.148078918457,0.951967
8e88552d-b240-4b3c-8b30-fc71269c054b,77,2.566666666666667,nose,0.7581269,0.41064882,0.070226476,818.7770676612854,788.4457397460938,0.9995604
8e88552d-b240-4b3c-8b30-fc71269c054b,77,2.566666666666667,left_shoulder,0.61307895,0.42224333,0.1267571,662.1252679824829,810.7071876525879,0.9993517
8e88552d-b240-4b3c-8b30-fc71269c054b,77,2.566666666666667,right_shoulder,0.6928922,0.4654674,-0.3358568,748.3235692977905,893.697395324707,0.99986935
8e88552d-b240-4b3c-8b30-fc71269c054b,77,2.566666666666667,left_elbow,0.5553597,0.486474,0.21132022,599.788498878479,934.0300941467285,0.04757025
8e88552d-b240-4b3c-8b30-fc71269c054b,77,2.566666666666667,right_elbow,0.6335783,0.54103297,-0.2120359,684.2645645141602,1038.783302307129,0.91033345
8e88552d-b240-4b3c-8b30-fc71269c054b,77,2.566666666666667,left_wrist,0.57221633,0.5279663,0.23360398,617.9936385154724,1013.6953353881836,0.085386485
8e88552d-b240-4b3c-8b30-fc71269c054b,77,2.566666666666667,right_wrist,0.6542776,0.5603395,0.13105878,706.6198325157166,1075.8518600463867,0.65827656
8e88552d-b240-4b3c-8b30-fc71269c054b,77,2.566666666666667,left_hip,0.47725445,0.54638577,0.1687481,515.4348063468933,1049.0606689453125,0.99886876
8e88552d-b240-4b3c-8b30-fc71269c054b,77,2.566666666666667,right_hip,0.5212492,0.5720299,-0.16898268,562.9491090774536,1098.2973861694336,0.99932843
8e88552d-b240-4b3c-8b30-fc71269c054b,77,2.566666666666667,left_knee,0.52552795,0.6324454,0.47037628,567.5701904296875,1214.2951583862305,0.451569
8e88552d-b240-4b3c-8b30-fc71269c054b,77,2.566666666666667,right_knee,0.5242729,0.667561,-0.011642332,566.2147521972656,1281.7171096801758,0.9771774
8e88552d-b240-4b3c-8b30-fc71269c054b,77,2.566666666666667,left_ankle,0.47128725,0.7137916,0.751027,508.99023056030273,1370.4798889160156,0.70219785
8e88552d-b240-4b3c-8b30-fc71269c054b,77,2.566666666666667,right_ankle,0.36736634,0.7225822,0.19430174,396.75565123558044,1387.3578643798828,0.9637547
8e88552d-b240-4b3c-8b30-fc71269c054b,77,2.566666666666667,left_heel,0.44129187,0.7280263,0.77713835,476.5952181816101,1397.8104400634766,0.6922265
8e88552d-b240-4b3c-8b30-fc71269c054b,77,2.566666666666667,right_heel,0.32286057,0.7280999,0.21692573,348.6894142627716,1397.951774597168,0.8886716
8e88552d-b240-4b3c-8b30-fc71269c054b,77,2.566666666666667,left_foot_index,0.49345675,0.72849137,0.7990702,532.9332911968231,1398.7034225463867,0.78932905
8e88552d-b240-4b3c-8b30-fc71269c054b,77,2.566666666666667,right_foot_index,0.40871054,0.7464052,0.19001712,441.40738248825073,1433.0979537963867,0.9494526
8e88552d-b240-4b3c-8b30-fc71269c054b,78,2.6,nose,0.7582455,0.4104273,0.06504625,818.9051699638367,788.0204200744629,0.99956787
8e88552d-b240-4b3c-8b30-fc71269c054b,78,2.6,left_shoulder,0.6130653,0.42140946,0.12494152,662.1105265617371,809.1061592102051,0.9993804
8e88552d-b240-4b3c-8b30-fc71269c054b,78,2.6,right_shoulder,0.6952682,0.46444356,-0.3318217,750.8896708488464,891.7316436767578,0.99987876
8e88552d-b240-4b3c-8b30-fc71269c054b,78,2.6,left_elbow,0.55476654,0.48466673,0.19869962,599.1478586196899,930.560131072998,0.049982596
8e88552d-b240-4b3c-8b30-fc71269c054b,78,2.6,right_elbow,0.63398916,0.5369355,-0.21540551,684.7082877159119,1030.9161758422852,0.9107387
8e88552d-b240-4b3c-8b30-fc71269c054b,78,2.6,left_wrist,0.5701433,0.52741945,0.18719625,615.7547450065613,1012.6453399658203,0.08000277
8e88552d-b240-4b3c-8b30-fc71269c054b,78,2.6,right_wrist,0.6527861,0.5598234,0.12201262,705.0089621543884,1074.8609161376953,0.6516334
8e88552d-b240-4b3c-8b30-fc71269c054b,78,2.6,left_hip,0.47922862,0.54566705,0.16832356,517.5669050216675,1047.6807403564453,0.9988503
8e88552d-b240-4b3c-8b30-fc71269c054b,78,2.6,right_hip,0.52485514,0.5712766,-0.16856824,566.8435478210449,1096.8510818481445,0.9993632
8e88552d-b240-4b3c-8b30-fc71269c054b,78,2.6,left_knee,0.53597784,0.63034016,0.46641064,578.8560676574707,1210.2531051635742,0.44150034
8e88552d-b240-4b3c-8b30-fc71269c054b,78,2.6,right_knee,0.5226636,0.6674276,-0.04290855,564.4766807556152,1281.4609909057617,0.97608536
8e88552d-b240-4b3c-8b30-fc71269c054b,78,2.6,left_ankle,0.48852184,0.7126497,0.750212,527.6035916805267,1368.2874298095703,0.69531226
8e88552d-b240-4b3c-8b30-fc71269c054b,78,2.6,right_ankle,0.3645723,0.72340447,0.14494504,393.73806953430176,1388.9365768432617,0.9630216
8e88552d-b240-4b3c-8b30-fc71269c054b,78,2.6,left_heel,0.45638108,0.72667843,0.7762019,492.89156913757324,1395.2225875854492,0.6846666
8e88552d-b240-4b3c-8b30-fc71269c054b,78,2.6,right_heel,0.3187557,0.72920424,0.16474949,344.2561411857605,1400.072135925293,0.8857187
8e88552d-b240-4b3c-8b30-fc71269c054b,78,2.6,left_foot_index,0.5260493,0.7200787,0.79555285,568.1332612037659,1382.5511169433594,0.78026116
8e88552d-b240-4b3c-8b30-fc71269c054b,78,2.6,right_foot_index,0.40904805,0.7464996,0.12446777,441.77189469337463,1433.2792282104492,0.9471279
8e88552d-b240-4b3c-8b30-fc71269c054b,79,2.6333333333333333,nose,0.7588444,0.40981814,0.062962174,819.5519256591797,786.8508338928223,0.9995886
8e88552d-b240-4b3c-8b30-fc71269c054b,79,2.6333333333333333,left_shoulder,0.61338645,0.41995162,0.108540945,662.4573683738708,806.3071060180664,0.99941045
8e88552d-b240-4b3c-8b30-fc71269c054b,79,2.6333333333333333,right_shoulder,0.6981577,0.46424526,-0.3303766,754.0103459358215,891.3508987426758,0.9998885
8e88552d-b240-4b3c-8b30-fc71269c054b,79,2.6333333333333333,left_elbow,0.5548098,0.47851333,0.2062993,599.1945934295654,918.7455940246582,0.053993586
8e88552d-b240-4b3c-8b30-fc71269c054b,79,2.6333333333333333,right_elbow,0.6341349,0.5338374,-0.19914626,684.8656797409058,1024.9677658081055,0.91193897
8e88552d-b240-4b3c-8b30-fc71269c054b,79,2.6333333333333333,left_wrist,0.572146,0.520511,0.2380058,617.9176783561707,999.3810653686523,0.0749972
8e88552d-b240-4b3c-8b30-fc71269c054b,79,2.6333333333333333,right_wrist,0.6523488,0.55747765,0.1451728,704.5367217063904,1070.3570938110352,0.64537036
8e88552d-b240-4b3c-8b30-fc71269c054b,79,2.6333333333333333,left_hip,0.48176992,0.54465675,0.16563524,520.3115129470825,1045.740966796875,0.99883837
8e88552d-b240-4b3c-8b30-fc71269c054b,79,2.6333333333333333,right_hip,0.53050816,0.57031745,-0.16591255,572.9488134384155,1095.0094985961914,0.99940675
8e88552d-b240-4b3c-8b30-fc71269c054b,79,2.6333333333333333,left_knee,0.54524434,0.62079865,0.499074,588.8638830184937,1191.9334030151367,0.43124065
8e88552d-b240-4b3c-8b30-fc71269c054b,79,2.6333333333333333,right_knee,0.52170944,0.6663133,-0.038397137,563.4461975097656,1279.321517944336,0.97521126
8e88552d-b240-4b3c-8b30-fc71269c054b,79,2.6333333333333333,left_ankle,0.5120045,0.70394725,0.81044835,552.9648542404175,1351.578712463379,0.6908514
8e88552d-b240-4b3c-8b30-fc71269c054b,79,2.6333333333333333,right_ankle,0.36590952,0.72350556,0.1741568,395.1822781562805,1389.1306686401367,0.9637476
8e88552d-b240-4b3c-8b30-fc71269c054b,79,2.6333333333333333,left_heel,0.50527346,0.7158062,0.84008175,545.6953382492065,1374.3478775024414,0.6838267
8e88552d-b240-4b3c-8b30-fc71269c054b,79,2.6333333333333333,right_heel,0.3197575,0.729848,0.19547804,345.33809065818787,1401.3082122802734,0.88703537
8e88552d-b240-4b3c-8b30-fc71269c054b,79,2.6333333333333333,left_foot_index,0.5522947,0.70968884,0.86735356,596.4782452583313,1362.6025772094727,0.7754079
8e88552d-b240-4b3c-8b30-fc71269c054b,79,2.6333333333333333,right_foot_index,0.40886116,0.7464873,0.15654127,441.57005310058594,1433.2556533813477,0.94694346
8e88552d-b240-4b3c-8b30-fc71269c054b,80,2.6666666666666665,nose,0.76006866,0.4088662,0.07368959,820.8741474151611,785.0230979919434,0.9996131
8e88552d-b240-4b3c-8b30-fc71269c054b,80,2.6666666666666665,left_shoulder,0.61393464,0.418591,0.11285996,663.0494070053101,803.6947059631348,0.9994471
8e88552d-b240-4b3c-8b30-fc71269c054b,80,2.6666666666666665,right_shoulder,0.70163375,0.46285397,-0.32236353,757.7644515037537,888.6796188354492,0.9998981
8e88552d-b240-4b3c-8b30-fc71269c054b,80,2.6666666666666665,left_elbow,0.555605,0.4761053,0.21045275,600.0533938407898,914.1221809387207,0.06083199
8e88552d-b240-4b3c-8b30-fc71269c054b,80,2.6666666666666665,right_elbow,0.6349429,0.5295509,-0.19553691,685.738320350647,1016.7377471923828,0.9145309
8e88552d-b240-4b3c-8b30-fc71269c054b,80,2.6666666666666665,left_wrist,0.5740213,0.51935935,0.23238145,619.9429821968079,997.1699523925781,0.07132675
8e88552d-b240-4b3c-8b30-fc71269c054b,80,2.6666666666666665,right_wrist,0.6522331,0.5556379,0.14262804,704.4117736816406,1066.8247604370117,0.6454217
8e88552d-b240-4b3c-8b30-fc71269c054b,80,2.6666666666666665,left_hip,0.4843538,0.5440257,0.1655841,523.1021153926849,1044.5293807983398,0.99886435
8e88552d-b240-4b3c-8b30-fc71269c054b,80,2.6666666666666665,right_hip,0.53623664,0.569017,-0.16586061,579.1355752944946,1092.5126266479492,0.99945194
8e88552d-b240-4b3c-8b30-fc71269c054b,80,2.6666666666666665,left_knee,0.5529288,0.6184676,0.49899563,597.1631097793579,1187.4578475952148,0.42739078
8e88552d-b240-4b3c-8b30-fc71269c054b,80,2.6666666666666665,right_knee,0.52230066,0.6638915,-0.03405586,564.0847134590149,1274.6716690063477,0.97524065
8e88552d-b240-4b3c-8b30-fc71269c054b,80,2.6666666666666665,left_ankle,0.5261225,0.6998797,0.8019987,568.2123112678528,1343.7690353393555,0.69208914
8e88552d-b240-4b3c-8b30-fc71269c054b,80,2.6666666666666665,right_ankle,0.3667432,0.7239297,0.14809728,396.0826635360718,1389.9450302124023,0.96508247
8e88552d-b240-4b3c-8b30-fc71269c054b,80,2.6666666666666665,left_heel,0.50349075,0.7145262,0.83038354,543.7700057029724,1371.8902587890625,0.6868124
8e88552d-b240-4b3c-8b30-fc71269c054b,80,2.6666666666666665,right_heel,0.3193683,0.7303372,0.16653006,344.9177670478821,1402.247428894043,0.89042443
8e88552d-b240-4b3c-8b30-fc71269c054b,80,2.6666666666666665,left_foot_index,0.5675734,0.7063407,0.8557225,612.979302406311,1356.174087524414,0.77467763
8e88552d-b240-4b3c-8b30-fc71269c054b,80,2.6666666666666665,right_foot_index,0.4077516,0.74671775,0.11742363,440.37171721458435,1433.6980819702148,0.9479731
8e88552d-b240-4b3c-8b30-fc71269c054b,81,2.7,nose,0.7609412,0.40844256,0.084915936,821.8165040016174,784.2097091674805,0.99963766
8e88552d-b240-4b3c-8b30-fc71269c054b,81,2.7,left_shoulder,0.6150784,0.41649804,0.103987895,664.2846608161926,799.6762275695801,0.9994804
8e88552d-b240-4b3c-8b30-fc71269c054b,81,2.7,right_shoulder,0.70260745,0.46240598,-0.30971202,758.8160490989685,887.8194808959961,0.9999068
8e88552d-b240-4b3c-8b30-fc71269c054b,81,2.7,left_elbow,0.5583772,0.47525027,0.20499489,603.0473828315735,912.480525970459,0.066555075
8e88552d-b240-4b3c-8b30-fc71269c054b,81,2.7,right_elbow,0.63731843,0.5300352,-0.1736467,688.303906917572,1017.6675796508789,0.9166969
8e88552d-b240-4b3c-8b30-fc71269c054b,81,2.7,left_wrist,0.57983655,0.5193405,0.22966044,626.2234711647034,997.1337890625,0.06794835
8e88552d-b240-4b3c-8b30-fc71269c054b,81,2.7,right_wrist,0.6533531,0.5542578,0.16377126,705.6213426589966,1064.1749954223633,0.64056945
8e88552d-b240-4b3c-8b30-fc71269c054b,81,2.7,left_hip,0.48690492,0.54335403,0.16072273,525.8573126792908,1043.23974609375,0.9988822
8e88552d-b240-4b3c-8b30-fc71269c054b,81,2.7,right_hip,0.53861004,0.568639,-0.16095941,581.6988444328308,1091.7868423461914,0.99949497
8e88552d-b240-4b3c-8b30-fc71269c054b,81,2.7,left_knee,0.5679821,0.61280847,0.4922768,613.4206438064575,1176.5922546386719,0.43115526
8e88552d-b240-4b3c-8b30-fc71269c054b,81,2.7,right_knee,0.52297854,0.6603012,-0.05745453,564.8168277740479,1267.7783203125,0.976405
8e88552d-b240-4b3c-8b30-fc71269c054b,81,2.7,left_ankle,0.5412153,0.6958203,0.80338776,584.5125246047974,1335.9749221801758,0.6963626
8e88552d-b240-4b3c-8b30-fc71269c054b,81,2.7,right_ankle,0.36713392,0.72376037,0.09803464,396.5046286582947,1389.6199035644531,0.96683824
8e88552d-b240-4b3c-8b30-fc71269c054b,81,2.7,left_heel,0.51683533,0.7114603,0.8329245,558.1821584701538,1366.003761291504,0.68881387
8e88552d-b240-4b3c-8b30-fc71269c054b,81,2.7,right_heel,0.31881818,0.7304517,0.11457291,344.32363629341125,1402.467269897461,0.89359176
8e88552d-b240-4b3c-8b30-fc71269c054b,81,2.7,left_foot_index,0.58753335,0.70096785,0.8680518,634.5360231399536,1345.858268737793,0.77458334
8e88552d-b240-4b3c-8b30-fc71269c054b,81,2.7,right_foot_index,0.4080352,0.7468939,0.0718067,440.67800402641296,1434.0362548828125,0.94934916
8e88552d-b240-4b3c-8b30-fc71269c054b,82,2.7333333333333334,nose,0.7639936,0.40702924,0.0704251,825.1131105422974,781.4961433410645,0.99965674
8e88552d-b240-4b3c-8b30-fc71269c054b,82,2.7333333333333334,left_shoulder,0.6155681,0.41484553,0.10743638,664.8135495185852,796.5034103393555,0.99950886
8e88552d-b240-4b3c-8b30-fc71269c054b,82,2.7333333333333334,right_shoulder,0.7041904,0.46184695,-0.31674588,760.5256032943726,886.7461395263672,0.9999145
8e88552d-b240-4b3c-8b30-fc71269c054b,82,2.7333333333333334,left_elbow,0.56029546,0.47357205,0.20708132,605.1190996170044,909.2583274841309,0.0741447
8e88552d-b240-4b3c-8b30-fc71269c054b,82,2.7333333333333334,right_elbow,0.6385603,0.5284655,-0.17976324,689.6451187133789,1014.6537780761719,0.9190297
8e88552d-b240-4b3c-8b30-fc71269c054b,82,2.7333333333333334,left_wrist,0.57993007,0.51723814,0.23828837,626.3244724273682,993.0972290039062,0.06487192
8e88552d-b240-4b3c-8b30-fc71269c054b,82,2.7333333333333334,right_wrist,0.65352243,0.5485115,0.17719463,705.804226398468,1053.14208984375,0.63714707
8e88552d-b240-4b3c-8b30-fc71269c054b,82,2.7333333333333334,left_hip,0.4884214,0.54227996,0.16108397,527.4951231479645,1041.1775207519531,0.9989122
8e88552d-b240-4b3c-8b30-fc71269c054b,82,2.7333333333333334,right_hip,0.5409354,0.56680244,-0.16130126,584.2102289199829,1088.2606887817383,0.9995342
8e88552d-b240-4b3c-8b30-fc71269c054b,82,2.7333333333333334,left_knee,0.581574,0.6061752,0.48772267,628.0999445915222,1163.8563537597656,0.43921965
8e88552d-b240-4b3c-8b30-fc71269c054b,82,2.7333333333333334,right_knee,0.5231314,0.6576798,-0.089199856,564.9818801879883,1262.7452087402344,0.97747993
8e88552d-b240-4b3c-8b30-fc71269c054b,82,2.7333333333333334,left_ankle,0.54348505,0.6917011,0.7912281,586.963849067688,1328.0661392211914,0.70543456
8e88552d-b240-4b3c-8b30-fc71269c054b,82,2.7333333333333334,right_ankle,0.36724555,0.7223602,0.06350925,396.62519931793213,1386.9315719604492,0.96866196
8e88552d-b240-4b3c-8b30-fc71269c054b,82,2.7333333333333334,left_heel,0.52422214,0.7076067,0.8202809,566.1599063873291,1358.6048126220703,0.6955912
8e88552d-b240-4b3c-8b30-fc71269c054b,82,2.7333333333333334,right_heel,0.31611967,0.7295988,0.07931448,341.4092445373535,1400.829734802246,0.897613
8e88552d-b240-4b3c-8b30-fc71269c054b,82,2.7333333333333334,left_foot_index,0.5994669,0.6979196,0.8536664,647.4242734909058,1340.0056457519531,0.7789156
8e88552d-b240-4b3c-8b30-fc71269c054b,82,2.7333333333333334,right_foot_index,0.40770525,0.7470849,0.031064084,440.32166719436646,1434.4030380249023,0.95136744
8e88552d-b240-4b3c-8b30-fc71269c054b,83,2.7666666666666666,nose,0.7658954,0.40662834,0.0648536,827.1670603752136,780.7264137268066,0.999677
8e88552d-b240-4b3c-8b30-fc71269c054b,83,2.7666666666666666,left_shoulder,0.6187667,0.41354623,0.09935472,668.2680630683899,794.0087699890137,0.9995393
8e88552d-b240-4b3c-8b30-fc71269c054b,83,2.7666666666666666,right_shoulder,0.7061098,0.46038312,-0.312803,762.5986075401306,883.9355850219727,0.9999217
8e88552d-b240-4b3c-8b30-fc71269c054b,83,2.7666666666666666,left_elbow,0.5678043,0.47391537,0.19684641,613.2286190986633,909.9175071716309,0.080341265
8e88552d-b240-4b3c-8b30-fc71269c054b,83,2.7666666666666666,right_elbow,0.64060706,0.5277914,-0.17747982,691.8556237220764,1013.3594512939453,0.9201727
8e88552d-b240-4b3c-8b30-fc71269c054b,83,2.7666666666666666,left_wrist,0.5832614,0.5162742,0.20635068,629.9222803115845,991.2464904785156,0.06324941
8e88552d-b240-4b3c-8b30-fc71269c054b,83,2.7666666666666666,right_wrist,0.65493405,0.5464949,0.16613442,707.3287725448608,1049.2702102661133,0.6343224
8e88552d-b240-4b3c-8b30-fc71269c054b,83,2.7666666666666666,left_hip,0.4914583,0.541054,0.15724204,530.7749605178833,1038.8236999511719,0.99895686
8e88552d-b240-4b3c-8b30-fc71269c054b,83,2.7666666666666666,right_hip,0.5435131,0.5651956,-0.15742917,586.9941687583923,1085.1755905151367,0.9995718
8e88552d-b240-4b3c-8b30-fc71269c054b,83,2.7666666666666666,left_knee,0.59481245,0.59877485,0.4603475,642.397449016571,1149.6477127075195,0.45763493
8e88552d-b240-4b3c-8b30-fc71269c054b,83,2.7666666666666666,right_knee,0.52727455,0.6551457,-0.107787855,569.456512928009,1257.879753112793,0.9787506
8e88552d-b240-4b3c-8b30-fc71269c054b,83,2.7666666666666666,left_ankle,0.5562109,0.68888265,0.76971287,600.707745552063,1322.654685974121,0.71986634
8e88552d-b240-4b3c-8b30-fc71269c054b,83,2.7666666666666666,right_ankle,0.36374837,0.7200182,0.03016423,392.8482413291931,1382.434959411621,0.9704607
8e88552d-b240-4b3c-8b30-fc71269c054b,83,2.7666666666666666,left_heel,0.5381971,0.70701605,0.79848135,581.2528681755066,1357.470817565918,0.70606375
8e88552d-b240-4b3c-8b30-fc71269c054b,83,2.7666666666666666,right_heel,0.31184876,0.7275512,0.044130158,336.7966604232788,1396.8983459472656,0.90136254
8e88552d-b240-4b3c-8b30-fc71269c054b,83,2.7666666666666666,left_foot_index,0.6195552,0.69713795,0.83541936,669.1195893287659,1338.504867553711,0.7867601
8e88552d-b240-4b3c-8b30-fc71269c054b,83,2.7666666666666666,right_foot_index,0.40395397,0.74735385,-0.005359417,436.27028703689575,1434.9193954467773,0.9534153
8e88552d-b240-4b3c-8b30-fc71269c054b,84,2.8,nose,0.76826316,0.4061516,0.06684845,829.7242140769958,779.8110580444336,0.99969304
8e88552d-b240-4b3c-8b30-fc71269c054b,84,2.8,left_shoulder,0.62070084,0.4126069,0.10997502,670.3569030761719,792.2052383422852,0.99956965
8e88552d-b240-4b3c-8b30-fc71269c054b,84,2.8,right_shoulder,0.70679545,0.4601087,-0.31600866,763.33909034729,883.4086990356445,0.99992853
8e88552d-b240-4b3c-8b30-fc71269c054b,84,2.8,left_elbow,0.5677089,0.47131684,0.23191257,613.1256222724915,904.9283409118652,0.08698042
8e88552d-b240-4b3c-8b30-fc71269c054b,84,2.8,right_elbow,0.64172155,0.52851117,-0.17807378,693.0592703819275,1014.7414398193359,0.9221262
8e88552d-b240-4b3c-8b30-fc71269c054b,84,2.8,left_wrist,0.5831246,0.5121278,0.2632083,629.7745442390442,983.2854080200195,0.06146148
8e88552d-b240-4b3c-8b30-fc71269c054b,84,2.8,right_wrist,0.65733874,0.54623395,0.19539647,709.9258375167847,1048.769187927246,0.6330743
8e88552d-b240-4b3c-8b30-fc71269c054b,84,2.8,left_hip,0.49332896,0.54044,0.1605959,532.7952754497528,1037.6448440551758,0.9990233
8e88552d-b240-4b3c-8b30-fc71269c054b,84,2.8,right_hip,0.5452113,0.5635196,-0.16080593,588.8282203674316,1081.9576263427734,0.99961036
8e88552d-b240-4b3c-8b30-fc71269c054b,84,2.8,left_knee,0.60438377,0.596164,0.4828533,652.7344679832458,1144.6348571777344,0.4686964
8e88552d-b240-4b3c-8b30-fc71269c054b,84,2.8,right_knee,0.53196585,0.65286237,-0.1357812,574.5231199264526,1253.495750427246,0.97977656
8e88552d-b240-4b3c-8b30-fc71269c054b,84,2.8,left_ankle,0.5750132,0.68671227,0.8188944,621.0142779350281,1318.487548828125,0.7331586
8e88552d-b240-4b3c-8b30-fc71269c054b,84,2.8,right_ankle,0.3620173,0.7186338,0.0027223132,390.9786880016327,1379.776840209961,0.97237176
8e88552d-b240-4b3c-8b30-fc71269c054b,84,2.8,left_heel,0.5548663,0.7060846,0.8500739,599.2556190490723,1355.6824493408203,0.7173957
8e88552d-b240-4b3c-8b30-fc71269c054b,84,2.8,right_heel,0.30916575,0.72523826,0.017045232,333.899005651474,1392.4574661254883,0.9060506
8e88552d-b240-4b3c-8b30-fc71269c054b,84,2.8,left_foot_index,0.6333857,0.69737273,0.88409144,684.0565752983093,1338.9556503295898,0.7947988
8e88552d-b240-4b3c-8b30-fc71269c054b,84,2.8,right_foot_index,0.40077832,0.7480896,-0.04087727,432.84058928489685,1436.3320541381836,0.95607525
8e88552d-b240-4b3c-8b30-fc71269c054b,85,2.8333333333333335,nose,0.7700757,0.40595385,0.06927533,831.6817331314087,779.4314002990723,0.9997093
8e88552d-b240-4b3c-8b30-fc71269c054b,85,2.8333333333333335,left_shoulder,0.62141645,0.41162494,0.11068638,671.1297655105591,790.319881439209,0.999598
8e88552d-b240-4b3c-8b30-fc71269c054b,85,2.8333333333333335,right_shoulder,0.7083539,0.45989436,-0.32680157,765.0221872329712,882.9971694946289,0.99993485
8e88552d-b240-4b3c-8b30-fc71269c054b,85,2.8333333333333335,left_elbow,0.5695983,0.46856233,0.25383684,615.1661825180054,899.6396827697754,0.091935165
8e88552d-b240-4b3c-8b30-fc71269c054b,85,2.8333333333333335,right_elbow,0.6411488,0.5292851,-0.18234016,692.440710067749,1016.2273406982422,0.9250879
8e88552d-b240-4b3c-8b30-fc71269c054b,85,2.8333333333333335,left_wrist,0.5841092,0.50782406,0.31079742,630.8379220962524,975.0222015380859,0.059632424
8e88552d-b240-4b3c-8b30-fc71269c054b,85,2.8333333333333335,right_wrist,0.6571771,0.54702663,0.20001015,709.7512578964233,1050.2911376953125,0.6367491
8e88552d-b240-4b3c-8b30-fc71269c054b,85,2.8333333333333335,left_hip,0.4987387,0.53928894,0.16677925,538.6378026008606,1035.4347610473633,0.99908847
8e88552d-b240-4b3c-8b30-fc71269c054b,85,2.8333333333333335,right_hip,0.547215,0.5616795,-0.16701835,590.9921836853027,1078.4246063232422,0.99964607
8e88552d-b240-4b3c-8b30-fc71269c054b,85,2.8333333333333335,left_knee,0.62940776,0.5851681,0.48451358,679.7603845596313,1123.5227966308594,0.4877299
8e88552d-b240-4b3c-8b30-fc71269c054b,85,2.8333333333333335,right_knee,0.5339738,0.6503456,-0.13565482,576.6917181015015,1248.6635971069336,0.9809591
8e88552d-b240-4b3c-8b30-fc71269c054b,85,2.8333333333333335,left_ankle,0.58966,0.6837941,0.820156,636.8327879905701,1312.884635925293,0.7505124
8e88552d-b240-4b3c-8b30-fc71269c054b,85,2.8333333333333335,right_ankle,0.36119467,0.7182839,0.012261111,390.09024381637573,1379.1050720214844,0.97453725
8e88552d-b240-4b3c-8b30-fc71269c054b,85,2.8333333333333335,left_heel,0.56875557,0.70338523,0.8514314,614.2560124397278,1350.4996490478516,0.7338712
8e88552d-b240-4b3c-8b30-fc71269c054b,85,2.8333333333333335,right_heel,0.30975163,0.7241668,0.02741984,334.5317602157593,1390.400276184082,0.912308
8e88552d-b240-4b3c-8b30-fc71269c054b,85,2.8333333333333335,left_foot_index,0.6500631,0.69520074,0.88475734,702.068145275116,1334.7854232788086,0.806103
8e88552d-b240-4b3c-8b30-fc71269c054b,85,2.8333333333333335,right_foot_index,0.40023255,0.74856085,-0.035301987,432.2511577606201,1437.2368240356445,0.95920694
8e88552d-b240-4b3c-8b30-fc71269c054b,86,2.8666666666666667,nose,0.7722304,0.405064,0.059541143,834.0088176727295,777.7228546142578,0.999729
8e88552d-b240-4b3c-8b30-fc71269c054b,86,2.8666666666666667,left_shoulder,0.6214176,0.41169727,0.110850245,671.1309885978699,790.4587554931641,0.99962467
8e88552d-b240-4b3c-8b30-fc71269c054b,86,2.8666666666666667,right_shoulder,0.7096225,0.4596546,-0.34658936,766.3923025131226,882.5368309020996,0.9999406
8e88552d-b240-4b3c-8b30-fc71269c054b,86,2.8666666666666667,left_elbow,0.56910175,0.47035366,0.23598205,614.6298909187317,903.0790328979492,0.09465029
8e88552d-b240-4b3c-8b30-fc71269c054b,86,2.8666666666666667,right_elbow,0.6412132,0.5294988,-0.21169399,692.510232925415,1016.6377258300781,0.92800504
8e88552d-b240-4b3c-8b30-fc71269c054b,86,2.8666666666666667,left_wrist,0.5806909,0.5081629,0.24250317,627.1461939811707,975.6727981567383,0.05860996
8e88552d-b240-4b3c-8b30-fc71269c054b,86,2.8666666666666667,right_wrist,0.65966284,0.5477756,0.17501855,712.4358701705933,1051.7292022705078,0.643656
8e88552d-b240-4b3c-8b30-fc71269c054b,86,2.8666666666666667,left_hip,0.50158834,0.53859866,0.17284821,541.7154121398926,1034.1094207763672,0.99915123
8e88552d-b240-4b3c-8b30-fc71269c054b,86,2.8666666666666667,right_hip,0.54782224,0.5610452,-0.1730517,591.6480159759521,1077.2068405151367,0.999678
8e88552d-b240-4b3c-8b30-fc71269c054b,86,2.8666666666666667,left_knee,0.6449017,0.5769084,0.48426542,696.4938282966614,1107.6641464233398,0.5110503
8e88552d-b240-4b3c-8b30-fc71269c054b,86,2.8666666666666667,right_knee,0.53382534,0.65011436,-0.13473573,576.5313649177551,1248.2195663452148,0.9822825
8e88552d-b240-4b3c-8b30-fc71269c054b,86,2.8666666666666667,left_ankle,0.6008358,0.6790003,0.8064243,648.9026641845703,1303.6806106567383,0.76851046
8e88552d-b240-4b3c-8b30-fc71269c054b,86,2.8666666666666667,right_ankle,0.35952199,0.7174426,0.022839496,388.2837438583374,1377.4897384643555,0.9766736
8e88552d-b240-4b3c-8b30-fc71269c054b,86,2.8666666666666667,left_heel,0.57825315,0.6991413,0.8363933,624.5134019851685,1342.3513412475586,0.7516988
8e88552d-b240-4b3c-8b30-fc71269c054b,86,2.8666666666666667,right_heel,0.30889535,0.7218362,0.038200997,333.60697746276855,1385.925521850586,0.9187958
8e88552d-b240-4b3c-8b30-fc71269c054b,86,2.8666666666666667,left_foot_index,0.65903634,0.6944809,0.8697636,711.7592453956604,1333.4033203125,0.8189411
8e88552d-b240-4b3c-8b30-fc71269c054b,86,2.8666666666666667,right_foot_index,0.39677948,0.7495404,-0.03157937,428.5218358039856,1439.117546081543,0.962408
8e88552d-b240-4b3c-8b30-fc71269c054b,87,2.9,nose,0.77316684,0.404739,0.05652792,835.020182132721,777.0988655090332,0.99975055
8e88552d-b240-4b3c-8b30-fc71269c054b,87,2.9,left_shoulder,0.62126076,0.4119529,0.102054745,670.9616231918335,790.949592590332,0.9996527
8e88552d-b240-4b3c-8b30-fc71269c054b,87,2.9,right_shoulder,0.71078,0.45938778,-0.3462179,767.6424264907837,882.0245361328125,0.99994594
8e88552d-b240-4b3c-8b30-fc71269c054b,87,2.9,left_elbow,0.5710168,0.4712502,0.20467818,616.6981315612793,904.8003959655762,0.09774595
8e88552d-b240-4b3c-8b30-fc71269c054b,87,2.9,right_elbow,0.6417267,0.52972215,-0.21077414,693.0648064613342,1017.066535949707,0.9296472
8e88552d-b240-4b3c-8b30-fc71269c054b,87,2.9,left_wrist,0.5807232,0.51168954,0.1962407,627.1810841560364,982.4439239501953,0.057759754
8e88552d-b240-4b3c-8b30-fc71269c054b,87,2.9,right_wrist,0.6602578,0.5479648,0.17170167,713.078441619873,1052.0924377441406,0.6433021
8e88552d-b240-4b3c-8b30-fc71269c054b,87,2.9,left_hip,0.5033788,0.5383377,0.17231788,543.6491131782532,1033.6083984375,0.99921787
8e88552d-b240-4b3c-8b30-fc71269c054b,87,2.9,right_hip,0.5510254,0.56100506,-0.17252114,595.107421875,1077.1297073364258,0.9997085
8e88552d-b240-4b3c-8b30-fc71269c054b,87,2.9,left_knee,0.6421726,0.5787831,0.51775646,693.5463809967041,1111.263542175293,0.531114
8e88552d-b240-4b3c-8b30-fc71269c054b,87,2.9,right_knee,0.5322136,0.6499074,-0.11543467,574.7907185554504,1247.8222274780273,0.98356265
8e88552d-b240-4b3c-8b30-fc71269c054b,87,2.9,left_ankle,0.6096393,0.67670316,0.8718749,658.4104299545288,1299.2700576782227,0.78490335
8e88552d-b240-4b3c-8b30-fc71269c054b,87,2.9,right_ankle,0.35820016,0.7168445,0.04904981,386.85617566108704,1376.341438293457,0.97867256
8e88552d-b240-4b3c-8b30-fc71269c054b,87,2.9,left_heel,0.5882454,0.6942019,0.9052115,635.3050231933594,1332.8676223754883,0.76785487
8e88552d-b240-4b3c-8b30-fc71269c054b,87,2.9,right_heel,0.30843145,0.7194003,0.065510444,333.10596227645874,1381.248550415039,0.92491704
8e88552d-b240-4b3c-8b30-fc71269c054b,87,2.9,left_foot_index,0.67013675,0.6929075,0.93779135,723.7476897239685,1330.382423400879,0.83082515
8e88552d-b240-4b3c-8b30-fc71269c054b,87,2.9,right_foot_index,0.3935833,0.75046855,-0.00015738033,425.06996154785156,1440.8996200561523,0.965427
8e88552d-b240-4b3c-8b30-fc71269c054b,88,2.933333333333333,nose,0.77279973,0.4048269,0.057228997,834.6237087249756,777.2676658630371,0.9997717
8e88552d-b240-4b3c-8b30-fc71269c054b,88,2.933333333333333,left_shoulder,0.6214455,0.41153327,0.094057456,671.1611151695251,790.143871307373,0.99968135
8e88552d-b240-4b3c-8b30-fc71269c054b,88,2.933333333333333,right_shoulder,0.71158075,0.4581171,-0.3429799,768.5072135925293,879.5848274230957,0.99995095
8e88552d-b240-4b3c-8b30-fc71269c054b,88,2.933333333333333,left_elbow,0.57305586,0.47193485,0.20153332,618.9003324508667,906.1149215698242,0.1007989
8e88552d-b240-4b3c-8b30-fc71269c054b,88,2.933333333333333,right_elbow,0.6435035,0.5296257,-0.20772651,694.983766078949,1016.8813705444336,0.9294607
8e88552d-b240-4b3c-8b30-fc71269c054b,88,2.933333333333333,left_wrist,0.5887439,0.51258266,0.20370896,635.8434391021729,984.1587066650391,0.057494745
8e88552d-b240-4b3c-8b30-fc71269c054b,88,2.933333333333333,right_wrist,0.66430175,0.5481624,0.16985676,717.4458932876587,1052.471809387207,0.6376573
8e88552d-b240-4b3c-8b30-fc71269c054b,88,2.933333333333333,left_hip,0.5072447,0.5376499,0.17068088,547.8242826461792,1032.2878646850586,0.999279
8e88552d-b240-4b3c-8b30-fc71269c054b,88,2.933333333333333,right_hip,0.55223614,0.55992275,-0.1708832,596.4150309562683,1075.0516891479492,0.9997363
8e88552d-b240-4b3c-8b30-fc71269c054b,88,2.933333333333333,left_knee,0.6481962,0.57339364,0.5473752,700.0519180297852,1100.9157943725586,0.5436165
8e88552d-b240-4b3c-8b30-fc71269c054b,88,2.933333333333333,right_knee,0.5299652,0.6502141,-0.11409573,572.3624396324158,1248.4110260009766,0.9846117
8e88552d-b240-4b3c-8b30-fc71269c054b,88,2.933333333333333,left_ankle,0.6151646,0.6714779,0.91457504,664.3777441978455,1289.2375946044922,0.79735714
8e88552d-b240-4b3c-8b30-fc71269c054b,88,2.933333333333333,right_ankle,0.3585524,0.71667457,0.021916566,387.2365880012512,1376.0151672363281,0.9803696
8e88552d-b240-4b3c-8b30-fc71269c054b,88,2.933333333333333,left_heel,0.5944515,0.6876545,0.94971323,642.0076060295105,1320.296630859375,0.77971447
8e88552d-b240-4b3c-8b30-fc71269c054b,88,2.933333333333333,right_heel,0.30912963,0.71804637,0.03529672,333.8599956035614,1378.649024963379,0.9298028
8e88552d-b240-4b3c-8b30-fc71269c054b,88,2.933333333333333,left_foot_index,0.6785503,0.691141,0.9851472,732.8343272209167,1326.990737915039,0.8390031
8e88552d-b240-4b3c-8b30-fc71269c054b,88,2.933333333333333,right_foot_index,0.39239332,0.7519255,-0.041201476,423.7847864627838,1443.6970138549805,0.9678763
8e88552d-b240-4b3c-8b30-fc71269c054b,89,2.966666666666667,nose,0.7739265,0.40412998,0.048372637,835.8406162261963,775.9295654296875,0.9997882
8e88552d-b240-4b3c-8b30-fc71269c054b,89,2.966666666666667,left_shoulder,0.62269676,0.41128713,0.08290701,672.5124979019165,789.6712875366211,0.9997063
8e88552d-b240-4b3c-8b30-fc71269c054b,89,2.966666666666667,right_shoulder,0.712254,0.45788142,-0.34429827,769.2343068122864,879.1323280334473,0.9999553
8e88552d-b240-4b3c-8b30-fc71269c054b,89,2.966666666666667,left_elbow,0.5726857,0.47233933,0.18284634,618.5005760192871,906.8915176391602,0.10268921
8e88552d-b240-4b3c-8b30-fc71269c054b,89,2.966666666666667,right_elbow,0.64463943,0.5293402,-0.20684737,696.2105870246887,1016.3331985473633,0.9282363
8e88552d-b240-4b3c-8b30-fc71269c054b,89,2.966666666666667,left_wrist,0.6095635,0.5172483,0.16773869,658.3286118507385,993.1166839599609,0.058340568
8e88552d-b240-4b3c-8b30-fc71269c054b,89,2.966666666666667,right_wrist,0.66790193,0.5483316,0.17267355,721.3340878486633,1052.7967071533203,0.6317146
8e88552d-b240-4b3c-8b30-fc71269c054b,89,2.966666666666667,left_hip,0.5095982,0.5372479,0.16692857,550.366051197052,1031.5159606933594,0.99932975
8e88552d-b240-4b3c-8b30-fc71269c054b,89,2.966666666666667,right_hip,0.5556734,0.55972284,-0.16713503,600.1272940635681,1074.667854309082,0.999761
8e88552d-b240-4b3c-8b30-fc71269c054b,89,2.966666666666667,left_knee,0.64029855,0.57992107,0.5515414,691.5224289894104,1113.4484481811523,0.5484773
8e88552d-b240-4b3c-8b30-fc71269c054b,89,2.966666666666667,right_knee,0.52937317,0.65034574,-0.109566666,571.7230224609375,1248.6638259887695,0.98518664
8e88552d-b240-4b3c-8b30-fc71269c054b,89,2.966666666666667,left_ankle,0.6224626,0.6729734,0.9288041,672.2595763206482,1292.1089172363281,0.806319
8e88552d-b240-4b3c-8b30-fc71269c054b,89,2.966666666666667,right_ankle,0.359277,0.71471286,0.03951235,388.0191707611084,1372.2486877441406,0.98166585
8e88552d-b240-4b3c-8b30-fc71269c054b,89,2.966666666666667,left_heel,0.6013616,0.68995464,0.9654864,649.4704985618591,1324.712905883789,0.7882
8e88552d-b240-4b3c-8b30-fc71269c054b,89,2.966666666666667,right_heel,0.31040272,0.7147592,0.05430502,335.2349388599396,1372.3376083374023,0.93320787
8e88552d-b240-4b3c-8b30-fc71269c054b,89,2.966666666666667,left_foot_index,0.6889882,0.68920255,0.99800384,744.1072654724121,1323.2688903808594,0.844372
8e88552d-b240-4b3c-8b30-fc71269c054b,89,2.966666666666667,right_foot_index,0.3906283,0.7532147,-0.01989096,421.87857270240784,1446.1722564697266,0.9695563
8e88552d-b240-4b3c-8b30-fc71269c054b,90,3.0,nose,0.77409893,0.4031068,0.048534315,836.0268473625183,773.9650726318359,0.9998053
8e88552d-b240-4b3c-8b30-fc71269c054b,90,3.0,left_shoulder,0.6225875,0.41135517,0.067011446,672.3945021629333,789.8019218444824,0.9997298
8e88552d-b240-4b3c-8b30-fc71269c054b,90,3.0,right_shoulder,0.7127324,0.45678806,-0.34410414,769.750964641571,877.0330810546875,0.99995923
8e88552d-b240-4b3c-8b30-fc71269c054b,90,3.0,left_elbow,0.5725909,0.47321177,0.14972858,618.3981585502625,908.5665893554688,0.10536404
8e88552d-b240-4b3c-8b30-fc71269c054b,90,3.0,right_elbow,0.64644855,0.52811474,-0.2065425,698.1644368171692,1013.9802932739258,0.9261674
8e88552d-b240-4b3c-8b30-fc71269c054b,90,3.0,left_wrist,0.6166574,0.5226634,0.10943811,665.9899663925171,1003.5137557983398,0.060620937
8e88552d-b240-4b3c-8b30-fc71269c054b,90,3.0,right_wrist,0.670019,0.54831946,0.16798508,723.6204886436462,1052.7733612060547,0.62455994
8e88552d-b240-4b3c-8b30-fc71269c054b,90,3.0,left_hip,0.51220906,0.5373475,0.16201492,553.1857824325562,1031.7071914672852,0.9993795
8e88552d-b240-4b3c-8b30-fc71269c054b,90,3.0,right_hip,0.5567847,0.55973756,-0.16221142,601.3274645805359,1074.6961212158203,0.9997835
8e88552d-b240-4b3c-8b30-fc71269c054b,90,3.0,left_knee,0.6383851,0.58237946,0.56636214,689.4559264183044,1118.1685638427734,0.5593113
8e88552d-b240-4b3c-8b30-fc71269c054b,90,3.0,right_knee,0.5293508,0.6502943,-0.08448693,571.6988825798035,1248.5650634765625,0.9859381
8e88552d-b240-4b3c-8b30-fc71269c054b,90,3.0,left_ankle,0.628515,0.67406267,0.9530034,678.7962055206299,1294.200325012207,0.81685644
8e88552d-b240-4b3c-8b30-fc71269c054b,90,3.0,right_ankle,0.35942075,0.7138612,0.06714558,388.1744062900543,1370.6135559082031,0.98301005
8e88552d-b240-4b3c-8b30-fc71269c054b,90,3.0,left_heel,0.61071306,0.69132423,0.9909417,659.5701098442078,1327.342529296875,0.79788613
8e88552d-b240-4b3c-8b30-fc71269c054b,90,3.0,right_heel,0.3113461,0.7133079,0.08177872,336.25380277633667,1369.5512008666992,0.93686426
8e88552d-b240-4b3c-8b30-fc71269c054b,90,3.0,left_foot_index,0.69475424,0.68705946,1.0197394,750.3345823287964,1319.154167175293,0.85103077
8e88552d-b240-4b3c-8b30-fc71269c054b,90,3.0,right_foot_index,0.3897138,0.7547022,-0.004568368,420.8908975124359,1449.0282440185547,0.9713423
8e88552d-b240-4b3c-8b30-fc71269c054b,91,3.033333333333333,nose,0.77388424,0.40294084,0.09341907,835.7949757575989,773.646411895752,0.99982154
8e88552d-b240-4b3c-8b30-fc71269c054b,91,3.033333333333333,left_shoulder,0.62057346,0.4115073,0.06862726,670.2193379402161,790.0940322875977,0.99975145
8e88552d-b240-4b3c-8b30-fc71269c054b,91,3.033333333333333,right_shoulder,0.71369773,0.4559599,-0.32652497,770.7935500144958,875.4429817199707,0.999963
8e88552d-b240-4b3c-8b30-fc71269c054b,91,3.033333333333333,left_elbow,0.56273717,0.47325954,0.15967155,607.7561402320862,908.6583137512207,0.10988739
8e88552d-b240-4b3c-8b30-fc71269c054b,91,3.033333333333333,right_elbow,0.6467021,0.52535576,-0.18881632,698.4382796287537,1008.6830520629883,0.9242695
8e88552d-b240-4b3c-8b30-fc71269c054b,91,3.033333333333333,left_wrist,0.6109123,0.5217653,0.11815449,659.7853088378906,1001.7893600463867,0.061055303
8e88552d-b240-4b3c-8b30-fc71269c054b,91,3.033333333333333,right_wrist,0.67085993,0.54672015,0.18231142,724.5287275314331,1049.7026824951172,0.6136754
8e88552d-b240-4b3c-8b30-fc71269c054b,91,3.033333333333333,left_hip,0.51265424,0.537345,0.1622854,553.6665844917297,1031.7023849487305,0.99942565
8e88552d-b240-4b3c-8b30-fc71269c054b,91,3.033333333333333,right_hip,0.559523,0.5599277,-0.1624894,604.2848253250122,1075.0611877441406,0.9998041
8e88552d-b240-4b3c-8b30-fc71269c054b,91,3.033333333333333,left_knee,0.63851506,0.58280003,0.55509925,689.5962595939636,1118.976058959961,0.563085
8e88552d-b240-4b3c-8b30-fc71269c054b,91,3.033333333333333,right_knee,0.52938944,0.65023786,-0.108963475,571.7405962944031,1248.456687927246,0.98656815
8e88552d-b240-4b3c-8b30-fc71269c054b,91,3.033333333333333,left_ankle,0.6354739,0.67523915,0.91881365,686.3118195533752,1296.4591598510742,0.82532465
8e88552d-b240-4b3c-8b30-fc71269c054b,91,3.033333333333333,right_ankle,0.36042213,0.7129499,0.013672357,389.2559051513672,1368.863754272461,0.98415595
8e88552d-b240-4b3c-8b30-fc71269c054b,91,3.033333333333333,left_heel,0.6195184,0.692368,0.9538622,669.0798711776733,1329.3465042114258,0.80647266
8e88552d-b240-4b3c-8b30-fc71269c054b,91,3.033333333333333,right_heel,0.31223133,0.7121058,0.02572394,337.2098386287689,1367.2431564331055,0.93997043
8e88552d-b240-4b3c-8b30-fc71269c054b,91,3.033333333333333,left_foot_index,0.70342404,0.6863816,0.9846116,759.6979594230652,1317.8526306152344,0.8556726
8e88552d-b240-4b3c-8b30-fc71269c054b,91,3.033333333333333,right_foot_index,0.3870138,0.75736773,-0.057835456,417.97489643096924,1454.1460418701172,0.9728178
8e88552d-b240-4b3c-8b30-fc71269c054b,92,3.066666666666667,nose,0.77399987,0.40255985,0.098971635,835.9198594093323,772.9149055480957,0.99983627
8e88552d-b240-4b3c-8b30-fc71269c054b,92,3.066666666666667,left_shoulder,0.6204006,0.41157874,0.084745035,670.0326561927795,790.2311897277832,0.99977195
8e88552d-b240-4b3c-8b30-fc71269c054b,92,3.066666666666667,right_shoulder,0.71405554,0.45545152,-0.32418883,771.1799812316895,874.4669151306152,0.99996644
8e88552d-b240-4b3c-8b30-fc71269c054b,92,3.066666666666667,left_elbow,0.5577725,0.47324666,0.16953877,602.3943185806274,908.6335945129395,0.11344066
8e88552d-b240-4b3c-8b30-fc71269c054b,92,3.066666666666667,right_elbow,0.6490851,0.5251587,-0.18578173,701.0119128227234,1008.3047103881836,0.92387325
8e88552d-b240-4b3c-8b30-fc71269c054b,92,3.066666666666667,left_wrist,0.6078783,0.5212542,0.14743741,656.5085935592651,1000.8080291748047,0.060669146
8e88552d-b240-4b3c-8b30-fc71269c054b,92,3.066666666666667,right_wrist,0.67148954,0.54587716,0.18937658,725.2086997032166,1048.0841445922852,0.60580266
8e88552d-b240-4b3c-8b30-fc71269c054b,92,3.066666666666667,left_hip,0.51464516,0.5373164,0.16352782,555.8167719841003,1031.6474533081055,0.99946916
8e88552d-b240-4b3c-8b30-fc71269c054b,92,3.066666666666667,right_hip,0.5625298,0.5600123,-0.1637399,607.5321865081787,1075.2235794067383,0.99982285
8e88552d-b240-4b3c-8b30-fc71269c054b,92,3.066666666666667,left_knee,0.63843656,0.58356595,0.56022125,689.5114803314209,1120.4466247558594,0.56312686
8e88552d-b240-4b3c-8b30-fc71269c054b,92,3.066666666666667,right_knee,0.5301504,0.6497068,-0.15316102,572.5624465942383,1247.4370193481445,0.9871271
8e88552d-b240-4b3c-8b30-fc71269c054b,92,3.066666666666667,left_ankle,0.64265716,0.67564934,0.92435837,694.0697336196899,1297.2467422485352,0.83259404
8e88552d-b240-4b3c-8b30-fc71269c054b,92,3.066666666666667,right_ankle,0.36251542,0.71190435,-0.050452538,391.51665329933167,1366.856346130371,0.9851937
8e88552d-b240-4b3c-8b30-fc71269c054b,92,3.066666666666667,left_heel,0.62672526,0.6929325,0.9593037,676.8632769584656,1330.4303741455078,0.8137837
8e88552d-b240-4b3c-8b30-fc71269c054b,92,3.066666666666667,right_heel,0.31373242,0.71099466,-0.040103544,338.83100867271423,1365.109748840332,0.94264674
8e88552d-b240-4b3c-8b30-fc71269c054b,92,3.066666666666667,left_foot_index,0.71295387,0.68489164,0.9939632,769.9901747703552,1314.9919509887695,0.8596626
8e88552d-b240-4b3c-8b30-fc71269c054b,92,3.066666666666667,right_foot_index,0.3857138,0.7596132,-0.12329546,416.5708887577057,1458.457374572754,0.97425675
8e88552d-b240-4b3c-8b30-fc71269c054b,93,3.1,nose,0.77391326,0.4022747,0.11502901,835.8263254165649,772.3674201965332,0.9998485
8e88552d-b240-4b3c-8b30-fc71269c054b,93,3.1,left_shoulder,0.6195842,0.4117295,0.09461665,669.1509389877319,790.5206680297852,0.99978846
8e88552d-b240-4b3c-8b30-fc71269c054b,93,3.1,right_shoulder,0.71454257,0.45482698,-0.31114164,771.705973148346,873.2678031921387,0.9999695
8e88552d-b240-4b3c-8b30-fc71269c054b,93,3.1,left_elbow,0.55069643,0.4727492,0.17253427,594.7521471977234,907.6784706115723,0.11680255
8e88552d-b240-4b3c-8b30-fc71269c054b,93,3.1,right_elbow,0.6492784,0.5233743,-0.17531177,701.2206745147705,1004.8786926269531,0.9220582
8e88552d-b240-4b3c-8b30-fc71269c054b,93,3.1,left_wrist,0.58867437,0.51965433,0.15551382,635.7683157920837,997.7363204956055,0.059754476
8e88552d-b240-4b3c-8b30-fc71269c054b,93,3.1,right_wrist,0.6712957,0.5452495,0.19306874,724.9993586540222,1046.8790817260742,0.59628946
8e88552d-b240-4b3c-8b30-fc71269c054b,93,3.1,left_hip,0.5160442,0.5368994,0.16363053,557.3277354240417,1030.846824645996,0.9995046
8e88552d-b240-4b3c-8b30-fc71269c054b,93,3.1,right_hip,0.5646859,0.5597149,-0.16385481,609.8607516288757,1074.6526336669922,0.99983937
8e88552d-b240-4b3c-8b30-fc71269c054b,93,3.1,left_knee,0.63979316,0.58373004,0.5254409,690.9766101837158,1120.7616806030273,0.56722456
8e88552d-b240-4b3c-8b30-fc71269c054b,93,3.1,right_knee,0.5303521,0.64956886,-0.1543737,572.7802848815918,1247.1722030639648,0.9875168
8e88552d-b240-4b3c-8b30-fc71269c054b,93,3.1,left_ankle,0.6459794,0.675622,0.8583014,697.6577568054199,1297.1942138671875,0.83973193
8e88552d-b240-4b3c-8b30-fc71269c054b,93,3.1,right_ankle,0.3644633,0.7113741,-0.0415949,393.6203634738922,1365.838279724121,0.98606044
8e88552d-b240-4b3c-8b30-fc71269c054b,93,3.1,left_heel,0.63327473,0.6929543,0.88946337,683.9367127418518,1330.4722595214844,0.8213384
8e88552d-b240-4b3c-8b30-fc71269c054b,93,3.1,right_heel,0.31555992,0.7105829,-0.030553415,340.80471754074097,1364.319190979004,0.9449772
8e88552d-b240-4b3c-8b30-fc71269c054b,93,3.1,left_foot_index,0.720893,0.6845058,0.9161155,778.5644674301147,1314.2511749267578,0.8635004
8e88552d-b240-4b3c-8b30-fc71269c054b,93,3.1,right_foot_index,0.38568598,0.7591889,-0.115040526,416.54085874557495,1457.6426696777344,0.97537315
8e88552d-b240-4b3c-8b30-fc71269c054b,94,3.1333333333333333,nose,0.7742369,0.40187386,0.10912329,836.1758708953857,771.5978050231934,0.9998605
8e88552d-b240-4b3c-8b30-fc71269c054b,94,3.1333333333333333,left_shoulder,0.61923265,0.41178194,0.10063731,668.7712669372559,790.6213188171387,0.9998049
8e88552d-b240-4b3c-8b30-fc71269c054b,94,3.1333333333333333,right_shoulder,0.7149953,0.454055,-0.31365147,772.1949505805969,871.7856216430664,0.9999723
8e88552d-b240-4b3c-8b30-fc71269c054b,94,3.1333333333333333,left_elbow,0.5463604,0.47214577,0.1772228,590.06920337677,906.5198707580566,0.1239684
8e88552d-b240-4b3c-8b30-fc71269c054b,94,3.1333333333333333,right_elbow,0.6499307,0.5205698,-0.17870049,701.9251728057861,999.4940185546875,0.92230976
8e88552d-b240-4b3c-8b30-fc71269c054b,94,3.1333333333333333,left_wrist,0.58420956,0.5188496,0.16962074,630.9463262557983,996.1912536621094,0.059961215
8e88552d-b240-4b3c-8b30-fc71269c054b,94,3.1333333333333333,right_wrist,0.6710668,0.5428942,0.19400564,724.7521662712097,1042.356834411621,0.5886855
8e88552d-b240-4b3c-8b30-fc71269c054b,94,3.1333333333333333,left_hip,0.517327,0.53696185,0.16464318,558.7131714820862,1030.9667587280273,0.99954236
8e88552d-b240-4b3c-8b30-fc71269c054b,94,3.1333333333333333,right_hip,0.5658138,0.5597998,-0.16493946,611.0788822174072,1074.8155975341797,0.9998546
8e88552d-b240-4b3c-8b30-fc71269c054b,94,3.1333333333333333,left_knee,0.6412722,0.58408767,0.547408,692.5739622116089,1121.4483261108398,0.5695271
8e88552d-b240-4b3c-8b30-fc71269c054b,94,3.1333333333333333,right_knee,0.53161675,0.64929444,-0.1418858,574.1460871696472,1246.6453170776367,0.988043
8e88552d-b240-4b3c-8b30-fc71269c054b,94,3.1333333333333333,left_ankle,0.6510455,0.6759489,0.90374935,703.129141330719,1297.821922302246,0.8466746
8e88552d-b240-4b3c-8b30-fc71269c054b,94,3.1333333333333333,right_ankle,0.36915973,0.7101653,-0.014556745,398.69250655174255,1363.5174179077148,0.98696566
8e88552d-b240-4b3c-8b30-fc71269c054b,94,3.1333333333333333,left_heel,0.63853157,0.6932032,0.9385355,689.6140909194946,1330.9501647949219,0.8284565
8e88552d-b240-4b3c-8b30-fc71269c054b,94,3.1333333333333333,right_heel,0.32139975,0.70910865,-0.0012842088,347.11172819137573,1361.4886093139648,0.9475459
8e88552d-b240-4b3c-8b30-fc71269c054b,94,3.1333333333333333,left_foot_index,0.7292126,0.6842404,0.9752388,787.5495886802673,1313.741569519043,0.8677471
8e88552d-b240-4b3c-8b30-fc71269c054b,94,3.1333333333333333,right_foot_index,0.3857036,0.7588625,-0.079154775,416.55988097190857,1457.0159912109375,0.97665864
8e88552d-b240-4b3c-8b30-fc71269c054b,95,3.1666666666666665,nose,0.7743113,0.40114608,0.109379984,836.2562084197998,770.2004814147949,0.9998708
8e88552d-b240-4b3c-8b30-fc71269c054b,95,3.1666666666666665,left_shoulder,0.61916333,0.41182107,0.10341222,668.6964011192322,790.6964492797852,0.9998185
8e88552d-b240-4b3c-8b30-fc71269c054b,95,3.1666666666666665,right_shoulder,0.7155294,0.45310333,-0.31553593,772.7717328071594,869.9584007263184,0.9999747
8e88552d-b240-4b3c-8b30-fc71269c054b,95,3.1666666666666665,left_elbow,0.54776245,0.472211,0.17936659,591.5834498405457,906.6451263427734,0.12693015
8e88552d-b240-4b3c-8b30-fc71269c054b,95,3.1666666666666665,right_elbow,0.6531663,0.52139914,-0.18106453,705.4195976257324,1001.0863494873047,0.9225766
8e88552d-b240-4b3c-8b30-fc71269c054b,95,3.1666666666666665,left_wrist,0.58534765,0.5188755,0.16937426,632.175464630127,996.2409210205078,0.0600679
8e88552d-b240-4b3c-8b30-fc71269c054b,95,3.1666666666666665,right_wrist,0.67284316,0.5431586,0.18570852,726.6706109046936,1042.8644943237305,0.5850394
8e88552d-b240-4b3c-8b30-fc71269c054b,95,3.1666666666666665,left_hip,0.51934034,0.5369733,0.16486129,560.8875632286072,1030.9887313842773,0.9995729
8e88552d-b240-4b3c-8b30-fc71269c054b,95,3.1666666666666665,right_hip,0.56833196,0.5598209,-0.16516678,613.7985134124756,1074.8561096191406,0.99986804
8e88552d-b240-4b3c-8b30-fc71269c054b,95,3.1666666666666665,left_knee,0.64254194,0.5843685,0.54615474,693.945300579071,1121.9875717163086,0.56947905
8e88552d-b240-4b3c-8b30-fc71269c054b,95,3.1666666666666665,right_knee,0.53279155,0.6486225,-0.13572653,575.414879322052,1245.355224609375,0.9883059
8e88552d-b240-4b3c-8b30-fc71269c054b,95,3.1666666666666665,left_ankle,0.6558413,0.67611,0.8965004,708.3085942268372,1298.1312561035156,0.8517234
8e88552d-b240-4b3c-8b30-fc71269c054b,95,3.1666666666666665,right_ankle,0.37393516,0.70867974,-0.0066785086,403.84997606277466,1360.6650924682617,0.9876818
8e88552d-b240-4b3c-8b30-fc71269c054b,95,3.1666666666666665,left_heel,0.64335084,0.6933106,0.93115515,694.8189067840576,1331.1563873291016,0.8340488
8e88552d-b240-4b3c-8b30-fc71269c054b,95,3.1666666666666665,right_heel,0.3275618,0.7077383,0.0060039083,353.7667393684387,1358.8574981689453,0.9493868
8e88552d-b240-4b3c-8b30-fc71269c054b,95,3.1666666666666665,left_foot_index,0.73621196,0.68307805,0.96746033,795.1089119911194,1311.5098571777344,0.87033963
8e88552d-b240-4b3c-8b30-fc71269c054b,95,3.1666666666666665,right_foot_index,0.38573092,0.7585012,-0.064655915,416.58939599990845,1456.322250366211,0.9775546
8e88552d-b240-4b3c-8b30-fc71269c054b,96,3.2,nose,0.77539104,0.4007319,0.10726365,837.4223256111145,769.4052314758301,0.9998793
8e88552d-b240-4b3c-8b30-fc71269c054b,96,3.2,left_shoulder,0.6191216,0.41188496,0.11662317,668.651340007782,790.8191299438477,0.99983114
8e88552d-b240-4b3c-8b30-fc71269c054b,96,3.2,right_shoulder,0.71614766,0.4528677,-0.31249815,773.439474105835,869.5059585571289,0.999977
8e88552d-b240-4b3c-8b30-fc71269c054b,96,3.2,left_elbow,0.54750246,0.4722803,0.20119324,591.3026547431946,906.7781639099121,0.13202691
8e88552d-b240-4b3c-8b30-fc71269c054b,96,3.2,right_elbow,0.6561061,0.52191186,-0.18120125,708.5946035385132,1002.0707702636719,0.9231992
8e88552d-b240-4b3c-8b30-fc71269c054b,96,3.2,left_wrist,0.58566076,0.51825535,0.20956783,632.5136160850525,995.0502777099609,0.05977127
8e88552d-b240-4b3c-8b30-fc71269c054b,96,3.2,right_wrist,0.6761408,0.54349095,0.17625004,730.232048034668,1043.5026168823242,0.582237
8e88552d-b240-4b3c-8b30-fc71269c054b,96,3.2,left_hip,0.52102244,0.53700453,0.16557786,562.70423412323,1031.048698425293,0.999598
8e88552d-b240-4b3c-8b30-fc71269c054b,96,3.2,right_hip,0.5712761,0.5598472,-0.16588333,616.9782185554504,1074.9065780639648,0.99988
8e88552d-b240-4b3c-8b30-fc71269c054b,96,3.2,left_knee,0.6436599,0.58460397,0.5197222,695.1526808738708,1122.4396133422852,0.56860274
8e88552d-b240-4b3c-8b30-fc71269c054b,96,3.2,right_knee,0.53645736,0.6477611,-0.18029478,579.3739485740662,1243.7013244628906,0.9884441
8e88552d-b240-4b3c-8b30-fc71269c054b,96,3.2,left_ankle,0.66002434,0.6761429,0.8410125,712.826292514801,1298.1943130493164,0.855728
8e88552d-b240-4b3c-8b30-fc71269c054b,96,3.2,right_ankle,0.38025978,0.70716393,-0.06288496,410.6805646419525,1357.7547454833984,0.9881967
8e88552d-b240-4b3c-8b30-fc71269c054b,96,3.2,left_heel,0.64779896,0.6932635,0.8715352,699.6228718757629,1331.0658645629883,0.8386192
8e88552d-b240-4b3c-8b30-fc71269c054b,96,3.2,right_heel,0.3337565,0.70643544,-0.05007535,360.4570269584656,1356.3560485839844,0.9504585
8e88552d-b240-4b3c-8b30-fc71269c054b,96,3.2,left_foot_index,0.7374377,0.68312913,0.9084667,796.4327430725098,1311.6079330444336,0.8718925
8e88552d-b240-4b3c-8b30-fc71269c054b,96,3.2,right_foot_index,0.38612008,0.7582877,-0.12336058,417.00968742370605,1455.9124374389648,0.97823864
8e88552d-b240-4b3c-8b30-fc71269c054b,97,3.2333333333333334,nose,0.77601993,0.39893028,0.10401844,838.1015253067017,765.9461402893066,0.9998882
8e88552d-b240-4b3c-8b30-fc71269c054b,97,3.2333333333333334,left_shoulder,0.619755,0.41190434,0.11956763,669.3354320526123,790.8563232421875,0.99984336
8e88552d-b240-4b3c-8b30-fc71269c054b,97,3.2333333333333334,right_shoulder,0.7163196,0.45246366,-0.31327954,773.6251902580261,868.7302207946777,0.9999791
8e88552d-b240-4b3c-8b30-fc71269c054b,97,3.2333333333333334,left_elbow,0.5484173,0.47239214,0.20055965,592.2907161712646,906.9929122924805,0.13585189
8e88552d-b240-4b3c-8b30-fc71269c054b,97,3.2333333333333334,right_elbow,0.6581936,0.52233714,-0.18557487,710.8490753173828,1002.8873062133789,0.92354745
8e88552d-b240-4b3c-8b30-fc71269c054b,97,3.2333333333333334,left_wrist,0.58812225,0.5182174,0.20245613,635.1720285415649,994.9773788452148,0.05984547
8e88552d-b240-4b3c-8b30-fc71269c054b,97,3.2333333333333334,right_wrist,0.6779615,0.54354304,0.16193262,732.1984505653381,1043.602638244629,0.58049047
8e88552d-b240-4b3c-8b30-fc71269c054b,97,3.2333333333333334,left_hip,0.5224655,0.5368446,0.16704072,564.2627692222595,1030.7416534423828,0.99962455
8e88552d-b240-4b3c-8b30-fc71269c054b,97,3.2333333333333334,right_hip,0.5733876,0.55951864,-0.16731754,619.2586326599121,1074.275779724121,0.999891
8e88552d-b240-4b3c-8b30-fc71269c054b,97,3.2333333333333334,left_knee,0.6445197,0.58378434,0.5093095,696.0812616348267,1120.8659362792969,0.57030946
8e88552d-b240-4b3c-8b30-fc71269c054b,97,3.2333333333333334,right_knee,0.5421405,0.6456385,-0.18849483,585.5117225646973,1239.6259689331055,0.98874074
8e88552d-b240-4b3c-8b30-fc71269c054b,97,3.2333333333333334,left_ankle,0.6634814,0.67330915,0.8259899,716.5599274635315,1292.753562927246,0.86088085
8e88552d-b240-4b3c-8b30-fc71269c054b,97,3.2333333333333334,right_ankle,0.38820326,0.7053354,-0.06620978,419.25952434539795,1354.2439270019531,0.9888
8e88552d-b240-4b3c-8b30-fc71269c054b,97,3.2333333333333334,left_heel,0.65196776,0.6911042,0.8558821,704.1251850128174,1326.9200134277344,0.84406054
8e88552d-b240-4b3c-8b30-fc71269c054b,97,3.2333333333333334,right_heel,0.34216395,0.7048072,-0.053070437,369.5370662212372,1353.229866027832,0.9519372
8e88552d-b240-4b3c-8b30-fc71269c054b,97,3.2333333333333334,left_foot_index,0.74240214,0.68116593,0.8916878,801.7943072319031,1307.8385925292969,0.8752034
8e88552d-b240-4b3c-8b30-fc71269c054b,97,3.2333333333333334,right_foot_index,0.38645363,0.75827426,-0.12717669,417.3699188232422,1455.886573791504,0.9791681
8e88552d-b240-4b3c-8b30-fc71269c054b,98,3.2666666666666666,nose,0.7764911,0.39819106,0.10438027,838.6103940010071,764.5268440246582,0.9998956
8e88552d-b240-4b3c-8b30-fc71269c054b,98,3.2666666666666666,left_shoulder,0.6211464,0.41194573,0.12514094,670.8380913734436,790.9358024597168,0.999854
8e88552d-b240-4b3c-8b30-fc71269c054b,98,3.2666666666666666,right_shoulder,0.7170715,0.45189956,-0.31355372,774.4371914863586,867.6471519470215,0.9999809
8e88552d-b240-4b3c-8b30-fc71269c054b,98,3.2666666666666666,left_elbow,0.54862374,0.47315034,0.20043707,592.5136399269104,908.448657989502,0.14011875
8e88552d-b240-4b3c-8b30-fc71269c054b,98,3.2666666666666666,right_elbow,0.66036636,0.522407,-0.19931981,713.1956648826599,1003.0214309692383,0.92391413
8e88552d-b240-4b3c-8b30-fc71269c054b,98,3.2666666666666666,left_wrist,0.5907956,0.51830393,0.1946046,638.0592226982117,995.1435470581055,0.060677636
8e88552d-b240-4b3c-8b30-fc71269c054b,98,3.2666666666666666,right_wrist,0.67938066,0.543714,0.12890558,733.731107711792,1043.9308547973633,0.5806418
8e88552d-b240-4b3c-8b30-fc71269c054b,98,3.2666666666666666,left_hip,0.5232066,0.53639764,0.17113316,565.0631189346313,1029.8834609985352,0.99964523
8e88552d-b240-4b3c-8b30-fc71269c054b,98,3.2666666666666666,right_hip,0.5758858,0.559037,-0.17138526,621.9566345214844,1073.3510971069336,0.99990076
8e88552d-b240-4b3c-8b30-fc71269c054b,98,3.2666666666666666,left_knee,0.6472038,0.57881176,0.50569826,698.9801073074341,1111.318588256836,0.5710474
8e88552d-b240-4b3c-8b30-fc71269c054b,98,3.2666666666666666,right_knee,0.54838914,0.64317596,-0.23032305,592.2602677345276,1234.8978424072266,0.9890771
8e88552d-b240-4b3c-8b30-fc71269c054b,98,3.2666666666666666,left_ankle,0.66675776,0.67159754,0.8202239,720.0983834266663,1289.4672775268555,0.865366
8e88552d-b240-4b3c-8b30-fc71269c054b,98,3.2666666666666666,right_ankle,0.39184874,0.70349556,-0.1278802,423.19664239883423,1350.7114791870117,0.9893189
8e88552d-b240-4b3c-8b30-fc71269c054b,98,3.2666666666666666,left_heel,0.6549367,0.688939,0.84932065,707.3316049575806,1322.7628326416016,0.8484507
8e88552d-b240-4b3c-8b30-fc71269c054b,98,3.2666666666666666,right_heel,0.34908697,0.7040018,-0.11716441,377.0139276981354,1351.6834259033203,0.953047
8e88552d-b240-4b3c-8b30-fc71269c054b,98,3.2666666666666666,left_foot_index,0.7439029,0.67975414,0.8812159,803.4151554107666,1305.127944946289,0.8776176
8e88552d-b240-4b3c-8b30-fc71269c054b,98,3.2666666666666666,right_foot_index,0.38805136,0.7581559,-0.19780724,419.09546971321106,1455.659294128418,0.9799853
8e88552d-b240-4b3c-8b30-fc71269c054b,99,3.3,nose,0.7768549,0.39760083,0.10417651,839.0032625198364,763.3935928344727,0.9999018
8e88552d-b240-4b3c-8b30-fc71269c054b,99,3.3,left_shoulder,0.6224158,0.41197836,0.13306013,672.2090435028076,790.9984588623047,0.9998625
8e88552d-b240-4b3c-8b30-fc71269c054b,99,3.3,right_shoulder,0.7179655,0.4517647,-0.3074053,775.4027223587036,867.3882293701172,0.9999826
8e88552d-b240-4b3c-8b30-fc71269c054b,99,3.3,left_elbow,0.54984105,0.47405055,0.20637472,593.828330039978,910.177059173584,0.1444327
8e88552d-b240-4b3c-8b30-fc71269c054b,99,3.3,right_elbow,0.66322815,0.52271056,-0.20456186,716.2864065170288,1003.6042785644531,0.92459255
8e88552d-b240-4b3c-8b30-fc71269c054b,99,3.3,left_wrist,0.5958029,0.5183123,0.1961129,643.4671354293823,995.1595687866211,0.061444163
8e88552d-b240-4b3c-8b30-fc71269c054b,99,3.3,right_wrist,0.6846964,0.54297143,0.10217764,739.472086429596,1042.5051498413086,0.58544886
8e88552d-b240-4b3c-8b30-fc71269c054b,99,3.3,left_hip,0.5246123,0.535171,0.17163326,566.5812921524048,1027.5282669067383,0.9996577
8e88552d-b240-4b3c-8b30-fc71269c054b,99,3.3,right_hip,0.580573,0.55768937,-0.17183073,627.0188641548157,1070.7635879516602,0.9999089
8e88552d-b240-4b3c-8b30-fc71269c054b,99,3.3,left_knee,0.6465776,0.5790465,0.46103936,698.303804397583,1111.7692565917969,0.5711451
8e88552d-b240-4b3c-8b30-fc71269c054b,99,3.3,right_knee,0.55390006,0.64222366,-0.25228047,598.2120680809021,1233.0694198608398,0.9893056
8e88552d-b240-4b3c-8b30-fc71269c054b,99,3.3,left_ankle,0.667738,0.6718254,0.7380309,721.1570620536804,1289.90478515625,0.8685638
8e88552d-b240-4b3c-8b30-fc71269c054b,99,3.3,right_ankle,0.39536366,0.7025179,-0.16537887,426.9927513599396,1348.8344192504883,0.9897463
8e88552d-b240-4b3c-8b30-fc71269c054b,99,3.3,left_heel,0.6536005,0.6886789,0.7626639,705.8885550498962,1322.263526916504,0.85184515
8e88552d-b240-4b3c-8b30-fc71269c054b,99,3.3,right_heel,0.351519,0.703492,-0.15615615,379.6405076980591,1350.7046127319336,0.9540266
8e88552d-b240-4b3c-8b30-fc71269c054b,99,3.3,left_foot_index,0.7463964,0.6799322,0.79119873,806.108136177063,1305.4697799682617,0.87902516
8e88552d-b240-4b3c-8b30-fc71269c054b,99,3.3,right_foot_index,0.3925236,0.75820994,-0.23437718,423.92547369003296,1455.7630920410156,0.98065895
8e88552d-b240-4b3c-8b30-fc71269c054b,100,3.3333333333333335,nose,0.7774959,0.39705387,0.10423688,839.6955943107605,762.3434257507324,0.9999084
8e88552d-b240-4b3c-8b30-fc71269c054b,100,3.3333333333333335,left_shoulder,0.6267268,0.4119929,0.13045083,676.8649506568909,791.0263824462891,0.999871
8e88552d-b240-4b3c-8b30-fc71269c054b,100,3.3333333333333335,right_shoulder,0.71879184,0.451464,-0.30568972,776.2951898574829,866.8108749389648,0.9999841
8e88552d-b240-4b3c-8b30-fc71269c054b,100,3.3333333333333335,left_elbow,0.5582496,0.47409314,0.20612876,602.9095602035522,910.2588272094727,0.1481173
8e88552d-b240-4b3c-8b30-fc71269c054b,100,3.3333333333333335,right_elbow,0.66578627,0.52292687,-0.20374252,719.0491676330566,1004.0195846557617,0.92662835
8e88552d-b240-4b3c-8b30-fc71269c054b,100,3.3333333333333335,left_wrist,0.6070479,0.5183691,0.1935058,655.6117486953735,995.2686309814453,0.063816786
8e88552d-b240-4b3c-8b30-fc71269c054b,100,3.3333333333333335,right_wrist,0.6890599,0.5429748,0.12238714,744.1847062110901,1042.5116729736328,0.5943891
8e88552d-b240-4b3c-8b30-fc71269c054b,100,3.3333333333333335,left_hip,0.52777666,0.53463024,0.17152517,569.998791217804,1026.4900588989258,0.9996742
8e88552d-b240-4b3c-8b30-fc71269c054b,100,3.3333333333333335,right_hip,0.58317095,0.55661863,-0.17172335,629.8246264457703,1068.7077713012695,0.9999169
8e88552d-b240-4b3c-8b30-fc71269c054b,100,3.3333333333333335,left_knee,0.64819807,0.5791232,0.47793826,700.0539135932922,1111.9165420532227,0.5759876
8e88552d-b240-4b3c-8b30-fc71269c054b,100,3.3333333333333335,right_knee,0.55878514,0.6404152,-0.24390998,603.4879517555237,1229.59716796875,0.9897381
8e88552d-b240-4b3c-8b30-fc71269c054b,100,3.3333333333333335,left_ankle,0.6727661,0.6720803,0.7806924,726.5873765945435,1290.3941345214844,0.8736609
8e88552d-b240-4b3c-8b30-fc71269c054b,100,3.3333333333333335,right_ankle,0.39748058,0.7015868,-0.15863638,429.27902340888977,1347.0466232299805,0.9903229
8e88552d-b240-4b3c-8b30-fc71269c054b,100,3.3333333333333335,left_heel,0.65679497,0.6890052,0.80865294,709.3385624885559,1322.8899765014648,0.8566374
8e88552d-b240-4b3c-8b30-fc71269c054b,100,3.3333333333333335,right_heel,0.35547537,0.702557,-0.15011841,383.9133954048157,1348.9094924926758,0.9554832
8e88552d-b240-4b3c-8b30-fc71269c054b,100,3.3333333333333335,left_foot_index,0.74921024,0.68020356,0.838342,809.1470575332642,1305.9908294677734,0.882884
8e88552d-b240-4b3c-8b30-fc71269c054b,100,3.3333333333333335,right_foot_index,0.3969449,0.7581494,-0.23548435,428.7005031108856,1455.6468200683594,0.98161
8e88552d-b240-4b3c-8b30-fc71269c054b,101,3.3666666666666667,nose,0.7791177,0.39640865,0.10392379,841.4471197128296,761.1046028137207,0.99991524
8e88552d-b240-4b3c-8b30-fc71269c054b,101,3.3666666666666667,left_shoulder,0.6302863,0.41201195,0.13670278,680.7091784477234,791.0629463195801,0.99987936
8e88552d-b240-4b3c-8b30-fc71269c054b,101,3.3666666666666667,right_shoulder,0.7195042,0.45131886,-0.30511418,777.0645117759705,866.5322113037109,0.99998546
8e88552d-b240-4b3c-8b30-fc71269c054b,101,3.3666666666666667,left_elbow,0.5626662,0.47482273,0.21066906,607.6794719696045,911.6596412658691,0.154111
8e88552d-b240-4b3c-8b30-fc71269c054b,101,3.3666666666666667,right_elbow,0.66760117,0.5228,-0.20304926,721.0092616081238,1003.7760543823242,0.9291015
8e88552d-b240-4b3c-8b30-fc71269c054b,101,3.3666666666666667,left_wrist,0.6143257,0.51837903,0.19232233,663.4717583656311,995.2877426147461,0.06673949
8e88552d-b240-4b3c-8b30-fc71269c054b,101,3.3666666666666667,right_wrist,0.69766027,0.5412148,0.13029438,753.4730887413025,1039.1324615478516,0.60475093
8e88552d-b240-4b3c-8b30-fc71269c054b,101,3.3666666666666667,left_hip,0.5297837,0.53378975,0.17222756,572.1664237976074,1024.8763275146484,0.99969023
8e88552d-b240-4b3c-8b30-fc71269c054b,101,3.3666666666666667,right_hip,0.5849237,0.55485135,-0.17240265,631.7175793647766,1065.314598083496,0.9999241
8e88552d-b240-4b3c-8b30-fc71269c054b,101,3.3666666666666667,left_knee,0.6547804,0.5786303,0.454388,707.1628189086914,1110.970230102539,0.5805616
8e88552d-b240-4b3c-8b30-fc71269c054b,101,3.3666666666666667,right_knee,0.56468296,0.6379234,-0.27211067,609.8575973510742,1224.8129653930664,0.99017334
8e88552d-b240-4b3c-8b30-fc71269c054b,101,3.3666666666666667,left_ankle,0.6763802,0.67235386,0.7293023,730.4906344413757,1290.919418334961,0.8789227
8e88552d-b240-4b3c-8b30-fc71269c054b,101,3.3666666666666667,right_ankle,0.40219778,0.70011514,-0.20231861,434.3736004829407,1344.221076965332,0.9908894
8e88552d-b240-4b3c-8b30-fc71269c054b,101,3.3666666666666667,left_heel,0.6581411,0.6888073,0.75415194,710.7923626899719,1322.5100326538086,0.8621486
8e88552d-b240-4b3c-8b30-fc71269c054b,101,3.3666666666666667,right_heel,0.36050746,0.70131946,-0.19569682,389.34805512428284,1346.5333557128906,0.95717895
8e88552d-b240-4b3c-8b30-fc71269c054b,101,3.3666666666666667,left_foot_index,0.75196934,0.680546,0.78200674,812.1268844604492,1306.648292541504,0.8873224
8e88552d-b240-4b3c-8b30-fc71269c054b,101,3.3666666666666667,right_foot_index,0.40267694,0.7578916,-0.2828482,434.891095161438,1455.1518630981445,0.9826145
8e88552d-b240-4b3c-8b30-fc71269c054b,102,3.4,nose,0.77961457,0.3964917,0.10308195,841.9837331771851,761.2640762329102,0.99992
8e88552d-b240-4b3c-8b30-fc71269c054b,102,3.4,left_shoulder,0.63084036,0.41202733,0.14412604,681.307590007782,791.092472076416,0.99988574
8e88552d-b240-4b3c-8b30-fc71269c054b,102,3.4,right_shoulder,0.7203665,0.450496,-0.3002611,777.9957962036133,864.9522972106934,0.99998665
8e88552d-b240-4b3c-8b30-fc71269c054b,102,3.4,left_elbow,0.56630194,0.47482345,0.21952261,611.6060972213745,911.6610145568848,0.15768844
8e88552d-b240-4b3c-8b30-fc71269c054b,102,3.4,right_elbow,0.67058927,0.5213172,-0.20225544,724.236409664154,1000.9289932250977,0.93113613
8e88552d-b240-4b3c-8b30-fc71269c054b,102,3.4,left_wrist,0.6174695,0.5182989,0.20116584,666.867048740387,995.1339340209961,0.06813405
8e88552d-b240-4b3c-8b30-fc71269c054b,102,3.4,right_wrist,0.7006059,0.53966224,0.11654363,756.6544032096863,1036.1515045166016,0.6142592
8e88552d-b240-4b3c-8b30-fc71269c054b,102,3.4,left_hip,0.5314477,0.5335329,0.17221268,573.9635252952576,1024.383201599121,0.99970204
8e88552d-b240-4b3c-8b30-fc71269c054b,102,3.4,right_hip,0.58640164,0.55356693,-0.1723799,633.3137726783752,1062.8485107421875,0.9999303
8e88552d-b240-4b3c-8b30-fc71269c054b,102,3.4,left_knee,0.65469563,0.57934994,0.44123933,707.0712804794312,1112.3518753051758,0.5860366
8e88552d-b240-4b3c-8b30-fc71269c054b,102,3.4,right_knee,0.5704728,0.63726395,-0.28491008,616.1105990409851,1223.5467910766602,0.99058294
8e88552d-b240-4b3c-8b30-fc71269c054b,102,3.4,left_ankle,0.6787159,0.6724214,0.7084432,733.0131554603577,1291.0490798950195,0.8837409
8e88552d-b240-4b3c-8b30-fc71269c054b,102,3.4,right_ankle,0.4079003,0.6983302,-0.2117985,440.5323278903961,1340.7940292358398,0.99138486
8e88552d-b240-4b3c-8b30-fc71269c054b,102,3.4,left_heel,0.6581669,0.68896455,0.7322615,710.8202362060547,1322.8119277954102,0.86657435
8e88552d-b240-4b3c-8b30-fc71269c054b,102,3.4,right_heel,0.36765558,0.69948846,-0.20455505,397.06802129745483,1343.0178451538086,0.9584547
8e88552d-b240-4b3c-8b30-fc71269c054b,102,3.4,left_foot_index,0.753534,0.6836342,0.7587313,813.8167405128479,1312.5777053833008,0.8914031
8e88552d-b240-4b3c-8b30-fc71269c054b,102,3.4,right_foot_index,0.4088492,0.75702894,-0.28667068,441.5571463108063,1453.4955596923828,0.9835259
8e88552d-b240-4b3c-8b30-fc71269c054b,103,3.433333333333333,nose,0.7808926,0.3965411,0.09746442,843.3640193939209,761.3588905334473,0.9999247
8e88552d-b240-4b3c-8b30-fc71269c054b,103,3.433333333333333,left_shoulder,0.63092256,0.4120401,0.14406419,681.3963603973389,791.1170196533203,0.99989194
8e88552d-b240-4b3c-8b30-fc71269c054b,103,3.433333333333333,right_shoulder,0.7214896,0.4499462,-0.29757068,779.2087769508362,863.8966941833496,0.9999877
8e88552d-b240-4b3c-8b30-fc71269c054b,103,3.433333333333333,left_elbow,0.56660944,0.47454372,0.2208505,611.9381976127625,911.1239433288574,0.16301423
8e88552d-b240-4b3c-8b30-fc71269c054b,103,3.433333333333333,right_elbow,0.67159384,0.518802,-0.20689365,725.321352481842,996.0998153686523,0.93363065
8e88552d-b240-4b3c-8b30-fc71269c054b,103,3.433333333333333,left_wrist,0.6175311,0.51764035,0.19928418,666.9336104393005,993.8694763183594,0.07089703
8e88552d-b240-4b3c-8b30-fc71269c054b,103,3.433333333333333,right_wrist,0.7022484,0.53803706,0.086370386,758.4282660484314,1033.0311584472656,0.6285936
8e88552d-b240-4b3c-8b30-fc71269c054b,103,3.433333333333333,left_hip,0.5329949,0.5331622,0.17215827,575.6345200538635,1023.6713790893555,0.99971414
8e88552d-b240-4b3c-8b30-fc71269c054b,103,3.433333333333333,right_hip,0.58796203,0.55260116,-0.17232664,634.9989938735962,1060.9942245483398,0.99993587
8e88552d-b240-4b3c-8b30-fc71269c054b,103,3.433333333333333,left_knee,0.6543586,0.5846613,0.44363472,706.7073154449463,1122.549705505371,0.5872568
8e88552d-b240-4b3c-8b30-fc71269c054b,103,3.433333333333333,right_knee,0.5741759,0.6372983,-0.2545589,620.109965801239,1223.6127090454102,0.9908524
8e88552d-b240-4b3c-8b30-fc71269c054b,103,3.433333333333333,left_ankle,0.6792263,0.67268175,0.7160806,733.5643815994263,1291.548957824707,0.8868244
8e88552d-b240-4b3c-8b30-fc71269c054b,103,3.433333333333333,right_ankle,0.41348943,0.6967021,-0.16158424,446.56858563423157,1337.6680755615234,0.9917516
8e88552d-b240-4b3c-8b30-fc71269c054b,103,3.433333333333333,left_heel,0.6597765,0.6893022,0.7407471,712.5586295127869,1323.4602355957031,0.86975044
8e88552d-b240-4b3c-8b30-fc71269c054b,103,3.433333333333333,right_heel,0.37317544,0.69814193,-0.1522595,403.02947759628296,1340.4325103759766,0.9594225
8e88552d-b240-4b3c-8b30-fc71269c054b,103,3.433333333333333,left_foot_index,0.7534012,0.68533784,0.76332384,813.6733174324036,1315.8486557006836,0.89446664
8e88552d-b240-4b3c-8b30-fc71269c054b,103,3.433333333333333,right_foot_index,0.41317627,0.755416,-0.2327918,446.2303698062897,1450.3986740112305,0.98423314
8e88552d-b240-4b3c-8b30-fc71269c054b,104,3.466666666666667,nose,0.7826807,0.39648315,0.08836621,845.2951455116272,761.2476539611816,0.9999286
8e88552d-b240-4b3c-8b30-fc71269c054b,104,3.466666666666667,left_shoulder,0.6308955,0.41207778,0.14547114,681.3671350479126,791.1893463134766,0.9998971
8e88552d-b240-4b3c-8b30-fc71269c054b,104,3.466666666666667,right_shoulder,0.72231543,0.44985047,-0.29381284,780.1006650924683,863.7129020690918,0.9999887
8e88552d-b240-4b3c-8b30-fc71269c054b,104,3.466666666666667,left_elbow,0.56770796,0.47455308,0.2269538,613.1245923042297,911.1419105529785,0.16535816
8e88552d-b240-4b3c-8b30-fc71269c054b,104,3.466666666666667,right_elbow,0.67204905,0.51791763,-0.20582917,725.8129692077637,994.40185546875,0.93555874
8e88552d-b240-4b3c-8b30-fc71269c054b,104,3.466666666666667,left_wrist,0.61848354,0.5172251,0.2079594,667.9622268676758,993.0721664428711,0.0725961
8e88552d-b240-4b3c-8b30-fc71269c054b,104,3.466666666666667,right_wrist,0.70837736,0.53675634,0.085059024,765.047550201416,1030.572166442871,0.6430465
8e88552d-b240-4b3c-8b30-fc71269c054b,104,3.466666666666667,left_hip,0.535088,0.53291017,0.17056628,577.8950428962708,1023.1875228881836,0.9997212
8e88552d-b240-4b3c-8b30-fc71269c054b,104,3.466666666666667,right_hip,0.5919305,0.552514,-0.1707053,639.2849493026733,1060.8269119262695,0.99994045
8e88552d-b240-4b3c-8b30-fc71269c054b,104,3.466666666666667,left_knee,0.6533121,0.5872329,0.43604526,705.5770540237427,1127.4871444702148,0.583175
8e88552d-b240-4b3c-8b30-fc71269c054b,104,3.466666666666667,right_knee,0.5831244,0.63723683,-0.24773854,629.7743511199951,1223.4947204589844,0.9908243
8e88552d-b240-4b3c-8b30-fc71269c054b,104,3.466666666666667,left_ankle,0.67792135,0.6727216,0.7068224,732.1550631523132,1291.6255187988281,0.88656247
8e88552d-b240-4b3c-8b30-fc71269c054b,104,3.466666666666667,right_ankle,0.42259023,0.6945566,-0.1511458,456.3974440097809,1333.5486602783203,0.9918219
8e88552d-b240-4b3c-8b30-fc71269c054b,104,3.466666666666667,left_heel,0.6586607,0.6894303,0.7311611,711.3535666465759,1323.706169128418,0.86928713
8e88552d-b240-4b3c-8b30-fc71269c054b,104,3.466666666666667,right_heel,0.3811588,0.69665515,-0.14127916,411.6515028476715,1337.577896118164,0.95915943
8e88552d-b240-4b3c-8b30-fc71269c054b,104,3.466666666666667,left_foot_index,0.75337166,0.686079,0.75268555,813.6413884162903,1317.271728515625,0.8944884
8e88552d-b240-4b3c-8b30-fc71269c054b,104,3.466666666666667,right_foot_index,0.41823223,0.7537755,-0.2184629,451.690810918808,1447.2489166259766,0.984452
8e88552d-b240-4b3c-8b30-fc71269c054b,105,3.5,nose,0.7826299,0.3964637,0.079330064,845.2402997016907,761.2102890014648,0.9999309
8e88552d-b240-4b3c-8b30-fc71269c054b,105,3.5,left_shoulder,0.6311414,0.4120884,0.15555651,681.6327381134033,791.209716796875,0.99990106
8e88552d-b240-4b3c-8b30-fc71269c054b,105,3.5,right_shoulder,0.7223738,0.44936016,-0.29477012,780.1636862754822,862.7715110778809,0.9999894
8e88552d-b240-4b3c-8b30-fc71269c054b,105,3.5,left_elbow,0.5851385,0.4745569,0.23708889,631.9495797157288,911.1492347717285,0.16441162
8e88552d-b240-4b3c-8b30-fc71269c054b,105,3.5,right_elbow,0.6729507,0.51788217,-0.20828342,726.7867398262024,994.3337631225586,0.9371734
8e88552d-b240-4b3c-8b30-fc71269c054b,105,3.5,left_wrist,0.62598705,0.516865,0.20653442,676.0660171508789,992.3808288574219,0.07404317
8e88552d-b240-4b3c-8b30-fc71269c054b,105,3.5,right_wrist,0.7113002,0.536184,0.097536884,768.2042098045349,1029.4733047485352,0.65483576
8e88552d-b240-4b3c-8b30-fc71269c054b,105,3.5,left_hip,0.5379722,0.5327156,0.17058723,581.00998878479,1022.8139877319336,0.99972725
8e88552d-b240-4b3c-8b30-fc71269c054b,105,3.5,right_hip,0.5942766,0.5519909,-0.17072834,641.8187355995178,1059.8225784301758,0.9999441
8e88552d-b240-4b3c-8b30-fc71269c054b,105,3.5,left_knee,0.65018,0.59257144,0.43278804,702.1943807601929,1137.737159729004,0.57782394
8e88552d-b240-4b3c-8b30-fc71269c054b,105,3.5,right_knee,0.5916667,0.63676864,-0.23041162,639.0000343322754,1222.5957870483398,0.99060977
8e88552d-b240-4b3c-8b30-fc71269c054b,105,3.5,left_ankle,0.6763815,0.6728481,0.69969606,730.4920506477356,1291.8683624267578,0.88622725
8e88552d-b240-4b3c-8b30-fc71269c054b,105,3.5,right_ankle,0.42509833,0.6935108,-0.11203549,459.10619616508484,1331.5406799316406,0.9918052
8e88552d-b240-4b3c-8b30-fc71269c054b,105,3.5,left_heel,0.6570331,0.6900923,0.7240603,709.5957326889038,1324.9772644042969,0.8689704
8e88552d-b240-4b3c-8b30-fc71269c054b,105,3.5,right_heel,0.38626245,0.69526386,-0.09991978,417.16344237327576,1334.9066162109375,0.9583503
8e88552d-b240-4b3c-8b30-fc71269c054b,105,3.5,left_foot_index,0.7507846,0.6872337,0.7439766,810.8473420143127,1319.4886779785156,0.8951337
8e88552d-b240-4b3c-8b30-fc71269c054b,105,3.5,right_foot_index,0.42414895,0.75191486,-0.1713725,458.0808627605438,1443.676528930664,0.98452145
8e88552d-b240-4b3c-8b30-fc71269c054b,106,3.533333333333333,nose,0.78259224,0.3964649,0.06551762,845.1996159553528,761.2126350402832,0.9999319
8e88552d-b240-4b3c-8b30-fc71269c054b,106,3.533333333333333,left_shoulder,0.63310486,0.412218,0.15074621,683.7532496452332,791.458568572998,0.9999032
8e88552d-b240-4b3c-8b30-fc71269c054b,106,3.533333333333333,right_shoulder,0.7225539,0.44910383,-0.30174682,780.3582215309143,862.2793579101562,0.99998987
8e88552d-b240-4b3c-8b30-fc71269c054b,106,3.533333333333333,left_elbow,0.5827383,0.47450817,0.23278113,629.3573427200317,911.0556793212891,0.16188005
8e88552d-b240-4b3c-8b30-fc71269c054b,106,3.533333333333333,right_elbow,0.6738178,0.51765186,-0.20783764,727.7232384681702,993.8915634155273,0.93862534
8e88552d-b240-4b3c-8b30-fc71269c054b,106,3.533333333333333,left_wrist,0.63016087,0.5165413,0.20472664,680.5737376213074,991.7593002319336,0.07554695
8e88552d-b240-4b3c-8b30-fc71269c054b,106,3.533333333333333,right_wrist,0.71560496,0.53473544,0.12404259,772.8533577919006,1026.6920471191406,0.6653699
8e88552d-b240-4b3c-8b30-fc71269c054b,106,3.533333333333333,left_hip,0.54202175,0.53275466,0.16884792,585.3834915161133,1022.8889465332031,0.9997271
8e88552d-b240-4b3c-8b30-fc71269c054b,106,3.533333333333333,right_hip,0.5949327,0.55166125,-0.16898884,642.527289390564,1059.1896057128906,0.99994653
8e88552d-b240-4b3c-8b30-fc71269c054b,106,3.533333333333333,left_knee,0.64982885,0.5944507,0.44021478,701.8151593208313,1141.3453674316406,0.5666584
8e88552d-b240-4b3c-8b30-fc71269c054b,106,3.533333333333333,right_knee,0.5933561,0.636321,-0.18435062,640.8245587348938,1221.7363357543945,0.9896629
8e88552d-b240-4b3c-8b30-fc71269c054b,106,3.533333333333333,left_ankle,0.6752574,0.6728758,0.72097677,729.2779755592346,1291.9215774536133,0.88084507
8e88552d-b240-4b3c-8b30-fc71269c054b,106,3.533333333333333,right_ankle,0.4312586,0.69154996,-0.052414652,465.7592761516571,1327.7759170532227,0.9912136
8e88552d-b240-4b3c-8b30-fc71269c054b,106,3.533333333333333,left_heel,0.6559961,0.6904512,0.74707204,708.4757709503174,1325.6663131713867,0.8644472
8e88552d-b240-4b3c-8b30-fc71269c054b,106,3.533333333333333,right_heel,0.38984516,0.6937033,-0.03847557,421.03277564048767,1331.9103240966797,0.95591533
8e88552d-b240-4b3c-8b30-fc71269c054b,106,3.533333333333333,left_foot_index,0.75002265,0.6886048,0.768913,810.0244617462158,1322.1211624145508,0.8910268
8e88552d-b240-4b3c-8b30-fc71269c054b,106,3.533333333333333,right_foot_index,0.43844625,0.7463521,-0.10853164,473.52195382118225,1432.9959869384766,0.98346484
8e88552d-b240-4b3c-8b30-fc71269c054b,107,3.566666666666667,nose,0.7824974,0.39639136,0.05753881,845.0971984863281,761.0714149475098,0.999932
8e88552d-b240-4b3c-8b30-fc71269c054b,107,3.566666666666667,left_shoulder,0.6343989,0.41279384,0.14904109,685.1507878303528,792.5641822814941,0.9999045
8e88552d-b240-4b3c-8b30-fc71269c054b,107,3.566666666666667,right_shoulder,0.72288936,0.44873193,-0.30910423,780.7205128669739,861.5653038024902,0.9999902
8e88552d-b240-4b3c-8b30-fc71269c054b,107,3.566666666666667,left_elbow,0.58998525,0.4752411,0.23010796,637.1840715408325,912.4629020690918,0.15726611
8e88552d-b240-4b3c-8b30-fc71269c054b,107,3.566666666666667,right_elbow,0.6749548,0.5179088,-0.20967501,728.951153755188,994.3849182128906,0.9395537
8e88552d-b240-4b3c-8b30-fc71269c054b,107,3.566666666666667,left_wrist,0.6297028,0.51772153,0.16723807,680.0790309906006,994.0253448486328,0.075679764
8e88552d-b240-4b3c-8b30-fc71269c054b,107,3.566666666666667,right_wrist,0.719914,0.53366244,0.11970009,777.5071406364441,1024.6318817138672,0.67296815
8e88552d-b240-4b3c-8b30-fc71269c054b,107,3.566666666666667,left_hip,0.5432769,0.5330077,0.16892038,586.7390584945679,1023.3747482299805,0.9997316
8e88552d-b240-4b3c-8b30-fc71269c054b,107,3.566666666666667,right_hip,0.5954155,0.55180204,-0.16905548,643.0487108230591,1059.4599151611328,0.999949
8e88552d-b240-4b3c-8b30-fc71269c054b,107,3.566666666666667,left_knee,0.65003556,0.59494025,0.44018665,702.0384049415588,1142.285270690918,0.5574406
8e88552d-b240-4b3c-8b30-fc71269c054b,107,3.566666666666667,right_knee,0.6048541,0.6358263,-0.1886377,653.2424354553223,1220.786476135254,0.9892143
8e88552d-b240-4b3c-8b30-fc71269c054b,107,3.566666666666667,left_ankle,0.6744331,0.6730802,0.7217211,728.3877611160278,1292.3139953613281,0.8782471
8e88552d-b240-4b3c-8b30-fc71269c054b,107,3.566666666666667,right_ankle,0.4370912,0.6908775,-0.05174895,472.0584976673126,1326.4847946166992,0.9909593
8e88552d-b240-4b3c-8b30-fc71269c054b,107,3.566666666666667,left_heel,0.6558054,0.6905862,0.74800044,708.26984167099,1325.925521850586,0.86188567
8e88552d-b240-4b3c-8b30-fc71269c054b,107,3.566666666666667,right_heel,0.3953606,0.6923076,-0.037585646,426.98943614959717,1329.2305755615234,0.9542536
8e88552d-b240-4b3c-8b30-fc71269c054b,107,3.566666666666667,left_foot_index,0.74880046,0.6896098,0.7672759,808.7044930458069,1324.0508651733398,0.8899234
8e88552d-b240-4b3c-8b30-fc71269c054b,107,3.566666666666667,right_foot_index,0.44528997,0.7442198,-0.10894599,480.9131669998169,1428.9019775390625,0.98313683
8e88552d-b240-4b3c-8b30-fc71269c054b,108,3.6,nose,0.78242856,0.3963108,0.07426201,845.0228476524353,760.916748046875,0.9999341
8e88552d-b240-4b3c-8b30-fc71269c054b,108,3.6,left_shoulder,0.63537383,0.41368344,0.15895894,686.2037372589111,794.2722129821777,0.9999081
8e88552d-b240-4b3c-8b30-fc71269c054b,108,3.6,right_shoulder,0.7230982,0.44816813,-0.29402447,780.9460759162903,860.4828071594238,0.9999908
8e88552d-b240-4b3c-8b30-fc71269c054b,108,3.6,left_elbow,0.5942759,0.4757916,0.22156294,641.8179631233215,913.5198783874512,0.15425715
8e88552d-b240-4b3c-8b30-fc71269c054b,108,3.6,right_elbow,0.67482895,0.51636463,-0.19493823,728.8152623176575,991.4200973510742,0.94136256
8e88552d-b240-4b3c-8b30-fc71269c054b,108,3.6,left_wrist,0.62744707,0.5187674,0.14122579,677.642834186554,996.0334396362305,0.07687867
8e88552d-b240-4b3c-8b30-fc71269c054b,108,3.6,right_wrist,0.7229184,0.53286505,0.12623976,780.7518625259399,1023.1008911132812,0.6825322
8e88552d-b240-4b3c-8b30-fc71269c054b,108,3.6,left_hip,0.5452789,0.5343986,0.16899148,588.901219367981,1026.0453414916992,0.9997425
8e88552d-b240-4b3c-8b30-fc71269c054b,108,3.6,right_hip,0.5951553,0.55153656,-0.1691263,642.7677226066589,1058.9501953125,0.9999523
8e88552d-b240-4b3c-8b30-fc71269c054b,108,3.6,left_knee,0.6495066,0.5978742,0.44159836,701.4671587944031,1147.9185104370117,0.54386884
8e88552d-b240-4b3c-8b30-fc71269c054b,108,3.6,right_knee,0.6127496,0.6326603,-0.19874342,661.7695426940918,1214.7078323364258,0.98902386
8e88552d-b240-4b3c-8b30-fc71269c054b,108,3.6,left_ankle,0.6730266,0.67349225,0.69873077,726.8687510490417,1293.105125427246,0.8756368
8e88552d-b240-4b3c-8b30-fc71269c054b,108,3.6,right_ankle,0.44329032,0.6899779,-0.093894735,478.7535488605499,1324.7575378417969,0.99080324
8e88552d-b240-4b3c-8b30-fc71269c054b,108,3.6,left_heel,0.65477896,0.6920095,0.72166175,707.1612739562988,1328.6582565307617,0.8596677
8e88552d-b240-4b3c-8b30-fc71269c054b,108,3.6,right_heel,0.40217346,0.6902956,-0.08397737,434.34733629226685,1325.3675079345703,0.9530831
8e88552d-b240-4b3c-8b30-fc71269c054b,108,3.6,left_foot_index,0.74764323,0.68992513,0.7339996,807.4546909332275,1324.6562576293945,0.8902688
8e88552d-b240-4b3c-8b30-fc71269c054b,108,3.6,right_foot_index,0.4520293,0.74313134,-0.15603696,488.1916308403015,1426.8121719360352,0.98324037
8e88552d-b240-4b3c-8b30-fc71269c054b,109,3.6333333333333333,nose,0.78208226,0.3963076,0.0761019,844.6488404273987,760.9105682373047,0.99993277
8e88552d-b240-4b3c-8b30-fc71269c054b,109,3.6333333333333333,left_shoulder,0.6355783,0.41402733,0.16402133,686.4245367050171,794.9324798583984,0.9999084
8e88552d-b240-4b3c-8b30-fc71269c054b,109,3.6333333333333333,right_shoulder,0.7231691,0.44804677,-0.29710165,781.0226154327393,860.2498054504395,0.9999911
8e88552d-b240-4b3c-8b30-fc71269c054b,109,3.6333333333333333,left_elbow,0.5961294,0.47613537,0.23857038,643.8197708129883,914.1799163818359,0.14998329
8e88552d-b240-4b3c-8b30-fc71269c054b,109,3.6333333333333333,right_elbow,0.67447263,0.5163013,-0.21964969,728.4304404258728,991.2984466552734,0.94237787
8e88552d-b240-4b3c-8b30-fc71269c054b,109,3.6333333333333333,left_wrist,0.6271352,0.5190764,0.18277314,677.3060345649719,996.6267013549805,0.07622442
8e88552d-b240-4b3c-8b30-fc71269c054b,109,3.6333333333333333,right_wrist,0.72135,0.5329967,0.06451576,779.0580153465271,1023.3536911010742,0.6935979
8e88552d-b240-4b3c-8b30-fc71269c054b,109,3.6333333333333333,left_hip,0.54562145,0.53617465,0.17127815,589.2711710929871,1029.455337524414,0.9997528
8e88552d-b240-4b3c-8b30-fc71269c054b,109,3.6333333333333333,right_hip,0.5986092,0.55237985,-0.17151675,646.4979457855225,1060.5693054199219,0.9999546
8e88552d-b240-4b3c-8b30-fc71269c054b,109,3.6333333333333333,left_knee,0.6467129,0.59939563,0.46483693,698.4499311447144,1150.839614868164,0.52631706
8e88552d-b240-4b3c-8b30-fc71269c054b,109,3.6333333333333333,right_knee,0.61632335,0.6325985,-0.14564835,665.6292200088501,1214.5891571044922,0.9880491
8e88552d-b240-4b3c-8b30-fc71269c054b,109,3.6333333333333333,left_ankle,0.6721949,0.67491376,0.71059257,725.9704899787903,1295.8344268798828,0.8701862
8e88552d-b240-4b3c-8b30-fc71269c054b,109,3.6333333333333333,right_ankle,0.45295942,0.6885477,0.017971857,489.1961717605591,1322.0115280151367,0.9902629
8e88552d-b240-4b3c-8b30-fc71269c054b,109,3.6333333333333333,left_heel,0.6547206,0.69334793,0.7315787,707.0982527732849,1331.22802734375,0.8558853
8e88552d-b240-4b3c-8b30-fc71269c054b,109,3.6333333333333333,right_heel,0.4105363,0.68913764,0.035968248,443.3791923522949,1323.1442642211914,0.9512883
8e88552d-b240-4b3c-8b30-fc71269c054b,109,3.6333333333333333,left_foot_index,0.74265164,0.6903542,0.75222915,802.0637726783752,1325.4801177978516,0.8888295
8e88552d-b240-4b3c-8b30-fc71269c054b,109,3.6333333333333333,right_foot_index,0.46055076,0.740194,-0.020838257,497.39481568336487,1421.1725234985352,0.982941
8e88552d-b240-4b3c-8b30-fc71269c054b,110,3.6666666666666665,nose,0.78161335,0.39598146,0.07683893,844.1424179077148,760.2844047546387,0.99993104
8e88552d-b240-4b3c-8b30-fc71269c054b,110,3.6666666666666665,left_shoulder,0.63627005,0.4143967,0.16891469,687.1716499328613,795.6416702270508,0.99990726
8e88552d-b240-4b3c-8b30-fc71269c054b,110,3.6666666666666665,right_shoulder,0.7233617,0.44797638,-0.30494475,781.2306046485901,860.1146507263184,0.9999913
8e88552d-b240-4b3c-8b30-fc71269c054b,110,3.6666666666666665,left_elbow,0.5976354,0.47645378,0.25152233,645.4462194442749,914.791259765625,0.1468271
8e88552d-b240-4b3c-8b30-fc71269c054b,110,3.6666666666666665,right_elbow,0.67497444,0.5165025,-0.22747815,728.9723968505859,991.6847991943359,0.9439888
8e88552d-b240-4b3c-8b30-fc71269c054b,110,3.6666666666666665,left_wrist,0.6273416,0.51909685,0.21113573,677.5289583206177,996.6659545898438,0.076087706
8e88552d-b240-4b3c-8b30-fc71269c054b,110,3.6666666666666665,right_wrist,0.72166955,0.53285474,0.06907946,779.4031190872192,1023.0810928344727,0.7041592
8e88552d-b240-4b3c-8b30-fc71269c054b,110,3.6666666666666665,left_hip,0.54581964,0.5370753,0.17201637,589.4852113723755,1031.1845397949219,0.9997609
8e88552d-b240-4b3c-8b30-fc71269c054b,110,3.6666666666666665,right_hip,0.6005287,0.55333877,-0.17229363,648.5710144042969,1062.4104309082031,0.9999557
8e88552d-b240-4b3c-8b30-fc71269c054b,110,3.6666666666666665,left_knee,0.64417833,0.6029704,0.46122393,695.7125973701477,1157.7032089233398,0.51101893
8e88552d-b240-4b3c-8b30-fc71269c054b,110,3.6666666666666665,right_knee,0.62259215,0.6330843,-0.12368598,672.3995232582092,1215.5218505859375,0.9868534
8e88552d-b240-4b3c-8b30-fc71269c054b,110,3.6666666666666665,left_ankle,0.6705406,0.67716444,0.694935,724.18381690979,1300.1557159423828,0.8655301
8e88552d-b240-4b3c-8b30-fc71269c054b,110,3.6666666666666665,right_ankle,0.46084398,0.68712586,0.054255813,497.7114987373352,1319.2816543579102,0.9895379
8e88552d-b240-4b3c-8b30-fc71269c054b,110,3.6666666666666665,left_heel,0.6546391,0.69490534,0.7171457,707.0102548599243,1334.2182540893555,0.8530543
8e88552d-b240-4b3c-8b30-fc71269c054b,110,3.6666666666666665,right_heel,0.41816214,0.6875061,0.07414823,451.61510825157166,1320.0116729736328,0.94884557
8e88552d-b240-4b3c-8b30-fc71269c054b,110,3.6666666666666665,left_foot_index,0.7381868,0.69105834,0.7315017,797.2417187690735,1326.8320083618164,0.8878695
8e88552d-b240-4b3c-8b30-fc71269c054b,110,3.6666666666666665,right_foot_index,0.4668274,0.7383919,0.028439557,504.173583984375,1417.71240234375,0.98235774
8e88552d-b240-4b3c-8b30-fc71269c054b,111,3.7,nose,0.78142446,0.395721,0.0768677,843.9384198188782,759.7842979431152,0.99993205
8e88552d-b240-4b3c-8b30-fc71269c054b,111,3.7,left_shoulder,0.63868976,0.41582042,0.17240074,689.7849369049072,798.3752059936523,0.9999087
8e88552d-b240-4b3c-8b30-fc71269c054b,111,3.7,right_shoulder,0.7234206,0.44795027,-0.30939066,781.2942695617676,860.064525604248,0.99999154
8e88552d-b240-4b3c-8b30-fc71269c054b,111,3.7,left_elbow,0.59548396,0.4804596,0.2517703,643.1226754188538,922.4824333190918,0.14239192
8e88552d-b240-4b3c-8b30-fc71269c054b,111,3.7,right_elbow,0.67537194,0.5166493,-0.21572162,729.4017004966736,991.966667175293,0.94513273
8e88552d-b240-4b3c-8b30-fc71269c054b,111,3.7,left_wrist,0.64937603,0.5190123,0.20573471,701.326117515564,996.5035629272461,0.07762702
8e88552d-b240-4b3c-8b30-fc71269c054b,111,3.7,right_wrist,0.72559977,0.5315567,0.12513061,783.6477470397949,1020.5889129638672,0.71173704
8e88552d-b240-4b3c-8b30-fc71269c054b,111,3.7,left_hip,0.54816294,0.53784305,0.17335804,592.0159721374512,1032.6586532592773,0.999771
8e88552d-b240-4b3c-8b30-fc71269c054b,111,3.7,right_hip,0.6014148,0.55384654,-0.17361031,649.5279836654663,1063.385353088379,0.9999572
8e88552d-b240-4b3c-8b30-fc71269c054b,111,3.7,left_knee,0.6441865,0.60256284,0.46395728,695.7214164733887,1156.9206619262695,0.49413848
8e88552d-b240-4b3c-8b30-fc71269c054b,111,3.7,right_knee,0.62675476,0.6333531,-0.11517458,676.8951416015625,1216.0379791259766,0.98581374
8e88552d-b240-4b3c-8b30-fc71269c054b,111,3.7,left_ankle,0.66656417,0.67801607,0.6644521,719.8892998695374,1301.7908477783203,0.8645362
8e88552d-b240-4b3c-8b30-fc71269c054b,111,3.7,right_ankle,0.46769446,0.6856819,0.02770976,505.1100182533264,1316.5092086791992,0.9891882
8e88552d-b240-4b3c-8b30-fc71269c054b,111,3.7,left_heel,0.6518598,0.695247,0.68276167,704.0086054801941,1334.8742294311523,0.8543529
8e88552d-b240-4b3c-8b30-fc71269c054b,111,3.7,right_heel,0.42297387,0.6861917,0.044107474,456.81178092956543,1317.488021850586,0.94774777
8e88552d-b240-4b3c-8b30-fc71269c054b,111,3.7,left_foot_index,0.73191977,0.6920731,0.6969021,790.4733467102051,1328.7803649902344,0.8903852
8e88552d-b240-4b3c-8b30-fc71269c054b,111,3.7,right_foot_index,0.4748165,0.7356433,0.000645472,512.801821231842,1412.435188293457,0.9824234
8e88552d-b240-4b3c-8b30-fc71269c054b,112,3.7333333333333334,nose,0.7799934,0.3958087,0.081097856,842.3928880691528,759.9526977539062,0.99993455
8e88552d-b240-4b3c-8b30-fc71269c054b,112,3.7333333333333334,left_shoulder,0.6387321,0.41614145,0.17868935,689.830641746521,798.991584777832,0.9999118
8e88552d-b240-4b3c-8b30-fc71269c054b,112,3.7333333333333334,right_shoulder,0.72352976,0.4479322,-0.30763984,781.412136554718,860.0298500061035,0.9999919
8e88552d-b240-4b3c-8b30-fc71269c054b,112,3.7333333333333334,left_elbow,0.5995087,0.48015806,0.27840018,647.4693989753723,921.9034767150879,0.14048429
8e88552d-b240-4b3c-8b30-fc71269c054b,112,3.7333333333333334,right_elbow,0.67733485,0.5171441,-0.2098666,731.5216326713562,992.9166412353516,0.9474042
8e88552d-b240-4b3c-8b30-fc71269c054b,112,3.7333333333333334,left_wrist,0.6498773,0.5159471,0.26911086,701.8674945831299,990.6184387207031,0.078249164
8e88552d-b240-4b3c-8b30-fc71269c054b,112,3.7333333333333334,right_wrist,0.7303318,0.53090817,0.12517835,788.7583208084106,1019.3436813354492,0.72311276
8e88552d-b240-4b3c-8b30-fc71269c054b,112,3.7333333333333334,left_hip,0.5487035,0.5381267,0.17330821,592.5997710227966,1033.2032775878906,0.99978256
8e88552d-b240-4b3c-8b30-fc71269c054b,112,3.7333333333333334,right_hip,0.6023978,0.5538635,-0.1735564,650.5896234512329,1063.41796875,0.9999586
8e88552d-b240-4b3c-8b30-fc71269c054b,112,3.7333333333333334,left_knee,0.64031124,0.6040164,0.44056034,691.5361404418945,1159.7115325927734,0.47691497
8e88552d-b240-4b3c-8b30-fc71269c054b,112,3.7333333333333334,right_knee,0.63240874,0.6330132,-0.11049255,683.0014371871948,1215.3853225708008,0.9846653
8e88552d-b240-4b3c-8b30-fc71269c054b,112,3.7333333333333334,left_ankle,0.6632049,0.6783956,0.5683649,716.2613010406494,1302.5196075439453,0.86476004
8e88552d-b240-4b3c-8b30-fc71269c054b,112,3.7333333333333334,right_ankle,0.47382277,0.68452084,0.0027246028,511.7285943031311,1314.280014038086,0.9889291
8e88552d-b240-4b3c-8b30-fc71269c054b,112,3.7333333333333334,left_heel,0.64890784,0.695406,0.58006763,700.8204674720764,1335.179557800293,0.85739076
8e88552d-b240-4b3c-8b30-fc71269c054b,112,3.7333333333333334,right_heel,0.42763487,0.6850704,0.016812136,461.8456542491913,1315.3351593017578,0.94719803
8e88552d-b240-4b3c-8b30-fc71269c054b,112,3.7333333333333334,left_foot_index,0.7262873,0.6935864,0.5942551,784.3902897834778,1331.685905456543,0.89387953
8e88552d-b240-4b3c-8b30-fc71269c054b,112,3.7333333333333334,right_foot_index,0.48397928,0.7336215,-0.015834527,522.6976275444031,1408.553237915039,0.9826663
8e88552d-b240-4b3c-8b30-fc71269c054b,113,3.7666666666666666,nose,0.77967346,0.39581877,0.032949414,842.0473337173462,759.972038269043,0.99993455
8e88552d-b240-4b3c-8b30-fc71269c054b,113,3.7666666666666666,left_shoulder,0.6409011,0.4172844,0.17498663,692.1731758117676,801.1860466003418,0.9999127
8e88552d-b240-4b3c-8b30-fc71269c054b,113,3.7666666666666666,right_shoulder,0.7231796,0.44777575,-0.31762347,781.0339450836182,859.7294425964355,0.99999195
8e88552d-b240-4b3c-8b30-fc71269c054b,113,3.7666666666666666,left_elbow,0.6083363,0.48312274,0.26432142,657.0032358169556,927.5956535339355,0.13379736
8e88552d-b240-4b3c-8b30-fc71269c054b,113,3.7666666666666666,right_elbow,0.67739135,0.5168341,-0.2133899,731.582658290863,992.3214340209961,0.9477224
8e88552d-b240-4b3c-8b30-fc71269c054b,113,3.7666666666666666,left_wrist,0.6702205,0.5161738,0.20716134,723.8381338119507,991.0536575317383,0.08162217
8e88552d-b240-4b3c-8b30-fc71269c054b,113,3.7666666666666666,right_wrist,0.73272204,0.52860147,0.114799865,791.339807510376,1014.9148178100586,0.73402727
8e88552d-b240-4b3c-8b30-fc71269c054b,113,3.7666666666666666,left_hip,0.5517862,0.53896636,0.17337786,595.9290790557861,1034.8154067993164,0.99979097
8e88552d-b240-4b3c-8b30-fc71269c054b,113,3.7666666666666666,right_hip,0.6020115,0.5534508,-0.17360991,650.1724219322205,1062.6255798339844,0.9999589
8e88552d-b240-4b3c-8b30-fc71269c054b,113,3.7666666666666666,left_knee,0.64050037,0.60288525,0.44343227,691.7403960227966,1157.5396728515625,0.46304736
8e88552d-b240-4b3c-8b30-fc71269c054b,113,3.7666666666666666,right_knee,0.63468325,0.6330146,-0.09523288,685.457911491394,1215.388069152832,0.9839084
8e88552d-b240-4b3c-8b30-fc71269c054b,113,3.7666666666666666,left_ankle,0.66026044,0.6785435,0.62273026,713.0812740325928,1302.8035354614258,0.86464024
8e88552d-b240-4b3c-8b30-fc71269c054b,113,3.7666666666666666,right_ankle,0.47972593,0.6836869,0.05499465,518.1040012836456,1312.6788711547852,0.98878604
8e88552d-b240-4b3c-8b30-fc71269c054b,113,3.7666666666666666,left_heel,0.6435647,0.6960472,0.639317,695.049877166748,1336.4105987548828,0.8590752
8e88552d-b240-4b3c-8b30-fc71269c054b,113,3.7666666666666666,right_heel,0.43393248,0.68385655,0.07155516,468.64708185195923,1313.0045700073242,0.9467501
8e88552d-b240-4b3c-8b30-fc71269c054b,113,3.7666666666666666,left_foot_index,0.7235803,0.69446665,0.64746886,781.4667248725891,1333.3759689331055,0.8974267
8e88552d-b240-4b3c-8b30-fc71269c054b,113,3.7666666666666666,right_foot_index,0.49486282,0.730893,0.030997425,534.4518506526947,1403.3145904541016,0.98298776
8e88552d-b240-4b3c-8b30-fc71269c054b,114,3.8,nose,0.7790564,0.3961394,0.02524669,841.3808798789978,760.5876731872559,0.99993294
8e88552d-b240-4b3c-8b30-fc71269c054b,114,3.8,left_shoulder,0.64209634,0.41800827,0.17257138,693.464047908783,802.5758743286133,0.9999136
8e88552d-b240-4b3c-8b30-fc71269c054b,114,3.8,right_shoulder,0.72286725,0.44778335,-0.3353618,780.6966304779053,859.7440338134766,0.999992
8e88552d-b240-4b3c-8b30-fc71269c054b,114,3.8,left_elbow,0.60590863,0.48532194,0.25958863,654.3813228607178,931.8181228637695,0.1268764
8e88552d-b240-4b3c-8b30-fc71269c054b,114,3.8,right_elbow,0.67765546,0.5171085,-0.23326412,731.8678951263428,992.8483200073242,0.9485287
8e88552d-b240-4b3c-8b30-fc71269c054b,114,3.8,left_wrist,0.66278803,0.51704866,0.17090754,715.8110761642456,992.7334213256836,0.08408845
8e88552d-b240-4b3c-8b30-fc71269c054b,114,3.8,right_wrist,0.73449033,0.5285669,0.087693036,793.2495617866516,1014.8484420776367,0.7450969
8e88552d-b240-4b3c-8b30-fc71269c054b,114,3.8,left_hip,0.55181026,0.53915054,0.17570096,595.9550857543945,1035.1690292358398,0.9997988
8e88552d-b240-4b3c-8b30-fc71269c054b,114,3.8,right_hip,0.6019565,0.55345887,-0.17587171,650.1130056381226,1062.6410293579102,0.99995905
8e88552d-b240-4b3c-8b30-fc71269c054b,114,3.8,left_knee,0.6401153,0.60635155,0.459838,691.3245463371277,1164.1949844360352,0.4477931
8e88552d-b240-4b3c-8b30-fc71269c054b,114,3.8,right_knee,0.63854563,0.6302206,-0.082961634,689.629282951355,1210.023536682129,0.98319083
8e88552d-b240-4b3c-8b30-fc71269c054b,114,3.8,left_ankle,0.65759414,0.6785125,0.63217634,710.2016758918762,1302.744026184082,0.8612276
8e88552d-b240-4b3c-8b30-fc71269c054b,114,3.8,right_ankle,0.48504436,0.6835002,0.09126829,523.8479089736938,1312.320327758789,0.98833466
8e88552d-b240-4b3c-8b30-fc71269c054b,114,3.8,left_heel,0.6378316,0.6973564,0.6545894,688.8581585884094,1338.9242935180664,0.858013
8e88552d-b240-4b3c-8b30-fc71269c054b,114,3.8,right_heel,0.43837836,0.6842625,0.11020848,473.44863295555115,1313.7840270996094,0.9454906
8e88552d-b240-4b3c-8b30-fc71269c054b,114,3.8,left_foot_index,0.7182706,0.6943647,0.679019,775.7322478294373,1333.180274963379,0.8989595
8e88552d-b240-4b3c-8b30-fc71269c054b,114,3.8,right_foot_index,0.50902975,0.72712547,0.07279698,549.7521257400513,1396.0808944702148,0.9829664
8e88552d-b240-4b3c-8b30-fc71269c054b,115,3.8333333333333335,nose,0.7785175,0.39630383,0.007717566,840.7988834381104,760.9033584594727,0.99992913
8e88552d-b240-4b3c-8b30-fc71269c054b,115,3.8333333333333335,left_shoulder,0.6433568,0.41835025,0.17162217,694.8253440856934,803.232479095459,0.99991214
8e88552d-b240-4b3c-8b30-fc71269c054b,115,3.8333333333333335,right_shoulder,0.7227833,0.44779053,-0.34792012,780.605993270874,859.7578239440918,0.9999915
8e88552d-b240-4b3c-8b30-fc71269c054b,115,3.8333333333333335,left_elbow,0.61048466,0.48682845,0.25660983,659.3234324455261,934.7106170654297,0.12002093
8e88552d-b240-4b3c-8b30-fc71269c054b,115,3.8333333333333335,right_elbow,0.67784894,0.5171574,-0.24646714,732.076849937439,992.9421615600586,0.9489566
8e88552d-b240-4b3c-8b30-fc71269c054b,115,3.8333333333333335,left_wrist,0.6717324,0.5171839,0.17694758,725.471019744873,992.9930877685547,0.08698091
8e88552d-b240-4b3c-8b30-fc71269c054b,115,3.8333333333333335,right_wrist,0.7370186,0.5272592,0.071328655,795.9800720214844,1012.3376083374023,0.7551153
8e88552d-b240-4b3c-8b30-fc71269c054b,115,3.8333333333333335,left_hip,0.55235016,0.5390766,0.17631276,596.5381765365601,1035.0271224975586,0.9998008
8e88552d-b240-4b3c-8b30-fc71269c054b,115,3.8333333333333335,right_hip,0.6017522,0.55346173,-0.17645244,649.8923993110657,1062.6465225219727,0.9999537
8e88552d-b240-4b3c-8b30-fc71269c054b,115,3.8333333333333335,left_knee,0.6390398,0.6059924,0.45033792,690.1629996299744,1163.5053634643555,0.4324789
8e88552d-b240-4b3c-8b30-fc71269c054b,115,3.8333333333333335,right_knee,0.64268655,0.6291967,-0.018063292,694.1014695167542,1208.0576705932617,0.9813987
8e88552d-b240-4b3c-8b30-fc71269c054b,115,3.8333333333333335,left_ankle,0.6522406,0.67831016,0.6050595,704.4198203086853,1302.3554992675781,0.8569126
8e88552d-b240-4b3c-8b30-fc71269c054b,115,3.8333333333333335,right_ankle,0.4948612,0.68250304,0.17923008,534.4500803947449,1310.4058456420898,0.98741746
8e88552d-b240-4b3c-8b30-fc71269c054b,115,3.8333333333333335,left_heel,0.6322043,0.6987199,0.6201289,682.7806377410889,1341.5422439575195,0.85735655
8e88552d-b240-4b3c-8b30-fc71269c054b,115,3.8333333333333335,right_heel,0.4461023,0.68431103,0.20085424,481.790474653244,1313.877182006836,0.9435631
8e88552d-b240-4b3c-8b30-fc71269c054b,115,3.8333333333333335,left_foot_index,0.7049329,0.6942451,0.6244553,761.3275623321533,1332.9505920410156,0.9002944
8e88552d-b240-4b3c-8b30-fc71269c054b,115,3.8333333333333335,right_foot_index,0.51629114,0.7246107,0.17676544,557.5944328308105,1391.2525177001953,0.9824737
8e88552d-b240-4b3c-8b30-fc71269c054b,116,3.8666666666666667,nose,0.7783546,0.39657804,0.0076891864,840.6229519844055,761.4298439025879,0.99992704
8e88552d-b240-4b3c-8b30-fc71269c054b,116,3.8666666666666667,left_shoulder,0.6462647,0.41837654,0.17227785,697.9658460617065,803.2829475402832,0.9999117
8e88552d-b240-4b3c-8b30-fc71269c054b,116,3.8666666666666667,right_shoulder,0.722018,0.44786313,-0.35741565,779.7794437408447,859.8972129821777,0.9999912
8e88552d-b240-4b3c-8b30-fc71269c054b,116,3.8666666666666667,left_elbow,0.6161545,0.48673296,0.2790702,665.4468512535095,934.5272827148438,0.112893544
8e88552d-b240-4b3c-8b30-fc71269c054b,116,3.8666666666666667,right_elbow,0.6783421,0.5171486,-0.2486234,732.6094722747803,992.9253387451172,0.94998235
8e88552d-b240-4b3c-8b30-fc71269c054b,116,3.8666666666666667,left_wrist,0.6691053,0.5172001,0.20017911,722.6337146759033,993.0242156982422,0.089386456
8e88552d-b240-4b3c-8b30-fc71269c054b,116,3.8666666666666667,right_wrist,0.7389973,0.5266306,0.08036156,798.1170630455017,1011.1307144165039,0.7664689
8e88552d-b240-4b3c-8b30-fc71269c054b,116,3.8666666666666667,left_hip,0.5522279,0.53871274,0.18196943,596.406147480011,1034.3284606933594,0.9998057
8e88552d-b240-4b3c-8b30-fc71269c054b,116,3.8666666666666667,right_hip,0.59868133,0.5524694,-0.18204436,646.5758371353149,1060.741195678711,0.9999499
8e88552d-b240-4b3c-8b30-fc71269c054b,116,3.8666666666666667,left_knee,0.639134,0.605534,0.43193552,690.2647089958191,1162.6253128051758,0.4243661
8e88552d-b240-4b3c-8b30-fc71269c054b,116,3.8666666666666667,right_knee,0.6480031,0.62706417,-0.038881984,699.8433494567871,1203.9632034301758,0.981181
8e88552d-b240-4b3c-8b30-fc71269c054b,116,3.8666666666666667,left_ankle,0.65105313,0.6783743,0.60430604,703.1373810768127,1302.4786376953125,0.85600245
8e88552d-b240-4b3c-8b30-fc71269c054b,116,3.8666666666666667,right_ankle,0.50043786,0.68203926,0.19079737,540.4728841781616,1309.515380859375,0.98726934
8e88552d-b240-4b3c-8b30-fc71269c054b,116,3.8666666666666667,left_heel,0.63086927,0.6992946,0.62033176,681.3388109207153,1342.6456832885742,0.8585483
8e88552d-b240-4b3c-8b30-fc71269c054b,116,3.8666666666666667,right_heel,0.4552615,0.6842604,0.21602426,491.6824185848236,1313.7800216674805,0.94352686
8e88552d-b240-4b3c-8b30-fc71269c054b,116,3.8666666666666667,left_foot_index,0.709221,0.6942016,0.6177124,765.958685874939,1332.8670501708984,0.90306133
8e88552d-b240-4b3c-8b30-fc71269c054b,116,3.8666666666666667,right_foot_index,0.5569896,0.71879834,0.19003479,601.5487790107727,1380.0928115844727,0.9826631
8e88552d-b240-4b3c-8b30-fc71269c054b,117,3.9,nose,0.7780816,0.3965611,-0.020135896,840.3281235694885,761.3972854614258,0.99992603
8e88552d-b240-4b3c-8b30-fc71269c054b,117,3.9,left_shoulder,0.649068,0.41950387,0.16754057,700.9934377670288,805.4474258422852,0.9999119
8e88552d-b240-4b3c-8b30-fc71269c054b,117,3.9,right_shoulder,0.7210011,0.44796562,-0.35830083,778.6811757087708,860.093994140625,0.99999076
8e88552d-b240-4b3c-8b30-fc71269c054b,117,3.9,left_elbow,0.635515,0.48838097,0.28512472,686.3561725616455,937.6914596557617,0.1062999
8e88552d-b240-4b3c-8b30-fc71269c054b,117,3.9,right_elbow,0.680194,0.51796514,-0.24160114,734.6095418930054,994.4930648803711,0.9489115
8e88552d-b240-4b3c-8b30-fc71269c054b,117,3.9,left_wrist,0.7008545,0.5135869,0.21477014,756.9228386878967,986.0868072509766,0.09649141
8e88552d-b240-4b3c-8b30-fc71269c054b,117,3.9,right_wrist,0.7424861,0.52578187,0.08280286,801.8850088119507,1009.5011901855469,0.77582884
8e88552d-b240-4b3c-8b30-fc71269c054b,117,3.9,left_hip,0.55394685,0.53867763,0.1819456,598.2626008987427,1034.2610549926758,0.9998137
8e88552d-b240-4b3c-8b30-fc71269c054b,117,3.9,right_hip,0.59101164,0.5522474,-0.18200234,638.2925748825073,1060.3150177001953,0.9999496
8e88552d-b240-4b3c-8b30-fc71269c054b,117,3.9,left_knee,0.64313453,0.5983848,0.43377122,694.5852971076965,1148.898811340332,0.42405105
8e88552d-b240-4b3c-8b30-fc71269c054b,117,3.9,right_knee,0.6532161,0.6261523,-0.06498905,705.4734134674072,1202.2123718261719,0.9815358
8e88552d-b240-4b3c-8b30-fc71269c054b,117,3.9,left_ankle,0.6511861,0.67835265,0.61523175,703.2809972763062,1302.4370956420898,0.859847
8e88552d-b240-4b3c-8b30-fc71269c054b,117,3.9,right_ankle,0.5021402,0.68174285,0.14693007,542.311441898346,1308.9462661743164,0.9875283
8e88552d-b240-4b3c-8b30-fc71269c054b,117,3.9,left_heel,0.63081324,0.698232,0.6336467,681.2783002853394,1340.6054306030273,0.8624921
8e88552d-b240-4b3c-8b30-fc71269c054b,117,3.9,right_heel,0.4577085,0.68397933,0.16978031,494.3251883983612,1313.2403182983398,0.94431156
8e88552d-b240-4b3c-8b30-fc71269c054b,117,3.9,left_foot_index,0.7108362,0.69414467,0.6443683,767.7030658721924,1332.7577590942383,0.9074968
8e88552d-b240-4b3c-8b30-fc71269c054b,117,3.9,right_foot_index,0.53589624,0.71995723,0.13418406,578.7679409980774,1382.317886352539,0.98323095
8e88552d-b240-4b3c-8b30-fc71269c054b,118,3.933333333333333,nose,0.77754223,0.39657882,-0.013448599,839.7456121444702,761.4313316345215,0.99992687
8e88552d-b240-4b3c-8b30-fc71269c054b,118,3.933333333333333,left_shoulder,0.6495559,0.42054737,0.17070428,701.5203952789307,807.4509429931641,0.99991137
8e88552d-b240-4b3c-8b30-fc71269c054b,118,3.933333333333333,right_shoulder,0.72034943,0.4482959,-0.35414484,777.9773855209351,860.7281112670898,0.9999904
8e88552d-b240-4b3c-8b30-fc71269c054b,118,3.933333333333333,left_elbow,0.6297871,0.48867372,0.29228827,680.17005443573,938.2535362243652,0.1003437
8e88552d-b240-4b3c-8b30-fc71269c054b,118,3.933333333333333,right_elbow,0.6803263,0.51820445,-0.23953402,734.7523856163025,994.9525451660156,0.9495462
8e88552d-b240-4b3c-8b30-fc71269c054b,118,3.933333333333333,left_wrist,0.6873083,0.5133701,0.22948292,742.2929763793945,985.6705856323242,0.09967379
8e88552d-b240-4b3c-8b30-fc71269c054b,118,3.933333333333333,right_wrist,0.7430801,0.5255,0.09822667,802.5264859199524,1008.9599990844727,0.7857318
8e88552d-b240-4b3c-8b30-fc71269c054b,118,3.933333333333333,left_hip,0.55379677,0.538402,0.1826891,598.1005096435547,1033.7318801879883,0.9998144
8e88552d-b240-4b3c-8b30-fc71269c054b,118,3.933333333333333,right_hip,0.58917695,0.5521311,-0.18272273,636.3111090660095,1060.0917434692383,0.99994546
8e88552d-b240-4b3c-8b30-fc71269c054b,118,3.933333333333333,left_knee,0.6631155,0.5942613,0.4072909,716.1647415161133,1140.981674194336,0.4362469
8e88552d-b240-4b3c-8b30-fc71269c054b,118,3.933333333333333,right_knee,0.6589163,0.62674725,-0.10177212,711.6295981407166,1203.354721069336,0.9822734
8e88552d-b240-4b3c-8b30-fc71269c054b,118,3.933333333333333,left_ankle,0.64807785,0.6788496,0.5887718,699.9240732192993,1303.3911895751953,0.8657525
8e88552d-b240-4b3c-8b30-fc71269c054b,118,3.933333333333333,right_ankle,0.50867146,0.68111473,0.11410146,549.3651795387268,1307.7402877807617,0.9876789
8e88552d-b240-4b3c-8b30-fc71269c054b,118,3.933333333333333,left_heel,0.6272947,0.69815284,0.6051144,677.4782967567444,1340.4534530639648,0.86700743
8e88552d-b240-4b3c-8b30-fc71269c054b,118,3.933333333333333,right_heel,0.4626105,0.6827906,0.1365964,499.6193540096283,1310.957908630371,0.9446946
8e88552d-b240-4b3c-8b30-fc71269c054b,118,3.933333333333333,left_foot_index,0.71010125,0.69431823,0.60937244,766.9093465805054,1333.0910110473633,0.9121671
8e88552d-b240-4b3c-8b30-fc71269c054b,118,3.933333333333333,right_foot_index,0.53768283,0.7200011,0.112149544,580.6974577903748,1382.402114868164,0.9836237
8e88552d-b240-4b3c-8b30-fc71269c054b,119,3.966666666666667,nose,0.7763576,0.39653447,-0.0051991157,838.4661984443665,761.3461875915527,0.99992806
8e88552d-b240-4b3c-8b30-fc71269c054b,119,3.966666666666667,left_shoulder,0.64944404,0.42184255,0.17018472,701.3995671272278,809.937686920166,0.9999104
8e88552d-b240-4b3c-8b30-fc71269c054b,119,3.966666666666667,right_shoulder,0.72021586,0.44884717,-0.34965947,777.8331255912781,861.7865753173828,0.9999898
8e88552d-b240-4b3c-8b30-fc71269c054b,119,3.966666666666667,left_elbow,0.6254107,0.48979425,0.28585806,675.4435300827026,940.4049682617188,0.09530459
8e88552d-b240-4b3c-8b30-fc71269c054b,119,3.966666666666667,right_elbow,0.68041146,0.51970893,-0.22615635,734.8443746566772,997.8411483764648,0.9501131
8e88552d-b240-4b3c-8b30-fc71269c054b,119,3.966666666666667,left_wrist,0.6804396,0.5157413,0.23011658,734.874758720398,990.223274230957,0.10046287
8e88552d-b240-4b3c-8b30-fc71269c054b,119,3.966666666666667,right_wrist,0.74258775,0.5248886,0.113155976,801.9947648048401,1007.7860641479492,0.7926284
8e88552d-b240-4b3c-8b30-fc71269c054b,119,3.966666666666667,left_hip,0.5539101,0.53787446,0.18227698,598.2228827476501,1032.7189636230469,0.99981236
8e88552d-b240-4b3c-8b30-fc71269c054b,119,3.966666666666667,right_hip,0.5887524,0.5520609,-0.18233041,635.8525800704956,1059.956932067871,0.9999393
8e88552d-b240-4b3c-8b30-fc71269c054b,119,3.966666666666667,left_knee,0.66192836,0.5948366,0.38197827,714.8826241493225,1142.0862579345703,0.4400429
8e88552d-b240-4b3c-8b30-fc71269c054b,119,3.966666666666667,right_knee,0.6629401,0.6270059,-0.10653114,715.9752917289734,1203.8512802124023,0.9825344
8e88552d-b240-4b3c-8b30-fc71269c054b,119,3.966666666666667,left_ankle,0.64507616,0.67888,0.5569446,696.6822481155396,1303.4495544433594,0.86865413
8e88552d-b240-4b3c-8b30-fc71269c054b,119,3.966666666666667,right_ankle,0.5138274,0.6814758,0.108793214,554.9335741996765,1308.4335708618164,0.98750097
8e88552d-b240-4b3c-8b30-fc71269c054b,119,3.966666666666667,left_heel,0.6246794,0.69788873,0.5724166,674.6537375450134,1339.9463653564453,0.868872
8e88552d-b240-4b3c-8b30-fc71269c054b,119,3.966666666666667,right_heel,0.46645948,0.6829833,0.1320515,503.7762415409088,1311.327896118164,0.9441062
8e88552d-b240-4b3c-8b30-fc71269c054b,119,3.966666666666667,left_foot_index,0.70524967,0.69425094,0.5755022,761.6696405410767,1332.9618072509766,0.9149474
8e88552d-b240-4b3c-8b30-fc71269c054b,119,3.966666666666667,right_foot_index,0.5577743,0.7185515,0.11353434,602.3962497711182,1379.618911743164,0.9836419
8e88552d-b240-4b3c-8b30-fc71269c054b,120,4.0,nose,0.7755022,0.39652947,0.0094756195,837.5423812866211,761.3365745544434,0.9999287
8e88552d-b240-4b3c-8b30-fc71269c054b,120,4.0,left_shoulder,0.6492534,0.42196122,0.18222293,701.1937022209167,810.1655387878418,0.9999104
8e88552d-b240-4b3c-8b30-fc71269c054b,120,4.0,right_shoulder,0.72001004,0.44902822,-0.34834975,777.6108455657959,862.1341896057129,0.99998945
8e88552d-b240-4b3c-8b30-fc71269c054b,120,4.0,left_elbow,0.6229216,0.490019,0.3053529,672.7553129196167,940.8364677429199,0.091026455
8e88552d-b240-4b3c-8b30-fc71269c054b,120,4.0,right_elbow,0.6806138,0.52004015,-0.21406467,735.0629210472107,998.4770965576172,0.9507921
8e88552d-b240-4b3c-8b30-fc71269c054b,120,4.0,left_wrist,0.6775746,0.5158166,0.26427233,731.7805409431458,990.3679275512695,0.10081595
8e88552d-b240-4b3c-8b30-fc71269c054b,120,4.0,right_wrist,0.7430447,0.52447367,0.1415514,802.4882483482361,1006.9894409179688,0.7980471
8e88552d-b240-4b3c-8b30-fc71269c054b,120,4.0,left_hip,0.5534512,0.5374721,0.1825312,597.7272748947144,1031.9464874267578,0.99981666
8e88552d-b240-4b3c-8b30-fc71269c054b,120,4.0,right_hip,0.5887728,0.55207044,-0.18256621,635.8745956420898,1059.975242614746,0.9999362
8e88552d-b240-4b3c-8b30-fc71269c054b,120,4.0,left_knee,0.6599599,0.5952175,0.38954785,712.7567052841187,1142.8176498413086,0.4390019
8e88552d-b240-4b3c-8b30-fc71269c054b,120,4.0,right_knee,0.6681788,0.62709504,-0.11156411,721.6331005096436,1204.0224838256836,0.9824744
8e88552d-b240-4b3c-8b30-fc71269c054b,120,4.0,left_ankle,0.6352372,0.6798793,0.52778,686.0561943054199,1305.3682708740234,0.87066233
8e88552d-b240-4b3c-8b30-fc71269c054b,120,4.0,right_ankle,0.5227738,0.68143785,0.10241389,564.5957064628601,1308.3606719970703,0.9870841
8e88552d-b240-4b3c-8b30-fc71269c054b,120,4.0,left_heel,0.61906976,0.6978127,0.5393052,668.595335483551,1339.8003387451172,0.8707722
8e88552d-b240-4b3c-8b30-fc71269c054b,120,4.0,right_heel,0.47524172,0.68313783,0.123576485,513.2610583305359,1311.624641418457,0.94341147
8e88552d-b240-4b3c-8b30-fc71269c054b,120,4.0,left_foot_index,0.69898003,0.6943656,0.54749864,754.8984360694885,1333.1819915771484,0.9171124
8e88552d-b240-4b3c-8b30-fc71269c054b,120,4.0,right_foot_index,0.5643318,0.71615696,0.11989742,609.4783759117126,1375.0213623046875,0.9834748
8e88552d-b240-4b3c-8b30-fc71269c054b,121,4.033333333333333,nose,0.7732728,0.39644337,0.03949815,835.1346373558044,761.1712646484375,0.99992794
8e88552d-b240-4b3c-8b30-fc71269c054b,121,4.033333333333333,left_shoulder,0.6490074,0.4221919,0.19992422,700.9279704093933,810.6084251403809,0.99990773
8e88552d-b240-4b3c-8b30-fc71269c054b,121,4.033333333333333,right_shoulder,0.71978813,0.44924292,-0.33392373,777.3711848258972,862.5464057922363,0.9999887
8e88552d-b240-4b3c-8b30-fc71269c054b,121,4.033333333333333,left_elbow,0.6218452,0.48965028,0.33566964,671.592800617218,940.1285362243652,0.08711894
8e88552d-b240-4b3c-8b30-fc71269c054b,121,4.033333333333333,right_elbow,0.68196434,0.5201601,-0.19966657,736.5214848518372,998.7073516845703,0.95131046
8e88552d-b240-4b3c-8b30-fc71269c054b,121,4.033333333333333,left_wrist,0.6887511,0.5104583,0.32262525,743.8511896133423,980.0799179077148,0.10213595
8e88552d-b240-4b3c-8b30-fc71269c054b,121,4.033333333333333,right_wrist,0.74306583,0.5242914,0.15143856,802.511100769043,1006.6394805908203,0.80351263
8e88552d-b240-4b3c-8b30-fc71269c054b,121,4.033333333333333,left_hip,0.55188227,0.5367897,0.18244652,596.0328483581543,1030.6362533569336,0.999819
8e88552d-b240-4b3c-8b30-fc71269c054b,121,4.033333333333333,right_hip,0.5888857,0.5518465,-0.18246189,635.9965825080872,1059.5452880859375,0.999933
8e88552d-b240-4b3c-8b30-fc71269c054b,121,4.033333333333333,left_knee,0.65844524,0.59546524,0.39558706,711.1208581924438,1143.2932662963867,0.43471456
8e88552d-b240-4b3c-8b30-fc71269c054b,121,4.033333333333333,right_knee,0.6722257,0.62724334,-0.112748034,726.0037708282471,1204.3072128295898,0.9820238
8e88552d-b240-4b3c-8b30-fc71269c054b,121,4.033333333333333,left_ankle,0.6241227,0.68030274,0.50689185,674.0524935722351,1306.1812591552734,0.8728785
8e88552d-b240-4b3c-8b30-fc71269c054b,121,4.033333333333333,right_ankle,0.53118956,0.68160987,0.039325956,573.6847257614136,1308.6909484863281,0.98706394
8e88552d-b240-4b3c-8b30-fc71269c054b,121,4.033333333333333,left_heel,0.60803455,0.6877646,0.51557404,656.6773152351379,1320.5080032348633,0.8732705
8e88552d-b240-4b3c-8b30-fc71269c054b,121,4.033333333333333,right_heel,0.4851186,0.68343574,0.0579482,523.928085565567,1312.1966171264648,0.94398713
8e88552d-b240-4b3c-8b30-fc71269c054b,121,4.033333333333333,left_foot_index,0.6901576,0.69433033,0.5212433,745.3701996803284,1333.114242553711,0.919175
8e88552d-b240-4b3c-8b30-fc71269c054b,121,4.033333333333333,right_foot_index,0.5608062,0.71585786,0.06454577,605.6707119941711,1374.4470977783203,0.9837088
8e88552d-b240-4b3c-8b30-fc71269c054b,122,4.066666666666666,nose,0.77318627,0.39653388,0.03749185,835.0411677360535,761.345043182373,0.9999247
8e88552d-b240-4b3c-8b30-fc71269c054b,122,4.066666666666666,left_shoulder,0.65014476,0.4230123,0.21861143,702.1563363075256,812.1835899353027,0.99990195
8e88552d-b240-4b3c-8b30-fc71269c054b,122,4.066666666666666,right_shoulder,0.71955717,0.44944847,-0.33295983,777.1217393875122,862.9410552978516,0.9999876
8e88552d-b240-4b3c-8b30-fc71269c054b,122,4.066666666666666,left_elbow,0.62691396,0.48934183,0.36108395,677.0670819282532,939.536304473877,0.083666205
8e88552d-b240-4b3c-8b30-fc71269c054b,122,4.066666666666666,right_elbow,0.6827881,0.52015346,-0.20155537,737.4111199378967,998.6946487426758,0.9527877
8e88552d-b240-4b3c-8b30-fc71269c054b,122,4.066666666666666,left_wrist,0.7011642,0.5091126,0.34658706,757.2573208808899,977.4961853027344,0.10663296
8e88552d-b240-4b3c-8b30-fc71269c054b,122,4.066666666666666,right_wrist,0.74347717,0.5244094,0.14092647,802.9553389549255,1006.8660736083984,0.81376517
8e88552d-b240-4b3c-8b30-fc71269c054b,122,4.066666666666666,left_hip,0.55194753,0.5359351,0.1847128,596.1033368110657,1028.9953994750977,0.99981576
8e88552d-b240-4b3c-8b30-fc71269c054b,122,4.066666666666666,right_hip,0.5891009,0.5511027,-0.1846353,636.2289690971375,1058.1171798706055,0.9999267
8e88552d-b240-4b3c-8b30-fc71269c054b,122,4.066666666666666,left_knee,0.66126573,0.59564793,0.3954344,714.166989326477,1143.644027709961,0.4375977
8e88552d-b240-4b3c-8b30-fc71269c054b,122,4.066666666666666,right_knee,0.67520416,0.62658954,-0.12762631,729.2204904556274,1203.0519104003906,0.9824227
8e88552d-b240-4b3c-8b30-fc71269c054b,122,4.066666666666666,left_ankle,0.618014,0.6801809,0.5344205,667.455096244812,1305.9473419189453,0.8747154
8e88552d-b240-4b3c-8b30-fc71269c054b,122,4.066666666666666,right_ankle,0.54163337,0.6817139,0.03594978,584.9640369415283,1308.8906478881836,0.9872497
8e88552d-b240-4b3c-8b30-fc71269c054b,122,4.066666666666666,left_heel,0.60172,0.6847422,0.54650825,649.8575735092163,1314.7050476074219,0.874754
8e88552d-b240-4b3c-8b30-fc71269c054b,122,4.066666666666666,right_heel,0.50062454,0.68518096,0.056465253,540.6745004653931,1315.5474472045898,0.94530463
8e88552d-b240-4b3c-8b30-fc71269c054b,122,4.066666666666666,left_foot_index,0.6830399,0.69430417,0.5517148,737.6830959320068,1333.0640029907227,0.92115605
8e88552d-b240-4b3c-8b30-fc71269c054b,122,4.066666666666666,right_foot_index,0.5692567,0.71563697,0.0566301,614.797260761261,1374.0229797363281,0.9841255
8e88552d-b240-4b3c-8b30-fc71269c054b,123,4.1,nose,0.7730657,0.3966712,0.0031390782,834.9109411239624,761.608715057373,0.9999242
8e88552d-b240-4b3c-8b30-fc71269c054b,123,4.1,left_shoulder,0.6515806,0.4236526,0.21740532,703.7070178985596,813.412971496582,0.99989915
8e88552d-b240-4b3c-8b30-fc71269c054b,123,4.1,right_shoulder,0.71931857,0.45013198,-0.3388294,776.8640542030334,864.2534065246582,0.9999867
8e88552d-b240-4b3c-8b30-fc71269c054b,123,4.1,left_elbow,0.62938637,0.4892737,0.3629788,679.737274646759,939.4054985046387,0.08091308
8e88552d-b240-4b3c-8b30-fc71269c054b,123,4.1,right_elbow,0.6834405,0.5202371,-0.21041137,738.1157469749451,998.8552093505859,0.95458573
8e88552d-b240-4b3c-8b30-fc71269c054b,123,4.1,left_wrist,0.70197004,0.5090683,0.33893067,758.1276440620422,977.4111557006836,0.11268653
8e88552d-b240-4b3c-8b30-fc71269c054b,123,4.1,right_wrist,0.74403787,0.52411693,0.13284223,803.5608959197998,1006.3045120239258,0.8247716
8e88552d-b240-4b3c-8b30-fc71269c054b,123,4.1,left_hip,0.5521641,0.53509516,0.18670297,596.3372039794922,1027.382698059082,0.9998174
8e88552d-b240-4b3c-8b30-fc71269c054b,123,4.1,right_hip,0.5888973,0.5504201,-0.18658587,636.0090708732605,1056.8066024780273,0.99992263
8e88552d-b240-4b3c-8b30-fc71269c054b,123,4.1,left_knee,0.66240835,0.59593254,0.40020746,715.4010200500488,1144.1904830932617,0.44270945
8e88552d-b240-4b3c-8b30-fc71269c054b,123,4.1,right_knee,0.6773381,0.6259015,-0.123534136,731.5251731872559,1201.7309188842773,0.98315436
8e88552d-b240-4b3c-8b30-fc71269c054b,123,4.1,left_ankle,0.6123063,0.67991585,0.5724698,661.2908005714417,1305.4384231567383,0.87553155
8e88552d-b240-4b3c-8b30-fc71269c054b,123,4.1,right_ankle,0.5482987,0.68181026,0.07665076,592.1626138687134,1309.075698852539,0.98747385
8e88552d-b240-4b3c-8b30-fc71269c054b,123,4.1,left_heel,0.5970409,0.6832283,0.5893948,644.804162979126,1311.7983627319336,0.87469655
8e88552d-b240-4b3c-8b30-fc71269c054b,123,4.1,right_heel,0.50531137,0.6868754,0.10151207,545.7362794876099,1318.8007736206055,0.9466805
8e88552d-b240-4b3c-8b30-fc71269c054b,123,4.1,left_foot_index,0.6781696,0.694379,0.59614855,732.4231767654419,1333.2076263427734,0.92300934
8e88552d-b240-4b3c-8b30-fc71269c054b,123,4.1,right_foot_index,0.5798476,0.7129077,0.10505264,626.2353801727295,1368.782730102539,0.98460233
8e88552d-b240-4b3c-8b30-fc71269c054b,124,4.133333333333334,nose,0.7721542,0.39680865,-0.025107589,833.9265489578247,761.872615814209,0.9999116
8e88552d-b240-4b3c-8b30-fc71269c054b,124,4.133333333333334,left_shoulder,0.65135735,0.4240885,0.21127939,703.465940952301,814.2499351501465,0.99988943
8e88552d-b240-4b3c-8b30-fc71269c054b,124,4.133333333333334,right_shoulder,0.71903545,0.45030516,-0.35561028,776.5582823753357,864.5859146118164,0.99998426
8e88552d-b240-4b3c-8b30-fc71269c054b,124,4.133333333333334,left_elbow,0.6302433,0.4915418,0.36014313,680.6627655029297,943.7602615356445,0.07774813
8e88552d-b240-4b3c-8b30-fc71269c054b,124,4.133333333333334,right_elbow,0.6840859,0.52030534,-0.24953362,738.8127779960632,998.9862442016602,0.95572364
8e88552d-b240-4b3c-8b30-fc71269c054b,124,4.133333333333334,left_wrist,0.71020454,0.50898504,0.34296986,767.0209050178528,977.2512817382812,0.119136654
8e88552d-b240-4b3c-8b30-fc71269c054b,124,4.133333333333334,right_wrist,0.74532855,0.52419454,0.06261266,804.9548292160034,1006.4535140991211,0.83463097
8e88552d-b240-4b3c-8b30-fc71269c054b,124,4.133333333333334,left_hip,0.5521551,0.53494245,0.18704347,596.3274836540222,1027.089500427246,0.9998101
8e88552d-b240-4b3c-8b30-fc71269c054b,124,4.133333333333334,right_hip,0.5889306,0.5501764,-0.18690097,636.0450553894043,1056.3386535644531,0.9999086
8e88552d-b240-4b3c-8b30-fc71269c054b,124,4.133333333333334,left_knee,0.65434104,0.59788454,0.4088247,706.6883254051208,1147.9383087158203,0.43367445
8e88552d-b240-4b3c-8b30-fc71269c054b,124,4.133333333333334,right_knee,0.6803465,0.62446153,-0.07394168,734.7742080688477,1198.9661407470703,0.98283374
8e88552d-b240-4b3c-8b30-fc71269c054b,124,4.133333333333334,left_ankle,0.60187215,0.6719065,0.5945985,650.0219178199768,1290.0604248046875,0.86786044
8e88552d-b240-4b3c-8b30-fc71269c054b,124,4.133333333333334,right_ankle,0.5595939,0.6818892,0.14983778,604.3614292144775,1309.2272186279297,0.9869431
8e88552d-b240-4b3c-8b30-fc71269c054b,124,4.133333333333334,left_heel,0.5775433,0.6791265,0.61223686,623.7467837333679,1303.9228820800781,0.87039286
8e88552d-b240-4b3c-8b30-fc71269c054b,124,4.133333333333334,right_heel,0.5216573,0.6881358,0.17599583,563.3898711204529,1321.2207412719727,0.94721675
8e88552d-b240-4b3c-8b30-fc71269c054b,124,4.133333333333334,left_foot_index,0.66138923,0.6925171,0.614372,714.3003702163696,1329.6328353881836,0.9209151
8e88552d-b240-4b3c-8b30-fc71269c054b,124,4.133333333333334,right_foot_index,0.60506976,0.71174526,0.17673717,653.4753370285034,1366.5509033203125,0.984413
8e88552d-b240-4b3c-8b30-fc71269c054b,125,4.166666666666667,nose,0.77155674,0.396923,-0.010636757,833.2812738418579,762.092170715332,0.99990416
8e88552d-b240-4b3c-8b30-fc71269c054b,125,4.166666666666667,left_shoulder,0.651087,0.4243527,0.22108118,703.1739449501038,814.757194519043,0.9998856
8e88552d-b240-4b3c-8b30-fc71269c054b,125,4.166666666666667,right_shoulder,0.7190195,0.45040742,-0.35214862,776.5410304069519,864.7822380065918,0.9999828
8e88552d-b240-4b3c-8b30-fc71269c054b,125,4.166666666666667,left_elbow,0.6288662,0.49289793,0.36499366,679.1754913330078,946.3640213012695,0.07408074
8e88552d-b240-4b3c-8b30-fc71269c054b,125,4.166666666666667,right_elbow,0.6847656,0.5204397,-0.24160455,739.5468235015869,999.2441940307617,0.9561546
8e88552d-b240-4b3c-8b30-fc71269c054b,125,4.166666666666667,left_wrist,0.7050623,0.508816,0.34262547,761.4673161506653,976.9267272949219,0.12066701
8e88552d-b240-4b3c-8b30-fc71269c054b,125,4.166666666666667,right_wrist,0.746536,0.52351594,0.077473655,806.2588977813721,1005.1506042480469,0.84011066
8e88552d-b240-4b3c-8b30-fc71269c054b,125,4.166666666666667,left_hip,0.55163777,0.534947,0.18789881,595.7687902450562,1027.0981979370117,0.9998132
8e88552d-b240-4b3c-8b30-fc71269c054b,125,4.166666666666667,right_hip,0.5903098,0.5499057,-0.18775876,637.5345826148987,1055.818977355957,0.99990267
8e88552d-b240-4b3c-8b30-fc71269c054b,125,4.166666666666667,left_knee,0.6407284,0.6009444,0.41529027,691.9866871833801,1153.813247680664,0.41887128
8e88552d-b240-4b3c-8b30-fc71269c054b,125,4.166666666666667,right_knee,0.6853225,0.622791,-0.06235536,740.1483249664307,1195.7587051391602,0.98218
8e88552d-b240-4b3c-8b30-fc71269c054b,125,4.166666666666667,left_ankle,0.5906711,0.67451006,0.58613586,637.9248118400574,1295.0593185424805,0.85985065
8e88552d-b240-4b3c-8b30-fc71269c054b,125,4.166666666666667,right_ankle,0.56735295,0.6818955,0.1538884,612.7411866188049,1309.2393493652344,0.9861044
8e88552d-b240-4b3c-8b30-fc71269c054b,125,4.166666666666667,left_heel,0.57449657,0.68077,0.6011222,620.456292629242,1307.0783615112305,0.8664312
8e88552d-b240-4b3c-8b30-fc71269c054b,125,4.166666666666667,right_heel,0.53422874,0.68936884,0.17949627,576.9670414924622,1323.5881805419922,0.94647455
8e88552d-b240-4b3c-8b30-fc71269c054b,125,4.166666666666667,left_foot_index,0.6601279,0.69266504,0.5981041,712.9381084442139,1329.916877746582,0.9190755
8e88552d-b240-4b3c-8b30-fc71269c054b,125,4.166666666666667,right_foot_index,0.6170794,0.7120154,0.18251005,666.4457273483276,1367.0695495605469,0.9840674
8e88552d-b240-4b3c-8b30-fc71269c054b,126,4.2,nose,0.7708367,0.3975979,-0.009882723,832.5036478042603,763.3879852294922,0.99989283
8e88552d-b240-4b3c-8b30-fc71269c054b,126,4.2,left_shoulder,0.6509912,0.4242913,0.2141304,703.0704975128174,814.6393203735352,0.9998804
8e88552d-b240-4b3c-8b30-fc71269c054b,126,4.2,right_shoulder,0.71901816,0.45060003,-0.3547574,776.539614200592,865.1520538330078,0.99998033
8e88552d-b240-4b3c-8b30-fc71269c054b,126,4.2,left_elbow,0.63033503,0.49248677,0.372496,680.7618355751038,945.5746078491211,0.07056773
8e88552d-b240-4b3c-8b30-fc71269c054b,126,4.2,right_elbow,0.6847801,0.5209379,-0.2467449,739.5625305175781,1000.2008056640625,0.9561523
8e88552d-b240-4b3c-8b30-fc71269c054b,126,4.2,left_wrist,0.70588243,0.5083757,0.3771785,762.353024482727,976.0813522338867,0.12236095
8e88552d-b240-4b3c-8b30-fc71269c054b,126,4.2,right_wrist,0.74760216,0.5236118,0.0733067,807.4103379249573,1005.3346252441406,0.8454434
8e88552d-b240-4b3c-8b30-fc71269c054b,126,4.2,left_hip,0.5502995,0.5348948,0.18779369,594.3234872817993,1026.998062133789,0.99981296
8e88552d-b240-4b3c-8b30-fc71269c054b,126,4.2,right_hip,0.5913582,0.54990077,-0.18769065,638.6668395996094,1055.8094787597656,0.9998919
8e88552d-b240-4b3c-8b30-fc71269c054b,126,4.2,left_knee,0.6292524,0.60138965,0.42275906,679.5925641059875,1154.6681213378906,0.39852637
8e88552d-b240-4b3c-8b30-fc71269c054b,126,4.2,right_knee,0.68833596,0.6215821,-0.025459666,743.4028315544128,1193.437614440918,0.9800401
8e88552d-b240-4b3c-8b30-fc71269c054b,126,4.2,left_ankle,0.5870575,0.6748305,0.5898815,634.022068977356,1295.6745529174805,0.8441982
8e88552d-b240-4b3c-8b30-fc71269c054b,126,4.2,right_ankle,0.5802596,0.6812349,0.20413174,626.6803908348083,1307.9710006713867,0.9843065
8e88552d-b240-4b3c-8b30-fc71269c054b,126,4.2,left_heel,0.56818444,0.67934453,0.60492134,613.639190196991,1304.3415069580078,0.8579319
8e88552d-b240-4b3c-8b30-fc71269c054b,126,4.2,right_heel,0.5427042,0.6905213,0.23155537,586.1205625534058,1325.800895690918,0.94427264
8e88552d-b240-4b3c-8b30-fc71269c054b,126,4.2,left_foot_index,0.65699863,0.6915976,0.5986028,709.5585250854492,1327.8673553466797,0.91280407
8e88552d-b240-4b3c-8b30-fc71269c054b,126,4.2,right_foot_index,0.6423795,0.70411533,0.23861027,693.7698841094971,1351.9014358520508,0.98288405
8e88552d-b240-4b3c-8b30-fc71269c054b,127,4.233333333333333,nose,0.77058136,0.397782,-0.036201812,832.2278738021851,763.7414360046387,0.9998722
8e88552d-b240-4b3c-8b30-fc71269c054b,127,4.233333333333333,left_shoulder,0.65086395,0.42431805,0.22014369,702.9330611228943,814.6906471252441,0.99986947
8e88552d-b240-4b3c-8b30-fc71269c054b,127,4.233333333333333,right_shoulder,0.71865463,0.45073938,-0.35364226,776.1470031738281,865.4196166992188,0.99997634
8e88552d-b240-4b3c-8b30-fc71269c054b,127,4.233333333333333,left_elbow,0.6335916,0.49237975,0.376614,684.2789196968079,945.3691291809082,0.068030424
8e88552d-b240-4b3c-8b30-fc71269c054b,127,4.233333333333333,right_elbow,0.6849463,0.5212117,-0.25389114,739.7420024871826,1000.726432800293,0.9569893
8e88552d-b240-4b3c-8b30-fc71269c054b,127,4.233333333333333,left_wrist,0.7030753,0.5082935,0.3746346,759.3213129043579,975.9235382080078,0.12413033
8e88552d-b240-4b3c-8b30-fc71269c054b,127,4.233333333333333,right_wrist,0.7485497,0.5235677,0.055335373,808.4336757659912,1005.2499389648438,0.852413
8e88552d-b240-4b3c-8b30-fc71269c054b,127,4.233333333333333,left_hip,0.55002683,0.5347607,0.18775816,594.0289807319641,1026.7405700683594,0.99980295
8e88552d-b240-4b3c-8b30-fc71269c054b,127,4.233333333333333,right_hip,0.591827,0.54959035,-0.18759868,639.1731333732605,1055.2134704589844,0.99986774
8e88552d-b240-4b3c-8b30-fc71269c054b,127,4.233333333333333,left_knee,0.63025427,0.60350007,0.39256665,680.6746101379395,1158.7201309204102,0.38496527
8e88552d-b240-4b3c-8b30-fc71269c054b,127,4.233333333333333,right_knee,0.69417167,0.6187636,-0.052111935,749.705400466919,1188.0261611938477,0.97852767
8e88552d-b240-4b3c-8b30-fc71269c054b,127,4.233333333333333,left_ankle,0.579311,0.6750721,0.55491364,625.65589427948,1296.1383819580078,0.8247067
8e88552d-b240-4b3c-8b30-fc71269c054b,127,4.233333333333333,right_ankle,0.589256,0.6806949,0.169908,636.3964676856995,1306.9341659545898,0.98133343
8e88552d-b240-4b3c-8b30-fc71269c054b,127,4.233333333333333,left_heel,0.5506005,0.68449026,0.5698877,594.6485710144043,1314.221305847168,0.84453464
8e88552d-b240-4b3c-8b30-fc71269c054b,127,4.233333333333333,right_heel,0.55420595,0.6907278,0.19650282,598.5424304008484,1326.1973190307617,0.9405022
8e88552d-b240-4b3c-8b30-fc71269c054b,127,4.233333333333333,left_foot_index,0.6451995,0.6911794,0.5699814,696.815435886383,1327.064437866211,0.90268177
8e88552d-b240-4b3c-8b30-fc71269c054b,127,4.233333333333333,right_foot_index,0.65362877,0.7024246,0.20972611,705.9190678596497,1348.6552047729492,0.9805668
8e88552d-b240-4b3c-8b30-fc71269c054b,128,4.266666666666667,nose,0.77050656,0.39803067,-0.023060171,832.1470856666565,764.2188835144043,0.999861
8e88552d-b240-4b3c-8b30-fc71269c054b,128,4.266666666666667,left_shoulder,0.65074366,0.42434186,0.22183137,702.803156375885,814.7363662719727,0.99985963
8e88552d-b240-4b3c-8b30-fc71269c054b,128,4.266666666666667,right_shoulder,0.7183646,0.45088536,-0.34534037,775.8337640762329,865.6998825073242,0.99997354
8e88552d-b240-4b3c-8b30-fc71269c054b,128,4.266666666666667,left_elbow,0.63312805,0.49220935,0.37638828,683.7782907485962,945.0419425964355,0.06580031
8e88552d-b240-4b3c-8b30-fc71269c054b,128,4.266666666666667,right_elbow,0.6850634,0.52142686,-0.24206962,739.868495464325,1001.1395645141602,0.95738125
8e88552d-b240-4b3c-8b30-fc71269c054b,128,4.266666666666667,left_wrist,0.7010961,0.5080478,0.38032177,757.1838068962097,975.4518127441406,0.12557067
8e88552d-b240-4b3c-8b30-fc71269c054b,128,4.266666666666667,right_wrist,0.74894786,0.5234993,0.0668839,808.8636875152588,1005.1186752319336,0.8579052
8e88552d-b240-4b3c-8b30-fc71269c054b,128,4.266666666666667,left_hip,0.5497824,0.5344022,0.18676499,593.7649869918823,1026.0522079467773,0.9997983
8e88552d-b240-4b3c-8b30-fc71269c054b,128,4.266666666666667,right_hip,0.5924455,0.5493087,-0.18654257,639.8411321640015,1054.672737121582,0.99985725
8e88552d-b240-4b3c-8b30-fc71269c054b,128,4.266666666666667,left_knee,0.63077444,0.6032701,0.39627615,681.2363934516907,1158.2786178588867,0.37262574
8e88552d-b240-4b3c-8b30-fc71269c054b,128,4.266666666666667,right_knee,0.6985083,0.61757576,-0.057132352,754.3889880180359,1185.7454681396484,0.97752196
8e88552d-b240-4b3c-8b30-fc71269c054b,128,4.266666666666667,left_ankle,0.5781643,0.6740853,0.55479914,624.4174218177795,1294.2438125610352,0.8097601
8e88552d-b240-4b3c-8b30-fc71269c054b,128,4.266666666666667,right_ankle,0.590786,0.680534,0.15251666,638.0488586425781,1306.6252899169922,0.9798594
8e88552d-b240-4b3c-8b30-fc71269c054b,128,4.266666666666667,left_heel,0.5487581,0.6842343,0.5696333,592.65873670578,1313.7298965454102,0.83419704
8e88552d-b240-4b3c-8b30-fc71269c054b,128,4.266666666666667,right_heel,0.5546702,0.6907856,0.17798556,599.0438318252563,1326.3083267211914,0.93906957
8e88552d-b240-4b3c-8b30-fc71269c054b,128,4.266666666666667,left_foot_index,0.63748306,0.6902216,0.5748795,688.4817051887512,1325.225486755371,0.8954222
8e88552d-b240-4b3c-8b30-fc71269c054b,128,4.266666666666667,right_foot_index,0.65618825,0.7024706,0.1826522,708.6833095550537,1348.743553161621,0.9794526
8e88552d-b240-4b3c-8b30-fc71269c054b,129,4.3,nose,0.76993626,0.39802307,-0.01752862,831.5311646461487,764.2042922973633,0.9998598
8e88552d-b240-4b3c-8b30-fc71269c054b,129,4.3,left_shoulder,0.650652,0.4244691,0.21949916,702.7041506767273,814.9806976318359,0.99985814
8e88552d-b240-4b3c-8b30-fc71269c054b,129,4.3,right_shoulder,0.7181369,0.45110804,-0.3425154,775.5878591537476,866.1274337768555,0.9999727
8e88552d-b240-4b3c-8b30-fc71269c054b,129,4.3,left_elbow,0.63255584,0.4920217,0.3772139,683.1603097915649,944.6816825866699,0.063787155
8e88552d-b240-4b3c-8b30-fc71269c054b,129,4.3,right_elbow,0.6850386,0.5220334,-0.2319047,739.8417162895203,1002.3041152954102,0.9584666
8e88552d-b240-4b3c-8b30-fc71269c054b,129,4.3,left_wrist,0.69997644,0.50796753,0.39307475,755.9745597839355,975.2976608276367,0.12837702
8e88552d-b240-4b3c-8b30-fc71269c054b,129,4.3,right_wrist,0.7503026,0.5237272,0.09161196,810.3268218040466,1005.5561828613281,0.86500716
8e88552d-b240-4b3c-8b30-fc71269c054b,129,4.3,left_hip,0.5496852,0.53441393,0.18504772,593.6599946022034,1026.0747528076172,0.99980223
8e88552d-b240-4b3c-8b30-fc71269c054b,129,4.3,right_hip,0.59284073,0.54933274,-0.18480028,640.2679896354675,1054.7188568115234,0.9998557
8e88552d-b240-4b3c-8b30-fc71269c054b,129,4.3,left_knee,0.63445413,0.60211265,0.40313774,685.2104616165161,1156.0562896728516,0.35915622
8e88552d-b240-4b3c-8b30-fc71269c054b,129,4.3,right_knee,0.70078766,0.6162487,-0.033672296,756.8506765365601,1183.1975555419922,0.97584224
8e88552d-b240-4b3c-8b30-fc71269c054b,129,4.3,left_ankle,0.58352375,0.6729232,0.57199264,630.2056503295898,1292.0125579833984,0.79435945
8e88552d-b240-4b3c-8b30-fc71269c054b,129,4.3,right_ankle,0.5925988,0.67983687,0.18057646,640.0066995620728,1305.2867889404297,0.9776717
8e88552d-b240-4b3c-8b30-fc71269c054b,129,4.3,left_heel,0.55253404,0.6836052,0.5887746,596.7367672920227,1312.52197265625,0.82373303
8e88552d-b240-4b3c-8b30-fc71269c054b,129,4.3,right_heel,0.55541486,0.69054323,0.20727035,599.8480439186096,1325.8430099487305,0.9364158
8e88552d-b240-4b3c-8b30-fc71269c054b,129,4.3,left_foot_index,0.6425043,0.68582565,0.5989995,693.9046168327332,1316.7852401733398,0.88766897
8e88552d-b240-4b3c-8b30-fc71269c054b,129,4.3,right_foot_index,0.65277755,0.70304847,0.22784458,704.9997568130493,1349.8530578613281,0.97776425
8e88552d-b240-4b3c-8b30-fc71269c054b,130,4.333333333333333,nose,0.7695039,0.39767137,-0.03006613,831.064202785492,763.5290336608887,0.9998549
8e88552d-b240-4b3c-8b30-fc71269c054b,130,4.333333333333333,left_shoulder,0.650611,0.4245474,0.22043979,702.6598620414734,815.1310157775879,0.9998548
8e88552d-b240-4b3c-8b30-fc71269c054b,130,4.333333333333333,right_shoulder,0.71731913,0.45116773,-0.3425299,774.7046613693237,866.2420463562012,0.9999709
8e88552d-b240-4b3c-8b30-fc71269c054b,130,4.333333333333333,left_elbow,0.63280106,0.4923052,0.37419707,683.4251403808594,945.2259635925293,0.061689693
8e88552d-b240-4b3c-8b30-fc71269c054b,130,4.333333333333333,right_elbow,0.6850149,0.522009,-0.23561081,739.81609582901,1002.2573089599609,0.95879745
8e88552d-b240-4b3c-8b30-fc71269c054b,130,4.333333333333333,left_wrist,0.69611055,0.50892997,0.38199982,751.7993903160095,977.1455383300781,0.12712483
8e88552d-b240-4b3c-8b30-fc71269c054b,130,4.333333333333333,right_wrist,0.7509292,0.5237495,0.085939795,811.0035109519958,1005.5989837646484,0.86836237
8e88552d-b240-4b3c-8b30-fc71269c054b,130,4.333333333333333,left_hip,0.5496796,0.5344313,0.18456775,593.6539435386658,1026.108055114746,0.9998019
8e88552d-b240-4b3c-8b30-fc71269c054b,130,4.333333333333333,right_hip,0.5933664,0.5493031,-0.18431708,640.8356952667236,1054.661979675293,0.9998498
8e88552d-b240-4b3c-8b30-fc71269c054b,130,4.333333333333333,left_knee,0.6358333,0.6019937,0.4096694,686.6999888420105,1155.827865600586,0.34517023
8e88552d-b240-4b3c-8b30-fc71269c054b,130,4.333333333333333,right_knee,0.7037217,0.6143393,-0.04360405,760.0194382667542,1179.5314407348633,0.9742256
8e88552d-b240-4b3c-8b30-fc71269c054b,130,4.333333333333333,left_ankle,0.58403516,0.6728383,0.58555406,630.7579708099365,1291.849479675293,0.7775707
8e88552d-b240-4b3c-8b30-fc71269c054b,130,4.333333333333333,right_ankle,0.5947687,0.6791552,0.16963048,642.3501992225647,1303.977928161621,0.97478074
8e88552d-b240-4b3c-8b30-fc71269c054b,130,4.333333333333333,left_heel,0.5526844,0.6843694,0.6026645,596.8991804122925,1313.9892196655273,0.8112877
8e88552d-b240-4b3c-8b30-fc71269c054b,130,4.333333333333333,right_heel,0.5588726,0.69014895,0.19578409,603.58238697052,1325.0859832763672,0.9320014
8e88552d-b240-4b3c-8b30-fc71269c054b,130,4.333333333333333,left_foot_index,0.64303625,0.6868859,0.6103853,694.4791460037231,1318.820915222168,0.87869394
8e88552d-b240-4b3c-8b30-fc71269c054b,130,4.333333333333333,right_foot_index,0.65298074,0.7038439,0.21313326,705.2192044258118,1351.380271911621,0.97541004
8e88552d-b240-4b3c-8b30-fc71269c054b,131,4.366666666666666,nose,0.76804864,0.39748156,-0.027243821,829.4925355911255,763.1645965576172,0.9998571
8e88552d-b240-4b3c-8b30-fc71269c054b,131,4.366666666666666,left_shoulder,0.65038544,0.42478225,0.22300553,702.4162745475769,815.5819129943848,0.9998561
8e88552d-b240-4b3c-8b30-fc71269c054b,131,4.366666666666666,right_shoulder,0.716743,0.45097604,-0.34279826,774.0824317932129,865.8740043640137,0.99997085
8e88552d-b240-4b3c-8b30-fc71269c054b,131,4.366666666666666,left_elbow,0.63047075,0.49494484,0.37487295,680.9084129333496,950.2940940856934,0.060625613
8e88552d-b240-4b3c-8b30-fc71269c054b,131,4.366666666666666,right_elbow,0.68499035,0.52224106,-0.244576,739.7895741462708,1002.7028274536133,0.9596217
8e88552d-b240-4b3c-8b30-fc71269c054b,131,4.366666666666666,left_wrist,0.696672,0.5096323,0.3766516,752.4057841300964,978.4939956665039,0.13284577
8e88552d-b240-4b3c-8b30-fc71269c054b,131,4.366666666666666,right_wrist,0.7510494,0.52568233,0.06278726,811.1333513259888,1009.3100738525391,0.87386537
8e88552d-b240-4b3c-8b30-fc71269c054b,131,4.366666666666666,left_hip,0.54947466,0.5344458,0.18466105,593.432629108429,1026.1359786987305,0.9998074
8e88552d-b240-4b3c-8b30-fc71269c054b,131,4.366666666666666,right_hip,0.5940677,0.54904646,-0.18442729,641.5931081771851,1054.1691970825195,0.99985224
8e88552d-b240-4b3c-8b30-fc71269c054b,131,4.366666666666666,left_knee,0.63687086,0.60013,0.44279128,687.8205299377441,1152.249641418457,0.33524337
8e88552d-b240-4b3c-8b30-fc71269c054b,131,4.366666666666666,right_knee,0.70468265,0.6116157,-0.034822382,761.0572600364685,1174.3021774291992,0.9738711
8e88552d-b240-4b3c-8b30-fc71269c054b,131,4.366666666666666,left_ankle,0.5858319,0.6727017,0.63288224,632.6984310150146,1291.5872955322266,0.77046424
8e88552d-b240-4b3c-8b30-fc71269c054b,131,4.366666666666666,right_ankle,0.5970055,0.67884296,0.1726025,644.7659254074097,1303.3784866333008,0.9744817
8e88552d-b240-4b3c-8b30-fc71269c054b,131,4.366666666666666,left_heel,0.5555311,0.6839037,0.65107054,599.9735713005066,1313.0950927734375,0.8068264
8e88552d-b240-4b3c-8b30-fc71269c054b,131,4.366666666666666,right_heel,0.5616819,0.6900455,0.19787812,606.6164803504944,1324.8873138427734,0.9318855
8e88552d-b240-4b3c-8b30-fc71269c054b,131,4.366666666666666,left_foot_index,0.64338875,0.68793267,0.65500605,694.8598480224609,1320.8307266235352,0.8760316
8e88552d-b240-4b3c-8b30-fc71269c054b,131,4.366666666666666,right_foot_index,0.65225226,0.7045367,0.2089778,704.4324374198914,1352.7104187011719,0.9751794
8e88552d-b240-4b3c-8b30-fc71269c054b,132,4.4,nose,0.767223,0.3974806,-0.0034018965,828.6008405685425,763.1627655029297,0.9998614
8e88552d-b240-4b3c-8b30-fc71269c054b,132,4.4,left_shoulder,0.65017664,0.4249243,0.22834894,702.1907758712769,815.8546829223633,0.99985665
8e88552d-b240-4b3c-8b30-fc71269c054b,132,4.4,right_shoulder,0.7166926,0.45101458,-0.32409963,774.0280365943909,865.9479904174805,0.9999714
8e88552d-b240-4b3c-8b30-fc71269c054b,132,4.4,left_elbow,0.62591773,0.4944638,0.37380528,675.9911513328552,949.3704986572266,0.05876775
8e88552d-b240-4b3c-8b30-fc71269c054b,132,4.4,right_elbow,0.6846864,0.52237076,-0.21431331,739.4613361358643,1002.9518508911133,0.9591747
8e88552d-b240-4b3c-8b30-fc71269c054b,132,4.4,left_wrist,0.6785469,0.51418173,0.36529604,732.8306579589844,987.2289276123047,0.13058266
8e88552d-b240-4b3c-8b30-fc71269c054b,132,4.4,right_wrist,0.7511323,0.5256683,0.10696444,811.222894191742,1009.2831802368164,0.873326
8e88552d-b240-4b3c-8b30-fc71269c054b,132,4.4,left_hip,0.54961413,0.5343468,0.18457189,593.5832619667053,1025.9458923339844,0.99981487
8e88552d-b240-4b3c-8b30-fc71269c054b,132,4.4,right_hip,0.5961043,0.5490535,-0.18435764,643.7926697731018,1054.1827011108398,0.99986017
8e88552d-b240-4b3c-8b30-fc71269c054b,132,4.4,left_knee,0.6385007,0.5959957,0.4690108,689.5807456970215,1144.3117904663086,0.3236153
8e88552d-b240-4b3c-8b30-fc71269c054b,132,4.4,right_knee,0.7070519,0.6098144,-0.05057476,763.6160230636597,1170.8436584472656,0.97320515
8e88552d-b240-4b3c-8b30-fc71269c054b,132,4.4,left_ankle,0.5859696,0.6654695,0.6474625,632.8471970558167,1277.7014923095703,0.7622963
8e88552d-b240-4b3c-8b30-fc71269c054b,132,4.4,right_ankle,0.59824604,0.678598,0.088549286,646.1057209968567,1302.9081344604492,0.9740051
8e88552d-b240-4b3c-8b30-fc71269c054b,132,4.4,left_heel,0.55463094,0.6794154,0.6644323,599.0014100074768,1304.4775772094727,0.79986024
8e88552d-b240-4b3c-8b30-fc71269c054b,132,4.4,right_heel,0.5645234,0.6899976,0.10775309,609.6852707862854,1324.7954177856445,0.9304975
8e88552d-b240-4b3c-8b30-fc71269c054b,132,4.4,left_foot_index,0.64268786,0.68066895,0.67584914,694.102885723114,1306.8843841552734,0.8730155
8e88552d-b240-4b3c-8b30-fc71269c054b,132,4.4,right_foot_index,0.65428656,0.705011,0.117652796,706.6294884681702,1353.6211395263672,0.97494173
8e88552d-b240-4b3c-8b30-fc71269c054b,133,4.433333333333334,nose,0.76653564,0.39748713,-0.005185256,827.8584909439087,763.1752967834473,0.99986637
8e88552d-b240-4b3c-8b30-fc71269c054b,133,4.433333333333334,left_shoulder,0.65000534,0.42509186,0.22622965,702.0057678222656,816.1763763427734,0.9998584
8e88552d-b240-4b3c-8b30-fc71269c054b,133,4.433333333333334,right_shoulder,0.71651,0.45113978,-0.3239633,773.8307976722717,866.1883735656738,0.9999711
8e88552d-b240-4b3c-8b30-fc71269c054b,133,4.433333333333334,left_elbow,0.625506,0.49424845,0.37145868,675.5464625358582,948.9570236206055,0.057173807
8e88552d-b240-4b3c-8b30-fc71269c054b,133,4.433333333333334,right_elbow,0.68452567,0.5226253,-0.21015416,739.2877221107483,1003.4406280517578,0.95811945
8e88552d-b240-4b3c-8b30-fc71269c054b,133,4.433333333333334,left_wrist,0.67667806,0.5139546,0.36616427,730.8123064041138,986.7927932739258,0.12934826
8e88552d-b240-4b3c-8b30-fc71269c054b,133,4.433333333333334,right_wrist,0.75102556,0.5256655,0.11381424,811.1076021194458,1009.2778015136719,0.87202686
8e88552d-b240-4b3c-8b30-fc71269c054b,133,4.433333333333334,left_hip,0.5496483,0.53427017,0.18224502,593.6201477050781,1025.7987213134766,0.99982333
8e88552d-b240-4b3c-8b30-fc71269c054b,133,4.433333333333334,right_hip,0.59747934,0.5490488,-0.18209438,645.2776908874512,1054.1736602783203,0.99986696
8e88552d-b240-4b3c-8b30-fc71269c054b,133,4.433333333333334,left_knee,0.6382528,0.59618336,0.46796757,689.313018321991,1144.6720504760742,0.31685314
8e88552d-b240-4b3c-8b30-fc71269c054b,133,4.433333333333334,right_knee,0.70807326,0.60748744,-0.04348633,764.7191190719604,1166.3758850097656,0.97273195
8e88552d-b240-4b3c-8b30-fc71269c054b,133,4.433333333333334,left_ankle,0.58706826,0.66697174,0.64162594,634.0337204933167,1280.5857467651367,0.76125777
8e88552d-b240-4b3c-8b30-fc71269c054b,133,4.433333333333334,right_ankle,0.60062087,0.6786194,0.108265795,648.6705350875854,1302.94921875,0.974145
8e88552d-b240-4b3c-8b30-fc71269c054b,133,4.433333333333334,left_heel,0.5565902,0.67959225,0.65807486,601.1174154281616,1304.817123413086,0.79851115
8e88552d-b240-4b3c-8b30-fc71269c054b,133,4.433333333333334,right_heel,0.5696527,0.6909767,0.12933552,615.2248907089233,1326.6752243041992,0.92980427
8e88552d-b240-4b3c-8b30-fc71269c054b,133,4.433333333333334,left_foot_index,0.64000785,0.6855566,0.66406375,691.2084817886353,1316.268653869629,0.87335056
8e88552d-b240-4b3c-8b30-fc71269c054b,133,4.433333333333334,right_foot_index,0.6541468,0.70548636,0.13774654,706.478533744812,1354.533805847168,0.97524107
8e88552d-b240-4b3c-8b30-fc71269c054b,134,4.466666666666667,nose,0.76524484,0.39754966,-0.007962899,826.4644289016724,763.2953453063965,0.9998663
8e88552d-b240-4b3c-8b30-fc71269c054b,134,4.466666666666667,left_shoulder,0.6501167,0.42549294,0.21834989,702.1260166168213,816.9464492797852,0.9998532
8e88552d-b240-4b3c-8b30-fc71269c054b,134,4.466666666666667,right_shoulder,0.7161652,0.4512318,-0.32131538,773.458399772644,866.3650703430176,0.9999695
8e88552d-b240-4b3c-8b30-fc71269c054b,134,4.466666666666667,left_elbow,0.62954664,0.49385697,0.3699492,679.9103736877441,948.2053756713867,0.05616783
8e88552d-b240-4b3c-8b30-fc71269c054b,134,4.466666666666667,right_elbow,0.6844003,0.5226623,-0.20578144,739.1523456573486,1003.5115814208984,0.95794874
8e88552d-b240-4b3c-8b30-fc71269c054b,134,4.466666666666667,left_wrist,0.69141084,0.51232016,0.37003452,746.7237067222595,983.6547088623047,0.13108489
8e88552d-b240-4b3c-8b30-fc71269c054b,134,4.466666666666667,right_wrist,0.75099653,0.52565706,0.11239349,811.0762524604797,1009.2615509033203,0.87440014
8e88552d-b240-4b3c-8b30-fc71269c054b,134,4.466666666666667,left_hip,0.5498711,0.5340951,0.17800277,593.8607740402222,1025.4626083374023,0.99982315
8e88552d-b240-4b3c-8b30-fc71269c054b,134,4.466666666666667,right_hip,0.5973966,0.5488368,-0.17779598,645.1883411407471,1053.7667083740234,0.99986744
8e88552d-b240-4b3c-8b30-fc71269c054b,134,4.466666666666667,left_knee,0.63981706,0.5955747,0.4557499,691.0024237632751,1143.5033798217773,0.31109205
8e88552d-b240-4b3c-8b30-fc71269c054b,134,4.466666666666667,right_knee,0.70811385,0.6057245,-0.042983,764.7629570960999,1162.991065979004,0.9720594
8e88552d-b240-4b3c-8b30-fc71269c054b,134,4.466666666666667,left_ankle,0.5877205,0.6673609,0.6313795,634.7381544113159,1281.3329315185547,0.7529321
8e88552d-b240-4b3c-8b30-fc71269c054b,134,4.466666666666667,right_ankle,0.60387796,0.67853045,0.11216535,652.1881985664368,1302.7784729003906,0.973323
8e88552d-b240-4b3c-8b30-fc71269c054b,134,4.466666666666667,left_heel,0.55816746,0.6800339,0.6464387,602.8208541870117,1305.6651306152344,0.791227
8e88552d-b240-4b3c-8b30-fc71269c054b,134,4.466666666666667,right_heel,0.57494926,0.6909174,0.13562658,620.9452056884766,1326.5613555908203,0.9281772
8e88552d-b240-4b3c-8b30-fc71269c054b,134,4.466666666666667,left_foot_index,0.63941,0.68597466,0.6512159,690.5628204345703,1317.0713424682617,0.8681696
8e88552d-b240-4b3c-8b30-fc71269c054b,134,4.466666666666667,right_foot_index,0.6585851,0.70560575,0.14042604,711.2718772888184,1354.7630310058594,0.97445405
8e88552d-b240-4b3c-8b30-fc71269c054b,135,4.5,nose,0.76446813,0.39754984,0.0073198834,825.6255841255188,763.2956886291504,0.9998701
8e88552d-b240-4b3c-8b30-fc71269c054b,135,4.5,left_shoulder,0.64960706,0.42562267,0.2191779,701.5756273269653,817.1955299377441,0.9998493
8e88552d-b240-4b3c-8b30-fc71269c054b,135,4.5,right_shoulder,0.7159644,0.45129248,-0.31353793,773.2415270805359,866.4815711975098,0.9999694
8e88552d-b240-4b3c-8b30-fc71269c054b,135,4.5,left_elbow,0.6293648,0.4931163,0.37065166,679.7139716148376,946.783275604248,0.055160698
8e88552d-b240-4b3c-8b30-fc71269c054b,135,4.5,right_elbow,0.6839325,0.52265316,-0.19150005,738.6470818519592,1003.4940719604492,0.9580241
8e88552d-b240-4b3c-8b30-fc71269c054b,135,4.5,left_wrist,0.6893864,0.5100914,0.38534135,744.537341594696,979.3755340576172,0.13138223
8e88552d-b240-4b3c-8b30-fc71269c054b,135,4.5,right_wrist,0.750972,0.5256611,0.13093486,811.0497307777405,1009.2693328857422,0.87682015
8e88552d-b240-4b3c-8b30-fc71269c054b,135,4.5,left_hip,0.54984355,0.53402305,0.1777485,593.831033706665,1025.3242492675781,0.9998258
8e88552d-b240-4b3c-8b30-fc71269c054b,135,4.5,right_hip,0.59745544,0.5486991,-0.17754361,645.2518773078918,1053.5022354125977,0.99987274
8e88552d-b240-4b3c-8b30-fc71269c054b,135,4.5,left_knee,0.6424784,0.5934718,0.45557222,693.876678943634,1139.4659042358398,0.30866268
8e88552d-b240-4b3c-8b30-fc71269c054b,135,4.5,right_knee,0.7089899,0.6023112,-0.04436054,765.7091116905212,1156.4374923706055,0.97250456
8e88552d-b240-4b3c-8b30-fc71269c054b,135,4.5,left_ankle,0.58834285,0.6670353,0.64208066,635.4102730751038,1280.7077407836914,0.7509246
8e88552d-b240-4b3c-8b30-fc71269c054b,135,4.5,right_ankle,0.6064739,0.6787032,0.09789531,654.9918365478516,1303.110122680664,0.97385263
8e88552d-b240-4b3c-8b30-fc71269c054b,135,4.5,left_heel,0.5580933,0.67898744,0.6598711,602.7407741546631,1303.655891418457,0.7883228
8e88552d-b240-4b3c-8b30-fc71269c054b,135,4.5,right_heel,0.5776522,0.6919988,0.11746083,623.8643932342529,1328.6376571655273,0.9290298
8e88552d-b240-4b3c-8b30-fc71269c054b,135,4.5,left_foot_index,0.6412285,0.6855081,0.6661921,692.5267767906189,1316.1754989624023,0.8673387
8e88552d-b240-4b3c-8b30-fc71269c054b,135,4.5,right_foot_index,0.6636423,0.7067763,0.11761301,716.7336702346802,1357.0105361938477,0.97484934
8e88552d-b240-4b3c-8b30-fc71269c054b,136,4.533333333333333,nose,0.7639559,0.39760432,0.021955121,825.0723624229431,763.4002876281738,0.99987805
8e88552d-b240-4b3c-8b30-fc71269c054b,136,4.533333333333333,left_shoulder,0.64866364,0.4258089,0.2316749,700.5567312240601,817.5531005859375,0.99985087
8e88552d-b240-4b3c-8b30-fc71269c054b,136,4.533333333333333,right_shoulder,0.7155996,0.45128348,-0.30315366,772.8475642204285,866.4642906188965,0.9999702
8e88552d-b240-4b3c-8b30-fc71269c054b,136,4.533333333333333,left_elbow,0.62954646,0.49300125,0.3949306,679.9101805686951,946.5624046325684,0.054057807
8e88552d-b240-4b3c-8b30-fc71269c054b,136,4.533333333333333,right_elbow,0.68298006,0.52321535,-0.17965542,737.618465423584,1004.5734786987305,0.95789135
8e88552d-b240-4b3c-8b30-fc71269c054b,136,4.533333333333333,left_wrist,0.69189394,0.5098706,0.43274596,747.2454500198364,978.951530456543,0.13417841
8e88552d-b240-4b3c-8b30-fc71269c054b,136,4.533333333333333,right_wrist,0.7509301,0.5282546,0.14322715,811.0044765472412,1014.2488861083984,0.8791619
8e88552d-b240-4b3c-8b30-fc71269c054b,136,4.533333333333333,left_hip,0.54945457,0.53402686,0.17787403,593.4109354019165,1025.3315734863281,0.99983454
8e88552d-b240-4b3c-8b30-fc71269c054b,136,4.533333333333333,right_hip,0.5974355,0.5486849,-0.17767213,645.2303123474121,1053.474998474121,0.9998811
8e88552d-b240-4b3c-8b30-fc71269c054b,136,4.533333333333333,left_knee,0.6437062,0.5928658,0.46607018,695.2026987075806,1138.3023834228516,0.30948052
8e88552d-b240-4b3c-8b30-fc71269c054b,136,4.533333333333333,right_knee,0.7111558,0.6007815,-0.046043396,768.0482339859009,1153.5004806518555,0.9734247
8e88552d-b240-4b3c-8b30-fc71269c054b,136,4.533333333333333,left_ankle,0.58842754,0.6674512,0.6565009,635.5017471313477,1281.5063095092773,0.75339746
8e88552d-b240-4b3c-8b30-fc71269c054b,136,4.533333333333333,right_ankle,0.6098481,0.67938834,0.09143474,658.6359286308289,1304.4256210327148,0.97487205
8e88552d-b240-4b3c-8b30-fc71269c054b,136,4.533333333333333,left_heel,0.5584488,0.67941636,0.6751907,603.1246948242188,1304.4794082641602,0.78969866
8e88552d-b240-4b3c-8b30-fc71269c054b,136,4.533333333333333,right_heel,0.5823938,0.69498885,0.1096825,628.9853310585022,1334.3785858154297,0.93107945
8e88552d-b240-4b3c-8b30-fc71269c054b,136,4.533333333333333,left_foot_index,0.64154696,0.68570393,0.6824769,692.8707218170166,1316.5515518188477,0.86871886
8e88552d-b240-4b3c-8b30-fc71269c054b,136,4.533333333333333,right_foot_index,0.6703511,0.70709854,0.109876774,723.9791750907898,1357.6292037963867,0.97566676
8e88552d-b240-4b3c-8b30-fc71269c054b,137,4.566666666666666,nose,0.76404,0.39728943,0.08580807,825.1631927490234,762.7956962585449,0.99988836
8e88552d-b240-4b3c-8b30-fc71269c054b,137,4.566666666666666,left_shoulder,0.6486384,0.42604616,0.26378754,700.5295014381409,818.0086326599121,0.99985605
8e88552d-b240-4b3c-8b30-fc71269c054b,137,4.566666666666666,right_shoulder,0.7153222,0.45126805,-0.2556121,772.547972202301,866.4346504211426,0.9999718
8e88552d-b240-4b3c-8b30-fc71269c054b,137,4.566666666666666,left_elbow,0.62070155,0.4929886,0.4174253,670.3576755523682,946.5380859375,0.053150617
8e88552d-b240-4b3c-8b30-fc71269c054b,137,4.566666666666666,right_elbow,0.6823233,0.5231436,-0.118751414,736.9091391563416,1004.4356918334961,0.95755625
8e88552d-b240-4b3c-8b30-fc71269c054b,137,4.566666666666666,left_wrist,0.6748809,0.5123246,0.45299605,728.8713955879211,983.6631774902344,0.13458113
8e88552d-b240-4b3c-8b30-fc71269c054b,137,4.566666666666666,right_wrist,0.75051486,0.5282248,0.2171365,810.5560541152954,1014.1916656494141,0.8786642
8e88552d-b240-4b3c-8b30-fc71269c054b,137,4.566666666666666,left_hip,0.54941213,0.53406847,0.17587948,593.36510181427,1025.4114532470703,0.99984664
8e88552d-b240-4b3c-8b30-fc71269c054b,137,4.566666666666666,right_hip,0.5971104,0.5479242,-0.17574546,644.8792219161987,1052.014503479004,0.999891
8e88552d-b240-4b3c-8b30-fc71269c054b,137,4.566666666666666,left_knee,0.64371645,0.5916193,0.47329327,695.213770866394,1135.909080505371,0.3161098
8e88552d-b240-4b3c-8b30-fc71269c054b,137,4.566666666666666,right_knee,0.71115214,0.59823215,-0.044971153,768.0443072319031,1148.605728149414,0.9746571
8e88552d-b240-4b3c-8b30-fc71269c054b,137,4.566666666666666,left_ankle,0.5885873,0.66769105,0.6678044,635.6742668151855,1281.9668197631836,0.7600513
8e88552d-b240-4b3c-8b30-fc71269c054b,137,4.566666666666666,right_ankle,0.6167678,0.6806832,0.073980756,666.1092495918274,1306.911735534668,0.9760278
8e88552d-b240-4b3c-8b30-fc71269c054b,137,4.566666666666666,left_heel,0.5587774,0.67966735,0.6870711,603.4795832633972,1304.9613189697266,0.7930883
8e88552d-b240-4b3c-8b30-fc71269c054b,137,4.566666666666666,right_heel,0.591475,0.69677776,0.08949896,638.7930107116699,1337.8133010864258,0.9326372
8e88552d-b240-4b3c-8b30-fc71269c054b,137,4.566666666666666,left_foot_index,0.6418715,0.6855446,0.6961298,693.2212328910828,1316.2456512451172,0.87254304
8e88552d-b240-4b3c-8b30-fc71269c054b,137,4.566666666666666,right_foot_index,0.6781779,0.7071775,0.08275438,732.4321246147156,1357.7808380126953,0.97668815
8e88552d-b240-4b3c-8b30-fc71269c054b,138,4.6,nose,0.76344514,0.3971407,0.0749843,824.5207500457764,762.5101661682129,0.9998978
8e88552d-b240-4b3c-8b30-fc71269c054b,138,4.6,left_shoulder,0.6481598,0.42614296,0.25311685,700.0125861167908,818.1944847106934,0.99986064
8e88552d-b240-4b3c-8b30-fc71269c054b,138,4.6,right_shoulder,0.7153037,0.45128298,-0.25435948,772.5280165672302,866.4633178710938,0.9999733
8e88552d-b240-4b3c-8b30-fc71269c054b,138,4.6,left_elbow,0.62126267,0.49227083,0.41708103,670.9636831283569,945.1599884033203,0.05251624
8e88552d-b240-4b3c-8b30-fc71269c054b,138,4.6,right_elbow,0.68096936,0.5231417,-0.12590498,735.4469060897827,1004.4320297241211,0.9575265
8e88552d-b240-4b3c-8b30-fc71269c054b,138,4.6,left_wrist,0.67623466,0.51246816,0.4644119,730.3334355354309,983.9388656616211,0.13735774
8e88552d-b240-4b3c-8b30-fc71269c054b,138,4.6,right_wrist,0.7496217,0.52920073,0.19083308,809.5914244651794,1016.0654067993164,0.8801295
8e88552d-b240-4b3c-8b30-fc71269c054b,138,4.6,left_hip,0.549305,0.5340466,0.17215249,593.2494235038757,1025.3694534301758,0.9998575
8e88552d-b240-4b3c-8b30-fc71269c054b,138,4.6,right_hip,0.5970702,0.54756564,-0.17206997,644.8358345031738,1051.326026916504,0.9999002
8e88552d-b240-4b3c-8b30-fc71269c054b,138,4.6,left_knee,0.6437166,0.5880712,0.49920326,695.2138996124268,1129.0967559814453,0.32134622
8e88552d-b240-4b3c-8b30-fc71269c054b,138,4.6,right_knee,0.71233976,0.597306,-0.015218912,769.3269395828247,1146.8275451660156,0.975761
8e88552d-b240-4b3c-8b30-fc71269c054b,138,4.6,left_ankle,0.58867717,0.66687405,0.70601904,635.7713413238525,1280.398178100586,0.76547945
8e88552d-b240-4b3c-8b30-fc71269c054b,138,4.6,right_ankle,0.62611127,0.6818786,0.08799899,676.2001705169678,1309.2069625854492,0.97716135
8e88552d-b240-4b3c-8b30-fc71269c054b,138,4.6,left_heel,0.5606857,0.678554,0.72717965,605.5405497550964,1302.8236770629883,0.7961554
8e88552d-b240-4b3c-8b30-fc71269c054b,138,4.6,right_heel,0.60146517,0.6973671,0.107065655,649.5823788642883,1338.9447784423828,0.9345165
8e88552d-b240-4b3c-8b30-fc71269c054b,138,4.6,left_foot_index,0.642565,0.68011624,0.7399956,693.9702129364014,1305.8231735229492,0.87554353
8e88552d-b240-4b3c-8b30-fc71269c054b,138,4.6,right_foot_index,0.6877788,0.7066929,0.10367552,742.8010725975037,1356.8503189086914,0.97767663
8e88552d-b240-4b3c-8b30-fc71269c054b,139,4.633333333333334,nose,0.7629309,0.39719546,0.05442817,823.9654040336609,762.6152801513672,0.99990565
8e88552d-b240-4b3c-8b30-fc71269c054b,139,4.633333333333334,left_shoulder,0.6475983,0.4262859,0.24699323,699.4061923027039,818.4689140319824,0.99986273
8e88552d-b240-4b3c-8b30-fc71269c054b,139,4.633333333333334,right_shoulder,0.7151323,0.45128453,-0.25983563,772.3428797721863,866.4662933349609,0.99997413
8e88552d-b240-4b3c-8b30-fc71269c054b,139,4.633333333333334,left_elbow,0.62163347,0.49221182,0.40513268,671.3641476631165,945.0466918945312,0.05162893
8e88552d-b240-4b3c-8b30-fc71269c054b,139,4.633333333333334,right_elbow,0.6805249,0.52317184,-0.14064983,734.9668765068054,1004.4899368286133,0.95716166
8e88552d-b240-4b3c-8b30-fc71269c054b,139,4.633333333333334,left_wrist,0.6781642,0.51334316,0.43745258,732.4173188209534,985.6188583374023,0.13820028
8e88552d-b240-4b3c-8b30-fc71269c054b,139,4.633333333333334,right_wrist,0.74926966,0.53000003,0.1700063,809.2112374305725,1017.6000595092773,0.88056
8e88552d-b240-4b3c-8b30-fc71269c054b,139,4.633333333333334,left_hip,0.54922754,0.5339491,0.1687172,593.1657385826111,1025.182228088379,0.99986583
8e88552d-b240-4b3c-8b30-fc71269c054b,139,4.633333333333334,right_hip,0.59704965,0.546956,-0.16863298,644.8136258125305,1050.1555252075195,0.9999076
8e88552d-b240-4b3c-8b30-fc71269c054b,139,4.633333333333334,left_knee,0.6437189,0.5872951,0.4842716,695.2164101600647,1127.6066207885742,0.32715422
8e88552d-b240-4b3c-8b30-fc71269c054b,139,4.633333333333334,right_knee,0.713176,0.5969663,-0.0091780815,770.2300930023193,1146.1753463745117,0.97657424
8e88552d-b240-4b3c-8b30-fc71269c054b,139,4.633333333333334,left_ankle,0.5875581,0.6652697,0.688614,634.562737941742,1277.317771911621,0.7683481
8e88552d-b240-4b3c-8b30-fc71269c054b,139,4.633333333333334,right_ankle,0.6302809,0.6818392,0.11550728,680.7033848762512,1309.1313171386719,0.97787654
8e88552d-b240-4b3c-8b30-fc71269c054b,139,4.633333333333334,left_heel,0.56081027,0.67588425,0.70936376,605.6750893592834,1297.69775390625,0.79691607
8e88552d-b240-4b3c-8b30-fc71269c054b,139,4.633333333333334,right_heel,0.6081137,0.6968358,0.13215221,656.7628026008606,1337.9247665405273,0.9353483
8e88552d-b240-4b3c-8b30-fc71269c054b,139,4.633333333333334,left_foot_index,0.6428593,0.67775816,0.719106,694.288022518158,1301.2956619262695,0.87715054
8e88552d-b240-4b3c-8b30-fc71269c054b,139,4.633333333333334,right_foot_index,0.6924914,0.7043982,0.12211557,747.8907251358032,1352.4445724487305,0.97828746
8e88552d-b240-4b3c-8b30-fc71269c054b,140,4.666666666666667,nose,0.7625062,0.39721343,0.010970044,823.5066819190979,762.6497840881348,0.999909
8e88552d-b240-4b3c-8b30-fc71269c054b,140,4.666666666666667,left_shoulder,0.6469699,0.4263058,0.20209362,698.7275075912476,818.507137298584,0.9998605
8e88552d-b240-4b3c-8b30-fc71269c054b,140,4.666666666666667,right_shoulder,0.71511835,0.45124802,-0.26928425,772.3278164863586,866.3961982727051,0.99997413
8e88552d-b240-4b3c-8b30-fc71269c054b,140,4.666666666666667,left_elbow,0.62192816,0.49134734,0.35615036,671.6824078559875,943.3868980407715,0.05132739
8e88552d-b240-4b3c-8b30-fc71269c054b,140,4.666666666666667,right_elbow,0.68026555,0.5231334,-0.17924204,734.6867895126343,1004.4161224365234,0.95841
8e88552d-b240-4b3c-8b30-fc71269c054b,140,4.666666666666667,left_wrist,0.6782622,0.51351017,0.3889237,732.523148059845,985.9395217895508,0.13858876
8e88552d-b240-4b3c-8b30-fc71269c054b,140,4.666666666666667,right_wrist,0.7492454,0.5299198,0.09815657,809.185037612915,1017.4460220336914,0.88351405
8e88552d-b240-4b3c-8b30-fc71269c054b,140,4.666666666666667,left_hip,0.54882175,0.5339481,0.16406147,592.7274870872498,1025.1803970336914,0.9998724
8e88552d-b240-4b3c-8b30-fc71269c054b,140,4.666666666666667,right_hip,0.59703803,0.54643047,-0.16392653,644.8010730743408,1049.146499633789,0.9999128
8e88552d-b240-4b3c-8b30-fc71269c054b,140,4.666666666666667,left_knee,0.6423922,0.5866726,0.44030604,693.7835955619812,1126.4113998413086,0.33795843
8e88552d-b240-4b3c-8b30-fc71269c054b,140,4.666666666666667,right_knee,0.71388793,0.59515005,0.0014914309,770.9989643096924,1142.688102722168,0.9772224
8e88552d-b240-4b3c-8b30-fc71269c054b,140,4.666666666666667,left_ankle,0.58684015,0.66284734,0.64771414,633.7873649597168,1272.666893005371,0.7722294
8e88552d-b240-4b3c-8b30-fc71269c054b,140,4.666666666666667,right_ankle,0.6375948,0.67830676,0.18259937,688.6024045944214,1302.348976135254,0.9783189
8e88552d-b240-4b3c-8b30-fc71269c054b,140,4.666666666666667,left_heel,0.5605228,0.6739271,0.66876024,605.3646183013916,1293.940086364746,0.7991614
8e88552d-b240-4b3c-8b30-fc71269c054b,140,4.666666666666667,right_heel,0.61406296,0.69372493,0.20408067,663.1880021095276,1331.9518661499023,0.9356984
8e88552d-b240-4b3c-8b30-fc71269c054b,140,4.666666666666667,left_foot_index,0.639785,0.6773881,0.6755793,690.9677910804749,1300.5850982666016,0.8783514
8e88552d-b240-4b3c-8b30-fc71269c054b,140,4.666666666666667,right_foot_index,0.6956302,0.70173126,0.20568104,751.2806081771851,1347.3240280151367,0.9785652
8e88552d-b240-4b3c-8b30-fc71269c054b,141,4.7,nose,0.7616372,0.39727587,0.013185996,822.568187713623,762.769660949707,0.99991435
8e88552d-b240-4b3c-8b30-fc71269c054b,141,4.7,left_shoulder,0.6466887,0.42666367,0.20905834,698.4237957000732,819.1942405700684,0.9998615
8e88552d-b240-4b3c-8b30-fc71269c054b,141,4.7,right_shoulder,0.7147755,0.45103207,-0.27744234,771.9575428962708,865.9815788269043,0.9999748
8e88552d-b240-4b3c-8b30-fc71269c054b,141,4.7,left_elbow,0.62674445,0.49140447,0.3570024,676.8840050697327,943.4965896606445,0.050763834
8e88552d-b240-4b3c-8b30-fc71269c054b,141,4.7,right_elbow,0.6797031,0.52310413,-0.18317807,734.0793657302856,1004.3599319458008,0.958895
8e88552d-b240-4b3c-8b30-fc71269c054b,141,4.7,left_wrist,0.6879688,0.5141278,0.37803292,743.0062937736511,987.125358581543,0.14072064
8e88552d-b240-4b3c-8b30-fc71269c054b,141,4.7,right_wrist,0.74922216,0.5308325,0.09156776,809.1599321365356,1019.1984558105469,0.8858842
8e88552d-b240-4b3c-8b30-fc71269c054b,141,4.7,left_hip,0.5487994,0.5339491,0.1637451,592.7033472061157,1025.182228088379,0.99988014
8e88552d-b240-4b3c-8b30-fc71269c054b,141,4.7,right_hip,0.59703565,0.54572475,-0.16358908,644.7984981536865,1047.791519165039,0.99991876
8e88552d-b240-4b3c-8b30-fc71269c054b,141,4.7,left_knee,0.6430802,0.583917,0.442286,694.5265889167786,1121.1206817626953,0.34719524
8e88552d-b240-4b3c-8b30-fc71269c054b,141,4.7,right_knee,0.7142501,0.593722,-0.002950585,771.3900947570801,1139.9462127685547,0.9779894
8e88552d-b240-4b3c-8b30-fc71269c054b,141,4.7,left_ankle,0.5853057,0.66037476,0.6453108,632.1301460266113,1267.9195404052734,0.77649575
8e88552d-b240-4b3c-8b30-fc71269c054b,141,4.7,right_ankle,0.64831257,0.67749226,0.16970178,700.1775741577148,1300.785140991211,0.9788295
8e88552d-b240-4b3c-8b30-fc71269c054b,141,4.7,left_heel,0.55982614,0.6713145,0.6661981,604.612226486206,1288.9237976074219,0.80214703
8e88552d-b240-4b3c-8b30-fc71269c054b,141,4.7,right_heel,0.6261005,0.69322205,0.19043109,676.1885190010071,1330.986328125,0.9364649
8e88552d-b240-4b3c-8b30-fc71269c054b,141,4.7,left_foot_index,0.640145,0.67407006,0.6740284,691.3566040992737,1294.2145156860352,0.8798173
8e88552d-b240-4b3c-8b30-fc71269c054b,141,4.7,right_foot_index,0.701133,0.6988378,0.19259995,757.223653793335,1341.7686080932617,0.9788762
8e88552d-b240-4b3c-8b30-fc71269c054b,142,4.733333333333333,nose,0.7610392,0.39727107,0.0011759441,821.922333240509,762.7604484558105,0.99991655
8e88552d-b240-4b3c-8b30-fc71269c054b,142,4.733333333333333,left_shoulder,0.6468504,0.4269513,0.20052847,698.5984396934509,819.7464752197266,0.99985975
8e88552d-b240-4b3c-8b30-fc71269c054b,142,4.733333333333333,right_shoulder,0.7127304,0.45102003,-0.29232377,769.7488403320312,865.9584617614746,0.9999744
8e88552d-b240-4b3c-8b30-fc71269c054b,142,4.733333333333333,left_elbow,0.6316769,0.49136955,0.3429627,682.2110652923584,943.4295272827148,0.050139587
8e88552d-b240-4b3c-8b30-fc71269c054b,142,4.733333333333333,right_elbow,0.67862487,0.5228745,-0.20190133,732.9148578643799,1003.9189910888672,0.95872325
8e88552d-b240-4b3c-8b30-fc71269c054b,142,4.733333333333333,left_wrist,0.6946318,0.5140292,0.33959353,750.2023601531982,986.9360733032227,0.1404873
8e88552d-b240-4b3c-8b30-fc71269c054b,142,4.733333333333333,right_wrist,0.7492043,0.5306531,0.07561694,809.1406202316284,1018.8539886474609,0.8855236
8e88552d-b240-4b3c-8b30-fc71269c054b,142,4.733333333333333,left_hip,0.5488038,0.53409576,0.16481553,592.7081108093262,1025.4638671875,0.9998858
8e88552d-b240-4b3c-8b30-fc71269c054b,142,4.733333333333333,right_hip,0.5966684,0.5448422,-0.16465546,644.4018959999084,1046.0969924926758,0.99992365
8e88552d-b240-4b3c-8b30-fc71269c054b,142,4.733333333333333,left_knee,0.64306515,0.58285344,0.4516529,694.5103669166565,1119.078598022461,0.3602325
8e88552d-b240-4b3c-8b30-fc71269c054b,142,4.733333333333333,right_knee,0.7147242,0.5933965,-0.006630292,771.902117729187,1139.3212509155273,0.97874063
8e88552d-b240-4b3c-8b30-fc71269c054b,142,4.733333333333333,left_ankle,0.58128196,0.65847546,0.66660565,627.7845168113708,1264.2728805541992,0.7835315
8e88552d-b240-4b3c-8b30-fc71269c054b,142,4.733333333333333,right_ankle,0.6567583,0.67753583,0.16474104,709.2989730834961,1300.868797302246,0.9794794
8e88552d-b240-4b3c-8b30-fc71269c054b,142,4.733333333333333,left_heel,0.55524296,0.66893893,0.68765754,599.6623921394348,1284.3627548217773,0.80692136
8e88552d-b240-4b3c-8b30-fc71269c054b,142,4.733333333333333,right_heel,0.6346794,0.69372755,0.18718772,685.4537272453308,1331.956901550293,0.93727535
8e88552d-b240-4b3c-8b30-fc71269c054b,142,4.733333333333333,left_foot_index,0.6221249,0.677066,0.6896993,671.8949031829834,1299.9667739868164,0.88224894
8e88552d-b240-4b3c-8b30-fc71269c054b,142,4.733333333333333,right_foot_index,0.7099613,0.6968117,0.1703986,766.7581987380981,1337.87841796875,0.9793289
8e88552d-b240-4b3c-8b30-fc71269c054b,143,4.766666666666667,nose,0.760299,0.39726752,-0.013020853,821.1229491233826,762.7536392211914,0.9999182
8e88552d-b240-4b3c-8b30-fc71269c054b,143,4.766666666666667,left_shoulder,0.64715797,0.42757985,0.19316179,698.9306044578552,820.953311920166,0.9998598
8e88552d-b240-4b3c-8b30-fc71269c054b,143,4.766666666666667,right_shoulder,0.7109844,0.4508524,-0.30863863,767.8631615638733,865.6365966796875,0.99997425
8e88552d-b240-4b3c-8b30-fc71269c054b,143,4.766666666666667,left_elbow,0.6403685,0.4925261,0.33699584,691.598002910614,945.6501388549805,0.050274067
8e88552d-b240-4b3c-8b30-fc71269c054b,143,4.766666666666667,right_elbow,0.67795897,0.52270824,-0.2240076,732.1956825256348,1003.5998153686523,0.9587111
8e88552d-b240-4b3c-8b30-fc71269c054b,143,4.766666666666667,left_wrist,0.7023447,0.5145255,0.32526836,758.532292842865,987.8889083862305,0.14578523
8e88552d-b240-4b3c-8b30-fc71269c054b,143,4.766666666666667,right_wrist,0.7484798,0.5309354,0.03701151,808.358166217804,1019.3959808349609,0.88743865
8e88552d-b240-4b3c-8b30-fc71269c054b,143,4.766666666666667,left_hip,0.54878867,0.5342528,0.16535692,592.6917600631714,1025.7654190063477,0.99989295
8e88552d-b240-4b3c-8b30-fc71269c054b,143,4.766666666666667,right_hip,0.59409857,0.5436234,-0.16519035,641.6264533996582,1043.7569046020508,0.99992865
8e88552d-b240-4b3c-8b30-fc71269c054b,143,4.766666666666667,left_knee,0.64244854,0.5814758,0.45432726,693.844428062439,1116.4335250854492,0.37529573
8e88552d-b240-4b3c-8b30-fc71269c054b,143,4.766666666666667,right_knee,0.71480465,0.5919138,-0.010953589,771.9890213012695,1136.4745330810547,0.97931695
8e88552d-b240-4b3c-8b30-fc71269c054b,143,4.766666666666667,left_ankle,0.57921594,0.65610343,0.6728869,625.5532193183899,1259.7185897827148,0.7914461
8e88552d-b240-4b3c-8b30-fc71269c054b,143,4.766666666666667,right_ankle,0.66449606,0.6775957,0.16234823,717.6557493209839,1300.9836959838867,0.98007184
8e88552d-b240-4b3c-8b30-fc71269c054b,143,4.766666666666667,left_heel,0.55102515,0.6663958,0.6942851,595.1071643829346,1279.4799041748047,0.8131603
8e88552d-b240-4b3c-8b30-fc71269c054b,143,4.766666666666667,right_heel,0.6458981,0.69443905,0.18289591,697.5699520111084,1333.322982788086,0.9384327
8e88552d-b240-4b3c-8b30-fc71269c054b,143,4.766666666666667,left_foot_index,0.61589664,0.6777317,0.6921981,665.1683735847473,1301.2448501586914,0.8849874
8e88552d-b240-4b3c-8b30-fc71269c054b,143,4.766666666666667,right_foot_index,0.72183454,0.6934004,0.16930552,779.5813035964966,1331.3287353515625,0.97970855
8e88552d-b240-4b3c-8b30-fc71269c054b,144,4.8,nose,0.75981086,0.39722928,-0.015584981,820.5957341194153,762.6802253723145,0.99992114
8e88552d-b240-4b3c-8b30-fc71269c054b,144,4.8,left_shoulder,0.647227,0.42761385,0.18251267,699.0051484107971,821.0186004638672,0.9998575
8e88552d-b240-4b3c-8b30-fc71269c054b,144,4.8,right_shoulder,0.709811,0.45086426,-0.30678895,766.5958499908447,865.6593704223633,0.99997354
8e88552d-b240-4b3c-8b30-fc71269c054b,144,4.8,left_elbow,0.638637,0.49172086,0.32424933,689.7279667854309,944.1040420532227,0.049746063
8e88552d-b240-4b3c-8b30-fc71269c054b,144,4.8,right_elbow,0.67666197,0.52235395,-0.21687637,730.7949256896973,1002.9195785522461,0.9586288
8e88552d-b240-4b3c-8b30-fc71269c054b,144,4.8,left_wrist,0.7007911,0.5144418,0.31924558,756.8544101715088,987.7282333374023,0.14546639
8e88552d-b240-4b3c-8b30-fc71269c054b,144,4.8,right_wrist,0.74802357,0.53068376,0.031709105,807.8654551506042,1018.9128112792969,0.8868088
8e88552d-b240-4b3c-8b30-fc71269c054b,144,4.8,left_hip,0.54878837,0.53435016,0.16184914,592.6914381980896,1025.9523010253906,0.9998975
8e88552d-b240-4b3c-8b30-fc71269c054b,144,4.8,right_hip,0.59307164,0.5428005,-0.16161878,640.5173707008362,1042.1769332885742,0.9999321
8e88552d-b240-4b3c-8b30-fc71269c054b,144,4.8,left_knee,0.6409335,0.58121324,0.42015904,692.208194732666,1115.9294128417969,0.39880905
8e88552d-b240-4b3c-8b30-fc71269c054b,144,4.8,right_knee,0.71457726,0.59110177,-0.017703319,771.743438243866,1134.9153900146484,0.9804339
8e88552d-b240-4b3c-8b30-fc71269c054b,144,4.8,left_ankle,0.5751176,0.6547077,0.659353,621.1269950866699,1257.0387268066406,0.80023986
8e88552d-b240-4b3c-8b30-fc71269c054b,144,4.8,right_ankle,0.67432916,0.67771614,0.1613077,728.2754945755005,1301.2149810791016,0.9807089
8e88552d-b240-4b3c-8b30-fc71269c054b,144,4.8,left_heel,0.5435144,0.6650723,0.6842435,586.9955205917358,1276.9388580322266,0.81878865
8e88552d-b240-4b3c-8b30-fc71269c054b,144,4.8,right_heel,0.65593445,0.69442815,0.18207528,708.4092092514038,1333.3020401000977,0.9392994
8e88552d-b240-4b3c-8b30-fc71269c054b,144,4.8,left_foot_index,0.62144053,0.6733764,0.6795926,671.1557722091675,1292.8826522827148,0.88795453
8e88552d-b240-4b3c-8b30-fc71269c054b,144,4.8,right_foot_index,0.7325497,0.69129205,0.17164308,791.1537051200867,1327.2807312011719,0.9800344
8e88552d-b240-4b3c-8b30-fc71269c054b,145,4.833333333333333,nose,0.7593465,0.39734,-0.023173992,820.0942039489746,762.8927993774414,0.9999231
8e88552d-b240-4b3c-8b30-fc71269c054b,145,4.833333333333333,left_shoulder,0.6476245,0.4281364,0.17877565,699.4344520568848,822.0219039916992,0.9998577
8e88552d-b240-4b3c-8b30-fc71269c054b,145,4.833333333333333,right_shoulder,0.70834297,0.45095053,-0.30949917,765.0104069709778,865.825023651123,0.9999731
8e88552d-b240-4b3c-8b30-fc71269c054b,145,4.833333333333333,left_elbow,0.6387735,0.49174127,0.32175994,689.8753809928894,944.143238067627,0.04988441
8e88552d-b240-4b3c-8b30-fc71269c054b,145,4.833333333333333,right_elbow,0.6751338,0.5222875,-0.22650474,729.1445302963257,1002.7919769287109,0.9588427
8e88552d-b240-4b3c-8b30-fc71269c054b,145,4.833333333333333,left_wrist,0.70081794,0.5151179,0.30716082,756.8833780288696,989.0263366699219,0.14900583
8e88552d-b240-4b3c-8b30-fc71269c054b,145,4.833333333333333,right_wrist,0.74752426,0.53075856,0.01823461,807.3262023925781,1019.0564346313477,0.888173
8e88552d-b240-4b3c-8b30-fc71269c054b,145,4.833333333333333,left_hip,0.548855,0.53453124,0.16241033,592.7634072303772,1026.2999725341797,0.9999023
8e88552d-b240-4b3c-8b30-fc71269c054b,145,4.833333333333333,right_hip,0.591462,0.5424465,-0.16217214,638.778977394104,1041.4972686767578,0.999936
8e88552d-b240-4b3c-8b30-fc71269c054b,145,4.833333333333333,left_knee,0.64066213,0.5797332,0.42680252,691.9151043891907,1113.0877304077148,0.42132303
8e88552d-b240-4b3c-8b30-fc71269c054b,145,4.833333333333333,right_knee,0.7143754,0.589907,-0.04469907,771.5254068374634,1132.6214218139648,0.98143804
8e88552d-b240-4b3c-8b30-fc71269c054b,145,4.833333333333333,left_ankle,0.57369,0.6533987,0.670963,619.5851969718933,1254.525489807129,0.80861694
8e88552d-b240-4b3c-8b30-fc71269c054b,145,4.833333333333333,right_ankle,0.6799294,0.6777988,0.13802484,734.3237257003784,1301.3737106323242,0.9813191
8e88552d-b240-4b3c-8b30-fc71269c054b,145,4.833333333333333,left_heel,0.540334,0.66370386,0.6958783,583.5607051849365,1274.311408996582,0.82415015
8e88552d-b240-4b3c-8b30-fc71269c054b,145,4.833333333333333,right_heel,0.6622125,0.694486,0.1577105,715.1894903182983,1333.4131622314453,0.9402411
8e88552d-b240-4b3c-8b30-fc71269c054b,145,4.833333333333333,left_foot_index,0.6238473,0.67127484,0.6934712,673.7550902366638,1288.8476943969727,0.89041686
8e88552d-b240-4b3c-8b30-fc71269c054b,145,4.833333333333333,right_foot_index,0.7393263,0.689275,0.13997701,798.4724020957947,1323.4080505371094,0.98036903
8e88552d-b240-4b3c-8b30-fc71269c054b,146,4.866666666666666,nose,0.7583237,0.39775598,-0.026746804,818.9896273612976,763.6914825439453,0.99992603
8e88552d-b240-4b3c-8b30-fc71269c054b,146,4.866666666666666,left_shoulder,0.6474944,0.4288358,0.17298278,699.2939257621765,823.3647537231445,0.999857
8e88552d-b240-4b3c-8b30-fc71269c054b,146,4.866666666666666,right_shoulder,0.70731485,0.45110783,-0.30754527,763.9000368118286,866.1270332336426,0.99997264
8e88552d-b240-4b3c-8b30-fc71269c054b,146,4.866666666666666,left_elbow,0.6380018,0.49150684,0.30877715,689.0419435501099,943.6931419372559,0.050089564
8e88552d-b240-4b3c-8b30-fc71269c054b,146,4.866666666666666,right_elbow,0.6737621,0.5222914,-0.22068475,727.663049697876,1002.7995300292969,0.9585028
8e88552d-b240-4b3c-8b30-fc71269c054b,146,4.866666666666666,left_wrist,0.70041513,0.5154084,0.29070097,756.4483451843262,989.5841217041016,0.15218194
8e88552d-b240-4b3c-8b30-fc71269c054b,146,4.866666666666666,right_wrist,0.74705136,0.5307468,0.016062086,806.8154668807983,1019.0338897705078,0.88884854
8e88552d-b240-4b3c-8b30-fc71269c054b,146,4.866666666666666,left_hip,0.5488548,0.53463185,0.16008401,592.7632141113281,1026.493148803711,0.99990624
8e88552d-b240-4b3c-8b30-fc71269c054b,146,4.866666666666666,right_hip,0.5886448,0.54171807,-0.15978222,635.7363867759705,1040.0986862182617,0.9999396
8e88552d-b240-4b3c-8b30-fc71269c054b,146,4.866666666666666,left_knee,0.6419997,0.57750314,0.41444707,693.3596992492676,1108.806037902832,0.45120513
8e88552d-b240-4b3c-8b30-fc71269c054b,146,4.866666666666666,right_knee,0.71435124,0.5879308,-0.06776037,771.4993357658386,1128.827133178711,0.9826463
8e88552d-b240-4b3c-8b30-fc71269c054b,146,4.866666666666666,left_ankle,0.57336533,0.652487,0.6634523,619.2345571517944,1252.775001525879,0.8196114
8e88552d-b240-4b3c-8b30-fc71269c054b,146,4.866666666666666,right_ankle,0.6872854,0.6779058,0.09452906,742.2682571411133,1301.5791320800781,0.98228
8e88552d-b240-4b3c-8b30-fc71269c054b,146,4.866666666666666,left_heel,0.5397417,0.66231745,0.6907953,582.9210305213928,1271.649513244629,0.8317734
8e88552d-b240-4b3c-8b30-fc71269c054b,146,4.866666666666666,right_heel,0.66835386,0.69471604,0.11157674,721.8221640586853,1333.8547897338867,0.942217
8e88552d-b240-4b3c-8b30-fc71269c054b,146,4.866666666666666,left_foot_index,0.61414176,0.6754334,0.6841153,663.2731032371521,1296.8321228027344,0.89473706
8e88552d-b240-4b3c-8b30-fc71269c054b,146,4.866666666666666,right_foot_index,0.74353164,0.68811446,0.089396775,803.0141758918762,1321.1797714233398,0.98107606
8e88552d-b240-4b3c-8b30-fc71269c054b,147,4.9,nose,0.7573851,0.39791593,-0.056255076,817.9758810997009,763.9985847473145,0.9999278
8e88552d-b240-4b3c-8b30-fc71269c054b,147,4.9,left_shoulder,0.64814,0.4292894,0.1620747,699.9912142753601,824.2356491088867,0.999852
8e88552d-b240-4b3c-8b30-fc71269c054b,147,4.9,right_shoulder,0.7052089,0.4511801,-0.30652797,761.6256093978882,866.2657928466797,0.99997103
8e88552d-b240-4b3c-8b30-fc71269c054b,147,4.9,left_elbow,0.6381548,0.4913731,0.28640738,689.2071890830994,943.436336517334,0.050799888
8e88552d-b240-4b3c-8b30-fc71269c054b,147,4.9,right_elbow,0.671288,0.5221102,-0.22565608,724.9910545349121,1002.4516296386719,0.9583161
8e88552d-b240-4b3c-8b30-fc71269c054b,147,4.9,left_wrist,0.7003255,0.5156852,0.25652888,756.3515281677246,990.1155853271484,0.15474473
8e88552d-b240-4b3c-8b30-fc71269c054b,147,4.9,right_wrist,0.7467744,0.53061754,-0.009924605,806.5163254737854,1018.7856674194336,0.88874954
8e88552d-b240-4b3c-8b30-fc71269c054b,147,4.9,left_hip,0.54930276,0.534632,0.1560897,593.2469773292542,1026.4934921264648,0.9999064
8e88552d-b240-4b3c-8b30-fc71269c054b,147,4.9,right_hip,0.58542216,0.54103595,-0.15573828,632.2559309005737,1038.7890243530273,0.9999412
8e88552d-b240-4b3c-8b30-fc71269c054b,147,4.9,left_knee,0.63905,0.578651,0.38872218,690.1740074157715,1111.0099411010742,0.48287746
8e88552d-b240-4b3c-8b30-fc71269c054b,147,4.9,right_knee,0.71275276,0.58650327,-0.07807408,769.7729802131653,1126.0862731933594,0.98387253
8e88552d-b240-4b3c-8b30-fc71269c054b,147,4.9,left_ankle,0.5726129,0.6518465,0.6319843,618.4219121932983,1251.5453338623047,0.83090574
8e88552d-b240-4b3c-8b30-fc71269c054b,147,4.9,right_ankle,0.69253284,0.67799854,0.07974825,747.9354643821716,1301.7572021484375,0.9832789
8e88552d-b240-4b3c-8b30-fc71269c054b,147,4.9,left_heel,0.5390719,0.6614487,0.656605,582.1976709365845,1269.9815368652344,0.8394857
8e88552d-b240-4b3c-8b30-fc71269c054b,147,4.9,right_heel,0.6728719,0.69480133,0.09570592,726.7016386985779,1334.0185546875,0.9443955
8e88552d-b240-4b3c-8b30-fc71269c054b,147,4.9,left_foot_index,0.61156,0.6783829,0.64962107,660.4847860336304,1302.4951171875,0.8996526
8e88552d-b240-4b3c-8b30-fc71269c054b,147,4.9,right_foot_index,0.7480832,0.6863099,0.06856826,807.9298281669617,1317.714958190918,0.9818406
8e88552d-b240-4b3c-8b30-fc71269c054b,148,4.933333333333334,nose,0.75623894,0.3980963,-0.060882054,816.7380523681641,764.3448829650879,0.9999303
8e88552d-b240-4b3c-8b30-fc71269c054b,148,4.933333333333334,left_shoulder,0.64881474,0.43054146,0.16755094,700.7199168205261,826.6395950317383,0.9998493
8e88552d-b240-4b3c-8b30-fc71269c054b,148,4.933333333333334,right_shoulder,0.7039419,0.45113593,-0.3068493,760.2572321891785,866.1809921264648,0.99997026
8e88552d-b240-4b3c-8b30-fc71269c054b,148,4.933333333333334,left_elbow,0.64353454,0.49205297,0.2874194,695.0173044204712,944.7417068481445,0.052115217
8e88552d-b240-4b3c-8b30-fc71269c054b,148,4.933333333333334,right_elbow,0.67091334,0.5219981,-0.23798285,724.5864057540894,1002.2363662719727,0.95863664
8e88552d-b240-4b3c-8b30-fc71269c054b,148,4.933333333333334,left_wrist,0.701894,0.51681453,0.24817689,758.0455040931702,992.2838973999023,0.159068
8e88552d-b240-4b3c-8b30-fc71269c054b,148,4.933333333333334,right_wrist,0.7447068,0.5312595,-0.028460229,804.2833542823792,1020.018196105957,0.8903149
8e88552d-b240-4b3c-8b30-fc71269c054b,148,4.933333333333334,left_hip,0.54995465,0.53462505,0.15664673,593.9510250091553,1026.4801025390625,0.9999095
8e88552d-b240-4b3c-8b30-fc71269c054b,148,4.933333333333334,right_hip,0.58220947,0.540801,-0.1563081,628.7862253189087,1038.3378982543945,0.9999438
8e88552d-b240-4b3c-8b30-fc71269c054b,148,4.933333333333334,left_knee,0.63917047,0.57763416,0.3948188,690.3041052818298,1109.0575790405273,0.51029295
8e88552d-b240-4b3c-8b30-fc71269c054b,148,4.933333333333334,right_knee,0.7110198,0.5847708,-0.07524195,767.9013991355896,1122.7599334716797,0.9850283
8e88552d-b240-4b3c-8b30-fc71269c054b,148,4.933333333333334,left_ankle,0.5729846,0.6500721,0.6373676,618.8233423233032,1248.138427734375,0.8411312
8e88552d-b240-4b3c-8b30-fc71269c054b,148,4.933333333333334,right_ankle,0.6964711,0.67808574,0.09287154,752.1887826919556,1301.9246292114258,0.98432463
8e88552d-b240-4b3c-8b30-fc71269c054b,148,4.933333333333334,left_heel,0.53971076,0.65943134,0.6610129,582.8876209259033,1266.108169555664,0.84686464
8e88552d-b240-4b3c-8b30-fc71269c054b,148,4.933333333333334,right_heel,0.67596394,0.69475496,0.11029532,730.0410532951355,1333.9295196533203,0.94701695
8e88552d-b240-4b3c-8b30-fc71269c054b,148,4.933333333333334,left_foot_index,0.61169684,0.6796108,0.6574243,660.632586479187,1304.8527145385742,0.9043379
8e88552d-b240-4b3c-8b30-fc71269c054b,148,4.933333333333334,right_foot_index,0.7514808,0.6853697,0.08576727,811.5992832183838,1315.909767150879,0.9827342
8e88552d-b240-4b3c-8b30-fc71269c054b,149,4.966666666666667,nose,0.75592554,0.39841446,-0.06491046,816.3995790481567,764.9557685852051,0.99993294
8e88552d-b240-4b3c-8b30-fc71269c054b,149,4.966666666666667,left_shoulder,0.6495988,0.43114382,0.16983092,701.5666794776917,827.7961349487305,0.9998503
8e88552d-b240-4b3c-8b30-fc71269c054b,149,4.966666666666667,right_shoulder,0.7028894,0.45104852,-0.31282124,759.1205334663391,866.0131645202637,0.9999701
8e88552d-b240-4b3c-8b30-fc71269c054b,149,4.966666666666667,left_elbow,0.6442408,0.49374717,0.2881232,695.7800602912903,947.9945755004883,0.053183183
8e88552d-b240-4b3c-8b30-fc71269c054b,149,4.966666666666667,right_elbow,0.6697628,0.5217563,-0.24092723,723.343813419342,1001.7720794677734,0.95845634
8e88552d-b240-4b3c-8b30-fc71269c054b,149,4.966666666666667,left_wrist,0.7031007,0.51969916,0.2401719,759.3487358093262,997.822380065918,0.16286507
8e88552d-b240-4b3c-8b30-fc71269c054b,149,4.966666666666667,right_wrist,0.74318117,0.5311975,-0.018081537,802.6356625556946,1019.8991775512695,0.89044136
8e88552d-b240-4b3c-8b30-fc71269c054b,149,4.966666666666667,left_hip,0.5500669,0.53464025,0.15740685,594.0722393989563,1026.5092849731445,0.99991363
8e88552d-b240-4b3c-8b30-fc71269c054b,149,4.966666666666667,right_hip,0.5812945,0.5407574,-0.1570873,627.7980351448059,1038.2542419433594,0.9999466
8e88552d-b240-4b3c-8b30-fc71269c054b,149,4.966666666666667,left_knee,0.63925666,0.5774669,0.3999432,690.3971886634827,1108.736457824707,0.5342438
8e88552d-b240-4b3c-8b30-fc71269c054b,149,4.966666666666667,right_knee,0.7097105,0.5851152,-0.06989042,766.4873170852661,1123.4211730957031,0.98599774
8e88552d-b240-4b3c-8b30-fc71269c054b,149,4.966666666666667,left_ankle,0.5731663,0.6491355,0.6383233,619.019615650177,1246.340103149414,0.8501947
8e88552d-b240-4b3c-8b30-fc71269c054b,149,4.966666666666667,right_ankle,0.7000987,0.6779974,0.09414479,756.1065888404846,1301.755027770996,0.98516405
8e88552d-b240-4b3c-8b30-fc71269c054b,149,4.966666666666667,left_heel,0.54025126,0.65796757,0.6644133,583.4713554382324,1263.2977294921875,0.8536826
8e88552d-b240-4b3c-8b30-fc71269c054b,149,4.966666666666667,right_heel,0.6823407,0.69448924,0.11358663,736.9279360771179,1333.4193420410156,0.94912046
8e88552d-b240-4b3c-8b30-fc71269c054b,149,4.966666666666667,left_foot_index,0.61232436,0.6803125,0.66062635,661.310305595398,1306.2000274658203,0.908439
8e88552d-b240-4b3c-8b30-fc71269c054b,149,4.966666666666667,right_foot_index,0.7564271,0.68259937,0.09940285,816.9412779808044,1310.5907821655273,0.9834266
8e88552d-b240-4b3c-8b30-fc71269c054b,150,5.0,nose,0.7554701,0.39903978,-0.066971235,815.9077048301697,766.1563682556152,0.99993545
8e88552d-b240-4b3c-8b30-fc71269c054b,150,5.0,left_shoulder,0.6495844,0.43209097,0.17250772,701.5511655807495,829.6146583557129,0.99985224
8e88552d-b240-4b3c-8b30-fc71269c054b,150,5.0,right_shoulder,0.70256704,0.45099372,-0.31935212,758.7724041938782,865.9079360961914,0.9999704
8e88552d-b240-4b3c-8b30-fc71269c054b,150,5.0,left_elbow,0.6442616,0.49513367,0.2912832,695.802526473999,950.6566429138184,0.05395428
8e88552d-b240-4b3c-8b30-fc71269c054b,150,5.0,right_elbow,0.6695854,0.52175564,-0.25233153,723.1522393226624,1001.7708206176758,0.9579892
8e88552d-b240-4b3c-8b30-fc71269c054b,150,5.0,left_wrist,0.7028915,0.52155274,0.24218684,759.122850894928,1001.3812637329102,0.16730896
8e88552d-b240-4b3c-8b30-fc71269c054b,150,5.0,right_wrist,0.74166745,0.53256315,-0.03281553,801.0008454322815,1022.5212478637695,0.8905763
8e88552d-b240-4b3c-8b30-fc71269c054b,150,5.0,left_hip,0.5501075,0.5348052,0.15781988,594.1160774230957,1026.825942993164,0.99991816
8e88552d-b240-4b3c-8b30-fc71269c054b,150,5.0,right_hip,0.5805325,0.540876,-0.15748462,626.9750905036926,1038.4818649291992,0.9999498
8e88552d-b240-4b3c-8b30-fc71269c054b,150,5.0,left_knee,0.63867307,0.57566285,0.41803598,689.7669124603271,1105.2726745605469,0.5550212
8e88552d-b240-4b3c-8b30-fc71269c054b,150,5.0,right_knee,0.7089604,0.58455044,-0.06522665,765.6772470474243,1122.3368453979492,0.9868485
8e88552d-b240-4b3c-8b30-fc71269c054b,150,5.0,left_ankle,0.57330376,0.6478488,0.68000096,619.1680598258972,1243.8696670532227,0.8579614
8e88552d-b240-4b3c-8b30-fc71269c054b,150,5.0,right_ankle,0.704573,0.67753226,0.11001664,760.9388136863708,1300.861930847168,0.98596406
8e88552d-b240-4b3c-8b30-fc71269c054b,150,5.0,left_heel,0.5407406,0.656464,0.7060518,583.9998579025269,1260.4108428955078,0.8596743
8e88552d-b240-4b3c-8b30-fc71269c054b,150,5.0,right_heel,0.6872396,0.6944274,0.12973702,742.2187542915344,1333.300552368164,0.9512593
8e88552d-b240-4b3c-8b30-fc71269c054b,150,5.0,left_foot_index,0.6116401,0.6805022,0.7009366,660.5713033676147,1306.5641784667969,0.9118695
8e88552d-b240-4b3c-8b30-fc71269c054b,150,5.0,right_foot_index,0.761528,0.6813237,0.10159538,822.4502563476562,1308.1415176391602,0.9841157
8e88552d-b240-4b3c-8b30-fc71269c054b,151,5.033333333333333,nose,0.75491923,0.3993722,-0.061205674,815.3127694129944,766.794605255127,0.9999392
8e88552d-b240-4b3c-8b30-fc71269c054b,151,5.033333333333333,left_shoulder,0.6496618,0.43257886,0.1702348,701.6347217559814,830.5514144897461,0.99985623
8e88552d-b240-4b3c-8b30-fc71269c054b,151,5.033333333333333,right_shoulder,0.7019816,0.4510199,-0.31685808,758.1401324272156,865.9582328796387,0.99997115
8e88552d-b240-4b3c-8b30-fc71269c054b,151,5.033333333333333,left_elbow,0.64401317,0.49526173,0.29092765,695.5342197418213,950.9025192260742,0.055305053
8e88552d-b240-4b3c-8b30-fc71269c054b,151,5.033333333333333,right_elbow,0.6689894,0.5216042,-0.24702138,722.5085735321045,1001.4800262451172,0.9584044
8e88552d-b240-4b3c-8b30-fc71269c054b,151,5.033333333333333,left_wrist,0.7031845,0.5219849,0.24456015,759.4392442703247,1002.2109603881836,0.17274758
8e88552d-b240-4b3c-8b30-fc71269c054b,151,5.033333333333333,right_wrist,0.74039567,0.5332844,-0.02523802,799.6273183822632,1023.9060974121094,0.892365
8e88552d-b240-4b3c-8b30-fc71269c054b,151,5.033333333333333,left_hip,0.55010617,0.53480923,0.15700118,594.1146612167358,1026.833724975586,0.99992275
8e88552d-b240-4b3c-8b30-fc71269c054b,151,5.033333333333333,right_hip,0.58028233,0.54095525,-0.15668008,626.7049169540405,1038.6340713500977,0.9999529
8e88552d-b240-4b3c-8b30-fc71269c054b,151,5.033333333333333,left_knee,0.6357985,0.57557225,0.41813642,686.6623950004578,1105.0987243652344,0.5793179
8e88552d-b240-4b3c-8b30-fc71269c054b,151,5.033333333333333,right_knee,0.7089543,0.5843852,-0.054063898,765.6706166267395,1122.0196151733398,0.9876639
8e88552d-b240-4b3c-8b30-fc71269c054b,151,5.033333333333333,left_ankle,0.5734727,0.64664996,0.68719167,619.3504929542542,1241.5679168701172,0.8664418
8e88552d-b240-4b3c-8b30-fc71269c054b,151,5.033333333333333,right_ankle,0.7099897,0.67700845,0.14097954,766.7889046669006,1299.8562240600586,0.98667777
8e88552d-b240-4b3c-8b30-fc71269c054b,151,5.033333333333333,left_heel,0.5411466,0.6551622,0.71387225,584.4383025169373,1257.9114532470703,0.8665625
8e88552d-b240-4b3c-8b30-fc71269c054b,151,5.033333333333333,right_heel,0.6941839,0.6929872,0.16153897,749.7185969352722,1330.5354309082031,0.95308477
8e88552d-b240-4b3c-8b30-fc71269c054b,151,5.033333333333333,left_foot_index,0.61101586,0.679998,0.710132,659.8971247673035,1305.5961227416992,0.9158608
8e88552d-b240-4b3c-8b30-fc71269c054b,151,5.033333333333333,right_foot_index,0.7691897,0.6787476,0.13867846,830.724892616272,1303.1953811645508,0.9847182
8e88552d-b240-4b3c-8b30-fc71269c054b,152,5.066666666666666,nose,0.75439286,0.4000521,-0.060013875,814.744291305542,768.1000328063965,0.99994284
8e88552d-b240-4b3c-8b30-fc71269c054b,152,5.066666666666666,left_shoulder,0.6496536,0.43262947,0.16438481,701.6259026527405,830.6485748291016,0.9998594
8e88552d-b240-4b3c-8b30-fc71269c054b,152,5.066666666666666,right_shoulder,0.7015986,0.45115334,-0.31530806,757.7264714241028,866.2144088745117,0.9999719
8e88552d-b240-4b3c-8b30-fc71269c054b,152,5.066666666666666,left_elbow,0.64381677,0.4951772,0.29017425,695.3221106529236,950.7402420043945,0.056444034
8e88552d-b240-4b3c-8b30-fc71269c054b,152,5.066666666666666,right_elbow,0.66852313,0.52159464,-0.24341713,722.0049834251404,1001.4617156982422,0.9589925
8e88552d-b240-4b3c-8b30-fc71269c054b,152,5.066666666666666,left_wrist,0.7039854,0.5215342,0.25248936,760.3042244911194,1001.3456726074219,0.17786427
8e88552d-b240-4b3c-8b30-fc71269c054b,152,5.066666666666666,right_wrist,0.73988795,0.53333026,-0.022216013,799.0789890289307,1023.9941024780273,0.89445096
8e88552d-b240-4b3c-8b30-fc71269c054b,152,5.066666666666666,left_hip,0.5496842,0.53482884,0.15453188,593.6589646339417,1026.8713760375977,0.9999262
8e88552d-b240-4b3c-8b30-fc71269c054b,152,5.066666666666666,right_hip,0.5805794,0.54101074,-0.15421323,627.0257520675659,1038.7406158447266,0.9999553
8e88552d-b240-4b3c-8b30-fc71269c054b,152,5.066666666666666,left_knee,0.63033015,0.57592046,0.41299576,680.7565569877625,1105.7672882080078,0.6031753
8e88552d-b240-4b3c-8b30-fc71269c054b,152,5.066666666666666,right_knee,0.70894825,0.5848074,-0.03380821,765.6641149520874,1122.8302001953125,0.9884184
8e88552d-b240-4b3c-8b30-fc71269c054b,152,5.066666666666666,left_ankle,0.5734639,0.64608914,0.67977184,619.3410301208496,1240.4911422729492,0.87427187
8e88552d-b240-4b3c-8b30-fc71269c054b,152,5.066666666666666,right_ankle,0.7143451,0.67675287,0.16375785,771.4927053451538,1299.3655014038086,0.98727745
8e88552d-b240-4b3c-8b30-fc71269c054b,152,5.066666666666666,left_heel,0.5414161,0.65470475,0.7058197,584.7293972969055,1257.0331192016602,0.87291896
8e88552d-b240-4b3c-8b30-fc71269c054b,152,5.066666666666666,right_heel,0.69948894,0.69250274,0.18397108,755.4480528831482,1329.6052551269531,0.95451933
8e88552d-b240-4b3c-8b30-fc71269c054b,152,5.066666666666666,left_foot_index,0.61139655,0.6787874,0.7023843,660.3082752227783,1303.271827697754,0.9194248
8e88552d-b240-4b3c-8b30-fc71269c054b,152,5.066666666666666,right_foot_index,0.77531374,0.6770925,0.1636398,837.3388338088989,1300.0175857543945,0.9851633
8e88552d-b240-4b3c-8b30-fc71269c054b,153,5.1,nose,0.75358206,0.40079445,-0.058907896,813.868625164032,769.5253372192383,0.9999458
8e88552d-b240-4b3c-8b30-fc71269c054b,153,5.1,left_shoulder,0.64942795,0.43291795,0.16236196,701.3821864128113,831.2024688720703,0.99986243
8e88552d-b240-4b3c-8b30-fc71269c054b,153,5.1,right_shoulder,0.70139587,0.4511555,-0.314634,757.5075387954712,866.2185859680176,0.99997234
8e88552d-b240-4b3c-8b30-fc71269c054b,153,5.1,left_elbow,0.6437841,0.49557287,0.29433578,695.2868342399597,951.4999008178711,0.058301326
8e88552d-b240-4b3c-8b30-fc71269c054b,153,5.1,right_elbow,0.6686483,0.5215942,-0.24067688,722.140166759491,1001.4609146118164,0.9597252
8e88552d-b240-4b3c-8b30-fc71269c054b,153,5.1,left_wrist,0.7066385,0.5215013,0.25949806,763.169596195221,1001.2825012207031,0.1863901
8e88552d-b240-4b3c-8b30-fc71269c054b,153,5.1,right_wrist,0.7398717,0.53322417,-0.017915655,799.0614151954651,1023.790397644043,0.8974394
8e88552d-b240-4b3c-8b30-fc71269c054b,153,5.1,left_hip,0.5489407,0.53488314,0.15264522,592.8559756278992,1026.9756317138672,0.99993056
8e88552d-b240-4b3c-8b30-fc71269c054b,153,5.1,right_hip,0.580205,0.5410555,-0.15234552,626.621425151825,1038.826560974121,0.99995756
8e88552d-b240-4b3c-8b30-fc71269c054b,153,5.1,left_knee,0.6299008,0.5760227,0.40270156,680.2928781509399,1105.9635543823242,0.6251505
8e88552d-b240-4b3c-8b30-fc71269c054b,153,5.1,right_knee,0.70895565,0.5849459,-0.011612161,765.6720972061157,1123.0961608886719,0.988966
8e88552d-b240-4b3c-8b30-fc71269c054b,153,5.1,left_ankle,0.5742289,0.6443503,0.67480385,620.1671934127808,1237.1525573730469,0.8815173
8e88552d-b240-4b3c-8b30-fc71269c054b,153,5.1,right_ankle,0.722497,0.67423517,0.21084526,780.296745300293,1294.5315170288086,0.9877089
8e88552d-b240-4b3c-8b30-fc71269c054b,153,5.1,left_heel,0.5422952,0.6531455,0.70407724,585.6788349151611,1254.0393447875977,0.8791632
8e88552d-b240-4b3c-8b30-fc71269c054b,153,5.1,right_heel,0.7060793,0.6893609,0.2342844,762.5656485557556,1323.5729598999023,0.9557471
8e88552d-b240-4b3c-8b30-fc71269c054b,153,5.1,left_foot_index,0.61207587,0.67713916,0.69289386,661.0419344902039,1300.107192993164,0.9227211
8e88552d-b240-4b3c-8b30-fc71269c054b,153,5.1,right_foot_index,0.78041875,0.6732559,0.21978222,842.8522539138794,1292.6513671875,0.98543686
8e88552d-b240-4b3c-8b30-fc71269c054b,154,5.133333333333334,nose,0.75313187,0.40118352,-0.050407354,813.3824157714844,770.2723503112793,0.99994856
8e88552d-b240-4b3c-8b30-fc71269c054b,154,5.133333333333334,left_shoulder,0.64951074,0.43344525,0.15884912,701.4716005325317,832.2148704528809,0.9998641
8e88552d-b240-4b3c-8b30-fc71269c054b,154,5.133333333333334,right_shoulder,0.7012197,0.45138052,-0.31120244,757.3172521591187,866.6506004333496,0.9999726
8e88552d-b240-4b3c-8b30-fc71269c054b,154,5.133333333333334,left_elbow,0.64357597,0.4955963,0.2914128,695.0620436668396,951.5448760986328,0.05945231
8e88552d-b240-4b3c-8b30-fc71269c054b,154,5.133333333333334,right_elbow,0.6679677,0.52157146,-0.23919486,721.4050912857056,1001.4171981811523,0.9598801
8e88552d-b240-4b3c-8b30-fc71269c054b,154,5.133333333333334,left_wrist,0.70675087,0.5213994,0.25626305,763.2909393310547,1001.0868072509766,0.19220565
8e88552d-b240-4b3c-8b30-fc71269c054b,154,5.133333333333334,right_wrist,0.73910135,0.53314847,-0.014152511,798.2294583320618,1023.6450576782227,0.89935464
8e88552d-b240-4b3c-8b30-fc71269c054b,154,5.133333333333334,left_hip,0.5488131,0.53487295,0.15154955,592.7181529998779,1026.9560623168945,0.99993414
8e88552d-b240-4b3c-8b30-fc71269c054b,154,5.133333333333334,right_hip,0.5801444,0.5410671,-0.15125598,626.5559577941895,1038.848876953125,0.9999598
8e88552d-b240-4b3c-8b30-fc71269c054b,154,5.133333333333334,left_knee,0.63060534,0.5740932,0.40586588,681.0537672042847,1102.2589874267578,0.6448197
8e88552d-b240-4b3c-8b30-fc71269c054b,154,5.133333333333334,right_knee,0.7084242,0.5848768,-0.015458128,765.098147392273,1122.9634094238281,0.98947173
8e88552d-b240-4b3c-8b30-fc71269c054b,154,5.133333333333334,left_ankle,0.5758992,0.64081764,0.67591715,621.9711184501648,1230.369873046875,0.88810843
8e88552d-b240-4b3c-8b30-fc71269c054b,154,5.133333333333334,right_ankle,0.7276019,0.6730507,0.19358483,785.8100366592407,1292.2573471069336,0.98818284
8e88552d-b240-4b3c-8b30-fc71269c054b,154,5.133333333333334,left_heel,0.5438867,0.65049714,0.7037087,587.3976588249207,1248.9545059204102,0.8846992
8e88552d-b240-4b3c-8b30-fc71269c054b,154,5.133333333333334,right_heel,0.7127841,0.68856496,0.21568891,769.8068404197693,1322.0447158813477,0.9571042
8e88552d-b240-4b3c-8b30-fc71269c054b,154,5.133333333333334,left_foot_index,0.61253846,0.6740276,0.6962994,661.5415334701538,1294.1330337524414,0.9256326
8e88552d-b240-4b3c-8b30-fc71269c054b,154,5.133333333333334,right_foot_index,0.78711116,0.6725996,0.19808072,850.0800561904907,1291.391258239746,0.98577195
8e88552d-b240-4b3c-8b30-fc71269c054b,155,5.166666666666667,nose,0.7526229,0.40172657,-0.05386402,812.8327345848083,771.3150215148926,0.9999502
8e88552d-b240-4b3c-8b30-fc71269c054b,155,5.166666666666667,left_shoulder,0.64989483,0.4345151,0.16108231,701.886420249939,834.268970489502,0.9998622
8e88552d-b240-4b3c-8b30-fc71269c054b,155,5.166666666666667,right_shoulder,0.70113444,0.45196506,-0.3116093,757.2251987457275,867.7729225158691,0.9999721
8e88552d-b240-4b3c-8b30-fc71269c054b,155,5.166666666666667,left_elbow,0.6437448,0.4957434,0.29158905,695.2444124221802,951.8273162841797,0.06061883
8e88552d-b240-4b3c-8b30-fc71269c054b,155,5.166666666666667,right_elbow,0.66779566,0.5217941,-0.24788322,721.219310760498,1001.8446350097656,0.96055883
8e88552d-b240-4b3c-8b30-fc71269c054b,155,5.166666666666667,left_wrist,0.70653,0.5212419,0.261816,763.0523729324341,1000.7844543457031,0.1977312
8e88552d-b240-4b3c-8b30-fc71269c054b,155,5.166666666666667,right_wrist,0.7383258,0.5336135,-0.043272685,797.391836643219,1024.5379257202148,0.9019047
8e88552d-b240-4b3c-8b30-fc71269c054b,155,5.166666666666667,left_hip,0.54888624,0.5348879,0.1521816,592.7971386909485,1026.9847869873047,0.99993587
8e88552d-b240-4b3c-8b30-fc71269c054b,155,5.166666666666667,right_hip,0.5800151,0.5410923,-0.15188964,626.4163327217102,1038.8971710205078,0.9999603
8e88552d-b240-4b3c-8b30-fc71269c054b,155,5.166666666666667,left_knee,0.6315604,0.57371116,0.39224324,682.0852160453796,1101.5254211425781,0.662327
8e88552d-b240-4b3c-8b30-fc71269c054b,155,5.166666666666667,right_knee,0.7078779,0.58461547,-0.016537061,764.5081043243408,1122.4617004394531,0.9899173
8e88552d-b240-4b3c-8b30-fc71269c054b,155,5.166666666666667,left_ankle,0.5779403,0.6395121,0.6516712,624.1755080223083,1227.8632736206055,0.8939361
8e88552d-b240-4b3c-8b30-fc71269c054b,155,5.166666666666667,right_ankle,0.73192734,0.6726246,0.20149252,790.4815220832825,1291.439208984375,0.9885958
8e88552d-b240-4b3c-8b30-fc71269c054b,155,5.166666666666667,left_heel,0.5458404,0.64953154,0.6779131,589.5076131820679,1247.1005630493164,0.8896392
8e88552d-b240-4b3c-8b30-fc71269c054b,155,5.166666666666667,right_heel,0.7198793,0.688614,0.224466,777.4696755409241,1322.138900756836,0.95832276
8e88552d-b240-4b3c-8b30-fc71269c054b,155,5.166666666666667,left_foot_index,0.6161551,0.67446,0.6689673,665.4474949836731,1294.9631881713867,0.9281842
8e88552d-b240-4b3c-8b30-fc71269c054b,155,5.166666666666667,right_foot_index,0.79063517,0.66878706,0.20517859,853.8859820365906,1284.071159362793,0.98602694
8e88552d-b240-4b3c-8b30-fc71269c054b,156,5.2,nose,0.75178134,0.40262917,-0.045653556,811.9238519668579,773.0480003356934,0.99995154
8e88552d-b240-4b3c-8b30-fc71269c054b,156,5.2,left_shoulder,0.64975506,0.43478966,0.16200821,701.7354655265808,834.796142578125,0.99985975
8e88552d-b240-4b3c-8b30-fc71269c054b,156,5.2,right_shoulder,0.7011717,0.45221767,-0.309491,757.2654318809509,868.2579231262207,0.99997187
8e88552d-b240-4b3c-8b30-fc71269c054b,156,5.2,left_elbow,0.64315265,0.49571058,0.29372054,694.6048665046692,951.7643165588379,0.060559794
8e88552d-b240-4b3c-8b30-fc71269c054b,156,5.2,right_elbow,0.6674071,0.52178586,-0.24494483,720.799663066864,1001.8288421630859,0.96137285
8e88552d-b240-4b3c-8b30-fc71269c054b,156,5.2,left_wrist,0.7047274,0.5212136,0.26431507,761.1056041717529,1000.730094909668,0.1993662
8e88552d-b240-4b3c-8b30-fc71269c054b,156,5.2,right_wrist,0.73843855,0.53359985,-0.03461299,797.5136303901672,1024.51171875,0.90379465
8e88552d-b240-4b3c-8b30-fc71269c054b,156,5.2,left_hip,0.5488879,0.53490806,0.15260448,592.7989411354065,1027.0234680175781,0.99993736
8e88552d-b240-4b3c-8b30-fc71269c054b,156,5.2,right_hip,0.58013546,0.54108995,-0.15231293,626.5463018417358,1038.892707824707,0.99996114
8e88552d-b240-4b3c-8b30-fc71269c054b,156,5.2,left_knee,0.631001,0.57417375,0.39322963,681.4810752868652,1102.4135971069336,0.6803532
8e88552d-b240-4b3c-8b30-fc71269c054b,156,5.2,right_knee,0.7077784,0.5847452,-0.01992054,764.4006657600403,1122.710838317871,0.990434
8e88552d-b240-4b3c-8b30-fc71269c054b,156,5.2,left_ankle,0.57846797,0.63929236,0.6513117,624.7454023361206,1227.4413299560547,0.90029067
8e88552d-b240-4b3c-8b30-fc71269c054b,156,5.2,right_ankle,0.73666096,0.67256504,0.18529394,795.5938339233398,1291.3248825073242,0.9891229
8e88552d-b240-4b3c-8b30-fc71269c054b,156,5.2,left_heel,0.5462671,0.6491767,0.6771797,589.9684596061707,1246.4192962646484,0.8952566
8e88552d-b240-4b3c-8b30-fc71269c054b,156,5.2,right_heel,0.724384,0.6887157,0.20681365,782.3347306251526,1322.3341369628906,0.9598924
8e88552d-b240-4b3c-8b30-fc71269c054b,156,5.2,left_foot_index,0.6165134,0.6747759,0.6676565,665.8344411849976,1295.569725036621,0.93126327
8e88552d-b240-4b3c-8b30-fc71269c054b,156,5.2,right_foot_index,0.7959448,0.6671746,0.18974817,859.6203947067261,1280.9751892089844,0.98644733
8e88552d-b240-4b3c-8b30-fc71269c054b,157,5.233333333333333,nose,0.75093806,0.40399083,-0.028555643,811.0131025314331,775.6624031066895,0.99995184
8e88552d-b240-4b3c-8b30-fc71269c054b,157,5.233333333333333,left_shoulder,0.64919335,0.43478706,0.16101567,701.1288142204285,834.7911643981934,0.9998549
8e88552d-b240-4b3c-8b30-fc71269c054b,157,5.233333333333333,right_shoulder,0.70112085,0.45282286,-0.30282074,757.210521697998,869.4198989868164,0.9999712
8e88552d-b240-4b3c-8b30-fc71269c054b,157,5.233333333333333,left_elbow,0.64256936,0.495248,0.3015466,693.9749121665955,950.8761405944824,0.06062921
8e88552d-b240-4b3c-8b30-fc71269c054b,157,5.233333333333333,right_elbow,0.66742086,0.5217956,-0.24049276,720.8145332336426,1001.8474960327148,0.9622153
8e88552d-b240-4b3c-8b30-fc71269c054b,157,5.233333333333333,left_wrist,0.70465684,0.520336,0.28656104,761.0293865203857,999.0450668334961,0.20122358
8e88552d-b240-4b3c-8b30-fc71269c054b,157,5.233333333333333,right_wrist,0.73852044,0.5335356,-0.028930912,797.6020789146423,1024.3883514404297,0.90593064
8e88552d-b240-4b3c-8b30-fc71269c054b,157,5.233333333333333,left_hip,0.54888886,0.53490424,0.1523077,592.7999711036682,1027.0161437988281,0.99993765
8e88552d-b240-4b3c-8b30-fc71269c054b,157,5.233333333333333,right_hip,0.58022493,0.5410147,-0.15200847,626.6429257392883,1038.7481689453125,0.9999612
8e88552d-b240-4b3c-8b30-fc71269c054b,157,5.233333333333333,left_knee,0.6287688,0.574513,0.3857663,679.0703058242798,1103.0649948120117,0.6975809
8e88552d-b240-4b3c-8b30-fc71269c054b,157,5.233333333333333,right_knee,0.7077874,0.5847931,-0.015806552,764.4103860855103,1122.802734375,0.99077815
8e88552d-b240-4b3c-8b30-fc71269c054b,157,5.233333333333333,left_ankle,0.57901156,0.6391769,0.64119256,625.3324842453003,1227.2196578979492,0.90602213
8e88552d-b240-4b3c-8b30-fc71269c054b,157,5.233333333333333,right_ankle,0.7434446,0.67172414,0.18366757,802.9201912879944,1289.710350036621,0.9895162
8e88552d-b240-4b3c-8b30-fc71269c054b,157,5.233333333333333,left_heel,0.54650563,0.6487027,0.6665758,590.226080417633,1245.509147644043,0.90021217
8e88552d-b240-4b3c-8b30-fc71269c054b,157,5.233333333333333,right_heel,0.7284802,0.68877614,0.20420723,786.7586374282837,1322.450180053711,0.9610351
8e88552d-b240-4b3c-8b30-fc71269c054b,157,5.233333333333333,left_foot_index,0.61715835,0.67491275,0.6538869,666.5310215950012,1295.8324813842773,0.93374944
8e88552d-b240-4b3c-8b30-fc71269c054b,157,5.233333333333333,right_foot_index,0.80137473,0.66802114,0.18192026,865.4847121238708,1282.6005935668945,0.9866768
8e88552d-b240-4b3c-8b30-fc71269c054b,158,5.266666666666667,nose,0.7495375,0.40527305,-0.02504532,809.5005297660828,778.1242561340332,0.99995345
8e88552d-b240-4b3c-8b30-fc71269c054b,158,5.266666666666667,left_shoulder,0.64886975,0.4351786,0.15754963,700.779333114624,835.5429267883301,0.9998531
8e88552d-b240-4b3c-8b30-fc71269c054b,158,5.266666666666667,right_shoulder,0.70116234,0.45378655,-0.29944625,757.2553253173828,871.2701797485352,0.9999716
8e88552d-b240-4b3c-8b30-fc71269c054b,158,5.266666666666667,left_elbow,0.6418978,0.49522683,0.30092794,693.2496213912964,950.8355140686035,0.06091945
8e88552d-b240-4b3c-8b30-fc71269c054b,158,5.266666666666667,right_elbow,0.6674295,0.5218706,-0.23514156,720.8238673210144,1001.9915771484375,0.9630187
8e88552d-b240-4b3c-8b30-fc71269c054b,158,5.266666666666667,left_wrist,0.70555323,0.52030456,0.284473,761.997492313385,998.9847564697266,0.2042792
8e88552d-b240-4b3c-8b30-fc71269c054b,158,5.266666666666667,right_wrist,0.73817426,0.53365207,-0.02624291,797.2282004356384,1024.6119689941406,0.90799016
8e88552d-b240-4b3c-8b30-fc71269c054b,158,5.266666666666667,left_hip,0.5486738,0.5349053,0.15093713,592.5677132606506,1027.0182037353516,0.9999388
8e88552d-b240-4b3c-8b30-fc71269c054b,158,5.266666666666667,right_hip,0.5803267,0.54107654,-0.15061994,626.7528104782104,1038.866958618164,0.99996233
8e88552d-b240-4b3c-8b30-fc71269c054b,158,5.266666666666667,left_knee,0.6261061,0.57483196,0.39019498,676.1945700645447,1103.6773681640625,0.71466994
8e88552d-b240-4b3c-8b30-fc71269c054b,158,5.266666666666667,right_knee,0.70773906,0.58497345,-0.009535618,764.3581795692444,1123.1490325927734,0.9912163
8e88552d-b240-4b3c-8b30-fc71269c054b,158,5.266666666666667,left_ankle,0.5795936,0.63856655,0.6553948,625.9610867500305,1226.0477828979492,0.9114498
8e88552d-b240-4b3c-8b30-fc71269c054b,158,5.266666666666667,right_ankle,0.7480603,0.67098516,0.1801947,807.9051089286804,1288.2915115356445,0.9899274
8e88552d-b240-4b3c-8b30-fc71269c054b,158,5.266666666666667,left_heel,0.5476823,0.6483228,0.68248945,591.4968681335449,1244.7798156738281,0.9048908
8e88552d-b240-4b3c-8b30-fc71269c054b,158,5.266666666666667,right_heel,0.7362021,0.68782645,0.20020376,795.0982904434204,1320.6267929077148,0.96223265
8e88552d-b240-4b3c-8b30-fc71269c054b,158,5.266666666666667,left_foot_index,0.61843,0.6736823,0.6722816,667.9044198989868,1293.4699630737305,0.9361638
8e88552d-b240-4b3c-8b30-fc71269c054b,158,5.266666666666667,right_foot_index,0.80714554,0.66383445,0.17909323,871.7171788215637,1274.5621490478516,0.98696196
8e88552d-b240-4b3c-8b30-fc71269c054b,159,5.3,nose,0.74892366,0.4060602,-0.028434275,808.8375520706177,779.6355628967285,0.999955
8e88552d-b240-4b3c-8b30-fc71269c054b,159,5.3,left_shoulder,0.64897114,0.43548706,0.15428121,700.888831615448,836.1351585388184,0.9998525
8e88552d-b240-4b3c-8b30-fc71269c054b,159,5.3,right_shoulder,0.70086986,0.45563447,-0.30008233,756.939446926117,874.8181915283203,0.9999719
8e88552d-b240-4b3c-8b30-fc71269c054b,159,5.3,left_elbow,0.64045835,0.4949836,0.29947987,691.6950130462646,950.368537902832,0.06097649
8e88552d-b240-4b3c-8b30-fc71269c054b,159,5.3,right_elbow,0.6671364,0.52223325,-0.23473398,720.5072808265686,1002.6878356933594,0.9639655
8e88552d-b240-4b3c-8b30-fc71269c054b,159,5.3,left_wrist,0.70152086,0.52031916,0.2832051,757.6425290107727,999.0127944946289,0.20286097
8e88552d-b240-4b3c-8b30-fc71269c054b,159,5.3,right_wrist,0.7377199,0.5340464,-0.023516266,796.7374849319458,1025.3691101074219,0.90968376
8e88552d-b240-4b3c-8b30-fc71269c054b,159,5.3,left_hip,0.5487107,0.5348786,0.15094075,592.6075601577759,1026.9669342041016,0.9999402
8e88552d-b240-4b3c-8b30-fc71269c054b,159,5.3,right_hip,0.5803979,0.54123634,-0.15061893,626.8297362327576,1039.1737747192383,0.9999634
8e88552d-b240-4b3c-8b30-fc71269c054b,159,5.3,left_knee,0.6268102,0.5746653,0.392777,676.9550085067749,1103.3573913574219,0.72955173
8e88552d-b240-4b3c-8b30-fc71269c054b,159,5.3,right_knee,0.7075495,0.5852953,-0.0037959332,764.1534733772278,1123.7670135498047,0.9915304
8e88552d-b240-4b3c-8b30-fc71269c054b,159,5.3,left_ankle,0.5803705,0.63786954,0.66186345,626.8001246452332,1224.7095108032227,0.91617733
8e88552d-b240-4b3c-8b30-fc71269c054b,159,5.3,right_ankle,0.7525703,0.66839325,0.19074446,812.7758932113647,1283.3150482177734,0.99021757
8e88552d-b240-4b3c-8b30-fc71269c054b,159,5.3,left_heel,0.5489036,0.6473566,0.68921995,592.8158712387085,1242.9247283935547,0.9089496
8e88552d-b240-4b3c-8b30-fc71269c054b,159,5.3,right_heel,0.73931086,0.6870387,0.21074028,798.4557294845581,1319.1143417358398,0.9630839
8e88552d-b240-4b3c-8b30-fc71269c054b,159,5.3,left_foot_index,0.6208359,0.6718182,0.67916054,670.5027723312378,1289.8909378051758,0.93838245
8e88552d-b240-4b3c-8b30-fc71269c054b,159,5.3,right_foot_index,0.80869496,0.66167945,0.18438482,873.3905553817749,1270.4245376586914,0.98717123
8e88552d-b240-4b3c-8b30-fc71269c054b,160,5.333333333333333,nose,0.7476734,0.40698722,-0.03225465,807.4872636795044,781.4154624938965,0.9999552
8e88552d-b240-4b3c-8b30-fc71269c054b,160,5.333333333333333,left_shoulder,0.64907384,0.43588924,0.1552489,700.9997463226318,836.9073486328125,0.99984497
8e88552d-b240-4b3c-8b30-fc71269c054b,160,5.333333333333333,right_shoulder,0.7006003,0.4570004,-0.29913843,756.6483521461487,877.4407768249512,0.9999714
8e88552d-b240-4b3c-8b30-fc71269c054b,160,5.333333333333333,left_elbow,0.64014053,0.49472654,0.29913694,691.3517761230469,949.8749542236328,0.06119694
8e88552d-b240-4b3c-8b30-fc71269c054b,160,5.333333333333333,right_elbow,0.66697,0.5226981,-0.23511569,720.327615737915,1003.5803604125977,0.9651319
8e88552d-b240-4b3c-8b30-fc71269c054b,160,5.333333333333333,left_wrist,0.70072997,0.520395,0.28234762,756.7883634567261,999.1583633422852,0.20279859
8e88552d-b240-4b3c-8b30-fc71269c054b,160,5.333333333333333,right_wrist,0.73726386,0.53534865,-0.027938358,796.2449669837952,1027.8694152832031,0.91208553
8e88552d-b240-4b3c-8b30-fc71269c054b,160,5.333333333333333,left_hip,0.5493202,0.5348641,0.15066032,593.2658386230469,1026.9391250610352,0.9999386
8e88552d-b240-4b3c-8b30-fc71269c054b,160,5.333333333333333,right_hip,0.580109,0.54149014,-0.15032533,626.5177202224731,1039.6610641479492,0.99996287
8e88552d-b240-4b3c-8b30-fc71269c054b,160,5.333333333333333,left_knee,0.6293168,0.57409924,0.38156888,679.6621513366699,1102.2705459594727,0.74400014
8e88552d-b240-4b3c-8b30-fc71269c054b,160,5.333333333333333,right_knee,0.7069213,0.58536756,-0.0075411294,763.4749817848206,1123.9057159423828,0.99183106
8e88552d-b240-4b3c-8b30-fc71269c054b,160,5.333333333333333,left_ankle,0.58200437,0.6372446,0.6363377,628.5647177696228,1223.5095977783203,0.9202641
8e88552d-b240-4b3c-8b30-fc71269c054b,160,5.333333333333333,right_ankle,0.7540765,0.667806,0.17967558,814.4025993347168,1282.1875762939453,0.99049824
8e88552d-b240-4b3c-8b30-fc71269c054b,160,5.333333333333333,left_heel,0.5503515,0.6466952,0.661918,594.379620552063,1241.6547775268555,0.9121457
8e88552d-b240-4b3c-8b30-fc71269c054b,160,5.333333333333333,right_heel,0.7412809,0.68706053,0.19787109,800.5833864212036,1319.1562271118164,0.9638757
8e88552d-b240-4b3c-8b30-fc71269c054b,160,5.333333333333333,left_foot_index,0.6243267,0.6706886,0.65362453,674.2728424072266,1287.72216796875,0.94013
8e88552d-b240-4b3c-8b30-fc71269c054b,160,5.333333333333333,right_foot_index,0.812574,0.6606795,0.16711137,877.5799512863159,1268.5046768188477,0.98734045
8e88552d-b240-4b3c-8b30-fc71269c054b,161,5.366666666666666,nose,0.7472591,0.40791366,-0.032335453,807.039806842804,783.1942176818848,0.9999566
8e88552d-b240-4b3c-8b30-fc71269c054b,161,5.366666666666666,left_shoulder,0.6494251,0.4360324,0.15482575,701.3790965080261,837.1822357177734,0.99984485
8e88552d-b240-4b3c-8b30-fc71269c054b,161,5.366666666666666,right_shoulder,0.70009255,0.45772037,-0.2994817,756.0999584197998,878.8231086730957,0.99997216
8e88552d-b240-4b3c-8b30-fc71269c054b,161,5.366666666666666,left_elbow,0.6369912,0.4946164,0.29873848,687.9504990577698,949.6634674072266,0.06147034
8e88552d-b240-4b3c-8b30-fc71269c054b,161,5.366666666666666,right_elbow,0.66665614,0.5227866,-0.23546582,719.9886274337769,1003.7503051757812,0.96622145
8e88552d-b240-4b3c-8b30-fc71269c054b,161,5.366666666666666,left_wrist,0.69385505,0.5203806,0.2802877,749.3634510040283,999.1307830810547,0.20141764
8e88552d-b240-4b3c-8b30-fc71269c054b,161,5.366666666666666,right_wrist,0.7372892,0.535292,-0.025743075,796.2723255157471,1027.7606964111328,0.91380227
8e88552d-b240-4b3c-8b30-fc71269c054b,161,5.366666666666666,left_hip,0.5498562,0.53485763,0.15081058,593.8446807861328,1026.9266510009766,0.9999397
8e88552d-b240-4b3c-8b30-fc71269c054b,161,5.366666666666666,right_hip,0.5801221,0.5417699,-0.15047875,626.5318822860718,1040.1982498168945,0.99996394
8e88552d-b240-4b3c-8b30-fc71269c054b,161,5.366666666666666,left_knee,0.62949073,0.57347965,0.4009295,679.8499917984009,1101.0809326171875,0.7553539
8e88552d-b240-4b3c-8b30-fc71269c054b,161,5.366666666666666,right_knee,0.7065557,0.58595604,0.0060901004,763.0801820755005,1125.0355911254883,0.9920703
8e88552d-b240-4b3c-8b30-fc71269c054b,161,5.366666666666666,left_ankle,0.582858,0.6364463,0.6785237,629.4866681098938,1221.9768905639648,0.9235906
8e88552d-b240-4b3c-8b30-fc71269c054b,161,5.366666666666666,right_ankle,0.7547851,0.6673444,0.20234045,815.1679301261902,1281.3012313842773,0.99071133
8e88552d-b240-4b3c-8b30-fc71269c054b,161,5.366666666666666,left_heel,0.55154383,0.64629,0.7065527,595.6673383712769,1240.876808166504,0.9147361
8e88552d-b240-4b3c-8b30-fc71269c054b,161,5.366666666666666,right_heel,0.74585634,0.68549335,0.22222312,805.5248522758484,1316.147232055664,0.9644888
8e88552d-b240-4b3c-8b30-fc71269c054b,161,5.366666666666666,left_foot_index,0.6266935,0.667529,0.69838417,676.8289661407471,1281.6556549072266,0.94148946
8e88552d-b240-4b3c-8b30-fc71269c054b,161,5.366666666666666,right_foot_index,0.8164699,0.66067296,0.19088584,881.7875003814697,1268.492088317871,0.9874618
8e88552d-b240-4b3c-8b30-fc71269c054b,162,5.4,nose,0.74641925,0.40907505,-0.052101955,806.1327910423279,785.4240989685059,0.999958
8e88552d-b240-4b3c-8b30-fc71269c054b,162,5.4,left_shoulder,0.6495185,0.43636286,0.145574,701.4799690246582,837.8166961669922,0.9998447
8e88552d-b240-4b3c-8b30-fc71269c054b,162,5.4,right_shoulder,0.6999443,0.45810872,-0.29984573,755.9398627281189,879.5687484741211,0.9999725
8e88552d-b240-4b3c-8b30-fc71269c054b,162,5.4,left_elbow,0.6370801,0.49461278,0.28562242,688.0464792251587,949.6565437316895,0.062418558
8e88552d-b240-4b3c-8b30-fc71269c054b,162,5.4,right_elbow,0.6666743,0.5232614,-0.23610505,720.0082612037659,1004.6619415283203,0.9670161
8e88552d-b240-4b3c-8b30-fc71269c054b,162,5.4,left_wrist,0.69466496,0.5207093,0.26082554,750.238151550293,999.7618103027344,0.20374332
8e88552d-b240-4b3c-8b30-fc71269c054b,162,5.4,right_wrist,0.7372667,0.5359394,-0.028760275,796.2480568885803,1029.0036392211914,0.9155365
8e88552d-b240-4b3c-8b30-fc71269c054b,162,5.4,left_hip,0.5506668,0.5349191,0.14820634,594.7201538085938,1027.0446395874023,0.9999398
8e88552d-b240-4b3c-8b30-fc71269c054b,162,5.4,right_hip,0.5798825,0.542222,-0.14789018,626.2731027603149,1041.0662841796875,0.999964
8e88552d-b240-4b3c-8b30-fc71269c054b,162,5.4,left_knee,0.6314741,0.5733683,0.39447424,681.9920039176941,1100.8671569824219,0.76689357
8e88552d-b240-4b3c-8b30-fc71269c054b,162,5.4,right_knee,0.70629996,0.5862792,0.007938443,762.8039574623108,1125.6560897827148,0.99224
8e88552d-b240-4b3c-8b30-fc71269c054b,162,5.4,left_ankle,0.5840704,0.63603485,0.6638601,630.7960152626038,1221.1869049072266,0.9267211
8e88552d-b240-4b3c-8b30-fc71269c054b,162,5.4,right_ankle,0.7563228,0.666527,0.2033404,816.828625202179,1279.731788635254,0.990778
8e88552d-b240-4b3c-8b30-fc71269c054b,162,5.4,left_heel,0.55281776,0.6457574,0.6912146,597.043182849884,1239.8541641235352,0.9172179
8e88552d-b240-4b3c-8b30-fc71269c054b,162,5.4,right_heel,0.7487673,0.6841189,0.22322063,808.6687016487122,1313.5083389282227,0.964719
8e88552d-b240-4b3c-8b30-fc71269c054b,162,5.4,left_foot_index,0.63059723,0.6656071,0.6826557,681.0450124740601,1277.9656219482422,0.9428299
8e88552d-b240-4b3c-8b30-fc71269c054b,162,5.4,right_foot_index,0.81943357,0.6589655,0.19496332,884.9882555007935,1265.2138137817383,0.9874175
8e88552d-b240-4b3c-8b30-fc71269c054b,163,5.433333333333334,nose,0.7457255,0.4097643,-0.051230848,805.3835535049438,786.7474365234375,0.9999592
8e88552d-b240-4b3c-8b30-fc71269c054b,163,5.433333333333334,left_shoulder,0.6490801,0.436636,0.14489035,701.0065054893494,838.341121673584,0.99984473
8e88552d-b240-4b3c-8b30-fc71269c054b,163,5.433333333333334,right_shoulder,0.6998828,0.45895717,-0.29927266,755.873429775238,881.1977577209473,0.9999731
8e88552d-b240-4b3c-8b30-fc71269c054b,163,5.433333333333334,left_elbow,0.6371032,0.49462494,0.28814086,688.0714559555054,949.6798896789551,0.06360045
8e88552d-b240-4b3c-8b30-fc71269c054b,163,5.433333333333334,right_elbow,0.66668254,0.52382654,-0.23180076,720.0171446800232,1005.746955871582,0.9677543
8e88552d-b240-4b3c-8b30-fc71269c054b,163,5.433333333333334,left_wrist,0.6952273,0.5206943,0.2657969,750.8455109596252,999.7330856323242,0.20636973
8e88552d-b240-4b3c-8b30-fc71269c054b,163,5.433333333333334,right_wrist,0.73728013,0.5361053,-0.017109303,796.2625408172607,1029.3221282958984,0.91715574
8e88552d-b240-4b3c-8b30-fc71269c054b,163,5.433333333333334,left_hip,0.55075157,0.5354423,0.14754677,594.811692237854,1028.049201965332,0.9999409
8e88552d-b240-4b3c-8b30-fc71269c054b,163,5.433333333333334,right_hip,0.5797981,0.54347676,-0.14725003,626.1819505691528,1043.4753799438477,0.9999645
8e88552d-b240-4b3c-8b30-fc71269c054b,163,5.433333333333334,left_knee,0.6311008,0.57330406,0.39182478,681.5888357162476,1100.7437896728516,0.7766345
8e88552d-b240-4b3c-8b30-fc71269c054b,163,5.433333333333334,right_knee,0.70577157,0.587254,0.020954518,762.2332906723022,1127.5276565551758,0.9922193
8e88552d-b240-4b3c-8b30-fc71269c054b,163,5.433333333333334,left_ankle,0.585385,0.6357397,0.65747434,632.215826511383,1220.6201934814453,0.9294698
8e88552d-b240-4b3c-8b30-fc71269c054b,163,5.433333333333334,right_ankle,0.7600983,0.6643317,0.22590971,820.9061408042908,1275.5168151855469,0.9907593
8e88552d-b240-4b3c-8b30-fc71269c054b,163,5.433333333333334,left_heel,0.5544249,0.6459817,0.68437153,598.7788724899292,1240.2849197387695,0.9196705
8e88552d-b240-4b3c-8b30-fc71269c054b,163,5.433333333333334,right_heel,0.75552684,0.680937,0.246971,815.968987941742,1307.399024963379,0.9648796
8e88552d-b240-4b3c-8b30-fc71269c054b,163,5.433333333333334,left_foot_index,0.6322626,0.6637344,0.6731853,682.8435945510864,1274.370002746582,0.9438444
8e88552d-b240-4b3c-8b30-fc71269c054b,163,5.433333333333334,right_foot_index,0.8204,0.6581083,0.22011717,886.0319995880127,1263.5679244995117,0.9872582
8e88552d-b240-4b3c-8b30-fc71269c054b,164,5.466666666666667,nose,0.74538517,0.41037193,-0.050157905,805.015983581543,787.9141044616699,0.99996114
8e88552d-b240-4b3c-8b30-fc71269c054b,164,5.466666666666667,left_shoulder,0.64887005,0.4373128,0.14393298,700.7796549797058,839.6405982971191,0.99984497
8e88552d-b240-4b3c-8b30-fc71269c054b,164,5.466666666666667,right_shoulder,0.69973826,0.45983514,-0.29888833,755.7173252105713,882.883472442627,0.9999741
8e88552d-b240-4b3c-8b30-fc71269c054b,164,5.466666666666667,left_elbow,0.6376469,0.49468,0.2895304,688.6586666107178,949.7855758666992,0.064438574
8e88552d-b240-4b3c-8b30-fc71269c054b,164,5.466666666666667,right_elbow,0.6666686,0.5239007,-0.22559483,720.0020813941956,1005.8893203735352,0.968595
8e88552d-b240-4b3c-8b30-fc71269c054b,164,5.466666666666667,left_wrist,0.69562244,0.52032495,0.27087206,751.2722396850586,999.0238952636719,0.20752515
8e88552d-b240-4b3c-8b30-fc71269c054b,164,5.466666666666667,right_wrist,0.7368884,0.53641605,-0.0012357119,795.8394813537598,1029.9188232421875,0.9189762
8e88552d-b240-4b3c-8b30-fc71269c054b,164,5.466666666666667,left_hip,0.55074453,0.5358769,0.14674325,594.8040962219238,1028.8837051391602,0.999942
8e88552d-b240-4b3c-8b30-fc71269c054b,164,5.466666666666667,right_hip,0.57980394,0.5445088,-0.14645192,626.1882591247559,1045.4569244384766,0.9999655
8e88552d-b240-4b3c-8b30-fc71269c054b,164,5.466666666666667,left_knee,0.631416,0.57071334,0.3939895,681.929304599762,1095.7696151733398,0.7851365
8e88552d-b240-4b3c-8b30-fc71269c054b,164,5.466666666666667,right_knee,0.70466375,0.5895103,0.026150275,761.0368537902832,1131.8598175048828,0.9923339
8e88552d-b240-4b3c-8b30-fc71269c054b,164,5.466666666666667,left_ankle,0.5866858,0.6352024,0.6622272,633.6206388473511,1219.588623046875,0.93158346
8e88552d-b240-4b3c-8b30-fc71269c054b,164,5.466666666666667,right_ankle,0.7614285,0.66420066,0.22885017,822.3427534103394,1275.2652740478516,0.9908657
8e88552d-b240-4b3c-8b30-fc71269c054b,164,5.466666666666667,left_heel,0.55904716,0.6455701,0.6895316,603.7709355354309,1239.4945907592773,0.9213989
8e88552d-b240-4b3c-8b30-fc71269c054b,164,5.466666666666667,right_heel,0.7555026,0.6817392,0.24992557,815.9427881240845,1308.9392852783203,0.965391
8e88552d-b240-4b3c-8b30-fc71269c054b,164,5.466666666666667,left_foot_index,0.6314309,0.65974814,0.68251514,681.9453978538513,1266.716423034668,0.9445115
8e88552d-b240-4b3c-8b30-fc71269c054b,164,5.466666666666667,right_foot_index,0.82156473,0.6579116,0.2242565,887.2899127006531,1263.1902694702148,0.9872767
8e88552d-b240-4b3c-8b30-fc71269c054b,165,5.5,nose,0.74477196,0.4112379,-0.056950513,804.3537139892578,789.5767593383789,0.9999625
8e88552d-b240-4b3c-8b30-fc71269c054b,165,5.5,left_shoulder,0.64875335,0.43803394,0.14335027,700.653612613678,841.0251617431641,0.9998413
8e88552d-b240-4b3c-8b30-fc71269c054b,165,5.5,right_shoulder,0.69894314,0.46078607,-0.29583734,754.8585891723633,884.7092628479004,0.9999741
8e88552d-b240-4b3c-8b30-fc71269c054b,165,5.5,left_elbow,0.6384474,0.49472904,0.28578135,689.523196220398,949.8797607421875,0.06543614
8e88552d-b240-4b3c-8b30-fc71269c054b,165,5.5,right_elbow,0.6661255,0.52468413,-0.22605807,719.4155144691467,1007.3935317993164,0.9695898
8e88552d-b240-4b3c-8b30-fc71269c054b,165,5.5,left_wrist,0.6961432,0.5203483,0.2596281,751.8346667289734,999.0687561035156,0.21045296
8e88552d-b240-4b3c-8b30-fc71269c054b,165,5.5,right_wrist,0.7366594,0.53656983,-0.0074890745,795.5921602249146,1030.2140808105469,0.9213954
8e88552d-b240-4b3c-8b30-fc71269c054b,165,5.5,left_hip,0.55093455,0.5362757,0.14462571,595.0093173980713,1029.649314880371,0.99993986
8e88552d-b240-4b3c-8b30-fc71269c054b,165,5.5,right_hip,0.579246,0.5451829,-0.1443169,625.585663318634,1046.7511367797852,0.9999645
8e88552d-b240-4b3c-8b30-fc71269c054b,165,5.5,left_knee,0.63399756,0.5704113,0.3700746,684.7173643112183,1095.1897430419922,0.79501694
8e88552d-b240-4b3c-8b30-fc71269c054b,165,5.5,right_knee,0.7029549,0.58994544,0.024405362,759.1912794113159,1132.6952362060547,0.99256665
8e88552d-b240-4b3c-8b30-fc71269c054b,165,5.5,left_ankle,0.5882312,0.6347593,0.6130224,635.2897024154663,1218.7378692626953,0.9339662
8e88552d-b240-4b3c-8b30-fc71269c054b,165,5.5,right_ankle,0.7612583,0.6647323,0.20171688,822.1589684486389,1276.2859725952148,0.991091
8e88552d-b240-4b3c-8b30-fc71269c054b,165,5.5,left_heel,0.56229883,0.6455117,0.63754916,607.2827410697937,1239.382438659668,0.923124
8e88552d-b240-4b3c-8b30-fc71269c054b,165,5.5,right_heel,0.7553536,0.68208,0.22023498,815.7819199562073,1309.5935440063477,0.9660672
8e88552d-b240-4b3c-8b30-fc71269c054b,165,5.5,left_foot_index,0.6352293,0.6598208,0.63087034,686.0476326942444,1266.8559265136719,0.94560224
8e88552d-b240-4b3c-8b30-fc71269c054b,165,5.5,right_foot_index,0.8232837,0.6572774,0.19428709,889.1463661193848,1261.9726181030273,0.9874467
8e88552d-b240-4b3c-8b30-fc71269c054b,166,5.533333333333333,nose,0.74412197,0.41219792,-0.06804171,803.6517262458801,791.4200019836426,0.99996316
8e88552d-b240-4b3c-8b30-fc71269c054b,166,5.533333333333333,left_shoulder,0.6494634,0.43900788,0.14039008,701.420488357544,842.8951263427734,0.99983513
8e88552d-b240-4b3c-8b30-fc71269c054b,166,5.533333333333333,right_shoulder,0.69704205,0.4620007,-0.29453292,752.8054118156433,887.0413398742676,0.99997336
8e88552d-b240-4b3c-8b30-fc71269c054b,166,5.533333333333333,left_elbow,0.64090115,0.49472746,0.27736282,692.1732401847839,949.8767280578613,0.0661786
8e88552d-b240-4b3c-8b30-fc71269c054b,166,5.533333333333333,right_elbow,0.6656651,0.5249767,-0.22663926,718.918297290802,1007.955207824707,0.9701812
8e88552d-b240-4b3c-8b30-fc71269c054b,166,5.533333333333333,left_wrist,0.6983874,0.52055496,0.24360669,754.2583751678467,999.4655227661133,0.2112378
8e88552d-b240-4b3c-8b30-fc71269c054b,166,5.533333333333333,right_wrist,0.73667353,0.53651565,-0.015743338,795.6074166297913,1030.1100540161133,0.9228936
8e88552d-b240-4b3c-8b30-fc71269c054b,166,5.533333333333333,left_hip,0.5525444,0.53633237,0.14396524,596.7479681968689,1029.7581481933594,0.9999361
8e88552d-b240-4b3c-8b30-fc71269c054b,166,5.533333333333333,right_hip,0.57868373,0.5456612,-0.14365147,624.9784326553345,1047.6695251464844,0.99996305
8e88552d-b240-4b3c-8b30-fc71269c054b,166,5.533333333333333,left_knee,0.63484037,0.57050997,0.37023935,685.6275987625122,1095.3791427612305,0.80223113
8e88552d-b240-4b3c-8b30-fc71269c054b,166,5.533333333333333,right_knee,0.7021592,0.59065914,0.004534846,758.3319640159607,1134.0655517578125,0.9928279
8e88552d-b240-4b3c-8b30-fc71269c054b,166,5.533333333333333,left_ankle,0.58974946,0.6341798,0.61409813,636.9294118881226,1217.6251602172852,0.9356602
8e88552d-b240-4b3c-8b30-fc71269c054b,166,5.533333333333333,right_ankle,0.7616104,0.66483146,0.17072362,822.5392198562622,1276.4764022827148,0.9912871
8e88552d-b240-4b3c-8b30-fc71269c054b,166,5.533333333333333,left_heel,0.5653181,0.6450603,0.6389994,610.5435562133789,1238.5157775878906,0.92390794
8e88552d-b240-4b3c-8b30-fc71269c054b,166,5.533333333333333,right_heel,0.75671333,0.6823988,0.18815558,817.2503972053528,1310.2056884765625,0.96664256
8e88552d-b240-4b3c-8b30-fc71269c054b,166,5.533333333333333,left_foot_index,0.63750947,0.6584616,0.6352051,688.5102224349976,1264.2462158203125,0.9463395
8e88552d-b240-4b3c-8b30-fc71269c054b,166,5.533333333333333,right_foot_index,0.8218654,0.65760463,0.16171217,887.6146101951599,1262.6008987426758,0.98759174
8e88552d-b240-4b3c-8b30-fc71269c054b,167,5.566666666666666,nose,0.74356824,0.41269287,-0.06623357,803.0537009239197,792.3703193664551,0.999963
8e88552d-b240-4b3c-8b30-fc71269c054b,167,5.566666666666666,left_shoulder,0.64947593,0.43993956,0.14500666,701.434006690979,844.683952331543,0.99982893
8e88552d-b240-4b3c-8b30-fc71269c054b,167,5.566666666666666,right_shoulder,0.696439,0.46356985,-0.29491562,752.1541500091553,890.0541114807129,0.9999727
8e88552d-b240-4b3c-8b30-fc71269c054b,167,5.566666666666666,left_elbow,0.64179903,0.49478728,0.2888206,693.1429553031921,949.991569519043,0.0663697
8e88552d-b240-4b3c-8b30-fc71269c054b,167,5.566666666666666,right_elbow,0.665459,0.5263289,-0.22804834,718.695695400238,1010.5515289306641,0.9709247
8e88552d-b240-4b3c-8b30-fc71269c054b,167,5.566666666666666,left_wrist,0.6993368,0.52063197,0.26282984,755.283772945404,999.6133804321289,0.21175863
8e88552d-b240-4b3c-8b30-fc71269c054b,167,5.566666666666666,right_wrist,0.7366808,0.53664374,-0.016892504,795.6152701377869,1030.3559875488281,0.9246729
8e88552d-b240-4b3c-8b30-fc71269c054b,167,5.566666666666666,left_hip,0.55335,0.53718185,0.14511153,597.6179695129395,1031.38916015625,0.99993205
8e88552d-b240-4b3c-8b30-fc71269c054b,167,5.566666666666666,right_hip,0.5786165,0.54692155,-0.14478229,624.9058198928833,1050.0893783569336,0.99996114
8e88552d-b240-4b3c-8b30-fc71269c054b,167,5.566666666666666,left_knee,0.63752913,0.570688,0.3711418,688.5314655303955,1095.7209777832031,0.80698335
8e88552d-b240-4b3c-8b30-fc71269c054b,167,5.566666666666666,right_knee,0.7022168,0.59094834,-0.016359178,758.394148349762,1134.6208190917969,0.99294627
8e88552d-b240-4b3c-8b30-fc71269c054b,167,5.566666666666666,left_ankle,0.5921061,0.63433224,0.6132685,639.4745922088623,1217.9179000854492,0.9364652
8e88552d-b240-4b3c-8b30-fc71269c054b,167,5.566666666666666,right_ankle,0.7619021,0.665121,0.15433438,822.8542613983154,1277.032356262207,0.9913025
8e88552d-b240-4b3c-8b30-fc71269c054b,167,5.566666666666666,left_heel,0.5692861,0.64522386,0.6376209,614.8289966583252,1238.8298034667969,0.92393136
8e88552d-b240-4b3c-8b30-fc71269c054b,167,5.566666666666666,right_heel,0.75633293,0.68232864,0.17228298,816.8395686149597,1310.0709915161133,0.9666133
8e88552d-b240-4b3c-8b30-fc71269c054b,167,5.566666666666666,left_foot_index,0.6435402,0.65807116,0.63396037,695.0234198570251,1263.4966278076172,0.9462809
8e88552d-b240-4b3c-8b30-fc71269c054b,167,5.566666666666666,right_foot_index,0.8226951,0.65757436,0.149033,888.5106825828552,1262.5427627563477,0.98753196
8e88552d-b240-4b3c-8b30-fc71269c054b,168,5.6,nose,0.7427064,0.4132284,-0.06467878,802.1229314804077,793.3985137939453,0.99996316
8e88552d-b240-4b3c-8b30-fc71269c054b,168,5.6,left_shoulder,0.6508377,0.4410845,0.1422969,702.904736995697,846.8822479248047,0.99982345
8e88552d-b240-4b3c-8b30-fc71269c054b,168,5.6,right_shoulder,0.6944851,0.46508563,-0.28977963,750.0439381599426,892.9644012451172,0.9999721
8e88552d-b240-4b3c-8b30-fc71269c054b,168,5.6,left_elbow,0.6424265,0.4947997,0.2729472,693.8206100463867,950.0154304504395,0.066606514
8e88552d-b240-4b3c-8b30-fc71269c054b,168,5.6,right_elbow,0.66420346,0.5267757,-0.22621466,717.3397421836853,1011.4093780517578,0.97156936
8e88552d-b240-4b3c-8b30-fc71269c054b,168,5.6,left_wrist,0.6993882,0.5210496,0.23315069,755.3392624855042,1000.4152679443359,0.21169664
8e88552d-b240-4b3c-8b30-fc71269c054b,168,5.6,right_wrist,0.7367145,0.53667045,-0.018649383,795.6516408920288,1030.4072570800781,0.9258882
8e88552d-b240-4b3c-8b30-fc71269c054b,168,5.6,left_hip,0.5550345,0.5376481,0.14468782,599.4372797012329,1032.2843170166016,0.9999289
8e88552d-b240-4b3c-8b30-fc71269c054b,168,5.6,right_hip,0.5785791,0.5476397,-0.14435437,624.8654580116272,1051.468276977539,0.999961
8e88552d-b240-4b3c-8b30-fc71269c054b,168,5.6,left_knee,0.64046365,0.5698187,0.37335756,691.7007422447205,1094.051856994629,0.8087796
8e88552d-b240-4b3c-8b30-fc71269c054b,168,5.6,right_knee,0.7022513,0.5916062,-0.024836555,758.4314203262329,1135.883903503418,0.9932075
8e88552d-b240-4b3c-8b30-fc71269c054b,168,5.6,left_ankle,0.59421045,0.6340429,0.61604047,641.7472815513611,1217.362403869629,0.9367764
8e88552d-b240-4b3c-8b30-fc71269c054b,168,5.6,right_ankle,0.7614937,0.6659279,0.13013874,822.4131774902344,1278.58154296875,0.99153167
8e88552d-b240-4b3c-8b30-fc71269c054b,168,5.6,left_heel,0.5721338,0.6450089,0.6406228,617.9044818878174,1238.4171295166016,0.9231325
8e88552d-b240-4b3c-8b30-fc71269c054b,168,5.6,right_heel,0.7566849,0.68323785,0.14624263,817.2196912765503,1311.8166732788086,0.9673676
8e88552d-b240-4b3c-8b30-fc71269c054b,168,5.6,left_foot_index,0.64411443,0.6551956,0.6383856,695.6435894966125,1257.9755401611328,0.94605356
8e88552d-b240-4b3c-8b30-fc71269c054b,168,5.6,right_foot_index,0.8214505,0.65800345,0.12060842,887.1665096282959,1263.3666229248047,0.9877213
8e88552d-b240-4b3c-8b30-fc71269c054b,169,5.633333333333334,nose,0.7419478,0.4138478,-0.062813476,801.3036561012268,794.5877838134766,0.9999652
8e88552d-b240-4b3c-8b30-fc71269c054b,169,5.633333333333334,left_shoulder,0.6508143,0.44231895,0.14900167,702.8794384002686,849.2523765563965,0.999828
8e88552d-b240-4b3c-8b30-fc71269c054b,169,5.633333333333334,right_shoulder,0.69402164,0.46561107,-0.29317346,749.5433735847473,893.9732551574707,0.9999735
8e88552d-b240-4b3c-8b30-fc71269c054b,169,5.633333333333334,left_elbow,0.641622,0.49552146,0.29587418,692.9517674446106,951.401195526123,0.066878684
8e88552d-b240-4b3c-8b30-fc71269c054b,169,5.633333333333334,right_elbow,0.6639317,0.52727294,-0.22743201,717.0462656021118,1012.3640441894531,0.97266054
8e88552d-b240-4b3c-8b30-fc71269c054b,169,5.633333333333334,left_wrist,0.6990713,0.5210185,0.27260104,754.9969911575317,1000.3555297851562,0.21332803
8e88552d-b240-4b3c-8b30-fc71269c054b,169,5.633333333333334,right_wrist,0.7368894,0.5367016,-0.015112437,795.8405756950378,1030.4671096801758,0.9280694
8e88552d-b240-4b3c-8b30-fc71269c054b,169,5.633333333333334,left_hip,0.55500996,0.5392759,0.14736307,599.4107580184937,1035.4096984863281,0.9999298
8e88552d-b240-4b3c-8b30-fc71269c054b,169,5.633333333333334,right_hip,0.5797868,0.5487637,-0.14703341,626.1697196960449,1053.6262893676758,0.99996287
8e88552d-b240-4b3c-8b30-fc71269c054b,169,5.633333333333334,left_knee,0.6400725,0.5699808,0.43350226,691.278326511383,1094.363136291504,0.8097601
8e88552d-b240-4b3c-8b30-fc71269c054b,169,5.633333333333334,right_knee,0.7029728,0.5930523,-0.024160773,759.2106556892395,1138.6604690551758,0.9934696
8e88552d-b240-4b3c-8b30-fc71269c054b,169,5.633333333333334,left_ankle,0.5960762,0.6341979,0.7267766,643.7622857093811,1217.6599502563477,0.9369021
8e88552d-b240-4b3c-8b30-fc71269c054b,169,5.633333333333334,right_ankle,0.76180536,0.6660398,0.14934792,822.7497839927673,1278.7964630126953,0.9917014
8e88552d-b240-4b3c-8b30-fc71269c054b,169,5.633333333333334,left_heel,0.5748281,0.64535517,0.7566182,620.8143353462219,1239.081916809082,0.9225892
8e88552d-b240-4b3c-8b30-fc71269c054b,169,5.633333333333334,right_heel,0.75760967,0.68327177,0.16695793,818.2184386253357,1311.8817901611328,0.96787596
8e88552d-b240-4b3c-8b30-fc71269c054b,169,5.633333333333334,left_foot_index,0.6488201,0.6537784,0.7553549,700.7257103919983,1255.2544784545898,0.94577855
8e88552d-b240-4b3c-8b30-fc71269c054b,169,5.633333333333334,right_foot_index,0.8229671,0.65820485,0.13905153,888.8044810295105,1263.753318786621,0.98789805
8e88552d-b240-4b3c-8b30-fc71269c054b,170,5.666666666666667,nose,0.7407347,0.41423872,-0.06437652,799.9934720993042,795.3383445739746,0.9999668
8e88552d-b240-4b3c-8b30-fc71269c054b,170,5.666666666666667,left_shoulder,0.6513391,0.44378453,0.14527188,703.4462428092957,852.0663070678711,0.9998279
8e88552d-b240-4b3c-8b30-fc71269c054b,170,5.666666666666667,right_shoulder,0.6932908,0.4667258,-0.29254514,748.754096031189,896.1135292053223,0.9999737
8e88552d-b240-4b3c-8b30-fc71269c054b,170,5.666666666666667,left_elbow,0.6433563,0.49582782,0.29082772,694.8248291015625,951.9894218444824,0.0684802
8e88552d-b240-4b3c-8b30-fc71269c054b,170,5.666666666666667,right_elbow,0.66361076,0.52810615,-0.22380266,716.6996169090271,1013.9638137817383,0.97343147
8e88552d-b240-4b3c-8b30-fc71269c054b,170,5.666666666666667,left_wrist,0.7047277,0.521017,0.2667545,761.1059260368347,1000.352668762207,0.21947935
8e88552d-b240-4b3c-8b30-fc71269c054b,170,5.666666666666667,right_wrist,0.7368958,0.5368296,-0.011168191,795.8474636077881,1030.7128143310547,0.9301825
8e88552d-b240-4b3c-8b30-fc71269c054b,170,5.666666666666667,left_hip,0.55490917,0.5401117,0.14701359,599.3019032478333,1037.014503479004,0.9999283
8e88552d-b240-4b3c-8b30-fc71269c054b,170,5.666666666666667,right_hip,0.57979274,0.5494032,-0.14668049,626.1761569976807,1054.8541259765625,0.99996346
8e88552d-b240-4b3c-8b30-fc71269c054b,170,5.666666666666667,left_knee,0.64117396,0.57012093,0.417987,692.4678754806519,1094.6321868896484,0.8113492
8e88552d-b240-4b3c-8b30-fc71269c054b,170,5.666666666666667,right_knee,0.7032404,0.5930643,-0.020091027,759.499626159668,1138.6834716796875,0.9937362
8e88552d-b240-4b3c-8b30-fc71269c054b,170,5.666666666666667,left_ankle,0.5986144,0.6343082,0.6947693,646.5035462379456,1217.8717803955078,0.9372082
8e88552d-b240-4b3c-8b30-fc71269c054b,170,5.666666666666667,right_ankle,0.7618672,0.66612023,0.14774439,822.8166031837463,1278.9508438110352,0.9918843
8e88552d-b240-4b3c-8b30-fc71269c054b,170,5.666666666666667,left_heel,0.5774553,0.6461337,0.7228761,623.651704788208,1240.5767440795898,0.92200583
8e88552d-b240-4b3c-8b30-fc71269c054b,170,5.666666666666667,right_heel,0.75694287,0.6832295,0.16449578,817.4982976913452,1311.800651550293,0.9684877
8e88552d-b240-4b3c-8b30-fc71269c054b,170,5.666666666666667,left_foot_index,0.6507369,0.6536635,0.7200226,702.7958822250366,1255.033950805664,0.9456374
8e88552d-b240-4b3c-8b30-fc71269c054b,170,5.666666666666667,right_foot_index,0.82255036,0.6588615,0.13507932,888.3543848991394,1265.0141143798828,0.9880668
8e88552d-b240-4b3c-8b30-fc71269c054b,171,5.7,nose,0.7399534,0.4150369,-0.06571897,799.1496706008911,796.8708229064941,0.99996793
8e88552d-b240-4b3c-8b30-fc71269c054b,171,5.7,left_shoulder,0.651381,0.44518602,0.14667341,703.4914970397949,854.7571563720703,0.9998275
8e88552d-b240-4b3c-8b30-fc71269c054b,171,5.7,right_shoulder,0.6919478,0.46714056,-0.29284993,747.3036432266235,896.9098663330078,0.99997395
8e88552d-b240-4b3c-8b30-fc71269c054b,171,5.7,left_elbow,0.6450527,0.4970596,0.29067424,696.6568851470947,954.3544578552246,0.06993359
8e88552d-b240-4b3c-8b30-fc71269c054b,171,5.7,right_elbow,0.6634681,0.52846617,-0.22436762,716.5455722808838,1014.6550369262695,0.97441584
8e88552d-b240-4b3c-8b30-fc71269c054b,171,5.7,left_wrist,0.7113002,0.5217036,0.25642663,768.2042098045349,1001.6709136962891,0.22695443
8e88552d-b240-4b3c-8b30-fc71269c054b,171,5.7,right_wrist,0.7372728,0.5368993,-0.010628076,796.2546229362488,1030.8467102050781,0.9327329
8e88552d-b240-4b3c-8b30-fc71269c054b,171,5.7,left_hip,0.55484235,0.5407062,0.1477371,599.2297410964966,1038.1559371948242,0.99992716
8e88552d-b240-4b3c-8b30-fc71269c054b,171,5.7,right_hip,0.57981277,0.550362,-0.1473942,626.1977863311768,1056.6950225830078,0.9999642
8e88552d-b240-4b3c-8b30-fc71269c054b,171,5.7,left_knee,0.6443514,0.5696322,0.4145115,695.8995366096497,1093.6937713623047,0.8101208
8e88552d-b240-4b3c-8b30-fc71269c054b,171,5.7,right_knee,0.7034348,0.59423643,-0.024145497,759.7096109390259,1140.933952331543,0.9939797
8e88552d-b240-4b3c-8b30-fc71269c054b,171,5.7,left_ankle,0.6009172,0.6340577,0.6883143,648.9905977249146,1217.3907852172852,0.9366112
8e88552d-b240-4b3c-8b30-fc71269c054b,171,5.7,right_ankle,0.76166415,0.6661758,0.13415879,822.5972843170166,1279.057502746582,0.9921067
8e88552d-b240-4b3c-8b30-fc71269c054b,171,5.7,left_heel,0.58034134,0.6456259,0.71602535,626.7686462402344,1239.601707458496,0.92057014
8e88552d-b240-4b3c-8b30-fc71269c054b,171,5.7,right_heel,0.75639534,0.6833047,0.15078974,816.9069671630859,1311.9450759887695,0.96931505
8e88552d-b240-4b3c-8b30-fc71269c054b,171,5.7,left_foot_index,0.653707,0.65177923,0.71322566,706.003589630127,1251.416130065918,0.9448125
8e88552d-b240-4b3c-8b30-fc71269c054b,171,5.7,right_foot_index,0.82197803,0.6626265,0.12334398,887.7362751960754,1272.2428894042969,0.98827976
8e88552d-b240-4b3c-8b30-fc71269c054b,172,5.733333333333333,nose,0.7385176,0.41613227,-0.060269278,797.5989890098572,798.9739608764648,0.99996996
8e88552d-b240-4b3c-8b30-fc71269c054b,172,5.733333333333333,left_shoulder,0.64690584,0.44555604,0.14865798,698.6583065986633,855.4676055908203,0.999831
8e88552d-b240-4b3c-8b30-fc71269c054b,172,5.733333333333333,right_shoulder,0.69203454,0.46765605,-0.29334694,747.3973059654236,897.8996086120605,0.9999751
8e88552d-b240-4b3c-8b30-fc71269c054b,172,5.733333333333333,left_elbow,0.6451215,0.49743333,0.3178928,696.7312359809875,955.0720024108887,0.07008057
8e88552d-b240-4b3c-8b30-fc71269c054b,172,5.733333333333333,right_elbow,0.6635194,0.52976185,-0.22068174,716.6009330749512,1017.1427536010742,0.9753782
8e88552d-b240-4b3c-8b30-fc71269c054b,172,5.733333333333333,left_wrist,0.71142083,0.5216831,0.32362154,768.3345007896423,1001.6315460205078,0.2324603
8e88552d-b240-4b3c-8b30-fc71269c054b,172,5.733333333333333,right_wrist,0.73728114,0.53747326,0.0074099293,796.2636351585388,1031.9486618041992,0.93527645
8e88552d-b240-4b3c-8b30-fc71269c054b,172,5.733333333333333,left_hip,0.5523029,0.5418891,0.1481568,596.4871287345886,1040.427017211914,0.9999293
8e88552d-b240-4b3c-8b30-fc71269c054b,172,5.733333333333333,right_hip,0.5806378,0.5521378,-0.14781736,627.0888376235962,1060.1045608520508,0.9999659
8e88552d-b240-4b3c-8b30-fc71269c054b,172,5.733333333333333,left_knee,0.64371204,0.5697106,0.42332712,695.2090072631836,1093.8443756103516,0.809232
8e88552d-b240-4b3c-8b30-fc71269c054b,172,5.733333333333333,right_knee,0.7048366,0.59515643,-0.009277376,761.2235355377197,1142.7003479003906,0.9940489
8e88552d-b240-4b3c-8b30-fc71269c054b,172,5.733333333333333,left_ankle,0.60351497,0.63367707,0.7117185,651.7961668968201,1216.6599655151367,0.93605185
8e88552d-b240-4b3c-8b30-fc71269c054b,172,5.733333333333333,right_ankle,0.76139516,0.6662108,0.17094882,822.3067688941956,1279.1246795654297,0.9921134
8e88552d-b240-4b3c-8b30-fc71269c054b,172,5.733333333333333,left_heel,0.5841401,0.6457649,0.74119407,630.871331691742,1239.8685836791992,0.91969013
8e88552d-b240-4b3c-8b30-fc71269c054b,172,5.733333333333333,right_heel,0.75622565,0.6832171,0.19048198,816.7236971855164,1311.7768478393555,0.969311
8e88552d-b240-4b3c-8b30-fc71269c054b,172,5.733333333333333,left_foot_index,0.65406626,0.6497781,0.741037,706.3915657997131,1247.5740051269531,0.94389784
8e88552d-b240-4b3c-8b30-fc71269c054b,172,5.733333333333333,right_foot_index,0.8192509,0.66582036,0.17030986,884.790952205658,1278.3750915527344,0.9882018
8e88552d-b240-4b3c-8b30-fc71269c054b,173,5.766666666666667,nose,0.7374208,0.41712314,-0.044434074,796.4144611358643,800.8764266967773,0.99997103
8e88552d-b240-4b3c-8b30-fc71269c054b,173,5.766666666666667,left_shoulder,0.6467421,0.4469748,0.15239048,698.4814739227295,858.1916427612305,0.9998317
8e88552d-b240-4b3c-8b30-fc71269c054b,173,5.766666666666667,right_shoulder,0.69185036,0.46849915,-0.29331276,747.1983933448792,899.5183753967285,0.99997574
8e88552d-b240-4b3c-8b30-fc71269c054b,173,5.766666666666667,left_elbow,0.64522713,0.4986347,0.31371742,696.8453049659729,957.3786163330078,0.07062367
8e88552d-b240-4b3c-8b30-fc71269c054b,173,5.766666666666667,right_elbow,0.66351026,0.5301017,-0.21731395,716.5910840034485,1017.795295715332,0.976292
8e88552d-b240-4b3c-8b30-fc71269c054b,173,5.766666666666667,left_wrist,0.711342,0.52180713,0.30302566,768.2493352890015,1001.8696975708008,0.23786873
8e88552d-b240-4b3c-8b30-fc71269c054b,173,5.766666666666667,right_wrist,0.73767483,0.5379302,0.01022615,796.6888189315796,1032.8259658813477,0.9378176
8e88552d-b240-4b3c-8b30-fc71269c054b,173,5.766666666666667,left_hip,0.5517062,0.54355365,0.14964874,595.8426904678345,1043.6230087280273,0.99993014
8e88552d-b240-4b3c-8b30-fc71269c054b,173,5.766666666666667,right_hip,0.5811246,0.55360013,-0.14931366,627.6145720481873,1062.912254333496,0.99996686
8e88552d-b240-4b3c-8b30-fc71269c054b,173,5.766666666666667,left_knee,0.6479238,0.5695234,0.41769946,699.7577333450317,1093.4849166870117,0.804276
8e88552d-b240-4b3c-8b30-fc71269c054b,173,5.766666666666667,right_knee,0.7054392,0.59493375,-0.009645814,761.8743467330933,1142.2727966308594,0.99406123
8e88552d-b240-4b3c-8b30-fc71269c054b,173,5.766666666666667,left_ankle,0.60665345,0.6332109,0.69517195,655.1857280731201,1215.7649230957031,0.93418324
8e88552d-b240-4b3c-8b30-fc71269c054b,173,5.766666666666667,right_ankle,0.76106805,0.6660861,0.17181782,821.953489780426,1278.885269165039,0.9920233
8e88552d-b240-4b3c-8b30-fc71269c054b,173,5.766666666666667,left_heel,0.589001,0.64565676,0.7232647,636.1210799217224,1239.660987854004,0.9177807
8e88552d-b240-4b3c-8b30-fc71269c054b,173,5.766666666666667,right_heel,0.755047,0.68240577,0.19182917,815.4507851600647,1310.2190780639648,0.96933234
8e88552d-b240-4b3c-8b30-fc71269c054b,173,5.766666666666667,left_foot_index,0.65676934,0.6486195,0.7213518,709.3108820915222,1245.3493881225586,0.9421999
8e88552d-b240-4b3c-8b30-fc71269c054b,173,5.766666666666667,right_foot_index,0.81722534,0.6667613,0.17374265,882.6033639907837,1280.181655883789,0.9879958
8e88552d-b240-4b3c-8b30-fc71269c054b,174,5.8,nose,0.73605174,0.41789111,-0.046625465,794.9358773231506,802.3509407043457,0.9999728
8e88552d-b240-4b3c-8b30-fc71269c054b,174,5.8,left_shoulder,0.6462119,0.44804242,0.15230851,697.9088759422302,860.2414512634277,0.9998347
8e88552d-b240-4b3c-8b30-fc71269c054b,174,5.8,right_shoulder,0.6914144,0.4691179,-0.30030057,746.727569103241,900.7063865661621,0.99997693
8e88552d-b240-4b3c-8b30-fc71269c054b,174,5.8,left_elbow,0.64587903,0.50002927,0.32172573,697.549352645874,960.0561904907227,0.07073421
8e88552d-b240-4b3c-8b30-fc71269c054b,174,5.8,right_elbow,0.66352385,0.5313091,-0.217837,716.605761051178,1020.113525390625,0.9771432
8e88552d-b240-4b3c-8b30-fc71269c054b,174,5.8,left_wrist,0.7119591,0.52204293,0.32814598,768.9158535003662,1002.3224258422852,0.24168791
8e88552d-b240-4b3c-8b30-fc71269c054b,174,5.8,right_wrist,0.7377868,0.5384566,0.008510629,796.8097758293152,1033.8367080688477,0.9399394
8e88552d-b240-4b3c-8b30-fc71269c054b,174,5.8,left_hip,0.5507712,0.5444229,0.15038095,594.8328709602356,1045.2920150756836,0.9999328
8e88552d-b240-4b3c-8b30-fc71269c054b,174,5.8,right_hip,0.5813074,0.5551589,-0.15004492,627.8120040893555,1065.9051132202148,0.9999687
8e88552d-b240-4b3c-8b30-fc71269c054b,174,5.8,left_knee,0.64876175,0.56933427,0.43614778,700.6626892089844,1093.1217956542969,0.7983702
8e88552d-b240-4b3c-8b30-fc71269c054b,174,5.8,right_knee,0.70631033,0.5947214,-0.00043848946,762.815158367157,1141.8650436401367,0.9940358
8e88552d-b240-4b3c-8b30-fc71269c054b,174,5.8,left_ankle,0.6108836,0.63021815,0.73136014,659.7542810440063,1210.0188446044922,0.9312371
8e88552d-b240-4b3c-8b30-fc71269c054b,174,5.8,right_ankle,0.7596566,0.6661053,0.19671851,820.4291367530823,1278.922119140625,0.9918597
8e88552d-b240-4b3c-8b30-fc71269c054b,174,5.8,left_heel,0.59212554,0.6451399,0.76151127,639.4955778121948,1238.668556213379,0.91475403
8e88552d-b240-4b3c-8b30-fc71269c054b,174,5.8,right_heel,0.7524343,0.6819658,0.21846071,812.6290583610535,1309.3743896484375,0.9689447
8e88552d-b240-4b3c-8b30-fc71269c054b,174,5.8,left_foot_index,0.6570128,0.64369994,0.7624733,709.5738458633423,1235.9038925170898,0.9397295
8e88552d-b240-4b3c-8b30-fc71269c054b,174,5.8,right_foot_index,0.8160978,0.66753954,0.20056501,881.3856196403503,1281.675910949707,0.9877148
8e88552d-b240-4b3c-8b30-fc71269c054b,175,5.833333333333333,nose,0.7351047,0.41939533,-0.046749365,793.9130544662476,805.2390289306641,0.9999744
8e88552d-b240-4b3c-8b30-fc71269c054b,175,5.833333333333333,left_shoulder,0.64372903,0.4486292,0.14526737,695.2273535728455,861.3680648803711,0.99983895
8e88552d-b240-4b3c-8b30-fc71269c054b,175,5.833333333333333,right_shoulder,0.69127274,0.47032622,-0.302152,746.5745544433594,903.0263328552246,0.9999781
8e88552d-b240-4b3c-8b30-fc71269c054b,175,5.833333333333333,left_elbow,0.64579445,0.50034493,0.31769225,697.4580073356628,960.6622695922852,0.07095505
8e88552d-b240-4b3c-8b30-fc71269c054b,175,5.833333333333333,right_elbow,0.66356677,0.53206843,-0.2154974,716.6521096229553,1021.5713882446289,0.9775919
8e88552d-b240-4b3c-8b30-fc71269c054b,175,5.833333333333333,left_wrist,0.7148766,0.521899,0.3285409,772.0667195320129,1002.0460510253906,0.2461834
8e88552d-b240-4b3c-8b30-fc71269c054b,175,5.833333333333333,right_wrist,0.73790073,0.53855854,0.023184791,796.9327926635742,1034.0324020385742,0.94104856
8e88552d-b240-4b3c-8b30-fc71269c054b,175,5.833333333333333,left_hip,0.54998875,0.54530686,0.1506889,593.9878463745117,1046.9891738891602,0.9999349
8e88552d-b240-4b3c-8b30-fc71269c054b,175,5.833333333333333,right_hip,0.5816277,0.5563995,-0.15035027,628.1579446792603,1068.2870864868164,0.99997044
8e88552d-b240-4b3c-8b30-fc71269c054b,175,5.833333333333333,left_knee,0.6490794,0.56836694,0.44992915,701.0057330131531,1091.264533996582,0.78825325
8e88552d-b240-4b3c-8b30-fc71269c054b,175,5.833333333333333,right_knee,0.706646,0.59513605,0.005126164,763.177707195282,1142.6612091064453,0.9939756
8e88552d-b240-4b3c-8b30-fc71269c054b,175,5.833333333333333,left_ankle,0.61489695,0.62881595,0.75297076,664.0887093544006,1207.3266220092773,0.9262205
8e88552d-b240-4b3c-8b30-fc71269c054b,175,5.833333333333333,right_ankle,0.75832766,0.66612303,0.20836097,818.9938759803772,1278.9562225341797,0.99162
8e88552d-b240-4b3c-8b30-fc71269c054b,175,5.833333333333333,left_heel,0.5971303,0.6434024,0.7840986,644.9007225036621,1235.3326034545898,0.90979904
8e88552d-b240-4b3c-8b30-fc71269c054b,175,5.833333333333333,right_heel,0.7472418,0.68203,0.23062937,807.0211386680603,1309.4976425170898,0.96831614
8e88552d-b240-4b3c-8b30-fc71269c054b,175,5.833333333333333,left_foot_index,0.65776217,0.6405011,0.7856135,710.3831434249878,1229.762077331543,0.9359728
8e88552d-b240-4b3c-8b30-fc71269c054b,175,5.833333333333333,right_foot_index,0.8138136,0.6688651,0.20945911,878.9187169075012,1284.220962524414,0.98735416
8e88552d-b240-4b3c-8b30-fc71269c054b,176,5.866666666666666,nose,0.73398536,0.41988614,-0.050442457,792.7041935920715,806.1813926696777,0.9999755
8e88552d-b240-4b3c-8b30-fc71269c054b,176,5.866666666666666,left_shoulder,0.64320743,0.4500341,0.14532526,694.6640253067017,864.0654945373535,0.99984205
8e88552d-b240-4b3c-8b30-fc71269c054b,176,5.866666666666666,right_shoulder,0.6905956,0.470875,-0.3018434,745.8432769775391,904.0799903869629,0.999979
8e88552d-b240-4b3c-8b30-fc71269c054b,176,5.866666666666666,left_elbow,0.6475634,0.5027391,0.31546044,699.3684697151184,965.2590179443359,0.07246935
8e88552d-b240-4b3c-8b30-fc71269c054b,176,5.866666666666666,right_elbow,0.66362643,0.53269595,-0.21559957,716.7165470123291,1022.7762222290039,0.97806233
8e88552d-b240-4b3c-8b30-fc71269c054b,176,5.866666666666666,left_wrist,0.71654546,0.5235898,0.32445472,773.8690996170044,1005.2923965454102,0.25280425
8e88552d-b240-4b3c-8b30-fc71269c054b,176,5.866666666666666,right_wrist,0.7380147,0.53876305,0.020376828,797.0558738708496,1034.425048828125,0.94257814
8e88552d-b240-4b3c-8b30-fc71269c054b,176,5.866666666666666,left_hip,0.54961115,0.54576164,0.15096705,593.5800433158875,1047.8623580932617,0.99993634
8e88552d-b240-4b3c-8b30-fc71269c054b,176,5.866666666666666,right_hip,0.5816414,0.5569976,-0.15062478,628.1726861000061,1069.4353866577148,0.99997187
8e88552d-b240-4b3c-8b30-fc71269c054b,176,5.866666666666666,left_knee,0.6528626,0.5677927,0.4441482,705.0916171073914,1090.162010192871,0.77696127
8e88552d-b240-4b3c-8b30-fc71269c054b,176,5.866666666666666,right_knee,0.7070562,0.5953492,0.0030232694,763.6207222938538,1143.0704498291016,0.9939387
8e88552d-b240-4b3c-8b30-fc71269c054b,176,5.866666666666666,left_ankle,0.61800045,0.62804884,0.74132687,667.4404835700989,1205.8537673950195,0.9196114
8e88552d-b240-4b3c-8b30-fc71269c054b,176,5.866666666666666,right_ankle,0.7559247,0.6661951,0.20021115,816.3986778259277,1279.094581604004,0.99148434
8e88552d-b240-4b3c-8b30-fc71269c054b,176,5.866666666666666,left_heel,0.59938306,0.64268273,0.77168876,647.3337006568909,1233.9508438110352,0.90276736
8e88552d-b240-4b3c-8b30-fc71269c054b,176,5.866666666666666,right_heel,0.7431125,0.68205416,0.2216358,802.5615048408508,1309.5439910888672,0.96809065
8e88552d-b240-4b3c-8b30-fc71269c054b,176,5.866666666666666,left_foot_index,0.6599473,0.63634276,0.7715207,712.7430582046509,1221.7781066894531,0.9310936
8e88552d-b240-4b3c-8b30-fc71269c054b,176,5.866666666666666,right_foot_index,0.81147325,0.6696587,0.19839196,876.391110420227,1285.744743347168,0.98712
8e88552d-b240-4b3c-8b30-fc71269c054b,177,5.9,nose,0.73180187,0.42083934,-0.04266388,790.3460168838501,808.011531829834,0.9999769
8e88552d-b240-4b3c-8b30-fc71269c054b,177,5.9,left_shoulder,0.6401694,0.45082733,0.14448921,691.3829326629639,865.5884742736816,0.9998471
8e88552d-b240-4b3c-8b30-fc71269c054b,177,5.9,right_shoulder,0.6904822,0.47102967,-0.29969448,745.7207751274109,904.3769645690918,0.99998015
8e88552d-b240-4b3c-8b30-fc71269c054b,177,5.9,left_elbow,0.64783007,0.504136,0.31168994,699.6564745903015,967.9411697387695,0.074628524
8e88552d-b240-4b3c-8b30-fc71269c054b,177,5.9,right_elbow,0.6642172,0.5332171,-0.20887071,717.3545479774475,1023.7767791748047,0.97858226
8e88552d-b240-4b3c-8b30-fc71269c054b,177,5.9,left_wrist,0.7206749,0.52516586,0.3192598,778.3288621902466,1008.3184432983398,0.26247513
8e88552d-b240-4b3c-8b30-fc71269c054b,177,5.9,right_wrist,0.73897827,0.5392134,0.02898027,798.0965280532837,1035.2897644042969,0.9445863
8e88552d-b240-4b3c-8b30-fc71269c054b,177,5.9,left_hip,0.54868513,0.54661447,0.15091918,592.5799441337585,1049.4997787475586,0.9999384
8e88552d-b240-4b3c-8b30-fc71269c054b,177,5.9,right_hip,0.5827482,0.55727005,-0.1505794,629.3680286407471,1069.95849609375,0.9999734
8e88552d-b240-4b3c-8b30-fc71269c054b,177,5.9,left_knee,0.651769,0.5679178,0.44130173,703.9105010032654,1090.4022216796875,0.7684661
8e88552d-b240-4b3c-8b30-fc71269c054b,177,5.9,right_knee,0.7080636,0.59525037,0.005927603,764.7086906433105,1142.8807067871094,0.993863
8e88552d-b240-4b3c-8b30-fc71269c054b,177,5.9,left_ankle,0.6189787,0.6283447,0.73382735,668.4969735145569,1206.4218521118164,0.91477764
8e88552d-b240-4b3c-8b30-fc71269c054b,177,5.9,right_ankle,0.7531302,0.6663774,0.20900369,813.3806133270264,1279.4446563720703,0.99133945
8e88552d-b240-4b3c-8b30-fc71269c054b,177,5.9,left_heel,0.6009719,0.642595,0.7639196,649.0496277809143,1233.7823867797852,0.8981097
8e88552d-b240-4b3c-8b30-fc71269c054b,177,5.9,right_heel,0.74010545,0.6820986,0.23104803,799.3138861656189,1309.6293640136719,0.96777666
8e88552d-b240-4b3c-8b30-fc71269c054b,177,5.9,left_foot_index,0.6598497,0.6361576,0.7644789,712.6376795768738,1221.4225387573242,0.9271091
8e88552d-b240-4b3c-8b30-fc71269c054b,177,5.9,right_foot_index,0.80914736,0.6704516,0.20898609,873.8791465759277,1287.2670364379883,0.98679113
8e88552d-b240-4b3c-8b30-fc71269c054b,178,5.933333333333334,nose,0.72997314,0.42185792,-0.02793566,788.370988368988,809.967212677002,0.9999778
8e88552d-b240-4b3c-8b30-fc71269c054b,178,5.933333333333334,left_shoulder,0.6395343,0.45201,0.14832717,690.6970381736755,867.8592109680176,0.99985105
8e88552d-b240-4b3c-8b30-fc71269c054b,178,5.933333333333334,right_shoulder,0.6895746,0.47158906,-0.29022413,744.7405672073364,905.4509925842285,0.99998105
8e88552d-b240-4b3c-8b30-fc71269c054b,178,5.933333333333334,left_elbow,0.6483368,0.5052139,0.30071145,700.2037739753723,970.0107192993164,0.076855734
8e88552d-b240-4b3c-8b30-fc71269c054b,178,5.933333333333334,right_elbow,0.66426826,0.5334457,-0.19940795,717.4097156524658,1024.2157745361328,0.97905874
8e88552d-b240-4b3c-8b30-fc71269c054b,178,5.933333333333334,left_wrist,0.7209902,0.5264837,0.27399176,778.6693954467773,1010.8487319946289,0.270727
8e88552d-b240-4b3c-8b30-fc71269c054b,178,5.933333333333334,right_wrist,0.7399056,0.53918535,0.041468285,799.0980434417725,1035.2358627319336,0.9463089
8e88552d-b240-4b3c-8b30-fc71269c054b,178,5.933333333333334,left_hip,0.54855216,0.5468784,0.15090223,592.4363279342651,1050.0065231323242,0.99993974
8e88552d-b240-4b3c-8b30-fc71269c054b,178,5.933333333333334,right_hip,0.5827552,0.55753654,-0.1505639,629.3756246566772,1070.4701614379883,0.99997497
8e88552d-b240-4b3c-8b30-fc71269c054b,178,5.933333333333334,left_knee,0.65336573,0.5675708,0.43911475,705.6349897384644,1089.7359466552734,0.7595426
8e88552d-b240-4b3c-8b30-fc71269c054b,178,5.933333333333334,right_knee,0.7088857,0.594984,-0.015412807,765.5965876579285,1142.369270324707,0.99402314
8e88552d-b240-4b3c-8b30-fc71269c054b,178,5.933333333333334,left_ankle,0.62089,0.62828004,0.7264956,670.5612230300903,1206.2976837158203,0.91052186
8e88552d-b240-4b3c-8b30-fc71269c054b,178,5.933333333333334,right_ankle,0.751084,0.66653365,0.15820722,811.1707520484924,1279.7446060180664,0.99153095
8e88552d-b240-4b3c-8b30-fc71269c054b,178,5.933333333333334,left_heel,0.60341144,0.640695,0.7559842,651.6843509674072,1230.1343536376953,0.89350593
8e88552d-b240-4b3c-8b30-fc71269c054b,178,5.933333333333334,right_heel,0.7374066,0.68211424,0.17711031,796.3991403579712,1309.6593475341797,0.96847063
8e88552d-b240-4b3c-8b30-fc71269c054b,178,5.933333333333334,left_foot_index,0.6607135,0.6356678,0.75729555,713.5705733299255,1220.482177734375,0.9237974
8e88552d-b240-4b3c-8b30-fc71269c054b,178,5.933333333333334,right_foot_index,0.80629665,0.671311,0.15289919,870.8003783226013,1288.9171600341797,0.98696256
8e88552d-b240-4b3c-8b30-fc71269c054b,179,5.966666666666667,nose,0.7281965,0.42271632,-0.032866552,786.4522218704224,811.6153335571289,0.9999786
8e88552d-b240-4b3c-8b30-fc71269c054b,179,5.966666666666667,left_shoulder,0.6398941,0.453677,0.14730607,691.0856580734253,871.0598373413086,0.9998523
8e88552d-b240-4b3c-8b30-fc71269c054b,179,5.966666666666667,right_shoulder,0.6875497,0.47267514,-0.28998715,742.5536870956421,907.5362777709961,0.9999815
8e88552d-b240-4b3c-8b30-fc71269c054b,179,5.966666666666667,left_elbow,0.64907026,0.5063401,0.29939684,700.9958839416504,972.172966003418,0.07918887
8e88552d-b240-4b3c-8b30-fc71269c054b,179,5.966666666666667,right_elbow,0.6644213,0.5344931,-0.20144778,717.5750255584717,1026.2267303466797,0.97951657
8e88552d-b240-4b3c-8b30-fc71269c054b,179,5.966666666666667,left_wrist,0.7212319,0.5263826,0.27740324,778.9304280281067,1010.6546401977539,0.28005418
8e88552d-b240-4b3c-8b30-fc71269c054b,179,5.966666666666667,right_wrist,0.7403821,0.5395648,0.033095963,799.6126413345337,1035.9643936157227,0.94817305
8e88552d-b240-4b3c-8b30-fc71269c054b,179,5.966666666666667,left_hip,0.5486278,0.54803014,0.15076736,592.5180172920227,1052.2178649902344,0.9999405
8e88552d-b240-4b3c-8b30-fc71269c054b,179,5.966666666666667,right_hip,0.58222353,0.55833966,-0.1504232,628.801417350769,1072.0121383666992,0.99997604
8e88552d-b240-4b3c-8b30-fc71269c054b,179,5.966666666666667,left_knee,0.6587666,0.5670999,0.43576676,711.4679574966431,1088.8318634033203,0.7482606
8e88552d-b240-4b3c-8b30-fc71269c054b,179,5.966666666666667,right_knee,0.7097568,0.59364134,-0.01630324,766.5373349189758,1139.791374206543,0.99397385
8e88552d-b240-4b3c-8b30-fc71269c054b,179,5.966666666666667,left_ankle,0.6236701,0.6282976,0.7176035,673.5637092590332,1206.331443786621,0.90475184
8e88552d-b240-4b3c-8b30-fc71269c054b,179,5.966666666666667,right_ankle,0.7493345,0.6665385,0.1645372,809.2812752723694,1279.7538757324219,0.9914684
8e88552d-b240-4b3c-8b30-fc71269c054b,179,5.966666666666667,left_heel,0.60647756,0.6408771,0.74655783,654.9957633018494,1230.4840850830078,0.8876901
8e88552d-b240-4b3c-8b30-fc71269c054b,179,5.966666666666667,right_heel,0.73424524,0.6820896,0.18256138,792.9848599433899,1309.6120834350586,0.9685317
8e88552d-b240-4b3c-8b30-fc71269c054b,179,5.966666666666667,left_foot_index,0.66216826,0.6350642,0.7485139,715.1417255401611,1219.3232345581055,0.91951776
8e88552d-b240-4b3c-8b30-fc71269c054b,179,5.966666666666667,right_foot_index,0.8031456,0.67195326,0.15386121,867.3972344398499,1290.150260925293,0.9867797
8e88552d-b240-4b3c-8b30-fc71269c054b,180,6.0,nose,0.72682774,0.4235851,-0.03082387,784.9739599227905,813.2833671569824,0.99997914
8e88552d-b240-4b3c-8b30-fc71269c054b,180,6.0,left_shoulder,0.63986975,0.45484582,0.14623427,691.0593295097351,873.3039665222168,0.9998561
8e88552d-b240-4b3c-8b30-fc71269c054b,180,6.0,right_shoulder,0.6854719,0.4734334,-0.2870723,740.3096437454224,908.9921379089355,0.9999821
8e88552d-b240-4b3c-8b30-fc71269c054b,180,6.0,left_elbow,0.65055543,0.506318,0.29561862,702.5998663902283,972.1305084228516,0.08217334
8e88552d-b240-4b3c-8b30-fc71269c054b,180,6.0,right_elbow,0.6646614,0.5352783,-0.19637893,717.8343200683594,1027.734375,0.97970635
8e88552d-b240-4b3c-8b30-fc71269c054b,180,6.0,left_wrist,0.72058874,0.5262578,0.27362597,778.2358431816101,1010.4150009155273,0.2907366
8e88552d-b240-4b3c-8b30-fc71269c054b,180,6.0,right_wrist,0.74052054,0.5394419,0.039105583,799.762179851532,1035.728416442871,0.9497467
8e88552d-b240-4b3c-8b30-fc71269c054b,180,6.0,left_hip,0.54860634,0.5482264,0.15131465,592.494843006134,1052.5947189331055,0.9999421
8e88552d-b240-4b3c-8b30-fc71269c054b,180,6.0,right_hip,0.58185583,0.55937934,-0.15096477,628.4043002128601,1074.0083312988281,0.99997747
8e88552d-b240-4b3c-8b30-fc71269c054b,180,6.0,left_knee,0.6618905,0.5635054,0.44353545,714.8417472839355,1081.9303894042969,0.7319263
8e88552d-b240-4b3c-8b30-fc71269c054b,180,6.0,right_knee,0.71191514,0.5921771,-0.0341659,768.8683462142944,1136.9800186157227,0.9939021
8e88552d-b240-4b3c-8b30-fc71269c054b,180,6.0,left_ankle,0.62619245,0.6262842,0.72331727,676.2878465652466,1202.4656295776367,0.8981399
8e88552d-b240-4b3c-8b30-fc71269c054b,180,6.0,right_ankle,0.7460106,0.6664879,0.14744078,805.6914496421814,1279.6567153930664,0.99149877
8e88552d-b240-4b3c-8b30-fc71269c054b,180,6.0,left_heel,0.60940176,0.63885796,0.75191295,658.1539034843445,1226.6072845458984,0.8817408
8e88552d-b240-4b3c-8b30-fc71269c054b,180,6.0,right_heel,0.72903746,0.6811983,0.16757081,787.3604607582092,1307.900733947754,0.96891665
8e88552d-b240-4b3c-8b30-fc71269c054b,180,6.0,left_foot_index,0.6629738,0.6351249,0.7533343,716.0117268562317,1219.4398498535156,0.91512173
8e88552d-b240-4b3c-8b30-fc71269c054b,180,6.0,right_foot_index,0.79933965,0.6722289,0.14435267,863.2868242263794,1290.6794357299805,0.9868038
8e88552d-b240-4b3c-8b30-fc71269c054b,181,6.033333333333333,nose,0.72468215,0.42427397,-0.025941025,782.6567244529724,814.6060180664062,0.99997956
8e88552d-b240-4b3c-8b30-fc71269c054b,181,6.033333333333333,left_shoulder,0.63821685,0.4555138,0.14842413,689.2742013931274,874.5865058898926,0.9998589
8e88552d-b240-4b3c-8b30-fc71269c054b,181,6.033333333333333,right_shoulder,0.68442774,0.4740935,-0.28669438,739.181957244873,910.2595138549805,0.99998266
8e88552d-b240-4b3c-8b30-fc71269c054b,181,6.033333333333333,left_elbow,0.6511477,0.5073789,0.29844135,703.239541053772,974.1674423217773,0.08497037
8e88552d-b240-4b3c-8b30-fc71269c054b,181,6.033333333333333,right_elbow,0.66475886,0.5359171,-0.19618347,717.9395699501038,1028.960838317871,0.97982866
8e88552d-b240-4b3c-8b30-fc71269c054b,181,6.033333333333333,left_wrist,0.72008896,0.52653337,0.28556675,777.6960754394531,1010.9440612792969,0.3002002
8e88552d-b240-4b3c-8b30-fc71269c054b,181,6.033333333333333,right_wrist,0.74055606,0.53941387,0.04381987,799.800546169281,1035.6746292114258,0.95129615
8e88552d-b240-4b3c-8b30-fc71269c054b,181,6.033333333333333,left_hip,0.54800314,0.54869324,0.15238945,591.8433880805969,1053.4910202026367,0.99994355
8e88552d-b240-4b3c-8b30-fc71269c054b,181,6.033333333333333,right_hip,0.5817582,0.5600703,-0.1520652,628.2988572120667,1075.3349304199219,0.99997866
8e88552d-b240-4b3c-8b30-fc71269c054b,181,6.033333333333333,left_knee,0.66110384,0.5629813,0.4415855,713.9921522140503,1080.9241104125977,0.7134718
8e88552d-b240-4b3c-8b30-fc71269c054b,181,6.033333333333333,right_knee,0.71353406,0.59071696,-0.03449002,770.6167817115784,1134.1765594482422,0.99353313
8e88552d-b240-4b3c-8b30-fc71269c054b,181,6.033333333333333,left_ankle,0.6273724,0.6262076,0.69708204,677.5621747970581,1202.3185729980469,0.8904714
8e88552d-b240-4b3c-8b30-fc71269c054b,181,6.033333333333333,right_ankle,0.74276435,0.6668673,0.14741364,802.1855020523071,1280.3852462768555,0.99130183
8e88552d-b240-4b3c-8b30-fc71269c054b,181,6.033333333333333,left_heel,0.6118413,0.6377743,0.7224835,660.7886266708374,1224.5266342163086,0.87551236
8e88552d-b240-4b3c-8b30-fc71269c054b,181,6.033333333333333,right_heel,0.72552365,0.6812543,0.16841811,783.5655426979065,1308.0083084106445,0.9687653
8e88552d-b240-4b3c-8b30-fc71269c054b,181,6.033333333333333,left_foot_index,0.66372544,0.635554,0.72550833,716.8234705924988,1220.2637100219727,0.9099826
8e88552d-b240-4b3c-8b30-fc71269c054b,181,6.033333333333333,right_foot_index,0.7961141,0.6720265,0.15241678,859.8032140731812,1290.2909088134766,0.9865292
8e88552d-b240-4b3c-8b30-fc71269c054b,182,6.066666666666666,nose,0.7233873,0.42525637,-0.044299636,781.2582850456238,816.4922332763672,0.9999794
8e88552d-b240-4b3c-8b30-fc71269c054b,182,6.066666666666666,left_shoulder,0.63798314,0.45659354,0.14033148,689.02179479599,876.6596031188965,0.9998578
8e88552d-b240-4b3c-8b30-fc71269c054b,182,6.066666666666666,right_shoulder,0.6830644,0.4755176,-0.29479447,737.7095532417297,912.9937934875488,0.9999826
8e88552d-b240-4b3c-8b30-fc71269c054b,182,6.066666666666666,left_elbow,0.6517935,0.50897187,0.29851478,703.9369583129883,977.2259902954102,0.08712883
8e88552d-b240-4b3c-8b30-fc71269c054b,182,6.066666666666666,right_elbow,0.66503716,0.53785336,-0.20277871,718.2401275634766,1032.678451538086,0.97950804
8e88552d-b240-4b3c-8b30-fc71269c054b,182,6.066666666666666,left_wrist,0.720065,0.5266779,0.3059428,777.6701974868774,1011.2215805053711,0.3103961
8e88552d-b240-4b3c-8b30-fc71269c054b,182,6.066666666666666,right_wrist,0.74046355,0.5393959,0.028930565,799.7006392478943,1035.6401824951172,0.95262665
8e88552d-b240-4b3c-8b30-fc71269c054b,182,6.066666666666666,left_hip,0.54797953,0.54942477,0.15275545,591.8178963661194,1054.8955535888672,0.9999432
8e88552d-b240-4b3c-8b30-fc71269c054b,182,6.066666666666666,right_hip,0.5806692,0.5613976,-0.1524274,627.1227622032166,1077.883415222168,0.9999792
8e88552d-b240-4b3c-8b30-fc71269c054b,182,6.066666666666666,left_knee,0.66656786,0.5620491,0.43137446,719.8932909965515,1079.1342544555664,0.69364923
8e88552d-b240-4b3c-8b30-fc71269c054b,182,6.066666666666666,right_knee,0.7150244,0.5896209,-0.039269827,772.2263646125793,1132.0721054077148,0.9929538
8e88552d-b240-4b3c-8b30-fc71269c054b,182,6.066666666666666,left_ankle,0.6295544,0.62471175,0.6896156,679.9187421798706,1199.4465637207031,0.88014096
8e88552d-b240-4b3c-8b30-fc71269c054b,182,6.066666666666666,right_ankle,0.74010396,0.66713446,0.1499873,799.31227684021,1280.8981704711914,0.99082917
8e88552d-b240-4b3c-8b30-fc71269c054b,182,6.066666666666666,left_heel,0.6135959,0.6356718,0.7160401,662.6835751533508,1220.489845275879,0.86674833
8e88552d-b240-4b3c-8b30-fc71269c054b,182,6.066666666666666,right_heel,0.7223971,0.681298,0.17827217,780.1888561248779,1308.0921936035156,0.96813464
8e88552d-b240-4b3c-8b30-fc71269c054b,182,6.066666666666666,left_foot_index,0.6641983,0.63570505,0.71706843,717.3341417312622,1220.5537033081055,0.9026668
8e88552d-b240-4b3c-8b30-fc71269c054b,182,6.066666666666666,right_foot_index,0.7924266,0.67211974,0.16882662,855.8207130432129,1290.4698944091797,0.9858505
8e88552d-b240-4b3c-8b30-fc71269c054b,183,6.1,nose,0.72251195,0.42632458,-0.01893904,780.3129029273987,818.5431861877441,0.9999782
8e88552d-b240-4b3c-8b30-fc71269c054b,183,6.1,left_shoulder,0.6378974,0.45824787,0.14755018,688.9291620254517,879.8359107971191,0.99985814
8e88552d-b240-4b3c-8b30-fc71269c054b,183,6.1,right_shoulder,0.6823045,0.47686717,-0.28176925,736.888861656189,915.5849647521973,0.9999824
8e88552d-b240-4b3c-8b30-fc71269c054b,183,6.1,left_elbow,0.65100837,0.5098895,0.2906839,703.0890369415283,978.9878082275391,0.08718821
8e88552d-b240-4b3c-8b30-fc71269c054b,183,6.1,right_elbow,0.6649949,0.538547,-0.17744479,718.1944870948792,1034.0102005004883,0.9789814
8e88552d-b240-4b3c-8b30-fc71269c054b,183,6.1,left_wrist,0.71827555,0.52800155,0.2723302,775.7375907897949,1013.7629699707031,0.31289512
8e88552d-b240-4b3c-8b30-fc71269c054b,183,6.1,right_wrist,0.7404639,0.5389741,0.08150932,799.7010254859924,1034.8302841186523,0.95297545
8e88552d-b240-4b3c-8b30-fc71269c054b,183,6.1,left_hip,0.5475421,0.5500281,0.15303263,591.3454627990723,1056.0539245605469,0.9999423
8e88552d-b240-4b3c-8b30-fc71269c054b,183,6.1,right_hip,0.5807564,0.562049,-0.1526896,627.2169399261475,1079.1340255737305,0.99997985
8e88552d-b240-4b3c-8b30-fc71269c054b,183,6.1,left_knee,0.6673743,0.562372,0.43052766,720.7642579078674,1079.754295349121,0.6749237
8e88552d-b240-4b3c-8b30-fc71269c054b,183,6.1,right_knee,0.716904,0.5891608,-0.053705316,774.2563033103943,1131.188735961914,0.9924896
8e88552d-b240-4b3c-8b30-fc71269c054b,183,6.1,left_ankle,0.6309363,0.6242497,0.6621859,681.4112305641174,1198.5594177246094,0.8720272
8e88552d-b240-4b3c-8b30-fc71269c054b,183,6.1,right_ankle,0.7365415,0.66780967,0.11764302,795.4648303985596,1282.1945571899414,0.9905474
8e88552d-b240-4b3c-8b30-fc71269c054b,183,6.1,left_heel,0.61540115,0.6352873,0.68568105,664.6332406997681,1219.7515869140625,0.8605259
8e88552d-b240-4b3c-8b30-fc71269c054b,183,6.1,right_heel,0.7187167,0.682635,0.13862628,776.2140154838562,1310.6592178344727,0.9679222
8e88552d-b240-4b3c-8b30-fc71269c054b,183,6.1,left_foot_index,0.66642344,0.63502014,0.68745464,719.7373151779175,1219.2386627197266,0.89708036
8e88552d-b240-4b3c-8b30-fc71269c054b,183,6.1,right_foot_index,0.7899669,0.6723012,0.12485346,853.1642317771912,1290.8182525634766,0.9854985
8e88552d-b240-4b3c-8b30-fc71269c054b,184,6.133333333333334,nose,0.72116184,0.42739168,-0.03501614,778.8547897338867,820.5920219421387,0.9999774
8e88552d-b240-4b3c-8b30-fc71269c054b,184,6.133333333333334,left_shoulder,0.63752466,0.45933193,0.14774227,688.5266375541687,881.9173049926758,0.9998581
8e88552d-b240-4b3c-8b30-fc71269c054b,184,6.133333333333334,right_shoulder,0.6804558,0.47776854,-0.29391378,734.8922681808472,917.3155975341797,0.99998266
8e88552d-b240-4b3c-8b30-fc71269c054b,184,6.133333333333334,left_elbow,0.64885074,0.5115574,0.2933566,700.758798122406,982.1902084350586,0.08670442
8e88552d-b240-4b3c-8b30-fc71269c054b,184,6.133333333333334,right_elbow,0.6647314,0.5408067,-0.20030959,717.909893989563,1038.3488845825195,0.97882503
8e88552d-b240-4b3c-8b30-fc71269c054b,184,6.133333333333334,left_wrist,0.7164032,0.52825797,0.28708422,773.7154412269592,1014.2552947998047,0.31509927
8e88552d-b240-4b3c-8b30-fc71269c054b,184,6.133333333333334,right_wrist,0.7401814,0.5389703,0.042090867,799.3958973884583,1034.8229598999023,0.954041
8e88552d-b240-4b3c-8b30-fc71269c054b,184,6.133333333333334,left_hip,0.547338,0.55138403,0.15516879,591.1250495910645,1058.657341003418,0.99994034
8e88552d-b240-4b3c-8b30-fc71269c054b,184,6.133333333333334,right_hip,0.58021194,0.56381726,-0.15480687,626.6288924217224,1082.5291442871094,0.9999803
8e88552d-b240-4b3c-8b30-fc71269c054b,184,6.133333333333334,left_knee,0.6689099,0.56015974,0.43859175,722.4226999282837,1075.506706237793,0.6477082
8e88552d-b240-4b3c-8b30-fc71269c054b,184,6.133333333333334,right_knee,0.7187477,0.5888481,-0.05720848,776.2474894523621,1130.58837890625,0.99200755
8e88552d-b240-4b3c-8b30-fc71269c054b,184,6.133333333333334,left_ankle,0.63166624,0.6216203,0.6875634,682.1995425224304,1193.510971069336,0.85544944
8e88552d-b240-4b3c-8b30-fc71269c054b,184,6.133333333333334,right_ankle,0.7340355,0.66800135,0.13411921,792.7583312988281,1282.562599182129,0.99004954
8e88552d-b240-4b3c-8b30-fc71269c054b,184,6.133333333333334,left_heel,0.61715144,0.63022554,0.71265155,666.5235543251038,1210.0330352783203,0.846973
8e88552d-b240-4b3c-8b30-fc71269c054b,184,6.133333333333334,right_heel,0.715916,0.68271166,0.156105,773.1892561912537,1310.8063888549805,0.9675102
8e88552d-b240-4b3c-8b30-fc71269c054b,184,6.133333333333334,left_foot_index,0.6670807,0.63315046,0.7204857,720.4471564292908,1215.6488800048828,0.8862724
8e88552d-b240-4b3c-8b30-fc71269c054b,184,6.133333333333334,right_foot_index,0.7871154,0.67256856,0.13984784,850.0846266746521,1291.3316345214844,0.9848656
8e88552d-b240-4b3c-8b30-fc71269c054b,185,6.166666666666667,nose,0.7206068,0.4281483,-0.05514653,778.2553482055664,822.044734954834,0.99997514
8e88552d-b240-4b3c-8b30-fc71269c054b,185,6.166666666666667,left_shoulder,0.63784146,0.4605458,0.15198784,688.8687801361084,884.2479515075684,0.99985677
8e88552d-b240-4b3c-8b30-fc71269c054b,185,6.166666666666667,right_shoulder,0.6778557,0.4788697,-0.29739416,732.0841240882874,919.4298362731934,0.9999823
8e88552d-b240-4b3c-8b30-fc71269c054b,185,6.166666666666667,left_elbow,0.64208716,0.514655,0.29353407,693.4541344642639,988.1375885009766,0.08627471
8e88552d-b240-4b3c-8b30-fc71269c054b,185,6.166666666666667,right_elbow,0.6647067,0.54121023,-0.21118116,717.883243560791,1039.123649597168,0.9782746
8e88552d-b240-4b3c-8b30-fc71269c054b,185,6.166666666666667,left_wrist,0.71548045,0.5287849,0.28071684,772.71888256073,1015.2669525146484,0.31293947
8e88552d-b240-4b3c-8b30-fc71269c054b,185,6.166666666666667,right_wrist,0.74018157,0.53849816,0.025605097,799.3960905075073,1033.9164733886719,0.95429885
8e88552d-b240-4b3c-8b30-fc71269c054b,185,6.166666666666667,left_hip,0.54768485,0.5519363,0.15745622,591.4996361732483,1059.7177505493164,0.99993855
8e88552d-b240-4b3c-8b30-fc71269c054b,185,6.166666666666667,right_hip,0.58003116,0.5648068,-0.15708888,626.4336490631104,1084.4290924072266,0.9999806
8e88552d-b240-4b3c-8b30-fc71269c054b,185,6.166666666666667,left_knee,0.6698189,0.5597734,0.44543472,723.4043884277344,1074.7649002075195,0.62289125
8e88552d-b240-4b3c-8b30-fc71269c054b,185,6.166666666666667,right_knee,0.7199583,0.5882608,-0.06917056,777.5549697875977,1129.460792541504,0.9915277
8e88552d-b240-4b3c-8b30-fc71269c054b,185,6.166666666666667,left_ankle,0.63277185,0.62008446,0.70146954,683.3935976028442,1190.5621719360352,0.84108955
8e88552d-b240-4b3c-8b30-fc71269c054b,185,6.166666666666667,right_ankle,0.731788,0.66818017,0.1225855,790.3310179710388,1282.9059219360352,0.98955
8e88552d-b240-4b3c-8b30-fc71269c054b,185,6.166666666666667,left_heel,0.6180267,0.6293738,0.7271518,667.4688076972961,1208.3976745605469,0.8353287
8e88552d-b240-4b3c-8b30-fc71269c054b,185,6.166666666666667,right_heel,0.7129584,0.68305814,0.14472863,769.9950671195984,1311.4716339111328,0.96710956
8e88552d-b240-4b3c-8b30-fc71269c054b,185,6.166666666666667,left_foot_index,0.66757745,0.6332266,0.73185456,720.9836411476135,1215.795021057129,0.87776124
8e88552d-b240-4b3c-8b30-fc71269c054b,185,6.166666666666667,right_foot_index,0.7840838,0.67296785,0.12797664,846.8104863166809,1292.098274230957,0.9843407
8e88552d-b240-4b3c-8b30-fc71269c054b,186,6.2,nose,0.7184172,0.42923546,-0.05587408,775.8906054496765,824.132080078125,0.99997365
8e88552d-b240-4b3c-8b30-fc71269c054b,186,6.2,left_shoulder,0.6374057,0.4622701,0.15196465,688.3981490135193,887.5586128234863,0.99985695
8e88552d-b240-4b3c-8b30-fc71269c054b,186,6.2,right_shoulder,0.6761814,0.4795357,-0.30135426,730.2758860588074,920.7085418701172,0.9999824
8e88552d-b240-4b3c-8b30-fc71269c054b,186,6.2,left_elbow,0.6426366,0.51626134,0.29413706,694.0475249290466,991.2217712402344,0.087070405
8e88552d-b240-4b3c-8b30-fc71269c054b,186,6.2,right_elbow,0.6646975,0.54304683,-0.22419295,717.873330116272,1042.649917602539,0.97836393
8e88552d-b240-4b3c-8b30-fc71269c054b,186,6.2,left_wrist,0.71583146,0.52921,0.28144017,773.0979752540588,1016.0831451416016,0.3160968
8e88552d-b240-4b3c-8b30-fc71269c054b,186,6.2,right_wrist,0.74073464,0.53855884,-0.0036383958,799.9934077262878,1034.032974243164,0.95574725
8e88552d-b240-4b3c-8b30-fc71269c054b,186,6.2,left_hip,0.54769564,0.5532936,0.158049,591.511287689209,1062.3236846923828,0.99993646
8e88552d-b240-4b3c-8b30-fc71269c054b,186,6.2,right_hip,0.57995826,0.5660561,-0.15768977,626.3549208641052,1086.8276596069336,0.9999806
8e88552d-b240-4b3c-8b30-fc71269c054b,186,6.2,left_knee,0.67309314,0.5595434,0.4434137,726.9405913352966,1074.3232727050781,0.5994084
8e88552d-b240-4b3c-8b30-fc71269c054b,186,6.2,right_knee,0.72099286,0.588405,-0.060595747,778.6722922325134,1129.7376251220703,0.99086523
8e88552d-b240-4b3c-8b30-fc71269c054b,186,6.2,left_ankle,0.6334394,0.6197303,0.70126474,684.1145753860474,1189.8821640014648,0.826804
8e88552d-b240-4b3c-8b30-fc71269c054b,186,6.2,right_ankle,0.7297324,0.66824585,0.13963628,788.1109857559204,1283.0320358276367,0.9889072
8e88552d-b240-4b3c-8b30-fc71269c054b,186,6.2,left_heel,0.6186678,0.6293036,0.7269686,668.1612038612366,1208.2628631591797,0.82406956
8e88552d-b240-4b3c-8b30-fc71269c054b,186,6.2,right_heel,0.71060896,0.68314844,0.166545,767.4576759338379,1311.6450119018555,0.966453
8e88552d-b240-4b3c-8b30-fc71269c054b,186,6.2,left_foot_index,0.6686939,0.63337255,0.7307726,722.1894121170044,1216.0752868652344,0.8689651
8e88552d-b240-4b3c-8b30-fc71269c054b,186,6.2,right_foot_index,0.7826413,0.67390954,0.15608974,845.2525949478149,1293.9063262939453,0.9835671
8e88552d-b240-4b3c-8b30-fc71269c054b,187,6.233333333333333,nose,0.71621364,0.4291395,-0.07092109,773.5107350349426,823.9478302001953,0.9999724
8e88552d-b240-4b3c-8b30-fc71269c054b,187,6.233333333333333,left_shoulder,0.63606864,0.46343067,0.14825618,686.9541335105896,889.7868919372559,0.99985784
8e88552d-b240-4b3c-8b30-fc71269c054b,187,6.233333333333333,right_shoulder,0.67518455,0.4804258,-0.30702445,729.1993117332458,922.4175453186035,0.9999824
8e88552d-b240-4b3c-8b30-fc71269c054b,187,6.233333333333333,left_elbow,0.63481665,0.5224785,0.29088286,685.601978302002,1003.1587600708008,0.087572396
8e88552d-b240-4b3c-8b30-fc71269c054b,187,6.233333333333333,right_elbow,0.6647104,0.5441381,-0.22496516,717.8872346878052,1044.745101928711,0.97805613
8e88552d-b240-4b3c-8b30-fc71269c054b,187,6.233333333333333,left_wrist,0.7158313,0.5296063,0.27754873,773.0977821350098,1016.8440628051758,0.3185434
8e88552d-b240-4b3c-8b30-fc71269c054b,187,6.233333333333333,right_wrist,0.7425561,0.538514,0.0022871373,801.9605827331543,1033.9469146728516,0.95668584
8e88552d-b240-4b3c-8b30-fc71269c054b,187,6.233333333333333,left_hip,0.5476603,0.5538761,0.15868312,591.473114490509,1063.4421157836914,0.9999355
8e88552d-b240-4b3c-8b30-fc71269c054b,187,6.233333333333333,right_hip,0.57997024,0.56640404,-0.15833545,626.3678598403931,1087.4957656860352,0.99998105
8e88552d-b240-4b3c-8b30-fc71269c054b,187,6.233333333333333,left_knee,0.67194706,0.55993176,0.44639283,725.7028269767761,1075.0689697265625,0.5758018
8e88552d-b240-4b3c-8b30-fc71269c054b,187,6.233333333333333,right_knee,0.7219069,0.5884922,-0.060582675,779.6594524383545,1129.9050521850586,0.9901597
8e88552d-b240-4b3c-8b30-fc71269c054b,187,6.233333333333333,left_ankle,0.6333658,0.62006557,0.7017905,684.035074710846,1190.525894165039,0.81207526
8e88552d-b240-4b3c-8b30-fc71269c054b,187,6.233333333333333,right_ankle,0.7258645,0.66875684,0.1416724,783.9336919784546,1284.0131378173828,0.9883225
8e88552d-b240-4b3c-8b30-fc71269c054b,187,6.233333333333333,left_heel,0.61923486,0.6292361,0.72739494,668.7736487388611,1208.133316040039,0.8126389
8e88552d-b240-4b3c-8b30-fc71269c054b,187,6.233333333333333,right_heel,0.7078329,0.68351203,0.16699804,764.459502696991,1312.3431015014648,0.9657828
8e88552d-b240-4b3c-8b30-fc71269c054b,187,6.233333333333333,left_foot_index,0.66911393,0.6331264,0.7307391,722.6430487632751,1215.6026458740234,0.8602742
8e88552d-b240-4b3c-8b30-fc71269c054b,187,6.233333333333333,right_foot_index,0.7799044,0.67539304,0.15594992,842.2967791557312,1296.7546463012695,0.9829586
8e88552d-b240-4b3c-8b30-fc71269c054b,188,6.266666666666667,nose,0.71447647,0.4294809,-0.07795752,771.6345834732056,824.6033477783203,0.9999707
8e88552d-b240-4b3c-8b30-fc71269c054b,188,6.266666666666667,left_shoulder,0.63590443,0.46444255,0.14118108,686.7767858505249,891.7296981811523,0.99985665
8e88552d-b240-4b3c-8b30-fc71269c054b,188,6.266666666666667,right_shoulder,0.6737142,0.48176363,-0.3115739,727.611358165741,924.9861717224121,0.99998194
8e88552d-b240-4b3c-8b30-fc71269c054b,188,6.266666666666667,left_elbow,0.6360504,0.52119905,0.28817493,686.9344353675842,1000.7021713256836,0.08812189
8e88552d-b240-4b3c-8b30-fc71269c054b,188,6.266666666666667,right_elbow,0.6647483,0.5447043,-0.22691514,717.9281759262085,1045.832290649414,0.9774472
8e88552d-b240-4b3c-8b30-fc71269c054b,188,6.266666666666667,left_wrist,0.71581906,0.5295863,0.2762932,773.0845856666565,1016.8057250976562,0.31988773
8e88552d-b240-4b3c-8b30-fc71269c054b,188,6.266666666666667,right_wrist,0.7433561,0.5381806,0.0048948643,802.8245973587036,1033.3067321777344,0.9566994
8e88552d-b240-4b3c-8b30-fc71269c054b,188,6.266666666666667,left_hip,0.54765356,0.5543105,0.1593403,591.4658403396606,1064.2761611938477,0.99993247
8e88552d-b240-4b3c-8b30-fc71269c054b,188,6.266666666666667,right_hip,0.58002746,0.5674753,-0.15900175,626.4296579360962,1089.5526123046875,0.99998087
8e88552d-b240-4b3c-8b30-fc71269c054b,188,6.266666666666667,left_knee,0.6731211,0.55879366,0.44668832,726.9707822799683,1072.8838348388672,0.552537
8e88552d-b240-4b3c-8b30-fc71269c054b,188,6.266666666666667,right_knee,0.7220992,0.58837867,-0.06451458,779.8671197891235,1129.6870422363281,0.98949856
8e88552d-b240-4b3c-8b30-fc71269c054b,188,6.266666666666667,left_ankle,0.6337878,0.6175976,0.7025497,684.4908356666565,1185.787353515625,0.79643
8e88552d-b240-4b3c-8b30-fc71269c054b,188,6.266666666666667,right_ankle,0.7232081,0.6688687,0.14294624,781.0647797584534,1284.2279434204102,0.98766726
8e88552d-b240-4b3c-8b30-fc71269c054b,188,6.266666666666667,left_heel,0.6194297,0.62770504,0.7280541,668.9840841293335,1205.1936721801758,0.7994032
8e88552d-b240-4b3c-8b30-fc71269c054b,188,6.266666666666667,right_heel,0.705846,0.68350774,0.16762243,762.3136925697327,1312.334861755371,0.96476215
8e88552d-b240-4b3c-8b30-fc71269c054b,188,6.266666666666667,left_foot_index,0.66890347,0.6326106,0.7306895,722.4157476425171,1214.6123886108398,0.850624
8e88552d-b240-4b3c-8b30-fc71269c054b,188,6.266666666666667,right_foot_index,0.7791113,0.6756251,0.15536602,841.4402318000793,1297.2001647949219,0.98223376
8e88552d-b240-4b3c-8b30-fc71269c054b,189,6.3,nose,0.7128506,0.4301717,-0.06403884,769.8786163330078,825.9296607971191,0.9999705
8e88552d-b240-4b3c-8b30-fc71269c054b,189,6.3,left_shoulder,0.6319767,0.46469462,0.14416485,682.5348615646362,892.2136688232422,0.9998589
8e88552d-b240-4b3c-8b30-fc71269c054b,189,6.3,right_shoulder,0.6733624,0.48284727,-0.30420047,727.2313642501831,927.066764831543,0.99998224
8e88552d-b240-4b3c-8b30-fc71269c054b,189,6.3,left_elbow,0.63613045,0.51970285,0.30433097,687.0208883285522,997.829475402832,0.08621633
8e88552d-b240-4b3c-8b30-fc71269c054b,189,6.3,right_elbow,0.6652522,0.54523635,-0.20781292,718.4723854064941,1046.8537902832031,0.9766987
8e88552d-b240-4b3c-8b30-fc71269c054b,189,6.3,left_wrist,0.70806104,0.52943516,0.31230843,764.7059226036072,1016.5155029296875,0.31588674
8e88552d-b240-4b3c-8b30-fc71269c054b,189,6.3,right_wrist,0.74357843,0.53748894,0.04255594,803.0647087097168,1031.978759765625,0.9560339
8e88552d-b240-4b3c-8b30-fc71269c054b,189,6.3,left_hip,0.5475629,0.55537945,0.1591307,591.367928981781,1066.3285446166992,0.9999319
8e88552d-b240-4b3c-8b30-fc71269c054b,189,6.3,right_hip,0.5805715,0.568147,-0.15879285,627.0171904563904,1090.8422470092773,0.9999813
8e88552d-b240-4b3c-8b30-fc71269c054b,189,6.3,left_knee,0.67250276,0.55658376,0.4570571,726.3029766082764,1068.6408233642578,0.5270311
8e88552d-b240-4b3c-8b30-fc71269c054b,189,6.3,right_knee,0.72200197,0.5878597,-0.060452715,779.7621273994446,1128.6906051635742,0.98858654
8e88552d-b240-4b3c-8b30-fc71269c054b,189,6.3,left_ankle,0.6344239,0.61711407,0.70624954,685.1778244972229,1184.8590087890625,0.78124815
8e88552d-b240-4b3c-8b30-fc71269c054b,189,6.3,right_ankle,0.7217895,0.66881263,0.13730058,779.5326375961304,1284.1202545166016,0.98688483
8e88552d-b240-4b3c-8b30-fc71269c054b,189,6.3,left_heel,0.61985266,0.6276755,0.7312863,669.4408750534058,1205.1369094848633,0.78775233
8e88552d-b240-4b3c-8b30-fc71269c054b,189,6.3,right_heel,0.7046229,0.6834848,0.1605094,760.9927582740784,1312.2908020019531,0.9636664
8e88552d-b240-4b3c-8b30-fc71269c054b,189,6.3,left_foot_index,0.6704305,0.63161564,0.7351637,724.0649199485779,1212.7020263671875,0.84226465
8e88552d-b240-4b3c-8b30-fc71269c054b,189,6.3,right_foot_index,0.7755021,0.6755095,0.14964622,837.5422525405884,1296.9782638549805,0.98151785
8e88552d-b240-4b3c-8b30-fc71269c054b,190,6.333333333333333,nose,0.71126634,0.43129227,-0.06400259,768.1676459312439,828.0811500549316,0.9999681
8e88552d-b240-4b3c-8b30-fc71269c054b,190,6.333333333333333,left_shoulder,0.63222563,0.4663184,0.14226472,682.8036832809448,895.3313255310059,0.9998558
8e88552d-b240-4b3c-8b30-fc71269c054b,190,6.333333333333333,right_shoulder,0.6709156,0.48421913,-0.2992747,724.5888519287109,929.7007369995117,0.9999813
8e88552d-b240-4b3c-8b30-fc71269c054b,190,6.333333333333333,left_elbow,0.64287835,0.5188341,0.28474587,694.3086218833923,996.1614990234375,0.084849805
8e88552d-b240-4b3c-8b30-fc71269c054b,190,6.333333333333333,right_elbow,0.66531557,0.5454687,-0.2038947,718.5408139228821,1047.2998809814453,0.97517455
8e88552d-b240-4b3c-8b30-fc71269c054b,190,6.333333333333333,left_wrist,0.70871866,0.5296027,0.2672052,765.4161500930786,1016.8371963500977,0.31072354
8e88552d-b240-4b3c-8b30-fc71269c054b,190,6.333333333333333,right_wrist,0.74401355,0.5361907,0.042624917,803.534631729126,1029.4861221313477,0.95406663
8e88552d-b240-4b3c-8b30-fc71269c054b,190,6.333333333333333,left_hip,0.54768026,0.5553804,0.15848997,591.4946794509888,1066.3303756713867,0.9999295
8e88552d-b240-4b3c-8b30-fc71269c054b,190,6.333333333333333,right_hip,0.5806306,0.5683832,-0.1581638,627.081048488617,1091.2957763671875,0.9999815
8e88552d-b240-4b3c-8b30-fc71269c054b,190,6.333333333333333,left_knee,0.66848004,0.5570987,0.45682827,721.958441734314,1069.6294784545898,0.5069853
8e88552d-b240-4b3c-8b30-fc71269c054b,190,6.333333333333333,right_knee,0.7217804,0.5875628,-0.0671598,779.522852897644,1128.1205749511719,0.988349
8e88552d-b240-4b3c-8b30-fc71269c054b,190,6.333333333333333,left_ankle,0.63458526,0.6155339,0.70252913,685.3520822525024,1181.825065612793,0.7703005
8e88552d-b240-4b3c-8b30-fc71269c054b,190,6.333333333333333,right_ankle,0.7200951,0.66869956,0.100644365,777.7027058601379,1283.9031600952148,0.986814
8e88552d-b240-4b3c-8b30-fc71269c054b,190,6.333333333333333,left_heel,0.62057215,0.6266308,0.7266393,670.2179217338562,1203.131103515625,0.77887416
8e88552d-b240-4b3c-8b30-fc71269c054b,190,6.333333333333333,right_heel,0.70309746,0.68288803,0.12010658,759.3452596664429,1311.14501953125,0.9638688
8e88552d-b240-4b3c-8b30-fc71269c054b,190,6.333333333333333,left_foot_index,0.6701269,0.6296708,0.7303555,723.7370681762695,1208.9679336547852,0.8368735
8e88552d-b240-4b3c-8b30-fc71269c054b,190,6.333333333333333,right_foot_index,0.7755426,0.6758738,0.10397742,837.5860261917114,1297.6777267456055,0.98153275
8e88552d-b240-4b3c-8b30-fc71269c054b,191,6.366666666666666,nose,0.70943725,0.43253574,-0.0580677,766.1922311782837,830.4686164855957,0.99996585
8e88552d-b240-4b3c-8b30-fc71269c054b,191,6.366666666666666,left_shoulder,0.6305166,0.46724752,0.14605212,680.9579157829285,897.1152305603027,0.9998567
8e88552d-b240-4b3c-8b30-fc71269c054b,191,6.366666666666666,right_shoulder,0.67099494,0.48480368,-0.2915288,724.6745324134827,930.8230590820312,0.99998105
8e88552d-b240-4b3c-8b30-fc71269c054b,191,6.366666666666666,left_elbow,0.64338696,0.5187377,0.27603003,694.8579168319702,995.9763336181641,0.083471246
8e88552d-b240-4b3c-8b30-fc71269c054b,191,6.366666666666666,right_elbow,0.66661674,0.54600555,-0.1977935,719.9460768699646,1048.3306503295898,0.9739436
8e88552d-b240-4b3c-8b30-fc71269c054b,191,6.366666666666666,left_wrist,0.70656526,0.5306165,0.23905768,763.0904817581177,1018.7837219238281,0.30345196
8e88552d-b240-4b3c-8b30-fc71269c054b,191,6.366666666666666,right_wrist,0.7440183,0.5353674,0.049174387,803.5397815704346,1027.9054641723633,0.9517672
8e88552d-b240-4b3c-8b30-fc71269c054b,191,6.366666666666666,left_hip,0.5471289,0.55588716,0.15835945,590.8992290496826,1067.303352355957,0.9999293
8e88552d-b240-4b3c-8b30-fc71269c054b,191,6.366666666666666,right_hip,0.5805843,0.56865984,-0.15803276,627.0310306549072,1091.8268966674805,0.999982
8e88552d-b240-4b3c-8b30-fc71269c054b,191,6.366666666666666,left_knee,0.66709876,0.5579956,0.45428428,720.4666614532471,1071.3515853881836,0.48487267
8e88552d-b240-4b3c-8b30-fc71269c054b,191,6.366666666666666,right_knee,0.7216762,0.58762527,-0.075745784,779.4102644920349,1128.2405090332031,0.98802984
8e88552d-b240-4b3c-8b30-fc71269c054b,191,6.366666666666666,left_ankle,0.635143,0.6152506,0.7021679,685.9544205665588,1181.2811279296875,0.75624835
8e88552d-b240-4b3c-8b30-fc71269c054b,191,6.366666666666666,right_ankle,0.7165973,0.66797924,0.10113063,773.9251041412354,1282.5201416015625,0.986395
8e88552d-b240-4b3c-8b30-fc71269c054b,191,6.366666666666666,left_heel,0.6206723,0.62609,0.7264471,670.3260684013367,1202.0927810668945,0.768013
8e88552d-b240-4b3c-8b30-fc71269c054b,191,6.366666666666666,right_heel,0.6996495,0.6814396,0.121796966,755.6214737892151,1308.3639907836914,0.96352434
8e88552d-b240-4b3c-8b30-fc71269c054b,191,6.366666666666666,left_foot_index,0.66991985,0.6277865,0.73034614,723.5134363174438,1205.350112915039,0.82942563
8e88552d-b240-4b3c-8b30-fc71269c054b,191,6.366666666666666,right_foot_index,0.77222073,0.6759376,0.108215265,833.9983892440796,1297.800178527832,0.981212
8e88552d-b240-4b3c-8b30-fc71269c054b,192,6.4,nose,0.7070375,0.43327424,-0.07864171,763.6005091667175,831.8865394592285,0.9999623
8e88552d-b240-4b3c-8b30-fc71269c054b,192,6.4,left_shoulder,0.63067013,0.4684285,0.14112549,681.1237406730652,899.3827056884766,0.9998542
8e88552d-b240-4b3c-8b30-fc71269c054b,192,6.4,right_shoulder,0.66886,0.48617706,-0.29371876,722.3688197135925,933.4599494934082,0.9999796
8e88552d-b240-4b3c-8b30-fc71269c054b,192,6.4,left_elbow,0.64273757,0.5194076,0.2570295,694.1565728187561,997.2625350952148,0.08213008
8e88552d-b240-4b3c-8b30-fc71269c054b,192,6.4,right_elbow,0.66661805,0.5463629,-0.20297246,719.9474930763245,1049.0167236328125,0.97330725
8e88552d-b240-4b3c-8b30-fc71269c054b,192,6.4,left_wrist,0.6969052,0.53164583,0.21377222,752.6576113700867,1020.7600021362305,0.29447874
8e88552d-b240-4b3c-8b30-fc71269c054b,192,6.4,right_wrist,0.74447066,0.53483015,0.047938302,804.028308391571,1026.873893737793,0.95008725
8e88552d-b240-4b3c-8b30-fc71269c054b,192,6.4,left_hip,0.54765266,0.556208,0.15808512,591.4648747444153,1067.9193878173828,0.9999256
8e88552d-b240-4b3c-8b30-fc71269c054b,192,6.4,right_hip,0.5805109,0.5690785,-0.1577559,626.9517874717712,1092.630729675293,0.9999817
8e88552d-b240-4b3c-8b30-fc71269c054b,192,6.4,left_knee,0.6681516,0.5593313,0.443437,721.6037464141846,1073.9160919189453,0.4655624
8e88552d-b240-4b3c-8b30-fc71269c054b,192,6.4,right_knee,0.72061396,0.58767164,-0.08121141,778.2630729675293,1128.3295440673828,0.98753536
8e88552d-b240-4b3c-8b30-fc71269c054b,192,6.4,left_ankle,0.6357539,0.6137431,0.6840304,686.6142439842224,1178.3868026733398,0.74209636
8e88552d-b240-4b3c-8b30-fc71269c054b,192,6.4,right_ankle,0.7146199,0.66748065,0.08767124,771.7894649505615,1281.562843322754,0.98589325
8e88552d-b240-4b3c-8b30-fc71269c054b,192,6.4,left_heel,0.6213755,0.6245031,0.7082413,671.0855412483215,1199.0459060668945,0.7554182
8e88552d-b240-4b3c-8b30-fc71269c054b,192,6.4,right_heel,0.69698197,0.6808105,0.10670575,752.740523815155,1307.1561813354492,0.9631549
8e88552d-b240-4b3c-8b30-fc71269c054b,192,6.4,left_foot_index,0.66973084,0.62652147,0.7100947,723.3093094825745,1202.9212188720703,0.8223795
8e88552d-b240-4b3c-8b30-fc71269c054b,192,6.4,right_foot_index,0.77005345,0.67604077,0.08473095,831.6577219963074,1297.998275756836,0.9808674
8e88552d-b240-4b3c-8b30-fc71269c054b,193,6.433333333333334,nose,0.705081,0.43494806,-0.0752064,761.4874649047852,835.100269317627,0.9999599
8e88552d-b240-4b3c-8b30-fc71269c054b,193,6.433333333333334,left_shoulder,0.63004607,0.46943155,0.14775898,680.449755191803,901.3085746765137,0.99985224
8e88552d-b240-4b3c-8b30-fc71269c054b,193,6.433333333333334,right_shoulder,0.666426,0.4862639,-0.28848848,719.7400832176208,933.6266899108887,0.9999791
8e88552d-b240-4b3c-8b30-fc71269c054b,193,6.433333333333334,left_elbow,0.6443757,0.51914144,0.26594338,695.9257364273071,996.7515563964844,0.08214598
8e88552d-b240-4b3c-8b30-fc71269c054b,193,6.433333333333334,right_elbow,0.6666798,0.5467498,-0.2037899,720.0141835212708,1049.7595596313477,0.9727455
8e88552d-b240-4b3c-8b30-fc71269c054b,193,6.433333333333334,left_wrist,0.70033103,0.53151387,0.22615196,756.3575148582458,1020.5066299438477,0.2921475
8e88552d-b240-4b3c-8b30-fc71269c054b,193,6.433333333333334,right_wrist,0.7448315,0.53419083,0.038761128,804.4180226325989,1025.6464004516602,0.94947255
8e88552d-b240-4b3c-8b30-fc71269c054b,193,6.433333333333334,left_hip,0.5476674,0.55726165,0.15767667,591.4807748794556,1069.9423599243164,0.9999224
8e88552d-b240-4b3c-8b30-fc71269c054b,193,6.433333333333334,right_hip,0.58026236,0.5693979,-0.15733442,626.6833519935608,1093.2440185546875,0.99998164
8e88552d-b240-4b3c-8b30-fc71269c054b,193,6.433333333333334,left_knee,0.6682746,0.55956626,0.431817,721.7365479469299,1074.3672180175781,0.45016727
8e88552d-b240-4b3c-8b30-fc71269c054b,193,6.433333333333334,right_knee,0.72055036,0.5875846,-0.10478393,778.1943869590759,1128.1624603271484,0.987523
8e88552d-b240-4b3c-8b30-fc71269c054b,193,6.433333333333334,left_ankle,0.6360947,0.6139855,0.67560667,686.9822645187378,1178.8521194458008,0.73068935
8e88552d-b240-4b3c-8b30-fc71269c054b,193,6.433333333333334,right_ankle,0.7133177,0.6675167,0.054587107,770.3831076622009,1281.632080078125,0.98577654
8e88552d-b240-4b3c-8b30-fc71269c054b,193,6.433333333333334,left_heel,0.6223538,0.62603277,0.69994664,672.1420955657959,1201.9829177856445,0.74521166
8e88552d-b240-4b3c-8b30-fc71269c054b,193,6.433333333333334,right_heel,0.6956967,0.6808788,0.07270568,751.3524484634399,1307.2873306274414,0.9634314
8e88552d-b240-4b3c-8b30-fc71269c054b,193,6.433333333333334,left_foot_index,0.67586535,0.62731093,0.70144063,729.9345803260803,1204.4369888305664,0.8156142
8e88552d-b240-4b3c-8b30-fc71269c054b,193,6.433333333333334,right_foot_index,0.7678893,0.675971,0.05180043,829.3204665184021,1297.8642654418945,0.9807397
8e88552d-b240-4b3c-8b30-fc71269c054b,194,6.466666666666667,nose,0.70369285,0.43601692,-0.08364326,759.9882817268372,837.1524810791016,0.9999565
8e88552d-b240-4b3c-8b30-fc71269c054b,194,6.466666666666667,left_shoulder,0.629685,0.47014442,0.15201065,680.0597834587097,902.6772880554199,0.9998469
8e88552d-b240-4b3c-8b30-fc71269c054b,194,6.466666666666667,right_shoulder,0.66385514,0.4868608,-0.29692158,716.9635462760925,934.7727584838867,0.999978
8e88552d-b240-4b3c-8b30-fc71269c054b,194,6.466666666666667,left_elbow,0.6463259,0.5188113,0.27711326,698.0319571495056,996.1176681518555,0.0821873
8e88552d-b240-4b3c-8b30-fc71269c054b,194,6.466666666666667,right_elbow,0.6667542,0.54685986,-0.22404724,720.0945210456848,1049.970932006836,0.9726938
8e88552d-b240-4b3c-8b30-fc71269c054b,194,6.466666666666667,left_wrist,0.7023742,0.53007585,0.23316981,758.5641574859619,1017.7456283569336,0.29040015
8e88552d-b240-4b3c-8b30-fc71269c054b,194,6.466666666666667,right_wrist,0.74480915,0.5328424,0.011701905,804.3938827514648,1023.0574035644531,0.9494848
8e88552d-b240-4b3c-8b30-fc71269c054b,194,6.466666666666667,left_hip,0.5478225,0.5582522,0.15789978,591.6482734680176,1071.844253540039,0.9999181
8e88552d-b240-4b3c-8b30-fc71269c054b,194,6.466666666666667,right_hip,0.57867473,0.57016754,-0.15755399,624.9687123298645,1094.7216796875,0.99998087
8e88552d-b240-4b3c-8b30-fc71269c054b,194,6.466666666666667,left_knee,0.6712506,0.5596052,0.42304912,724.9506282806396,1074.4419479370117,0.4373637
8e88552d-b240-4b3c-8b30-fc71269c054b,194,6.466666666666667,right_knee,0.7203297,0.58742607,-0.113392696,777.9560780525208,1127.8580474853516,0.98748785
8e88552d-b240-4b3c-8b30-fc71269c054b,194,6.466666666666667,left_ankle,0.63625586,0.6152866,0.6689912,687.1563291549683,1181.3502502441406,0.72112304
8e88552d-b240-4b3c-8b30-fc71269c054b,194,6.466666666666667,right_ankle,0.7107393,0.66729826,0.052647907,767.5984597206116,1281.2126541137695,0.985728
8e88552d-b240-4b3c-8b30-fc71269c054b,194,6.466666666666667,left_heel,0.6223667,0.62730426,0.69322956,672.1560645103455,1204.424171447754,0.7359136
8e88552d-b240-4b3c-8b30-fc71269c054b,194,6.466666666666667,right_heel,0.69461995,0.6805599,0.07164385,750.1895499229431,1306.6749572753906,0.96366566
8e88552d-b240-4b3c-8b30-fc71269c054b,194,6.466666666666667,left_foot_index,0.6785707,0.627782,0.6924584,732.856342792511,1205.3414154052734,0.8101681
8e88552d-b240-4b3c-8b30-fc71269c054b,194,6.466666666666667,right_foot_index,0.76479274,0.6758386,0.05038903,825.9761595726013,1297.610092163086,0.9807532
8e88552d-b240-4b3c-8b30-fc71269c054b,195,6.5,nose,0.70207745,0.4361652,-0.07990876,758.2436442375183,837.4372100830078,0.9999539
8e88552d-b240-4b3c-8b30-fc71269c054b,195,6.5,left_shoulder,0.629501,0.47149095,0.1645781,679.8610639572144,905.262622833252,0.99984473
8e88552d-b240-4b3c-8b30-fc71269c054b,195,6.5,right_shoulder,0.6622849,0.48765787,-0.2934697,715.2677035331726,936.3031196594238,0.99997693
8e88552d-b240-4b3c-8b30-fc71269c054b,195,6.5,left_elbow,0.64632314,0.5219074,0.27771983,698.0289959907532,1002.0621871948242,0.08499928
8e88552d-b240-4b3c-8b30-fc71269c054b,195,6.5,right_elbow,0.667641,0.546934,-0.22126928,721.0522627830505,1050.113296508789,0.9723547
8e88552d-b240-4b3c-8b30-fc71269c054b,195,6.5,left_wrist,0.7173388,0.52932435,0.22045399,774.7259044647217,1016.3027572631836,0.29249093
8e88552d-b240-4b3c-8b30-fc71269c054b,195,6.5,right_wrist,0.7453712,0.5320877,0.021266716,805.0009202957153,1021.6083526611328,0.94873327
8e88552d-b240-4b3c-8b30-fc71269c054b,195,6.5,left_hip,0.5478222,0.55932444,0.15850887,591.6479516029358,1073.902931213379,0.99991584
8e88552d-b240-4b3c-8b30-fc71269c054b,195,6.5,right_hip,0.5786999,0.5712599,-0.15817268,624.9958777427673,1096.8190383911133,0.99998045
8e88552d-b240-4b3c-8b30-fc71269c054b,195,6.5,left_knee,0.67149794,0.56492,0.41701165,725.217776298523,1084.6464157104492,0.42522544
8e88552d-b240-4b3c-8b30-fc71269c054b,195,6.5,right_knee,0.7200244,0.58744276,-0.12142913,777.626359462738,1127.8900909423828,0.98718566
8e88552d-b240-4b3c-8b30-fc71269c054b,195,6.5,left_ankle,0.6361105,0.618742,0.6397254,686.9993233680725,1187.984619140625,0.71178687
8e88552d-b240-4b3c-8b30-fc71269c054b,195,6.5,right_ankle,0.70831364,0.66730255,0.027037656,764.9787354469299,1281.2208938598633,0.985368
8e88552d-b240-4b3c-8b30-fc71269c054b,195,6.5,left_heel,0.62234545,0.63224286,0.6615654,672.1330833435059,1213.9062881469727,0.7273934
8e88552d-b240-4b3c-8b30-fc71269c054b,195,6.5,right_heel,0.69202,0.6810255,0.04427758,747.3815989494324,1307.5689697265625,0.9632528
8e88552d-b240-4b3c-8b30-fc71269c054b,195,6.5,left_foot_index,0.67815536,0.62952656,0.66018015,732.4077916145325,1208.6909866333008,0.80528367
8e88552d-b240-4b3c-8b30-fc71269c054b,195,6.5,right_foot_index,0.76160777,0.6758133,0.023215177,822.5363874435425,1297.5615692138672,0.98047614
8e88552d-b240-4b3c-8b30-fc71269c054b,196,6.533333333333333,nose,0.7009021,0.43738782,-0.076727256,756.9742727279663,839.7846221923828,0.9999521
8e88552d-b240-4b3c-8b30-fc71269c054b,196,6.533333333333333,left_shoulder,0.6283497,0.47307873,0.16170244,678.6176991462708,908.3111572265625,0.99984425
8e88552d-b240-4b3c-8b30-fc71269c054b,196,6.533333333333333,right_shoulder,0.6610211,0.48810562,-0.28933486,713.9028024673462,937.1627998352051,0.9999759
8e88552d-b240-4b3c-8b30-fc71269c054b,196,6.533333333333333,left_elbow,0.6459581,0.5246207,0.27843273,697.6347756385803,1007.2717666625977,0.08713029
8e88552d-b240-4b3c-8b30-fc71269c054b,196,6.533333333333333,right_elbow,0.66859925,0.54691565,-0.20592304,722.0871877670288,1050.0780487060547,0.9717649
8e88552d-b240-4b3c-8b30-fc71269c054b,196,6.533333333333333,left_wrist,0.7189299,0.52789134,0.22414082,776.4442777633667,1013.5513687133789,0.29637694
8e88552d-b240-4b3c-8b30-fc71269c054b,196,6.533333333333333,right_wrist,0.74533796,0.53030425,0.05073501,804.9650001525879,1018.1841659545898,0.9486085
8e88552d-b240-4b3c-8b30-fc71269c054b,196,6.533333333333333,left_hip,0.5474782,0.5606047,0.1575636,591.2764549255371,1076.3610076904297,0.99991536
8e88552d-b240-4b3c-8b30-fc71269c054b,196,6.533333333333333,right_hip,0.5776201,0.57172936,-0.15724358,623.8296961784363,1097.7203750610352,0.99998015
8e88552d-b240-4b3c-8b30-fc71269c054b,196,6.533333333333333,left_knee,0.67143494,0.56639713,0.40519693,725.1497340202332,1087.4824905395508,0.41494057
8e88552d-b240-4b3c-8b30-fc71269c054b,196,6.533333333333333,right_knee,0.71999115,0.5874532,-0.10838733,777.5904393196106,1127.9101181030273,0.98625493
8e88552d-b240-4b3c-8b30-fc71269c054b,196,6.533333333333333,left_ankle,0.6359771,0.6214098,0.6165043,686.8552565574646,1193.1067657470703,0.70481086
8e88552d-b240-4b3c-8b30-fc71269c054b,196,6.533333333333333,right_ankle,0.7058726,0.66694224,0.049491584,762.3424029350281,1280.5290985107422,0.984775
8e88552d-b240-4b3c-8b30-fc71269c054b,196,6.533333333333333,left_heel,0.62208176,0.6339686,0.6374801,671.8482971191406,1217.2196960449219,0.72181773
8e88552d-b240-4b3c-8b30-fc71269c054b,196,6.533333333333333,right_heel,0.6883783,0.6810052,0.06805439,743.4485363960266,1307.5299453735352,0.9626104
8e88552d-b240-4b3c-8b30-fc71269c054b,196,6.533333333333333,left_foot_index,0.6776908,0.6304672,0.63706636,731.9060683250427,1210.4969787597656,0.8014104
8e88552d-b240-4b3c-8b30-fc71269c054b,196,6.533333333333333,right_foot_index,0.758303,0.67576987,0.052766748,818.9672255516052,1297.478141784668,0.9800337
8e88552d-b240-4b3c-8b30-fc71269c054b,197,6.566666666666666,nose,0.69906825,0.43865296,-0.09638337,754.9937081336975,842.2136878967285,0.9999493
8e88552d-b240-4b3c-8b30-fc71269c054b,197,6.566666666666666,left_shoulder,0.6284908,0.474237,0.15999515,678.7700700759888,910.5350303649902,0.9998303
8e88552d-b240-4b3c-8b30-fc71269c054b,197,6.566666666666666,right_shoulder,0.6578676,0.48888642,-0.29599303,710.4970192909241,938.6619186401367,0.9999703
8e88552d-b240-4b3c-8b30-fc71269c054b,197,6.566666666666666,left_elbow,0.6560389,0.5215336,0.27935037,708.521990776062,1001.3445281982422,0.09194124
8e88552d-b240-4b3c-8b30-fc71269c054b,197,6.566666666666666,right_elbow,0.6694766,0.5468744,-0.23314194,723.0347585678101,1049.9988555908203,0.9721339
8e88552d-b240-4b3c-8b30-fc71269c054b,197,6.566666666666666,left_wrist,0.7258644,0.52531624,0.23298696,783.9335632324219,1008.607177734375,0.30165377
8e88552d-b240-4b3c-8b30-fc71269c054b,197,6.566666666666666,right_wrist,0.74579847,0.52859986,0.0026331502,805.4623460769653,1014.9117279052734,0.9489478
8e88552d-b240-4b3c-8b30-fc71269c054b,197,6.566666666666666,left_hip,0.5474639,0.56089795,0.15754385,591.2610054016113,1076.924057006836,0.9999103
8e88552d-b240-4b3c-8b30-fc71269c054b,197,6.566666666666666,right_hip,0.5765931,0.5714373,-0.15722242,622.7205491065979,1097.1596145629883,0.9999775
8e88552d-b240-4b3c-8b30-fc71269c054b,197,6.566666666666666,left_knee,0.656511,0.5691001,0.37129515,709.0318894386292,1092.6721572875977,0.41434354
8e88552d-b240-4b3c-8b30-fc71269c054b,197,6.566666666666666,right_knee,0.7197581,0.5874386,-0.12634183,777.3387408256531,1127.882080078125,0.9862432
8e88552d-b240-4b3c-8b30-fc71269c054b,197,6.566666666666666,left_ankle,0.6349362,0.6258139,0.5785572,685.7311105728149,1201.5626907348633,0.7018583
8e88552d-b240-4b3c-8b30-fc71269c054b,197,6.566666666666666,right_ankle,0.7018239,0.66694134,0.03099189,757.9698014259338,1280.5273818969727,0.98477596
8e88552d-b240-4b3c-8b30-fc71269c054b,197,6.566666666666666,left_heel,0.619553,0.6379023,0.5989371,669.117271900177,1224.7724533081055,0.7169247
8e88552d-b240-4b3c-8b30-fc71269c054b,197,6.566666666666666,right_heel,0.6836978,0.6809738,0.0496258,738.3936452865601,1307.4697494506836,0.9625472
8e88552d-b240-4b3c-8b30-fc71269c054b,197,6.566666666666666,left_foot_index,0.6704445,0.637015,0.5954282,724.0800476074219,1223.0687713623047,0.7984445
8e88552d-b240-4b3c-8b30-fc71269c054b,197,6.566666666666666,right_foot_index,0.7559812,0.67609847,0.03510865,816.4597034454346,1298.1090545654297,0.97996986
8e88552d-b240-4b3c-8b30-fc71269c054b,198,6.6,nose,0.6970036,0.4400373,-0.08931086,752.7638912200928,844.8716354370117,0.9999455
8e88552d-b240-4b3c-8b30-fc71269c054b,198,6.6,left_shoulder,0.62815243,0.47574103,0.16114005,678.4046244621277,913.4227752685547,0.99981916
8e88552d-b240-4b3c-8b30-fc71269c054b,198,6.6,right_shoulder,0.6557546,0.48974618,-0.2926629,708.2149958610535,940.312671661377,0.9999676
8e88552d-b240-4b3c-8b30-fc71269c054b,198,6.6,left_elbow,0.6583398,0.52047324,0.28642243,711.0069823265076,999.3086242675781,0.09663977
8e88552d-b240-4b3c-8b30-fc71269c054b,198,6.6,right_elbow,0.67004263,0.5470196,-0.22817823,723.6460447311401,1050.2776336669922,0.9723243
8e88552d-b240-4b3c-8b30-fc71269c054b,198,6.6,left_wrist,0.72798884,0.5220432,0.25265905,786.2279462814331,1002.322998046875,0.30946782
8e88552d-b240-4b3c-8b30-fc71269c054b,198,6.6,right_wrist,0.7457699,0.5261181,0.006449268,805.4315114021301,1010.1467514038086,0.94960207
8e88552d-b240-4b3c-8b30-fc71269c054b,198,6.6,left_hip,0.5474229,0.56118566,0.15749335,591.2167167663574,1077.476463317871,0.99990714
8e88552d-b240-4b3c-8b30-fc71269c054b,198,6.6,right_hip,0.5755833,0.5715817,-0.1571653,621.6299414634705,1097.4369049072266,0.9999773
8e88552d-b240-4b3c-8b30-fc71269c054b,198,6.6,left_knee,0.65564144,0.56821144,0.381846,708.0927515029907,1090.9659576416016,0.40531203
8e88552d-b240-4b3c-8b30-fc71269c054b,198,6.6,right_knee,0.7191822,0.5876464,-0.14135487,776.7167687416077,1128.281135559082,0.98600775
8e88552d-b240-4b3c-8b30-fc71269c054b,198,6.6,left_ankle,0.63484895,0.62520224,0.59747154,685.6368684768677,1200.388298034668,0.68983734
8e88552d-b240-4b3c-8b30-fc71269c054b,198,6.6,right_ankle,0.69881105,0.6669465,-0.011421666,754.7159385681152,1280.537223815918,0.9848025
8e88552d-b240-4b3c-8b30-fc71269c054b,198,6.6,left_heel,0.6197796,0.63800365,0.6190681,669.3619537353516,1224.9670028686523,0.70408285
8e88552d-b240-4b3c-8b30-fc71269c054b,198,6.6,right_heel,0.6808052,0.68114895,0.0044078995,735.2696228027344,1307.8059768676758,0.96299917
8e88552d-b240-4b3c-8b30-fc71269c054b,198,6.6,left_foot_index,0.6706923,0.6365083,0.62043417,724.347710609436,1222.0959091186523,0.7896566
8e88552d-b240-4b3c-8b30-fc71269c054b,198,6.6,right_foot_index,0.75318843,0.67663985,-0.013079334,813.4435057640076,1299.1485214233398,0.9800292
8e88552d-b240-4b3c-8b30-fc71269c054b,199,6.633333333333334,nose,0.6960709,0.4410884,-0.088870645,751.7565822601318,846.8897438049316,0.9999407
8e88552d-b240-4b3c-8b30-fc71269c054b,199,6.633333333333334,left_shoulder,0.62797177,0.4763967,0.1604608,678.2095098495483,914.6816825866699,0.99980533
8e88552d-b240-4b3c-8b30-fc71269c054b,199,6.633333333333334,right_shoulder,0.6538912,0.4914211,-0.29236525,706.2025022506714,943.5285186767578,0.9999637
8e88552d-b240-4b3c-8b30-fc71269c054b,199,6.633333333333334,left_elbow,0.66123843,0.518879,0.2866439,714.1375064849854,996.247673034668,0.10157819
8e88552d-b240-4b3c-8b30-fc71269c054b,199,6.633333333333334,right_elbow,0.6713766,0.54708874,-0.22827509,725.0867128372192,1050.410385131836,0.9728988
8e88552d-b240-4b3c-8b30-fc71269c054b,199,6.633333333333334,left_wrist,0.73138976,0.52000624,0.2535703,789.9009418487549,998.411979675293,0.31505397
8e88552d-b240-4b3c-8b30-fc71269c054b,199,6.633333333333334,right_wrist,0.7457952,0.5242741,0.0059439354,805.4588055610657,1006.6062927246094,0.95064765
8e88552d-b240-4b3c-8b30-fc71269c054b,199,6.633333333333334,left_hip,0.547347,0.5610882,0.15736534,591.1347699165344,1077.2893524169922,0.9999042
8e88552d-b240-4b3c-8b30-fc71269c054b,199,6.633333333333334,right_hip,0.57422423,0.5715185,-0.15703681,620.1621723175049,1097.3154830932617,0.99997675
8e88552d-b240-4b3c-8b30-fc71269c054b,199,6.633333333333334,left_knee,0.6542982,0.5684075,0.3810423,706.6420412063599,1091.3423538208008,0.3937968
8e88552d-b240-4b3c-8b30-fc71269c054b,199,6.633333333333334,right_knee,0.71857405,0.58783287,-0.1374257,776.0599708557129,1128.6391067504883,0.985466
8e88552d-b240-4b3c-8b30-fc71269c054b,199,6.633333333333334,left_ankle,0.63372016,0.6249702,0.59105617,684.4177722930908,1199.9427795410156,0.67640084
8e88552d-b240-4b3c-8b30-fc71269c054b,199,6.633333333333334,right_ankle,0.6942834,0.6669486,-0.003707344,749.8260998725891,1280.5413436889648,0.98463637
8e88552d-b240-4b3c-8b30-fc71269c054b,199,6.633333333333334,left_heel,0.6182057,0.63734186,0.61217546,667.6621842384338,1223.6963653564453,0.6912063
8e88552d-b240-4b3c-8b30-fc71269c054b,199,6.633333333333334,right_heel,0.67586017,0.6810653,0.012734692,729.9289798736572,1307.6454162597656,0.963122
8e88552d-b240-4b3c-8b30-fc71269c054b,199,6.633333333333334,left_foot_index,0.66820985,0.6361042,0.6140906,721.6666388511658,1221.3201141357422,0.78026813
8e88552d-b240-4b3c-8b30-fc71269c054b,199,6.633333333333334,right_foot_index,0.74765074,0.67662513,-0.0033387956,807.4628019332886,1299.1202545166016,0.979886
8e88552d-b240-4b3c-8b30-fc71269c054b,200,6.666666666666667,nose,0.6949967,0.44144657,-0.093603216,750.5964517593384,847.5774192810059,0.9999319
8e88552d-b240-4b3c-8b30-fc71269c054b,200,6.666666666666667,left_shoulder,0.6280763,0.47757813,0.1644387,678.3224201202393,916.9500160217285,0.99977726
8e88552d-b240-4b3c-8b30-fc71269c054b,200,6.666666666666667,right_shoulder,0.65113896,0.49185976,-0.29954764,703.2300782203674,944.3707466125488,0.99995923
8e88552d-b240-4b3c-8b30-fc71269c054b,200,6.666666666666667,left_elbow,0.6649483,0.51838154,0.28710216,718.1441473960876,995.2925491333008,0.10704704
8e88552d-b240-4b3c-8b30-fc71269c054b,200,6.666666666666667,right_elbow,0.67219836,0.5470837,-0.25219437,725.974223613739,1050.4006576538086,0.9736625
8e88552d-b240-4b3c-8b30-fc71269c054b,200,6.666666666666667,left_wrist,0.7381306,0.51888674,0.24118616,797.1810793876648,996.2625503540039,0.31859845
8e88552d-b240-4b3c-8b30-fc71269c054b,200,6.666666666666667,right_wrist,0.7469092,0.5223972,-0.028794782,806.6619372367859,1003.0026626586914,0.9523203
8e88552d-b240-4b3c-8b30-fc71269c054b,200,6.666666666666667,left_hip,0.5479934,0.56169116,0.1595373,591.8328952789307,1078.447036743164,0.99989796
8e88552d-b240-4b3c-8b30-fc71269c054b,200,6.666666666666667,right_hip,0.57284075,0.5716197,-0.15921858,618.6680102348328,1097.5098037719727,0.9999762
8e88552d-b240-4b3c-8b30-fc71269c054b,200,6.666666666666667,left_knee,0.655081,0.5684968,0.3884511,707.4874520301819,1091.513900756836,0.38370115
8e88552d-b240-4b3c-8b30-fc71269c054b,200,6.666666666666667,right_knee,0.7180247,0.58786374,-0.15769745,775.4666447639465,1128.698387145996,0.98541754
8e88552d-b240-4b3c-8b30-fc71269c054b,200,6.666666666666667,left_ankle,0.6316534,0.6249959,0.60889906,682.1857023239136,1199.9921035766602,0.66179997
8e88552d-b240-4b3c-8b30-fc71269c054b,200,6.666666666666667,right_ankle,0.690743,0.6671662,-0.034206495,746.002471446991,1280.9590530395508,0.9850118
8e88552d-b240-4b3c-8b30-fc71269c054b,200,6.666666666666667,left_heel,0.61557317,0.6371486,0.6311326,664.8190212249756,1223.3253479003906,0.6772685
8e88552d-b240-4b3c-8b30-fc71269c054b,200,6.666666666666667,right_heel,0.6710209,0.6810999,-0.01894367,724.7025990486145,1307.7117919921875,0.9644561
8e88552d-b240-4b3c-8b30-fc71269c054b,200,6.666666666666667,left_foot_index,0.66689396,0.63620585,0.63226384,720.245475769043,1221.515235900879,0.7696534
8e88552d-b240-4b3c-8b30-fc71269c054b,200,6.666666666666667,right_foot_index,0.74415004,0.67699826,-0.042269543,803.6820459365845,1299.836654663086,0.9802503
8e88552d-b240-4b3c-8b30-fc71269c054b,201,6.7,nose,0.69319725,0.44233167,-0.090851694,748.6530303955078,849.2768096923828,0.9999253
8e88552d-b240-4b3c-8b30-fc71269c054b,201,6.7,left_shoulder,0.6255382,0.4777115,0.16363959,675.5812239646912,917.2060775756836,0.9997584
8e88552d-b240-4b3c-8b30-fc71269c054b,201,6.7,right_shoulder,0.6500431,0.4927708,-0.29452017,702.0465159416199,946.1199188232422,0.9999552
8e88552d-b240-4b3c-8b30-fc71269c054b,201,6.7,left_elbow,0.6642731,0.51641333,0.29417422,717.4149298667908,991.5135955810547,0.10894268
8e88552d-b240-4b3c-8b30-fc71269c054b,201,6.7,right_elbow,0.6730845,0.54747325,-0.24149275,726.9312572479248,1051.1486434936523,0.97401685
8e88552d-b240-4b3c-8b30-fc71269c054b,201,6.7,left_wrist,0.7354197,0.5181349,0.26789758,794.2532658576965,994.8189926147461,0.32023078
8e88552d-b240-4b3c-8b30-fc71269c054b,201,6.7,right_wrist,0.7473724,0.5209035,-0.0110610975,807.1621799468994,1000.1347732543945,0.9535596
8e88552d-b240-4b3c-8b30-fc71269c054b,201,6.7,left_hip,0.54771173,0.56253916,0.15951127,591.5286684036255,1080.0751876831055,0.99989796
8e88552d-b240-4b3c-8b30-fc71269c054b,201,6.7,right_hip,0.57274026,0.57180786,-0.15918083,618.5594773292542,1097.87109375,0.99997663
8e88552d-b240-4b3c-8b30-fc71269c054b,201,6.7,left_knee,0.6551379,0.5690001,0.39011952,707.5489282608032,1092.480239868164,0.3710931
8e88552d-b240-4b3c-8b30-fc71269c054b,201,6.7,right_knee,0.7180014,0.5882703,-0.14283535,775.4415392875671,1129.478988647461,0.9848861
8e88552d-b240-4b3c-8b30-fc71269c054b,201,6.7,left_ankle,0.62861216,0.62548447,0.61166763,678.9011335372925,1200.93017578125,0.650052
8e88552d-b240-4b3c-8b30-fc71269c054b,201,6.7,right_ankle,0.6886431,0.66726655,-0.023747105,743.7345457077026,1281.1517715454102,0.98532
8e88552d-b240-4b3c-8b30-fc71269c054b,201,6.7,left_heel,0.6113527,0.6372854,0.6335353,660.2608966827393,1223.587989807129,0.6676616
8e88552d-b240-4b3c-8b30-fc71269c054b,201,6.7,right_heel,0.6693566,0.681092,-0.008562608,722.9051113128662,1307.6966857910156,0.96572006
8e88552d-b240-4b3c-8b30-fc71269c054b,201,6.7,left_foot_index,0.6595706,0.6384087,0.63737094,712.336220741272,1225.744743347168,0.76207715
8e88552d-b240-4b3c-8b30-fc71269c054b,201,6.7,right_foot_index,0.74063563,0.67732394,-0.023282558,799.8864841461182,1300.4619598388672,0.9806577
8e88552d-b240-4b3c-8b30-fc71269c054b,202,6.733333333333333,nose,0.6915878,0.44304857,-0.09319453,746.9148302078247,850.653247833252,0.9999174
8e88552d-b240-4b3c-8b30-fc71269c054b,202,6.733333333333333,left_shoulder,0.62492645,0.47795957,0.16160735,674.9205636978149,917.6823806762695,0.9997312
8e88552d-b240-4b3c-8b30-fc71269c054b,202,6.733333333333333,right_shoulder,0.64711004,0.49330464,-0.2974978,698.8788485527039,947.1449089050293,0.99995035
8e88552d-b240-4b3c-8b30-fc71269c054b,202,6.733333333333333,left_elbow,0.6665436,0.5152803,0.28988743,719.867091178894,989.3381881713867,0.11043223
8e88552d-b240-4b3c-8b30-fc71269c054b,202,6.733333333333333,right_elbow,0.6737304,0.5479335,-0.24950759,727.6288032531738,1052.032356262207,0.97436666
8e88552d-b240-4b3c-8b30-fc71269c054b,202,6.733333333333333,left_wrist,0.7354439,0.5158976,0.25465906,794.2794013023376,990.5233383178711,0.31804764
8e88552d-b240-4b3c-8b30-fc71269c054b,202,6.733333333333333,right_wrist,0.7475847,0.51890117,-0.02867844,807.3914766311646,996.2902450561523,0.9544261
8e88552d-b240-4b3c-8b30-fc71269c054b,202,6.733333333333333,left_hip,0.5477078,0.56324923,0.15962015,591.5244197845459,1081.4385223388672,0.9998964
8e88552d-b240-4b3c-8b30-fc71269c054b,202,6.733333333333333,right_hip,0.572519,0.5724714,-0.15929447,618.3205246925354,1099.1450500488281,0.9999772
8e88552d-b240-4b3c-8b30-fc71269c054b,202,6.733333333333333,left_knee,0.6619531,0.56871593,0.39945987,714.9093389511108,1091.934585571289,0.35984603
8e88552d-b240-4b3c-8b30-fc71269c054b,202,6.733333333333333,right_knee,0.71802175,0.58855057,-0.15563121,775.463490486145,1130.01708984375,0.98504984
8e88552d-b240-4b3c-8b30-fc71269c054b,202,6.733333333333333,left_ankle,0.626971,0.62577903,0.6188611,677.1286869049072,1201.4957427978516,0.6387599
8e88552d-b240-4b3c-8b30-fc71269c054b,202,6.733333333333333,right_ankle,0.6874919,0.6678091,-0.053395577,742.4912452697754,1282.1935272216797,0.9859449
8e88552d-b240-4b3c-8b30-fc71269c054b,202,6.733333333333333,left_heel,0.6091874,0.6372565,0.64131874,657.9224181175232,1223.532485961914,0.65776527
8e88552d-b240-4b3c-8b30-fc71269c054b,202,6.733333333333333,right_heel,0.66793764,0.68120515,-0.03989148,721.3726472854614,1307.9138946533203,0.9674214
8e88552d-b240-4b3c-8b30-fc71269c054b,202,6.733333333333333,left_foot_index,0.6577655,0.63872325,0.64854324,710.3867483139038,1226.348648071289,0.7537496
8e88552d-b240-4b3c-8b30-fc71269c054b,202,6.733333333333333,right_foot_index,0.74020636,0.67730653,-0.05976201,799.422869682312,1300.4285430908203,0.9813014
