run_id,frame_id,timestamp,joint,x_norm,y_norm,z_norm,x_px,y_px,confidence
7aa93916-362d-4755-a5dc-63f1a8d45579,0,0.0,nose,0.56442165,0.52532196,-0.2534206,609.5753860473633,1008.6181640625,0.99997723
7aa93916-362d-4755-a5dc-63f1a8d45579,0,0.0,left_shoulder,0.47006726,0.55583316,0.12954313,507.672643661499,1067.1996688842773,0.99992394
7aa93916-362d-4755-a5dc-63f1a8d45579,0,0.0,right_shoulder,0.3089581,0.48690867,-0.38100642,333.6747622489929,934.8646545410156,0.99998856
7aa93916-362d-4755-a5dc-63f1a8d45579,0,0.0,left_elbow,0.38073722,0.64632255,0.28524244,411.19619250297546,1240.9392929077148,0.4299386
7aa93916-362d-4755-a5dc-63f1a8d45579,0,0.0,right_elbow,0.0587511,0.5064262,-0.5181538,63.45118671655655,972.3383331298828,0.9908015
7aa93916-362d-4755-a5dc-63f1a8d45579,0,0.0,left_wrist,0.3217952,0.6932973,0.0510388,347.53881096839905,1331.1308670043945,0.40569782
7aa93916-362d-4755-a5dc-63f1a8d45579,0,0.0,right_wrist,0.10786065,0.619529,-0.53444415,116.48949891328812,1189.4956970214844,0.9377078
7aa93916-362d-4755-a5dc-63f1a8d45579,0,0.0,left_hip,0.15034066,0.6715063,0.18065402,162.3679143190384,1289.2920684814453,0.9940235
7aa93916-362d-4755-a5dc-63f1a8d45579,0,0.0,right_hip,0.05979663,0.6518362,-0.18024684,64.58036184310913,1251.525535583496,0.9971927
7aa93916-362d-4755-a5dc-63f1a8d45579,0,0.0,left_knee,0.40584385,0.70937234,0.19148766,438.3113622665405,1361.9948959350586,0.3552067
7aa93916-362d-4755-a5dc-63f1a8d45579,0,0.0,right_knee,0.24342847,0.7492999,-0.1448536,262.9027462005615,1438.655776977539,0.84308463
7aa93916-362d-4755-a5dc-63f1a8d45579,0,0.0,left_ankle,0.5923276,0.8426036,0.22985569,639.7138023376465,1617.798957824707,0.28767997
7aa93916-362d-4755-a5dc-63f1a8d45579,0,0.0,right_ankle,0.3633736,0.8460977,0.037721198,392.4434959888458,1624.5075988769531,0.6037256
7aa93916-362d-4755-a5dc-63f1a8d45579,0,0.0,left_heel,0.6082466,0.8799989,0.22687724,656.9063544273376,1689.5979309082031,0.29860312
7aa93916-362d-4755-a5dc-63f1a8d45579,0,0.0,right_heel,0.36070913,0.862118,0.05375384,389.5658612251282,1655.2665710449219,0.5047381
7aa93916-362d-4755-a5dc-63f1a8d45579,0,0.0,left_foot_index,0.70153284,0.828216,0.14388548,757.6554679870605,1590.1747512817383,0.3296578
7aa93916-362d-4755-a5dc-63f1a8d45579,0,0.0,right_foot_index,0.4743684,0.8681806,-0.06960846,512.317864894867,1666.9067001342773,0.5356847
7aa93916-362d-4755-a5dc-63f1a8d45579,3,0.1,nose,0.55287445,0.5253689,-0.49688122,597.1044015884399,1008.7083435058594,0.99996
7aa93916-362d-4755-a5dc-63f1a8d45579,3,0.1,left_shoulder,0.4700687,0.5480233,-0.14431131,507.6741886138916,1052.204704284668,0.9999094
7aa93916-362d-4755-a5dc-63f1a8d45579,3,0.1,right_shoulder,0.29030883,0.48724425,-0.5058476,313.5335397720337,935.5089569091797,0.99998415
7aa93916-362d-4755-a5dc-63f1a8d45579,3,0.1,left_elbow,0.39744884,0.6253199,0.0831985,429.24474477767944,1200.6142044067383,0.4241368
7aa93916-362d-4755-a5dc-63f1a8d45579,3,0.1,right_elbow,0.054775134,0.52146703,-0.53364414,59.1571444272995,1001.2166976928711,0.9910206
7aa93916-362d-4755-a5dc-63f1a8d45579,3,0.1,left_wrist,0.33777443,0.66959405,0.046437047,364.7963798046112,1285.6205749511719,0.39958578
7aa93916-362d-4755-a5dc-63f1a8d45579,3,0.1,right_wrist,0.13188149,0.61452115,-0.5213519,142.43200957775116,1179.880599975586,0.9389327
7aa93916-362d-4755-a5dc-63f1a8d45579,3,0.1,left_hip,0.20367712,0.6361571,0.15351856,219.9712872505188,1221.4216232299805,0.992996
7aa93916-362d-4755-a5dc-63f1a8d45579,3,0.1,right_hip,0.06484179,0.62266,-0.15315199,70.02913534641266,1195.5071640014648,0.99677277
7aa93916-362d-4755-a5dc-63f1a8d45579,3,0.1,left_knee,0.42862856,0.6502686,-0.031113543,462.91884899139404,1248.515739440918,0.35811186
7aa93916-362d-4755-a5dc-63f1a8d45579,3,0.1,right_knee,0.06666864,0.72840774,-0.18291466,72.00212806463242,1398.5428619384766,0.84667814
7aa93916-362d-4755-a5dc-63f1a8d45579,3,0.1,left_ankle,0.43303436,0.7903089,-0.036640022,467.6771092414856,1517.3930740356445,0.28453636
7aa93916-362d-4755-a5dc-63f1a8d45579,3,0.1,right_ankle,-0.0014462802,0.8148602,0.013636149,-1.5619825758039951,1564.5316314697266,0.5916389
7aa93916-362d-4755-a5dc-63f1a8d45579,3,0.1,left_heel,0.39968157,0.81262386,-0.044947628,431.6560935974121,1560.237808227539,0.307679
7aa93916-362d-4755-a5dc-63f1a8d45579,3,0.1,right_heel,-0.01986252,0.81536686,0.03269796,-21.451521143317223,1565.504379272461,0.50252026
7aa93916-362d-4755-a5dc-63f1a8d45579,3,0.1,left_foot_index,0.5481263,0.8327325,-0.09148265,591.9763827323914,1598.8463973999023,0.32459295
7aa93916-362d-4755-a5dc-63f1a8d45579,3,0.1,right_foot_index,0.015058055,0.86915976,-0.06938493,16.262698955833912,1668.786735534668,0.51992303
7aa93916-362d-4755-a5dc-63f1a8d45579,6,0.2,nose,0.5357162,0.53874606,-0.737854,578.5734701156616,1034.392433166504,0.9997984
7aa93916-362d-4755-a5dc-63f1a8d45579,6,0.2,left_shoulder,0.47372118,0.5484909,-0.3764166,511.6188704967499,1053.1024932861328,0.9998976
7aa93916-362d-4755-a5dc-63f1a8d45579,6,0.2,right_shoulder,0.2822906,0.51763636,-0.66567457,304.87385630607605,993.8618087768555,0.9998846
7aa93916-362d-4755-a5dc-63f1a8d45579,6,0.2,left_elbow,0.40142396,0.62249315,-0.083012976,433.53787779808044,1195.1868438720703,0.4404043
7aa93916-362d-4755-a5dc-63f1a8d45579,6,0.2,right_elbow,0.07849391,0.5888979,-0.6184004,84.77342069149017,1130.683937072754,0.98723334
7aa93916-362d-4755-a5dc-63f1a8d45579,6,0.2,left_wrist,0.37272307,0.67445594,-0.045857195,402.5409185886383,1294.9554061889648,0.42990336
7aa93916-362d-4755-a5dc-63f1a8d45579,6,0.2,right_wrist,0.15837274,0.67436683,-0.5459514,171.04256451129913,1294.7843170166016,0.92428815
7aa93916-362d-4755-a5dc-63f1a8d45579,6,0.2,left_hip,0.23569101,0.64540327,0.1063935,254.54629182815552,1239.1742706298828,0.9901864
7aa93916-362d-4755-a5dc-63f1a8d45579,6,0.2,right_hip,0.10461193,0.629719,-0.10605358,112.98088788986206,1209.0605163574219,0.9949323
7aa93916-362d-4755-a5dc-63f1a8d45579,6,0.2,left_knee,0.34624657,0.75976175,-0.036240414,373.9462959766388,1458.742561340332,0.34862268
7aa93916-362d-4755-a5dc-63f1a8d45579,6,0.2,right_knee,0.08754375,0.7762461,-0.144172,94.54724818468094,1490.3924560546875,0.82947785
7aa93916-362d-4755-a5dc-63f1a8d45579,6,0.2,left_ankle,0.25289166,0.79508287,0.22973196,273.12299251556396,1526.5591049194336,0.263744
7aa93916-362d-4755-a5dc-63f1a8d45579,6,0.2,right_ankle,-0.05262744,0.8822192,-0.010406712,-56.83763578534126,1693.860855102539,0.5719932
7aa93916-362d-4755-a5dc-63f1a8d45579,6,0.2,left_heel,0.23503621,0.79281753,0.26570126,253.83910596370697,1522.2096633911133,0.2891564
7aa93916-362d-4755-a5dc-63f1a8d45579,6,0.2,right_heel,-0.070710376,0.88646513,0.002795557,-76.36720597743988,1702.013053894043,0.48741138
7aa93916-362d-4755-a5dc-63f1a8d45579,6,0.2,left_foot_index,0.245302,0.8363139,0.28493494,264.9261671304703,1605.7226943969727,0.30091327
7aa93916-362d-4755-a5dc-63f1a8d45579,6,0.2,right_foot_index,-0.06918983,0.9487489,-0.093574315,-74.72501814365387,1821.5978622436523,0.4991029
7aa93916-362d-4755-a5dc-63f1a8d45579,9,0.3,nose,0.52963924,0.5468902,-0.8180416,572.010383605957,1050.029182434082,0.99981344
7aa93916-362d-4755-a5dc-63f1a8d45579,9,0.3,left_shoulder,0.46532196,0.5467953,-0.4838492,502.5477147102356,1049.8469924926758,0.99990094
7aa93916-362d-4755-a5dc-63f1a8d45579,9,0.3,right_shoulder,0.28541893,0.5676279,-0.8177436,308.25244188308716,1089.8455810546875,0.99987704
7aa93916-362d-4755-a5dc-63f1a8d45579,9,0.3,left_elbow,0.41376016,0.6243607,-0.30620536,446.860967874527,1198.7725067138672,0.46545273
7aa93916-362d-4755-a5dc-63f1a8d45579,9,0.3,right_elbow,0.21500413,0.6592187,-0.8196007,232.20446169376373,1265.6999588012695,0.98732436
7aa93916-362d-4755-a5dc-63f1a8d45579,9,0.3,left_wrist,0.42735374,0.7105759,-0.3742452,461.5420389175415,1364.3056869506836,0.47127435
7aa93916-362d-4755-a5dc-63f1a8d45579,9,0.3,right_wrist,0.3060146,0.75088215,-0.7392601,330.495765209198,1441.6937255859375,0.92417747
7aa93916-362d-4755-a5dc-63f1a8d45579,9,0.3,left_hip,0.25959796,0.630144,0.12195018,280.3657937049866,1209.876480102539,0.9908081
7aa93916-362d-4755-a5dc-63f1a8d45579,9,0.3,right_hip,0.14571628,0.6321451,-0.12160845,157.37358212471008,1213.718605041504,0.99533254
7aa93916-362d-4755-a5dc-63f1a8d45579,9,0.3,left_knee,0.4939394,0.68300635,0.026253253,533.4545516967773,1311.372184753418,0.37729898
7aa93916-362d-4755-a5dc-63f1a8d45579,9,0.3,right_knee,0.12720801,0.79658246,-0.17400545,137.38465011119843,1529.4383239746094,0.8445356
7aa93916-362d-4755-a5dc-63f1a8d45579,9,0.3,left_ankle,0.34499976,0.77248144,0.27753875,372.59974122047424,1483.1643676757812,0.30452627
7aa93916-362d-4755-a5dc-63f1a8d45579,9,0.3,right_ankle,-0.03598831,0.8912014,-0.18557571,-38.867373168468475,1711.1066436767578,0.61258
7aa93916-362d-4755-a5dc-63f1a8d45579,9,0.3,left_heel,0.3159711,0.7837839,0.2913453,341.24879479408264,1504.8651123046875,0.32469067
7aa93916-362d-4755-a5dc-63f1a8d45579,9,0.3,right_heel,-0.07770994,0.9064544,-0.19386306,-83.92673850059509,1740.3924179077148,0.5315715
7aa93916-362d-4755-a5dc-63f1a8d45579,9,0.3,left_foot_index,0.40367442,0.83709013,0.26997656,435.96837759017944,1607.2130584716797,0.3386134
7aa93916-362d-4755-a5dc-63f1a8d45579,9,0.3,right_foot_index,0.0059741237,0.9540604,-0.33141303,6.452053617686033,1831.7959213256836,0.5448957
7aa93916-362d-4755-a5dc-63f1a8d45579,12,0.4,nose,0.60811126,0.5291688,-0.5829235,656.7601633071899,1016.0040664672852,0.9997893
7aa93916-362d-4755-a5dc-63f1a8d45579,12,0.4,left_shoulder,0.47600836,0.5058786,-0.31185412,514.089024066925,971.2869644165039,0.99985474
7aa93916-362d-4755-a5dc-63f1a8d45579,12,0.4,right_shoulder,0.42427418,0.5769347,-0.6616311,458.21611046791077,1107.714614868164,0.99981755
7aa93916-362d-4755-a5dc-63f1a8d45579,12,0.4,left_elbow,0.4719903,0.5360727,-0.044956647,509.7495102882385,1029.2595291137695,0.45590428
7aa93916-362d-4755-a5dc-63f1a8d45579,12,0.4,right_elbow,0.44644496,0.6722467,-0.53677833,482.16055512428284,1290.7136535644531,0.98451257
7aa93916-362d-4755-a5dc-63f1a8d45579,12,0.4,left_wrist,0.57077235,0.6103437,-0.034004215,616.4341378211975,1171.8598937988281,0.46462432
7aa93916-362d-4755-a5dc-63f1a8d45579,12,0.4,right_wrist,0.5963801,0.7019519,-0.26763415,644.0905237197876,1347.747688293457,0.92436945
7aa93916-362d-4755-a5dc-63f1a8d45579,12,0.4,left_hip,0.29200774,0.6028314,0.12924358,315.3683638572693,1157.4363327026367,0.9912445
7aa93916-362d-4755-a5dc-63f1a8d45579,12,0.4,right_hip,0.23222803,0.6378933,-0.12886953,250.80626785755157,1224.7551727294922,0.99566114
7aa93916-362d-4755-a5dc-63f1a8d45579,12,0.4,left_knee,0.49706727,0.6063998,0.09499897,536.8326544761658,1164.2875671386719,0.3780351
7aa93916-362d-4755-a5dc-63f1a8d45579,12,0.4,right_knee,0.12941295,0.7941347,-0.1439052,139.76598501205444,1524.7385787963867,0.8566506
7aa93916-362d-4755-a5dc-63f1a8d45579,12,0.4,left_ankle,0.37906966,0.6948602,0.37741005,409.3952286243439,1334.1316223144531,0.30080384
7aa93916-362d-4755-a5dc-63f1a8d45579,12,0.4,right_ankle,-0.017955972,0.8863543,-0.116159424,-19.392449632287025,1701.800308227539,0.64803886
7aa93916-362d-4755-a5dc-63f1a8d45579,12,0.4,left_heel,0.33802983,0.70909816,0.3995896,365.07221817970276,1361.4684677124023,0.31966725
7aa93916-362d-4755-a5dc-63f1a8d45579,12,0.4,right_heel,-0.071066,0.8958421,-0.11388693,-76.7512795329094,1720.0167846679688,0.5720271
7aa93916-362d-4755-a5dc-63f1a8d45579,12,0.4,left_foot_index,0.43024138,0.7361914,0.41421926,464.66068625450134,1413.4874725341797,0.3403223
7aa93916-362d-4755-a5dc-63f1a8d45579,12,0.4,right_foot_index,0.032355055,0.94241047,-0.22615865,34.94345963001251,1809.4281005859375,0.58510065
7aa93916-362d-4755-a5dc-63f1a8d45579,15,0.5,nose,0.71419436,0.47092587,-0.2536359,771.3299059867859,904.1776657104492,0.99976087
7aa93916-362d-4755-a5dc-63f1a8d45579,15,0.5,left_shoulder,0.55609393,0.45246658,-0.13546567,600.5814456939697,868.7358283996582,0.9997957
7aa93916-362d-4755-a5dc-63f1a8d45579,15,0.5,right_shoulder,0.577634,0.56332,-0.47571415,623.8446950912476,1081.574363708496,0.99981827
7aa93916-362d-4755-a5dc-63f1a8d45579,15,0.5,left_elbow,0.5473358,0.48734093,0.24853592,591.1226677894592,935.694580078125,0.43385798
7aa93916-362d-4755-a5dc-63f1a8d45579,15,0.5,right_elbow,0.5509984,0.6289255,-0.2997619,595.0782608985901,1207.536964416504,0.9799425
7aa93916-362d-4755-a5dc-63f1a8d45579,15,0.5,left_wrist,0.6432714,0.52517587,0.51158315,694.7330975532532,1008.3376693725586,0.42884114
7aa93916-362d-4755-a5dc-63f1a8d45579,15,0.5,right_wrist,0.69052327,0.6157236,0.013022495,745.7651281356812,1182.1893310546875,0.90692157
7aa93916-362d-4755-a5dc-63f1a8d45579,15,0.5,left_hip,0.36958516,0.58317465,0.13352346,399.15196895599365,1119.6953201293945,0.9915751
7aa93916-362d-4755-a5dc-63f1a8d45579,15,0.5,right_hip,0.3594,0.6275376,-0.13301405,388.15200448036194,1204.8722076416016,0.99601245
7aa93916-362d-4755-a5dc-63f1a8d45579,15,0.5,left_knee,0.49202046,0.626031,0.40212545,531.3820946216583,1201.9794845581055,0.36254245
7aa93916-362d-4755-a5dc-63f1a8d45579,15,0.5,right_knee,0.24656391,0.77214265,-0.1393748,266.28902435302734,1482.5138854980469,0.8650567
7aa93916-362d-4755-a5dc-63f1a8d45579,15,0.5,left_ankle,0.35990846,0.73164326,0.7176218,388.7011384963989,1404.7550582885742,0.29053998
7aa93916-362d-4755-a5dc-63f1a8d45579,15,0.5,right_ankle,0.023381876,0.86694133,-0.18188201,25.252425894141197,1664.527359008789,0.67608464
7aa93916-362d-4755-a5dc-63f1a8d45579,15,0.5,left_heel,0.3282061,0.74224573,0.74613786,354.4625794887543,1425.1118087768555,0.3150166
7aa93916-362d-4755-a5dc-63f1a8d45579,15,0.5,right_heel,-0.025904024,0.8667878,-0.18531908,-27.97634594142437,1664.2325592041016,0.603093
7aa93916-362d-4755-a5dc-63f1a8d45579,15,0.5,left_foot_index,0.41936854,0.75804704,0.8098518,452.9180181026459,1455.450325012207,0.33597928
7aa93916-362d-4755-a5dc-63f1a8d45579,15,0.5,right_foot_index,0.025443343,0.92839044,-0.25941935,27.47881092131138,1782.509651184082,0.61452013
7aa93916-362d-4755-a5dc-63f1a8d45579,18,0.6,nose,0.75105834,0.4435985,-0.062948145,811.1430072784424,851.7091369628906,0.9997497
7aa93916-362d-4755-a5dc-63f1a8d45579,18,0.6,left_shoulder,0.5909473,0.4418141,0.13456616,638.2230520248413,848.2830619812012,0.9997098
7aa93916-362d-4755-a5dc-63f1a8d45579,18,0.6,right_shoulder,0.630028,0.5100184,-0.35600448,680.4302501678467,979.2353439331055,0.99977267
7aa93916-362d-4755-a5dc-63f1a8d45579,18,0.6,left_elbow,0.55232596,0.4928221,0.35061586,596.512041091919,946.2184524536133,0.40429175
7aa93916-362d-4755-a5dc-63f1a8d45579,18,0.6,right_elbow,0.5506745,0.61728156,-0.21521744,594.7284579277039,1185.1805877685547,0.9722063
7aa93916-362d-4755-a5dc-63f1a8d45579,18,0.6,left_wrist,0.6665421,0.54544663,0.4357152,719.8654818534851,1047.2575378417969,0.40180564
7aa93916-362d-4755-a5dc-63f1a8d45579,18,0.6,right_wrist,0.63047314,0.59488636,0.12903576,680.9109878540039,1142.1818161010742,0.8938066
7aa93916-362d-4755-a5dc-63f1a8d45579,18,0.6,left_hip,0.38224185,0.56353414,0.17158392,412.82119274139404,1081.9855499267578,0.99147666
7aa93916-362d-4755-a5dc-63f1a8d45579,18,0.6,right_hip,0.42563513,0.6047254,-0.17138301,459.6859395503998,1161.0728073120117,0.9960306
7aa93916-362d-4755-a5dc-63f1a8d45579,18,0.6,left_knee,0.4707539,0.6445507,0.44307587,508.4142208099365,1237.5373077392578,0.36727726
7aa93916-362d-4755-a5dc-63f1a8d45579,18,0.6,right_knee,0.40899786,0.74673045,-0.18193722,441.7176926136017,1433.7224578857422,0.87473893
7aa93916-362d-4755-a5dc-63f1a8d45579,18,0.6,left_ankle,0.32245255,0.72561544,0.53890145,348.2487487792969,1393.1816482543945,0.32167315
7aa93916-362d-4755-a5dc-63f1a8d45579,18,0.6,right_ankle,0.14811301,0.77942556,-0.22091576,159.9620532989502,1496.4970779418945,0.7050603
7aa93916-362d-4755-a5dc-63f1a8d45579,18,0.6,left_heel,0.26521525,0.73537266,0.546816,286.4324676990509,1411.915512084961,0.3410612
7aa93916-362d-4755-a5dc-63f1a8d45579,18,0.6,right_heel,0.09229524,0.7645019,-0.21453026,99.67885583639145,1467.8437042236328,0.63407826
7aa93916-362d-4755-a5dc-63f1a8d45579,18,0.6,left_foot_index,0.30529857,0.7663849,0.5911783,329.7224521636963,1471.4590072631836,0.36773327
7aa93916-362d-4755-a5dc-63f1a8d45579,18,0.6,right_foot_index,0.10025456,0.8366045,-0.22224261,108.27492266893387,1606.2805938720703,0.64697486
7aa93916-362d-4755-a5dc-63f1a8d45579,21,0.7,nose,0.7480158,0.42722452,-0.062399354,807.8570866584778,820.2710723876953,0.99976605
7aa93916-362d-4755-a5dc-63f1a8d45579,21,0.7,left_shoulder,0.6161753,0.4443475,0.23389883,665.4693174362183,853.1472015380859,0.9997142
7aa93916-362d-4755-a5dc-63f1a8d45579,21,0.7,right_shoulder,0.6281101,0.47966427,-0.35655737,678.3589196205139,920.9553909301758,0.9997146
7aa93916-362d-4755-a5dc-63f1a8d45579,21,0.7,left_elbow,0.64996994,0.5117228,0.38985455,701.9675302505493,982.5077819824219,0.4068492
7aa93916-362d-4755-a5dc-63f1a8d45579,21,0.7,right_elbow,0.52437335,0.5661646,-0.340324,566.3232207298279,1087.0360565185547,0.9680978
7aa93916-362d-4755-a5dc-63f1a8d45579,21,0.7,left_wrist,0.79017293,0.56194204,0.36834344,853.3867692947388,1078.9287185668945,0.43440032
7aa93916-362d-4755-a5dc-63f1a8d45579,21,0.7,right_wrist,0.59046793,0.5874583,-0.13648193,637.7053642272949,1127.9199600219727,0.88890404
7aa93916-362d-4755-a5dc-63f1a8d45579,21,0.7,left_hip,0.3867468,0.56148773,0.17811148,417.68653750419617,1078.0564498901367,0.9922699
7aa93916-362d-4755-a5dc-63f1a8d45579,21,0.7,right_hip,0.43544477,0.58936524,-0.17794049,470.28035402297974,1131.5812683105469,0.996281
7aa93916-362d-4755-a5dc-63f1a8d45579,21,0.7,left_knee,0.42243803,0.6492496,0.34788916,456.2330675125122,1246.5592575073242,0.39141887
7aa93916-362d-4755-a5dc-63f1a8d45579,21,0.7,right_knee,0.5276045,0.7105503,-0.15524833,569.8128819465637,1364.256591796875,0.8850332
7aa93916-362d-4755-a5dc-63f1a8d45579,21,0.7,left_ankle,0.2848054,0.7289679,0.52721703,307.58981823921204,1399.6183776855469,0.3627721
7aa93916-362d-4755-a5dc-63f1a8d45579,21,0.7,right_ankle,0.30124477,0.73626953,0.14789349,325.3443467617035,1413.6375045776367,0.72343135
7aa93916-362d-4755-a5dc-63f1a8d45579,21,0.7,left_heel,0.2329828,0.73126197,0.54281837,251.6214233636856,1404.0229797363281,0.3744315
7aa93916-362d-4755-a5dc-63f1a8d45579,21,0.7,right_heel,0.25931036,0.73082334,0.18721837,280.055193901062,1403.180809020996,0.6427289
7aa93916-362d-4755-a5dc-63f1a8d45579,21,0.7,left_foot_index,0.2703713,0.77541274,0.559134,292.0009911060333,1488.7924575805664,0.40559688
7aa93916-362d-4755-a5dc-63f1a8d45579,21,0.7,right_foot_index,0.29002085,0.7932972,0.2534927,313.2225215435028,1523.1305694580078,0.66633505
7aa93916-362d-4755-a5dc-63f1a8d45579,24,0.8,nose,0.74782807,0.42177323,-0.151868,807.6543116569519,809.8045921325684,0.9997857
7aa93916-362d-4755-a5dc-63f1a8d45579,24,0.8,left_shoulder,0.6325392,0.44351748,0.17323335,683.1423497200012,851.5535545349121,0.999729
7aa93916-362d-4755-a5dc-63f1a8d45579,24,0.8,right_shoulder,0.62347734,0.4702358,-0.4063593,673.3555269241333,902.852725982666,0.9997189
7aa93916-362d-4755-a5dc-63f1a8d45579,24,0.8,left_elbow,0.6838482,0.5141887,0.37369984,738.5560584068298,987.242317199707,0.43103012
7aa93916-362d-4755-a5dc-63f1a8d45579,24,0.8,right_elbow,0.52230203,0.5437237,-0.46288416,564.0861940383911,1043.9495086669922,0.9689287
7aa93916-362d-4755-a5dc-63f1a8d45579,24,0.8,left_wrist,0.77679724,0.56897587,0.36720908,838.9410138130188,1092.4336624145508,0.46953323
7aa93916-362d-4755-a5dc-63f1a8d45579,24,0.8,right_wrist,0.5868374,0.57957876,-0.36566693,633.7844038009644,1112.7912139892578,0.8897487
7aa93916-362d-4755-a5dc-63f1a8d45579,24,0.8,left_hip,0.39346558,0.56348413,0.18229535,424.94282484054565,1081.889533996582,0.9930336
7aa93916-362d-4755-a5dc-63f1a8d45579,24,0.8,right_hip,0.4343109,0.58445483,-0.18222572,469.0557861328125,1122.1532821655273,0.9966205
7aa93916-362d-4755-a5dc-63f1a8d45579,24,0.8,left_knee,0.37063897,0.6520921,0.36100608,400.29008388519287,1252.016830444336,0.444099
7aa93916-362d-4755-a5dc-63f1a8d45579,24,0.8,right_knee,0.57213295,0.67764187,0.0040157605,617.9035806655884,1301.0723876953125,0.8961099
7aa93916-362d-4755-a5dc-63f1a8d45579,24,0.8,left_ankle,0.20447755,0.7300762,0.55164415,220.83575248718262,1401.7462921142578,0.42296636
7aa93916-362d-4755-a5dc-63f1a8d45579,24,0.8,right_ankle,0.3869105,0.7299024,0.3271973,417.8633379936218,1401.412582397461,0.74951625
7aa93916-362d-4755-a5dc-63f1a8d45579,24,0.8,left_heel,0.16192853,0.74082017,0.56668663,174.88281726837158,1422.3747253417969,0.43132854
7aa93916-362d-4755-a5dc-63f1a8d45579,24,0.8,right_heel,0.34952083,0.7303405,0.3595711,377.48249888420105,1402.2537231445312,0.67199934
7aa93916-362d-4755-a5dc-63f1a8d45579,24,0.8,left_foot_index,0.25936234,0.76985675,0.53322,280.1113271713257,1478.1249618530273,0.46179232
7aa93916-362d-4755-a5dc-63f1a8d45579,24,0.8,right_foot_index,0.4304609,0.77212363,0.36437172,464.8977720737457,1482.4773788452148,0.6975282
7aa93916-362d-4755-a5dc-63f1a8d45579,27,0.9,nose,0.7486229,0.4199316,-0.08862696,808.5127258300781,806.2686538696289,0.9998063
7aa93916-362d-4755-a5dc-63f1a8d45579,27,0.9,left_shoulder,0.6382523,0.4430849,0.24296059,689.3125033378601,850.7229995727539,0.99975413
7aa93916-362d-4755-a5dc-63f1a8d45579,27,0.9,right_shoulder,0.61913776,0.46593457,-0.36001647,668.6687850952148,894.5943832397461,0.99973524
7aa93916-362d-4755-a5dc-63f1a8d45579,27,0.9,left_elbow,0.6826243,0.51194745,0.46115807,737.2342228889465,982.9391098022461,0.47719222
7aa93916-362d-4755-a5dc-63f1a8d45579,27,0.9,right_elbow,0.52293897,0.5350822,-0.4910686,564.7740840911865,1027.3578643798828,0.97020966
7aa93916-362d-4755-a5dc-63f1a8d45579,27,0.9,left_wrist,0.7486755,0.5701474,0.45416835,808.5695672035217,1094.6829986572266,0.517777
7aa93916-362d-4755-a5dc-63f1a8d45579,27,0.9,right_wrist,0.58942914,0.5758972,-0.49763772,636.5834712982178,1105.72265625,0.895839
7aa93916-362d-4755-a5dc-63f1a8d45579,27,0.9,left_hip,0.4065446,0.559842,0.18615724,439.06816363334656,1074.8966217041016,0.99372786
7aa93916-362d-4755-a5dc-63f1a8d45579,27,0.9,right_hip,0.44302994,0.57917786,-0.18621704,478.47233533859253,1112.021484375,0.9969459
7aa93916-362d-4755-a5dc-63f1a8d45579,27,0.9,left_knee,0.35473034,0.65184367,0.34334525,383.1087648868561,1251.5398406982422,0.49400333
7aa93916-362d-4755-a5dc-63f1a8d45579,27,0.9,right_knee,0.6012427,0.65396315,-0.06029325,649.3421387672424,1255.609245300293,0.90598947
7aa93916-362d-4755-a5dc-63f1a8d45579,27,0.9,left_ankle,0.17562662,0.72697127,0.5008989,189.67675030231476,1395.7848358154297,0.47849146
7aa93916-362d-4755-a5dc-63f1a8d45579,27,0.9,right_ankle,0.45240766,0.7192799,0.18755268,488.6002707481384,1381.0173797607422,0.77323645
7aa93916-362d-4755-a5dc-63f1a8d45579,27,0.9,left_heel,0.13223162,0.7335106,0.5132501,142.81015276908875,1408.3403778076172,0.48511946
7aa93916-362d-4755-a5dc-63f1a8d45579,27,0.9,right_heel,0.40565878,0.72830856,0.21359605,438.11148405075073,1398.3524322509766,0.6995682
7aa93916-362d-4755-a5dc-63f1a8d45579,27,0.9,left_foot_index,0.22518548,0.7689542,0.50644684,243.20032238960266,1476.3920974731445,0.5131144
7aa93916-362d-4755-a5dc-63f1a8d45579,27,0.9,right_foot_index,0.5039664,0.75183606,0.21879612,544.2837023735046,1443.5252380371094,0.7258666
7aa93916-362d-4755-a5dc-63f1a8d45579,30,1.0,nose,0.7476548,0.42044908,-0.105021715,807.4671792984009,807.2622299194336,0.9998251
7aa93916-362d-4755-a5dc-63f1a8d45579,30,1.0,left_shoulder,0.64012957,0.44667858,0.26001376,691.3399314880371,857.6228713989258,0.9997755
7aa93916-362d-4755-a5dc-63f1a8d45579,30,1.0,right_shoulder,0.6127367,0.46506742,-0.3784054,661.7556381225586,892.9294395446777,0.99975437
7aa93916-362d-4755-a5dc-63f1a8d45579,30,1.0,left_elbow,0.6661719,0.50999236,0.5156182,719.4656610488892,979.1853332519531,0.5011677
7aa93916-362d-4755-a5dc-63f1a8d45579,30,1.0,right_elbow,0.52017725,0.5336545,-0.47989464,561.7914247512817,1024.6166610717773,0.97185016
7aa93916-362d-4755-a5dc-63f1a8d45579,30,1.0,left_wrist,0.72127724,0.5697425,0.5318352,778.9794158935547,1093.9056015014648,0.55263174
7aa93916-362d-4755-a5dc-63f1a8d45579,30,1.0,right_wrist,0.5973148,0.5746895,-0.43023425,645.0999569892883,1103.4038543701172,0.90277034
7aa93916-362d-4755-a5dc-63f1a8d45579,30,1.0,left_hip,0.41503498,0.5582082,0.18824616,448.2377779483795,1071.7597961425781,0.9943534
7aa93916-362d-4755-a5dc-63f1a8d45579,30,1.0,right_hip,0.4349786,0.5740912,-0.18836172,469.77689266204834,1102.2550964355469,0.9972407
7aa93916-362d-4755-a5dc-63f1a8d45579,30,1.0,left_knee,0.34558946,0.65327597,0.32615077,373.2366156578064,1254.2898559570312,0.54212403
7aa93916-362d-4755-a5dc-63f1a8d45579,30,1.0,right_knee,0.5996374,0.6433133,-0.021023508,647.608380317688,1235.1615142822266,0.9148193
7aa93916-362d-4755-a5dc-63f1a8d45579,30,1.0,left_ankle,0.16425657,0.7233021,0.41199932,177.39709854125977,1388.7400817871094,0.5297007
7aa93916-362d-4755-a5dc-63f1a8d45579,30,1.0,right_ankle,0.48734915,0.7165685,0.27018812,526.3370847702026,1375.8115768432617,0.7944494
7aa93916-362d-4755-a5dc-63f1a8d45579,30,1.0,left_heel,0.11684608,0.72790635,0.41886526,126.19376331567764,1397.5801849365234,0.5353988
7aa93916-362d-4755-a5dc-63f1a8d45579,30,1.0,right_heel,0.44295248,0.73207307,0.29994035,478.38868260383606,1405.5802917480469,0.7248043
7aa93916-362d-4755-a5dc-63f1a8d45579,30,1.0,left_foot_index,0.1978227,0.7727027,0.3674315,213.64852130413055,1483.5891723632812,0.560188
7aa93916-362d-4755-a5dc-63f1a8d45579,30,1.0,right_foot_index,0.5517169,0.74402094,0.31876212,595.8542776107788,1428.5202026367188,0.7509465
7aa93916-362d-4755-a5dc-63f1a8d45579,33,1.1,nose,0.745503,0.41823977,-0.13542005,805.1432490348816,803.0203628540039,0.99984163
7aa93916-362d-4755-a5dc-63f1a8d45579,33,1.1,left_shoulder,0.635684,0.44819227,0.20734406,686.5387344360352,860.5291557312012,0.9997869
7aa93916-362d-4755-a5dc-63f1a8d45579,33,1.1,right_shoulder,0.61189324,0.46481013,-0.3916489,660.8446955680847,892.4354553222656,0.9997703
7aa93916-362d-4755-a5dc-63f1a8d45579,33,1.1,left_elbow,0.65229964,0.5112241,0.44141167,704.4836139678955,981.5502548217773,0.49318746
7aa93916-362d-4755-a5dc-63f1a8d45579,33,1.1,right_elbow,0.52613753,0.532854,-0.4409596,568.2285332679749,1023.079719543457,0.9731432
7aa93916-362d-4755-a5dc-63f1a8d45579,33,1.1,left_wrist,0.7056459,0.56892407,0.46056986,762.0975923538208,1092.334213256836,0.55435514
7aa93916-362d-4755-a5dc-63f1a8d45579,33,1.1,right_wrist,0.6036898,0.5715246,-0.3082645,651.9849729537964,1097.3272705078125,0.906832
7aa93916-362d-4755-a5dc-63f1a8d45579,33,1.1,left_hip,0.41877374,0.5570625,0.1874592,452.27563977241516,1069.5600128173828,0.9949135
7aa93916-362d-4755-a5dc-63f1a8d45579,33,1.1,right_hip,0.42773193,0.56961524,-0.18754947,461.95048570632935,1093.6612701416016,0.9974995
7aa93916-362d-4755-a5dc-63f1a8d45579,33,1.1,left_knee,0.34380835,0.65408915,0.318875,371.3130211830139,1255.851173400879,0.5821988
7aa93916-362d-4755-a5dc-63f1a8d45579,33,1.1,right_knee,0.5899201,0.63977456,0.025682403,637.1137118339539,1228.3671569824219,0.9219833
7aa93916-362d-4755-a5dc-63f1a8d45579,33,1.1,left_ankle,0.16093794,0.7194844,0.42128593,173.8129699230194,1381.410026550293,0.57451123
7aa93916-362d-4755-a5dc-63f1a8d45579,33,1.1,right_ankle,0.49053583,0.7172836,0.32065585,529.7786915302277,1377.1845245361328,0.8120826
7aa93916-362d-4755-a5dc-63f1a8d45579,33,1.1,left_heel,0.11195893,0.72163373,0.4292323,120.91564267873764,1385.536766052246,0.5788999
7aa93916-362d-4755-a5dc-63f1a8d45579,33,1.1,right_heel,0.45110273,0.7347005,0.3501828,487.1909523010254,1410.6249618530273,0.74436146
7aa93916-362d-4755-a5dc-63f1a8d45579,33,1.1,left_foot_index,0.19357698,0.76603174,0.3955514,209.06313478946686,1470.7809448242188,0.60148174
7aa93916-362d-4755-a5dc-63f1a8d45579,33,1.1,right_foot_index,0.5520323,0.73938274,0.3569618,596.1948752403259,1419.6148681640625,0.77219546
7aa93916-362d-4755-a5dc-63f1a8d45579,36,1.2,nose,0.7430538,0.4183438,-0.15673214,802.4980974197388,803.2201194763184,0.9998555
7aa93916-362d-4755-a5dc-63f1a8d45579,36,1.2,left_shoulder,0.6326807,0.44944775,0.17828576,683.2951712608337,862.9396820068359,0.9997839
7aa93916-362d-4755-a5dc-63f1a8d45579,36,1.2,right_shoulder,0.6107889,0.46779826,-0.39957422,659.6519923210144,898.172664642334,0.99977994
7aa93916-362d-4755-a5dc-63f1a8d45579,36,1.2,left_elbow,0.6350007,0.5101363,0.41216695,685.8007621765137,979.4617080688477,0.46789345
7aa93916-362d-4755-a5dc-63f1a8d45579,36,1.2,right_elbow,0.5254162,0.5356213,-0.40381944,567.4494910240173,1028.3928680419922,0.9742457
7aa93916-362d-4755-a5dc-63f1a8d45579,36,1.2,left_wrist,0.6881094,0.5629751,0.4470707,743.1581497192383,1080.912208557129,0.53091717
7aa93916-362d-4755-a5dc-63f1a8d45579,36,1.2,right_wrist,0.60018736,0.5717239,-0.21651258,648.2023501396179,1097.709846496582,0.9095
7aa93916-362d-4755-a5dc-63f1a8d45579,36,1.2,left_hip,0.4239403,0.55621153,0.17977235,457.85552501678467,1067.926139831543,0.9954147
7aa93916-362d-4755-a5dc-63f1a8d45579,36,1.2,right_hip,0.42760363,0.5672856,-0.17959835,461.81192278862,1089.188346862793,0.9977231
7aa93916-362d-4755-a5dc-63f1a8d45579,36,1.2,left_knee,0.3479399,0.65439475,0.25399625,375.77510118484497,1256.4379119873047,0.6174589
7aa93916-362d-4755-a5dc-63f1a8d45579,36,1.2,right_knee,0.5836311,0.6408164,0.038170803,630.3215861320496,1230.3674697875977,0.9270634
7aa93916-362d-4755-a5dc-63f1a8d45579,36,1.2,left_ankle,0.15890369,0.7145268,0.3590058,171.61598324775696,1371.8914031982422,0.6141791
7aa93916-362d-4755-a5dc-63f1a8d45579,36,1.2,right_ankle,0.4867273,0.7222508,0.32216018,525.6654810905457,1386.7215728759766,0.8259628
7aa93916-362d-4755-a5dc-63f1a8d45579,36,1.2,left_heel,0.11273392,0.71325946,0.36760062,121.75263673067093,1369.4581604003906,0.6173334
7aa93916-362d-4755-a5dc-63f1a8d45579,36,1.2,right_heel,0.45085502,0.73683774,0.35044503,486.92341804504395,1414.7284698486328,0.75920355
7aa93916-362d-4755-a5dc-63f1a8d45579,36,1.2,left_foot_index,0.17779607,0.75960445,0.313917,192.01975107192993,1458.4405517578125,0.6379723
7aa93916-362d-4755-a5dc-63f1a8d45579,36,1.2,right_foot_index,0.54105365,0.74110353,0.34964317,584.337944984436,1422.9187774658203,0.7895468
7aa93916-362d-4755-a5dc-63f1a8d45579,39,1.3,nose,0.7405422,0.41912252,-0.14797829,799.7855472564697,804.7152328491211,0.9998661
7aa93916-362d-4755-a5dc-63f1a8d45579,39,1.3,left_shoulder,0.62633294,0.44975886,0.20027013,676.439573764801,863.5370063781738,0.99976987
7aa93916-362d-4755-a5dc-63f1a8d45579,39,1.3,right_shoulder,0.61393976,0.46838617,-0.40158072,663.0549430847168,899.3014526367188,0.999791
7aa93916-362d-4755-a5dc-63f1a8d45579,39,1.3,left_elbow,0.6307073,0.5124647,0.41321263,681.1639094352722,983.9322280883789,0.4350354
7aa93916-362d-4755-a5dc-63f1a8d45579,39,1.3,right_elbow,0.5237581,0.53821284,-0.38464347,565.6587624549866,1033.3686447143555,0.9753125
7aa93916-362d-4755-a5dc-63f1a8d45579,39,1.3,left_wrist,0.6822096,0.5596726,0.42534798,736.786379814148,1074.5713806152344,0.50056577
7aa93916-362d-4755-a5dc-63f1a8d45579,39,1.3,right_wrist,0.5970834,0.5711731,-0.18262506,644.8500609397888,1096.6522979736328,0.9123316
7aa93916-362d-4755-a5dc-63f1a8d45579,39,1.3,left_hip,0.42080632,0.5542056,0.179327,454.4708240032196,1064.0747451782227,0.99586296
7aa93916-362d-4755-a5dc-63f1a8d45579,39,1.3,right_hip,0.428923,0.5663112,-0.17912705,463.2368516921997,1087.3174667358398,0.99791837
7aa93916-362d-4755-a5dc-63f1a8d45579,39,1.3,left_knee,0.350738,0.65471673,0.23151249,378.7970280647278,1257.0561218261719,0.6491818
7aa93916-362d-4755-a5dc-63f1a8d45579,39,1.3,right_knee,0.58272433,0.641355,-0.002524248,629.3422794342041,1231.4015579223633,0.9319715
7aa93916-362d-4755-a5dc-63f1a8d45579,39,1.3,left_ankle,0.16010593,0.70768684,0.32748073,172.91440308094025,1358.7587356567383,0.64992815
7aa93916-362d-4755-a5dc-63f1a8d45579,39,1.3,right_ankle,0.48264432,0.71995217,0.24768189,521.2558650970459,1382.3081588745117,0.83925176
7aa93916-362d-4755-a5dc-63f1a8d45579,39,1.3,left_heel,0.112921,0.7051863,0.33412412,121.95467948913574,1353.9577102661133,0.65174216
7aa93916-362d-4755-a5dc-63f1a8d45579,39,1.3,right_heel,0.44774565,0.7373787,0.2721227,483.5653030872345,1415.7671356201172,0.7730185
7aa93916-362d-4755-a5dc-63f1a8d45579,39,1.3,left_foot_index,0.17382984,0.75412846,0.2789901,187.73622572422028,1447.9266357421875,0.6707606
7aa93916-362d-4755-a5dc-63f1a8d45579,39,1.3,right_foot_index,0.5430249,0.7473921,0.263091,586.4668893814087,1434.9928665161133,0.8058363
7aa93916-362d-4755-a5dc-63f1a8d45579,42,1.4,nose,0.7385414,0.41988403,-0.108086735,797.6247382164001,806.1773300170898,0.9998773
7aa93916-362d-4755-a5dc-63f1a8d45579,42,1.4,left_shoulder,0.62279236,0.45080215,0.23502241,672.6157522201538,865.5401229858398,0.9997786
7aa93916-362d-4755-a5dc-63f1a8d45579,42,1.4,right_shoulder,0.6138149,0.46689734,-0.3785412,662.920081615448,896.4428901672363,0.999805
7aa93916-362d-4755-a5dc-63f1a8d45579,42,1.4,left_elbow,0.6100584,0.5150406,0.43349096,658.8631010055542,988.8779067993164,0.41193536
7aa93916-362d-4755-a5dc-63f1a8d45579,42,1.4,right_elbow,0.5283622,0.5389521,-0.37486905,570.6311917304993,1034.7880554199219,0.97652626
7aa93916-362d-4755-a5dc-63f1a8d45579,42,1.4,left_wrist,0.667712,0.5613928,0.42692468,721.1289310455322,1077.8741455078125,0.49465325
7aa93916-362d-4755-a5dc-63f1a8d45579,42,1.4,right_wrist,0.6014047,0.57346547,-0.20522623,649.5171046257019,1101.053695678711,0.9165666
7aa93916-362d-4755-a5dc-63f1a8d45579,42,1.4,left_hip,0.41912726,0.5554781,0.18298882,452.65743613243103,1066.5179443359375,0.99627274
7aa93916-362d-4755-a5dc-63f1a8d45579,42,1.4,right_hip,0.43856123,0.5668983,-0.18277101,473.6461293697357,1088.444709777832,0.9981125
7aa93916-362d-4755-a5dc-63f1a8d45579,42,1.4,left_knee,0.35688525,0.6548823,0.24397,385.43607473373413,1257.374038696289,0.6792888
7aa93916-362d-4755-a5dc-63f1a8d45579,42,1.4,right_knee,0.5781608,0.64394486,-0.015215418,624.4136881828308,1236.3741302490234,0.9374701
7aa93916-362d-4755-a5dc-63f1a8d45579,42,1.4,left_ankle,0.16790612,0.6992245,0.33390862,181.33861005306244,1342.510986328125,0.68329096
7aa93916-362d-4755-a5dc-63f1a8d45579,42,1.4,right_ankle,0.47616944,0.7220282,0.23803014,514.262992143631,1386.2941360473633,0.8532088
7aa93916-362d-4755-a5dc-63f1a8d45579,42,1.4,left_heel,0.12285639,0.69540733,0.33971223,132.68490493297577,1335.1820755004883,0.68407726
7aa93916-362d-4755-a5dc-63f1a8d45579,42,1.4,right_heel,0.44239408,0.7351526,0.26270252,477.78560400009155,1411.4929962158203,0.78915805
7aa93916-362d-4755-a5dc-63f1a8d45579,42,1.4,left_foot_index,0.16831371,0.75761247,0.28633252,181.77880883216858,1454.6159362792969,0.70170754
7aa93916-362d-4755-a5dc-63f1a8d45579,42,1.4,right_foot_index,0.53594404,0.74574345,0.26253563,578.819568157196,1431.8274307250977,0.8228112
7aa93916-362d-4755-a5dc-63f1a8d45579,45,1.5,nose,0.738093,0.41872546,-0.09035324,797.1404600143433,803.9528846740723,0.99988765
7aa93916-362d-4755-a5dc-63f1a8d45579,45,1.5,left_shoulder,0.61985695,0.45055246,0.24371643,669.4455099105835,865.0607299804688,0.9997883
7aa93916-362d-4755-a5dc-63f1a8d45579,45,1.5,right_shoulder,0.6171241,0.46700943,-0.37346,666.4940071105957,896.6580963134766,0.9998187
7aa93916-362d-4755-a5dc-63f1a8d45579,45,1.5,left_elbow,0.56754583,0.5160568,0.41279,612.9494976997375,990.8290100097656,0.3897584
7aa93916-362d-4755-a5dc-63f1a8d45579,45,1.5,right_elbow,0.5378111,0.5404998,-0.34148297,580.8359885215759,1037.7596282958984,0.9777084
7aa93916-362d-4755-a5dc-63f1a8d45579,45,1.5,left_wrist,0.64057875,0.5607232,0.35731903,691.8250465393066,1076.5885162353516,0.4969779
7aa93916-362d-4755-a5dc-63f1a8d45579,45,1.5,right_wrist,0.62290096,0.57406884,-0.13774167,672.733039855957,1102.2121810913086,0.9217194
7aa93916-362d-4755-a5dc-63f1a8d45579,45,1.5,left_hip,0.41925105,0.55776596,0.18379399,452.7911388874054,1070.91064453125,0.9966415
7aa93916-362d-4755-a5dc-63f1a8d45579,45,1.5,right_hip,0.44432643,0.5691604,-0.18350968,479.872545003891,1092.787971496582,0.99829
7aa93916-362d-4755-a5dc-63f1a8d45579,45,1.5,left_knee,0.36822847,0.6550752,0.23505849,397.6867425441742,1257.744369506836,0.7080736
7aa93916-362d-4755-a5dc-63f1a8d45579,45,1.5,right_knee,0.57702374,0.64628464,-0.022408443,623.1856441497803,1240.8665084838867,0.9427169
7aa93916-362d-4755-a5dc-63f1a8d45579,45,1.5,left_ankle,0.18150467,0.6928802,0.32429504,196.02504014968872,1330.3300094604492,0.7137749
7aa93916-362d-4755-a5dc-63f1a8d45579,45,1.5,right_ankle,0.46651635,0.7217971,0.23523696,503.8376533985138,1385.8504486083984,0.8664493
7aa93916-362d-4755-a5dc-63f1a8d45579,45,1.5,left_heel,0.1374201,0.68905705,0.33163604,148.4137111902237,1322.9895401000977,0.7137995
7aa93916-362d-4755-a5dc-63f1a8d45579,45,1.5,right_heel,0.43277064,0.7341245,0.26022857,467.3922908306122,1409.5190048217773,0.8052444
7aa93916-362d-4755-a5dc-63f1a8d45579,45,1.5,left_foot_index,0.18166636,0.7519032,0.2833935,196.19966804981232,1443.6540985107422,0.7301681
7aa93916-362d-4755-a5dc-63f1a8d45579,45,1.5,right_foot_index,0.52381504,0.74748516,0.25404823,565.7202386856079,1435.1715087890625,0.8387824
7aa93916-362d-4755-a5dc-63f1a8d45579,48,1.6,nose,0.73967546,0.41830325,-0.09540038,798.8494992256165,803.1422424316406,0.99989605
7aa93916-362d-4755-a5dc-63f1a8d45579,48,1.6,left_shoulder,0.6183524,0.44740817,0.23588976,667.8206062316895,859.0236854553223,0.99979323
7aa93916-362d-4755-a5dc-63f1a8d45579,48,1.6,right_shoulder,0.62479943,0.46662775,-0.37340486,674.7833847999573,895.9252738952637,0.99983
7aa93916-362d-4755-a5dc-63f1a8d45579,48,1.6,left_elbow,0.5552052,0.5172791,0.36310205,599.6216440200806,993.1758499145508,0.3633729
7aa93916-362d-4755-a5dc-63f1a8d45579,48,1.6,right_elbow,0.5532285,0.54147756,-0.3345537,597.486777305603,1039.6369171142578,0.97879237
7aa93916-362d-4755-a5dc-63f1a8d45579,48,1.6,left_wrist,0.6284362,0.5607314,0.26555887,678.7111043930054,1076.6043090820312,0.4903743
7aa93916-362d-4755-a5dc-63f1a8d45579,48,1.6,right_wrist,0.6425456,0.57337326,-0.123382956,693.9492273330688,1100.8766555786133,0.9266298
7aa93916-362d-4755-a5dc-63f1a8d45579,48,1.6,left_hip,0.4228427,0.5575438,0.18312979,456.6701281070709,1070.4841232299805,0.9969712
7aa93916-362d-4755-a5dc-63f1a8d45579,48,1.6,right_hip,0.45443714,0.5688836,-0.18285312,490.7921075820923,1092.2565078735352,0.99844545
7aa93916-362d-4755-a5dc-63f1a8d45579,48,1.6,left_knee,0.3927805,0.6544948,0.22314796,424.2029535770416,1256.6300582885742,0.7325828
7aa93916-362d-4755-a5dc-63f1a8d45579,48,1.6,right_knee,0.5728934,0.6511804,-0.03475557,618.7248516082764,1250.266342163086,0.94723177
7aa93916-362d-4755-a5dc-63f1a8d45579,48,1.6,left_ankle,0.18966833,0.6890873,0.31916633,204.84179377555847,1323.0475616455078,0.74051964
7aa93916-362d-4755-a5dc-63f1a8d45579,48,1.6,right_ankle,0.45544964,0.7232777,0.22662641,491.8856120109558,1388.6931610107422,0.87796676
7aa93916-362d-4755-a5dc-63f1a8d45579,48,1.6,left_heel,0.14524263,0.6847325,0.32699126,156.86204195022583,1314.686393737793,0.7394826
7aa93916-362d-4755-a5dc-63f1a8d45579,48,1.6,right_heel,0.42206442,0.7326278,0.2520597,455.8295774459839,1406.645393371582,0.8182643
7aa93916-362d-4755-a5dc-63f1a8d45579,48,1.6,left_foot_index,0.19472405,0.74477625,0.27979505,210.30197739601135,1429.9703979492188,0.7550634
7aa93916-362d-4755-a5dc-63f1a8d45579,48,1.6,right_foot_index,0.5071198,0.74914867,0.24808186,547.689356803894,1438.3654403686523,0.85274243
7aa93916-362d-4755-a5dc-63f1a8d45579,51,1.7,nose,0.7429203,0.41580755,-0.098425284,802.3539018630981,798.3504867553711,0.9999024
7aa93916-362d-4755-a5dc-63f1a8d45579,51,1.7,left_shoulder,0.61697435,0.4439724,0.2227962,666.3323020935059,852.4270248413086,0.99978906
7aa93916-362d-4755-a5dc-63f1a8d45579,51,1.7,right_shoulder,0.63297045,0.4676908,-0.36480412,683.6080884933472,897.9663276672363,0.99983877
7aa93916-362d-4755-a5dc-63f1a8d45579,51,1.7,left_elbow,0.56271195,0.51638436,0.31416607,607.728910446167,991.4579772949219,0.33538795
7aa93916-362d-4755-a5dc-63f1a8d45579,51,1.7,right_elbow,0.56213766,0.54300374,-0.31984842,607.1086764335632,1042.5671768188477,0.9792953
7aa93916-362d-4755-a5dc-63f1a8d45579,51,1.7,left_wrist,0.6252333,0.5601941,0.21280213,675.251955986023,1075.572624206543,0.47008792
7aa93916-362d-4755-a5dc-63f1a8d45579,51,1.7,right_wrist,0.6497575,0.57272613,-0.10989582,701.7381048202515,1099.6341705322266,0.9301213
7aa93916-362d-4755-a5dc-63f1a8d45579,51,1.7,left_hip,0.42441875,0.5577185,0.18020014,458.3722472190857,1070.8195495605469,0.99726135
7aa93916-362d-4755-a5dc-63f1a8d45579,51,1.7,right_hip,0.4645113,0.56899357,-0.17975858,501.6722095012665,1092.4676513671875,0.9985784
7aa93916-362d-4755-a5dc-63f1a8d45579,51,1.7,left_knee,0.41975865,0.6536877,0.23390333,453.3393394947052,1255.0804138183594,0.75369734
7aa93916-362d-4755-a5dc-63f1a8d45579,51,1.7,right_knee,0.57184374,0.65367895,-0.063076206,617.5912427902222,1255.063591003418,0.9515354
7aa93916-362d-4755-a5dc-63f1a8d45579,51,1.7,left_ankle,0.21906032,0.6861571,0.3265183,236.58514201641083,1317.421646118164,0.76390237
7aa93916-362d-4755-a5dc-63f1a8d45579,51,1.7,right_ankle,0.4482672,0.72528034,0.19235587,484.12856698036194,1392.5382614135742,0.8882863
7aa93916-362d-4755-a5dc-63f1a8d45579,51,1.7,left_heel,0.17294164,0.67962486,0.34357104,186.77697122097015,1304.8797225952148,0.76168734
7aa93916-362d-4755-a5dc-63f1a8d45579,51,1.7,right_heel,0.41427654,0.73311394,0.21801123,447.4186635017395,1407.5787734985352,0.8293087
7aa93916-362d-4755-a5dc-63f1a8d45579,51,1.7,left_foot_index,0.19806163,0.73787326,0.32911807,213.90656054019928,1416.716651916504,0.77659863
7aa93916-362d-4755-a5dc-63f1a8d45579,51,1.7,right_foot_index,0.5000119,0.75257653,0.23357151,540.0128746032715,1444.9469375610352,0.8649113
7aa93916-362d-4755-a5dc-63f1a8d45579,54,1.8,nose,0.74372673,0.41423097,-0.09265817,803.2248687744141,795.3234672546387,0.99990374
7aa93916-362d-4755-a5dc-63f1a8d45579,54,1.8,left_shoulder,0.6155817,0.44277892,0.21465737,664.8282265663147,850.1355171203613,0.99976563
7aa93916-362d-4755-a5dc-63f1a8d45579,54,1.8,right_shoulder,0.6430377,0.4684361,-0.3449608,694.4806909561157,899.3972969055176,0.9998421
7aa93916-362d-4755-a5dc-63f1a8d45579,54,1.8,left_elbow,0.56741,0.51700115,0.27437875,612.802791595459,992.6422119140625,0.30806637
7aa93916-362d-4755-a5dc-63f1a8d45579,54,1.8,right_elbow,0.57454115,0.54854655,-0.28796518,620.5044436454773,1053.2093811035156,0.978013
7aa93916-362d-4755-a5dc-63f1a8d45579,54,1.8,left_wrist,0.62959373,0.55838966,0.16874112,679.9612283706665,1072.108154296875,0.4436217
7aa93916-362d-4755-a5dc-63f1a8d45579,54,1.8,right_wrist,0.64959425,0.57387406,-0.07334722,701.5617871284485,1101.8381881713867,0.92941236
7aa93916-362d-4755-a5dc-63f1a8d45579,54,1.8,left_hip,0.42804337,0.55812156,0.17268795,462.2868347167969,1071.5933990478516,0.99750626
7aa93916-362d-4755-a5dc-63f1a8d45579,54,1.8,right_hip,0.46973,0.5682595,-0.17212284,507.30838894844055,1091.0581970214844,0.99867994
7aa93916-362d-4755-a5dc-63f1a8d45579,54,1.8,left_knee,0.4396765,0.6500959,0.25222242,474.85061287879944,1248.1840896606445,0.76582074
7aa93916-362d-4755-a5dc-63f1a8d45579,54,1.8,right_knee,0.568036,0.6553385,-0.071983345,613.478901386261,1258.2499694824219,0.9554422
7aa93916-362d-4755-a5dc-63f1a8d45579,54,1.8,left_ankle,0.2489827,0.68419105,0.39224944,268.9013135433197,1313.6468124389648,0.78187066
7aa93916-362d-4755-a5dc-63f1a8d45579,54,1.8,right_ankle,0.44183773,0.7275202,0.15559547,477.1847462654114,1396.8388366699219,0.896808
7aa93916-362d-4755-a5dc-63f1a8d45579,54,1.8,left_heel,0.20166771,0.6789456,0.4069063,217.8011280298233,1303.575553894043,0.77797097
7aa93916-362d-4755-a5dc-63f1a8d45579,54,1.8,right_heel,0.40783474,0.7359203,0.1789011,440.46151757240295,1412.9669952392578,0.83739555
7aa93916-362d-4755-a5dc-63f1a8d45579,54,1.8,left_foot_index,0.25095814,0.7343073,0.39630258,271.03479623794556,1409.8699951171875,0.79288054
7aa93916-362d-4755-a5dc-63f1a8d45579,54,1.8,right_foot_index,0.49424645,0.7550839,0.19059035,533.7861692905426,1449.7611236572266,0.87452734
7aa93916-362d-4755-a5dc-63f1a8d45579,57,1.9,nose,0.7439693,0.41492003,-0.029969154,803.4868669509888,796.6464614868164,0.9999085
7aa93916-362d-4755-a5dc-63f1a8d45579,57,1.9,left_shoulder,0.60584813,0.43796992,0.20332655,654.315984249115,840.9022521972656,0.99974954
7aa93916-362d-4755-a5dc-63f1a8d45579,57,1.9,right_shoulder,0.65661305,0.47286573,-0.3127155,709.142096042633,907.9022026062012,0.9998496
7aa93916-362d-4755-a5dc-63f1a8d45579,57,1.9,left_elbow,0.5535689,0.51041865,0.28009477,597.8544116020203,980.0038146972656,0.28167856
7aa93916-362d-4755-a5dc-63f1a8d45579,57,1.9,right_elbow,0.5829366,0.55558825,-0.20818552,629.5715117454529,1066.7294311523438,0.97494936
7aa93916-362d-4755-a5dc-63f1a8d45579,57,1.9,left_wrist,0.5934366,0.5464803,0.2434472,640.9115266799927,1049.242172241211,0.40852967
7aa93916-362d-4755-a5dc-63f1a8d45579,57,1.9,right_wrist,0.63739365,0.5745791,0.065598145,688.3851456642151,1103.191909790039,0.9198533
7aa93916-362d-4755-a5dc-63f1a8d45579,57,1.9,left_hip,0.42919192,0.5569445,0.162456,463.5272705554962,1069.3334197998047,0.99774003
7aa93916-362d-4755-a5dc-63f1a8d45579,57,1.9,right_hip,0.47630507,0.5694588,-0.16202283,514.4094729423523,1093.3608627319336,0.9987947
7aa93916-362d-4755-a5dc-63f1a8d45579,57,1.9,left_knee,0.46109933,0.6391872,0.3112508,497.9872727394104,1227.2394561767578,0.76986015
7aa93916-362d-4755-a5dc-63f1a8d45579,57,1.9,right_knee,0.5639974,0.65637946,-0.0246569,609.1171789169312,1260.2485656738281,0.95926166
7aa93916-362d-4755-a5dc-63f1a8d45579,57,1.9,left_ankle,0.28992847,0.6851845,0.46967423,313.1227433681488,1315.55419921875,0.7948985
7aa93916-362d-4755-a5dc-63f1a8d45579,57,1.9,right_ankle,0.4302437,0.7282713,0.18738525,464.6631968021393,1398.280906677246,0.90483564
7aa93916-362d-4755-a5dc-63f1a8d45579,57,1.9,left_heel,0.2419835,0.68487966,0.48379955,261.3421833515167,1314.9689483642578,0.78824437
7aa93916-362d-4755-a5dc-63f1a8d45579,57,1.9,right_heel,0.40474305,0.7371396,0.21034326,437.1224892139435,1415.3079986572266,0.84479547
7aa93916-362d-4755-a5dc-63f1a8d45579,57,1.9,left_foot_index,0.3277355,0.7344126,0.49449727,353.9543545246124,1410.0722122192383,0.80582756
7aa93916-362d-4755-a5dc-63f1a8d45579,57,1.9,right_foot_index,0.48947558,0.7538748,0.24585666,528.6336243152618,1447.4395751953125,0.88393456
7aa93916-362d-4755-a5dc-63f1a8d45579,60,2.0,nose,0.74555355,0.41456816,-0.0008467931,805.1978373527527,795.9708595275879,0.9999079
7aa93916-362d-4755-a5dc-63f1a8d45579,60,2.0,left_shoulder,0.6047799,0.43542764,0.20997603,653.1622910499573,836.0210609436035,0.9997285
7aa93916-362d-4755-a5dc-63f1a8d45579,60,2.0,right_shoulder,0.6633095,0.47342518,-0.3294933,716.3742756843567,908.9763450622559,0.99985737
7aa93916-362d-4755-a5dc-63f1a8d45579,60,2.0,left_elbow,0.5580254,0.5046395,0.3053577,602.667453289032,968.9078521728516,0.25764585
7aa93916-362d-4755-a5dc-63f1a8d45579,60,2.0,right_elbow,0.59257346,0.55460334,-0.22909705,639.9793410301208,1064.8384094238281,0.97243017
7aa93916-362d-4755-a5dc-63f1a8d45579,60,2.0,left_wrist,0.60587674,0.5356831,0.3061188,654.3468832969666,1028.5115432739258,0.3782606
7aa93916-362d-4755-a5dc-63f1a8d45579,60,2.0,right_wrist,0.63145196,0.57493925,0.065611824,681.9681215286255,1103.8833618164062,0.91077495
7aa93916-362d-4755-a5dc-63f1a8d45579,60,2.0,left_hip,0.43362695,0.5549523,0.16568825,468.3171057701111,1065.5084609985352,0.99794996
7aa93916-362d-4755-a5dc-63f1a8d45579,60,2.0,right_hip,0.47929394,0.56993484,-0.16533805,517.6374578475952,1094.27490234375,0.9988976
7aa93916-362d-4755-a5dc-63f1a8d45579,60,2.0,left_knee,0.4607166,0.63602865,0.36866018,497.5739336013794,1221.1750030517578,0.75868416
7aa93916-362d-4755-a5dc-63f1a8d45579,60,2.0,right_knee,0.56119376,0.6569704,-0.007710009,606.0892653465271,1261.3831329345703,0.96231884
7aa93916-362d-4755-a5dc-63f1a8d45579,60,2.0,left_ankle,0.32455316,0.6850539,0.5060999,350.5174148082733,1315.3034591674805,0.8011129
7aa93916-362d-4755-a5dc-63f1a8d45579,60,2.0,right_ankle,0.41133776,0.7275866,0.19046433,444.244784116745,1396.966323852539,0.9119597
7aa93916-362d-4755-a5dc-63f1a8d45579,60,2.0,left_heel,0.27041417,0.685967,0.51788837,292.0473074913025,1317.0566940307617,0.7928679
7aa93916-362d-4755-a5dc-63f1a8d45579,60,2.0,right_heel,0.3830092,0.73767215,0.21210688,413.6499309539795,1416.3305282592773,0.8523884
7aa93916-362d-4755-a5dc-63f1a8d45579,60,2.0,left_foot_index,0.33484277,0.7229407,0.53039825,361.6301929950714,1388.0461120605469,0.8147152
7aa93916-362d-4755-a5dc-63f1a8d45579,60,2.0,right_foot_index,0.47816965,0.7527191,0.24546634,516.4232218265533,1445.2206802368164,0.89256835
7aa93916-362d-4755-a5dc-63f1a8d45579,63,2.1,nose,0.7458423,0.4148298,-0.017594915,805.509660243988,796.4731979370117,0.999893
7aa93916-362d-4755-a5dc-63f1a8d45579,63,2.1,left_shoulder,0.6048353,0.43219566,0.18618438,653.2220935821533,829.815673828125,0.9996937
7aa93916-362d-4755-a5dc-63f1a8d45579,63,2.1,right_shoulder,0.66821295,0.47330508,-0.33203143,721.6699862480164,908.7457466125488,0.9998608
7aa93916-362d-4755-a5dc-63f1a8d45579,63,2.1,left_elbow,0.55679256,0.5006187,0.29643813,601.3359618186951,961.1878967285156,0.23508379
7aa93916-362d-4755-a5dc-63f1a8d45579,63,2.1,right_elbow,0.5993442,0.554017,-0.24175924,647.2917294502258,1063.7126541137695,0.9676917
7aa93916-362d-4755-a5dc-63f1a8d45579,63,2.1,left_wrist,0.60198367,0.5317394,0.29583928,650.1423597335815,1020.9396743774414,0.34660324
7aa93916-362d-4755-a5dc-63f1a8d45579,63,2.1,right_wrist,0.6316847,0.57022303,0.07633804,682.2194981575012,1094.828224182129,0.8919104
7aa93916-362d-4755-a5dc-63f1a8d45579,63,2.1,left_hip,0.43823993,0.55335814,0.1706108,473.29912662506104,1062.447624206543,0.9981232
7aa93916-362d-4755-a5dc-63f1a8d45579,63,2.1,right_hip,0.48414364,0.5703841,-0.17046297,522.8751361370087,1095.1374435424805,0.9989806
7aa93916-362d-4755-a5dc-63f1a8d45579,63,2.1,left_knee,0.49626243,0.62652206,0.44440657,535.9634256362915,1202.92236328125,0.7282759
7aa93916-362d-4755-a5dc-63f1a8d45579,63,2.1,right_knee,0.55943024,0.65861624,0.014176149,604.1846609115601,1264.5431900024414,0.9647286
7aa93916-362d-4755-a5dc-63f1a8d45579,63,2.1,left_ankle,0.3494765,0.68148386,0.6574721,377.4346053600311,1308.4490203857422,0.79508173
7aa93916-362d-4755-a5dc-63f1a8d45579,63,2.1,right_ankle,0.40148172,0.7233658,0.25955588,433.6002552509308,1388.8623046875,0.91785544
7aa93916-362d-4755-a5dc-63f1a8d45579,63,2.1,left_heel,0.3042593,0.68536437,0.6773932,328.6000442504883,1315.8995819091797,0.7863983
7aa93916-362d-4755-a5dc-63f1a8d45579,63,2.1,right_heel,0.36332646,0.7341257,0.28789857,392.3925769329071,1409.5212936401367,0.85799694
7aa93916-362d-4755-a5dc-63f1a8d45579,63,2.1,left_foot_index,0.3917342,0.71490806,0.70799506,423.07294964790344,1372.6234817504883,0.8177416
7aa93916-362d-4755-a5dc-63f1a8d45579,63,2.1,right_foot_index,0.45807227,0.74576896,0.32160062,494.71805691719055,1431.8764114379883,0.90017515
7aa93916-362d-4755-a5dc-63f1a8d45579,66,2.2,nose,0.7471619,0.41446182,-0.019377314,806.9348788261414,795.7666969299316,0.9998706
7aa93916-362d-4755-a5dc-63f1a8d45579,66,2.2,left_shoulder,0.60591835,0.4300484,0.17669035,654.391815662384,825.6929397583008,0.99963826
7aa93916-362d-4755-a5dc-63f1a8d45579,66,2.2,right_shoulder,0.6737689,0.47221336,-0.3421028,727.6703882217407,906.6496467590332,0.99985933
7aa93916-362d-4755-a5dc-63f1a8d45579,66,2.2,left_elbow,0.5595222,0.49711156,0.28772256,604.2839884757996,954.4541931152344,0.21463306
7aa93916-362d-4755-a5dc-63f1a8d45579,66,2.2,right_elbow,0.6116683,0.55376935,-0.2263638,660.6017518043518,1063.2371520996094,0.962181
7aa93916-362d-4755-a5dc-63f1a8d45579,66,2.2,left_wrist,0.6081107,0.5332516,0.28521484,656.7595839500427,1023.8430404663086,0.31735808
7aa93916-362d-4755-a5dc-63f1a8d45579,66,2.2,right_wrist,0.6427764,0.5682203,0.116652876,694.1985440254211,1090.983009338379,0.86776584
7aa93916-362d-4755-a5dc-63f1a8d45579,66,2.2,left_hip,0.4467474,0.5521122,0.17067647,482.4871838092804,1060.0554656982422,0.9982273
7aa93916-362d-4755-a5dc-63f1a8d45579,66,2.2,right_hip,0.4893499,0.57062256,-0.17053735,528.4978938102722,1095.5953216552734,0.9990175
7aa93916-362d-4755-a5dc-63f1a8d45579,66,2.2,left_knee,0.5093584,0.6222528,0.4684785,550.1070785522461,1194.7254180908203,0.6930251
7aa93916-362d-4755-a5dc-63f1a8d45579,66,2.2,right_knee,0.55700535,0.66012704,0.0065357573,601.5657734870911,1267.4439239501953,0.9665497
7aa93916-362d-4755-a5dc-63f1a8d45579,66,2.2,left_ankle,0.37571588,0.6817694,0.65946996,405.7731521129608,1308.9971923828125,0.78684866
7aa93916-362d-4755-a5dc-63f1a8d45579,66,2.2,right_ankle,0.3927644,0.716004,0.20876022,424.18554067611694,1374.7277069091797,0.9229837
7aa93916-362d-4755-a5dc-63f1a8d45579,66,2.2,left_heel,0.33442372,0.6872737,0.677086,361.17761850357056,1319.5654678344727,0.7783207
7aa93916-362d-4755-a5dc-63f1a8d45579,66,2.2,right_heel,0.34898114,0.72457266,0.23152189,376.8996334075928,1391.1795043945312,0.8629774
7aa93916-362d-4755-a5dc-63f1a8d45579,66,2.2,left_foot_index,0.41575378,0.71047086,0.71315336,449.01408433914185,1364.1040420532227,0.819843
7aa93916-362d-4755-a5dc-63f1a8d45579,66,2.2,right_foot_index,0.43888298,0.7411082,0.29199043,473.9936149120331,1422.9277038574219,0.9069291
7aa93916-362d-4755-a5dc-63f1a8d45579,69,2.3,nose,0.7498945,0.41325226,-0.010266025,809.8860597610474,793.4443473815918,0.9998437
7aa93916-362d-4755-a5dc-63f1a8d45579,69,2.3,left_shoulder,0.6059966,0.42881435,0.13550872,654.4763374328613,823.3235549926758,0.9995665
7aa93916-362d-4755-a5dc-63f1a8d45579,69,2.3,right_shoulder,0.6810862,0.47083393,-0.34620044,735.5730772018433,904.0011405944824,0.9998534
7aa93916-362d-4755-a5dc-63f1a8d45579,69,2.3,left_elbow,0.5544651,0.49702474,0.25312936,598.8223242759705,954.2875099182129,0.19623752
7aa93916-362d-4755-a5dc-63f1a8d45579,69,2.3,right_elbow,0.6180663,0.553572,-0.21591327,667.5116157531738,1062.8582382202148,0.95572174
7aa93916-362d-4755-a5dc-63f1a8d45579,69,2.3,left_wrist,0.60355365,0.5342497,0.26219866,651.837944984436,1025.7594680786133,0.29071012
7aa93916-362d-4755-a5dc-63f1a8d45579,69,2.3,right_wrist,0.6494176,0.5659173,0.12043109,701.3709855079651,1086.5612411499023,0.8411603
7aa93916-362d-4755-a5dc-63f1a8d45579,69,2.3,left_hip,0.4552162,0.55086863,0.16788927,491.63349509239197,1057.6677703857422,0.9982319
7aa93916-362d-4755-a5dc-63f1a8d45579,69,2.3,right_hip,0.4994444,0.570796,-0.16780874,539.3999469280243,1095.9283447265625,0.99899435
7aa93916-362d-4755-a5dc-63f1a8d45579,69,2.3,left_knee,0.50292474,0.62732834,0.44439018,543.1587195396423,1204.4704055786133,0.6647027
7aa93916-362d-4755-a5dc-63f1a8d45579,69,2.3,right_knee,0.55083495,0.66188365,0.0066782366,594.901750087738,1270.8166122436523,0.968287
7aa93916-362d-4755-a5dc-63f1a8d45579,69,2.3,left_ankle,0.39187577,0.68441457,0.666009,423.2258355617523,1314.0759658813477,0.77914935
7aa93916-362d-4755-a5dc-63f1a8d45579,69,2.3,right_ankle,0.38770103,0.71673524,0.20960635,418.7171173095703,1376.1316680908203,0.92759085
7aa93916-362d-4755-a5dc-63f1a8d45579,69,2.3,left_heel,0.35374326,0.68800014,0.6868428,382.042715549469,1320.9602737426758,0.76958334
7aa93916-362d-4755-a5dc-63f1a8d45579,69,2.3,right_heel,0.34720123,0.7233004,0.2329103,374.97732639312744,1388.7367630004883,0.8671276
7aa93916-362d-4755-a5dc-63f1a8d45579,69,2.3,left_foot_index,0.4139053,0.71415913,0.72374463,447.0177161693573,1371.185531616211,0.81982416
7aa93916-362d-4755-a5dc-63f1a8d45579,69,2.3,right_foot_index,0.43515444,0.7426166,0.27099293,469.96679306030273,1425.823860168457,0.91255796
7aa93916-362d-4755-a5dc-63f1a8d45579,72,2.4,nose,0.75476617,0.41040674,-0.0047156815,815.1474595069885,787.9809379577637,0.99976456
7aa93916-362d-4755-a5dc-63f1a8d45579,72,2.4,left_shoulder,0.60766554,0.42672417,0.1213379,656.2787818908691,819.3103981018066,0.9995037
7aa93916-362d-4755-a5dc-63f1a8d45579,72,2.4,right_shoulder,0.68375206,0.47043738,-0.34511515,738.4522247314453,903.2397651672363,0.9998348
7aa93916-362d-4755-a5dc-63f1a8d45579,72,2.4,left_elbow,0.55538434,0.49707603,0.21401115,599.8150849342346,954.385986328125,0.179162
7aa93916-362d-4755-a5dc-63f1a8d45579,72,2.4,right_elbow,0.6206275,0.5533728,-0.2035826,670.2777242660522,1062.4757766723633,0.9432972
7aa93916-362d-4755-a5dc-63f1a8d45579,72,2.4,left_wrist,0.5863621,0.5357328,0.19787803,633.2710933685303,1028.6069869995117,0.26608667
7aa93916-362d-4755-a5dc-63f1a8d45579,72,2.4,right_wrist,0.65498793,0.5637249,0.12827393,707.386965751648,1082.3517608642578,0.8059894
7aa93916-362d-4755-a5dc-63f1a8d45579,72,2.4,left_hip,0.46406096,0.54926735,0.16776268,501.185839176178,1054.5933151245117,0.9982249
7aa93916-362d-4755-a5dc-63f1a8d45579,72,2.4,right_hip,0.5042752,0.5716026,-0.16771464,544.6172189712524,1097.4769592285156,0.9989326
7aa93916-362d-4755-a5dc-63f1a8d45579,72,2.4,left_knee,0.5038558,0.6300924,0.4285854,544.1642904281616,1209.7773742675781,0.62305003
7aa93916-362d-4755-a5dc-63f1a8d45579,72,2.4,right_knee,0.5380224,0.663111,0.023683075,581.064190864563,1273.1730651855469,0.9674907
7aa93916-362d-4755-a5dc-63f1a8d45579,72,2.4,left_ankle,0.40362093,0.70353943,0.6614873,435.91060280799866,1350.7957077026367,0.7532673
7aa93916-362d-4755-a5dc-63f1a8d45579,72,2.4,right_ankle,0.37775525,0.71872354,0.28462198,407.97567486763,1379.9491882324219,0.9270741
7aa93916-362d-4755-a5dc-63f1a8d45579,72,2.4,left_heel,0.3631483,0.7105786,0.683462,392.20016598701477,1364.3109512329102,0.7461
7aa93916-362d-4755-a5dc-63f1a8d45579,72,2.4,right_heel,0.33764815,0.7255311,0.31514668,364.660005569458,1393.0197143554688,0.86229897
7aa93916-362d-4755-a5dc-63f1a8d45579,72,2.4,left_foot_index,0.4467852,0.7187872,0.70806485,482.5280284881592,1380.0714111328125,0.8037301
7aa93916-362d-4755-a5dc-63f1a8d45579,72,2.4,right_foot_index,0.42891762,0.7448592,0.32873923,463.23102593421936,1430.1296997070312,0.9119166
7aa93916-362d-4755-a5dc-63f1a8d45579,75,2.5,nose,0.75895613,0.40861002,0.007574779,819.6726250648499,784.5312309265137,0.99971104
7aa93916-362d-4755-a5dc-63f1a8d45579,75,2.5,left_shoulder,0.61309487,0.42284703,0.12117942,662.1424555778503,811.8663024902344,0.99948955
7aa93916-362d-4755-a5dc-63f1a8d45579,75,2.5,right_shoulder,0.6875947,0.46683592,-0.35229975,742.602288722992,896.3249588012695,0.99983895
7aa93916-362d-4755-a5dc-63f1a8d45579,75,2.5,left_elbow,0.55571705,0.4930233,0.20596002,600.1744151115417,946.6047477722168,0.16435216
7aa93916-362d-4755-a5dc-63f1a8d45579,75,2.5,right_elbow,0.62764704,0.5491575,-0.22628516,677.8588056564331,1054.3824005126953,0.9345055
7aa93916-362d-4755-a5dc-63f1a8d45579,75,2.5,left_wrist,0.5865345,0.5346866,0.1624648,633.4572601318359,1026.5983200073242,0.24322236
7aa93916-362d-4755-a5dc-63f1a8d45579,75,2.5,right_wrist,0.6563757,0.5600514,0.10412254,708.8857626914978,1075.2986526489258,0.77218777
7aa93916-362d-4755-a5dc-63f1a8d45579,75,2.5,left_hip,0.4732602,0.5471694,0.17121758,511.1210095882416,1050.5652236938477,0.9982925
7aa93916-362d-4755-a5dc-63f1a8d45579,75,2.5,right_hip,0.5129447,0.57174027,-0.17134239,553.9802742004395,1097.7413177490234,0.99898547
7aa93916-362d-4755-a5dc-63f1a8d45579,75,2.5,left_knee,0.51751655,0.6307035,0.48956802,558.9178776741028,1210.9507369995117,0.5852467
7aa93916-362d-4755-a5dc-63f1a8d45579,75,2.5,right_knee,0.5314741,0.66412747,0.018132502,573.9920425415039,1275.124740600586,0.9663991
7aa93916-362d-4755-a5dc-63f1a8d45579,75,2.5,left_ankle,0.44238442,0.7106929,0.8095128,477.77517557144165,1364.5303344726562,0.73170626
7aa93916-362d-4755-a5dc-63f1a8d45579,75,2.5,right_ankle,0.36966655,0.71971196,0.29914117,399.2398703098297,1381.8469619750977,0.9276406
7aa93916-362d-4755-a5dc-63f1a8d45579,75,2.5,left_heel,0.40961832,0.72195196,0.8401398,442.38778352737427,1386.1477661132812,0.7269582
7aa93916-362d-4755-a5dc-63f1a8d45579,75,2.5,right_heel,0.32682616,0.72661203,0.33000642,352.9722476005554,1395.095100402832,0.8593742
7aa93916-362d-4755-a5dc-63f1a8d45579,75,2.5,left_foot_index,0.4759549,0.7221937,0.86115646,514.0312814712524,1386.6119384765625,0.78947836
7aa93916-362d-4755-a5dc-63f1a8d45579,75,2.5,right_foot_index,0.42083573,0.74549085,0.3160666,454.502592086792,1431.342430114746,0.9113546
7aa93916-362d-4755-a5dc-63f1a8d45579,78,2.6,nose,0.7601988,0.4072636,0.049211588,821.0146737098694,781.9461250305176,0.9997003
7aa93916-362d-4755-a5dc-63f1a8d45579,78,2.6,left_shoulder,0.6156452,0.42100492,0.10864687,664.8967838287354,808.3294486999512,0.99949217
7aa93916-362d-4755-a5dc-63f1a8d45579,78,2.6,right_shoulder,0.6947093,0.4646012,-0.35056165,750.2860450744629,892.0342826843262,0.9998499
7aa93916-362d-4755-a5dc-63f1a8d45579,78,2.6,left_elbow,0.55656815,0.48619822,0.20893392,601.0935974121094,933.5005760192871,0.15407765
7aa93916-362d-4755-a5dc-63f1a8d45579,78,2.6,right_elbow,0.634714,0.5426902,-0.21072152,685.4911279678345,1041.965217590332,0.9305364
7aa93916-362d-4755-a5dc-63f1a8d45579,78,2.6,left_wrist,0.5763969,0.5241976,0.20837066,622.5086331367493,1006.4593505859375,0.22175579
7aa93916-362d-4755-a5dc-63f1a8d45579,78,2.6,right_wrist,0.6552521,0.55863357,0.13918267,707.672266960144,1072.5764465332031,0.7447609
7aa93916-362d-4755-a5dc-63f1a8d45579,78,2.6,left_hip,0.47994265,0.54552686,0.17113888,518.3380615711212,1047.4115753173828,0.9983372
7aa93916-362d-4755-a5dc-63f1a8d45579,78,2.6,right_hip,0.523061,0.57167554,-0.17128347,564.9058556556702,1097.6170349121094,0.9990506
7aa93916-362d-4755-a5dc-63f1a8d45579,78,2.6,left_knee,0.52674,0.6289778,0.49580088,568.8792157173157,1207.6373291015625,0.554799
7aa93916-362d-4755-a5dc-63f1a8d45579,78,2.6,right_knee,0.52669144,0.66473174,0.017392442,568.8267517089844,1276.2849426269531,0.9651733
7aa93916-362d-4755-a5dc-63f1a8d45579,78,2.6,left_ankle,0.49727952,0.7082598,0.7886692,537.0618867874146,1359.8588562011719,0.7211151
7aa93916-362d-4755-a5dc-63f1a8d45579,78,2.6,right_ankle,0.36436048,0.71989214,0.25003743,393.50932002067566,1382.1929168701172,0.92971236
7aa93916-362d-4755-a5dc-63f1a8d45579,78,2.6,left_heel,0.45227504,0.72395307,0.81653744,488.45704078674316,1389.989891052246,0.7194163
7aa93916-362d-4755-a5dc-63f1a8d45579,78,2.6,right_heel,0.322843,0.7273471,0.27398986,348.67042422294617,1396.5063858032227,0.8586107
7aa93916-362d-4755-a5dc-63f1a8d45579,78,2.6,left_foot_index,0.5196193,0.7154581,0.83823746,561.1888289451599,1373.679542541504,0.78231835
7aa93916-362d-4755-a5dc-63f1a8d45579,78,2.6,right_foot_index,0.4119932,0.74600345,0.22679877,444.9526619911194,1432.3266220092773,0.91205084
7aa93916-362d-4755-a5dc-63f1a8d45579,81,2.7,nose,0.7625026,0.40567496,0.07802166,823.5028195381165,778.8959312438965,0.99971014
7aa93916-362d-4755-a5dc-63f1a8d45579,81,2.7,left_shoulder,0.61608595,0.41643512,0.111386016,665.3728222846985,799.5554351806641,0.9995148
7aa93916-362d-4755-a5dc-63f1a8d45579,81,2.7,right_shoulder,0.70278054,0.461951,-0.34290466,759.0029883384705,886.9458961486816,0.99986315
7aa93916-362d-4755-a5dc-63f1a8d45579,81,2.7,left_elbow,0.55736595,0.47776672,0.21408875,601.9552302360535,917.3121070861816,0.14766425
7aa93916-362d-4755-a5dc-63f1a8d45579,81,2.7,right_elbow,0.6411541,0.5374576,-0.18734074,692.4464392662048,1031.9185638427734,0.9268183
7aa93916-362d-4755-a5dc-63f1a8d45579,81,2.7,left_wrist,0.5796437,0.515324,0.22376856,626.0152244567871,989.4220733642578,0.20238535
7aa93916-362d-4755-a5dc-63f1a8d45579,81,2.7,right_wrist,0.6587611,0.5532761,0.20803814,711.4619708061218,1062.290153503418,0.7140659
7aa93916-362d-4755-a5dc-63f1a8d45579,81,2.7,left_hip,0.48721826,0.5440925,0.17104389,526.1957216262817,1044.6575546264648,0.99842554
7aa93916-362d-4755-a5dc-63f1a8d45579,81,2.7,right_hip,0.53987205,0.57130194,-0.17122358,583.0618143081665,1096.8997192382812,0.9991336
7aa93916-362d-4755-a5dc-63f1a8d45579,81,2.7,left_knee,0.55839664,0.6193202,0.5423151,603.068368434906,1189.0948104858398,0.5341363
7aa93916-362d-4755-a5dc-63f1a8d45579,81,2.7,right_knee,0.52758694,0.6632407,-0.02538777,569.7938919067383,1273.4220886230469,0.96525055
7aa93916-362d-4755-a5dc-63f1a8d45579,81,2.7,left_ankle,0.53784734,0.7038903,0.8515773,580.8751273155212,1351.4694213867188,0.7207957
7aa93916-362d-4755-a5dc-63f1a8d45579,81,2.7,right_ankle,0.36464623,0.72038966,0.1677008,393.81792426109314,1383.1481552124023,0.9338697
7aa93916-362d-4755-a5dc-63f1a8d45579,81,2.7,left_heel,0.5045687,0.7182201,0.881685,544.9341917037964,1378.9826202392578,0.7221759
7aa93916-362d-4755-a5dc-63f1a8d45579,81,2.7,right_heel,0.3190079,0.72732687,0.18841775,344.52853560447693,1396.4675903320312,0.8632345
7aa93916-362d-4755-a5dc-63f1a8d45579,81,2.7,left_foot_index,0.5836907,0.7052802,0.9123079,630.385959148407,1354.137954711914,0.7825234
7aa93916-362d-4755-a5dc-63f1a8d45579,81,2.7,right_foot_index,0.4048819,0.74607193,0.14107463,437.2724461555481,1432.4581146240234,0.91576076
7aa93916-362d-4755-a5dc-63f1a8d45579,84,2.8,nose,0.766788,0.40291104,0.08269307,828.131046295166,773.5891914367676,0.9997249
7aa93916-362d-4755-a5dc-63f1a8d45579,84,2.8,left_shoulder,0.61913955,0.4128472,0.09443571,668.6707162857056,792.6666069030762,0.9995477
7aa93916-362d-4755-a5dc-63f1a8d45579,84,2.8,right_shoulder,0.70890087,0.46044883,-0.33825174,765.6129384040833,884.0617561340332,0.99987584
7aa93916-362d-4755-a5dc-63f1a8d45579,84,2.8,left_elbow,0.56097525,0.47338465,0.1783768,605.8532738685608,908.8985252380371,0.14585973
7aa93916-362d-4755-a5dc-63f1a8d45579,84,2.8,right_elbow,0.64084256,0.53216106,-0.18423136,692.1099615097046,1021.7492294311523,0.92597306
7aa93916-362d-4755-a5dc-63f1a8d45579,84,2.8,left_wrist,0.5836428,0.51315355,0.15119858,630.3342032432556,985.2548217773438,0.18725419
7aa93916-362d-4755-a5dc-63f1a8d45579,84,2.8,right_wrist,0.6590803,0.54955393,0.19838801,711.8067526817322,1055.1435470581055,0.6937067
7aa93916-362d-4755-a5dc-63f1a8d45579,84,2.8,left_hip,0.49327245,0.5415405,0.16978881,532.734249830246,1039.7577667236328,0.9985436
7aa93916-362d-4755-a5dc-63f1a8d45579,84,2.8,right_hip,0.54324424,0.5684138,-0.17004675,586.703782081604,1091.3544845581055,0.9992161
7aa93916-362d-4755-a5dc-63f1a8d45579,84,2.8,left_knee,0.59415984,0.6017366,0.5649607,641.6926288604736,1155.3342819213867,0.5388077
7aa93916-362d-4755-a5dc-63f1a8d45579,84,2.8,right_knee,0.5270047,0.65962476,-0.04698534,569.165096282959,1266.4795303344727,0.9677073
7aa93916-362d-4755-a5dc-63f1a8d45579,84,2.8,left_ankle,0.57224435,0.6924257,0.9426441,618.0238938331604,1329.4573974609375,0.7335424
7aa93916-362d-4755-a5dc-63f1a8d45579,84,2.8,right_ankle,0.3638274,0.71940285,0.1383353,392.93359994888306,1381.2534713745117,0.9393761
7aa93916-362d-4755-a5dc-63f1a8d45579,84,2.8,left_heel,0.55059034,0.7166854,0.9790846,594.6375632286072,1376.0359954833984,0.7321159
7aa93916-362d-4755-a5dc-63f1a8d45579,84,2.8,right_heel,0.31453046,0.72600114,0.15716262,339.69289898872375,1393.9221954345703,0.87188554
7aa93916-362d-4755-a5dc-63f1a8d45579,84,2.8,left_foot_index,0.6280849,0.69772005,1.0083241,678.3316898345947,1339.6224975585938,0.78998864
7aa93916-362d-4755-a5dc-63f1a8d45579,84,2.8,right_foot_index,0.40147686,0.74639255,0.08960461,433.59500885009766,1433.0736923217773,0.9215913
7aa93916-362d-4755-a5dc-63f1a8d45579,87,2.9,nose,0.76864314,0.40057456,0.053358577,830.1345920562744,769.1031646728516,0.9997448
7aa93916-362d-4755-a5dc-63f1a8d45579,87,2.9,left_shoulder,0.62119085,0.41021436,0.05983975,670.8861136436462,787.6115798950195,0.9995838
7aa93916-362d-4755-a5dc-63f1a8d45579,87,2.9,right_shoulder,0.7112164,0.46001965,-0.35866088,768.1137013435364,883.2377243041992,0.9998876
7aa93916-362d-4755-a5dc-63f1a8d45579,87,2.9,left_elbow,0.57409674,0.47241038,0.13768128,620.0244784355164,907.0279312133789,0.14276376
7aa93916-362d-4755-a5dc-63f1a8d45579,87,2.9,right_elbow,0.64339644,0.5307576,-0.214043,694.868152141571,1019.0546035766602,0.9270362
7aa93916-362d-4755-a5dc-63f1a8d45579,87,2.9,left_wrist,0.58439916,0.5176936,0.08786384,631.1510968208313,993.9716720581055,0.17464094
7aa93916-362d-4755-a5dc-63f1a8d45579,87,2.9,right_wrist,0.6627421,0.5494789,0.19330823,715.761444568634,1054.9994659423828,0.6833849
7aa93916-362d-4755-a5dc-63f1a8d45579,87,2.9,left_hip,0.5003861,0.53942,0.16941322,540.4170083999634,1035.6864166259766,0.9986691
7aa93916-362d-4755-a5dc-63f1a8d45579,87,2.9,right_hip,0.5516261,0.56617963,-0.16970035,595.7561731338501,1087.0648956298828,0.99929225
7aa93916-362d-4755-a5dc-63f1a8d45579,87,2.9,left_knee,0.6222514,0.58521014,0.5966759,672.0315027236938,1123.6034774780273,0.54708457
7aa93916-362d-4755-a5dc-63f1a8d45579,87,2.9,right_knee,0.5270232,0.65408224,-0.045047835,569.1850519180298,1255.8378982543945,0.9702823
7aa93916-362d-4755-a5dc-63f1a8d45579,87,2.9,left_ankle,0.60757226,0.6789509,0.9966229,656.1780381202698,1303.5857391357422,0.74993837
7aa93916-362d-4755-a5dc-63f1a8d45579,87,2.9,right_ankle,0.36453322,0.7160532,0.15701355,393.69587302207947,1374.822120666504,0.9449252
7aa93916-362d-4755-a5dc-63f1a8d45579,87,2.9,left_heel,0.5883238,0.6981553,1.0351887,635.3896737098694,1340.4581451416016,0.7473746
7aa93916-362d-4755-a5dc-63f1a8d45579,87,2.9,right_heel,0.31358764,0.72136533,0.1691173,338.67464661598206,1385.0214385986328,0.8821064
7aa93916-362d-4755-a5dc-63f1a8d45579,87,2.9,left_foot_index,0.66581863,0.69231594,1.0574294,719.0841221809387,1329.246597290039,0.8020633
7aa93916-362d-4755-a5dc-63f1a8d45579,87,2.9,right_foot_index,0.39829665,0.7474105,0.13874458,430.1603865623474,1435.0281143188477,0.92818034
7aa93916-362d-4755-a5dc-63f1a8d45579,90,3.0,nose,0.7689683,0.40025488,0.09360847,830.4857468605042,768.4893608093262,0.9997652
7aa93916-362d-4755-a5dc-63f1a8d45579,90,3.0,left_shoulder,0.62177,0.41014618,0.082240514,671.5116262435913,787.4806594848633,0.9996195
7aa93916-362d-4755-a5dc-63f1a8d45579,90,3.0,right_shoulder,0.71270066,0.45779312,-0.33974594,769.7167181968689,878.9627838134766,0.9998984
7aa93916-362d-4755-a5dc-63f1a8d45579,90,3.0,left_elbow,0.5658004,0.47292846,0.1548386,611.0644626617432,908.0226516723633,0.14226961
7aa93916-362d-4755-a5dc-63f1a8d45579,90,3.0,right_elbow,0.6460267,0.52947456,-0.20500343,697.7088046073914,1016.5911483764648,0.9257961
7aa93916-362d-4755-a5dc-63f1a8d45579,90,3.0,left_wrist,0.5874451,0.51883954,0.11532664,634.4406867027283,996.1719131469727,0.16345625
7aa93916-362d-4755-a5dc-63f1a8d45579,90,3.0,right_wrist,0.66513795,0.54881024,0.16011234,718.348982334137,1053.7156677246094,0.66648227
7aa93916-362d-4755-a5dc-63f1a8d45579,90,3.0,left_hip,0.50823766,0.53827417,0.16947706,548.8966727256775,1033.4864044189453,0.9987845
7aa93916-362d-4755-a5dc-63f1a8d45579,90,3.0,right_hip,0.55412257,0.5625738,-0.16977961,598.4523725509644,1080.1416778564453,0.9993615
7aa93916-362d-4755-a5dc-63f1a8d45579,90,3.0,left_knee,0.6351712,0.57965606,0.5348458,685.9848690032959,1112.9396438598633,0.54855317
7aa93916-362d-4755-a5dc-63f1a8d45579,90,3.0,right_knee,0.5279081,0.64993393,-0.13059671,570.1407337188721,1247.8731536865234,0.97216225
7aa93916-362d-4755-a5dc-63f1a8d45579,90,3.0,left_ankle,0.6272941,0.6768173,0.8622796,677.4776530265808,1299.4892120361328,0.7648278
7aa93916-362d-4755-a5dc-63f1a8d45579,90,3.0,right_ankle,0.36458057,0.71350235,0.012115562,393.74701738357544,1369.9245071411133,0.9497067
7aa93916-362d-4755-a5dc-63f1a8d45579,90,3.0,left_heel,0.6120402,0.6951816,0.8932313,661.0034394264221,1334.7486877441406,0.76147574
7aa93916-362d-4755-a5dc-63f1a8d45579,90,3.0,right_heel,0.3119615,0.71526635,0.025069477,336.9184219837189,1373.3113861083984,0.8901284
7aa93916-362d-4755-a5dc-63f1a8d45579,90,3.0,left_foot_index,0.7004005,0.68868935,0.91676205,756.4325094223022,1322.2835540771484,0.8111123
7aa93916-362d-4755-a5dc-63f1a8d45579,90,3.0,right_foot_index,0.38768068,0.7533331,-0.057979245,418.69513392448425,1446.3995361328125,0.93352807
7aa93916-362d-4755-a5dc-63f1a8d45579,93,3.1,nose,0.7680508,0.39977956,0.14771113,829.4948530197144,767.5767517089844,0.99978304
7aa93916-362d-4755-a5dc-63f1a8d45579,93,3.1,left_shoulder,0.62146676,0.41114035,0.10067449,671.1840963363647,789.389476776123,0.99965125
7aa93916-362d-4755-a5dc-63f1a8d45579,93,3.1,right_shoulder,0.7156543,0.45680267,-0.31982806,772.9066586494446,877.0611190795898,0.9999082
7aa93916-362d-4755-a5dc-63f1a8d45579,93,3.1,left_elbow,0.55794704,0.4725736,0.17785639,602.582802772522,907.3413276672363,0.14659876
7aa93916-362d-4755-a5dc-63f1a8d45579,93,3.1,right_elbow,0.6498237,0.5276624,-0.17976208,701.8096232414246,1013.1118011474609,0.9261813
7aa93916-362d-4755-a5dc-63f1a8d45579,93,3.1,left_wrist,0.58833385,0.5177314,0.17093828,635.4005527496338,994.0443420410156,0.1518515
7aa93916-362d-4755-a5dc-63f1a8d45579,93,3.1,right_wrist,0.66738206,0.5469046,0.20932256,720.7726263999939,1050.0568771362305,0.6463609
7aa93916-362d-4755-a5dc-63f1a8d45579,93,3.1,left_hip,0.51260597,0.5371518,0.17368704,553.6144423484802,1031.3314819335938,0.9988855
7aa93916-362d-4755-a5dc-63f1a8d45579,93,3.1,right_hip,0.5617296,0.5616119,-0.17399952,606.6679787635803,1078.2948303222656,0.9994238
7aa93916-362d-4755-a5dc-63f1a8d45579,93,3.1,left_knee,0.6382668,0.58023024,0.4955215,689.328145980835,1114.0420532226562,0.5440996
7aa93916-362d-4755-a5dc-63f1a8d45579,93,3.1,right_knee,0.5290487,0.646918,-0.20646085,571.3725757598877,1242.0825576782227,0.9736738
7aa93916-362d-4755-a5dc-63f1a8d45579,93,3.1,left_ankle,0.64868194,0.67530453,0.78422195,700.5764937400818,1296.584701538086,0.77681255
7aa93916-362d-4755-a5dc-63f1a8d45579,93,3.1,right_ankle,0.3654968,0.7103364,-0.08555927,394.73655939102173,1363.8458633422852,0.953945
7aa93916-362d-4755-a5dc-63f1a8d45579,93,3.1,left_heel,0.6358312,0.69461083,0.8103584,686.6976714134216,1333.6528015136719,0.77412635
7aa93916-362d-4755-a5dc-63f1a8d45579,93,3.1,right_heel,0.3167734,0.7109568,-0.07307281,342.1152877807617,1365.0370788574219,0.8974035
7aa93916-362d-4755-a5dc-63f1a8d45579,93,3.1,left_foot_index,0.72306865,0.68605584,0.84925795,780.914146900177,1317.2272109985352,0.8173447
7aa93916-362d-4755-a5dc-63f1a8d45579,93,3.1,right_foot_index,0.3841162,0.7565802,-0.15043417,414.8454988002777,1452.633934020996,0.93834996
7aa93916-362d-4755-a5dc-63f1a8d45579,96,3.2,nose,0.77016896,0.398977,0.15440096,831.782476902008,766.0358619689941,0.99980044
7aa93916-362d-4755-a5dc-63f1a8d45579,96,3.2,left_shoulder,0.62181205,0.41050738,0.12615688,671.5570092201233,788.1741714477539,0.9996811
7aa93916-362d-4755-a5dc-63f1a8d45579,96,3.2,right_shoulder,0.7166971,0.45483437,-0.29869854,774.0328645706177,873.2819938659668,0.99991715
7aa93916-362d-4755-a5dc-63f1a8d45579,96,3.2,left_elbow,0.55731267,0.47213808,0.18561266,601.8976807594299,906.5051078796387,0.15098478
7aa93916-362d-4755-a5dc-63f1a8d45579,96,3.2,right_elbow,0.653856,0.52691084,-0.16445228,706.1644577980042,1011.668815612793,0.9254467
7aa93916-362d-4755-a5dc-63f1a8d45579,96,3.2,left_wrist,0.5930549,0.5165579,0.1896314,640.4992818832397,991.7911148071289,0.14145742
7aa93916-362d-4755-a5dc-63f1a8d45579,96,3.2,right_wrist,0.67511046,0.54461884,0.21440853,729.1192960739136,1045.6681823730469,0.6252241
7aa93916-362d-4755-a5dc-63f1a8d45579,96,3.2,left_hip,0.5169455,0.53565466,0.17413507,558.3011198043823,1028.4569549560547,0.9989759
7aa93916-362d-4755-a5dc-63f1a8d45579,96,3.2,right_hip,0.5663846,0.5593272,-0.17439832,611.6953825950623,1073.9081954956055,0.9994801
7aa93916-362d-4755-a5dc-63f1a8d45579,96,3.2,left_knee,0.63991374,0.5783883,0.4572318,691.1068367958069,1110.505485534668,0.53896004
7aa93916-362d-4755-a5dc-63f1a8d45579,96,3.2,right_knee,0.536594,0.64455855,-0.2803285,579.5214915275574,1237.5524139404297,0.9751952
7aa93916-362d-4755-a5dc-63f1a8d45579,96,3.2,left_ankle,0.66264415,0.67293715,0.708082,715.6556797027588,1292.0393371582031,0.787909
7aa93916-362d-4755-a5dc-63f1a8d45579,96,3.2,right_ankle,0.3745107,0.70627725,-0.21923849,404.4715619087219,1356.0523223876953,0.95780367
7aa93916-362d-4755-a5dc-63f1a8d45579,96,3.2,left_heel,0.65085787,0.6921465,0.73011875,702.9264950752258,1328.921241760254,0.7854843
7aa93916-362d-4755-a5dc-63f1a8d45579,96,3.2,right_heel,0.32328245,0.70555437,-0.21242751,349.14504647254944,1354.6643829345703,0.9037043
7aa93916-362d-4755-a5dc-63f1a8d45579,96,3.2,left_foot_index,0.7385183,0.684326,0.7641384,797.5997614860535,1313.905906677246,0.8228622
7aa93916-362d-4755-a5dc-63f1a8d45579,96,3.2,right_foot_index,0.37836167,0.7564713,-0.2890663,408.6306059360504,1452.4248504638672,0.942863
7aa93916-362d-4755-a5dc-63f1a8d45579,99,3.3,nose,0.77340204,0.39805827,0.13179342,835.2741980552673,764.2718696594238,0.9998178
7aa93916-362d-4755-a5dc-63f1a8d45579,99,3.3,left_shoulder,0.6254566,0.41127568,0.14054666,675.4930973052979,789.6493148803711,0.99970955
7aa93916-362d-4755-a5dc-63f1a8d45579,99,3.3,right_shoulder,0.71775264,0.4534565,-0.29389167,775.1728463172913,870.6364631652832,0.99992526
7aa93916-362d-4755-a5dc-63f1a8d45579,99,3.3,left_elbow,0.55767024,0.47146946,0.22295506,602.2838544845581,905.2213668823242,0.16021013
7aa93916-362d-4755-a5dc-63f1a8d45579,99,3.3,right_elbow,0.6617136,0.5258352,-0.16649926,714.6506881713867,1009.6036148071289,0.9274159
7aa93916-362d-4755-a5dc-63f1a8d45579,99,3.3,left_wrist,0.6103928,0.51453984,0.24572085,659.2242336273193,987.9164886474609,0.13381863
7aa93916-362d-4755-a5dc-63f1a8d45579,99,3.3,right_wrist,0.686289,0.54088676,0.19787079,741.1921334266663,1038.5025787353516,0.6187436
7aa93916-362d-4755-a5dc-63f1a8d45579,99,3.3,left_hip,0.52338725,0.5336937,0.17407906,565.2582335472107,1024.6918487548828,0.9990594
7aa93916-362d-4755-a5dc-63f1a8d45579,99,3.3,right_hip,0.573546,0.5572028,-0.17433043,619.4296717643738,1069.8294067382812,0.9995309
7aa93916-362d-4755-a5dc-63f1a8d45579,99,3.3,left_knee,0.6459544,0.5784612,0.4331804,697.6307201385498,1110.6455612182617,0.53596723
7aa93916-362d-4755-a5dc-63f1a8d45579,99,3.3,right_knee,0.5532444,0.63996226,-0.3292166,597.5039649009705,1228.7275314331055,0.976794
7aa93916-362d-4755-a5dc-63f1a8d45579,99,3.3,left_ankle,0.66866505,0.6690169,0.65358216,722.1582555770874,1284.5124435424805,0.7988964
7aa93916-362d-4755-a5dc-63f1a8d45579,99,3.3,right_ankle,0.38900998,0.70239615,-0.3072996,420.1307809352875,1348.6006164550781,0.9613845
7aa93916-362d-4755-a5dc-63f1a8d45579,99,3.3,left_heel,0.65691257,0.68799406,0.67272806,709.4655704498291,1320.948600769043,0.79630166
7aa93916-362d-4755-a5dc-63f1a8d45579,99,3.3,right_heel,0.34296173,0.7015053,-0.30378383,370.3986668586731,1346.8901824951172,0.9097126
7aa93916-362d-4755-a5dc-63f1a8d45579,99,3.3,left_foot_index,0.7473703,0.6846219,0.7107586,807.1599268913269,1314.473991394043,0.8298908
7aa93916-362d-4755-a5dc-63f1a8d45579,99,3.3,right_foot_index,0.38566136,0.75616515,-0.37416893,416.51427268981934,1451.8370819091797,0.9473076
7aa93916-362d-4755-a5dc-63f1a8d45579,102,3.4,nose,0.77706444,0.39611074,0.12261965,839.2295980453491,760.5326271057129,0.99983346
7aa93916-362d-4755-a5dc-63f1a8d45579,102,3.4,left_shoulder,0.62828183,0.41086164,0.15210892,678.5443782806396,788.8543510437012,0.9997346
7aa93916-362d-4755-a5dc-63f1a8d45579,102,3.4,right_shoulder,0.7211896,0.4519332,-0.30102104,778.8847875595093,867.7117538452148,0.9999326
7aa93916-362d-4755-a5dc-63f1a8d45579,102,3.4,left_elbow,0.55838895,0.47044715,0.25490516,603.0600643157959,903.2585334777832,0.1705089
7aa93916-362d-4755-a5dc-63f1a8d45579,102,3.4,right_elbow,0.669907,0.5231013,-0.17613831,723.4995317459106,1004.3544387817383,0.9304721
7aa93916-362d-4755-a5dc-63f1a8d45579,102,3.4,left_wrist,0.61581576,0.51245034,0.29097986,665.0810194015503,983.9046478271484,0.12776035
7aa93916-362d-4755-a5dc-63f1a8d45579,102,3.4,right_wrist,0.6971559,0.53838164,0.19815986,752.928364276886,1033.692741394043,0.6176108
7aa93916-362d-4755-a5dc-63f1a8d45579,102,3.4,left_hip,0.52850395,0.5331482,0.1756482,570.7842707633972,1023.6445999145508,0.9991371
7aa93916-362d-4755-a5dc-63f1a8d45579,102,3.4,right_hip,0.58054006,0.5548827,-0.17590374,626.98326587677,1065.3747940063477,0.9995767
7aa93916-362d-4755-a5dc-63f1a8d45579,102,3.4,left_knee,0.65229875,0.57827586,0.44582462,704.4826483726501,1110.289649963379,0.537773
7aa93916-362d-4755-a5dc-63f1a8d45579,102,3.4,right_knee,0.5699653,0.638016,-0.31379285,615.562527179718,1224.9906921386719,0.97830176
7aa93916-362d-4755-a5dc-63f1a8d45579,102,3.4,left_ankle,0.6781459,0.6685139,0.67585206,732.3975563049316,1283.5466766357422,0.81183016
7aa93916-362d-4755-a5dc-63f1a8d45579,102,3.4,right_ankle,0.4066806,0.6978574,-0.28122395,439.2150628566742,1339.8861694335938,0.9648291
7aa93916-362d-4755-a5dc-63f1a8d45579,102,3.4,left_heel,0.6611664,0.6845431,0.6955376,714.0597438812256,1314.3227005004883,0.8088595
7aa93916-362d-4755-a5dc-63f1a8d45579,102,3.4,right_heel,0.36248267,0.6981535,-0.2759212,391.48128032684326,1340.4547119140625,0.9160684
7aa93916-362d-4755-a5dc-63f1a8d45579,102,3.4,left_foot_index,0.7532893,0.68531823,0.73324966,813.5524249076843,1315.8110046386719,0.83981687
7aa93916-362d-4755-a5dc-63f1a8d45579,102,3.4,right_foot_index,0.39611804,0.75615126,-0.3438195,427.8074884414673,1451.810417175293,0.9517791
7aa93916-362d-4755-a5dc-63f1a8d45579,105,3.5,nose,0.7795586,0.39558136,0.10235079,841.9232869148254,759.5162200927734,0.9998426
7aa93916-362d-4755-a5dc-63f1a8d45579,105,3.5,left_shoulder,0.6295444,0.4109969,0.1460477,679.9079275131226,789.1140747070312,0.9997507
7aa93916-362d-4755-a5dc-63f1a8d45579,105,3.5,right_shoulder,0.7223875,0.4504215,-0.29763696,780.1784920692444,864.8093032836914,0.9999388
7aa93916-362d-4755-a5dc-63f1a8d45579,105,3.5,left_elbow,0.56068796,0.46926016,0.247016,605.542995929718,900.9794998168945,0.16797146
7aa93916-362d-4755-a5dc-63f1a8d45579,105,3.5,right_elbow,0.67039496,0.5197739,-0.18135129,724.0265536308289,997.9658889770508,0.93144816
7aa93916-362d-4755-a5dc-63f1a8d45579,105,3.5,left_wrist,0.61520976,0.5114416,0.27617648,664.4265389442444,981.9678497314453,0.12046154
7aa93916-362d-4755-a5dc-63f1a8d45579,105,3.5,right_wrist,0.7060319,0.53457296,0.18321827,762.5144720077515,1026.3800811767578,0.62119484
7aa93916-362d-4755-a5dc-63f1a8d45579,105,3.5,left_hip,0.5362231,0.5329878,0.16714633,579.1209626197815,1023.3365249633789,0.99919164
7aa93916-362d-4755-a5dc-63f1a8d45579,105,3.5,right_hip,0.5896905,0.5536416,-0.16742626,636.8657469749451,1062.9919052124023,0.99961555
7aa93916-362d-4755-a5dc-63f1a8d45579,105,3.5,left_knee,0.66121733,0.57810473,0.40372443,714.1147184371948,1109.9610900878906,0.5402812
7aa93916-362d-4755-a5dc-63f1a8d45579,105,3.5,right_knee,0.5886784,0.63714325,-0.24716051,635.772693157196,1223.3150482177734,0.979052
7aa93916-362d-4755-a5dc-63f1a8d45579,105,3.5,left_ankle,0.67466056,0.6710316,0.6343969,728.6334085464478,1288.3806610107422,0.820336
7aa93916-362d-4755-a5dc-63f1a8d45579,105,3.5,right_ankle,0.4231995,0.6933822,-0.15077488,457.05546498298645,1331.293830871582,0.96742225
7aa93916-362d-4755-a5dc-63f1a8d45579,105,3.5,left_heel,0.65546024,0.68673044,0.65506154,707.8970575332642,1318.5224533081055,0.8156395
7aa93916-362d-4755-a5dc-63f1a8d45579,105,3.5,right_heel,0.37963626,0.6940517,-0.13939671,410.0071585178375,1332.579231262207,0.91919917
7aa93916-362d-4755-a5dc-63f1a8d45579,105,3.5,left_foot_index,0.7524931,0.68599516,0.67908853,812.6925301551819,1317.110710144043,0.845931
7aa93916-362d-4755-a5dc-63f1a8d45579,105,3.5,right_foot_index,0.42147955,0.7526737,-0.20098758,455.1979172229767,1445.1334762573242,0.95485854
7aa93916-362d-4755-a5dc-63f1a8d45579,108,3.6,nose,0.779829,0.3945928,0.10704827,842.2153472900391,757.6181602478027,0.9998531
7aa93916-362d-4755-a5dc-63f1a8d45579,108,3.6,left_shoulder,0.6363882,0.41141894,0.17105964,687.2992372512817,789.924373626709,0.9997679
7aa93916-362d-4755-a5dc-63f1a8d45579,108,3.6,right_shoulder,0.7232822,0.44846314,-0.29730782,781.1447954177856,861.0492324829102,0.99994445
7aa93916-362d-4755-a5dc-63f1a8d45579,108,3.6,left_elbow,0.59097654,0.46961364,0.25267267,638.2546591758728,901.6581916809082,0.16472602
7aa93916-362d-4755-a5dc-63f1a8d45579,108,3.6,right_elbow,0.67268634,0.5177177,-0.18198445,726.5012454986572,994.0180206298828,0.9343134
7aa93916-362d-4755-a5dc-63f1a8d45579,108,3.6,left_wrist,0.6233304,0.5124991,0.23833689,673.1968474388123,983.9982604980469,0.11531923
7aa93916-362d-4755-a5dc-63f1a8d45579,108,3.6,right_wrist,0.7205482,0.5296653,0.14318877,778.1920695304871,1016.9573593139648,0.6359267
7aa93916-362d-4755-a5dc-63f1a8d45579,108,3.6,left_hip,0.5423034,0.53364015,0.17052062,585.6876540184021,1024.5890808105469,0.999257
7aa93916-362d-4755-a5dc-63f1a8d45579,108,3.6,right_hip,0.59599274,0.55233335,-0.17079924,643.6721634864807,1060.4800415039062,0.99965185
7aa93916-362d-4755-a5dc-63f1a8d45579,108,3.6,left_knee,0.6480645,0.58669597,0.42431793,699.9096536636353,1126.4562606811523,0.5268849
7aa93916-362d-4755-a5dc-63f1a8d45579,108,3.6,right_knee,0.6084273,0.63218874,-0.22972533,657.101469039917,1213.802375793457,0.9793767
7aa93916-362d-4755-a5dc-63f1a8d45579,108,3.6,left_ankle,0.66874707,0.67238504,0.6489601,722.2468328475952,1290.9792709350586,0.8243932
7aa93916-362d-4755-a5dc-63f1a8d45579,108,3.6,right_ankle,0.44334766,0.69054025,-0.12562725,478.81547570228577,1325.837287902832,0.96962065
7aa93916-362d-4755-a5dc-63f1a8d45579,108,3.6,left_heel,0.64903075,0.6870997,0.66880906,700.9532046318054,1319.2314147949219,0.82039046
7aa93916-362d-4755-a5dc-63f1a8d45579,108,3.6,right_heel,0.40047717,0.69194347,-0.10943982,432.515344619751,1328.5314559936523,0.9221194
7aa93916-362d-4755-a5dc-63f1a8d45579,108,3.6,left_foot_index,0.74269825,0.68774223,0.6804036,802.1141123771667,1320.465087890625,0.85151416
7aa93916-362d-4755-a5dc-63f1a8d45579,108,3.6,right_foot_index,0.4488035,0.7477355,-0.15701264,484.707795381546,1435.6521606445312,0.957813
7aa93916-362d-4755-a5dc-63f1a8d45579,111,3.7,nose,0.7787401,0.39488092,0.12047034,841.0393166542053,758.1713676452637,0.9998634
7aa93916-362d-4755-a5dc-63f1a8d45579,111,3.7,left_shoulder,0.6379112,0.4138832,0.20348464,688.9440965652466,794.65576171875,0.99978334
7aa93916-362d-4755-a5dc-63f1a8d45579,111,3.7,right_shoulder,0.7236944,0.44729945,-0.29194155,781.5899348258972,858.8149452209473,0.9999496
7aa93916-362d-4755-a5dc-63f1a8d45579,111,3.7,left_elbow,0.59987265,0.4785098,0.27369642,647.8624606132507,918.738842010498,0.15915652
7aa93916-362d-4755-a5dc-63f1a8d45579,111,3.7,right_elbow,0.67654526,0.5173265,-0.18232407,730.6688833236694,993.2668304443359,0.93735844
7aa93916-362d-4755-a5dc-63f1a8d45579,111,3.7,left_wrist,0.6360265,0.51555514,0.23635669,686.9086217880249,989.8658752441406,0.112076014
7aa93916-362d-4755-a5dc-63f1a8d45579,111,3.7,right_wrist,0.7317685,0.5285052,0.13880196,790.3099679946899,1014.7299957275391,0.65278643
7aa93916-362d-4755-a5dc-63f1a8d45579,111,3.7,left_hip,0.54661983,0.5345864,0.17661944,590.3494191169739,1026.4059448242188,0.999319
7aa93916-362d-4755-a5dc-63f1a8d45579,111,3.7,right_hip,0.6011913,0.55305505,-0.17687951,649.286584854126,1061.8656921386719,0.99968386
7aa93916-362d-4755-a5dc-63f1a8d45579,111,3.7,left_knee,0.6407118,0.59657735,0.40796337,691.9687271118164,1145.4285049438477,0.50598073
7aa93916-362d-4755-a5dc-63f1a8d45579,111,3.7,right_knee,0.62809825,0.6343962,-0.22172712,678.3461093902588,1218.0406951904297,0.97937787
7aa93916-362d-4755-a5dc-63f1a8d45579,111,3.7,left_ankle,0.66445076,0.67304486,0.5199725,717.6068258285522,1292.2461318969727,0.8282805
7aa93916-362d-4755-a5dc-63f1a8d45579,111,3.7,right_ankle,0.46565333,0.68620956,-0.1244188,502.9055964946747,1317.5223541259766,0.9714264
7aa93916-362d-4755-a5dc-63f1a8d45579,111,3.7,left_heel,0.6486725,0.6904575,0.52891064,700.5663228034973,1325.6784439086914,0.826143
7aa93916-362d-4755-a5dc-63f1a8d45579,111,3.7,right_heel,0.41877463,0.68681073,-0.1149007,452.2766053676605,1318.6766052246094,0.92444646
7aa93916-362d-4755-a5dc-63f1a8d45579,111,3.7,left_foot_index,0.73045903,0.6883352,0.53372204,788.8957571983337,1321.6035461425781,0.85826015
7aa93916-362d-4755-a5dc-63f1a8d45579,111,3.7,right_foot_index,0.4685936,0.7387593,-0.15917477,506.0810852050781,1418.4178161621094,0.9605307
7aa93916-362d-4755-a5dc-63f1a8d45579,114,3.8,nose,0.7782696,0.39514855,0.04884563,840.5311560630798,758.6852073669434,0.99986553
7aa93916-362d-4755-a5dc-63f1a8d45579,114,3.8,left_shoulder,0.6439951,0.41504076,0.18952616,695.514714717865,796.8782615661621,0.9997926
7aa93916-362d-4755-a5dc-63f1a8d45579,114,3.8,right_shoulder,0.7223519,0.44572225,-0.31421936,780.140061378479,855.7867240905762,0.99995357
7aa93916-362d-4755-a5dc-63f1a8d45579,114,3.8,left_elbow,0.6142202,0.4841306,0.26593807,663.3578181266785,929.5307350158691,0.15040971
7aa93916-362d-4755-a5dc-63f1a8d45579,114,3.8,right_elbow,0.6774686,0.5161028,-0.21881714,731.6660857200623,990.9173583984375,0.93953913
7aa93916-362d-4755-a5dc-63f1a8d45579,114,3.8,left_wrist,0.6812009,0.5157004,0.19046383,735.6969952583313,990.1447677612305,0.112942964
7aa93916-362d-4755-a5dc-63f1a8d45579,114,3.8,right_wrist,0.7378086,0.52656794,0.096909724,796.8332719802856,1011.0104370117188,0.67305607
7aa93916-362d-4755-a5dc-63f1a8d45579,114,3.8,left_hip,0.5496893,0.5351859,0.17783743,593.664436340332,1027.5568771362305,0.9993676
7aa93916-362d-4755-a5dc-63f1a8d45579,114,3.8,right_hip,0.59868485,0.5522937,-0.17802629,646.57963514328,1060.403938293457,0.99970835
7aa93916-362d-4755-a5dc-63f1a8d45579,114,3.8,left_knee,0.6382738,0.6015914,0.41401568,689.3356776237488,1155.0555038452148,0.48456714
7aa93916-362d-4755-a5dc-63f1a8d45579,114,3.8,right_knee,0.6359832,0.6318576,-0.08752324,686.8618869781494,1213.1665420532227,0.97871435
7aa93916-362d-4755-a5dc-63f1a8d45579,114,3.8,left_ankle,0.6580246,0.6734979,0.56356955,710.6665778160095,1293.1159973144531,0.82895577
7aa93916-362d-4755-a5dc-63f1a8d45579,114,3.8,right_ankle,0.4832534,0.68453515,0.046768792,521.9136607646942,1314.3074798583984,0.9726631
7aa93916-362d-4755-a5dc-63f1a8d45579,114,3.8,left_heel,0.6418725,0.6931228,0.57483435,693.2223272323608,1330.795783996582,0.82937014
7aa93916-362d-4755-a5dc-63f1a8d45579,114,3.8,right_heel,0.44049782,0.6851105,0.0617966,475.73764085769653,1315.4121780395508,0.9255661
7aa93916-362d-4755-a5dc-63f1a8d45579,114,3.8,left_foot_index,0.7209912,0.6892272,0.57889426,778.6704897880554,1323.3162689208984,0.86408144
7aa93916-362d-4755-a5dc-63f1a8d45579,114,3.8,right_foot_index,0.502727,0.72868955,0.027142651,542.9451298713684,1399.0839385986328,0.96271014
7aa93916-362d-4755-a5dc-63f1a8d45579,117,3.9,nose,0.77769685,0.3954566,-0.024663322,839.9125957489014,759.2766952514648,0.99986815
7aa93916-362d-4755-a5dc-63f1a8d45579,117,3.9,left_shoulder,0.65029514,0.4183873,0.17882489,702.3187494277954,803.3036041259766,0.99979967
7aa93916-362d-4755-a5dc-63f1a8d45579,117,3.9,right_shoulder,0.72154784,0.44603294,-0.34499797,779.2716693878174,856.3832473754883,0.9999565
7aa93916-362d-4755-a5dc-63f1a8d45579,117,3.9,left_elbow,0.63011724,0.48768532,0.27952322,680.5266165733337,936.3558197021484,0.13997391
7aa93916-362d-4755-a5dc-63f1a8d45579,117,3.9,right_elbow,0.68034744,0.5167237,-0.2346624,734.7752380371094,992.109489440918,0.94079417
7aa93916-362d-4755-a5dc-63f1a8d45579,117,3.9,left_wrist,0.6905042,0.51585203,0.19920434,745.7445287704468,990.435905456543,0.11617827
7aa93916-362d-4755-a5dc-63f1a8d45579,117,3.9,right_wrist,0.74497306,0.52517736,0.081758514,804.5709085464478,1008.3405303955078,0.69363064
7aa93916-362d-4755-a5dc-63f1a8d45579,117,3.9,left_hip,0.5549036,0.5361671,0.17977846,599.295916557312,1029.440803527832,0.9994119
7aa93916-362d-4755-a5dc-63f1a8d45579,117,3.9,right_hip,0.59239435,0.55170155,-0.17985776,639.7859001159668,1059.2669677734375,0.9997293
7aa93916-362d-4755-a5dc-63f1a8d45579,117,3.9,left_knee,0.6460278,0.5979521,0.4229394,697.7100276947021,1148.0680847167969,0.48171598
7aa93916-362d-4755-a5dc-63f1a8d45579,117,3.9,right_knee,0.65330124,0.6270151,-0.09497809,705.5653381347656,1203.8690185546875,0.97968197
7aa93916-362d-4755-a5dc-63f1a8d45579,117,3.9,left_ankle,0.6516703,0.6740229,0.58741933,703.8038992881775,1294.1239929199219,0.8347812
7aa93916-362d-4755-a5dc-63f1a8d45579,117,3.9,right_ankle,0.5016401,0.68249226,0.10811661,541.7712879180908,1310.3851318359375,0.97440386
7aa93916-362d-4755-a5dc-63f1a8d45579,117,3.9,left_heel,0.6330292,0.69437134,0.596658,683.6715602874756,1333.1929779052734,0.83461076
7aa93916-362d-4755-a5dc-63f1a8d45579,117,3.9,right_heel,0.45634434,0.6840899,0.13032612,492.8518831729889,1313.4526062011719,0.9281377
7aa93916-362d-4755-a5dc-63f1a8d45579,117,3.9,left_foot_index,0.71527374,0.6896344,0.63352925,772.4956369400024,1324.098014831543,0.8720646
7aa93916-362d-4755-a5dc-63f1a8d45579,117,3.9,right_foot_index,0.53311265,0.7221879,0.10074834,575.7616567611694,1386.6007232666016,0.9652583
7aa93916-362d-4755-a5dc-63f1a8d45579,120,4.0,nose,0.77740055,0.3950839,-0.021341095,839.5925974845886,758.5610961914062,0.99987364
7aa93916-362d-4755-a5dc-63f1a8d45579,120,4.0,left_shoulder,0.65104514,0.42082274,0.17753766,703.1287550926208,807.9796600341797,0.9998072
7aa93916-362d-4755-a5dc-63f1a8d45579,120,4.0,right_shoulder,0.72147924,0.44669545,-0.35791445,779.19757604599,857.6552581787109,0.99995905
7aa93916-362d-4755-a5dc-63f1a8d45579,120,4.0,left_elbow,0.62925625,0.48942223,0.30870104,679.5967483520508,939.6906852722168,0.13074914
7aa93916-362d-4755-a5dc-63f1a8d45579,120,4.0,right_elbow,0.68261284,0.5175336,-0.23374188,737.2218632698059,993.6645126342773,0.94244474
7aa93916-362d-4755-a5dc-63f1a8d45579,120,4.0,left_wrist,0.69189596,0.5153654,0.26131377,747.2476387023926,989.5016098022461,0.11767112
7aa93916-362d-4755-a5dc-63f1a8d45579,120,4.0,right_wrist,0.7458191,0.52411216,0.095258884,805.484619140625,1006.2953567504883,0.7131496
7aa93916-362d-4755-a5dc-63f1a8d45579,120,4.0,left_hip,0.5526882,0.5362767,0.1834619,596.903235912323,1029.6512603759766,0.9994502
7aa93916-362d-4755-a5dc-63f1a8d45579,120,4.0,right_hip,0.5895412,0.5521566,-0.18342713,636.7044925689697,1060.140724182129,0.99974453
7aa93916-362d-4755-a5dc-63f1a8d45579,120,4.0,left_knee,0.66300446,0.5974439,0.41433018,716.0448145866394,1147.0922470092773,0.47789794
7aa93916-362d-4755-a5dc-63f1a8d45579,120,4.0,right_knee,0.6677984,0.62760246,-0.11400833,721.2222719192505,1204.9967193603516,0.98025537
7aa93916-362d-4755-a5dc-63f1a8d45579,120,4.0,left_ankle,0.6486894,0.67803407,0.58138573,700.5845403671265,1301.8254089355469,0.8393653
7aa93916-362d-4755-a5dc-63f1a8d45579,120,4.0,right_ankle,0.52498066,0.6829251,0.1000524,566.9791173934937,1311.2162017822266,0.97537106
7aa93916-362d-4755-a5dc-63f1a8d45579,120,4.0,left_heel,0.62822706,0.695529,0.5959886,678.4852194786072,1335.4156494140625,0.8383392
7aa93916-362d-4755-a5dc-63f1a8d45579,120,4.0,right_heel,0.4739781,0.6846806,0.124963716,511.89635038375854,1314.5867156982422,0.92883456
7aa93916-362d-4755-a5dc-63f1a8d45579,120,4.0,left_foot_index,0.71145713,0.6906926,0.6096764,768.373703956604,1326.1297988891602,0.87831205
7aa93916-362d-4755-a5dc-63f1a8d45579,120,4.0,right_foot_index,0.5481188,0.71637,0.11954364,591.9683361053467,1375.4303741455078,0.96694314
7aa93916-362d-4755-a5dc-63f1a8d45579,123,4.1,nose,0.7771059,0.39525142,-0.029120028,839.2744016647339,758.8827323913574,0.9998774
7aa93916-362d-4755-a5dc-63f1a8d45579,123,4.1,left_shoulder,0.6543819,0.4228031,0.20237139,706.7324209213257,811.7819595336914,0.9998122
7aa93916-362d-4755-a5dc-63f1a8d45579,123,4.1,right_shoulder,0.72083527,0.44712698,-0.3738345,778.5020899772644,858.4838104248047,0.9999614
7aa93916-362d-4755-a5dc-63f1a8d45579,123,4.1,left_elbow,0.6291225,0.49314028,0.35300162,679.4522953033447,946.8293380737305,0.1232896
7aa93916-362d-4755-a5dc-63f1a8d45579,123,4.1,right_elbow,0.685105,0.51761174,-0.24564455,739.9134278297424,993.8145446777344,0.9455603
7aa93916-362d-4755-a5dc-63f1a8d45579,123,4.1,left_wrist,0.69610274,0.5132354,0.3110625,751.7909574508667,985.4119491577148,0.1218003
7aa93916-362d-4755-a5dc-63f1a8d45579,123,4.1,right_wrist,0.7467338,0.52393025,0.099791564,806.472487449646,1005.9460830688477,0.7351143
7aa93916-362d-4755-a5dc-63f1a8d45579,123,4.1,left_hip,0.554134,0.5356615,0.19387367,598.464732170105,1028.470115661621,0.99948704
7aa93916-362d-4755-a5dc-63f1a8d45579,123,4.1,right_hip,0.5881565,0.5516672,-0.1937663,635.2090430259705,1059.2010498046875,0.99975914
7aa93916-362d-4755-a5dc-63f1a8d45579,123,4.1,left_knee,0.66928405,0.5946371,0.44397432,722.8267693519592,1141.703224182129,0.4755799
7aa93916-362d-4755-a5dc-63f1a8d45579,123,4.1,right_knee,0.67666936,0.6266501,-0.11025858,730.8029079437256,1203.1681823730469,0.98096734
7aa93916-362d-4755-a5dc-63f1a8d45579,123,4.1,left_ankle,0.6449623,0.67098564,0.6205355,696.5592956542969,1288.2924270629883,0.84063524
7aa93916-362d-4755-a5dc-63f1a8d45579,123,4.1,right_ankle,0.54825693,0.681782,0.13366498,592.1174883842468,1309.0214538574219,0.9761676
7aa93916-362d-4755-a5dc-63f1a8d45579,123,4.1,left_heel,0.6159562,0.6831899,0.6367655,665.2326822280884,1311.7246627807617,0.8397422
7aa93916-362d-4755-a5dc-63f1a8d45579,123,4.1,right_heel,0.50443524,0.6862098,0.16263561,544.7900605201721,1317.5228118896484,0.93046975
7aa93916-362d-4755-a5dc-63f1a8d45579,123,4.1,left_foot_index,0.6903678,0.6910419,0.6526166,745.597243309021,1326.800422668457,0.883349
7aa93916-362d-4755-a5dc-63f1a8d45579,123,4.1,right_foot_index,0.583424,0.7103024,0.1685786,630.0978899002075,1363.780632019043,0.9686543
7aa93916-362d-4755-a5dc-63f1a8d45579,126,4.2,nose,0.7762707,0.39623418,-0.05515177,838.3723425865173,760.7696342468262,0.999872
7aa93916-362d-4755-a5dc-63f1a8d45579,126,4.2,left_shoulder,0.65386677,0.42416692,0.21018638,706.1761093139648,814.4004821777344,0.99981487
7aa93916-362d-4755-a5dc-63f1a8d45579,126,4.2,right_shoulder,0.7201673,0.4474132,-0.37666792,777.7806615829468,859.0333557128906,0.9999619
7aa93916-362d-4755-a5dc-63f1a8d45579,126,4.2,left_elbow,0.62706155,0.49719286,0.35940242,677.2264695167542,954.6102905273438,0.11580055
7aa93916-362d-4755-a5dc-63f1a8d45579,126,4.2,right_elbow,0.68738884,0.5200456,-0.25104633,742.3799443244934,998.4875106811523,0.9469805
7aa93916-362d-4755-a5dc-63f1a8d45579,126,4.2,left_wrist,0.6908477,0.51349854,0.3304064,746.1155104637146,985.9172058105469,0.12290955
7aa93916-362d-4755-a5dc-63f1a8d45579,126,4.2,right_wrist,0.74792224,0.52398455,0.093898594,807.7560210227966,1006.0503387451172,0.7522128
7aa93916-362d-4755-a5dc-63f1a8d45579,126,4.2,left_hip,0.55140835,0.5351703,0.19326162,595.5210185050964,1027.5270080566406,0.99951345
7aa93916-362d-4755-a5dc-63f1a8d45579,126,4.2,right_hip,0.5879351,0.55060893,-0.19309877,634.9698972702026,1057.1691513061523,0.99976104
7aa93916-362d-4755-a5dc-63f1a8d45579,126,4.2,left_knee,0.6645798,0.5948242,0.45298758,717.7461934089661,1142.0624542236328,0.45240712
7aa93916-362d-4755-a5dc-63f1a8d45579,126,4.2,right_knee,0.6896458,0.6234466,-0.057787955,744.8174929618835,1197.0174407958984,0.97904795
7aa93916-362d-4755-a5dc-63f1a8d45579,126,4.2,left_ankle,0.59327495,0.66885185,0.6245119,640.7369470596313,1284.195556640625,0.82543564
7aa93916-362d-4755-a5dc-63f1a8d45579,126,4.2,right_ankle,0.5731128,0.68035823,0.16576569,618.961808681488,1306.2878036499023,0.9744927
7aa93916-362d-4755-a5dc-63f1a8d45579,126,4.2,left_heel,0.57406694,0.67125386,0.6415054,619.9922919273376,1288.8074111938477,0.8318277
7aa93916-362d-4755-a5dc-63f1a8d45579,126,4.2,right_heel,0.53802097,0.68737525,0.19304636,581.0626459121704,1319.7604751586914,0.92824763
7aa93916-362d-4755-a5dc-63f1a8d45579,126,4.2,left_foot_index,0.6552049,0.68780655,0.65479404,707.621283531189,1320.5885696411133,0.88014823
7aa93916-362d-4755-a5dc-63f1a8d45579,126,4.2,right_foot_index,0.6339816,0.70337385,0.20552598,684.7001123428345,1350.4777908325195,0.9686202
7aa93916-362d-4755-a5dc-63f1a8d45579,129,4.3,nose,0.7735245,0.3963167,-0.079088435,835.4064846038818,760.9280776977539,0.9998544
7aa93916-362d-4755-a5dc-63f1a8d45579,129,4.3,left_shoulder,0.65348566,0.42467168,0.19966152,705.7645082473755,815.3696250915527,0.99980485
7aa93916-362d-4755-a5dc-63f1a8d45579,129,4.3,right_shoulder,0.7187454,0.44792968,-0.36767837,776.2450432777405,860.0249862670898,0.9999572
7aa93916-362d-4755-a5dc-63f1a8d45579,129,4.3,left_elbow,0.6336947,0.495481,0.34696722,684.3902850151062,951.3235473632812,0.10930982
7aa93916-362d-4755-a5dc-63f1a8d45579,129,4.3,right_elbow,0.6875028,0.5212707,-0.2553161,742.5030255317688,1000.839729309082,0.94817287
7aa93916-362d-4755-a5dc-63f1a8d45579,129,4.3,left_wrist,0.6985228,0.5119832,0.334534,754.4046306610107,983.0077743530273,0.12452594
7aa93916-362d-4755-a5dc-63f1a8d45579,129,4.3,right_wrist,0.74917424,0.5247853,0.05855252,809.1081762313843,1007.5877380371094,0.7675613
7aa93916-362d-4755-a5dc-63f1a8d45579,129,4.3,left_hip,0.5514383,0.5340048,0.19037084,595.5533337593079,1025.2892303466797,0.99952483
7aa93916-362d-4755-a5dc-63f1a8d45579,129,4.3,right_hip,0.58991724,0.5497168,-0.19000888,637.1106219291687,1055.456199645996,0.99974
7aa93916-362d-4755-a5dc-63f1a8d45579,129,4.3,left_knee,0.65823746,0.59584785,0.40972257,710.8964538574219,1144.0278625488281,0.43045157
7aa93916-362d-4755-a5dc-63f1a8d45579,129,4.3,right_knee,0.6977912,0.61695075,-0.0497257,753.6145162582397,1184.5454406738281,0.9756094
7aa93916-362d-4755-a5dc-63f1a8d45579,129,4.3,left_ankle,0.59000754,0.6668894,0.5780693,637.2081470489502,1280.4277038574219,0.80034304
7aa93916-362d-4755-a5dc-63f1a8d45579,129,4.3,right_ankle,0.59220684,0.6782512,0.19371815,639.5833826065063,1302.242317199707,0.9690809
7aa93916-362d-4755-a5dc-63f1a8d45579,129,4.3,left_heel,0.55524415,0.67643297,0.59464735,599.663679599762,1298.7512969970703,0.8142959
7aa93916-362d-4755-a5dc-63f1a8d45579,129,4.3,right_heel,0.5555327,0.6876,0.22300191,599.9753093719482,1320.1920318603516,0.9213745
7aa93916-362d-4755-a5dc-63f1a8d45579,129,4.3,left_foot_index,0.64299047,0.68385524,0.6080677,694.4297075271606,1313.002052307129,0.8684991
7aa93916-362d-4755-a5dc-63f1a8d45579,129,4.3,right_foot_index,0.649336,0.7034043,0.24756043,701.2828588485718,1350.5362701416016,0.9653519
7aa93916-362d-4755-a5dc-63f1a8d45579,132,4.4,nose,0.7706665,0.39631915,-0.05999505,832.3197984695435,760.9327697753906,0.999843
7aa93916-362d-4755-a5dc-63f1a8d45579,132,4.4,left_shoulder,0.65295315,0.4249847,0.21990328,705.1893997192383,815.9706115722656,0.9998013
7aa93916-362d-4755-a5dc-63f1a8d45579,132,4.4,right_shoulder,0.71697855,0.44841737,-0.36654764,774.3368339538574,860.9613418579102,0.9999559
7aa93916-362d-4755-a5dc-63f1a8d45579,132,4.4,left_elbow,0.6309123,0.4937266,0.37350544,681.3852882385254,947.9550933837891,0.10257587
7aa93916-362d-4755-a5dc-63f1a8d45579,132,4.4,right_elbow,0.6862221,0.5214193,-0.24785861,741.1198425292969,1001.1250305175781,0.94885975
7aa93916-362d-4755-a5dc-63f1a8d45579,132,4.4,left_wrist,0.6906605,0.5115505,0.37068576,745.9133148193359,982.1769332885742,0.12243913
7aa93916-362d-4755-a5dc-63f1a8d45579,132,4.4,right_wrist,0.7497525,0.5241709,0.076664284,809.732723236084,1006.4080810546875,0.7789889
7aa93916-362d-4755-a5dc-63f1a8d45579,132,4.4,left_hip,0.5511022,0.5331431,0.18939285,595.1903986930847,1023.6347579956055,0.99954504
7aa93916-362d-4755-a5dc-63f1a8d45579,132,4.4,right_hip,0.5927529,0.54764545,-0.18910617,640.1731038093567,1051.479263305664,0.99974096
7aa93916-362d-4755-a5dc-63f1a8d45579,132,4.4,left_knee,0.65623283,0.59585655,0.417572,708.7314605712891,1144.0445709228516,0.40554166
7aa93916-362d-4755-a5dc-63f1a8d45579,132,4.4,right_knee,0.70367914,0.6105136,-0.06453444,759.973475933075,1172.186164855957,0.9725843
7aa93916-362d-4755-a5dc-63f1a8d45579,132,4.4,left_ankle,0.58470756,0.6677828,0.59451276,631.4841628074646,1282.1429443359375,0.7756547
7aa93916-362d-4755-a5dc-63f1a8d45579,132,4.4,right_ankle,0.59145886,0.6791034,0.14177403,638.7755656242371,1303.8784790039062,0.96578246
7aa93916-362d-4755-a5dc-63f1a8d45579,132,4.4,left_heel,0.55235785,0.6792047,0.6116348,596.5464806556702,1304.0730285644531,0.7964265
7aa93916-362d-4755-a5dc-63f1a8d45579,132,4.4,right_heel,0.557059,0.68803006,0.16687682,601.6237092018127,1321.017723083496,0.9161984
7aa93916-362d-4755-a5dc-63f1a8d45579,132,4.4,left_foot_index,0.63966644,0.6848972,0.62434864,690.8397531509399,1315.0025939941406,0.8578079
7aa93916-362d-4755-a5dc-63f1a8d45579,132,4.4,right_foot_index,0.64861137,0.7068539,0.17953491,700.5002760887146,1357.159538269043,0.9637217
7aa93916-362d-4755-a5dc-63f1a8d45579,135,4.5,nose,0.7682688,0.39631054,-0.038414977,829.7303295135498,760.9162330627441,0.99984014
7aa93916-362d-4755-a5dc-63f1a8d45579,135,4.5,left_shoulder,0.6528893,0.42516217,0.21848819,705.1204562187195,816.3113594055176,0.99979454
7aa93916-362d-4755-a5dc-63f1a8d45579,135,4.5,right_shoulder,0.71556693,0.4489012,-0.33501297,772.8122878074646,861.8903160095215,0.99995536
7aa93916-362d-4755-a5dc-63f1a8d45579,135,4.5,left_elbow,0.6284182,0.49357998,0.3603166,678.6916637420654,947.6735687255859,0.09698336
7aa93916-362d-4755-a5dc-63f1a8d45579,135,4.5,right_elbow,0.68503946,0.5216912,-0.22372957,739.8426175117493,1001.6471099853516,0.94997126
7aa93916-362d-4755-a5dc-63f1a8d45579,135,4.5,left_wrist,0.6839208,0.51153576,0.35318217,738.6344647407532,982.1486663818359,0.119977795
7aa93916-362d-4755-a5dc-63f1a8d45579,135,4.5,right_wrist,0.7497643,0.52444744,0.083128884,809.7454690933228,1006.9390869140625,0.78975725
7aa93916-362d-4755-a5dc-63f1a8d45579,135,4.5,left_hip,0.55138505,0.5326828,0.18883494,595.4958486557007,1022.7509307861328,0.99956447
7aa93916-362d-4755-a5dc-63f1a8d45579,135,4.5,right_hip,0.59274745,0.54697776,-0.18846565,640.1672458648682,1050.1972961425781,0.99975204
7aa93916-362d-4755-a5dc-63f1a8d45579,135,4.5,left_knee,0.6542593,0.59308946,0.42085755,706.6000699996948,1138.7317657470703,0.3950251
7aa93916-362d-4755-a5dc-63f1a8d45579,135,4.5,right_knee,0.70737547,0.60190755,-0.07927989,763.9655041694641,1155.662498474121,0.9727024
7aa93916-362d-4755-a5dc-63f1a8d45579,135,4.5,left_ankle,0.58784133,0.6666731,0.6007355,634.8686385154724,1280.0123977661133,0.7687844
7aa93916-362d-4755-a5dc-63f1a8d45579,135,4.5,right_ankle,0.6025852,0.6795302,0.07728108,650.7920122146606,1304.6979904174805,0.9664564
7aa93916-362d-4755-a5dc-63f1a8d45579,135,4.5,left_heel,0.5545213,0.6781971,0.617787,598.8830280303955,1302.1384048461914,0.78924245
7aa93916-362d-4755-a5dc-63f1a8d45579,135,4.5,right_heel,0.57017535,0.6899983,0.0958407,615.7893776893616,1324.7967910766602,0.91672295
7aa93916-362d-4755-a5dc-63f1a8d45579,135,4.5,left_foot_index,0.6406181,0.68443125,0.6264616,691.8675327301025,1314.108009338379,0.85596895
7aa93916-362d-4755-a5dc-63f1a8d45579,135,4.5,right_foot_index,0.6635024,0.70906806,0.09817889,716.5825867652893,1361.4106750488281,0.9647695
7aa93916-362d-4755-a5dc-63f1a8d45579,138,4.6,nose,0.76475435,0.39638048,0.029370353,825.9347033500671,761.0505294799805,0.9998525
7aa93916-362d-4755-a5dc-63f1a8d45579,138,4.6,left_shoulder,0.6524903,0.4253483,0.23695603,704.6895432472229,816.668758392334,0.9998028
7aa93916-362d-4755-a5dc-63f1a8d45579,138,4.6,right_shoulder,0.71525997,0.44894025,-0.28940266,772.4807667732239,861.965274810791,0.99995786
7aa93916-362d-4755-a5dc-63f1a8d45579,138,4.6,left_elbow,0.62588626,0.49250743,0.39312676,675.9571623802185,945.6142616271973,0.092300065
7aa93916-362d-4755-a5dc-63f1a8d45579,138,4.6,right_elbow,0.6846815,0.5217652,-0.17362832,739.4559931755066,1001.7891311645508,0.9510323
7aa93916-362d-4755-a5dc-63f1a8d45579,138,4.6,left_wrist,0.6832282,0.51193994,0.40815333,737.8864502906799,982.924690246582,0.124874406
7aa93916-362d-4755-a5dc-63f1a8d45579,138,4.6,right_wrist,0.74900585,0.5258141,0.13709567,808.9263224601746,1009.563102722168,0.8012442
7aa93916-362d-4755-a5dc-63f1a8d45579,138,4.6,left_hip,0.550751,0.5327254,0.18095675,594.8110485076904,1022.8327560424805,0.9996008
7aa93916-362d-4755-a5dc-63f1a8d45579,138,4.6,right_hip,0.592835,0.5456151,-0.1807419,640.2618098258972,1047.5809478759766,0.9997735
7aa93916-362d-4755-a5dc-63f1a8d45579,138,4.6,left_knee,0.6528563,0.5891414,0.49553418,705.0847935676575,1131.1515426635742,0.39180568
7aa93916-362d-4755-a5dc-63f1a8d45579,138,4.6,right_knee,0.7135555,0.5971886,-0.022468427,770.639955997467,1146.6020965576172,0.97350913
7aa93916-362d-4755-a5dc-63f1a8d45579,138,4.6,left_ankle,0.5874352,0.665563,0.68907523,634.4300007820129,1277.8809356689453,0.7710956
7aa93916-362d-4755-a5dc-63f1a8d45579,138,4.6,right_ankle,0.62347764,0.6801703,0.09889757,673.3558487892151,1305.9269714355469,0.967929
7aa93916-362d-4755-a5dc-63f1a8d45579,138,4.6,left_heel,0.55986077,0.6778267,0.7086605,604.6496272087097,1301.4272689819336,0.7914987
7aa93916-362d-4755-a5dc-63f1a8d45579,138,4.6,right_heel,0.60022223,0.69258976,0.11460709,648.240008354187,1329.7723388671875,0.918778
7aa93916-362d-4755-a5dc-63f1a8d45579,138,4.6,left_foot_index,0.6417119,0.68059915,0.7160898,693.0488419532776,1306.750373840332,0.85875183
7aa93916-362d-4755-a5dc-63f1a8d45579,138,4.6,right_foot_index,0.6867578,0.70748913,0.107640415,741.6984272003174,1358.379135131836,0.966364
7aa93916-362d-4755-a5dc-63f1a8d45579,141,4.7,nose,0.7621016,0.39679655,0.019863078,823.0697178840637,761.8493843078613,0.99986315
7aa93916-362d-4755-a5dc-63f1a8d45579,141,4.7,left_shoulder,0.6521926,0.42620337,0.23624408,704.3680000305176,818.3104705810547,0.999812
7aa93916-362d-4755-a5dc-63f1a8d45579,141,4.7,right_shoulder,0.71394837,0.44899753,-0.2986663,771.0642385482788,862.075252532959,0.99996024
7aa93916-362d-4755-a5dc-63f1a8d45579,141,4.7,left_elbow,0.62933224,0.49215186,0.38312814,679.6788239479065,944.9315643310547,0.088990174
7aa93916-362d-4755-a5dc-63f1a8d45579,141,4.7,right_elbow,0.6839304,0.5217833,-0.1914893,738.6448287963867,1001.8239212036133,0.95288885
7aa93916-362d-4755-a5dc-63f1a8d45579,141,4.7,left_wrist,0.69371784,0.5137036,0.37741193,749.2152643203735,986.3108825683594,0.13187857
7aa93916-362d-4755-a5dc-63f1a8d45579,141,4.7,right_wrist,0.7490582,0.5286269,0.09531013,808.9828419685364,1014.9636840820312,0.81355494
7aa93916-362d-4755-a5dc-63f1a8d45579,141,4.7,left_hip,0.5502798,0.53284323,0.17954007,594.302179813385,1023.0590057373047,0.99963576
7aa93916-362d-4755-a5dc-63f1a8d45579,141,4.7,right_hip,0.5929519,0.5441469,-0.17932847,640.3880453109741,1044.7620391845703,0.9997936
7aa93916-362d-4755-a5dc-63f1a8d45579,141,4.7,left_knee,0.65291137,0.58228946,0.48110825,705.1442742347717,1117.9957580566406,0.3915972
7aa93916-362d-4755-a5dc-63f1a8d45579,141,4.7,right_knee,0.71375144,0.5926552,-0.039704476,770.8515501022339,1137.89794921875,0.97427696
7aa93916-362d-4755-a5dc-63f1a8d45579,141,4.7,left_ankle,0.5848847,0.65991175,0.68314207,631.6754794120789,1267.0305633544922,0.7745922
7aa93916-362d-4755-a5dc-63f1a8d45579,141,4.7,right_ankle,0.6430287,0.6779112,0.11172214,694.4709706306458,1301.5895462036133,0.9693148
7aa93916-362d-4755-a5dc-63f1a8d45579,141,4.7,left_heel,0.5575879,0.6712783,0.7034113,602.1949553489685,1288.8543319702148,0.7944247
7aa93916-362d-4755-a5dc-63f1a8d45579,141,4.7,right_heel,0.61731654,0.69185954,0.13048054,666.7018675804138,1328.3703231811523,0.92107576
7aa93916-362d-4755-a5dc-63f1a8d45579,141,4.7,left_foot_index,0.63969755,0.67449373,0.7104218,690.8733558654785,1295.027961730957,0.86203873
7aa93916-362d-4755-a5dc-63f1a8d45579,141,4.7,right_foot_index,0.70060754,0.6992961,0.12620258,756.6561412811279,1342.6485443115234,0.967889
7aa93916-362d-4755-a5dc-63f1a8d45579,144,4.8,nose,0.7602776,0.39717,-0.011845975,821.0998392105103,762.5664138793945,0.99987245
7aa93916-362d-4755-a5dc-63f1a8d45579,144,4.8,left_shoulder,0.6521213,0.42717293,0.19225264,704.2910099029541,820.1720237731934,0.99982077
7aa93916-362d-4755-a5dc-63f1a8d45579,144,4.8,right_shoulder,0.71119666,0.4490454,-0.30840898,768.0923938751221,862.1671485900879,0.9999619
7aa93916-362d-4755-a5dc-63f1a8d45579,144,4.8,left_elbow,0.6330161,0.49266768,0.3418957,683.657398223877,945.9219360351562,0.08594481
7aa93916-362d-4755-a5dc-63f1a8d45579,144,4.8,right_elbow,0.68036526,0.5216881,-0.21774316,734.7944855690002,1001.6411590576172,0.9539193
7aa93916-362d-4755-a5dc-63f1a8d45579,144,4.8,left_wrist,0.6969105,0.51372176,0.31753308,752.6633405685425,986.3457870483398,0.13605143
7aa93916-362d-4755-a5dc-63f1a8d45579,144,4.8,right_wrist,0.7479196,0.5292558,0.03506145,807.7531886100769,1016.1711502075195,0.8223863
7aa93916-362d-4755-a5dc-63f1a8d45579,144,4.8,left_hip,0.5500008,0.5329583,0.17044422,594.0008497238159,1023.2799911499023,0.99966794
7aa93916-362d-4755-a5dc-63f1a8d45579,144,4.8,right_hip,0.592562,0.54273194,-0.17023924,639.9669814109802,1042.0453262329102,0.9998112
7aa93916-362d-4755-a5dc-63f1a8d45579,144,4.8,left_knee,0.64620733,0.5816854,0.466554,697.9039192199707,1116.8360137939453,0.40812716
7aa93916-362d-4755-a5dc-63f1a8d45579,144,4.8,right_knee,0.714285,0.59061295,-0.02862875,771.4278173446655,1133.9768600463867,0.97511274
7aa93916-362d-4755-a5dc-63f1a8d45579,144,4.8,left_ankle,0.5771489,0.6553853,0.67345655,623.3208274841309,1258.3398056030273,0.7844509
7aa93916-362d-4755-a5dc-63f1a8d45579,144,4.8,right_ankle,0.66885805,0.6784553,0.16610537,722.3666954040527,1302.634162902832,0.9702773
7aa93916-362d-4755-a5dc-63f1a8d45579,144,4.8,left_heel,0.5450213,0.6644933,0.69483703,588.6229991912842,1275.8271789550781,0.8023195
7aa93916-362d-4755-a5dc-63f1a8d45579,144,4.8,right_heel,0.6520739,0.6927045,0.18813501,704.23983335495,1329.9926376342773,0.9218022
7aa93916-362d-4755-a5dc-63f1a8d45579,144,4.8,left_foot_index,0.6171143,0.67502695,0.6951388,666.4834499359131,1296.0517501831055,0.8672305
7aa93916-362d-4755-a5dc-63f1a8d45579,144,4.8,right_foot_index,0.73141617,0.6911517,0.17827314,789.9294590950012,1327.0112228393555,0.96886474
7aa93916-362d-4755-a5dc-63f1a8d45579,147,4.9,nose,0.7567881,0.3977136,-0.018446587,817.331120967865,763.6101150512695,0.9998821
7aa93916-362d-4755-a5dc-63f1a8d45579,147,4.9,left_shoulder,0.65186036,0.42900446,0.17033228,704.0091848373413,823.6885643005371,0.99982774
7aa93916-362d-4755-a5dc-63f1a8d45579,147,4.9,right_shoulder,0.7082249,0.44901684,-0.31089061,764.8828840255737,862.1123313903809,0.9999638
7aa93916-362d-4755-a5dc-63f1a8d45579,147,4.9,left_elbow,0.6325969,0.49359927,0.30649304,683.2046627998352,947.7105903625488,0.08329946
7aa93916-362d-4755-a5dc-63f1a8d45579,147,4.9,right_elbow,0.6768117,0.52142996,-0.22104211,730.9566307067871,1001.1455154418945,0.95484906
7aa93916-362d-4755-a5dc-63f1a8d45579,147,4.9,left_wrist,0.6939836,0.5160999,0.27160448,749.5023036003113,990.911750793457,0.14163738
7aa93916-362d-4755-a5dc-63f1a8d45579,147,4.9,right_wrist,0.7472039,0.52934784,0.020316755,806.980197429657,1016.3478469848633,0.8304542
7aa93916-362d-4755-a5dc-63f1a8d45579,147,4.9,left_hip,0.549738,0.5336276,0.1635625,593.717029094696,1024.5650482177734,0.99969745
7aa93916-362d-4755-a5dc-63f1a8d45579,147,4.9,right_hip,0.5886589,0.5419369,-0.1633352,635.7516431808472,1040.518798828125,0.9998281
7aa93916-362d-4755-a5dc-63f1a8d45579,147,4.9,left_knee,0.6455277,0.57675105,0.46192124,697.1699380874634,1107.3620223999023,0.43321535
7aa93916-362d-4755-a5dc-63f1a8d45579,147,4.9,right_knee,0.7121285,0.5878393,-0.027140504,769.098801612854,1128.651466369629,0.97663444
7aa93916-362d-4755-a5dc-63f1a8d45579,147,4.9,left_ankle,0.5738475,0.6512657,0.693753,619.7552704811096,1250.4301071166992,0.79741484
7aa93916-362d-4755-a5dc-63f1a8d45579,147,4.9,right_ankle,0.69036204,0.6778996,0.15045917,745.5909991264343,1301.5672302246094,0.97208315
7aa93916-362d-4755-a5dc-63f1a8d45579,147,4.9,left_heel,0.54062057,0.6600949,0.717471,583.870210647583,1267.3822402954102,0.81250024
7aa93916-362d-4755-a5dc-63f1a8d45579,147,4.9,right_heel,0.67558956,0.6925617,0.17005207,729.6367263793945,1329.7184371948242,0.9250218
7aa93916-362d-4755-a5dc-63f1a8d45579,147,4.9,left_foot_index,0.61220133,0.6773624,0.7142015,661.1774396896362,1300.535774230957,0.8742498
7aa93916-362d-4755-a5dc-63f1a8d45579,147,4.9,right_foot_index,0.74773246,0.68615687,0.15362355,807.5510573387146,1317.4211883544922,0.9705786
7aa93916-362d-4755-a5dc-63f1a8d45579,150,5.0,nose,0.7536392,0.3997062,-0.03533205,813.9303588867188,767.4359321594238,0.9998903
7aa93916-362d-4755-a5dc-63f1a8d45579,150,5.0,left_shoulder,0.65165526,0.43078887,0.17499058,703.7876772880554,827.1146392822266,0.99983394
7aa93916-362d-4755-a5dc-63f1a8d45579,150,5.0,right_shoulder,0.7056805,0.44904134,-0.3127913,762.1349287033081,862.159366607666,0.99996567
7aa93916-362d-4755-a5dc-63f1a8d45579,150,5.0,left_elbow,0.63415986,0.49497953,0.306061,684.8926520347595,950.3606986999512,0.0809036
7aa93916-362d-4755-a5dc-63f1a8d45579,150,5.0,right_elbow,0.67461395,0.5213311,-0.24217753,728.5830688476562,1000.9556579589844,0.9560978
7aa93916-362d-4755-a5dc-63f1a8d45579,150,5.0,left_wrist,0.69653,0.5189927,0.25896502,752.2523832321167,996.4660263061523,0.14955162
7aa93916-362d-4755-a5dc-63f1a8d45579,150,5.0,right_wrist,0.74652475,0.5299522,-0.015209696,806.2467312812805,1017.5082778930664,0.8397004
7aa93916-362d-4755-a5dc-63f1a8d45579,150,5.0,left_hip,0.54982376,0.5338056,0.16400123,593.8096618652344,1024.9067687988281,0.99972486
7aa93916-362d-4755-a5dc-63f1a8d45579,150,5.0,right_hip,0.5842886,0.5418492,-0.16378292,631.0316848754883,1040.350456237793,0.9998438
7aa93916-362d-4755-a5dc-63f1a8d45579,150,5.0,left_knee,0.6468063,0.5720184,0.4661293,698.5508036613464,1098.2752990722656,0.45935166
7aa93916-362d-4755-a5dc-63f1a8d45579,150,5.0,right_knee,0.70895404,0.5840446,-0.028440518,765.6703591346741,1121.3655853271484,0.9781227
7aa93916-362d-4755-a5dc-63f1a8d45579,150,5.0,left_ankle,0.573654,0.6463565,0.7132174,619.5463156700134,1241.004524230957,0.81008655
7aa93916-362d-4755-a5dc-63f1a8d45579,150,5.0,right_ankle,0.7053253,0.6768693,0.15006234,761.7513298988342,1299.5890045166016,0.9740082
7aa93916-362d-4755-a5dc-63f1a8d45579,150,5.0,left_heel,0.54098004,0.65463126,0.737839,584.2584443092346,1256.8920135498047,0.8229242
7aa93916-362d-4755-a5dc-63f1a8d45579,150,5.0,right_heel,0.69061285,0.69256073,0.16959423,745.8618807792664,1329.7166061401367,0.929083
7aa93916-362d-4755-a5dc-63f1a8d45579,150,5.0,left_foot_index,0.6138337,0.67692477,0.73408043,662.940423488617,1299.6955490112305,0.8813176
7aa93916-362d-4755-a5dc-63f1a8d45579,150,5.0,right_foot_index,0.7614673,0.67988354,0.14862052,822.384660243988,1305.3763961791992,0.97245044
7aa93916-362d-4755-a5dc-63f1a8d45579,153,5.1,nose,0.7520593,0.40129504,-0.048534155,812.2240233421326,770.4864692687988,0.9998957
7aa93916-362d-4755-a5dc-63f1a8d45579,153,5.1,left_shoulder,0.6514943,0.43227544,0.16814336,703.6138701438904,829.9688529968262,0.9998319
7aa93916-362d-4755-a5dc-63f1a8d45579,153,5.1,right_shoulder,0.7040658,0.4493446,-0.31431335,760.3910636901855,862.741641998291,0.99996585
7aa93916-362d-4755-a5dc-63f1a8d45579,153,5.1,left_elbow,0.63847345,0.4953604,0.30404288,689.5513272285461,951.0919761657715,0.07906565
7aa93916-362d-4755-a5dc-63f1a8d45579,153,5.1,right_elbow,0.6729118,0.52125543,-0.2452448,726.7447686195374,1000.810432434082,0.9572413
7aa93916-362d-4755-a5dc-63f1a8d45579,153,5.1,left_wrist,0.70094055,0.5207602,0.26486382,757.0157933235168,999.8595428466797,0.1571766
7aa93916-362d-4755-a5dc-63f1a8d45579,153,5.1,right_wrist,0.74419254,0.5300973,-0.024889886,803.7279438972473,1017.7868270874023,0.84821457
7aa93916-362d-4755-a5dc-63f1a8d45579,153,5.1,left_hip,0.54987603,0.5338806,0.15952308,593.8661170005798,1025.0507354736328,0.99974716
7aa93916-362d-4755-a5dc-63f1a8d45579,153,5.1,right_hip,0.58035856,0.54139465,-0.15925829,626.7872500419617,1039.4777297973633,0.9998557
7aa93916-362d-4755-a5dc-63f1a8d45579,153,5.1,left_knee,0.65285665,0.5730809,0.4074235,705.0851798057556,1100.3153228759766,0.49159148
7aa93916-362d-4755-a5dc-63f1a8d45579,153,5.1,right_knee,0.7067587,0.58220184,-0.014862635,763.2993721961975,1117.8275299072266,0.979565
7aa93916-362d-4755-a5dc-63f1a8d45579,153,5.1,left_ankle,0.57555604,0.6410447,0.68086636,621.6005229949951,1230.805778503418,0.8222494
7aa93916-362d-4755-a5dc-63f1a8d45579,153,5.1,right_ankle,0.7225922,0.6740631,0.21360259,780.3995490074158,1294.2011260986328,0.97569686
7aa93916-362d-4755-a5dc-63f1a8d45579,153,5.1,left_heel,0.54341364,0.6496915,0.7147659,586.8867301940918,1247.4077224731445,0.8325553
7aa93916-362d-4755-a5dc-63f1a8d45579,153,5.1,right_heel,0.70602065,0.6902595,0.23783909,762.5023055076599,1325.2982711791992,0.932699
7aa93916-362d-4755-a5dc-63f1a8d45579,153,5.1,left_foot_index,0.61695564,0.6740869,0.6930722,666.3120889663696,1294.2469024658203,0.88756305
7aa93916-362d-4755-a5dc-63f1a8d45579,153,5.1,right_foot_index,0.7784707,0.6730846,0.21694535,840.7483506202698,1292.3224639892578,0.9739407
7aa93916-362d-4755-a5dc-63f1a8d45579,156,5.2,nose,0.7506144,0.40293697,-0.05955838,810.6635570526123,773.638973236084,0.9999008
7aa93916-362d-4755-a5dc-63f1a8d45579,156,5.2,left_shoulder,0.6515185,0.4338327,0.17127098,703.6400055885315,832.9587936401367,0.99982923
7aa93916-362d-4755-a5dc-63f1a8d45579,156,5.2,right_shoulder,0.70246243,0.45075065,-0.31450522,758.6594295501709,865.4412460327148,0.9999662
7aa93916-362d-4755-a5dc-63f1a8d45579,156,5.2,left_elbow,0.6369415,0.49504107,0.30842793,687.8968119621277,950.4788589477539,0.07679759
7aa93916-362d-4755-a5dc-63f1a8d45579,156,5.2,right_elbow,0.67021394,0.52107555,-0.25388658,723.8310527801514,1000.4650497436523,0.95890194
7aa93916-362d-4755-a5dc-63f1a8d45579,156,5.2,left_wrist,0.6984506,0.52022654,0.26715463,754.3266749382019,998.8349533081055,0.16088125
7aa93916-362d-4755-a5dc-63f1a8d45579,156,5.2,right_wrist,0.74199647,0.5305604,-0.03272862,801.3561844825745,1018.6759185791016,0.8562281
7aa93916-362d-4755-a5dc-63f1a8d45579,156,5.2,left_hip,0.5498813,0.53392476,0.16107737,593.8717818260193,1025.1355361938477,0.99976563
7aa93916-362d-4755-a5dc-63f1a8d45579,156,5.2,right_hip,0.5787557,0.54139584,-0.16079874,625.0561308860779,1039.4800186157227,0.99986583
7aa93916-362d-4755-a5dc-63f1a8d45579,156,5.2,left_knee,0.6477926,0.56995106,0.414678,699.6159839630127,1094.3060302734375,0.51821977
7aa93916-362d-4755-a5dc-63f1a8d45579,156,5.2,right_knee,0.7057054,0.5831368,-0.015587248,762.1618366241455,1119.6226501464844,0.9809027
7aa93916-362d-4755-a5dc-63f1a8d45579,156,5.2,left_ankle,0.5774113,0.6369194,0.6824811,623.6041975021362,1222.8852081298828,0.8323908
7aa93916-362d-4755-a5dc-63f1a8d45579,156,5.2,right_ankle,0.7370566,0.67392886,0.20626844,796.0211420059204,1293.9434051513672,0.9772494
7aa93916-362d-4755-a5dc-63f1a8d45579,156,5.2,left_heel,0.5457849,0.64603907,0.7109711,589.4476819038391,1240.3950119018555,0.8403679
7aa93916-362d-4755-a5dc-63f1a8d45579,156,5.2,right_heel,0.7218359,0.6902731,0.22983646,779.5827841758728,1325.324363708496,0.93621236
7aa93916-362d-4755-a5dc-63f1a8d45579,156,5.2,left_foot_index,0.61762196,0.6712876,0.69948,667.0317149162292,1288.872184753418,0.89275223
7aa93916-362d-4755-a5dc-63f1a8d45579,156,5.2,right_foot_index,0.79291445,0.6697829,0.20386072,856.3476061820984,1285.9831237792969,0.9753528
7aa93916-362d-4755-a5dc-63f1a8d45579,159,5.3,nose,0.74904734,0.4043608,-0.0631837,808.9711260795593,776.3727378845215,0.9999056
7aa93916-362d-4755-a5dc-63f1a8d45579,159,5.3,left_shoulder,0.6527979,0.43537512,0.1698309,705.0217080116272,835.920238494873,0.9998228
7aa93916-362d-4755-a5dc-63f1a8d45579,159,5.3,right_shoulder,0.70051044,0.453973,-0.3132779,756.5512776374817,871.6281509399414,0.99996525
7aa93916-362d-4755-a5dc-63f1a8d45579,159,5.3,left_elbow,0.6378935,0.4949182,0.31250906,688.9249777793884,950.2429389953613,0.07568564
7aa93916-362d-4755-a5dc-63f1a8d45579,159,5.3,right_elbow,0.668724,0.5214673,-0.24918638,722.2219204902649,1001.2172698974609,0.9603779
7aa93916-362d-4755-a5dc-63f1a8d45579,159,5.3,left_wrist,0.7021323,0.5199762,0.27879915,758.3028674125671,998.3543014526367,0.16708049
7aa93916-362d-4755-a5dc-63f1a8d45579,159,5.3,right_wrist,0.74116445,0.5316295,-0.025241202,800.4576015472412,1020.728645324707,0.86349
7aa93916-362d-4755-a5dc-63f1a8d45579,159,5.3,left_hip,0.55029243,0.5339321,0.15833476,594.3158268928528,1025.1496124267578,0.9997808
7aa93916-362d-4755-a5dc-63f1a8d45579,159,5.3,right_hip,0.57837236,0.54146093,-0.15798654,624.6421480178833,1039.6049880981445,0.9998736
7aa93916-362d-4755-a5dc-63f1a8d45579,159,5.3,left_knee,0.64656824,0.57061833,0.3869964,698.2936978340149,1095.5871963500977,0.54831535
7aa93916-362d-4755-a5dc-63f1a8d45579,159,5.3,right_knee,0.7059682,0.5853955,-0.015694067,762.4456572532654,1123.9593887329102,0.98199546
7aa93916-362d-4755-a5dc-63f1a8d45579,159,5.3,left_ankle,0.5787327,0.6360097,0.64443517,625.0313472747803,1221.1386108398438,0.84305733
7aa93916-362d-4755-a5dc-63f1a8d45579,159,5.3,right_ankle,0.7492943,0.67135024,0.19166297,809.2378234863281,1288.9924621582031,0.9785953
7aa93916-362d-4755-a5dc-63f1a8d45579,159,5.3,left_heel,0.54762036,0.6454866,0.67087144,591.4299845695496,1239.3342590332031,0.84852165
7aa93916-362d-4755-a5dc-63f1a8d45579,159,5.3,right_heel,0.7375827,0.68915206,0.21330556,796.589298248291,1323.1719589233398,0.9392353
7aa93916-362d-4755-a5dc-63f1a8d45579,159,5.3,left_foot_index,0.6209746,0.6692577,0.65548474,670.6525683403015,1284.9747848510742,0.89797235
7aa93916-362d-4755-a5dc-63f1a8d45579,159,5.3,right_foot_index,0.8059675,0.6626232,0.183962,870.4449105262756,1272.2365951538086,0.9764789
7aa93916-362d-4755-a5dc-63f1a8d45579,162,5.4,nose,0.74701756,0.40781352,-0.05731699,806.7789673805237,783.0019569396973,0.99991196
7aa93916-362d-4755-a5dc-63f1a8d45579,162,5.4,left_shoulder,0.6523873,0.43688756,0.15828912,704.5783066749573,838.8241195678711,0.99982494
7aa93916-362d-4755-a5dc-63f1a8d45579,162,5.4,right_shoulder,0.6995169,0.45695698,-0.3084354,755.4782438278198,877.3574066162109,0.9999668
7aa93916-362d-4755-a5dc-63f1a8d45579,162,5.4,left_elbow,0.63731134,0.49535692,0.30168927,688.2962465286255,951.0852813720703,0.075437695
7aa93916-362d-4755-a5dc-63f1a8d45579,162,5.4,right_elbow,0.6683113,0.5221846,-0.24613039,721.7762017250061,1002.5944519042969,0.9620043
7aa93916-362d-4755-a5dc-63f1a8d45579,162,5.4,left_wrist,0.7002227,0.5208474,0.27218303,756.240484714508,1000.026969909668,0.17283241
7aa93916-362d-4755-a5dc-63f1a8d45579,162,5.4,right_wrist,0.7407192,0.53470576,-0.020266006,799.9767351150513,1026.6350555419922,0.8706427
7aa93916-362d-4755-a5dc-63f1a8d45579,162,5.4,left_hip,0.55018634,0.5348952,0.15226038,594.2012429237366,1026.9987487792969,0.9997974
7aa93916-362d-4755-a5dc-63f1a8d45579,162,5.4,right_hip,0.57825834,0.54183954,-0.1519433,624.5190024375916,1040.331916809082,0.9998834
7aa93916-362d-4755-a5dc-63f1a8d45579,162,5.4,left_knee,0.6393596,0.570016,0.40505692,690.5083608627319,1094.4307708740234,0.57553005
7aa93916-362d-4755-a5dc-63f1a8d45579,162,5.4,right_knee,0.705075,0.58658916,0.013081848,761.4810276031494,1126.2511825561523,0.9830006
7aa93916-362d-4755-a5dc-63f1a8d45579,162,5.4,left_ankle,0.5791585,0.6356337,0.6796901,625.4911637306213,1220.4167175292969,0.852388
7aa93916-362d-4755-a5dc-63f1a8d45579,162,5.4,right_ankle,0.75653857,0.6688075,0.21225846,817.0616555213928,1284.1104125976562,0.9797521
7aa93916-362d-4755-a5dc-63f1a8d45579,162,5.4,left_heel,0.548499,0.645412,0.7083998,592.3789072036743,1239.1910934448242,0.8556054
7aa93916-362d-4755-a5dc-63f1a8d45579,162,5.4,right_heel,0.74957585,0.68598086,0.23295856,809.5419216156006,1317.0832443237305,0.9417902
7aa93916-362d-4755-a5dc-63f1a8d45579,162,5.4,left_foot_index,0.6229127,0.6648129,0.6992436,672.7457213401794,1276.4408111572266,0.9023964
7aa93916-362d-4755-a5dc-63f1a8d45579,162,5.4,right_foot_index,0.8195644,0.6611901,0.20381929,885.129554271698,1269.484977722168,0.9774389
7aa93916-362d-4755-a5dc-63f1a8d45579,165,5.5,nose,0.7450358,0.40960783,-0.0710767,804.6386933326721,786.4470291137695,0.999918
7aa93916-362d-4755-a5dc-63f1a8d45579,165,5.5,left_shoulder,0.65114737,0.43780628,0.16078413,703.2391548156738,840.5880546569824,0.9998222
7aa93916-362d-4755-a5dc-63f1a8d45579,165,5.5,right_shoulder,0.6971304,0.45986664,-0.30955365,752.900812625885,882.9439544677734,0.9999678
7aa93916-362d-4755-a5dc-63f1a8d45579,165,5.5,left_elbow,0.63900954,0.49542826,0.30655468,690.1302981376648,951.2222671508789,0.07464567
7aa93916-362d-4755-a5dc-63f1a8d45579,165,5.5,right_elbow,0.6671563,0.5244451,-0.24639666,720.528781414032,1006.9346237182617,0.96358776
7aa93916-362d-4755-a5dc-63f1a8d45579,165,5.5,left_wrist,0.7003699,0.52059764,0.29486278,756.3994860649109,999.5474624633789,0.17704943
7aa93916-362d-4755-a5dc-63f1a8d45579,165,5.5,right_wrist,0.7400026,0.53682953,-0.0217255,799.202778339386,1030.7126998901367,0.8773171
7aa93916-362d-4755-a5dc-63f1a8d45579,165,5.5,left_hip,0.5501797,0.5358312,0.15098137,594.1940975189209,1028.7959289550781,0.99981046
7aa93916-362d-4755-a5dc-63f1a8d45579,165,5.5,right_hip,0.5774309,0.5434999,-0.15066238,623.6253762245178,1043.5197830200195,0.99989116
7aa93916-362d-4755-a5dc-63f1a8d45579,165,5.5,left_knee,0.6386956,0.5684183,0.40795887,689.7912454605103,1091.363182067871,0.60092634
7aa93916-362d-4755-a5dc-63f1a8d45579,165,5.5,right_knee,0.7044999,0.5879725,0.013890766,760.8598923683167,1128.907241821289,0.9838379
7aa93916-362d-4755-a5dc-63f1a8d45579,165,5.5,left_ankle,0.5817906,0.63494486,0.6803178,628.3338761329651,1219.094123840332,0.86043054
7aa93916-362d-4755-a5dc-63f1a8d45579,165,5.5,right_ankle,0.76081985,0.665559,0.21698397,821.6854405403137,1277.8732681274414,0.98060143
7aa93916-362d-4755-a5dc-63f1a8d45579,165,5.5,left_heel,0.5557503,0.64446115,0.7084177,600.2103352546692,1237.3654174804688,0.8613656
7aa93916-362d-4755-a5dc-63f1a8d45579,165,5.5,right_heel,0.7580886,0.681138,0.23854733,818.7356758117676,1307.7849197387695,0.94326437
7aa93916-362d-4755-a5dc-63f1a8d45579,165,5.5,left_foot_index,0.62570524,0.65972185,0.70310456,675.761661529541,1266.6659545898438,0.90605223
7aa93916-362d-4755-a5dc-63f1a8d45579,165,5.5,right_foot_index,0.8251044,0.6585791,0.2132144,891.1127686500549,1264.4718933105469,0.978042
7aa93916-362d-4755-a5dc-63f1a8d45579,168,5.6,nose,0.74280214,0.41292164,-0.06422547,802.2263145446777,792.8095436096191,0.99992114
7aa93916-362d-4755-a5dc-63f1a8d45579,168,5.6,left_shoulder,0.6510018,0.44019592,0.14913747,703.081955909729,845.1761627197266,0.99981225
7aa93916-362d-4755-a5dc-63f1a8d45579,168,5.6,right_shoulder,0.6945191,0.46312532,-0.3006268,750.0806307792664,889.200611114502,0.9999676
7aa93916-362d-4755-a5dc-63f1a8d45579,168,5.6,left_elbow,0.6384519,0.4957135,0.29597065,689.5280241966248,951.7699241638184,0.07327821
7aa93916-362d-4755-a5dc-63f1a8d45579,168,5.6,right_elbow,0.66553295,0.5268716,-0.2375211,718.7755823135376,1011.5935134887695,0.9648396
7aa93916-362d-4755-a5dc-63f1a8d45579,168,5.6,left_wrist,0.69759333,0.5204705,0.27997226,753.4007978439331,999.3033599853516,0.17627367
7aa93916-362d-4755-a5dc-63f1a8d45579,168,5.6,right_wrist,0.73864394,0.53680205,-0.020215923,797.7354598045349,1030.6599426269531,0.883078
7aa93916-362d-4755-a5dc-63f1a8d45579,168,5.6,left_hip,0.55103654,0.5375775,0.14808355,595.1194596290588,1032.1488189697266,0.9998174
7aa93916-362d-4755-a5dc-63f1a8d45579,168,5.6,right_hip,0.57697225,0.5456158,-0.14773266,623.1300258636475,1047.5823211669922,0.9998966
7aa93916-362d-4755-a5dc-63f1a8d45579,168,5.6,left_knee,0.6410316,0.56638324,0.39087313,692.3141527175903,1087.455825805664,0.62174046
7aa93916-362d-4755-a5dc-63f1a8d45579,168,5.6,right_knee,0.7043388,0.5887798,0.0028969308,760.6858921051025,1130.4572296142578,0.9847313
7aa93916-362d-4755-a5dc-63f1a8d45579,168,5.6,left_ankle,0.5890385,0.63308424,0.64694864,636.1615705490112,1215.5217361450195,0.86688226
7aa93916-362d-4755-a5dc-63f1a8d45579,168,5.6,right_ankle,0.76116836,0.6660017,0.1768573,822.0618295669556,1278.7232208251953,0.98149306
7aa93916-362d-4755-a5dc-63f1a8d45579,168,5.6,left_heel,0.56654537,0.64365906,0.673295,611.8689966201782,1235.8253860473633,0.86547154
7aa93916-362d-4755-a5dc-63f1a8d45579,168,5.6,right_heel,0.7571787,0.6821805,0.19459422,817.7530217170715,1309.786605834961,0.9451466
7aa93916-362d-4755-a5dc-63f1a8d45579,168,5.6,left_foot_index,0.63759893,0.6555259,0.67309093,688.60684633255,1258.6097717285156,0.90863556
7aa93916-362d-4755-a5dc-63f1a8d45579,168,5.6,right_foot_index,0.8235842,0.65872747,0.16889274,889.4709348678589,1264.756736755371,0.97870326
7aa93916-362d-4755-a5dc-63f1a8d45579,171,5.7,nose,0.7398242,0.41556612,-0.0639938,799.0101099014282,797.8869438171387,0.9999266
7aa93916-362d-4755-a5dc-63f1a8d45579,171,5.7,left_shoulder,0.6506447,0.44336307,0.15109897,702.6962971687317,851.2570953369141,0.99981046
7aa93916-362d-4755-a5dc-63f1a8d45579,171,5.7,right_shoulder,0.6918004,0.46644664,-0.29778785,747.1444487571716,895.5775451660156,0.9999683
7aa93916-362d-4755-a5dc-63f1a8d45579,171,5.7,left_elbow,0.6433413,0.4956961,0.3005374,694.8086071014404,951.7365074157715,0.07250956
7aa93916-362d-4755-a5dc-63f1a8d45579,171,5.7,right_elbow,0.6650328,0.5282743,-0.22158815,718.2354283332825,1014.2866516113281,0.96598554
7aa93916-362d-4755-a5dc-63f1a8d45579,171,5.7,left_wrist,0.7088876,0.51848435,0.30404335,765.5985832214355,995.4899597167969,0.17869996
7aa93916-362d-4755-a5dc-63f1a8d45579,171,5.7,right_wrist,0.7387312,0.5372787,0.006440787,797.8297019004822,1031.5751266479492,0.88864523
7aa93916-362d-4755-a5dc-63f1a8d45579,171,5.7,left_hip,0.55101186,0.54017997,0.14893198,595.0928092002869,1037.1455383300781,0.99982506
7aa93916-362d-4755-a5dc-63f1a8d45579,171,5.7,right_hip,0.5770256,0.5490826,-0.14856865,623.1876397132874,1054.2385482788086,0.99990326
7aa93916-362d-4755-a5dc-63f1a8d45579,171,5.7,left_knee,0.64200735,0.565868,0.40409848,693.3679389953613,1086.4665985107422,0.63470286
7aa93916-362d-4755-a5dc-63f1a8d45579,171,5.7,right_knee,0.7043799,0.5901859,-0.0007309813,760.7303094863892,1133.1568908691406,0.9855402
7aa93916-362d-4755-a5dc-63f1a8d45579,171,5.7,left_ankle,0.59773743,0.63289493,0.68927604,645.5564260482788,1215.1582717895508,0.8712228
7aa93916-362d-4755-a5dc-63f1a8d45579,171,5.7,right_ankle,0.75973475,0.66616684,0.1471097,820.5135297775269,1279.0403366088867,0.98229516
7aa93916-362d-4755-a5dc-63f1a8d45579,171,5.7,left_heel,0.57893443,0.6445222,0.71783143,625.2491855621338,1237.4826049804688,0.86791986
7aa93916-362d-4755-a5dc-63f1a8d45579,171,5.7,right_heel,0.7541718,0.6826086,0.16409017,814.5055317878723,1310.6085205078125,0.94691694
7aa93916-362d-4755-a5dc-63f1a8d45579,171,5.7,left_foot_index,0.64749825,0.6511005,0.7188398,699.2981100082397,1250.1129913330078,0.9097695
7aa93916-362d-4755-a5dc-63f1a8d45579,171,5.7,right_foot_index,0.8200426,0.66166174,0.13726585,885.6460189819336,1270.3905487060547,0.97928894
7aa93916-362d-4755-a5dc-63f1a8d45579,174,5.8,nose,0.7351992,0.41858345,-0.042852912,794.0151500701904,803.6802291870117,0.99993294
7aa93916-362d-4755-a5dc-63f1a8d45579,174,5.8,left_shoulder,0.6425286,0.4456579,0.14347124,693.930881023407,855.6631851196289,0.9998179
7aa93916-362d-4755-a5dc-63f1a8d45579,174,5.8,right_shoulder,0.6909902,0.468564,-0.29931417,746.2694263458252,899.6428871154785,0.99997026
7aa93916-362d-4755-a5dc-63f1a8d45579,174,5.8,left_elbow,0.6449885,0.498112,0.3052004,696.5875554084778,956.3750267028809,0.073410206
7aa93916-362d-4755-a5dc-63f1a8d45579,174,5.8,right_elbow,0.6649042,0.5307576,-0.20802969,718.0965113639832,1019.0546035766602,0.96715605
7aa93916-362d-4755-a5dc-63f1a8d45579,174,5.8,left_wrist,0.71296567,0.52025676,0.32371026,770.002920627594,998.8929748535156,0.18937834
7aa93916-362d-4755-a5dc-63f1a8d45579,174,5.8,right_wrist,0.73868906,0.5383788,0.041782893,797.7841901779175,1033.6872482299805,0.8942144
7aa93916-362d-4755-a5dc-63f1a8d45579,174,5.8,left_hip,0.5492924,0.54311436,0.1492705,593.235776424408,1042.7795791625977,0.9998381
7aa93916-362d-4755-a5dc-63f1a8d45579,174,5.8,right_hip,0.57779557,0.5539413,-0.14891535,624.0192103385925,1063.5673141479492,0.9999114
7aa93916-362d-4755-a5dc-63f1a8d45579,174,5.8,left_knee,0.6451188,0.56652457,0.4412772,696.7282748222351,1087.727165222168,0.6433224
7aa93916-362d-4755-a5dc-63f1a8d45579,174,5.8,right_knee,0.7047514,0.59115976,0.0010451709,761.1314821243286,1135.026741027832,0.98618674
7aa93916-362d-4755-a5dc-63f1a8d45579,174,5.8,left_ankle,0.60896224,0.62918305,0.7414191,657.6792168617249,1208.0314636230469,0.87392145
7aa93916-362d-4755-a5dc-63f1a8d45579,174,5.8,right_ankle,0.7559605,0.665834,0.18439253,816.4373660087585,1278.4012985229492,0.9827758
7aa93916-362d-4755-a5dc-63f1a8d45579,174,5.8,left_heel,0.5907813,0.64458257,0.7719687,638.0437731742859,1237.598533630371,0.86941206
7aa93916-362d-4755-a5dc-63f1a8d45579,174,5.8,right_heel,0.74797726,0.68119454,0.20530896,807.8154373168945,1307.8935241699219,0.9477391
7aa93916-362d-4755-a5dc-63f1a8d45579,174,5.8,left_foot_index,0.6562515,0.6408641,0.7734557,708.7516093254089,1230.4590225219727,0.90983325
7aa93916-362d-4755-a5dc-63f1a8d45579,174,5.8,right_foot_index,0.8157939,0.66409576,0.18487076,881.0573816299438,1275.0638580322266,0.97945106
7aa93916-362d-4755-a5dc-63f1a8d45579,177,5.9,nose,0.72978616,0.42169794,-0.048987802,788.1690502166748,809.6600532531738,0.9999382
7aa93916-362d-4755-a5dc-63f1a8d45579,177,5.9,left_shoulder,0.63546216,0.4471605,0.12933108,686.2991380691528,858.5481834411621,0.99982536
7aa93916-362d-4755-a5dc-63f1a8d45579,177,5.9,right_shoulder,0.6894746,0.47091043,-0.30134103,744.6325492858887,904.1480255126953,0.9999719
7aa93916-362d-4755-a5dc-63f1a8d45579,177,5.9,left_elbow,0.6450674,0.5003605,0.29049203,696.672785282135,960.692138671875,0.07446946
7aa93916-362d-4755-a5dc-63f1a8d45579,177,5.9,right_elbow,0.66502273,0.53308505,-0.20937169,718.2245492935181,1023.5232925415039,0.9680189
7aa93916-362d-4755-a5dc-63f1a8d45579,177,5.9,left_wrist,0.71373266,0.5222101,0.28656194,770.8312726020813,1002.6434326171875,0.20256384
7aa93916-362d-4755-a5dc-63f1a8d45579,177,5.9,right_wrist,0.73899746,0.5390474,0.043089002,798.1172561645508,1034.971046447754,0.89943105
7aa93916-362d-4755-a5dc-63f1a8d45579,177,5.9,left_hip,0.5476321,0.5452229,0.14991285,591.442666053772,1046.8279266357422,0.9998485
7aa93916-362d-4755-a5dc-63f1a8d45579,177,5.9,right_hip,0.5791699,0.55665535,-0.14956367,625.503523349762,1068.7782669067383,0.9999187
7aa93916-362d-4755-a5dc-63f1a8d45579,177,5.9,left_knee,0.64790386,0.56626153,0.4545927,699.736168384552,1087.2221374511719,0.6459462
7aa93916-362d-4755-a5dc-63f1a8d45579,177,5.9,right_knee,0.70615613,0.5919596,-0.0014518829,762.6486253738403,1136.5624237060547,0.9867003
7aa93916-362d-4755-a5dc-63f1a8d45579,177,5.9,left_ankle,0.61761785,0.62708724,0.7562107,667.0272731781006,1204.0074920654297,0.8717738
7aa93916-362d-4755-a5dc-63f1a8d45579,177,5.9,right_ankle,0.7519146,0.66591823,0.19704996,812.0677900314331,1278.563003540039,0.98313457
7aa93916-362d-4755-a5dc-63f1a8d45579,177,5.9,left_heel,0.59955376,0.642332,0.7871517,647.5180649757385,1233.277473449707,0.8659926
7aa93916-362d-4755-a5dc-63f1a8d45579,177,5.9,right_heel,0.74088144,0.6813719,0.21915528,800.1519584655762,1308.2341003417969,0.9479938
7aa93916-362d-4755-a5dc-63f1a8d45579,177,5.9,left_foot_index,0.65930235,0.63274527,0.78843266,712.0465421676636,1214.8709106445312,0.9063163
7aa93916-362d-4755-a5dc-63f1a8d45579,177,5.9,right_foot_index,0.807459,0.6642453,0.19607629,872.0557165145874,1275.3509902954102,0.9794279
7aa93916-362d-4755-a5dc-63f1a8d45579,180,6.0,nose,0.72627664,0.42401412,-0.039986793,784.3787670135498,814.1071128845215,0.99994224
7aa93916-362d-4755-a5dc-63f1a8d45579,180,6.0,left_shoulder,0.6367264,0.45124352,0.13557667,687.6644897460938,866.3875579833984,0.99983203
7aa93916-362d-4755-a5dc-63f1a8d45579,180,6.0,right_shoulder,0.6863391,0.473054,-0.2984184,741.2462067604065,908.2636642456055,0.9999731
7aa93916-362d-4755-a5dc-63f1a8d45579,180,6.0,left_elbow,0.6495448,0.5034742,0.2881194,701.5083575248718,966.6704177856445,0.077352084
7aa93916-362d-4755-a5dc-63f1a8d45579,180,6.0,right_elbow,0.66467196,0.5340132,-0.20076224,717.8457140922546,1025.3053665161133,0.9688809
7aa93916-362d-4755-a5dc-63f1a8d45579,180,6.0,left_wrist,0.7210961,0.5250318,0.26163203,778.7837862968445,1008.0610656738281,0.21856138
7aa93916-362d-4755-a5dc-63f1a8d45579,180,6.0,right_wrist,0.73923415,0.538635,0.053218465,798.3728814125061,1034.1792297363281,0.9044488
7aa93916-362d-4755-a5dc-63f1a8d45579,180,6.0,left_hip,0.5473053,0.54749244,0.1501755,591.0897088050842,1051.1854934692383,0.9998576
7aa93916-362d-4755-a5dc-63f1a8d45579,180,6.0,right_hip,0.57913435,0.5592196,-0.14981031,625.4650926589966,1073.7016296386719,0.999925
7aa93916-362d-4755-a5dc-63f1a8d45579,180,6.0,left_knee,0.6594541,0.56337786,0.4558942,712.2104358673096,1081.6854858398438,0.6318443
7aa93916-362d-4755-a5dc-63f1a8d45579,180,6.0,right_knee,0.70875883,0.5912765,-0.010279656,765.4595375061035,1135.2509307861328,0.98684037
7aa93916-362d-4755-a5dc-63f1a8d45579,180,6.0,left_ankle,0.6257975,0.62439543,0.7349568,675.8613109588623,1198.839225769043,0.86365616
7aa93916-362d-4755-a5dc-63f1a8d45579,180,6.0,right_ankle,0.74717814,0.66582215,0.19340171,806.9523882865906,1278.3785247802734,0.98305994
7aa93916-362d-4755-a5dc-63f1a8d45579,180,6.0,left_heel,0.60907274,0.6373682,0.76323295,657.7985644340515,1223.7469482421875,0.8582295
7aa93916-362d-4755-a5dc-63f1a8d45579,180,6.0,right_heel,0.7351325,0.6806629,0.21654207,793.9431166648865,1306.8727111816406,0.9481042
7aa93916-362d-4755-a5dc-63f1a8d45579,180,6.0,left_foot_index,0.66354424,0.6317212,0.7613819,716.6277766227722,1212.9047012329102,0.9001433
7aa93916-362d-4755-a5dc-63f1a8d45579,180,6.0,right_foot_index,0.802225,0.6646097,0.19399805,866.4029932022095,1276.0505676269531,0.9790449
7aa93916-362d-4755-a5dc-63f1a8d45579,183,6.1,nose,0.7224209,0.42602798,-0.053504933,780.2145409584045,817.9737281799316,0.999943
7aa93916-362d-4755-a5dc-63f1a8d45579,183,6.1,left_shoulder,0.63762003,0.45517433,0.14550577,688.6296343803406,873.9347076416016,0.9998292
7aa93916-362d-4755-a5dc-63f1a8d45579,183,6.1,right_shoulder,0.68096733,0.47489476,-0.2996262,735.4447174072266,911.7979431152344,0.9999728
7aa93916-362d-4755-a5dc-63f1a8d45579,183,6.1,left_elbow,0.6516832,0.50793034,0.28843534,703.817868232727,975.2262496948242,0.07829796
7aa93916-362d-4755-a5dc-63f1a8d45579,183,6.1,right_elbow,0.6647515,0.53633845,-0.2066577,717.9316520690918,1029.7698211669922,0.96933085
7aa93916-362d-4755-a5dc-63f1a8d45579,183,6.1,left_wrist,0.7194235,0.52589655,0.26837212,776.9773507118225,1009.7213745117188,0.22654171
7aa93916-362d-4755-a5dc-63f1a8d45579,183,6.1,right_wrist,0.7392313,0.5383843,0.042879302,798.369791507721,1033.6978912353516,0.9090698
7aa93916-362d-4755-a5dc-63f1a8d45579,183,6.1,left_hip,0.54721755,0.54913396,0.1547159,590.9949517250061,1054.3371963500977,0.9998618
7aa93916-362d-4755-a5dc-63f1a8d45579,183,6.1,right_hip,0.5778035,0.56117606,-0.15430336,624.0277719497681,1077.4580383300781,0.99992937
7aa93916-362d-4755-a5dc-63f1a8d45579,183,6.1,left_knee,0.67218757,0.5615271,0.43833715,725.9625720977783,1078.131980895996,0.61074877
7aa93916-362d-4755-a5dc-63f1a8d45579,183,6.1,right_knee,0.7123787,0.5893291,-0.058141276,769.3689751625061,1131.5119171142578,0.98679
7aa93916-362d-4755-a5dc-63f1a8d45579,183,6.1,left_ankle,0.6295393,0.6225567,0.69069266,679.9024558067322,1195.308837890625,0.8499718
7aa93916-362d-4755-a5dc-63f1a8d45579,183,6.1,right_ankle,0.74200046,0.6661216,0.15557031,801.3604974746704,1278.9534759521484,0.98281974
7aa93916-362d-4755-a5dc-63f1a8d45579,183,6.1,left_heel,0.61312044,0.6335712,0.7160722,662.1700716018677,1216.4567184448242,0.84586614
7aa93916-362d-4755-a5dc-63f1a8d45579,183,6.1,right_heel,0.7259814,0.680919,0.18074551,784.0599274635315,1307.3644638061523,0.9484142
7aa93916-362d-4755-a5dc-63f1a8d45579,183,6.1,left_foot_index,0.6618826,0.6340484,0.71574235,714.83318567276,1217.372932434082,0.8906268
7aa93916-362d-4755-a5dc-63f1a8d45579,183,6.1,right_foot_index,0.7988852,0.66707546,0.16611488,862.7960443496704,1280.7848739624023,0.97849375
7aa93916-362d-4755-a5dc-63f1a8d45579,186,6.2,nose,0.71676207,0.42927068,-0.09480767,774.1030311584473,824.1997146606445,0.9999422
7aa93916-362d-4755-a5dc-63f1a8d45579,186,6.2,left_shoulder,0.6381252,0.45933443,0.12786615,689.1751956939697,881.9221115112305,0.99982023
7aa93916-362d-4755-a5dc-63f1a8d45579,186,6.2,right_shoulder,0.6776066,0.4788508,-0.31523,731.8151092529297,919.3935585021973,0.99997133
7aa93916-362d-4755-a5dc-63f1a8d45579,186,6.2,left_elbow,0.64433414,0.51742166,0.27442408,695.880868434906,993.449592590332,0.080703646
7aa93916-362d-4755-a5dc-63f1a8d45579,186,6.2,right_elbow,0.6648091,0.54074085,-0.22963394,717.9938364028931,1038.222427368164,0.96992457
7aa93916-362d-4755-a5dc-63f1a8d45579,186,6.2,left_wrist,0.7187722,0.5266583,0.25261506,776.273946762085,1011.1839294433594,0.24260332
7aa93916-362d-4755-a5dc-63f1a8d45579,186,6.2,right_wrist,0.7391599,0.53842264,-0.0024622246,798.2926726341248,1033.7714767456055,0.914379
7aa93916-362d-4755-a5dc-63f1a8d45579,186,6.2,left_hip,0.5472311,0.55129385,0.1567854,591.0095643997192,1058.4841918945312,0.9998585
7aa93916-362d-4755-a5dc-63f1a8d45579,186,6.2,right_hip,0.5762974,0.56405574,-0.1563808,622.4011945724487,1082.9870223999023,0.9999312
7aa93916-362d-4755-a5dc-63f1a8d45579,186,6.2,left_knee,0.6841531,0.5576445,0.4177038,738.885326385498,1070.6774139404297,0.58844715
7aa93916-362d-4755-a5dc-63f1a8d45579,186,6.2,right_knee,0.71774036,0.5890637,-0.076995194,775.1595854759216,1131.002311706543,0.9865326
7aa93916-362d-4755-a5dc-63f1a8d45579,186,6.2,left_ankle,0.63307035,0.61871904,0.6711034,683.7159776687622,1187.940559387207,0.8308938
7aa93916-362d-4755-a5dc-63f1a8d45579,186,6.2,right_ankle,0.7332712,0.66671574,0.14378372,791.9328761100769,1280.094223022461,0.9822448
7aa93916-362d-4755-a5dc-63f1a8d45579,186,6.2,left_heel,0.6164206,0.6280896,0.69644135,665.7342767715454,1205.9320449829102,0.8271636
7aa93916-362d-4755-a5dc-63f1a8d45579,186,6.2,right_heel,0.71639854,0.68166345,0.16937563,773.7104201316833,1308.793830871582,0.94780916
7aa93916-362d-4755-a5dc-63f1a8d45579,186,6.2,left_foot_index,0.66532874,0.63345444,0.69655806,718.5550403594971,1216.2325286865234,0.8760964
7aa93916-362d-4755-a5dc-63f1a8d45579,186,6.2,right_foot_index,0.7875044,0.6714611,0.15384285,850.5047249794006,1289.205322265625,0.9774136
7aa93916-362d-4755-a5dc-63f1a8d45579,189,6.3,nose,0.712994,0.43187174,-0.06976844,770.0334978103638,829.1937446594238,0.99994475
7aa93916-362d-4755-a5dc-63f1a8d45579,189,6.3,left_shoulder,0.63053584,0.46202427,0.13490425,680.9787082672119,887.0866012573242,0.99982387
7aa93916-362d-4755-a5dc-63f1a8d45579,189,6.3,right_shoulder,0.67577493,0.4822258,-0.31102207,729.8369264602661,925.8735466003418,0.9999725
7aa93916-362d-4755-a5dc-63f1a8d45579,189,6.3,left_elbow,0.6434361,0.5165828,0.30180863,694.9109601974487,991.8389511108398,0.080333084
7aa93916-362d-4755-a5dc-63f1a8d45579,189,6.3,right_elbow,0.6657381,0.54438657,-0.20930628,718.9971542358398,1045.2222061157227,0.9701379
7aa93916-362d-4755-a5dc-63f1a8d45579,189,6.3,left_wrist,0.71544546,0.52636755,0.31988108,772.6810956001282,1010.6256866455078,0.24923898
7aa93916-362d-4755-a5dc-63f1a8d45579,189,6.3,right_wrist,0.7391742,0.5381308,0.05804634,798.3081221580505,1033.2111740112305,0.9180452
7aa93916-362d-4755-a5dc-63f1a8d45579,189,6.3,left_hip,0.5460234,0.55364144,0.1576606,589.7053027153015,1062.9915618896484,0.9998649
7aa93916-362d-4755-a5dc-63f1a8d45579,189,6.3,right_hip,0.57644784,0.566614,-0.15728512,622.5636720657349,1087.898826599121,0.9999364
7aa93916-362d-4755-a5dc-63f1a8d45579,189,6.3,left_knee,0.6761289,0.55575854,0.45116094,730.2192378044128,1067.0563888549805,0.55854976
7aa93916-362d-4755-a5dc-63f1a8d45579,189,6.3,right_knee,0.71792966,0.58837295,-0.061358735,775.3640341758728,1129.6760559082031,0.9858048
7aa93916-362d-4755-a5dc-63f1a8d45579,189,6.3,left_ankle,0.6339883,0.6174459,0.69139713,684.7073864936829,1185.4961013793945,0.81071746
7aa93916-362d-4755-a5dc-63f1a8d45579,189,6.3,right_ankle,0.725902,0.66678196,0.13064235,783.9741826057434,1280.2213668823242,0.9818238
7aa93916-362d-4755-a5dc-63f1a8d45579,189,6.3,left_heel,0.61733484,0.6270098,0.71529734,666.7216300964355,1203.8588333129883,0.8105589
7aa93916-362d-4755-a5dc-63f1a8d45579,189,6.3,right_heel,0.7084613,0.6817641,0.15341483,765.1381874084473,1308.9871215820312,0.9478936
7aa93916-362d-4755-a5dc-63f1a8d45579,189,6.3,left_foot_index,0.6708517,0.63149536,0.72457725,724.5198440551758,1212.4710845947266,0.86355513
7aa93916-362d-4755-a5dc-63f1a8d45579,189,6.3,right_foot_index,0.7764099,0.6724643,0.14301306,838.5227179527283,1291.131477355957,0.9769393
7aa93916-362d-4755-a5dc-63f1a8d45579,192,6.4,nose,0.7075898,0.4347217,-0.06917199,764.1969895362854,834.6656799316406,0.9999433
7aa93916-362d-4755-a5dc-63f1a8d45579,192,6.4,left_shoulder,0.62840736,0.46694615,0.15244405,678.6799478530884,896.5366172790527,0.99982107
7aa93916-362d-4755-a5dc-63f1a8d45579,192,6.4,right_shoulder,0.66943824,0.48406884,-0.3039475,722.9933023452759,929.4121742248535,0.9999727
7aa93916-362d-4755-a5dc-63f1a8d45579,192,6.4,left_elbow,0.64086574,0.5200816,0.28572407,692.1350026130676,998.5566329956055,0.07790028
7aa93916-362d-4755-a5dc-63f1a8d45579,192,6.4,right_elbow,0.6666821,0.5451736,-0.21595082,720.0166940689087,1046.733283996582,0.9696716
7aa93916-362d-4755-a5dc-63f1a8d45579,192,6.4,left_wrist,0.6923852,0.52773136,0.25811854,747.7760124206543,1013.2442092895508,0.24127187
7aa93916-362d-4755-a5dc-63f1a8d45579,192,6.4,right_wrist,0.7398074,0.5347065,0.033023268,798.9920210838318,1026.6364288330078,0.91878015
7aa93916-362d-4755-a5dc-63f1a8d45579,192,6.4,left_hip,0.54596853,0.5549642,0.15885682,589.6460151672363,1065.531234741211,0.99986947
7aa93916-362d-4755-a5dc-63f1a8d45579,192,6.4,right_hip,0.5765627,0.56837547,-0.1585064,622.6877188682556,1091.2808990478516,0.99994123
7aa93916-362d-4755-a5dc-63f1a8d45579,192,6.4,left_knee,0.67245257,0.55735767,0.45812935,726.2487745285034,1070.126724243164,0.5245742
7aa93916-362d-4755-a5dc-63f1a8d45579,192,6.4,right_knee,0.7181756,0.5881074,-0.08079922,775.6296372413635,1129.1662216186523,0.9856288
7aa93916-362d-4755-a5dc-63f1a8d45579,192,6.4,left_ankle,0.63463783,0.6120921,0.69600236,685.4088592529297,1175.2167892456055,0.78478366
7aa93916-362d-4755-a5dc-63f1a8d45579,192,6.4,right_ankle,0.717448,0.666797,0.07879498,774.8438358306885,1280.2502059936523,0.9816544
7aa93916-362d-4755-a5dc-63f1a8d45579,192,6.4,left_heel,0.6207473,0.6225691,0.7193269,670.4071140289307,1195.3326416015625,0.7889535
7aa93916-362d-4755-a5dc-63f1a8d45579,192,6.4,right_heel,0.70115954,0.68110806,0.09741195,757.252299785614,1307.7274703979492,0.948838
7aa93916-362d-4755-a5dc-63f1a8d45579,192,6.4,left_foot_index,0.668645,0.6253789,0.7293546,722.1366262435913,1200.7275009155273,0.8492389
7aa93916-362d-4755-a5dc-63f1a8d45579,192,6.4,right_foot_index,0.7724542,0.6737401,0.08348247,834.2505383491516,1293.5809707641602,0.9767686
7aa93916-362d-4755-a5dc-63f1a8d45579,195,6.5,nose,0.7031918,0.43752742,-0.1039098,759.4471621513367,840.0526428222656,0.99994224
7aa93916-362d-4755-a5dc-63f1a8d45579,195,6.5,left_shoulder,0.62779534,0.46929026,0.12746154,678.0189657211304,901.0372924804688,0.9998127
7aa93916-362d-4755-a5dc-63f1a8d45579,195,6.5,right_shoulder,0.66418487,0.48921588,-0.31160218,717.3196578025818,939.294490814209,0.99996996
7aa93916-362d-4755-a5dc-63f1a8d45579,195,6.5,left_elbow,0.6465979,0.51689214,0.26661357,698.3257555961609,992.4328994750977,0.078170784
7aa93916-362d-4755-a5dc-63f1a8d45579,195,6.5,right_elbow,0.6668541,0.54651785,-0.22028682,720.2024102210999,1049.3142700195312,0.9689563
7aa93916-362d-4755-a5dc-63f1a8d45579,195,6.5,left_wrist,0.6999913,0.52595526,0.2451087,755.9905886650085,1009.834098815918,0.24537727
7aa93916-362d-4755-a5dc-63f1a8d45579,195,6.5,right_wrist,0.74213696,0.5309339,0.03195845,801.5079116821289,1019.3931198120117,0.91982657
7aa93916-362d-4755-a5dc-63f1a8d45579,195,6.5,left_hip,0.5460099,0.5569616,0.15874426,589.6906900405884,1069.3662643432617,0.99986976
7aa93916-362d-4755-a5dc-63f1a8d45579,195,6.5,right_hip,0.5763967,0.5713358,-0.1583833,622.5084400177002,1096.9647216796875,0.9999448
7aa93916-362d-4755-a5dc-63f1a8d45579,195,6.5,left_knee,0.67063826,0.5578127,0.45230287,724.2893242835999,1071.0003662109375,0.50304365
7aa93916-362d-4755-a5dc-63f1a8d45579,195,6.5,right_knee,0.7179272,0.5874826,-0.092023335,775.3613948822021,1127.966537475586,0.9856598
7aa93916-362d-4755-a5dc-63f1a8d45579,195,6.5,left_ankle,0.6338851,0.61425656,0.6942946,684.5958924293518,1179.3725967407227,0.767935
7aa93916-362d-4755-a5dc-63f1a8d45579,195,6.5,right_ankle,0.7115704,0.666884,0.06202572,768.4960126876831,1280.4172897338867,0.9817263
7aa93916-362d-4755-a5dc-63f1a8d45579,195,6.5,left_heel,0.62081105,0.6255899,0.7182925,670.4759287834167,1201.1326217651367,0.7723289
7aa93916-362d-4755-a5dc-63f1a8d45579,195,6.5,right_heel,0.69468045,0.68108463,0.07966753,750.2548885345459,1307.6824951171875,0.9495756
7aa93916-362d-4755-a5dc-63f1a8d45579,195,6.5,left_foot_index,0.6702742,0.6251647,0.7265967,723.8961338996887,1200.3162002563477,0.8390368
7aa93916-362d-4755-a5dc-63f1a8d45579,195,6.5,right_foot_index,0.76459664,0.67435706,0.05791645,825.7643723487854,1294.7655487060547,0.97679394
7aa93916-362d-4755-a5dc-63f1a8d45579,198,6.6,nose,0.69675106,0.44244787,-0.11806243,752.4911427497864,849.4999122619629,0.9999254
7aa93916-362d-4755-a5dc-63f1a8d45579,198,6.6,left_shoulder,0.6257473,0.47147357,0.11334988,675.8071088790894,905.2292633056641,0.9997658
7aa93916-362d-4755-a5dc-63f1a8d45579,198,6.6,right_shoulder,0.6570169,0.49251956,-0.31486467,709.5782232284546,945.6375503540039,0.9999546
7aa93916-362d-4755-a5dc-63f1a8d45579,198,6.6,left_elbow,0.6581195,0.51666737,0.26603907,710.7690596580505,992.0013427734375,0.081693634
7aa93916-362d-4755-a5dc-63f1a8d45579,198,6.6,right_elbow,0.6694878,0.54750246,-0.22125044,723.0467963218689,1051.204719543457,0.96862954
7aa93916-362d-4755-a5dc-63f1a8d45579,198,6.6,left_wrist,0.7221631,0.5213222,0.24793948,779.9361276626587,1000.938606262207,0.25867385
7aa93916-362d-4755-a5dc-63f1a8d45579,198,6.6,right_wrist,0.7442764,0.52712065,0.032504864,803.8185167312622,1012.071647644043,0.9232199
7aa93916-362d-4755-a5dc-63f1a8d45579,198,6.6,left_hip,0.54603577,0.5588027,0.15820567,589.7186279296875,1072.9012298583984,0.9998628
7aa93916-362d-4755-a5dc-63f1a8d45579,198,6.6,right_hip,0.57467663,0.57246715,-0.15787333,620.6507635116577,1099.1369247436523,0.9999447
7aa93916-362d-4755-a5dc-63f1a8d45579,198,6.6,left_knee,0.6718519,0.56486905,0.39322397,725.6000232696533,1084.548568725586,0.48880965
7aa93916-362d-4755-a5dc-63f1a8d45579,198,6.6,right_knee,0.71748906,0.5875622,-0.10928074,774.8881888389587,1128.1194305419922,0.9847994
7aa93916-362d-4755-a5dc-63f1a8d45579,198,6.6,left_ankle,0.633027,0.6158501,0.6219559,683.6691784858704,1182.4321746826172,0.75067496
7aa93916-362d-4755-a5dc-63f1a8d45579,198,6.6,right_ankle,0.700936,0.6668718,0.060516175,757.0109009742737,1280.3938293457031,0.9812668
7aa93916-362d-4755-a5dc-63f1a8d45579,198,6.6,left_heel,0.6206039,0.62889606,0.64490867,670.2522325515747,1207.4804306030273,0.7531812
7aa93916-362d-4755-a5dc-63f1a8d45579,198,6.6,right_heel,0.68505234,0.68069774,0.080198914,739.8565220832825,1306.9396591186523,0.94884396
7aa93916-362d-4755-a5dc-63f1a8d45579,198,6.6,left_foot_index,0.6684876,0.62673146,0.6439069,721.9666171073914,1203.3243942260742,0.8251241
7aa93916-362d-4755-a5dc-63f1a8d45579,198,6.6,right_foot_index,0.755535,0.6756628,0.06292498,815.9778070449829,1297.272605895996,0.9760467
7aa93916-362d-4755-a5dc-63f1a8d45579,201,6.7,nose,0.6914511,0.44483325,-0.10405911,746.7671585083008,854.0798377990723,0.9999137
7aa93916-362d-4755-a5dc-63f1a8d45579,201,6.7,left_shoulder,0.62514365,0.47486487,0.11732386,675.1551389694214,911.740550994873,0.99973446
7aa93916-362d-4755-a5dc-63f1a8d45579,201,6.7,right_shoulder,0.649938,0.49291855,-0.3094367,701.9330263137817,946.4036178588867,0.9999457
7aa93916-362d-4755-a5dc-63f1a8d45579,201,6.7,left_elbow,0.6589308,0.5150417,0.27237248,711.6452407836914,988.8800811767578,0.08671053
7aa93916-362d-4755-a5dc-63f1a8d45579,201,6.7,right_elbow,0.6711887,0.54708797,-0.22716245,724.8838090896606,1050.4088973999023,0.9697081
7aa93916-362d-4755-a5dc-63f1a8d45579,201,6.7,left_wrist,0.72841644,0.51795715,0.23673654,786.6897583007812,994.4777297973633,0.27078223
7aa93916-362d-4755-a5dc-63f1a8d45579,201,6.7,right_wrist,0.74588674,0.5212991,0.02103791,805.5576825141907,1000.8943176269531,0.9277704
7aa93916-362d-4755-a5dc-63f1a8d45579,201,6.7,left_hip,0.54637736,0.56159997,0.15803911,590.0875496864319,1078.2719421386719,0.9998611
7aa93916-362d-4755-a5dc-63f1a8d45579,201,6.7,right_hip,0.57212424,0.5728095,-0.15772955,617.8941822052002,1099.7942733764648,0.9999464
7aa93916-362d-4755-a5dc-63f1a8d45579,201,6.7,left_knee,0.6642386,0.5666531,0.39628327,717.3776578903198,1087.9738998413086,0.46968347
7aa93916-362d-4755-a5dc-63f1a8d45579,201,6.7,right_knee,0.7171483,0.58795565,-0.11869698,774.5201683044434,1128.874855041504,0.98404986
7aa93916-362d-4755-a5dc-63f1a8d45579,201,6.7,left_ankle,0.63197505,0.62035525,0.61611086,682.5330591201782,1191.0820770263672,0.7308611
7aa93916-362d-4755-a5dc-63f1a8d45579,201,6.7,right_ankle,0.691337,0.66689384,0.029182095,746.6439485549927,1280.4361724853516,0.9812943
7aa93916-362d-4755-a5dc-63f1a8d45579,201,6.7,left_heel,0.6175256,0.6318422,0.6383579,666.9276237487793,1213.1370162963867,0.7350236
7aa93916-362d-4755-a5dc-63f1a8d45579,201,6.7,right_heel,0.67470944,0.68038785,0.047044914,728.6861944198608,1306.3446807861328,0.94999015
7aa93916-362d-4755-a5dc-63f1a8d45579,201,6.7,left_foot_index,0.6655748,0.63030434,0.6411871,718.8207721710205,1210.184326171875,0.8118822
7aa93916-362d-4755-a5dc-63f1a8d45579,201,6.7,right_foot_index,0.74353546,0.6760741,0.032396767,803.0182957649231,1298.0622482299805,0.9760587
7aa93916-362d-4755-a5dc-63f1a8d45579,204,6.8,nose,0.6864596,0.4466829,-0.106010824,741.3763689994812,857.6311683654785,0.9999041
7aa93916-362d-4755-a5dc-63f1a8d45579,204,6.8,left_shoulder,0.62435377,0.47672492,0.12366842,674.3020677566528,915.3118515014648,0.99969536
7aa93916-362d-4755-a5dc-63f1a8d45579,204,6.8,right_shoulder,0.64424896,0.4945277,-0.3087235,695.7888793945312,949.4931793212891,0.9999362
7aa93916-362d-4755-a5dc-63f1a8d45579,204,6.8,left_elbow,0.66324764,0.5127881,0.273244,716.3074564933777,984.5531845092773,0.087284334
7aa93916-362d-4755-a5dc-63f1a8d45579,204,6.8,right_elbow,0.6754162,0.5479555,-0.24078964,729.4494652748108,1052.0745849609375,0.9702255
7aa93916-362d-4755-a5dc-63f1a8d45579,204,6.8,left_wrist,0.7280036,0.5127272,0.24186309,786.2439107894897,984.4362258911133,0.26777488
7aa93916-362d-4755-a5dc-63f1a8d45579,204,6.8,right_wrist,0.7456427,0.5156114,-0.00090230635,805.2941393852234,989.9739074707031,0.93031615
7aa93916-362d-4755-a5dc-63f1a8d45579,204,6.8,left_hip,0.54661626,0.5629134,0.1572023,590.3455567359924,1080.7937622070312,0.9998655
7aa93916-362d-4755-a5dc-63f1a8d45579,204,6.8,right_hip,0.5712486,0.573397,-0.15694259,616.9484782218933,1100.9222030639648,0.9999495
7aa93916-362d-4755-a5dc-63f1a8d45579,204,6.8,left_knee,0.65994245,0.57127976,0.4044207,712.7378439903259,1096.8571472167969,0.44569033
7aa93916-362d-4755-a5dc-63f1a8d45579,204,6.8,right_knee,0.7168436,0.5881206,-0.12048508,774.1910934448242,1129.1915130615234,0.9832526
7aa93916-362d-4755-a5dc-63f1a8d45579,204,6.8,left_ankle,0.6313162,0.6242524,0.6098137,681.8214797973633,1198.564567565918,0.71039224
7aa93916-362d-4755-a5dc-63f1a8d45579,204,6.8,right_ankle,0.6845272,0.6669176,-0.0014142711,739.2893958091736,1280.481834411621,0.9814756
7aa93916-362d-4755-a5dc-63f1a8d45579,204,6.8,left_heel,0.61268395,0.63437736,0.63068354,661.6986680030823,1218.0045318603516,0.71770984
7aa93916-362d-4755-a5dc-63f1a8d45579,204,6.8,right_heel,0.66417515,0.6793947,0.014423946,717.3091650009155,1304.4378662109375,0.95144546
7aa93916-362d-4755-a5dc-63f1a8d45579,204,6.8,left_foot_index,0.6605299,0.636313,0.63921046,713.3723044395447,1221.7210006713867,0.798791
7aa93916-362d-4755-a5dc-63f1a8d45579,204,6.8,right_foot_index,0.7319861,0.67594373,0.009296145,790.5449938774109,1297.8119659423828,0.9762657
7aa93916-362d-4755-a5dc-63f1a8d45579,207,6.9,nose,0.6808512,0.446627,-0.106752016,735.3193187713623,857.5238227844238,0.99989074
7aa93916-362d-4755-a5dc-63f1a8d45579,207,6.9,left_shoulder,0.621317,0.47800773,0.12500726,671.0223913192749,917.7748489379883,0.9996041
7aa93916-362d-4755-a5dc-63f1a8d45579,207,6.9,right_shoulder,0.6399618,0.4954238,-0.30084455,691.158721446991,951.2136840820312,0.99991584
7aa93916-362d-4755-a5dc-63f1a8d45579,207,6.9,left_elbow,0.66086864,0.51053685,0.27510497,713.7381362915039,980.2307510375977,0.08551789
7aa93916-362d-4755-a5dc-63f1a8d45579,207,6.9,right_elbow,0.68001014,0.5488742,-0.2386104,734.4109511375427,1053.8384628295898,0.9701118
7aa93916-362d-4755-a5dc-63f1a8d45579,207,6.9,left_wrist,0.7272039,0.5044947,0.2887071,785.3802180290222,968.6298751831055,0.2630472
7aa93916-362d-4755-a5dc-63f1a8d45579,207,6.9,right_wrist,0.74546283,0.50893426,0.002691503,805.0998616218567,977.1537780761719,0.9331101
7aa93916-362d-4755-a5dc-63f1a8d45579,207,6.9,left_hip,0.5464866,0.56244624,0.15425192,590.205545425415,1079.8967742919922,0.99986917
7aa93916-362d-4755-a5dc-63f1a8d45579,207,6.9,right_hip,0.5683427,0.57261735,-0.15405554,613.8101005554199,1099.4253158569336,0.9999521
7aa93916-362d-4755-a5dc-63f1a8d45579,207,6.9,left_knee,0.6600086,0.5727429,0.38890544,712.8092980384827,1099.6663284301758,0.4227816
7aa93916-362d-4755-a5dc-63f1a8d45579,207,6.9,right_knee,0.71488965,0.58933103,-0.10826175,772.0808172225952,1131.5155792236328,0.98212886
7aa93916-362d-4755-a5dc-63f1a8d45579,207,6.9,left_ankle,0.6263542,0.62798744,0.58119476,676.4625549316406,1205.7358932495117,0.6917257
7aa93916-362d-4755-a5dc-63f1a8d45579,207,6.9,right_ankle,0.67827374,0.66694206,0.014509976,732.5356364250183,1280.5287551879883,0.98168975
7aa93916-362d-4755-a5dc-63f1a8d45579,207,6.9,left_heel,0.6030252,0.6367641,0.60172796,651.2672138214111,1222.5870895385742,0.70176995
7aa93916-362d-4755-a5dc-63f1a8d45579,207,6.9,right_heel,0.6546741,0.6786875,0.031078506,707.0480418205261,1303.0800247192383,0.9527815
7aa93916-362d-4755-a5dc-63f1a8d45579,207,6.9,left_foot_index,0.6521808,0.6415761,0.61452043,704.3552541732788,1231.8261337280273,0.78658926
7aa93916-362d-4755-a5dc-63f1a8d45579,207,6.9,right_foot_index,0.71947074,0.6758434,0.030371241,777.028398513794,1297.6193618774414,0.97648424
7aa93916-362d-4755-a5dc-63f1a8d45579,210,7.0,nose,0.67598605,0.44663426,-0.10144924,730.0649356842041,857.537784576416,0.9998876
7aa93916-362d-4755-a5dc-63f1a8d45579,210,7.0,left_shoulder,0.6144343,0.47764716,0.12720214,663.5890460014343,917.0825386047363,0.99950606
7aa93916-362d-4755-a5dc-63f1a8d45579,210,7.0,right_shoulder,0.63931465,0.49596247,-0.27859235,690.4598236083984,952.2479438781738,0.9999068
7aa93916-362d-4755-a5dc-63f1a8d45579,210,7.0,left_elbow,0.6576784,0.50681347,0.31381044,710.2926993370056,973.0818557739258,0.08155557
7aa93916-362d-4755-a5dc-63f1a8d45579,210,7.0,right_elbow,0.6833169,0.5484972,-0.20490097,737.9822373390198,1053.1146240234375,0.9692049
7aa93916-362d-4755-a5dc-63f1a8d45579,210,7.0,left_wrist,0.7201122,0.49596694,0.40130877,777.7211809158325,952.2565269470215,0.2537231
7aa93916-362d-4755-a5dc-63f1a8d45579,210,7.0,right_wrist,0.7442796,0.5021986,0.022204723,803.8219928741455,964.2212677001953,0.93545204
7aa93916-362d-4755-a5dc-63f1a8d45579,210,7.0,left_hip,0.5441079,0.5620218,0.14841224,587.636547088623,1079.0818405151367,0.9998759
7aa93916-362d-4755-a5dc-63f1a8d45579,210,7.0,right_hip,0.5666817,0.5724459,-0.1482753,612.0162177085876,1099.0961837768555,0.9999557
7aa93916-362d-4755-a5dc-63f1a8d45579,210,7.0,left_knee,0.6553415,0.57260615,0.3945228,707.7688264846802,1099.4038009643555,0.39786422
7aa93916-362d-4755-a5dc-63f1a8d45579,210,7.0,right_knee,0.71267927,0.58975214,-0.10215684,769.6936082839966,1132.324104309082,0.9818738
7aa93916-362d-4755-a5dc-63f1a8d45579,210,7.0,left_ankle,0.6177727,0.628411,0.57968193,667.1945142745972,1206.5491104125977,0.6744932
7aa93916-362d-4755-a5dc-63f1a8d45579,210,7.0,right_ankle,0.6741867,0.66666025,-0.018034058,728.1216430664062,1279.987678527832,0.9824586
7aa93916-362d-4755-a5dc-63f1a8d45579,210,7.0,left_heel,0.5951214,0.6383221,0.5998686,642.7310943603516,1225.5784606933594,0.6861984
7aa93916-362d-4755-a5dc-63f1a8d45579,210,7.0,right_heel,0.6471099,0.67860866,-0.0055031623,698.8787198066711,1302.9286193847656,0.95490456
7aa93916-362d-4755-a5dc-63f1a8d45579,210,7.0,left_foot_index,0.6482614,0.6419949,0.61840475,700.1223421096802,1232.6301956176758,0.77699584
7aa93916-362d-4755-a5dc-63f1a8d45579,210,7.0,right_foot_index,0.71373624,0.6763135,-0.0032605208,770.8351349830627,1298.521957397461,0.97739935
7aa93916-362d-4755-a5dc-63f1a8d45579,213,7.1,nose,0.6737135,0.4457263,-0.12581302,727.6105856895447,855.794506072998,0.9998903
7aa93916-362d-4755-a5dc-63f1a8d45579,213,7.1,left_shoulder,0.61265,0.477545,0.11834784,661.6619753837585,916.8863868713379,0.9994243
7aa93916-362d-4755-a5dc-63f1a8d45579,213,7.1,right_shoulder,0.6380082,0.49728662,-0.28534055,689.0488314628601,954.7903060913086,0.99989045
7aa93916-362d-4755-a5dc-63f1a8d45579,213,7.1,left_elbow,0.6571839,0.5046848,0.30494276,709.7585964202881,968.9948272705078,0.077733606
7aa93916-362d-4755-a5dc-63f1a8d45579,213,7.1,right_elbow,0.6865792,0.5478565,-0.20950595,741.5055656433105,1051.8844985961914,0.96606374
7aa93916-362d-4755-a5dc-63f1a8d45579,213,7.1,left_wrist,0.7199645,0.4865596,0.37083888,777.5616645812988,934.1944313049316,0.24439533
7aa93916-362d-4755-a5dc-63f1a8d45579,213,7.1,right_wrist,0.7401722,0.49717242,0.022026816,799.3859839439392,954.5710372924805,0.93340904
7aa93916-362d-4755-a5dc-63f1a8d45579,213,7.1,left_hip,0.5421341,0.56256753,0.14770396,585.504834651947,1080.1296615600586,0.99988294
7aa93916-362d-4755-a5dc-63f1a8d45579,213,7.1,right_hip,0.56574035,0.5727024,-0.14756429,610.9995746612549,1099.588623046875,0.9999592
7aa93916-362d-4755-a5dc-63f1a8d45579,213,7.1,left_knee,0.6521241,0.5722828,0.4040679,704.2940354347229,1098.782958984375,0.3752773
7aa93916-362d-4755-a5dc-63f1a8d45579,213,7.1,right_knee,0.7118241,0.58997077,-0.10486798,768.7700486183167,1132.7438735961914,0.98190933
7aa93916-362d-4755-a5dc-63f1a8d45579,213,7.1,left_ankle,0.6067343,0.6287259,0.6020205,655.2730178833008,1207.1537017822266,0.66091114
7aa93916-362d-4755-a5dc-63f1a8d45579,213,7.1,right_ankle,0.66704124,0.6662438,-0.03675616,720.4045414924622,1279.1880798339844,0.9833012
7aa93916-362d-4755-a5dc-63f1a8d45579,213,7.1,left_heel,0.58379245,0.63939965,0.6233021,630.4958438873291,1227.6473236083984,0.6727984
7aa93916-362d-4755-a5dc-63f1a8d45579,213,7.1,right_heel,0.64070773,0.678713,-0.025057953,691.9643497467041,1303.129005432129,0.95713
7aa93916-362d-4755-a5dc-63f1a8d45579,213,7.1,left_foot_index,0.646623,0.6424917,0.6391233,698.3528566360474,1233.5840606689453,0.76941025
7aa93916-362d-4755-a5dc-63f1a8d45579,213,7.1,right_foot_index,0.7082871,0.6770983,-0.020446785,764.9500894546509,1300.0286865234375,0.9783927
7aa93916-362d-4755-a5dc-63f1a8d45579,216,7.2,nose,0.67010194,0.4455154,-0.12986436,723.7100958824158,855.3895568847656,0.9998924
7aa93916-362d-4755-a5dc-63f1a8d45579,216,7.2,left_shoulder,0.60680306,0.47665414,0.1135959,655.3473043441772,915.175952911377,0.99934345
7aa93916-362d-4755-a5dc-63f1a8d45579,216,7.2,right_shoulder,0.63639855,0.49644732,-0.2894247,687.3104381561279,953.1788635253906,0.99988127
7aa93916-362d-4755-a5dc-63f1a8d45579,216,7.2,left_elbow,0.6366124,0.4972458,0.32378948,687.5414085388184,954.7119140625,0.07361571
7aa93916-362d-4755-a5dc-63f1a8d45579,216,7.2,right_elbow,0.688182,0.54340863,-0.22359602,743.2365560531616,1043.3445739746094,0.9637983
7aa93916-362d-4755-a5dc-63f1a8d45579,216,7.2,left_wrist,0.67393357,0.4774968,0.43644506,727.8482508659363,916.7938613891602,0.23083
7aa93916-362d-4755-a5dc-63f1a8d45579,216,7.2,right_wrist,0.7341491,0.48956427,-0.01235825,792.8810262680054,939.9633979797363,0.931601
7aa93916-362d-4755-a5dc-63f1a8d45579,216,7.2,left_hip,0.5381468,0.5628504,0.14665118,581.1985373497009,1080.6727981567383,0.9998903
7aa93916-362d-4755-a5dc-63f1a8d45579,216,7.2,right_hip,0.5637878,0.5725824,-0.14656244,608.8908433914185,1099.358253479004,0.9999626
7aa93916-362d-4755-a5dc-63f1a8d45579,216,7.2,left_knee,0.64317113,0.5731494,0.43025798,694.62482213974,1100.4468154907227,0.35544208
7aa93916-362d-4755-a5dc-63f1a8d45579,216,7.2,right_knee,0.70814836,0.59100854,-0.13756719,764.8002290725708,1134.7364044189453,0.98285294
7aa93916-362d-4755-a5dc-63f1a8d45579,216,7.2,left_ankle,0.5980314,0.6308465,0.6260331,645.8739137649536,1211.2252807617188,0.65442646
7aa93916-362d-4755-a5dc-63f1a8d45579,216,7.2,right_ankle,0.65893865,0.66618973,-0.10546358,711.6537380218506,1279.0842819213867,0.98450387
7aa93916-362d-4755-a5dc-63f1a8d45579,216,7.2,left_heel,0.57621515,0.6415455,0.647546,622.3123598098755,1231.7673110961914,0.6645019
7aa93916-362d-4755-a5dc-63f1a8d45579,216,7.2,right_heel,0.6351572,0.67879355,-0.0972816,685.9698057174683,1303.2836151123047,0.960112
7aa93916-362d-4755-a5dc-63f1a8d45579,216,7.2,left_foot_index,0.6426194,0.6430816,0.6765365,694.0289211273193,1234.716682434082,0.7672143
7aa93916-362d-4755-a5dc-63f1a8d45579,216,7.2,right_foot_index,0.7041806,0.6772384,-0.09539785,760.5150461196899,1300.297737121582,0.97989315
7aa93916-362d-4755-a5dc-63f1a8d45579,219,7.3,nose,0.66875166,0.44512922,-0.1313557,722.2517895698547,854.6480941772461,0.99989575
7aa93916-362d-4755-a5dc-63f1a8d45579,219,7.3,left_shoulder,0.6060966,0.4761761,0.11078053,654.5843553543091,914.2581367492676,0.99928963
7aa93916-362d-4755-a5dc-63f1a8d45579,219,7.3,right_shoulder,0.63485545,0.49549803,-0.29117832,685.6438851356506,951.3562202453613,0.9998703
7aa93916-362d-4755-a5dc-63f1a8d45579,219,7.3,left_elbow,0.63753414,0.4898055,0.3305291,688.5368728637695,940.4265403747559,0.07016963
7aa93916-362d-4755-a5dc-63f1a8d45579,219,7.3,right_elbow,0.6907727,0.53701705,-0.22914547,746.034529209137,1031.0727310180664,0.96225935
7aa93916-362d-4755-a5dc-63f1a8d45579,219,7.3,left_wrist,0.6877045,0.47362486,0.43319058,742.7208638191223,909.3597221374512,0.22085035
7aa93916-362d-4755-a5dc-63f1a8d45579,219,7.3,right_wrist,0.7275212,0.4845597,-0.019122778,785.7228755950928,930.3546524047852,0.9303925
7aa93916-362d-4755-a5dc-63f1a8d45579,219,7.3,left_hip,0.5351316,0.5624135,0.14579183,577.942099571228,1079.8339462280273,0.9998971
7aa93916-362d-4755-a5dc-63f1a8d45579,219,7.3,right_hip,0.5614045,0.5726218,-0.14571449,606.316888332367,1099.4338989257812,0.9999658
7aa93916-362d-4755-a5dc-63f1a8d45579,219,7.3,left_knee,0.63671935,0.5732765,0.4316211,687.6568937301636,1100.69091796875,0.34089684
7aa93916-362d-4755-a5dc-63f1a8d45579,219,7.3,right_knee,0.70196134,0.592285,-0.15107985,758.118245601654,1137.187156677246,0.9839545
7aa93916-362d-4755-a5dc-63f1a8d45579,219,7.3,left_ankle,0.59140974,0.6310364,0.6376551,638.7225222587585,1211.5898895263672,0.65168065
7aa93916-362d-4755-a5dc-63f1a8d45579,219,7.3,right_ankle,0.65171087,0.66625226,-0.11953204,703.8477373123169,1279.204330444336,0.98571664
7aa93916-362d-4755-a5dc-63f1a8d45579,219,7.3,left_heel,0.5707223,0.6427848,0.66005737,616.3800644874573,1234.1467666625977,0.65901893
7aa93916-362d-4755-a5dc-63f1a8d45579,219,7.3,right_heel,0.62927383,0.678904,-0.11169085,679.6157383918762,1303.4956741333008,0.9630554
7aa93916-362d-4755-a5dc-63f1a8d45579,219,7.3,left_foot_index,0.6380674,0.6432896,0.68649495,689.1128182411194,1235.116081237793,0.76598805
7aa93916-362d-4755-a5dc-63f1a8d45579,219,7.3,right_foot_index,0.6979653,0.67730147,-0.11489477,753.8025498390198,1300.418815612793,0.9813965
7aa93916-362d-4755-a5dc-63f1a8d45579,222,7.4,nose,0.66074574,0.44457147,-0.13090144,713.6053991317749,853.5772132873535,0.9998915
7aa93916-362d-4755-a5dc-63f1a8d45579,222,7.4,left_shoulder,0.60025305,0.47388074,0.1122357,648.2732892036438,909.851016998291,0.99910545
7aa93916-362d-4755-a5dc-63f1a8d45579,222,7.4,right_shoulder,0.6312436,0.49491954,-0.2940774,681.7430734634399,950.2455139160156,0.9998411
7aa93916-362d-4755-a5dc-63f1a8d45579,222,7.4,left_elbow,0.6359421,0.4823594,0.32853723,686.8174695968628,926.1300659179688,0.068336174
7aa93916-362d-4755-a5dc-63f1a8d45579,222,7.4,right_elbow,0.69204736,0.52937686,-0.24695742,747.4111461639404,1016.4035797119141,0.9605784
7aa93916-362d-4755-a5dc-63f1a8d45579,222,7.4,left_wrist,0.6936348,0.464878,0.41568652,749.1255927085876,892.565746307373,0.21522202
7aa93916-362d-4755-a5dc-63f1a8d45579,222,7.4,right_wrist,0.7208186,0.47732735,-0.04053398,778.4840655326843,916.468505859375,0.9288382
7aa93916-362d-4755-a5dc-63f1a8d45579,222,7.4,left_hip,0.5325584,0.5620765,0.14626917,575.1630520820618,1079.186897277832,0.99989724
7aa93916-362d-4755-a5dc-63f1a8d45579,222,7.4,right_hip,0.5577303,0.57262397,-0.14617325,602.3487424850464,1099.4380187988281,0.99996775
7aa93916-362d-4755-a5dc-63f1a8d45579,222,7.4,left_knee,0.6327674,0.5744595,0.42838997,683.3887696266174,1102.9622268676758,0.3302246
7aa93916-362d-4755-a5dc-63f1a8d45579,222,7.4,right_knee,0.6966917,0.59344476,-0.17690013,752.4270272254944,1139.413948059082,0.9849352
7aa93916-362d-4755-a5dc-63f1a8d45579,222,7.4,left_ankle,0.58331317,0.63129807,0.6531898,629.9782204627991,1212.09228515625,0.6426375
7aa93916-362d-4755-a5dc-63f1a8d45579,222,7.4,right_ankle,0.6427826,0.6662684,-0.13524826,694.2052388191223,1279.2353439331055,0.9867389
7aa93916-362d-4755-a5dc-63f1a8d45579,222,7.4,left_heel,0.5620495,0.6424652,0.6780401,607.0134687423706,1233.5331344604492,0.6477832
7aa93916-362d-4755-a5dc-63f1a8d45579,222,7.4,right_heel,0.62112373,0.6790105,-0.12667114,670.8136296272278,1303.700180053711,0.96571755
7aa93916-362d-4755-a5dc-63f1a8d45579,222,7.4,left_foot_index,0.6300001,0.6430494,0.7029317,680.4001235961914,1234.654884338379,0.75770015
7aa93916-362d-4755-a5dc-63f1a8d45579,222,7.4,right_foot_index,0.69229984,0.67755693,-0.133296,747.6838302612305,1300.909309387207,0.9825624
7aa93916-362d-4755-a5dc-63f1a8d45579,225,7.5,nose,0.655094,0.44440243,-0.15609552,707.5015497207642,853.2526588439941,0.99988073
7aa93916-362d-4755-a5dc-63f1a8d45579,225,7.5,left_shoulder,0.59663624,0.47126633,0.114378825,644.3671345710754,904.8313522338867,0.99882406
7aa93916-362d-4755-a5dc-63f1a8d45579,225,7.5,right_shoulder,0.6279881,0.4909626,-0.3084658,678.2271480560303,942.6481819152832,0.99979514
7aa93916-362d-4755-a5dc-63f1a8d45579,225,7.5,left_elbow,0.6385021,0.47318485,0.3256157,689.5822906494141,908.5149192810059,0.06739331
7aa93916-362d-4755-a5dc-63f1a8d45579,225,7.5,right_elbow,0.6929848,0.5235166,-0.2767226,748.42360496521,1005.1518630981445,0.95969516
7aa93916-362d-4755-a5dc-63f1a8d45579,225,7.5,left_wrist,0.69656336,0.45491898,0.41131568,752.2884321212769,873.4444427490234,0.21252397
7aa93916-362d-4755-a5dc-63f1a8d45579,225,7.5,right_wrist,0.71565413,0.4694993,-0.08032726,772.9064655303955,901.4386367797852,0.92787874
7aa93916-362d-4755-a5dc-63f1a8d45579,225,7.5,left_hip,0.5301456,0.56184494,0.1484979,572.5572323799133,1078.7422943115234,0.99989235
7aa93916-362d-4755-a5dc-63f1a8d45579,225,7.5,right_hip,0.55589014,0.5725669,-0.14839259,600.3613543510437,1099.328498840332,0.9999689
7aa93916-362d-4755-a5dc-63f1a8d45579,225,7.5,left_knee,0.62903285,0.57724464,0.4282255,679.3554782867432,1108.3097076416016,0.32189015
7aa93916-362d-4755-a5dc-63f1a8d45579,225,7.5,right_knee,0.69286823,0.5939052,-0.18484975,748.2976913452148,1140.2980041503906,0.9857767
7aa93916-362d-4755-a5dc-63f1a8d45579,225,7.5,left_ankle,0.5775041,0.6313086,0.67336774,623.7044262886047,1212.1125411987305,0.62651145
7aa93916-362d-4755-a5dc-63f1a8d45579,225,7.5,right_ankle,0.6331684,0.6662902,-0.12137835,683.8218712806702,1279.277229309082,0.9876099
7aa93916-362d-4755-a5dc-63f1a8d45579,225,7.5,left_heel,0.5550219,0.64203364,0.70029867,599.4236326217651,1232.7045822143555,0.6318927
7aa93916-362d-4755-a5dc-63f1a8d45579,225,7.5,right_heel,0.61237645,0.6790702,-0.11120767,661.3665676116943,1303.8147354125977,0.96812546
7aa93916-362d-4755-a5dc-63f1a8d45579,225,7.5,left_foot_index,0.62699926,0.64287066,0.7260061,677.1591997146606,1234.3116760253906,0.7430473
7aa93916-362d-4755-a5dc-63f1a8d45579,225,7.5,right_foot_index,0.68403137,0.6775221,-0.117352985,738.7538766860962,1300.8424758911133,0.9835032
7aa93916-362d-4755-a5dc-63f1a8d45579,228,7.6,nose,0.65196353,0.44241503,-0.14107755,704.120614528656,849.4368553161621,0.9998774
7aa93916-362d-4755-a5dc-63f1a8d45579,228,7.6,left_shoulder,0.5832837,0.4690814,0.12468741,629.9464201927185,900.6362915039062,0.9985848
7aa93916-362d-4755-a5dc-63f1a8d45579,228,7.6,right_shoulder,0.627789,0.48560444,-0.28291953,678.0121421813965,932.3605155944824,0.99977684
7aa93916-362d-4755-a5dc-63f1a8d45579,228,7.6,left_elbow,0.6033293,0.47661367,0.3736529,651.5956449508667,915.0982475280762,0.06702546
7aa93916-362d-4755-a5dc-63f1a8d45579,228,7.6,right_elbow,0.69229865,0.51674306,-0.24920961,747.6825428009033,992.1466827392578,0.9589015
7aa93916-362d-4755-a5dc-63f1a8d45579,228,7.6,left_wrist,0.6356583,0.45902544,0.52828085,686.5109896659851,881.3288497924805,0.19805494
7aa93916-362d-4755-a5dc-63f1a8d45579,228,7.6,right_wrist,0.7071381,0.46350822,-0.047231883,763.7091708183289,889.9357795715332,0.9255667
7aa93916-362d-4755-a5dc-63f1a8d45579,228,7.6,left_hip,0.5250952,0.56149244,0.14579494,567.1028423309326,1078.0654907226562,0.99988526
7aa93916-362d-4755-a5dc-63f1a8d45579,228,7.6,right_hip,0.5529449,0.5706782,-0.14568469,597.1804904937744,1095.7020950317383,0.9999701
7aa93916-362d-4755-a5dc-63f1a8d45579,228,7.6,left_knee,0.6224493,0.58015984,0.4058444,672.2452211380005,1113.9068984985352,0.3155224
7aa93916-362d-4755-a5dc-63f1a8d45579,228,7.6,right_knee,0.6893273,0.59429723,-0.19768538,744.4734835624695,1141.050682067871,0.98672736
7aa93916-362d-4755-a5dc-63f1a8d45579,228,7.6,left_ankle,0.57355815,0.63240016,0.6583897,619.4428038597107,1214.2082977294922,0.6192011
7aa93916-362d-4755-a5dc-63f1a8d45579,228,7.6,right_ankle,0.62730426,0.6663094,-0.16278568,677.4885964393616,1279.314079284668,0.98853517
7aa93916-362d-4755-a5dc-63f1a8d45579,228,7.6,left_heel,0.5513259,0.6422148,0.688559,595.4319906234741,1233.0523681640625,0.6220902
7aa93916-362d-4755-a5dc-63f1a8d45579,228,7.6,right_heel,0.60661626,0.6791218,-0.1550544,655.1455593109131,1303.9138412475586,0.9704758
7aa93916-362d-4755-a5dc-63f1a8d45579,228,7.6,left_foot_index,0.6245875,0.64281327,0.7079391,674.5544743537903,1234.2014694213867,0.7344639
7aa93916-362d-4755-a5dc-63f1a8d45579,228,7.6,right_foot_index,0.6789414,0.6774639,-0.15347257,733.2567429542542,1300.7306671142578,0.98459166
7aa93916-362d-4755-a5dc-63f1a8d45579,231,7.7,nose,0.64787704,0.43903482,-0.13622943,699.7072005271912,842.9468536376953,0.9998815
7aa93916-362d-4755-a5dc-63f1a8d45579,231,7.7,left_shoulder,0.5798397,0.46625692,0.12078833,626.2268829345703,895.2132797241211,0.9984507
7aa93916-362d-4755-a5dc-63f1a8d45579,231,7.7,right_shoulder,0.62420267,0.48207375,-0.28514856,674.1388821601868,925.5816078186035,0.9997606
7aa93916-362d-4755-a5dc-63f1a8d45579,231,7.7,left_elbow,0.61756194,0.4616341,0.34565136,666.9668912887573,886.3374710083008,0.072548136
7aa93916-362d-4755-a5dc-63f1a8d45579,231,7.7,right_elbow,0.69228405,0.5114264,-0.24694932,747.6667714118958,981.9386672973633,0.95655245
7aa93916-362d-4755-a5dc-63f1a8d45579,231,7.7,left_wrist,0.6567449,0.43648347,0.46667585,709.2844891548157,838.048267364502,0.189303
7aa93916-362d-4755-a5dc-63f1a8d45579,231,7.7,right_wrist,0.7000693,0.45654044,-0.04172074,756.0748529434204,876.5576362609863,0.9178853
7aa93916-362d-4755-a5dc-63f1a8d45579,231,7.7,left_hip,0.52213067,0.5599256,0.14580612,563.9011216163635,1075.0571823120117,0.99988407
7aa93916-362d-4755-a5dc-63f1a8d45579,231,7.7,right_hip,0.550386,0.56869745,-0.14568077,594.4168925285339,1091.8991088867188,0.9999716
7aa93916-362d-4755-a5dc-63f1a8d45579,231,7.7,left_knee,0.62013465,0.58043647,0.40596905,669.7454237937927,1114.4380187988281,0.31270468
7aa93916-362d-4755-a5dc-63f1a8d45579,231,7.7,right_knee,0.68545294,0.5948164,-0.20505077,740.2891731262207,1142.047462463379,0.98763645
7aa93916-362d-4755-a5dc-63f1a8d45579,231,7.7,left_ankle,0.56875515,0.63304496,0.6544736,614.2555618286133,1215.4463195800781,0.6118637
7aa93916-362d-4755-a5dc-63f1a8d45579,231,7.7,right_ankle,0.62254536,0.66655046,-0.18272468,672.3489904403687,1279.7768783569336,0.9894079
7aa93916-362d-4755-a5dc-63f1a8d45579,231,7.7,left_heel,0.54613584,0.64218765,0.6817007,589.8267102241516,1233.0002975463867,0.6113947
7aa93916-362d-4755-a5dc-63f1a8d45579,231,7.7,right_heel,0.60263866,0.6793005,-0.17678602,650.8497548103333,1304.256935119629,0.97270364
7aa93916-362d-4755-a5dc-63f1a8d45579,231,7.7,left_foot_index,0.61618817,0.64263415,0.71089065,665.4832220077515,1233.8575744628906,0.7236507
7aa93916-362d-4755-a5dc-63f1a8d45579,231,7.7,right_foot_index,0.67521375,0.6778109,-0.17871156,729.230854511261,1301.3969421386719,0.9855918
7aa93916-362d-4755-a5dc-63f1a8d45579,234,7.8,nose,0.63898706,0.43609357,-0.10052658,690.106029510498,837.2996520996094,0.9998876
7aa93916-362d-4755-a5dc-63f1a8d45579,234,7.8,left_shoulder,0.57381386,0.46220207,0.1459783,619.718964099884,887.427978515625,0.9984323
7aa93916-362d-4755-a5dc-63f1a8d45579,234,7.8,right_shoulder,0.6197556,0.47677138,-0.26661932,669.3360757827759,915.4010581970215,0.9997574
7aa93916-362d-4755-a5dc-63f1a8d45579,234,7.8,left_elbow,0.62223196,0.457282,0.37941936,672.0105171203613,877.9814529418945,0.07789296
7aa93916-362d-4755-a5dc-63f1a8d45579,234,7.8,right_elbow,0.69184226,0.5046357,-0.22039239,747.1896386146545,968.9005279541016,0.9556249
7aa93916-362d-4755-a5dc-63f1a8d45579,234,7.8,left_wrist,0.6605095,0.43523827,0.52173346,713.3502888679504,835.6574821472168,0.17926538
7aa93916-362d-4755-a5dc-63f1a8d45579,234,7.8,right_wrist,0.69091964,0.45204043,-0.00041812856,746.193208694458,867.9176330566406,0.9127375
7aa93916-362d-4755-a5dc-63f1a8d45579,234,7.8,left_hip,0.51935893,0.55694497,0.14612629,560.9076476097107,1069.3343353271484,0.99988765
7aa93916-362d-4755-a5dc-63f1a8d45579,234,7.8,right_hip,0.54690677,0.5657803,-0.14599226,590.6593108177185,1086.2981414794922,0.99997354
7aa93916-362d-4755-a5dc-63f1a8d45579,234,7.8,left_knee,0.61442614,0.5792922,0.40640014,663.5802268981934,1112.240982055664,0.31530643
7aa93916-362d-4755-a5dc-63f1a8d45579,234,7.8,right_knee,0.68024117,0.59500086,-0.21529861,734.6604609489441,1142.4016571044922,0.9886061
7aa93916-362d-4755-a5dc-63f1a8d45579,234,7.8,left_ankle,0.56489295,0.63317066,0.6509522,610.0843834877014,1215.6876754760742,0.6150202
7aa93916-362d-4755-a5dc-63f1a8d45579,234,7.8,right_ankle,0.61977017,0.66656387,-0.20550081,669.3517827987671,1279.8026275634766,0.9902679
7aa93916-362d-4755-a5dc-63f1a8d45579,234,7.8,left_heel,0.54153734,0.6420905,0.6784649,584.8603320121765,1232.8137588500977,0.6089387
7aa93916-362d-4755-a5dc-63f1a8d45579,234,7.8,right_heel,0.5979474,0.67935365,-0.20033216,645.783212184906,1304.359016418457,0.97477365
7aa93916-362d-4755-a5dc-63f1a8d45579,234,7.8,left_foot_index,0.60988456,0.6431309,0.7081197,658.6753249168396,1234.8113250732422,0.7214271
7aa93916-362d-4755-a5dc-63f1a8d45579,234,7.8,right_foot_index,0.6703268,0.67842495,-0.19642697,723.9529752731323,1302.575912475586,0.9866189
7aa93916-362d-4755-a5dc-63f1a8d45579,237,7.9,nose,0.6329386,0.43146122,-0.10220487,683.5737133026123,828.4055328369141,0.99989367
7aa93916-362d-4755-a5dc-63f1a8d45579,237,7.9,left_shoulder,0.5680462,0.45901147,0.14848217,613.4899091720581,881.3020133972168,0.9984283
7aa93916-362d-4755-a5dc-63f1a8d45579,237,7.9,right_shoulder,0.61423254,0.4703671,-0.26870552,663.3711433410645,903.1048393249512,0.9997589
7aa93916-362d-4755-a5dc-63f1a8d45579,237,7.9,left_elbow,0.6181598,0.45442218,0.37935215,667.6125526428223,872.4905776977539,0.08265591
7aa93916-362d-4755-a5dc-63f1a8d45579,237,7.9,right_elbow,0.69138515,0.49485394,-0.2235435,746.6959619522095,950.119571685791,0.95543814
7aa93916-362d-4755-a5dc-63f1a8d45579,237,7.9,left_wrist,0.65146434,0.43447554,0.5226946,703.5814905166626,834.1930389404297,0.16783708
7aa93916-362d-4755-a5dc-63f1a8d45579,237,7.9,right_wrist,0.68362904,0.44460374,-0.004461958,738.3193588256836,853.6391830444336,0.9086095
7aa93916-362d-4755-a5dc-63f1a8d45579,237,7.9,left_hip,0.5174683,0.55484474,0.1463902,558.8657355308533,1065.3018951416016,0.9998898
7aa93916-362d-4755-a5dc-63f1a8d45579,237,7.9,right_hip,0.54394966,0.5629553,-0.14624947,587.4656367301941,1080.8742141723633,0.9999751
7aa93916-362d-4755-a5dc-63f1a8d45579,237,7.9,left_knee,0.6073407,0.57645875,0.40689006,655.9279489517212,1106.8008041381836,0.31763032
7aa93916-362d-4755-a5dc-63f1a8d45579,237,7.9,right_knee,0.67638123,0.59533566,-0.21325599,730.4917287826538,1143.0444717407227,0.9894932
7aa93916-362d-4755-a5dc-63f1a8d45579,237,7.9,left_ankle,0.5611955,0.63312566,0.64140666,606.0911321640015,1215.6012725830078,0.6186486
7aa93916-362d-4755-a5dc-63f1a8d45579,237,7.9,right_ankle,0.6166175,0.6666783,-0.20631917,665.946900844574,1280.0223541259766,0.9910503
7aa93916-362d-4755-a5dc-63f1a8d45579,237,7.9,left_heel,0.53636867,0.6419898,0.66689837,579.2781615257263,1232.6204681396484,0.6092847
7aa93916-362d-4755-a5dc-63f1a8d45579,237,7.9,right_heel,0.5936511,0.6798735,-0.20136598,641.143205165863,1305.3571701049805,0.9766988
7aa93916-362d-4755-a5dc-63f1a8d45579,237,7.9,left_foot_index,0.6035924,0.64415187,0.7046373,651.8797874450684,1236.771583557129,0.72013414
7aa93916-362d-4755-a5dc-63f1a8d45579,237,7.9,right_foot_index,0.6647333,0.6789201,-0.1943552,717.9119539260864,1303.5265731811523,0.9875398
7aa93916-362d-4755-a5dc-63f1a8d45579,240,8.0,nose,0.6283968,0.42780906,-0.10492153,678.6685538291931,821.3933944702148,0.99989873
7aa93916-362d-4755-a5dc-63f1a8d45579,240,8.0,left_shoulder,0.5610361,0.45453933,0.14761257,605.9189987182617,872.7155113220215,0.99844444
7aa93916-362d-4755-a5dc-63f1a8d45579,240,8.0,right_shoulder,0.60988265,0.4654563,-0.27180657,658.6732649803162,893.6761093139648,0.9997593
7aa93916-362d-4755-a5dc-63f1a8d45579,240,8.0,left_elbow,0.6047656,0.44924334,0.3674923,653.1468415260315,862.5472068786621,0.0899944
7aa93916-362d-4755-a5dc-63f1a8d45579,240,8.0,right_elbow,0.6904382,0.48763195,-0.22570853,745.6732678413391,936.2533378601074,0.95595837
7aa93916-362d-4755-a5dc-63f1a8d45579,240,8.0,left_wrist,0.6274319,0.43133023,0.5206502,677.6264834403992,828.1540489196777,0.15711898
7aa93916-362d-4755-a5dc-63f1a8d45579,240,8.0,right_wrist,0.67308694,0.43840778,-0.009079401,726.9338965415955,841.7429351806641,0.9047086
7aa93916-362d-4755-a5dc-63f1a8d45579,240,8.0,left_hip,0.5158836,0.5519741,0.14556533,557.1543145179749,1059.7903060913086,0.99988943
7aa93916-362d-4755-a5dc-63f1a8d45579,240,8.0,right_hip,0.5416433,0.5591906,-0.14545844,584.97478723526,1073.645896911621,0.9999759
7aa93916-362d-4755-a5dc-63f1a8d45579,240,8.0,left_knee,0.5993505,0.5737477,0.3940036,647.2985529899597,1101.595573425293,0.3242466
7aa93916-362d-4755-a5dc-63f1a8d45579,240,8.0,right_knee,0.6699206,0.59569925,-0.19584683,723.5142731666565,1143.742561340332,0.9902887
7aa93916-362d-4755-a5dc-63f1a8d45579,240,8.0,left_ankle,0.5563069,0.6329838,0.614342,600.8114504814148,1215.3289031982422,0.6275554
7aa93916-362d-4755-a5dc-63f1a8d45579,240,8.0,right_ankle,0.6118821,0.6672469,-0.17285025,660.8326578140259,1281.1140060424805,0.9917595
7aa93916-362d-4755-a5dc-63f1a8d45579,240,8.0,left_heel,0.53066313,0.6419783,0.6376836,573.1161832809448,1232.5983810424805,0.613924
7aa93916-362d-4755-a5dc-63f1a8d45579,240,8.0,right_heel,0.58748126,0.6817242,-0.167019,634.4797611236572,1308.9104461669922,0.9783808
7aa93916-362d-4755-a5dc-63f1a8d45579,240,8.0,left_foot_index,0.5969781,0.64427304,0.6799838,644.7363781929016,1237.0042419433594,0.7243732
7aa93916-362d-4755-a5dc-63f1a8d45579,240,8.0,right_foot_index,0.6587977,0.6797973,-0.16257639,711.5014958381653,1305.2108001708984,0.9883828
7aa93916-362d-4755-a5dc-63f1a8d45579,243,8.1,nose,0.62393445,0.42361358,-0.09778546,673.8492035865784,813.3380699157715,0.99990326
7aa93916-362d-4755-a5dc-63f1a8d45579,243,8.1,left_shoulder,0.5548794,0.45165637,0.14956987,599.2697811126709,867.180233001709,0.9984715
7aa93916-362d-4755-a5dc-63f1a8d45579,243,8.1,right_shoulder,0.60667485,0.459829,-0.26744875,655.2088379859924,882.8716850280762,0.9997638
7aa93916-362d-4755-a5dc-63f1a8d45579,243,8.1,left_elbow,0.5897439,0.4459012,0.38285282,636.9234251976013,856.1302757263184,0.10070691
7aa93916-362d-4755-a5dc-63f1a8d45579,243,8.1,right_elbow,0.6866164,0.47966066,-0.22221602,741.5457344055176,920.9484672546387,0.9568093
7aa93916-362d-4755-a5dc-63f1a8d45579,243,8.1,left_wrist,0.60622066,0.42992955,0.56113917,654.7183156013489,825.4647445678711,0.14702505
7aa93916-362d-4755-a5dc-63f1a8d45579,243,8.1,right_wrist,0.66467994,0.43247432,-0.005114741,717.8543400764465,830.3506851196289,0.90078354
7aa93916-362d-4755-a5dc-63f1a8d45579,243,8.1,left_hip,0.5138464,0.5493372,0.14587742,554.9541091918945,1054.727439880371,0.99989176
7aa93916-362d-4755-a5dc-63f1a8d45579,243,8.1,right_hip,0.53854305,0.5554681,-0.14579928,581.6264891624451,1066.4987182617188,0.99997693
7aa93916-362d-4755-a5dc-63f1a8d45579,243,8.1,left_knee,0.5960666,0.57225484,0.38569403,643.7519216537476,1098.7292861938477,0.3366793
7aa93916-362d-4755-a5dc-63f1a8d45579,243,8.1,right_knee,0.66301227,0.59558004,-0.20264277,716.0532474517822,1143.5136795043945,0.99109685
7aa93916-362d-4755-a5dc-63f1a8d45579,243,8.1,left_ankle,0.5505712,0.63400745,0.5945721,594.6168994903564,1217.2943115234375,0.64526033
7aa93916-362d-4755-a5dc-63f1a8d45579,243,8.1,right_ankle,0.60541993,0.6672483,-0.19522236,653.8535284996033,1281.1167526245117,0.9924724
7aa93916-362d-4755-a5dc-63f1a8d45579,243,8.1,left_heel,0.5259145,0.6432277,0.6165373,567.9876494407654,1234.9971771240234,0.62801576
7aa93916-362d-4755-a5dc-63f1a8d45579,243,8.1,right_heel,0.581852,0.68178016,-0.19172683,628.4001803398132,1309.0179061889648,0.98011017
7aa93916-362d-4755-a5dc-63f1a8d45579,243,8.1,left_foot_index,0.5906492,0.6445268,0.6554682,637.9011225700378,1237.4914169311523,0.73655665
7aa93916-362d-4755-a5dc-63f1a8d45579,243,8.1,right_foot_index,0.65280616,0.68033683,-0.19318934,705.0306558609009,1306.2467193603516,0.98929
7aa93916-362d-4755-a5dc-63f1a8d45579,246,8.2,nose,0.6182074,0.41856813,-0.12544231,667.6639866828918,803.6508178710938,0.9999052
7aa93916-362d-4755-a5dc-63f1a8d45579,246,8.2,left_shoulder,0.5510982,0.4462939,0.12880138,595.1860857009888,856.8842697143555,0.9984684
7aa93916-362d-4755-a5dc-63f1a8d45579,246,8.2,right_shoulder,0.6021188,0.45579767,-0.29232976,650.2882933616638,875.1315307617188,0.99975806
7aa93916-362d-4755-a5dc-63f1a8d45579,246,8.2,left_elbow,0.5913411,0.43519282,0.36993966,638.6483645439148,835.5702209472656,0.1094235
7aa93916-362d-4755-a5dc-63f1a8d45579,246,8.2,right_elbow,0.6823382,0.47091055,-0.24924327,736.9252324104309,904.1482543945312,0.9565432
7aa93916-362d-4755-a5dc-63f1a8d45579,246,8.2,left_wrist,0.6088728,0.42019174,0.54569685,657.5825929641724,806.7681312561035,0.13857836
7aa93916-362d-4755-a5dc-63f1a8d45579,246,8.2,right_wrist,0.6559485,0.42628145,-0.03470258,708.4244012832642,818.4603881835938,0.89514446
7aa93916-362d-4755-a5dc-63f1a8d45579,246,8.2,left_hip,0.5126338,0.54555273,0.1478627,553.6445045471191,1047.4612426757812,0.99989235
7aa93916-362d-4755-a5dc-63f1a8d45579,246,8.2,right_hip,0.5366692,0.5517767,-0.14782484,579.6027302742004,1059.411277770996,0.9999772
7aa93916-362d-4755-a5dc-63f1a8d45579,246,8.2,left_knee,0.59289074,0.5722104,0.38268855,640.3219985961914,1098.643913269043,0.34976807
7aa93916-362d-4755-a5dc-63f1a8d45579,246,8.2,right_knee,0.65703666,0.5957576,-0.18011333,709.5995950698853,1143.8545989990234,0.9917944
7aa93916-362d-4755-a5dc-63f1a8d45579,246,8.2,left_ankle,0.5462245,0.6342645,0.6010021,589.9224328994751,1217.7878952026367,0.6636404
7aa93916-362d-4755-a5dc-63f1a8d45579,246,8.2,right_ankle,0.59939,0.6672263,-0.15309536,647.3411679267883,1281.0745239257812,0.99310255
7aa93916-362d-4755-a5dc-63f1a8d45579,246,8.2,left_heel,0.5232533,0.64406186,0.6239844,565.1135873794556,1236.598777770996,0.64332306
7aa93916-362d-4755-a5dc-63f1a8d45579,246,8.2,right_heel,0.57869834,0.68175024,-0.15056217,624.994204044342,1308.9604568481445,0.98157704
7aa93916-362d-4755-a5dc-63f1a8d45579,246,8.2,left_foot_index,0.5880159,0.6446455,0.6570691,635.0571870803833,1237.719383239746,0.749416
7aa93916-362d-4755-a5dc-63f1a8d45579,246,8.2,right_foot_index,0.64961517,0.6803135,-0.1744667,701.5843820571899,1306.2019729614258,0.99007475
7aa93916-362d-4755-a5dc-63f1a8d45579,249,8.3,nose,0.61210626,0.41329354,-0.1752236,661.0747647285461,793.5235977172852,0.99990654
7aa93916-362d-4755-a5dc-63f1a8d45579,249,8.3,left_shoulder,0.545881,0.4408491,0.10628238,589.5514512062073,846.4302635192871,0.9984423
7aa93916-362d-4755-a5dc-63f1a8d45579,249,8.3,right_shoulder,0.59589356,0.44903937,-0.32796952,643.565046787262,862.155590057373,0.9997525
7aa93916-362d-4755-a5dc-63f1a8d45579,249,8.3,left_elbow,0.5788803,0.4250927,0.36589348,625.1907348632812,816.177978515625,0.11266693
7aa93916-362d-4755-a5dc-63f1a8d45579,249,8.3,right_elbow,0.6765168,0.46330893,-0.3333414,730.6381130218506,889.5531463623047,0.95755243
7aa93916-362d-4755-a5dc-63f1a8d45579,249,8.3,left_wrist,0.5866978,0.41171095,0.5421498,633.6336421966553,790.4850196838379,0.13239798
7aa93916-362d-4755-a5dc-63f1a8d45579,249,8.3,right_wrist,0.64709014,0.4171471,-0.18900304,698.8573479652405,800.9224319458008,0.8972549
7aa93916-362d-4755-a5dc-63f1a8d45579,249,8.3,left_hip,0.50984454,0.542317,0.15028928,550.6321048736572,1041.2485885620117,0.99988323
7aa93916-362d-4755-a5dc-63f1a8d45579,249,8.3,right_hip,0.5365472,0.547587,-0.15032715,579.4709587097168,1051.3669967651367,0.99997467
7aa93916-362d-4755-a5dc-63f1a8d45579,249,8.3,left_knee,0.58771265,0.57260376,0.3811594,634.7296571731567,1099.3992233276367,0.36359546
7aa93916-362d-4755-a5dc-63f1a8d45579,249,8.3,right_knee,0.65178096,0.59583753,-0.13712415,703.9234399795532,1144.0080642700195,0.9923449
7aa93916-362d-4755-a5dc-63f1a8d45579,249,8.3,left_ankle,0.5406587,0.6342217,0.6095661,583.9114093780518,1217.7056121826172,0.6787633
7aa93916-362d-4755-a5dc-63f1a8d45579,249,8.3,right_ankle,0.5925376,0.66737086,-0.06198561,639.9405884742737,1281.3520431518555,0.99360275
7aa93916-362d-4755-a5dc-63f1a8d45579,249,8.3,left_heel,0.520809,0.64436716,0.6329565,562.473714351654,1237.184944152832,0.6570762
7aa93916-362d-4755-a5dc-63f1a8d45579,249,8.3,right_heel,0.5705406,0.68173903,-0.05309865,616.1838555335999,1308.9389419555664,0.9827006
7aa93916-362d-4755-a5dc-63f1a8d45579,249,8.3,left_foot_index,0.58184487,0.64472777,0.6643049,628.3924555778503,1237.877311706543,0.7605067
7aa93916-362d-4755-a5dc-63f1a8d45579,249,8.3,right_foot_index,0.6439375,0.68021363,-0.06480583,695.4525303840637,1306.0101699829102,0.9906632
7aa93916-362d-4755-a5dc-63f1a8d45579,252,8.4,nose,0.60565037,0.40680474,-0.16397585,654.1023945808411,781.0651016235352,0.99990284
7aa93916-362d-4755-a5dc-63f1a8d45579,252,8.4,left_shoulder,0.54068416,0.4362199,0.10847358,583.9388966560364,837.5422096252441,0.99843246
7aa93916-362d-4755-a5dc-63f1a8d45579,252,8.4,right_shoulder,0.589101,0.4430523,-0.31830236,636.2290978431702,850.660400390625,0.9997441
7aa93916-362d-4755-a5dc-63f1a8d45579,252,8.4,left_elbow,0.57729816,0.4221829,0.36137277,623.4820175170898,810.5911445617676,0.115700625
7aa93916-362d-4755-a5dc-63f1a8d45579,252,8.4,right_elbow,0.66886264,0.45463413,-0.32538614,722.3716521263123,872.8975296020508,0.9577057
7aa93916-362d-4755-a5dc-63f1a8d45579,252,8.4,left_wrist,0.5833931,0.41035593,0.53717697,630.0645446777344,787.8833770751953,0.12717363
7aa93916-362d-4755-a5dc-63f1a8d45579,252,8.4,right_wrist,0.6424682,0.41230783,-0.18857455,693.8656711578369,791.631031036377,0.8984293
7aa93916-362d-4755-a5dc-63f1a8d45579,252,8.4,left_hip,0.50900036,0.53916675,0.150472,549.7203898429871,1035.2001571655273,0.9998702
7aa93916-362d-4755-a5dc-63f1a8d45579,252,8.4,right_hip,0.53733516,0.5435386,-0.15053378,580.3219699859619,1043.5940551757812,0.9999686
7aa93916-362d-4755-a5dc-63f1a8d45579,252,8.4,left_knee,0.57936406,0.5731204,0.37094072,625.7131862640381,1100.3911972045898,0.375073
7aa93916-362d-4755-a5dc-63f1a8d45579,252,8.4,right_knee,0.6461669,0.5953028,-0.12152428,697.8602743148804,1142.9814147949219,0.9928783
7aa93916-362d-4755-a5dc-63f1a8d45579,252,8.4,left_ankle,0.53454775,0.63417387,0.58932215,577.3115658760071,1217.6138305664062,0.6927798
7aa93916-362d-4755-a5dc-63f1a8d45579,252,8.4,right_ankle,0.5872344,0.66718066,-0.044398267,634.2131280899048,1280.9868621826172,0.99402124
7aa93916-362d-4755-a5dc-63f1a8d45579,252,8.4,left_heel,0.51611125,0.64480126,0.6113679,557.4001550674438,1238.0184173583984,0.6716796
7aa93916-362d-4755-a5dc-63f1a8d45579,252,8.4,right_heel,0.56368124,0.6814058,-0.03525224,608.7757444381714,1308.2991027832031,0.98366857
7aa93916-362d-4755-a5dc-63f1a8d45579,252,8.4,left_foot_index,0.57955784,0.64477134,0.6389551,625.9224629402161,1237.9609680175781,0.7688656
7aa93916-362d-4755-a5dc-63f1a8d45579,252,8.4,right_foot_index,0.63581556,0.6802393,-0.040938772,686.680805683136,1306.0594940185547,0.9910357
7aa93916-362d-4755-a5dc-63f1a8d45579,255,8.5,nose,0.60005623,0.40024513,-0.16433115,648.0607295036316,768.4706497192383,0.99989796
7aa93916-362d-4755-a5dc-63f1a8d45579,255,8.5,left_shoulder,0.53691703,0.4299163,0.110856175,579.8703932762146,825.439281463623,0.9984225
7aa93916-362d-4755-a5dc-63f1a8d45579,255,8.5,right_shoulder,0.58185834,0.4364278,-0.3178412,628.4070038795471,837.9413795471191,0.99973583
7aa93916-362d-4755-a5dc-63f1a8d45579,255,8.5,left_elbow,0.56978756,0.42185804,0.3608652,615.3705668449402,809.9674415588379,0.11153278
7aa93916-362d-4755-a5dc-63f1a8d45579,255,8.5,right_elbow,0.66314095,0.4472112,-0.37422603,716.1922287940979,858.6455154418945,0.9562923
7aa93916-362d-4755-a5dc-63f1a8d45579,255,8.5,left_wrist,0.56968486,0.41416878,0.54073334,615.2596521377563,795.2040481567383,0.1203831
7aa93916-362d-4755-a5dc-63f1a8d45579,255,8.5,right_wrist,0.6368132,0.4060933,-0.29568672,687.7582812309265,779.6991348266602,0.89973825
7aa93916-362d-4755-a5dc-63f1a8d45579,255,8.5,left_hip,0.508617,0.53449434,0.1506537,549.3063426017761,1026.229133605957,0.9998534
7aa93916-362d-4755-a5dc-63f1a8d45579,255,8.5,right_hip,0.5374936,0.5384955,-0.15074609,580.4930734634399,1033.9113235473633,0.9999596
7aa93916-362d-4755-a5dc-63f1a8d45579,255,8.5,left_knee,0.5720901,0.573574,0.36024684,617.8572964668274,1101.262092590332,0.39640608
7aa93916-362d-4755-a5dc-63f1a8d45579,255,8.5,right_knee,0.63893485,0.5940906,-0.105062194,690.049638748169,1140.6539154052734,0.99339604
7aa93916-362d-4755-a5dc-63f1a8d45579,255,8.5,left_ankle,0.5304331,0.6341584,0.57164145,572.8677678108215,1217.5840759277344,0.7088133
7aa93916-362d-4755-a5dc-63f1a8d45579,255,8.5,right_ankle,0.5827071,0.6671011,-0.01591786,629.3236756324768,1280.834083557129,0.9944087
7aa93916-362d-4755-a5dc-63f1a8d45579,255,8.5,left_heel,0.51046807,0.6446453,0.5924821,551.3055109977722,1237.7189254760742,0.68921894
7aa93916-362d-4755-a5dc-63f1a8d45579,255,8.5,right_heel,0.5583474,0.68008196,-0.0062432303,603.0151963233948,1305.7573699951172,0.9845774
7aa93916-362d-4755-a5dc-63f1a8d45579,255,8.5,left_foot_index,0.5764043,0.64495945,0.6104829,622.5166153907776,1238.3221435546875,0.77710545
7aa93916-362d-4755-a5dc-63f1a8d45579,255,8.5,right_foot_index,0.6311977,0.6802785,-0.0194626,681.6935062408447,1306.1346817016602,0.99127036
7aa93916-362d-4755-a5dc-63f1a8d45579,258,8.6,nose,0.59240603,0.39222124,-0.142705,639.7985172271729,753.0647850036621,0.9998988
7aa93916-362d-4755-a5dc-63f1a8d45579,258,8.6,left_shoulder,0.52722543,0.42496613,0.13490032,569.4034695625305,815.9349632263184,0.9983984
7aa93916-362d-4755-a5dc-63f1a8d45579,258,8.6,right_shoulder,0.5794895,0.42890397,-0.30073,625.8486914634705,823.4956169128418,0.9997403
7aa93916-362d-4755-a5dc-63f1a8d45579,258,8.6,left_elbow,0.5479746,0.42956,0.4079406,591.8125534057617,824.7552108764648,0.10741374
7aa93916-362d-4755-a5dc-63f1a8d45579,258,8.6,right_elbow,0.6616334,0.439285,-0.39254218,714.5640420913696,843.4272193908691,0.9527685
7aa93916-362d-4755-a5dc-63f1a8d45579,258,8.6,left_wrist,0.5480163,0.4211003,0.6310047,591.8576145172119,808.5125541687012,0.116450936
7aa93916-362d-4755-a5dc-63f1a8d45579,258,8.6,right_wrist,0.63342166,0.3969757,-0.3636295,684.0953922271729,762.1933364868164,0.9029145
7aa93916-362d-4755-a5dc-63f1a8d45579,258,8.6,left_hip,0.50767606,0.530341,0.1505916,548.2901501655579,1018.2547760009766,0.9998434
7aa93916-362d-4755-a5dc-63f1a8d45579,258,8.6,right_hip,0.5381624,0.5339645,-0.15071803,581.2154030799866,1025.2118682861328,0.99995536
7aa93916-362d-4755-a5dc-63f1a8d45579,258,8.6,left_knee,0.568065,0.5722797,0.35004106,613.5101866722107,1098.7770080566406,0.4283026
7aa93916-362d-4755-a5dc-63f1a8d45579,258,8.6,right_knee,0.6299027,0.59136933,-0.111497045,680.2949380874634,1135.4291152954102,0.9939194
7aa93916-362d-4755-a5dc-63f1a8d45579,258,8.6,left_ankle,0.5254872,0.63378835,0.550458,567.526159286499,1216.8736267089844,0.7261649
7aa93916-362d-4755-a5dc-63f1a8d45579,258,8.6,right_ankle,0.58147573,0.6669221,-0.047019955,627.9937934875488,1280.4904174804688,0.9948386
7aa93916-362d-4755-a5dc-63f1a8d45579,258,8.6,left_heel,0.50519687,0.64454544,0.56985754,545.6126189231873,1237.5272369384766,0.708047
7aa93916-362d-4755-a5dc-63f1a8d45579,258,8.6,right_heel,0.5556873,0.67976546,-0.04039581,600.1422929763794,1305.1496887207031,0.9856401
7aa93916-362d-4755-a5dc-63f1a8d45579,258,8.6,left_foot_index,0.5689682,0.6449498,0.5876681,614.4856309890747,1238.3036041259766,0.7862212
7aa93916-362d-4755-a5dc-63f1a8d45579,258,8.6,right_foot_index,0.62869406,0.68090755,-0.056889046,678.9895820617676,1307.3424911499023,0.9916722
7aa93916-362d-4755-a5dc-63f1a8d45579,261,8.7,nose,0.5856103,0.38526374,-0.18213424,632.4590921401978,739.7063827514648,0.9998955
7aa93916-362d-4755-a5dc-63f1a8d45579,261,8.7,left_shoulder,0.52292407,0.41898054,0.12887605,564.7579908370972,804.4426345825195,0.99839205
7aa93916-362d-4755-a5dc-63f1a8d45579,261,8.7,right_shoulder,0.57414466,0.42331174,-0.34282506,620.0762343406677,812.7585411071777,0.99973893
7aa93916-362d-4755-a5dc-63f1a8d45579,261,8.7,left_elbow,0.5361202,0.4456557,0.3900924,579.0097904205322,855.6589508056641,0.10031243
7aa93916-362d-4755-a5dc-63f1a8d45579,261,8.7,right_elbow,0.65776044,0.4321822,-0.5042651,710.3812766075134,829.7898101806641,0.9538796
7aa93916-362d-4755-a5dc-63f1a8d45579,261,8.7,left_wrist,0.5268714,0.46633548,0.5844106,569.0210938453674,895.3641128540039,0.109495975
7aa93916-362d-4755-a5dc-63f1a8d45579,261,8.7,right_wrist,0.6281281,0.38757327,-0.54498965,678.3783602714539,744.140682220459,0.9098848
7aa93916-362d-4755-a5dc-63f1a8d45579,261,8.7,left_hip,0.50525373,0.52576935,0.15177551,545.6740307807922,1009.4771575927734,0.99983543
7aa93916-362d-4755-a5dc-63f1a8d45579,261,8.7,right_hip,0.53786564,0.52956545,-0.15199263,580.894889831543,1016.7656707763672,0.9999514
7aa93916-362d-4755-a5dc-63f1a8d45579,261,8.7,left_knee,0.56481767,0.5693923,0.36196545,610.003080368042,1093.2332611083984,0.45364627
7aa93916-362d-4755-a5dc-63f1a8d45579,261,8.7,right_knee,0.624619,0.5877125,-0.07418829,674.5885276794434,1128.4080505371094,0.9943431
7aa93916-362d-4755-a5dc-63f1a8d45579,261,8.7,left_ankle,0.5248955,0.6317748,0.58559704,566.8871283531189,1213.007583618164,0.74241966
7aa93916-362d-4755-a5dc-63f1a8d45579,261,8.7,right_ankle,0.5811981,0.6647685,0.024416057,627.693943977356,1276.3555526733398,0.99522203
7aa93916-362d-4755-a5dc-63f1a8d45579,261,8.7,left_heel,0.50232506,0.64348006,0.6055894,542.5110626220703,1235.4817199707031,0.7235307
7aa93916-362d-4755-a5dc-63f1a8d45579,261,8.7,right_heel,0.55547935,0.6769803,0.031733137,599.9176955223083,1299.8022079467773,0.98649484
7aa93916-362d-4755-a5dc-63f1a8d45579,261,8.7,left_foot_index,0.56460667,0.6449646,0.61822873,609.7751998901367,1238.3319854736328,0.799158
7aa93916-362d-4755-a5dc-63f1a8d45579,261,8.7,right_foot_index,0.62705517,0.680847,-0.017104285,677.2195816040039,1307.226219177246,0.99215597
7aa93916-362d-4755-a5dc-63f1a8d45579,264,8.8,nose,0.5794371,0.37829068,-0.21798341,625.7920432090759,726.3181114196777,0.99989724
7aa93916-362d-4755-a5dc-63f1a8d45579,264,8.8,left_shoulder,0.52005357,0.41315955,0.102147795,561.6578507423401,793.2663345336914,0.99837357
7aa93916-362d-4755-a5dc-63f1a8d45579,264,8.8,right_shoulder,0.5692757,0.41719836,-0.35096958,614.8177313804626,801.0208511352539,0.99974287
7aa93916-362d-4755-a5dc-63f1a8d45579,264,8.8,left_elbow,0.5414135,0.44278103,0.3691382,584.7265648841858,850.1395797729492,0.09361067
7aa93916-362d-4755-a5dc-63f1a8d45579,264,8.8,right_elbow,0.6509964,0.4232717,-0.5133138,703.0760979652405,812.6816368103027,0.95448446
7aa93916-362d-4755-a5dc-63f1a8d45579,264,8.8,left_wrist,0.5288142,0.45809174,0.5622617,571.1193323135376,879.5361328125,0.10202034
7aa93916-362d-4755-a5dc-63f1a8d45579,264,8.8,right_wrist,0.6256851,0.37881377,-0.5545518,675.7399034500122,727.3224449157715,0.9154055
7aa93916-362d-4755-a5dc-63f1a8d45579,264,8.8,left_hip,0.50449324,0.5212376,0.15150529,544.8526954650879,1000.7762145996094,0.9998285
7aa93916-362d-4755-a5dc-63f1a8d45579,264,8.8,right_hip,0.5374559,0.52496475,-0.15178746,580.452389717102,1007.9323196411133,0.99994963
7aa93916-362d-4755-a5dc-63f1a8d45579,264,8.8,left_knee,0.56051725,0.5675274,0.37031725,605.3586316108704,1089.6526336669922,0.4779731
7aa93916-362d-4755-a5dc-63f1a8d45579,264,8.8,right_knee,0.618,0.58462244,-0.06031689,667.439968585968,1122.4750900268555,0.99476963
7aa93916-362d-4755-a5dc-63f1a8d45579,264,8.8,left_ankle,0.5221896,0.63013184,0.6150557,563.964786529541,1209.8531341552734,0.7573671
7aa93916-362d-4755-a5dc-63f1a8d45579,264,8.8,right_ankle,0.57560056,0.6620802,0.032984335,621.6486096382141,1271.1940383911133,0.9956053
7aa93916-362d-4755-a5dc-63f1a8d45579,264,8.8,left_heel,0.49861833,0.6433892,0.63658863,538.5078012943268,1235.3073120117188,0.73862827
7aa93916-362d-4755-a5dc-63f1a8d45579,264,8.8,right_heel,0.5485075,0.6741031,0.039516844,592.3881125450134,1294.2779159545898,0.98742074
7aa93916-362d-4755-a5dc-63f1a8d45579,264,8.8,left_foot_index,0.5629116,0.6438979,0.6261646,607.9445600509644,1236.283950805664,0.80984104
7aa93916-362d-4755-a5dc-63f1a8d45579,264,8.8,right_foot_index,0.6266253,0.6807796,-0.016733823,676.7553234100342,1307.0967864990234,0.9926199
7aa93916-362d-4755-a5dc-63f1a8d45579,267,8.9,nose,0.5738862,0.37198308,-0.19960454,619.797112941742,714.2075157165527,0.99990046
7aa93916-362d-4755-a5dc-63f1a8d45579,267,8.9,left_shoulder,0.52083814,0.41014916,0.10302789,562.5051927566528,787.4863815307617,0.99834156
7aa93916-362d-4755-a5dc-63f1a8d45579,267,8.9,right_shoulder,0.5668466,0.41154617,-0.34288666,612.1943378448486,790.1686477661133,0.99975353
7aa93916-362d-4755-a5dc-63f1a8d45579,267,8.9,left_elbow,0.5542397,0.41324314,0.3689548,598.5788655281067,793.4268379211426,0.08843545
7aa93916-362d-4755-a5dc-63f1a8d45579,267,8.9,right_elbow,0.64813113,0.41518214,-0.48365664,699.9816226959229,797.149715423584,0.9548122
7aa93916-362d-4755-a5dc-63f1a8d45579,267,8.9,left_wrist,0.55141836,0.395536,0.5758079,595.5318331718445,759.4291305541992,0.097963974
7aa93916-362d-4755-a5dc-63f1a8d45579,267,8.9,right_wrist,0.6231895,0.3717045,-0.5121784,673.0446696281433,713.6726188659668,0.91981035
7aa93916-362d-4755-a5dc-63f1a8d45579,267,8.9,left_hip,0.5040861,0.5164676,0.15235618,544.4129633903503,991.6177368164062,0.99982655
7aa93916-362d-4755-a5dc-63f1a8d45579,267,8.9,right_hip,0.5366186,0.5195095,-0.15262693,579.548077583313,997.4582290649414,0.9999497
7aa93916-362d-4755-a5dc-63f1a8d45579,267,8.9,left_knee,0.5578742,0.5658777,0.38950264,602.5041389465332,1086.4851379394531,0.49456707
7aa93916-362d-4755-a5dc-63f1a8d45579,267,8.9,right_knee,0.609113,0.582051,-0.0879367,657.8420162200928,1117.5378799438477,0.9951733
7aa93916-362d-4755-a5dc-63f1a8d45579,267,8.9,left_ankle,0.51805943,0.626256,0.612828,559.5041871070862,1202.4114990234375,0.7698449
7aa93916-362d-4755-a5dc-63f1a8d45579,267,8.9,right_ankle,0.57400894,0.65919226,-0.0058715926,619.9296569824219,1265.6491470336914,0.99597806
7aa93916-362d-4755-a5dc-63f1a8d45579,267,8.9,left_heel,0.49708512,0.6394967,0.6353177,536.8519341945648,1227.8336334228516,0.7531698
7aa93916-362d-4755-a5dc-63f1a8d45579,267,8.9,right_heel,0.5483522,0.670046,0.017782258,592.220356464386,1286.488265991211,0.988407
7aa93916-362d-4755-a5dc-63f1a8d45579,267,8.9,left_foot_index,0.56145155,0.64185417,0.61978483,606.367678642273,1232.3600006103516,0.8181582
7aa93916-362d-4755-a5dc-63f1a8d45579,267,8.9,right_foot_index,0.62100995,0.68072677,-0.094413586,670.6907415390015,1306.9953918457031,0.9931171
7aa93916-362d-4755-a5dc-63f1a8d45579,270,9.0,nose,0.5684713,0.3646493,-0.19250315,613.9490175247192,700.1266479492188,0.9998963
7aa93916-362d-4755-a5dc-63f1a8d45579,270,9.0,left_shoulder,0.51857483,0.40660024,0.10546118,560.0608205795288,780.6724548339844,0.9982817
7aa93916-362d-4755-a5dc-63f1a8d45579,270,9.0,right_shoulder,0.5649871,0.40499204,-0.3519438,610.1860928535461,777.5847244262695,0.9997636
7aa93916-362d-4755-a5dc-63f1a8d45579,270,9.0,left_elbow,0.5559093,0.42439783,0.37506455,600.3820180892944,814.8438262939453,0.08194577
7aa93916-362d-4755-a5dc-63f1a8d45579,270,9.0,right_elbow,0.64758986,0.40837568,-0.5122094,699.3970513343811,784.0813064575195,0.9553887
7aa93916-362d-4755-a5dc-63f1a8d45579,270,9.0,left_wrist,0.5602828,0.42494872,0.5758933,605.1054525375366,815.9015464782715,0.09215589
7aa93916-362d-4755-a5dc-63f1a8d45579,270,9.0,right_wrist,0.621078,0.3635291,-0.57199186,670.7642555236816,697.9758453369141,0.9252305
7aa93916-362d-4755-a5dc-63f1a8d45579,270,9.0,left_hip,0.50273585,0.51121587,0.15360455,542.9547214508057,981.5344619750977,0.9998234
7aa93916-362d-4755-a5dc-63f1a8d45579,270,9.0,right_hip,0.5351867,0.5138772,-0.15388289,578.0016446113586,986.6442489624023,0.9999505
7aa93916-362d-4755-a5dc-63f1a8d45579,270,9.0,left_knee,0.5536912,0.5621154,0.43398067,597.9865050315857,1079.2615127563477,0.49779457
7aa93916-362d-4755-a5dc-63f1a8d45579,270,9.0,right_knee,0.60263854,0.57833886,-0.09481404,650.8496260643005,1110.4106140136719,0.99547
7aa93916-362d-4755-a5dc-63f1a8d45579,270,9.0,left_ankle,0.5154356,0.6227735,0.6546351,556.6704225540161,1195.7251739501953,0.77914953
7aa93916-362d-4755-a5dc-63f1a8d45579,270,9.0,right_ankle,0.56961155,0.65632856,-0.045361225,615.1804733276367,1260.1508331298828,0.996298
7aa93916-362d-4755-a5dc-63f1a8d45579,270,9.0,left_heel,0.49546155,0.6349648,0.6745538,535.098477602005,1219.1324615478516,0.7644011
7aa93916-362d-4755-a5dc-63f1a8d45579,270,9.0,right_heel,0.5470848,0.6666808,-0.043970507,590.8515930175781,1280.0271606445312,0.9892439
7aa93916-362d-4755-a5dc-63f1a8d45579,270,9.0,left_foot_index,0.5596648,0.6400673,0.6535632,604.4379687309265,1228.9291763305664,0.82703406
7aa93916-362d-4755-a5dc-63f1a8d45579,270,9.0,right_foot_index,0.61351836,0.68069774,-0.13715476,662.5998258590698,1306.9396591186523,0.9935737
7aa93916-362d-4755-a5dc-63f1a8d45579,273,9.1,nose,0.5649189,0.35879475,-0.13907328,610.1123857498169,688.8859176635742,0.99987286
7aa93916-362d-4755-a5dc-63f1a8d45579,273,9.1,left_shoulder,0.5125104,0.40088907,0.1448563,553.5112524032593,769.7070121765137,0.9981241
7aa93916-362d-4755-a5dc-63f1a8d45579,273,9.1,right_shoulder,0.56387055,0.39878115,-0.33134377,608.9801931381226,765.6598091125488,0.9997603
7aa93916-362d-4755-a5dc-63f1a8d45579,273,9.1,left_elbow,0.5543196,0.42017937,0.41545302,598.665189743042,806.744384765625,0.076393165
7aa93916-362d-4755-a5dc-63f1a8d45579,273,9.1,right_elbow,0.647804,0.4022314,-0.3117527,699.6283435821533,772.2842788696289,0.9549476
7aa93916-362d-4755-a5dc-63f1a8d45579,273,9.1,left_wrist,0.5596965,0.41778684,0.59932905,604.4722151756287,802.1507263183594,0.089446306
7aa93916-362d-4755-a5dc-63f1a8d45579,273,9.1,right_wrist,0.6217267,0.35677254,-0.11682114,671.4648270606995,685.0032806396484,0.9285519
7aa93916-362d-4755-a5dc-63f1a8d45579,273,9.1,left_hip,0.49999273,0.50490874,0.153578,539.9921464920044,969.4247817993164,0.99982375
7aa93916-362d-4755-a5dc-63f1a8d45579,273,9.1,right_hip,0.53472435,0.5076144,-0.15386304,577.5023031234741,974.6195983886719,0.9999502
7aa93916-362d-4755-a5dc-63f1a8d45579,273,9.1,left_knee,0.54656905,0.55895454,0.43256652,590.2945733070374,1073.1927108764648,0.5001904
7aa93916-362d-4755-a5dc-63f1a8d45579,273,9.1,right_knee,0.59645617,0.57423013,-0.070258014,644.1726636886597,1102.521858215332,0.99560535
7aa93916-362d-4755-a5dc-63f1a8d45579,273,9.1,left_ankle,0.51396585,0.6183209,0.64139557,555.0831127166748,1187.1760940551758,0.7893036
7aa93916-362d-4755-a5dc-63f1a8d45579,273,9.1,right_ankle,0.568889,0.6541871,-0.042402405,614.400143623352,1256.0391998291016,0.9965546
7aa93916-362d-4755-a5dc-63f1a8d45579,273,9.1,left_heel,0.4944809,0.6307177,0.66967803,534.0393805503845,1210.9779739379883,0.7775598
7aa93916-362d-4755-a5dc-63f1a8d45579,273,9.1,right_heel,0.548386,0.6645363,-0.042430133,592.2568559646606,1275.9096908569336,0.98993856
7aa93916-362d-4755-a5dc-63f1a8d45579,273,9.1,left_foot_index,0.5579197,0.6371744,0.6394319,602.5532555580139,1223.374900817871,0.83525693
7aa93916-362d-4755-a5dc-63f1a8d45579,273,9.1,right_foot_index,0.61183757,0.6805846,-0.11710579,660.7845711708069,1306.7224502563477,0.9938929
7aa93916-362d-4755-a5dc-63f1a8d45579,276,9.2,nose,0.5610444,0.35378525,-0.13271978,605.9279465675354,679.2676734924316,0.99983793
7aa93916-362d-4755-a5dc-63f1a8d45579,276,9.2,left_shoulder,0.50695896,0.39341483,0.14202057,547.5156784057617,755.3564643859863,0.99792075
7aa93916-362d-4755-a5dc-63f1a8d45579,276,9.2,right_shoulder,0.5600628,0.39288932,-0.32966068,604.8678517341614,754.3474960327148,0.9997404
7aa93916-362d-4755-a5dc-63f1a8d45579,276,9.2,left_elbow,0.55216366,0.39606014,0.42437682,596.3367533683777,760.4354667663574,0.07203615
7aa93916-362d-4755-a5dc-63f1a8d45579,276,9.2,right_elbow,0.64568454,0.39269376,-0.29532233,697.3393034934998,753.9720153808594,0.9531389
7aa93916-362d-4755-a5dc-63f1a8d45579,276,9.2,left_wrist,0.56367296,0.38074735,0.6119886,608.7667965888977,731.0349082946777,0.09016225
7aa93916-362d-4755-a5dc-63f1a8d45579,276,9.2,right_wrist,0.62230766,0.3478169,-0.080180205,672.0922708511353,667.8084754943848,0.9308412
7aa93916-362d-4755-a5dc-63f1a8d45579,276,9.2,left_hip,0.49751326,0.5003493,0.15373638,537.3143255710602,960.6706237792969,0.9998269
7aa93916-362d-4755-a5dc-63f1a8d45579,276,9.2,right_hip,0.5334702,0.5032212,-0.1540536,576.1478304862976,966.1847305297852,0.99994874
7aa93916-362d-4755-a5dc-63f1a8d45579,276,9.2,left_knee,0.5403881,0.5569019,0.424152,583.6191558837891,1069.251594543457,0.51536
7aa93916-362d-4755-a5dc-63f1a8d45579,276,9.2,right_knee,0.59059876,0.57192224,-0.020475762,637.8466629981995,1098.090705871582,0.9955864
7aa93916-362d-4755-a5dc-63f1a8d45579,276,9.2,left_ankle,0.5122532,0.6149046,0.6221083,553.233482837677,1180.616798400879,0.7972768
7aa93916-362d-4755-a5dc-63f1a8d45579,276,9.2,right_ankle,0.5689292,0.652031,0.040302012,614.443531036377,1251.899528503418,0.996714
7aa93916-362d-4755-a5dc-63f1a8d45579,276,9.2,left_heel,0.49482176,0.6265929,0.6430986,534.4074976444244,1203.0583190917969,0.7897457
7aa93916-362d-4755-a5dc-63f1a8d45579,276,9.2,right_heel,0.55124176,0.66117495,0.04403917,595.3410959243774,1269.455909729004,0.99046344
7aa93916-362d-4755-a5dc-63f1a8d45579,276,9.2,left_foot_index,0.55655146,0.63660145,0.6235387,601.0755729675293,1222.2747802734375,0.8373248
7aa93916-362d-4755-a5dc-63f1a8d45579,276,9.2,right_foot_index,0.6071563,0.6784762,-0.028938347,655.7287788391113,1302.674331665039,0.9938243
7aa93916-362d-4755-a5dc-63f1a8d45579,279,9.3,nose,0.55736315,0.3493429,-0.13743755,601.9522047042847,670.7383918762207,0.9998217
7aa93916-362d-4755-a5dc-63f1a8d45579,279,9.3,left_shoulder,0.50112367,0.38762435,0.13138154,541.2135601043701,744.2387580871582,0.9977834
7aa93916-362d-4755-a5dc-63f1a8d45579,279,9.3,right_shoulder,0.5579467,0.388056,-0.33054414,602.5824165344238,745.0675392150879,0.99972343
7aa93916-362d-4755-a5dc-63f1a8d45579,279,9.3,left_elbow,0.5420239,0.3785281,0.42477342,585.3858089447021,726.7739295959473,0.06954171
7aa93916-362d-4755-a5dc-63f1a8d45579,279,9.3,right_elbow,0.64365405,0.3847911,-0.3157942,695.1463723182678,738.7989234924316,0.953173
7aa93916-362d-4755-a5dc-63f1a8d45579,279,9.3,left_wrist,0.5623971,0.35847294,0.63773316,607.3888921737671,688.2680511474609,0.0955878
7aa93916-362d-4755-a5dc-63f1a8d45579,279,9.3,right_wrist,0.6219001,0.33964455,-0.14757104,671.6520881652832,652.1175384521484,0.93465567
7aa93916-362d-4755-a5dc-63f1a8d45579,279,9.3,left_hip,0.49554074,0.49671644,0.15370902,535.1839971542358,953.6955642700195,0.99983305
7aa93916-362d-4755-a5dc-63f1a8d45579,279,9.3,right_hip,0.5325302,0.5001916,-0.15401445,575.1326036453247,960.3679275512695,0.99994844
7aa93916-362d-4755-a5dc-63f1a8d45579,279,9.3,left_knee,0.53314173,0.5548081,0.43172246,575.7930707931519,1065.2315139770508,0.5380202
7aa93916-362d-4755-a5dc-63f1a8d45579,279,9.3,right_knee,0.5838146,0.57041013,0.023236776,630.5197906494141,1095.1874542236328,0.99565834
7aa93916-362d-4755-a5dc-63f1a8d45579,279,9.3,left_ankle,0.50933766,0.6121936,0.62796956,550.0846767425537,1175.4116821289062,0.80594707
7aa93916-362d-4755-a5dc-63f1a8d45579,279,9.3,right_ankle,0.56865263,0.6497249,0.10391757,614.1448402404785,1247.471809387207,0.9969087
7aa93916-362d-4755-a5dc-63f1a8d45579,279,9.3,left_heel,0.4920227,0.62411624,0.6488625,531.3845086097717,1198.3031845092773,0.802689
7aa93916-362d-4755-a5dc-63f1a8d45579,279,9.3,right_heel,0.5526366,0.659243,0.11041296,596.8475532531738,1265.7465362548828,0.9910771
7aa93916-362d-4755-a5dc-63f1a8d45579,279,9.3,left_foot_index,0.55547804,0.6361643,0.6311198,599.9162793159485,1221.4354705810547,0.83732915
7aa93916-362d-4755-a5dc-63f1a8d45579,279,9.3,right_foot_index,0.6076719,0.6759964,0.03850399,656.2856698036194,1297.9131317138672,0.99379426
7aa93916-362d-4755-a5dc-63f1a8d45579,282,9.4,nose,0.5560503,0.34538487,-0.09718281,600.5343246459961,663.1389427185059,0.9998197
7aa93916-362d-4755-a5dc-63f1a8d45579,282,9.4,left_shoulder,0.49594828,0.38475555,0.15316324,535.6241476535797,738.7306594848633,0.99769104
7aa93916-362d-4755-a5dc-63f1a8d45579,282,9.4,right_shoulder,0.5572944,0.38305965,-0.3004095,601.8779826164246,735.4745292663574,0.99972546
7aa93916-362d-4755-a5dc-63f1a8d45579,282,9.4,left_elbow,0.5454782,0.3854783,0.45168513,589.1164827346802,740.1183128356934,0.06719582
7aa93916-362d-4755-a5dc-63f1a8d45579,282,9.4,right_elbow,0.6458084,0.37895384,-0.26138783,697.4730706214905,727.591381072998,0.9541978
7aa93916-362d-4755-a5dc-63f1a8d45579,282,9.4,left_wrist,0.56346065,0.36431745,0.6526594,608.5374999046326,699.4894981384277,0.09865347
7aa93916-362d-4755-a5dc-63f1a8d45579,282,9.4,right_wrist,0.6202395,0.33321664,-0.04869566,669.8586559295654,639.7759437561035,0.93901855
7aa93916-362d-4755-a5dc-63f1a8d45579,282,9.4,left_hip,0.49201846,0.49238774,0.15109693,531.3799381256104,945.384464263916,0.9998385
7aa93916-362d-4755-a5dc-63f1a8d45579,282,9.4,right_hip,0.5327533,0.49547222,-0.15149908,575.3735518455505,951.3066673278809,0.9999487
7aa93916-362d-4755-a5dc-63f1a8d45579,282,9.4,left_knee,0.52604717,0.5531539,0.4245857,568.130943775177,1062.055435180664,0.5539612
7aa93916-362d-4755-a5dc-63f1a8d45579,282,9.4,right_knee,0.57642937,0.567649,0.025753377,622.5437164306641,1089.8860931396484,0.9956118
7aa93916-362d-4755-a5dc-63f1a8d45579,282,9.4,left_ankle,0.50687975,0.6113533,0.5825432,547.4301266670227,1173.7982940673828,0.81230676
7aa93916-362d-4755-a5dc-63f1a8d45579,282,9.4,right_ankle,0.566887,0.64777243,0.07657839,612.237982749939,1243.7230682373047,0.9970482
7aa93916-362d-4755-a5dc-63f1a8d45579,282,9.4,left_heel,0.4898649,0.6238069,0.59962237,529.0540766716003,1197.7092361450195,0.8140796
7aa93916-362d-4755-a5dc-63f1a8d45579,282,9.4,right_heel,0.55094177,0.65705144,0.08046951,595.0171065330505,1261.5387725830078,0.99156344
7aa93916-362d-4755-a5dc-63f1a8d45579,282,9.4,left_foot_index,0.5543195,0.6351121,0.59300673,598.6650609970093,1219.4152450561523,0.8364561
7aa93916-362d-4755-a5dc-63f1a8d45579,282,9.4,right_foot_index,0.6079789,0.6738235,0.012666605,656.6171908378601,1293.7410736083984,0.9935645
7aa93916-362d-4755-a5dc-63f1a8d45579,285,9.5,nose,0.5514317,0.33960506,-0.09424098,595.5462527275085,652.0417213439941,0.99982125
7aa93916-362d-4755-a5dc-63f1a8d45579,285,9.5,left_shoulder,0.49475667,0.38136148,0.15780586,534.3372023105621,732.2140502929688,0.9975876
7aa93916-362d-4755-a5dc-63f1a8d45579,285,9.5,right_shoulder,0.55660486,0.37815747,-0.29010832,601.1332511901855,726.0623359680176,0.99972576
7aa93916-362d-4755-a5dc-63f1a8d45579,285,9.5,left_elbow,0.54836947,0.3736211,0.4533794,592.2390246391296,717.3525238037109,0.06705643
7aa93916-362d-4755-a5dc-63f1a8d45579,285,9.5,right_elbow,0.6465702,0.3715179,-0.2550778,698.2958221435547,713.3143615722656,0.9554932
7aa93916-362d-4755-a5dc-63f1a8d45579,285,9.5,left_wrist,0.5691553,0.34754404,0.6521242,614.6876978874207,667.2845649719238,0.10903463
7aa93916-362d-4755-a5dc-63f1a8d45579,285,9.5,right_wrist,0.62086594,0.3253563,-0.059845757,670.5352163314819,624.6841049194336,0.94310355
7aa93916-362d-4755-a5dc-63f1a8d45579,285,9.5,left_hip,0.4892105,0.48711726,0.14998609,528.3473253250122,935.2651405334473,0.99984485
7aa93916-362d-4755-a5dc-63f1a8d45579,285,9.5,right_hip,0.531487,0.49028614,-0.15038331,574.0059471130371,941.3493919372559,0.9999488
7aa93916-362d-4755-a5dc-63f1a8d45579,285,9.5,left_knee,0.5209169,0.5498187,0.4072357,562.590229511261,1055.6518936157227,0.5695362
7aa93916-362d-4755-a5dc-63f1a8d45579,285,9.5,right_knee,0.5676141,0.56416214,0.033770036,613.0232048034668,1083.1912994384766,0.99562514
7aa93916-362d-4755-a5dc-63f1a8d45579,285,9.5,left_ankle,0.5075597,0.6084349,0.57603896,548.1644940376282,1168.1950378417969,0.8160214
7aa93916-362d-4755-a5dc-63f1a8d45579,285,9.5,right_ankle,0.5641245,0.6433577,0.12432455,609.2544865608215,1235.2467727661133,0.9971669
7aa93916-362d-4755-a5dc-63f1a8d45579,285,9.5,left_heel,0.49087906,0.6210177,0.5951988,530.1493835449219,1192.3539733886719,0.8230289
7aa93916-362d-4755-a5dc-63f1a8d45579,285,9.5,right_heel,0.5489885,0.6523357,0.13215539,592.9076027870178,1252.4845504760742,0.9920044
7aa93916-362d-4755-a5dc-63f1a8d45579,285,9.5,left_foot_index,0.5538265,0.6318604,0.58690804,598.132631778717,1213.1719207763672,0.8341034
7aa93916-362d-4755-a5dc-63f1a8d45579,285,9.5,right_foot_index,0.6080029,0.6648417,0.06082069,656.6431331634521,1276.4960861206055,0.9933559
7aa93916-362d-4755-a5dc-63f1a8d45579,288,9.6,nose,0.54771876,0.3369271,-0.066343136,591.5362644195557,646.9000053405762,0.99982536
7aa93916-362d-4755-a5dc-63f1a8d45579,288,9.6,left_shoulder,0.49147522,0.37592477,0.15484938,530.7932424545288,721.7755508422852,0.99765736
7aa93916-362d-4755-a5dc-63f1a8d45579,288,9.6,right_shoulder,0.55433005,0.37505382,-0.27851397,598.6764550209045,720.1033401489258,0.9997333
7aa93916-362d-4755-a5dc-63f1a8d45579,288,9.6,left_elbow,0.5536695,0.3455886,0.3984693,597.9630732536316,663.530101776123,0.085914314
7aa93916-362d-4755-a5dc-63f1a8d45579,288,9.6,right_elbow,0.6428061,0.36376733,-0.2537448,694.2306017875671,698.4332656860352,0.9571831
7aa93916-362d-4755-a5dc-63f1a8d45579,288,9.6,left_wrist,0.5889344,0.30859527,0.5168588,636.0491752624512,592.5029182434082,0.1637274
7aa93916-362d-4755-a5dc-63f1a8d45579,288,9.6,right_wrist,0.6225982,0.3189809,-0.07612826,672.4060249328613,612.4433326721191,0.947471
7aa93916-362d-4755-a5dc-63f1a8d45579,288,9.6,left_hip,0.48631445,0.4823537,0.14877787,525.219601392746,926.1190795898438,0.99985534
7aa93916-362d-4755-a5dc-63f1a8d45579,288,9.6,right_hip,0.53072417,0.48540154,-0.14921911,573.1821012496948,931.9709587097168,0.999951
7aa93916-362d-4755-a5dc-63f1a8d45579,288,9.6,left_knee,0.5188892,0.54553884,0.39827922,560.4003238677979,1047.4345779418945,0.5895835
7aa93916-362d-4755-a5dc-63f1a8d45579,288,9.6,right_knee,0.5637392,0.55882543,-9.287908e-05,608.8383150100708,1072.9448318481445,0.99556917
7aa93916-362d-4755-a5dc-63f1a8d45579,288,9.6,left_ankle,0.5059838,0.6062535,0.57984906,546.4625358581543,1164.0067291259766,0.821715
7aa93916-362d-4755-a5dc-63f1a8d45579,288,9.6,right_ankle,0.5612212,0.63825876,0.071086094,606.1188769340515,1225.4568099975586,0.9971622
7aa93916-362d-4755-a5dc-63f1a8d45579,288,9.6,left_heel,0.48998833,0.6183981,0.59939265,529.1873931884766,1187.3242950439453,0.8324661
7aa93916-362d-4755-a5dc-63f1a8d45579,288,9.6,right_heel,0.54692656,0.6479631,0.0768299,590.6806826591492,1244.0891647338867,0.99223197
7aa93916-362d-4755-a5dc-63f1a8d45579,288,9.6,left_foot_index,0.5534383,0.62897307,0.5926592,597.7133703231812,1207.628288269043,0.8323783
7aa93916-362d-4755-a5dc-63f1a8d45579,288,9.6,right_foot_index,0.6083088,0.6624216,0.011485302,656.9734954833984,1271.8494415283203,0.9928225
7aa93916-362d-4755-a5dc-63f1a8d45579,291,9.7,nose,0.54763883,0.33458814,-0.06516376,591.4499402046204,642.4092292785645,0.9998037
7aa93916-362d-4755-a5dc-63f1a8d45579,291,9.7,left_shoulder,0.48949614,0.3714646,0.14257436,528.6558330059052,713.2120513916016,0.9977347
7aa93916-362d-4755-a5dc-63f1a8d45579,291,9.7,right_shoulder,0.5509225,0.37197202,-0.28928328,594.9963140487671,714.1862869262695,0.9997405
7aa93916-362d-4755-a5dc-63f1a8d45579,291,9.7,left_elbow,0.55355954,0.33657053,0.30608782,597.8443050384521,646.2154197692871,0.11505731
7aa93916-362d-4755-a5dc-63f1a8d45579,291,9.7,right_elbow,0.63779676,0.35635588,-0.300421,688.8205003738403,684.2032814025879,0.95944923
7aa93916-362d-4755-a5dc-63f1a8d45579,291,9.7,left_wrist,0.59380203,0.29291534,0.31658712,641.30619764328,562.3974609375,0.2260515
7aa93916-362d-4755-a5dc-63f1a8d45579,291,9.7,right_wrist,0.62403524,0.31116897,-0.23871087,673.9580583572388,597.4444198608398,0.95187646
7aa93916-362d-4755-a5dc-63f1a8d45579,291,9.7,left_hip,0.48345336,0.47789395,0.1514443,522.1296322345734,917.5563812255859,0.9998635
7aa93916-362d-4755-a5dc-63f1a8d45579,291,9.7,right_hip,0.528732,0.48162487,-0.15197559,571.0305619239807,924.7197532653809,0.9999525
7aa93916-362d-4755-a5dc-63f1a8d45579,291,9.7,left_knee,0.5156565,0.5424325,0.41469014,556.9089889526367,1041.4703750610352,0.61529607
7aa93916-362d-4755-a5dc-63f1a8d45579,291,9.7,right_knee,0.5599287,0.555627,-0.014739976,604.7230124473572,1066.8038177490234,0.9957688
7aa93916-362d-4755-a5dc-63f1a8d45579,291,9.7,left_ankle,0.50477403,0.603799,0.61549723,545.1559567451477,1159.2940521240234,0.8310828
7aa93916-362d-4755-a5dc-63f1a8d45579,291,9.7,right_ankle,0.5596423,0.6360217,0.033172674,604.4137001037598,1221.1616134643555,0.99723136
7aa93916-362d-4755-a5dc-63f1a8d45579,291,9.7,left_heel,0.48953933,0.6160438,0.6356722,528.7024712562561,1182.8041076660156,0.84427387
7aa93916-362d-4755-a5dc-63f1a8d45579,291,9.7,right_heel,0.5453135,0.6466469,0.03567708,588.9385557174683,1241.5620803833008,0.99260026
7aa93916-362d-4755-a5dc-63f1a8d45579,291,9.7,left_foot_index,0.5521308,0.6264999,0.6196016,596.3012838363647,1202.8797912597656,0.8330801
7aa93916-362d-4755-a5dc-63f1a8d45579,291,9.7,right_foot_index,0.60798377,0.659899,-0.05490533,656.6224694252014,1267.0060729980469,0.9923715
7aa93916-362d-4755-a5dc-63f1a8d45579,294,9.8,nose,0.5440482,0.33162662,-0.1198463,587.5720453262329,636.7231178283691,0.99981046
7aa93916-362d-4755-a5dc-63f1a8d45579,294,9.8,left_shoulder,0.48524964,0.3666573,0.05397567,524.0696096420288,703.981990814209,0.99786925
7aa93916-362d-4755-a5dc-63f1a8d45579,294,9.8,right_shoulder,0.5478721,0.36851442,-0.36713925,591.7018961906433,707.5476837158203,0.9997556
7aa93916-362d-4755-a5dc-63f1a8d45579,294,9.8,left_elbow,0.5516304,0.32574564,0.17921205,595.7608079910278,625.4316329956055,0.15748402
7aa93916-362d-4755-a5dc-63f1a8d45579,294,9.8,right_elbow,0.6350417,0.3482079,-0.52351934,685.8450508117676,668.5591506958008,0.96214765
7aa93916-362d-4755-a5dc-63f1a8d45579,294,9.8,left_wrist,0.59332854,0.2842553,0.15394163,640.7948184013367,545.7701683044434,0.291096
7aa93916-362d-4755-a5dc-63f1a8d45579,294,9.8,right_wrist,0.6357635,0.29559046,-0.63749564,686.624608039856,567.5336837768555,0.9560815
7aa93916-362d-4755-a5dc-63f1a8d45579,294,9.8,left_hip,0.48095787,0.47423923,0.15421909,519.434494972229,910.5393218994141,0.9998716
7aa93916-362d-4755-a5dc-63f1a8d45579,294,9.8,right_hip,0.52774525,0.47814298,-0.15483658,569.9648666381836,918.0345153808594,0.9999548
7aa93916-362d-4755-a5dc-63f1a8d45579,294,9.8,left_knee,0.5126795,0.53940016,0.44047093,553.6938786506653,1035.648307800293,0.6436666
7aa93916-362d-4755-a5dc-63f1a8d45579,294,9.8,right_knee,0.5566521,0.55241925,-0.0436822,601.184298992157,1060.6449508666992,0.99602544
7aa93916-362d-4755-a5dc-63f1a8d45579,294,9.8,left_ankle,0.5043562,0.6009997,0.64741766,544.7047019004822,1153.919448852539,0.84341526
7aa93916-362d-4755-a5dc-63f1a8d45579,294,9.8,right_ankle,0.55813617,0.63377446,-0.014244689,602.7870583534241,1216.8469619750977,0.9973859
7aa93916-362d-4755-a5dc-63f1a8d45579,294,9.8,left_heel,0.48799828,0.61417717,0.6663649,527.0381391048431,1179.2201614379883,0.8569052
7aa93916-362d-4755-a5dc-63f1a8d45579,294,9.8,right_heel,0.5428273,0.6449122,-0.01515556,586.2534928321838,1238.2313919067383,0.9930475
7aa93916-362d-4755-a5dc-63f1a8d45579,294,9.8,left_foot_index,0.55151504,0.6235955,0.63246334,595.6362462043762,1197.3033142089844,0.841314
7aa93916-362d-4755-a5dc-63f1a8d45579,294,9.8,right_foot_index,0.6078249,0.658127,-0.12322514,656.4509153366089,1263.603858947754,0.9924805
7aa93916-362d-4755-a5dc-63f1a8d45579,297,9.9,nose,0.54277164,0.3278319,-0.24490461,586.193368434906,629.4372367858887,0.999826
7aa93916-362d-4755-a5dc-63f1a8d45579,297,9.9,left_shoulder,0.48931256,0.36361396,-0.004345395,528.4575641155243,698.1388092041016,0.9979949
7aa93916-362d-4755-a5dc-63f1a8d45579,297,9.9,right_shoulder,0.5426044,0.3659637,-0.43350032,586.0127377510071,702.6502990722656,0.9997688
7aa93916-362d-4755-a5dc-63f1a8d45579,297,9.9,left_elbow,0.5520574,0.3246712,0.11771351,596.2219762802124,623.3687210083008,0.20303176
7aa93916-362d-4755-a5dc-63f1a8d45579,297,9.9,right_elbow,0.6278975,0.3424635,-0.60223484,678.129301071167,657.5299072265625,0.96498543
7aa93916-362d-4755-a5dc-63f1a8d45579,297,9.9,left_wrist,0.5985736,0.27759454,0.0659964,646.4595150947571,532.9815101623535,0.3494206
7aa93916-362d-4755-a5dc-63f1a8d45579,297,9.9,right_wrist,0.64402765,0.29026258,-0.7140734,695.5498623847961,557.3041534423828,0.9597099
7aa93916-362d-4755-a5dc-63f1a8d45579,297,9.9,left_hip,0.48203358,0.4722207,0.15409255,520.5962669849396,906.6637229919434,0.99987835
7aa93916-362d-4755-a5dc-63f1a8d45579,297,9.9,right_hip,0.52538955,0.47654954,-0.15468143,567.4207162857056,914.9751091003418,0.9999561
7aa93916-362d-4755-a5dc-63f1a8d45579,297,9.9,left_knee,0.5126159,0.5384581,0.4590434,553.6251926422119,1033.8395690917969,0.67119944
7aa93916-362d-4755-a5dc-63f1a8d45579,297,9.9,right_knee,0.5526971,0.5488781,0.0035726265,596.9128918647766,1053.8459014892578,0.996284
7aa93916-362d-4755-a5dc-63f1a8d45579,297,9.9,left_ankle,0.5036597,0.59916115,0.71990967,543.9525032043457,1150.389404296875,0.85501397
7aa93916-362d-4755-a5dc-63f1a8d45579,297,9.9,right_ankle,0.5538163,0.6276675,0.12775448,598.1216239929199,1205.1215744018555,0.9975343
7aa93916-362d-4755-a5dc-63f1a8d45579,297,9.9,left_heel,0.4864863,0.61281496,0.74446255,525.4051887989044,1176.6047286987305,0.8679871
7aa93916-362d-4755-a5dc-63f1a8d45579,297,9.9,right_heel,0.5378293,0.639571,0.13621101,580.8556222915649,1227.9763412475586,0.9934424
7aa93916-362d-4755-a5dc-63f1a8d45579,297,9.9,left_foot_index,0.5501683,0.61640114,0.7048483,594.1817378997803,1183.4901809692383,0.8515817
7aa93916-362d-4755-a5dc-63f1a8d45579,297,9.9,right_foot_index,0.6044326,0.6535402,0.027110245,652.7871894836426,1254.7971725463867,0.9927413
7aa93916-362d-4755-a5dc-63f1a8d45579,300,10.0,nose,0.54076284,0.32672542,-0.2115052,584.0238690376282,627.3128128051758,0.9998292
7aa93916-362d-4755-a5dc-63f1a8d45579,300,10.0,left_shoulder,0.48522046,0.3638965,0.0425511,524.0380990505219,698.6812591552734,0.99797684
7aa93916-362d-4755-a5dc-63f1a8d45579,300,10.0,right_shoulder,0.5419216,0.36177933,-0.4002156,585.2753448486328,694.6163177490234,0.9997699
7aa93916-362d-4755-a5dc-63f1a8d45579,300,10.0,left_elbow,0.5528558,0.30915314,0.20849496,597.0842528343201,593.5740280151367,0.22976194
7aa93916-362d-4755-a5dc-63f1a8d45579,300,10.0,right_elbow,0.6205728,0.33381817,-0.55581176,670.2186298370361,640.9308815002441,0.96750206
7aa93916-362d-4755-a5dc-63f1a8d45579,300,10.0,left_wrist,0.5964437,0.2781012,0.21334423,644.159209728241,533.9543151855469,0.38919413
7aa93916-362d-4755-a5dc-63f1a8d45579,300,10.0,right_wrist,0.6471447,0.2874185,-0.61900216,698.9162492752075,551.8435478210449,0.9625566
7aa93916-362d-4755-a5dc-63f1a8d45579,300,10.0,left_hip,0.4808926,0.47107306,0.15558784,519.3640065193176,904.460277557373,0.9998798
7aa93916-362d-4755-a5dc-63f1a8d45579,300,10.0,right_hip,0.5235965,0.47403827,-0.15624645,565.4842472076416,910.1534843444824,0.99995416
7aa93916-362d-4755-a5dc-63f1a8d45579,300,10.0,left_knee,0.51146895,0.5380763,0.45919213,552.386462688446,1033.106460571289,0.6935832
7aa93916-362d-4755-a5dc-63f1a8d45579,300,10.0,right_knee,0.54744846,0.546675,0.019384028,591.2443327903748,1049.6160507202148,0.9964604
7aa93916-362d-4755-a5dc-63f1a8d45579,300,10.0,left_ankle,0.50258195,0.5990424,0.69701374,542.7885103225708,1150.1614379882812,0.86379886
7aa93916-362d-4755-a5dc-63f1a8d45579,300,10.0,right_ankle,0.5472892,0.6225889,0.12523058,591.0723280906677,1195.3706359863281,0.9976494
7aa93916-362d-4755-a5dc-63f1a8d45579,300,10.0,left_heel,0.4853946,0.6124735,0.719706,524.2261648178101,1175.9490966796875,0.877365
7aa93916-362d-4755-a5dc-63f1a8d45579,300,10.0,right_heel,0.53155684,0.6331194,0.13256271,574.081392288208,1215.589256286621,0.9938262
7aa93916-362d-4755-a5dc-63f1a8d45579,300,10.0,left_foot_index,0.54802734,0.6178714,0.6873491,591.869523525238,1186.3130950927734,0.8574735
7aa93916-362d-4755-a5dc-63f1a8d45579,300,10.0,right_foot_index,0.5995172,0.6509873,0.02898381,647.4786043167114,1249.8956680297852,0.992863
7aa93916-362d-4755-a5dc-63f1a8d45579,303,10.1,nose,0.53471446,0.32456645,-0.21664014,577.4916172027588,623.1675910949707,0.9998151
7aa93916-362d-4755-a5dc-63f1a8d45579,303,10.1,left_shoulder,0.48325703,0.3619677,0.045458734,521.917587518692,694.9780082702637,0.99782264
7aa93916-362d-4755-a5dc-63f1a8d45579,303,10.1,right_shoulder,0.5399125,0.35827675,-0.42299098,583.1055235862732,687.8913688659668,0.9997599
7aa93916-362d-4755-a5dc-63f1a8d45579,303,10.1,left_elbow,0.5533931,0.3035743,0.19612205,597.6645755767822,582.8626441955566,0.24655113
7aa93916-362d-4755-a5dc-63f1a8d45579,303,10.1,right_elbow,0.61369187,0.3285205,-0.5908814,662.7872157096863,630.7593727111816,0.96979105
7aa93916-362d-4755-a5dc-63f1a8d45579,303,10.1,left_wrist,0.5872448,0.2750403,0.16459893,634.2243933677673,528.0773735046387,0.41803575
7aa93916-362d-4755-a5dc-63f1a8d45579,303,10.1,right_wrist,0.6487633,0.28447494,-0.65966535,700.6643629074097,546.1918830871582,0.9646997
7aa93916-362d-4755-a5dc-63f1a8d45579,303,10.1,left_hip,0.48040748,0.46920958,0.1620515,518.8400745391846,900.882396697998,0.9998756
7aa93916-362d-4755-a5dc-63f1a8d45579,303,10.1,right_hip,0.5218359,0.4719871,-0.16270307,563.5827970504761,906.2152290344238,0.99995035
7aa93916-362d-4755-a5dc-63f1a8d45579,303,10.1,left_knee,0.51053363,0.5366563,0.4650883,551.3763213157654,1030.3801345825195,0.7102408
7aa93916-362d-4755-a5dc-63f1a8d45579,303,10.1,right_knee,0.54466593,0.5452843,0.008511434,588.2392072677612,1046.94580078125,0.9966031
7aa93916-362d-4755-a5dc-63f1a8d45579,303,10.1,left_ankle,0.5015034,0.598779,0.731723,541.6236805915833,1149.6557235717773,0.86949867
7aa93916-362d-4755-a5dc-63f1a8d45579,303,10.1,right_ankle,0.5449142,0.62160367,0.13034256,588.5073208808899,1193.4790420532227,0.9977243
7aa93916-362d-4755-a5dc-63f1a8d45579,303,10.1,left_heel,0.48359892,0.61248964,0.7568614,522.2868311405182,1175.980110168457,0.8842813
7aa93916-362d-4755-a5dc-63f1a8d45579,303,10.1,right_heel,0.5263339,0.6315943,0.13851194,568.4406423568726,1212.6610565185547,0.9941103
7aa93916-362d-4755-a5dc-63f1a8d45579,303,10.1,left_foot_index,0.54513544,0.6175232,0.7166066,588.7462735176086,1185.64453125,0.8607319
7aa93916-362d-4755-a5dc-63f1a8d45579,303,10.1,right_foot_index,0.59607255,0.65064454,0.024378637,643.7583589553833,1249.2375183105469,0.9928807
7aa93916-362d-4755-a5dc-63f1a8d45579,306,10.2,nose,0.5319787,0.3249293,-0.20361191,574.5370244979858,623.8642501831055,0.99978536
7aa93916-362d-4755-a5dc-63f1a8d45579,306,10.2,left_shoulder,0.48061067,0.36290076,0.08264861,519.059522151947,696.7694664001465,0.9974806
7aa93916-362d-4755-a5dc-63f1a8d45579,306,10.2,right_shoulder,0.5386214,0.35606337,-0.39334232,581.7111396789551,683.6416625976562,0.9997391
7aa93916-362d-4755-a5dc-63f1a8d45579,306,10.2,left_elbow,0.5475469,0.3168627,0.23903362,591.3506770133972,608.3763885498047,0.25564227
7aa93916-362d-4755-a5dc-63f1a8d45579,306,10.2,right_elbow,0.6071932,0.32503483,-0.5270896,655.7686257362366,624.0668678283691,0.9716953
7aa93916-362d-4755-a5dc-63f1a8d45579,306,10.2,left_wrist,0.5778577,0.27563488,0.24605937,624.086287021637,529.2189788818359,0.4362319
7aa93916-362d-4755-a5dc-63f1a8d45579,306,10.2,right_wrist,0.6476893,0.28478163,-0.55939955,699.5044255256653,546.7807388305664,0.9665468
7aa93916-362d-4755-a5dc-63f1a8d45579,306,10.2,left_hip,0.47862396,0.46968734,0.166616,516.9138729572296,901.7996978759766,0.9998674
7aa93916-362d-4755-a5dc-63f1a8d45579,306,10.2,right_hip,0.51962817,0.47261074,-0.16721527,561.1984205245972,907.4126243591309,0.999943
7aa93916-362d-4755-a5dc-63f1a8d45579,306,10.2,left_knee,0.50913084,0.5366638,0.45430136,549.8613023757935,1030.3944396972656,0.7195286
7aa93916-362d-4755-a5dc-63f1a8d45579,306,10.2,right_knee,0.5419457,0.54495764,0.014549312,585.3013515472412,1046.3186645507812,0.99659675
7aa93916-362d-4755-a5dc-63f1a8d45579,306,10.2,left_ankle,0.50042135,0.597902,0.7103591,540.4550528526306,1147.9718399047852,0.870675
7aa93916-362d-4755-a5dc-63f1a8d45579,306,10.2,right_ankle,0.5424525,0.6206521,0.1682496,585.8487153053284,1191.6519927978516,0.9977029
7aa93916-362d-4755-a5dc-63f1a8d45579,306,10.2,left_heel,0.4826485,0.6114596,0.7353377,521.2603712081909,1174.002456665039,0.8888308
7aa93916-362d-4755-a5dc-63f1a8d45579,306,10.2,right_heel,0.52133816,0.6295001,0.18031862,563.0452179908752,1208.6401748657227,0.9942652
7aa93916-362d-4755-a5dc-63f1a8d45579,306,10.2,left_foot_index,0.54505104,0.6171665,0.70239705,588.6551213264465,1184.959716796875,0.85886836
7aa93916-362d-4755-a5dc-63f1a8d45579,306,10.2,right_foot_index,0.59256124,0.64911085,0.07303667,639.9661445617676,1246.292839050293,0.9925837
7aa93916-362d-4755-a5dc-63f1a8d45579,309,10.3,nose,0.5298175,0.32394126,-0.1921747,572.2029232978821,621.9672203063965,0.9997541
7aa93916-362d-4755-a5dc-63f1a8d45579,309,10.3,left_shoulder,0.481408,0.36198333,0.08271976,519.9206399917603,695.0079917907715,0.99713004
7aa93916-362d-4755-a5dc-63f1a8d45579,309,10.3,right_shoulder,0.534604,0.35509244,-0.40028405,577.3723340034485,681.7774772644043,0.99971867
7aa93916-362d-4755-a5dc-63f1a8d45579,309,10.3,left_elbow,0.54607975,0.31557995,0.24154823,589.7661352157593,605.9135055541992,0.26252228
7aa93916-362d-4755-a5dc-63f1a8d45579,309,10.3,right_elbow,0.5962471,0.31857583,-0.5686511,643.9468431472778,611.6655921936035,0.9737061
7aa93916-362d-4755-a5dc-63f1a8d45579,309,10.3,left_wrist,0.5718125,0.27259034,0.20495689,617.5575113296509,523.3734512329102,0.45430943
7aa93916-362d-4755-a5dc-63f1a8d45579,309,10.3,right_wrist,0.6453669,0.2778721,-0.63690406,696.996259689331,533.514404296875,0.9685674
7aa93916-362d-4755-a5dc-63f1a8d45579,309,10.3,left_hip,0.4789278,0.46899557,0.16736719,517.2420144081116,900.4714965820312,0.99984795
7aa93916-362d-4755-a5dc-63f1a8d45579,309,10.3,right_hip,0.51829654,0.47204828,-0.16789588,559.760262966156,906.3327026367188,0.99993
7aa93916-362d-4755-a5dc-63f1a8d45579,309,10.3,left_knee,0.50797415,0.535944,0.4257512,548.6120796203613,1029.012451171875,0.7242321
7aa93916-362d-4755-a5dc-63f1a8d45579,309,10.3,right_knee,0.5386325,0.5437355,0.0057299575,581.7231130599976,1043.97216796875,0.9965429
7aa93916-362d-4755-a5dc-63f1a8d45579,309,10.3,left_ankle,0.4997308,0.5975429,0.697326,539.7092592716217,1147.2823333740234,0.8683938
7aa93916-362d-4755-a5dc-63f1a8d45579,309,10.3,right_ankle,0.53906214,0.61921513,0.17778024,582.1871137619019,1188.893051147461,0.9976153
7aa93916-362d-4755-a5dc-63f1a8d45579,309,10.3,left_heel,0.48195708,0.6107589,0.72261536,520.5136442184448,1172.6570892333984,0.88996637
7aa93916-362d-4755-a5dc-63f1a8d45579,309,10.3,right_heel,0.51815426,0.6277381,0.19145665,559.6066045761108,1205.2571868896484,0.99426377
7aa93916-362d-4755-a5dc-63f1a8d45579,309,10.3,left_foot_index,0.54453653,0.6163362,0.6881658,588.0994534492493,1183.3655548095703,0.85526174
7aa93916-362d-4755-a5dc-63f1a8d45579,309,10.3,right_foot_index,0.5907746,0.6474566,0.078229375,638.0365633964539,1243.1166458129883,0.99215436
7aa93916-362d-4755-a5dc-63f1a8d45579,312,10.4,nose,0.5262901,0.3241665,-0.10642783,568.3933281898499,622.3996925354004,0.999711
7aa93916-362d-4755-a5dc-63f1a8d45579,312,10.4,left_shoulder,0.47443452,0.3634046,0.13996348,512.3892867565155,697.7368354797363,0.9966429
7aa93916-362d-4755-a5dc-63f1a8d45579,312,10.4,right_shoulder,0.5336097,0.3532871,-0.33710563,576.298463344574,678.3112335205078,0.9996916
7aa93916-362d-4755-a5dc-63f1a8d45579,312,10.4,left_elbow,0.53625995,0.3202973,0.3247187,579.1607451438904,614.970817565918,0.2608967
7aa93916-362d-4755-a5dc-63f1a8d45579,312,10.4,right_elbow,0.58861434,0.31433374,-0.4654386,635.7034921646118,603.5207748413086,0.9752969
7aa93916-362d-4755-a5dc-63f1a8d45579,312,10.4,left_wrist,0.56614053,0.27425227,0.30678397,611.4317750930786,526.5643501281738,0.4576366
7aa93916-362d-4755-a5dc-63f1a8d45579,312,10.4,right_wrist,0.6255418,0.27524778,-0.45192003,675.585150718689,528.4757423400879,0.9703244
7aa93916-362d-4755-a5dc-63f1a8d45579,312,10.4,left_hip,0.47646078,0.46830037,0.16646492,514.5776474475861,899.1367149353027,0.99983025
7aa93916-362d-4755-a5dc-63f1a8d45579,312,10.4,right_hip,0.5176099,0.47072884,-0.16698521,559.0186858177185,903.7993812561035,0.99991834
7aa93916-362d-4755-a5dc-63f1a8d45579,312,10.4,left_knee,0.5062358,0.53501916,0.41006944,546.7346405982971,1027.2367858886719,0.72577226
7aa93916-362d-4755-a5dc-63f1a8d45579,312,10.4,right_knee,0.5355266,0.54341596,7.7757046e-05,578.3686995506287,1043.3586502075195,0.9963805
7aa93916-362d-4755-a5dc-63f1a8d45579,312,10.4,left_ankle,0.49935183,0.5972204,0.6442324,539.2999756336212,1146.6632080078125,0.86445516
7aa93916-362d-4755-a5dc-63f1a8d45579,312,10.4,right_ankle,0.53607273,0.61839813,0.14187291,578.9585494995117,1187.3244094848633,0.9974697
7aa93916-362d-4755-a5dc-63f1a8d45579,312,10.4,left_heel,0.4820487,0.6102356,0.6666725,520.6125855445862,1171.6522979736328,0.8909206
7aa93916-362d-4755-a5dc-63f1a8d45579,312,10.4,right_heel,0.5156771,0.6267343,0.15126425,556.9312620162964,1203.3298873901367,0.994267
7aa93916-362d-4755-a5dc-63f1a8d45579,312,10.4,left_foot_index,0.5439636,0.61672777,0.63792485,587.4807000160217,1184.117317199707,0.8460857
7aa93916-362d-4755-a5dc-63f1a8d45579,312,10.4,right_foot_index,0.5876476,0.64613205,0.06303654,634.6594262123108,1240.5735397338867,0.9913541
7aa93916-362d-4755-a5dc-63f1a8d45579,315,10.5,nose,0.52182573,0.3234106,-0.041815534,563.571789264679,620.9483528137207,0.99969333
7aa93916-362d-4755-a5dc-63f1a8d45579,315,10.5,left_shoulder,0.47213048,0.36307937,0.15894508,509.9009156227112,697.1123886108398,0.9965006
7aa93916-362d-4755-a5dc-63f1a8d45579,315,10.5,right_shoulder,0.5329457,0.35176295,-0.2923628,575.5813479423523,675.3848648071289,0.999688
7aa93916-362d-4755-a5dc-63f1a8d45579,315,10.5,left_elbow,0.53251916,0.32020053,0.3219249,575.1206946372986,614.7850227355957,0.2633969
7aa93916-362d-4755-a5dc-63f1a8d45579,315,10.5,right_elbow,0.5892325,0.310576,-0.36413264,636.3711047172546,596.3059043884277,0.9765627
7aa93916-362d-4755-a5dc-63f1a8d45579,315,10.5,left_wrist,0.56052595,0.27390894,0.3059103,605.3680300712585,525.9051704406738,0.46943203
7aa93916-362d-4755-a5dc-63f1a8d45579,315,10.5,right_wrist,0.61246884,0.2733749,-0.26195452,661.4663457870483,524.8797798156738,0.97148675
7aa93916-362d-4755-a5dc-63f1a8d45579,315,10.5,left_hip,0.4741327,0.46689194,0.16605249,512.0633018016815,896.4325332641602,0.999826
7aa93916-362d-4755-a5dc-63f1a8d45579,315,10.5,right_hip,0.515742,0.4698359,-0.16660702,557.0013642311096,902.0849418640137,0.99991524
7aa93916-362d-4755-a5dc-63f1a8d45579,315,10.5,left_knee,0.5056955,0.5334033,0.39450732,546.1511635780334,1024.134292602539,0.73027325
7aa93916-362d-4755-a5dc-63f1a8d45579,315,10.5,right_knee,0.5340417,0.5433233,-0.001727795,576.7650389671326,1043.1806945800781,0.99634194
7aa93916-362d-4755-a5dc-63f1a8d45579,315,10.5,left_ankle,0.49917734,0.5955481,0.60800135,539.1115236282349,1143.4523391723633,0.86241794
7aa93916-362d-4755-a5dc-63f1a8d45579,315,10.5,right_ankle,0.53430605,0.6171542,0.12642302,577.0505332946777,1184.9360275268555,0.99734265
7aa93916-362d-4755-a5dc-63f1a8d45579,315,10.5,left_heel,0.48231962,0.6081767,0.6295172,520.9051930904388,1167.6992797851562,0.89256454
7aa93916-362d-4755-a5dc-63f1a8d45579,315,10.5,right_heel,0.51496756,0.625646,0.13524295,556.1649656295776,1201.2403106689453,0.99425197
7aa93916-362d-4755-a5dc-63f1a8d45579,315,10.5,left_foot_index,0.5429203,0.61410034,0.61076295,586.3539147377014,1179.0726470947266,0.8415822
7aa93916-362d-4755-a5dc-63f1a8d45579,315,10.5,right_foot_index,0.5867002,0.6438726,0.04336423,633.6362171173096,1236.2354278564453,0.99067813
7aa93916-362d-4755-a5dc-63f1a8d45579,318,10.6,nose,0.5192434,0.32307848,-0.025898667,560.78289270401,620.3106880187988,0.9996924
7aa93916-362d-4755-a5dc-63f1a8d45579,318,10.6,left_shoulder,0.46675825,0.36322233,0.1753203,504.0989112854004,697.3868751525879,0.99641234
7aa93916-362d-4755-a5dc-63f1a8d45579,318,10.6,right_shoulder,0.5314591,0.35019654,-0.28611097,573.9758205413818,672.3773574829102,0.99969023
7aa93916-362d-4755-a5dc-63f1a8d45579,318,10.6,left_elbow,0.5277448,0.31967655,0.36550936,569.9644160270691,613.7789726257324,0.26386958
7aa93916-362d-4755-a5dc-63f1a8d45579,318,10.6,right_elbow,0.58729625,0.31072378,-0.3664385,634.2799472808838,596.5896606445312,0.977635
7aa93916-362d-4755-a5dc-63f1a8d45579,318,10.6,left_wrist,0.5581704,0.2763616,0.38083118,602.8240084648132,530.6142997741699,0.472569
7aa93916-362d-4755-a5dc-63f1a8d45579,318,10.6,right_wrist,0.61071765,0.27408138,-0.2867975,659.5750665664673,526.2362480163574,0.97286785
7aa93916-362d-4755-a5dc-63f1a8d45579,318,10.6,left_hip,0.46969393,0.4662636,0.16537662,507.2694432735443,895.2260971069336,0.9998269
7aa93916-362d-4755-a5dc-63f1a8d45579,318,10.6,right_hip,0.5136348,0.4685465,-0.16592078,554.7255849838257,899.6092987060547,0.9999148
7aa93916-362d-4755-a5dc-63f1a8d45579,318,10.6,left_knee,0.50440514,0.5325369,0.40092787,544.7575521469116,1022.4708938598633,0.7352696
7aa93916-362d-4755-a5dc-63f1a8d45579,318,10.6,right_knee,0.53332245,0.54200214,-0.0022530614,575.9882497787476,1040.6441116333008,0.99624133
7aa93916-362d-4755-a5dc-63f1a8d45579,318,10.6,left_ankle,0.49888223,0.5951201,0.6173578,538.7928128242493,1142.6305389404297,0.8590089
7aa93916-362d-4755-a5dc-63f1a8d45579,318,10.6,right_ankle,0.5318755,0.61640674,0.11953125,574.4255304336548,1183.5009384155273,0.99721104
7aa93916-362d-4755-a5dc-63f1a8d45579,318,10.6,left_heel,0.48259854,0.60728484,0.63929087,521.2064266204834,1165.9869003295898,0.89346415
7aa93916-362d-4755-a5dc-63f1a8d45579,318,10.6,right_heel,0.51311934,0.6249898,0.1290835,554.1688871383667,1199.9804306030273,0.9942578
7aa93916-362d-4755-a5dc-63f1a8d45579,318,10.6,left_foot_index,0.54230106,0.6130829,0.6224781,585.6851434707642,1177.119140625,0.83244735
7aa93916-362d-4755-a5dc-63f1a8d45579,318,10.6,right_foot_index,0.58385915,0.6427024,0.037992924,630.567877292633,1233.9886093139648,0.98985815
7aa93916-362d-4755-a5dc-63f1a8d45579,321,10.7,nose,0.51697284,0.32319024,-0.02959995,558.3306670188904,620.5252647399902,0.999689
7aa93916-362d-4755-a5dc-63f1a8d45579,321,10.7,left_shoulder,0.46556878,0.36221096,0.17219366,502.8142833709717,695.4450416564941,0.9961877
7aa93916-362d-4755-a5dc-63f1a8d45579,321,10.7,right_shoulder,0.52591807,0.35036436,-0.28348944,567.9915118217468,672.6995658874512,0.9996805
7aa93916-362d-4755-a5dc-63f1a8d45579,321,10.7,left_elbow,0.52697045,0.31891003,0.35822377,569.1280817985535,612.3072624206543,0.26500463
7aa93916-362d-4755-a5dc-63f1a8d45579,321,10.7,right_elbow,0.5827084,0.3124032,-0.37206435,629.3250918388367,599.8141479492188,0.9785176
7aa93916-362d-4755-a5dc-63f1a8d45579,321,10.7,left_wrist,0.55600166,0.27780497,0.3761511,600.4817962646484,533.3855438232422,0.47358525
7aa93916-362d-4755-a5dc-63f1a8d45579,321,10.7,right_wrist,0.60619295,0.2779523,-0.30411455,654.6883821487427,533.6684417724609,0.9736074
7aa93916-362d-4755-a5dc-63f1a8d45579,321,10.7,left_hip,0.46923846,0.4662392,0.16471092,506.7775368690491,895.1792907714844,0.9998208
7aa93916-362d-4755-a5dc-63f1a8d45579,321,10.7,right_hip,0.5117282,0.4688334,-0.16524822,552.6664853096008,900.1601028442383,0.99991065
7aa93916-362d-4755-a5dc-63f1a8d45579,321,10.7,left_knee,0.503747,0.53244925,0.39099616,544.046745300293,1022.3025512695312,0.74319035
7aa93916-362d-4755-a5dc-63f1a8d45579,321,10.7,right_knee,0.53161913,0.54132265,-0.0058648204,574.1486620903015,1039.339485168457,0.9962243
7aa93916-362d-4755-a5dc-63f1a8d45579,321,10.7,left_ankle,0.4980234,0.594873,0.61847687,537.8652620315552,1142.1561813354492,0.8587307
7aa93916-362d-4755-a5dc-63f1a8d45579,321,10.7,right_ankle,0.5302897,0.61661714,0.12152933,572.7128863334656,1183.904914855957,0.99716234
7aa93916-362d-4755-a5dc-63f1a8d45579,321,10.7,left_heel,0.48256344,0.6068163,0.64122987,521.1685109138489,1165.0872802734375,0.89543504
7aa93916-362d-4755-a5dc-63f1a8d45579,321,10.7,right_heel,0.51184916,0.62538934,0.13247134,552.79709815979,1200.7475280761719,0.99433655
7aa93916-362d-4755-a5dc-63f1a8d45579,321,10.7,left_foot_index,0.53988767,0.6121165,0.62420046,583.0786800384521,1175.2637100219727,0.82789177
7aa93916-362d-4755-a5dc-63f1a8d45579,321,10.7,right_foot_index,0.582858,0.64300984,0.039693587,629.4866681098938,1234.5788955688477,0.98944324
7aa93916-362d-4755-a5dc-63f1a8d45579,324,10.8,nose,0.51512855,0.3239261,-0.02672651,556.338837146759,621.9380950927734,0.9997026
7aa93916-362d-4755-a5dc-63f1a8d45579,324,10.8,left_shoulder,0.46376348,0.3622601,0.184732,500.8645534515381,695.5393981933594,0.99612164
7aa93916-362d-4755-a5dc-63f1a8d45579,324,10.8,right_shoulder,0.5232601,0.35068995,-0.2658232,565.1209259033203,673.3246994018555,0.9996829
7aa93916-362d-4755-a5dc-63f1a8d45579,324,10.8,left_elbow,0.5181391,0.3205075,0.39470917,559.590253829956,615.3743934631348,0.2687983
7aa93916-362d-4755-a5dc-63f1a8d45579,324,10.8,right_elbow,0.5762008,0.3137573,-0.39458203,622.2968459129333,602.4140167236328,0.9794255
7aa93916-362d-4755-a5dc-63f1a8d45579,324,10.8,left_wrist,0.5487557,0.27851772,0.46481168,592.6561617851257,534.7540283203125,0.47330457
7aa93916-362d-4755-a5dc-63f1a8d45579,324,10.8,right_wrist,0.60241777,0.27947825,-0.38013697,650.6111884117126,536.5982437133789,0.9747069
7aa93916-362d-4755-a5dc-63f1a8d45579,324,10.8,left_hip,0.46732098,0.4663214,0.16395299,504.7066569328308,895.3371047973633,0.99982
7aa93916-362d-4755-a5dc-63f1a8d45579,324,10.8,right_hip,0.50942427,0.46811846,-0.16448732,550.178210735321,898.7874412536621,0.99991
7aa93916-362d-4755-a5dc-63f1a8d45579,324,10.8,left_knee,0.5027254,0.53272575,0.3826818,542.9434561729431,1022.8334426879883,0.75195163
7aa93916-362d-4755-a5dc-63f1a8d45579,324,10.8,right_knee,0.53178537,0.5409109,-0.0304176,574.3281984329224,1038.548927307129,0.9962544
7aa93916-362d-4755-a5dc-63f1a8d45579,324,10.8,left_ankle,0.49718016,0.5949284,0.5904703,536.9545769691467,1142.2624969482422,0.8600343
7aa93916-362d-4755-a5dc-63f1a8d45579,324,10.8,right_ankle,0.5309106,0.6168923,0.0564198,573.3834600448608,1184.4331741333008,0.9971932
7aa93916-362d-4755-a5dc-63f1a8d45579,324,10.8,left_heel,0.48201448,0.60707295,0.6105384,520.575635433197,1165.580062866211,0.89797616
7aa93916-362d-4755-a5dc-63f1a8d45579,324,10.8,right_heel,0.51200306,0.62579125,0.06289192,552.9633092880249,1201.5192031860352,0.9945069
7aa93916-362d-4755-a5dc-63f1a8d45579,324,10.8,left_foot_index,0.5384007,0.6123792,0.5927265,581.4727663993835,1175.768051147461,0.8234669
7aa93916-362d-4755-a5dc-63f1a8d45579,324,10.8,right_foot_index,0.5808889,0.6443438,-0.029323522,627.36004114151,1237.1400833129883,0.9893367
7aa93916-362d-4755-a5dc-63f1a8d45579,327,10.9,nose,0.5128082,0.3237236,-0.020972267,553.832859992981,621.5493392944336,0.9997162
7aa93916-362d-4755-a5dc-63f1a8d45579,327,10.9,left_shoulder,0.45994428,0.36260244,0.17599495,496.7398202419281,696.1966896057129,0.9961359
7aa93916-362d-4755-a5dc-63f1a8d45579,327,10.9,right_shoulder,0.5241632,0.34964383,-0.26310083,566.0962414741516,671.3161468505859,0.9996924
7aa93916-362d-4755-a5dc-63f1a8d45579,327,10.9,left_elbow,0.5178658,0.31363997,0.3849097,559.2950391769409,602.1887397766113,0.27557877
7aa93916-362d-4755-a5dc-63f1a8d45579,327,10.9,right_elbow,0.5770266,0.31243533,-0.36304748,623.1887340545654,599.8758316040039,0.9801929
7aa93916-362d-4755-a5dc-63f1a8d45579,327,10.9,left_wrist,0.54502505,0.2795566,0.46079174,588.6270546913147,536.7486763000488,0.4753168
7aa93916-362d-4755-a5dc-63f1a8d45579,327,10.9,right_wrist,0.6046014,0.27308607,-0.31405923,652.9694938659668,524.3252563476562,0.97565687
7aa93916-362d-4755-a5dc-63f1a8d45579,327,10.9,left_hip,0.4642326,0.4656172,0.15870737,501.3712012767792,893.9850425720215,0.99981993
7aa93916-362d-4755-a5dc-63f1a8d45579,327,10.9,right_hip,0.5094227,0.46617588,-0.15924695,550.1765370368958,895.0576972961426,0.99991065
7aa93916-362d-4755-a5dc-63f1a8d45579,327,10.9,left_knee,0.50034434,0.5318154,0.38305497,540.3718829154968,1021.0855865478516,0.76069206
7aa93916-362d-4755-a5dc-63f1a8d45579,327,10.9,right_knee,0.5318833,0.5408125,-0.04136,574.4339632987976,1038.3599853515625,0.9962706
7aa93916-362d-4755-a5dc-63f1a8d45579,327,10.9,left_ankle,0.49457258,0.5935041,0.5776887,534.1383862495422,1139.527816772461,0.86219245
7aa93916-362d-4755-a5dc-63f1a8d45579,327,10.9,right_ankle,0.5298753,0.6169364,0.013577988,572.2653007507324,1184.5178604125977,0.99719757
7aa93916-362d-4755-a5dc-63f1a8d45579,327,10.9,left_heel,0.4806637,0.6056541,0.59686977,519.116781949997,1162.8559112548828,0.9005586
7aa93916-362d-4755-a5dc-63f1a8d45579,327,10.9,right_heel,0.5111195,0.62587833,0.017049493,552.0090436935425,1201.6864013671875,0.99462515
7aa93916-362d-4755-a5dc-63f1a8d45579,327,10.9,left_foot_index,0.5317852,0.60946745,0.58450484,574.3280053138733,1170.1774978637695,0.8201479
7aa93916-362d-4755-a5dc-63f1a8d45579,327,10.9,right_foot_index,0.5790836,0.64506257,-0.071562,625.4103112220764,1238.5201263427734,0.98909795
7aa93916-362d-4755-a5dc-63f1a8d45579,330,11.0,nose,0.51221865,0.32355082,0.00034300817,553.1961464881897,621.2175750732422,0.99973345
7aa93916-362d-4755-a5dc-63f1a8d45579,330,11.0,left_shoulder,0.46015683,0.36299548,0.18658918,496.96937441825867,696.9513130187988,0.99621475
7aa93916-362d-4755-a5dc-63f1a8d45579,330,11.0,right_shoulder,0.5243244,0.3498291,-0.24391621,566.2703704833984,671.6718864440918,0.9997069
7aa93916-362d-4755-a5dc-63f1a8d45579,330,11.0,left_elbow,0.5133281,0.31678063,0.3978065,554.3943214416504,608.2188034057617,0.28335539
7aa93916-362d-4755-a5dc-63f1a8d45579,330,11.0,right_elbow,0.5776107,0.31122592,-0.33441648,623.8195252418518,597.553768157959,0.98098475
7aa93916-362d-4755-a5dc-63f1a8d45579,330,11.0,left_wrist,0.540826,0.28111193,0.48247108,584.092104434967,539.7348976135254,0.48074076
7aa93916-362d-4755-a5dc-63f1a8d45579,330,11.0,right_wrist,0.60159564,0.27368742,-0.27819264,649.7232913970947,525.479850769043,0.9768022
7aa93916-362d-4755-a5dc-63f1a8d45579,330,11.0,left_hip,0.46273005,0.4658237,0.1553965,499.7484540939331,894.3815231323242,0.99982363
7aa93916-362d-4755-a5dc-63f1a8d45579,330,11.0,right_hip,0.50886816,0.46541807,-0.15590595,549.5776104927063,893.6026954650879,0.9999132
7aa93916-362d-4755-a5dc-63f1a8d45579,330,11.0,left_knee,0.4991165,0.5317933,0.38067144,539.0458309650421,1021.0431289672852,0.76461476
7aa93916-362d-4755-a5dc-63f1a8d45579,330,11.0,right_knee,0.53216463,0.5413053,-0.043338705,574.7378039360046,1039.3061828613281,0.9962454
7aa93916-362d-4755-a5dc-63f1a8d45579,330,11.0,left_ankle,0.49287483,0.59313685,0.56851476,532.3048174381256,1138.8227462768555,0.86166114
7aa93916-362d-4755-a5dc-63f1a8d45579,330,11.0,right_ankle,0.5287811,0.61735255,0.0030377044,571.0836052894592,1185.3168869018555,0.99716705
7aa93916-362d-4755-a5dc-63f1a8d45579,330,11.0,left_heel,0.47942728,0.60511374,0.5873415,517.7814602851868,1161.8183898925781,0.9017787
7aa93916-362d-4755-a5dc-63f1a8d45579,330,11.0,right_heel,0.5099094,0.6266066,0.005604595,550.7021427154541,1203.0846405029297,0.994726
7aa93916-362d-4755-a5dc-63f1a8d45579,330,11.0,left_foot_index,0.52864337,0.60772383,0.57822716,570.9348392486572,1166.8297576904297,0.81454355
7aa93916-362d-4755-a5dc-63f1a8d45579,330,11.0,right_foot_index,0.577529,0.6454407,-0.08100909,623.7313342094421,1239.2461395263672,0.9887721
7aa93916-362d-4755-a5dc-63f1a8d45579,333,11.1,nose,0.5129408,0.3239577,-0.019659292,553.9760899543762,621.9988059997559,0.9997443
7aa93916-362d-4755-a5dc-63f1a8d45579,333,11.1,left_shoulder,0.4601526,0.36324602,0.18499212,496.9648039340973,697.4323654174805,0.9962358
7aa93916-362d-4755-a5dc-63f1a8d45579,333,11.1,right_shoulder,0.52407086,0.35046035,-0.24583761,565.996527671814,672.8838729858398,0.99971414
7aa93916-362d-4755-a5dc-63f1a8d45579,333,11.1,left_elbow,0.50728905,0.31981382,0.414638,547.8721761703491,614.0425300598145,0.28660774
7aa93916-362d-4755-a5dc-63f1a8d45579,333,11.1,right_elbow,0.57542044,0.3116941,-0.36447334,621.454074382782,598.4526443481445,0.9815559
7aa93916-362d-4755-a5dc-63f1a8d45579,333,11.1,left_wrist,0.536457,0.28222162,0.53875434,579.373562335968,541.8655014038086,0.47406346
7aa93916-362d-4755-a5dc-63f1a8d45579,333,11.1,right_wrist,0.5991297,0.2740149,-0.36924434,647.0600509643555,526.1085891723633,0.97780347
7aa93916-362d-4755-a5dc-63f1a8d45579,333,11.1,left_hip,0.46152964,0.46571067,0.15401725,498.4520137310028,894.1644859313965,0.9998192
7aa93916-362d-4755-a5dc-63f1a8d45579,333,11.1,right_hip,0.5082568,0.46525392,-0.15446027,548.9173364639282,893.287525177002,0.9999109
7aa93916-362d-4755-a5dc-63f1a8d45579,333,11.1,left_knee,0.49729896,0.5318776,0.35364082,537.0828723907471,1021.204948425293,0.76215637
7aa93916-362d-4755-a5dc-63f1a8d45579,333,11.1,right_knee,0.53109705,0.54119045,-0.054712366,573.5848188400269,1039.0856552124023,0.99608886
7aa93916-362d-4755-a5dc-63f1a8d45579,333,11.1,left_ankle,0.4915913,0.5926425,0.53822905,530.9186089038849,1137.8735733032227,0.85568
7aa93916-362d-4755-a5dc-63f1a8d45579,333,11.1,right_ankle,0.52656347,0.6176048,-0.004059895,568.688542842865,1185.8012008666992,0.99704236
7aa93916-362d-4755-a5dc-63f1a8d45579,333,11.1,left_heel,0.4781173,0.6047777,0.55623996,516.3666701316833,1161.1731719970703,0.8990881
7aa93916-362d-4755-a5dc-63f1a8d45579,333,11.1,right_heel,0.50772417,0.6269723,-0.0009657768,548.3420991897583,1203.786849975586,0.9947009
7aa93916-362d-4755-a5dc-63f1a8d45579,333,11.1,left_foot_index,0.5278991,0.6079817,0.54466414,570.1310133934021,1167.3248291015625,0.8028206
7aa93916-362d-4755-a5dc-63f1a8d45579,333,11.1,right_foot_index,0.57437915,0.6454853,-0.0850998,620.3294777870178,1239.3317413330078,0.9882086
7aa93916-362d-4755-a5dc-63f1a8d45579,336,11.2,nose,0.512353,0.32414514,0.004683266,553.3412432670593,622.3586654663086,0.9997634
7aa93916-362d-4755-a5dc-63f1a8d45579,336,11.2,left_shoulder,0.46046838,0.36517808,0.21373992,497.3058521747589,701.1419105529785,0.99637204
7aa93916-362d-4755-a5dc-63f1a8d45579,336,11.2,right_shoulder,0.5230969,0.3511512,-0.21086735,564.9446725845337,674.2103004455566,0.9997252
7aa93916-362d-4755-a5dc-63f1a8d45579,336,11.2,left_elbow,0.50410444,0.32271576,0.4235081,544.4327902793884,619.6142578125,0.29427052
7aa93916-362d-4755-a5dc-63f1a8d45579,336,11.2,right_elbow,0.5735555,0.31295553,-0.37354118,619.439971446991,600.8746147155762,0.98165137
7aa93916-362d-4755-a5dc-63f1a8d45579,336,11.2,left_wrist,0.5328171,0.28255254,0.5249029,575.4424953460693,542.5008773803711,0.47710964
7aa93916-362d-4755-a5dc-63f1a8d45579,336,11.2,right_wrist,0.5900995,0.2754021,-0.43659022,637.3074746131897,528.772029876709,0.97863543
7aa93916-362d-4755-a5dc-63f1a8d45579,336,11.2,left_hip,0.46049744,0.46606392,0.15373032,497.33723402023315,894.8427200317383,0.99982125
7aa93916-362d-4755-a5dc-63f1a8d45579,336,11.2,right_hip,0.5060862,0.46467587,-0.1541725,546.57306432724,892.177677154541,0.9999116
7aa93916-362d-4755-a5dc-63f1a8d45579,336,11.2,left_knee,0.49609318,0.532132,0.35567743,535.7806384563446,1021.6934967041016,0.75570416
7aa93916-362d-4755-a5dc-63f1a8d45579,336,11.2,right_knee,0.530261,0.5406074,-0.06454017,572.6818585395813,1037.966194152832,0.9958011
7aa93916-362d-4755-a5dc-63f1a8d45579,336,11.2,left_ankle,0.48974606,0.5929911,0.5207278,528.9257490634918,1138.5429382324219,0.84863627
7aa93916-362d-4755-a5dc-63f1a8d45579,336,11.2,right_ankle,0.5247289,0.6178192,-0.039067797,566.7072057723999,1186.2128448486328,0.9968187
7aa93916-362d-4755-a5dc-63f1a8d45579,336,11.2,left_heel,0.4760489,0.60519415,0.5362475,514.1327977180481,1161.972770690918,0.8961165
7aa93916-362d-4755-a5dc-63f1a8d45579,336,11.2,right_heel,0.5062561,0.6271598,-0.03845118,546.756591796875,1204.1467666625977,0.9945536
7aa93916-362d-4755-a5dc-63f1a8d45579,336,11.2,left_foot_index,0.5280083,0.6105211,0.521559,570.2489447593689,1172.2004699707031,0.7929591
7aa93916-362d-4755-a5dc-63f1a8d45579,336,11.2,right_foot_index,0.57343006,0.6456944,-0.12398364,619.3044662475586,1239.7332000732422,0.98751813
7aa93916-362d-4755-a5dc-63f1a8d45579,339,11.3,nose,0.51203644,0.3261738,0.0069137556,552.9993581771851,626.253719329834,0.9997798
7aa93916-362d-4755-a5dc-63f1a8d45579,339,11.3,left_shoulder,0.46100694,0.3668708,0.22184445,497.8874945640564,704.391918182373,0.99651
7aa93916-362d-4755-a5dc-63f1a8d45579,339,11.3,right_shoulder,0.52061856,0.35121796,-0.21047825,562.2680425643921,674.3384742736816,0.9997356
7aa93916-362d-4755-a5dc-63f1a8d45579,339,11.3,left_elbow,0.5069811,0.32454392,0.4257517,547.5395607948303,623.1243324279785,0.29801106
7aa93916-362d-4755-a5dc-63f1a8d45579,339,11.3,right_elbow,0.57063097,0.31415108,-0.3741854,616.2814450263977,603.1700706481934,0.98204786
7aa93916-362d-4755-a5dc-63f1a8d45579,339,11.3,left_wrist,0.53274316,0.2832307,0.5029356,575.3626084327698,543.8029289245605,0.4823553
7aa93916-362d-4755-a5dc-63f1a8d45579,339,11.3,right_wrist,0.5891116,0.27614722,-0.42147186,636.2405562400818,530.2026557922363,0.9795811
7aa93916-362d-4755-a5dc-63f1a8d45579,339,11.3,left_hip,0.46042794,0.46633562,0.15385723,497.2621750831604,895.3643989562988,0.9998237
7aa93916-362d-4755-a5dc-63f1a8d45579,339,11.3,right_hip,0.50388736,0.46508306,-0.15430173,544.1983437538147,892.9594802856445,0.99991214
7aa93916-362d-4755-a5dc-63f1a8d45579,339,11.3,left_knee,0.49503687,0.53226614,0.36275464,534.6398198604584,1021.9509887695312,0.7446355
7aa93916-362d-4755-a5dc-63f1a8d45579,339,11.3,right_knee,0.5291495,0.54019845,-0.058602497,571.4814305305481,1037.1810150146484,0.99539685
7aa93916-362d-4755-a5dc-63f1a8d45579,339,11.3,left_ankle,0.48769802,0.593677,0.5257813,526.7138600349426,1139.8598098754883,0.8401654
7aa93916-362d-4755-a5dc-63f1a8d45579,339,11.3,right_ankle,0.5225896,0.61783314,-0.022846133,564.3967938423157,1186.2396240234375,0.9965392
7aa93916-362d-4755-a5dc-63f1a8d45579,339,11.3,left_heel,0.47332227,0.60617405,0.54099345,511.18805408477783,1163.8541793823242,0.89295053
7aa93916-362d-4755-a5dc-63f1a8d45579,339,11.3,right_heel,0.5041375,0.62720513,-0.021026263,544.4685173034668,1204.2338562011719,0.994332
7aa93916-362d-4755-a5dc-63f1a8d45579,339,11.3,left_foot_index,0.5290163,0.61429274,0.5260293,571.3376212120056,1179.4420623779297,0.783729
7aa93916-362d-4755-a5dc-63f1a8d45579,339,11.3,right_foot_index,0.5730335,0.64584416,-0.104704924,618.8761925697327,1240.0207901000977,0.98674816
7aa93916-362d-4755-a5dc-63f1a8d45579,342,11.4,nose,0.51088274,0.32733902,-0.009967061,551.7533540725708,628.4909248352051,0.99979305
7aa93916-362d-4755-a5dc-63f1a8d45579,342,11.4,left_shoulder,0.46134734,0.36743253,0.21189792,498.25512886047363,705.4704666137695,0.99659246
7aa93916-362d-4755-a5dc-63f1a8d45579,342,11.4,right_shoulder,0.5174118,0.35381442,-0.22231364,558.8047742843628,679.3236923217773,0.9997404
7aa93916-362d-4755-a5dc-63f1a8d45579,342,11.4,left_elbow,0.5063092,0.3221596,0.41466945,546.8139481544495,618.5464096069336,0.30120692
7aa93916-362d-4755-a5dc-63f1a8d45579,342,11.4,right_elbow,0.5667128,0.31482765,-0.40023947,612.0498204231262,604.4690895080566,0.982309
7aa93916-362d-4755-a5dc-63f1a8d45579,342,11.4,left_wrist,0.5283943,0.28821447,0.49648333,570.6658244132996,553.3717918395996,0.48642674
7aa93916-362d-4755-a5dc-63f1a8d45579,342,11.4,right_wrist,0.5782903,0.27755114,-0.48239675,624.5535063743591,532.8981971740723,0.98040086
7aa93916-362d-4755-a5dc-63f1a8d45579,342,11.4,left_hip,0.4605468,0.467061,0.15397553,497.3905348777771,896.7571449279785,0.99981886
7aa93916-362d-4755-a5dc-63f1a8d45579,342,11.4,right_hip,0.5018092,0.4652042,-0.15441944,541.9539141654968,893.192081451416,0.9999086
7aa93916-362d-4755-a5dc-63f1a8d45579,342,11.4,left_knee,0.4945642,0.53302425,0.3427095,534.129341840744,1023.4065628051758,0.73632836
7aa93916-362d-4755-a5dc-63f1a8d45579,342,11.4,right_knee,0.5281848,0.5403983,-0.06386965,570.4395532608032,1037.5647354125977,0.9951175
7aa93916-362d-4755-a5dc-63f1a8d45579,342,11.4,left_ankle,0.48524016,0.5945401,0.50250596,524.059374332428,1141.5170288085938,0.8329529
7aa93916-362d-4755-a5dc-63f1a8d45579,342,11.4,right_ankle,0.5209393,0.6183958,-0.02229832,562.6144337654114,1187.3199462890625,0.99636817
7aa93916-362d-4755-a5dc-63f1a8d45579,342,11.4,left_heel,0.4701702,0.6072754,0.5168706,507.7838158607483,1165.9688186645508,0.88874656
7aa93916-362d-4755-a5dc-63f1a8d45579,342,11.4,right_heel,0.50187534,0.6285683,-0.020409584,542.0253682136536,1206.8511199951172,0.9941514
7aa93916-362d-4755-a5dc-63f1a8d45579,342,11.4,left_foot_index,0.52551746,0.61618257,0.4988274,567.5588607788086,1183.0705261230469,0.7775509
7aa93916-362d-4755-a5dc-63f1a8d45579,342,11.4,right_foot_index,0.57036304,0.6466552,-0.10558347,615.9920883178711,1241.5779876708984,0.9864281
7aa93916-362d-4755-a5dc-63f1a8d45579,345,11.5,nose,0.5088607,0.32857153,0.0008117435,549.5695638656616,630.8573341369629,0.99980587
7aa93916-362d-4755-a5dc-63f1a8d45579,345,11.5,left_shoulder,0.4594306,0.3699493,0.22593263,496.18505358695984,710.302677154541,0.9966968
7aa93916-362d-4755-a5dc-63f1a8d45579,345,11.5,right_shoulder,0.51644325,0.35639393,-0.20963636,557.7587127685547,684.2763519287109,0.99974614
7aa93916-362d-4755-a5dc-63f1a8d45579,345,11.5,left_elbow,0.5043302,0.32526752,0.43144026,544.6766352653503,624.5136451721191,0.3025294
7aa93916-362d-4755-a5dc-63f1a8d45579,345,11.5,right_elbow,0.5649412,0.31684956,-0.36218145,610.1365256309509,608.3511543273926,0.9828191
7aa93916-362d-4755-a5dc-63f1a8d45579,345,11.5,left_wrist,0.5243137,0.29263183,0.51191664,566.2587833404541,561.8531227111816,0.4908276
7aa93916-362d-4755-a5dc-63f1a8d45579,345,11.5,right_wrist,0.5813481,0.27801174,-0.403408,627.8559708595276,533.7825393676758,0.98127884
7aa93916-362d-4755-a5dc-63f1a8d45579,345,11.5,left_hip,0.45997053,0.4686714,0.15405437,496.76817655563354,899.8491096496582,0.9998113
7aa93916-362d-4755-a5dc-63f1a8d45579,345,11.5,right_hip,0.50056666,0.46619597,-0.154506,540.61199426651,895.096263885498,0.99990284
7aa93916-362d-4755-a5dc-63f1a8d45579,345,11.5,left_knee,0.49330422,0.5358883,0.32056487,532.7685606479645,1028.9055633544922,0.7193255
7aa93916-362d-4755-a5dc-63f1a8d45579,345,11.5,right_knee,0.52700055,0.5432257,-0.09018774,569.160590171814,1042.9933547973633,0.99457747
7aa93916-362d-4755-a5dc-63f1a8d45579,345,11.5,left_ankle,0.48280758,0.5972065,0.46206093,521.4321827888489,1146.6364288330078,0.8216714
7aa93916-362d-4755-a5dc-63f1a8d45579,345,11.5,right_ankle,0.51930404,0.6223382,-0.06775595,560.8483600616455,1194.8892974853516,0.99602795
7aa93916-362d-4755-a5dc-63f1a8d45579,345,11.5,left_heel,0.467149,0.61123675,0.47411498,504.52090859413147,1173.574562072754,0.8807507
7aa93916-362d-4755-a5dc-63f1a8d45579,345,11.5,right_heel,0.4981766,0.6315914,-0.06832852,538.0307328701019,1212.6554489135742,0.99364257
7aa93916-362d-4755-a5dc-63f1a8d45579,345,11.5,left_foot_index,0.52509224,0.62276167,0.4544852,567.0996236801147,1195.7024002075195,0.7710681
7aa93916-362d-4755-a5dc-63f1a8d45579,345,11.5,right_foot_index,0.5683194,0.6483837,-0.15560447,613.7849307060242,1244.8966598510742,0.98595065
7aa93916-362d-4755-a5dc-63f1a8d45579,348,11.6,nose,0.5066107,0.33048016,-0.03105317,547.1395468711853,634.5219039916992,0.9998095
7aa93916-362d-4755-a5dc-63f1a8d45579,348,11.6,left_shoulder,0.45593214,0.37148565,0.21769673,492.40671157836914,713.2524490356445,0.99672025
7aa93916-362d-4755-a5dc-63f1a8d45579,348,11.6,right_shoulder,0.5139767,0.3600796,-0.21369028,555.0948286056519,691.3528060913086,0.99974966
7aa93916-362d-4755-a5dc-63f1a8d45579,348,11.6,left_elbow,0.4970689,0.332669,0.43705294,536.8344247341156,638.7244606018066,0.3000905
7aa93916-362d-4755-a5dc-63f1a8d45579,348,11.6,right_elbow,0.563336,0.31941274,-0.40165392,608.4028959274292,613.2724571228027,0.98366326
7aa93916-362d-4755-a5dc-63f1a8d45579,348,11.6,left_wrist,0.5195276,0.29773727,0.5617368,561.0898232460022,571.6555595397949,0.4839373
7aa93916-362d-4755-a5dc-63f1a8d45579,348,11.6,right_wrist,0.58442944,0.2781825,-0.45437723,631.1837983131409,534.1104125976562,0.98244643
7aa93916-362d-4755-a5dc-63f1a8d45579,348,11.6,left_hip,0.45892248,0.470192,0.15408692,495.6362736225128,902.768611907959,0.9997949
7aa93916-362d-4755-a5dc-63f1a8d45579,348,11.6,right_hip,0.4995177,0.46862268,-0.15452103,539.4791257381439,899.7555541992188,0.9998914
7aa93916-362d-4755-a5dc-63f1a8d45579,348,11.6,left_knee,0.4904112,0.53842324,0.29335853,529.6440875530243,1033.7726211547852,0.7120639
7aa93916-362d-4755-a5dc-63f1a8d45579,348,11.6,right_knee,0.52661055,0.54500175,-0.08759423,568.7393975257874,1046.4033508300781,0.9942106
7aa93916-362d-4755-a5dc-63f1a8d45579,348,11.6,left_ankle,0.48032916,0.6006975,0.4393991,518.7554883956909,1153.3392333984375,0.81469864
7aa93916-362d-4755-a5dc-63f1a8d45579,348,11.6,right_ankle,0.5195843,0.62450427,-0.038946826,561.1510419845581,1199.048194885254,0.99583614
7aa93916-362d-4755-a5dc-63f1a8d45579,348,11.6,left_heel,0.46385065,0.6136452,0.45189133,500.9586989879608,1178.1987762451172,0.87680805
7aa93916-362d-4755-a5dc-63f1a8d45579,348,11.6,right_heel,0.49855915,0.63314396,-0.036603484,538.4438788890839,1215.6364059448242,0.9934112
7aa93916-362d-4755-a5dc-63f1a8d45579,348,11.6,left_foot_index,0.5240371,0.62582725,0.42998698,565.9600925445557,1201.5883255004883,0.76252013
7aa93916-362d-4755-a5dc-63f1a8d45579,348,11.6,right_foot_index,0.5652697,0.64994836,-0.121234275,610.4912853240967,1247.9008483886719,0.9854481
7aa93916-362d-4755-a5dc-63f1a8d45579,351,11.7,nose,0.5064033,0.33315128,-0.030638233,546.9155931472778,639.6504592895508,0.99981755
7aa93916-362d-4755-a5dc-63f1a8d45579,351,11.7,left_shoulder,0.45405266,0.3741146,0.21012151,490.37686944007874,718.3000373840332,0.9968327
7aa93916-362d-4755-a5dc-63f1a8d45579,351,11.7,right_shoulder,0.5118292,0.36326098,-0.22545189,552.7755331993103,697.4610900878906,0.99975777
7aa93916-362d-4755-a5dc-63f1a8d45579,351,11.7,left_elbow,0.49595627,0.33505264,0.43360248,535.6327736377716,643.3010673522949,0.30170444
7aa93916-362d-4755-a5dc-63f1a8d45579,351,11.7,right_elbow,0.5618763,0.3227996,-0.37619555,606.8264007568359,619.775218963623,0.9844638
7aa93916-362d-4755-a5dc-63f1a8d45579,351,11.7,left_wrist,0.5172576,0.29858628,0.5484254,558.6381769180298,573.2856559753418,0.4883466
7aa93916-362d-4755-a5dc-63f1a8d45579,351,11.7,right_wrist,0.58656466,0.27935514,-0.39091206,633.4898328781128,536.3618659973145,0.98355985
7aa93916-362d-4755-a5dc-63f1a8d45579,351,11.7,left_hip,0.45854044,0.47293052,0.15210845,495.2236747741699,908.0265998840332,0.9997954
7aa93916-362d-4755-a5dc-63f1a8d45579,351,11.7,right_hip,0.49873808,0.47127074,-0.15251768,538.6371266841888,904.8398208618164,0.99988836
7aa93916-362d-4755-a5dc-63f1a8d45579,351,11.7,left_knee,0.48694158,0.5414318,0.29406142,525.8969020843506,1039.5490264892578,0.70995355
7aa93916-362d-4755-a5dc-63f1a8d45579,351,11.7,right_knee,0.52635705,0.5480909,-0.07851858,568.4656190872192,1052.3344802856445,0.9939651
7aa93916-362d-4755-a5dc-63f1a8d45579,351,11.7,left_ankle,0.4778716,0.6051908,0.42308614,516.101324558258,1161.9663619995117,0.813213
7aa93916-362d-4755-a5dc-63f1a8d45579,351,11.7,right_ankle,0.52016777,0.62736744,-0.032839943,561.7811894416809,1204.5454788208008,0.9957197
7aa93916-362d-4755-a5dc-63f1a8d45579,351,11.7,left_heel,0.46121076,0.6170564,0.43440032,498.1076180934906,1184.7483444213867,0.87750274
7aa93916-362d-4755-a5dc-63f1a8d45579,351,11.7,right_heel,0.49960923,0.6357165,-0.030478388,539.5779705047607,1220.5756759643555,0.99337894
7aa93916-362d-4755-a5dc-63f1a8d45579,351,11.7,left_foot_index,0.52064174,0.6295444,0.41497612,562.2930836677551,1208.7252044677734,0.7572521
7aa93916-362d-4755-a5dc-63f1a8d45579,351,11.7,right_foot_index,0.5619413,0.6520875,-0.1103036,606.8966317176819,1252.0080184936523,0.98495525
7aa93916-362d-4755-a5dc-63f1a8d45579,354,11.8,nose,0.50465894,0.33550125,-0.02478256,545.0316524505615,644.1624069213867,0.99982196
7aa93916-362d-4755-a5dc-63f1a8d45579,354,11.8,left_shoulder,0.45343515,0.37613347,0.20582421,489.70996499061584,722.1762657165527,0.99693817
7aa93916-362d-4755-a5dc-63f1a8d45579,354,11.8,right_shoulder,0.5101834,0.36602995,-0.2272687,550.9980654716492,702.7775001525879,0.99976474
7aa93916-362d-4755-a5dc-63f1a8d45579,354,11.8,left_elbow,0.49482375,0.33803502,0.44487774,534.4096541404724,649.0272331237793,0.30320093
7aa93916-362d-4755-a5dc-63f1a8d45579,354,11.8,right_elbow,0.56056577,0.32621115,-0.33341238,605.4110312461853,626.3254165649414,0.9853202
7aa93916-362d-4755-a5dc-63f1a8d45579,354,11.8,left_wrist,0.51633835,0.30043092,0.5769988,557.6454162597656,576.8273735046387,0.49690086
7aa93916-362d-4755-a5dc-63f1a8d45579,354,11.8,right_wrist,0.58665735,0.28156626,-0.303585,633.5899329185486,540.6072235107422,0.98475516
7aa93916-362d-4755-a5dc-63f1a8d45579,354,11.8,left_hip,0.45858678,0.4761399,0.14912723,495.2737247943878,914.1886138916016,0.99979967
7aa93916-362d-4755-a5dc-63f1a8d45579,354,11.8,right_hip,0.49737203,0.47575387,-0.14952613,537.1617937088013,913.447437286377,0.999886
7aa93916-362d-4755-a5dc-63f1a8d45579,354,11.8,left_knee,0.48524633,0.545585,0.2747177,524.066036939621,1047.5231552124023,0.7137405
7aa93916-362d-4755-a5dc-63f1a8d45579,354,11.8,right_knee,0.5250582,0.5525845,-0.07162193,567.0628666877747,1060.9622955322266,0.99367553
7aa93916-362d-4755-a5dc-63f1a8d45579,354,11.8,left_ankle,0.4757251,0.6109703,0.40663633,513.7831234931946,1173.0630111694336,0.81190366
7aa93916-362d-4755-a5dc-63f1a8d45579,354,11.8,right_ankle,0.520537,0.63212395,-0.0039403667,562.1799802780151,1213.677978515625,0.995483
7aa93916-362d-4755-a5dc-63f1a8d45579,354,11.8,left_heel,0.45926085,0.62201464,0.4190823,496.0017192363739,1194.2681121826172,0.87862056
7aa93916-362d-4755-a5dc-63f1a8d45579,354,11.8,right_heel,0.50030303,0.64211833,0.0021246863,540.3272724151611,1232.867202758789,0.99327636
7aa93916-362d-4755-a5dc-63f1a8d45579,354,11.8,left_foot_index,0.51775414,0.6344319,0.40241417,559.1744685173035,1218.109245300293,0.74766576
7aa93916-362d-4755-a5dc-63f1a8d45579,354,11.8,right_foot_index,0.55940634,0.6547572,-0.062051352,604.1588473320007,1257.1338272094727,0.9837447
7aa93916-362d-4755-a5dc-63f1a8d45579,357,11.9,nose,0.50134844,0.3388012,-0.02249254,541.456310749054,650.4983139038086,0.999821
7aa93916-362d-4755-a5dc-63f1a8d45579,357,11.9,left_shoulder,0.44958922,0.3789613,0.19363897,485.55636048316956,727.6056861877441,0.9970369
7aa93916-362d-4755-a5dc-63f1a8d45579,357,11.9,right_shoulder,0.5088484,0.36975205,-0.22491118,549.556303024292,709.9239349365234,0.999771
7aa93916-362d-4755-a5dc-63f1a8d45579,357,11.9,left_elbow,0.49183583,0.34022102,0.43538004,531.1826992034912,653.2243537902832,0.3065821
7aa93916-362d-4755-a5dc-63f1a8d45579,357,11.9,right_elbow,0.55906224,0.32999465,-0.31490013,603.7872219085693,633.5897254943848,0.98599267
7aa93916-362d-4755-a5dc-63f1a8d45579,357,11.9,left_wrist,0.514619,0.3031239,0.5480847,555.7885122299194,581.9978713989258,0.50900257
7aa93916-362d-4755-a5dc-63f1a8d45579,357,11.9,right_wrist,0.587585,0.28562808,-0.27707142,634.5917701721191,548.4059143066406,0.98580104
7aa93916-362d-4755-a5dc-63f1a8d45579,357,11.9,left_hip,0.45836213,0.47825485,0.14509568,495.0311028957367,918.2493209838867,0.99980366
7aa93916-362d-4755-a5dc-63f1a8d45579,357,11.9,right_hip,0.49746493,0.47919637,-0.14554143,537.2621190547943,920.0570297241211,0.9998847
7aa93916-362d-4755-a5dc-63f1a8d45579,357,11.9,left_knee,0.48306775,0.54767203,0.2749927,521.713171005249,1051.5303039550781,0.7217839
7aa93916-362d-4755-a5dc-63f1a8d45579,357,11.9,right_knee,0.5230886,0.55584884,-0.07133666,564.9356603622437,1067.2297668457031,0.9935488
7aa93916-362d-4755-a5dc-63f1a8d45579,357,11.9,left_ankle,0.47251555,0.6120665,0.40552273,510.3167974948883,1175.1676940917969,0.814086
7aa93916-362d-4755-a5dc-63f1a8d45579,357,11.9,right_ankle,0.5199684,0.6351272,-0.003836185,561.5658617019653,1219.4441986083984,0.99533224
7aa93916-362d-4755-a5dc-63f1a8d45579,357,11.9,left_heel,0.45599154,0.6231358,0.41786027,492.4708592891693,1196.4207458496094,0.881124
7aa93916-362d-4755-a5dc-63f1a8d45579,357,11.9,right_heel,0.50076765,0.6451613,0.0019096537,540.8290600776672,1238.7096405029297,0.99319994
7aa93916-362d-4755-a5dc-63f1a8d45579,357,11.9,left_foot_index,0.5130268,0.63432205,0.4025977,554.0689158439636,1217.8983306884766,0.7430452
7aa93916-362d-4755-a5dc-63f1a8d45579,357,11.9,right_foot_index,0.55790573,0.6571828,-0.06534702,602.5381922721863,1261.791000366211,0.98279995
