run_id,frame_id,timestamp,joint,x_norm,y_norm,z_norm,x_norm_smooth,y_norm_smooth,z_norm_smooth,x_px,y_px,x_px_smooth,y_px_smooth,confidence,interpolated,is_missing
7ae6904d-8782-4caa-8a1f-a9caf51a24c3,0,0.0,left_ankle,0.52278495,0.88946545,0.18324757,0.5223814645714283,0.889649671428571,0.17361296457142847,564.6077,1707.7737,564.1719457142855,1708.127382857142,0.94368666,False,False
7ae6904d-8782-4caa-8a1f-a9caf51a24c3,0,0.0,left_elbow,0.6282815,0.658254,-0.5698567,0.6282419685714282,0.6582466217142855,-0.5897700914285712,678.544,1263.8478,678.5013185714283,1263.8336142857136,0.9794973,False,False
7ae6904d-8782-4caa-8a1f-a9caf51a24c3,0,0.0,left_foot_index,0.55825126,0.93130493,-0.00876059,0.558039104285714,0.9313807142857138,-0.018020399025714277,602.9114,1788.1055,602.6822685714283,1788.2509742857133,0.945235,False,False
7ae6904d-8782-4caa-8a1f-a9caf51a24c3,0,0.0,left_heel,0.49053046,0.8995921,0.2156833,0.490546886285714,0.8997186365714281,0.2062513042857142,529.7729,1727.2168,529.7906419999998,1727.459765714285,0.8749963,False,False
7ae6904d-8782-4caa-8a1f-a9caf51a24c3,0,0.0,left_hip,0.5632587,0.7056085,0.07454089,0.5634074399999998,0.7057128777142854,0.0671374711428571,608.3194,1354.7683,608.4800285714282,1354.968725714285,0.99953866,False,False
7ae6904d-8782-4caa-8a1f-a9caf51a24c3,0,0.0,left_knee,0.6103959,0.8054869,-0.26433706,0.6097271537142854,0.8056623177142854,-0.2704469705714284,659.2276,1546.5349,658.5053457142855,1546.8716714285706,0.9558869,False,False
7ae6904d-8782-4caa-8a1f-a9caf51a24c3,0,0.0,left_shoulder,0.6006726,0.57562613,-0.35081553,0.6007842025714283,0.575730042285714,-0.3682107308571426,648.72644,1105.2021,648.8469577142854,1105.4016257142853,0.99986565,False,False
7ae6904d-8782-4caa-8a1f-a9caf51a24c3,0,0.0,left_wrist,0.5473222,0.6251946,-1.0344234,0.545268326285714,0.6254038842857139,-1.0417437342857139,591.108,1200.3737,588.8898034285712,1200.775511428571,0.9758356,False,False
7ae6904d-8782-4caa-8a1f-a9caf51a24c3,0,0.0,nose,0.49809554,0.54153717,-0.8664269,0.49787925885714257,0.5415041897142854,-0.8658772057142853,537.9432,1039.7513,537.7096054285713,1039.6879999999994,0.9997085,False,False
7ae6904d-8782-4caa-8a1f-a9caf51a24c3,0,0.0,right_ankle,0.44564608,0.90855855,-0.035090763,0.446346566285714,0.9085472485714281,-1.2047142857143922e-05,481.29776,1744.4324,482.05428799999976,1744.4107314285704,0.9816715,False,False
7ae6904d-8782-4caa-8a1f-a9caf51a24c3,0,0.0,right_elbow,0.37318644,0.67647994,-0.58188576,0.37326650742857126,0.6764916425714282,-0.5809487674285712,403.04135,1298.8414,403.12782799999985,1298.8638999999994,0.9908929,False,False
7ae6904d-8782-4caa-8a1f-a9caf51a24c3,0,0.0,right_foot_index,0.49466673,0.9518293,-0.29487476,0.4947908648571426,0.9517500828571424,-0.2545440474285713,534.24005,1827.5123,534.3741371428569,1827.3601999999992,0.9751565,False,False
7ae6904d-8782-4caa-8a1f-a9caf51a24c3,0,0.0,right_heel,0.42881608,0.9201271,-0.015315702,0.4301407985714284,0.9202961765714281,0.020585289942857122,463.12137,1766.644,464.5520708571426,1766.9686257142848,0.8194662,False,False
7ae6904d-8782-4caa-8a1f-a9caf51a24c3,0,0.0,right_hip,0.4595746,0.70864844,-0.074539915,0.45951123914285685,0.708668447428571,-0.06716476197142854,496.34058,1360.605,496.2721491428569,1360.6434342857137,0.9992021,False,False
7ae6904d-8782-4caa-8a1f-a9caf51a24c3,0,0.0,right_knee,0.49943826,0.8100016,-0.35335124,0.4991360228571426,0.8103918262857138,-0.32509402057142844,539.3933,1555.2031,539.0668914285711,1555.9522942857136,0.9868217,False,False
7ae6904d-8782-4caa-8a1f-a9caf51a24c3,0,0.0,right_shoulder,0.41836685,0.5876649,-0.38706735,0.4182635702857141,0.5882319119999997,-0.38635679142857116,451.8362,1128.3167,451.7246539999998,1129.405331428571,0.9998485,False,False
7ae6904d-8782-4caa-8a1f-a9caf51a24c3,0,0.0,right_wrist,0.43122146,0.6311614,-1.0034498,0.4312195348571426,0.6319864685714283,-1.001314108571428,465.71918,1211.8298,465.71709371428545,1213.413928571428,0.97415745,False,False
7ae6904d-8782-4caa-8a1f-a9caf51a24c3,1,0.0177985739750445,left_ankle,0.52103823,0.8903347,0.15444402,0.5213888074285711,0.8902030385714281,0.1684931622857142,562.7213,1709.4426,563.0999291428568,1709.1898542857134,0.9426307,False,False
7ae6904d-8782-4caa-8a1f-a9caf51a24c3,1,0.0177985739750445,left_elbow,0.62788785,0.65824723,-0.6603423,0.6278110697142854,0.6582618288571425,-0.6471098879999997,678.1189,1263.8347,678.035959428571,1263.8627285714279,0.9795981,False,False
7ae6904d-8782-4caa-8a1f-a9caf51a24c3,1,0.0177985739750445,left_foot_index,0.5573661,0.9316177,-0.034820117,0.557567542285714,0.9315474297142852,-0.02044447833714285,601.9554,1788.7059,602.1729514285712,1788.5710114285703,0.94419557,False,False
7ae6904d-8782-4caa-8a1f-a9caf51a24c3,1,0.0177985739750445,left_heel,0.4908615,0.9001792,0.18827492,0.4909626514285712,0.900079819428571,0.2024369299999999,530.13043,1728.3441,530.239676285714,1728.153282857142,0.871293,False,False
7ae6904d-8782-4caa-8a1f-a9caf51a24c3,1,0.0177985739750445,left_hip,0.5642068,0.706092,0.04372947,0.564174014285714,0.7060184151428568,0.05019113365714283,609.3433,1355.6967,609.3078948571426,1355.555408571428,0.99953115,False,False
7ae6904d-8782-4caa-8a1f-a9caf51a24c3,1,0.0177985739750445,left_knee,0.60716033,0.80647165,-0.28487688,0.6075692951428568,0.8064119619999996,-0.27719114999999983,655.73315,1548.4255,656.174838285714,1548.310925714285,0.9568579,False,False
7ae6904d-8782-4caa-8a1f-a9caf51a24c3,1,0.0177985739750445,left_shoulder,0.6012708,0.5760936,-0.42769605,0.6011920577142854,0.5759927048571425,-0.4149511602857141,649.37244,1106.0997,649.2874097142853,1105.9059685714278,0.9998466,False,False
7ae6904d-8782-4caa-8a1f-a9caf51a24c3,1,0.0177985739750445,left_wrist,0.53782576,0.6259503,-1.0741717,0.5392308605714283,0.6257120571428568,-1.0727422771428565,580.8518,1201.8246,582.3693234285711,1201.3672028571423,0.97450596,False,False
7ae6904d-8782-4caa-8a1f-a9caf51a24c3,1,0.0177985739750445,nose,0.49656215,0.54138666,-0.86885595,0.49659727228571404,0.5414166899999997,-0.8717461671428568,536.2871,1039.4624,536.3250439999997,1039.5200342857138,0.99971837,False,False
7ae6904d-8782-4caa-8a1f-a9caf51a24c3,1,0.0177985739750445,right_ankle,0.44883236,0.9084805,0.100541264,0.4483277068571426,0.9084773499999996,0.06569613774285712,484.73895,1744.2826,484.19392028571406,1744.276479999999,0.9791197,False,False
7ae6904d-8782-4caa-8a1f-a9caf51a24c3,1,0.0177985739750445,right_elbow,0.37370446,0.676493,-0.5854493,0.37370050342857125,0.6764685817142854,-0.5900096368571426,403.60083,1298.8666,403.5965519999998,1298.8196971428565,0.99089414,False,False
7ae6904d-8782-4caa-8a1f-a9caf51a24c3,1,0.0177985739750445,right_foot_index,0.4952281,0.9514342,-0.1405639,0.4951303531428569,0.9514872742857139,-0.1814819439999999,534.8464,1826.7537,534.740804285714,1826.8556142857133,0.97122246,False,False
7ae6904d-8782-4caa-8a1f-a9caf51a24c3,1,0.0177985739750445,right_heel,0.43460184,0.92095834,0.12363336,0.43354183114285694,0.9208440451428567,0.08804341748571426,469.37,1768.24,468.22517857142833,1768.0205714285705,0.805603,False,False
7ae6904d-8782-4caa-8a1f-a9caf51a24c3,1,0.0177985739750445,right_hip,0.45928293,0.70873195,-0.043843232,0.4593238594285712,0.7087138351428568,-0.050278085257142835,496.02557,1360.7654,496.0697745714283,1360.7305914285707,0.9992044,False,False
7ae6904d-8782-4caa-8a1f-a9caf51a24c3,1,0.0177985739750445,right_knee,0.49804,0.8115889,-0.24605134,0.4982458197142855,0.8112275019999995,-0.2751111254285713,537.8832,1558.2506,538.105474285714,1557.5567771428564,0.98588085,False,False
7ae6904d-8782-4caa-8a1f-a9caf51a24c3,1,0.0177985739750445,right_shoulder,0.41793668,0.59010786,-0.38752535,0.41803028599999975,0.5896342919999997,-0.38980150142857123,451.3716,1133.0071,451.47269657142834,1132.097911428571,0.99985003,False,False
7ae6904d-8782-4caa-8a1f-a9caf51a24c3,1,0.0177985739750445,right_wrist,0.4312158,0.6343304,-1.0034751,0.43124927999999974,0.6334674422857138,-1.0097401371428565,465.71304,1217.9143,465.7492045714283,1216.2574342857135,0.97399825,False,False
7ae6904d-8782-4caa-8a1f-a9caf51a24c3,2,0.0355971479500891,left_ankle,0.5205054,0.8907932,0.1804371,0.5204173945714283,0.890812793428571,0.17075921485714277,562.1459,1710.323,562.0508265714284,1710.3605685714276,0.9412674,False,False
7ae6904d-8782-4caa-8a1f-a9caf51a24c3,2,0.0355971479500891,left_elbow,0.6271681,0.658313,-0.6994762,0.6273618528571425,0.6583116388571426,-0.6968728479999997,677.34155,1263.9609,677.5508214285711,1263.9583199999993,0.9799844,False,False
7ae6904d-8782-4caa-8a1f-a9caf51a24c3,2,0.0355971479500891,left_foot_index,0.55718577,0.93167186,-0.0049675927,0.5571389168571426,0.9316912579999996,-0.015387952239999995,601.7606,1788.8099,601.7100114285711,1788.847142857142,0.9430297,False,False
7ae6904d-8782-4caa-8a1f-a9caf51a24c3,2,0.0355971479500891,left_heel,0.49166298,0.90046424,0.21608973,0.49154738228571404,0.9004935508571423,0.20598519685714275,530.99603,1728.8914,530.8711682857141,1728.947662857142,0.8670764,False,False
7ae6904d-8782-4caa-8a1f-a9caf51a24c3,2,0.0355971479500891,left_hip,0.5653158,0.70632476,0.03766843,0.5652907028571426,0.7063033965714283,0.03629525217142855,610.541,1356.1436,610.5139039999998,1356.1025428571422,0.99951893,False,False
7ae6904d-8782-4caa-8a1f-a9caf51a24c3,2,0.0355971479500891,left_knee,0.60525566,0.80737936,-0.27521405,0.6053359794285711,0.8073092619999995,-0.2792428785714284,653.6761,1550.1683,653.7628497142855,1550.0337114285708,0.95758176,False,False
7ae6904d-8782-4caa-8a1f-a9caf51a24c3,2,0.0355971479500891,left_shoulder,0.60176337,0.5762837,-0.4553936,0.6018295019999996,0.5763436031428568,-0.4547340868571426,649.9044,1106.4647,649.9758145714281,1106.5797199999993,0.99983114,False,False
7ae6904d-8782-4caa-8a1f-a9caf51a24c3,2,0.0355971479500891,left_wrist,0.5332983,0.62577575,-1.1080127,0.5334839468571426,0.6258669928571424,-1.1026266285714281,575.96216,1201.4895,576.1626525714283,1201.6646399999993,0.97400635,False,False
7ae6904d-8782-4caa-8a1f-a9caf51a24c3,2,0.0355971479500891,nose,0.49448526,0.5413199,-0.8825562,0.49446609257142826,0.5412983111428569,-0.8789789914285709,534.04407,1039.3342,534.0233648571426,1039.2927571428565,0.99973005,False,False
7ae6904d-8782-4caa-8a1f-a9caf51a24c3,2,0.0355971479500891,right_ankle,0.45021886,0.9083782,0.09818566,0.4502617351428569,0.9083888611428567,0.11008301225714281,486.23636,1744.086,486.2826671428569,1744.106545714285,0.97778153,False,False
7ae6904d-8782-4caa-8a1f-a9caf51a24c3,2,0.0355971479500891,right_elbow,0.3743244,0.67639565,-0.6070715,0.3742992205714284,0.6764448868571425,-0.6023937319999997,404.27036,1298.6797,404.2431662857141,1298.7742085714278,0.9908748,False,False
7ae6904d-8782-4caa-8a1f-a9caf51a24c3,2,0.0355971479500891,right_foot_index,0.49546397,0.9511731,-0.1481563,0.4954915854285712,0.9511581942857137,-0.1333010782857142,535.1011,1826.2524,535.1309448571426,1826.2237542857133,0.96931,False,False
7ae6904d-8782-4caa-8a1f-a9caf51a24c3,2,0.0355971479500891,right_heel,0.43650407,0.9214795,0.12163564,0.43670734657142835,0.9214734537142852,0.13370329359999997,471.42438,1769.2407,471.6439328571426,1769.2290685714277,0.7970984,False,False
7ae6904d-8782-4caa-8a1f-a9caf51a24c3,2,0.0355971479500891,right_hip,0.45914713,0.70874906,-0.037796635,0.4591516505714283,0.7087442917142853,-0.03643408257142856,495.8789,1360.7982,495.8837797142855,1360.7890628571422,0.99921423,False,False
7ae6904d-8782-4caa-8a1f-a9caf51a24c3,2,0.0355971479500891,right_knee,0.49737132,0.81179816,-0.2538192,0.497371102285714,0.8119007634285711,-0.24293136428571419,537.161,1558.6525,537.1607685714282,1558.849462857142,0.98532605,False,False
7ae6904d-8782-4caa-8a1f-a9caf51a24c3,2,0.0355971479500891,right_shoulder,0.4178511,0.5908216,-0.3971892,0.4178146602857141,0.5909429319999997,-0.3950864237142855,451.27917,1134.3776,451.2398185714283,1134.6104857142852,0.9998538,False,False
7ae6904d-8782-4caa-8a1f-a9caf51a24c3,2,0.0355971479500891,right_wrist,0.43122128,0.6342116,-1.0284674,0.4312518594285712,0.6344808079999997,-1.0228765657142853,465.71896,1217.6863,465.7519857142854,1218.203182857142,0.9738697,False,False
7ae6904d-8782-4caa-8a1f-a9caf51a24c3,3,0.0533957219251336,left_ankle,0.520057,0.891097,0.18092033,0.5200152151428569,0.8910966485714281,0.18502619514285706,561.66156,1710.9062,561.6164571428569,1710.9055571428562,0.9398501,False,False
7ae6904d-8782-4caa-8a1f-a9caf51a24c3,3,0.0533957219251336,left_elbow,0.62708557,0.6583603,-0.69979924,0.6268711942857139,0.6583426719999996,-0.7011928257142854,677.25244,1264.0518,677.0208939999997,1264.0179171428565,0.9803263,False,False
7ae6904d-8782-4caa-8a1f-a9caf51a24c3,3,0.0533957219251336,left_foot_index,0.5569501,0.93171585,-0.0049472232,0.5569244405714283,0.9317170217142854,-0.0007435393397142815,601.5061,1788.8944,601.4783885714282,1788.8966371428562,0.94179314,False,False
7ae6904d-8782-4caa-8a1f-a9caf51a24c3,3,0.0533957219251336,left_heel,0.4918942,0.9007175,0.21653585,0.49189399085714264,0.9007062251428567,0.22106235885714276,531.2457,1729.3776,531.2454994285712,1729.3559657142846,0.8626618,False,False
7ae6904d-8782-4caa-8a1f-a9caf51a24c3,3,0.0533957219251336,left_hip,0.566181,0.70643103,0.036533494,0.5661516599999998,0.7065143837142853,0.036359881599999984,611.47546,1356.3475,611.4437697142855,1356.507605714285,0.99950707,False,False
7ae6904d-8782-4caa-8a1f-a9caf51a24c3,3,0.0533957219251336,left_knee,0.6044771,0.8078446,-0.27427295,0.6043344851428568,0.8079070959999997,-0.27349499685714274,652.83527,1551.0616,652.6812354285711,1551.1815828571423,0.9580797,False,False
7ae6904d-8782-4caa-8a1f-a9caf51a24c3,3,0.0533957219251336,left_shoulder,0.60236514,0.5766287,-0.45653507,0.6022831577142853,0.5765993214285712,-0.45736961085714256,650.5543,1107.1271,650.4657708571426,1107.0706828571424,0.99981445,False,False
7ae6904d-8782-4caa-8a1f-a9caf51a24c3,3,0.0533957219251336,left_wrist,0.5318124,0.6257645,-1.1069674,0.5311516954285711,0.6257397971428569,-1.1057957114285708,574.3574,1201.4678,573.6438439999997,1201.4204257142849,0.97341305,False,False
7ae6904d-8782-4caa-8a1f-a9caf51a24c3,3,0.0533957219251336,nose,0.492445,0.5412208,-0.8826506,0.4925911205714283,0.5412405999999996,-0.8811034271428566,531.8406,1039.1439,531.9984119999998,1039.1819057142852,0.9997391,False,False
7ae6904d-8782-4caa-8a1f-a9caf51a24c3,3,0.0533957219251336,right_ankle,0.45070714,0.9083422,0.09074924,0.45068737771428546,0.908342155428571,0.0872992271428571,486.7637,1744.017,486.74235799999974,1744.0168971428566,0.97648656,False,False
7ae6904d-8782-4caa-8a1f-a9caf51a24c3,3,0.0533957219251336,right_elbow,0.37467632,0.6763493,-0.60804355,0.37464136828571404,0.6762679125714283,-0.6060415385714283,404.65042,1298.5906,404.612673142857,1298.4343857142849,0.9908439,False,False
7ae6904d-8782-4caa-8a1f-a9caf51a24c3,3,0.0533957219251336,right_foot_index,0.49562785,0.9509559,-0.1564889,0.49560467371428546,0.9509905285714281,-0.1606727565714285,535.2781,1825.8353,535.253060285714,1825.9018142857135,0.96742034,False,False
7ae6904d-8782-4caa-8a1f-a9caf51a24c3,3,0.0533957219251336,right_heel,0.43722025,0.9218827,0.11401129,0.43714846771428545,0.9219460994285711,0.11050811157142851,472.19788,1770.0148,472.1203488571426,1770.136522857142,0.7886299,False,False
7ae6904d-8782-4caa-8a1f-a9caf51a24c3,3,0.0533957219251336,right_hip,0.45913723,0.7087612,-0.036673605,0.45913317314285695,0.7087942951428569,-0.03649209814285712,495.8682,1360.8215,495.86382514285685,1360.8850314285708,0.99922085,False,False
7ae6904d-8782-4caa-8a1f-a9caf51a24c3,3,0.0533957219251336,right_knee,0.49715883,0.81188035,-0.25999165,0.4971484345714284,0.8118806019999996,-0.2625767902857141,536.9315,1558.8103,536.9202799999998,1558.8107714285707,0.9847411,False,False
7ae6904d-8782-4caa-8a1f-a9caf51a24c3,3,0.0533957219251336,right_shoulder,0.4177928,0.5911589,-0.39825165,0.4178140588571426,0.5911119919999998,-0.39652888114285695,451.21622,1135.0251,451.23917257142836,1134.9350999999995,0.99985766,False,False
7ae6904d-8782-4caa-8a1f-a9caf51a24c3,3,0.0533957219251336,right_wrist,0.4308641,0.63441604,-1.0302763,0.43069311199999977,0.6346063694285711,-1.0267243942857136,465.33322,1218.0789,465.1485528571426,1218.4442999999992,0.9738592,False,False
7ae6904d-8782-4caa-8a1f-a9caf51a24c3,4,0.0711942959001782,left_ankle,0.5195903,0.89127356,0.18849589,0.5196784228571425,0.8912606599999996,0.18662082314285705,561.15753,1711.2452,561.2526925714283,1711.220419999999,0.9382082,False,False
7ae6904d-8782-4caa-8a1f-a9caf51a24c3,4,0.0711942959001782,left_elbow,0.62634313,0.658314,-0.7042247,0.6264864185714283,0.6583351302857139,-0.7133779622857139,676.45056,1263.9629,676.605328285714,1264.0035199999993,0.9801502,False,False
7ae6904d-8782-4caa-8a1f-a9caf51a24c3,4,0.0711942959001782,left_foot_index,0.55644554,0.9317718,0.0010676467,0.5564654677142854,0.9317756202857139,-0.00011636406971428414,600.9612,1789.0018,600.9827014285711,1789.009128571428,0.9404525,False,False
7ae6904d-8782-4caa-8a1f-a9caf51a24c3,4,0.0711942959001782,left_heel,0.4918631,0.9008673,0.22490762,0.4919137665714283,0.9008574737142853,0.22264836285714276,531.21216,1729.6652,531.2668619999997,1729.6463342857132,0.8576403,False,False
7ae6904d-8782-4caa-8a1f-a9caf51a24c3,4,0.0711942959001782,left_hip,0.5666905,0.7067843,0.036520794,0.5666822225714283,0.706694622285714,0.03626246974285713,612.02576,1357.0259,612.016818285714,1356.853691428571,0.9994911,False,False
7ae6904d-8782-4caa-8a1f-a9caf51a24c3,4,0.0711942959001782,left_knee,0.6036828,0.80831975,-0.27397496,0.6037556657142854,0.8082621345714281,-0.2740176482857141,651.9774,1551.9739,652.0561011428567,1551.8632771428563,0.9581828,False,False
7ae6904d-8782-4caa-8a1f-a9caf51a24c3,4,0.0711942959001782,left_shoulder,0.6025194,0.576862,-0.46144167,0.6025454905714283,0.5768802142857139,-0.4683438008571426,650.72095,1107.575,650.749124285714,1107.6099799999995,0.99979395,False,False
7ae6904d-8782-4caa-8a1f-a9caf51a24c3,4,0.0711942959001782,left_wrist,0.52927476,0.6259456,-1.1048943,0.5298612119999997,0.626027684285714,-1.1178148971428565,571.61676,1201.8156,572.2501097142855,1201.9731599999993,0.9713019,False,False
7ae6904d-8782-4caa-8a1f-a9caf51a24c3,4,0.0711942959001782,nose,0.49124512,0.54122514,-0.8859962,0.49110053628571404,0.5412278674285711,-0.896118748571428,530.54474,1039.1522,530.3885848571426,1039.1574628571425,0.99973905,False,False
7ae6904d-8782-4caa-8a1f-a9caf51a24c3,4,0.0711942959001782,right_ankle,0.45069855,0.90833867,0.072336376,0.4507694185714284,0.9083311511428567,0.07678775062857138,486.75443,1744.0103,486.83096514285694,1743.995822857142,0.97547686,False,False
7ae6904d-8782-4caa-8a1f-a9caf51a24c3,4,0.0711942959001782,right_elbow,0.37468404,0.67594093,-0.6042306,0.37471281942857126,0.6759831159999997,-0.6136197085714282,404.65875,1297.8066,404.6898325714284,1297.8875571428564,0.99051744,False,False
7ae6904d-8782-4caa-8a1f-a9caf51a24c3,4,0.0711942959001782,right_foot_index,0.49565107,0.9508664,-0.17770956,0.49566463085714263,0.9508143028571423,-0.17303009657142848,535.30316,1825.6635,535.3178068571426,1825.5634714285707,0.9660112,False,False
7ae6904d-8782-4caa-8a1f-a9caf51a24c3,4,0.0711942959001782,right_heel,0.4370763,0.9224306,0.09529117,0.43719776399999977,0.9223599199999996,0.09998642928571425,472.04242,1771.0667,472.17359885714257,1770.9310228571421,0.78160316,False,False
7ae6904d-8782-4caa-8a1f-a9caf51a24c3,4,0.0711942959001782,right_hip,0.45917052,0.70888543,-0.036644068,0.4591593728571426,0.708843032285714,-0.03639691171428569,495.90417,1361.06,495.8921254285712,1360.978622857142,0.9992219,False,False
7ae6904d-8782-4caa-8a1f-a9caf51a24c3,4,0.0711942959001782,right_knee,0.49713168,0.8118894,-0.27493027,0.49712206028571404,0.8118911262857138,-0.2734755562857141,536.9022,1558.8276,536.8918028571427,1558.830942857142,0.9843375,False,False
7ae6904d-8782-4caa-8a1f-a9caf51a24c3,4,0.0711942959001782,right_shoulder,0.4178696,0.591057,-0.39743784,0.41786321685714267,0.5911010057142854,-0.4038591925714284,451.29916,1134.8295,451.29227714285696,1134.9139285714282,0.99986,False,False
7ae6904d-8782-4caa-8a1f-a9caf51a24c3,4,0.0711942959001782,right_wrist,0.4294137,0.635414,-1.0259778,0.42961147199999977,0.6350838791428568,-1.0404690599999993,463.7668,1219.9949,463.9803914285712,1219.3610942857135,0.9722578,False,False
7ae6904d-8782-4caa-8a1f-a9caf51a24c3,5,0.0889928698752228,left_ankle,0.51949006,0.89135444,0.1878642,0.5194244714285711,0.8913850828571424,0.18868927457142848,561.04926,1711.4005,560.9784274285712,1711.4593514285707,0.93653643,False,False
7ae6904d-8782-4caa-8a1f-a9caf51a24c3,5,0.0889928698752228,left_elbow,0.6261447,0.65830463,-0.73940736,0.6261537857142854,0.6583027262857138,-0.7276755822857139,676.23627,1263.945,676.2460739999997,1263.9412628571422,0.9806669,False,False
7ae6904d-8782-4caa-8a1f-a9caf51a24c3,5,0.0889928698752228,left_foot_index,0.5557579,0.93184817,-0.00013930617,0.5556492048571426,0.9318473531428567,-0.0008805001397142833,600.2185,1789.1484,600.1011314285711,1789.146865714285,0.9391021,False,False
7ae6904d-8782-4caa-8a1f-a9caf51a24c3,5,0.0889928698752228,left_heel,0.49188006,0.9009735,0.22369011,0.49184563199999976,0.9010107728571424,0.22479287228571418,531.23047,1729.8691,531.1932922857139,1729.9406542857132,0.8537811,False,False
7ae6904d-8782-4caa-8a1f-a9caf51a24c3,5,0.0889928698752228,left_hip,0.5670747,0.7067856,0.03585194,0.5671414559999998,0.7068337465714283,0.03607329474285713,612.4407,1357.0284,612.5127839999998,1357.1207999999992,0.99948287,False,False
7ae6904d-8782-4caa-8a1f-a9caf51a24c3,5,0.0889928698752228,left_knee,0.60339475,0.80852807,-0.27531758,0.6033907179999997,0.8085713771428567,-0.27530115628571417,651.6663,1552.3739,651.6619439999997,1552.457068571428,0.9582223,False,False
7ae6904d-8782-4caa-8a1f-a9caf51a24c3,5,0.0889928698752228,left_shoulder,0.6026259,0.57705975,-0.4906983,0.6026460565714282,0.5770377094285711,-0.4826237151428569,650.836,1107.9547,650.857754285714,1107.9123999999995,0.99978364,False,False
7ae6904d-8782-4caa-8a1f-a9caf51a24c3,5,0.0889928698752228,left_wrist,0.5293003,0.6266363,-1.1493216,0.5291233351428569,0.6266871371428568,-1.1357340942857137,571.6443,1203.1417,571.4532119999998,1203.2393114285708,0.97066194,False,False
7ae6904d-8782-4caa-8a1f-a9caf51a24c3,5,0.0889928698752228,nose,0.48998463,0.5412377,-0.9275004,0.4901030854285711,0.5412427674285711,-0.917123619428571,529.1834,1039.1764,529.3113371428569,1039.1861028571425,0.9997483,False,False
7ae6904d-8782-4caa-8a1f-a9caf51a24c3,5,0.0889928698752228,right_ankle,0.450825,0.9083343,0.07730159,0.4507940108571426,0.9083439325714281,0.07609589462857139,486.891,1744.0018,486.85753885714263,1744.0203314285704,0.9741756,False,False
7ae6904d-8782-4caa-8a1f-a9caf51a24c3,5,0.0889928698752228,right_elbow,0.37467915,0.67570704,-0.6348546,0.37467597514285694,0.6757364331428568,-0.6258153299999997,404.65347,1297.3575,404.65004057142835,1297.4139685714279,0.99055785,False,False
7ae6904d-8782-4caa-8a1f-a9caf51a24c3,5,0.0889928698752228,right_foot_index,0.49573535,0.9505844,-0.17515448,0.4957563971428569,0.9506148628571424,-0.17702084428571419,535.39417,1825.1221,535.4169048571425,1825.1805742857134,0.9642951,False,False
7ae6904d-8782-4caa-8a1f-a9caf51a24c3,5,0.0889928698752228,right_heel,0.4372356,0.9226462,0.100876555,0.43718848199999977,0.9226870599999994,0.09941614042857137,472.21445,1771.4807,472.16356485714266,1771.5591285714277,0.77466226,False,False
7ae6904d-8782-4caa-8a1f-a9caf51a24c3,5,0.0889928698752228,right_hip,0.45921162,0.7088527,-0.03599553,0.45923286514285694,0.708875167428571,-0.03620761302857141,495.94855,1360.9972,495.971492285714,1361.0402799999993,0.999232,False,False
7ae6904d-8782-4caa-8a1f-a9caf51a24c3,5,0.0889928698752228,right_knee,0.4971403,0.8118763,-0.27883667,0.4971532891428569,0.8118559505714282,-0.2778295117142856,536.9115,1558.8025,536.9255254285712,1558.763422857142,0.9837146,False,False
7ae6904d-8782-4caa-8a1f-a9caf51a24c3,5,0.0889928698752228,right_shoulder,0.4179413,0.5910004,-0.42157188,0.41793131257142835,0.590992394285714,-0.41601083828571406,451.37662,1134.7207,451.36581828571406,1134.7053828571425,0.99986523,False,False
7ae6904d-8782-4caa-8a1f-a9caf51a24c3,5,0.0889928698752228,right_wrist,0.42813438,0.63545525,-1.0740868,0.4279037674285713,0.6358240622857141,-1.0596860714285707,462.38513,1220.0741,462.13606657142833,1220.7822199999994,0.9721709,False,False
7ae6904d-8782-4caa-8a1f-a9caf51a24c3,6,0.1067914438502673,left_ankle,0.51911294,0.8915217,0.18560146,0.5190904057142854,0.8915056859999995,0.18421114685714277,560.64197,1711.7217,560.6176297142855,1711.6909285714278,0.93445045,False,False
7ae6904d-8782-4caa-8a1f-a9caf51a24c3,6,0.1067914438502673,left_elbow,0.6260225,0.6582162,-0.72521394,0.6258778631428568,0.6581884354285712,-0.7278124199999996,676.1043,1263.775,675.9481045714281,1263.721762857142,0.980674,False,False
7ae6904d-8782-4caa-8a1f-a9caf51a24c3,6,0.1067914438502673,left_foot_index,0.5547405,0.93190885,-0.007970946,0.5548799314285711,0.9319103302857138,-0.007412036903999997,599.11975,1789.265,599.2703354285711,1789.267802857142,0.9376774,False,False
7ae6904d-8782-4caa-8a1f-a9caf51a24c3,6,0.1067914438502673,left_heel,0.49166435,0.9012106,0.22172639,0.49163879857142834,0.9011836059999996,0.2202485522857142,530.9975,1730.3243,530.969905142857,1730.2724771428561,0.8494159,False,False
7ae6904d-8782-4caa-8a1f-a9caf51a24c3,6,0.1067914438502673,left_hip,0.56766057,0.7068822,0.035762325,0.567617975142857,0.7068734777142853,0.03548790505714284,613.0734,1357.2137,613.027426285714,1357.1970114285707,0.99947,False,False
7ae6904d-8782-4caa-8a1f-a9caf51a24c3,6,0.1067914438502673,left_knee,0.60328484,0.808865,-0.27880028,0.6032280379999998,0.8088882414285711,-0.2795753659999999,651.5476,1553.0209,651.4862585714283,1553.0655142857136,0.95772165,False,False
7ae6904d-8782-4caa-8a1f-a9caf51a24c3,6,0.1067914438502673,left_shoulder,0.60278,0.5770856,-0.484365,0.6027711114285712,0.5770935594285711,-0.4854935828571426,651.0024,1108.0044,650.9928248571425,1108.0196399999993,0.9997705,False,False
7ae6904d-8782-4caa-8a1f-a9caf51a24c3,6,0.1067914438502673,left_wrist,0.528662,0.6271962,-1.1370372,0.5281858759999998,0.626956186285714,-1.1372843742857137,570.955,1204.2167,570.4407494285713,1203.7559171428563,0.9686382,False,False
7ae6904d-8782-4caa-8a1f-a9caf51a24c3,6,0.1067914438502673,nose,0.48944935,0.54113144,-0.9239742,0.48936285142857117,0.5411477591428568,-0.9244557394285711,528.6053,1038.9724,528.5118774285712,1039.0037628571424,0.99975216,False,False
7ae6904d-8782-4caa-8a1f-a9caf51a24c3,6,0.1067914438502673,right_ankle,0.4508916,0.9083835,0.0880667,0.4509286979999998,0.9084097962857138,0.08872359919999996,486.96295,1744.0963,487.00300428571404,1744.1467942857134,0.9726623,False,False
7ae6904d-8782-4caa-8a1f-a9caf51a24c3,6,0.1067914438502673,right_elbow,0.37465748,0.67569196,-0.6295979,0.3746970139999998,0.6756531888571424,-0.6300366285714283,404.63007,1297.3286,404.6727685714284,1297.2541228571422,0.9905751,False,False
7ae6904d-8782-4caa-8a1f-a9caf51a24c3,6,0.1067914438502673,right_foot_index,0.4959242,0.9503975,-0.1667536,0.49591503028571404,0.9504282285714281,-0.16414940542857137,535.59814,1824.7632,535.5882348571427,1824.8221885714277,0.96237403,False,False
7ae6904d-8782-4caa-8a1f-a9caf51a24c3,6,0.1067914438502673,right_heel,0.43744445,0.9228771,0.111390695,0.43749792885714256,0.9228734657142852,0.11208953642857136,472.44,1771.924,472.49775599999975,1771.9170142857133,0.76742315,False,False
7ae6904d-8782-4caa-8a1f-a9caf51a24c3,6,0.1067914438502673,right_hip,0.4593552,0.7088886,-0.035898987,0.4593414325714283,0.7088876717142854,-0.03563100617142856,496.1036,1361.066,496.08873971428545,1361.0642942857137,0.999232,False,False
7ae6904d-8782-4caa-8a1f-a9caf51a24c3,6,0.1067914438502673,right_knee,0.49714735,0.8118719,-0.26888412,0.49718839171428547,0.811941336285714,-0.267282617142857,536.9191,1558.7941,536.9634382857141,1558.927402857142,0.98282075,False,False
7ae6904d-8782-4caa-8a1f-a9caf51a24c3,6,0.1067914438502673,right_shoulder,0.41794217,0.5909602,-0.4225621,0.4179717739999998,0.590940914285714,-0.42223614399999976,451.37753,1134.6436,451.4095151428569,1134.6065542857139,0.99986964,False,False
7ae6904d-8782-4caa-8a1f-a9caf51a24c3,6,0.1067914438502673,right_wrist,0.4259831,0.63664097,-1.0640535,0.426116059142857,0.6363789894285712,-1.0650582685714278,460.06174,1222.3507,460.20534399999974,1221.847685714285,0.9717966,False,False
7ae6904d-8782-4caa-8a1f-a9caf51a24c3,7,0.1245900178253119,left_ankle,0.5185808,0.8915999,0.178658,0.5186454199999998,0.8915943559999996,0.1812445005714285,560.06726,1711.8718,560.137062285714,1711.8611714285707,0.93270236,False,False
7ae6904d-8782-4caa-8a1f-a9caf51a24c3,7,0.1245900178253119,left_elbow,0.62540275,0.65795493,-0.7183819,0.625548416285714,0.6579620554285711,-0.7279714488571425,675.435,1263.2734,675.5922934285711,1263.2870457142851,0.9803811,False,False
7ae6904d-8782-4caa-8a1f-a9caf51a24c3,7,0.1245900178253119,left_foot_index,0.55451477,0.93192726,-0.013182874,0.5545013248571427,0.9319189345714282,-0.011817490071142852,598.876,1789.3003,598.8614611428568,1789.2843314285708,0.9364987,False,False
7ae6904d-8782-4caa-8a1f-a9caf51a24c3,7,0.1245900178253119,left_heel,0.4913369,0.90131825,0.21499397,0.49139752571428547,0.9013161088571424,0.2177272425714285,530.64386,1730.531,530.7093388571426,1730.5268942857133,0.8460418,False,False
7ae6904d-8782-4caa-8a1f-a9caf51a24c3,7,0.1245900178253119,left_hip,0.56799626,0.70695966,0.03490487,0.5679994537142855,0.7069748837142853,0.03509980014285713,613.436,1357.3625,613.4394139999997,1357.3917199999994,0.9994606,False,False
7ae6904d-8782-4caa-8a1f-a9caf51a24c3,7,0.1245900178253119,left_knee,0.603072,0.80922073,-0.28511414,0.6031311437142854,0.8092069257142853,-0.28404822371428556,651.31775,1553.7039,651.3816157142854,1553.6773628571423,0.9575008,False,False
7ae6904d-8782-4caa-8a1f-a9caf51a24c3,7,0.1245900178253119,left_shoulder,0.6028419,0.57706034,-0.4767053,0.602825837142857,0.5770572979999997,-0.4825710079999998,651.0693,1107.9558,651.0519291428568,1107.9499799999994,0.9997489,False,False
7ae6904d-8782-4caa-8a1f-a9caf51a24c3,7,0.1245900178253119,left_wrist,0.52619743,0.6263918,-1.1233499,0.5267477825714283,0.626465832285714,-1.1368944542857138,568.2932,1202.6724,568.8876011428569,1202.8144885714278,0.9661926,False,False
7ae6904d-8782-4caa-8a1f-a9caf51a24c3,7,0.1245900178253119,nose,0.48904312,0.5407202,-0.91329104,0.48912921571428547,0.5405618205714283,-0.9201904794285709,528.16656,1038.1829,528.2595428571426,1037.8787771428565,0.9997537,False,False
7ae6904d-8782-4caa-8a1f-a9caf51a24c3,7,0.1245900178253119,right_ankle,0.451065,0.9084283,0.10111997,0.4510375491428569,0.9083724708571423,0.10046257999999995,487.1502,1744.1824,487.12056428571407,1744.0751799999991,0.9711692,False,False
7ae6904d-8782-4caa-8a1f-a9caf51a24c3,7,0.1245900178253119,right_elbow,0.3746519,0.6755971,-0.623601,0.37458163228571406,0.6756148342857139,-0.6307624714285711,404.62405,1297.1464,404.5481568571426,1297.1804799999995,0.9904157,False,False
7ae6904d-8782-4caa-8a1f-a9caf51a24c3,7,0.1245900178253119,right_foot_index,0.49601558,0.9502379,-0.14866261,0.496000404285714,0.9501711714285709,-0.15154047485714278,535.69684,1824.4567,535.6804514285711,1824.328625714285,0.96029013,False,False
7ae6904d-8782-4caa-8a1f-a9caf51a24c3,7,0.1245900178253119,right_heel,0.43799886,0.9229942,0.12449501,0.4380261917142855,0.922977271428571,0.12414428899999994,473.03876,1772.1488,473.0682842857141,1772.1163399999991,0.76023316,False,False
7ae6904d-8782-4caa-8a1f-a9caf51a24c3,7,0.1245900178253119,right_hip,0.45944807,0.7089566,-0.035051133,0.4594542362857141,0.7089800891428568,-0.035242458085714266,496.20392,1361.1967,496.2105757142854,1361.2417342857136,0.99923253,False,False
7ae6904d-8782-4caa-8a1f-a9caf51a24c3,7,0.1245900178253119,right_knee,0.49696395,0.81214446,-0.25399607,0.4967717699999998,0.8120773379999996,-0.2588728674285713,536.72107,1559.3174,536.5135025714283,1559.1885542857135,0.9820467,False,False
7ae6904d-8782-4caa-8a1f-a9caf51a24c3,7,0.1245900178253119,right_shoulder,0.417923,0.5910009,-0.41719565,0.4178541611428569,0.5910857357142855,-0.4211136148571426,451.35684,1134.7218,451.28248885714254,1134.8846828571423,0.99987155,False,False
7ae6904d-8782-4caa-8a1f-a9caf51a24c3,7,0.1245900178253119,right_wrist,0.4246073,0.63676953,-1.0533366,0.4246401182857141,0.6368254851428568,-1.0655223685714281,458.5759,1222.5975,458.6113351428569,1222.7049342857135,0.9708105,False,False
7ae6904d-8782-4caa-8a1f-a9caf51a24c3,8,0.1423885918003565,left_ankle,0.5182784,0.89160043,0.18020447,0.5182855794285712,0.891595146571428,0.17808723885714275,559.7407,1711.8728,559.7484314285712,1711.8626342857135,0.9316589,False,False
7ae6904d-8782-4caa-8a1f-a9caf51a24c3,8,0.1423885918003565,left_elbow,0.6253991,0.65775096,-0.7453331,0.6252908505714283,0.6577613237142854,-0.733651950285714,675.431,1262.8818,675.3141251428567,1262.9017371428567,0.9807908,False,False
7ae6904d-8782-4caa-8a1f-a9caf51a24c3,8,0.1423885918003565,left_foot_index,0.55457544,0.93185955,-0.0130512975,0.5545844691428569,0.9318522377142853,-0.01451626752857142,598.94147,1789.1703,598.9512268571425,1789.1562771428564,0.93585104,False,False
7ae6904d-8782-4caa-8a1f-a9caf51a24c3,8,0.1423885918003565,left_heel,0.49131674,0.90135103,0.2167118,0.49132599542857114,0.9013281502857138,0.21426631742857133,530.6221,1730.594,530.6320891428568,1730.5500799999993,0.84440374,False,False
7ae6904d-8782-4caa-8a1f-a9caf51a24c3,8,0.1423885918003565,left_hip,0.56812686,0.7070053,0.035134062,0.5681276408571426,0.7069519737142853,0.03515398885714284,613.577,1357.4502,613.5778837142855,1357.3477799999991,0.999468,False,False
7ae6904d-8782-4caa-8a1f-a9caf51a24c3,8,0.1423885918003565,left_knee,0.60313785,0.8092143,-0.28590757,0.6031104008571426,0.8091328731428568,-0.2859448634285713,651.38885,1553.6914,651.3592099999997,1553.5351085714278,0.95764196,False,False
7ae6904d-8782-4caa-8a1f-a9caf51a24c3,8,0.1423885918003565,left_shoulder,0.6027755,0.5770119,-0.48881593,0.602781594285714,0.5770202537142854,-0.48385871371428546,650.99756,1107.8628,651.004158285714,1107.8788714285708,0.99974483,False,False
7ae6904d-8782-4caa-8a1f-a9caf51a24c3,8,0.1423885918003565,left_wrist,0.52629894,0.62578976,-1.1606848,0.5260428668571426,0.6259393562857141,-1.146271205714285,568.40283,1201.5164,568.1262659999998,1201.8036371428564,0.96608293,False,False
7ae6904d-8782-4caa-8a1f-a9caf51a24c3,8,0.1423885918003565,nose,0.48917893,0.53962743,-0.9277064,0.48871765942857115,0.5398146505714283,-0.922404611428571,528.31323,1036.0847,527.8150671428568,1036.444168571428,0.9997629,False,False
7ae6904d-8782-4caa-8a1f-a9caf51a24c3,8,0.1423885918003565,right_ankle,0.45107904,0.90810394,0.10528584,0.45106776857142833,0.9081477279999995,0.10295785799999994,487.16537,1743.5596,487.15318742857124,1743.6437028571418,0.9700163,False,False
7ae6904d-8782-4caa-8a1f-a9caf51a24c3,8,0.1423885918003565,right_elbow,0.37423405,0.6755762,-0.6468859,0.37418933628571405,0.6755764125714282,-0.6402333399999998,404.17276,1297.1063,404.1244694285712,1297.106685714285,0.9904199,False,False
7ae6904d-8782-4caa-8a1f-a9caf51a24c3,8,0.1423885918003565,right_foot_index,0.49591443,0.9496793,-0.14741947,0.49592890542857115,0.9497010199999995,-0.14853954742857134,535.5876,1823.3843,535.6032274285711,1823.4259657142848,0.95895755,False,False
7ae6904d-8782-4caa-8a1f-a9caf51a24c3,8,0.1423885918003565,right_heel,0.43857092,0.9229108,0.12969777,0.4384553831428569,0.9229224511428566,0.1269225852857142,473.6566,1771.9888,473.5318085714283,1772.0111285714277,0.7546294,False,False
7ae6904d-8782-4caa-8a1f-a9caf51a24c3,8,0.1423885918003565,right_hip,0.45949766,0.709031,-0.035275105,0.4594867211428569,0.7089612405714283,-0.03529526619999998,496.25748,1361.3395,496.2456599999997,1361.205605714285,0.9992442,False,False
7ae6904d-8782-4caa-8a1f-a9caf51a24c3,8,0.1423885918003565,right_knee,0.4959224,0.81215215,-0.26178017,0.4961410785714283,0.8121708202857139,-0.2592135405714284,535.5962,1559.3322,535.8323839999998,1559.368002857142,0.98133004,False,False
7ae6904d-8782-4caa-8a1f-a9caf51a24c3,8,0.1423885918003565,right_shoulder,0.4175892,0.591412,-0.4260625,0.4176384668571427,0.5913325685714284,-0.42422457657142837,450.99634,1135.5111,451.04955057142837,1135.3585714285707,0.99987274,False,False
7ae6904d-8782-4caa-8a1f-a9caf51a24c3,8,0.1423885918003565,right_wrist,0.42410323,0.63669574,-1.0876725,0.42371562657142836,0.6367254151428569,-1.074082105714285,458.0315,1222.4558,457.61289542857116,1222.5127914285708,0.97038805,False,False
7ae6904d-8782-4caa-8a1f-a9caf51a24c3,9,0.160187165775401,left_ankle,0.5178366,0.89159936,0.17323568,0.5176997785714283,0.8916305359999996,0.16925890742857136,559.2635,1711.8707,559.1157474285711,1711.9306057142849,0.93003786,False,False
7ae6904d-8782-4caa-8a1f-a9caf51a24c3,9,0.160187165775401,left_elbow,0.62542576,0.6577513,-0.72061133,0.6255574334285712,0.6577605211428569,-0.7227527179999996,675.45984,1262.8826,675.6020108571427,1262.9002571428566,0.9812199,False,False
7ae6904d-8782-4caa-8a1f-a9caf51a24c3,9,0.160187165775401,left_foot_index,0.5545741,0.931759,-0.020781903,0.5544622505714283,0.9317805382857138,-0.025793387742857138,598.94,1788.9773,598.8192217142855,1789.0186142857135,0.9345717,False,False
7ae6904d-8782-4caa-8a1f-a9caf51a24c3,9,0.160187165775401,left_heel,0.4913156,0.9013885,0.20821065,0.4912459828571426,0.9014749317142854,0.2043414282857142,530.62085,1730.666,530.5456648571426,1730.8319085714277,0.84258,False,False
7ae6904d-8782-4caa-8a1f-a9caf51a24c3,9,0.160187165775401,left_hip,0.5680602,0.70682883,0.036030203,0.5680672611428568,0.7069079922857139,0.035948955542857125,613.50507,1357.1113,613.5126488571426,1357.2633142857135,0.9994719,False,False
7ae6904d-8782-4caa-8a1f-a9caf51a24c3,9,0.160187165775401,left_knee,0.603174,0.8086258,-0.28526467,0.6031977968571425,0.8086550722857139,-0.28906414257142843,651.4279,1552.5615,651.4536074285711,1552.6176599999992,0.9573686,False,False
7ae6904d-8782-4caa-8a1f-a9caf51a24c3,9,0.160187165775401,left_shoulder,0.6027321,0.5770037,-0.47336036,0.6027257965714283,0.5770026851428569,-0.4699508479999997,650.9507,1107.8472,650.9438788571425,1107.8452028571423,0.9997429,False,False
7ae6904d-8782-4caa-8a1f-a9caf51a24c3,9,0.160187165775401,left_wrist,0.5269381,0.62609303,-1.1434472,0.5269051539999998,0.626001342285714,-1.147552571428571,569.09314,1202.0986,569.057570285714,1201.9225771428564,0.9664076,False,False
7ae6904d-8782-4caa-8a1f-a9caf51a24c3,9,0.160187165775401,nose,0.48926532,0.53932434,-0.9189823,0.4899871294285712,0.5392932531428569,-0.9158692222857139,528.40656,1035.5027,529.1861057142854,1035.4430428571422,0.9997693,False,False
7ae6904d-8782-4caa-8a1f-a9caf51a24c3,9,0.160187165775401,right_ankle,0.45098782,0.907697,0.0970583,0.4510129959999997,0.9076497799999996,0.09730495228571423,487.06683,1742.7783,487.0940254285712,1742.6875971428565,0.96873134,False,False
7ae6904d-8782-4caa-8a1f-a9caf51a24c3,9,0.160187165775401,right_elbow,0.37379536,0.6755761,-0.6459241,0.37379705628571414,0.675557143428571,-0.6467108628571425,403.69897,1297.1061,403.7008068571426,1297.0697399999995,0.9905433,False,False
7ae6904d-8782-4caa-8a1f-a9caf51a24c3,9,0.160187165775401,right_foot_index,0.49570274,0.9490739,-0.15598705,0.4956549508571426,0.9490516082857139,-0.1563192888571428,535.35895,1822.2219,535.3073465714283,1822.1790942857133,0.9572609,False,False
7ae6904d-8782-4caa-8a1f-a9caf51a24c3,9,0.160187165775401,right_heel,0.43851385,0.9227377,0.12059899,0.438585920285714,0.922767522571428,0.12091096771428564,473.59494,1771.6564,473.6727882857141,1771.7136571428564,0.7498535,False,False
7ae6904d-8782-4caa-8a1f-a9caf51a24c3,9,0.160187165775401,right_hip,0.45943946,0.70881206,-0.036161914,0.45949568514285694,0.7089076091428568,-0.03608351208571427,496.1946,1360.9192,496.2553311428569,1361.1026285714279,0.99925303,False,False
7ae6904d-8782-4caa-8a1f-a9caf51a24c3,9,0.160187165775401,right_knee,0.4955971,0.81213623,-0.2629481,0.495576764285714,0.8121165345714281,-0.2637190837142856,535.2449,1559.3015,535.2229254285712,1559.2637085714277,0.98052776,False,False
7ae6904d-8782-4caa-8a1f-a9caf51a24c3,9,0.160187165775401,right_shoulder,0.4174493,0.59149325,-0.42404303,0.41745357457142834,0.5915033154285712,-0.4193511234285712,450.84525,1135.667,450.84985971428557,1135.6863542857136,0.9998754,False,False
7ae6904d-8782-4caa-8a1f-a9caf51a24c3,9,0.160187165775401,right_wrist,0.42418426,0.6366216,-1.0706303,0.4247922914285712,0.6366353125714284,-1.0727942171428566,458.11902,1222.3135,458.7756848571426,1222.3398228571423,0.9708147,False,False
7ae6904d-8782-4caa-8a1f-a9caf51a24c3,10,0.1779857397504456,left_ankle,0.5168025,0.8917344,0.16544747,0.5169292225714284,0.891698745428571,0.1791220365714285,558.14667,1712.1301,558.2835325714283,1712.0615885714278,0.93089235,False,False
7ae6904d-8782-4caa-8a1f-a9caf51a24c3,10,0.1779857397504456,left_elbow,0.62615985,0.65798205,-0.69504046,0.6260241197142854,0.6580584608571425,-0.7042795394285711,676.2526,1263.3256,676.1060422857139,1263.4723428571422,0.9814299,False,False
7ae6904d-8782-4caa-8a1f-a9caf51a24c3,10,0.1779857397504456,left_foot_index,0.554057,0.9317642,-0.03248906,0.5541520108571426,0.9317527348571424,-0.017707818499999996,598.3816,1788.9872,598.4841974285712,1788.965222857142,0.9353188,False,False
7ae6904d-8782-4caa-8a1f-a9caf51a24c3,10,0.1779857397504456,left_heel,0.49093723,0.90177715,0.19935192,0.49097542085714263,0.9016669822857138,0.21289401599999988,530.2122,1731.4121,530.253454285714,1731.2006171428561,0.8446327,False,False
7ae6904d-8782-4caa-8a1f-a9caf51a24c3,10,0.1779857397504456,left_hip,0.567795,0.7068621,0.036941115,0.567821692285714,0.7068203288571424,0.036194462571428554,613.21857,1357.1752,613.2474445714282,1357.0950228571419,0.9994852,False,False
7ae6904d-8782-4caa-8a1f-a9caf51a24c3,10,0.1779857397504456,left_knee,0.6031923,0.8081853,-0.28683445,0.6031648079999997,0.8082671888571424,-0.27683783885714275,651.4477,1551.7157,651.4179974285712,1551.872985714285,0.95805883,False,False
7ae6904d-8782-4caa-8a1f-a9caf51a24c3,10,0.1779857397504456,left_shoulder,0.6027919,0.5770017,-0.44083625,0.6027639279999997,0.5769999137142854,-0.45278233142857116,651.01526,1107.8433,650.9850679999996,1107.8398885714278,0.9997465,False,False
7ae6904d-8782-4caa-8a1f-a9caf51a24c3,10,0.1779857397504456,left_wrist,0.529074,0.62625927,-1.134201,0.5294646531428568,0.6264734717142855,-1.1412013028571422,571.39996,1202.4178,571.8218388571426,1202.8290571428565,0.96684295,False,False
7ae6904d-8782-4caa-8a1f-a9caf51a24c3,10,0.1779857397504456,nose,0.49409232,0.5390979,-0.90073496,0.49362119057142834,0.5392201345714283,-0.9133447742857138,533.6197,1035.068,533.1108665714283,1035.3026599999994,0.99978006,False,False
7ae6904d-8782-4caa-8a1f-a9caf51a24c3,10,0.1779857397504456,right_ankle,0.45097694,0.9069832,0.10009113,0.4509613639999998,0.9070379997142852,0.1093209351428571,487.05508,1741.4077,487.03826028571405,1741.5129571428563,0.96827996,False,False
7ae6904d-8782-4caa-8a1f-a9caf51a24c3,10,0.1779857397504456,right_elbow,0.37424892,0.67554116,-0.6448003,0.37429945885714266,0.6755368777142854,-0.6495633571428567,404.18884,1297.0391,404.24342285714266,1297.0308199999995,0.9905723,False,False
7ae6904d-8782-4caa-8a1f-a9caf51a24c3,10,0.1779857397504456,right_foot_index,0.49529362,0.9485205,-0.15426065,0.4953791139999997,0.9486299691428567,-0.14453471685714278,534.9171,1821.1593,535.009420285714,1821.3695142857136,0.9565689,False,False
7ae6904d-8782-4caa-8a1f-a9caf51a24c3,10,0.1779857397504456,right_heel,0.4385288,0.92244977,0.12317584,0.4385013919999998,0.9224488682857138,0.13290522314285708,473.6111,1771.1035,473.5814891428569,1771.101802857142,0.7476531,False,False
7ae6904d-8782-4caa-8a1f-a9caf51a24c3,10,0.1779857397504456,right_hip,0.45933658,0.7088139,-0.037067357,0.4592291799999998,0.7087462979999997,-0.03631529248571427,496.0835,1360.9227,495.9675079999998,1360.7929028571423,0.99926144,False,False
7ae6904d-8782-4caa-8a1f-a9caf51a24c3,10,0.1779857397504456,right_knee,0.4950112,0.81212014,-0.25815555,0.4947515199999997,0.8121933939999997,-0.25428937714285704,534.6121,1559.2706,534.3316514285711,1559.4112742857135,0.98017555,False,False
7ae6904d-8782-4caa-8a1f-a9caf51a24c3,10,0.1779857397504456,right_shoulder,0.41743705,0.5914711,-0.40746006,0.41739761714285695,0.5915146839999996,-0.41668961828571405,450.832,1135.6245,450.78942228571407,1135.7081828571422,0.99987435,False,False
7ae6904d-8782-4caa-8a1f-a9caf51a24c3,10,0.1779857397504456,right_wrist,0.4290858,0.6364029,-1.0643337,0.4289177768571426,0.6363925019999997,-1.0766963228571425,463.41266,1221.8936,463.23120371428547,1221.8736114285712,0.9705991,False,False
7ae6904d-8782-4caa-8a1f-a9caf51a24c3,11,0.1957843137254901,left_ankle,0.51631945,0.89177954,0.21093136,0.5162861799999997,0.8918158708571424,0.19642514971428565,557.625,1712.2167,557.589058285714,1712.2864885714275,0.9316636,False,False
7ae6904d-8782-4caa-8a1f-a9caf51a24c3,11,0.1957843137254901,left_elbow,0.6267423,0.65836173,-0.6944615,0.6267869554285711,0.658170388285714,-0.6761934748571424,676.8817,1264.0546,676.9299151428568,1263.6871942857138,0.98128074,False,False
7ae6904d-8782-4caa-8a1f-a9caf51a24c3,11,0.1957843137254901,left_foot_index,0.5538753,0.93176246,0.014180184,0.5538246171428569,0.9317711634285709,-0.00011750605714285454,598.18536,1788.9839,598.1306091428568,1789.0005885714277,0.9358733,False,False
7ae6904d-8782-4caa-8a1f-a9caf51a24c3,11,0.1957843137254901,left_heel,0.49059758,0.9018551,0.24513793,0.49056760314285686,0.9019571719999996,0.23193587799999987,529.8454,1731.5618,529.8130128571427,1731.7577685714277,0.8463914,False,False
7ae6904d-8782-4caa-8a1f-a9caf51a24c3,11,0.1957843137254901,left_hip,0.5672476,0.7066134,0.038162507,0.567163478285714,0.7065892739999997,0.04031035331428569,612.62744,1356.6978,612.5365545714283,1356.6514199999992,0.99949384,False,False
7ae6904d-8782-4caa-8a1f-a9caf51a24c3,11,0.1957843137254901,left_knee,0.60292697,0.80828136,-0.24993874,0.6028979651428569,0.8082365451428568,-0.2608905357142856,651.16113,1551.9003,651.1298031428568,1551.8141999999993,0.9586197,False,False
7ae6904d-8782-4caa-8a1f-a9caf51a24c3,11,0.1957843137254901,left_shoulder,0.60310864,0.5769837,-0.4415189,0.6031791219999998,0.5769905537142853,-0.4226307954285712,651.35736,1107.8087,651.4334588571426,1107.8218657142852,0.99975044,False,False
7ae6904d-8782-4caa-8a1f-a9caf51a24c3,11,0.1957843137254901,left_wrist,0.5340501,0.62631583,-1.1476141,0.5331765599999998,0.6256188639999997,-1.132892448571428,576.7741,1202.5264,575.8307028571426,1201.1882199999993,0.96661055,False,False
7ae6904d-8782-4caa-8a1f-a9caf51a24c3,11,0.1957843137254901,nose,0.50002885,0.53859776,-0.92289984,0.5007796094285711,0.538038817142857,-0.9026660742857138,540.0311,1034.1077,540.8419579999997,1033.0345485714279,0.99979454,False,False
7ae6904d-8782-4caa-8a1f-a9caf51a24c3,11,0.1957843137254901,right_ankle,0.45093828,0.90628916,0.1351605,0.45095008285714266,0.9061732622857139,0.12025306371428565,487.01334,1740.0752,487.02607971428546,1739.852659999999,0.96801156,False,False
7ae6904d-8782-4caa-8a1f-a9caf51a24c3,11,0.1957843137254901,right_elbow,0.37648803,0.6756369,-0.6584203,0.37657826914285697,0.6756278399999995,-0.6478666599999997,406.6071,1297.2228,406.70454685714265,1297.2054599999994,0.9906534,False,False
7ae6904d-8782-4caa-8a1f-a9caf51a24c3,11,0.1957843137254901,right_foot_index,0.49515772,0.94837797,-0.11825945,0.49506170971428554,0.9482586162857138,-0.13296310914285708,534.7703,1820.8857,534.6666259999997,1820.6565085714276,0.95601875,False,False
7ae6904d-8782-4caa-8a1f-a9caf51a24c3,11,0.1957843137254901,right_heel,0.4384761,0.92167395,0.15976575,0.4384909465714283,0.9214482857142853,0.14425711114285705,473.55417,1769.614,473.5702131428569,1769.1806971428564,0.7455122,False,False
7ae6904d-8782-4caa-8a1f-a9caf51a24c3,11,0.1957843137254901,right_hip,0.45859617,0.7084359,-0.03826192,0.458618056285714,0.7084550159999996,-0.04041459005714283,495.28387,1360.1969,495.30749885714255,1360.233628571428,0.9992682,False,False
7ae6904d-8782-4caa-8a1f-a9caf51a24c3,11,0.1957843137254901,right_knee,0.4934251,0.8123571,-0.2390634,0.4937258851428569,0.8122667425714282,-0.24471894514285703,532.8991,1559.7257,533.2239485714283,1559.5521799999992,0.9801061,False,False
7ae6904d-8782-4caa-8a1f-a9caf51a24c3,11,0.1957843137254901,right_shoulder,0.41743633,0.59145457,-0.42737532,0.4174205842857141,0.5914083185714283,-0.4182186282857141,450.83124,1135.5928,450.8142299999998,1135.5039571428565,0.99987423,False,False
7ae6904d-8782-4caa-8a1f-a9caf51a24c3,11,0.1957843137254901,right_wrist,0.43594956,0.63573545,-1.1056607,0.43656016971428546,0.6355783168571425,-1.0844515571428568,470.82553,1220.612,471.48498657142835,1220.3103371428565,0.9704384,False,False
7ae6904d-8782-4caa-8a1f-a9caf51a24c3,12,0.2135828877005347,left_ankle,0.51605237,0.89192474,0.20424226,0.5160794265714284,0.8918950245714281,0.2096610519999999,557.33655,1712.4955,557.3657811428568,1712.4384314285705,0.93242574,False,False
7ae6904d-8782-4caa-8a1f-a9caf51a24c3,12,0.2135828877005347,left_elbow,0.62789756,0.6579174,-0.6369262,0.6277747391428568,0.6580670425714283,-0.6556778217142853,678.1294,1263.2014,677.9967511428569,1263.4887314285709,0.9812359,False,False
7ae6904d-8782-4caa-8a1f-a9caf51a24c3,12,0.2135828877005347,left_foot_index,0.5537717,0.93177485,0.009130964,0.553861962285714,0.9317600077142854,0.01310196491428571,598.0734,1789.0077,598.1709068571425,1788.979225714285,0.9363165,False,False
7ae6904d-8782-4caa-8a1f-a9caf51a24c3,12,0.2135828877005347,left_heel,0.49026704,0.90224576,0.24257988,0.49030512028571405,0.9021976219999995,0.2457403354285713,529.4884,1732.3119,529.529540285714,1732.2194742857132,0.8484223,False,False
7ae6904d-8782-4caa-8a1f-a9caf51a24c3,12,0.2135828877005347,left_hip,0.56602293,0.70607835,0.048701033,0.5660269714285712,0.706103692285714,0.04702667925714284,611.30475,1355.6704,611.3091291428568,1355.7191114285706,0.99950445,False,False
7ae6904d-8782-4caa-8a1f-a9caf51a24c3,12,0.2135828877005347,left_knee,0.60243297,0.80834717,-0.2505265,0.6025018637142854,0.8083363031428568,-0.24409500142857132,650.6276,1552.0266,650.7020274285711,1552.0057542857135,0.95843244,False,False
7ae6904d-8782-4caa-8a1f-a9caf51a24c3,12,0.2135828877005347,left_shoulder,0.6041624,0.57694834,-0.38631266,0.6041628774285711,0.5769676539999997,-0.4050994357142854,652.49536,1107.7408,652.4958845714282,1107.7778628571423,0.99975044,False,False
7ae6904d-8782-4caa-8a1f-a9caf51a24c3,12,0.2135828877005347,left_wrist,0.53865224,0.62379104,-1.1166842,0.5399310259999996,0.6245362434285711,-1.1332361771428565,581.74445,1197.6788,583.125529142857,1199.1096114285708,0.9669815,False,False
7ae6904d-8782-4caa-8a1f-a9caf51a24c3,12,0.2135828877005347,nose,0.50894034,0.5360475,-0.8882979,0.508158250285714,0.5367217577142855,-0.910332591428571,549.6556,1029.2112,548.8109045714284,1030.5057514285709,0.99980646,False,False
7ae6904d-8782-4caa-8a1f-a9caf51a24c3,12,0.2135828877005347,right_ankle,0.45094544,0.90530217,0.11536152,0.4509382357142855,0.9054321908571423,0.12659742428571422,487.02106,1738.1802,487.0132848571426,1738.4298342857132,0.96737564,False,False
7ae6904d-8782-4caa-8a1f-a9caf51a24c3,12,0.2135828877005347,right_elbow,0.38081637,0.6760788,-0.6461209,0.38098293257142835,0.6762382199999997,-0.6611399371428568,411.28168,1298.0713,411.4615805714284,1298.3773514285708,0.99083817,False,False
7ae6904d-8782-4caa-8a1f-a9caf51a24c3,12,0.2135828877005347,right_foot_index,0.49476826,0.94772804,-0.13747185,0.49485486742857115,0.9477050599999995,-0.12691864971428565,534.34973,1819.6378,534.4432597142855,1819.593699999999,0.95525765,False,False
7ae6904d-8782-4caa-8a1f-a9caf51a24c3,12,0.2135828877005347,right_heel,0.43853584,0.9200477,0.13919668,0.4385632137142855,0.9203433585714281,0.15076486771428566,473.6187,1766.4916,473.6482559999998,1767.0592771428564,0.74354607,False,False
7ae6904d-8782-4caa-8a1f-a9caf51a24c3,12,0.2135828877005347,right_hip,0.45787838,0.70786613,-0.048790175,0.45793225999999976,0.7078470311428569,-0.0471140832285714,494.50864,1359.103,494.5668417142855,1359.0663057142851,0.99927235,False,False
7ae6904d-8782-4caa-8a1f-a9caf51a24c3,12,0.2135828877005347,right_knee,0.4931288,0.8122457,-0.24243788,0.49308440085714256,0.8122893165714281,-0.23965967857142845,532.5791,1559.5118,532.5311514285712,1559.595542857142,0.97967374,False,False
7ae6904d-8782-4caa-8a1f-a9caf51a24c3,12,0.2135828877005347,right_shoulder,0.41779107,0.5910442,-0.42717236,0.4176944657142855,0.591194594285714,-0.4361095639999997,451.21436,1134.8048,451.1100217142855,1135.0936142857136,0.9998709,False,False
7ae6904d-8782-4caa-8a1f-a9caf51a24c3,12,0.2135828877005347,right_wrist,0.44387752,0.63443637,-1.0872587,0.44233754285714266,0.6346450439999997,-1.1103495971428565,479.38773,1218.1178,477.7245488571426,1218.5184371428566,0.97102463,False,False
7ae6904d-8782-4caa-8a1f-a9caf51a24c3,13,0.2313814616755793,left_ankle,0.51605433,0.8919361,0.2091742,0.5160302254285711,0.8919455731428567,0.21034101314285703,557.3387,1712.5173,557.3126685714283,1712.5354971428562,0.9335731,False,False
7ae6904d-8782-4caa-8a1f-a9caf51a24c3,13,0.2313814616755793,left_elbow,0.6298291,0.65790844,-0.65361327,0.630331826285714,0.657879493428571,-0.6502019511428568,680.21545,1263.1842,680.7583968571425,1263.1286399999992,0.98110473,False,False
7ae6904d-8782-4caa-8a1f-a9caf51a24c3,13,0.2313814616755793,left_foot_index,0.5540802,0.9317209,0.009074799,0.5538641708571426,0.931751623428571,0.010642636199999991,598.4066,1788.9042,598.1732754285711,1788.9631714285706,0.937257,False,False
7ae6904d-8782-4caa-8a1f-a9caf51a24c3,13,0.2313814616755793,left_heel,0.49026573,0.9023817,0.24271291,0.49028118428571404,0.9023552862857138,0.24555975399999988,529.487,1732.5729,529.5036731428569,1732.5221657142847,0.8520941,False,False
7ae6904d-8782-4caa-8a1f-a9caf51a24c3,13,0.2313814616755793,left_hip,0.56470734,0.70553404,0.05250514,0.5648834005714283,0.7055060679999997,0.051762985342857115,609.8839,1354.6254,610.0740417142854,1354.5716742857135,0.99951136,False,False
7ae6904d-8782-4caa-8a1f-a9caf51a24c3,13,0.2313814616755793,left_knee,0.60210365,0.80833876,-0.23677574,0.602093382285714,0.8083436045714282,-0.24148398971428559,650.272,1552.0104,650.2608837142855,1552.0196999999994,0.95866656,False,False
7ae6904d-8782-4caa-8a1f-a9caf51a24c3,13,0.2313814616755793,left_shoulder,0.60561097,0.5768143,-0.4064831,0.6056015662857139,0.5767361319999996,-0.40255387999999975,654.0598,1107.4834,654.0496539999997,1107.333348571428,0.99975604,False,False
7ae6904d-8782-4caa-8a1f-a9caf51a24c3,13,0.2313814616755793,left_wrist,0.54985756,0.6243445,-1.1461616,0.5496733994285712,0.6241362237142853,-1.1407787942857137,593.8462,1198.7415,593.6472974285712,1198.3415742857137,0.96685314,False,False
7ae6904d-8782-4caa-8a1f-a9caf51a24c3,13,0.2313814616755793,nose,0.51393336,0.5361917,-0.9358107,0.5138442565714283,0.5358799434285711,-0.9267396137142851,555.04803,1029.488,554.9518259999998,1028.8894485714281,0.99982005,False,False
7ae6904d-8782-4caa-8a1f-a9caf51a24c3,13,0.2313814616755793,right_ankle,0.45093432,0.90506166,0.12770939,0.4509365434285712,0.9050437508571424,0.12514770457142851,487.00906,1737.7184,487.0114634285712,1737.6840199999992,0.96734875,False,False
7ae6904d-8782-4caa-8a1f-a9caf51a24c3,13,0.2313814616755793,right_elbow,0.38648483,0.67718804,-0.6903647,0.38620964514285694,0.6769920337142854,-0.6817821114285711,417.40363,1300.201,417.1064225714283,1299.8246799999995,0.991129,False,False
7ae6904d-8782-4caa-8a1f-a9caf51a24c3,13,0.2313814616755793,right_foot_index,0.49471858,0.9470449,-0.12984356,0.49466358657142834,0.9471588528571423,-0.13261821542857136,534.2961,1818.3262,534.236698285714,1818.5449771428562,0.9550271,False,False
7ae6904d-8782-4caa-8a1f-a9caf51a24c3,13,0.2313814616755793,right_heel,0.4387149,0.91984123,0.15123071,0.4386812305714284,0.9197634468571424,0.14865828971428563,473.81207,1766.0952,473.7757074285712,1765.9458599999991,0.74402773,False,False
7ae6904d-8782-4caa-8a1f-a9caf51a24c3,13,0.2313814616755793,right_hip,0.45758802,0.70706964,-0.05258221,0.45759002571428553,0.7070484522857139,-0.05184133925714283,494.19507,1357.5737,494.1972274285712,1357.5330199999994,0.99927616,False,False
7ae6904d-8782-4caa-8a1f-a9caf51a24c3,13,0.2313814616755793,right_knee,0.49290314,0.8122387,-0.23906386,0.4927006091428569,0.8122418679999995,-0.23778663485714274,532.3354,1559.4983,532.1166571428569,1559.504402857142,0.9795423,False,False
7ae6904d-8782-4caa-8a1f-a9caf51a24c3,13,0.2313814616755793,right_shoulder,0.4190289,0.59038013,-0.4570628,0.4194568559999998,0.5899263199999997,-0.4519902791428569,452.5512,1133.5299,453.01340742857116,1132.658545714285,0.99987173,False,False
7ae6904d-8782-4caa-8a1f-a9caf51a24c3,13,0.2313814616755793,right_wrist,0.44484788,0.634156,-1.1492151,0.44551875714285694,0.6341063088571426,-1.1371659428571423,480.4357,1217.5795,481.1602565714283,1217.4840999999994,0.9719668,False,False
7ae6904d-8782-4caa-8a1f-a9caf51a24c3,14,0.2491800356506238,left_ankle,0.51606274,0.8919264,0.22630197,0.5160682625714283,0.891923979428571,0.22745871685714275,557.3478,1712.4987,557.353744285714,1712.4940542857134,0.934832,False,False
7ae6904d-8782-4caa-8a1f-a9caf51a24c3,14,0.2491800356506238,left_elbow,0.6341733,0.6578484,-0.6569325,0.6336862748571426,0.6578972931428568,-0.6456633154285711,684.90717,1263.069,684.381178285714,1263.1628399999993,0.98091114,False,False
7ae6904d-8782-4caa-8a1f-a9caf51a24c3,14,0.2491800356506238,left_foot_index,0.55408174,0.9316933,0.024394864,0.5544927365714283,0.9316330899999995,0.027188554685714274,598.40826,1788.8512,598.8521434285713,1788.7355885714276,0.93819124,False,False
7ae6904d-8782-4caa-8a1f-a9caf51a24c3,14,0.2491800356506238,left_heel,0.4904695,0.9022571,0.25970018,0.49044840142857116,0.9022818148571423,0.26010387114285705,529.70703,1732.3336,529.6842599999998,1732.3810942857133,0.854835,False,False
7ae6904d-8782-4caa-8a1f-a9caf51a24c3,14,0.2491800356506238,left_hip,0.56384003,0.7049619,0.053057402,0.5635158919999997,0.7049781608571426,0.05512838145714283,608.9472,1353.5269,608.5971351428568,1353.5580999999993,0.99950486,False,False
7ae6904d-8782-4caa-8a1f-a9caf51a24c3,14,0.2491800356506238,left_knee,0.6015286,0.80833894,-0.23189862,0.6014387259999997,0.8083471994285709,-0.22427890028571418,649.6509,1552.0107,649.5538439999997,1552.0265485714278,0.95957786,False,False
7ae6904d-8782-4caa-8a1f-a9caf51a24c3,14,0.2491800356506238,left_shoulder,0.60710657,0.57627493,-0.41411674,0.6071409825714282,0.5763710534285711,-0.40402118714285695,655.6751,1106.4479,655.7122562857139,1106.6324428571425,0.9997609,False,False
7ae6904d-8782-4caa-8a1f-a9caf51a24c3,14,0.2491800356506238,left_wrist,0.55972403,0.62494177,-1.1476902,0.5582352037142855,0.6247931791428567,-1.1384640428571422,604.50195,1199.8882,602.8940331428569,1199.6029428571424,0.9664441,False,False
7ae6904d-8782-4caa-8a1f-a9caf51a24c3,14,0.2491800356506238,nose,0.51723886,0.5359086,-0.9472484,0.5175953045714283,0.535940734285714,-0.9402180242857139,558.618,1028.9445,559.0029359999996,1029.0062228571426,0.9998329,False,False
7ae6904d-8782-4caa-8a1f-a9caf51a24c3,14,0.2491800356506238,right_ankle,0.45092487,0.90509015,0.12813376,0.4509187414285712,0.905063267428571,0.1229983081428571,486.99887,1737.7731,486.9922425714283,1737.7214828571418,0.9677846,False,False
7ae6904d-8782-4caa-8a1f-a9caf51a24c3,14,0.2491800356506238,right_elbow,0.39080107,0.6774259,-0.6983922,0.39051792571428545,0.6774872165714283,-0.6954348994285711,422.06516,1300.6577,421.75936571428554,1300.775445714285,0.991432,False,False
7ae6904d-8782-4caa-8a1f-a9caf51a24c3,14,0.2491800356506238,right_foot_index,0.4945916,0.94707084,-0.13644096,0.4946222634285712,0.9470088017142853,-0.14156961857142847,534.15894,1818.376,534.1920711428569,1818.2568914285705,0.95520437,False,False
7ae6904d-8782-4caa-8a1f-a9caf51a24c3,14,0.2491800356506238,right_heel,0.4387008,0.9198754,0.15066773,0.4386880662857141,0.9198485482857138,0.1450616903428571,473.79684,1766.1608,473.78309999999976,1766.1092085714276,0.74439573,False,False
7ae6904d-8782-4caa-8a1f-a9caf51a24c3,14,0.2491800356506238,right_hip,0.4575013,0.7062343,-0.053122517,0.4574600259999998,0.7062616128571425,-0.055188234971428544,494.1014,1355.9698,494.0568234285712,1356.0222571428562,0.99926525,False,False
7ae6904d-8782-4caa-8a1f-a9caf51a24c3,14,0.2491800356506238,right_knee,0.49204695,0.81228,-0.23213856,0.49220737628571404,0.812262699428571,-0.23526603257142847,531.4107,1559.5776,531.5839765714284,1559.5443514285707,0.979736,False,False
7ae6904d-8782-4caa-8a1f-a9caf51a24c3,14,0.2491800356506238,right_shoulder,0.4228045,0.5878479,-0.46299088,0.4224978382857141,0.5882802531428568,-0.4609720788571426,456.62888,1128.668,456.29766799999976,1129.498125714285,0.99987185,False,False
7ae6904d-8782-4caa-8a1f-a9caf51a24c3,14,0.2491800356506238,right_wrist,0.44880524,0.63411015,-1.1622235,0.4492746397142855,0.6340897251428569,-1.1592644457142853,484.70966,1217.4915,485.2166025714283,1217.4522857142852,0.97291267,False,False
7ae6904d-8782-4caa-8a1f-a9caf51a24c3,15,0.2669786096256684,left_ankle,0.51609623,0.8918979,0.24258754,0.5160908368571426,0.8918966057142852,0.23730770628571415,557.3839,1712.444,557.3780971428569,1712.441505714285,0.9349216,False,False
7ae6904d-8782-4caa-8a1f-a9caf51a24c3,15,0.2669786096256684,left_elbow,0.6367014,0.65758854,-0.5990924,0.6368910711428568,0.6573936394285711,-0.611221914285714,687.6375,1262.57,687.8423597142854,1262.195805714285,0.98037755,False,False
7ae6904d-8782-4caa-8a1f-a9caf51a24c3,15,0.2669786096256684,left_foot_index,0.5555776,0.9314263,0.0471829,0.5551738137142854,0.9314730142857138,0.04063180899999998,600.0238,1788.3385,599.5877011428569,1788.4282085714278,0.93815446,False,False
7ae6904d-8782-4caa-8a1f-a9caf51a24c3,15,0.2669786096256684,left_heel,0.4905739,0.9021743,0.27449167,0.49056921228571404,0.9021689317142852,0.2699035599999999,529.8198,1732.1747,529.8147257142855,1732.1643542857134,0.8558518,False,False
7ae6904d-8782-4caa-8a1f-a9caf51a24c3,15,0.2669786096256684,left_hip,0.56190616,0.7046697,0.062498864,0.5621987954285712,0.7046569937142854,0.06066077685714282,606.85864,1352.9658,607.1746865714283,1352.9414399999994,0.9994896,False,False
7ae6904d-8782-4caa-8a1f-a9caf51a24c3,15,0.2669786096256684,left_knee,0.6004172,0.808374,-0.20417772,0.6004447477142854,0.8083715211428568,-0.21221422885714275,648.45056,1552.078,648.4803217142854,1552.0732857142848,0.9592604,False,False
7ae6904d-8782-4caa-8a1f-a9caf51a24c3,15,0.2669786096256684,left_shoulder,0.60841113,0.57593554,-0.367141,0.608293648285714,0.5758371039999997,-0.3788742279999998,657.08405,1105.7963,656.9571757142854,1105.6072828571423,0.99976426,False,False
7ae6904d-8782-4caa-8a1f-a9caf51a24c3,15,0.2669786096256684,left_wrist,0.56245816,0.6249783,-1.0957133,0.5640067145714283,0.6252138154285711,-1.1093341485714279,607.45483,1199.9584,609.1272579999998,1200.410568571428,0.9661056,False,False
7ae6904d-8782-4caa-8a1f-a9caf51a24c3,15,0.2669786096256684,nose,0.52212733,0.5357136,-0.9102505,0.5221950408571425,0.5357502857142854,-0.9225371028571423,563.8975,1028.5702,563.9706459999998,1028.6405542857137,0.9998434,False,False
7ae6904d-8782-4caa-8a1f-a9caf51a24c3,15,0.2669786096256684,right_ankle,0.4509111,0.9051191,0.10245061,0.45093296057142834,0.9051330834285709,0.1080332191428571,486.98398,1737.8287,487.0075977142854,1737.855562857142,0.96825594,False,False
7ae6904d-8782-4caa-8a1f-a9caf51a24c3,15,0.2669786096256684,right_elbow,0.39428324,0.6775404,-0.6775741,0.3945786619999998,0.6775383737142854,-0.6849536679999997,425.8259,1300.8776,426.1449611428569,1300.8736571428565,0.9916026,False,False
7ae6904d-8782-4caa-8a1f-a9caf51a24c3,15,0.2669786096256684,right_foot_index,0.49461183,0.9472187,-0.16595945,0.49461859028571403,0.9472786022857138,-0.15997605799999992,534.1808,1818.6599,534.188082285714,1818.7749199999992,0.9556197,False,False
7ae6904d-8782-4caa-8a1f-a9caf51a24c3,15,0.2669786096256684,right_heel,0.43857387,0.91987854,0.1223192,0.4386570317142855,0.9199432139999995,0.12834281411428564,473.6598,1766.1667,473.74959857142835,1766.2909342857135,0.7458318,False,False
7ae6904d-8782-4caa-8a1f-a9caf51a24c3,15,0.2669786096256684,right_hip,0.45737103,0.70579517,-0.06253908,0.4573624739999998,0.7057261768571425,-0.060706897542857116,493.9607,1355.1267,493.9514711428569,1354.9942199999996,0.99924123,False,False
7ae6904d-8782-4caa-8a1f-a9caf51a24c3,15,0.2669786096256684,right_knee,0.49222192,0.81227654,-0.23976016,0.49224362285714257,0.8122582759999997,-0.23679449542857128,531.5997,1559.5709,531.6231222857141,1559.5358857142849,0.97995925,False,False
7ae6904d-8782-4caa-8a1f-a9caf51a24c3,15,0.2669786096256684,right_shoulder,0.42577973,0.5871275,-0.45008025,0.42566438085714264,0.5870371888571426,-0.45490321628571406,459.8421,1127.2848,459.71753314285695,1127.1114085714278,0.9998689,False,False
7ae6904d-8782-4caa-8a1f-a9caf51a24c3,15,0.2669786096256684,right_wrist,0.4578673,0.63409436,-1.137551,0.4576113279999998,0.6341549548571426,-1.1485345314285709,494.49667,1217.4612,494.2202294285712,1217.5775228571422,0.97352797,False,False
7ae6904d-8782-4caa-8a1f-a9caf51a24c3,16,0.284777183600713,left_ankle,0.516109,0.8918811,0.2314975,0.5160950165714283,0.8918966999999995,0.23511862685714272,557.3977,1712.4117,557.3825851428569,1712.441639999999,0.9346353,False,False
7ae6904d-8782-4caa-8a1f-a9caf51a24c3,16,0.284777183600713,left_elbow,0.6388666,0.6564097,-0.5637753,0.638770483428571,0.656616271428571,-0.5531160745714283,689.97595,1260.3066,689.872124285714,1260.703225714285,0.9784577,False,False
7ae6904d-8782-4caa-8a1f-a9caf51a24c3,16,0.284777183600713,left_foot_index,0.5555741,0.9313566,0.03693759,0.5557187737142854,0.9313584625714281,0.039046284942857126,600.02,1788.2047,600.1762588571426,1788.208282857142,0.93799275,False,False
7ae6904d-8782-4caa-8a1f-a9caf51a24c3,16,0.284777183600713,left_heel,0.49052063,0.9021473,0.26332763,0.4904790379999997,0.9021906251428566,0.26561204685714274,529.76227,1732.1228,529.7173651428569,1732.2059942857134,0.8565114,False,False
7ae6904d-8782-4caa-8a1f-a9caf51a24c3,16,0.284777183600713,left_hip,0.5611725,0.7047755,0.068809144,0.5610866631428568,0.7048315057142853,0.07091165971428567,606.0663,1353.169,605.9735794285712,1353.2765114285708,0.9994524,False,False
7ae6904d-8782-4caa-8a1f-a9caf51a24c3,16,0.284777183600713,left_knee,0.59952736,0.80837387,-0.21079235,0.5996282319999997,0.8083661762857139,-0.2082586879999999,647.48956,1552.0779,647.5984917142855,1552.063062857142,0.9585973,False,False
7ae6904d-8782-4caa-8a1f-a9caf51a24c3,16,0.284777183600713,left_shoulder,0.6088851,0.57528,-0.34126475,0.6089230071428569,0.5753336597142855,-0.3297248119999998,657.59595,1104.5376,657.6368759999997,1104.6406628571424,0.99976367,False,False
7ae6904d-8782-4caa-8a1f-a9caf51a24c3,16,0.284777183600713,left_wrist,0.5696361,0.6255831,-1.0723127,0.5688351659999997,0.6253943819999996,-1.0593371599999992,615.207,1201.1196,614.3420031428568,1200.7572599999994,0.963341,False,False
7ae6904d-8782-4caa-8a1f-a9caf51a24c3,16,0.284777183600713,nose,0.52771074,0.5357472,-0.89447755,0.527543338285714,0.5358022799999997,-0.8814821842857139,569.9276,1028.6345,569.746800285714,1028.7403399999996,0.9998502,False,False
7ae6904d-8782-4caa-8a1f-a9caf51a24c3,16,0.284777183600713,right_ankle,0.45095852,0.9051936,0.096389525,0.45092482828571406,0.9051753557142852,0.09243791557142851,487.0352,1737.9718,486.9988057142854,1737.9367514285705,0.9683606,False,False
7ae6904d-8782-4caa-8a1f-a9caf51a24c3,16,0.284777183600713,right_elbow,0.40075284,0.6775642,-0.66978294,0.4014321299999998,0.6775738342857139,-0.6636137425714282,432.81308,1300.9232,433.5467034285712,1300.9417657142849,0.9916483,False,False
7ae6904d-8782-4caa-8a1f-a9caf51a24c3,16,0.284777183600713,right_foot_index,0.49464604,0.9476251,-0.16726008,0.49459342342857116,0.9475343422857139,-0.17059945714285707,534.2177,1819.4402,534.1608937142855,1819.2659257142848,0.95562947,False,False
7ae6904d-8782-4caa-8a1f-a9caf51a24c3,16,0.284777183600713,right_heel,0.438563,0.91989225,0.116400376,0.4384046248571426,0.9197577059999995,0.11252566411428565,473.64804,1766.1931,473.47700057142833,1765.9347142857134,0.74700695,False,False
7ae6904d-8782-4caa-8a1f-a9caf51a24c3,16,0.284777183600713,right_hip,0.45743155,0.70586866,-0.06885984,0.45751633857142837,0.7060660617142853,-0.07096147911428569,494.0261,1355.2678,494.11765999999966,1355.6468199999995,0.9991749,False,False
7ae6904d-8782-4caa-8a1f-a9caf51a24c3,16,0.284777183600713,right_knee,0.4932181,0.8123371,-0.24353966,0.49324087942857114,0.8123339011428568,-0.2478281394285713,532.67554,1559.6873,532.7001451428569,1559.6811114285708,0.97991717,False,False
7ae6904d-8782-4caa-8a1f-a9caf51a24c3,16,0.284777183600713,right_shoulder,0.42819417,0.5868548,-0.44700724,0.42846900942857125,0.5868420259999998,-0.44403871085714264,462.4497,1126.7612,462.7465259999998,1126.7366599999991,0.99986166,False,False
7ae6904d-8782-4caa-8a1f-a9caf51a24c3,16,0.284777183600713,right_wrist,0.46867543,0.63414246,-1.120987,0.4688163991428569,0.6339959245714282,-1.1041605314285707,506.16946,1217.5535,506.3216937142855,1217.2721857142851,0.97390085,False,False
7ae6904d-8782-4caa-8a1f-a9caf51a24c3,17,0.3025757575757575,left_ankle,0.51611817,0.8919216,0.2280965,0.5161622022857141,0.8919085885714281,0.22341722428571417,557.4076,1712.4894,557.4551679999997,1712.4644657142849,0.9348472,False,False
7ae6904d-8782-4caa-8a1f-a9caf51a24c3,17,0.3025757575757575,left_elbow,0.63990927,0.65586656,-0.49315253,0.6398055591428568,0.6557489642857139,-0.5025601579999998,691.102,1259.2638,690.9899988571425,1259.0380114285706,0.97427946,False,False
7ae6904d-8782-4caa-8a1f-a9caf51a24c3,17,0.3025757575757575,left_foot_index,0.5557884,0.9313759,0.029587012,0.5556241371428569,0.9314355211428568,0.027177555999999974,600.25146,1788.2418,600.0740442857141,1788.3562371428561,0.93835074,False,False
7ae6904d-8782-4caa-8a1f-a9caf51a24c3,17,0.3025757575757575,left_heel,0.49030608,0.90225273,0.25597626,0.4903835879999997,0.9022179008571424,0.25267722514285706,529.5306,1732.3252,529.6142948571427,1732.2583514285707,0.85809624,False,False
7ae6904d-8782-4caa-8a1f-a9caf51a24c3,17,0.3025757575757575,left_hip,0.56049174,0.7055456,0.08141221,0.5604882428571426,0.7055695082857139,0.07930797331428568,605.33105,1354.6476,605.3273094285711,1354.6935085714279,0.99943763,False,False
7ae6904d-8782-4caa-8a1f-a9caf51a24c3,17,0.3025757575757575,left_knee,0.5992956,0.8082974,-0.21516255,0.5992266291428568,0.8083066725714281,-0.21672379285714274,647.23926,1551.931,647.1647845714283,1551.9488542857137,0.95706874,False,False
7ae6904d-8782-4caa-8a1f-a9caf51a24c3,17,0.3025757575757575,left_shoulder,0.60925955,0.5749406,-0.2753092,0.6092358988571425,0.5749529137142855,-0.2842101854285713,658.0003,1103.886,657.9747674285711,1103.9096057142851,0.9997528,False,False
7ae6904d-8782-4caa-8a1f-a9caf51a24c3,17,0.3025757575757575,left_wrist,0.57476753,0.6251375,-1.0006603,0.5751551351428569,0.6252441679999997,-1.0107387862857138,620.74896,1200.264,621.1675517142853,1200.468805714285,0.95755994,False,False
7ae6904d-8782-4caa-8a1f-a9caf51a24c3,17,0.3025757575757575,nose,0.5323111,0.5357219,-0.8262464,0.5320771505714283,0.535573674285714,-0.8343889571428567,574.896,1028.586,574.6433357142854,1028.3013514285708,0.9998469,False,False
7ae6904d-8782-4caa-8a1f-a9caf51a24c3,17,0.3025757575757575,right_ankle,0.4508776,0.9051956,0.09054965,0.45091840857142834,0.9051788085714282,0.09712150708571424,486.9478,1737.9756,486.9918828571426,1737.943362857142,0.96784735,False,False
7ae6904d-8782-4caa-8a1f-a9caf51a24c3,17,0.3025757575757575,right_elbow,0.41058478,0.6775536,-0.6307963,0.4096636359999998,0.6775328999999997,-0.6338418468571426,443.43155,1300.903,442.43672085714263,1300.8632199999993,0.99112535,False,False
7ae6904d-8782-4caa-8a1f-a9caf51a24c3,17,0.3025757575757575,right_foot_index,0.49448213,0.9477278,-0.15901014,0.4945222091428569,0.9477465542857139,-0.1506505988571428,534.0407,1819.6373,534.0839771428568,1819.673299999999,0.95523334,False,False
7ae6904d-8782-4caa-8a1f-a9caf51a24c3,17,0.3025757575757575,right_heel,0.43792686,0.9192036,0.112851016,0.43819246628571407,0.9192084017142852,0.11966769639999994,472.961,1764.8708,473.2478582857141,1764.8800657142847,0.7458112,False,False
7ae6904d-8782-4caa-8a1f-a9caf51a24c3,17,0.3025757575757575,right_hip,0.45801702,0.7073761,-0.0814882,0.45790689685714264,0.7073249688571426,-0.0793861651428571,494.6584,1358.1621,494.5394714285712,1358.0639228571422,0.9991148,False,False
7ae6904d-8782-4caa-8a1f-a9caf51a24c3,17,0.3025757575757575,right_knee,0.49457234,0.81278354,-0.25968748,0.49448317399999975,0.8128741125714282,-0.25657250199999987,534.1381,1560.5444,534.0418137142855,1560.7183057142847,0.9798805,False,False
7ae6904d-8782-4caa-8a1f-a9caf51a24c3,17,0.3025757575757575,right_shoulder,0.43163314,0.5867193,-0.42618024,0.4313414182857141,0.5866850965714283,-0.4252226648571426,466.1638,1126.501,465.8487399999998,1126.4353514285708,0.99984187,False,False
7ae6904d-8782-4caa-8a1f-a9caf51a24c3,17,0.3025757575757575,right_wrist,0.48085734,0.63358134,-1.0301797,0.4811813554285712,0.6335376359999997,-1.0460016528571423,519.3259,1216.4762,519.6758517142855,1216.3922428571423,0.97327447,False,False
7ae6904d-8782-4caa-8a1f-a9caf51a24c3,18,0.3203743315508021,left_ankle,0.516304,0.891883,0.22520271,0.5162344325714283,0.8919016565714282,0.24134520171428558,557.60834,1712.4154,557.5331994285712,1712.4511685714278,0.9351956,False,False
7ae6904d-8782-4caa-8a1f-a9caf51a24c3,18,0.3203743315508021,left_elbow,0.64019114,0.6551038,-0.45375305,0.6404435437142852,0.6551455685714282,-0.4448939497142855,691.40643,1257.7993,691.6790528571426,1257.879485714285,0.9716681,False,False
7ae6904d-8782-4caa-8a1f-a9caf51a24c3,18,0.3203743315508021,left_foot_index,0.5562498,0.93135417,0.036457803,0.5565394157142854,0.9312179854285709,0.052981090714285695,600.74976,1788.2,601.0625571428568,1787.9385714285709,0.93892384,False,False
7ae6904d-8782-4caa-8a1f-a9caf51a24c3,18,0.3203743315508021,left_heel,0.49041188,0.90206176,0.25555423,0.49036124599999975,0.9020359051428568,0.2719272228571427,529.64484,1731.9586,529.5901534285713,1731.908919999999,0.8586446,False,False
7ae6904d-8782-4caa-8a1f-a9caf51a24c3,18,0.3203743315508021,left_hip,0.559718,0.7065929,0.08520268,0.5597920622857141,0.7065500797142854,0.08607429451428567,604.4955,1356.6584,604.5754508571425,1356.5761742857137,0.9994356,False,False
7ae6904d-8782-4caa-8a1f-a9caf51a24c3,18,0.3203743315508021,left_knee,0.5989816,0.8081932,-0.21026775,0.5989725219999997,0.8082731002857139,-0.2002645182857142,646.90015,1551.731,646.8903082857139,1551.884385714285,0.95635045,False,False
7ae6904d-8782-4caa-8a1f-a9caf51a24c3,18,0.3203743315508021,left_shoulder,0.6098233,0.5749236,-0.24272817,0.6100155314285711,0.5749351799999998,-0.23977993371428558,658.60913,1103.8533,658.8167359999998,1103.8755685714277,0.9997457,False,False
7ae6904d-8782-4caa-8a1f-a9caf51a24c3,18,0.3203743315508021,left_wrist,0.58070636,0.62422454,-0.9553093,0.5792704674285711,0.6246493879999997,-0.9443640262857138,627.16284,1198.5111,625.6121014285711,1199.326825714285,0.9546208,False,False
7ae6904d-8782-4caa-8a1f-a9caf51a24c3,18,0.3203743315508021,nose,0.53620344,0.5347076,-0.7834865,0.5368216859999997,0.5346997425714284,-0.7810316985714283,579.09973,1026.6385,579.7674297142855,1026.623448571428,0.99984795,False,False
7ae6904d-8782-4caa-8a1f-a9caf51a24c3,18,0.3203743315508021,right_ankle,0.45087188,0.9052199,0.11163224,0.4508431142857141,0.9052956002857138,0.1045773286571428,486.94165,1738.0222,486.9105768571426,1738.1675457142849,0.96686363,False,False
7ae6904d-8782-4caa-8a1f-a9caf51a24c3,18,0.3203743315508021,right_elbow,0.41622892,0.6774525,-0.58836573,0.4163909114285712,0.6774559114285711,-0.5823843839999998,449.52722,1300.7089,449.7021714285712,1300.7154399999995,0.9905663,False,False
7ae6904d-8782-4caa-8a1f-a9caf51a24c3,18,0.3203743315508021,right_foot_index,0.49452186,0.9480234,-0.12091752,0.49451870485714255,0.9481283631428566,-0.13347167005714278,534.0836,1820.2048,534.0801799999997,1820.4063914285707,0.9543339,False,False
7ae6904d-8782-4caa-8a1f-a9caf51a24c3,18,0.3203743315508021,right_heel,0.43777183,0.91866934,0.13681585,0.4374059294285712,0.9188593985714281,0.1291535472571428,472.79358,1763.8451,472.39840371428556,1764.2099942857133,0.74167186,False,False
7ae6904d-8782-4caa-8a1f-a9caf51a24c3,18,0.3203743315508021,right_hip,0.4584724,0.7089358,-0.08530844,0.4586017265714283,0.7088452591428568,-0.08617621605714282,495.1502,1361.1567,495.28986971428543,1360.9828457142848,0.9990633,False,False
7ae6904d-8782-4caa-8a1f-a9caf51a24c3,18,0.3203743315508021,right_knee,0.49555573,0.81397504,-0.25438178,0.49557988599999975,0.8140261274285711,-0.252437011142857,535.2002,1562.832,535.2262751428568,1562.9300999999994,0.979801,False,False
7ae6904d-8782-4caa-8a1f-a9caf51a24c3,18,0.3203743315508021,right_shoulder,0.4344755,0.58655953,-0.39464048,0.4346885848571427,0.5865992637142855,-0.3951405362857141,469.23355,1126.1943,469.46367571428544,1126.2705771428568,0.999816,False,False
7ae6904d-8782-4caa-8a1f-a9caf51a24c3,18,0.3203743315508021,right_wrist,0.4923961,0.63344747,-0.9790861,0.49107375399999975,0.6339076511428569,-0.9655077571428565,531.7878,1216.2191,530.359666285714,1217.1027028571425,0.97297585,False,False
7ae6904d-8782-4caa-8a1f-a9caf51a24c3,19,0.3381729055258467,left_ankle,0.51633304,0.8917807,0.27022585,0.5163878859999997,0.8917214251428566,0.24213970857142844,557.6397,1712.2189,557.6989225714283,1712.1051142857136,0.9348256,False,False
7ae6904d-8782-4caa-8a1f-a9caf51a24c3,19,0.3381729055258467,left_elbow,0.6412839,0.65463805,-0.40235016,0.6410098294285711,0.6546667591428568,-0.41567704885714263,692.5867,1256.905,692.2906539999997,1256.9601228571423,0.96886176,False,False
7ae6904d-8782-4caa-8a1f-a9caf51a24c3,19,0.3381729055258467,left_foot_index,0.558904,0.9304658,0.09698692,0.5588903114285712,0.9304694839999996,0.0678712814285714,603.61633,1786.4944,603.6015391428568,1786.5014371428563,0.9389053,False,False
7ae6904d-8782-4caa-8a1f-a9caf51a24c3,19,0.3381729055258467,left_heel,0.4904154,0.9015519,0.30366695,0.4904127119999998,0.9015616431428567,0.27363578085714274,529.6486,1730.9796,529.6457079999998,1730.9983371428561,0.8587037,False,False
7ae6904d-8782-4caa-8a1f-a9caf51a24c3,19,0.3381729055258467,left_hip,0.5587462,0.70725137,0.0896246,0.5585818994285711,0.7071520374285711,0.08888754748571423,603.4459,1357.9226,603.2684671428569,1357.7318942857137,0.9994095,False,False
7ae6904d-8782-4caa-8a1f-a9caf51a24c3,19,0.3381729055258467,left_knee,0.5986497,0.8080017,-0.17087288,0.5986608685714283,0.8077965231428568,-0.18964891828571417,646.5416,1551.3633,646.5537234285712,1550.9693485714279,0.95514154,False,False
7ae6904d-8782-4caa-8a1f-a9caf51a24c3,19,0.3381729055258467,left_shoulder,0.6111411,0.5750916,-0.21313065,0.6109367271428567,0.5750445891428569,-0.21503002371428562,660.03235,1104.1759,659.811637428571,1104.085608571428,0.99973565,False,False
7ae6904d-8782-4caa-8a1f-a9caf51a24c3,19,0.3381729055258467,left_wrist,0.58578444,0.6221828,-0.89323056,0.5887808691428568,0.620711208285714,-0.9109437754285711,632.6472,1194.591,635.8833257142853,1191.7655057142852,0.95161885,False,False
7ae6904d-8782-4caa-8a1f-a9caf51a24c3,19,0.3381729055258467,nose,0.5423922,0.5335035,-0.7491308,0.5417245448571426,0.5335913837142854,-0.7524408885714282,585.78357,1024.3267,585.0625139999997,1024.4954174285708,0.99984604,False,False
7ae6904d-8782-4caa-8a1f-a9caf51a24c3,19,0.3381729055258467,right_ankle,0.4506688,0.9055572,0.109666884,0.45066419285714265,0.9054815159999995,0.11521123337142852,486.72232,1738.6698,486.71733999999975,1738.524505714285,0.9666989,False,False
7ae6904d-8782-4caa-8a1f-a9caf51a24c3,19,0.3381729055258467,right_elbow,0.4208818,0.6774463,-0.5347114,0.42123383199999975,0.6774940557142853,-0.542228630285714,454.55234,1300.6969,454.9325299999998,1300.7885971428564,0.98980355,False,False
7ae6904d-8782-4caa-8a1f-a9caf51a24c3,19,0.3381729055258467,right_foot_index,0.4946994,0.9487897,-0.13021809,0.4945947257142855,0.948633252571428,-0.1209360007714285,534.2753,1821.6763,534.162277142857,1821.3758628571418,0.95396924,False,False
7ae6904d-8782-4caa-8a1f-a9caf51a24c3,19,0.3381729055258467,right_heel,0.43610555,0.9190902,0.13391167,0.43636447228571407,0.9189460542857139,0.13956223034285709,470.994,1764.6532,471.27363685714266,1764.3764457142847,0.74224085,False,False
7ae6904d-8782-4caa-8a1f-a9caf51a24c3,19,0.3381729055258467,right_hip,0.45942742,0.7097626,-0.08972858,0.45935863942857114,0.709710211428571,-0.08898542377142854,496.1816,1362.7441,496.10731999999973,1362.6435571428565,0.9989862,False,False
7ae6904d-8782-4caa-8a1f-a9caf51a24c3,19,0.3381729055258467,right_knee,0.49647963,0.8152141,-0.23014213,0.4965352542857141,0.8149904731428568,-0.2305044537142856,536.198,1565.211,536.2580771428568,1564.7816314285706,0.97972625,False,False
7ae6904d-8782-4caa-8a1f-a9caf51a24c3,19,0.3381729055258467,right_shoulder,0.43850353,0.58661306,-0.3706009,0.438545841142857,0.5865479359999997,-0.3718059639999998,473.5838,1126.2971,473.629506285714,1126.172051428571,0.9997879,False,False
7ae6904d-8782-4caa-8a1f-a9caf51a24c3,19,0.3381729055258467,right_wrist,0.4974946,0.6352872,-0.89707375,0.4988967194285712,0.6347658771428568,-0.9065887445714281,537.2942,1219.7515,538.8084628571426,1218.7505285714278,0.9725031,False,False
7ae6904d-8782-4caa-8a1f-a9caf51a24c3,20,0.3559714795008912,left_ankle,0.51668346,0.89141244,0.22224657,0.516670426285714,0.8914635222857139,0.25274242114285705,558.0181,1711.5118,558.0040411428567,1711.609865714285,0.93363786,False,False
7ae6904d-8782-4caa-8a1f-a9caf51a24c3,20,0.3559714795008912,left_elbow,0.64181453,0.65449864,-0.39907333,0.6421159399999997,0.6544882171428568,-0.3857023942857141,693.15967,1256.6373,693.4852239999997,1256.6173028571422,0.9659653,False,False
7ae6904d-8782-4caa-8a1f-a9caf51a24c3,20,0.3559714795008912,left_foot_index,0.56231785,0.929474,0.05783963,0.5623356931428568,0.9295893139999996,0.08684889345714283,607.3033,1784.5901,607.3225728571425,1784.8115171428562,0.93844104,False,False
7ae6904d-8782-4caa-8a1f-a9caf51a24c3,20,0.3559714795008912,left_heel,0.49048474,0.9010023,0.25090158,0.49051008742857116,0.901008260571428,0.2838892988571427,529.7235,1729.9244,529.7508694285711,1729.9358342857136,0.8581088,False,False
7ae6904d-8782-4caa-8a1f-a9caf51a24c3,20,0.3559714795008912,left_hip,0.5566072,0.70735455,0.09395318,0.5565005199999997,0.7075064845714282,0.09584941091428567,601.13574,1358.1207,601.020526285714,1358.4124028571423,0.99939895,False,False
7ae6904d-8782-4caa-8a1f-a9caf51a24c3,20,0.3559714795008912,left_knee,0.59847015,0.80673116,-0.18844724,0.5984899757142854,0.8068529102857138,-0.16604793885714278,646.3478,1548.9238,646.369152285714,1549.1575942857135,0.9529757,False,False
7ae6904d-8782-4caa-8a1f-a9caf51a24c3,20,0.3559714795008912,left_shoulder,0.611535,0.5751721,-0.19052172,0.6115058399999997,0.5752292285714283,-0.1866080982857142,660.4578,1104.3304,660.4262931428567,1104.4401057142852,0.99972576,False,False
7ae6904d-8782-4caa-8a1f-a9caf51a24c3,20,0.3559714795008912,left_wrist,0.6050857,0.6133943,-0.8990898,0.603924080285714,0.6142706617142853,-0.8833277185714281,653.49255,1177.717,652.2380108571426,1179.3996571428565,0.9502351,False,False
7ae6904d-8782-4caa-8a1f-a9caf51a24c3,20,0.3559714795008912,nose,0.54666895,0.53300047,-0.7347516,0.5470850448571425,0.5330310622857141,-0.7311955757142854,590.40247,1023.3609,590.8518348571425,1023.4196477142852,0.99984807,False,False
7ae6904d-8782-4caa-8a1f-a9caf51a24c3,20,0.3559714795008912,right_ankle,0.4503314,0.90561503,0.11699047,0.4503184459999998,0.905649077428571,0.11206050399999995,486.3579,1738.7809,486.34391571428546,1738.846239999999,0.9654321,False,False
7ae6904d-8782-4caa-8a1f-a9caf51a24c3,20,0.3559714795008912,right_elbow,0.42585006,0.6776806,-0.53183585,0.42500256599999975,0.6776364777142854,-0.5353202017142854,459.91806,1301.1467,459.00277371428547,1301.062005714285,0.98890704,False,False
7ae6904d-8782-4caa-8a1f-a9caf51a24c3,20,0.3559714795008912,right_foot_index,0.49498573,0.94907993,-0.117682636,0.4951814268571426,0.9492422025714281,-0.12257573062857136,534.5846,1822.2335,534.7959371428569,1822.5450542857136,0.9521767,False,False
7ae6904d-8782-4caa-8a1f-a9caf51a24c3,20,0.3559714795008912,right_heel,0.4352045,0.91904956,0.1391488,0.43523235028571405,0.9190377828571423,0.13427975371428563,470.02087,1764.5752,470.0509514285712,1764.5525714285704,0.7391485,False,False
7ae6904d-8782-4caa-8a1f-a9caf51a24c3,20,0.3559714795008912,right_hip,0.460003,0.71012765,-0.094032586,0.4599073497142855,0.7102673591428568,-0.09594550377142852,496.80322,1363.4451,496.69991542857116,1363.7132999999992,0.9988955,False,False
7ae6904d-8782-4caa-8a1f-a9caf51a24c3,20,0.3559714795008912,right_knee,0.49737358,0.8152072,-0.21217707,0.49706129628571405,0.8153378251428569,-0.21676466914285702,537.16345,1565.1978,536.8261814285711,1565.4486171428562,0.979176,False,False
7ae6904d-8782-4caa-8a1f-a9caf51a24c3,20,0.3559714795008912,right_shoulder,0.44301352,0.5866539,-0.36644045,0.44295266457142835,0.5867453545714283,-0.3688551217142855,478.4546,1126.3755,478.38886314285685,1126.5511285714279,0.9997484,False,False
7ae6904d-8782-4caa-8a1f-a9caf51a24c3,20,0.3559714795008912,right_wrist,0.5057831,0.6352781,-0.8719242,0.5045832285714285,0.6355004505714282,-0.8771821817142853,546.2457,1219.734,544.9498714285712,1220.1608914285707,0.97197706,False,False
7ae6904d-8782-4caa-8a1f-a9caf51a24c3,21,0.3737700534759358,left_ankle,0.51719356,0.8912675,0.26801717,0.5172332148571426,0.8912903908571423,0.2521828159999999,558.56903,1711.2335,558.6118545714282,1711.2774971428562,0.9324433,False,False
7ae6904d-8782-4caa-8a1f-a9caf51a24c3,21,0.3737700534759358,left_elbow,0.6436075,0.65437996,-0.34857166,0.6433415577142854,0.6543247299999997,-0.3527490777142856,695.09607,1256.4095,694.8088551428568,1256.3034542857138,0.9640335,False,False
7ae6904d-8782-4caa-8a1f-a9caf51a24c3,21,0.3737700534759358,left_foot_index,0.5652179,0.929099,0.10536365,0.565036770285714,0.9290293622857139,0.0939673242285714,610.43536,1783.8701,610.2397437142854,1783.736402857142,0.9378926,False,False
7ae6904d-8782-4caa-8a1f-a9caf51a24c3,21,0.3737700534759358,left_heel,0.49081936,0.90057844,0.29820892,0.49086664857142837,0.9006394428571425,0.2798393757142856,530.0849,1729.1106,530.1359771428569,1729.2277285714279,0.85676837,False,False
7ae6904d-8782-4caa-8a1f-a9caf51a24c3,21,0.3737700534759358,left_hip,0.5542487,0.70789486,0.106062576,0.5546530999999997,0.7077890799999996,0.10468808605714282,598.58856,1359.1581,599.0253291428568,1358.9550342857137,0.9993901,False,False
7ae6904d-8782-4caa-8a1f-a9caf51a24c3,21,0.3737700534759358,left_knee,0.5984829,0.80578357,-0.13540635,0.5984670685714283,0.8058019111428567,-0.15237572057142848,646.3615,1547.1045,646.3444437142854,1547.139685714285,0.95072734,False,False
7ae6904d-8782-4caa-8a1f-a9caf51a24c3,21,0.3737700534759358,left_shoulder,0.6117114,0.57544106,-0.1567471,0.6119037428571426,0.5753722914285712,-0.16036095622857136,660.6483,1104.8468,660.8560414285712,1104.7147571428566,0.99973065,False,False
7ae6904d-8782-4caa-8a1f-a9caf51a24c3,21,0.3737700534759358,left_wrist,0.61873573,0.60940963,-0.85089856,0.6171360657142854,0.6101470351428568,-0.8552596797142853,668.2346,1170.0665,666.5069599999997,1171.4822942857136,0.9509203,False,False
7ae6904d-8782-4caa-8a1f-a9caf51a24c3,21,0.3737700534759358,nose,0.55261457,0.53306407,-0.7133035,0.5526063054285713,0.5330372251428568,-0.7164030057142854,596.8237,1023.48303,596.814800285714,1023.4314677142851,0.9998546,False,False
7ae6904d-8782-4caa-8a1f-a9caf51a24c3,21,0.3737700534759358,right_ankle,0.44997647,0.9056839,0.10125581,0.4500110959999998,0.9056937031428567,0.10488897354285709,485.97458,1738.9131,486.0119788571426,1738.9319571428562,0.96457547,False,False
7ae6904d-8782-4caa-8a1f-a9caf51a24c3,21,0.3737700534759358,right_elbow,0.4283333,0.67774385,-0.5540406,0.42959916628571404,0.677701421428571,-0.5446573028571425,462.59998,1301.2682,463.96710914285694,1301.1867199999992,0.9884756,False,False
7ae6904d-8782-4caa-8a1f-a9caf51a24c3,21,0.3737700534759358,right_foot_index,0.49657303,0.94977254,-0.122372985,0.4965958694285712,0.9496237639999996,-0.11890379048571423,536.2989,1823.5632,536.3235685714283,1823.277599999999,0.95103157,False,False
7ae6904d-8782-4caa-8a1f-a9caf51a24c3,21,0.3737700534759358,right_heel,0.4343244,0.9188125,0.12161436,0.4341255368571426,0.9188899428571425,0.12544818471428565,469.07037,1764.12,468.85559142857124,1764.2687057142846,0.7378429,False,False
7ae6904d-8782-4caa-8a1f-a9caf51a24c3,21,0.3737700534759358,right_hip,0.4601225,0.7109133,-0.10617458,0.46031109199999976,0.7108070828571424,-0.10478593691428567,496.93228,1364.9535,497.135966285714,1364.749568571428,0.9988285,False,False
7ae6904d-8782-4caa-8a1f-a9caf51a24c3,21,0.3737700534759358,right_knee,0.49761817,0.8152698,-0.22146803,0.4980765674285712,0.815253891428571,-0.2182115737142856,537.4276,1565.3181,537.9226797142854,1565.287525714285,0.97882396,False,False
7ae6904d-8782-4caa-8a1f-a9caf51a24c3,21,0.3737700534759358,right_shoulder,0.44680813,0.58721584,-0.380479,0.44665528171428553,0.5871025342857139,-0.37753307285714266,482.55276,1127.4545,482.38770171428547,1127.2368971428566,0.99973106,False,False
7ae6904d-8782-4caa-8a1f-a9caf51a24c3,21,0.3737700534759358,right_wrist,0.5105338,0.63567984,-0.88041073,0.5114009714285712,0.635641539428571,-0.8698288188571424,551.3765,1220.5052,552.3130314285712,1220.4316914285707,0.9724415,False,False
7ae6904d-8782-4caa-8a1f-a9caf51a24c3,22,0.3915686274509803,left_ankle,0.5178537,0.8912392,0.23850502,0.517814981142857,0.8911538311428567,0.23711907442857133,559.282,1711.1793,559.2401731428567,1711.0153114285706,0.9300387,False,False
7ae6904d-8782-4caa-8a1f-a9caf51a24c3,22,0.3915686274509803,left_elbow,0.64497083,0.654098,-0.3114885,0.6451210177142853,0.6541837854285711,-0.31358780142857123,696.5685,1255.8682,696.7306894285712,1256.032908571428,0.961788,False,False
7ae6904d-8782-4caa-8a1f-a9caf51a24c3,22,0.3915686274509803,left_foot_index,0.56612253,0.9287157,0.08746529,0.5660477134285712,0.9287449997142853,0.08129300565714284,611.41235,1783.1342,611.3315248571424,1783.1904371428564,0.9367764,False,False
7ae6904d-8782-4caa-8a1f-a9caf51a24c3,22,0.3915686274509803,left_heel,0.491323,0.90037626,0.26168305,0.49127360971428546,0.9002211085714282,0.2624862687142856,530.62885,1728.7224,530.575496285714,1728.4244914285707,0.8554359,False,False
7ae6904d-8782-4caa-8a1f-a9caf51a24c3,22,0.3915686274509803,left_hip,0.553863,0.70809215,0.11170425,0.5536171491428569,0.7081660502857139,0.11149175348571425,598.17206,1359.537,597.9065034285711,1359.6788399999991,0.99936926,False,False
7ae6904d-8782-4caa-8a1f-a9caf51a24c3,22,0.3915686274509803,left_knee,0.5984966,0.8051405,-0.14549091,0.5984812099999998,0.8051399497142853,-0.1345098625714285,646.37634,1545.8698,646.359694285714,1545.8687714285707,0.9470486,False,False
7ae6904d-8782-4caa-8a1f-a9caf51a24c3,22,0.3915686274509803,left_shoulder,0.6127169,0.57550794,-0.13931143,0.6124989748571426,0.5755888859999997,-0.13751208708571422,661.73425,1104.9752,661.4988785714283,1105.1306171428566,0.999737,False,False
7ae6904d-8782-4caa-8a1f-a9caf51a24c3,22,0.3915686274509803,left_wrist,0.62041235,0.61155516,-0.81055933,0.6213948165714283,0.6108529457142854,-0.8108303019999996,670.04535,1174.1859,671.1064028571425,1172.8376399999995,0.9508518,False,False
7ae6904d-8782-4caa-8a1f-a9caf51a24c3,22,0.3915686274509803,nose,0.5589555,0.53320295,-0.69922805,0.5587703339999998,0.5331982648571425,-0.6943636468571425,603.67194,1023.74963,603.4719222857141,1023.7406634285709,0.9998577,False,False
7ae6904d-8782-4caa-8a1f-a9caf51a24c3,22,0.3915686274509803,right_ankle,0.44987193,0.9056571,0.087631986,0.44987581628571405,0.9056579682857138,0.08149560359999995,485.8617,1738.8617,485.86588971428546,1738.863319999999,0.9630141,False,False
7ae6904d-8782-4caa-8a1f-a9caf51a24c3,22,0.3915686274509803,right_elbow,0.43541855,0.67773926,-0.5349764,0.43445838371428547,0.6778761577142853,-0.5383867614285711,470.25204,1301.2594,469.215058285714,1301.5222428571424,0.98824316,False,False
7ae6904d-8782-4caa-8a1f-a9caf51a24c3,22,0.3915686274509803,right_foot_index,0.49837035,0.9498528,-0.12626486,0.49834681028571404,0.9499417911428567,-0.1350722637714285,538.24,1823.7174,538.2145771428568,1823.8882371428563,0.9491344,False,False
7ae6904d-8782-4caa-8a1f-a9caf51a24c3,22,0.3915686274509803,right_heel,0.43239605,0.9187815,0.10720101,0.4323986814285712,0.9188368542857138,0.10065676971428565,466.98773,1764.0605,466.99057314285693,1764.1667942857132,0.736742,False,False
7ae6904d-8782-4caa-8a1f-a9caf51a24c3,22,0.3915686274509803,right_hip,0.4608252,0.71137196,-0.11179131,0.4606787177142855,0.7114516957142853,-0.11158256777142853,497.69122,1365.8341,497.5330068571426,1365.9872199999993,0.9987163,False,False
7ae6904d-8782-4caa-8a1f-a9caf51a24c3,22,0.3915686274509803,right_knee,0.5002373,0.8151934,-0.22547445,0.5000969128571426,0.8152007431428567,-0.2263051559999999,540.2563,1565.1714,540.1046739999997,1565.1855342857134,0.9783266,False,False
7ae6904d-8782-4caa-8a1f-a9caf51a24c3,22,0.3915686274509803,right_shoulder,0.4494,0.5877657,-0.38286525,0.4494377374285712,0.5880020365714282,-0.3826877777142855,485.35202,1128.5101,485.392758285714,1128.9639142857138,0.9997181,False,False
7ae6904d-8782-4caa-8a1f-a9caf51a24c3,22,0.3915686274509803,right_wrist,0.5190174,0.636158,-0.8379635,0.5190769714285711,0.6361541591428568,-0.8382596925714281,560.5388,1221.4233,560.6031371428569,1221.4159628571422,0.9731715,False,False
7ae6904d-8782-4caa-8a1f-a9caf51a24c3,23,0.4093672014260249,left_ankle,0.5181916,0.8909538,0.14941162,0.5181774065714284,0.8910475045714281,0.13790473942857137,559.6469,1710.6312,559.631580285714,1710.811182857142,0.92620325,False,False
7ae6904d-8782-4caa-8a1f-a9caf51a24c3,23,0.4093672014260249,left_elbow,0.6473152,0.6541131,-0.29973066,0.6473415588571425,0.6540277902857139,-0.3001110599999999,699.1004,1255.8972,699.1288682857139,1255.7333828571423,0.95938885,False,False
7ae6904d-8782-4caa-8a1f-a9caf51a24c3,23,0.4093672014260249,left_foot_index,0.5656633,0.92851144,-0.014992006,0.5656882719999998,0.9285902148571425,-0.027101739485714278,610.9163,1782.742,610.943303428571,1782.8932771428563,0.93478554,False,False
7ae6904d-8782-4caa-8a1f-a9caf51a24c3,23,0.4093672014260249,left_heel,0.4913477,0.89978,0.1717294,0.49127987085714264,0.8999672428571426,0.1585979614857142,530.6555,1727.5775,530.5822571428569,1727.9370114285707,0.85211927,False,False
7ae6904d-8782-4caa-8a1f-a9caf51a24c3,23,0.4093672014260249,left_hip,0.5529244,0.70840037,0.11266538,0.5529723031428568,0.7083573174285711,0.11238913348571422,597.1583,1360.1287,597.2100697142854,1360.0460714285707,0.99934167,False,False
7ae6904d-8782-4caa-8a1f-a9caf51a24c3,23,0.4093672014260249,left_knee,0.5985046,0.80456954,-0.15446563,0.5985467319999997,0.8046017891428567,-0.17319662714285705,646.38495,1544.7736,646.4304599999996,1544.8354685714278,0.94234276,False,False
7ae6904d-8782-4caa-8a1f-a9caf51a24c3,23,0.4093672014260249,left_shoulder,0.6133541,0.5757845,-0.123557694,0.6135804294285712,0.5757048559999998,-0.12465800279999995,662.4224,1105.5062,662.6668485714283,1105.3532942857137,0.99973756,False,False
7ae6904d-8782-4caa-8a1f-a9caf51a24c3,23,0.4093672014260249,left_wrist,0.62245613,0.6125542,-0.78909487,0.6225159714285711,0.6124831171428567,-0.7914119019999996,672.2526,1176.104,672.3172542857141,1175.9675428571422,0.9500561,False,False
7ae6904d-8782-4caa-8a1f-a9caf51a24c3,23,0.4093672014260249,nose,0.5645146,0.53323895,-0.6708059,0.5645516079999997,0.5331882765714282,-0.6736174982857139,609.6757,1023.8188,609.7157182857139,1023.7214911428566,0.99985605,False,False
7ae6904d-8782-4caa-8a1f-a9caf51a24c3,23,0.4093672014260249,right_ankle,0.44988173,0.90531355,0.058901172,0.44985602085714266,0.9052097594285711,0.07140412148571425,485.87228,1738.202,485.84452142857117,1738.002782857142,0.96039987,False,False
7ae6904d-8782-4caa-8a1f-a9caf51a24c3,23,0.4093672014260249,right_elbow,0.4394244,0.67826504,-0.5177658,0.43931593885714265,0.6780896848571425,-0.516337817142857,474.57834,1302.2689,474.46121485714264,1301.9322314285707,0.98810273,False,False
7ae6904d-8782-4caa-8a1f-a9caf51a24c3,23,0.4093672014260249,right_foot_index,0.49902028,0.9500417,-0.15180792,0.49863095542857117,0.9499944422857138,-0.13348952699999994,538.9419,1824.0801,538.5214199999997,1823.9893371428564,0.9463571,False,False
7ae6904d-8782-4caa-8a1f-a9caf51a24c3,23,0.4093672014260249,right_heel,0.43067032,0.91845554,0.077073455,0.4309456574285712,0.9180765679999996,0.09023376757142854,465.12393,1763.4347,465.4213028571426,1762.7070199999991,0.7336767,False,False
7ae6904d-8782-4caa-8a1f-a9caf51a24c3,23,0.4093672014260249,right_hip,0.46095014,0.71199524,-0.11272036,0.4610026417142854,0.7119612585714282,-0.11244271342857137,497.82614,1367.0309,497.8828545714283,1366.9656371428564,0.9985739,False,False
7ae6904d-8782-4caa-8a1f-a9caf51a24c3,23,0.4093672014260249,right_knee,0.5029069,0.8149551,-0.22964776,0.5026097954285712,0.8149682502857138,-0.22648820714285703,543.13947,1564.7139,542.818588285714,1564.7390914285706,0.9771509,False,False
7ae6904d-8782-4caa-8a1f-a9caf51a24c3,23,0.4093672014260249,right_shoulder,0.452085,0.5890922,-0.37811705,0.4524303539999998,0.5887810845714283,-0.3770881699999998,488.2518,1131.057,488.6247942857141,1130.4596228571422,0.99969465,False,False
7ae6904d-8782-4caa-8a1f-a9caf51a24c3,23,0.4093672014260249,right_wrist,0.5283876,0.636825,-0.7834683,0.5275558199999997,0.6368552605714282,-0.7864489225714282,570.6586,1222.7041,569.7602714285712,1222.762102857142,0.9738274,False,False
7ae6904d-8782-4caa-8a1f-a9caf51a24c3,24,0.4271657754010695,left_ankle,0.5181867,0.89103353,0.032607835,0.5181517131428569,0.8910001631428567,0.05824042471428567,559.6416,1710.7844,559.6038025714282,1710.720319999999,0.9243216,False,False
7ae6904d-8782-4caa-8a1f-a9caf51a24c3,24,0.4271657754010695,left_elbow,0.6502991,0.65388477,-0.3007131,0.6501367288571425,0.6539875911428568,-0.29638276971428557,702.323,1255.4587,702.1476542857139,1255.6561342857135,0.95749646,False,False
7ae6904d-8782-4caa-8a1f-a9caf51a24c3,24,0.4271657754010695,left_foot_index,0.56534463,0.92833173,-0.14913481,0.5653393577142855,0.9281884705714281,-0.12398199939999996,610.5722,1782.397,610.5664922857139,1782.1218999999992,0.93437594,False,False
7ae6904d-8782-4caa-8a1f-a9caf51a24c3,24,0.4271657754010695,left_heel,0.49082172,0.899984,0.049382515,0.49086718971428545,0.8999152862857138,0.07551276271428567,530.08746,1727.9692,530.1365614285712,1727.8373199999992,0.8510551,False,False
7ae6904d-8782-4caa-8a1f-a9caf51a24c3,24,0.4271657754010695,left_hip,0.55177546,0.7084113,0.11321227,0.5518498788571425,0.7084298339999997,0.11442542542857137,595.9175,1360.1497,595.9978657142856,1360.1852799999992,0.9993631,False,False
7ae6904d-8782-4caa-8a1f-a9caf51a24c3,24,0.4271657754010695,left_knee,0.5986798,0.8038447,-0.22620744,0.598581746285714,0.8036374565714283,-0.2102401902857142,646.57416,1543.3818,646.4682685714282,1542.983965714285,0.9393876,False,False
7ae6904d-8782-4caa-8a1f-a9caf51a24c3,24,0.4271657754010695,left_shoulder,0.61496806,0.57573813,-0.11582121,0.6148940594285711,0.5757211997142855,-0.11362112074285707,664.1655,1105.4172,664.0855697142854,1105.3846628571423,0.99974155,False,False
7ae6904d-8782-4caa-8a1f-a9caf51a24c3,24,0.4271657754010695,left_wrist,0.62574553,0.61332256,-0.7943666,0.6260145639999998,0.6138102297142853,-0.7923404839999997,675.8052,1177.5793,676.0957242857139,1178.515625714285,0.94898164,False,False
7ae6904d-8782-4caa-8a1f-a9caf51a24c3,24,0.4271657754010695,nose,0.570275,0.53304857,-0.66306907,0.5705801197142855,0.5331096834285711,-0.6642559539999997,615.89703,1023.45325,616.2265139999997,1023.5705679999995,0.9998525,False,False
7ae6904d-8782-4caa-8a1f-a9caf51a24c3,24,0.4271657754010695,right_ankle,0.44982448,0.90442204,0.06943667,0.44984298485714264,0.9046425365714281,0.05451689677142854,485.81046,1736.4904,485.830438285714,1736.9136914285705,0.95583165,False,False
7ae6904d-8782-4caa-8a1f-a9caf51a24c3,24,0.4271657754010695,right_elbow,0.44387138,0.67832226,-0.5057438,0.445305000285714,0.6784238948571425,-0.505809354285714,479.3811,1302.3788,480.92938971428543,1302.5739199999994,0.9880906,False,False
7ae6904d-8782-4caa-8a1f-a9caf51a24c3,24,0.4271657754010695,right_foot_index,0.49744004,0.950022,-0.11869878,0.49785072371428546,0.9500629602857138,-0.1392820054285714,537.2352,1824.0422,537.6787628571426,1824.1209199999992,0.9421218,False,False
7ae6904d-8782-4caa-8a1f-a9caf51a24c3,24,0.4271657754010695,right_heel,0.43036738,0.9166878,0.08874587,0.43013556485714266,0.9172170394285709,0.07310543291428569,464.79678,1760.0405,464.54640942857117,1761.056702857142,0.7257711,False,False
7ae6904d-8782-4caa-8a1f-a9caf51a24c3,24,0.4271657754010695,right_hip,0.46104532,0.7123445,-0.11323464,0.4611018862857141,0.7123191285714283,-0.11444280857142852,497.92896,1367.7015,497.99004342857125,1367.6527714285705,0.99853885,False,False
7ae6904d-8782-4caa-8a1f-a9caf51a24c3,24,0.4271657754010695,right_knee,0.50494075,0.81444633,-0.22974782,0.5055885528571427,0.8143252602857138,-0.23623421085714275,545.336,1563.7369,546.0356497142855,1563.5045028571421,0.97643834,False,False
7ae6904d-8782-4caa-8a1f-a9caf51a24c3,24,0.4271657754010695,right_shoulder,0.45571873,0.5892268,-0.37282276,0.4551894237142855,0.5893706971428568,-0.37235453714285693,492.17624,1131.3154,491.604582285714,1131.5917342857138,0.99966574,False,False
7ae6904d-8782-4caa-8a1f-a9caf51a24c3,24,0.4271657754010695,right_wrist,0.5351031,0.63783807,-0.75235534,0.5360845851428568,0.6377573854285712,-0.7487118485714281,577.9113,1224.649,578.9713114285712,1224.494191428571,0.97436404,False,False
7ae6904d-8782-4caa-8a1f-a9caf51a24c3,25,0.444964349376114,left_ankle,0.51798403,0.8910074,0.05421147,0.5180688065714283,0.8909626245714282,0.036889590857142815,559.4227,1710.7343,559.5142839999997,1710.648302857142,0.91870016,False,False
7ae6904d-8782-4caa-8a1f-a9caf51a24c3,25,0.444964349376114,left_elbow,0.6532735,0.6538678,-0.29741278,0.6538248914285711,0.6539133382857141,-0.308726307142857,705.5354,1255.4261,706.1308871428569,1255.5135371428564,0.9558596,False,False
7ae6904d-8782-4caa-8a1f-a9caf51a24c3,25,0.444964349376114,left_foot_index,0.5663796,0.92710304,-0.12080947,0.566988742285714,0.9269606008571424,-0.12294733239999997,611.69,1780.0378,612.3478682857141,1779.7643371428562,0.9315213,False,False
7ae6904d-8782-4caa-8a1f-a9caf51a24c3,25,0.444964349376114,left_heel,0.49046466,0.8999981,0.068877056,0.49051364828571403,0.8999136199999995,0.053132029142857085,529.70184,1727.9965,529.7547514285711,1727.8342342857136,0.846773,False,False
7ae6904d-8782-4caa-8a1f-a9caf51a24c3,25,0.444964349376114,left_hip,0.55019987,0.708219,0.1208341,0.549994980285714,0.7081573705714281,0.11998270942857137,594.2159,1359.7805,593.9946028571427,1359.6621628571422,0.99936974,False,False
7ae6904d-8782-4caa-8a1f-a9caf51a24c3,25,0.444964349376114,left_knee,0.59870356,0.80236375,-0.20606497,0.598785013428571,0.8025614379999995,-0.20332978685714276,646.59985,1540.5385,646.6878091428568,1540.9179914285708,0.93220663,False,False
7ae6904d-8782-4caa-8a1f-a9caf51a24c3,25,0.444964349376114,left_shoulder,0.61626333,0.5757654,-0.10960036,0.6162140579999997,0.5758837937142853,-0.11810951388571422,665.5644,1105.4695,665.5112005714283,1105.6968657142852,0.9997495,False,False
7ae6904d-8782-4caa-8a1f-a9caf51a24c3,25,0.444964349376114,left_wrist,0.63046086,0.61560535,-0.8072039,0.6302671997142854,0.6152104162857139,-0.8145735842857138,680.8977,1181.9623,680.6885785714283,1181.204002857142,0.9476765,False,False
7ae6904d-8782-4caa-8a1f-a9caf51a24c3,25,0.444964349376114,nose,0.57678807,0.5330995,-0.6782476,0.5763969625714283,0.5330790134285711,-0.6844432068571424,622.9311,1023.55096,622.5087359999997,1023.5116762857137,0.99985415,False,False
7ae6904d-8782-4caa-8a1f-a9caf51a24c3,25,0.444964349376114,right_ankle,0.44981873,0.90396225,0.027744038,0.44993550971428553,0.9035787222857139,0.043043384685714274,485.80423,1735.6075,485.93035342857115,1734.8711714285705,0.95124567,False,False
7ae6904d-8782-4caa-8a1f-a9caf51a24c3,25,0.444964349376114,right_elbow,0.4535454,0.6789578,-0.5189052,0.451906654285714,0.6790465271428567,-0.5297111228571425,489.829,1303.599,488.0591731428569,1303.769365714285,0.98799706,False,False
7ae6904d-8782-4caa-8a1f-a9caf51a24c3,25,0.444964349376114,right_foot_index,0.49708897,0.9500278,-0.16034864,0.49702578314285695,0.9499785219999994,-0.14304072114285704,536.8561,1824.0535,536.7878371428568,1823.9587942857133,0.93838966,False,False
7ae6904d-8782-4caa-8a1f-a9caf51a24c3,25,0.444964349376114,right_heel,0.42949513,0.9167528,0.04619545,0.4298041377142855,0.9162923694285711,0.06256430414285713,463.85474,1760.1654,464.1884728571426,1759.2813428571421,0.7204777,False,False
7ae6904d-8782-4caa-8a1f-a9caf51a24c3,25,0.444964349376114,right_hip,0.46104622,0.71237755,-0.12084627,0.461018846285714,0.7123944382857139,-0.12001376828571422,497.92993,1367.7649,497.90037228571396,1367.7973599999993,0.99846935,False,False
7ae6904d-8782-4caa-8a1f-a9caf51a24c3,25,0.444964349376114,right_knee,0.50911885,0.8134051,-0.25839594,0.5083522471428569,0.8135018559999996,-0.25279177885714277,549.8484,1561.7378,549.0204479999998,1561.9235514285706,0.9751667,False,False
7ae6904d-8782-4caa-8a1f-a9caf51a24c3,25,0.444964349376114,right_shoulder,0.45712766,0.58983064,-0.38557434,0.4574179794285712,0.589911464285714,-0.3967651842857141,493.69788,1132.4749,494.0114297142855,1132.6300171428566,0.99965495,False,False
7ae6904d-8782-4caa-8a1f-a9caf51a24c3,25,0.444964349376114,right_wrist,0.5453267,0.6390014,-0.7452809,0.5448723937142855,0.6392987582857139,-0.7650187485714283,588.9528,1226.8827,588.4621628571425,1227.4535314285708,0.9750915,False,False
7ae6904d-8782-4caa-8a1f-a9caf51a24c3,26,0.4627629233511586,left_ankle,0.5181368,0.8907937,0.08129345,0.5181007082857141,0.8908636359999995,0.09633695042857136,559.58777,1710.3239,559.5487648571425,1710.4581885714279,0.91167057,False,False
7ae6904d-8782-4caa-8a1f-a9caf51a24c3,26,0.4627629233511586,left_elbow,0.6574837,0.6533174,-0.32332718,0.6566363885714283,0.653009328285714,-0.30387333028571406,710.0824,1254.3694,709.1673057142854,1253.7779199999995,0.9540416,False,False
7ae6904d-8782-4caa-8a1f-a9caf51a24c3,26,0.4627629233511586,left_foot_index,0.5700428,0.9254232,-0.029311791,0.5690731451428569,0.9258500048571424,-0.036429893057142844,615.64624,1776.8125,614.5990154285712,1777.6319971428563,0.92666286,False,False
7ae6904d-8782-4caa-8a1f-a9caf51a24c3,26,0.4627629233511586,left_heel,0.49046564,0.8996338,0.099594794,0.49046523114285695,0.8997494885714281,0.11138334414285708,529.7029,1727.297,529.7024457142854,1727.5191457142848,0.8392942,False,False
7ae6904d-8782-4caa-8a1f-a9caf51a24c3,26,0.4627629233511586,left_hip,0.5471131,0.7077013,0.12886657,0.5472389817142855,0.7077466359999997,0.13031749599999992,590.88214,1358.7865,591.0181034285711,1358.8735599999993,0.9993455,False,False
7ae6904d-8782-4caa-8a1f-a9caf51a24c3,26,0.4627629233511586,left_knee,0.5994012,0.8019423,-0.12567143,0.5995110119999998,0.8019683057142853,-0.12852466202857135,647.3533,1539.7292,647.4719097142854,1539.7791714285709,0.9236088,False,False
7ae6904d-8782-4caa-8a1f-a9caf51a24c3,26,0.4627629233511586,left_shoulder,0.6168078,0.5764604,-0.124061234,0.6169572051428569,0.5763962814285711,-0.10778886251428567,666.15247,1106.804,666.3138048571425,1106.6808371428565,0.99973774,False,False
7ae6904d-8782-4caa-8a1f-a9caf51a24c3,26,0.4627629233511586,left_wrist,0.6336437,0.6154582,-0.83207417,0.6332142928571425,0.6154953005714283,-0.8159525797142854,684.3352,1181.6797,683.8714085714282,1181.7509457142853,0.9447052,False,False
7ae6904d-8782-4caa-8a1f-a9caf51a24c3,26,0.4627629233511586,nose,0.58104545,0.53314644,-0.70472455,0.5810983168571425,0.5331387848571427,-0.6891053525714281,627.5291,1023.6412,627.5861745714283,1023.6264562857137,0.9998575,False,False
7ae6904d-8782-4caa-8a1f-a9caf51a24c3,26,0.4627629233511586,right_ankle,0.44976714,0.9023414,0.016392855,0.44946431142857124,0.9028066365714281,-0.004090862999999998,485.7485,1732.4955,485.42145028571406,1733.3887285714277,0.9472902,False,False
7ae6904d-8782-4caa-8a1f-a9caf51a24c3,26,0.4627629233511586,right_elbow,0.4565068,0.6800328,-0.57648,0.4573785605714283,0.6798527725714282,-0.561301594285714,493.02734,1305.663,493.9688351428569,1305.3173571428565,0.98774457,False,False
7ae6904d-8782-4caa-8a1f-a9caf51a24c3,26,0.4627629233511586,right_foot_index,0.4966351,0.94981533,-0.17003107,0.49643108971428546,0.9498456222857137,-0.19105910457142847,536.3659,1823.6454,536.1455714285712,1823.703625714285,0.93425846,False,False
7ae6904d-8782-4caa-8a1f-a9caf51a24c3,26,0.4627629233511586,right_heel,0.42876598,0.9157506,0.035871156,0.4280352657142855,0.9161479997142853,0.013468429199999991,463.06726,1758.2412,462.27809028571403,1759.0042114285707,0.71330845,False,False
7ae6904d-8782-4caa-8a1f-a9caf51a24c3,26,0.4627629233511586,right_hip,0.46022838,0.7123482,-0.12897207,0.46016416799999976,0.7123082331428567,-0.13041085114285705,497.04666,1367.7086,496.97729742857115,1367.6318342857135,0.9983168,False,False
7ae6904d-8782-4caa-8a1f-a9caf51a24c3,26,0.4627629233511586,right_knee,0.5106635,0.8129819,-0.27253887,0.5111802328571426,0.8130570002857138,-0.2765251808571427,551.5166,1560.9253,552.0746797142854,1561.0694971428563,0.9740308,False,False
7ae6904d-8782-4caa-8a1f-a9caf51a24c3,26,0.4627629233511586,right_shoulder,0.4593135,0.59088606,-0.44042635,0.45925921542857123,0.5907934028571424,-0.42427932999999984,496.0586,1134.5012,495.9999722857141,1134.3233342857138,0.9996236,False,False
7ae6904d-8782-4caa-8a1f-a9caf51a24c3,26,0.4627629233511586,right_wrist,0.55377054,0.6410605,-0.80540866,0.5539132217142855,0.6405735597142855,-0.7757368342857139,598.0722,1230.836,598.226254285714,1229.9011571428564,0.9754905,False,False
7ae6904d-8782-4caa-8a1f-a9caf51a24c3,27,0.4805614973262032,left_ankle,0.51820916,0.8908331,0.18301329,0.5181980111428568,0.8909809057142853,0.17857436228571422,559.6659,1710.3995,559.6538691428568,1710.6833171428564,0.903447,False,False
7ae6904d-8782-4caa-8a1f-a9caf51a24c3,27,0.4805614973262032,left_elbow,0.6577421,0.6509575,-0.27996263,0.6582928185714283,0.6512801079999997,-0.2984864042857141,710.36145,1249.8385,710.9562334285711,1250.4578542857137,0.9511912,False,False
7ae6904d-8782-4caa-8a1f-a9caf51a24c3,27,0.4805614973262032,left_foot_index,0.57050216,0.92555183,0.05100415,0.5712855405714282,0.9253069202857137,0.05942691879999998,616.14233,1777.0596,616.9883797142854,1776.5893199999994,0.921205,False,False
7ae6904d-8782-4caa-8a1f-a9caf51a24c3,27,0.4805614973262032,left_heel,0.49044225,0.8996882,0.19460948,0.4903747671428569,0.8997648799999997,0.19334719399999992,529.6776,1727.4014,529.6047394285711,1727.5486228571422,0.829975,False,False
7ae6904d-8782-4caa-8a1f-a9caf51a24c3,27,0.4805614973262032,left_hip,0.543821,0.70745504,0.14057827,0.5435424825714283,0.7074591131428568,0.13906099171428565,587.32666,1358.3137,587.025866285714,1358.3214999999996,0.9993397,False,False
7ae6904d-8782-4caa-8a1f-a9caf51a24c3,27,0.4805614973262032,left_knee,0.60064775,0.8020896,-0.0485705,0.6003783405714282,0.802065021428571,-0.04838499131428568,648.6996,1540.012,648.4086248571425,1539.964779999999,0.9122859,False,False
7ae6904d-8782-4caa-8a1f-a9caf51a24c3,27,0.4805614973262032,left_shoulder,0.6167442,0.57703596,-0.07909646,0.6163186645714283,0.5769664525714283,-0.09484926131428566,666.08374,1107.909,665.6241811428569,1107.7755942857139,0.9997384,False,False
7ae6904d-8782-4caa-8a1f-a9caf51a24c3,27,0.4805614973262032,left_wrist,0.634595,0.6135443,-0.78746516,0.6348080531428568,0.6138686899999998,-0.8021438925714282,685.36255,1178.005,685.5926757142854,1178.627851428571,0.9420041,False,False
7ae6904d-8782-4caa-8a1f-a9caf51a24c3,27,0.4805614973262032,nose,0.5846017,0.5331831,-0.6586009,0.5848010397142853,0.5331781079999998,-0.6728689719999997,631.3698,1023.71155,631.5850885714283,1023.7019877142852,0.9998631,False,False
7ae6904d-8782-4caa-8a1f-a9caf51a24c3,27,0.4805614973262032,right_ankle,0.44820994,0.9024412,-0.060539678,0.4483858454285712,0.9021676042857139,-0.04273058214285713,484.06674,1732.6871,484.256716285714,1732.1618171428563,0.9449303,False,False
7ae6904d-8782-4caa-8a1f-a9caf51a24c3,27,0.4805614973262032,right_elbow,0.45993462,0.68037325,-0.5716291,0.45924559885714267,0.680526133428571,-0.5823832685714283,496.7294,1306.3167,495.9852525714283,1306.610211428571,0.9874206,False,False
7ae6904d-8782-4caa-8a1f-a9caf51a24c3,27,0.4805614973262032,right_foot_index,0.49548364,0.94971573,-0.24294536,0.4957748945714283,0.9497437122857137,-0.2230811874285713,535.1223,1823.4542,535.4368628571426,1823.5078999999992,0.9324962,False,False
7ae6904d-8782-4caa-8a1f-a9caf51a24c3,27,0.4805614973262032,right_heel,0.42528725,0.91615295,-0.046748016,0.42602519942857126,0.9159155077142852,-0.027198834685714282,459.31024,1759.0137,460.10721999999976,1758.557802857142,0.7122774,False,False
7ae6904d-8782-4caa-8a1f-a9caf51a24c3,27,0.4805614973262032,right_hip,0.4581867,0.71231323,-0.14074138,0.45800238428571405,0.7123943559999997,-0.13922621628571422,494.8416,1367.6414,494.6425568571426,1367.7971685714278,0.99829566,False,False
7ae6904d-8782-4caa-8a1f-a9caf51a24c3,27,0.4805614973262032,right_knee,0.5137407,0.8131984,-0.29450524,0.5137835271428569,0.8130755414285711,-0.291330357142857,554.83997,1561.341,554.8862257142855,1561.1050971428565,0.97329056,False,False
7ae6904d-8782-4caa-8a1f-a9caf51a24c3,27,0.4805614973262032,right_shoulder,0.4618909,0.59143245,-0.4308735,0.4619752994285712,0.5914246157142855,-0.4418100788571427,498.8422,1135.5503,498.9333485714283,1135.5352828571424,0.99962556,False,False
7ae6904d-8782-4caa-8a1f-a9caf51a24c3,27,0.4805614973262032,right_wrist,0.560447,0.6412917,-0.7456274,0.560312250285714,0.6411780599999997,-0.7685491519999997,605.2827,1231.28,605.1372257142854,1231.0617542857135,0.9759686,False,False
7ae6904d-8782-4caa-8a1f-a9caf51a24c3,28,0.4983600713012477,left_ankle,0.51818633,0.89075035,0.253023,0.5181976965714283,0.890180047428571,0.23994082114285703,559.64124,1710.2407,559.6535159999997,1709.1456742857135,0.8938452,False,False
7ae6904d-8782-4caa-8a1f-a9caf51a24c3,28,0.4983600713012477,left_elbow,0.6587464,0.6491062,-0.29578704,0.6584862999999996,0.6486856479999997,-0.28266295799999985,711.4461,1246.2839,711.165183428571,1245.4764971428563,0.9490648,False,False
7ae6904d-8782-4caa-8a1f-a9caf51a24c3,28,0.4983600713012477,left_foot_index,0.57323825,0.92476916,0.1288288,0.5729304105714282,0.9245611108571423,0.1124444029428571,619.0973,1775.5568,618.7648417142855,1775.1573799999992,0.9146611,False,False
7ae6904d-8782-4caa-8a1f-a9caf51a24c3,28,0.4983600713012477,left_heel,0.49001685,0.8996087,0.26946178,0.49002098828571405,0.8992012657142854,0.25463032822857135,529.2182,1727.2487,529.2226485714283,1726.4664199999993,0.8173711,False,False
7ae6904d-8782-4caa-8a1f-a9caf51a24c3,28,0.4983600713012477,left_hip,0.5401608,0.70754814,0.14231032,0.5407181057142854,0.7076163788571426,0.14207295228571423,583.37366,1358.4924,583.9755371428568,1358.6234399999994,0.99934363,False,False
7ae6904d-8782-4caa-8a1f-a9caf51a24c3,28,0.4983600713012477,left_knee,0.6010371,0.8020115,-0.005018153,0.6013167111428569,0.8018545871428566,-0.012788593314285689,649.12006,1539.862,649.4220348571425,1539.5607828571422,0.90009946,False,False
7ae6904d-8782-4caa-8a1f-a9caf51a24c3,28,0.4983600713012477,left_shoulder,0.6144722,0.57745296,-0.084443,0.6148096871428568,0.5775306925714283,-0.07185415545714281,663.63,1108.7097,663.9944811428568,1108.8589028571423,0.9997349,False,False
7ae6904d-8782-4caa-8a1f-a9caf51a24c3,28,0.4983600713012477,left_wrist,0.63762546,0.610094,-0.77994984,0.6381994474285712,0.6084605659999996,-0.7657736682857139,688.6355,1171.3805,689.255394285714,1168.2442657142851,0.9399728,False,False
7ae6904d-8782-4caa-8a1f-a9caf51a24c3,28,0.4983600713012477,nose,0.5883946,0.5332925,-0.6382016,0.5880734499999998,0.5333027445714282,-0.6200508191428569,635.4661,1023.9216,635.1192777142854,1023.9412542857139,0.9998652,False,False
7ae6904d-8782-4caa-8a1f-a9caf51a24c3,28,0.4983600713012477,right_ankle,0.44722036,0.9017156,-0.05999965,0.44732512857142837,0.9016774519999996,-0.06527584334285712,482.998,1731.294,483.1111445714283,1731.2207399999993,0.94180423,False,False
7ae6904d-8782-4caa-8a1f-a9caf51a24c3,28,0.4983600713012477,right_elbow,0.46083736,0.68090546,-0.5745948,0.4611552417142855,0.6807047548571425,-0.560002311428571,497.70435,1307.3385,498.04766828571405,1306.9531799999993,0.9868941,False,False
7ae6904d-8782-4caa-8a1f-a9caf51a24c3,28,0.4983600713012477,right_foot_index,0.49541992,0.94970673,-0.22896373,0.49540762857142834,0.9496276079999996,-0.2348215437142856,535.0535,1823.4369,535.0402228571427,1823.2849885714277,0.93034613,False,False
7ae6904d-8782-4caa-8a1f-a9caf51a24c3,28,0.4983600713012477,right_heel,0.42469126,0.91579527,-0.044817924,0.4244011951428569,0.9157884677142852,-0.050593660114285705,458.66656,1758.3269,458.35329485714266,1758.3138457142845,0.70737535,False,False
7ae6904d-8782-4caa-8a1f-a9caf51a24c3,28,0.4983600713012477,right_hip,0.45526522,0.7127957,-0.14249776,0.4557806851428569,0.712809570285714,-0.14225231371428565,491.68643,1368.5677,492.2431237142855,1368.5943314285707,0.9983049,False,False
7ae6904d-8782-4caa-8a1f-a9caf51a24c3,28,0.4983600713012477,right_knee,0.5164879,0.8132001,-0.30011672,0.5161253199999998,0.813277491428571,-0.30142151342857126,557.80695,1561.3442,557.4153591428568,1561.492802857142,0.9722267,False,False
7ae6904d-8782-4caa-8a1f-a9caf51a24c3,28,0.4983600713012477,right_shoulder,0.46510783,0.5915902,-0.4387924,0.4652323402857141,0.5915137231428569,-0.42851101514285694,502.31647,1135.8533,502.4509411428569,1135.7064028571422,0.99961495,False,False
7ae6904d-8782-4caa-8a1f-a9caf51a24c3,28,0.4983600713012477,right_wrist,0.56370384,0.6426523,-0.7249972,0.5622977931428569,0.643914614285714,-0.6991780754285712,608.8002,1233.8923,607.2816308571425,1236.3159742857138,0.97577184,False,False
7ae6904d-8782-4caa-8a1f-a9caf51a24c3,29,0.5161586452762923,left_ankle,0.5181836,0.8884458,0.23676208,0.5181486645714283,0.8890339602857138,0.24625941314285701,559.6383,1705.8159,559.6005745714283,1706.945202857142,0.88470256,False,False
7ae6904d-8782-4caa-8a1f-a9caf51a24c3,29,0.5161586452762923,left_elbow,0.65876925,0.64631784,-0.28315762,0.6589405757142853,0.6469307648571425,-0.2875062288571427,711.47076,1240.9303,711.6557991428568,1242.1070628571422,0.9443977,False,False
7ae6904d-8782-4caa-8a1f-a9caf51a24c3,29,0.5161586452762923,left_foot_index,0.5745922,0.9232127,0.11458697,0.5744821119999997,0.9235938499999995,0.12601674028571425,620.5596,1772.5684,620.4407005714284,1773.300185714285,0.90794075,False,False
7ae6904d-8782-4caa-8a1f-a9caf51a24c3,29,0.5161586452762923,left_heel,0.4895991,0.8979481,0.25441903,0.48963334028571404,0.8983872605714281,0.2647917057142856,528.767,1724.0603,528.8039942857141,1724.9035057142848,0.8033437,False,False
7ae6904d-8782-4caa-8a1f-a9caf51a24c3,29,0.5161586452762923,left_hip,0.5392191,0.708001,0.13810542,0.5390452662857139,0.7079512445714282,0.1384959728571428,582.3566,1359.3619,582.1688719999997,1359.2663371428566,0.9993203,False,False
7ae6904d-8782-4caa-8a1f-a9caf51a24c3,29,0.5161586452762923,left_knee,0.60230625,0.8012006,-0.02743463,0.6021500297142854,0.801355391428571,-0.024560910114285697,650.4907,1538.3052,650.3220125714282,1538.6023199999995,0.88917106,False,False
7ae6904d-8782-4caa-8a1f-a9caf51a24c3,29,0.5161586452762923,left_shoulder,0.61335605,0.5784832,-0.066055134,0.6133488097142854,0.5785606471428568,-0.0755120979428571,662.42456,1110.6877,662.416734285714,1110.8364399999996,0.99970514,False,False
7ae6904d-8782-4caa-8a1f-a9caf51a24c3,29,0.5161586452762923,left_wrist,0.64456016,0.6015531,-0.7448493,0.6443796045714283,0.6038334231428568,-0.7556752457142853,696.125,1154.9819,695.9299957142853,1159.3601428571424,0.9351021,False,False
7ae6904d-8782-4caa-8a1f-a9caf51a24c3,29,0.5161586452762923,nose,0.5910363,0.5336159,-0.57539076,0.5913535028571425,0.5336564274285711,-0.5995538005714283,638.3192,1024.5425,638.6617605714282,1024.620341428571,0.99985516,False,False
7ae6904d-8782-4caa-8a1f-a9caf51a24c3,29,0.5161586452762923,right_ankle,0.4468194,0.9008105,-0.046705935,0.44663943085714264,0.9010259977142852,-0.03851942734285712,482.56494,1729.5562,482.37057599999974,1729.9699599999992,0.9373966,False,False
7ae6904d-8782-4caa-8a1f-a9caf51a24c3,29,0.5161586452762923,right_elbow,0.4642621,0.6807721,-0.5301541,0.46371026457142833,0.6808527528571424,-0.5390716514285712,501.40308,1307.0825,500.8070991428568,1307.2373171428567,0.98667747,False,False
7ae6904d-8782-4caa-8a1f-a9caf51a24c3,29,0.5161586452762923,right_foot_index,0.4948313,0.9494396,-0.20970708,0.4944026222857141,0.9495615277142853,-0.20549017114285703,534.4178,1822.924,533.9548194285712,1823.1581114285705,0.92723346,False,False
7ae6904d-8782-4caa-8a1f-a9caf51a24c3,29,0.5161586452762923,right_heel,0.42400092,0.91528314,-0.029568208,0.4240498465714284,0.9154753191428567,-0.021308829828571407,457.921,1757.3436,457.97384028571406,1757.7125914285707,0.6995452,False,False
7ae6904d-8782-4caa-8a1f-a9caf51a24c3,29,0.5161586452762923,right_hip,0.45395833,0.7133722,-0.13826168,0.45345268514285697,0.7132995768571425,-0.13865701742857137,490.275,1369.6746,489.7289048571426,1369.5352028571424,0.99826616,False,False
7ae6904d-8782-4caa-8a1f-a9caf51a24c3,29,0.5161586452762923,right_knee,0.5165429,0.81356585,-0.30223528,0.5165569194285713,0.8135748499999996,-0.2959804737142856,557.86633,1562.0464,557.8814662857139,1562.0636714285706,0.97084576,False,False
7ae6904d-8782-4caa-8a1f-a9caf51a24c3,29,0.5161586452762923,right_shoulder,0.4682276,0.5915711,-0.41846624,0.4677276731428569,0.5916406211428569,-0.42425214371428543,505.6858,1135.8165,505.1458788571425,1135.9500257142852,0.9995979,False,False
7ae6904d-8782-4caa-8a1f-a9caf51a24c3,29,0.5161586452762923,right_wrist,0.5634609,0.6494254,-0.6351577,0.5650144054285711,0.648379051428571,-0.6635125839999996,608.5378,1246.8967,610.2155902857139,1244.8877028571424,0.97519946,False,False
7ae6904d-8782-4caa-8a1f-a9caf51a24c3,30,0.5339572192513369,left_ankle,0.51818365,0.88847333,0.23229545,0.5182550097142855,0.8883195217142852,0.2331972697142856,559.63837,1705.8688,559.7154228571426,1705.5734714285704,0.8783082,False,False
7ae6904d-8782-4caa-8a1f-a9caf51a24c3,30,0.5339572192513369,left_elbow,0.6591178,0.6460532,-0.30754587,0.6592064285714283,0.6455706491428569,-0.32071928142857126,711.8472,1240.4221,711.9429119999996,1239.4956485714279,0.9383704,False,False
7ae6904d-8782-4caa-8a1f-a9caf51a24c3,30,0.5339572192513369,left_foot_index,0.5744966,0.9234472,0.10985477,0.574522674285714,0.9232873325714281,0.10322937028571422,620.45636,1773.0186,620.484510285714,1772.711682857142,0.90255284,False,False
7ae6904d-8782-4caa-8a1f-a9caf51a24c3,30,0.5339572192513369,left_heel,0.48955038,0.8980126,0.25278217,0.4895564614285712,0.8978971462857139,0.2527674622857141,528.7144,1724.1842,528.7209605714283,1723.9625342857134,0.7910222,False,False
7ae6904d-8782-4caa-8a1f-a9caf51a24c3,30,0.5339572192513369,left_hip,0.5375806,0.7080379,0.13477556,0.5372580897142855,0.7080038337142853,0.13524719342857136,580.58704,1359.4327,580.2387228571425,1359.3673428571424,0.9992966,False,False
7ae6904d-8782-4caa-8a1f-a9caf51a24c3,30,0.5339572192513369,left_knee,0.60293007,0.80098015,-0.057585035,0.6029413739999997,0.800934961428571,-0.052227044685714256,651.1645,1537.8818,651.1766697142855,1537.7951085714278,0.8835095,False,False
7ae6904d-8782-4caa-8a1f-a9caf51a24c3,30,0.5339572192513369,left_shoulder,0.61282265,0.5799916,-0.096756995,0.6127631111428569,0.5799306511428568,-0.09824731751428567,661.84845,1113.5839,661.7841505714283,1113.4668485714278,0.9996724,False,False
7ae6904d-8782-4caa-8a1f-a9caf51a24c3,30,0.5339572192513369,left_wrist,0.65052766,0.60342413,-0.7828733,0.6500763502857139,0.602439137428571,-0.7927452628571424,702.5699,1158.5743,702.0825028571425,1156.683134285714,0.9278724,False,False
7ae6904d-8782-4caa-8a1f-a9caf51a24c3,30,0.5339572192513369,nose,0.5948857,0.53417504,-0.6137916,0.5948470085714282,0.5341036545714284,-0.5982994919999997,642.47656,1025.6161,642.4347828571425,1025.4789999999994,0.99984235,False,False
7ae6904d-8782-4caa-8a1f-a9caf51a24c3,30,0.5339572192513369,right_ankle,0.44580576,0.90081686,-0.023821818,0.44590185599999976,0.9006085399999995,-0.04583861451428568,481.4702,1729.5684,481.5739879999997,1729.1684314285708,0.9340133,False,False
7ae6904d-8782-4caa-8a1f-a9caf51a24c3,30,0.5339572192513369,right_elbow,0.4715473,0.6814574,-0.5533297,0.4745056857142855,0.6817344628571425,-0.5729057937142854,509.2711,1308.3982,512.4661419999998,1308.930185714285,0.9866382,False,False
7ae6904d-8782-4caa-8a1f-a9caf51a24c3,30,0.5339572192513369,right_foot_index,0.49224854,0.9494887,-0.19845515,0.4926341145714283,0.9493312659999995,-0.21566025457142846,531.6284,1823.0183,532.044835142857,1822.716002857142,0.9242832,False,False
7ae6904d-8782-4caa-8a1f-a9caf51a24c3,30,0.5339572192513369,right_heel,0.42362323,0.9153015,-0.00484492,0.42370302914285696,0.9150286019999995,-0.02718364668571427,457.5131,1757.3789,457.5992797142855,1756.854945714285,0.6898811,False,False
7ae6904d-8782-4caa-8a1f-a9caf51a24c3,30,0.5339572192513369,right_hip,0.45074666,0.7134575,-0.13491715,0.4510482225714284,0.7135444245714282,-0.13539277942857136,486.8064,1369.8385,487.1320851428569,1370.005308571428,0.9982148,False,False
7ae6904d-8782-4caa-8a1f-a9caf51a24c3,30,0.5339572192513369,right_knee,0.5157736,0.8139716,-0.2985003,0.5160318279999998,0.8138867342857139,-0.3154884754285713,557.03546,1562.8254,557.3143579999996,1562.6624742857134,0.9698035,False,False
7ae6904d-8782-4caa-8a1f-a9caf51a24c3,30,0.5339572192513369,right_shoulder,0.4690609,0.59247917,-0.4441277,0.46942478028571405,0.592630188285714,-0.45934054057142837,506.58575,1137.56,506.978742285714,1137.849945714285,0.9995705,False,False
7ae6904d-8782-4caa-8a1f-a9caf51a24c3,30,0.5339572192513369,right_wrist,0.5760419,0.6511671,-0.66897166,0.5788266954285712,0.6508807028571426,-0.6616498497142854,622.12524,1250.2408,625.1328317142853,1249.6909171428565,0.97474295,False,False
7ae6904d-8782-4caa-8a1f-a9caf51a24c3,31,0.5517557932263815,left_ankle,0.51857674,0.88852495,0.22688581,0.5185640037142855,0.8885036465714281,0.2217288074285713,560.06287,1705.9679,560.0491334285712,1705.9269971428564,0.8681202,False,False
7ae6904d-8782-4caa-8a1f-a9caf51a24c3,31,0.5517557932263815,left_elbow,0.6591004,0.64462227,-0.38368952,0.6595620699999998,0.6447582308571425,-0.3679964034285713,711.8284,1237.6748,712.3270119999996,1237.9358257142853,0.9254618,False,False
7ae6904d-8782-4caa-8a1f-a9caf51a24c3,31,0.5517557932263815,left_foot_index,0.5741684,0.92359066,0.08286099,0.5743292257142855,0.9236434548571424,0.08891022822857139,620.10187,1773.2941,620.275580285714,1773.3954399999993,0.8939436,False,False
7ae6904d-8782-4caa-8a1f-a9caf51a24c3,31,0.5517557932263815,left_heel,0.4898326,0.89798486,0.24683759,0.48989263428571406,0.8979541605714282,0.24258717285714274,529.0192,1724.131,529.0840377142854,1724.0720199999992,0.77298373,False,False
7ae6904d-8782-4caa-8a1f-a9caf51a24c3,31,0.5517557932263815,left_hip,0.53385806,0.7074636,0.13457628,0.5340703125714283,0.7073603742857139,0.13440360171428564,576.5667,1358.3302,576.795934285714,1358.1319771428566,0.99926984,False,False
7ae6904d-8782-4caa-8a1f-a9caf51a24c3,31,0.5517557932263815,left_knee,0.603206,0.8008675,-0.070761204,0.6031893311428569,0.8008882917142854,-0.07799774022857138,651.46246,1537.6656,651.4444917142853,1537.7054828571422,0.87543744,False,False
7ae6904d-8782-4caa-8a1f-a9caf51a24c3,31,0.5517557932263815,left_shoulder,0.61238337,0.58093953,-0.13904147,0.612496421142857,0.5807119645714283,-0.13322712508571422,661.374,1115.4039,661.496098285714,1114.9669799999995,0.9996211,False,False
7ae6904d-8782-4caa-8a1f-a9caf51a24c3,31,0.5517557932263815,left_wrist,0.652763,0.60460585,-0.8684289,0.6525558439999997,0.6038533488571426,-0.8539354919999995,704.9841,1160.8433,704.7603428571425,1159.3984571428564,0.9068953,False,False
7ae6904d-8782-4caa-8a1f-a9caf51a24c3,31,0.5517557932263815,nose,0.598601,0.53451884,-0.6151252,0.5984569485714284,0.5344791131428569,-0.6236187605714283,646.4891,1026.2761,646.333511428571,1026.199848571428,0.9998049,False,False
7ae6904d-8782-4caa-8a1f-a9caf51a24c3,31,0.5517557932263815,right_ankle,0.44507778,0.9003115,-0.09001984,0.4451020851428569,0.900433891428571,-0.06369340179999997,480.684,1728.5981,480.7102457142855,1728.8330685714277,0.92809147,False,False
7ae6904d-8782-4caa-8a1f-a9caf51a24c3,31,0.5517557932263815,right_elbow,0.4904695,0.68350464,-0.6551062,0.48606873914285686,0.6831166337142853,-0.6244534565714281,529.70703,1312.3289,524.9542277142855,1311.5839142857135,0.9861824,False,False
7ae6904d-8782-4caa-8a1f-a9caf51a24c3,31,0.5517557932263815,right_foot_index,0.49120364,0.9490059,-0.25768495,0.4911211459999998,0.9491475857142851,-0.23282403228571416,530.49994,1822.0913,530.4108339999998,1822.3633742857135,0.92000645,False,False
7ae6904d-8782-4caa-8a1f-a9caf51a24c3,31,0.5517557932263815,right_heel,0.42339438,0.9142932,-0.070853524,0.42343652742857124,0.9144475422857139,-0.043870403885714254,457.26593,1755.443,457.311451142857,1755.7392799999993,0.675253,False,False
7ae6904d-8782-4caa-8a1f-a9caf51a24c3,31,0.5517557932263815,right_hip,0.44801003,0.71331364,-0.13473591,0.44767012828571406,0.7130489474285711,-0.13456339971428566,483.85083,1369.5621,483.48373971428543,1369.0539771428564,0.99812037,False,False
7ae6904d-8782-4caa-8a1f-a9caf51a24c3,31,0.5517557932263815,right_knee,0.51588434,0.8139883,-0.3595239,0.515422033142857,0.8140136242857139,-0.3404835205714284,557.1551,1562.8575,556.6558099999996,1562.9060999999992,0.9681422,False,False
7ae6904d-8782-4caa-8a1f-a9caf51a24c3,31,0.5517557932263815,right_shoulder,0.4712509,0.59460735,-0.52250725,0.47125955971428546,0.5945047054285713,-0.4954813368571426,508.95096,1141.6461,508.96031828571404,1141.4490085714278,0.9995148,False,False
7ae6904d-8782-4caa-8a1f-a9caf51a24c3,31,0.5517557932263815,right_wrist,0.59964633,0.6496409,-0.68849486,0.594268600285714,0.6502930571428568,-0.6762280339999996,647.61804,1247.3105,641.8100845714282,1248.562622857142,0.97346383,False,False
7ae6904d-8782-4caa-8a1f-a9caf51a24c3,32,0.569554367201426,left_ankle,0.5189206,0.8880871,0.19727463,0.5188136979999997,0.8879255122857139,0.1999947419999999,560.43427,1705.1272,560.3188068571426,1704.8169485714275,0.8640672,False,False
7ae6904d-8782-4caa-8a1f-a9caf51a24c3,32,0.569554367201426,left_elbow,0.6569914,0.6439648,-0.3726365,0.6550232654285713,0.6441233397142854,-0.36752164314285696,709.5507,1236.4125,707.4251057142853,1236.716905714285,0.90145904,False,False
7ae6904d-8782-4caa-8a1f-a9caf51a24c3,32,0.569554367201426,left_foot_index,0.57452035,0.9236262,0.07913075,0.5743669642857141,0.9234898062857138,0.07590424142857138,620.482,1773.3623,620.3163245714283,1773.1004342857134,0.889231,False,False
7ae6904d-8782-4caa-8a1f-a9caf51a24c3,32,0.569554367201426,left_heel,0.49033672,0.8973945,0.21904327,0.4901054628571426,0.8972680148571424,0.22100244742857134,529.56366,1722.9974,529.3139091428569,1722.7545714285707,0.75924945,False,False
7ae6904d-8782-4caa-8a1f-a9caf51a24c3,32,0.569554367201426,left_hip,0.53042686,0.7064803,0.13426073,0.5303198354285711,0.7067015517142853,0.13394532799999992,572.861,1356.4423,572.7454057142854,1356.8670914285708,0.9992255,False,False
7ae6904d-8782-4caa-8a1f-a9caf51a24c3,32,0.569554367201426,left_knee,0.6032996,0.8009072,-0.10476486,0.6032569022857139,0.8008811231428568,-0.0987376437428571,651.5636,1537.7418,651.5174617142854,1537.6917342857137,0.8722605,False,False
7ae6904d-8782-4caa-8a1f-a9caf51a24c3,32,0.569554367201426,left_shoulder,0.6122442,0.58099943,-0.13801435,0.6120262525714283,0.5814093482857139,-0.13293517728571425,661.2237,1115.5189,660.9883157142854,1116.3059628571423,0.999557,False,False
7ae6904d-8782-4caa-8a1f-a9caf51a24c3,32,0.569554367201426,left_wrist,0.6537665,0.6054886,-0.86075026,0.6551680219999996,0.6073232345714283,-0.8515962477142853,706.0678,1162.5381,707.5814628571426,1166.0606142857137,0.8792992,False,False
7ae6904d-8782-4caa-8a1f-a9caf51a24c3,32,0.569554367201426,nose,0.6012918,0.53502905,-0.6218539,0.6013673785714284,0.5352497008571426,-0.6071482085714283,649.39514,1027.2557,649.4767879999996,1027.679351428571,0.99972665,False,False
7ae6904d-8782-4caa-8a1f-a9caf51a24c3,32,0.569554367201426,right_ankle,0.44441268,0.90030164,-0.087109916,0.4442160248571426,0.9003467119999996,-0.11144327994285708,479.9657,1728.5791,479.7533119999997,1728.665679999999,0.9249542,False,False
7ae6904d-8782-4caa-8a1f-a9caf51a24c3,32,0.569554367201426,right_elbow,0.49429074,0.6842247,-0.61808044,0.497662726285714,0.6842725851428568,-0.624548479428571,533.834,1313.7114,537.4757359999998,1313.8033542857136,0.9849485,False,False
7ae6904d-8782-4caa-8a1f-a9caf51a24c3,32,0.569554367201426,right_foot_index,0.49073023,0.9489798,-0.24914727,0.49079003628571405,0.9489638177142852,-0.27421569942857127,529.98865,1822.0413,530.0532511428569,1822.010588571428,0.91771704,False,False
7ae6904d-8782-4caa-8a1f-a9caf51a24c3,32,0.569554367201426,right_heel,0.42221957,0.9138849,-0.067181006,0.42195559228571405,0.9140195168571423,-0.0928233028571428,455.99713,1754.6589,455.71203657142837,1754.917439999999,0.6633576,False,False
7ae6904d-8782-4caa-8a1f-a9caf51a24c3,32,0.569554367201426,right_hip,0.44461003,0.71218854,-0.13444069,0.4449732039999998,0.7125181954285711,-0.13412133485714278,480.17883,1367.402,480.57105428571407,1368.034888571428,0.99799395,False,False
7ae6904d-8782-4caa-8a1f-a9caf51a24c3,32,0.569554367201426,right_knee,0.5155668,0.814177,-0.35772282,0.5161676588571427,0.8142873957142853,-0.369210605142857,556.8122,1563.2198,557.4611154285711,1563.4317971428566,0.9678204,False,False
7ae6904d-8782-4caa-8a1f-a9caf51a24c3,32,0.569554367201426,right_shoulder,0.4741955,0.5964867,-0.48285222,0.47398411485714265,0.5964263734285711,-0.49429737857142836,512.13116,1145.2544,511.9028539999998,1145.138591428571,0.99941576,False,False
7ae6904d-8782-4caa-8a1f-a9caf51a24c3,32,0.569554367201426,right_wrist,0.5999844,0.6499516,-0.6412042,0.6030004474285711,0.6496898345714281,-0.6444042425714283,647.98315,1247.907,651.2404831428569,1247.4044571428567,0.9699633,False,False
7ae6904d-8782-4caa-8a1f-a9caf51a24c3,33,0.5873529411764706,left_ankle,0.51892155,0.88689476,0.18036841,0.5192739137142853,0.887050133428571,0.18387038799999988,560.4353,1702.8379,560.8158499999997,1703.136237142856,0.8552628,False,False
7ae6904d-8782-4caa-8a1f-a9caf51a24c3,33,0.5873529411764706,left_elbow,0.645679,0.64443433,-0.3185211,0.6470555388571426,0.6441666639999997,-0.3317871034285712,697.3333,1237.314,698.8199714285711,1236.8000485714279,0.8589333,False,False
7ae6904d-8782-4caa-8a1f-a9caf51a24c3,33,0.5873529411764706,left_foot_index,0.5745889,0.922921,0.073614724,0.5749017519999997,0.9229788717142853,0.0778618682285714,620.556,1772.0083,620.8938925714283,1772.119419999999,0.88009906,False,False
7ae6904d-8782-4caa-8a1f-a9caf51a24c3,33,0.5873529411764706,left_heel,0.4902533,0.8961293,0.20144539,0.49075884371428546,0.8962419062857138,0.20565206971428562,529.4736,1720.5682,530.019580285714,1720.7844228571419,0.74263036,False,False
7ae6904d-8782-4caa-8a1f-a9caf51a24c3,33,0.5873529411764706,left_hip,0.5271861,0.7064945,0.13259664,0.5274386237142854,0.7063305611428567,0.1327390825714285,569.36096,1356.4695,569.6337037142854,1356.1547571428564,0.999117,False,False
7ae6904d-8782-4caa-8a1f-a9caf51a24c3,33,0.5873529411764706,left_knee,0.6035709,0.80090123,-0.11297147,0.6038164954285712,0.8008665637142853,-0.11535305617142852,651.85657,1537.7303,652.1218231428568,1537.6637514285708,0.8650632,False,False
7ae6904d-8782-4caa-8a1f-a9caf51a24c3,33,0.5873529411764706,left_shoulder,0.6112922,0.58249867,-0.10661545,0.6114153739999997,0.5820680268571425,-0.1170632491428571,660.19556,1118.3975,660.3285885714283,1117.5706399999995,0.9994162,False,False
7ae6904d-8782-4caa-8a1f-a9caf51a24c3,33,0.5873529411764706,left_wrist,0.6584553,0.6152419,-0.7881613,0.655253871428571,0.6141974954285712,-0.803912983428571,711.1317,1181.2644,707.6741614285711,1179.2591571428566,0.83946127,False,False
7ae6904d-8782-4caa-8a1f-a9caf51a24c3,33,0.5873529411764706,nose,0.6037483,0.5365509,-0.5773485,0.6040005914285711,0.5364101605714283,-0.5942428928571426,652.0482,1030.1777,652.320640285714,1029.9074771428566,0.9995184,False,False
7ae6904d-8782-4caa-8a1f-a9caf51a24c3,33,0.5873529411764706,right_ankle,0.44330412,0.9003666,-0.16404374,0.4435461514285712,0.9001478142857138,-0.15140755262857136,478.76846,1728.7039,479.02986028571405,1728.2837971428562,0.9219034,False,False
7ae6904d-8782-4caa-8a1f-a9caf51a24c3,33,0.5873529411764706,right_elbow,0.50761527,0.6854552,-0.5824646,0.506201866285714,0.6858854308571425,-0.5949099251428568,548.2245,1316.074,546.6980228571426,1316.9000199999994,0.9833291,False,False
7ae6904d-8782-4caa-8a1f-a9caf51a24c3,33,0.5873529411764706,right_foot_index,0.49082437,0.948746,-0.32463694,0.49078124028571407,0.9485731862857139,-0.312035031142857,530.09033,1821.5924,530.0437339999997,1821.2605914285705,0.91534185,False,False
7ae6904d-8782-4caa-8a1f-a9caf51a24c3,33,0.5873529411764706,right_heel,0.41851228,0.9139026,-0.14821742,0.4184106999999998,0.9136095754285709,-0.1343500468571428,451.99326,1754.693,451.8835465714284,1754.1303457142847,0.6547068,False,False
7ae6904d-8782-4caa-8a1f-a9caf51a24c3,33,0.5873529411764706,right_hip,0.44337377,0.7124182,-0.13276684,0.4433566365714283,0.7122185182857139,-0.13290846057142852,478.84366,1367.8429,478.82515857142835,1367.4595171428564,0.99775136,False,False
7ae6904d-8782-4caa-8a1f-a9caf51a24c3,33,0.5873529411764706,right_knee,0.51890624,0.8148033,-0.38765156,0.5187853331428569,0.8146691254285711,-0.38654172542857124,560.41876,1564.4224,560.2881777142853,1564.164742857142,0.9669606,False,False
7ae6904d-8782-4caa-8a1f-a9caf51a24c3,33,0.5873529411764706,right_shoulder,0.47719157,0.5978458,-0.46971226,0.4776414379999998,0.5979122037142854,-0.47653591171428544,515.3669,1147.8639,515.8527611428569,1147.9913828571423,0.99927014,False,False
7ae6904d-8782-4caa-8a1f-a9caf51a24c3,33,0.5873529411764706,right_wrist,0.6055065,0.6495955,-0.61768955,0.6043803711428568,0.6496738017142853,-0.6303966019999996,653.947,1247.2234,652.7307674285711,1247.3736914285707,0.9680602,False,False
7ae6904d-8782-4caa-8a1f-a9caf51a24c3,34,0.6051515151515151,left_ankle,0.5195331,0.8865681,0.18133901,0.5189641285714284,0.8866030919999995,0.17656678742857135,561.09576,1702.2108,560.4812802857141,1702.2779742857135,0.8456291,False,False
7ae6904d-8782-4caa-8a1f-a9caf51a24c3,34,0.6051515151515151,left_elbow,0.64101297,0.64453477,-0.32515094,0.6422625659999996,0.6446969499999997,-0.32046208228571416,692.294,1237.5067,693.6435508571426,1237.818108571428,0.8164898,False,False
7ae6904d-8782-4caa-8a1f-a9caf51a24c3,34,0.6051515151515151,left_foot_index,0.5752,0.9224335,0.078906186,0.5747617248571426,0.922471075428571,0.07333687422857141,621.216,1771.0723,620.7426634285712,1771.144419999999,0.8705042,False,False
7ae6904d-8782-4caa-8a1f-a9caf51a24c3,34,0.6051515151515151,left_heel,0.4914709,0.8955527,0.20323306,0.49098373514285687,0.8956044859999995,0.19770166685714274,530.7886,1719.4612,530.2624574285712,1719.5605942857133,0.72864574,False,False
7ae6904d-8782-4caa-8a1f-a9caf51a24c3,34,0.6051515151515151,left_hip,0.5252835,0.70633143,0.13203143,0.5249872354285712,0.7064113997142853,0.1322508688571428,567.3062,1356.1564,566.9862165714283,1356.3099399999992,0.999054,False,False
7ae6904d-8782-4caa-8a1f-a9caf51a24c3,34,0.6051515151515151,left_knee,0.60487807,0.8009558,-0.119074024,0.6045252597142854,0.8010449308571425,-0.11737508508571423,653.2683,1537.8351,652.8872639999997,1538.0062285714278,0.85742545,False,False
7ae6904d-8782-4caa-8a1f-a9caf51a24c3,34,0.6051515151515151,left_shoulder,0.61095715,0.58298224,-0.1170416,0.610764829428571,0.583306220285714,-0.11087298542857137,659.83374,1119.3259,659.6260414285712,1119.9479457142852,0.99926627,False,False
7ae6904d-8782-4caa-8a1f-a9caf51a24c3,34,0.6051515151515151,left_wrist,0.65539545,0.6216312,-0.78578275,0.6609434219999997,0.6209817925714283,-0.7820912568571424,707.8271,1193.5319,713.8189022857139,1192.2850228571424,0.80061346,False,False
7ae6904d-8782-4caa-8a1f-a9caf51a24c3,34,0.6051515151515151,nose,0.60587895,0.53735536,-0.5965462,0.6052210757142854,0.5372486139999997,-0.5871796565714282,654.34924,1031.7223,653.6387731428567,1031.5173485714279,0.9992435,False,False
7ae6904d-8782-4caa-8a1f-a9caf51a24c3,34,0.6051515151515151,right_ankle,0.44354007,0.89955986,-0.18588376,0.44341681371428554,0.899750711428571,-0.18062034691428563,479.0233,1727.1549,478.8901677142855,1727.521319999999,0.9198666,False,False
7ae6904d-8782-4caa-8a1f-a9caf51a24c3,34,0.6051515151515151,right_elbow,0.5157075,0.6884751,-0.6130104,0.5154859799999998,0.6880386085714283,-0.6041660237142854,556.9641,1321.8722,556.7248611428568,1321.0341799999992,0.98133814,False,False
7ae6904d-8782-4caa-8a1f-a9caf51a24c3,34,0.6051515151515151,right_foot_index,0.49078438,0.94782656,-0.34348378,0.4907209865714283,0.9480028348571423,-0.336844431142857,530.0471,1819.827,529.9786545714283,1820.1654599999993,0.9139601,False,False
7ae6904d-8782-4caa-8a1f-a9caf51a24c3,34,0.6051515151515151,right_heel,0.41376573,0.91260177,-0.16919269,0.41385559542857125,0.9126856568571423,-0.16422975605714277,446.86697,1752.1954,446.96403457142833,1752.356482857142,0.64864504,False,False
7ae6904d-8782-4caa-8a1f-a9caf51a24c3,34,0.6051515151515151,right_hip,0.44289133,0.71249264,-0.13217552,0.44285178914285694,0.7126065611428568,-0.1323969748571428,478.32263,1367.9858,478.27992628571405,1368.2045599999992,0.99761957,False,False
7ae6904d-8782-4caa-8a1f-a9caf51a24c3,34,0.6051515151515151,right_knee,0.5229779,0.81484485,-0.40984046,0.522908442285714,0.8148773648571425,-0.4027630125714283,564.8161,1564.5021,564.7410982857141,1564.5645342857135,0.9662436,False,False
7ae6904d-8782-4caa-8a1f-a9caf51a24c3,34,0.6051515151515151,right_shoulder,0.48200214,0.59911704,-0.49411017,0.4815803999999998,0.5990348537142854,-0.48414259285714256,520.5623,1150.3047,520.1068177142854,1150.1469171428566,0.99907213,False,False
7ae6904d-8782-4caa-8a1f-a9caf51a24c3,34,0.6051515151515151,right_wrist,0.6094758,0.64912283,-0.67120695,0.6105070765714282,0.6490811231428568,-0.6609470734285711,658.2338,1246.3158,659.3476099999997,1246.2357342857138,0.96659726,False,False
7ae6904d-8782-4caa-8a1f-a9caf51a24c3,35,0.6229500891265597,left_ankle,0.51759785,0.8869146,0.16450188,0.5180497657142854,0.8869010117142853,0.16451949257142845,559.0057,1702.8761,559.493756285714,1702.8499914285705,0.83653265,False,False
7ae6904d-8782-4caa-8a1f-a9caf51a24c3,35,0.6229500891265597,left_elbow,0.64278346,0.6458928,-0.3415636,0.6401119531428568,0.6457151957142855,-0.3453213554285713,694.2061,1240.1141,691.3208851428567,1239.7731199999994,0.79259115,False,False
7ae6904d-8782-4caa-8a1f-a9caf51a24c3,35,0.6229500891265597,left_foot_index,0.57352966,0.92244697,0.058048394,0.5737560605714284,0.9224788419999995,0.05776343779999997,619.41205,1771.0981,619.6565499999997,1771.159325714285,0.8620695,False,False
7ae6904d-8782-4caa-8a1f-a9caf51a24c3,35,0.6229500891265597,left_heel,0.48998007,0.8957144,0.18451746,0.49000192799999975,0.8957056211428567,0.18505339714285704,529.17847,1719.7716,529.2020885714282,1719.7547571428563,0.71658266,False,False
7ae6904d-8782-4caa-8a1f-a9caf51a24c3,35,0.6229500891265597,left_hip,0.52292067,0.70672894,0.13335069,0.5232105162857139,0.7066527639999997,0.13287475542857136,564.75433,1356.9196,565.0673722857139,1356.7733199999993,0.99904335,False,False
7ae6904d-8782-4caa-8a1f-a9caf51a24c3,35,0.6229500891265597,left_knee,0.605214,0.80158156,-0.11898034,0.6053359208571425,0.8015655237142854,-0.12228806251428564,653.6311,1539.0366,653.7627768571425,1539.0058199999992,0.8484288,False,False
7ae6904d-8782-4caa-8a1f-a9caf51a24c3,35,0.6229500891265597,left_shoulder,0.6112318,0.5850193,-0.11959864,0.611861822285714,0.5849070785714283,-0.12422702971428565,660.1304,1123.237,660.810803428571,1123.0215399999995,0.99924284,False,False
7ae6904d-8782-4caa-8a1f-a9caf51a24c3,35,0.6229500891265597,left_wrist,0.670503,0.62460667,-0.8049657,0.6642616662857139,0.626332448285714,-0.808123863428571,724.14325,1199.2448,717.4025979999996,1202.5582914285706,0.78287107,False,False
7ae6904d-8782-4caa-8a1f-a9caf51a24c3,35,0.6229500891265597,nose,0.6046488,0.53735536,-0.59728295,0.605183151428571,0.5374664157142854,-0.6013308851428568,653.02075,1031.7223,653.5978299999997,1031.935505714285,0.9991606,False,False
7ae6904d-8782-4caa-8a1f-a9caf51a24c3,35,0.6229500891265597,right_ankle,0.4440848,0.8994874,-0.16511461,0.44402274028571403,0.899443633428571,-0.17346190514285703,479.61157,1727.0157,479.54456628571404,1726.931742857142,0.9188223,False,False
7ae6904d-8782-4caa-8a1f-a9caf51a24c3,35,0.6229500891265597,right_elbow,0.52032155,0.689544,-0.6292741,0.5200790548571426,0.689664874285714,-0.6316231342857139,561.94727,1323.9246,561.6853734285711,1324.156628571428,0.98034376,False,False
7ae6904d-8782-4caa-8a1f-a9caf51a24c3,35,0.6229500891265597,right_foot_index,0.49041176,0.9477597,-0.31203988,0.49020231285714266,0.9478119377142852,-0.32199116714285697,529.6447,1819.6986,529.4184845714283,1819.7988942857132,0.9135894,False,False
7ae6904d-8782-4caa-8a1f-a9caf51a24c3,35,0.6229500891265597,right_heel,0.41065824,0.9116565,-0.14712276,0.41103387771428546,0.9118062188571423,-0.1555024525714285,443.5109,1750.3805,443.9165805714283,1750.6679342857133,0.64750427,False,False
7ae6904d-8782-4caa-8a1f-a9caf51a24c3,35,0.6229500891265597,right_hip,0.44195268,0.7132315,-0.13347565,0.44166136457142835,0.7132252445714282,-0.1330030385714285,477.3089,1369.4045,476.99428057142836,1369.3924399999992,0.9975796,False,False
7ae6904d-8782-4caa-8a1f-a9caf51a24c3,35,0.6229500891265597,right_knee,0.5262676,0.81484467,-0.39776793,0.5256448137142855,0.8148228908571424,-0.4052264699999998,568.369,1564.5017,567.6963948571426,1564.459922857142,0.966185,False,False
7ae6904d-8782-4caa-8a1f-a9caf51a24c3,35,0.6229500891265597,right_shoulder,0.48514178,0.5999581,-0.48745948,0.48504476599999974,0.6001098965714282,-0.49190761599999977,523.9531,1151.9196,523.8483365714283,1152.2110371428566,0.998997,False,False
7ae6904d-8782-4caa-8a1f-a9caf51a24c3,35,0.6229500891265597,right_wrist,0.61829364,0.6481703,-0.7067635,0.6175979194285711,0.6482864959999997,-0.7103932454285711,667.75714,1244.4869,667.005734285714,1244.710014285714,0.9668219,False,False
7ae6904d-8782-4caa-8a1f-a9caf51a24c3,36,0.6407486631016043,left_ankle,0.5165964,0.8873335,0.1498484,0.5167638394285712,0.8873346099999996,0.15092199371428563,557.9241,1703.6803,558.104943428571,1703.6824428571422,0.8303133,False,False
7ae6904d-8782-4caa-8a1f-a9caf51a24c3,36,0.6407486631016043,left_elbow,0.636202,0.648243,-0.3715,0.6380759714285712,0.6489068939999998,-0.3662049914285712,687.09814,1244.6266,689.1220222857139,1245.9012571428566,0.7688274,False,False
7ae6904d-8782-4caa-8a1f-a9caf51a24c3,36,0.6407486631016043,left_foot_index,0.5718671,0.9228063,0.03905991,0.5720162205714283,0.9227598548571424,0.040218115714285685,617.61646,1771.7881,617.7775299999996,1771.6989314285706,0.85612637,False,False
7ae6904d-8782-4caa-8a1f-a9caf51a24c3,36,0.6407486631016043,left_heel,0.48745495,0.89605993,0.16994269,0.48814783171428544,0.8960958168571423,0.17082804828571418,526.45135,1720.435,527.1996528571426,1720.5039142857133,0.70795447,False,False
7ae6904d-8782-4caa-8a1f-a9caf51a24c3,36,0.6407486631016043,left_hip,0.52175564,0.7074919,0.13477989,0.5213645634285712,0.707594965428571,0.1358228365714285,563.4961,1358.3844,563.0737359999998,1358.5823228571421,0.99904877,False,False
7ae6904d-8782-4caa-8a1f-a9caf51a24c3,36,0.6407486631016043,left_knee,0.6066877,0.8022493,-0.12841919,0.6070127208571425,0.8021002634285711,-0.12860566279999994,655.2227,1540.3187,655.5737145714284,1540.0325085714276,0.8424406,False,False
7ae6904d-8782-4caa-8a1f-a9caf51a24c3,36,0.6407486631016043,left_shoulder,0.61435264,0.58739924,-0.13655958,0.6137149437142855,0.5875757017142854,-0.1326220834285714,663.50085,1127.8065,662.8121528571426,1128.1453285714279,0.99921924,False,False
7ae6904d-8782-4caa-8a1f-a9caf51a24c3,36,0.6407486631016043,left_wrist,0.66496766,0.6316949,-0.84012866,0.6688503791428567,0.6298878474285711,-0.8352779728571424,718.16504,1212.8542,722.358402285714,1209.384691428571,0.76610494,False,False
7ae6904d-8782-4caa-8a1f-a9caf51a24c3,36,0.6407486631016043,nose,0.6046981,0.5377092,-0.60667104,0.6045099991428569,0.5377276851428568,-0.6066338194285712,653.074,1032.4016,652.8708485714283,1032.437128571428,0.9990962,False,False
7ae6904d-8782-4caa-8a1f-a9caf51a24c3,36,0.6407486631016043,right_ankle,0.44534057,0.8995286,-0.17562741,0.4454242691428569,0.8995365577142853,-0.17752660885714278,480.96783,1727.095,481.05820714285693,1727.1101799999992,0.91896254,False,False
7ae6904d-8782-4caa-8a1f-a9caf51a24c3,36,0.6407486631016043,right_elbow,0.52579594,0.6900139,-0.65399635,0.5276844537142854,0.6899634442857139,-0.6571909008571425,567.8596,1324.8267,569.8991919999996,1324.7298342857137,0.98006415,False,False
7ae6904d-8782-4caa-8a1f-a9caf51a24c3,36,0.6407486631016043,right_foot_index,0.4902476,0.9480271,-0.3141164,0.4904626845714283,0.9479624971428567,-0.31900837657142844,529.4674,1820.212,529.699694285714,1820.0879628571417,0.9140716,False,False
7ae6904d-8782-4caa-8a1f-a9caf51a24c3,36,0.6407486631016043,right_heel,0.4108197,0.9117622,-0.15692447,0.4103953114285712,0.9116752145714282,-0.15759571742857137,443.68527,1750.5834,443.22693428571404,1750.4164285714278,0.64861584,False,False
7ae6904d-8782-4caa-8a1f-a9caf51a24c3,36,0.6407486631016043,right_hip,0.4398091,0.71412534,-0.13489251,0.44006382228571406,0.7139504417142855,-0.1359308665714285,474.99384,1371.1206,475.2689305714283,1370.7848399999993,0.99758804,False,False
7ae6904d-8782-4caa-8a1f-a9caf51a24c3,36,0.6407486631016043,right_knee,0.5280715,0.81496644,-0.4074826,0.5291823279999998,0.8149299779999996,-0.4052938994285713,570.31726,1564.7356,571.5169394285712,1564.6655457142851,0.96707404,False,False
7ae6904d-8782-4caa-8a1f-a9caf51a24c3,36,0.6407486631016043,right_shoulder,0.48804536,0.6009855,-0.49746212,0.48875539914285693,0.6007368051428569,-0.5002176397142855,527.089,1153.8922,527.8558265714285,1153.4146942857137,0.99894595,False,False
7ae6904d-8782-4caa-8a1f-a9caf51a24c3,36,0.6407486631016043,right_wrist,0.6263298,0.6468612,-0.74906486,0.6273435137142854,0.6465491742857139,-0.7506885679999997,676.43616,1241.9735,677.5309714285711,1241.3744085714281,0.9673672,False,False
7ae6904d-8782-4caa-8a1f-a9caf51a24c3,37,0.6585472370766489,left_ankle,0.514737,0.88738257,0.15716447,0.5140125831428568,0.8873003399999996,0.16239802742857135,555.91595,1703.7745,555.1335808571425,1703.616639999999,0.823113,False,False
7ae6904d-8782-4caa-8a1f-a9caf51a24c3,37,0.6585472370766489,left_elbow,0.6376477,0.653392,-0.37486058,0.6371019759999996,0.6520540299999997,-0.37973639342857124,688.6595,1254.5127,688.0701208571425,1251.943774285714,0.7568722,False,False
7ae6904d-8782-4caa-8a1f-a9caf51a24c3,37,0.6585472370766489,left_foot_index,0.5698602,0.92298454,0.053283785,0.569316195428571,0.9229971528571423,0.06238501237142854,615.44904,1772.1304,614.8614899999997,1772.1545628571419,0.8500611,False,False
7ae6904d-8782-4caa-8a1f-a9caf51a24c3,37,0.6585472370766489,left_heel,0.48531467,0.89613724,0.17790025,0.48420748999999974,0.8959749382857138,0.18362801285714278,524.13983,1720.5835,522.9440788571426,1720.2718857142847,0.7023714,False,False
7ae6904d-8782-4caa-8a1f-a9caf51a24c3,37,0.6585472370766489,left_hip,0.5200649,0.7093139,0.14009707,0.5207955277142855,0.7094358979999997,0.13882366085714276,561.6701,1361.8827,562.4591745714283,1362.1169057142852,0.9990772,False,False
7ae6904d-8782-4caa-8a1f-a9caf51a24c3,37,0.6585472370766489,left_knee,0.60998577,0.8026169,-0.12452925,0.6095310591428568,0.8029223634285712,-0.11864240999999993,658.7846,1541.0244,658.2935231428568,1541.6109599999993,0.83521,False,False
7ae6904d-8782-4caa-8a1f-a9caf51a24c3,37,0.6585472370766489,left_shoulder,0.6152059,0.5902207,-0.13619955,0.6157986965714283,0.5899305331428568,-0.13961069914285706,664.42236,1133.2238,665.0625805714283,1132.6666399999995,0.9992524,False,False
7ae6904d-8782-4caa-8a1f-a9caf51a24c3,37,0.6585472370766489,left_wrist,0.6727947,0.6302884,-0.8488449,0.6723403234285711,0.6310614031428567,-0.8547613079999995,726.6183,1210.1538,726.1275608571425,1211.637908571428,0.76282924,False,False
7ae6904d-8782-4caa-8a1f-a9caf51a24c3,37,0.6585472370766489,nose,0.604433,0.53827953,-0.60459685,0.604500714285714,0.5382241551428568,-0.5997529651428568,652.78766,1033.4967,652.8607991428569,1033.3903542857138,0.99914837,False,False
7ae6904d-8782-4caa-8a1f-a9caf51a24c3,37,0.6585472370766489,right_ankle,0.44843367,0.89957345,-0.19392817,0.44895997542857125,0.8995194842857138,-0.18705910171428564,484.30835,1727.181,484.87676857142833,1727.0774742857134,0.9205698,False,False
7ae6904d-8782-4caa-8a1f-a9caf51a24c3,37,0.6585472370766489,right_elbow,0.5392983,0.6898266,-0.6825124,0.5365992557142854,0.6898490228571426,-0.6768681828571426,582.44214,1324.467,579.5271814285711,1324.510088571428,0.98003465,False,False
7ae6904d-8782-4caa-8a1f-a9caf51a24c3,37,0.6585472370766489,right_foot_index,0.49327654,0.947501,-0.31742615,0.49387261171428554,0.9472754222857138,-0.2950874514285713,532.73865,1819.2019,533.3824071428569,1818.7687942857135,0.9155521,False,False
7ae6904d-8782-4caa-8a1f-a9caf51a24c3,37,0.6585472370766489,right_heel,0.41149756,0.91186756,-0.17575158,0.41217058685714264,0.9118604405714281,-0.17398870457142848,444.41736,1750.7858,445.1442257142855,1750.772102857142,0.6572523,False,False
7ae6904d-8782-4caa-8a1f-a9caf51a24c3,37,0.6585472370766489,right_hip,0.43911055,0.7147377,-0.14016518,0.4391874974285712,0.7150302137142854,-0.13888797971428563,474.23938,1372.2964,474.32249885714265,1372.8579999999993,0.9976499,False,False
7ae6904d-8782-4caa-8a1f-a9caf51a24c3,37,0.6585472370766489,right_knee,0.5349516,0.81562793,-0.4080168,0.5347105294285711,0.8157629771428567,-0.40904101028571405,577.74774,1566.0056,577.4873828571426,1566.2649114285707,0.9682006,False,False
7ae6904d-8782-4caa-8a1f-a9caf51a24c3,37,0.6585472370766489,right_shoulder,0.49327958,0.6010448,-0.5199251,0.49208467828571406,0.6012546799999997,-0.5156248999999997,532.74194,1154.006,531.4514565714285,1154.4089942857136,0.9989754,False,False
7ae6904d-8782-4caa-8a1f-a9caf51a24c3,37,0.6585472370766489,right_wrist,0.6360708,0.6439632,-0.78046966,0.6343562965714282,0.644611035428571,-0.7803404679999997,686.9564,1236.4094,685.1047528571426,1237.6532171428566,0.96864396,False,False
7ae6904d-8782-4caa-8a1f-a9caf51a24c3,38,0.6763458110516934,left_ankle,0.50827444,0.88660663,0.19371073,0.5080836417142853,0.8865227808571424,0.18475709457142847,548.9364,1702.2848,548.7303359999997,1702.1237942857135,0.81376135,False,False
7ae6904d-8782-4caa-8a1f-a9caf51a24c3,38,0.6763458110516934,left_elbow,0.64163667,0.655401,-0.37332088,0.6406137111428569,0.6584890714285712,-0.3652718542857141,692.9676,1258.3699,691.8628045714281,1264.2990485714279,0.75106275,False,False
7ae6904d-8782-4caa-8a1f-a9caf51a24c3,38,0.6763458110516934,left_foot_index,0.5654171,0.9229966,0.11855067,0.5661065377142854,0.9229131982857138,0.10583791714285708,610.65045,1772.1534,611.3950757142854,1771.9933114285705,0.8424945,False,False
7ae6904d-8782-4caa-8a1f-a9caf51a24c3,38,0.6763458110516934,left_heel,0.47689474,0.8950756,0.21645246,0.47679009742857115,0.8950778911428566,0.2064425939999999,515.0463,1718.5452,514.9332882857141,1718.5495457142847,0.6947908,False,False
7ae6904d-8782-4caa-8a1f-a9caf51a24c3,38,0.6763458110516934,left_hip,0.5206875,0.7116861,0.14091256,0.5198367308571425,0.7112696794285711,0.14197871799999995,562.3425,1366.4373,561.423677142857,1365.6377914285708,0.99909157,False,False
7ae6904d-8782-4caa-8a1f-a9caf51a24c3,38,0.6763458110516934,left_knee,0.6120029,0.804081,-0.08227368,0.6123403202857141,0.8035680085714282,-0.08511404399999996,660.96313,1543.8356,661.3275374285711,1542.8505799999991,0.82693654,False,False
7ae6904d-8782-4caa-8a1f-a9caf51a24c3,38,0.6763458110516934,left_shoulder,0.6161176,0.5915236,-0.13273114,0.6152327594285711,0.5915237045714283,-0.1279270848571428,665.407,1135.7253,664.4513619999998,1135.7255142857139,0.99928546,False,False
7ae6904d-8782-4caa-8a1f-a9caf51a24c3,38,0.6763458110516934,left_wrist,0.682691,0.62886196,-0.84527904,0.6819503428571425,0.6293743891428569,-0.8335028108571424,737.3063,1207.4149,736.506372285714,1208.3988142857136,0.76235473,False,False
7ae6904d-8782-4caa-8a1f-a9caf51a24c3,38,0.6763458110516934,nose,0.60445416,0.53871334,-0.571381,0.604464111428571,0.5386001757142854,-0.5779096651428568,652.8105,1034.3296,652.8212408571426,1034.112331428571,0.9991848,False,False
7ae6904d-8782-4caa-8a1f-a9caf51a24c3,38,0.6763458110516934,right_ankle,0.4535139,0.8994191,-0.17436558,0.4526977499999998,0.8993909771428568,-0.1770833425714285,489.795,1726.8848,488.9135588571427,1726.8307485714276,0.9218664,False,False
7ae6904d-8782-4caa-8a1f-a9caf51a24c3,38,0.6763458110516934,right_elbow,0.5459636,0.68951255,-0.67288774,0.5489402857142854,0.6896233185714282,-0.6782106785714282,589.6407,1323.8641,592.8555154285712,1324.0767314285708,0.980315,False,False
7ae6904d-8782-4caa-8a1f-a9caf51a24c3,38,0.6763458110516934,right_foot_index,0.4999739,0.94580734,-0.23260888,0.4995720568571426,0.9460346337142853,-0.25691796314285703,539.9718,1815.9501,539.5378114285712,1816.3864971428561,0.91655594,False,False
7ae6904d-8782-4caa-8a1f-a9caf51a24c3,38,0.6763458110516934,right_heel,0.41489047,0.9119361,-0.17292663,0.4137780228571427,0.9119430719999995,-0.16872282685714277,448.0817,1750.9174,446.8802642857141,1750.9307885714277,0.66632193,False,False
7ae6904d-8782-4caa-8a1f-a9caf51a24c3,38,0.6763458110516934,right_hip,0.43953523,0.7166726,-0.14091858,0.4394607185714283,0.716406119428571,-0.1419903008571428,474.69806,1376.0114,474.61757599999976,1375.4997628571423,0.9976974,False,False
7ae6904d-8782-4caa-8a1f-a9caf51a24c3,38,0.6763458110516934,right_knee,0.54051024,0.8176723,-0.3939377,0.5399685051428569,0.8175334651428569,-0.3883528828571427,583.75104,1569.9308,583.1659885714282,1569.6642542857135,0.9692664,False,False
7ae6904d-8782-4caa-8a1f-a9caf51a24c3,38,0.6763458110516934,right_shoulder,0.49512735,0.601883,-0.5185077,0.496415524285714,0.601875174285714,-0.5205475757142854,534.73755,1155.6154,536.128780285714,1155.6003742857138,0.99899733,False,False
7ae6904d-8782-4caa-8a1f-a9caf51a24c3,38,0.6763458110516934,right_wrist,0.6381765,0.64188427,-0.76439327,0.6389560114285712,0.6412264968571425,-0.7562166122857139,689.2306,1232.4178,690.072463428571,1231.1549028571421,0.9699857,False,False
7ae6904d-8782-4caa-8a1f-a9caf51a24c3,39,0.6941443850267379,left_ankle,0.50191504,0.88550985,0.20568965,0.5032423617142854,0.885738159428571,0.2167416457142856,542.06824,1700.179,543.5017342857141,1700.6173342857135,0.797474,False,False
7ae6904d-8782-4caa-8a1f-a9caf51a24c3,39,0.6941443850267379,left_elbow,0.6490518,0.66394085,-0.33167195,0.6511668102857139,0.6598642219999997,-0.33924644942857124,700.97595,1274.7665,703.2601551428568,1266.9393199999995,0.74925965,False,False
7ae6904d-8782-4caa-8a1f-a9caf51a24c3,39,0.6941443850267379,left_foot_index,0.56279266,0.92271024,0.14651023,0.5618978354285711,0.922777725428571,0.15962648157142847,607.8161,1771.6036,606.849642285714,1771.7331742857134,0.82965565,False,False
7ae6904d-8782-4caa-8a1f-a9caf51a24c3,39,0.6941443850267379,left_heel,0.46844777,0.8938978,0.22683774,0.46972381571428545,0.8940428765714281,0.23914229485714275,505.92358,1716.2837,507.30170542857115,1716.562322857142,0.6842064,False,False
7ae6904d-8782-4caa-8a1f-a9caf51a24c3,39,0.6941443850267379,left_hip,0.5179385,0.71267635,0.14369313,0.5182795571428569,0.7130028545714282,0.14232849685714277,559.3736,1368.3386,559.7419314285712,1368.9654714285707,0.99908274,False,False
7ae6904d-8782-4caa-8a1f-a9caf51a24c3,39,0.6941443850267379,left_knee,0.61493874,0.8044745,-0.04529544,0.614800414285714,0.8051752168571424,-0.0460111750285714,664.13385,1544.591,663.984460285714,1545.9364399999993,0.81383693,False,False
7ae6904d-8782-4caa-8a1f-a9caf51a24c3,39,0.6941443850267379,left_shoulder,0.6124978,0.59273314,-0.1005702,0.6129026259999997,0.5930199794285711,-0.10305734382857137,661.4976,1138.0476,661.9348319999997,1138.5983571428565,0.99930227,False,False
7ae6904d-8782-4caa-8a1f-a9caf51a24c3,39,0.6941443850267379,left_wrist,0.6886645,0.626872,-0.77457094,0.688796942285714,0.6261718179999998,-0.7833749671428567,743.7576,1203.5942,743.9006691428567,1202.2498228571421,0.76522756,False,False
7ae6904d-8782-4caa-8a1f-a9caf51a24c3,39,0.6941443850267379,nose,0.60457224,0.53930366,-0.5438561,0.6045502542857139,0.5395793471428569,-0.5344521671428568,652.938,1035.463,652.914262285714,1035.992311428571,0.9992311,False,False
7ae6904d-8782-4caa-8a1f-a9caf51a24c3,39,0.6941443850267379,right_ankle,0.45459083,0.8994923,-0.15142746,0.45492845342857124,0.8996787071428567,-0.15425232479999992,490.9581,1727.0253,491.32273114285687,1727.3832085714278,0.9212726,False,False
7ae6904d-8782-4caa-8a1f-a9caf51a24c3,39,0.6941443850267379,right_elbow,0.56241566,0.6893406,-0.64903706,0.5597754234285711,0.6896517059999998,-0.6381169099999997,607.40894,1323.5339,604.5574845714282,1324.1312514285705,0.9803019,False,False
7ae6904d-8782-4caa-8a1f-a9caf51a24c3,39,0.6941443850267379,right_foot_index,0.50386083,0.9452038,-0.23092249,0.5032961639999998,0.9452359617142853,-0.22116506799999988,544.1697,1814.7913,543.5598599999997,1814.8530485714277,0.9154529,False,False
7ae6904d-8782-4caa-8a1f-a9caf51a24c3,39,0.6941443850267379,right_heel,0.4153451,0.9120144,-0.13833904,0.4167402319999998,0.9119984434285711,-0.1449966936571428,448.57272,1751.0677,450.0794519999997,1751.037065714285,0.6734372,False,False
7ae6904d-8782-4caa-8a1f-a9caf51a24c3,39,0.6941443850267379,right_hip,0.43986362,0.7181214,-0.1436783,0.43979944999999976,0.7182454251428568,-0.1423267845714285,475.0527,1378.7931,474.98339057142834,1379.031248571428,0.9976581,False,False
7ae6904d-8782-4caa-8a1f-a9caf51a24c3,39,0.6941443850267379,right_knee,0.54116225,0.82036716,-0.34786335,0.5409097065714283,0.8206944239999996,-0.35237921399999983,584.45526,1575.105,584.1824879999997,1575.733302857142,0.9690963,False,False
7ae6904d-8782-4caa-8a1f-a9caf51a24c3,39,0.6941443850267379,right_shoulder,0.5018121,0.6027985,-0.5070382,0.5011576628571426,0.6027344714285712,-0.5021706417142855,541.9571,1157.3732,541.2502931428569,1157.2502428571422,0.99898654,False,False
7ae6904d-8782-4caa-8a1f-a9caf51a24c3,39,0.6941443850267379,right_wrist,0.6433093,0.6354743,-0.6657583,0.6438750228571425,0.6356882925714283,-0.6692093645714283,694.77405,1220.1107,695.3850334285711,1220.5215628571423,0.9712518,False,False
7ae6904d-8782-4caa-8a1f-a9caf51a24c3,40,0.7119429590017825,left_ankle,0.5025911,0.88557464,0.24376278,0.5015802645714282,0.8854707225714281,0.23195976342857133,542.79834,1700.3033,541.7066657142855,1700.1037999999992,0.78453225,False,False
7ae6904d-8782-4caa-8a1f-a9caf51a24c3,40,0.7119429590017825,left_elbow,0.6727105,0.6526549,-0.30861014,0.6742262088571425,0.6544546205714283,-0.3067504142857141,726.52734,1253.0974,728.1643165714283,1256.5529114285707,0.7521799,False,False
7ae6904d-8782-4caa-8a1f-a9caf51a24c3,40,0.7119429590017825,left_foot_index,0.5581983,0.92296624,0.19712758,0.5590316811428568,0.9230942182857138,0.18274568285714277,602.8541,1772.0952,603.7542071428569,1772.3409085714277,0.8171845,False,False
7ae6904d-8782-4caa-8a1f-a9caf51a24c3,40,0.7119429590017825,left_heel,0.4674472,0.8935999,0.26707628,0.46664335771428544,0.8935680999999995,0.2537967114285713,504.84296,1715.7119,503.9748114285712,1715.6508028571418,0.6733879,False,False
7ae6904d-8782-4caa-8a1f-a9caf51a24c3,40,0.7119429590017825,left_hip,0.5160586,0.71521074,0.14246704,0.5161424457142855,0.7151865017142853,0.14425848228571422,557.3433,1373.2046,557.4338682857141,1373.1580828571423,0.9990383,False,False
7ae6904d-8782-4caa-8a1f-a9caf51a24c3,40,0.7119429590017825,left_knee,0.61705637,0.8076152,-0.02409991,0.6167416459999998,0.8071782011428568,-0.027072699717142837,666.4209,1550.6212,666.0809974285711,1549.782108571428,0.80720294,False,False
7ae6904d-8782-4caa-8a1f-a9caf51a24c3,40,0.7119429590017825,left_shoulder,0.6100797,0.5952733,-0.07017989,0.6103919417142855,0.595328636285714,-0.07187098309999997,658.8861,1142.9248,659.2232999999997,1143.0310171428564,0.9992901,False,False
7ae6904d-8782-4caa-8a1f-a9caf51a24c3,40,0.7119429590017825,left_wrist,0.69336414,0.6177966,-0.7192498,0.6940114654285712,0.6170078511428568,-0.7164594357142854,748.83325,1186.1694,749.5323357142853,1184.6550171428567,0.7652737,False,False
7ae6904d-8782-4caa-8a1f-a9caf51a24c3,40,0.7119429590017825,nose,0.6044818,0.54166377,-0.482687,0.6044994185714282,0.5417627991428569,-0.4931833039999997,652.84033,1039.9944,652.8593559999996,1040.1845657142853,0.99923533,False,False
7ae6904d-8782-4caa-8a1f-a9caf51a24c3,40,0.7119429590017825,right_ankle,0.45519578,0.9005479,-0.1278944,0.45509047657142837,0.9003757051428567,-0.11878344594285709,491.61145,1729.052,491.49772257142837,1728.7214171428564,0.9200667,False,False
7ae6904d-8782-4caa-8a1f-a9caf51a24c3,40,0.7119429590017825,right_elbow,0.5705503,0.6882873,-0.5727741,0.5722103962857139,0.6873861197142854,-0.5852372639999998,616.19434,1321.5116,617.9872394285711,1319.7813199999994,0.9804876,False,False
7ae6904d-8782-4caa-8a1f-a9caf51a24c3,40,0.7119429590017825,right_foot_index,0.50314665,0.9452963,-0.20001891,0.5035709974285713,0.9451930245714281,-0.19457945142857133,543.3984,1814.9689,543.8566971428569,1814.770625714285,0.9132012,False,False
7ae6904d-8782-4caa-8a1f-a9caf51a24c3,40,0.7119429590017825,right_heel,0.42018667,0.9120677,-0.1109226,0.41905460457142835,0.9120569942857139,-0.10051499194285708,453.8016,1751.17,452.5789799999998,1751.1494371428564,0.6776433,False,False
7ae6904d-8782-4caa-8a1f-a9caf51a24c3,40,0.7119429590017825,right_hip,0.4397455,0.7203844,-0.14246652,0.43984358714285693,0.7203923851428569,-0.14422396971428564,474.9251,1383.1381,475.0310574285712,1383.1533828571423,0.99754876,False,False
7ae6904d-8782-4caa-8a1f-a9caf51a24c3,40,0.7119429590017825,right_knee,0.5396427,0.82459986,-0.317568,0.5399063399999997,0.8242340622857138,-0.3187390165714284,582.8141,1583.2317,583.098834285714,1582.529408571428,0.9691603,False,False
7ae6904d-8782-4caa-8a1f-a9caf51a24c3,40,0.7119429590017825,right_shoulder,0.50652856,0.603181,-0.47554633,0.506465048285714,0.6031631799999998,-0.4855736919999998,547.05084,1158.1075,546.9822694285712,1158.0732828571422,0.9989098,False,False
7ae6904d-8782-4caa-8a1f-a9caf51a24c3,40,0.7119429590017825,right_wrist,0.6530373,0.6272572,-0.5448817,0.6533384057142854,0.6270954425714282,-0.5424992782857141,705.2803,1204.3339,705.6054819999997,1204.0233142857137,0.97227114,False,False
7ae6904d-8782-4caa-8a1f-a9caf51a24c3,41,0.7297415329768271,left_ankle,0.5017495,0.8856198,0.22965172,0.5022404251428569,0.8856091551428567,0.2421980834285713,541.88947,1700.39,542.4196445714283,1700.3695742857135,0.7820696,False,False
7ae6904d-8782-4caa-8a1f-a9caf51a24c3,41,0.7297415329768271,left_elbow,0.70075506,0.64274716,-0.27446264,0.6955352579999996,0.6431061648571424,-0.271911295142857,756.8155,1234.0746,751.1781065714282,1234.7638457142853,0.76574135,False,False
7ae6904d-8782-4caa-8a1f-a9caf51a24c3,41,0.7297415329768271,left_foot_index,0.55828506,0.92381805,0.1773449,0.5582708605714284,0.9236089868571424,0.18736494885714278,602.9479,1773.7307,602.932526285714,1773.329282857142,0.8155726,False,False
7ae6904d-8782-4caa-8a1f-a9caf51a24c3,41,0.7297415329768271,left_heel,0.46647927,0.8934854,0.25163513,0.4668811268571426,0.8934209171428567,0.26722921057142845,503.7976,1715.4921,504.23161085714264,1715.368302857142,0.67590034,False,False
7ae6904d-8782-4caa-8a1f-a9caf51a24c3,41,0.7297415329768271,left_hip,0.5153095,0.71840614,0.14718327,0.515562254285714,0.7185491645714281,0.14541254914285706,556.5343,1379.3398,556.8072554285711,1379.6143857142852,0.9990635,False,False
7ae6904d-8782-4caa-8a1f-a9caf51a24c3,41,0.7297415329768271,left_knee,0.61823267,0.80914587,-0.020842228,0.6188532945714282,0.8091559191428567,-0.01391028213142856,667.6913,1553.56,668.3615668571425,1553.579345714285,0.8083806,False,False
7ae6904d-8782-4caa-8a1f-a9caf51a24c3,41,0.7297415329768271,left_shoulder,0.60987353,0.5972216,-0.043006692,0.6096098231428568,0.5966806125714283,-0.03861556971428569,658.6634,1146.6655,658.3786005714283,1145.6267971428565,0.9992381,False,False
7ae6904d-8782-4caa-8a1f-a9caf51a24c3,41,0.7297415329768271,left_wrist,0.6978937,0.60328263,-0.65913117,0.6968095925714283,0.6052274219999997,-0.6653180562857139,753.72516,1158.3026,752.5543491428568,1162.0365885714277,0.7697621,False,False
7ae6904d-8782-4caa-8a1f-a9caf51a24c3,41,0.7297415329768271,nose,0.6041339,0.5441906,-0.4582511,0.6040294999999997,0.5437436239999998,-0.45141725257142834,652.4646,1044.846,652.3518419999996,1043.9877599999995,0.9992371,False,False
7ae6904d-8782-4caa-8a1f-a9caf51a24c3,41,0.7297415329768271,right_ankle,0.45492113,0.901166,-0.073590234,0.4550117359999998,0.9012209994285709,-0.08603134902857139,491.31482,1730.2388,491.4126671428569,1730.344357142856,0.921715,False,False
7ae6904d-8782-4caa-8a1f-a9caf51a24c3,41,0.7297415329768271,right_elbow,0.5830661,0.68169963,-0.53331435,0.5820706545714283,0.6827304394285711,-0.5257576465714282,629.71136,1308.8633,628.6362765714282,1310.8424771428563,0.98111564,False,False
7ae6904d-8782-4caa-8a1f-a9caf51a24c3,41,0.7297415329768271,right_foot_index,0.50262845,0.94531554,-0.14138666,0.5026072417142855,0.9454137137142853,-0.1546588442857142,542.83875,1815.0059,542.8158385714282,1815.1943771428564,0.9140781,False,False
7ae6904d-8782-4caa-8a1f-a9caf51a24c3,41,0.7297415329768271,right_heel,0.42046386,0.9122474,-0.051938474,0.4208616565714284,0.912314003428571,-0.06585862489999997,454.10098,1751.515,454.5305902857141,1751.6429114285706,0.6862944,False,False
7ae6904d-8782-4caa-8a1f-a9caf51a24c3,41,0.7297415329768271,right_hip,0.4395793,0.72331494,-0.1470731,0.43937504971428554,0.7234883537142853,-0.1453318742857142,474.74567,1388.7646,474.5250628571426,1389.0975999999991,0.997586,False,False
7ae6904d-8782-4caa-8a1f-a9caf51a24c3,41,0.7297415329768271,right_knee,0.541633,0.82743967,-0.29814082,0.5427014362857141,0.8276924174285709,-0.29458347228571413,584.9636,1588.6842,586.1175405714283,1589.1694714285707,0.97002923,False,False
7ae6904d-8782-4caa-8a1f-a9caf51a24c3,41,0.7297415329768271,right_shoulder,0.51010656,0.6031672,-0.47085,0.510134704285714,0.6031892028571426,-0.4603685519999998,550.9151,1158.0809,550.9454677142854,1158.1231742857137,0.9986206,False,False
7ae6904d-8782-4caa-8a1f-a9caf51a24c3,41,0.7297415329768271,right_wrist,0.6623285,0.6172603,-0.421818,0.6611199971428569,0.6175724414285712,-0.4269292508571426,715.31476,1185.1398,714.0095962857139,1185.739105714285,0.9729739,False,False
7ae6904d-8782-4caa-8a1f-a9caf51a24c3,42,0.7475401069518717,left_ankle,0.5026302,0.8856765,0.22277993,0.5023433228571426,0.8856755922857138,0.20168761742857133,542.8406,1700.4989,542.5307797142855,1700.497108571428,0.78427494,False,False
7ae6904d-8782-4caa-8a1f-a9caf51a24c3,42,0.7475401069518717,left_elbow,0.7036445,0.6344249,-0.22125344,0.7073343422857139,0.6339388177142853,-0.23707050242857133,759.9361,1218.0958,763.9211251428568,1217.162568571428,0.7692851,False,False
7ae6904d-8782-4caa-8a1f-a9caf51a24c3,42,0.7475401069518717,left_foot_index,0.5599812,0.92382604,0.16189317,0.5596314119999997,0.9239219791428567,0.15041398199999992,604.7797,1773.746,604.4019348571426,1773.9302342857136,0.81701195,False,False
7ae6904d-8782-4caa-8a1f-a9caf51a24c3,42,0.7475401069518717,left_heel,0.46750838,0.8932288,0.24990964,0.46731003028571405,0.8932889859999995,0.22393897942857133,504.90906,1714.9994,504.69483171428544,1715.1149257142847,0.68109155,False,False
7ae6904d-8782-4caa-8a1f-a9caf51a24c3,42,0.7475401069518717,left_hip,0.5149747,0.7216622,0.14689064,0.5140151799999997,0.7212902359999996,0.14789514114285707,556.17267,1385.5914,555.1363997142855,1384.8772542857137,0.99907345,False,False
7ae6904d-8782-4caa-8a1f-a9caf51a24c3,42,0.7475401069518717,left_knee,0.6220163,0.8098076,-0.0029949853,0.6216683145714281,0.809690226285714,-0.012868602314285707,671.7776,1554.8306,671.4017925714284,1554.6051971428562,0.8125531,False,False
7ae6904d-8782-4caa-8a1f-a9caf51a24c3,42,0.7475401069518717,left_shoulder,0.6092467,0.59600997,-0.0007676685,0.609290145142857,0.5963581859999998,-0.007018616785714284,657.9864,1144.3391,658.0333319999996,1145.007714285714,0.9991512,False,False
7ae6904d-8782-4caa-8a1f-a9caf51a24c3,42,0.7475401069518717,left_wrist,0.69580483,0.59417903,-0.60658485,0.6962618362857139,0.592334659142857,-0.6221369648571425,751.46924,1140.8237,751.9627819999996,1137.2825342857136,0.766992,False,False
7ae6904d-8782-4caa-8a1f-a9caf51a24c3,42,0.7475401069518717,nose,0.60327405,0.54412574,-0.41846892,0.6034599934285712,0.5442756568571425,-0.4175783271428569,651.53595,1044.7214,651.7367777142854,1045.009288571428,0.99926126,False,False
7ae6904d-8782-4caa-8a1f-a9caf51a24c3,42,0.7475401069518717,right_ankle,0.4545878,0.90193564,-0.06463326,0.4544984119999998,0.902016151428571,-0.05584521719999998,490.9548,1731.7164,490.85827971428546,1731.8709942857136,0.9245926,False,False
7ae6904d-8782-4caa-8a1f-a9caf51a24c3,42,0.7475401069518717,right_elbow,0.59329385,0.67543834,-0.47446972,0.5918928619999998,0.674411870285714,-0.47301518285714267,640.7573,1296.8417,639.2442508571426,1294.8708371428563,0.9814153,False,False
7ae6904d-8782-4caa-8a1f-a9caf51a24c3,42,0.7475401069518717,right_foot_index,0.5021526,0.9456971,-0.11997461,0.5022633128571425,0.9456019879999995,-0.1064679826571428,542.3248,1815.7385,542.4443662857141,1815.555902857142,0.91604704,False,False
7ae6904d-8782-4caa-8a1f-a9caf51a24c3,42,0.7475401069518717,right_heel,0.42043278,0.9128298,-0.04406992,0.4203199337142855,0.912837963428571,-0.03398412725714284,454.0674,1752.6333,453.94553742857124,1752.6489342857133,0.6975018,False,False
7ae6904d-8782-4caa-8a1f-a9caf51a24c3,42,0.7475401069518717,right_hip,0.4386191,0.7266732,-0.14678432,0.438785784285714,0.7263645994285711,-0.14776835514285708,473.70865,1395.2125,473.8886619999998,1394.6199742857136,0.99763507,False,False
7ae6904d-8782-4caa-8a1f-a9caf51a24c3,42,0.7475401069518717,right_knee,0.54973876,0.8302235,-0.27100912,0.5485384891428569,0.8298329368571424,-0.2738159019999999,593.7179,1594.0292,592.4215605714282,1593.279285714285,0.9715724,False,False
7ae6904d-8782-4caa-8a1f-a9caf51a24c3,42,0.7475401069518717,right_shoulder,0.5141169,0.6031017,-0.42278123,0.5143782514285712,0.603115131428571,-0.42652984314285697,555.2462,1157.9552,555.528486285714,1157.9809742857137,0.9984375,False,False
7ae6904d-8782-4caa-8a1f-a9caf51a24c3,42,0.7475401069518717,right_wrist,0.662638,0.6073981,-0.34441665,0.6627230799999997,0.6073361114285711,-0.3363820191428569,715.64905,1166.2043,715.7409219999996,1166.0853028571423,0.9736557,False,False
7ae6904d-8782-4caa-8a1f-a9caf51a24c3,43,0.7653386809269163,left_ankle,0.5027457,0.8859001,0.13619663,0.502827797142857,0.8859795057142852,0.1543482362857142,542.96533,1700.9281,543.054002285714,1701.0806199999993,0.78243124,False,False
7ae6904d-8782-4caa-8a1f-a9caf51a24c3,43,0.7653386809269163,left_elbow,0.71273553,0.623707,-0.17077222,0.7115186888571425,0.6236432748571425,-0.1307083668571428,769.7544,1197.5175,768.4402311428568,1197.3950914285708,0.7831167,False,False
7ae6904d-8782-4caa-8a1f-a9caf51a24c3,43,0.7653386809269163,left_foot_index,0.56038064,0.92398965,0.1086028,0.5604783148571426,0.9240059897142853,0.11837882199999993,605.21106,1774.0602,605.3165605714282,1774.0915542857135,0.8147171,False,False
7ae6904d-8782-4caa-8a1f-a9caf51a24c3,43,0.7653386809269163,left_heel,0.4678106,0.8932569,0.14936422,0.46759321399999976,0.893226104571428,0.17074282342857133,505.23544,1715.0532,505.0006737142855,1714.994117142856,0.68336356,False,False
7ae6904d-8782-4caa-8a1f-a9caf51a24c3,43,0.7653386809269163,left_hip,0.5113889,0.72270995,0.15129638,0.5124097374285712,0.7228427008571425,0.15114640828571418,552.3,1387.6031,553.402504285714,1387.857945714285,0.9990981,False,False
7ae6904d-8782-4caa-8a1f-a9caf51a24c3,43,0.7653386809269163,left_knee,0.6247153,0.81022424,-0.018903475,0.6245844048571425,0.8106833677142854,-0.010105073457142852,674.69257,1555.6305,674.551196285714,1556.5120714285708,0.8165307,False,False
7ae6904d-8782-4caa-8a1f-a9caf51a24c3,43,0.7653386809269163,left_shoulder,0.6086432,0.59538186,0.023590358,0.608701032285714,0.5953541159999998,0.029480283714285696,657.33466,1143.1332,657.3971105714282,1143.079885714285,0.9990223,False,False
7ae6904d-8782-4caa-8a1f-a9caf51a24c3,43,0.7653386809269163,left_wrist,0.6932971,0.5786455,-0.5018003,0.6936846125714282,0.5795516277142854,-0.4287189399714283,748.76086,1110.9994,749.1793891428567,1112.739125714285,0.7756475,False,False
7ae6904d-8782-4caa-8a1f-a9caf51a24c3,43,0.7653386809269163,nose,0.60286576,0.5439255,-0.3909892,0.6027751119999998,0.5440270482857139,-0.40307536599999977,651.09503,1044.337,650.9971348571426,1044.5319314285707,0.9992938,False,False
7ae6904d-8782-4caa-8a1f-a9caf51a24c3,43,0.7653386809269163,right_ankle,0.45395964,0.9028042,-0.031995434,0.45398578542857115,0.9026423371428567,-0.03758241234285713,490.27643,1733.384,490.3046454285712,1733.0732599999992,0.9234649,False,False
7ae6904d-8782-4caa-8a1f-a9caf51a24c3,43,0.7653386809269163,right_elbow,0.60617787,0.66333807,-0.42821366,0.6147843677142855,0.6640092222857139,-0.435896580285714,654.6721,1273.6091,663.9671071428568,1274.897745714285,0.9808454,False,False
7ae6904d-8782-4caa-8a1f-a9caf51a24c3,43,0.7653386809269163,right_foot_index,0.5018129,0.9457312,-0.04588948,0.5015213214285712,0.9457747651428566,-0.0525331725142857,541.9579,1815.804,541.6430191428569,1815.8876142857132,0.91257286,False,False
7ae6904d-8782-4caa-8a1f-a9caf51a24c3,43,0.7653386809269163,right_heel,0.41970858,0.91331416,-0.0075984355,0.4197506022857141,0.9131907348571424,-0.013567374957142855,453.28528,1753.5632,453.33065028571406,1753.3262342857133,0.7003178,False,False
7ae6904d-8782-4caa-8a1f-a9caf51a24c3,43,0.7653386809269163,right_hip,0.4385019,0.7281962,-0.15120076,0.4385118548571426,0.7282178437142852,-0.15109005571428563,473.58203,1398.1367,473.5927999999998,1398.1782457142851,0.99765223,False,False
7ae6904d-8782-4caa-8a1f-a9caf51a24c3,43,0.7653386809269163,right_knee,0.5541005,0.83133954,-0.2591026,0.5543618205714282,0.8318191362857138,-0.2585855739999999,598.4285,1596.1719,598.7107665714282,1597.0927542857135,0.97288424,False,False
7ae6904d-8782-4caa-8a1f-a9caf51a24c3,43,0.7653386809269163,right_shoulder,0.51980203,0.6030724,-0.3834556,0.5202211745714284,0.603440551428571,-0.3832804222857141,561.38617,1157.899,561.8388254285711,1158.6058514285708,0.9978804,False,False
7ae6904d-8782-4caa-8a1f-a9caf51a24c3,43,0.7653386809269163,right_wrist,0.6595201,0.59594345,-0.30089584,0.6597736685714282,0.5957649534285712,-0.3186827028571427,712.2817,1144.2114,712.5555554285711,1143.868671428571,0.97320884,False,False
7ae6904d-8782-4caa-8a1f-a9caf51a24c3,44,0.7831372549019607,left_ankle,0.5029554,0.88645655,0.12902802,0.502921402285714,0.8863680645714281,0.13020212228571423,543.19183,1701.9966,543.1551039999997,1701.8266714285705,0.7791101,False,False
7ae6904d-8782-4caa-8a1f-a9caf51a24c3,44,0.7831372549019607,left_elbow,0.7163367,0.6122833,0.039723735,0.7163493179999998,0.6128798799999997,-0.0024993329999999994,773.6437,1175.5839,773.6573011428567,1176.7294028571423,0.79123074,False,False
7ae6904d-8782-4caa-8a1f-a9caf51a24c3,44,0.7831372549019607,left_foot_index,0.56065816,0.92418903,0.10922806,0.560656377142857,0.9241739305714282,0.11377710914285709,605.5108,1774.443,605.5088619999997,1774.414002857142,0.80784005,False,False
7ae6904d-8782-4caa-8a1f-a9caf51a24c3,44,0.7831372549019607,left_heel,0.46697608,0.89329433,0.14045432,0.4672888539999998,0.8933210231428567,0.14249242571428564,504.33417,1715.1251,504.671956285714,1715.1763314285706,0.6844089,False,False
7ae6904d-8782-4caa-8a1f-a9caf51a24c3,44,0.7831372549019607,left_hip,0.5120812,0.72362,0.15838854,0.5118269988571427,0.7237157085714282,0.15945629657142849,553.0477,1389.3503,552.7731648571425,1389.534088571428,0.99912864,False,False
7ae6904d-8782-4caa-8a1f-a9caf51a24c3,44,0.7831372549019607,left_knee,0.62669754,0.812389,-0.0017207917,0.6268948388571425,0.8120396225714283,-0.004585397885714286,676.8334,1559.7869,677.0464685714282,1559.1160314285707,0.8206296,False,False
7ae6904d-8782-4caa-8a1f-a9caf51a24c3,44,0.7831372549019607,left_shoulder,0.60800016,0.5950182,0.070048295,0.6078943491428568,0.5952007997142854,0.07074613018571425,656.6402,1142.4349,656.5259325714283,1142.7855314285707,0.9989715,False,False
7ae6904d-8782-4caa-8a1f-a9caf51a24c3,44,0.7831372549019607,left_wrist,0.69123834,0.5663594,-0.10352564,0.6908686448571425,0.5666102317142854,-0.1985877523999999,746.5374,1087.41,746.1381171428568,1087.8916199999994,0.7840472,False,False
7ae6904d-8782-4caa-8a1f-a9caf51a24c3,44,0.7831372549019607,nose,0.6017032,0.54429716,-0.41385093,0.6014478879999997,0.5442480868571427,-0.3974414219999998,649.8395,1045.0505,649.5637391428568,1044.9562914285711,0.9993598,False,False
7ae6904d-8782-4caa-8a1f-a9caf51a24c3,44,0.7831372549019607,right_ankle,0.45384336,0.90277976,-0.009175878,0.4540620865714283,0.9028412342857138,0.0007189290000000042,490.15082,1733.3372,490.3870614285712,1733.455185714285,0.91789484,False,False
7ae6904d-8782-4caa-8a1f-a9caf51a24c3,44,0.7831372549019607,right_elbow,0.64300734,0.65120894,-0.44348922,0.6306249505714283,0.6503813239999997,-0.44554933457142837,694.44794,1250.3212,681.0749454285711,1248.7321771428565,0.9802143,False,False
7ae6904d-8782-4caa-8a1f-a9caf51a24c3,44,0.7831372549019607,right_foot_index,0.5004115,0.9458177,0.013184691,0.5006165885714283,0.9458344142857138,0.018323598771428574,540.44446,1815.97,540.6659277142855,1816.0021257142848,0.9046294,False,False
7ae6904d-8782-4caa-8a1f-a9caf51a24c3,44,0.7831372549019607,right_heel,0.41922295,0.9131045,0.0195269,0.4193621637142855,0.9132314377142852,0.030017404657142845,452.76077,1753.1606,452.9111334285712,1753.4043371428563,0.69756854,False,False
7ae6904d-8782-4caa-8a1f-a9caf51a24c3,44,0.7831372549019607,right_hip,0.43892005,0.7292213,-0.15844259,0.4389175737142855,0.7294010428571425,-0.15946451342857138,474.03366,1400.1049,474.0309719999998,1400.4500285714278,0.9977264,False,False
7ae6904d-8782-4caa-8a1f-a9caf51a24c3,44,0.7831372549019607,right_knee,0.5588619,0.83373255,-0.25260517,0.5593512891428568,0.8334090145714281,-0.252780831142857,603.57086,1600.7665,604.0993794285712,1600.1453199999992,0.97297484,False,False
7ae6904d-8782-4caa-8a1f-a9caf51a24c3,44,0.7831372549019607,right_shoulder,0.5253553,0.6030105,-0.36125487,0.5238773697142854,0.6021232885714283,-0.36583403914285695,567.3837,1157.7802,565.7875645714282,1156.0767571428564,0.99755174,False,False
7ae6904d-8782-4caa-8a1f-a9caf51a24c3,44,0.7831372549019607,right_wrist,0.6575365,0.5818924,-0.37321112,0.6585746165714281,0.5813615405714283,-0.36899060171428555,710.1394,1117.2334,711.260576285714,1116.2141714285708,0.9740838,False,False
7ae6904d-8782-4caa-8a1f-a9caf51a24c3,45,0.8009358288770053,left_ankle,0.5031609,0.8865854,0.14863156,0.5032392308571426,0.886592915428571,0.13674323542857136,543.41376,1702.244,543.4983539999997,1702.2584428571417,0.77885246,False,False
7ae6904d-8782-4caa-8a1f-a9caf51a24c3,45,0.8009358288770053,left_elbow,0.71695304,0.6025871,0.10556552,0.7171569208571427,0.6016852057142854,0.1357103488571428,774.30927,1156.9673,774.5294682857138,1155.235588571428,0.7838161,False,False
7ae6904d-8782-4caa-8a1f-a9caf51a24c3,45,0.8009358288770053,left_foot_index,0.560849,0.9241137,0.14146963,0.5608549434285712,0.9240427714285709,0.12950971942857137,605.7169,1774.2983,605.7233319999997,1774.162125714285,0.803911,False,False
7ae6904d-8782-4caa-8a1f-a9caf51a24c3,45,0.8009358288770053,left_heel,0.46713114,0.893425,0.16421835,0.46705219799999975,0.8933892099999996,0.14927800971428562,504.50162,1715.376,504.4163728571426,1715.3072914285706,0.68896294,False,False
7ae6904d-8782-4caa-8a1f-a9caf51a24c3,45,0.8009358288770053,left_hip,0.51267093,0.7249142,0.16790484,0.512254360285714,0.724834649428571,0.16592711399999993,553.68463,1391.8352,553.2347294285711,1391.6824742857134,0.9991619,False,False
7ae6904d-8782-4caa-8a1f-a9caf51a24c3,45,0.8009358288770053,left_knee,0.629858,0.8129386,0.012751952,0.6300993594285711,0.8128209211428566,0.012848799131428567,680.24664,1560.842,680.5073271428566,1560.6161257142849,0.8264356,False,False
7ae6904d-8782-4caa-8a1f-a9caf51a24c3,45,0.8009358288770053,left_shoulder,0.60658,0.5949236,0.10987125,0.6064554657142853,0.5944749799999997,0.10372831817142854,655.10645,1142.2533,654.971934285714,1141.391914285714,0.99881876,False,False
7ae6904d-8782-4caa-8a1f-a9caf51a24c3,45,0.8009358288770053,left_wrist,0.6859754,0.5564266,-0.023124857,0.6856457848571424,0.5556358857142855,0.05663937031428573,740.8534,1068.339,740.4974319999997,1066.8208199999995,0.7725805,False,False
7ae6904d-8782-4caa-8a1f-a9caf51a24c3,45,0.8009358288770053,nose,0.5996381,0.54476327,-0.38408783,0.6000566788571425,0.5448554231428568,-0.3936165482857141,647.60913,1045.9454,648.0612205714283,1046.1223657142853,0.99941707,False,False
7ae6904d-8782-4caa-8a1f-a9caf51a24c3,45,0.8009358288770053,right_ankle,0.45474064,0.9027588,0.0355077,0.45447450057142835,0.9027668434285709,0.022024268914285713,491.1199,1733.2969,490.8324571428569,1733.3123542857134,0.9124863,False,False
7ae6904d-8782-4caa-8a1f-a9caf51a24c3,45,0.8009358288770053,right_elbow,0.6246623,0.63703096,-0.47960538,0.6303673562857139,0.6384923945714281,-0.4682553137142855,674.63525,1223.0995,680.7967339999997,1225.9054171428565,0.9800473,False,False
7ae6904d-8782-4caa-8a1f-a9caf51a24c3,45,0.8009358288770053,right_foot_index,0.5001523,0.9458482,0.06707361,0.5002863871428569,0.9457590314285709,0.05909165005714284,540.1645,1816.0286,540.3093322857139,1815.8573771428562,0.8964418,False,False
7ae6904d-8782-4caa-8a1f-a9caf51a24c3,45,0.8009358288770053,right_heel,0.41941732,0.9130448,0.068994634,0.4192764057142855,0.9128891591428567,0.05431496229999998,452.9707,1753.046,452.81850399999973,1752.7471485714277,0.6970382,False,False
7ae6904d-8782-4caa-8a1f-a9caf51a24c3,45,0.8009358288770053,right_hip,0.43944976,0.73083335,-0.16792153,0.4392330417142855,0.7308092779999996,-0.16595731342857134,474.60574,1403.2001,474.3716919999998,1403.1538571428564,0.9978217,False,False
7ae6904d-8782-4caa-8a1f-a9caf51a24c3,45,0.8009358288770053,right_knee,0.5651179,0.834752,-0.24773271,0.5645592057142854,0.8347306588571426,-0.24641307514285704,610.32733,1602.7239,609.7239468571427,1602.6828942857137,0.9737066,False,False
7ae6904d-8782-4caa-8a1f-a9caf51a24c3,45,0.8009358288770053,right_shoulder,0.52408004,0.5985521,-0.36660454,0.525581220285714,0.5992221799999997,-0.36093268685714264,566.0065,1149.2201,567.627740285714,1150.5066457142852,0.99739784,False,False
7ae6904d-8782-4caa-8a1f-a9caf51a24c3,45,0.8009358288770053,right_wrist,0.6582906,0.56632346,-0.43580464,0.6564447394285711,0.5673854368571425,-0.4170094822857141,710.95386,1087.3411,708.9603162857139,1089.3800628571423,0.9752569,False,False
7ae6904d-8782-4caa-8a1f-a9caf51a24c3,46,0.8187344028520499,left_ankle,0.50366044,0.88655853,0.12866685,0.5031839337142854,0.8865939359999995,0.13910152885714278,543.95325,1702.1924,543.4386419999998,1702.2603542857137,0.77753353,False,False
7ae6904d-8782-4caa-8a1f-a9caf51a24c3,46,0.8187344028520499,left_elbow,0.71694237,0.5900916,0.21468669,0.7170736191428568,0.5910232679999998,0.1896512935714285,774.2977,1132.9758,774.4394671428568,1134.7646571428563,0.77208364,False,False
7ae6904d-8782-4caa-8a1f-a9caf51a24c3,46,0.8187344028520499,left_foot_index,0.5610092,0.92362934,0.12995595,0.5609581014285712,0.923696261428571,0.13817582571428563,605.88995,1773.3683,605.8347499999996,1773.4967942857133,0.7966612,False,False
7ae6904d-8782-4caa-8a1f-a9caf51a24c3,46,0.8187344028520499,left_heel,0.46675307,0.8934214,0.13791682,0.46623393285714265,0.893446951428571,0.15104169742857138,504.09332,1715.3691,503.532642285714,1715.4181371428563,0.69155896,False,False
7ae6904d-8782-4caa-8a1f-a9caf51a24c3,46,0.8187344028520499,left_hip,0.5117431,0.7259978,0.16712584,0.5122641588571426,0.7261654451428567,0.16808323942857134,552.68256,1393.9158,553.2453008571426,1394.237631428571,0.99919456,False,False
7ae6904d-8782-4caa-8a1f-a9caf51a24c3,46,0.8187344028520499,left_knee,0.63378984,0.81258583,0.022134049,0.6333050194285711,0.8129504311428567,0.02169205743142856,684.49304,1560.1648,683.9694259999997,1560.8647942857133,0.8286838,False,False
7ae6904d-8782-4caa-8a1f-a9caf51a24c3,46,0.8187344028520499,left_shoulder,0.6048796,0.59297234,0.10618292,0.6054849999999997,0.5934748391428568,0.10684777185714281,653.26996,1138.5068,653.923808285714,1139.471608571428,0.99875504,False,False
7ae6904d-8782-4caa-8a1f-a9caf51a24c3,46,0.8187344028520499,left_wrist,0.67816824,0.5450266,0.23709604,0.6789296691428568,0.5465161797142855,0.17933097502857137,732.4217,1046.451,733.2440231428568,1049.311015714285,0.75336915,False,False
7ae6904d-8782-4caa-8a1f-a9caf51a24c3,46,0.8187344028520499,nose,0.59950083,0.5454189,-0.39017788,0.599426877428571,0.5455697211428568,-0.3946379379999998,647.4609,1047.2043,647.3810159999997,1047.4938257142853,0.99947256,False,False
7ae6904d-8782-4caa-8a1f-a9caf51a24c3,46,0.8187344028520499,right_ankle,0.45460135,0.9029206,0.018298177,0.45468518799999974,0.9029772091428566,0.024990195742857137,490.96945,1733.6075,491.06000542857123,1733.7161942857135,0.9072579,False,False
7ae6904d-8782-4caa-8a1f-a9caf51a24c3,46,0.8187344028520499,right_elbow,0.616484,0.62843966,-0.47183645,0.6167177951428569,0.6274761919999996,-0.48247562428571406,665.80273,1206.6041,666.0552168571426,1204.7542999999996,0.9792792,False,False
7ae6904d-8782-4caa-8a1f-a9caf51a24c3,46,0.8187344028520499,right_foot_index,0.5008465,0.9455193,0.06564906,0.5006797257142854,0.9456037971428567,0.06668858477142856,540.91425,1815.3971,540.7341214285713,1815.559339999999,0.8884191,False,False
7ae6904d-8782-4caa-8a1f-a9caf51a24c3,46,0.8187344028520499,right_heel,0.41910896,0.9124981,0.050104093,0.41913466228571405,0.912690781428571,0.057222989114285694,452.63766,1751.9963,452.66542114285687,1752.3662514285706,0.70153004,False,False
7ae6904d-8782-4caa-8a1f-a9caf51a24c3,46,0.8187344028520499,right_hip,0.43969613,0.7320202,-0.16712686,0.44008925342857125,0.7318673997142854,-0.16809986028571422,474.87183,1405.4788,475.2963968571426,1405.1854257142852,0.9979182,False,False
7ae6904d-8782-4caa-8a1f-a9caf51a24c3,46,0.8187344028520499,right_knee,0.5682539,0.83552194,-0.23865172,0.5684097114285711,0.8358714708571425,-0.2391344637142856,613.7142,1604.2021,613.8824691428568,1604.8732085714278,0.9738937,False,False
7ae6904d-8782-4caa-8a1f-a9caf51a24c3,46,0.8187344028520499,right_shoulder,0.5265221,0.5956841,-0.35650647,0.5257340291428569,0.5955300628571426,-0.3617066468571427,568.64386,1143.7135,567.792751428571,1143.4177428571422,0.9972637,False,False
7ae6904d-8782-4caa-8a1f-a9caf51a24c3,46,0.8187344028520499,right_wrist,0.65127444,0.5565085,-0.41235793,0.6526150079999997,0.5566779254285711,-0.43429829285714266,703.3764,1068.4963,704.8242291428568,1068.821611428571,0.97526175,False,False
7ae6904d-8782-4caa-8a1f-a9caf51a24c3,47,0.8365329768270945,left_ankle,0.5038384,0.88656014,0.14149061,0.5051907537142855,0.8864633102857138,0.13527457914285707,544.1455,1702.1954,545.6060217142855,1702.0095199999992,0.77041,False,False
7ae6904d-8782-4caa-8a1f-a9caf51a24c3,47,0.8365329768270945,left_elbow,0.7162839,0.5807921,0.20333113,0.7158708891428568,0.5802353788571426,0.2115316737142856,773.5866,1115.1208,773.1405265714282,1114.0518742857137,0.766565,False,False
7ae6904d-8782-4caa-8a1f-a9caf51a24c3,47,0.8365329768270945,left_foot_index,0.56112546,0.92342913,0.13884775,0.5613556388571426,0.9233456082857139,0.13587887199999993,606.0155,1772.9839,606.2641057142854,1772.823519999999,0.78273356,False,False
7ae6904d-8782-4caa-8a1f-a9caf51a24c3,47,0.8365329768270945,left_heel,0.46524015,0.89347357,0.15311421,0.46657155342857126,0.8933926968571424,0.14554804628571422,502.45935,1715.4692,503.897272285714,1715.3139542857134,0.6890349,False,False
7ae6904d-8782-4caa-8a1f-a9caf51a24c3,47,0.8365329768270945,left_hip,0.5127427,0.72720414,0.16640557,0.5124708717142854,0.7269660428571425,0.16546616199999992,553.7621,1396.2319,553.4685328571425,1395.7748114285705,0.9992215,False,False
7ae6904d-8782-4caa-8a1f-a9caf51a24c3,47,0.8365329768270945,left_knee,0.63527036,0.8134164,0.022914909,0.6356181114285713,0.813234392571428,0.02084898222857142,686.092,1561.7595,686.4675759999996,1561.410059999999,0.8276696,False,False
7ae6904d-8782-4caa-8a1f-a9caf51a24c3,47,0.8365329768270945,left_shoulder,0.60484874,0.5922726,0.09377454,0.603927102285714,0.5923282405714283,0.09500417142857137,653.23663,1137.1633,652.2412548571424,1137.2701599999996,0.9987106,False,False
7ae6904d-8782-4caa-8a1f-a9caf51a24c3,47,0.8365329768270945,left_wrist,0.67232233,0.5375639,0.24424839,0.671773448285714,0.5353070239999996,0.26099750459999993,726.1081,1032.1227,725.5153359999997,1027.7894657142851,0.7396106,False,False
7ae6904d-8782-4caa-8a1f-a9caf51a24c3,47,0.8365329768270945,nose,0.59923834,0.545284,-0.40943068,0.5986366059999998,0.5452154277142854,-0.4016007948571427,647.1774,1046.9452,646.5275374285711,1046.8135685714283,0.99952316,False,False
7ae6904d-8782-4caa-8a1f-a9caf51a24c3,47,0.8365329768270945,right_ankle,0.45448032,0.9033506,0.012745126,0.4544144297142855,0.9032362228571423,0.012116941771428559,490.83875,1734.4331,490.7675788571426,1734.213517142856,0.8985013,False,False
7ae6904d-8782-4caa-8a1f-a9caf51a24c3,47,0.8365329768270945,right_elbow,0.6172547,0.6160205,-0.48787418,0.6179332519999996,0.6160283377142853,-0.4787538731428569,666.6351,1182.7594,667.3679399999996,1182.7743914285709,0.9785151,False,False
7ae6904d-8782-4caa-8a1f-a9caf51a24c3,47,0.8365329768270945,right_foot_index,0.50074095,0.9455679,0.05190569,0.5006515157142855,0.9455328771428566,0.056057127285714256,540.80023,1815.4904,540.7036471428569,1815.4231485714276,0.87562174,False,False
7ae6904d-8782-4caa-8a1f-a9caf51a24c3,47,0.8365329768270945,right_heel,0.41875914,0.91264325,0.04341744,0.41875043057142836,0.9124994985714281,0.0432706486285714,452.25986,1752.275,452.2504622857141,1751.9990342857136,0.7005405,False,False
7ae6904d-8782-4caa-8a1f-a9caf51a24c3,47,0.8365329768270945,right_hip,0.44179264,0.73205054,-0.16646372,0.4414114891428569,0.7321591682857139,-0.16552027657142848,477.13605,1405.537,476.7244148571426,1405.745585714285,0.9980008,False,False
7ae6904d-8782-4caa-8a1f-a9caf51a24c3,47,0.8365329768270945,right_knee,0.5701734,0.8374154,-0.23492444,0.5702583454285712,0.837100259428571,-0.2368119877142856,615.78723,1607.8375,615.8789828571425,1607.2324514285706,0.97308964,False,False
7ae6904d-8782-4caa-8a1f-a9caf51a24c3,47,0.8365329768270945,right_shoulder,0.52571356,0.5925758,-0.35413414,0.525705938285714,0.5929524285714283,-0.3462827945714284,567.7706,1137.7455,567.7623971428568,1138.4686457142852,0.99709725,False,False
7ae6904d-8782-4caa-8a1f-a9caf51a24c3,47,0.8365329768270945,right_wrist,0.6475151,0.54732966,-0.44582936,0.6471697022857139,0.5453543434285711,-0.4245606157142855,699.31635,1050.8729,698.9433077142853,1047.0803051428566,0.9750761,False,False
7ae6904d-8782-4caa-8a1f-a9caf51a24c3,48,0.8543315508021391,left_ankle,0.5086384,0.88636136,0.13772164,0.5070504194285712,0.8865013459999995,0.14020689571428563,549.32947,1701.8138,547.6144497142855,1702.0825742857135,0.7729815,False,False
7ae6904d-8782-4caa-8a1f-a9caf51a24c3,48,0.8543315508021391,left_elbow,0.7134256,0.56981444,0.19982235,0.7137525425714282,0.5697453559999996,0.20371914428571417,770.49963,1094.0437,770.8527488571426,1093.911065714285,0.76928735,False,False
7ae6904d-8782-4caa-8a1f-a9caf51a24c3,48,0.8543315508021391,left_foot_index,0.56178063,0.9234255,0.13640721,0.5613450317142854,0.923681745428571,0.1349952291428571,606.7231,1772.9769,606.2526417142855,1773.4689257142848,0.7779923,False,False
7ae6904d-8782-4caa-8a1f-a9caf51a24c3,48,0.8543315508021391,left_heel,0.46804726,0.89347345,0.14825143,0.4664099851428569,0.8936678397142852,0.15082064885714278,505.49103,1715.469,503.722768285714,1715.8421914285705,0.69364125,False,False
7ae6904d-8782-4caa-8a1f-a9caf51a24c3,48,0.8543315508021391,left_hip,0.5130357,0.7269107,0.1649284,0.5130054599999998,0.7269634057142854,0.1672469465714285,554.07855,1395.6686,554.0458911428568,1395.7697599999992,0.99925435,False,False
7ae6904d-8782-4caa-8a1f-a9caf51a24c3,48,0.8543315508021391,left_knee,0.6367331,0.81326234,0.01674051,0.6364649454285712,0.813074885428571,0.021362361685714273,687.67175,1561.4637,687.3821265714282,1561.103759999999,0.83118886,False,False
7ae6904d-8782-4caa-8a1f-a9caf51a24c3,48,0.8543315508021391,left_shoulder,0.6013742,0.59007007,0.09968074,0.6019588537142855,0.5890846557142855,0.10451067142857137,649.48413,1132.9346,650.1155691428568,1131.042585714285,0.99869424,False,False
7ae6904d-8782-4caa-8a1f-a9caf51a24c3,48,0.8543315508021391,left_wrist,0.6640598,0.52206457,0.23936929,0.6639865897142854,0.5234930345714282,0.23714498799999986,717.18463,1002.36395,717.1055311428569,1005.1066185714282,0.7292917,False,False
7ae6904d-8782-4caa-8a1f-a9caf51a24c3,48,0.8543315508021391,nose,0.59766036,0.54161894,-0.36712182,0.5987852931428569,0.5407741588571426,-0.35559017828571404,645.4732,1039.9083,646.6881194285712,1038.2863328571423,0.9995679,False,False
7ae6904d-8782-4caa-8a1f-a9caf51a24c3,48,0.8543315508021391,right_ankle,0.45445427,0.9034738,0.014324568,0.45468732457142835,0.9035752428571424,0.015965580428571418,490.8106,1734.6697,491.06230599999975,1734.8644085714277,0.8957682,False,False
7ae6904d-8782-4caa-8a1f-a9caf51a24c3,48,0.8543315508021391,right_elbow,0.62302905,0.6015994,-0.47128662,0.6198147711428569,0.6014344599999998,-0.479071228285714,672.8714,1155.0708,669.3999671428569,1154.7541542857139,0.977981,False,False
7ae6904d-8782-4caa-8a1f-a9caf51a24c3,48,0.8543315508021391,right_foot_index,0.5000282,0.9457451,0.05671036,0.5002143285714284,0.9458089399999995,0.05556352085714283,540.03046,1815.8306,540.2314814285711,1815.953197142856,0.8696621,False,False
7ae6904d-8782-4caa-8a1f-a9caf51a24c3,48,0.8543315508021391,right_heel,0.41852927,0.91241115,0.04644305,0.4185837954285712,0.9124704017142853,0.04774438125714284,452.01163,1751.8295,452.07049771428547,1751.9431999999993,0.7048887,False,False
7ae6904d-8782-4caa-8a1f-a9caf51a24c3,48,0.8543315508021391,right_hip,0.44328633,0.73197573,-0.16498558,0.4436470499999997,0.7319682025714283,-0.16727045714285704,478.74924,1405.3934,479.1388054285712,1405.378931428571,0.99808973,False,False
7ae6904d-8782-4caa-8a1f-a9caf51a24c3,48,0.8543315508021391,right_knee,0.5709621,0.83772755,-0.2404811,0.5706529697142855,0.8377400865714282,-0.2381785022857142,616.63904,1608.4369,616.3051639999996,1608.460959999999,0.97359604,False,False
7ae6904d-8782-4caa-8a1f-a9caf51a24c3,48,0.8543315508021391,right_shoulder,0.52388066,0.5891936,-0.3219923,0.5241937245714283,0.5884509885714282,-0.3305810034285712,565.79114,1131.2517,566.1292057142855,1129.8258771428564,0.9969001,False,False
7ae6904d-8782-4caa-8a1f-a9caf51a24c3,48,0.8543315508021391,right_wrist,0.6423997,0.53169245,-0.4232064,0.6419384714285712,0.5347170328571427,-0.4539726351428569,693.7917,1020.8495,693.2935714285711,1026.6566822857137,0.97406745,False,False
7ae6904d-8782-4caa-8a1f-a9caf51a24c3,49,0.8721301247771835,left_ankle,0.5072266,0.886863,0.1404991,0.5081429199999998,0.886812471428571,0.13602611371428563,547.8047,1702.777,548.7943579999998,1702.6799371428563,0.77380997,False,False
7ae6904d-8782-4caa-8a1f-a9caf51a24c3,49,0.8721301247771835,left_elbow,0.7116339,0.55877954,0.23681085,0.7125522685714283,0.5592569274285711,0.241578299142857,768.56464,1072.8567,769.5564502857139,1073.7732685714282,0.7716901,False,False
7ae6904d-8782-4caa-8a1f-a9caf51a24c3,49,0.8721301247771835,left_foot_index,0.56087214,0.9245053,0.12553342,0.5612942074285712,0.9242205802857137,0.12536447971428566,605.7419,1775.0502,606.1977388571427,1774.503497142856,0.77472275,False,False
7ae6904d-8782-4caa-8a1f-a9caf51a24c3,49,0.8721301247771835,left_heel,0.46509624,0.8942565,0.1500413,0.46618211228571405,0.894065799428571,0.14566555742857135,502.30392,1716.9724,503.4766671428569,1716.606305714285,0.7001724,False,False
7ae6904d-8782-4caa-8a1f-a9caf51a24c3,49,0.8721301247771835,left_hip,0.5131594,0.72627276,0.17283846,0.5128139371428568,0.726349371428571,0.1709491962857142,554.21216,1394.4437,553.8390534285711,1394.5907685714278,0.99930525,False,False
7ae6904d-8782-4caa-8a1f-a9caf51a24c3,49,0.8721301247771835,left_knee,0.6365545,0.8120791,0.029359309,0.6368915842857139,0.8123375337142854,0.02723380137142856,687.4788,1559.1918,687.842871428571,1559.6880428571424,0.83249265,False,False
7ae6904d-8782-4caa-8a1f-a9caf51a24c3,49,0.8721301247771835,left_shoulder,0.6000952,0.5829613,0.13659045,0.6005020994285711,0.5841301805714283,0.13354544657142853,648.10284,1119.2858,648.5422671428569,1121.5300228571423,0.998719,False,False
7ae6904d-8782-4caa-8a1f-a9caf51a24c3,49,0.8721301247771835,left_wrist,0.6554064,0.5128849,0.2680895,0.6563847317142854,0.5137387531428568,0.28892324257142843,707.8389,984.739,708.8955119999996,986.3784099999996,0.717865,False,False
7ae6904d-8782-4caa-8a1f-a9caf51a24c3,49,0.8721301247771835,nose,0.60059685,0.5324841,-0.27987555,0.599750884285714,0.5335182411428568,-0.30473587371428557,648.6446,1022.3695,647.7309619999996,1024.355028571428,0.99960566,False,False
7ae6904d-8782-4caa-8a1f-a9caf51a24c3,49,0.8721301247771835,right_ankle,0.45536864,0.9040496,0.02584134,0.45518181028571403,0.9039286999999996,0.018677388171428555,491.79813,1735.7751,491.5963525714283,1735.5430457142847,0.89504755,False,False
7ae6904d-8782-4caa-8a1f-a9caf51a24c3,49,0.8721301247771835,right_elbow,0.62194526,0.58691084,-0.4720454,0.6269764125714282,0.5887284508571426,-0.4630336142857141,671.70087,1126.8688,677.1345368571426,1130.3585971428565,0.97758466,False,False
7ae6904d-8782-4caa-8a1f-a9caf51a24c3,49,0.8721301247771835,right_foot_index,0.4999442,0.9462106,0.062496495,0.4998824077142855,0.9461105028571425,0.06020041157142854,539.93976,1816.7244,539.8730185714282,1816.5321685714275,0.8671007,False,False
7ae6904d-8782-4caa-8a1f-a9caf51a24c3,49,0.8721301247771835,right_heel,0.41868237,0.9124098,0.058401864,0.4186702474285712,0.9123068202857139,0.05130008451428568,452.17694,1751.8268,452.1638685714284,1751.6291257142848,0.7150901,False,False
7ae6904d-8782-4caa-8a1f-a9caf51a24c3,49,0.8721301247771835,right_hip,0.446171,0.7315798,-0.17275275,0.4458359291428569,0.7317708897142854,-0.17090469085714277,481.86465,1404.6332,481.5027848571426,1405.0000828571422,0.9982086,False,False
7ae6904d-8782-4caa-8a1f-a9caf51a24c3,49,0.8721301247771835,right_knee,0.56971467,0.8374302,-0.23723054,0.571028591142857,0.837492879428571,-0.2420136577142856,615.2918,1607.866,616.7108539999997,1607.9863085714278,0.97421235,False,False
7ae6904d-8782-4caa-8a1f-a9caf51a24c3,49,0.8721301247771835,right_shoulder,0.52333856,0.5811099,-0.31418473,0.5231192531428568,0.5812886399999997,-0.3053746865714284,565.2056,1115.731,564.9687851428569,1116.0741742857138,0.9967364,False,False
7ae6904d-8782-4caa-8a1f-a9caf51a24c3,49,0.8721301247771835,right_wrist,0.635345,0.52554774,-0.47961187,0.6365773348571425,0.5231078485714283,-0.4389355059999998,686.1726,1009.05164,687.5035379999997,1004.3670508571424,0.9720261,False,False
7ae6904d-8782-4caa-8a1f-a9caf51a24c3,50,0.8899286987522281,left_ankle,0.5072956,0.8873327,0.1439675,0.5068991457142854,0.8872982257142853,0.15496011028571421,547.8793,1703.6787,547.4510808571425,1703.6125714285704,0.77701086,False,False
7ae6904d-8782-4caa-8a1f-a9caf51a24c3,50,0.8899286987522281,left_elbow,0.7103609,0.5501143,0.30148453,0.7087771914285711,0.5495975859999996,0.2882984302857141,767.18976,1056.2194,765.4793888571425,1055.2273342857138,0.7649033,False,False
7ae6904d-8782-4caa-8a1f-a9caf51a24c3,50,0.8899286987522281,left_foot_index,0.5613794,0.92456585,0.12559858,0.5612264797142854,0.9246673442857138,0.13194190599999994,606.28973,1775.1664,606.1245774285711,1775.3613057142848,0.7741552,False,False
7ae6904d-8782-4caa-8a1f-a9caf51a24c3,50,0.8899286987522281,left_heel,0.46541047,0.8943903,0.15522242,0.46511322657142834,0.8944039277142852,0.1671381139999999,502.6433,1717.2294,502.32227171428553,1717.2555085714278,0.7072049,False,False
7ae6904d-8782-4caa-8a1f-a9caf51a24c3,50,0.8899286987522281,left_hip,0.5140039,0.7258307,0.17323017,0.5150165114285712,0.7261980405714282,0.17334741085714278,555.1242,1393.5948,556.2178191428569,1394.3001599999993,0.99934417,False,False
7ae6904d-8782-4caa-8a1f-a9caf51a24c3,50,0.8899286987522281,left_knee,0.63623947,0.8120091,0.03259816,0.6360801151428568,0.8121886679999996,0.030334928714285704,687.1386,1559.0575,686.9664899999997,1559.4022257142847,0.8338387,False,False
7ae6904d-8782-4caa-8a1f-a9caf51a24c3,50,0.8899286987522281,left_shoulder,0.59983,0.57903934,0.1608434,0.5994055428571425,0.5785779091428569,0.15655846914285707,647.81635,1111.7555,647.3579439999996,1110.8695742857135,0.99870473,False,False
7ae6904d-8782-4caa-8a1f-a9caf51a24c3,50,0.8899286987522281,left_wrist,0.649242,0.50771576,0.40198997,0.647685231428571,0.5051263031428569,0.3818779048571427,701.18134,974.8143,699.5000362857138,969.8425071428567,0.6862373,False,False
7ae6904d-8782-4caa-8a1f-a9caf51a24c3,50,0.8899286987522281,nose,0.60075355,0.52579564,-0.29885194,0.6010602502857139,0.5253588811428568,-0.2830562148571427,648.81384,1009.52765,649.1450777142854,1008.6890728571424,0.99964416,False,False
7ae6904d-8782-4caa-8a1f-a9caf51a24c3,50,0.8899286987522281,right_ankle,0.4553499,0.9046539,0.030955134,0.45544987114285695,0.9048919028571424,0.04806791425714284,491.7779,1736.9355,491.8858665714283,1737.3924342857135,0.8954071,False,False
7ae6904d-8782-4caa-8a1f-a9caf51a24c3,50,0.8899286987522281,right_elbow,0.63964146,0.5756136,-0.44930172,0.6353755825714282,0.5719016485714282,-0.4670337617142855,690.8128,1105.1781,686.2056297142854,1098.051145714285,0.976301,False,False
7ae6904d-8782-4caa-8a1f-a9caf51a24c3,50,0.8899286987522281,right_foot_index,0.4995534,0.9463793,0.06507731,0.49944632228571406,0.946485083428571,0.07250944948571425,539.5177,1817.0482,539.402066285714,1817.251359999999,0.8662091,False,False
7ae6904d-8782-4caa-8a1f-a9caf51a24c3,50,0.8899286987522281,right_heel,0.41884533,0.91255593,0.063332625,0.4188624428571427,0.9128211702857139,0.08036834408571425,452.35297,1752.1074,452.37144057142837,1752.616645714285,0.7271571,False,False
7ae6904d-8782-4caa-8a1f-a9caf51a24c3,50,0.8899286987522281,right_hip,0.44823205,0.7307346,-0.17316864,0.4482740311428569,0.7307651837142854,-0.17327187514285708,484.0906,1403.0104,484.13593771428543,1403.0691742857136,0.99831766,False,False
7ae6904d-8782-4caa-8a1f-a9caf51a24c3,50,0.8899286987522281,right_knee,0.5691323,0.8373489,-0.23394524,0.5669058268571425,0.8374247031428568,-0.22155109142857132,614.6629,1607.7098,612.2582979999997,1607.8554114285707,0.97452307,False,False
7ae6904d-8782-4caa-8a1f-a9caf51a24c3,50,0.8899286987522281,right_shoulder,0.52275,0.5725609,-0.28461367,0.5229584245714283,0.572994080285714,-0.29219523999999986,564.57,1099.3169,564.7950771428569,1100.1486199999995,0.9967892,False,False
7ae6904d-8782-4caa-8a1f-a9caf51a24c3,50,0.8899286987522281,right_wrist,0.63114876,0.5095596,-0.39122918,0.6291739114285712,0.5099525014285712,-0.43818461942857123,681.6407,978.3544,679.5078465714283,979.1087825714282,0.9645632,False,False
7ae6904d-8782-4caa-8a1f-a9caf51a24c3,51,0.9077272727272728,left_ankle,0.5058476,0.8876276,0.19445619,0.5058703614285711,0.8876886379999995,0.1890816308571428,546.31537,1704.245,546.3399888571425,1704.3621542857134,0.7750334,False,False
7ae6904d-8782-4caa-8a1f-a9caf51a24c3,51,0.9077272727272728,left_elbow,0.6983444,0.5406761,0.32541105,0.6983152828571425,0.5418349108571425,0.3443721599999998,754.212,1038.0981,754.1805257142853,1040.322985714285,0.7386227,False,False
7ae6904d-8782-4caa-8a1f-a9caf51a24c3,51,0.9077272727272728,left_foot_index,0.5613577,0.9248262,0.15794586,0.561145742285714,0.9248925599999995,0.15775899514285707,606.2663,1775.6663,606.0373845714282,1775.793662857142,0.771123,False,False
7ae6904d-8782-4caa-8a1f-a9caf51a24c3,51,0.9077272727272728,left_heel,0.46534482,0.89466727,0.21158372,0.46511245885714264,0.8948067819999996,0.20526384371428563,502.5724,1717.7611,502.32146028571407,1718.0290085714275,0.70955133,False,False
7ae6904d-8782-4caa-8a1f-a9caf51a24c3,51,0.9077272727272728,left_hip,0.5204897,0.7252311,0.17123936,0.5200963057142853,0.7245320691428568,0.1717482062857142,562.12885,1392.4437,561.7039977142855,1391.101508571428,0.99937135,False,False
7ae6904d-8782-4caa-8a1f-a9caf51a24c3,51,0.9077272727272728,left_knee,0.63336027,0.8121797,0.023081506,0.6329429288571424,0.8118034999999997,0.027603978425714274,684.0291,1559.385,683.5783748571425,1558.6627199999994,0.8309702,False,False
7ae6904d-8782-4caa-8a1f-a9caf51a24c3,51,0.9077272727272728,left_shoulder,0.5946497,0.5727603,0.16430436,0.5936266142857141,0.5725863222857139,0.1720399782857142,642.2216,1099.6997,641.1166879999997,1099.3656799999994,0.9985187,False,False
7ae6904d-8782-4caa-8a1f-a9caf51a24c3,51,0.9077272727272728,left_wrist,0.6370326,0.4942864,0.46959132,0.6382135259999997,0.4983198648571426,0.4831703125714283,687.99524,949.02985,689.2706445714282,956.7741399999995,0.6423453,False,False
7ae6904d-8782-4caa-8a1f-a9caf51a24c3,51,0.9077272727272728,nose,0.6007058,0.51740474,-0.28517395,0.6003976939999998,0.5173333194285712,-0.2983338819999999,648.76227,993.4171,648.4295022857139,993.2799914285708,0.99967754,False,False
7ae6904d-8782-4caa-8a1f-a9caf51a24c3,51,0.9077272727272728,right_ankle,0.4547042,0.9062731,0.09690508,0.454496946285714,0.9061270085714281,0.08078509908571427,491.08054,1740.0444,490.8567065714283,1739.7638742857134,0.89513445,False,False
7ae6904d-8782-4caa-8a1f-a9caf51a24c3,51,0.9077272727272728,right_elbow,0.643059,0.550161,-0.46734428,0.6449284439999997,0.553266857142857,-0.440798779142857,694.5037,1056.3091,696.5227077142854,1062.2723799999994,0.9744571,False,False
7ae6904d-8782-4caa-8a1f-a9caf51a24c3,51,0.9077272727272728,right_foot_index,0.49864116,0.9468339,0.08705366,0.49879847828571405,0.9467426005714281,0.0762173976285714,538.5325,1817.9211,538.7023857142855,1817.7457457142846,0.86524,False,False
7ae6904d-8782-4caa-8a1f-a9caf51a24c3,51,0.9077272727272728,right_heel,0.41878647,0.9139677,0.12812817,0.4187171999999998,0.9137428217142853,0.11211339051428568,452.2894,1754.818,452.21459028571405,1754.3862314285707,0.73856074,False,False
7ae6904d-8782-4caa-8a1f-a9caf51a24c3,51,0.9077272727272728,right_hip,0.45116404,0.7270826,-0.17119735,0.45176675799999977,0.7261361831428568,-0.17171391485714277,487.25717,1395.9987,487.90810399999975,1394.1814885714277,0.998409,False,False
7ae6904d-8782-4caa-8a1f-a9caf51a24c3,51,0.9077272727272728,right_knee,0.5565871,0.83757794,-0.18359464,0.557357108285714,0.8378973302857139,-0.19627576085714277,601.1141,1608.1497,601.9457085714282,1608.7628742857135,0.97332317,False,False
7ae6904d-8782-4caa-8a1f-a9caf51a24c3,51,0.9077272727272728,right_shoulder,0.5233363,0.5656975,-0.2899652,0.5233000325714282,0.5652962079999997,-0.2894630214285713,565.2032,1086.1392,565.1640457142855,1085.3687057142852,0.9967945,False,False
7ae6904d-8782-4caa-8a1f-a9caf51a24c3,51,0.9077272727272728,right_wrist,0.6202315,0.4928575,-0.40879932,0.6217531257142854,0.49316684285714263,-0.3537751834285713,669.85004,946.2864,671.493402285714,946.8803177142851,0.96054983,False,False
7ae6904d-8782-4caa-8a1f-a9caf51a24c3,52,0.9255258467023172,left_ankle,0.5045101,0.88800704,0.2100474,0.5046399108571425,0.8878734199999996,0.19364601085714275,544.8709,1704.9735,545.0110831428569,1704.7169571428562,0.771677,False,False
7ae6904d-8782-4caa-8a1f-a9caf51a24c3,52,0.9255258467023172,left_elbow,0.6827988,0.53335065,0.3939959,0.6867205259999997,0.5283800674285712,0.3686941545714284,737.4227,1024.0332,741.658163428571,1014.4897199999996,0.6834654,False,False
7ae6904d-8782-4caa-8a1f-a9caf51a24c3,52,0.9255258467023172,left_foot_index,0.5606464,0.9253213,0.16991296,0.5610204631428568,0.9251557728571425,0.1493588225714285,605.4981,1776.6168,605.9020859999997,1776.2990571428563,0.76899886,False,False
7ae6904d-8782-4caa-8a1f-a9caf51a24c3,52,0.9255258467023172,left_heel,0.464722,0.89572084,0.2278977,0.46508020085714263,0.8954800291428567,0.2108401722857142,501.89978,1719.784,502.2866179999998,1719.3216142857134,0.71047354,False,False
7ae6904d-8782-4caa-8a1f-a9caf51a24c3,52,0.9255258467023172,left_hip,0.5257235,0.7198349,0.17063405,0.5249212948571427,0.7200007434285711,0.1701596479999999,567.7814,1382.083,566.9150085714283,1382.4014628571424,0.99935204,False,False
7ae6904d-8782-4caa-8a1f-a9caf51a24c3,52,0.9255258467023172,left_knee,0.6273483,0.8096233,0.023838155,0.6277445288571425,0.8095233099999997,0.015950771668571416,677.5362,1554.4767,677.9641148571426,1554.2846914285708,0.8185027,False,False
7ae6904d-8782-4caa-8a1f-a9caf51a24c3,52,0.9255258467023172,left_shoulder,0.5835774,0.56396365,0.18882896,0.5849152971428568,0.5637351639999997,0.1820959742857142,630.2636,1082.8102,631.7085105714282,1082.3714799999993,0.99795735,False,False
7ae6904d-8782-4caa-8a1f-a9caf51a24c3,52,0.9255258467023172,left_wrist,0.6284065,0.4905364,0.53405493,0.6309049651428569,0.47736465485714263,0.5109508525714284,678.6791,941.8299,681.3774165714282,916.5401228571423,0.585351,False,False
7ae6904d-8782-4caa-8a1f-a9caf51a24c3,52,0.9255258467023172,nose,0.59945077,0.5082581,-0.284248,0.5998020211428567,0.5086061265714283,-0.25508889571428556,647.4068,975.8556,647.7861739999996,976.5237951428567,0.99969906,False,False
7ae6904d-8782-4caa-8a1f-a9caf51a24c3,52,0.9255258467023172,right_ankle,0.45257136,0.9071169,0.091281205,0.45260446542857125,0.9070411285714282,0.08769728979999997,488.77707,1741.6644,488.8128265714283,1741.5189685714276,0.8944601,False,False
7ae6904d-8782-4caa-8a1f-a9caf51a24c3,52,0.9255258467023172,right_elbow,0.6489078,0.53631246,-0.38358796,0.6484921097142855,0.5354617259999997,-0.3903190205714283,700.8204,1029.72,700.3714679999996,1028.0865428571424,0.9723567,False,False
7ae6904d-8782-4caa-8a1f-a9caf51a24c3,52,0.9255258467023172,right_foot_index,0.49824208,0.94692296,0.064318106,0.49808646399999973,0.9469803611428567,0.07104289288571426,538.10144,1818.092,537.933390285714,1818.2022714285708,0.8633086,False,False
7ae6904d-8782-4caa-8a1f-a9caf51a24c3,52,0.9255258467023172,right_heel,0.41807446,0.9146688,0.12093128,0.4181128625714284,0.9147767202857138,0.11688159842857138,451.52042,1756.1641,451.5618937142855,1756.3713142857134,0.74777424,False,False
7ae6904d-8782-4caa-8a1f-a9caf51a24c3,52,0.9255258467023172,right_hip,0.45617175,0.71790946,-0.17059857,0.45516524742857123,0.7189137031428567,-0.17009309314285706,492.6655,1378.3861,491.57847228571404,1380.3143371428564,0.99840784,False,False
7ae6904d-8782-4caa-8a1f-a9caf51a24c3,52,0.9255258467023172,right_knee,0.5454267,0.83732724,-0.18374658,0.5471769231428569,0.8366364531428567,-0.18045920485714276,589.06085,1607.6683,590.9510865714283,1606.3419914285705,0.9703644,False,False
7ae6904d-8782-4caa-8a1f-a9caf51a24c3,52,0.9255258467023172,right_shoulder,0.52388716,0.55761683,-0.29847375,0.5236079234285711,0.5580326265714283,-0.29073605828571414,565.79816,1070.6243,565.496574285714,1071.4226428571424,0.99642044,False,False
7ae6904d-8782-4caa-8a1f-a9caf51a24c3,52,0.9255258467023172,right_wrist,0.61605364,0.47998706,-0.23524982,0.6156719457142854,0.4805926417142855,-0.2557545474285713,665.33795,921.57513,664.9257251428569,922.7378717142853,0.9541147,False,False
7ae6904d-8782-4caa-8a1f-a9caf51a24c3,53,0.943324420677362,left_ankle,0.50464505,0.88801825,0.17152655,0.5046387122857141,0.8882906894285709,0.1981296079999999,545.01666,1704.995,545.0098139999998,1705.5180799999991,0.7690258,False,False
7ae6904d-8782-4caa-8a1f-a9caf51a24c3,53,0.943324420677362,left_elbow,0.6712782,0.5175042,0.37143162,0.6641820899999997,0.5246742917142855,0.40092306685714263,724.9804,993.6081,717.3166257142855,1007.3746371428566,0.6409988,False,False
7ae6904d-8782-4caa-8a1f-a9caf51a24c3,53,0.943324420677362,left_foot_index,0.5615577,0.9253119,0.11101767,0.5613549788571426,0.9255301757142852,0.13890117085714276,606.4823,1776.5989,606.2633659999997,1777.017922857142,0.7694844,False,False
7ae6904d-8782-4caa-8a1f-a9caf51a24c3,53,0.943324420677362,left_heel,0.4660756,0.8965568,0.18666875,0.46574520828571403,0.8970590077142852,0.21477157399999985,503.36163,1721.389,503.0048288571426,1722.353242857142,0.7138571,False,False
7ae6904d-8782-4caa-8a1f-a9caf51a24c3,53,0.943324420677362,left_hip,0.5274016,0.7131584,0.16924572,0.5281696205714284,0.7134452668571425,0.17051638971428562,569.59375,1369.2642,570.4232062857141,1369.8149142857137,0.999353,False,False
7ae6904d-8782-4caa-8a1f-a9caf51a24c3,53,0.943324420677362,left_knee,0.62250394,0.8057613,0.0051347367,0.6225212568571425,0.8062050085714282,0.01424856131142856,672.30426,1547.0616,672.3229748571425,1547.913565714285,0.8092245,False,False
7ae6904d-8782-4caa-8a1f-a9caf51a24c3,53,0.943324420677362,left_shoulder,0.5775722,0.5545186,0.18602395,0.5764595428571426,0.5555373759999997,0.1910660765714285,623.778,1064.6757,622.5763319999996,1066.6317771428567,0.99759805,False,False
7ae6904d-8782-4caa-8a1f-a9caf51a24c3,53,0.943324420677362,left_wrist,0.61921453,0.46734825,0.5001206,0.613916882285714,0.4899200065714283,0.5376430974285713,668.7517,897.30865,663.0302628571425,940.646448571428,0.5350205,False,False
7ae6904d-8782-4caa-8a1f-a9caf51a24c3,53,0.943324420677362,nose,0.5995802,0.50013566,-0.18794797,0.599867850285714,0.4999699185714283,-0.22013991142857128,647.54663,960.2605,647.8572731428569,959.9422762857138,0.99970466,False,False
7ae6904d-8782-4caa-8a1f-a9caf51a24c3,53,0.943324420677362,right_ankle,0.45050916,0.9070994,0.06973998,0.45079390799999974,0.9071607859999995,0.08651882914285709,486.5499,1741.6309,486.85742228571405,1741.7487485714278,0.89533883,False,False
7ae6904d-8782-4caa-8a1f-a9caf51a24c3,53,0.943324420677362,right_elbow,0.6520876,0.5235924,-0.36514515,0.6522689491428568,0.5234378331428569,-0.3989591468571426,704.25464,1005.2974,704.4504765714282,1005.0006657142853,0.97113854,False,False
7ae6904d-8782-4caa-8a1f-a9caf51a24c3,53,0.943324420677362,right_foot_index,0.49755538,0.9470602,0.05918627,0.4978896948571426,0.9470064382857138,0.057720159028571395,537.3598,1818.3556,537.7208499999997,1818.252322857142,0.8638156,False,False
7ae6904d-8782-4caa-8a1f-a9caf51a24c3,53,0.943324420677362,right_heel,0.41708612,0.9153065,0.09672383,0.4169335117142855,0.9151842971428567,0.11460580999999995,450.453,1757.3885,450.2881851428569,1757.1538571428562,0.75784314,False,False
7ae6904d-8782-4caa-8a1f-a9caf51a24c3,53,0.943324420677362,right_hip,0.45742825,0.71154237,-0.1691054,0.4581589831428569,0.7111928459999997,-0.17040357542857135,494.0225,1366.1614,494.81169799999975,1365.4902571428563,0.99843055,False,False
7ae6904d-8782-4caa-8a1f-a9caf51a24c3,53,0.943324420677362,right_knee,0.5400153,0.8320805,-0.18402249,0.5370058817142854,0.8322958159999995,-0.18465418542857134,583.2165,1597.5945,579.9663351428569,1598.0079428571419,0.9689082,False,False
7ae6904d-8782-4caa-8a1f-a9caf51a24c3,53,0.943324420677362,right_shoulder,0.5236154,0.55009776,-0.2842325,0.5243889534285712,0.5496695622857141,-0.29539939657142844,565.50464,1056.1877,566.3400739999997,1055.3655371428565,0.99623084,False,False
7ae6904d-8782-4caa-8a1f-a9caf51a24c3,53,0.943324420677362,right_wrist,0.6143233,0.4718849,-0.21545647,0.6147176765714282,0.4716398779999998,-0.27526711257142844,663.4692,906.01904,663.8951194285711,905.5485782857139,0.94475806,False,False
7ae6904d-8782-4caa-8a1f-a9caf51a24c3,54,0.9611229946524064,left_ankle,0.50609994,0.88876736,0.2510286,0.5062988794285712,0.888527927428571,0.24246412114285704,546.58795,1706.4333,546.8028099999997,1705.973622857142,0.7654405,False,False
7ae6904d-8782-4caa-8a1f-a9caf51a24c3,54,0.9611229946524064,left_elbow,0.62558323,0.54049313,0.41709778,0.6287838871428568,0.5383203859999997,0.3877386674285712,675.6299,1037.7468,679.0865968571426,1033.5751628571422,0.5820112,False,False
7ae6904d-8782-4caa-8a1f-a9caf51a24c3,54,0.9611229946524064,left_foot_index,0.56203973,0.9259899,0.17057605,0.5619345345714283,0.925817451428571,0.16211167685714278,607.0029,1777.9006,606.8892788571426,1777.5695457142847,0.77324003,False,False
7ae6904d-8782-4caa-8a1f-a9caf51a24c3,54,0.9611229946524064,left_heel,0.4677602,0.8989904,0.26940575,0.4681118737142855,0.8984437879999996,0.2603793028571427,505.18103,1726.0615,505.56081971428546,1725.0120314285705,0.7160064,False,False
7ae6904d-8782-4caa-8a1f-a9caf51a24c3,54,0.9611229946524064,left_hip,0.53257936,0.70678306,0.17044054,0.532805366285714,0.7066847011428568,0.16808669885714275,575.1857,1357.0234,575.4297971428568,1356.8346314285707,0.9993534,False,False
7ae6904d-8782-4caa-8a1f-a9caf51a24c3,54,0.9611229946524064,left_knee,0.6185049,0.80318165,0.029257353,0.6187033885714283,0.8030206142857138,0.025149791725714264,667.9853,1542.1088,668.1996577142854,1541.7995771428564,0.79152375,False,False
7ae6904d-8782-4caa-8a1f-a9caf51a24c3,54,0.9611229946524064,left_shoulder,0.5719844,0.54896003,0.18604758,0.5735311451428569,0.5479562642857141,0.1797255042857142,617.74316,1054.0033,619.4136371428568,1052.0760365714282,0.996979,False,False
7ae6904d-8782-4caa-8a1f-a9caf51a24c3,54,0.9611229946524064,left_wrist,0.57615876,0.5492748,0.5420757,0.5748358997142854,0.5350714997142855,0.49711341342857124,622.25146,1054.6077,620.8227571428569,1027.3373399999996,0.48463035,False,False
7ae6904d-8782-4caa-8a1f-a9caf51a24c3,54,0.9611229946524064,nose,0.5995879,0.49075705,-0.22833729,0.5983185948571426,0.49038553342857116,-0.21697755599999988,647.55493,942.25354,646.1840877142854,941.5402402857138,0.99967176,False,False
7ae6904d-8782-4caa-8a1f-a9caf51a24c3,54,0.9611229946524064,right_ankle,0.44968915,0.9070187,0.12975022,0.44938195514285695,0.9070264159999996,0.12663325899999994,485.66428,1741.476,485.3325159999998,1741.4907771428564,0.8969392,False,False
7ae6904d-8782-4caa-8a1f-a9caf51a24c3,54,0.9611229946524064,right_elbow,0.65234786,0.51145047,-0.5005992,0.6515223791428568,0.5116244399999997,-0.46258221942857125,704.5357,981.9849,703.644194285714,982.3189054285709,0.9703935,False,False
7ae6904d-8782-4caa-8a1f-a9caf51a24c3,54,0.9611229946524064,right_foot_index,0.4975958,0.94698966,0.055517927,0.49692685828571403,0.9468729582857138,0.06132655982857141,537.40344,1818.2201,536.680997142857,1817.9960685714277,0.8661707,False,False
7ae6904d-8782-4caa-8a1f-a9caf51a24c3,54,0.9611229946524064,right_heel,0.41575024,0.915269,0.15773398,0.4160241545714284,0.9152938485714283,0.1536910282857142,449.01025,1757.3165,449.30607742857114,1757.364242857142,0.7639725,False,False
7ae6904d-8782-4caa-8a1f-a9caf51a24c3,54,0.9611229946524064,right_hip,0.46084914,0.70459235,-0.17034817,0.4605833982857141,0.7049017691428567,-0.16800409428571417,497.71707,1352.8173,497.4300711428569,1353.4113942857136,0.9984699,False,False
7ae6904d-8782-4caa-8a1f-a9caf51a24c3,54,0.9611229946524064,right_knee,0.52429783,0.8253806,-0.17239651,0.5268803139999997,0.8255322199999996,-0.16483786514285706,566.24164,1584.7308,569.0307297142855,1585.021885714285,0.9668031,False,False
7ae6904d-8782-4caa-8a1f-a9caf51a24c3,54,0.9611229946524064,right_shoulder,0.5249916,0.5400682,-0.3116077,0.5239115348571426,0.5402057379999997,-0.30365346657142844,566.9909,1036.9309,565.824444285714,1037.1950071428566,0.99577844,False,False
7ae6904d-8782-4caa-8a1f-a9caf51a24c3,54,0.9611229946524064,right_wrist,0.6152017,0.46242252,-0.45507324,0.6151603257142855,0.4616026937142855,-0.37399136142857126,664.41785,887.85126,664.3731628571426,886.277205428571,0.9403159,False,False
7ae6904d-8782-4caa-8a1f-a9caf51a24c3,55,0.9789215686274508,left_ankle,0.5087962,0.88818204,0.3103195,0.5084969722857141,0.8883515751428568,0.29859641971428563,549.49994,1705.3096,549.1767714285711,1705.635048571428,0.76515514,False,False
7ae6904d-8782-4caa-8a1f-a9caf51a24c3,55,0.9789215686274508,left_elbow,0.59030247,0.56602275,0.34630707,0.591291052285714,0.565625543142857,0.3630086657142856,637.5267,1086.7637,638.5943597142854,1086.001031428571,0.5267127,False,False
7ae6904d-8782-4caa-8a1f-a9caf51a24c3,55,0.9789215686274508,left_foot_index,0.5624057,0.92600065,0.21259665,0.5627171617142854,0.9260956677142852,0.2013028037142856,607.39813,1777.9213,607.7345259999997,1778.103699999999,0.7793147,False,False
7ae6904d-8782-4caa-8a1f-a9caf51a24c3,55,0.9789215686274508,left_heel,0.47198495,0.8989778,0.3297513,0.4719750637142855,0.8992265291428567,0.31738867285714273,509.74374,1726.0374,509.7330779999998,1726.514922857142,0.71733963,False,False
7ae6904d-8782-4caa-8a1f-a9caf51a24c3,55,0.9789215686274508,left_hip,0.5393519,0.69894356,0.1627602,0.538765201142857,0.6989782837142855,0.16486856571428563,582.50006,1341.9717,581.8664299999997,1342.038325714285,0.9992301,False,False
7ae6904d-8782-4caa-8a1f-a9caf51a24c3,55,0.9789215686274508,left_knee,0.61482686,0.7992957,0.052164152,0.6145842028571427,0.7992116365714281,0.04858421199714283,664.013,1534.6478,663.7509405714283,1534.4864171428565,0.7742181,False,False
7ae6904d-8782-4caa-8a1f-a9caf51a24c3,55,0.9789215686274508,left_shoulder,0.5751453,0.5399371,0.16023329,0.5743109134285711,0.5410222171428569,0.16607322371428562,621.1569,1036.6792,620.2557857142854,1038.7626451428566,0.9939451,False,False
7ae6904d-8782-4caa-8a1f-a9caf51a24c3,55,0.9789215686274508,left_wrist,0.52774715,0.59753174,0.39644513,0.535110678285714,0.6022803397142855,0.4262177334285712,569.9669,1147.261,577.9195314285712,1156.3783214285709,0.43766963,False,False
7ae6904d-8782-4caa-8a1f-a9caf51a24c3,55,0.9789215686274508,nose,0.59461176,0.47977555,-0.26190674,0.5961998751428568,0.4807628474285711,-0.2579173202857141,642.1807,921.16907,643.8958677142855,923.0646654285711,0.99929506,False,False
7ae6904d-8782-4caa-8a1f-a9caf51a24c3,55,0.9789215686274508,right_ankle,0.44796082,0.90695673,0.1730275,0.4480428931428569,0.9069868088571424,0.16005980714285706,483.7977,1741.3569,483.8863362857141,1741.4146971428563,0.9008865,False,False
7ae6904d-8782-4caa-8a1f-a9caf51a24c3,55,0.9789215686274508,right_elbow,0.6473223,0.5011396,-0.48403683,0.6481349948571427,0.5012587608571426,-0.49622498914285695,699.1081,962.188,699.9857971428569,962.4167954285709,0.9690128,False,False
7ae6904d-8782-4caa-8a1f-a9caf51a24c3,55,0.9789215686274508,right_foot_index,0.49547774,0.9470826,0.05427748,0.4961561531428569,0.9475103348571423,0.04374774648571428,535.11597,1818.3986,535.8486377142854,1819.2198371428562,0.87141675,False,False
7ae6904d-8782-4caa-8a1f-a9caf51a24c3,55,0.9789215686274508,right_heel,0.41577604,0.9153702,0.19756679,0.41553179714285693,0.915530541428571,0.18356888771428564,449.03812,1757.5109,448.7743394285712,1757.8187085714276,0.76824087,False,False
7ae6904d-8782-4caa-8a1f-a9caf51a24c3,55,0.9789215686274508,right_hip,0.4638248,0.6977482,-0.16281183,0.4639782765714283,0.6976429557142854,-0.16489388314285708,500.9308,1339.6765,501.0965457142854,1339.4744628571423,0.998436,False,False
7ae6904d-8782-4caa-8a1f-a9caf51a24c3,55,0.9789215686274508,right_knee,0.5173291,0.8182584,-0.129473,0.5162820237142854,0.818468566285714,-0.1395766322857142,558.71545,1571.0562,557.5845914285712,1571.4597171428566,0.9648072,False,False
7ae6904d-8782-4caa-8a1f-a9caf51a24c3,55,0.9789215686274508,right_shoulder,0.52146155,0.5294517,-0.31468514,0.5222683674285712,0.529660486285714,-0.31747318828571414,563.17847,1016.5473,564.0498208571425,1016.9481471428567,0.9948283,False,False
7ae6904d-8782-4caa-8a1f-a9caf51a24c3,55,0.9789215686274508,right_wrist,0.614249,0.44833001,-0.36196327,0.6135262434285711,0.4491133957142855,-0.3959421468571427,663.3889,860.79364,662.608334285714,862.2977251428567,0.9350825,False,False
7ae6904d-8782-4caa-8a1f-a9caf51a24c3,56,0.9967201426024956,left_ankle,0.5103343,0.88698334,0.31108412,0.5104989365714283,0.8866814251428567,0.32651633599999985,551.1611,1703.008,551.3389065714283,1702.4283742857133,0.77229005,False,False
7ae6904d-8782-4caa-8a1f-a9caf51a24c3,56,0.9967201426024956,left_elbow,0.5726835,0.58314705,0.31689516,0.572656132285714,0.5818380051428569,0.3128257885714284,618.49817,1119.6423,618.4686191428568,1117.1289685714278,0.47659445,False,False
7ae6904d-8782-4caa-8a1f-a9caf51a24c3,56,0.9967201426024956,left_foot_index,0.5641961,0.9260014,0.19983904,0.5638855031428569,0.9259491648571425,0.21422528457142845,609.3318,1777.9227,608.9963331428569,1777.822439999999,0.7893387,False,False
7ae6904d-8782-4caa-8a1f-a9caf51a24c3,56,0.9967201426024956,left_heel,0.47685614,0.8988523,0.32665655,0.4767466537142855,0.8988358162857139,0.3423162285714284,515.00464,1725.7964,514.8863791428569,1725.764779999999,0.72238564,False,False
7ae6904d-8782-4caa-8a1f-a9caf51a24c3,56,0.9967201426024956,left_hip,0.5431776,0.6890221,0.16220787,0.5432960554285712,0.6885310351428569,0.1614167579999999,586.63184,1322.9225,586.7597514285711,1321.9796599999993,0.9991144,False,False
7ae6904d-8782-4caa-8a1f-a9caf51a24c3,56,0.9967201426024956,left_knee,0.6086298,0.79339355,0.07773483,0.6088924234285711,0.7931217765714282,0.09023800671428567,657.3202,1523.3157,657.6038285714283,1522.7938714285708,0.7651946,False,False
7ae6904d-8782-4caa-8a1f-a9caf51a24c3,56,0.9967201426024956,left_shoulder,0.57734084,0.53180957,0.15367207,0.5773031325714283,0.5302540057142854,0.15063460342857135,623.52814,1021.07434,623.4873914285711,1018.087656571428,0.9910291,False,False
7ae6904d-8782-4caa-8a1f-a9caf51a24c3,56,0.9967201426024956,left_wrist,0.51792103,0.63903993,0.3243138,0.5125010174285712,0.6353882768571426,0.3100639448571427,559.35474,1226.9567,553.5010997142854,1219.945528571428,0.39512658,False,False
7ae6904d-8782-4caa-8a1f-a9caf51a24c3,56,0.9967201426024956,nose,0.59459823,0.4711788,-0.27767733,0.5942253394285711,0.47016253628571403,-0.28519309457142844,642.1661,904.66327,641.7633688571425,902.7120511428567,0.9990189,False,False
7ae6904d-8782-4caa-8a1f-a9caf51a24c3,56,0.9967201426024956,right_ankle,0.4467576,0.9069054,0.13765194,0.4469031051428569,0.9070724897142852,0.14516034299999994,482.49823,1741.2584,482.6553751428569,1741.5791942857134,0.90649974,False,False
7ae6904d-8782-4caa-8a1f-a9caf51a24c3,56,0.9967201426024956,right_elbow,0.64427525,0.49188307,-0.4530762,0.6438377248571425,0.49173958942857116,-0.4511070497142855,695.81726,944.41547,695.3447522857141,944.1399911428567,0.9687987,False,False
7ae6904d-8782-4caa-8a1f-a9caf51a24c3,56,0.9967201426024956,right_foot_index,0.49611992,0.9490718,-0.011338051,0.4958357137142855,0.9487587457142853,-0.010384609599999988,535.8095,1822.2179,535.5025734285712,1821.6168542857133,0.87874526,False,False
7ae6904d-8782-4caa-8a1f-a9caf51a24c3,56,0.9967201426024956,right_heel,0.41567707,0.9161341,0.15699509,0.4156596545714284,0.916077781428571,0.16987669057142848,448.93124,1758.9775,448.91242485714264,1758.8694057142848,0.7738421,False,False
7ae6904d-8782-4caa-8a1f-a9caf51a24c3,56,0.9967201426024956,right_hip,0.46684593,0.68808883,-0.16232888,0.4666996979999998,0.6874001165714282,-0.16155866342857134,504.1936,1321.1306,504.03567399999974,1319.808225714285,0.99843925,False,False
7ae6904d-8782-4caa-8a1f-a9caf51a24c3,56,0.9967201426024956,right_knee,0.50803494,0.80997586,-0.12404051,0.5078620422857141,0.8092732145714281,-0.11766389857142852,548.67773,1555.1537,548.4910099999997,1553.804625714285,0.96402454,False,False
7ae6904d-8782-4caa-8a1f-a9caf51a24c3,56,0.9967201426024956,right_shoulder,0.5190718,0.5185672,-0.32035,0.5188458674285712,0.518124260285714,-0.3211657634285713,560.59753,995.64905,560.3535271428568,994.7986014285709,0.9943205,False,False
7ae6904d-8782-4caa-8a1f-a9caf51a24c3,56,0.9967201426024956,right_wrist,0.60750806,0.4359021,-0.28994495,0.6070007719999997,0.4355523428571426,-0.2852798925714284,656.1087,836.932,655.5608185714284,836.2604799999997,0.9297108,False,False
7ae6904d-8782-4caa-8a1f-a9caf51a24c3,57,1.01451871657754,left_ankle,0.5118057,0.8839144,0.3517766,0.5115680999999997,0.8842515194285709,0.34383948628571415,552.7502,1697.1157,552.4935851428569,1697.7629457142848,0.783573,False,False
7ae6904d-8782-4caa-8a1f-a9caf51a24c3,57,1.01451871657754,left_elbow,0.56844044,0.5855541,0.29184577,0.5676912105714284,0.5876072391428568,0.291830937142857,613.91565,1124.2639,613.1064891428568,1128.205908571428,0.43161917,False,False
7ae6904d-8782-4caa-8a1f-a9caf51a24c3,57,1.01451871657754,left_foot_index,0.5653177,0.92554086,0.22682433,0.565535534285714,0.9255304277142853,0.2243322977142856,610.5431,1777.0385,610.7783857142854,1777.0184428571422,0.801499,False,False
7ae6904d-8782-4caa-8a1f-a9caf51a24c3,57,1.01451871657754,left_heel,0.4805954,0.89804536,0.3633033,0.4802776511428569,0.8980831925714281,0.3577863205714284,519.043,1724.2471,518.6998394285712,1724.3197085714276,0.7271645,False,False
7ae6904d-8782-4caa-8a1f-a9caf51a24c3,57,1.01451871657754,left_hip,0.54635966,0.67599577,0.16018912,0.546455269142857,0.6765253659999997,0.1620994308571428,590.0684,1297.9119,590.1716685714282,1298.9287199999994,0.9989463,False,False
7ae6904d-8782-4caa-8a1f-a9caf51a24c3,57,1.01451871657754,left_knee,0.5999047,0.78574604,0.15161505,0.5989813891428568,0.786600216285714,0.14368606097142853,647.8971,1508.6324,646.8999257142855,1510.2724314285706,0.7616083,False,False
7ae6904d-8782-4caa-8a1f-a9caf51a24c3,57,1.01451871657754,left_shoulder,0.57859147,0.5162775,0.14332235,0.5785136259999997,0.5171362568571426,0.14328376142857135,624.8788,991.2528,624.7947451428568,992.9016137142852,0.987887,False,False
7ae6904d-8782-4caa-8a1f-a9caf51a24c3,57,1.01451871657754,left_wrist,0.5047139,0.6453199,0.23941958,0.5067153825714283,0.6448788125714283,0.2436826168571427,545.091,1239.0142,547.2526234285712,1238.1672828571423,0.35707176,False,False
7ae6904d-8782-4caa-8a1f-a9caf51a24c3,57,1.01451871657754,nose,0.59096575,0.45743597,-0.3112133,0.5898529094285712,0.4574522205714283,-0.3091395054285713,638.243,878.27704,637.041144285714,878.3082545714282,0.99882656,False,False
7ae6904d-8782-4caa-8a1f-a9caf51a24c3,57,1.01451871657754,right_ankle,0.4465554,0.9065057,0.11299341,0.44647793057142837,0.9063057568571424,0.1301579768571428,482.27985,1740.491,482.1961817142855,1740.107119999999,0.9131793,False,False
7ae6904d-8782-4caa-8a1f-a9caf51a24c3,57,1.01451871657754,right_elbow,0.6409896,0.48151395,-0.40314028,0.6428765339999997,0.4808465785714284,-0.40116894485714266,692.2688,924.5068,694.3066708571425,923.2254468571424,0.96865475,False,False
7ae6904d-8782-4caa-8a1f-a9caf51a24c3,57,1.01451871657754,right_foot_index,0.49652624,0.9496998,-0.085284755,0.49661700971428546,0.9496728137142852,-0.06504656642857137,536.24835,1823.4237,536.3463719999997,1823.3718342857132,0.8873349,False,False
7ae6904d-8782-4caa-8a1f-a9caf51a24c3,57,1.01451871657754,right_heel,0.41681638,0.91621405,0.14010057,0.4172323162857141,0.9162792151428567,0.1483188457714285,450.16168,1759.131,450.6108999999998,1759.256082857142,0.78039974,False,False
7ae6904d-8782-4caa-8a1f-a9caf51a24c3,57,1.01451871657754,right_hip,0.46861267,0.673921,-0.1604412,0.4685949528571426,0.6747099794285711,-0.1623496671428571,506.10168,1293.9283,506.0825537142855,1295.4431628571424,0.9984567,False,False
7ae6904d-8782-4caa-8a1f-a9caf51a24c3,57,1.01451871657754,right_knee,0.49755707,0.797343,-0.10701188,0.49768357485714265,0.7979926851428568,-0.10754940628571423,537.36163,1530.8986,537.4982551428569,1532.1459999999993,0.96476763,False,False
7ae6904d-8782-4caa-8a1f-a9caf51a24c3,57,1.01451871657754,right_shoulder,0.51445603,0.5052978,-0.32296023,0.5141623959999997,0.5054565034285712,-0.3258888959999999,555.6125,970.17175,555.2953785714283,970.4764728571424,0.9941647,False,False
7ae6904d-8782-4caa-8a1f-a9caf51a24c3,57,1.01451871657754,right_wrist,0.5994539,0.42229402,-0.19641644,0.6013116148571426,0.42208237171428553,-0.1766706294285713,647.4102,810.8045,649.4165399999997,810.3981397142853,0.9213137,False,False
7ae6904d-8782-4caa-8a1f-a9caf51a24c3,58,1.0323172905525846,left_ankle,0.5123811,0.8812407,0.35080856,0.5123110757142855,0.8810368542857139,0.35632900657142846,553.3716,1691.9822,553.2959914285711,1691.590819999999,0.79588366,False,False
7ae6904d-8782-4caa-8a1f-a9caf51a24c3,58,1.0323172905525846,left_elbow,0.5736067,0.58220416,0.28161862,0.5784352908571426,0.5770668339999997,0.28285719057142844,619.49524,1117.832,624.7101099999998,1107.9683257142851,0.39101338,False,False
7ae6904d-8782-4caa-8a1f-a9caf51a24c3,58,1.0323172905525846,left_foot_index,0.5673009,0.92477715,0.22023411,0.5671212771428569,0.9249276848571424,0.21082737222857134,612.685,1775.5721,612.4909839999997,1775.8611285714278,0.8149393,False,False
7ae6904d-8782-4caa-8a1f-a9caf51a24c3,58,1.0323172905525846,left_heel,0.4827017,0.89618075,0.3601771,0.4828111699999998,0.8960856611428567,0.35782868028571413,521.3178,1720.667,521.4360342857141,1720.4844714285707,0.73608285,False,False
7ae6904d-8782-4caa-8a1f-a9caf51a24c3,58,1.0323172905525846,left_hip,0.5498193,0.66457075,0.15733916,0.5497571691428569,0.6645477254285711,0.15262608371428565,593.8048,1275.9758,593.737712285714,1275.931605714285,0.99880284,False,False
7ae6904d-8782-4caa-8a1f-a9caf51a24c3,58,1.0323172905525846,left_knee,0.5855786,0.7797947,0.17358008,0.5859799228571425,0.7788165105714282,0.16627829728571422,632.4249,1497.2058,632.8583185714283,1495.3276799999992,0.76047546,False,False
7ae6904d-8782-4caa-8a1f-a9caf51a24c3,58,1.0323172905525846,left_shoulder,0.57935756,0.5031892,0.14157967,0.5796567302857141,0.5032295859999998,0.14279489114285707,625.7062,966.1233,626.0292965714282,966.2008337142852,0.98425967,False,False
7ae6904d-8782-4caa-8a1f-a9caf51a24c3,58,1.0323172905525846,left_wrist,0.50939274,0.6304948,0.22174865,0.514044425142857,0.6309412145714283,0.2354436337142856,550.14417,1210.5499,555.1679734285711,1211.4070685714278,0.32294172,False,False
7ae6904d-8782-4caa-8a1f-a9caf51a24c3,58,1.0323172905525846,nose,0.57948315,0.44287264,-0.31039497,0.5794789731428568,0.4430291148571426,-0.3064515865714284,625.8418,850.3155,625.8372742857139,850.6159071428567,0.9987201,False,False
7ae6904d-8782-4caa-8a1f-a9caf51a24c3,58,1.0323172905525846,right_ankle,0.44613257,0.90344924,0.100823745,0.44596637857142835,0.9035030351428568,0.04526661599999998,481.82318,1734.6226,481.64369599999975,1734.7258514285706,0.92018574,False,False
7ae6904d-8782-4caa-8a1f-a9caf51a24c3,58,1.0323172905525846,right_elbow,0.6403527,0.46953925,-0.35262546,0.6367539454285711,0.4712522431428569,-0.3564424448571427,691.58093,901.5154,687.694284285714,904.8043325714281,0.96807396,False,False
7ae6904d-8782-4caa-8a1f-a9caf51a24c3,58,1.0323172905525846,right_foot_index,0.49701634,0.94936144,-0.122642204,0.49691034742857115,0.9495252579999995,-0.17563463471428564,536.77765,1822.7739,536.6631777142854,1823.0884971428559,0.8962456,False,False
7ae6904d-8782-4caa-8a1f-a9caf51a24c3,58,1.0323172905525846,right_heel,0.4207602,0.91492045,0.10067958,0.4200699171428569,0.9149514322857139,0.05072937377142854,454.42102,1756.6472,453.67550799999975,1756.706728571428,0.78777707,False,False
7ae6904d-8782-4caa-8a1f-a9caf51a24c3,58,1.0323172905525846,right_hip,0.4695312,0.66158646,-0.15767653,0.46930797599999974,0.6612042308571425,-0.1529492350857142,507.09372,1270.246,506.8526194285712,1269.5121399999996,0.9985249,False,False
7ae6904d-8782-4caa-8a1f-a9caf51a24c3,58,1.0323172905525846,right_knee,0.48905435,0.78536737,-0.10369375,0.4894922205714283,0.7847741037142854,-0.11159155428571423,528.1787,1507.9054,528.6515951428569,1506.766325714285,0.966159,False,False
7ae6904d-8782-4caa-8a1f-a9caf51a24c3,58,1.0323172905525846,right_shoulder,0.5068838,0.49269423,-0.30735654,0.506479716285714,0.4929235894285712,-0.2934202397142856,547.4345,945.9729,546.9980745714282,946.413266571428,0.99433327,False,False
7ae6904d-8782-4caa-8a1f-a9caf51a24c3,58,1.0323172905525846,right_wrist,0.6004799,0.4087415,-0.09320157,0.5990408891428569,0.4099898711428569,-0.1343246297142856,648.5183,784.7837,646.9641594285711,787.1805559999996,0.91361,False,False
7ae6904d-8782-4caa-8a1f-a9caf51a24c3,59,1.0501158645276292,left_ankle,0.5140032,0.87729466,0.31919128,0.5140913399999998,0.8773202148571425,0.30520566708571417,555.1235,1684.4058,555.2186771428569,1684.4548714285706,0.8012381,False,False
7ae6904d-8782-4caa-8a1f-a9caf51a24c3,59,1.0501158645276292,left_elbow,0.5929567,0.5581042,0.29684648,0.5795693679999998,0.5729263102857141,0.29135488999999987,640.39325,1071.56,625.9349445714283,1100.0184542857137,0.35620442,False,False
7ae6904d-8782-4caa-8a1f-a9caf51a24c3,59,1.0501158645276292,left_foot_index,0.5691347,0.9239901,0.13582368,0.5694448828571426,0.9237729377142853,0.1396203344571428,614.66547,1774.0609,615.0004859999997,1773.6439685714276,0.82322425,False,False
7ae6904d-8782-4caa-8a1f-a9caf51a24c3,59,1.0501158645276292,left_heel,0.48638108,0.89244086,0.30212826,0.4862069677142855,0.8924208011428567,0.2986420075714284,525.29156,1713.4865,525.103506285714,1713.4479457142847,0.74007934,False,False
7ae6904d-8782-4caa-8a1f-a9caf51a24c3,59,1.0501158645276292,left_hip,0.5533623,0.6532746,0.13200624,0.5536984919999997,0.6526554111428569,0.13434491742857135,597.6313,1254.2872,597.9943685714284,1253.0983428571421,0.9985212,False,False
7ae6904d-8782-4caa-8a1f-a9caf51a24c3,59,1.0501158645276292,left_knee,0.5733505,0.76901567,0.13591006,0.5739221971428569,0.7691642737142852,0.14786099199999994,619.2185,1476.5101,619.8359428571425,1476.7954342857136,0.7532654,False,False
7ae6904d-8782-4caa-8a1f-a9caf51a24c3,59,1.0501158645276292,left_shoulder,0.58100766,0.49237415,0.16128977,0.5807230765714284,0.49241259199999976,0.15990591114285704,627.4883,945.3584,627.1809491428569,945.4322137142854,0.9824212,False,False
7ae6904d-8782-4caa-8a1f-a9caf51a24c3,59,1.0501158645276292,left_wrist,0.5298739,0.6138338,0.30155176,0.514219106285714,0.6285778554285711,0.26990958485714267,572.2638,1178.5609,555.3566382857141,1206.8694571428566,0.29362187,False,True
7ae6904d-8782-4caa-8a1f-a9caf51a24c3,59,1.0501158645276292,nose,0.5689024,0.4316248,-0.24729693,0.5704809228571426,0.43218932028571405,-0.2384758805142856,614.41455,828.7196,616.119364285714,829.8034931428567,0.9987397,False,False
7ae6904d-8782-4caa-8a1f-a9caf51a24c3,59,1.0501158645276292,right_ankle,0.44517127,0.8977603,-0.0973385,0.4449449714285712,0.897100219428571,-0.025819108228571426,480.78497,1723.6997,480.5405625714283,1722.432379999999,0.92610574,False,False
7ae6904d-8782-4caa-8a1f-a9caf51a24c3,59,1.0501158645276292,right_elbow,0.62323767,0.46325198,-0.34292704,0.6247791248571424,0.46224868485714266,-0.3499172748571427,673.0967,889.4438,674.7614685714283,887.5174879999996,0.9664257,False,False
7ae6904d-8782-4caa-8a1f-a9caf51a24c3,59,1.0501158645276292,right_foot_index,0.49685088,0.9487664,-0.31460217,0.49682439771428544,0.9485784619999995,-0.24239523351428563,536.59894,1821.6315,536.5703448571426,1821.2706085714276,0.90319693,False,False
7ae6904d-8782-4caa-8a1f-a9caf51a24c3,59,1.0501158645276292,right_heel,0.42422217,0.91080344,-0.103351414,0.42463063457142836,0.9098642865714281,-0.030580483942857135,458.15994,1748.7426,458.6010831428569,1746.9393857142848,0.78837085,False,False
7ae6904d-8782-4caa-8a1f-a9caf51a24c3,59,1.0501158645276292,right_hip,0.4702144,0.6482222,-0.13229716,0.4707577968571426,0.6478690228571424,-0.13463527737142852,507.83154,1244.5867,508.41843085714265,1243.9085457142853,0.99857146,False,False
7ae6904d-8782-4caa-8a1f-a9caf51a24c3,59,1.0501158645276292,right_knee,0.48420975,0.77147686,-0.13312162,0.48365971714285694,0.7715259931428569,-0.1215126725714285,522.94653,1481.2356,522.3525034285713,1481.3299199999992,0.9667188,False,False
7ae6904d-8782-4caa-8a1f-a9caf51a24c3,59,1.0501158645276292,right_shoulder,0.4990504,0.48195568,-0.22421187,0.5001122654285712,0.48166320914285693,-0.23817353228571417,538.9744,925.3549,540.1212399999997,924.7933608571425,0.9945644,False,False
7ae6904d-8782-4caa-8a1f-a9caf51a24c3,59,1.0501158645276292,right_wrist,0.5993061,0.3989495,-0.22249196,0.6001381585714283,0.39750577228571404,-0.21290622542857132,647.2506,765.98303,648.1492397142854,763.2110831428568,0.9164392,False,False
7ae6904d-8782-4caa-8a1f-a9caf51a24c3,60,1.0679144385026738,left_ankle,0.51943165,0.8727869,0.20353083,0.5203947228571426,0.8732687205714281,0.20260115965714276,560.9862,1675.7509,562.0263171428569,1676.675979999999,0.8066416,False,False
7ae6904d-8782-4caa-8a1f-a9caf51a24c3,60,1.0679144385026738,left_elbow,0.5749313,0.55819666,0.33371213,0.5922277777142855,0.5320527554285712,0.36241067771428553,620.92584,1071.7375,639.6060042857139,1021.5412342857137,0.3240193,False,False
7ae6904d-8782-4caa-8a1f-a9caf51a24c3,60,1.0679144385026738,left_foot_index,0.5719037,0.9217033,0.039093614,0.5710781428571425,0.9221762842857139,0.02768985808571425,617.656,1769.6703,616.7643759999997,1770.5784257142848,0.83098966,False,False
7ae6904d-8782-4caa-8a1f-a9caf51a24c3,60,1.0679144385026738,left_heel,0.49356243,0.88711745,0.20140532,0.4952087391428569,0.887384620571428,0.19368067399999986,533.0474,1703.2655,534.8254177142854,1703.7784914285705,0.7429523,False,False
7ae6904d-8782-4caa-8a1f-a9caf51a24c3,60,1.0679144385026738,left_hip,0.5575193,0.6409035,0.1175245,0.5570688714285712,0.642009784285714,0.11962530485714279,602.12085,1230.5347,601.634392285714,1232.6588114285707,0.9984956,False,False
7ae6904d-8782-4caa-8a1f-a9caf51a24c3,60,1.0679144385026738,left_knee,0.5662373,0.7582973,0.116072595,0.5657149828571426,0.7590909285714282,0.09927310414285709,611.53625,1455.9309,610.972152285714,1457.4546257142852,0.74588645,False,False
7ae6904d-8782-4caa-8a1f-a9caf51a24c3,60,1.0679144385026738,left_shoulder,0.58142,0.48319066,0.20112081,0.5815223557142855,0.48314111199999976,0.20847138685714273,627.9336,927.7261,628.0441405714282,927.6309657142853,0.9805376,False,False
7ae6904d-8782-4caa-8a1f-a9caf51a24c3,60,1.0679144385026738,left_wrist,0.50980407,0.6093979,0.34930485,0.5292797005714284,0.5789900131428569,0.42458675314285693,550.5884,1170.044,571.6220625714283,1111.6608457142852,0.2661582,False,True
7ae6904d-8782-4caa-8a1f-a9caf51a24c3,60,1.0679144385026738,nose,0.5680242,0.4260029,-0.13999991,0.5677679185714283,0.42603066628571407,-0.1627630868857142,613.4661,817.92554,613.1893199999997,817.9788422857138,0.9986089,False,False
7ae6904d-8782-4caa-8a1f-a9caf51a24c3,60,1.0679144385026738,right_ankle,0.44529256,0.88883555,-0.031808265,0.4462106817142855,0.8898946922857138,-0.07262264794285711,480.91595,1706.5642,481.90753142857113,1708.5977542857136,0.93040305,False,False
7ae6904d-8782-4caa-8a1f-a9caf51a24c3,60,1.0679144385026738,right_elbow,0.6125031,0.44996023,-0.37090883,0.613834769142857,0.4485344405714284,-0.37400392485714273,661.50336,863.92365,662.9415608571426,861.1861337142852,0.9674692,False,False
7ae6904d-8782-4caa-8a1f-a9caf51a24c3,60,1.0679144385026738,right_foot_index,0.4965271,0.94671315,-0.2341114,0.4963959725714283,0.9469729534285709,-0.27793489222857126,536.24927,1817.6892,536.1076485714283,1818.1880485714275,0.9089584,False,False
7ae6904d-8782-4caa-8a1f-a9caf51a24c3,60,1.0679144385026738,right_heel,0.43196923,0.9020517,-0.03132354,0.43311359542857125,0.903321069428571,-0.07510467137142854,466.52676,1731.9392,467.76267771428553,1734.376417142856,0.7918273,False,False
7ae6904d-8782-4caa-8a1f-a9caf51a24c3,60,1.0679144385026738,right_hip,0.47387943,0.63542455,-0.117717154,0.473848396285714,0.636682801428571,-0.11982679308571423,511.7898,1220.0151,511.7562591428569,1222.4309999999996,0.9986661,False,False
7ae6904d-8782-4caa-8a1f-a9caf51a24c3,60,1.0679144385026738,right_knee,0.47959775,0.7600208,-0.12218994,0.4801761611428569,0.7612066974285712,-0.12441750085714277,517.9656,1459.2399,518.5902788571427,1461.5168571428565,0.9660117,False,False
7ae6904d-8782-4caa-8a1f-a9caf51a24c3,60,1.0679144385026738,right_shoulder,0.49836543,0.47160548,-0.18678933,0.49827266828571404,0.4719665368571427,-0.18479736042857134,538.2347,905.48254,538.1344999999997,906.1757594285709,0.99491125,False,False
7ae6904d-8782-4caa-8a1f-a9caf51a24c3,60,1.0679144385026738,right_wrist,0.601441,0.38205865,-0.3467102,0.6007378737142854,0.38247015399999984,-0.3586201885142857,649.55634,733.5526,648.7969439999997,734.342690285714,0.92195183,False,False
7ae6904d-8782-4caa-8a1f-a9caf51a24c3,61,1.0857130124777183,left_ankle,0.5303978,0.8681299,0.113598764,0.5294581999999998,0.8669194591428567,0.1380442405142856,572.8296,1666.8094,571.814837142857,1664.485368571428,0.8159338,False,False
7ae6904d-8782-4caa-8a1f-a9caf51a24c3,61,1.0857130124777183,left_elbow,0.6241569,0.45449936,0.4524669,0.6138046294285711,0.4734446051428569,0.40809043371428555,674.0894,872.6388,662.9089819999997,909.0136328571423,0.30200377,False,False
7ae6904d-8782-4caa-8a1f-a9caf51a24c3,61,1.0857130124777183,left_foot_index,0.5730737,0.9189739,-0.048749816,0.574333860285714,0.9181615977142852,-0.017937662771428588,618.91956,1764.4299,620.2805682857139,1762.8702599999992,0.83976346,False,False
7ae6904d-8782-4caa-8a1f-a9caf51a24c3,61,1.0857130124777183,left_heel,0.50820595,0.8807363,0.110929765,0.5064604291428569,0.8799498577142852,0.13881836157142846,548.8624,1691.0137,546.977246285714,1689.503722857142,0.7494278,False,False
7ae6904d-8782-4caa-8a1f-a9caf51a24c3,61,1.0857130124777183,left_hip,0.5588987,0.6334775,0.11994351,0.5588767314285712,0.6322912399999997,0.11812967828571425,603.6106,1216.2769,603.5868794285711,1213.999188571428,0.99850273,False,False
7ae6904d-8782-4caa-8a1f-a9caf51a24c3,61,1.0857130124777183,left_knee,0.5605861,0.75079423,0.05210775,0.5611044228571427,0.7493192568571425,0.0714682551428571,605.433,1441.5249,605.9927794285711,1438.692985714285,0.74881876,False,False
7ae6904d-8782-4caa-8a1f-a9caf51a24c3,61,1.0857130124777183,left_shoulder,0.58179295,0.47454855,0.27588597,0.581800346285714,0.47443775314285686,0.2702531897142856,628.33636,911.13324,628.3443605714283,910.9205142857138,0.98020184,False,False
7ae6904d-8782-4caa-8a1f-a9caf51a24c3,61,1.0857130124777183,left_wrist,0.5754692,0.45923412,0.60464257,0.5688463554285712,0.47290781571428553,0.5015980034285712,621.5067,881.7295,614.3540485714282,907.9830228571425,0.24905916,False,True
7ae6904d-8782-4caa-8a1f-a9caf51a24c3,61,1.0857130124777183,nose,0.56723315,0.42173132,-0.109496884,0.5657036257142853,0.4210387922857141,-0.08069212505714281,612.6118,809.7241,610.9599014285711,808.3944708571424,0.99867666,False,False
7ae6904d-8782-4caa-8a1f-a9caf51a24c3,61,1.0857130124777183,right_ankle,0.45075765,0.8837726,-0.087293394,0.4499057802857141,0.883018001428571,-0.09499937708571424,486.81827,1696.8434,485.8982394285712,1695.3945457142847,0.93460375,False,False
7ae6904d-8782-4caa-8a1f-a9caf51a24c3,61,1.0857130124777183,right_elbow,0.61302394,0.4286772,-0.3518819,0.6125251848571425,0.4299911691428569,-0.3079450262857142,662.06586,823.06024,661.527213428571,825.5830437142854,0.9681951,False,False
7ae6904d-8782-4caa-8a1f-a9caf51a24c3,61,1.0857130124777183,right_foot_index,0.4968512,0.94419277,-0.2965309,0.4968908788571426,0.9439506725714281,-0.30879771742857126,536.5993,1812.8501,536.6421571428568,1812.3852714285704,0.91447,False,False
7ae6904d-8782-4caa-8a1f-a9caf51a24c3,61,1.0857130124777183,right_heel,0.4440029,0.8978107,-0.09156211,0.44181095514285695,0.8971691165714281,-0.09922956228571425,479.52313,1723.7965,477.15582228571407,1722.5646314285705,0.7981495,False,False
7ae6904d-8782-4caa-8a1f-a9caf51a24c3,61,1.0857130124777183,right_hip,0.47740382,0.62891024,-0.12007254,0.4768040257142855,0.6274290825714282,-0.11825624708571422,515.5961,1207.5077,514.9483485714284,1204.6638457142851,0.99873996,False,False
7ae6904d-8782-4caa-8a1f-a9caf51a24c3,61,1.0857130124777183,right_knee,0.47820988,0.7547753,-0.13323088,0.4779070685714283,0.7528420657142855,-0.14798066799999993,516.4667,1449.1686,516.139656285714,1445.456751428571,0.9655698,False,False
7ae6904d-8782-4caa-8a1f-a9caf51a24c3,61,1.0857130124777183,right_shoulder,0.49985006,0.46357912,-0.14546597,0.49945037685714266,0.46332305885714264,-0.13242294405714278,539.8381,890.0719,539.4064394285712,889.5802651428567,0.9951512,False,False
7ae6904d-8782-4caa-8a1f-a9caf51a24c3,61,1.0857130124777183,right_wrist,0.60268575,0.36405307,-0.34011245,0.6028550434285711,0.36310563399999973,-0.24362163843714277,650.90063,698.9819,651.0834739999997,697.1628088571424,0.92735595,False,False
7ae6904d-8782-4caa-8a1f-a9caf51a24c3,62,1.103511586452763,left_ankle,0.53739715,0.8581149,0.17001279,0.5379400514285712,0.8593531919999996,0.15742294765714276,580.3889,1647.5806,580.9752457142855,1649.9581085714276,0.82364535,False,False
7ae6904d-8782-4caa-8a1f-a9caf51a24c3,62,1.103511586452763,left_elbow,0.64346766,0.42404234,0.37854573,0.6463344651428569,0.4243721479999998,0.40684543799999984,694.94507,814.1613,698.0412139999996,814.7945485714281,0.32425714,False,False
7ae6904d-8782-4caa-8a1f-a9caf51a24c3,62,1.103511586452763,left_foot_index,0.579742,0.9113409,0.026543481,0.5793555897142855,0.9118722548571424,0.008382392657142846,626.1214,1749.7745,625.7040399999997,1750.794722857142,0.84811527,False,False
7ae6904d-8782-4caa-8a1f-a9caf51a24c3,62,1.103511586452763,left_heel,0.5150649,0.8707062,0.17374395,0.5160207522857141,0.8716161128571425,0.15809954399999993,556.2701,1671.7559,557.3024085714283,1673.5029371428564,0.7539573,False,False
7ae6904d-8782-4caa-8a1f-a9caf51a24c3,62,1.103511586452763,left_hip,0.5593639,0.62411,0.12080345,0.5597803471428568,0.6256055599999997,0.12114949914285708,604.11304,1198.2911,604.562798285714,1201.1626657142851,0.99860126,False,False
7ae6904d-8782-4caa-8a1f-a9caf51a24c3,62,1.103511586452763,left_knee,0.5588377,0.7404021,0.07804965,0.5585434231428569,0.7426715228571424,0.07250999099999995,603.54474,1421.572,603.2269268571426,1425.9292685714279,0.7513227,False,False
7ae6904d-8782-4caa-8a1f-a9caf51a24c3,62,1.103511586452763,left_shoulder,0.58213073,0.4659357,0.3146417,0.582104244285714,0.4661146337142855,0.30901941628571417,628.7012,894.59656,628.6725919999997,894.9401028571424,0.9816462,False,False
7ae6904d-8782-4caa-8a1f-a9caf51a24c3,62,1.103511586452763,left_wrist,0.62593955,0.36014816,0.4289107,0.6204924731428568,0.37081781428571403,0.5017971219999998,676.0147,691.4845,670.1318337142853,711.9702177142854,0.27268484,False,True
7ae6904d-8782-4caa-8a1f-a9caf51a24c3,62,1.103511586452763,nose,0.5599038,0.4142105,-0.011210429,0.5612191885714282,0.41474636085714267,-0.04121196345714283,604.6961,795.2842,606.1167371428568,796.3130165714282,0.99878174,False,False
7ae6904d-8782-4caa-8a1f-a9caf51a24c3,62,1.103511586452763,right_ankle,0.45511633,0.8773124,-0.17233393,0.4561393419999998,0.8781565442857138,-0.13778903979999996,491.52563,1684.4398,492.6304897142855,1686.0605885714276,0.93938726,False,False
7ae6904d-8782-4caa-8a1f-a9caf51a24c3,62,1.103511586452763,right_elbow,0.614139,0.4150503,-0.16504788,0.6134641474285711,0.4161552317142855,-0.21851904257142846,663.27014,796.89655,662.5412805714282,799.0180479999996,0.9691266,False,False
7ae6904d-8782-4caa-8a1f-a9caf51a24c3,62,1.103511586452763,right_foot_index,0.5001592,0.9391653,-0.4059476,0.5011497742857141,0.9390852968571424,-0.36025119371428554,540.17194,1803.1974,541.2417477142853,1803.043782857142,0.9206698,False,False
7ae6904d-8782-4caa-8a1f-a9caf51a24c3,62,1.103511586452763,right_heel,0.44697377,0.8924166,-0.18161257,0.4489820411428569,0.8928907371428567,-0.1446835428571428,482.73166,1713.4398,484.9006051428569,1714.3501971428564,0.80757785,False,False
7ae6904d-8782-4caa-8a1f-a9caf51a24c3,62,1.103511586452763,right_hip,0.47802716,0.6197164,-0.12088689,0.4786996468571426,0.6214941279999997,-0.12123522822857136,516.26935,1189.8555,516.9956131428569,1193.2687285714278,0.99884576,False,False
7ae6904d-8782-4caa-8a1f-a9caf51a24c3,62,1.103511586452763,right_knee,0.47628954,0.745681,-0.2025884,0.4759554874285712,0.748370870285714,-0.18400034685714278,514.3927,1431.7075,514.0319388571426,1436.8720942857135,0.96674985,False,False
7ae6904d-8782-4caa-8a1f-a9caf51a24c3,62,1.103511586452763,right_shoulder,0.49960768,0.45559976,-0.073858485,0.4996254554285712,0.4557932428571426,-0.09560874848571424,539.5763,874.7515,539.5955094285712,875.1229857142852,0.995553,False,False
7ae6904d-8782-4caa-8a1f-a9caf51a24c3,62,1.103511586452763,right_wrist,0.60704464,0.346116,0.061994996,0.6078966091428568,0.3487421142857141,-0.05228334139428566,655.6082,664.5427,656.5283239999997,669.5848599999997,0.9307431,False,False
7ae6904d-8782-4caa-8a1f-a9caf51a24c3,63,1.1213101604278075,left_ankle,0.5418872,0.85165495,0.20819339,0.5406995514285711,0.850786123428571,0.19987098165714276,585.2382,1635.1775,583.9555079999998,1633.509379999999,0.8295427,False,False
7ae6904d-8782-4caa-8a1f-a9caf51a24c3,63,1.1213101604278075,left_elbow,0.65647423,0.42282778,0.355109,0.6540921922857139,0.41658675657142835,0.3388871205714284,708.9922,811.82935,706.419573142857,799.8465785714283,0.3342236,False,False
7ae6904d-8782-4caa-8a1f-a9caf51a24c3,63,1.1213101604278075,left_foot_index,0.58430403,0.90382016,0.059748475,0.5836120457142854,0.9033225028571423,0.054425139571428555,631.04834,1735.3347,630.3010185714284,1734.379182857142,0.85430324,False,False
7ae6904d-8782-4caa-8a1f-a9caf51a24c3,63,1.1213101604278075,left_heel,0.51925695,0.8636111,0.20752327,0.5177623748571426,0.8629948399999996,0.2013573532857142,560.7975,1658.1333,559.1833628571426,1656.9500657142848,0.75818795,False,False
7ae6904d-8782-4caa-8a1f-a9caf51a24c3,63,1.1213101604278075,left_hip,0.5610346,0.6197541,0.12280587,0.5604919137142854,0.617897002285714,0.1227339951428571,605.9174,1189.9279,605.3313011428569,1186.3622371428564,0.99867076,False,False
7ae6904d-8782-4caa-8a1f-a9caf51a24c3,63,1.1213101604278075,left_knee,0.5573858,0.73822457,0.10205986,0.5571980445714283,0.735611148285714,0.09545981971428567,601.9767,1417.3911,601.7739197142855,1412.3733599999994,0.7508872,False,False
7ae6904d-8782-4caa-8a1f-a9caf51a24c3,63,1.1213101604278075,left_shoulder,0.58235127,0.45813262,0.31216022,0.5822570228571425,0.4578350945714283,0.3197539228571427,628.9394,879.6146,628.8375971428568,879.0433571428567,0.9824676,False,False
7ae6904d-8782-4caa-8a1f-a9caf51a24c3,63,1.1213101604278075,left_wrist,0.6375519,0.34941927,0.38564163,0.6414652705714282,0.34354420971428556,0.32911103399999986,688.556,670.885,692.7824651428568,659.6048748571425,0.28853774,False,True
7ae6904d-8782-4caa-8a1f-a9caf51a24c3,63,1.1213101604278075,nose,0.55725515,0.40692037,-0.036618643,0.5566564057142854,0.40646939199999976,-0.01830493634285712,601.8356,781.2871,601.1889397142854,780.4212571428568,0.998852,False,False
7ae6904d-8782-4caa-8a1f-a9caf51a24c3,63,1.1213101604278075,right_ankle,0.46185687,0.87299955,-0.10556678,0.4605228368571426,0.8718948299999996,-0.13628686708571425,498.80542,1676.1592,497.3646648571426,1674.0381142857136,0.9430617,False,False
7ae6904d-8782-4caa-8a1f-a9caf51a24c3,63,1.1213101604278075,right_elbow,0.6110059,0.4093973,-0.20220526,0.6107371959999996,0.40847995314285696,-0.18055195771428562,659.88635,786.04285,659.5961728571425,784.2815174285711,0.9693719,False,False
7ae6904d-8782-4caa-8a1f-a9caf51a24c3,63,1.1213101604278075,right_foot_index,0.5083242,0.93241525,-0.32333556,0.507015874285714,0.9325592011428567,-0.3644836294285713,548.9901,1790.2373,547.5771265714282,1790.513702857142,0.9252306,False,False
7ae6904d-8782-4caa-8a1f-a9caf51a24c3,63,1.1213101604278075,right_heel,0.45310512,0.8876907,-0.109566756,0.451137125142857,0.8869801662857139,-0.14260878514285708,489.35355,1704.3662,487.22810571428545,1703.0018942857134,0.81449234,False,False
7ae6904d-8782-4caa-8a1f-a9caf51a24c3,63,1.1213101604278075,right_hip,0.47998664,0.61616033,-0.12287386,0.47943305599999975,0.6139944979999996,-0.12280079971428565,518.38556,1183.0278,517.7877045714283,1178.8694485714282,0.9989352,False,False
7ae6904d-8782-4caa-8a1f-a9caf51a24c3,63,1.1213101604278075,right_knee,0.47361293,0.74523294,-0.1945256,0.4742611031428569,0.7421224045714283,-0.2035529162857142,511.50198,1430.8473,512.2019905714283,1424.875019999999,0.96668863,False,False
7ae6904d-8782-4caa-8a1f-a9caf51a24c3,63,1.1213101604278075,right_shoulder,0.49840465,0.44837794,-0.097752206,0.4983987579999997,0.44787427685714265,-0.08183018582857138,538.27704,860.8856,538.2706679999998,859.918583428571,0.9958765,False,False
7ae6904d-8782-4caa-8a1f-a9caf51a24c3,63,1.1213101604278075,right_wrist,0.61654687,0.3404841,-0.0014202909,0.6157725348571426,0.3398391437142856,0.04042536213428575,665.8706,653.7295,665.0343345714282,652.4911711428568,0.9335767,False,False
7ae6904d-8782-4caa-8a1f-a9caf51a24c3,64,1.139108734402852,left_ankle,0.5389916,0.84321636,0.21044254,0.5398783528571427,0.8442730037142854,0.21724695571428562,582.1109,1618.9755,583.0686311428569,1621.004228571428,0.8322245,False,False
7ae6904d-8782-4caa-8a1f-a9caf51a24c3,64,1.139108734402852,left_elbow,0.6533412,0.4030101,0.29515383,0.6551610908571426,0.40524080314285693,0.30921028971428555,705.60846,773.7794,707.5739751428569,778.062359428571,0.35359785,False,False
7ae6904d-8782-4caa-8a1f-a9caf51a24c3,64,1.139108734402852,left_foot_index,0.58366334,0.8952284,0.0575195,0.5841003568571426,0.8962126057142852,0.0611421233428571,630.3564,1718.8385,630.8283702857141,1720.7281914285707,0.8584596,False,False
7ae6904d-8782-4caa-8a1f-a9caf51a24c3,64,1.139108734402852,left_heel,0.51474816,0.8554193,0.21246119,0.5158928117142855,0.8560047585714281,0.2185973702857142,555.928,1642.405,557.1642288571426,1643.5290999999988,0.76284045,False,False
7ae6904d-8782-4caa-8a1f-a9caf51a24c3,64,1.139108734402852,left_hip,0.56117195,0.6099147,0.12461508,0.5618648865714283,0.6114971537142855,0.12424458428571422,606.06573,1171.0363,606.8140945714283,1174.0746142857136,0.99875325,False,False
7ae6904d-8782-4caa-8a1f-a9caf51a24c3,64,1.139108734402852,left_knee,0.55605733,0.7288887,0.0969293,0.556745240285714,0.7312524222857139,0.10001042257142852,600.54193,1399.4663,601.2848654285712,1404.004622857142,0.7482875,False,False
7ae6904d-8782-4caa-8a1f-a9caf51a24c3,64,1.139108734402852,left_shoulder,0.5826815,0.44983226,0.32880706,0.5829646828571425,0.44984020999999974,0.32578958971428557,629.296,863.6779,629.6018594285712,863.6931725714281,0.9832961,False,False
7ae6904d-8782-4caa-8a1f-a9caf51a24c3,64,1.139108734402852,left_wrist,0.65019226,0.3398474,0.18802616,0.6491985434285711,0.33544395371428554,0.24060343485714272,702.20764,652.50696,701.1344079999997,644.0523839999997,0.3173542,False,False
7ae6904d-8782-4caa-8a1f-a9caf51a24c3,64,1.139108734402852,nose,0.55516,0.39708915,-0.027181722,0.5557701571428569,0.3963959622857141,-0.03765684149999999,599.5728,762.4112,600.2317611428568,761.0802499999996,0.99893135,False,False
7ae6904d-8782-4caa-8a1f-a9caf51a24c3,64,1.139108734402852,right_ankle,0.4625324,0.8645303,-0.10865257,0.46333650199999976,0.8653296371428567,-0.08012401719999995,499.535,1659.8982,500.4034237142855,1661.432922857142,0.9464316,False,False
7ae6904d-8782-4caa-8a1f-a9caf51a24c3,64,1.139108734402852,right_elbow,0.60665554,0.3991451,-0.2313223,0.6084910737142855,0.3976242371428569,-0.22384378342857128,655.188,766.3586,657.170362285714,763.4385551428568,0.97079533,False,False
7ae6904d-8782-4caa-8a1f-a9caf51a24c3,64,1.139108734402852,right_foot_index,0.5116626,0.9256605,-0.34279358,0.5122788171428567,0.9258490422857139,-0.30676227371428555,552.5956,1777.2682,553.2611045714283,1777.6301714285705,0.9293592,False,False
7ae6904d-8782-4caa-8a1f-a9caf51a24c3,64,1.139108734402852,right_heel,0.4511904,0.8799227,-0.114355154,0.45265545171428545,0.8804565405714281,-0.08473812028571423,487.28564,1689.4515,488.86789228571405,1690.4765485714277,0.821289,False,False
7ae6904d-8782-4caa-8a1f-a9caf51a24c3,64,1.139108734402852,right_hip,0.47967377,0.60581917,-0.12468316,0.4799660119999998,0.607662716285714,-0.12431742485714278,518.04767,1163.1729,518.3632794285712,1166.7124628571423,0.99902266,False,False
7ae6904d-8782-4caa-8a1f-a9caf51a24c3,64,1.139108734402852,right_knee,0.47385353,0.73454434,-0.1901662,0.47326210657142836,0.7369495411428567,-0.17968783257142848,511.7618,1410.3251,511.12307771428544,1414.9431371428564,0.96695566,False,False
7ae6904d-8782-4caa-8a1f-a9caf51a24c3,64,1.139108734402852,right_shoulder,0.49679995,0.4403669,-0.08917939,0.4969462865714283,0.4409585805714284,-0.09601655739999997,536.54395,845.50446,536.7019951428568,846.6404605714282,0.996203,False,False
7ae6904d-8782-4caa-8a1f-a9caf51a24c3,64,1.139108734402852,right_wrist,0.623282,0.32875603,-0.05814347,0.6235705005714283,0.3240711142857141,-0.03535670802285709,673.1446,631.2116,673.4561628571425,622.2165611428568,0.9377719,False,False
7ae6904d-8782-4caa-8a1f-a9caf51a24c3,65,1.156907308377897,left_ankle,0.5376899,0.83740175,0.25615698,0.5375622491428569,0.8357522651428566,0.26486564828571413,580.70514,1607.8114,580.5672497142855,1604.6443857142847,0.8314924,False,False
7ae6904d-8782-4caa-8a1f-a9caf51a24c3,65,1.156907308377897,left_elbow,0.6520236,0.38955566,0.3009326,0.6514096002857139,0.3897701154285712,0.2955911137142856,704.1855,747.9469,703.5223611428569,748.3586465714282,0.3629642,False,False
7ae6904d-8782-4caa-8a1f-a9caf51a24c3,65,1.156907308377897,left_foot_index,0.58279663,0.89018834,0.08861647,0.5828977522857139,0.8890721385714282,0.10123380099999994,629.42035,1709.1616,629.5295688571425,1707.018459999999,0.85943353,False,False
7ae6904d-8782-4caa-8a1f-a9caf51a24c3,65,1.156907308377897,left_heel,0.5129413,0.8492888,0.26068687,0.5128591488571427,0.8486006342857138,0.26952659028571413,553.9766,1630.6345,553.8878702857139,1629.3132314285706,0.76607937,False,False
7ae6904d-8782-4caa-8a1f-a9caf51a24c3,65,1.156907308377897,left_hip,0.56336844,0.60576284,0.12573393,0.562780588285714,0.6049396708571426,0.12623340342857137,608.4379,1163.0647,607.8030237142855,1161.484188571428,0.9988188,False,False
7ae6904d-8782-4caa-8a1f-a9caf51a24c3,65,1.156907308377897,left_knee,0.5568697,0.72751147,0.11244936,0.5555384731428569,0.7261000137142855,0.12042574885714277,601.41925,1396.822,599.9815488571426,1394.1119971428566,0.7418866,False,False
7ae6904d-8782-4caa-8a1f-a9caf51a24c3,65,1.156907308377897,left_shoulder,0.5844479,0.4431987,0.33635455,0.5842205625714283,0.44400478714285696,0.34019140257142844,631.20374,850.9415,630.9582037142854,852.489174285714,0.9835321,False,False
7ae6904d-8782-4caa-8a1f-a9caf51a24c3,65,1.156907308377897,left_wrist,0.65809065,0.31277487,0.20877871,0.6580446291428568,0.31642147542857124,0.18358816514285703,710.7379,600.5278,710.6882079999996,607.5292325714283,0.34000766,False,False
7ae6904d-8782-4caa-8a1f-a9caf51a24c3,65,1.156907308377897,nose,0.5564765,0.38720647,-0.038019773,0.5559881728571425,0.3896154794285712,-0.02029739497142856,600.99457,743.4364,600.4672197142854,748.0617142857138,0.9989845,False,False
7ae6904d-8782-4caa-8a1f-a9caf51a24c3,65,1.156907308377897,right_ankle,0.46425977,0.8584893,-0.04485091,0.4640468557142855,0.8581364614285709,-0.08045442314285711,501.40054,1648.2994,501.17059771428546,1647.6219657142851,0.9494155,False,False
7ae6904d-8782-4caa-8a1f-a9caf51a24c3,65,1.156907308377897,right_elbow,0.6072537,0.38242298,-0.27298912,0.6044414708571425,0.3849783199999998,-0.29442178171428557,655.834,734.25214,652.7967871428568,739.1584008571426,0.97200286,False,False
7ae6904d-8782-4caa-8a1f-a9caf51a24c3,65,1.156907308377897,right_foot_index,0.5157546,0.9189395,-0.27835965,0.5156225785714283,0.9181864965714281,-0.32217155228571415,557.01495,1764.3638,556.8723582857141,1762.918065714285,0.93258834,False,False
7ae6904d-8782-4caa-8a1f-a9caf51a24c3,65,1.156907308377897,right_heel,0.452983,0.87369186,-0.04941791,0.45251474628571403,0.8734387491428567,-0.08549495771428567,489.22162,1677.4884,488.71592028571405,1677.002382857142,0.8279339,False,False
7ae6904d-8782-4caa-8a1f-a9caf51a24c3,65,1.156907308377897,right_hip,0.47993854,0.6015381,-0.12581687,0.4799527651428569,0.6005146448571426,-0.1263026925714285,518.3336,1154.9532,518.3489737142855,1152.9881742857137,0.9990941,False,False
7ae6904d-8782-4caa-8a1f-a9caf51a24c3,65,1.156907308377897,right_knee,0.4731228,0.731018,-0.16531523,0.47361041571428547,0.7298055868571425,-0.18563543771428562,510.97263,1403.5546,511.49924485714257,1401.2267371428566,0.9668503,False,False
7ae6904d-8782-4caa-8a1f-a9caf51a24c3,65,1.156907308377897,right_shoulder,0.4954213,0.43589595,-0.105929196,0.4951561728571426,0.43606041257142836,-0.10061177639999995,535.055,836.9202,534.7686679999997,837.2359885714282,0.9964186,False,False
7ae6904d-8782-4caa-8a1f-a9caf51a24c3,65,1.156907308377897,right_wrist,0.6283735,0.30005494,-0.124158986,0.6270892368571426,0.30692361399999984,-0.18565566826571417,678.6434,576.10547,677.2563919999997,589.2933191428567,0.94168615,False,False
7ae6904d-8782-4caa-8a1f-a9caf51a24c3,66,1.1747058823529413,left_ankle,0.5366162,0.82648623,0.3453486,0.5366409834285711,0.8284366465714282,0.3342773905714284,579.54553,1586.8535,579.5723079999998,1590.5983057142848,0.8301279,False,False
7ae6904d-8782-4caa-8a1f-a9caf51a24c3,66,1.1747058823529413,left_elbow,0.6492444,0.38140595,0.31070566,0.6498295114285711,0.38056086542857126,0.3109668854285713,701.18396,732.29944,701.8158868571425,730.6768702857139,0.3603451,False,False
7ae6904d-8782-4caa-8a1f-a9caf51a24c3,66,1.1747058823529413,left_foot_index,0.58158207,0.8818403,0.17953536,0.5813169711428569,0.8828280337142853,0.16515513342857135,628.10864,1693.1333,627.8223199999996,1695.029805714285,0.8585455,False,False
7ae6904d-8782-4caa-8a1f-a9caf51a24c3,66,1.1747058823529413,left_heel,0.51188487,0.84154725,0.3527407,0.511714060285714,0.8423358385714281,0.3418476974285713,552.83563,1615.7708,552.6511488571426,1617.2848399999993,0.7694783,False,False
7ae6904d-8782-4caa-8a1f-a9caf51a24c3,66,1.1747058823529413,left_hip,0.5631323,0.6000076,0.12998772,0.5633283054285712,0.6003148051428568,0.12993743228571425,608.18286,1152.0145,608.3945545714282,1152.604368571428,0.9988777,False,False
7ae6904d-8782-4caa-8a1f-a9caf51a24c3,66,1.1747058823529413,left_knee,0.5538147,0.7216331,0.162465,0.5551698745714284,0.7220823611428568,0.15071926714285708,598.1199,1385.5355,599.5834637142854,1386.3981199999994,0.7401273,False,False
7ae6904d-8782-4caa-8a1f-a9caf51a24c3,66,1.1747058823529413,left_shoulder,0.58567315,0.44030327,0.34177884,0.5858643819999998,0.4392316237142855,0.33230576999999983,632.527,845.38226,632.733529428571,843.3247057142853,0.98387223,False,False
7ae6904d-8782-4caa-8a1f-a9caf51a24c3,66,1.1747058823529413,left_wrist,0.66707045,0.30091754,0.20721216,0.670002473428571,0.2990453325714284,0.21635878628571417,720.4361,577.76166,723.6026737142854,574.167058285714,0.35970554,False,False
7ae6904d-8782-4caa-8a1f-a9caf51a24c3,66,1.1747058823529413,nose,0.5569443,0.38784915,-0.0020431755,0.5570062799999997,0.3857213528571427,-0.02582699849999998,601.4999,744.67035,601.5667811428568,740.5849799999996,0.99900097,False,False
7ae6904d-8782-4caa-8a1f-a9caf51a24c3,66,1.1747058823529413,right_ankle,0.46477464,0.8521356,-0.110254526,0.46469818285714265,0.852411891428571,-0.07681888657142852,501.9566,1636.1003,501.874026285714,1636.6307771428565,0.9523917,False,False
7ae6904d-8782-4caa-8a1f-a9caf51a24c3,66,1.1747058823529413,right_elbow,0.5975516,0.37510362,-0.4350452,0.5995140114285711,0.37268890542857125,-0.4339905782857141,645.3557,720.199,647.4751262857139,715.5627279999997,0.9726792,False,False
7ae6904d-8782-4caa-8a1f-a9caf51a24c3,66,1.1747058823529413,right_foot_index,0.5189912,0.91009104,-0.364437,0.5190888971428569,0.9114209408571424,-0.3201780702857141,560.51044,1747.3748,560.6159697142855,1749.9281942857133,0.9359557,False,False
7ae6904d-8782-4caa-8a1f-a9caf51a24c3,66,1.1747058823529413,right_heel,0.45314404,0.8673493,-0.11372723,0.4529991228571426,0.8676178677142852,-0.07914884737142852,489.39557,1665.3107,489.2390471428569,1665.8263828571419,0.8362961,False,False
7ae6904d-8782-4caa-8a1f-a9caf51a24c3,66,1.1747058823529413,right_hip,0.48022145,0.59465426,-0.13004398,0.4800747028571426,0.5948991259999996,-0.13001728514285707,518.63916,1141.7362,518.4806674285712,1142.2063771428566,0.9991659,False,False
7ae6904d-8782-4caa-8a1f-a9caf51a24c3,66,1.1747058823529413,right_knee,0.47443214,0.72399604,-0.21802534,0.47414842399999974,0.7243491528571424,-0.19749051999999992,512.3867,1390.0724,512.0802859999998,1390.750365714285,0.9672749,False,False
7ae6904d-8782-4caa-8a1f-a9caf51a24c3,66,1.1747058823529413,right_shoulder,0.49318916,0.43239146,-0.12602383,0.4933153254285712,0.4317063019999998,-0.1355284234857142,532.6443,830.1916,532.7805471428569,828.8760828571425,0.99662375,False,False
7ae6904d-8782-4caa-8a1f-a9caf51a24c3,66,1.1747058823529413,right_wrist,0.629579,0.29816133,-0.48129684,0.6317446828571425,0.2932513628571427,-0.45382966234285693,679.9453,572.4697,682.2842577142853,563.0425805714283,0.94477046,False,False
7ae6904d-8782-4caa-8a1f-a9caf51a24c3,67,1.1925044563279856,left_ankle,0.53589386,0.8219889,0.37642816,0.5358641848571426,0.8201921931428566,0.37745722171428553,578.7654,1578.2186,578.7333394285711,1574.7689514285707,0.8328679,False,False
7ae6904d-8782-4caa-8a1f-a9caf51a24c3,67,1.1925044563279856,left_elbow,0.6488899,0.37500048,0.3250507,0.6484955285714282,0.37674143999999987,0.32488016457142843,700.8011,720.0009,700.3751745714283,723.3435659999996,0.35971856,False,False
7ae6904d-8782-4caa-8a1f-a9caf51a24c3,67,1.1925044563279856,left_foot_index,0.57871807,0.87634695,0.20956995,0.5787153159999997,0.875440329428571,0.21496055399999991,625.0155,1682.5862,625.0125445714283,1680.8454371428563,0.85945684,False,False
7ae6904d-8782-4caa-8a1f-a9caf51a24c3,67,1.1925044563279856,left_heel,0.5105858,0.8365509,0.386033,0.5107031711428569,0.8357902405714281,0.386385715142857,551.4326,1606.1777,551.5593851428569,1604.7172914285707,0.77674246,False,False
7ae6904d-8782-4caa-8a1f-a9caf51a24c3,67,1.1925044563279856,left_hip,0.56283003,0.5949617,0.13537456,0.5628463397142854,0.5945779365714283,0.13503326885714279,607.85645,1142.3264,607.8740591428568,1141.5895742857138,0.99891984,False,False
7ae6904d-8782-4caa-8a1f-a9caf51a24c3,67,1.1925044563279856,left_knee,0.5564151,0.7152608,0.16776331,0.5558851628571426,0.7145398991428569,0.1759065588571428,600.9283,1373.3008,600.3559848571425,1371.9166257142851,0.74439275,False,False
7ae6904d-8782-4caa-8a1f-a9caf51a24c3,67,1.1925044563279856,left_shoulder,0.5870322,0.43381295,0.3072928,0.5867726039999996,0.43427847885714266,0.31622008942857127,633.99475,832.92084,633.7143922857139,833.8146471428568,0.9836214,False,False
7ae6904d-8782-4caa-8a1f-a9caf51a24c3,67,1.1925044563279856,left_wrist,0.68349195,0.29444754,0.23652908,0.6784493914285711,0.298063637142857,0.2295071059999999,738.1713,565.3393,732.7253485714282,572.282186285714,0.38447073,False,False
7ae6904d-8782-4caa-8a1f-a9caf51a24c3,67,1.1925044563279856,nose,0.5580002,0.3814889,-0.058923386,0.558322314285714,0.38188307514285696,-0.045627248599999976,602.6402,732.4587,602.9881382857141,733.215514285714,0.99895316,False,False
7ae6904d-8782-4caa-8a1f-a9caf51a24c3,67,1.1925044563279856,right_ankle,0.46429667,0.8468447,-0.085581824,0.46426524714285694,0.8466394485714281,-0.11365124257142853,501.4404,1625.9418,501.4064605714283,1625.5477199999991,0.9557641,False,False
7ae6904d-8782-4caa-8a1f-a9caf51a24c3,67,1.1925044563279856,right_elbow,0.5951098,0.3632474,-0.5752823,0.5947590314285711,0.3653598765714284,-0.5558138325714284,642.7186,697.435,642.3397428571426,701.4909665714282,0.9740437,False,False
7ae6904d-8782-4caa-8a1f-a9caf51a24c3,67,1.1925044563279856,right_foot_index,0.52130365,0.90573895,-0.32429,0.5207900757142855,0.9043075814285709,-0.3631069168571427,563.00793,1739.0188,562.4532668571426,1736.270585714285,0.9397766,False,False
7ae6904d-8782-4caa-8a1f-a9caf51a24c3,67,1.1925044563279856,right_heel,0.4517976,0.8621991,-0.08535643,0.45193116514285697,0.8620165602857138,-0.11555033028571424,487.9414,1655.4224,488.0856519999998,1655.0718885714277,0.84597677,False,False
7ae6904d-8782-4caa-8a1f-a9caf51a24c3,67,1.1925044563279856,right_hip,0.47979704,0.5884451,-0.13546555,0.4798928899999998,0.5884326577142855,-0.1351014451428571,518.1808,1129.8147,518.2843179999998,1129.7907599999994,0.9992264,False,False
7ae6904d-8782-4caa-8a1f-a9caf51a24c3,67,1.1925044563279856,right_knee,0.4751041,0.7169654,-0.20928009,0.4751763588571426,0.7164950548571425,-0.22430492742857133,513.1124,1376.5735,513.1904488571427,1375.6704742857137,0.9680373,False,False
7ae6904d-8782-4caa-8a1f-a9caf51a24c3,67,1.1925044563279856,right_shoulder,0.49211714,0.42536107,-0.18952206,0.4923555525714284,0.4254954468571427,-0.18468293605714275,531.4865,816.69324,531.7440028571426,816.9512537142853,0.99679226,False,False
7ae6904d-8782-4caa-8a1f-a9caf51a24c3,67,1.1925044563279856,right_wrist,0.6396392,0.28672117,-0.69392574,0.6383175799999996,0.28924250971428556,-0.6708991280571426,690.81036,550.50464,689.3830011428568,555.3456019999998,0.94882685,False,False
7ae6904d-8782-4caa-8a1f-a9caf51a24c3,68,1.2103030303030302,left_ankle,0.5353571,0.812674,0.37697053,0.5354185305714283,0.814158937428571,0.3770859185714284,578.18567,1560.3341,578.252034285714,1563.1851371428565,0.83524805,False,False
7ae6904d-8782-4caa-8a1f-a9caf51a24c3,68,1.2103030303030302,left_elbow,0.6480201,0.37663808,0.34149778,0.648331468285714,0.37479180371428555,0.34279136714285696,699.8617,723.14514,700.1979759999997,719.6002645714282,0.35166162,False,False
7ae6904d-8782-4caa-8a1f-a9caf51a24c3,68,1.2103030303030302,left_foot_index,0.57599586,0.8683474,0.22578333,0.5762587414285711,0.8689904542857139,0.22155302742857133,622.07556,1667.227,622.3594611428568,1668.4616714285708,0.8613527,False,False
7ae6904d-8782-4caa-8a1f-a9caf51a24c3,68,1.2103030303030302,left_heel,0.5100438,0.8294558,0.38505912,0.5100694568571426,0.8300877362857139,0.3857405168571426,550.8473,1592.5552,550.8749865714283,1593.7684942857134,0.7844479,False,False
7ae6904d-8782-4caa-8a1f-a9caf51a24c3,68,1.2103030303030302,left_hip,0.5625414,0.5893538,0.14047925,0.5625099102857141,0.5900616328571426,0.1413464985714285,607.54474,1131.5593,607.510723428571,1132.9183171428565,0.9989475,False,False
7ae6904d-8782-4caa-8a1f-a9caf51a24c3,68,1.2103030303030302,left_knee,0.5583833,0.7071604,0.18616493,0.5583620308571425,0.7086342279999996,0.18042339885714276,603.05396,1357.748,603.0309705714283,1360.5777799999992,0.7459641,False,False
7ae6904d-8782-4caa-8a1f-a9caf51a24c3,68,1.2103030303030302,left_shoulder,0.58696896,0.42889726,0.30562845,0.587233894285714,0.429018620285714,0.30312801942857126,633.92645,823.4827,634.212570285714,823.715731428571,0.98381746,False,False
7ae6904d-8782-4caa-8a1f-a9caf51a24c3,68,1.2103030303030302,left_wrist,0.6795085,0.30537942,0.2432214,0.6836608985714281,0.3017652359999999,0.24741709542857132,733.8692,586.3285,738.3537885714281,579.3892839999996,0.40335703,False,False
7ae6904d-8782-4caa-8a1f-a9caf51a24c3,68,1.2103030303030302,nose,0.5603579,0.37542173,-0.070853926,0.5599889299999997,0.37596925314285695,-0.06926156907142854,605.1866,720.80975,604.7880714285711,721.8609885714282,0.9989245,False,False
7ae6904d-8782-4caa-8a1f-a9caf51a24c3,68,1.2103030303030302,right_ankle,0.46393752,0.8407687,-0.14163367,0.4642745288571426,0.8407692177142854,-0.12043823114285708,501.05252,1614.2759,501.4164954285712,1614.2768771428564,0.9591079,False,False
7ae6904d-8782-4caa-8a1f-a9caf51a24c3,68,1.2103030303030302,right_elbow,0.59459406,0.36108637,-0.5637961,0.5944620428571427,0.36025733971428553,-0.5637910574285712,642.16156,693.2858,642.0190051428568,691.6940599999996,0.97552216,False,False
7ae6904d-8782-4caa-8a1f-a9caf51a24c3,68,1.2103030303030302,right_foot_index,0.5214834,0.89699155,-0.3975372,0.5223364679999998,0.8981274528571425,-0.3695099794285713,563.2021,1722.2238,564.1234068571425,1724.4046885714276,0.94375384,False,False
7ae6904d-8782-4caa-8a1f-a9caf51a24c3,68,1.2103030303030302,right_heel,0.45075846,0.85641205,-0.14579329,0.45079788857142833,0.856424785428571,-0.12270593114285708,486.81912,1644.3112,486.8617122857141,1644.3356799999992,0.8568811,False,False
7ae6904d-8782-4caa-8a1f-a9caf51a24c3,68,1.2103030303030302,right_hip,0.4796519,0.5833313,-0.14049408,0.4796317048571426,0.5836307719999998,-0.14136449571428564,518.02405,1119.9961,518.0022408571426,1120.5711142857137,0.99927956,False,False
7ae6904d-8782-4caa-8a1f-a9caf51a24c3,68,1.2103030303030302,right_knee,0.47577125,0.70929337,-0.23963594,0.4757791717142854,0.7102239219999997,-0.23048457885714277,513.83295,1361.8433,513.8414999999997,1363.629945714285,0.9694753,False,False
7ae6904d-8782-4caa-8a1f-a9caf51a24c3,68,1.2103030303030302,right_shoulder,0.49274692,0.41830593,-0.22559573,0.4925037451428569,0.4186487322857141,-0.22005283314285703,532.1667,803.1474,531.904054285714,803.805579428571,0.9969875,False,False
7ae6904d-8782-4caa-8a1f-a9caf51a24c3,68,1.2103030303030302,right_wrist,0.6460285,0.28666338,-0.6468648,0.646358474285714,0.28696006885714276,-0.6396666154285711,697.7108,550.3937,698.067155428571,550.9633399999998,0.95254946,False,False
7ae6904d-8782-4caa-8a1f-a9caf51a24c3,69,1.2281016042780748,left_ankle,0.53518635,0.80826735,0.36254486,0.5351063519999998,0.8063177099999996,0.36874336399999985,578.0013,1551.8733,577.914886285714,1548.1300285714278,0.8390453,False,False
7ae6904d-8782-4caa-8a1f-a9caf51a24c3,69,1.2281016042780748,left_elbow,0.648296,0.37230638,0.35956654,0.6484070497142853,0.37249958771428554,0.3487148079999998,700.15967,714.82825,700.2796254285711,715.1992299999996,0.35150695,False,False
7ae6904d-8782-4caa-8a1f-a9caf51a24c3,69,1.2281016042780748,left_foot_index,0.5752388,0.863058,0.21234821,0.5751932488571426,0.8621911637142853,0.22160489771428565,621.25793,1657.0713,621.2087274285711,1655.407002857142,0.86534005,False,False
7ae6904d-8782-4caa-8a1f-a9caf51a24c3,69,1.2281016042780748,left_heel,0.50988925,0.82429236,0.3701994,0.5097945871428569,0.8230093722857137,0.37640756657142843,550.68036,1582.6414,550.5781191428568,1580.178039999999,0.7936872,False,False
7ae6904d-8782-4caa-8a1f-a9caf51a24c3,69,1.2281016042780748,left_hip,0.5621559,0.5863898,0.14786832,0.5623106288571426,0.5852854948571425,0.14628813514285707,607.12836,1125.8684,607.2954668571426,1123.748145714285,0.99898916,False,False
7ae6904d-8782-4caa-8a1f-a9caf51a24c3,69,1.2281016042780748,left_knee,0.5596143,0.70450824,0.18048593,0.5595737022857139,0.702459039428571,0.18608270171428562,604.3834,1352.6559,604.3395819999997,1348.7214257142848,0.7489125,False,False
7ae6904d-8782-4caa-8a1f-a9caf51a24c3,69,1.2281016042780748,left_shoulder,0.58695596,0.42529455,0.3053661,0.5868932257142855,0.4248117034285712,0.30035714571428557,633.9124,816.56555,633.8446617142855,815.6384642857139,0.98450714,False,False
7ae6904d-8782-4caa-8a1f-a9caf51a24c3,69,1.2281016042780748,left_wrist,0.6861033,0.30353993,0.25570408,0.6843393728571424,0.30366645199999986,0.24126273485714272,740.9916,582.7967,739.0865485714282,583.0395954285711,0.42817214,False,False
7ae6904d-8782-4caa-8a1f-a9caf51a24c3,69,1.2281016042780748,nose,0.5609731,0.37234494,-0.05514992,0.5608887571428569,0.3715007185714284,-0.06242097367485712,605.85095,714.9023,605.7598699999996,713.2814034285711,0.9989247,False,False
7ae6904d-8782-4caa-8a1f-a9caf51a24c3,69,1.2281016042780748,right_ankle,0.46517545,0.8344543,-0.12173438,0.4649085365714284,0.8341506991428569,-0.13455750251428567,502.3895,1602.1522,502.1012239999998,1601.5692999999992,0.96224374,False,False
7ae6904d-8782-4caa-8a1f-a9caf51a24c3,69,1.2281016042780748,right_elbow,0.59476244,0.35820702,-0.4978144,0.5952131308571426,0.3574297739999998,-0.5098881159999997,642.34344,687.75745,642.8301694285711,686.2651445714282,0.97716165,False,False
7ae6904d-8782-4caa-8a1f-a9caf51a24c3,69,1.2281016042780748,right_foot_index,0.5243136,0.89165646,-0.37093312,0.5236020291428569,0.8903163162857138,-0.38627741371428553,566.2587,1711.9803,565.4901959999997,1709.4072942857133,0.94763374,False,False
7ae6904d-8782-4caa-8a1f-a9caf51a24c3,69,1.2281016042780748,right_heel,0.45028314,0.85028857,-0.12426342,0.45031241228571406,0.8498150739999997,-0.13823279914285708,486.3058,1632.5541,486.3374011428569,1631.6449542857135,0.8671281,False,False
7ae6904d-8782-4caa-8a1f-a9caf51a24c3,69,1.2281016042780748,right_hip,0.47965437,0.5798787,-0.14778996,0.47967448542857116,0.5791903457142854,-0.14621624914285708,518.02673,1113.3671,518.0484577142855,1112.045471428571,0.9993282,False,False
7ae6904d-8782-4caa-8a1f-a9caf51a24c3,69,1.2281016042780748,right_knee,0.47622314,0.7058346,-0.23435958,0.47615133971428547,0.7048009045714283,-0.23793637799999992,514.321,1355.2025,514.243454285714,1353.2177857142851,0.97102654,False,False
7ae6904d-8782-4caa-8a1f-a9caf51a24c3,69,1.2281016042780748,right_shoulder,0.4928387,0.41315946,-0.21987313,0.49288187428571406,0.4126852645714284,-0.22521846228571418,532.2658,793.2662,532.3124371428569,792.3557368571425,0.9972003,False,False
7ae6904d-8782-4caa-8a1f-a9caf51a24c3,69,1.2281016042780748,right_wrist,0.6516402,0.28950125,-0.49357694,0.6520422771428568,0.2869205557142856,-0.5334327919999997,703.77136,555.8424,704.2056211428567,550.8874671428568,0.95598006,False,False
7ae6904d-8782-4caa-8a1f-a9caf51a24c3,70,1.2459001782531194,left_ankle,0.53484535,0.8011705,0.3473741,0.5349063785714283,0.8042467599999996,0.32812375914285696,577.633,1538.2474,577.6989134285711,1544.153782857142,0.84277475,False,False
7ae6904d-8782-4caa-8a1f-a9caf51a24c3,70,1.2459001782531194,left_elbow,0.64774597,0.3695329,0.36368477,0.646660465428571,0.37095000742857126,0.394365655142857,699.5657,709.5032,698.3933154285711,712.2240285714282,0.34715968,False,False
7ae6904d-8782-4caa-8a1f-a9caf51a24c3,70,1.2459001782531194,left_foot_index,0.5752033,0.8581928,0.20279083,0.5751040377142855,0.8600615137142853,0.17877921485714277,621.21954,1647.7302,621.1123474285712,1651.318105714285,0.86952823,False,False
7ae6904d-8782-4caa-8a1f-a9caf51a24c3,70,1.2459001782531194,left_heel,0.5094532,0.8177184,0.35388455,0.5095442577142855,0.8201501365714281,0.33386254657142844,550.2094,1570.0193,550.3077811428568,1574.688285714285,0.8027755,False,False
7ae6904d-8782-4caa-8a1f-a9caf51a24c3,70,1.2459001782531194,left_hip,0.5619304,0.58101755,0.1499904,0.5615286057142855,0.582013242285714,0.15228137999999994,606.8848,1115.5537,606.4508868571426,1117.4654457142851,0.9990319,False,False
7ae6904d-8782-4caa-8a1f-a9caf51a24c3,70,1.2459001782531194,left_knee,0.56025124,0.697286,0.18052691,0.5602259594285711,0.6994599337142854,0.1705186502857142,605.07135,1338.7892,605.0440165714284,1342.963142857142,0.7509933,False,False
7ae6904d-8782-4caa-8a1f-a9caf51a24c3,70,1.2459001782531194,left_shoulder,0.58537483,0.4213273,0.30425775,0.5847296757142855,0.4217326677142855,0.31942994914285694,632.20483,808.9484,631.5080525714284,809.7267062857139,0.9853003,False,False
7ae6904d-8782-4caa-8a1f-a9caf51a24c3,70,1.2459001782531194,left_wrist,0.6858149,0.3009213,0.2534423,0.6845852634285711,0.3033790148571427,0.2923013188571427,740.6801,577.76886,739.3521054285711,582.4876997142854,0.44442934,False,False
7ae6904d-8782-4caa-8a1f-a9caf51a24c3,70,1.2459001782531194,nose,0.56110615,0.36856806,-0.04770399,0.561540555142857,0.3697047557142855,-0.03657806132914285,605.9946,707.6507,606.4637691428568,709.8331537142853,0.9989728,False,False
7ae6904d-8782-4caa-8a1f-a9caf51a24c3,70,1.2459001782531194,right_ankle,0.46555695,0.82844216,-0.11648839,0.46562015057142836,0.8288346748571426,-0.09481596399999995,502.8015,1590.6089,502.8697654285711,1591.3625342857133,0.9650612,False,False
7ae6904d-8782-4caa-8a1f-a9caf51a24c3,70,1.2459001782531194,right_elbow,0.5959132,0.35386786,-0.47462383,0.5953327137142854,0.3549159254285712,-0.47673530885714266,643.58624,679.4263,642.9593188571425,681.4385817142853,0.9788714,False,False
7ae6904d-8782-4caa-8a1f-a9caf51a24c3,70,1.2459001782531194,right_foot_index,0.52462494,0.8842891,-0.35821652,0.5246824748571427,0.8855648705714282,-0.33397585399999985,566.5949,1697.8351,566.6570599999998,1700.2845314285707,0.9511135,False,False
7ae6904d-8782-4caa-8a1f-a9caf51a24c3,70,1.2459001782531194,right_heel,0.45016816,0.8439805,-0.11934495,0.4501130834285712,0.8446921968571425,-0.09597934114285708,486.1816,1620.4425,486.1221237142855,1621.8089914285706,0.8764789,False,False
7ae6904d-8782-4caa-8a1f-a9caf51a24c3,70,1.2459001782531194,right_hip,0.4799084,0.5751593,-0.14985873,0.4798973394285712,0.5757065728571426,-0.15215163942857135,518.3011,1104.3059,518.2891471428569,1105.3566371428565,0.99937373,False,False
7ae6904d-8782-4caa-8a1f-a9caf51a24c3,70,1.2459001782531194,right_knee,0.4761569,0.7005873,-0.22548358,0.47619217742857123,0.7012796597142854,-0.2204431617142856,514.24945,1345.1276,514.287549142857,1346.4569428571422,0.9725774,False,False
7ae6904d-8782-4caa-8a1f-a9caf51a24c3,70,1.2459001782531194,right_shoulder,0.49298972,0.40785572,-0.22264968,0.49311245771428547,0.40799081342857124,-0.22636145914285705,532.4289,783.083,532.5614571428569,783.3423902857138,0.99741745,False,False
7ae6904d-8782-4caa-8a1f-a9caf51a24c3,70,1.2459001782531194,right_wrist,0.6555179,0.2832867,-0.4715039,0.654704771428571,0.28495568057142845,-0.4400572494285712,707.9593,543.91046,707.0811348571425,547.1149125714282,0.9592921,False,False
7ae6904d-8782-4caa-8a1f-a9caf51a24c3,71,1.263698752228164,left_ankle,0.53473115,0.8065308,0.27336532,0.5346446428571426,0.8037275785714282,0.3006106222857141,577.50964,1548.5391,577.4162139999999,1543.1569371428563,0.84567595,False,False
7ae6904d-8782-4caa-8a1f-a9caf51a24c3,71,1.263698752228164,left_elbow,0.6431028,0.37359107,0.4648838,0.6443773234285711,0.3721893517142855,0.4279291005714284,694.551,717.29486,695.9275225714283,714.6035762857139,0.3427042,False,False
7ae6904d-8782-4caa-8a1f-a9caf51a24c3,71,1.263698752228164,left_foot_index,0.5751772,0.86157894,0.12264274,0.5752175714285712,0.8597148522857139,0.15857059857142847,621.19135,1654.2316,621.2349494285712,1650.6525571428565,0.8734687,False,False
7ae6904d-8782-4caa-8a1f-a9caf51a24c3,71,1.263698752228164,left_heel,0.5091711,0.82135993,0.27611667,0.5090370762857139,0.8190593928571425,0.30446416285714273,549.90485,1577.0111,549.7600562857141,1572.594002857142,0.81053555,False,False
7ae6904d-8782-4caa-8a1f-a9caf51a24c3,71,1.263698752228164,left_hip,0.5603166,0.58106846,0.15772961,0.5606810228571426,0.5810326365714282,0.15537140171428565,605.14197,1115.6515,605.5355159999997,1115.5826714285708,0.9990857,False,False
7ae6904d-8782-4caa-8a1f-a9caf51a24c3,71,1.263698752228164,left_knee,0.5609109,0.6993827,0.1507928,0.5610151937142855,0.6981862365714282,0.1642970608571428,605.78375,1342.8148,605.8964145714283,1340.5175971428564,0.7501124,False,False
7ae6904d-8782-4caa-8a1f-a9caf51a24c3,71,1.263698752228164,left_shoulder,0.5813391,0.4209512,0.3584932,0.5822705365714282,0.42132604485714265,0.3389091005714284,627.84625,808.22626,628.8521997142855,808.9459822857139,0.9862791,False,False
7ae6904d-8782-4caa-8a1f-a9caf51a24c3,71,1.263698752228164,left_wrist,0.681761,0.30803967,0.3843836,0.6851584177142853,0.30568216457142844,0.34495481599999983,736.3019,591.43616,739.9711039999997,586.9097325714283,0.45902345,False,False
7ae6904d-8782-4caa-8a1f-a9caf51a24c3,71,1.263698752228164,nose,0.5630014,0.37024987,0.00042020154,0.5627814571428569,0.36957290542857124,-0.011525103251999994,608.0415,710.87976,607.8039539999997,709.579972285714,0.9990226,False,False
7ae6904d-8782-4caa-8a1f-a9caf51a24c3,71,1.263698752228164,right_ankle,0.4657425,0.82681495,-0.06689704,0.46573924371428554,0.8272896562857139,-0.10441889799999994,503.0019,1587.4847,502.99837714285684,1588.396125714285,0.967155,False,False
7ae6904d-8782-4caa-8a1f-a9caf51a24c3,71,1.263698752228164,right_elbow,0.59308654,0.35639527,-0.450651,0.5931919445714283,0.3563851059999998,-0.4371938999999998,640.53345,684.27893,640.6473025714283,684.2594017142853,0.98042756,False,False
7ae6904d-8782-4caa-8a1f-a9caf51a24c3,71,1.263698752228164,right_foot_index,0.52554977,0.8850799,-0.2941094,0.5263607677142855,0.8852580862857139,-0.3347108899999998,567.59375,1699.3534,568.469604285714,1699.6955028571422,0.9537565,False,False
7ae6904d-8782-4caa-8a1f-a9caf51a24c3,71,1.263698752228164,right_heel,0.44986853,0.8431638,-0.06663992,0.4498842457142854,0.8432854997142853,-0.10706447171428565,485.858,1618.8745,485.8749757142855,1619.108165714285,0.88369524,False,False
7ae6904d-8782-4caa-8a1f-a9caf51a24c3,71,1.263698752228164,right_hip,0.48028326,0.5742759,-0.15756589,0.48027424199999974,0.5745196851428569,-0.1552035082857142,518.70593,1102.6097,518.6961971428568,1103.077768571428,0.9994121,False,False
7ae6904d-8782-4caa-8a1f-a9caf51a24c3,71,1.263698752228164,right_knee,0.47610733,0.69960946,-0.2033112,0.47613464285714263,0.6997766285714283,-0.21030076114285703,514.1959,1343.2501,514.2254019999998,1343.5710742857136,0.9731368,False,False
7ae6904d-8782-4caa-8a1f-a9caf51a24c3,71,1.263698752228164,right_shoulder,0.49329352,0.40586105,-0.22185859,0.4931737677142855,0.4065376357142855,-0.21106373457142846,532.757,779.25323,532.6276571428568,780.5522574285711,0.9976209,False,False
7ae6904d-8782-4caa-8a1f-a9caf51a24c3,71,1.263698752228164,right_wrist,0.6520143,0.28617975,-0.35310248,0.6524344148571425,0.2872799399999999,-0.372075475142857,704.1755,549.46515,704.6291951428568,551.5775048571427,0.9624832,False,False
7ae6904d-8782-4caa-8a1f-a9caf51a24c3,72,1.2814973262032086,left_ankle,0.5345288,0.8036059,0.3070129,0.5345607414285711,0.8051455342857138,0.28673629942857126,577.2911,1542.9233,577.3256034285711,1545.8794057142848,0.84315085,False,False
7ae6904d-8782-4caa-8a1f-a9caf51a24c3,72,1.2814973262032086,left_elbow,0.6437635,0.3732214,0.4162513,0.6431311051428568,0.3734534799999998,0.42836535399999975,695.2646,716.5851,694.5815942857139,717.0306719999996,0.34419718,False,False
7ae6904d-8782-4caa-8a1f-a9caf51a24c3,72,1.2814973262032086,left_foot_index,0.5756064,0.8592419,0.177571,0.5753137431428569,0.8601880965714281,0.14747388742857134,621.6549,1649.7445,621.3388319999997,1651.5612228571422,0.8731298,False,False
7ae6904d-8782-4caa-8a1f-a9caf51a24c3,72,1.2814973262032086,left_heel,0.50841606,0.8184727,0.3104879,0.5084809868571426,0.8198396251428567,0.2894294599999998,549.08936,1571.4675,549.1595205714284,1574.0920714285705,0.81320626,False,False
7ae6904d-8782-4caa-8a1f-a9caf51a24c3,72,1.2814973262032086,left_hip,0.5604538,0.58275753,0.15524197,0.560428304285714,0.5823889971428569,0.15634449142857135,605.2901,1118.8944,605.2625754285712,1118.1868714285708,0.9991103,False,False
7ae6904d-8782-4caa-8a1f-a9caf51a24c3,72,1.2814973262032086,left_knee,0.562505,0.6993248,0.17255156,0.5627091037142854,0.6995163199999996,0.16298178971428562,607.50543,1342.7036,607.7258417142855,1343.0713228571421,0.7467379,False,False
7ae6904d-8782-4caa-8a1f-a9caf51a24c3,72,1.2814973262032086,left_shoulder,0.5814891,0.42339265,0.34725326,0.5810723631428568,0.4227582134285712,0.3583044405714284,628.00824,812.9139,627.5581739999997,811.6957637142854,0.98694193,False,False
7ae6904d-8782-4caa-8a1f-a9caf51a24c3,72,1.2814973262032086,left_wrist,0.69140506,0.30673784,0.3431203,0.6889921462857139,0.30720352142857127,0.33604467142857125,746.71747,588.93665,744.1115225714283,589.8307768571426,0.47524202,False,False
7ae6904d-8782-4caa-8a1f-a9caf51a24c3,72,1.2814973262032086,nose,0.56383514,0.3702877,0.008356491,0.5636652585714282,0.37019669714285697,0.012872331870857134,608.94196,710.95233,608.7584911428568,710.7776322857139,0.9990871,False,False
7ae6904d-8782-4caa-8a1f-a9caf51a24c3,72,1.2814973262032086,right_ankle,0.46565524,0.829076,-0.16680664,0.4656131465714284,0.828465323428571,-0.12488597628571421,502.90765,1591.8259,502.8621939999997,1590.6533971428564,0.9690954,False,False
7ae6904d-8782-4caa-8a1f-a9caf51a24c3,72,1.2814973262032086,right_elbow,0.588095,0.3618882,-0.3576886,0.5877755874285712,0.36187171799999984,-0.35864063114285694,635.14264,694.8253,634.7976468571426,694.7936731428567,0.9810256,False,False
7ae6904d-8782-4caa-8a1f-a9caf51a24c3,72,1.2814973262032086,right_foot_index,0.5295492,0.8893353,-0.39614153,0.5284860488571427,0.8885215937142853,-0.35255260314285697,571.9131,1707.5237,570.7649099999996,1705.961462857142,0.95606935,False,False
7ae6904d-8782-4caa-8a1f-a9caf51a24c3,72,1.2814973262032086,right_heel,0.44948182,0.8452113,-0.17434914,0.44945192628571407,0.8448779425714282,-0.12921339342857135,485.44037,1622.8058,485.40808142857117,1622.1657371428564,0.8897507,False,False
7ae6904d-8782-4caa-8a1f-a9caf51a24c3,72,1.2814973262032086,right_hip,0.48077726,0.57594645,-0.15502633,0.48084223828571404,0.5755478837142853,-0.15612006142857135,519.23944,1105.8171,519.3096039999997,1105.0518771428565,0.99944925,False,False
7ae6904d-8782-4caa-8a1f-a9caf51a24c3,72,1.2814973262032086,right_knee,0.47619766,0.70088154,-0.21695058,0.47605406628571406,0.7004056714285711,-0.2095721537142856,514.29346,1345.6925,514.138376285714,1344.7788114285709,0.9739935,False,False
7ae6904d-8782-4caa-8a1f-a9caf51a24c3,72,1.2814973262032086,right_shoulder,0.4924117,0.4090657,-0.16212898,0.49225859799999977,0.40855453685714266,-0.16892318628571423,531.8046,785.4061,531.6392657142856,784.4246817142853,0.99780005,False,False
7ae6904d-8782-4caa-8a1f-a9caf51a24c3,72,1.2814973262032086,right_wrist,0.6449686,0.29686898,-0.27770707,0.6448573437142855,0.2948916028571427,-0.2299230168571427,696.5661,569.98846,696.4459474285711,566.1918922857141,0.9639467,False,False
7ae6904d-8782-4caa-8a1f-a9caf51a24c3,73,1.2992959001782531,left_ankle,0.5349326,0.8043577,0.29694936,0.5350630477142855,0.8032334851428568,0.31817729742857126,577.72723,1544.3668,577.8681048571425,1542.208282857142,0.84662616,False,False
7ae6904d-8782-4caa-8a1f-a9caf51a24c3,73,1.2992959001782531,left_elbow,0.64425564,0.37351778,0.4020131,0.6445789268571426,0.3741360388571427,0.4146751142857141,695.7961,717.1541,696.1452485714283,718.3411862857139,0.35591462,False,False
7ae6904d-8782-4caa-8a1f-a9caf51a24c3,73,1.2992959001782531,left_foot_index,0.5764658,0.85895485,0.15408432,0.577226796285714,0.8582652751428568,0.18312851914285705,622.58307,1649.1934,623.4049439999997,1647.8693285714278,0.8770763,False,False
7ae6904d-8782-4caa-8a1f-a9caf51a24c3,73,1.2992959001782531,left_heel,0.5081248,0.81915206,0.29986963,0.5082239782857141,0.8180528265714282,0.322090161142857,548.77484,1572.772,548.8819134285712,1570.661405714285,0.8190956,False,False
7ae6904d-8782-4caa-8a1f-a9caf51a24c3,73,1.2992959001782531,left_hip,0.5612297,0.5827177,0.15419593,0.561202074285714,0.5826136059999997,0.15406083142857135,606.12805,1118.818,606.0982239999997,1118.6181057142849,0.9991519,False,False
7ae6904d-8782-4caa-8a1f-a9caf51a24c3,73,1.2992959001782531,left_knee,0.5647285,0.6995975,0.16952144,0.5643272508571426,0.699663671428571,0.17809439171428562,609.9068,1343.2272,609.4734645714283,1343.354245714285,0.7508781,False,False
7ae6904d-8782-4caa-8a1f-a9caf51a24c3,73,1.2992959001782531,left_shoulder,0.5815984,0.42350486,0.3781999,0.5817561485714282,0.4236468491428569,0.37890188285714266,628.1263,813.12933,628.2966579999998,813.4019468571424,0.98773646,False,False
7ae6904d-8782-4caa-8a1f-a9caf51a24c3,73,1.2992959001782531,left_wrist,0.692574,0.30636284,0.2842472,0.6926303177142854,0.3074793499999999,0.3367939279999998,747.9799,588.2167,748.0407211428569,590.3603748571425,0.49505717,False,False
7ae6904d-8782-4caa-8a1f-a9caf51a24c3,73,1.2992959001782531,nose,0.56334966,0.3694768,0.034600604,0.5635194857142855,0.36963023799999983,0.03765561821085712,608.41766,709.39545,608.6010697142854,709.690029428571,0.9991454,False,False
7ae6904d-8782-4caa-8a1f-a9caf51a24c3,73,1.2992959001782531,right_ankle,0.4652563,0.8291904,-0.17230849,0.46529498457142837,0.829051341428571,-0.22167364942857132,502.4768,1592.0455,502.51857542857124,1591.7785171428563,0.97100794,False,False
7ae6904d-8782-4caa-8a1f-a9caf51a24c3,73,1.2992959001782531,right_elbow,0.5815214,0.36656418,-0.28452882,0.5820252045714283,0.3656404242857141,-0.3042224794285713,628.0431,703.8032,628.5872331428568,702.0295802857138,0.980867,False,False
7ae6904d-8782-4caa-8a1f-a9caf51a24c3,73,1.2992959001782531,right_foot_index,0.5296227,0.8902829,-0.40815863,0.5301815494285712,0.8903643731428568,-0.46127642771428556,571.9925,1709.3433,572.5960614285711,1709.4996342857135,0.9586057,False,False
7ae6904d-8782-4caa-8a1f-a9caf51a24c3,73,1.2992959001782531,right_heel,0.44892225,0.846076,-0.17905365,0.44891677714285694,0.8457795434285711,-0.23169476314285703,484.83603,1624.466,484.83011571428545,1623.8967799999991,0.894783,False,False
7ae6904d-8782-4caa-8a1f-a9caf51a24c3,73,1.2992959001782531,right_hip,0.48149392,0.57604474,-0.15391606,0.4814207654285712,0.5759267311428569,-0.15379939942857135,520.0134,1106.0059,519.9344168571427,1105.7793142857136,0.9994852,False,False
7ae6904d-8782-4caa-8a1f-a9caf51a24c3,73,1.2992959001782531,right_knee,0.47623247,0.7004337,-0.23396498,0.4764868605714283,0.7004568059999997,-0.25018205085714273,514.33105,1344.8326,514.6057899999996,1344.8769828571421,0.9749283,False,False
7ae6904d-8782-4caa-8a1f-a9caf51a24c3,73,1.2992959001782531,right_shoulder,0.49040297,0.41146642,-0.11402995,0.4905166991428569,0.4114253242857141,-0.11233868542857137,529.6352,790.0155,529.7580199999998,789.9366059999996,0.99795705,False,False
7ae6904d-8782-4caa-8a1f-a9caf51a24c3,73,1.2992959001782531,right_wrist,0.63331866,0.30120742,-0.16330045,0.6317903648571425,0.30271719057142843,-0.28623135142857126,683.98413,578.31824,682.3336002857139,581.2170174285711,0.9632367,False,False
7ae6904d-8782-4caa-8a1f-a9caf51a24c3,74,1.3170944741532975,left_ankle,0.5362642,0.8027857,0.32836756,0.536143712285714,0.8039444714285711,0.29574979428571413,579.16534,1541.3485,579.0352068571426,1543.5733514285707,0.8447592,False,False
7ae6904d-8782-4caa-8a1f-a9caf51a24c3,74,1.3170944741532975,left_elbow,0.64648473,0.3768665,0.4650644,0.6464186682857138,0.3765376819999998,0.4599145657142855,698.2035,723.5837,698.1321719999996,722.9523457142852,0.36195317,False,False
7ae6904d-8782-4caa-8a1f-a9caf51a24c3,74,1.3170944741532975,left_foot_index,0.58114463,0.857452,0.18982439,0.5806591991428569,0.8583125285714281,0.15030911257142848,627.6362,1646.3077,627.1119268571426,1647.9600571428564,0.8766308,False,False
7ae6904d-8782-4caa-8a1f-a9caf51a24c3,74,1.3170944741532975,left_heel,0.50847656,0.8175459,0.33281505,0.5083501519999998,0.8186813999999996,0.2984833945714284,549.15466,1569.6881,549.0181779999998,1571.868302857142,0.8188672,False,False
7ae6904d-8782-4caa-8a1f-a9caf51a24c3,74,1.3170944741532975,left_hip,0.56182945,0.58188146,0.15339719,0.5616778299999997,0.5820727768571425,0.1535339162857142,606.7758,1117.2124,606.6120308571426,1117.5797371428566,0.9991803,False,False
7ae6904d-8782-4caa-8a1f-a9caf51a24c3,74,1.3170944741532975,left_knee,0.56489515,0.7004516,0.17706801,0.5650388174285712,0.7004033428571425,0.1629662125714285,610.0868,1344.8671,610.2419488571426,1344.7744514285707,0.7530958,False,False
7ae6904d-8782-4caa-8a1f-a9caf51a24c3,74,1.3170944741532975,left_shoulder,0.5823025,0.4235428,0.43006465,0.5821454885714283,0.42362835142857125,0.4336199037142855,628.8867,813.20215,628.7171279999998,813.3664248571424,0.98840165,False,False
7ae6904d-8782-4caa-8a1f-a9caf51a24c3,74,1.3170944741532975,left_wrist,0.6912454,0.31082875,0.4449081,0.6920181348571426,0.30992921799999984,0.40827137142857123,746.545,596.7912,747.3795682857138,595.064116285714,0.5112421,False,False
7ae6904d-8782-4caa-8a1f-a9caf51a24c3,74,1.3170944741532975,nose,0.5632692,0.36967412,0.084963456,0.563198668285714,0.3697473388571427,0.08903230705714282,608.33075,709.7743,608.254565428571,709.9148945714282,0.9992179,False,False
7ae6904d-8782-4caa-8a1f-a9caf51a24c3,74,1.3170944741532975,right_ankle,0.4649979,0.8282478,-0.3285683,0.46500800142857124,0.8285977885714282,-0.2860597682857141,502.19772,1590.2357,502.20862885714257,1590.9076571428564,0.9724931,False,False
7ae6904d-8782-4caa-8a1f-a9caf51a24c3,74,1.3170944741532975,right_elbow,0.57767504,0.36683303,-0.30885682,0.5778963337142854,0.3678053145714284,-0.28490717714285696,623.88904,704.3194,624.1280131428568,706.1861885714281,0.98002803,False,False
7ae6904d-8782-4caa-8a1f-a9caf51a24c3,74,1.3170944741532975,right_foot_index,0.53117317,0.89064354,-0.5825439,0.5312989745714283,0.8909571317142853,-0.5347007734285711,573.66705,1710.0356,573.8029071428568,1710.6377514285705,0.9605075,False,False
7ae6904d-8782-4caa-8a1f-a9caf51a24c3,74,1.3170944741532975,right_heel,0.4484528,0.84560007,-0.3439182,0.44851873828571404,0.8460807677142852,-0.2987625634285713,484.329,1623.5521,484.4002174285712,1624.4751057142848,0.8986308,False,False
7ae6904d-8782-4caa-8a1f-a9caf51a24c3,74,1.3170944741532975,right_hip,0.48177868,0.5750945,-0.15315089,0.48174818628571403,0.5751312911428568,-0.1532758665714285,520.321,1104.1815,520.2880479999998,1104.2521199999994,0.9995218,False,False
7ae6904d-8782-4caa-8a1f-a9caf51a24c3,74,1.3170944741532975,right_knee,0.4776916,0.6998479,-0.3079993,0.47762823571428553,0.6999357254285711,-0.29060192799999984,515.9069,1343.7079,515.8384691428569,1343.8765085714278,0.97539127,False,False
7ae6904d-8782-4caa-8a1f-a9caf51a24c3,74,1.3170944741532975,right_shoulder,0.48911223,0.41302353,-0.06886486,0.48926272971428547,0.4130175917142855,-0.06651611997142852,528.2412,793.0052,528.4037314285713,792.9937622857137,0.9981144,False,False
7ae6904d-8782-4caa-8a1f-a9caf51a24c3,74,1.3170944741532975,right_wrist,0.61730033,0.3081175,-0.48534602,0.6204859348571425,0.3062263599999998,-0.3354760339999998,666.6844,591.58563,670.1248102857139,587.954620285714,0.9634683,False,False
7ae6904d-8782-4caa-8a1f-a9caf51a24c3,75,1.3348930481283423,left_ankle,0.53732336,0.80600524,0.23880109,0.5373870679999997,0.8051638771428568,0.26626512999999985,580.3092,1547.53,580.3780285714283,1545.9145942857133,0.84902704,False,False
7ae6904d-8782-4caa-8a1f-a9caf51a24c3,75,1.3348930481283423,left_elbow,0.6485846,0.37844083,0.5005769,0.6483373211428567,0.37785631342857123,0.4866760717142855,700.4714,726.6064,700.2043091428568,725.4841428571425,0.37297916,False,False
7ae6904d-8782-4caa-8a1f-a9caf51a24c3,75,1.3348930481283423,left_foot_index,0.58415383,0.8595126,0.08358391,0.5839669848571426,0.8587374299999995,0.11640660537142852,630.8861,1650.2643,630.6843225714283,1648.7758285714278,0.88129044,False,False
7ae6904d-8782-4caa-8a1f-a9caf51a24c3,75,1.3348930481283423,left_heel,0.5084935,0.8206265,0.23863782,0.5085632345714284,0.8197727857142854,0.2676880602857141,549.173,1575.6029,549.2482845714283,1573.9637599999992,0.8231625,False,False
7ae6904d-8782-4caa-8a1f-a9caf51a24c3,75,1.3348930481283423,left_hip,0.5617605,0.58239573,0.1532276,0.5619728965714282,0.582591244285714,0.15323350914285705,606.7013,1118.1998,606.9307108571425,1118.575194285714,0.9992322,False,False
7ae6904d-8782-4caa-8a1f-a9caf51a24c3,75,1.3348930481283423,left_knee,0.56499994,0.7013659,0.13053907,0.5650841131428569,0.7014204657142853,0.1428277625714285,610.19995,1346.6226,610.2908671428568,1346.7273599999992,0.7598674,False,False
7ae6904d-8782-4caa-8a1f-a9caf51a24c3,75,1.3348930481283423,left_shoulder,0.5823965,0.4241049,0.47338924,0.5824555965714283,0.4240407171428569,0.45445525257142827,628.9882,814.28143,629.0520399999997,814.1581891428566,0.98929757,False,False
7ae6904d-8782-4caa-8a1f-a9caf51a24c3,75,1.3348930481283423,left_wrist,0.6927398,0.3110237,0.44920164,0.6922510717142853,0.3106329114285713,0.4343591082857141,748.159,597.1655,747.6311542857139,596.4151691428569,0.52983373,False,False
7ae6904d-8782-4caa-8a1f-a9caf51a24c3,75,1.3348930481283423,nose,0.5633367,0.3709465,0.12961413,0.5634338588571426,0.3709793217142855,0.10812157628571423,608.4036,712.2173,608.5085519999996,712.2803094285711,0.9992896,False,False
7ae6904d-8782-4caa-8a1f-a9caf51a24c3,75,1.3348930481283423,right_ankle,0.46488094,0.8289602,-0.30482492,0.46488671199999976,0.8289356342857139,-0.3104438059999999,502.0714,1591.6035,502.07764171428545,1591.5563914285706,0.9739825,False,False
7ae6904d-8782-4caa-8a1f-a9caf51a24c3,75,1.3348930481283423,right_elbow,0.5749875,0.36988172,-0.2785984,0.5738526479999998,0.3686104862857141,-0.3097776588571427,620.98645,710.1729,619.760840285714,707.732134285714,0.9803761,False,False
7ae6904d-8782-4caa-8a1f-a9caf51a24c3,75,1.3348930481283423,right_foot_index,0.5330836,0.89218754,-0.5519729,0.5325724617142855,0.8917608131428567,-0.5591664834285711,575.7303,1713.0001,575.1782777142855,1712.1807742857134,0.9626517,False,False
7ae6904d-8782-4caa-8a1f-a9caf51a24c3,75,1.3348930481283423,right_heel,0.4484003,0.84708434,-0.31796122,0.44836247342857116,0.8468174059999996,-0.32407051857142843,484.2723,1626.402,484.231450285714,1625.8894028571422,0.902279,False,False
7ae6904d-8782-4caa-8a1f-a9caf51a24c3,75,1.3348930481283423,right_hip,0.48183045,0.57499623,-0.15300767,0.48193767857142833,0.5754181431428569,-0.1530249585714285,520.3769,1103.9928,520.4927059999998,1104.8029114285707,0.9995572,False,False
7ae6904d-8782-4caa-8a1f-a9caf51a24c3,75,1.3348930481283423,right_knee,0.479087,0.70043653,-0.30349928,0.47899598085714257,0.7006933291428568,-0.305461357142857,517.41394,1344.8381,517.3156437142854,1345.331188571428,0.9761657,False,False
7ae6904d-8782-4caa-8a1f-a9caf51a24c3,75,1.3348930481283423,right_shoulder,0.48905754,0.4141768,-0.03766849,0.4890314819999998,0.41426145742857123,-0.05030408388571425,528.1821,795.2194,528.1539685714283,795.381979428571,0.9982708,False,False
7ae6904d-8782-4caa-8a1f-a9caf51a24c3,75,1.3348930481283423,right_wrist,0.61497957,0.30890766,-0.28511333,0.6120438677142854,0.3109144122857141,-0.40280604628571415,664.1779,593.1027,661.0073688571424,596.9556754285712,0.964693,False,False
7ae6904d-8782-4caa-8a1f-a9caf51a24c3,76,1.352691622103387,left_ankle,0.53831553,0.80761266,0.24632414,0.5380603319999997,0.8081393031428568,0.23729215399999984,581.3808,1550.6163,581.105158285714,1551.6274457142847,0.8533155,False,False
7ae6904d-8782-4caa-8a1f-a9caf51a24c3,76,1.352691622103387,left_elbow,0.6494598,0.37725025,0.4638037,0.6497937059999996,0.37816463285714264,0.47984986171428545,701.41656,724.3205,701.7772088571426,726.0760999999997,0.38472232,False,False
7ae6904d-8782-4caa-8a1f-a9caf51a24c3,76,1.352691622103387,left_foot_index,0.5856677,0.8598764,0.09516715,0.5860109617142855,0.8602669657142853,0.08457235651428567,632.5211,1650.9626,632.8918057142855,1651.7125999999994,0.8858392,False,False
7ae6904d-8782-4caa-8a1f-a9caf51a24c3,76,1.352691622103387,left_heel,0.50867254,0.82211864,0.24718758,0.5083990531428569,0.8226957337142854,0.23745903599999987,549.36633,1578.4678,549.070984285714,1579.5757771428562,0.82754695,False,False
7ae6904d-8782-4caa-8a1f-a9caf51a24c3,76,1.352691622103387,left_hip,0.5622992,0.5841754,0.15247387,0.5620924065714283,0.5836608057142854,0.15220991542857137,607.28314,1121.6168,607.0597874285711,1120.6287714285709,0.9992774,False,False
7ae6904d-8782-4caa-8a1f-a9caf51a24c3,76,1.352691622103387,left_knee,0.56536174,0.7023822,0.12980339,0.5652597168571425,0.702069177428571,0.1263629891428571,610.5907,1348.5739,610.4805099999996,1347.9728971428565,0.7664315,False,False
7ae6904d-8782-4caa-8a1f-a9caf51a24c3,76,1.352691622103387,left_shoulder,0.5825073,0.42479149,0.43723744,0.582479439428571,0.42470493742857124,0.45946729942857123,629.1079,815.5997,629.0777885714282,815.4335231428568,0.99005014,False,False
7ae6904d-8782-4caa-8a1f-a9caf51a24c3,76,1.352691622103387,left_wrist,0.6933625,0.30833036,0.34865496,0.6939538959999997,0.30890330428571416,0.38037934971428555,748.8315,591.99426,749.4702257142853,593.0943428571426,0.54873854,False,False
7ae6904d-8782-4caa-8a1f-a9caf51a24c3,76,1.352691622103387,nose,0.56411797,0.37250656,0.09125178,0.5642319459999997,0.37193082142857126,0.11858575748571422,609.2474,715.2126,609.370477142857,714.1071737142853,0.99935037,False,False
7ae6904d-8782-4caa-8a1f-a9caf51a24c3,76,1.352691622103387,right_ankle,0.46478847,0.8299564,-0.26625007,0.4647559191428569,0.8295863242857138,-0.2886854534285713,501.97156,1593.5164,501.9363974285711,1592.8057857142849,0.9754377,False,False
7ae6904d-8782-4caa-8a1f-a9caf51a24c3,76,1.352691622103387,right_elbow,0.5693086,0.3715539,-0.32109186,0.5705061108571426,0.37373293457142837,-0.277800671142857,614.8533,713.3835,616.1465811428568,717.5672348571425,0.9806301,False,False
7ae6904d-8782-4caa-8a1f-a9caf51a24c3,76,1.352691622103387,right_foot_index,0.53276926,0.89302665,-0.507291,0.5331775917142856,0.893512305428571,-0.5316083417142854,575.3908,1714.6112,575.8317905714283,1715.5436514285705,0.96471256,False,False
7ae6904d-8782-4caa-8a1f-a9caf51a24c3,76,1.352691622103387,right_heel,0.4483223,0.8482215,-0.2770169,0.44832361485714256,0.8481597145714281,-0.3006716599999999,484.18808,1628.5852,484.189494285714,1628.4666571428563,0.9058527,False,False
7ae6904d-8782-4caa-8a1f-a9caf51a24c3,76,1.352691622103387,right_hip,0.4822039,0.5772212,-0.15230519,0.48207155542857116,0.5766770274285711,-0.15202517771428564,520.7802,1108.2648,520.6372817142855,1107.2199257142852,0.9995895,False,False
7ae6904d-8782-4caa-8a1f-a9caf51a24c3,76,1.352691622103387,right_knee,0.47966987,0.70248735,-0.28788,0.47965889342857115,0.7018476248571426,-0.2972109754285713,518.04346,1348.7758,518.0315937142855,1347.5474885714277,0.9770699,False,False
7ae6904d-8782-4caa-8a1f-a9caf51a24c3,76,1.352691622103387,right_shoulder,0.48900113,0.41543528,-0.058877587,0.48874972828571406,0.41503353971428547,-0.042313040714285696,528.1212,797.63574,527.8496914285711,796.8643885714282,0.9984059,False,False
7ae6904d-8782-4caa-8a1f-a9caf51a24c3,76,1.352691622103387,right_wrist,0.60725695,0.31694964,-0.3523551,0.6094509571428568,0.3160120817142855,-0.25802665971428557,655.8375,608.5433,658.2070405714283,606.7431911428569,0.96555334,False,False
7ae6904d-8782-4caa-8a1f-a9caf51a24c3,77,1.3704901960784313,left_ankle,0.5387029,0.8110202,0.2485971,0.5391502179999997,0.8102885359999996,0.24951322628571418,581.79913,1557.1588,582.2822568571426,1555.754002857142,0.8591074,False,False
7ae6904d-8782-4caa-8a1f-a9caf51a24c3,77,1.3704901960784313,left_elbow,0.6508998,0.3791236,0.47217423,0.6505513748571425,0.3785041617142855,0.4553822159999998,702.9718,727.9173,702.5954817142854,726.7279937142853,0.39972967,False,False
7ae6904d-8782-4caa-8a1f-a9caf51a24c3,77,1.3704901960784313,left_foot_index,0.5880404,0.8623268,0.101446934,0.587944170285714,0.8620393348571423,0.10260727879999995,635.0836,1655.6675,634.9796919999998,1655.1154914285707,0.8912479,False,False
7ae6904d-8782-4caa-8a1f-a9caf51a24c3,77,1.3704901960784313,left_heel,0.50869703,0.8257071,0.2493945,0.5092901625714283,0.8249983628571425,0.25061272371428556,549.3928,1585.3575,550.0333651428568,1583.996802857142,0.8328441,False,False
7ae6904d-8782-4caa-8a1f-a9caf51a24c3,77,1.3704901960784313,left_hip,0.56224394,0.58485436,0.14985377,0.5624515965714283,0.5853184908571425,0.1499536802857142,607.22345,1122.9204,607.4477231428568,1123.811528571428,0.9993266,False,False
7ae6904d-8782-4caa-8a1f-a9caf51a24c3,77,1.3704901960784313,left_knee,0.5653174,0.7029057,0.13136166,0.5654837954285712,0.7032481988571424,0.13098264599999992,610.5428,1349.579,610.722504285714,1350.2365914285708,0.77509874,False,False
7ae6904d-8782-4caa-8a1f-a9caf51a24c3,77,1.3704901960784313,left_shoulder,0.58257234,0.4259517,0.47156954,0.5826356365714284,0.42623105485714263,0.45389183085714263,629.1781,817.8273,629.2464657142854,818.3636459999997,0.99083877,False,False
7ae6904d-8782-4caa-8a1f-a9caf51a24c3,77,1.3704901960784313,left_wrist,0.69512063,0.3086906,0.36795807,0.6943148145714282,0.3090313717142856,0.3411122117142855,750.7303,592.686,749.8599939999997,593.3402571428569,0.56694585,False,False
7ae6904d-8782-4caa-8a1f-a9caf51a24c3,77,1.3704901960784313,nose,0.5650453,0.373184,0.14332202,0.5646710431428569,0.3742307145714284,0.12204665428571422,610.2489,716.51324,609.8447091428568,718.5229537142853,0.9994105,False,False
7ae6904d-8782-4caa-8a1f-a9caf51a24c3,77,1.3704901960784313,right_ankle,0.4645362,0.8301518,-0.3124618,0.46462081199999977,0.8301162971428567,-0.283187733142857,501.6991,1593.8915,501.79048085714254,1593.8233657142848,0.9769625,False,False
7ae6904d-8782-4caa-8a1f-a9caf51a24c3,77,1.3704901960784313,right_elbow,0.5697281,0.38252428,-0.19991748,0.5694859828571426,0.38129809428571404,-0.23355892971428563,615.30634,734.4466,615.0448831428567,732.0923371428568,0.98116446,False,False
7ae6904d-8782-4caa-8a1f-a9caf51a24c3,77,1.3704901960784313,right_foot_index,0.5336087,0.8962511,-0.55541843,0.5335008148571426,0.8957855188571424,-0.5229366688571426,576.29736,1720.8021,576.1808494285713,1719.9081771428564,0.9668804,False,False
7ae6904d-8782-4caa-8a1f-a9caf51a24c3,77,1.3704901960784313,right_heel,0.44821766,0.84981847,-0.32564428,0.44820412914285696,0.849743533428571,-0.29470544542857124,484.07507,1631.6515,484.06046171428545,1631.5075428571422,0.90949583,False,False
7ae6904d-8782-4caa-8a1f-a9caf51a24c3,77,1.3704901960784313,right_hip,0.4822027,0.57831836,-0.14966054,0.48234903828571407,0.578673631142857,-0.14976896085714278,520.77893,1110.3712,520.9369631428569,1111.0533914285709,0.9996218,False,False
7ae6904d-8782-4caa-8a1f-a9caf51a24c3,77,1.3704901960784313,right_knee,0.4797533,0.70329213,-0.30566564,0.47979549028571405,0.7038847791428569,-0.29379836342857124,518.13354,1350.3209,518.179114285714,1351.4587742857134,0.97831374,False,False
7ae6904d-8782-4caa-8a1f-a9caf51a24c3,77,1.3704901960784313,right_shoulder,0.48800924,0.41632035,-0.023513636,0.4882385394285712,0.41712821228571406,-0.036095770657142846,527.05,799.3351,527.297624285714,800.8861728571425,0.9985428,False,False
7ae6904d-8782-4caa-8a1f-a9caf51a24c3,77,1.3704901960784313,right_wrist,0.6092829,0.32220307,-0.10374236,0.6078234882857139,0.3224167917142855,-0.16529921685714277,658.0256,618.6299,656.4493914285712,619.0402365714283,0.96650517,False,False
7ae6904d-8782-4caa-8a1f-a9caf51a24c3,78,1.3882887700534758,left_ankle,0.54092497,0.81349593,0.24865353,0.5406799651428569,0.8142630728571425,0.24626447571428559,584.199,1561.9122,583.9343811428569,1563.3851228571418,0.8638689,False,False
7ae6904d-8782-4caa-8a1f-a9caf51a24c3,78,1.3882887700534758,left_elbow,0.6507985,0.37922192,0.4559127,0.6505685662857139,0.37815608599999984,0.49104305828571404,702.86237,728.1061,702.6140402857139,726.0596937142852,0.41615933,False,False
7ae6904d-8782-4caa-8a1f-a9caf51a24c3,78,1.3882887700534758,left_foot_index,0.58962137,0.8660906,0.10290201,0.5895099499999996,0.8666196859999996,0.09878511479999996,636.7911,1662.8939,636.6707519999998,1663.9097771428565,0.8957441,False,False
7ae6904d-8782-4caa-8a1f-a9caf51a24c3,78,1.3882887700534758,left_heel,0.511441,0.8283439,0.24968843,0.5109716268571426,0.8290316628571424,0.24676037085714275,552.35626,1590.4203,551.8493551428569,1591.740745714285,0.8377812,False,False
7ae6904d-8782-4caa-8a1f-a9caf51a24c3,78,1.3882887700534758,left_hip,0.5628057,0.5880701,0.14716454,0.5626405294285711,0.5876962125714282,0.1475797948571428,607.83014,1129.0946,607.6517531428568,1128.376742857142,0.9993731,False,False
7ae6904d-8782-4caa-8a1f-a9caf51a24c3,78,1.3882887700534758,left_knee,0.56539404,0.70599353,0.13185258,0.5652324445714283,0.7057653345714281,0.1322557174285714,610.62555,1355.5076,610.451031428571,1355.0694885714277,0.7808036,False,False
7ae6904d-8782-4caa-8a1f-a9caf51a24c3,78,1.3882887700534758,left_shoulder,0.5828541,0.42894444,0.46699747,0.5828061994285711,0.42837577199999977,0.48850053914285696,629.4824,823.5733,629.4306971428568,822.4814799999996,0.9915603,False,False
7ae6904d-8782-4caa-8a1f-a9caf51a24c3,78,1.3882887700534758,left_wrist,0.6931217,0.31136194,0.3616831,0.6934971251428568,0.309844653142857,0.4137578834285712,748.5714,597.81494,748.976890285714,594.9017377142854,0.5866063,False,False
7ae6904d-8782-4caa-8a1f-a9caf51a24c3,78,1.3882887700534758,nose,0.56422126,0.37852547,0.14037406,0.5646380002857139,0.37712203057142846,0.1608124882857142,609.35895,726.7689,609.8090391428569,724.0742751428568,0.9994619,False,False
7ae6904d-8782-4caa-8a1f-a9caf51a24c3,78,1.3882887700534758,right_ankle,0.4643196,0.83277935,-0.28133202,0.46415283085714265,0.8336261017142852,-0.31601505942857133,501.46515,1598.9364,501.28503857142834,1600.5621771428564,0.97821873,False,False
7ae6904d-8782-4caa-8a1f-a9caf51a24c3,78,1.3882887700534758,right_elbow,0.5713648,0.3880455,-0.18371941,0.5712421171428568,0.3862663645714283,-0.16793913742857133,617.07404,745.04736,616.9415188571425,741.6314091428568,0.9816424,False,False
7ae6904d-8782-4caa-8a1f-a9caf51a24c3,78,1.3882887700534758,right_foot_index,0.5342166,0.89928514,-0.5195731,0.5342104577142854,0.8998538851428568,-0.5591514297142854,576.9539,1726.6274,576.9472794285712,1727.7194085714277,0.96865773,False,False
7ae6904d-8782-4caa-8a1f-a9caf51a24c3,78,1.3882887700534758,right_heel,0.4480699,0.853403,-0.2924302,0.44809055028571404,0.854063363428571,-0.3290587085714284,483.9155,1638.5337,483.93779599999976,1639.8016714285707,0.9119551,False,False
7ae6904d-8782-4caa-8a1f-a9caf51a24c3,78,1.3882887700534758,right_hip,0.48267454,0.58118534,-0.14695762,0.48256958971428543,0.5806426879999997,-0.14736735742857138,521.2885,1115.8759,521.1751531428569,1114.8339657142851,0.9996514,False,False
7ae6904d-8782-4caa-8a1f-a9caf51a24c3,78,1.3882887700534758,right_knee,0.47977844,0.7076061,-0.292519,0.4797621037142854,0.7073191739999996,-0.30550735342857127,518.1607,1358.6036,518.1430591428568,1358.0527571428565,0.9792733,False,False
7ae6904d-8782-4caa-8a1f-a9caf51a24c3,78,1.3882887700534758,right_shoulder,0.48808113,0.42104036,-0.015851162,0.48812772257142834,0.41986921142857125,-0.002640552885714279,527.1276,808.39746,527.1779314285711,806.148891428571,0.99866533,False,False
7ae6904d-8782-4caa-8a1f-a9caf51a24c3,78,1.3882887700534758,right_wrist,0.6106111,0.32556576,-0.05644461,0.6129348357142854,0.3240348351428569,-0.03324586851428567,659.45996,625.08624,661.9696374285711,622.146862285714,0.96747947,False,False
7ae6904d-8782-4caa-8a1f-a9caf51a24c3,79,1.4060873440285204,left_ankle,0.54220253,0.820844,0.23883885,0.5421961991428569,0.8207151559999997,0.23506866514285701,585.57874,1576.0205,585.5718939999997,1575.7731028571422,0.87028617,False,False
7ae6904d-8782-4caa-8a1f-a9caf51a24c3,79,1.4060873440285204,left_elbow,0.65111476,0.37993303,0.54115015,0.6527694725714283,0.3836091768571427,0.49658665685714265,703.2039,729.47144,704.9910068571425,736.5296334285711,0.43889353,False,False
7ae6904d-8782-4caa-8a1f-a9caf51a24c3,79,1.4060873440285204,left_foot_index,0.58988273,0.87374836,0.08647377,0.5900083357142855,0.8733984502857138,0.08400861565714282,637.07336,1677.5968,637.2090088571426,1676.924979999999,0.90122944,False,False
7ae6904d-8782-4caa-8a1f-a9caf51a24c3,79,1.4060873440285204,left_heel,0.5128586,0.83524966,0.23828661,0.5131356748571427,0.835187809428571,0.234710255142857,553.8873,1603.6793,554.1865277142854,1603.560542857142,0.84323376,False,False
7ae6904d-8782-4caa-8a1f-a9caf51a24c3,79,1.4060873440285204,left_hip,0.5627728,0.59204525,0.1450378,0.5628484445714282,0.592439142285714,0.14409120142857135,607.7946,1136.7269,607.8763037142853,1137.4831742857136,0.9994255,False,False
7ae6904d-8782-4caa-8a1f-a9caf51a24c3,79,1.4060873440285204,left_knee,0.5641775,0.710707,0.13233668,0.5642967594285712,0.710918179428571,0.1291914328571428,609.3117,1364.5575,609.4405028571425,1364.9629285714277,0.78950155,False,False
7ae6904d-8782-4caa-8a1f-a9caf51a24c3,79,1.4060873440285204,left_shoulder,0.5828766,0.43186948,0.5203731,0.582855262285714,0.43267797657142837,0.49665422142857124,629.5068,829.1894,629.4837034285712,830.7416985714282,0.99231887,False,False
7ae6904d-8782-4caa-8a1f-a9caf51a24c3,79,1.4060873440285204,left_wrist,0.6918744,0.31162623,0.49760386,0.6919828122857139,0.31399069628571413,0.42424384171428553,747.22437,598.3223,747.3414282857138,602.8621142857139,0.6094712,False,False
7ae6904d-8782-4caa-8a1f-a9caf51a24c3,79,1.4060873440285204,nose,0.56411475,0.38186595,0.18516971,0.563933013428571,0.3837022011428569,0.1638978787999999,609.24396,733.1826,609.0476631428569,736.7082179999995,0.99951464,False,False
7ae6904d-8782-4caa-8a1f-a9caf51a24c3,79,1.4060873440285204,right_ankle,0.463347,0.8414862,-0.35226342,0.4634628239999998,0.8406929502857139,-0.31913144999999987,500.41473,1615.6536,500.5398265714283,1614.1305257142849,0.97957474,False,False
7ae6904d-8782-4caa-8a1f-a9caf51a24c3,79,1.4060873440285204,right_elbow,0.5721622,0.3876757,-0.14865822,0.5718126228571425,0.3915613171428569,-0.1563920305714285,617.9352,744.33734,617.5576559999997,751.7977348571425,0.9828308,False,False
7ae6904d-8782-4caa-8a1f-a9caf51a24c3,79,1.4060873440285204,right_foot_index,0.5344663,0.9049848,-0.6019268,0.5346732099999998,0.9042027539999996,-0.563457408285714,577.22363,1737.5708,577.447062285714,1736.0692742857134,0.9706082,False,False
7ae6904d-8782-4caa-8a1f-a9caf51a24c3,79,1.4060873440285204,right_heel,0.4480204,0.8613771,-0.36691457,0.4480140631428569,0.8606622677142852,-0.3318183585714284,483.86203,1653.8441,483.85519428571405,1652.4715571428562,0.9145742,False,False
7ae6904d-8782-4caa-8a1f-a9caf51a24c3,79,1.4060873440285204,right_hip,0.48275983,0.58457494,-0.14481542,0.482793020285714,0.5854368879999997,-0.14387518314285708,521.3806,1122.3839,521.416460285714,1124.0388371428567,0.99968266,False,False
7ae6904d-8782-4caa-8a1f-a9caf51a24c3,79,1.4060873440285204,right_knee,0.47969422,0.71327025,-0.32255444,0.47971034971428544,0.7134278039999997,-0.313738069142857,518.06976,1369.4789,518.0871685714284,1369.781368571428,0.98041844,False,False
7ae6904d-8782-4caa-8a1f-a9caf51a24c3,79,1.4060873440285204,right_shoulder,0.4885409,0.4243786,0.026626881,0.48846412914285686,0.4259608282857141,0.01386671394,527.62415,814.80695,527.5412385714283,817.8448048571424,0.9987914,False,False
7ae6904d-8782-4caa-8a1f-a9caf51a24c3,79,1.4060873440285204,right_wrist,0.6178217,0.3254421,-0.00946802,0.6141605685714282,0.3288744128571427,-0.02311920679999998,667.24744,624.8488,663.293390285714,631.438862285714,0.9697297,False,False
7ae6904d-8782-4caa-8a1f-a9caf51a24c3,80,1.423885918003565,left_ankle,0.54261476,0.82991856,0.23937078,0.5425439934285712,0.8297305397142853,0.2589957334285713,586.0239,1593.4436,585.9475037142854,1593.082622857142,0.87710935,False,False
7ae6904d-8782-4caa-8a1f-a9caf51a24c3,80,1.423885918003565,left_elbow,0.65649,0.39607948,0.44416344,0.6546400697142855,0.3922696222857141,0.4697579725714284,709.0092,760.4726,707.0112625714282,753.157686285714,0.46480852,False,False
7ae6904d-8782-4caa-8a1f-a9caf51a24c3,80,1.423885918003565,left_foot_index,0.5895965,0.88170797,0.08713405,0.5894767442857141,0.8819498402857138,0.10960038742857137,636.7642,1692.8793,636.6348845714282,1693.3436742857134,0.90642065,False,False
7ae6904d-8782-4caa-8a1f-a9caf51a24c3,80,1.423885918003565,left_heel,0.51438,0.8436211,0.23956697,0.5140414045714283,0.8432558371428568,0.2601401719999999,555.5304,1619.7524,555.1647205714282,1619.051162857142,0.84984696,False,False
7ae6904d-8782-4caa-8a1f-a9caf51a24c3,80,1.423885918003565,left_hip,0.56286055,0.59936446,0.13926053,0.5627982579999997,0.5992379817142854,0.1403038828571428,607.8894,1150.7798,607.8221237142855,1150.5369628571423,0.99946016,False,False
7ae6904d-8782-4caa-8a1f-a9caf51a24c3,80,1.423885918003565,left_knee,0.5621389,0.7187697,0.12917122,0.5617240651428569,0.7190732957142854,0.1383229608571428,607.11005,1380.0378,606.6620342857141,1380.620742857142,0.79904944,False,False
7ae6904d-8782-4caa-8a1f-a9caf51a24c3,80,1.423885918003565,left_shoulder,0.5827227,0.43946105,0.47767916,0.5827672285714283,0.43907110657142834,0.4936060245714283,629.3405,843.7652,629.3886319999997,843.016511428571,0.9929423,False,False
7ae6904d-8782-4caa-8a1f-a9caf51a24c3,80,1.423885918003565,left_wrist,0.69150746,0.322467,0.33595502,0.6915532897142853,0.32100364028571415,0.38281404885714265,746.82806,619.13666,746.8775839999996,616.3269799999996,0.6318827,False,False
7ae6904d-8782-4caa-8a1f-a9caf51a24c3,80,1.423885918003565,nose,0.5623327,0.39291388,0.14202245,0.5618589777142854,0.39159599371428555,0.15555496159999993,607.3193,754.39465,606.8076971428569,751.8642982857139,0.99955934,False,False
7ae6904d-8782-4caa-8a1f-a9caf51a24c3,80,1.423885918003565,right_ankle,0.46277237,0.85004073,-0.30002323,0.46276353371428547,0.8509870131428567,-0.32143273342857126,499.79416,1632.0782,499.7846165714283,1633.895085714285,0.98080665,False,False
7ae6904d-8782-4caa-8a1f-a9caf51a24c3,80,1.423885918003565,right_elbow,0.5714951,0.4017296,-0.15499766,0.5719872174285712,0.39860939085714264,-0.15339525371428564,617.2147,771.32086,617.7462194285711,765.3300519999997,0.98344016,False,False
7ae6904d-8782-4caa-8a1f-a9caf51a24c3,80,1.423885918003565,right_foot_index,0.5343028,0.90957075,-0.54290414,0.534001394285714,0.9106070939999995,-0.5677746619999997,577.047,1746.3759,576.7215154285711,1748.3656714285703,0.97220916,False,False
7ae6904d-8782-4caa-8a1f-a9caf51a24c3,80,1.423885918003565,right_heel,0.44796962,0.86843854,-0.3113047,0.4479637657142854,0.8692163851428567,-0.3342240768571427,483.8072,1667.402,483.80086742857117,1668.8955114285704,0.9165066,False,False
7ae6904d-8782-4caa-8a1f-a9caf51a24c3,80,1.423885918003565,right_hip,0.4828234,0.5935709,-0.13907266,0.482819630285714,0.5931520211428569,-0.14011930171428563,521.4493,1139.6561,521.4452114285712,1138.8518942857138,0.99970573,False,False
7ae6904d-8782-4caa-8a1f-a9caf51a24c3,80,1.423885918003565,right_knee,0.47964016,0.72147304,-0.31835553,0.47980152399999976,0.7216018994285711,-0.3211629762857141,518.01135,1385.2283,518.1856362857139,1385.475722857142,0.98152006,False,False
7ae6904d-8782-4caa-8a1f-a9caf51a24c3,80,1.423885918003565,right_shoulder,0.48816907,0.43478176,0.012313766,0.4880086754285712,0.4336727439999998,0.01616070126285714,527.2226,834.781,527.0493799999997,832.6516891428568,0.99889386,False,False
7ae6904d-8782-4caa-8a1f-a9caf51a24c3,80,1.423885918003565,right_wrist,0.6103846,0.33809727,-0.032470744,0.6128103914285712,0.33521190599999984,-0.017946298514285697,659.21533,649.1468,661.8351974285712,643.6068765714282,0.9705749,False,False
7ae6904d-8782-4caa-8a1f-a9caf51a24c3,81,1.4416844919786096,left_ankle,0.5423147,0.83907694,0.31445253,0.5425062037142855,0.8391361342857138,0.29862417171428557,585.6999,1611.0277,585.9066908571426,1611.1413314285708,0.8827801,False,False
7ae6904d-8782-4caa-8a1f-a9caf51a24c3,81,1.4416844919786096,left_elbow,0.65226066,0.39959544,0.40113685,0.6523490254285711,0.40135045114285695,0.38572598457142837,704.4415,767.22327,704.5369257142854,770.5928879999996,0.48912552,False,False
7ae6904d-8782-4caa-8a1f-a9caf51a24c3,81,1.4416844919786096,left_foot_index,0.5880693,0.8904596,0.16861482,0.5886775688571426,0.8899253959999995,0.14640554125714278,635.11487,1709.6824,635.7717817142855,1708.6567257142847,0.91041976,False,False
7ae6904d-8782-4caa-8a1f-a9caf51a24c3,81,1.4416844919786096,left_heel,0.51420283,0.85137653,0.31963158,0.5144250117142855,0.8516186445714281,0.30300991628571416,555.33905,1634.643,555.5790071428569,1635.1077685714279,0.8546528,False,False
7ae6904d-8782-4caa-8a1f-a9caf51a24c3,81,1.4416844919786096,left_hip,0.56290174,0.60801697,0.13666336,0.5629151825714283,0.6081565668571425,0.13559237628571422,607.9339,1167.3926,607.9484028571426,1167.6605942857136,0.9994951,False,False
7ae6904d-8782-4caa-8a1f-a9caf51a24c3,81,1.4416844919786096,left_knee,0.558358,0.72944146,0.15540801,0.5587668571428569,0.728967655428571,0.1476162351428571,603.0267,1400.5276,603.4682314285711,1399.6178371428564,0.80831945,False,False
7ae6904d-8782-4caa-8a1f-a9caf51a24c3,81,1.4416844919786096,left_shoulder,0.5827242,0.44702092,0.46161863,0.5827094005714284,0.4467946479999998,0.4446889888571426,629.34216,858.28015,629.3261605714283,857.8457157142852,0.9934876,False,False
7ae6904d-8782-4caa-8a1f-a9caf51a24c3,81,1.4416844919786096,left_wrist,0.6908848,0.32928234,0.29283813,0.6911599531428567,0.32872669542857125,0.26789856599999984,746.15564,632.2221,746.4527711428567,631.1552691428568,0.651803,False,False
7ae6904d-8782-4caa-8a1f-a9caf51a24c3,81,1.4416844919786096,nose,0.5586023,0.39995477,0.123417124,0.5593756237142854,0.40010831857142837,0.11110427388571423,603.29047,767.91315,604.1256485714282,768.2079625714281,0.99960023,False,False
7ae6904d-8782-4caa-8a1f-a9caf51a24c3,81,1.4416844919786096,right_ankle,0.4623984,0.8614659,-0.28591833,0.46262329371428546,0.8605473231428569,-0.27323885828571415,499.3903,1654.0145,499.6331774285712,1652.2508342857136,0.9819412,False,False
7ae6904d-8782-4caa-8a1f-a9caf51a24c3,81,1.4416844919786096,right_elbow,0.5728167,0.40518972,-0.17277369,0.5726851954285712,0.4061320851428569,-0.1761018522857142,618.6421,777.9643,618.5000234285711,779.7736428571425,0.98404455,False,False
7ae6904d-8782-4caa-8a1f-a9caf51a24c3,81,1.4416844919786096,right_foot_index,0.53125715,0.91838753,-0.5317393,0.5322800728571425,0.9177497574285709,-0.5188117857142854,573.75775,1763.3041,574.8624811428568,1762.079542857142,0.97369075,False,False
7ae6904d-8782-4caa-8a1f-a9caf51a24c3,81,1.4416844919786096,right_heel,0.44789195,0.8776248,-0.2972637,0.4480680499999997,0.8769848228571424,-0.28360567799999986,483.7233,1685.0397,483.9134974285712,1683.8109257142848,0.9180745,False,False
7ae6904d-8782-4caa-8a1f-a9caf51a24c3,81,1.4416844919786096,right_hip,0.48284286,0.6032009,-0.13653749,0.48280787485714266,0.603549570285714,-0.13546053971428562,521.4703,1158.1458,521.4325257142855,1158.8151942857137,0.9997295,False,False
7ae6904d-8782-4caa-8a1f-a9caf51a24c3,81,1.4416844919786096,right_knee,0.4795676,0.7315648,-0.3053635,0.47906530142857123,0.7317030871428568,-0.3030240837142856,517.933,1404.6045,517.3905065714283,1404.869982857142,0.9825872,False,False
7ae6904d-8782-4caa-8a1f-a9caf51a24c3,81,1.4416844919786096,right_shoulder,0.48664182,0.4422372,-0.0015286183,0.48674818285714266,0.4424985668571426,-0.0008225098085714332,525.5732,849.0954,525.6880485714283,849.5972271428567,0.99899113,False,False
7ae6904d-8782-4caa-8a1f-a9caf51a24c3,81,1.4416844919786096,right_wrist,0.6104829,0.3397528,-0.03584709,0.6102954085714283,0.34002671885714275,-0.06146024251714284,659.3215,652.3254,659.1190068571426,652.851334285714,0.97161067,False,False
7ae6904d-8782-4caa-8a1f-a9caf51a24c3,82,1.4594830659536542,left_ankle,0.542281,0.84887004,0.29932952,0.5423138834285711,0.8492881748571425,0.2879866605714284,585.66345,1629.8304,585.6989785714284,1630.6332342857136,0.8876108,False,False
7ae6904d-8782-4caa-8a1f-a9caf51a24c3,82,1.4594830659536542,left_elbow,0.6453457,0.40686342,0.34965178,0.6458534405714282,0.4062726762857141,0.3721423617142855,696.9733,781.1778,697.5216828571424,780.0435599999996,0.5000069,False,False
7ae6904d-8782-4caa-8a1f-a9caf51a24c3,82,1.4594830659536542,left_foot_index,0.5860049,0.8976716,0.13254078,0.584878806285714,0.8982423568571424,0.1251399718285714,632.8853,1723.5294,631.6691239999998,1724.6252657142848,0.91350514,False,False
7ae6904d-8782-4caa-8a1f-a9caf51a24c3,82,1.4594830659536542,left_heel,0.514475,0.86069566,0.30456182,0.514538460285714,0.8611154097142852,0.2923395637142856,555.633,1652.5356,555.7015371428569,1653.3415885714276,0.85934716,False,False
7ae6904d-8782-4caa-8a1f-a9caf51a24c3,82,1.4594830659536542,left_hip,0.5634559,0.6174676,0.13190447,0.5636651739999998,0.616889378285714,0.13314018799999994,608.53235,1185.5377,608.7583871428567,1184.4275799999994,0.9995188,False,False
7ae6904d-8782-4caa-8a1f-a9caf51a24c3,82,1.4594830659536542,left_knee,0.5567543,0.73844016,0.13732855,0.5569749971428568,0.7384698188571425,0.13349017771428565,601.2946,1417.805,601.5329928571425,1417.8620428571421,0.81596345,False,False
7ae6904d-8782-4caa-8a1f-a9caf51a24c3,82,1.4594830659536542,left_shoulder,0.5826934,0.4544002,0.40908107,0.5826803697142855,0.45476085057142834,0.4318349985714283,629.3089,872.4484,629.2948291428568,873.1408428571425,0.99383223,False,False
7ae6904d-8782-4caa-8a1f-a9caf51a24c3,82,1.4594830659536542,left_wrist,0.68833566,0.33454287,0.23766607,0.6869562188571425,0.33601980942857124,0.26909055828571415,743.4025,642.3223,741.9127317142854,645.1580234285711,0.6624044,False,False
7ae6904d-8782-4caa-8a1f-a9caf51a24c3,82,1.4594830659536542,nose,0.5581775,0.40664947,0.083959274,0.5578821508571427,0.40692950371428555,0.10135875474285709,602.83167,780.76697,602.5127014285711,781.3046497142853,0.9996287,False,False
7ae6904d-8782-4caa-8a1f-a9caf51a24c3,82,1.4594830659536542,right_ankle,0.46213087,0.8677447,-0.22147806,0.4615699094285712,0.8674753025714281,-0.2261667779999999,499.10135,1666.0698,498.4955162857141,1665.5525399999992,0.9827074,False,False
7ae6904d-8782-4caa-8a1f-a9caf51a24c3,82,1.4594830659536542,right_elbow,0.57383883,0.40944102,-0.19071701,0.5737472939999997,0.4095066582857141,-0.1787232225714285,619.7459,786.1268,619.6470868571427,786.2528248571425,0.9843193,False,False
7ae6904d-8782-4caa-8a1f-a9caf51a24c3,82,1.4594830659536542,right_foot_index,0.5263768,0.924689,-0.46751037,0.5236912917142855,0.9243497745714281,-0.46942707342857126,568.48694,1775.4028,565.5866017142854,1774.751568571428,0.9746332,False,False
7ae6904d-8782-4caa-8a1f-a9caf51a24c3,82,1.4594830659536542,right_heel,0.44783008,0.8828985,-0.22906195,0.4474023828571426,0.8824645885714281,-0.23393546371428559,483.6565,1695.1652,483.1945857142855,1694.3320742857134,0.9181815,False,False
7ae6904d-8782-4caa-8a1f-a9caf51a24c3,82,1.4594830659536542,right_hip,0.4828398,0.61337954,-0.13180724,0.4829524645714284,0.6123021765714283,-0.13303890285714282,521.467,1177.6887,521.5886765714283,1175.6201999999992,0.9997463,False,False
7ae6904d-8782-4caa-8a1f-a9caf51a24c3,82,1.4594830659536542,right_knee,0.4775453,0.7413925,-0.27626604,0.4780905757142855,0.7403380771428568,-0.27840490028571413,515.7489,1423.4736,516.3378059999998,1421.449148571428,0.98331743,False,False
7ae6904d-8782-4caa-8a1f-a9caf51a24c3,82,1.4594830659536542,right_shoulder,0.4855066,0.4496708,-0.0025192946,0.48571079285714264,0.4493375325714283,-7.511056571428941e-05,524.3471,863.3679,524.5676514285711,862.7280428571424,0.99905723,False,False
7ae6904d-8782-4caa-8a1f-a9caf51a24c3,82,1.4594830659536542,right_wrist,0.6119988,0.3402928,-0.09944323,0.6113197885714282,0.3413436228571427,-0.0565656443885714,660.9587,653.3622,660.2253774285712,655.379781428571,0.97190994,False,False
7ae6904d-8782-4caa-8a1f-a9caf51a24c3,83,1.4772816399286988,left_ankle,0.5412581,0.85915816,0.21391135,0.5421020368571426,0.8581943319999996,0.22723581657142844,584.5587,1649.5836,585.4701514285712,1647.733045714285,0.8948963,False,False
7ae6904d-8782-4caa-8a1f-a9caf51a24c3,83,1.4772816399286988,left_elbow,0.64163315,0.4137908,0.40708306,0.6419911219999997,0.41419599885714264,0.38356366942857123,692.9638,794.47833,693.3503928571425,795.2563311428568,0.5171051,False,False
7ae6904d-8782-4caa-8a1f-a9caf51a24c3,83,1.4772816399286988,left_foot_index,0.5770106,0.9072447,0.039644882,0.5774356914285712,0.9075184028571425,0.05239880368571424,623.17145,1741.9098,623.6305588571427,1742.4353228571417,0.9185073,False,False
7ae6904d-8782-4caa-8a1f-a9caf51a24c3,83,1.4772816399286988,left_heel,0.5147523,0.87093353,0.21435848,0.5162452559999998,0.8698475805714282,0.228756301142857,555.9325,1672.1924,557.5448971428568,1670.1073485714276,0.8662317,False,False
7ae6904d-8782-4caa-8a1f-a9caf51a24c3,83,1.4772816399286988,left_hip,0.56492573,0.62555254,0.13213685,0.5646379511428569,0.6263177877142855,0.1296318225714285,610.1198,1201.0609,609.808987142857,1202.530102857142,0.9995543,False,False
7ae6904d-8782-4caa-8a1f-a9caf51a24c3,83,1.4772816399286988,left_knee,0.5564773,0.7470114,0.09211838,0.5558593085714283,0.7469577959999997,0.0965384488571428,600.9955,1434.262,600.3280634285711,1434.1589714285708,0.82659775,False,False
7ae6904d-8782-4caa-8a1f-a9caf51a24c3,83,1.4772816399286988,left_shoulder,0.58261526,0.46408984,0.45446852,0.5826348097142855,0.463826732285714,0.4383722437142855,629.2245,891.0525,629.245611428571,890.547321428571,0.99429846,False,False
7ae6904d-8782-4caa-8a1f-a9caf51a24c3,83,1.4772816399286988,left_wrist,0.67897916,0.34720173,0.3308133,0.6802522957142854,0.34671240514285695,0.298774787142857,733.2975,666.6273,734.672475428571,665.6877985714283,0.67605555,False,False
7ae6904d-8782-4caa-8a1f-a9caf51a24c3,83,1.4772816399286988,nose,0.55729014,0.41486743,0.12190436,0.5570352737142854,0.4143200122857141,0.10987755217142851,601.87335,796.5455,601.5980999999997,795.4944397142854,0.9996599,False,False
7ae6904d-8782-4caa-8a1f-a9caf51a24c3,83,1.4772816399286988,right_ankle,0.4592518,0.87157685,-0.16615893,0.45977259828571404,0.8724733005714281,-0.16356816257142848,495.99194,1673.4275,496.55440057142835,1675.1487114285708,0.9833471,False,False
7ae6904d-8782-4caa-8a1f-a9caf51a24c3,83,1.4772816399286988,right_elbow,0.57380754,0.4148742,-0.15872976,0.5736881939999998,0.41515410685714266,-0.1677450359999999,619.71216,796.5585,619.5832439999997,797.0959199999996,0.9847479,False,False
7ae6904d-8782-4caa-8a1f-a9caf51a24c3,83,1.4772816399286988,right_foot_index,0.5087751,0.9291697,-0.40011644,0.5105824259999998,0.9303878345714282,-0.4000291639999998,549.4771,1784.0059,551.4290148571426,1786.3446314285704,0.9755351,False,False
7ae6904d-8782-4caa-8a1f-a9caf51a24c3,83,1.4772816399286988,right_heel,0.4457722,0.88568866,-0.17031342,0.4464797748571427,0.8865741545714282,-0.16800648257142847,481.434,1700.5222,482.1981711428569,1702.2223599999993,0.91655326,False,False
7ae6904d-8782-4caa-8a1f-a9caf51a24c3,83,1.4772816399286988,right_hip,0.48324397,0.6199536,-0.13204366,0.4830819931428569,0.6211547408571425,-0.12955098571428564,521.9035,1190.3109,521.728557142857,1192.6170685714278,0.9997646,False,False
7ae6904d-8782-4caa-8a1f-a9caf51a24c3,83,1.4772816399286988,right_knee,0.47750217,0.74718976,-0.25104403,0.47721355799999976,0.7482241934285712,-0.2475195768571427,515.70233,1434.6044,515.3906205714284,1436.590485714285,0.98377067,False,False
7ae6904d-8782-4caa-8a1f-a9caf51a24c3,83,1.4772816399286988,right_shoulder,0.48506996,0.45695916,0.013484782,0.48459582457142836,0.45762291599999977,0.01156737193428571,523.87555,877.3616,523.3634757142854,878.6359785714282,0.9991273,False,False
7ae6904d-8782-4caa-8a1f-a9caf51a24c3,83,1.4772816399286988,right_wrist,0.6110019,0.34640566,-0.0042852233,0.6114722742857139,0.3459748857142856,-0.03827869877428569,659.8821,665.0989,660.3900857142854,664.2718119999996,0.97280633,False,False
7ae6904d-8782-4caa-8a1f-a9caf51a24c3,84,1.4950802139037431,left_ankle,0.5376068,0.86492336,0.21044098,0.5354536271428569,0.8661122788571424,0.22117282428571416,580.6153,1660.6528,578.2898714285711,1662.935525714285,0.9006431,False,False
7ae6904d-8782-4caa-8a1f-a9caf51a24c3,84,1.4950802139037431,left_elbow,0.6410874,0.42317697,0.4284154,0.6405396257142854,0.42339882085714264,0.4612661808571426,692.3744,812.4998,691.7828128571425,812.9257399999997,0.5315012,False,False
7ae6904d-8782-4caa-8a1f-a9caf51a24c3,84,1.4950802139037431,left_foot_index,0.56783146,0.9164208,0.03700284,0.5677012557142854,0.9156818742857139,0.047268796114285666,613.258,1759.528,613.1173574285712,1758.109222857142,0.9223367,False,False
7ae6904d-8782-4caa-8a1f-a9caf51a24c3,84,1.4950802139037431,left_heel,0.51385015,0.8765481,0.21161534,0.5104341562857141,0.877929970285714,0.22283459342857131,554.9582,1682.9724,551.2689157142854,1685.625599999999,0.8714129,False,False
7ae6904d-8782-4caa-8a1f-a9caf51a24c3,84,1.4950802139037431,left_hip,0.5652724,0.6368539,0.13009678,0.5655019617142855,0.6366982017142855,0.13519444771428563,610.4942,1222.7594,610.742124285714,1222.4605142857135,0.99958473,False,False
7ae6904d-8782-4caa-8a1f-a9caf51a24c3,84,1.4950802139037431,left_knee,0.5541017,0.75605476,0.08174405,0.5545632114285711,0.7567878725714282,0.08589190485714279,598.4299,1451.6251,598.9283062857139,1453.032742857142,0.83568484,False,False
7ae6904d-8782-4caa-8a1f-a9caf51a24c3,84,1.4950802139037431,left_shoulder,0.58262676,0.4743732,0.46672052,0.5826246959999997,0.47513040428571407,0.4780712934285712,629.2369,910.7965,629.2346739999997,912.2503599999995,0.9946728,False,False
7ae6904d-8782-4caa-8a1f-a9caf51a24c3,84,1.4950802139037431,left_wrist,0.6740279,0.3589811,0.36603525,0.6739211257142854,0.3589040754285713,0.40675430657142836,727.95013,689.2437,727.8348117142854,689.0958171428568,0.6874162,False,False
7ae6904d-8782-4caa-8a1f-a9caf51a24c3,84,1.4950802139037431,nose,0.5556178,0.42321104,0.1325139,0.5557591651428568,0.4248114414285712,0.1386159476571428,600.06726,812.5652,600.2199145714283,815.6379739999995,0.99968874,False,False
7ae6904d-8782-4caa-8a1f-a9caf51a24c3,84,1.4950802139037431,right_ankle,0.45758775,0.87880504,-0.12471574,0.4580784265714283,0.8779583919999996,-0.12951742257142848,494.19476,1687.3057,494.72470057142834,1685.6801114285704,0.9837806,False,False
7ae6904d-8782-4caa-8a1f-a9caf51a24c3,84,1.4950802139037431,right_elbow,0.5730368,0.42111418,-0.1666416,0.5732968511428569,0.4196385365714284,-0.17072368714285704,618.87976,808.53925,619.160618285714,805.7060182857138,0.98521274,False,False
7ae6904d-8782-4caa-8a1f-a9caf51a24c3,84,1.4950802139037431,right_foot_index,0.49889633,0.9364818,-0.35709506,0.4991646825714283,0.9348951857142852,-0.3644286859999998,538.80804,1798.045,539.0978519999996,1794.9987485714278,0.9761681,False,False
7ae6904d-8782-4caa-8a1f-a9caf51a24c3,84,1.4950802139037431,right_heel,0.4446963,0.8924866,-0.12777442,0.4450806959999998,0.8916237845714281,-0.13204325457142851,480.272,1713.5742,480.68716399999977,1711.9176085714278,0.91487634,False,False
7ae6904d-8782-4caa-8a1f-a9caf51a24c3,84,1.4950802139037431,right_hip,0.4831707,0.6313391,-0.1300391,0.48329369999999977,0.6310819828571426,-0.1351228948571428,521.82434,1212.171,521.9571928571426,1211.677328571428,0.99978054,False,False
7ae6904d-8782-4caa-8a1f-a9caf51a24c3,84,1.4950802139037431,right_knee,0.47700557,0.7574918,-0.22472498,0.4771254757142855,0.7574701605714282,-0.2311055359999999,515.166,1454.3843,515.2955177142856,1454.3427628571421,0.98400867,False,False
7ae6904d-8782-4caa-8a1f-a9caf51a24c3,84,1.4950802139037431,right_shoulder,0.4832562,0.467867,0.022111176,0.48368081142857117,0.467923674285714,0.022886500460571422,521.9167,898.3046,522.3752799999997,898.4134519999996,0.99918467,False,False
7ae6904d-8782-4caa-8a1f-a9caf51a24c3,84,1.4950802139037431,right_wrist,0.6114836,0.35252017,-0.031637628,0.611894171428571,0.35185981514285697,-0.027792202131428547,660.4023,676.83875,660.8457257142853,675.5708625714283,0.973796,False,False
7ae6904d-8782-4caa-8a1f-a9caf51a24c3,85,1.512878787878788,left_ankle,0.51984197,0.87239236,0.28570926,0.5202210054285712,0.8711609337142853,0.27367852199999987,561.4293,1674.9933,561.838666285714,1672.6289571428563,0.9066654,False,False
7ae6904d-8782-4caa-8a1f-a9caf51a24c3,85,1.512878787878788,left_elbow,0.6394965,0.433094,0.5430264,0.6398816725714283,0.43185611514285693,0.5046197348571426,690.65625,831.54047,691.0722265714282,829.1637251428567,0.5427971,False,False
7ae6904d-8782-4caa-8a1f-a9caf51a24c3,85,1.512878787878788,left_foot_index,0.56025314,0.9192486,0.122894615,0.5610646177142855,0.9192440142857139,0.11563952539999994,605.07336,1764.9573,605.9497774285711,1764.948522857142,0.92651784,False,False
7ae6904d-8782-4caa-8a1f-a9caf51a24c3,85,1.512878787878788,left_heel,0.49316615,0.88466674,0.2909516,0.4945759759999998,0.8832294537142853,0.277883335142857,532.61945,1698.5602,534.1420674285712,1695.8005942857135,0.8779498,False,False
7ae6904d-8782-4caa-8a1f-a9caf51a24c3,85,1.512878787878788,left_hip,0.5658145,0.6470259,0.14774586,0.5658280745714283,0.6464196359999996,0.14247378428571422,611.07965,1242.2897,611.0943157142854,1241.1256314285706,0.9996167,False,False
7ae6904d-8782-4caa-8a1f-a9caf51a24c3,85,1.512878787878788,left_knee,0.5534121,0.7670952,0.11660464,0.5531105348571426,0.7662050922857139,0.1179328008571428,597.68506,1472.8228,597.3593919999997,1471.1137942857135,0.8444436,False,False
7ae6904d-8782-4caa-8a1f-a9caf51a24c3,85,1.512878787878788,left_shoulder,0.5826368,0.48660323,0.5025665,0.5826827359999998,0.48538498142857117,0.49515725342857125,629.24774,934.2782,629.2973531428569,931.9391282857138,0.9951027,False,False
7ae6904d-8782-4caa-8a1f-a9caf51a24c3,85,1.512878787878788,left_wrist,0.66984123,0.36731195,0.51087,0.6694619579999996,0.36588410685714273,0.4656915925714284,723.4285,705.23895,723.018890285714,702.4974728571425,0.69654125,False,False
7ae6904d-8782-4caa-8a1f-a9caf51a24c3,85,1.512878787878788,nose,0.5558115,0.43666923,0.15136217,0.5561812337142854,0.43425635057142836,0.15037781171428563,600.2764,838.4049,600.6757248571425,833.7721851428568,0.9997156,False,False
7ae6904d-8782-4caa-8a1f-a9caf51a24c3,85,1.512878787878788,right_ankle,0.4548893,0.88481337,-0.13212891,0.45307113714285696,0.886339066285714,-0.1353521219999999,491.28046,1698.8417,489.3168279999997,1701.771062857142,0.98452944,False,False
7ae6904d-8782-4caa-8a1f-a9caf51a24c3,85,1.512878787878788,right_elbow,0.57323295,0.4245203,-0.19910397,0.5730643937142854,0.42668224057142834,-0.1863015685714285,619.0916,815.079,618.9095668571425,819.229923428571,0.98615044,False,False
7ae6904d-8782-4caa-8a1f-a9caf51a24c3,85,1.512878787878788,right_foot_index,0.4960993,0.9370659,-0.367002,0.4962182131428569,0.9382312919999996,-0.36146876742857126,535.78723,1799.1665,535.9156625714284,1801.4040542857135,0.9772199,False,False
7ae6904d-8782-4caa-8a1f-a9caf51a24c3,85,1.512878787878788,right_heel,0.43932533,0.89945287,-0.13511553,0.43642725971428553,0.9015063888571424,-0.13988501142857135,474.47137,1726.9495,471.34143228571406,1730.8922457142849,0.9165519,False,False
7ae6904d-8782-4caa-8a1f-a9caf51a24c3,85,1.512878787878788,right_hip,0.48362505,0.64193875,-0.14766711,0.4836189514285712,0.6414003357142855,-0.14240003399999993,522.31506,1232.5223,522.3084634285711,1231.4885942857136,0.9997972,False,False
7ae6904d-8782-4caa-8a1f-a9caf51a24c3,85,1.512878787878788,right_knee,0.47699,0.76876545,-0.23345502,0.4768800397142855,0.7685993648571424,-0.23135676257142845,515.14923,1476.0297,515.0304377142854,1475.710808571428,0.98448724,False,False
7ae6904d-8782-4caa-8a1f-a9caf51a24c3,85,1.512878787878788,right_shoulder,0.4835212,0.47841522,0.021357236,0.4833456879999997,0.4773919371428569,0.023762371163428574,522.2029,918.55725,522.0133471428569,916.5925191428566,0.9992522,False,False
7ae6904d-8782-4caa-8a1f-a9caf51a24c3,85,1.512878787878788,right_wrist,0.6119476,0.35809082,-0.066174455,0.6106119314285712,0.35933214457142837,-0.048875463002857125,660.9034,687.53436,659.4608765714282,689.9177091428568,0.97549874,False,False
7ae6904d-8782-4caa-8a1f-a9caf51a24c3,86,1.5306773618538323,left_ankle,0.50159883,0.87392116,0.31130219,0.5023056685714283,0.8745281757142853,0.3081528234285713,541.72675,1677.9286,542.4901214285712,1679.094082857142,0.9104324,False,False
7ae6904d-8782-4caa-8a1f-a9caf51a24c3,86,1.5306773618538323,left_elbow,0.6390392,0.4390257,0.49703455,0.6384398839999996,0.4411007528571427,0.5188904371428569,690.16235,842.9293,689.5150922857139,846.9134277142853,0.54672056,False,False
7ae6904d-8782-4caa-8a1f-a9caf51a24c3,86,1.5306773618538323,left_foot_index,0.55758035,0.9183976,0.17583068,0.5564678077142854,0.918386731428571,0.16349403885714278,602.18677,1763.3234,600.9852142857139,1763.3025457142849,0.9295149,False,False
7ae6904d-8782-4caa-8a1f-a9caf51a24c3,86,1.5306773618538323,left_heel,0.47395116,0.886295,0.31609517,0.4737920888571426,0.8871138405714282,0.31309937685714273,511.86725,1701.6864,511.69545714285687,1703.2585885714277,0.8812476,False,False
7ae6904d-8782-4caa-8a1f-a9caf51a24c3,86,1.5306773618538323,left_hip,0.5651924,0.65353924,0.1475729,0.5646638514285712,0.6539172622857139,0.14957466371428563,610.4078,1254.7953,609.8369771428568,1255.5211542857137,0.9996331,False,False
7ae6904d-8782-4caa-8a1f-a9caf51a24c3,86,1.5306773618538323,left_knee,0.5528088,0.7731047,0.15870759,0.5525863748571426,0.7727130165714282,0.14992507714285708,597.0335,1484.3611,596.7932805714282,1483.6090085714277,0.8492706,False,False
7ae6904d-8782-4caa-8a1f-a9caf51a24c3,86,1.5306773618538323,left_shoulder,0.58257836,0.49329883,0.4863102,0.5824701439999996,0.49400403399999976,0.4817729477142855,629.18463,947.1337,629.0677482857141,948.4877268571423,0.99539846,False,False
7ae6904d-8782-4caa-8a1f-a9caf51a24c3,86,1.5306773618538323,left_wrist,0.6640242,0.37052387,0.45779997,0.6639507899999996,0.37352306085714265,0.4826268462857141,717.1461,711.4058,717.0668168571425,717.1642742857139,0.69725364,False,False
7ae6904d-8782-4caa-8a1f-a9caf51a24c3,86,1.5306773618538323,nose,0.558873,0.44155958,0.14283289,0.5587746771428569,0.4436288077142855,0.13430718759999993,603.5828,847.7944,603.4766077142854,851.7672999999995,0.99974006,False,False
7ae6904d-8782-4caa-8a1f-a9caf51a24c3,86,1.5306773618538323,right_ankle,0.44318247,0.8948635,-0.16735923,0.44441923971428554,0.8927878805714281,-0.1673229351428571,478.63705,1718.138,479.9727725714283,1714.1527742857133,0.9852966,False,False
7ae6904d-8782-4caa-8a1f-a9caf51a24c3,86,1.5306773618538323,right_elbow,0.5730684,0.43866774,-0.19314396,0.5730897857142855,0.4388209645714284,-0.20258598257142846,618.9139,842.24207,618.9369777142854,842.5362577142853,0.9860578,False,False
7ae6904d-8782-4caa-8a1f-a9caf51a24c3,86,1.5306773618538323,right_foot_index,0.49661204,0.9398731,-0.37283406,0.49587533171428544,0.939177535428571,-0.38248464171428553,536.341,1804.5564,535.5453588571427,1803.220902857142,0.97823995,False,False
7ae6904d-8782-4caa-8a1f-a9caf51a24c3,86,1.5306773618538323,right_heel,0.41989762,0.9128142,-0.17620426,0.42231430685714266,0.9101718368571423,-0.17486735971428563,453.4894,1752.6033,456.0994454285712,1747.5299742857135,0.9192306,False,False
7ae6904d-8782-4caa-8a1f-a9caf51a24c3,86,1.5306773618538323,right_hip,0.48417708,0.64915496,-0.1474903,0.4841392388571426,0.6493793805714282,-0.1494955565714285,522.91125,1246.3776,522.8703934285711,1246.8084342857137,0.9998084,False,False
7ae6904d-8782-4caa-8a1f-a9caf51a24c3,86,1.5306773618538323,right_knee,0.47699106,0.77773,-0.23894046,0.4770240368571427,0.7769838485714281,-0.23800853314285703,515.1503,1493.2416,515.1859502857141,1491.8089885714278,0.98502314,False,False
7ae6904d-8782-4caa-8a1f-a9caf51a24c3,86,1.5306773618538323,right_shoulder,0.48436704,0.48396352,0.00017485856,0.4846751991428569,0.4846465908571426,-0.010038953727999983,523.1164,929.20996,523.4492114285712,930.5214605714281,0.9993036,False,False
7ae6904d-8782-4caa-8a1f-a9caf51a24c3,86,1.5306773618538323,right_wrist,0.6061076,0.37027624,-0.037433017,0.6068098999999997,0.37062435742857125,-0.050886342142857095,654.5962,710.93036,655.3546908571425,711.5987462857139,0.97508067,False,False
7ae6904d-8782-4caa-8a1f-a9caf51a24c3,87,1.5484759358288769,left_ankle,0.49209052,0.8762324,0.29916438,0.4928881754285712,0.8764007197142851,0.3096041202857141,531.45776,1682.3662,532.3192399999997,1682.689342857142,0.9119358,False,False
7ae6904d-8782-4caa-8a1f-a9caf51a24c3,87,1.5484759358288769,left_elbow,0.63740057,0.45089787,0.4846361,0.6381617231428569,0.44876021314285697,0.4728160511428569,688.39264,865.72394,689.2147059999998,861.6196168571423,0.5472405,False,False
7ae6904d-8782-4caa-8a1f-a9caf51a24c3,87,1.5484759358288769,left_foot_index,0.55365056,0.9165908,0.15896422,0.5547325057142853,0.9169140885714282,0.17861468842857134,597.9426,1759.8544,599.1111051428568,1760.4750571428563,0.93098,False,False
7ae6904d-8782-4caa-8a1f-a9caf51a24c3,87,1.5484759358288769,left_heel,0.46100807,0.88920677,0.30323705,0.4626892948571426,0.8891501805714281,0.31435785457142845,497.88873,1707.277,499.7044508571426,1707.168348571428,0.8831577,False,False
7ae6904d-8782-4caa-8a1f-a9caf51a24c3,87,1.5484759358288769,left_hip,0.5618881,0.6609377,0.15357426,0.5626730799999997,0.6612680479999997,0.1549299625714285,606.8392,1269.0005,607.6869579999997,1269.6347257142852,0.9996286,False,False
7ae6904d-8782-4caa-8a1f-a9caf51a24c3,87,1.5484759358288769,left_knee,0.55421036,0.77743983,0.15456513,0.5547460897142854,0.7799650259999997,0.16235111142857134,598.5472,1492.6844,599.125771428571,1497.532845714285,0.85205895,False,False
7ae6904d-8782-4caa-8a1f-a9caf51a24c3,87,1.5484759358288769,left_shoulder,0.5818485,0.5011918,0.42869657,0.582011386285714,0.5010994762857139,0.43514786599999977,628.39636,962.28827,628.5722868571426,962.1109854285709,0.99561715,False,False
7ae6904d-8782-4caa-8a1f-a9caf51a24c3,87,1.5484759358288769,left_wrist,0.6586067,0.38360462,0.426389,0.658959924285714,0.3807013939999998,0.4056248008571427,711.2952,736.5209,711.6766765714283,730.9466848571425,0.6989595,False,False
7ae6904d-8782-4caa-8a1f-a9caf51a24c3,87,1.5484759358288769,nose,0.5614905,0.45234993,0.08279396,0.5610901542857141,0.4509522625714283,0.09389312025714283,606.4097,868.51184,605.9773314285711,865.8283228571424,0.99975866,False,False
7ae6904d-8782-4caa-8a1f-a9caf51a24c3,87,1.5484759358288769,right_ankle,0.43570518,0.8964173,-0.17176335,0.4355988102857141,0.8979481768571423,-0.1503041519999999,470.56158,1721.1212,470.44669799999974,1724.0605142857135,0.98566276,False,False
7ae6904d-8782-4caa-8a1f-a9caf51a24c3,87,1.5484759358288769,right_elbow,0.57318205,0.45190904,-0.23515001,0.5733580385714283,0.44909378257142835,-0.22716790399999987,619.0366,867.66534,619.2266971428569,862.2600548571424,0.9864623,False,False
7ae6904d-8782-4caa-8a1f-a9caf51a24c3,87,1.5484759358288769,right_foot_index,0.49527526,0.94025826,-0.38214242,0.4955876234285712,0.9407757925714282,-0.35437122457142844,534.8973,1805.2959,535.2346379999997,1806.289542857142,0.97871614,False,False
7ae6904d-8782-4caa-8a1f-a9caf51a24c3,87,1.5484759358288769,right_heel,0.41046232,0.9148396,-0.17926417,0.41034293371428554,0.9165164268571424,-0.1568172965714285,443.29932,1756.4921,443.1703697142855,1759.7115628571419,0.92094517,False,False
7ae6904d-8782-4caa-8a1f-a9caf51a24c3,87,1.5484759358288769,right_hip,0.484468,0.65667164,-0.1535205,0.48447233457142835,0.6571428962857139,-0.15487233514285706,523.22546,1260.8096,523.2301211428569,1261.7144342857137,0.9998052,False,False
7ae6904d-8782-4caa-8a1f-a9caf51a24c3,87,1.5484759358288769,right_knee,0.47782722,0.7830424,-0.22736728,0.4777695771428569,0.7846328379999996,-0.22226084799999987,516.0534,1503.4414,515.9911259999998,1506.495065714285,0.9852953,False,False
7ae6904d-8782-4caa-8a1f-a9caf51a24c3,87,1.5484759358288769,right_shoulder,0.48634344,0.4918099,-0.08054397,0.48592257257142835,0.49204786085714264,-0.07304015757942854,525.2509,944.275,524.7963597142855,944.7319077142854,0.99934095,False,False
7ae6904d-8782-4caa-8a1f-a9caf51a24c3,87,1.5484759358288769,right_wrist,0.6032601,0.38175294,-0.0767722,0.6037983059999996,0.37955459914285694,-0.05769653997142849,651.52094,732.96564,652.1022028571424,728.7448277142853,0.9757863,False,False
7ae6904d-8782-4caa-8a1f-a9caf51a24c3,88,1.5662745098039217,left_ankle,0.49228373,0.87896687,0.29798305,0.4915808085714283,0.8786928019999996,0.2798083668571427,531.66644,1687.6163,530.9072728571425,1687.0901257142848,0.9099946,False,False
7ae6904d-8782-4caa-8a1f-a9caf51a24c3,88,1.5662745098039217,left_elbow,0.6392577,0.45442736,0.44504195,0.6388816859999997,0.4552114348571426,0.4628355937142855,690.3984,872.50055,689.9922617142854,874.0059757142852,0.54987425,False,False
7ae6904d-8782-4caa-8a1f-a9caf51a24c3,88,1.5662745098039217,left_foot_index,0.5552809,0.916678,0.1793759,0.5548744308571426,0.9168010771428566,0.1541238225714285,599.70337,1760.0217,599.2643731428567,1760.258082857142,0.93027735,False,False
7ae6904d-8782-4caa-8a1f-a9caf51a24c3,88,1.5662745098039217,left_heel,0.4609956,0.8916228,0.30351916,0.45981576857142836,0.8914629805714281,0.2842256345714284,497.87527,1711.9158,496.60104828571406,1711.6089428571422,0.8806637,False,False
7ae6904d-8782-4caa-8a1f-a9caf51a24c3,88,1.5662745098039217,left_hip,0.56055,0.6693548,0.16639239,0.5596904314285711,0.6687863951428568,0.1644000882857142,605.394,1285.1613,604.4656731428569,1284.0699599999994,0.9996187,False,False
7ae6904d-8782-4caa-8a1f-a9caf51a24c3,88,1.5662745098039217,left_knee,0.5621303,0.7880268,0.15315214,0.5629153039999997,0.7842940345714283,0.1425953662857142,607.1007,1513.0115,607.9485308571425,1505.8445771428565,0.851873,False,False
7ae6904d-8782-4caa-8a1f-a9caf51a24c3,88,1.5662745098039217,left_shoulder,0.5811068,0.50878656,0.39340517,0.5807711411428569,0.5087163059999997,0.3962074717142855,627.59534,976.8702,627.2328208571425,976.7353097142852,0.9957885,False,False
7ae6904d-8782-4caa-8a1f-a9caf51a24c3,88,1.5662745098039217,left_wrist,0.65647507,0.3865514,0.34655404,0.6565463311428568,0.3878111985714284,0.3832766242857141,708.99304,742.1787,709.0700165714281,744.5975177142853,0.697621,False,False
7ae6904d-8782-4caa-8a1f-a9caf51a24c3,88,1.5662745098039217,nose,0.5614993,0.45936713,0.046579808,0.5617309685714283,0.46046060257142835,0.03986653005714284,606.41925,881.98486,606.6694585714283,884.0843457142853,0.99977,False,False
7ae6904d-8782-4caa-8a1f-a9caf51a24c3,88,1.5662745098039217,right_ankle,0.43126637,0.9011522,-0.08712136,0.43148976457142835,0.9006270405714281,-0.11581049457142852,465.76767,1730.2122,466.0089359999997,1729.2038657142848,0.98580766,False,False
7ae6904d-8782-4caa-8a1f-a9caf51a24c3,88,1.5662745098039217,right_elbow,0.5739633,0.45080912,-0.30135363,0.5740433999999998,0.4524804199999998,-0.31879021714285694,619.8804,865.5535,619.9668771428569,868.7623848571425,0.9871388,False,False
7ae6904d-8782-4caa-8a1f-a9caf51a24c3,88,1.5662745098039217,right_foot_index,0.4955246,0.94169116,-0.28988814,0.495797982285714,0.9414206354285709,-0.3233706728571427,535.16656,1808.047,535.4618319999997,1807.5276571428565,0.9788228,False,False
7ae6904d-8782-4caa-8a1f-a9caf51a24c3,88,1.5662745098039217,right_heel,0.4068739,0.91862565,-0.08811599,0.40687991199999984,0.917736001714285,-0.11906336771428565,439.42383,1763.7612,439.43032285714264,1762.0531457142847,0.9220292,False,False
7ae6904d-8782-4caa-8a1f-a9caf51a24c3,88,1.5662745098039217,right_hip,0.4845805,0.66555446,-0.16637488,0.4845674774285712,0.6650033865714282,-0.16438907285714277,523.3469,1277.8646,523.3328505714283,1276.8065342857135,0.999793,False,False
7ae6904d-8782-4caa-8a1f-a9caf51a24c3,88,1.5662745098039217,right_knee,0.47993222,0.7920647,-0.19579394,0.4796954317142855,0.7906096365714281,-0.20424466485714277,518.3268,1520.7643,518.0710774285711,1517.9705542857134,0.98523873,False,False
7ae6904d-8782-4caa-8a1f-a9caf51a24c3,88,1.5662745098039217,right_shoulder,0.48640493,0.5012832,-0.14074612,0.4865605914285712,0.5008831225714283,-0.1393333195908571,525.3173,962.4638,525.4854268571427,961.6956148571423,0.99936616,False,False
7ae6904d-8782-4caa-8a1f-a9caf51a24c3,88,1.5662745098039217,right_wrist,0.6045081,0.38113606,-0.15859543,0.6039211474285711,0.3819879039999998,-0.20722728768571413,652.8688,731.78125,652.2348708571425,733.4167814285711,0.9770987,False,False
7ae6904d-8782-4caa-8a1f-a9caf51a24c3,89,1.584073083778966,left_ankle,0.49383917,0.87980163,0.23464845,0.49439040371428544,0.8796803657142853,0.25552239257142845,533.3463,1689.2191,533.941654285714,1688.9862571428562,0.9083563,False,False
7ae6904d-8782-4caa-8a1f-a9caf51a24c3,89,1.584073083778966,left_elbow,0.64040756,0.46027035,0.45536357,0.6405061888571426,0.4612916031428569,0.4313305031428569,691.64014,883.71906,691.7466931428569,885.6798685714282,0.53597903,False,False
7ae6904d-8782-4caa-8a1f-a9caf51a24c3,89,1.584073083778966,left_foot_index,0.5566658,0.9177373,0.11489092,0.556569882285714,0.9174268599999995,0.13999268799999992,601.19904,1762.0557,601.0954688571426,1761.459608571428,0.9289572,False,False
7ae6904d-8782-4caa-8a1f-a9caf51a24c3,89,1.584073083778966,left_heel,0.46095818,0.89242405,0.2383407,0.4615292934285712,0.8923635288571425,0.26033926885714276,497.83484,1713.4542,498.4516425714283,1713.3379885714276,0.8776666,False,False
7ae6904d-8782-4caa-8a1f-a9caf51a24c3,89,1.584073083778966,left_hip,0.5566684,0.67507,0.17085321,0.5573363088571425,0.6757096171428567,0.17218381114285705,601.20184,1296.1344,601.9231874285712,1297.3624971428565,0.99959034,False,False
7ae6904d-8782-4caa-8a1f-a9caf51a24c3,89,1.584073083778966,left_knee,0.57483196,0.7833312,0.11260705,0.5735122925714283,0.785969517428571,0.12607333728571424,620.81854,1503.996,619.3932708571426,1509.0615085714278,0.85300267,False,False
7ae6904d-8782-4caa-8a1f-a9caf51a24c3,89,1.584073083778966,left_shoulder,0.5791125,0.51566464,0.36885044,0.5794677977142855,0.5162369251428569,0.35735415028571416,625.4415,990.0761,625.8252325714282,991.1749168571423,0.99559665,False,False
7ae6904d-8782-4caa-8a1f-a9caf51a24c3,89,1.584073083778966,left_wrist,0.6563947,0.39323238,0.39046103,0.6562870797142853,0.39392390485714257,0.3471635779999998,708.9063,755.00616,708.7900594285711,756.3338862857139,0.6934093,False,False
7ae6904d-8782-4caa-8a1f-a9caf51a24c3,89,1.584073083778966,nose,0.5614054,0.46924415,-0.019965341,0.5618029385714284,0.46874930257142833,-0.023161385942857132,606.3179,900.9488,606.7472257142854,899.9986657142853,0.9997699,False,False
7ae6904d-8782-4caa-8a1f-a9caf51a24c3,89,1.584073083778966,right_ankle,0.42991596,0.9028854,-0.10557066,0.4295198065714284,0.9025333122857138,-0.08623746514285709,464.30923,1733.5399,463.8813837142855,1732.863939999999,0.9860587,False,False
7ae6904d-8782-4caa-8a1f-a9caf51a24c3,89,1.584073083778966,right_elbow,0.57374835,0.45477757,-0.4611109,0.5730254228571425,0.45527778828571414,-0.4642308494285712,619.6482,873.1729,618.8674585714283,874.1333251428566,0.98799676,False,False
7ae6904d-8782-4caa-8a1f-a9caf51a24c3,89,1.584073083778966,right_foot_index,0.49715146,0.9416037,-0.31502956,0.4966814028571426,0.9415461668571423,-0.2912630817142856,536.9236,1807.8792,536.4159211428569,1807.7686457142847,0.9790131,False,False
7ae6904d-8782-4caa-8a1f-a9caf51a24c3,89,1.584073083778966,right_heel,0.40637967,0.91770595,-0.10846064,0.40593957514285695,0.9178957959999996,-0.08737050508571423,438.89005,1761.9955,438.4147497142855,1762.3599485714276,0.92349917,False,False
7ae6904d-8782-4caa-8a1f-a9caf51a24c3,89,1.584073083778966,right_hip,0.4845467,0.6713711,-0.1708992,0.48457425714285696,0.6717003877142853,-0.17222788457142849,523.3104,1289.0325,523.340163428571,1289.6647199999995,0.9997589,False,False
7ae6904d-8782-4caa-8a1f-a9caf51a24c3,89,1.584073083778966,right_knee,0.4844123,0.79360384,-0.20085394,0.4853414411428569,0.7937264979999995,-0.1962710422857142,523.1653,1523.7194,524.1687674285712,1523.9548828571421,0.98529994,False,False
7ae6904d-8782-4caa-8a1f-a9caf51a24c3,89,1.584073083778966,right_shoulder,0.48641616,0.50893605,-0.18792294,0.4865949257142855,0.5094092357142854,-0.19874304599999992,525.32947,977.1572,525.5225225714282,978.0657457142852,0.99933076,False,False
7ae6904d-8782-4caa-8a1f-a9caf51a24c3,89,1.584073083778966,right_wrist,0.60467553,0.38268805,-0.4798555,0.6047811488571425,0.38372784314285696,-0.46753924599999985,653.04956,734.76105,653.1636551428567,736.7574565714282,0.9788764,False,False
7ae6904d-8782-4caa-8a1f-a9caf51a24c3,90,1.6018716577540106,left_ankle,0.4966183,0.8796112,0.2480888,0.4954406139999997,0.8800423925714281,0.2399159214285713,536.3478,1688.8535,535.0758651428569,1689.6813885714278,0.9065851,False,False
7ae6904d-8782-4caa-8a1f-a9caf51a24c3,90,1.6018716577540106,left_elbow,0.64103395,0.46993548,0.38511992,0.6407456739999997,0.4684333079999997,0.4027251619999998,692.31665,902.2761,692.0053065714283,899.391933428571,0.5258146,False,False
7ae6904d-8782-4caa-8a1f-a9caf51a24c3,90,1.6018716577540106,left_foot_index,0.55674183,0.9174109,0.13794205,0.5566021345714283,0.9175436799999995,0.1286206951428571,601.2812,1761.429,601.1303059999998,1761.6839485714277,0.9270925,False,False
7ae6904d-8782-4caa-8a1f-a9caf51a24c3,90,1.6018716577540106,left_heel,0.46170494,0.89235604,0.254192,0.46055385971428553,0.8925944705714282,0.2458499634285713,498.64133,1713.3236,497.39817371428546,1713.781425714285,0.8749932,False,False
7ae6904d-8782-4caa-8a1f-a9caf51a24c3,90,1.6018716577540106,left_hip,0.5557619,0.68099415,0.17502616,0.5556621388571426,0.6802246637142854,0.17338781971428563,600.22284,1307.5088,600.115101428571,1306.0313514285708,0.9995329,False,False
7ae6904d-8782-4caa-8a1f-a9caf51a24c3,90,1.6018716577540106,left_knee,0.5814203,0.78536755,0.11423065,0.5816340791428568,0.784536104285714,0.10358454442857137,627.9339,1507.9056,628.1647988571426,1506.3092999999992,0.85218155,False,False
7ae6904d-8782-4caa-8a1f-a9caf51a24c3,90,1.6018716577540106,left_shoulder,0.57854086,0.5222272,0.3107533,0.5783548668571425,0.520798677142857,0.3228309005714284,624.82416,1002.6763,624.6232714285711,999.9335028571423,0.99520445,False,False
7ae6904d-8782-4caa-8a1f-a9caf51a24c3,90,1.6018716577540106,left_wrist,0.6562996,0.40281808,0.30184576,0.656249840285714,0.4015696282857141,0.3347871305714284,708.8036,773.4107,708.7498537142853,771.0136888571424,0.69446,False,False
7ae6904d-8782-4caa-8a1f-a9caf51a24c3,90,1.6018716577540106,nose,0.561012,0.47585678,-0.092675686,0.5595849428571426,0.47526948371428546,-0.08858500788571426,605.893,913.645,604.351784285714,912.5174011428567,0.9997472,False,False
7ae6904d-8782-4caa-8a1f-a9caf51a24c3,90,1.6018716577540106,right_ankle,0.4290976,0.90156096,-0.08454208,0.4296400617142855,0.9020196608571424,-0.08885996028571422,463.4254,1730.9971,464.0112588571426,1731.8777542857133,0.98628175,False,False
7ae6904d-8782-4caa-8a1f-a9caf51a24c3,90,1.6018716577540106,right_elbow,0.5699389,0.46372548,-0.58035105,0.5706524765714284,0.4639610982857141,-0.5385370731428569,615.534,890.3529,616.3046571428569,890.8052999999995,0.9887902,False,False
7ae6904d-8782-4caa-8a1f-a9caf51a24c3,90,1.6018716577540106,right_foot_index,0.49675778,0.9405839,-0.28589547,0.49690513999999975,0.9407215991428567,-0.29270346771428557,536.4984,1805.921,536.6575577142853,1806.1854542857134,0.9790519,False,False
7ae6904d-8782-4caa-8a1f-a9caf51a24c3,90,1.6018716577540106,right_heel,0.4061568,0.91599333,-0.0849463,0.4066443034285713,0.9162594419999996,-0.08990325365714279,438.64935,1758.7072,439.1758585714283,1759.218142857142,0.9251174,False,False
7ae6904d-8782-4caa-8a1f-a9caf51a24c3,90,1.6018716577540106,right_hip,0.48455065,0.67611843,-0.17510697,0.48450695714285685,0.6757646082857139,-0.1734617065714285,523.3147,1298.1473,523.2675057142854,1297.467988571428,0.9997115,False,False
7ae6904d-8782-4caa-8a1f-a9caf51a24c3,90,1.6018716577540106,right_knee,0.49513623,0.7934425,-0.20058899,0.49427147571428554,0.7942699308571426,-0.1980831962857142,534.74713,1523.4095,533.8131939999998,1524.9982142857134,0.9853842,False,False
7ae6904d-8782-4caa-8a1f-a9caf51a24c3,90,1.6018716577540106,right_shoulder,0.48642573,0.51598865,-0.24604845,0.4858507885714284,0.5152730385714283,-0.22527474857142848,525.3398,990.6982,524.7188754285712,989.3241999999996,0.99927884,False,False
7ae6904d-8782-4caa-8a1f-a9caf51a24c3,90,1.6018716577540106,right_wrist,0.6054341,0.39073318,-0.67013353,0.6056853174285711,0.3903032388571427,-0.6033992594285711,653.86884,750.2077,654.140134285714,749.3822242857138,0.98050874,False,False
7ae6904d-8782-4caa-8a1f-a9caf51a24c3,91,1.6196702317290552,left_ankle,0.49405152,0.88068485,0.23370299,0.49480929514285693,0.8803227251428567,0.22496239142857133,533.5756,1690.9149,534.3940257142855,1690.2196114285705,0.8959394,False,False
7ae6904d-8782-4caa-8a1f-a9caf51a24c3,91,1.6196702317290552,left_elbow,0.64017,0.47301677,0.38421574,0.6404380868571424,0.47394164514285686,0.3819695174285712,691.3836,908.1922,691.6731222857139,909.967963428571,0.5286283,False,False
7ae6904d-8782-4caa-8a1f-a9caf51a24c3,91,1.6196702317290552,left_foot_index,0.5555646,0.9169628,0.1281081,0.5557305274285711,0.9168527428571424,0.11855652599999994,600.00977,1760.5686,600.1889968571426,1760.3572714285706,0.91883355,False,False
7ae6904d-8782-4caa-8a1f-a9caf51a24c3,91,1.6196702317290552,left_heel,0.45738202,0.89287037,0.24091342,0.4582604414285712,0.8926824405714281,0.23102198885714273,493.9726,1714.3112,494.9212779999997,1713.9503085714277,0.86291254,False,False
7ae6904d-8782-4caa-8a1f-a9caf51a24c3,91,1.6196702317290552,left_hip,0.55555683,0.6825759,0.171457,0.5553669145714283,0.682917082285714,0.1724081105714285,600.0014,1310.5457,599.7962771428569,1311.200805714285,0.99948835,False,False
7ae6904d-8782-4caa-8a1f-a9caf51a24c3,91,1.6196702317290552,left_knee,0.5863964,0.78537,0.082217045,0.5868036148571425,0.7850287371428568,0.08671106334285711,633.3081,1507.9104,633.7478905714282,1507.2551399999993,0.84638774,False,False
7ae6904d-8782-4caa-8a1f-a9caf51a24c3,91,1.6196702317290552,left_shoulder,0.577922,0.52219874,0.30895805,0.5780530811428569,0.5236406419999997,0.3064219442857141,624.15576,1002.6216,624.2973377142854,1005.3900599999995,0.99504447,False,False
7ae6904d-8782-4caa-8a1f-a9caf51a24c3,91,1.6196702317290552,left_wrist,0.65537935,0.40641123,0.32958096,0.6551040477142853,0.40699853399999986,0.316982411142857,707.8097,780.3096,707.5123871428568,781.437195428571,0.70306027,False,False
7ae6904d-8782-4caa-8a1f-a9caf51a24c3,91,1.6196702317290552,nose,0.55548435,0.47885403,-0.110098235,0.5572157699999997,0.48023134285714264,-0.09641258291428567,599.9231,919.3997,601.793028285714,922.0441485714282,0.999715,False,False
7ae6904d-8782-4caa-8a1f-a9caf51a24c3,91,1.6196702317290552,right_ankle,0.43087673,0.90123063,-0.10702039,0.43007842485714265,0.901196740285714,-0.12660982771428567,465.34686,1730.3628,464.48468914285695,1730.2977514285703,0.98577493,False,False
7ae6904d-8782-4caa-8a1f-a9caf51a24c3,91,1.6196702317290552,right_elbow,0.5683708,0.47172806,-0.4886039,0.5679474237142854,0.4699840665714283,-0.5193531457142855,613.84045,905.7179,613.3831985714282,902.3693985714281,0.989472,False,False
7ae6904d-8782-4caa-8a1f-a9caf51a24c3,91,1.6196702317290552,right_foot_index,0.4964295,0.939891,-0.30809024,0.4963206659999997,0.9399001199999996,-0.32997929257142844,536.14386,1804.5907,536.0263199999997,1804.6081857142847,0.97836435,False,False
7ae6904d-8782-4caa-8a1f-a9caf51a24c3,91,1.6196702317290552,right_heel,0.4085169,0.91518575,-0.108272724,0.4082083431428569,0.9150305548571425,-0.12943550622857136,441.19827,1757.1566,440.8650154285712,1756.8586571428561,0.92393774,False,False
7ae6904d-8782-4caa-8a1f-a9caf51a24c3,91,1.6196702317290552,right_hip,0.4844549,0.67795163,-0.17151038,0.4844252428571426,0.6780433991428569,-0.1724581339999999,523.2113,1301.6671,523.1792728571427,1301.8432857142852,0.99965775,False,False
7ae6904d-8782-4caa-8a1f-a9caf51a24c3,91,1.6196702317290552,right_knee,0.5051328,0.79593235,-0.20650794,0.5060041242857141,0.7950314439999996,-0.21854408228571415,545.5434,1528.1901,546.4844297142855,1526.4603342857135,0.9842555,False,False
7ae6904d-8782-4caa-8a1f-a9caf51a24c3,91,1.6196702317290552,right_shoulder,0.48439664,0.5181407,-0.2128621,0.48500707999999976,0.5184588294285712,-0.22735760714285705,523.1484,994.8301,523.8076619999997,995.4409471428567,0.99921364,False,False
7ae6904d-8782-4caa-8a1f-a9caf51a24c3,91,1.6196702317290552,right_wrist,0.6072233,0.3974648,-0.50270027,0.6069000739999997,0.39698151285714267,-0.5579209948571425,655.80115,763.13245,655.4520837142853,762.2045199999995,0.9819778,False,False
7ae6904d-8782-4caa-8a1f-a9caf51a24c3,92,1.6374688057040998,left_ankle,0.4933089,0.88028127,0.18224016,0.4931690854285712,0.8804299988571425,0.1937488422857142,532.7736,1690.14,532.6225971428569,1690.425582857142,0.882359,False,False
7ae6904d-8782-4caa-8a1f-a9caf51a24c3,92,1.6374688057040998,left_elbow,0.64021206,0.47663358,0.39716128,0.6401816477142854,0.4760351305714283,0.39303979085714263,691.429,915.1365,691.3961671428567,913.9874614285709,0.5223965,False,False
7ae6904d-8782-4caa-8a1f-a9caf51a24c3,92,1.6374688057040998,left_foot_index,0.5548195,0.9161079,0.07371702,0.554786840285714,0.9162494519999995,0.08559454885714281,599.2051,1758.9271,599.1697925714283,1759.1989171428563,0.91055995,False,False
7ae6904d-8782-4caa-8a1f-a9caf51a24c3,92,1.6374688057040998,left_heel,0.45556483,0.89263695,0.18566908,0.45535146828571404,0.892733679428571,0.1985562897142856,492.01,1713.8629,491.7795854285712,1714.0486942857135,0.849895,False,False
7ae6904d-8782-4caa-8a1f-a9caf51a24c3,92,1.6374688057040998,left_hip,0.5549434,0.68424124,0.17180546,0.5550996331428568,0.6846375117142853,0.1720736257142856,599.33887,1313.7432,599.5076165714283,1314.5039999999992,0.9994642,False,False
7ae6904d-8782-4caa-8a1f-a9caf51a24c3,92,1.6374688057040998,left_knee,0.59176725,0.7842729,0.064964905,0.591406084285714,0.7852814871428567,0.06422943185714282,639.10864,1505.804,638.718578285714,1507.7404999999992,0.8387442,False,False
7ae6904d-8782-4caa-8a1f-a9caf51a24c3,92,1.6374688057040998,left_shoulder,0.57795596,0.52596986,0.31240365,0.5779686954285712,0.5254073668571426,0.30786908828571413,624.19244,1009.8621,624.2062005714283,1008.7821257142853,0.9950589,False,False
7ae6904d-8782-4caa-8a1f-a9caf51a24c3,92,1.6374688057040998,left_wrist,0.65340406,0.40967983,0.33822337,0.653770736285714,0.4096514654285712,0.34026483828571413,705.6764,786.58527,706.0723999999996,786.530836285714,0.70207846,False,False
7ae6904d-8782-4caa-8a1f-a9caf51a24c3,92,1.6374688057040998,nose,0.5566367,0.4847367,-0.058504574,0.5559225114285711,0.48336426685714257,-0.08184704771428568,601.1676,930.69446,600.3962897142853,928.0593851428569,0.9996893,False,False
7ae6904d-8782-4caa-8a1f-a9caf51a24c3,92,1.6374688057040998,right_ankle,0.43099007,0.90059465,-0.20561509,0.43192681828571405,0.9003203745714281,-0.17979962971428565,465.46927,1729.1417,466.4809642857141,1728.615105714285,0.9854714,False,False
7ae6904d-8782-4caa-8a1f-a9caf51a24c3,92,1.6374688057040998,right_elbow,0.56655484,0.47011164,-0.503229,0.5668775122857139,0.471551704285714,-0.5113196391428569,611.8792,902.6143,612.2276971428569,905.3792577142854,0.99022907,False,False
7ae6904d-8782-4caa-8a1f-a9caf51a24c3,92,1.6374688057040998,right_foot_index,0.49653336,0.93917775,-0.4077916,0.49686889885714264,0.9390174385714282,-0.37450100628571414,536.25604,1803.2213,536.618414285714,1802.9134999999992,0.9781601,False,False
7ae6904d-8782-4caa-8a1f-a9caf51a24c3,92,1.6374688057040998,right_heel,0.41008404,0.91387653,-0.21130854,0.41017601742857124,0.9138507437142853,-0.18203954194285704,442.89075,1754.643,442.99010228571404,1754.5934657142848,0.924747,False,False
7ae6904d-8782-4caa-8a1f-a9caf51a24c3,92,1.6374688057040998,right_hip,0.48463175,0.6791538,-0.17181636,0.48478729657142833,0.6794956877142855,-0.17210050542857133,523.4023,1303.9753,523.5702854285712,1304.631708571428,0.9996327,False,False
7ae6904d-8782-4caa-8a1f-a9caf51a24c3,92,1.6374688057040998,right_knee,0.5175196,0.7957717,-0.2593539,0.5168687705714283,0.7964624217142853,-0.24616070657142847,558.92114,1527.8817,558.2182597142855,1529.207905714285,0.9839202,False,False
7ae6904d-8782-4caa-8a1f-a9caf51a24c3,92,1.6374688057040998,right_shoulder,0.48499954,0.5194407,-0.22846319,0.48479386599999974,0.5194981551428569,-0.229422805142857,523.7995,997.3262,523.5773799999997,997.4364714285709,0.99922526,False,False
7ae6904d-8782-4caa-8a1f-a9caf51a24c3,92,1.6374688057040998,right_wrist,0.60755175,0.40009224,-0.52939296,0.6076318165714283,0.40019941714285695,-0.5410825311428568,656.1559,768.1771,656.2423531428567,768.3828914285709,0.9834267,False,False
7ae6904d-8782-4caa-8a1f-a9caf51a24c3,93,1.6552673796791444,left_ankle,0.4927198,0.87988394,0.1864231,0.4926498039999997,0.8797976377142853,0.18129988342857134,532.1374,1689.3772,532.0617828571426,1689.2114885714277,0.8690364,False,False
7ae6904d-8782-4caa-8a1f-a9caf51a24c3,93,1.6552673796791444,left_elbow,0.6404288,0.47711506,0.39467272,0.6404300205714282,0.4775784734285712,0.3950248557142855,691.6631,916.0609,691.6644114285712,916.9506657142852,0.5134773,False,False
7ae6904d-8782-4caa-8a1f-a9caf51a24c3,93,1.6552673796791444,left_foot_index,0.5542561,0.9158451,0.07453179,0.5542681539999997,0.9157798542857138,0.0683363811428571,598.59656,1758.4226,598.6096168571424,1758.2973114285705,0.9016194,False,False
7ae6904d-8782-4caa-8a1f-a9caf51a24c3,93,1.6552673796791444,left_heel,0.45358053,0.8925182,0.19102313,0.45335557971428553,0.892461778571428,0.1847469697142856,489.86697,1713.635,489.6240094285711,1713.5266142857135,0.83772665,False,False
7ae6904d-8782-4caa-8a1f-a9caf51a24c3,93,1.6552673796791444,left_hip,0.5550275,0.6864357,0.17663498,0.5549413339999998,0.6856780431428567,0.1766414977142856,599.4297,1317.9565,599.3366185714283,1316.5018514285707,0.9994519,False,False
7ae6904d-8782-4caa-8a1f-a9caf51a24c3,93,1.6552673796791444,left_knee,0.594789,0.786992,0.058442686,0.5949276257142855,0.7860309251428568,0.06040206871428568,642.37213,1511.0247,642.521845428571,1509.1794171428564,0.8300936,False,False
7ae6904d-8782-4caa-8a1f-a9caf51a24c3,93,1.6552673796791444,left_shoulder,0.5778135,0.52710897,0.29961696,0.5776208091428569,0.5269398154285712,0.30238268828571413,624.0386,1012.0492,623.8304685714282,1011.7244028571424,0.9949597,False,False
7ae6904d-8782-4caa-8a1f-a9caf51a24c3,93,1.6552673796791444,left_wrist,0.6533557,0.41144,0.3393128,0.6533203762857139,0.4111126519999998,0.33226616342857124,705.62415,789.96484,705.5859985714281,789.3363228571425,0.69972414,False,False
7ae6904d-8782-4caa-8a1f-a9caf51a24c3,93,1.6552673796791444,nose,0.5560834,0.48393694,-0.08383223,0.5557452357142855,0.4847284119999998,-0.06761276865714282,600.57007,929.15894,600.204848285714,930.6785565714282,0.99965,False,False
7ae6904d-8782-4caa-8a1f-a9caf51a24c3,93,1.6552673796791444,right_ankle,0.4344879,0.89874864,-0.18439224,0.43375819542857125,0.8989174311428567,-0.19334245971428565,469.24695,1725.5974,468.4588628571426,1725.921442857142,0.9844084,False,False
7ae6904d-8782-4caa-8a1f-a9caf51a24c3,93,1.6552673796791444,right_elbow,0.5669412,0.47054914,-0.5828447,0.5666910394285711,0.4696590271428569,-0.5726168942857139,612.2965,903.45435,612.0263191428569,901.7453219999995,0.99087584,False,False
7ae6904d-8782-4caa-8a1f-a9caf51a24c3,93,1.6552673796791444,right_foot_index,0.49870583,0.9379905,-0.355805,0.4985119699999998,0.9381957085714281,-0.36986099942857126,538.6023,1800.9418,538.3929479999997,1801.3358114285707,0.9769962,False,False
7ae6904d-8782-4caa-8a1f-a9caf51a24c3,93,1.6552673796791444,right_heel,0.41108212,0.9124696,-0.18002325,0.4108174137142855,0.9125135328571423,-0.19131721851428565,443.9687,1751.9417,443.68280428571416,1752.0260428571419,0.9233971,False,False
7ae6904d-8782-4caa-8a1f-a9caf51a24c3,93,1.6552673796791444,right_hip,0.4857995,0.6809374,-0.17667471,0.4856996505714283,0.6805563691428569,-0.17667776999999993,524.66345,1307.3998,524.5556197142855,1306.668262857142,0.9996087,False,False
7ae6904d-8782-4caa-8a1f-a9caf51a24c3,93,1.6552673796791444,right_knee,0.52524877,0.79816943,-0.25944832,0.5252461831428569,0.7980087645714282,-0.2647554459999999,567.2687,1532.4854,567.2658851428569,1532.176879999999,0.98304355,False,False
7ae6904d-8782-4caa-8a1f-a9caf51a24c3,93,1.6552673796791444,right_shoulder,0.48578328,0.52022564,-0.26383677,0.4858392171428569,0.520437385142857,-0.26068290428571417,524.64594,998.83325,524.7063557142855,999.2398357142852,0.9992204,False,False
7ae6904d-8782-4caa-8a1f-a9caf51a24c3,93,1.6552673796791444,right_wrist,0.60769904,0.40146318,-0.65780705,0.6074697165714282,0.4016997025714283,-0.6434454979999997,656.31494,770.8093,656.0672865714282,771.2634185714282,0.9847648,False,False
7ae6904d-8782-4caa-8a1f-a9caf51a24c3,94,1.673065953654189,left_ankle,0.49224475,0.87924117,0.20470664,0.492501332285714,0.8793602211428567,0.21214938714285703,531.6243,1688.1431,531.9014399999996,1688.371665714285,0.85316056,False,False
7ae6904d-8782-4caa-8a1f-a9caf51a24c3,94,1.673065953654189,left_elbow,0.6404437,0.47777227,0.39555028,0.6403389399999997,0.47754185799999976,0.3995787091428569,691.6792,917.32275,691.5660631428568,916.8803665714281,0.49623013,False,False
7ae6904d-8782-4caa-8a1f-a9caf51a24c3,94,1.673065953654189,left_foot_index,0.554005,0.91552186,0.09174422,0.5540472691428568,0.9155150028571424,0.1038741988571428,598.32544,1757.802,598.3710717142854,1757.7888171428563,0.88980484,False,False
7ae6904d-8782-4caa-8a1f-a9caf51a24c3,94,1.673065953654189,left_heel,0.4512455,0.89224803,0.20918894,0.4517988414285712,0.8923059642857138,0.21805490514285703,487.34512,1713.1162,487.94274485714266,1713.2274571428563,0.82371664,False,False
7ae6904d-8782-4caa-8a1f-a9caf51a24c3,94,1.673065953654189,left_hip,0.5550923,0.68498164,0.1833804,0.5550371702857141,0.6855853848571425,0.18370201714285705,599.49963,1315.1648,599.4401228571426,1316.3239314285706,0.99943656,False,False
7ae6904d-8782-4caa-8a1f-a9caf51a24c3,94,1.673065953654189,left_knee,0.5969314,0.7866762,0.067199364,0.596568535428571,0.7873467479999997,0.06568754699999996,644.6859,1510.4183,644.2939954285711,1511.705762857142,0.82082707,False,False
7ae6904d-8782-4caa-8a1f-a9caf51a24c3,94,1.673065953654189,left_shoulder,0.5765168,0.5257469,0.30202806,0.5765972068571426,0.5259340134285712,0.30422843742857125,622.6381,1009.434,622.7249731428569,1009.7932885714281,0.9947718,False,False
7ae6904d-8782-4caa-8a1f-a9caf51a24c3,94,1.673065953654189,left_wrist,0.65393835,0.41083878,0.32057193,0.6537453419999997,0.4113278142857141,0.3348164159999998,706.2534,788.8105,706.0449771428569,789.7494305714281,0.6901109,False,False
7ae6904d-8782-4caa-8a1f-a9caf51a24c3,94,1.673065953654189,nose,0.553771,0.48289862,-0.05968987,0.5545108257142854,0.48211442342857114,-0.0642886748285714,598.0727,927.16534,598.8717011428569,925.6596965714281,0.9995696,False,False
7ae6904d-8782-4caa-8a1f-a9caf51a24c3,94,1.673065953654189,right_ankle,0.43549177,0.8979881,-0.14859827,0.4355452102857141,0.8982014557142852,-0.14468220285714278,470.33112,1724.1371,470.38883228571405,1724.5467885714277,0.9827724,False,False
7ae6904d-8782-4caa-8a1f-a9caf51a24c3,94,1.673065953654189,right_elbow,0.56821555,0.46791273,-0.59167856,0.5687127794285711,0.4686978094285712,-0.5759672514285712,613.6728,898.39246,614.2098034285713,899.8998005714282,0.99136317,False,False
7ae6904d-8782-4caa-8a1f-a9caf51a24c3,94,1.673065953654189,right_foot_index,0.50066876,0.9377459,-0.31132615,0.5006055748571426,0.937647778571428,-0.30775172199999984,540.7223,1800.4722,540.6540337142856,1800.2837914285706,0.97479755,False,False
7ae6904d-8782-4caa-8a1f-a9caf51a24c3,94,1.673065953654189,right_heel,0.41066197,0.91166973,-0.141858,0.4109471157142855,0.911754159428571,-0.13762700828571423,443.51492,1750.4059,443.82288028571406,1750.5680371428564,0.9209216,False,False
7ae6904d-8782-4caa-8a1f-a9caf51a24c3,94,1.673065953654189,right_hip,0.48686174,0.6805262,-0.1834202,0.4868123539999997,0.6806651334285712,-0.18372154057142848,525.81067,1306.6104,525.7573231428569,1306.8770914285708,0.999578,False,False
7ae6904d-8782-4caa-8a1f-a9caf51a24c3,94,1.673065953654189,right_knee,0.52886546,0.800276,-0.26103324,0.5288069017142853,0.8003133988571425,-0.2604061114285713,571.1747,1536.5299,571.1114685714283,1536.6017457142852,0.9822135,False,False
7ae6904d-8782-4caa-8a1f-a9caf51a24c3,94,1.673065953654189,right_shoulder,0.48669624,0.5201622,-0.27877238,0.48661472228571406,0.519470950285714,-0.27559034428571416,525.63196,998.7115,525.5439142857141,997.3842742857137,0.99919444,False,False
7ae6904d-8782-4caa-8a1f-a9caf51a24c3,94,1.673065953654189,right_wrist,0.60801065,0.4031749,-0.65915966,0.6083404108571426,0.4034397777142855,-0.621528042285714,656.6515,774.0958,657.0076394285711,774.6043745714281,0.98583364,False,False
7ae6904d-8782-4caa-8a1f-a9caf51a24c3,95,1.6908645276292336,left_ankle,0.4926609,0.87910813,0.25531647,0.49223545371428545,0.8790576871428566,0.24747939514285702,532.0738,1687.8876,531.614294285714,1687.7907599999994,0.8440071,False,False
7ae6904d-8782-4caa-8a1f-a9caf51a24c3,95,1.6908645276292336,left_elbow,0.639866,0.47650978,0.41448593,0.6399267679999996,0.4764044662857141,0.4108976574285712,691.0553,914.8988,691.1209279999997,914.6965708571424,0.49228343,False,False
7ae6904d-8782-4caa-8a1f-a9caf51a24c3,95,1.6908645276292336,left_foot_index,0.55405617,0.91524684,0.15882589,0.5539813877142855,0.9152860885714282,0.14542838457142848,598.3807,1757.2739,598.2999245714284,1757.3492857142846,0.88426733,False,False
7ae6904d-8782-4caa-8a1f-a9caf51a24c3,95,1.6908645276292336,left_heel,0.45100054,0.8922186,0.26560175,0.45022882085714266,0.8922182399999995,0.2567743237142856,487.0806,1713.0597,486.2471288571426,1713.0590142857136,0.8168318,False,False
7ae6904d-8782-4caa-8a1f-a9caf51a24c3,95,1.6908645276292336,left_hip,0.55542624,0.68454075,0.18940052,0.5554300071428568,0.6842058111428568,0.18834894457142848,599.86035,1314.3182,599.8643888571426,1313.6751714285706,0.9994425,False,False
7ae6904d-8782-4caa-8a1f-a9caf51a24c3,95,1.6908645276292336,left_knee,0.5980469,0.78768694,0.07292445,0.599012958285714,0.7872055565714281,0.07409609999999997,645.8906,1512.3589,646.9339717142853,1511.4346599999994,0.8129884,False,False
7ae6904d-8782-4caa-8a1f-a9caf51a24c3,95,1.6908645276292336,left_shoulder,0.5753361,0.52398795,0.3188002,0.5753564468571426,0.5238902108571426,0.3160779468571427,621.363,1006.0569,621.3849505714282,1005.869211428571,0.99486566,False,False
7ae6904d-8782-4caa-8a1f-a9caf51a24c3,95,1.6908645276292336,left_wrist,0.6542682,0.41084227,0.3519342,0.6543248717142853,0.41041491399999985,0.33853384628571415,706.6097,788.81714,706.6708571428568,787.9966425714283,0.6859815,False,False
7ae6904d-8782-4caa-8a1f-a9caf51a24c3,95,1.6908645276292336,nose,0.5535913,0.47883177,-0.04891321,0.5529395542857141,0.4797812434285712,-0.04928829759999996,597.8786,919.357,597.1747288571426,921.1799731428566,0.9995425,False,False
7ae6904d-8782-4caa-8a1f-a9caf51a24c3,95,1.6908645276292336,right_ankle,0.43663645,0.8986393,-0.09906038,0.4371263448571427,0.8983848999999995,-0.10455975285714281,471.56735,1725.3875,472.096446285714,1724.899022857142,0.9820641,False,False
7ae6904d-8782-4caa-8a1f-a9caf51a24c3,95,1.6908645276292336,right_elbow,0.5719821,0.46745923,-0.51328254,0.571535134285714,0.4668770757142855,-0.5326302385714283,617.74066,897.5217,617.2579548571425,896.403981428571,0.9919284,False,False
7ae6904d-8782-4caa-8a1f-a9caf51a24c3,95,1.6908645276292336,right_foot_index,0.5024057,0.9374665,-0.2695641,0.5026061385714283,0.9374941771428567,-0.27510847714285697,542.59814,1799.9357,542.814637142857,1799.9888514285706,0.9740331,False,False
7ae6904d-8782-4caa-8a1f-a9caf51a24c3,95,1.6908645276292336,right_heel,0.41106266,0.91166914,-0.09249097,0.41093325542857123,0.9115889577142853,-0.09792956542857138,443.94766,1750.4048,443.80791057142835,1750.2507885714276,0.9201945,False,False
7ae6904d-8782-4caa-8a1f-a9caf51a24c3,95,1.6908645276292336,right_hip,0.48788697,0.67958933,-0.1893519,0.4879848008571426,0.6795646648571425,-0.18832248171428562,526.9179,1304.8115,527.0235745714283,1304.7642028571422,0.9995717,False,False
7ae6904d-8782-4caa-8a1f-a9caf51a24c3,95,1.6908645276292336,right_knee,0.528945,0.8011163,-0.25643423,0.5288566688571426,0.8007523974285711,-0.2556160494285713,571.2606,1538.1433,571.1652034285712,1537.444591428571,0.98196965,False,False
7ae6904d-8782-4caa-8a1f-a9caf51a24c3,95,1.6908645276292336,right_shoulder,0.4870342,0.5164467,-0.26985466,0.4870751337142855,0.5169738754285712,-0.2734686648571427,525.99695,991.5777,526.0411614285713,992.5898905714282,0.9992187,False,False
7ae6904d-8782-4caa-8a1f-a9caf51a24c3,95,1.6908645276292336,right_wrist,0.6115075,0.40406525,-0.47221935,0.6113293222857139,0.4030923139999998,-0.5175325988571426,660.4281,775.8053,660.235642285714,773.9372497142854,0.9868402,False,False
7ae6904d-8782-4caa-8a1f-a9caf51a24c3,96,1.708663101604278,left_ankle,0.49175194,0.87885106,0.26964623,0.49224718257142835,0.8788212562857138,0.27325025428571414,531.0921,1687.394,531.6269657142855,1687.3367771428561,0.83653307,False,False
7ae6904d-8782-4caa-8a1f-a9caf51a24c3,96,1.708663101604278,left_elbow,0.63952714,0.4739203,0.4191733,0.6395168851428569,0.47419985628571404,0.4230203319999998,690.68933,909.92694,690.6782437142854,910.4637179999995,0.48619834,False,False
7ae6904d-8782-4caa-8a1f-a9caf51a24c3,96,1.708663101604278,left_foot_index,0.55390644,0.9152087,0.16773196,0.5539543208571425,0.9151810528571425,0.17355970942857135,598.21893,1757.2007,598.2706628571425,1757.1475914285706,0.8801788,False,False
7ae6904d-8782-4caa-8a1f-a9caf51a24c3,96,1.708663101604278,left_heel,0.4488308,0.89214617,0.28226054,0.4496258334285712,0.8920824371428567,0.2864581228571428,484.73727,1712.9207,485.595916285714,1712.798342857142,0.8114649,False,False
7ae6904d-8782-4caa-8a1f-a9caf51a24c3,96,1.708663101604278,left_hip,0.55696094,0.68273103,0.18830194,0.5571502999999998,0.6828791597142854,0.18893010742857136,601.5178,1310.8436,601.7223237142855,1311.127965714285,0.99945056,False,False
7ae6904d-8782-4caa-8a1f-a9caf51a24c3,96,1.708663101604278,left_knee,0.60222137,0.7865626,0.07494532,0.6013607454285711,0.786682759428571,0.07038463822857138,650.3991,1510.2002,649.4696014285711,1510.4308657142851,0.8079403,False,False
7ae6904d-8782-4caa-8a1f-a9caf51a24c3,96,1.708663101604278,left_shoulder,0.57460356,0.52175343,0.32342556,0.5746493554285712,0.5219166111428568,0.3251466599999998,620.57184,1001.7666,620.6213048571425,1002.0799285714281,0.99496114,False,False
7ae6904d-8782-4caa-8a1f-a9caf51a24c3,96,1.708663101604278,left_wrist,0.6557132,0.40871117,0.33714738,0.6559755859999996,0.40884937914285696,0.34637527114285693,708.1702,784.72546,708.4536228571426,784.9907988571425,0.68024427,False,False
7ae6904d-8782-4caa-8a1f-a9caf51a24c3,96,1.708663101604278,nose,0.5508048,0.47809538,-0.060685243,0.5509474457142854,0.4775177839999998,-0.0636278780285714,594.8692,917.9431,595.0232448571426,916.8341337142853,0.99952835,False,False
7ae6904d-8782-4caa-8a1f-a9caf51a24c3,96,1.708663101604278,right_ankle,0.43993324,0.89853936,-0.08229322,0.4396222591428569,0.8986296257142853,-0.07735705942857138,475.1279,1725.1956,474.79203371428554,1725.3689057142847,0.9819676,False,False
7ae6904d-8782-4caa-8a1f-a9caf51a24c3,96,1.708663101604278,right_elbow,0.57404405,0.4652862,-0.5145072,0.5742847228571426,0.465578956285714,-0.5147765528571426,619.9676,893.3495,620.227494285714,893.9115757142853,0.99253803,False,False
7ae6904d-8782-4caa-8a1f-a9caf51a24c3,96,1.708663101604278,right_foot_index,0.50463736,0.9373196,-0.26742956,0.5044808954285712,0.9373030365714281,-0.2620953628571427,545.00836,1799.6536,544.839374285714,1799.6217742857134,0.9740163,False,False
7ae6904d-8782-4caa-8a1f-a9caf51a24c3,96,1.708663101604278,right_heel,0.41119656,0.91167504,-0.07696191,0.41124805028571404,0.911715861428571,-0.07171235142857138,444.0923,1750.416,444.1479002857141,1750.494462857142,0.9209618,False,False
7ae6904d-8782-4caa-8a1f-a9caf51a24c3,96,1.708663101604278,right_hip,0.48951986,0.67817503,-0.18825324,0.4895791408571426,0.6782795619999997,-0.1888727759999999,528.68146,1302.0961,528.7454628571427,1302.2967571428564,0.99956715,False,False
7ae6904d-8782-4caa-8a1f-a9caf51a24c3,96,1.708663101604278,right_knee,0.5267459,0.7992789,-0.24529336,0.5268344865714283,0.7997072828571424,-0.24505113828571412,568.88556,1534.6155,568.9812119999997,1535.4380057142848,0.98163223,False,False
7ae6904d-8782-4caa-8a1f-a9caf51a24c3,96,1.708663101604278,right_shoulder,0.48704398,0.51434004,-0.270792,0.48715336171428547,0.5142209417142856,-0.27093345599999985,526.0075,987.5329,526.1256237142854,987.3042305714282,0.9992394,False,False
7ae6904d-8782-4caa-8a1f-a9caf51a24c3,96,1.708663101604278,right_wrist,0.6173633,0.39988184,-0.47479022,0.6186086214285711,0.40048885228571407,-0.4706262517142854,666.7523,767.77313,668.0973028571425,768.9386025714282,0.9879069,False,False
7ae6904d-8782-4caa-8a1f-a9caf51a24c3,97,1.7264616755793225,left_ankle,0.4922651,0.8784247,0.2705221,0.4919828865714283,0.8784294879999994,0.2595752414285713,531.6463,1686.5754,531.3415257142854,1686.5845971428564,0.830913,False,False
7ae6904d-8782-4caa-8a1f-a9caf51a24c3,97,1.7264616755793225,left_elbow,0.6395496,0.4718252,0.4191692,0.6396742619999997,0.47172792799999974,0.4098370142857141,690.71356,905.9044,690.8482257142854,905.7176251428567,0.47993222,False,False
7ae6904d-8782-4caa-8a1f-a9caf51a24c3,97,1.7264616755793225,left_foot_index,0.5539251,0.9151382,0.16672182,0.5539001554285711,0.915154739428571,0.15608866971428564,598.2391,1757.0653,598.212146285714,1757.097082857142,0.8761284,False,False
7ae6904d-8782-4caa-8a1f-a9caf51a24c3,97,1.7264616755793225,left_heel,0.44972482,0.8917512,0.28415093,0.4492354257142855,0.8917823639999995,0.2717965794285713,485.70282,1712.1624,485.1742645714283,1712.2221771428563,0.8070519,False,False
7ae6904d-8782-4caa-8a1f-a9caf51a24c3,97,1.7264616755793225,left_hip,0.56058407,0.6810781,0.18595964,0.5607248419999997,0.6811079945714282,0.1852007642857142,605.4308,1307.6699,605.5828391428568,1307.7273199999993,0.9994406,False,False
7ae6904d-8782-4caa-8a1f-a9caf51a24c3,97,1.7264616755793225,left_knee,0.60227,0.7854577,0.0589201,0.6024445245714283,0.7856065822857139,0.06080075508571425,650.4516,1508.0787,650.6400857142853,1508.364608571428,0.8073141,False,False
7ae6904d-8782-4caa-8a1f-a9caf51a24c3,97,1.7264616755793225,left_shoulder,0.57441396,0.52010494,0.32115594,0.5744612837142855,0.5200949825714283,0.31507441885714266,620.36707,998.6015,620.4181899999996,998.582351428571,0.99482626,False,False
7ae6904d-8782-4caa-8a1f-a9caf51a24c3,97,1.7264616755793225,left_wrist,0.65898013,0.406692,0.3362967,0.6588790454285711,0.4067221474285712,0.3291241422857141,711.69855,780.84863,711.5893619999997,780.9065368571426,0.68317395,False,False
7ae6904d-8782-4caa-8a1f-a9caf51a24c3,97,1.7264616755793225,nose,0.5482757,0.47597125,-0.09981294,0.5484524771428569,0.4764221568571426,-0.1028403327428571,592.13776,913.8648,592.3286962857139,914.7305228571424,0.99951273,False,False
7ae6904d-8782-4caa-8a1f-a9caf51a24c3,97,1.7264616755793225,right_ankle,0.441678,0.8984934,-0.08065209,0.4415716954285712,0.8983959771428567,-0.09689569542857138,477.01224,1725.1073,476.8974334285712,1724.9202714285705,0.9820716,False,False
7ae6904d-8782-4caa-8a1f-a9caf51a24c3,97,1.7264616755793225,right_elbow,0.5754192,0.464283,-0.53647995,0.5750632199999998,0.4643255314285712,-0.5275616065714284,621.4527,891.42334,621.0682859999997,891.505022285714,0.99309796,False,False
7ae6904d-8782-4caa-8a1f-a9caf51a24c3,97,1.7264616755793225,right_foot_index,0.505746,0.9371496,-0.27714884,0.5056432097142854,0.9371531879999995,-0.2928425642857142,546.2057,1799.3271,546.0946657142854,1799.334025714285,0.9740264,False,False
7ae6904d-8782-4caa-8a1f-a9caf51a24c3,97,1.7264616755793225,right_heel,0.41148576,0.9118301,-0.07686029,0.4114931794285712,0.9117272154285709,-0.0941227691428571,444.40463,1750.7139,444.4126477142855,1750.516302857142,0.9216325,False,False
7ae6904d-8782-4caa-8a1f-a9caf51a24c3,97,1.7264616755793225,right_hip,0.49126372,0.6766193,-0.18591753,0.49104400428571404,0.6764316705714283,-0.18516517971428564,530.5648,1299.109,530.3275231428569,1298.7487599999995,0.9995491,False,False
7ae6904d-8782-4caa-8a1f-a9caf51a24c3,97,1.7264616755793225,right_knee,0.5245572,0.7975979,-0.23679814,0.524866930285714,0.796928711428571,-0.24251310657142847,566.5217,1531.388,566.8562462857141,1530.1031342857136,0.9811964,False,False
7ae6904d-8782-4caa-8a1f-a9caf51a24c3,97,1.7264616755793225,right_shoulder,0.48649484,0.51295274,-0.2731294,0.48615070228571405,0.5133566274285711,-0.2719845074285713,525.4144,984.86926,525.0427488571427,985.6447077142852,0.99922013,False,False
7ae6904d-8782-4caa-8a1f-a9caf51a24c3,97,1.7264616755793225,right_wrist,0.6268305,0.3977232,-0.5160218,0.6248827337142854,0.39799562657142834,-0.5066853208571426,676.977,763.62854,674.8733528571424,764.1515925714282,0.9889293,False,False
7ae6904d-8782-4caa-8a1f-a9caf51a24c3,98,1.744260249554367,left_ankle,0.49116978,0.8781315,0.23872331,0.49087367828571404,0.8782052494285709,0.25769941485714276,530.4634,1686.0125,530.1435914285712,1686.154099999999,0.8243299,False,False
7ae6904d-8782-4caa-8a1f-a9caf51a24c3,98,1.744260249554367,left_elbow,0.6401755,0.46878436,0.3791484,0.640053686285714,0.4684676148571426,0.3878047465714284,691.3896,900.066,691.2579985714283,899.4578451428567,0.4742417,False,False
7ae6904d-8782-4caa-8a1f-a9caf51a24c3,98,1.744260249554367,left_foot_index,0.55392283,0.91508865,0.13606445,0.553976684285714,0.9150618299999996,0.15449267171428563,598.23663,1756.9702,598.2947948571425,1756.918659999999,0.87049353,False,False
7ae6904d-8782-4caa-8a1f-a9caf51a24c3,98,1.744260249554367,left_heel,0.44939575,0.8914977,0.24728674,0.4494750759999998,0.8915385025714281,0.26791552771428556,485.3474,1711.6755,485.4330774285712,1711.7539114285705,0.8004989,False,False
7ae6904d-8782-4caa-8a1f-a9caf51a24c3,98,1.744260249554367,left_hip,0.5649741,0.6793794,0.18091998,0.5647387748571426,0.6793708859999997,0.18196876028571424,610.17206,1304.4084,609.917886285714,1304.392045714285,0.99937636,False,False
7ae6904d-8782-4caa-8a1f-a9caf51a24c3,98,1.744260249554367,left_knee,0.6010486,0.7851249,0.06371487,0.6011252217142854,0.7850308028571424,0.07020602537142853,649.13245,1507.4398,649.2152157142855,1507.2590714285707,0.8043509,False,False
7ae6904d-8782-4caa-8a1f-a9caf51a24c3,98,1.744260249554367,left_shoulder,0.5743278,0.5182003,0.29716364,0.574208842285714,0.5178647174285711,0.3062379988571427,620.27405,994.9445,620.1455557142854,994.3002199999995,0.994088,False,False
7ae6904d-8782-4caa-8a1f-a9caf51a24c3,98,1.744260249554367,left_wrist,0.6617146,0.40541884,0.30180866,0.6614516868571425,0.4055169759999998,0.30182360942857134,714.6518,778.4042,714.3678439999996,778.592590571428,0.6842866,False,False
7ae6904d-8782-4caa-8a1f-a9caf51a24c3,98,1.744260249554367,nose,0.547204,0.4744798,-0.13677253,0.5471254599999997,0.47392953657142833,-0.12093251088571423,590.98035,911.0012,590.8955048571427,909.9447165714281,0.9994762,False,False
7ae6904d-8782-4caa-8a1f-a9caf51a24c3,98,1.744260249554367,right_ankle,0.4417947,0.89825344,-0.13408083,0.44192606142857127,0.8984330199999995,-0.10913891657142852,477.13828,1724.6466,477.28014914285694,1724.9913685714278,0.98224634,False,False
7ae6904d-8782-4caa-8a1f-a9caf51a24c3,98,1.744260249554367,right_elbow,0.5743175,0.4639235,-0.51718575,0.574349796285714,0.4639537837142855,-0.5193953957142855,620.26294,890.73315,620.2977751428568,890.791269428571,0.993524,False,False
7ae6904d-8782-4caa-8a1f-a9caf51a24c3,98,1.744260249554367,right_foot_index,0.5059393,0.93699414,-0.33318055,0.5061619754285712,0.9369729137142854,-0.3071209599999999,546.4144,1799.0287,546.6549202857141,1798.9879342857134,0.97412413,False,False
7ae6904d-8782-4caa-8a1f-a9caf51a24c3,98,1.744260249554367,right_heel,0.41175163,0.91180074,-0.13502043,0.4116957202857141,0.9119867674285709,-0.10866746879999994,444.69177,1750.6575,444.6313842857141,1751.0146714285706,0.92193425,False,False
7ae6904d-8782-4caa-8a1f-a9caf51a24c3,98,1.744260249554367,right_hip,0.49193025,0.6740386,-0.18091016,0.4921585971428569,0.6742722717142854,-0.18195191599999988,531.28467,1294.154,531.5312717142854,1294.6026714285708,0.99950343,False,False
7ae6904d-8782-4caa-8a1f-a9caf51a24c3,98,1.744260249554367,right_knee,0.52363443,0.7939096,-0.242962,0.523753180285714,0.7948863545714282,-0.23243191085714274,565.5252,1524.3064,565.6534259999996,1526.1817942857135,0.9811391,False,False
7ae6904d-8782-4caa-8a1f-a9caf51a24c3,98,1.744260249554367,right_shoulder,0.48387992,0.5127848,-0.26676154,0.48405588628571405,0.5122228014285712,-0.26464820114285703,522.59033,984.54675,522.7803602857141,983.4677391428567,0.9991463,False,False
7ae6904d-8782-4caa-8a1f-a9caf51a24c3,98,1.744260249554367,right_wrist,0.6266328,0.39760605,-0.49364325,0.6269122054285711,0.3972331517142855,-0.48220331399999977,676.7634,763.4036,677.0651914285711,762.687642285714,0.98973984,False,False
7ae6904d-8782-4caa-8a1f-a9caf51a24c3,99,1.7620588235294117,left_ankle,0.48872787,0.87821805,0.28274244,0.48921976457142835,0.8781097388571424,0.271572443142857,527.8261,1686.1787,528.3573442857141,1685.970722857142,0.8228517,False,False
7ae6904d-8782-4caa-8a1f-a9caf51a24c3,99,1.7620588235294117,left_elbow,0.64019257,0.4644925,0.37266117,0.640140493428571,0.4651907174285712,0.3706850468571426,691.40796,891.8256,691.3517554285711,893.1661799999996,0.47047257,False,False
7ae6904d-8782-4caa-8a1f-a9caf51a24c3,99,1.7620588235294117,left_foot_index,0.55400133,0.9149204,0.18008225,0.5538965734285712,0.9149004199999995,0.16975515028571422,598.3214,1756.6471,598.2082674285712,1756.6088114285706,0.8693771,False,False
7ae6904d-8782-4caa-8a1f-a9caf51a24c3,99,1.7620588235294117,left_heel,0.44926634,0.8914861,0.29181588,0.44938713285714266,0.8914280457142852,0.28003509085714273,485.20764,1711.6533,485.33810057142836,1711.5417857142847,0.79869497,False,False
7ae6904d-8782-4caa-8a1f-a9caf51a24c3,99,1.7620588235294117,left_hip,0.56716716,0.6770836,0.18058287,0.5669560225714283,0.6770537457142854,0.1804147662857142,612.5405,1300.0005,612.3124897142854,1299.943208571428,0.9993404,False,False
7ae6904d-8782-4caa-8a1f-a9caf51a24c3,99,1.7620588235294117,left_knee,0.59937686,0.7845799,0.106254734,0.5996223354285711,0.7845387871428567,0.1019557619428571,647.327,1506.3933,647.5921091428568,1506.3144171428564,0.8031776,False,False
7ae6904d-8782-4caa-8a1f-a9caf51a24c3,99,1.7620588235294117,left_shoulder,0.57335347,0.5153135,0.30757204,0.5732563317142856,0.5159055971428569,0.3003651125714284,619.22174,989.4019,619.1168505714281,990.538698571428,0.99386984,False,False
7ae6904d-8782-4caa-8a1f-a9caf51a24c3,99,1.7620588235294117,left_wrist,0.66274154,0.40517405,0.2697896,0.6629569254285711,0.4053697648571427,0.2772653205714284,715.76086,777.93414,715.9934868571424,778.309941428571,0.6811446,False,False
7ae6904d-8782-4caa-8a1f-a9caf51a24c3,99,1.7620588235294117,nose,0.5467273,0.47038087,-0.10672066,0.5467933514285712,0.47083567514285685,-0.12393049342857138,590.46545,903.1313,590.5367934285712,904.0045022857138,0.9994548,False,False
7ae6904d-8782-4caa-8a1f-a9caf51a24c3,99,1.7620588235294117,right_ankle,0.44144753,0.8987081,-0.09301455,0.4413642251428569,0.898531205428571,-0.10961038628571423,476.76334,1725.5195,476.6733742857141,1725.1798828571423,0.9825112,False,False
7ae6904d-8782-4caa-8a1f-a9caf51a24c3,99,1.7620588235294117,right_elbow,0.573102,0.46318537,-0.4986569,0.5733832877142855,0.46341680799999974,-0.5066067585714283,618.95013,889.3159,619.2539494285711,889.7602779999995,0.9938631,False,False
7ae6904d-8782-4caa-8a1f-a9caf51a24c3,99,1.7620588235294117,right_foot_index,0.50662416,0.936849,-0.28688985,0.5065033662857141,0.9368267708571423,-0.30531503228571416,547.1541,1798.7501,547.0236239999997,1798.7074057142847,0.97424364,False,False
7ae6904d-8782-4caa-8a1f-a9caf51a24c3,99,1.7620588235294117,right_heel,0.41172898,0.9124537,-0.09288106,0.4117668639999998,0.912289459428571,-0.11007637308571423,444.6673,1751.9111,444.70821742857123,1751.595782857142,0.92238444,False,False
7ae6904d-8782-4caa-8a1f-a9caf51a24c3,99,1.7620588235294117,right_hip,0.4928945,0.6717384,-0.18057394,0.49271427371428544,0.6716453399999995,-0.18040863571428561,532.32605,1289.7377,532.1314254285712,1289.5590199999992,0.99948066,False,False
7ae6904d-8782-4caa-8a1f-a9caf51a24c3,99,1.7620588235294117,right_knee,0.5216196,0.7938575,-0.20912376,0.5210893131428569,0.7932745417142854,-0.21697549285714274,563.3492,1524.2064,562.7764957142855,1523.087108571428,0.9813083,False,False
7ae6904d-8782-4caa-8a1f-a9caf51a24c3,99,1.7620588235294117,right_shoulder,0.4817073,0.5096242,-0.25494018,0.4817000657142855,0.5099189011428569,-0.2630088668571427,520.2439,978.47845,520.2360897142855,979.0442619999994,0.9991267,False,False
7ae6904d-8782-4caa-8a1f-a9caf51a24c3,99,1.7620588235294117,right_wrist,0.62621784,0.3963688,-0.41430932,0.6274946382857141,0.3968903422857141,-0.44241078714285687,676.31525,761.0281,677.6941785714282,762.0294605714282,0.99028414,False,False
7ae6904d-8782-4caa-8a1f-a9caf51a24c3,100,1.7798573975044565,left_ankle,0.48865578,0.87807053,0.28968418,0.48852339771428543,0.8782180151428567,0.2915969328571427,527.7482,1685.8954,527.6052499999997,1686.1785914285708,0.82555807,False,False
7ae6904d-8782-4caa-8a1f-a9caf51a24c3,100,1.7798573975044565,left_elbow,0.6398097,0.4623397,0.37226707,0.6399182039999998,0.46151576028571406,0.37228796885714266,690.9945,887.6922,691.1116611428569,886.1102399999995,0.46554503,False,False
7ae6904d-8782-4caa-8a1f-a9caf51a24c3,100,1.7798573975044565,left_foot_index,0.553634,0.9148067,0.1881017,0.553699806285714,0.9149163242857138,0.1888624005714285,597.9247,1756.429,597.9957631428568,1756.639419999999,0.87106186,False,False
7ae6904d-8782-4caa-8a1f-a9caf51a24c3,100,1.7798573975044565,left_heel,0.44983387,0.8913408,0.29721707,0.4497222545714284,0.8914055999999996,0.29861647228571414,485.8206,1711.3743,485.70004971428546,1711.4987742857134,0.80030304,False,False
7ae6904d-8782-4caa-8a1f-a9caf51a24c3,100,1.7798573975044565,left_hip,0.56694484,0.6737387,0.18011245,0.5671573737142854,0.6734903548571425,0.17970544599999994,612.3004,1293.5784,612.5299325714282,1293.1015199999995,0.999285,False,False
7ae6904d-8782-4caa-8a1f-a9caf51a24c3,100,1.7798573975044565,left_knee,0.59718055,0.7839362,0.12773465,0.5963498482857139,0.7840495262857139,0.12376092937142852,644.955,1505.1575,644.057836285714,1505.3750771428563,0.8054816,False,False
7ae6904d-8782-4caa-8a1f-a9caf51a24c3,100,1.7798573975044565,left_shoulder,0.5718872,0.51463366,0.302637,0.5721183234285712,0.514260746285714,0.308392853142857,617.6382,988.0966,617.8878051428569,987.3806251428566,0.9934707,False,False
7ae6904d-8782-4caa-8a1f-a9caf51a24c3,100,1.7798573975044565,left_wrist,0.6639532,0.40509507,0.27617145,0.6639285931428569,0.4046211291428569,0.26986005171428556,717.06946,777.78253,717.0428911428567,776.8725425714281,0.6769706,False,False
7ae6904d-8782-4caa-8a1f-a9caf51a24c3,100,1.7798573975044565,nose,0.5468995,0.46685404,-0.1296142,0.5468273174285713,0.4663944819999998,-0.12078608414285708,590.6514,896.35974,590.5734557142854,895.4773962857138,0.9994597,False,False
7ae6904d-8782-4caa-8a1f-a9caf51a24c3,100,1.7798573975044565,right_ankle,0.44026813,0.8986509,-0.09887735,0.44020325199999977,0.898829841428571,-0.09283225142857136,475.4896,1725.4097,475.41952514285686,1725.7532514285706,0.9832643,False,False
7ae6904d-8782-4caa-8a1f-a9caf51a24c3,100,1.7798573975044565,right_elbow,0.57375896,0.46069297,-0.4971465,0.5737307231428568,0.45960528142857116,-0.47998491428571405,619.65967,884.5305,619.6291694285711,882.4421322857138,0.9942717,False,False
7ae6904d-8782-4caa-8a1f-a9caf51a24c3,100,1.7798573975044565,right_foot_index,0.5066096,0.9369576,-0.29367045,0.5066530519999998,0.9371473165714281,-0.28697107714285697,547.13837,1798.9586,547.185299428571,1799.3228685714278,0.9750726,False,False
7ae6904d-8782-4caa-8a1f-a9caf51a24c3,100,1.7798573975044565,right_heel,0.4118049,0.9124854,-0.099332124,0.41179880657142837,0.9125757051428567,-0.09353638208571421,444.7493,1751.972,444.7427214285712,1752.1453828571418,0.92437714,False,False
7ae6904d-8782-4caa-8a1f-a9caf51a24c3,100,1.7798573975044565,right_hip,0.49286747,0.668298,-0.18009786,0.492928692285714,0.6679513851428567,-0.17968676228571417,532.2969,1283.1322,532.3629917142855,1282.466679999999,0.9994593,False,False
7ae6904d-8782-4caa-8a1f-a9caf51a24c3,100,1.7798573975044565,right_knee,0.5147693,0.79168963,-0.20347328,0.5146765759999997,0.7920171288571425,-0.20203690485714276,555.95087,1520.0441,555.8507214285712,1520.6728999999991,0.9820085,False,False
7ae6904d-8782-4caa-8a1f-a9caf51a24c3,100,1.7798573975044565,right_shoulder,0.48043212,0.50581557,-0.2655727,0.4806032177142855,0.5053909705714282,-0.25387137571428564,518.8667,971.1659,519.0514854285711,970.350671428571,0.9991413,False,False
7ae6904d-8782-4caa-8a1f-a9caf51a24c3,100,1.7798573975044565,right_wrist,0.63177353,0.39520034,-0.41814068,0.6310692482857141,0.39412180914285694,-0.38285774257142835,682.3154,758.78467,681.5547971428567,756.7138848571425,0.99092627,False,False
7ae6904d-8782-4caa-8a1f-a9caf51a24c3,101,1.7976559714795008,left_ankle,0.48893115,0.87833875,0.27696985,0.48883296771428547,0.8781728371428568,0.2710997662857142,528.04565,1686.4104,527.9395871428569,1686.0918428571422,0.828408,False,False
7ae6904d-8782-4caa-8a1f-a9caf51a24c3,101,1.7976559714795008,left_elbow,0.63984334,0.45757017,0.37358043,0.6399135339999996,0.45812784428571407,0.3735632845714284,691.0308,878.5347,691.1066168571426,879.6054257142852,0.46937642,False,False
7ae6904d-8782-4caa-8a1f-a9caf51a24c3,101,1.7976559714795008,left_foot_index,0.5535164,0.9151539,0.16993211,0.5535174808571426,0.9150239862857138,0.16463653142857138,597.7977,1757.0956,597.7988828571425,1756.846179999999,0.87335265,False,False
7ae6904d-8782-4caa-8a1f-a9caf51a24c3,101,1.7976559714795008,left_heel,0.45018637,0.8913635,0.28041157,0.45021258314285695,0.8912903599999995,0.2749927925714284,486.2013,1711.418,486.22960714285693,1711.2774799999993,0.8030718,False,False
7ae6904d-8782-4caa-8a1f-a9caf51a24c3,101,1.7976559714795008,left_hip,0.566552,0.669241,0.17663407,0.566431662285714,0.6694476777142854,0.17642324714285706,611.87616,1284.9427,611.7462034285711,1285.339565714285,0.99928313,False,False
7ae6904d-8782-4caa-8a1f-a9caf51a24c3,101,1.7976559714795008,left_knee,0.59152156,0.78378695,0.11950425,0.5927722239999997,0.7837214111428568,0.12333230194285709,638.84326,1504.871,640.1939714285711,1504.7451199999996,0.80632263,False,False
7ae6904d-8782-4caa-8a1f-a9caf51a24c3,101,1.7976559714795008,left_shoulder,0.5714585,0.5124421,0.3166952,0.5712955391428568,0.5123554462857141,0.31261309657142844,617.1752,983.88885,616.9991951428569,983.7224665714281,0.99357754,False,False
7ae6904d-8782-4caa-8a1f-a9caf51a24c3,101,1.7976559714795008,left_wrist,0.664729,0.402036,0.2696694,0.6646273325714283,0.40206886885714266,0.27493360199999983,717.90735,771.9091,717.7975251428568,771.9722268571425,0.6773434,False,False
7ae6904d-8782-4caa-8a1f-a9caf51a24c3,101,1.7976559714795008,nose,0.5470039,0.46177283,-0.12462863,0.5470264274285712,0.46197445057142833,-0.12593992657142852,590.7642,886.6038,590.7885214285711,886.9909259999995,0.99948186,False,False
7ae6904d-8782-4caa-8a1f-a9caf51a24c3,101,1.7976559714795008,right_ankle,0.43886003,0.89893913,-0.09947524,0.4391160954285712,0.8988454219999995,-0.10464130514285709,473.96884,1725.9631,474.24539714285686,1725.783202857142,0.9837958,False,False
7ae6904d-8782-4caa-8a1f-a9caf51a24c3,101,1.7976559714795008,right_elbow,0.57499295,0.45237055,-0.4361593,0.5749667025714282,0.4530575114285712,-0.4521670874285712,620.9924,868.55145,620.9640414285711,869.8704128571424,0.9946057,False,False
7ae6904d-8782-4caa-8a1f-a9caf51a24c3,101,1.7976559714795008,right_foot_index,0.5061139,0.9378227,-0.2939556,0.5060774234285712,0.9375851402857137,-0.298405007142857,546.603,1800.6196,546.5636074285711,1800.163479999999,0.9756836,False,False
7ae6904d-8782-4caa-8a1f-a9caf51a24c3,101,1.7976559714795008,right_heel,0.4119245,0.9125084,-0.10265158,0.41193865485714265,0.912501311428571,-0.10804450694285708,444.87848,1752.0162,444.89376028571405,1752.0025714285703,0.92550284,False,False
7ae6904d-8782-4caa-8a1f-a9caf51a24c3,101,1.7976559714795008,right_hip,0.4926628,0.6633824,-0.17659946,0.492646682285714,0.6637077568571426,-0.17639438171428562,532.0758,1273.6942,532.058416285714,1274.318885714285,0.9994655,False,False
7ae6904d-8782-4caa-8a1f-a9caf51a24c3,101,1.7976559714795008,right_knee,0.5055268,0.7884552,-0.20259687,0.5055246271428568,0.7875063617142855,-0.20168304514285706,545.96893,1513.834,545.9665899999998,1512.0122285714278,0.9825031,False,False
7ae6904d-8782-4caa-8a1f-a9caf51a24c3,101,1.7976559714795008,right_shoulder,0.48059392,0.50026536,-0.2324318,0.480465998285714,0.5006335037142855,-0.24013415771428556,519.04144,960.5095,518.9032908571426,961.2163299999995,0.99917626,False,False
7ae6904d-8782-4caa-8a1f-a9caf51a24c3,101,1.7976559714795008,right_wrist,0.6345918,0.3892049,-0.31740755,0.6342636497142854,0.3900742245714284,-0.3485491562857141,685.3592,747.2734,685.0047671428567,748.9425005714282,0.99140316,False,False
7ae6904d-8782-4caa-8a1f-a9caf51a24c3,102,1.8154545454545452,left_ankle,0.48907608,0.87795186,0.23970532,0.4891544451428569,0.8780802848571425,0.2517908182857142,528.20215,1685.6676,528.2868014285712,1685.9141742857132,0.83269036,False,False
7ae6904d-8782-4caa-8a1f-a9caf51a24c3,102,1.8154545454545452,left_elbow,0.63984406,0.45504075,0.37197176,0.6395351114285711,0.4550296328571426,0.3697924159999998,691.03156,873.6782,690.6978948571425,873.6568691428567,0.4705681,False,False
7ae6904d-8782-4caa-8a1f-a9caf51a24c3,102,1.8154545454545452,left_foot_index,0.55357635,0.9150894,0.12650795,0.553562819142857,0.9151696405714282,0.13908978928571422,597.8625,1756.9717,597.8478685714283,1757.1257542857136,0.8765392,False,False
7ae6904d-8782-4caa-8a1f-a9caf51a24c3,102,1.8154545454545452,left_heel,0.45071405,0.8910999,0.24199428,0.4507089534285712,0.8911632085714281,0.25484609999999985,486.77118,1710.9117,486.76568742857114,1711.0333542857136,0.80720574,False,False
7ae6904d-8782-4caa-8a1f-a9caf51a24c3,102,1.8154545454545452,left_hip,0.56575394,0.66638416,0.17202146,0.5659401594285712,0.6666640925714282,0.17289723285714279,611.0143,1279.4576,611.2154019999997,1279.995062857142,0.9992849,False,False
7ae6904d-8782-4caa-8a1f-a9caf51a24c3,102,1.8154545454545452,left_knee,0.5891533,0.78340316,0.11927324,0.5876356565714282,0.783525635428571,0.12037756228571424,636.2855,1504.134,634.6464679999997,1504.3692085714279,0.8092833,False,False
7ae6904d-8782-4caa-8a1f-a9caf51a24c3,102,1.8154545454545452,left_shoulder,0.57090044,0.5093708,0.3169317,0.5709905479999997,0.5095340179999998,0.3161735528571427,616.57245,977.99194,616.6697699999997,978.305299428571,0.9935603,False,False
7ae6904d-8782-4caa-8a1f-a9caf51a24c3,102,1.8154545454545452,left_wrist,0.66473544,0.39838025,0.27263162,0.6646802845714281,0.3989026305714284,0.26401911114285703,717.91425,764.8901,717.8547145714282,765.8930522857139,0.67964274,False,False
7ae6904d-8782-4caa-8a1f-a9caf51a24c3,102,1.8154545454545452,nose,0.54716593,0.45837227,-0.113934115,0.5471306088571426,0.45865753485714267,-0.11992300042857137,590.9392,880.07477,590.9010357142854,880.6224568571423,0.9994964,False,False
7ae6904d-8782-4caa-8a1f-a9caf51a24c3,102,1.8154545454545452,right_ankle,0.43858367,0.89834243,-0.11314038,0.43845916571428545,0.8981385962857138,-0.10410903942857139,473.67038,1724.8175,473.53591228571406,1724.4261114285705,0.9844249,False,False
7ae6904d-8782-4caa-8a1f-a9caf51a24c3,102,1.8154545454545452,right_elbow,0.57583797,0.44683206,-0.43941855,0.5756738477142853,0.4471169031428569,-0.43675406742857126,621.905,857.91754,621.7277625714282,858.4644485714282,0.9949227,False,False
7ae6904d-8782-4caa-8a1f-a9caf51a24c3,102,1.8154545454545452,right_foot_index,0.5048484,0.9377337,-0.3063379,0.5047960114285712,0.937832517428571,-0.29832722542857126,545.23627,1800.4487,545.1796959999997,1800.638419999999,0.97647905,False,False
7ae6904d-8782-4caa-8a1f-a9caf51a24c3,102,1.8154545454545452,right_heel,0.41210398,0.9120817,-0.118734375,0.4120857099999998,0.9118899537142853,-0.10834801294285708,445.0723,1751.1969,445.0525745714283,1750.8287657142846,0.92682993,False,False
7ae6904d-8782-4caa-8a1f-a9caf51a24c3,102,1.8154545454545452,right_hip,0.49237987,0.66070044,-0.17199242,0.49242261057142833,0.6609592097142853,-0.17286940999999992,531.77026,1268.5448,531.8164119999997,1269.0416771428563,0.99947125,False,False
7ae6904d-8782-4caa-8a1f-a9caf51a24c3,102,1.8154545454545452,right_knee,0.49741715,0.7813826,-0.19983855,0.49810132399999973,0.7824341891428568,-0.20002154057142846,537.2105,1500.2546,537.9494094285711,1502.273642857142,0.98317075,False,False
7ae6904d-8782-4caa-8a1f-a9caf51a24c3,102,1.8154545454545452,right_shoulder,0.4807361,0.49683368,-0.22580563,0.48074440742857116,0.496913376285714,-0.22687931714285703,519.195,953.92065,519.2039537142855,954.0736757142852,0.99919534,False,False
7ae6904d-8782-4caa-8a1f-a9caf51a24c3,102,1.8154545454545452,right_wrist,0.6341812,0.38606957,-0.33601442,0.6344977402857139,0.3857182374285712,-0.3244638422857141,684.9157,741.25354,685.2575825714283,740.5789959999997,0.9919079,False,False
7ae6904d-8782-4caa-8a1f-a9caf51a24c3,103,1.83325311942959,left_ankle,0.48975813,0.87777466,0.24148077,0.48982901228571407,0.8776455545714282,0.22424433685714273,528.9388,1685.3274,529.0153557142854,1685.079522857142,0.8389293,False,False
7ae6904d-8782-4caa-8a1f-a9caf51a24c3,103,1.83325311942959,left_elbow,0.6385435,0.45310208,0.3630116,0.6389523657142854,0.45286090142857116,0.3661034659999998,689.62695,869.956,690.0685277142853,869.4929319999995,0.46568334,False,False
7ae6904d-8782-4caa-8a1f-a9caf51a24c3,103,1.83325311942959,left_foot_index,0.55372906,0.91525626,0.12054544,0.5537671977142854,0.9152294091428568,0.10142688999999994,598.0274,1757.292,598.068594285714,1757.2404685714278,0.8810821,False,False
7ae6904d-8782-4caa-8a1f-a9caf51a24c3,103,1.83325311942959,left_heel,0.4515013,0.890949,0.24577917,0.4515387237142855,0.8908864337142852,0.22685118771428558,487.62143,1710.6221,487.6618339999997,1710.501885714285,0.8132339,False,False
7ae6904d-8782-4caa-8a1f-a9caf51a24c3,103,1.83325311942959,left_hip,0.5657199,0.6655506,0.17060795,0.5655904028571426,0.6651357582857139,0.16959520142857135,610.9775,1277.8572,610.837638285714,1277.0606914285706,0.99927956,False,False
7ae6904d-8782-4caa-8a1f-a9caf51a24c3,103,1.83325311942959,left_knee,0.5822381,0.78282046,0.12009072,0.5837722794285711,0.7823975139999997,0.11335333971428566,628.81714,1503.0153,630.4740314285712,1502.2032171428564,0.8100529,False,False
7ae6904d-8782-4caa-8a1f-a9caf51a24c3,103,1.83325311942959,left_shoulder,0.5709473,0.5070627,0.3181561,0.5709512908571426,0.5071895245714284,0.3237361985714284,616.62305,973.5603,616.6273785714283,973.8038365714281,0.9934488,False,False
7ae6904d-8782-4caa-8a1f-a9caf51a24c3,103,1.83325311942959,left_wrist,0.66482514,0.39612776,0.24599059,0.6651647931428568,0.3954018782857141,0.25469705199999987,718.01117,760.5653,718.3779662857139,759.171623428571,0.6757451,False,False
7ae6904d-8782-4caa-8a1f-a9caf51a24c3,103,1.83325311942959,nose,0.5472482,0.45753515,-0.10440236,0.5473006974285712,0.45760158114285693,-0.0878351010285714,591.028,878.46747,591.0847317142855,878.5950317142853,0.9994841,False,False
7ae6904d-8782-4caa-8a1f-a9caf51a24c3,103,1.83325311942959,right_ankle,0.43781206,0.8967237,-0.09793417,0.43772173685714266,0.8969815877142853,-0.11157083594285709,472.83704,1721.7095,472.73949114285693,1722.2046714285707,0.9850411,False,False
7ae6904d-8782-4caa-8a1f-a9caf51a24c3,103,1.83325311942959,right_elbow,0.57563424,0.4446769,-0.44388998,0.5754467914285711,0.4444177659999997,-0.439142383142857,621.685,853.77966,621.482551428571,853.2821125714282,0.9951861,False,False
7ae6904d-8782-4caa-8a1f-a9caf51a24c3,103,1.83325311942959,right_foot_index,0.50295,0.93775153,-0.2975002,0.5029484057142855,0.9377115717142852,-0.3121238868571427,543.18604,1800.4829,543.1843171428569,1800.4062114285705,0.97729564,False,False
7ae6904d-8782-4caa-8a1f-a9caf51a24c3,103,1.83325311942959,right_heel,0.4121944,0.910847,-0.100557975,0.4122012382857141,0.9110735137142852,-0.11607325242857136,445.16995,1748.8263,445.17733171428546,1749.2611971428562,0.9286917,False,False
7ae6904d-8782-4caa-8a1f-a9caf51a24c3,103,1.83325311942959,right_hip,0.4923061,0.66016513,-0.170583,0.4922743531428569,0.6597188997142854,-0.16956114342857137,531.6906,1267.5171,531.6563091428569,1266.6602742857137,0.9994732,False,False
7ae6904d-8782-4caa-8a1f-a9caf51a24c3,103,1.83325311942959,right_knee,0.49399075,0.77877,-0.19920363,0.49375763114285687,0.7782110845714282,-0.2012858374285713,533.51,1495.2384,533.2582254285712,1494.1653171428566,0.9836561,False,False
7ae6904d-8782-4caa-8a1f-a9caf51a24c3,103,1.83325311942959,right_shoulder,0.48089448,0.49508563,-0.2261215,0.4808762151428569,0.4950247325714283,-0.21979909514285703,519.366,950.5644,519.3462994285712,950.4474719999995,0.9991965,False,False
7ae6904d-8782-4caa-8a1f-a9caf51a24c3,103,1.83325311942959,right_wrist,0.6338787,0.38333932,-0.33454704,0.6336693385714283,0.3839018885714284,-0.33591747942857125,684.589,736.0115,684.3628874285711,737.0916191428568,0.9922787,False,False
7ae6904d-8782-4caa-8a1f-a9caf51a24c3,104,1.8510516934046344,left_ankle,0.4907306,0.87717366,0.2048889,0.4905776437142854,0.8772751731428567,0.22849894114285701,529.9891,1684.1735,529.8238814285712,1684.3683885714277,0.84531426,False,False
7ae6904d-8782-4caa-8a1f-a9caf51a24c3,104,1.8510516934046344,left_elbow,0.6382777,0.4502345,0.36769617,0.6378035148571426,0.4501398397142855,0.36639525171428555,689.3399,864.45026,688.8277777142853,864.2684977142853,0.46149132,False,False
7ae6904d-8782-4caa-8a1f-a9caf51a24c3,104,1.8510516934046344,left_foot_index,0.5540476,0.9153614,0.067972675,0.5540181734285712,0.9153307005714281,0.0920208061428571,598.3714,1757.4939,598.3396257142854,1757.4349371428561,0.88592374,False,False
7ae6904d-8782-4caa-8a1f-a9caf51a24c3,104,1.8510516934046344,left_heel,0.45269197,0.8905712,0.20564231,0.4527829874285712,0.8906060908571424,0.23099155999999987,488.90732,1709.8966,489.0056214285712,1709.9636542857136,0.819131,False,False
7ae6904d-8782-4caa-8a1f-a9caf51a24c3,104,1.8510516934046344,left_hip,0.56544656,0.66385686,0.16650952,0.5655716805714284,0.6641844154285711,0.16736897628571418,610.68225,1274.6052,610.8174162857139,1275.2341285714278,0.99929076,False,False
7ae6904d-8782-4caa-8a1f-a9caf51a24c3,104,1.8510516934046344,left_knee,0.58064413,0.7806456,0.10212203,0.5796192545714283,0.7812208268571426,0.1127843368571428,627.09564,1498.8396,625.9887865714284,1499.944045714285,0.81524533,False,False
7ae6904d-8782-4caa-8a1f-a9caf51a24c3,104,1.8510516934046344,left_shoulder,0.5712821,0.50525653,0.34402305,0.5712640537142855,0.5048562717142855,0.339055787142857,616.9847,970.0925,616.9651871428568,969.3239788571424,0.993528,False,False
7ae6904d-8782-4caa-8a1f-a9caf51a24c3,104,1.8510516934046344,left_wrist,0.6664942,0.39118403,0.25115806,0.6662267045714283,0.39166335114285694,0.24717094085714275,719.8137,751.07336,719.524816285714,751.9936399999996,0.67305505,False,False
7ae6904d-8782-4caa-8a1f-a9caf51a24c3,104,1.8510516934046344,nose,0.5475254,0.45681617,-0.03303474,0.5474671288571427,0.4559336994285712,-0.05189110154571426,591.32745,877.08704,591.2644894285711,875.392697428571,0.9994776,False,False
7ae6904d-8782-4caa-8a1f-a9caf51a24c3,104,1.8510516934046344,right_ankle,0.43637076,0.8963239,-0.11728365,0.4364393717142855,0.8962931431428567,-0.09984142251428565,471.28043,1720.9419,471.3545317142855,1720.8828085714276,0.9855768,False,False
7ae6904d-8782-4caa-8a1f-a9caf51a24c3,104,1.8510516934046344,right_elbow,0.57563674,0.4431813,-0.41762495,0.576510416285714,0.4432125274285712,-0.4174921417142855,621.6877,850.9081,622.6312548571425,850.9680597142852,0.9953623,False,False
7ae6904d-8782-4caa-8a1f-a9caf51a24c3,104,1.8510516934046344,right_foot_index,0.5011668,0.93778425,-0.32758322,0.5013668468571426,0.9378345274285709,-0.30762589999999984,541.2602,1800.5458,541.4762351428569,1800.6422971428563,0.97807485,False,False
7ae6904d-8782-4caa-8a1f-a9caf51a24c3,104,1.8510516934046344,right_heel,0.41225997,0.91068304,-0.12227407,0.4122540197142855,0.9106369994285709,-0.10276986837142851,445.24075,1748.5115,445.2343214285712,1748.4231114285706,0.92974776,False,False
7ae6904d-8782-4caa-8a1f-a9caf51a24c3,104,1.8510516934046344,right_hip,0.49223027,0.6586705,-0.16644591,0.49230232142857117,0.659043146285714,-0.16731166542857134,531.6087,1264.6473,531.6865268571426,1265.3628342857137,0.99948126,False,False
7ae6904d-8782-4caa-8a1f-a9caf51a24c3,104,1.8510516934046344,right_knee,0.49081597,0.77664703,-0.20256253,0.4903316525714283,0.7771986288571425,-0.19752184171428563,530.08124,1491.1624,529.5581908571426,1492.221425714285,0.984199,False,False
7ae6904d-8782-4caa-8a1f-a9caf51a24c3,104,1.8510516934046344,right_shoulder,0.48100796,0.49365652,-0.20128037,0.4809930551428569,0.4934191634285712,-0.2070517742857142,519.4886,947.8205,519.4724857142854,947.3647768571425,0.9991991,False,False
7ae6904d-8782-4caa-8a1f-a9caf51a24c3,104,1.8510516934046344,right_wrist,0.6333283,0.382658,-0.3083479,0.6337994139999996,0.38170366742857126,-0.2962063188571427,683.99457,734.70337,684.5033631428568,732.8710591428567,0.9925223,False,False
7ae6904d-8782-4caa-8a1f-a9caf51a24c3,105,1.8688502673796792,left_ankle,0.49091983,0.8770216,0.25361413,0.4911012485714284,0.8770200502857138,0.23391019257142845,530.1934,1683.8815,530.3893625714284,1683.8785428571423,0.8514299,False,False
7ae6904d-8782-4caa-8a1f-a9caf51a24c3,105,1.8688502673796792,left_elbow,0.6366126,0.4477321,0.37094992,0.6369958542857139,0.44817265257142835,0.3700104999999998,687.5416,859.6456,687.9555134285711,860.4914791428567,0.46365687,False,False
7ae6904d-8782-4caa-8a1f-a9caf51a24c3,105,1.8688502673796792,left_foot_index,0.5541601,0.915425,0.1077675,0.554223986285714,0.9155181405714281,0.0908371714285714,598.4929,1757.616,598.5618828571426,1757.7948514285708,0.89055824,False,False
7ae6904d-8782-4caa-8a1f-a9caf51a24c3,105,1.8688502673796792,left_heel,0.4539933,0.89035684,0.25628623,0.45382212428571406,0.8903867765714281,0.23523566971428558,490.31274,1709.4851,490.12788257142836,1709.5425371428562,0.8250262,False,False
7ae6904d-8782-4caa-8a1f-a9caf51a24c3,105,1.8688502673796792,left_hip,0.5654414,0.6632593,0.16565755,0.5653043154285712,0.6629203291428569,0.16526966885714278,610.67676,1273.4579,610.5286619999997,1272.8070371428566,0.9993064,False,False
7ae6904d-8782-4caa-8a1f-a9caf51a24c3,105,1.8688502673796792,left_knee,0.5763408,0.7804197,0.12413528,0.5768105477142855,0.779953131428571,0.11601957748571423,622.44806,1498.4059,622.955382285714,1497.5100742857137,0.8189176,False,False
7ae6904d-8782-4caa-8a1f-a9caf51a24c3,105,1.8688502673796792,left_shoulder,0.5715413,0.5022114,0.35308605,0.5715077514285711,0.502516690285714,0.3552638185714284,617.2646,964.24585,617.2283642857138,964.8320294285709,0.99370754,False,False
7ae6904d-8782-4caa-8a1f-a9caf51a24c3,105,1.8688502673796792,left_wrist,0.6672761,0.38792318,0.24797039,0.6672653197142854,0.3876849499999998,0.24581926228571416,720.65814,744.8125,720.646504285714,744.355111428571,0.67285025,False,False
7ae6904d-8782-4caa-8a1f-a9caf51a24c3,105,1.8688502673796792,nose,0.54765975,0.452995,-0.030117318,0.5477285699999997,0.4539292591428569,-0.01821089868857141,591.47253,869.7504,591.5468665714283,871.5441548571424,0.9994811,False,False
7ae6904d-8782-4caa-8a1f-a9caf51a24c3,105,1.8688502673796792,right_ankle,0.4351391,0.8963753,-0.075521424,0.4351382119999998,0.8963523842857137,-0.08856735359999995,469.95023,1721.0405,469.949268285714,1720.9965542857135,0.9859281,False,False
7ae6904d-8782-4caa-8a1f-a9caf51a24c3,105,1.8688502673796792,right_elbow,0.57928735,0.44264472,-0.38406345,0.5785013465714283,0.44275423542857123,-0.3850269591428569,625.6303,849.87787,624.7814405714282,850.0881459999996,0.9954462,False,False
7ae6904d-8782-4caa-8a1f-a9caf51a24c3,105,1.8688502673796792,right_foot_index,0.5002655,0.9382061,-0.286118,0.4999358771428569,0.9381865545714282,-0.30170725142857124,540.28674,1801.3557,539.9307668571425,1801.3181999999993,0.9785472,False,False
7ae6904d-8782-4caa-8a1f-a9caf51a24c3,105,1.8688502673796792,right_heel,0.41228512,0.9108259,-0.07702278,0.41229095114285697,0.9108328222857137,-0.09220987808571424,445.2679,1748.7858,445.2742077142855,1748.7990771428563,0.9300687,False,False
7ae6904d-8782-4caa-8a1f-a9caf51a24c3,105,1.8688502673796792,right_hip,0.49231154,0.6583166,-0.16557752,0.4922024068571426,0.6579117508571426,-0.16518871914285704,531.6965,1263.9679,531.5786239999998,1263.1905828571423,0.99949616,False,False
7ae6904d-8782-4caa-8a1f-a9caf51a24c3,105,1.8688502673796792,right_knee,0.4861809,0.777564,-0.18749325,0.4868242739999998,0.7771350925714282,-0.19265851285714275,525.0754,1492.9229,525.770222285714,1492.0994171428563,0.9844334,False,False
7ae6904d-8782-4caa-8a1f-a9caf51a24c3,105,1.8688502673796792,right_shoulder,0.48122853,0.49189213,-0.19294459,0.48134342657142837,0.4921932297142854,-0.18857888457142846,519.7268,944.43286,519.8508885714283,945.0109625714281,0.999221,False,False
7ae6904d-8782-4caa-8a1f-a9caf51a24c3,105,1.8688502673796792,right_wrist,0.63461655,0.37910616,-0.23677103,0.6342067859999996,0.3800059662857141,-0.25021812371428553,685.38586,727.88385,684.9433359999997,729.6114677142854,0.99260676,False,False
7ae6904d-8782-4caa-8a1f-a9caf51a24c3,106,1.886648841354724,left_ankle,0.49103665,0.8770069,0.2358904,0.4906925431428569,0.8769816297142853,0.24160232457142844,530.3196,1683.8533,529.947946285714,1683.8047857142847,0.85509366,False,False
7ae6904d-8782-4caa-8a1f-a9caf51a24c3,106,1.886648841354724,left_elbow,0.6366463,0.44799334,0.37287468,0.6365325314285711,0.44779523714285696,0.3790123722857141,687.578,860.1472,687.4551405714282,859.7668377142853,0.4629919,False,False
7ae6904d-8782-4caa-8a1f-a9caf51a24c3,106,1.886648841354724,left_foot_index,0.554038,0.9158254,0.09834623,0.5537958485714283,0.915752281428571,0.1012413264285714,598.361,1758.3848,598.0994994285711,1758.2443742857135,0.89366764,False,False
7ae6904d-8782-4caa-8a1f-a9caf51a24c3,106,1.886648841354724,left_heel,0.45405066,0.8902892,0.23667221,0.4540029899999998,0.8902548851428567,0.24317797828571416,490.37473,1709.3552,490.3232328571426,1709.2893371428563,0.82891166,False,False
7ae6904d-8782-4caa-8a1f-a9caf51a24c3,106,1.886648841354724,left_hip,0.56475216,0.6618928,0.16395643,0.564756795428571,0.6621900802857139,0.1640651345714285,609.9323,1270.8341,609.9373348571426,1271.4049142857139,0.99931455,False,False
7ae6904d-8782-4caa-8a1f-a9caf51a24c3,106,1.886648841354724,left_knee,0.5732544,0.7789729,0.120505,0.5729609082857141,0.7792410108571425,0.1224244817714285,619.11475,1495.628,618.7977837142854,1496.1427742857134,0.82035404,False,False
7ae6904d-8782-4caa-8a1f-a9caf51a24c3,106,1.886648841354724,left_shoulder,0.5715719,0.5008561,0.36185,0.5715951028571425,0.5008416631428569,0.36095938828571417,617.2976,961.64374,617.3226885714282,961.6160037142852,0.99388856,False,False
7ae6904d-8782-4caa-8a1f-a9caf51a24c3,106,1.886648841354724,left_wrist,0.6678251,0.38512725,0.24278033,0.6680433499999996,0.38541243514285695,0.2551222794285713,721.2511,739.44434,721.4868074285711,739.9918999999996,0.67320585,False,False
7ae6904d-8782-4caa-8a1f-a9caf51a24c3,106,1.886648841354724,nose,0.5479933,0.4531468,-0.0059452723,0.5480160194285713,0.4528483848571426,-0.011978275231428562,591.83276,870.0418,591.857292285714,869.4688848571425,0.99949455,False,False
7ae6904d-8782-4caa-8a1f-a9caf51a24c3,106,1.886648841354724,right_ankle,0.43419594,0.896469,-0.08047275,0.43427828914285693,0.8964256885714281,-0.0777569367428571,468.9316,1721.2205,469.0205371428569,1721.1373057142848,0.9861682,False,False
7ae6904d-8782-4caa-8a1f-a9caf51a24c3,106,1.886648841354724,right_elbow,0.57983506,0.4430023,-0.3681949,0.5799812628571426,0.44279464514285694,-0.37486405599999983,626.22186,850.56445,626.3797405714283,850.1657439999994,0.995539,False,False
7ae6904d-8782-4caa-8a1f-a9caf51a24c3,106,1.886648841354724,right_foot_index,0.49867892,0.93880475,-0.29547098,0.49906735314285694,0.9388751291428566,-0.29034353171428556,538.57324,1802.5051,538.9927317142855,1802.6401942857133,0.9788728,False,False
7ae6904d-8782-4caa-8a1f-a9caf51a24c3,106,1.886648841354724,right_heel,0.4123237,0.9110488,-0.085493244,0.41233344142857126,0.9109863108571423,-0.0812424219428571,445.3096,1749.2137,445.32011285714265,1749.0937171428563,0.9304104,False,False
7ae6904d-8782-4caa-8a1f-a9caf51a24c3,106,1.886648841354724,right_hip,0.49186847,0.65685594,-0.16387372,0.4919119039999998,0.6571667262857139,-0.1639832859999999,531.21796,1261.1635,531.2648697142855,1261.7601742857137,0.99950486,False,False
7ae6904d-8782-4caa-8a1f-a9caf51a24c3,106,1.886648841354724,right_knee,0.484024,0.7776359,-0.19038182,0.4834740374285712,0.7777645545714282,-0.18833422314285705,522.7459,1493.0609,522.1519565714283,1493.3079114285706,0.9846968,False,False
7ae6904d-8782-4caa-8a1f-a9caf51a24c3,106,1.886648841354724,right_shoulder,0.48188207,0.4919074,-0.17544346,0.4817454765714283,0.49182699657142825,-0.17871402314285706,520.4326,944.46216,520.2850857142855,944.3078125714283,0.9992367,False,False
7ae6904d-8782-4caa-8a1f-a9caf51a24c3,106,1.886648841354724,right_wrist,0.63433367,0.37889823,-0.24082224,0.634439897428571,0.37831019742857125,-0.25018456628571417,685.0804,727.4846,685.195100285714,726.3555877142853,0.99276495,False,False
7ae6904d-8782-4caa-8a1f-a9caf51a24c3,107,1.904447415329768,left_ankle,0.48967534,0.87683606,0.22983092,0.49001027799999974,0.8768387291428568,0.23304822885714271,528.84937,1683.5253,529.211108285714,1683.5303828571423,0.8591774,False,False
7ae6904d-8782-4caa-8a1f-a9caf51a24c3,107,1.904447415329768,left_elbow,0.6370056,0.4482769,0.38453218,0.6369295851428568,0.44819344257142835,0.3717147425714284,687.96606,860.69165,687.8839319999997,860.5314071428567,0.46210402,False,False
7ae6904d-8782-4caa-8a1f-a9caf51a24c3,107,1.904447415329768,left_foot_index,0.5529074,0.9158543,0.09564568,0.5532178314285712,0.9158457422857138,0.10050347971428565,597.14,1758.4402,597.4752448571426,1758.4238199999993,0.896698,False,False
7ae6904d-8782-4caa-8a1f-a9caf51a24c3,107,1.904447415329768,left_heel,0.45350647,0.8900023,0.2313514,0.4536684665714284,0.890007199428571,0.2342908634285713,489.787,1708.8044,489.96196171428545,1708.8138114285705,0.83332056,False,False
7ae6904d-8782-4caa-8a1f-a9caf51a24c3,107,1.904447415329768,left_hip,0.5640259,0.6618469,0.16183583,0.5641152948571426,0.6617041239999997,0.16155412228571422,609.14795,1270.746,609.2444934285711,1270.4718685714279,0.9993241,False,False
7ae6904d-8782-4caa-8a1f-a9caf51a24c3,107,1.904447415329768,left_knee,0.56983083,0.77857864,0.120288916,0.5700463037142854,0.7785254559999997,0.12184194348571423,615.4173,1494.871,615.6499971428568,1494.7689228571421,0.82267267,False,False
7ae6904d-8782-4caa-8a1f-a9caf51a24c3,107,1.904447415329768,left_shoulder,0.5716123,0.5005577,0.3614125,0.5716018342857139,0.5005938688571427,0.3604548254285713,617.3413,961.0708,617.3299651428568,961.1402439999995,0.99393016,False,False
7ae6904d-8782-4caa-8a1f-a9caf51a24c3,107,1.904447415329768,left_wrist,0.66892123,0.38435763,0.26703712,0.6686593128571425,0.38432601342857126,0.24541403714285706,722.43494,737.9667,722.1520537142853,737.9059714285711,0.67388076,False,False
7ae6904d-8782-4caa-8a1f-a9caf51a24c3,107,1.904447415329768,nose,0.5480652,0.45344704,-0.0097220065,0.547833460285714,0.4533844874285712,-0.009384603974285706,591.9104,870.61835,591.6601279999998,870.4982111428567,0.99950004,False,False
7ae6904d-8782-4caa-8a1f-a9caf51a24c3,107,1.904447415329768,right_ankle,0.4336305,0.89646345,-0.087760374,0.43362309771428553,0.896505938571428,-0.08521087345714282,468.32092,1721.2098,468.31293399999976,1721.2913657142847,0.98651,False,False
7ae6904d-8782-4caa-8a1f-a9caf51a24c3,107,1.904447415329768,right_elbow,0.5796989,0.4429115,-0.38376778,0.5797168091428568,0.44304303971428555,-0.3741146739999998,626.0748,850.3901,626.0941577142853,850.6426571428566,0.9956586,False,False
7ae6904d-8782-4caa-8a1f-a9caf51a24c3,107,1.904447415329768,right_foot_index,0.49868548,0.9395959,-0.296134,0.4985435071428569,0.9394661268571424,-0.2945267028571427,538.5803,1804.024,538.4269888571425,1803.774862857142,0.9793062,False,False
7ae6904d-8782-4caa-8a1f-a9caf51a24c3,107,1.904447415329768,right_heel,0.41236153,0.9110442,-0.09119179,0.4123913534285712,0.9110881371428566,-0.08913042622857138,445.35046,1749.2048,445.38266799999974,1749.2891771428565,0.93110144,False,False
7ae6904d-8782-4caa-8a1f-a9caf51a24c3,107,1.904447415329768,right_hip,0.49149284,0.65676427,-0.16176641,0.49150274342857114,0.6566772648571426,-0.16148589885714276,530.81226,1260.9874,530.8229691428569,1260.820385714285,0.999514,False,False
7ae6904d-8782-4caa-8a1f-a9caf51a24c3,107,1.904447415329768,right_knee,0.4807777,0.77798164,-0.18735287,0.4812397505714283,0.7779519314285711,-0.1861092319999999,519.2399,1493.7247,519.7389114285712,1493.6676742857135,0.98502976,False,False
7ae6904d-8782-4caa-8a1f-a9caf51a24c3,107,1.904447415329768,right_shoulder,0.481954,0.49230444,-0.17403951,0.48194333457142835,0.49222816799999974,-0.1735336002857142,520.5103,945.22455,520.4987799999998,945.0780711428567,0.99924123,False,False
7ae6904d-8782-4caa-8a1f-a9caf51a24c3,107,1.904447415329768,right_wrist,0.63385046,0.3777509,-0.28462458,0.6338167974285711,0.3781893577142855,-0.25640450828571415,684.5585,725.28174,684.5221648571426,726.1235751428568,0.99301296,False,False
7ae6904d-8782-4caa-8a1f-a9caf51a24c3,108,1.9222459893048127,left_ankle,0.48944476,0.8765104,0.24690978,0.4893639305714283,0.8764493088571425,0.24558971999999987,528.60034,1682.8999,528.5130468571425,1682.7826599999992,0.86031544,False,False
7ae6904d-8782-4caa-8a1f-a9caf51a24c3,108,1.9222459893048127,left_elbow,0.6376446,0.44815266,0.34537774,0.6379163365714282,0.44819997942857115,0.35355606742857126,688.6561,860.4531,688.9496234285712,860.5439537142853,0.46976182,False,False
7ae6904d-8782-4caa-8a1f-a9caf51a24c3,108,1.9222459893048127,left_foot_index,0.5528195,0.91565645,0.12182654,0.5526684628571426,0.9156737779999995,0.12021675799999994,597.04504,1758.0604,596.8819248571426,1758.0936142857136,0.89748263,False,False
7ae6904d-8782-4caa-8a1f-a9caf51a24c3,108,1.9222459893048127,left_heel,0.4535593,0.8895305,0.24897432,0.4535103314285712,0.8894530888571424,0.2477441459999999,489.84406,1707.8986,489.7911751428569,1707.7499457142846,0.8348595,False,False
7ae6904d-8782-4caa-8a1f-a9caf51a24c3,108,1.9222459893048127,left_hip,0.5638556,0.66174287,0.1584572,0.5639228085714283,0.6617839168571424,0.1585320645714285,608.96405,1270.5463,609.036624285714,1270.625071428571,0.999327,False,False
7ae6904d-8782-4caa-8a1f-a9caf51a24c3,108,1.9222459893048127,left_knee,0.56794006,0.7783824,0.1301508,0.5681380822857139,0.778344136285714,0.12988202691428563,613.37524,1494.4943,613.589132285714,1494.4207657142852,0.8216409,False,False
7ae6904d-8782-4caa-8a1f-a9caf51a24c3,108,1.9222459893048127,left_shoulder,0.5716302,0.5008517,0.35326162,0.571651054285714,0.5007576928571427,0.35456848428571414,617.3606,961.63525,617.3831445714283,961.454768285714,0.99402356,False,False
7ae6904d-8782-4caa-8a1f-a9caf51a24c3,108,1.9222459893048127,left_wrist,0.66879827,0.38384855,0.20820059,0.668913870285714,0.38343589057142835,0.21942448228571415,722.3021,736.9892,722.4269685714282,736.196921428571,0.6777149,False,False
7ae6904d-8782-4caa-8a1f-a9caf51a24c3,108,1.9222459893048127,nose,0.54714954,0.4535527,-0.02026589,0.5473811245714284,0.45360859171428547,-0.01774013837428571,590.9215,870.82117,591.1716005714284,870.9284945714281,0.9995157,False,False
7ae6904d-8782-4caa-8a1f-a9caf51a24c3,108,1.9222459893048127,right_ankle,0.43257126,0.8967224,-0.08469153,0.4323201659999998,0.8967103399999996,-0.08744892908571425,467.17697,1721.7069,466.9057777142855,1721.6837914285704,0.9864275,False,False
7ae6904d-8782-4caa-8a1f-a9caf51a24c3,108,1.9222459893048127,right_elbow,0.5795922,0.44345242,-0.36672375,0.5797211777142854,0.4435008142857141,-0.37120986942857126,625.9596,851.42865,626.0988805714283,851.5215702857138,0.9956902,False,False
7ae6904d-8782-4caa-8a1f-a9caf51a24c3,108,1.9222459893048127,right_foot_index,0.49803188,0.93977416,-0.28841913,0.4980681594285712,0.9398605685714281,-0.2917700657142856,537.87445,1804.3663,537.9136094285711,1804.5322257142846,0.979016,False,False
7ae6904d-8782-4caa-8a1f-a9caf51a24c3,108,1.9222459893048127,right_heel,0.41227078,0.9112336,-0.08721767,0.4121786902857141,0.9111816357142852,-0.09012993165714282,445.25244,1749.5685,445.15298742857124,1749.4687371428563,0.9299667,False,False
7ae6904d-8782-4caa-8a1f-a9caf51a24c3,108,1.9222459893048127,right_hip,0.4912697,0.6568915,-0.15840922,0.49128637399999975,0.6568916405714282,-0.15848128342857135,530.5713,1261.2317,530.589286285714,1261.2319571428563,0.9995232,False,False
7ae6904d-8782-4caa-8a1f-a9caf51a24c3,108,1.9222459893048127,right_knee,0.47929066,0.77821916,-0.17841966,0.47904179199999974,0.778173461428571,-0.18026216485714278,517.6339,1494.1808,517.3651171428569,1494.0930542857136,0.9849727,False,False
7ae6904d-8782-4caa-8a1f-a9caf51a24c3,108,1.9222459893048127,right_shoulder,0.48202333,0.4926234,-0.1758387,0.4821607668571426,0.4927258731428569,-0.17431222971428562,520.5852,945.8369,520.7336314285712,946.0336777142852,0.999252,False,False
7ae6904d-8782-4caa-8a1f-a9caf51a24c3,108,1.9222459893048127,right_wrist,0.6332984,0.37824124,-0.22307396,0.6334580745714282,0.37795757628571414,-0.24326409542857133,683.9623,726.2232,684.1347365714282,725.678565428571,0.9929574,False,False
7ae6904d-8782-4caa-8a1f-a9caf51a24c3,109,1.9400445632798573,left_ankle,0.48904616,0.8760001,0.2610658,0.48895081742857116,0.8760768931428566,0.25827711142857135,528.16986,1681.9202,528.0668854285711,1682.0676199999991,0.85990214,False,False
7ae6904d-8782-4caa-8a1f-a9caf51a24c3,109,1.9400445632798573,left_elbow,0.63940424,0.44816417,0.34440345,0.6388692937142854,0.44818286257142836,0.34806178714285696,690.5566,860.4752,689.978816285714,860.5111014285709,0.4717464,False,False
7ae6904d-8782-4caa-8a1f-a9caf51a24c3,109,1.9400445632798573,left_foot_index,0.5522038,0.91547644,0.14237517,0.5521855257142855,0.9154758588571423,0.1387653248571428,596.38007,1757.7147,596.3603419999997,1757.7136371428562,0.89717054,False,False
7ae6904d-8782-4caa-8a1f-a9caf51a24c3,109,1.9400445632798573,left_heel,0.45351776,0.888851,0.26389775,0.4535138985714283,0.8889502211428566,0.2609385277142856,489.7992,1706.5939,489.7950239999997,1706.7844171428565,0.83495057,False,False
7ae6904d-8782-4caa-8a1f-a9caf51a24c3,109,1.9400445632798573,left_hip,0.5637913,0.6618677,0.15626858,0.5634761208571426,0.6618598854285711,0.15667546999999993,608.8946,1270.7859,608.5542277142854,1270.7709599999994,0.99931645,False,False
7ae6904d-8782-4caa-8a1f-a9caf51a24c3,109,1.9400445632798573,left_knee,0.5669382,0.77815014,0.13863577,0.5663750862857139,0.7781635234285711,0.13714430834285707,612.2933,1494.0482,611.6851108571426,1494.0739485714275,0.8200687,False,False
7ae6904d-8782-4caa-8a1f-a9caf51a24c3,109,1.9400445632798573,left_shoulder,0.5717154,0.50085163,0.3500583,0.5716749428571425,0.5008484671428569,0.34985600914285697,617.45264,961.63513,617.4089317142854,961.6290459999997,0.9940364,False,False
7ae6904d-8782-4caa-8a1f-a9caf51a24c3,109,1.9400445632798573,left_wrist,0.6687457,0.3822031,0.20599987,0.6687412539999997,0.38272890314285696,0.21567083628571415,722.24536,733.82996,722.2405548571426,734.8394839999996,0.67873174,False,False
7ae6904d-8782-4caa-8a1f-a9caf51a24c3,109,1.9400445632798573,nose,0.54722404,0.45385054,-0.020331655,0.547268990285714,0.45388947314285694,-0.02139661929999999,591.00195,871.393,591.0505157142854,871.467757428571,0.9995241,False,False
7ae6904d-8782-4caa-8a1f-a9caf51a24c3,109,1.9400445632798573,right_ankle,0.43023306,0.8971139,-0.088317625,0.4304032619999998,0.8971657297142852,-0.08779499679999997,464.6517,1722.4587,464.83552199999974,1722.5581885714278,0.986285,False,False
7ae6904d-8782-4caa-8a1f-a9caf51a24c3,109,1.9400445632798573,right_elbow,0.58001935,0.44417053,-0.36562404,0.5798341591428569,0.44399188428571407,-0.36675204171428555,626.4209,852.80743,626.2209028571426,852.4644374285709,0.99570745,False,False
7ae6904d-8782-4caa-8a1f-a9caf51a24c3,109,1.9400445632798573,right_foot_index,0.49612117,0.94004816,-0.29139024,0.49570768685714256,0.9400251319999995,-0.29002208228571413,535.81085,1804.8925,535.3643068571425,1804.848219999999,0.97863394,False,False
7ae6904d-8782-4caa-8a1f-a9caf51a24c3,109,1.9400445632798573,right_heel,0.41157568,0.9115259,-0.09071938,0.41158407142857123,0.9116704399999995,-0.09007099797142852,444.50174,1750.1298,444.5108017142855,1750.4072742857134,0.9287241,False,False
7ae6904d-8782-4caa-8a1f-a9caf51a24c3,109,1.9400445632798573,right_hip,0.49116856,0.6571026,-0.15622841,0.49114333428571405,0.6570900968571425,-0.15663529999999992,530.46204,1261.637,530.4348257142855,1261.6129914285707,0.9995274,False,False
7ae6904d-8782-4caa-8a1f-a9caf51a24c3,109,1.9400445632798573,right_knee,0.47702095,0.778313,-0.17810456,0.4768439825714283,0.7783740259999996,-0.1777741802857142,515.1826,1494.361,514.9914828571426,1494.478145714285,0.9849436,False,False
7ae6904d-8782-4caa-8a1f-a9caf51a24c3,109,1.9400445632798573,right_shoulder,0.4827935,0.49329427,-0.17384927,0.48274527714285687,0.49319888885714264,-0.17591188571428562,521.417,947.125,521.3649199999998,946.9418499999995,0.9992569,False,False
7ae6904d-8782-4caa-8a1f-a9caf51a24c3,109,1.9400445632798573,right_wrist,0.6332017,0.37783098,-0.24030046,0.6329401205714282,0.3779166068571427,-0.241836369142857,683.85785,725.4355,683.575349428571,725.599903428571,0.9930141,False,False
7ae6904d-8782-4caa-8a1f-a9caf51a24c3,110,1.9578431372549017,left_ankle,0.4881238,0.87598807,0.2616385,0.4882629091428569,0.8759528705714282,0.26589276742857126,527.1737,1681.8971,527.3239399999998,1681.8294885714276,0.8617778,False,False
7ae6904d-8782-4caa-8a1f-a9caf51a24c3,110,1.9578431372549017,left_elbow,0.6399552,0.44830292,0.37518758,0.6407803902857139,0.4482150097142855,0.36995066171428553,691.1516,860.74164,692.042831428571,860.5728368571424,0.4672025,False,False
7ae6904d-8782-4caa-8a1f-a9caf51a24c3,110,1.9578431372549017,left_foot_index,0.5512519,0.9153567,0.14155872,0.5512796414285712,0.9153192659999996,0.14645700599999992,595.35205,1757.4849,595.3820079999998,1757.4130028571421,0.8981119,False,False
7ae6904d-8782-4caa-8a1f-a9caf51a24c3,110,1.9578431372549017,left_heel,0.45326176,0.88884413,0.2648305,0.4533070531428569,0.8888019139999995,0.26951809085714273,489.5227,1706.5807,489.5716239999997,1706.499665714285,0.8374161,False,False
7ae6904d-8782-4caa-8a1f-a9caf51a24c3,110,1.9578431372549017,left_hip,0.56259894,0.6620295,0.15684459,0.5629376794285712,0.6620086174285711,0.15674689371428563,607.6069,1271.0967,607.9727079999997,1271.0565514285709,0.9993081,False,False
7ae6904d-8782-4caa-8a1f-a9caf51a24c3,110,1.9578431372549017,left_knee,0.5638711,0.77809423,0.13742463,0.5643705245714283,0.7780301997142853,0.13835973599999993,608.9808,1493.9409,609.5201879999997,1493.8179771428565,0.81897694,False,False
7ae6904d-8782-4caa-8a1f-a9caf51a24c3,110,1.9578431372549017,left_shoulder,0.5717144,0.50076777,0.34921673,0.5717562834285712,0.5008310957142854,0.34926433057142836,617.45154,961.4741,617.4967817142854,961.595687428571,0.9939693,False,False
7ae6904d-8782-4caa-8a1f-a9caf51a24c3,110,1.9578431372549017,left_wrist,0.66870433,0.38283873,0.26921868,0.6686887994285711,0.38255911714285695,0.25540515085714266,722.2007,735.05035,722.1839111428568,734.5135025714281,0.6763111,False,False
7ae6904d-8782-4caa-8a1f-a9caf51a24c3,110,1.9578431372549017,nose,0.5475646,0.45407525,-0.022141136,0.5473784645714282,0.4539257591428569,-0.022894430599999988,591.3698,871.82446,591.1687511428568,871.5374302857138,0.9995352,False,False
7ae6904d-8782-4caa-8a1f-a9caf51a24c3,110,1.9578431372549017,right_ankle,0.42876017,0.8976467,-0.08352041,0.4288577539999998,0.8975610182857139,-0.0791597094285714,463.06097,1723.4817,463.1663617142855,1723.317162857142,0.98638105,False,False
7ae6904d-8782-4caa-8a1f-a9caf51a24c3,110,1.9578431372549017,right_elbow,0.57998,0.4440467,-0.37669182,0.580198266285714,0.44412759457142836,-0.37488247285714266,626.3784,852.5697,626.6141228571425,852.7249945714282,0.9958094,False,False
7ae6904d-8782-4caa-8a1f-a9caf51a24c3,110,1.9578431372549017,right_foot_index,0.49193314,0.94011843,-0.28501695,0.49220594542857116,0.9400827908571423,-0.28165223657142846,531.2878,1805.0273,531.5824171428568,1804.958942857142,0.978678,False,False
7ae6904d-8782-4caa-8a1f-a9caf51a24c3,110,1.9578431372549017,right_heel,0.41087484,0.91243625,-0.08486903,0.41099269542857125,0.9122933042857138,-0.08017046368571425,443.74484,1751.8776,443.87212399999976,1751.6031942857135,0.9289952,False,False
7ae6904d-8782-4caa-8a1f-a9caf51a24c3,110,1.9578431372549017,right_hip,0.4909644,0.6572609,-0.1568095,0.4910125079999998,0.6572607114285711,-0.15671012542857135,530.2416,1261.9409,530.2935222857141,1261.9405314285707,0.99952877,False,False
7ae6904d-8782-4caa-8a1f-a9caf51a24c3,110,1.9578431372549017,right_knee,0.4743301,0.77876085,-0.17943405,0.4747193577142854,0.7787831365714282,-0.1789815762857142,512.2765,1495.2208,512.696894285714,1495.263622857142,0.98491657,False,False
7ae6904d-8782-4caa-8a1f-a9caf51a24c3,110,1.9578431372549017,right_shoulder,0.48336452,0.49355152,-0.17888828,0.48329024771428547,0.49358046571428543,-0.17852426514285707,522.0337,947.6189,521.9534748571426,947.6744857142852,0.9992597,False,False
7ae6904d-8782-4caa-8a1f-a9caf51a24c3,110,1.9578431372549017,right_wrist,0.6322217,0.37729126,-0.28488258,0.632435094285714,0.3771483468571427,-0.2699646497142856,682.79944,724.39923,683.0299025714282,724.1248311428567,0.9932817,False,False
7ae6904d-8782-4caa-8a1f-a9caf51a24c3,111,1.9756417112299465,left_ankle,0.48743427,0.8762613,0.2705021,0.48725678571428543,0.8763678548571425,0.26592345457142846,526.429,1682.4216,526.2373119999997,1682.626242857142,0.86468065,False,False
7ae6904d-8782-4caa-8a1f-a9caf51a24c3,111,1.9756417112299465,left_elbow,0.6432092,0.44834232,0.3886278,0.6424782559999997,0.4484856214285712,0.3896537922857141,694.66595,860.81726,693.876521428571,861.0924011428567,0.4646395,False,False
7ae6904d-8782-4caa-8a1f-a9caf51a24c3,111,1.9756417112299465,left_foot_index,0.5503686,0.91534644,0.1457592,0.5503653257142854,0.9154757219999995,0.13963239994285706,594.3981,1757.4652,594.394551428571,1757.7133942857133,0.8996801,False,False
7ae6904d-8782-4caa-8a1f-a9caf51a24c3,111,1.9756417112299465,left_heel,0.45271626,0.88923264,0.27500564,0.4525167617142855,0.8893575282857138,0.2696965065714284,488.93356,1707.3267,488.718092285714,1707.566442857142,0.8399682,False,False
7ae6904d-8782-4caa-8a1f-a9caf51a24c3,111,1.9756417112299465,left_hip,0.56272155,0.66212755,0.1570128,0.5625830665714282,0.6620723877142854,0.15646193571428565,607.73926,1271.2849,607.5897279999997,1271.1789999999994,0.9993146,False,False
7ae6904d-8782-4caa-8a1f-a9caf51a24c3,111,1.9756417112299465,left_knee,0.56235427,0.7782709,0.13559857,0.5619469539999997,0.7785046239999995,0.13587492399999995,607.3426,1494.2802,606.9026971428568,1494.728862857142,0.81946,False,False
7ae6904d-8782-4caa-8a1f-a9caf51a24c3,111,1.9756417112299465,left_shoulder,0.5719457,0.5008473,0.35051116,0.5719109891428569,0.5007482785714283,0.35183439914285697,617.70135,961.6268,617.6638654285712,961.4366977142852,0.9938117,False,False
7ae6904d-8782-4caa-8a1f-a9caf51a24c3,111,1.9756417112299465,left_wrist,0.66866684,0.38303852,0.2938128,0.6686800811428568,0.3831061142857141,0.3029417459999998,722.16016,735.43396,722.1744725714282,735.5637425714281,0.6726459,False,False
7ae6904d-8782-4caa-8a1f-a9caf51a24c3,111,1.9756417112299465,nose,0.5469227,0.4535073,-0.025491584,0.546935039428571,0.4536060839999998,-0.022655030857142846,590.6765,870.734,590.6898345714284,870.9236719999997,0.999532,False,False
7ae6904d-8782-4caa-8a1f-a9caf51a24c3,111,1.9756417112299465,right_ankle,0.42831117,0.89772487,-0.061278965,0.42827377285714263,0.8977350854285711,-0.06700066999999997,462.57605,1723.6317,462.53566057142837,1723.651379999999,0.9863108,False,False
7ae6904d-8782-4caa-8a1f-a9caf51a24c3,111,1.9756417112299465,right_elbow,0.58063436,0.444146,-0.38299024,0.5804437991428568,0.4442217311428569,-0.37822577457142836,627.0851,852.7603,626.8792999999998,852.9057331428567,0.99587303,False,False
7ae6904d-8782-4caa-8a1f-a9caf51a24c3,111,1.9756417112299465,right_foot_index,0.48927155,0.93995416,-0.26523072,0.4894472839999997,0.9400008802857137,-0.2699708965714284,528.41327,1804.712,528.6030714285712,1804.8016485714274,0.9785091,False,False
7ae6904d-8782-4caa-8a1f-a9caf51a24c3,111,1.9756417112299465,right_heel,0.41066897,0.9127935,-0.060403187,0.4105813262857141,0.9128037257142854,-0.06663829511428568,443.5225,1752.5636,443.42784142857124,1752.5831942857135,0.9277064,False,False
7ae6904d-8782-4caa-8a1f-a9caf51a24c3,111,1.9756417112299465,right_hip,0.4907265,0.6573756,-0.15699096,0.4906457734285712,0.6573703457142854,-0.15645040542857136,529.9846,1262.1611,529.8974397142854,1262.1510457142854,0.9995359,False,False
7ae6904d-8782-4caa-8a1f-a9caf51a24c3,111,1.9756417112299465,right_knee,0.47364426,0.77934843,-0.17928904,0.4735235734285712,0.7792816002857139,-0.1795540222857142,511.5358,1496.349,511.40545857142837,1496.220668571428,0.98477733,False,False
7ae6904d-8782-4caa-8a1f-a9caf51a24c3,111,1.9756417112299465,right_shoulder,0.483399,0.4937424,-0.17770894,0.4834274091428569,0.4937416551428569,-0.17304737971428563,522.0709,947.9854,522.1016028571426,947.9839642857139,0.9992569,False,False
7ae6904d-8782-4caa-8a1f-a9caf51a24c3,111,1.9756417112299465,right_wrist,0.6320715,0.37639424,-0.28747988,0.6320142857142854,0.376640047142857,-0.29859706057142843,682.6372,722.67694,682.5754077142853,723.1489111428567,0.99351573,False,False
7ae6904d-8782-4caa-8a1f-a9caf51a24c3,112,1.993440285204991,left_ankle,0.48611122,0.87701744,0.2598977,0.4862373494285712,0.8768870248571423,0.26374817085714275,525.0001,1683.8735,525.1363377142854,1683.6230514285705,0.8667691,False,False
7ae6904d-8782-4caa-8a1f-a9caf51a24c3,112,1.993440285204991,left_elbow,0.64345074,0.4490814,0.39671916,0.6437217737142854,0.44889646628571406,0.39471967114285694,694.9268,862.23627,695.219501428571,861.8812088571424,0.4584635,False,False
7ae6904d-8782-4caa-8a1f-a9caf51a24c3,112,1.993440285204991,left_foot_index,0.54963505,0.9159316,0.12421195,0.5496584328571426,0.9158211382857139,0.12974946408571422,593.60583,1758.5886,593.6311011428569,1758.3765599999992,0.9001114,False,False
7ae6904d-8782-4caa-8a1f-a9caf51a24c3,112,1.993440285204991,left_heel,0.4512778,0.8902318,0.26296768,0.45147302542857126,0.8900877082857139,0.2675728942857141,487.38,1709.245,487.5908554285712,1708.9683742857135,0.8420227,False,False
7ae6904d-8782-4caa-8a1f-a9caf51a24c3,112,1.993440285204991,left_hip,0.5626502,0.66230476,0.15474057,0.5626399194285712,0.6624916548571426,0.15523663542857136,607.66223,1271.6251,607.6511008571425,1271.9839599999993,0.9993097,False,False
7ae6904d-8782-4caa-8a1f-a9caf51a24c3,112,1.993440285204991,left_knee,0.5601766,0.7794834,0.13132921,0.5605081814285713,0.7792161659999997,0.12960730171428564,604.9907,1496.608,605.3488108571426,1496.095025714285,0.8183919,False,False
7ae6904d-8782-4caa-8a1f-a9caf51a24c3,112,1.993440285204991,left_shoulder,0.57223916,0.5005986,0.3531605,0.5723580834285712,0.5005092539999998,0.3468481219999998,618.0183,961.14935,618.146721428571,960.9777662857139,0.9934242,False,False
7ae6904d-8782-4caa-8a1f-a9caf51a24c3,112,1.993440285204991,left_wrist,0.6688071,0.3833477,0.33689585,0.6688571425714283,0.3832747648571426,0.331250683142857,722.31165,736.0276,722.3657099999996,735.8875505714282,0.6685578,False,False
7ae6904d-8782-4caa-8a1f-a9caf51a24c3,112,1.993440285204991,nose,0.5462214,0.45317122,-0.021391813,0.5462990399999996,0.4531351265714284,-0.030810301857142848,589.91907,870.08875,590.0029259999997,870.0194448571425,0.9995096,False,False
7ae6904d-8782-4caa-8a1f-a9caf51a24c3,112,1.993440285204991,right_ankle,0.42790616,0.8977521,-0.06344721,0.42781125542857124,0.8977621354285711,-0.06068316771428568,462.13864,1723.6841,462.03614199999976,1723.7032914285703,0.98583823,False,False
7ae6904d-8782-4caa-8a1f-a9caf51a24c3,112,1.993440285204991,right_elbow,0.5805962,0.44458973,-0.3886915,0.5809862677142854,0.44443119542857124,-0.4114932134285712,627.0439,853.6123,627.4651651428568,853.3078857142854,0.99573195,False,False
7ae6904d-8782-4caa-8a1f-a9caf51a24c3,112,1.993440285204991,right_foot_index,0.48875743,0.93994033,-0.267218,0.48870714828571404,0.939915343428571,-0.2647685788571427,527.85803,1804.6854,527.8037188571426,1804.6374685714277,0.9777346,False,False
7ae6904d-8782-4caa-8a1f-a9caf51a24c3,112,1.993440285204991,right_heel,0.4100838,0.9130942,-0.062875025,0.41006637257142836,0.9131401042857139,-0.05986977002857139,442.8905,1753.1409,442.8716805714283,1753.2290571428564,0.9246483,False,False
7ae6904d-8782-4caa-8a1f-a9caf51a24c3,112,1.993440285204991,right_hip,0.48996288,0.6574581,-0.15477063,0.48992952857142835,0.6574691194285711,-0.1552561225714285,529.1599,1262.3196,529.1238717142854,1262.3407199999992,0.99953276,False,False
7ae6904d-8782-4caa-8a1f-a9caf51a24c3,112,1.993440285204991,right_knee,0.47284824,0.77960145,-0.1798293,0.4726428085714283,0.779513536285714,-0.17959224514285704,510.6761,1496.8348,510.45423285714264,1496.6660114285708,0.9842032,False,False
7ae6904d-8782-4caa-8a1f-a9caf51a24c3,112,1.993440285204991,right_shoulder,0.48342606,0.49387646,-0.1613113,0.48340166485714264,0.4938577614285712,-0.17071996599999992,522.10016,948.2428,522.073794285714,948.2069062857138,0.99920017,False,False
7ae6904d-8782-4caa-8a1f-a9caf51a24c3,112,1.993440285204991,right_wrist,0.6319746,0.3765794,-0.35279444,0.6320511308571426,0.3762414954285712,-0.37810162828571414,682.53253,723.0325,682.6151877142854,722.3836968571425,0.993522,False,False
7ae6904d-8782-4caa-8a1f-a9caf51a24c3,113,2.011238859180036,left_ankle,0.48535895,0.877211,0.25548393,0.4853311931428569,0.8772473908571424,0.2522939357142856,524.1877,1684.2451,524.1576948571426,1684.3150085714278,0.8698286,False,False
7ae6904d-8782-4caa-8a1f-a9caf51a24c3,113,2.011238859180036,left_elbow,0.643492,0.44964734,0.3994868,0.6433733302857139,0.4499870908571426,0.4065845625714284,694.9713,863.3229,694.8431699999996,863.9752079999996,0.45027167,False,False
7ae6904d-8782-4caa-8a1f-a9caf51a24c3,113,2.011238859180036,left_foot_index,0.5491706,0.91608983,0.117631644,0.5491407799999997,0.9160918768571424,0.11457846265714279,593.10425,1758.8925,593.0720282857139,1758.8964257142848,0.9015769,False,False
7ae6904d-8782-4caa-8a1f-a9caf51a24c3,113,2.011238859180036,left_heel,0.4506704,0.89059985,0.25920102,0.4506252937142855,0.890629829428571,0.255483413142857,486.72403,1709.9517,486.6753057142855,1710.0092657142848,0.8451559,False,False
7ae6904d-8782-4caa-8a1f-a9caf51a24c3,113,2.011238859180036,left_hip,0.5624916,0.6633476,0.15442201,0.5625233699999997,0.6631410277142855,0.1544704462857142,607.4909,1273.6274,607.5252337142855,1273.2307571428564,0.9993041,False,False
7ae6904d-8782-4caa-8a1f-a9caf51a24c3,113,2.011238859180036,left_knee,0.559879,0.7798082,0.11956404,0.5598015759999997,0.7799606728571424,0.12146223728571423,604.6693,1497.2318,604.585682285714,1497.524445714285,0.8201696,False,False
7ae6904d-8782-4caa-8a1f-a9caf51a24c3,113,2.011238859180036,left_shoulder,0.5728296,0.5006853,0.34094587,0.5726145805714282,0.5011110428571426,0.3525001145714284,618.65594,961.31573,618.4237391428569,962.1331939999995,0.9928501,False,False
7ae6904d-8782-4caa-8a1f-a9caf51a24c3,113,2.011238859180036,left_wrist,0.6691445,0.3835229,0.34907708,0.6690533308571425,0.3836626999999998,0.3535322282857141,722.6761,736.36395,722.5776057142854,736.6323848571426,0.6654388,False,False
7ae6904d-8782-4caa-8a1f-a9caf51a24c3,113,2.011238859180036,nose,0.5462398,0.45293906,-0.033943757,0.5462140599999997,0.45300796057142834,-0.014901817057142852,589.93896,869.643,589.9111645714283,869.7752879999996,0.99946076,False,False
7ae6904d-8782-4caa-8a1f-a9caf51a24c3,113,2.011238859180036,right_ankle,0.42700154,0.8980129,-0.06512584,0.4270159202857141,0.8981157305714282,-0.06696165922857139,461.16165,1724.1847,461.1771822857141,1724.3821942857135,0.9859659,False,False
7ae6904d-8782-4caa-8a1f-a9caf51a24c3,113,2.011238859180036,right_elbow,0.5807025,0.44461566,-0.45355323,0.5798637934285711,0.444738005142857,-0.4171855148571426,627.1587,853.66205,626.2529082857139,853.8969817142852,0.9957844,False,False
7ae6904d-8782-4caa-8a1f-a9caf51a24c3,113,2.011238859180036,right_foot_index,0.48896158,0.93991685,-0.27086318,0.48894805514285694,0.939947789428571,-0.27364805599999986,528.0785,1804.6404,528.0638968571425,1804.6997742857134,0.977755,False,False
7ae6904d-8782-4caa-8a1f-a9caf51a24c3,113,2.011238859180036,right_heel,0.40926757,0.9137156,-0.06509479,0.40928574228571407,0.9137692742857138,-0.06715544551428568,442.00897,1754.334,442.0286011428569,1754.4370542857137,0.9247755,False,False
7ae6904d-8782-4caa-8a1f-a9caf51a24c3,113,2.011238859180036,right_hip,0.48912337,0.6575811,-0.15445282,0.489275204285714,0.6575500482857141,-0.15450372399999993,528.25323,1262.5557,528.4172117142855,1262.496085714285,0.9995292,False,False
7ae6904d-8782-4caa-8a1f-a9caf51a24c3,113,2.011238859180036,right_knee,0.47123486,0.7798253,-0.18012314,0.4714080165714283,0.7801554448571425,-0.1805396479999999,508.93365,1497.2646,509.12066571428545,1497.8984828571422,0.9842603,False,False
7ae6904d-8782-4caa-8a1f-a9caf51a24c3,113,2.011238859180036,right_shoulder,0.48364338,0.49397194,-0.17508028,0.4837699834285712,0.4940033619999997,-0.16460962171428561,522.33484,948.42615,522.4715799999997,948.4864705714281,0.99914724,False,False
7ae6904d-8782-4caa-8a1f-a9caf51a24c3,113,2.011238859180036,right_wrist,0.631822,0.37641847,-0.4558279,0.6316491665714283,0.3769315162857141,-0.39077502828571414,682.36774,722.72345,682.1810834285711,723.708497428571,0.9937637,False,False
7ae6904d-8782-4caa-8a1f-a9caf51a24c3,114,2.02903743315508,left_ankle,0.48491025,0.877318,0.23799726,0.48494968199999977,0.8773164108571424,0.23924862771428562,523.70306,1684.4506,523.7456719999998,1684.4475142857134,0.8719646,False,False
7ae6904d-8782-4caa-8a1f-a9caf51a24c3,114,2.02903743315508,left_elbow,0.6429831,0.45132488,0.42028323,0.6431290165714283,0.4509113154285712,0.41154415542857126,694.42175,866.54376,694.5793099999996,865.749723428571,0.44796875,False,False
7ae6904d-8782-4caa-8a1f-a9caf51a24c3,114,2.02903743315508,left_foot_index,0.5488218,0.9160875,0.102128625,0.5489261571428569,0.9160923445714282,0.10279181237142852,592.72754,1758.8881,592.8402688571425,1758.897357142856,0.90304977,False,False
7ae6904d-8782-4caa-8a1f-a9caf51a24c3,114,2.02903743315508,left_heel,0.45034045,0.8907761,0.24046256,0.4503663288571426,0.8907743479999994,0.24180211657142844,486.36768,1710.2902,486.3956348571426,1710.2868314285706,0.8472316,False,False
7ae6904d-8782-4caa-8a1f-a9caf51a24c3,114,2.02903743315508,left_hip,0.5624724,0.6638621,0.1546638,0.5624590799999997,0.6639957062857139,0.15439171971428564,607.4702,1274.6152,607.4558059999997,1274.8717342857135,0.9993077,False,False
7ae6904d-8782-4caa-8a1f-a9caf51a24c3,114,2.02903743315508,left_knee,0.56013393,0.7804395,0.11533948,0.5601138762857141,0.7803619834285709,0.11506705857142852,604.94464,1498.4438,604.9229851428569,1498.2950514285706,0.8211386,False,False
7ae6904d-8782-4caa-8a1f-a9caf51a24c3,114,2.02903743315508,left_shoulder,0.5725644,0.5028134,0.3712928,0.572623954285714,0.5024846539999996,0.36209104742857123,618.36957,965.40173,618.4338848571424,964.7705239999996,0.992916,False,False
7ae6904d-8782-4caa-8a1f-a9caf51a24c3,114,2.02903743315508,left_wrist,0.6691146,0.38417166,0.34682602,0.6691805708571426,0.3840394645714284,0.33616688885714274,722.64374,737.6096,722.715012285714,737.355774285714,0.6632167,False,False
7ae6904d-8782-4caa-8a1f-a9caf51a24c3,114,2.02903743315508,nose,0.5468512,0.45310396,0.02263302,0.5469448428571426,0.4530738948571426,0.005022090642857146,590.5993,869.9596,590.7004145714283,869.9018842857139,0.9994582,False,False
7ae6904d-8782-4caa-8a1f-a9caf51a24c3,114,2.02903743315508,right_ankle,0.42616093,0.8986747,-0.07366271,0.4262201105714284,0.8985354245714281,-0.07212313108571425,460.2538,1725.4554,460.3177137142855,1725.1879542857134,0.9857399,False,False
7ae6904d-8782-4caa-8a1f-a9caf51a24c3,114,2.02903743315508,right_elbow,0.57723945,0.44531113,-0.37131307,0.5778455811428568,0.44520283428571406,-0.3941608282857141,623.41864,854.9974,624.0732554285712,854.7894417142852,0.9957638,False,False
7ae6904d-8782-4caa-8a1f-a9caf51a24c3,114,2.02903743315508,right_foot_index,0.48904142,0.94001514,-0.28462723,0.48897090028571405,0.9399861574285711,-0.28175850828571414,528.16473,1804.8291,528.0885685714284,1804.7734628571418,0.9774231,False,False
7ae6904d-8782-4caa-8a1f-a9caf51a24c3,114,2.02903743315508,right_heel,0.40857184,0.9144994,-0.074934036,0.40859945199999986,0.9143899257142852,-0.07316287054285711,441.2576,1755.8389,441.2874114285712,1755.6286942857132,0.92363983,False,False
7ae6904d-8782-4caa-8a1f-a9caf51a24c3,114,2.02903743315508,right_hip,0.4890469,0.65768874,-0.15467776,0.48896877999999977,0.6577568211428568,-0.15440285371428564,528.17065,1262.7623,528.0862831428569,1262.8930228571421,0.99953085,False,False
7ae6904d-8782-4caa-8a1f-a9caf51a24c3,114,2.02903743315508,right_knee,0.47049364,0.78135103,-0.18200451,0.4704817291428569,0.7810546557142852,-0.18163022914285704,508.13315,1500.194,508.12027399999977,1499.6249342857136,0.98414755,False,False
7ae6904d-8782-4caa-8a1f-a9caf51a24c3,114,2.02903743315508,right_shoulder,0.48453325,0.49426523,-0.15463303,0.4844471491428569,0.4942370831428569,-0.16152393742857135,523.2959,948.98926,523.2029145714283,948.9352257142853,0.9991491,False,False
7ae6904d-8782-4caa-8a1f-a9caf51a24c3,114,2.02903743315508,right_wrist,0.63061184,0.3784254,-0.27633137,0.630681642285714,0.37798103485714263,-0.32376966971428556,681.0608,726.5767,681.1361797142854,725.7235565714282,0.99378216,False,False
7ae6904d-8782-4caa-8a1f-a9caf51a24c3,115,2.046836007130125,left_ankle,0.48482174,0.8773899,0.22539076,0.4847574722857141,0.8774133857142853,0.226905837142857,523.6075,1684.5886,523.5380748571425,1684.6337285714276,0.87380934,False,False
7ae6904d-8782-4caa-8a1f-a9caf51a24c3,115,2.046836007130125,left_elbow,0.64295864,0.451435,0.39965373,0.6429745614285711,0.4515335114285712,0.4026634079999998,694.3953,866.7552,694.4125028571425,866.9443422857138,0.4458235,False,False
7ae6904d-8782-4caa-8a1f-a9caf51a24c3,115,2.046836007130125,left_foot_index,0.5487831,0.9161671,0.089433685,0.5485691117142855,0.9162325317142852,0.09081781265714281,592.6858,1759.0408,592.4546637142854,1759.1664657142846,0.9043608,False,False
7ae6904d-8782-4caa-8a1f-a9caf51a24c3,115,2.046836007130125,left_heel,0.45026058,0.8908501,0.22688128,0.45021068742857123,0.8908741008571424,0.2287388997142856,486.28143,1710.4323,486.2275431428569,1710.4783371428562,0.8491266,False,False
7ae6904d-8782-4caa-8a1f-a9caf51a24c3,115,2.046836007130125,left_hip,0.5624486,0.6648643,0.15350753,0.5624973937142854,0.6648932199999996,0.15359209999999993,607.4445,1276.5394,607.4971885714282,1276.5949257142852,0.99930257,False,False
7ae6904d-8782-4caa-8a1f-a9caf51a24c3,115,2.046836007130125,left_knee,0.56051713,0.78079265,0.111546315,0.5604902791428569,0.7808646105714282,0.1107000218571428,605.3585,1499.122,605.3294788571425,1499.260119999999,0.82034844,False,False
7ae6904d-8782-4caa-8a1f-a9caf51a24c3,115,2.046836007130125,left_shoulder,0.5727995,0.5037219,0.3668273,0.5730656565714283,0.5037436954285712,0.3680836459999998,618.6235,967.14606,618.9109291428568,967.1878997142852,0.9928047,False,False
7ae6904d-8782-4caa-8a1f-a9caf51a24c3,115,2.046836007130125,left_wrist,0.6692166,0.38427052,0.29463547,0.6692270794285712,0.383912163142857,0.3056443488571427,722.7539,737.7994,722.7652074285711,737.1113499999997,0.6592621,False,False
7ae6904d-8782-4caa-8a1f-a9caf51a24c3,115,2.046836007130125,nose,0.5482292,0.45315522,0.011962988,0.5482460257142854,0.45309767485714264,0.016591396785714283,592.0875,870.05804,592.105696285714,869.947541428571,0.9994321,False,False
7ae6904d-8782-4caa-8a1f-a9caf51a24c3,115,2.046836007130125,right_ankle,0.42578018,0.89870524,-0.074987784,0.42578943028571403,0.898799227428571,-0.07495909765714281,459.8426,1725.514,459.8525951428569,1725.694479999999,0.98537785,False,False
7ae6904d-8782-4caa-8a1f-a9caf51a24c3,115,2.046836007130125,right_elbow,0.57627815,0.44633612,-0.35999867,0.5765840025714284,0.4461688425714284,-0.35944262257142834,622.38043,856.96533,622.7107368571425,856.6441817142854,0.99564964,False,False
7ae6904d-8782-4caa-8a1f-a9caf51a24c3,115,2.046836007130125,right_foot_index,0.48831216,0.94000566,-0.2844809,0.4882830085714283,0.9400313074285709,-0.2848627168571427,527.37714,1804.8109,527.3456554285711,1804.8601514285706,0.9769324,False,False
7ae6904d-8782-4caa-8a1f-a9caf51a24c3,115,2.046836007130125,right_heel,0.40813616,0.9146611,-0.076223336,0.4081210519999998,0.9147387862857138,-0.07614591611428567,440.78705,1756.1493,440.770741142857,1756.2984685714277,0.9219682,False,False
7ae6904d-8782-4caa-8a1f-a9caf51a24c3,115,2.046836007130125,right_hip,0.488801,0.65808743,-0.1534918,0.4888247762857141,0.658039111142857,-0.15357962199999994,527.9051,1263.5278,527.9307774285712,1263.435048571428,0.99952495,False,False
7ae6904d-8782-4caa-8a1f-a9caf51a24c3,115,2.046836007130125,right_knee,0.47029394,0.781658,-0.1824481,0.4703306522857141,0.7817145062857138,-0.18256638314285706,507.91745,1500.7833,507.957114285714,1500.891839999999,0.98393565,False,False
7ae6904d-8782-4caa-8a1f-a9caf51a24c3,115,2.046836007130125,right_shoulder,0.48510092,0.49462613,-0.15774438,0.4851398548571426,0.49470147971428546,-0.15762036942857133,523.909,949.6822,523.9510411428569,949.8268642857138,0.99911624,False,False
7ae6904d-8782-4caa-8a1f-a9caf51a24c3,115,2.046836007130125,right_wrist,0.62935865,0.3791286,-0.25300613,0.6296072265714283,0.378609551142857,-0.2475344934285713,679.70734,727.92694,679.9757937142854,726.9303237142854,0.99364245,False,False
7ae6904d-8782-4caa-8a1f-a9caf51a24c3,116,2.064634581105169,left_ankle,0.48469,0.8774967,0.22101821,0.48475410485714265,0.8774598342857138,0.21896497314285704,523.4652,1684.7937,523.5344348571425,1684.7228657142848,0.8745579,False,False
7ae6904d-8782-4caa-8a1f-a9caf51a24c3,116,2.064634581105169,left_elbow,0.64275086,0.4521236,0.38009945,0.6424722199999997,0.4524653179999998,0.38377506371428555,694.1709,868.07733,693.8699871428568,868.7334265714281,0.43738392,False,False
7ae6904d-8782-4caa-8a1f-a9caf51a24c3,116,2.064634581105169,left_foot_index,0.54803145,0.9165146,0.08354043,0.5482250545714282,0.9164252342857138,0.08180399957142853,591.87396,1759.708,592.0830685714283,1759.5364085714277,0.9044909,False,False
7ae6904d-8782-4caa-8a1f-a9caf51a24c3,116,2.064634581105169,left_heel,0.4501015,0.89093184,0.222958,0.4501381317142855,0.8908968737142853,0.2204865974285713,486.10962,1710.5891,486.1491805714283,1710.5220542857132,0.85008943,False,False
7ae6904d-8782-4caa-8a1f-a9caf51a24c3,116,2.064634581105169,left_hip,0.5624316,0.6658115,0.15216906,0.5623539394285711,0.6656560057142854,0.1524597102857142,607.4261,1278.358,607.3422337142854,1278.0594314285709,0.9992768,False,False
7ae6904d-8782-4caa-8a1f-a9caf51a24c3,116,2.064634581105169,left_knee,0.5608383,0.78118736,0.10425358,0.5608721991428568,0.7810966519999996,0.10502650771428565,605.7053,1499.8798,605.7419531428569,1499.7056114285706,0.8184518,False,False
7ae6904d-8782-4caa-8a1f-a9caf51a24c3,116,2.064634581105169,left_shoulder,0.57419604,0.50398517,0.35752916,0.5738058137142854,0.5039978711428568,0.3599259954285713,620.1317,967.6515,619.7102797142854,967.6758951428567,0.9919192,False,False
7ae6904d-8782-4caa-8a1f-a9caf51a24c3,116,2.064634581105169,left_wrist,0.66918004,0.3843383,0.28135476,0.6690563937142855,0.3853509174285712,0.2806873079999998,722.7144,737.9295,722.5808674285711,739.8737357142853,0.6510909,False,False
7ae6904d-8782-4caa-8a1f-a9caf51a24c3,116,2.064634581105169,nose,0.5494549,0.4529329,0.0031314595,0.5492995171428567,0.4529944574285712,0.006859260271428566,593.4113,869.63116,593.2434654285711,869.7493514285709,0.9992627,False,False
7ae6904d-8782-4caa-8a1f-a9caf51a24c3,116,2.064634581105169,right_ankle,0.4255647,0.89869714,-0.07299278,0.42548974799999983,0.8986025688571424,-0.07385559594285711,459.6099,1725.4985,459.52894199999974,1725.3169142857132,0.98484266,False,False
7ae6904d-8782-4caa-8a1f-a9caf51a24c3,116,2.064634581105169,right_elbow,0.57681817,0.44861406,-0.3710805,0.5763288331428569,0.4493394111428569,-0.3646711808571427,622.9636,861.339,622.4351474285711,862.7316582857138,0.995437,False,False
7ae6904d-8782-4caa-8a1f-a9caf51a24c3,116,2.064634581105169,right_foot_index,0.48691174,0.939997,-0.27986336,0.48691542228571405,0.9399683388571424,-0.2808013837142856,525.8647,1804.7943,525.868683142857,1804.739262857142,0.97613895,False,False
7ae6904d-8782-4caa-8a1f-a9caf51a24c3,116,2.064634581105169,right_heel,0.40777794,0.9146934,-0.07345686,0.40776787542857124,0.9146140208571425,-0.07449382097142854,440.40018,1756.2113,440.3893054285712,1756.0588914285706,0.9195578,False,False
7ae6904d-8782-4caa-8a1f-a9caf51a24c3,116,2.064634581105169,right_hip,0.4883646,0.6582893,-0.15214853,0.48838295228571404,0.6582881882857139,-0.15243870714285707,527.4338,1263.9155,527.4536188571426,1263.913331428571,0.99950147,False,False
7ae6904d-8782-4caa-8a1f-a9caf51a24c3,116,2.064634581105169,right_knee,0.47044408,0.78168327,-0.18279521,0.4704168545714283,0.7817087219999996,-0.18298254199999991,508.07962,1500.8319,508.05019857142827,1500.8807142857136,0.98357797,False,False
7ae6904d-8782-4caa-8a1f-a9caf51a24c3,116,2.064634581105169,right_shoulder,0.48535615,0.49525282,-0.16179524,0.4853904074285712,0.49510854999999976,-0.1583643791428571,524.18463,950.88544,524.2216345714282,950.6084542857138,0.99897015,False,False
7ae6904d-8782-4caa-8a1f-a9caf51a24c3,116,2.064634581105169,right_wrist,0.6282626,0.38024074,-0.27110663,0.6277241428571425,0.3819794662857141,-0.2624350948571428,678.52356,730.0622,677.9420485714284,733.4005759999995,0.99349266,False,False
7ae6904d-8782-4caa-8a1f-a9caf51a24c3,117,2.082433155080214,left_ankle,0.4848614,0.8774344,0.21055749,0.48482297342857117,0.8774597371428567,0.2105805719999999,523.6503,1684.674,523.6088142857141,1684.7227199999993,0.8752153,False,False
7ae6904d-8782-4caa-8a1f-a9caf51a24c3,117,2.082433155080214,left_elbow,0.64150625,0.45438728,0.36900863,0.6416638039999997,0.4540809868571426,0.3600506145714284,692.8268,872.4236,692.9969385714282,871.8355159999995,0.42943868,False,False
7ae6904d-8782-4caa-8a1f-a9caf51a24c3,117,2.082433155080214,left_foot_index,0.54804033,0.9165526,0.07229431,0.5479906919999997,0.9166147985714281,0.07178837619999996,591.88354,1759.781,591.829934285714,1759.900442857142,0.9041857,False,False
7ae6904d-8782-4caa-8a1f-a9caf51a24c3,117,2.082433155080214,left_heel,0.450116,0.8908513,0.21152131,0.4501039074285712,0.8908814679999995,0.2116718319999999,486.12527,1710.4346,486.1122131428569,1710.492422857142,0.8511524,False,False
7ae6904d-8782-4caa-8a1f-a9caf51a24c3,117,2.082433155080214,left_hip,0.56186354,0.6658236,0.1508776,0.5619212162857141,0.6659044371428567,0.14992025971428563,606.8126,1278.3812,606.874902285714,1278.5364714285706,0.99924046,False,False
7ae6904d-8782-4caa-8a1f-a9caf51a24c3,117,2.082433155080214,left_knee,0.5612204,0.7811038,0.09940373,0.5611809859999997,0.7811563797142853,0.09843675191428566,606.11804,1499.7192,606.0754194285712,1499.8202228571422,0.8185327,False,False
7ae6904d-8782-4caa-8a1f-a9caf51a24c3,117,2.082433155080214,left_shoulder,0.57431,0.5039233,0.3587208,0.5746028394285712,0.5039276439999998,0.35842324114285695,620.2548,967.5327,620.5710514285711,967.5410262857139,0.9911812,False,False
7ae6904d-8782-4caa-8a1f-a9caf51a24c3,117,2.082433155080214,left_wrist,0.6686122,0.38907465,0.2673963,0.6687282082857139,0.38844705171428556,0.2566537268571427,722.10114,747.0233,722.2264251428567,745.8183028571425,0.64328164,False,False
7ae6904d-8782-4caa-8a1f-a9caf51a24c3,117,2.082433155080214,nose,0.5494131,0.45294842,0.0112256445,0.5493995571428569,0.45295692799999976,0.009498053271428568,593.36615,869.66095,593.3515511428568,869.6773042857138,0.999168,False,False
7ae6904d-8782-4caa-8a1f-a9caf51a24c3,117,2.082433155080214,right_ankle,0.42511198,0.8981465,-0.07190409,0.4251595608571426,0.8982002488571424,-0.07051341822857139,459.12094,1724.4413,459.17233514285687,1724.544499999999,0.983827,False,False
7ae6904d-8782-4caa-8a1f-a9caf51a24c3,117,2.082433155080214,right_elbow,0.5742908,0.45501995,-0.36251625,0.5740401945714282,0.45496573228571413,-0.36097701771428553,620.2341,873.6383,619.9634237142855,873.5342197142852,0.99472845,False,False
7ae6904d-8782-4caa-8a1f-a9caf51a24c3,117,2.082433155080214,right_foot_index,0.4853182,0.93979853,-0.27575925,0.4853240328571426,0.9397986259999995,-0.27379075885714277,524.1437,1804.4132,524.149986285714,1804.4133714285704,0.9747763,False,False
7ae6904d-8782-4caa-8a1f-a9caf51a24c3,117,2.082433155080214,right_heel,0.40749085,0.91418266,-0.07203201,0.40750704314285696,0.9142167451428567,-0.07044525077142853,440.09012,1755.2307,440.1076125714284,1755.2961514285705,0.91502523,False,False
7ae6904d-8782-4caa-8a1f-a9caf51a24c3,117,2.082433155080214,right_hip,0.48743924,0.6583702,-0.15087695,0.48726474971428546,0.6583758845714283,-0.1499271002857142,526.4344,1264.0708,526.2459477142855,1264.081728571428,0.99947184,False,False
7ae6904d-8782-4caa-8a1f-a9caf51a24c3,117,2.082433155080214,right_knee,0.47032407,0.78170466,-0.18300717,0.4702012251428569,0.7817211582857139,-0.18241319742857132,507.94998,1500.8729,507.817330285714,1500.904622857142,0.98281074,False,False
7ae6904d-8782-4caa-8a1f-a9caf51a24c3,117,2.082433155080214,right_shoulder,0.48485446,0.4954644,-0.14561331,0.48450259342857116,0.49564771714285694,-0.14535720085714277,523.6428,951.2917,523.2627745714283,951.6436479999995,0.9988321,False,False
7ae6904d-8782-4caa-8a1f-a9caf51a24c3,117,2.082433155080214,right_wrist,0.6246238,0.38953006,-0.27972308,0.6249506568571426,0.38867478057142846,-0.2815589377142856,674.5937,747.8977,674.9466885714282,746.2555617142852,0.99282026,False,False
7ae6904d-8782-4caa-8a1f-a9caf51a24c3,118,2.1002317290552583,left_ankle,0.48493442,0.8774291,0.20364091,0.48496429485714265,0.8774243428571424,0.20281379542857134,523.7292,1684.664,523.7614405714282,1684.6548114285706,0.8753003,False,False
7ae6904d-8782-4caa-8a1f-a9caf51a24c3,118,2.1002317290552583,left_elbow,0.6416221,0.45523593,0.33088735,0.641754410285714,0.4551966085714284,0.34419758371428555,692.9519,874.053,693.0947891428568,873.9775045714282,0.42723662,False,False
7ae6904d-8782-4caa-8a1f-a9caf51a24c3,118,2.1002317290552583,left_foot_index,0.5480245,0.9167463,0.06379913,0.5480344137142854,0.9167112771428567,0.06395480548571424,591.86646,1760.153,591.8771571428568,1760.0857142857133,0.9031353,False,False
7ae6904d-8782-4caa-8a1f-a9caf51a24c3,118,2.1002317290552583,left_heel,0.4501295,0.8908464,0.20423283,0.4501486348571426,0.8908348542857139,0.20340336342857132,486.13986,1710.425,486.160528285714,1710.4029028571417,0.85206974,False,False
7ae6904d-8782-4caa-8a1f-a9caf51a24c3,118,2.1002317290552583,left_hip,0.5610926,0.6658346,0.14647144,0.5609169662857141,0.6658249288571425,0.14762527085714278,605.98004,1278.4025,605.7903337142855,1278.3838399999993,0.9992169,False,False
7ae6904d-8782-4caa-8a1f-a9caf51a24c3,118,2.1002317290552583,left_knee,0.5613909,0.7810804,0.09392173,0.5614168285714284,0.7810702497142854,0.09450398319999995,606.3021,1499.6744,606.3301551428569,1499.6548742857137,0.818082,False,False
7ae6904d-8782-4caa-8a1f-a9caf51a24c3,118,2.1002317290552583,left_shoulder,0.57525,0.5037082,0.35776156,0.575071456285714,0.503769308285714,0.35848377314285695,621.27,967.1197,621.0771908571426,967.2370685714282,0.9904208,False,False
7ae6904d-8782-4caa-8a1f-a9caf51a24c3,118,2.1002317290552583,left_wrist,0.6685629,0.39136535,0.22095944,0.6685501439999997,0.3911789265714284,0.23819202799999986,722.0479,751.42145,722.0341274285712,751.0635328571425,0.63904107,False,False
7ae6904d-8782-4caa-8a1f-a9caf51a24c3,118,2.1002317290552583,nose,0.5488014,0.45299503,0.007841744,0.5492587371428568,0.45296144542857125,0.008812806671428577,592.70557,869.7505,593.1994539999996,869.6859862857139,0.99906796,False,False
7ae6904d-8782-4caa-8a1f-a9caf51a24c3,118,2.1002317290552583,right_ankle,0.42489395,0.89765275,-0.06588192,0.42490303057142836,0.8976288322857138,-0.06985701154285712,458.88547,1723.4933,458.8952748571427,1723.4473571428564,0.98261106,False,False
7ae6904d-8782-4caa-8a1f-a9caf51a24c3,118,2.1002317290552583,right_elbow,0.56983626,0.45996636,-0.367039,0.5702178488571426,0.45892700399999975,-0.381706509142857,615.42316,883.13544,615.8352605714283,881.1398494285709,0.9940435,False,False
7ae6904d-8782-4caa-8a1f-a9caf51a24c3,118,2.1002317290552583,right_foot_index,0.48396662,0.939554,-0.2662096,0.48403289085714263,0.9395768102857139,-0.2716697688571427,522.68396,1803.9436,522.755538285714,1803.987399999999,0.9731457,False,False
7ae6904d-8782-4caa-8a1f-a9caf51a24c3,118,2.1002317290552583,right_heel,0.40738598,0.91364133,-0.06524831,0.4073934825714284,0.9136299779999996,-0.06960243885714282,439.97687,1754.1914,439.9849708571426,1754.169585714285,0.9093619,False,False
7ae6904d-8782-4caa-8a1f-a9caf51a24c3,118,2.1002317290552583,right_hip,0.48551235,0.65841895,-0.14652066,0.48562929942857125,0.6583891008571425,-0.1476617648571428,524.35333,1264.1644,524.4796394285712,1264.1070999999993,0.9994563,False,False
7ae6904d-8782-4caa-8a1f-a9caf51a24c3,118,2.1002317290552583,right_knee,0.46963155,0.78170305,-0.18085977,0.4697921845714283,0.7816584725714283,-0.18251074199999992,507.2021,1500.8699,507.3755617142855,1500.7842971428563,0.98192185,False,False
7ae6904d-8782-4caa-8a1f-a9caf51a24c3,118,2.1002317290552583,right_shoulder,0.4827517,0.49626312,-0.128053,0.4833553951428569,0.4961293208571426,-0.12878452771428564,521.3718,952.8252,522.0238114285712,952.5683339999996,0.9986937,False,False
7ae6904d-8782-4caa-8a1f-a9caf51a24c3,118,2.1002317290552583,right_wrist,0.62202436,0.39447966,-0.3291136,0.6219497439999997,0.3934326839999998,-0.3501082197142855,671.7863,757.40094,671.7057191428569,755.3907351428568,0.9920234,False,False
7ae6904d-8782-4caa-8a1f-a9caf51a24c3,119,2.118030303030303,left_ankle,0.48495585,0.8774113,0.20963149,0.48487642199999975,0.8774049228571426,0.21738654657142847,523.7523,1684.6298,523.6665377142854,1684.6175685714277,0.87671185,False,False
7ae6904d-8782-4caa-8a1f-a9caf51a24c3,119,2.118030303030303,left_elbow,0.64365757,0.45525286,0.33475187,0.6438201554285712,0.45530844571428547,0.32075357685714273,695.15015,874.0855,695.3257648571425,874.1922228571425,0.428272,False,False
7ae6904d-8782-4caa-8a1f-a9caf51a24c3,119,2.118030303030303,left_foot_index,0.54777783,0.91683525,0.072061256,0.5476436708571426,0.9168488099999995,0.07906533234285709,591.60004,1760.3237,591.4551562857139,1760.349765714285,0.90343285,False,False
7ae6904d-8782-4caa-8a1f-a9caf51a24c3,119,2.118030303030303,left_heel,0.4501085,0.8908031,0.21099809,0.45004629199999974,0.8908006862857138,0.21916387314285704,486.1172,1710.3419,486.05000942857123,1710.3372371428563,0.8533616,False,False
7ae6904d-8782-4caa-8a1f-a9caf51a24c3,119,2.118030303030303,left_hip,0.55979407,0.6658354,0.14695784,0.5600370734285711,0.6658615617142853,0.14658203771428566,604.5776,1278.4039,604.8400588571426,1278.4542142857138,0.99921924,False,False
7ae6904d-8782-4caa-8a1f-a9caf51a24c3,119,2.118030303030303,left_knee,0.5615371,0.78104216,0.096013956,0.5615073228571426,0.7810505582857139,0.09785503448571423,606.4601,1499.601,606.4279151428568,1499.617122857142,0.81859726,False,False
7ae6904d-8782-4caa-8a1f-a9caf51a24c3,119,2.118030303030303,left_shoulder,0.5757082,0.5034611,0.3454823,0.5758638554285711,0.5033403885714284,0.3373851988571427,621.7649,966.6454,621.9329822857139,966.4135857142852,0.99013835,False,False
7ae6904d-8782-4caa-8a1f-a9caf51a24c3,119,2.118030303030303,left_wrist,0.66872853,0.39141816,0.23557355,0.6687408351428568,0.39160967828571414,0.22122651028571416,722.2268,751.5229,722.2400874285711,751.8905937142854,0.6399442,False,False
7ae6904d-8782-4caa-8a1f-a9caf51a24c3,119,2.118030303030303,nose,0.5484754,0.45276672,-0.01526881,0.5474373365714283,0.4527935434285712,-0.02745013269999999,592.3534,869.3121,591.2323231428568,869.3636331428567,0.9990362,False,False
7ae6904d-8782-4caa-8a1f-a9caf51a24c3,119,2.118030303030303,right_ankle,0.42482743,0.89718825,-0.06531098,0.42481238714285696,0.8972163411428568,-0.05625141337142854,458.81363,1722.6014,458.79738199999974,1722.655382857142,0.9824432,False,False
7ae6904d-8782-4caa-8a1f-a9caf51a24c3,119,2.118030303030303,right_elbow,0.5675185,0.4584984,-0.43533954,0.5675716034285712,0.45894771771428555,-0.4217262642857141,612.9199,880.3169,612.9772977142854,881.179619428571,0.9940124,False,False
7ae6904d-8782-4caa-8a1f-a9caf51a24c3,119,2.118030303030303,right_foot_index,0.48322403,0.93940604,-0.26822117,0.4831522048571426,0.9393580545714282,-0.25751740914285703,521.88196,1803.6595,521.8044039999997,1803.5674085714277,0.9728674,False,False
7ae6904d-8782-4caa-8a1f-a9caf51a24c3,119,2.118030303030303,right_heel,0.4073855,0.9131842,-0.064917475,0.4073715602857141,0.9132211025714281,-0.055193198457142836,439.97635,1753.3137,439.96129342857125,1753.3845771428562,0.90778625,False,False
7ae6904d-8782-4caa-8a1f-a9caf51a24c3,119,2.118030303030303,right_hip,0.48410708,0.65845805,-0.14700484,0.4841932451428569,0.6585536754285711,-0.14663534285714278,522.83563,1264.2395,522.9286865714283,1264.4230742857135,0.99945724,False,False
7ae6904d-8782-4caa-8a1f-a9caf51a24c3,119,2.118030303030303,right_knee,0.46949735,0.78146684,-0.18105848,0.46942082342857117,0.781538117428571,-0.17779944714285703,507.05713,1500.4164,506.9745005714283,1500.553225714285,0.981788,False,False
7ae6904d-8782-4caa-8a1f-a9caf51a24c3,119,2.118030303030303,right_shoulder,0.48230883,0.49651253,-0.13095666,0.4817224782857141,0.4965470925714283,-0.13879051799999992,520.89355,953.3041,520.2602619999998,953.3704231428567,0.99863845,False,False
7ae6904d-8782-4caa-8a1f-a9caf51a24c3,119,2.118030303030303,right_wrist,0.62023306,0.3925509,-0.44811797,0.6204799188571426,0.3935672777142855,-0.41686385342857124,669.8517,753.6977,670.118314285714,755.649166571428,0.9920446,False,False
7ae6904d-8782-4caa-8a1f-a9caf51a24c3,120,2.1358288770053475,left_ankle,0.48462394,0.877367,0.24754192,0.48469000085714264,0.877393361428571,0.23685160857142845,523.39386,1684.5447,523.4651991428569,1684.5953228571418,0.8778337,False,False
7ae6904d-8782-4caa-8a1f-a9caf51a24c3,120,2.1358288770053475,left_elbow,0.6466282,0.45548013,0.29433239,0.6462707439999996,0.45530888399999975,0.3039094982857141,698.35846,874.52185,697.9723891428569,874.1930585714281,0.43762594,False,False
7ae6904d-8782-4caa-8a1f-a9caf51a24c3,120,2.1358288770053475,left_foot_index,0.54697853,0.9169676,0.10927084,0.5471381934285711,0.9169837871428567,0.09865568919999995,590.7368,1760.5778,590.9092297142854,1760.608862857142,0.9032289,False,False
7ae6904d-8782-4caa-8a1f-a9caf51a24c3,120,2.1358288770053475,left_heel,0.44979626,0.89074206,0.25139973,0.44982792628571405,0.890764994571428,0.240158189142857,485.77997,1710.2247,485.8141717142855,1710.2687399999993,0.8548516,False,False
7ae6904d-8782-4caa-8a1f-a9caf51a24c3,120,2.1358288770053475,left_hip,0.5596923,0.66592973,0.1468827,0.5596132354285712,0.6659098862857139,0.14648042742857137,604.4677,1278.5851,604.3823079999997,1278.5469314285708,0.99921733,False,False
7ae6904d-8782-4caa-8a1f-a9caf51a24c3,120,2.1358288770053475,left_knee,0.5615438,0.7810325,0.10709383,0.5614967257142854,0.7810953242857139,0.10365309219999994,606.46735,1499.5824,606.4165008571426,1499.7030085714277,0.8178459,False,False
7ae6904d-8782-4caa-8a1f-a9caf51a24c3,120,2.1358288770053475,left_shoulder,0.57645977,0.5025903,0.30428806,0.5763260368571426,0.502642114285714,0.3169439679999999,622.57654,964.9734,622.4321225714283,965.0729057142852,0.9898084,False,False
7ae6904d-8782-4caa-8a1f-a9caf51a24c3,120,2.1358288770053475,left_wrist,0.6689543,0.39161578,0.20372114,0.668944782285714,0.3914878085714284,0.20809362714285703,722.47064,751.9023,722.4603594285711,751.6566094285711,0.6445299,False,False
7ae6904d-8782-4caa-8a1f-a9caf51a24c3,120,2.1358288770053475,nose,0.5439551,0.4523493,-0.07768365,0.5448046417142853,0.4523493094285712,-0.05662384079999998,587.4715,868.5107,588.389000285714,868.5106931428568,0.999004,False,False
7ae6904d-8782-4caa-8a1f-a9caf51a24c3,120,2.1358288770053475,right_ankle,0.4247233,0.8970044,-0.034199912,0.4247061442857141,0.8970156028571424,-0.04382137999999998,458.70117,1722.2485,458.68264799999974,1722.269945714285,0.9822296,False,False
7ae6904d-8782-4caa-8a1f-a9caf51a24c3,120,2.1358288770053475,right_elbow,0.5669496,0.457787,-0.44698772,0.5670416802857141,0.45840659171428544,-0.4425691519999998,612.3056,878.95105,612.4050148571425,880.1406408571424,0.9940629,False,False
7ae6904d-8782-4caa-8a1f-a9caf51a24c3,120,2.1358288770053475,right_foot_index,0.4826843,0.93923116,-0.23509875,0.4827516937142855,0.9393137328571425,-0.24627957857142843,521.2991,1803.3239,521.3718611428569,1803.4823942857133,0.9724622,False,False
7ae6904d-8782-4caa-8a1f-a9caf51a24c3,120,2.1358288770053475,right_heel,0.40732405,0.9130585,-0.03205305,0.4073077454285712,0.9130548819999995,-0.0423714490285714,439.90997,1753.0724,439.89236085714265,1753.0654314285703,0.90642273,False,False
7ae6904d-8782-4caa-8a1f-a9caf51a24c3,120,2.1358288770053475,right_hip,0.48338217,0.65885824,-0.14694178,0.4833102771428569,0.6587639268571426,-0.14654169314285706,522.05273,1265.0078,521.9750908571426,1264.8267542857138,0.9994598,False,False
7ae6904d-8782-4caa-8a1f-a9caf51a24c3,120,2.1358288770053475,right_knee,0.46917823,0.7813045,-0.16904743,0.46919460571428545,0.7812329868571425,-0.17185164314285706,506.7125,1500.1046,506.73017085714264,1499.967328571428,0.9814523,False,False
7ae6904d-8782-4caa-8a1f-a9caf51a24c3,120,2.1358288770053475,right_shoulder,0.4797437,0.49663717,-0.16763215,0.4801844522857141,0.49663122828571404,-0.1546385868571428,518.12317,953.54333,518.5992091428568,953.531962571428,0.9986176,False,False
7ae6904d-8782-4caa-8a1f-a9caf51a24c3,120,2.1358288770053475,right_wrist,0.6198892,0.39341986,-0.42063874,0.6195111931428569,0.3934543514285712,-0.4181182017142855,669.48035,755.36615,669.072084285714,755.4323488571425,0.9920454,False,False
7ae6904d-8782-4caa-8a1f-a9caf51a24c3,121,2.1536274509803923,left_ankle,0.4845636,0.8773566,0.24590923,0.48456972857142827,0.8772978797142853,0.2512586337142856,523.3287,1684.5247,523.335316285714,1684.4119342857134,0.8776727,False,False
7ae6904d-8782-4caa-8a1f-a9caf51a24c3,121,2.1536274509803923,left_elbow,0.6476527,0.4563113,0.28667253,0.647503148285714,0.4567306245714283,0.28101786171428556,699.4649,876.1177,699.3033877142853,876.9228082857138,0.4451354,False,False
7ae6904d-8782-4caa-8a1f-a9caf51a24c3,121,2.1536274509803923,left_foot_index,0.54687,0.9171333,0.10590381,0.5468156091428569,0.917099601428571,0.11038572462857138,590.61957,1760.8959,590.5608282857139,1760.8312028571422,0.9025111,False,False
7ae6904d-8782-4caa-8a1f-a9caf51a24c3,121,2.1536274509803923,left_heel,0.4496618,0.8907121,0.24975292,0.44970118571428547,0.8906598759999995,0.25514147799999987,485.63474,1710.1672,485.6772739999998,1710.066939999999,0.85503674,False,False
7ae6904d-8782-4caa-8a1f-a9caf51a24c3,121,2.1536274509803923,left_hip,0.5596766,0.6659161,0.14517628,0.5596835368571426,0.6658967199999997,0.1456517782857142,604.45074,1278.5588,604.4582228571426,1278.5216257142852,0.9991942,False,False
7ae6904d-8782-4caa-8a1f-a9caf51a24c3,121,2.1536274509803923,left_knee,0.5616432,0.78099686,0.107095525,0.5619624085714283,0.7808206228571426,0.10942017648571424,606.57465,1499.5139,606.9194151428569,1499.1755771428564,0.81783515,False,False
7ae6904d-8782-4caa-8a1f-a9caf51a24c3,121,2.1536274509803923,left_shoulder,0.5764639,0.5019124,0.31105006,0.5766132811428568,0.5019413885714283,0.30141995628571416,622.581,963.6718,622.7423425714283,963.7274491428567,0.9892602,False,False
7ae6904d-8782-4caa-8a1f-a9caf51a24c3,121,2.1536274509803923,left_wrist,0.66894186,0.39210653,0.18526685,0.669020824285714,0.3924544845714284,0.18813592742857133,722.4572,752.84454,722.5424797142853,753.5126022857139,0.6467721,False,False
7ae6904d-8782-4caa-8a1f-a9caf51a24c3,121,2.1536274509803923,nose,0.54287124,0.45151564,-0.056864977,0.542782090285714,0.4514962119999998,-0.07278212174285711,586.30096,866.91003,586.2046677142853,866.872737428571,0.99896187,False,False
7ae6904d-8782-4caa-8a1f-a9caf51a24c3,121,2.1536274509803923,right_ankle,0.42456794,0.89702487,-0.042252302,0.4245937357142855,0.8970281091428567,-0.04045525314285712,458.5334,1722.2877,458.56125371428544,1722.2939828571418,0.98154724,False,False
7ae6904d-8782-4caa-8a1f-a9caf51a24c3,121,2.1536274509803923,right_elbow,0.5671221,0.45976105,-0.44037494,0.5667159445714283,0.4588481568571426,-0.4641588037142855,612.4919,882.7412,612.0532485714283,880.9884714285711,0.9937619,False,False
7ae6904d-8782-4caa-8a1f-a9caf51a24c3,121,2.1536274509803923,right_foot_index,0.48277926,0.9394657,-0.24502434,0.482736808285714,0.9394253885714281,-0.2420076977142856,521.4016,1803.7742,521.3557548571426,1803.6968171428564,0.97149414,False,False
7ae6904d-8782-4caa-8a1f-a9caf51a24c3,121,2.1536274509803923,right_heel,0.4071989,0.91308093,-0.041118473,0.4072311508571426,0.9130879234285709,-0.039175814771428556,439.7748,1753.1154,439.80963685714266,1753.1288142857136,0.90284926,False,False
7ae6904d-8782-4caa-8a1f-a9caf51a24c3,121,2.1536274509803923,right_hip,0.4824911,0.65887463,-0.14525457,0.48240257428571404,0.6589008182857139,-0.14572415828571422,521.0904,1265.0393,520.9947874285712,1265.0895457142851,0.99945015,False,False
7ae6904d-8782-4caa-8a1f-a9caf51a24c3,121,2.1536274509803923,right_knee,0.46882376,0.78069293,-0.1682928,0.4688022071428569,0.7806794942857138,-0.16832392799999993,506.32965,1498.9304,506.30638457142834,1498.9045914285707,0.9808842,False,False
7ae6904d-8782-4caa-8a1f-a9caf51a24c3,121,2.1536274509803923,right_shoulder,0.47811493,0.49665835,-0.15999232,0.47767600771428553,0.4966864282857141,-0.16964375028571418,516.36414,953.58405,515.8900834285712,953.6379248571424,0.9985431,False,False
7ae6904d-8782-4caa-8a1f-a9caf51a24c3,121,2.1536274509803923,right_wrist,0.61875206,0.39490488,-0.39520982,0.6189548239999998,0.39426859628571415,-0.45538357228571413,668.2522,758.21735,668.4712137142855,756.995699428571,0.9917191,False,False
7ae6904d-8782-4caa-8a1f-a9caf51a24c3,122,2.1714260249554367,left_ankle,0.48462903,0.87713295,0.25799075,0.48460431428571404,0.8771891468571424,0.25969803971428557,523.39935,1684.0952,523.3726568571426,1684.2031314285707,0.8793696,False,False
7ae6904d-8782-4caa-8a1f-a9caf51a24c3,122,2.1714260249554367,left_elbow,0.6480201,0.4601378,0.27708298,0.648620374285714,0.45996094399999976,0.28872001857142837,699.8617,883.4646,700.5100162857138,883.1250282857139,0.45506188,False,False
7ae6904d-8782-4caa-8a1f-a9caf51a24c3,122,2.1714260249554367,left_foot_index,0.5468329,0.91713345,0.11627952,0.5468409117142854,0.9171498128571424,0.12080723742857136,590.5795,1760.8962,590.5881674285712,1760.927639999999,0.90272754,False,False
7ae6904d-8782-4caa-8a1f-a9caf51a24c3,122,2.1714260249554367,left_heel,0.4498047,0.89049447,0.26152414,0.4497672497142855,0.8905448802857139,0.26363305857142844,485.78906,1709.7494,485.74862257142837,1709.8461628571422,0.85679895,False,False
7ae6904d-8782-4caa-8a1f-a9caf51a24c3,122,2.1714260249554367,left_hip,0.5595587,0.66582453,0.14546202,0.5595312671428568,0.6658610511428569,0.14541660599999992,604.32336,1278.383,604.2937371428568,1278.4531399999994,0.99917954,False,False
7ae6904d-8782-4caa-8a1f-a9caf51a24c3,122,2.1714260249554367,left_knee,0.5626167,0.78014773,0.116095155,0.5621794628571426,0.7803091008571424,0.11667096642857136,607.62604,1497.8837,607.1538065714282,1498.1934799999992,0.8207925,False,False
7ae6904d-8782-4caa-8a1f-a9caf51a24c3,122,2.1714260249554367,left_shoulder,0.57624,0.5016395,0.29498726,0.5759443825714283,0.5016329942857141,0.3010510777142856,622.33923,963.1478,622.0199339999997,963.1353191428566,0.9888797,False,False
7ae6904d-8782-4caa-8a1f-a9caf51a24c3,122,2.1714260249554367,left_wrist,0.6685039,0.39453173,0.18906297,0.6683161068571426,0.3942392137142855,0.1931220685714285,721.9842,757.5009,721.7813931428568,756.939279428571,0.65691787,False,False
7ae6904d-8782-4caa-8a1f-a9caf51a24c3,122,2.1714260249554367,nose,0.54294324,0.4500385,-0.075972766,0.5428219774285712,0.4499575419999998,-0.06819494645714282,586.3787,864.0739,586.2477405714283,863.9184588571425,0.99897796,False,False
7ae6904d-8782-4caa-8a1f-a9caf51a24c3,122,2.1714260249554367,right_ankle,0.42454788,0.89704263,-0.046921276,0.42455170971428546,0.8969851877142853,-0.040585167485714266,458.51172,1722.3219,458.51585057142836,1722.2115685714277,0.98150796,False,False
7ae6904d-8782-4caa-8a1f-a9caf51a24c3,122,2.1714260249554367,right_elbow,0.56595427,0.45912087,-0.50544256,0.5662901979999997,0.45996349114285695,-0.47374150257142833,611.2306,881.5121,611.5934199999997,883.129901428571,0.9938528,False,False
7ae6904d-8782-4caa-8a1f-a9caf51a24c3,122,2.1714260249554367,right_foot_index,0.48315448,0.93958265,-0.24573694,0.483258554285714,0.9395582908571424,-0.2388614037142856,521.8068,1803.9987,521.9192271428569,1803.9519085714276,0.97120154,False,False
7ae6904d-8782-4caa-8a1f-a9caf51a24c3,122,2.1714260249554367,right_heel,0.40719754,0.9131104,-0.04619586,0.4071771905714284,0.9130589748571425,-0.039277370914285695,439.77335,1753.1719,439.75136685714267,1753.0732342857134,0.9017927,False,False
7ae6904d-8782-4caa-8a1f-a9caf51a24c3,122,2.1714260249554367,right_hip,0.4814261,0.65886265,-0.14553398,0.481630398285714,0.6588695517142854,-0.14549396171428564,519.9402,1265.0162,520.1608379999998,1265.0294599999993,0.99945045,False,False
7ae6904d-8782-4caa-8a1f-a9caf51a24c3,122,2.1714260249554367,right_knee,0.46839246,0.77994335,-0.16954495,0.4685181471428569,0.7800374368571424,-0.16737306742857133,505.86386,1497.4912,505.9995971428569,1497.671842857142,0.9808523,False,False
7ae6904d-8782-4caa-8a1f-a9caf51a24c3,122,2.1714260249554367,right_shoulder,0.47533903,0.4966667,-0.18154159,0.47584198085714263,0.49663183228571406,-0.1785938662857142,513.36615,953.60004,513.9093505714283,953.5331194285709,0.99854225,False,False
7ae6904d-8782-4caa-8a1f-a9caf51a24c3,122,2.1714260249554367,right_wrist,0.618991,0.3944219,-0.5497714,0.6189835805714283,0.39528996371428554,-0.450436413142857,668.5103,757.29004,668.502252285714,758.956724285714,0.9919043,False,False
7ae6904d-8782-4caa-8a1f-a9caf51a24c3,123,2.189224598930481,left_ankle,0.48460293,0.87713397,0.2746341,0.48461553599999974,0.8771271797142852,0.2701403528571427,523.37115,1684.0972,523.3847734285712,1684.0841285714278,0.88045436,False,False
7ae6904d-8782-4caa-8a1f-a9caf51a24c3,123,2.189224598930481,left_elbow,0.6507642,0.46445894,0.29684556,0.650181724285714,0.46427093085714266,0.2862496645714284,702.8254,891.76117,702.196291428571,891.4001911428567,0.46323562,False,False
7ae6904d-8782-4caa-8a1f-a9caf51a24c3,123,2.189224598930481,left_foot_index,0.54688245,0.9171623,0.14242832,0.5468800105714283,0.9171569222857139,0.13630568085714279,590.63306,1760.9517,590.630400285714,1760.9413457142846,0.90343565,False,False
7ae6904d-8782-4caa-8a1f-a9caf51a24c3,123,2.189224598930481,left_heel,0.44986504,0.8904797,0.27931336,0.449884406285714,0.8904662239999996,0.27475064457142845,485.85425,1709.721,485.8751557142855,1709.6951485714276,0.85887307,False,False
7ae6904d-8782-4caa-8a1f-a9caf51a24c3,123,2.189224598930481,left_hip,0.5590694,0.66591114,0.14581588,0.5590565428571426,0.6659052617142853,0.1457884145714285,603.7949,1278.5494,603.7810194285712,1278.538068571428,0.99918044,False,False
7ae6904d-8782-4caa-8a1f-a9caf51a24c3,123,2.189224598930481,left_knee,0.5615216,0.7797537,0.1270479,0.5617253479999997,0.7797885848571424,0.12488901951428565,606.4433,1497.1271,606.6633637142854,1497.1940942857134,0.81923664,False,False
7ae6904d-8782-4caa-8a1f-a9caf51a24c3,123,2.189224598930481,left_shoulder,0.5745647,0.5016455,0.29766983,0.574743534285714,0.5014644371428569,0.29379611342857126,620.52985,963.15936,620.7230174285711,962.8117319999994,0.98880947,False,False
7ae6904d-8782-4caa-8a1f-a9caf51a24c3,123,2.189224598930481,left_wrist,0.66653186,0.39647323,0.19048922,0.6666546157142854,0.39648798914285693,0.19050419428571422,719.85443,761.2286,719.986992285714,761.2569337142854,0.6598097,False,False
7ae6904d-8782-4caa-8a1f-a9caf51a24c3,123,2.189224598930481,nose,0.5429306,0.4479173,-0.07246697,0.5429565954285711,0.44799275257142834,-0.07591236431428569,586.36505,860.0012,586.3931377142854,860.1460837142853,0.9989985,False,False
7ae6904d-8782-4caa-8a1f-a9caf51a24c3,123,2.189224598930481,right_ankle,0.4245487,0.89681286,-0.02662553,0.4246583217142855,0.8968592279999996,-0.030048700228571406,458.51257,1721.8807,458.63097228571405,1721.969739999999,0.9814103,False,False
7ae6904d-8782-4caa-8a1f-a9caf51a24c3,123,2.189224598930481,right_elbow,0.56610286,0.4612172,-0.45465353,0.5661993914285711,0.46011398599999975,-0.48454022599999974,611.3911,885.537,611.4953457142855,883.4188568571425,0.9939721,False,False
7ae6904d-8782-4caa-8a1f-a9caf51a24c3,123,2.189224598930481,right_foot_index,0.4839508,0.9395253,-0.22016971,0.48381002285714264,0.9395413559999994,-0.22377389371428558,522.6669,1803.8885,522.5148257142855,1803.9193742857135,0.9711276,False,False
7ae6904d-8782-4caa-8a1f-a9caf51a24c3,123,2.189224598930481,right_heel,0.4071312,0.91292423,-0.024031673,0.40734201257142844,0.9129539891428566,-0.027814500628571402,439.7017,1752.8146,439.92937771428547,1752.8716257142846,0.90205693,False,False
7ae6904d-8782-4caa-8a1f-a9caf51a24c3,123,2.189224598930481,right_hip,0.4812122,0.6588722,-0.14589225,0.48111939028571404,0.6588812865714282,-0.14586246685714277,519.70917,1265.0345,519.6089477142855,1265.0519771428565,0.9994557,False,False
7ae6904d-8782-4caa-8a1f-a9caf51a24c3,123,2.189224598930481,right_knee,0.4680943,0.77952373,-0.16319108,0.46796370399999976,0.779466505428571,-0.16460239571428564,505.54184,1496.6855,505.40079114285686,1496.575631428571,0.9804987,False,False
7ae6904d-8782-4caa-8a1f-a9caf51a24c3,123,2.189224598930481,right_shoulder,0.47445327,0.49642527,-0.19318436,0.4742648674285712,0.4964140954285712,-0.19166907199999988,512.40955,953.13654,512.2060694285711,953.1150762857137,0.9985879,False,False
7ae6904d-8782-4caa-8a1f-a9caf51a24c3,123,2.189224598930481,right_wrist,0.6204098,0.39681017,-0.36023656,0.6206287314285711,0.39562262599999976,-0.4667553888571427,670.04254,761.87555,670.2790137142854,759.5954599999995,0.99189675,False,False
7ae6904d-8782-4caa-8a1f-a9caf51a24c3,124,2.207023172905526,left_ankle,0.48455635,0.87714195,0.26676852,0.4845340274285712,0.877108395428571,0.2687479619999999,523.32086,1684.1125,523.2967348571426,1684.0481199999992,0.8819358,False,False
7ae6904d-8782-4caa-8a1f-a9caf51a24c3,124,2.207023172905526,left_elbow,0.6519156,0.46883735,0.24147664,0.6522304757142854,0.4690967574285712,0.23011756514285703,704.06885,900.1677,704.4089385714283,900.6657754285709,0.47592703,False,False
7ae6904d-8782-4caa-8a1f-a9caf51a24c3,124,2.207023172905526,left_foot_index,0.5469404,0.9172232,0.13355719,0.5469326634285712,0.9172244899999995,0.13302986799999994,590.6956,1761.0686,590.6872634285711,1761.0710771428564,0.9041614,False,False
7ae6904d-8782-4caa-8a1f-a9caf51a24c3,124,2.207023172905526,left_heel,0.44991982,0.8904702,0.2711165,0.44989000685714264,0.8904588111428567,0.2722584028571427,485.9134,1709.7028,485.8812057142855,1709.6809342857134,0.86125296,False,False
7ae6904d-8782-4caa-8a1f-a9caf51a24c3,124,2.207023172905526,left_hip,0.55825955,0.66600597,0.14484365,0.558268572285714,0.6659932602857139,0.1445329271428571,602.9203,1278.7314,602.9300457142854,1278.7070228571422,0.9991814,False,False
7ae6904d-8782-4caa-8a1f-a9caf51a24c3,124,2.207023172905526,left_knee,0.5605163,0.7792007,0.12619114,0.5606410965714282,0.7789331557142853,0.12715481379999993,605.3576,1496.0653,605.4923651428569,1495.5516228571419,0.8206416,False,False
7ae6904d-8782-4caa-8a1f-a9caf51a24c3,124,2.207023172905526,left_shoulder,0.5736635,0.5018802,0.2899234,0.5737547685714283,0.5022272339999998,0.29256715085714274,619.5566,963.61005,619.6551688571426,964.2763105714281,0.98864627,False,False
7ae6904d-8782-4caa-8a1f-a9caf51a24c3,124,2.207023172905526,left_wrist,0.6641081,0.39892557,0.11756917,0.664222362285714,0.39890286171428546,0.08125584999999996,717.23676,765.9371,717.3601817142854,765.8934928571425,0.66694015,False,False
7ae6904d-8782-4caa-8a1f-a9caf51a24c3,124,2.207023172905526,nose,0.54300755,0.44609597,-0.07454877,0.5430024397142854,0.4460452545714284,-0.07153383034285711,586.4482,856.5043,586.4426628571426,856.4068977142853,0.99903715,False,False
7ae6904d-8782-4caa-8a1f-a9caf51a24c3,124,2.207023172905526,right_ankle,0.4244113,0.8967609,-0.033705026,0.42408918914285687,0.8967562739999996,-0.04353000097142855,458.3642,1721.7809,458.0163217142855,1721.772002857142,0.98115087,False,False
7ae6904d-8782-4caa-8a1f-a9caf51a24c3,124,2.207023172905526,right_elbow,0.56630546,0.4615702,-0.47031647,0.5658599359999997,0.46302094942857114,-0.442322623142857,611.6099,886.2148,611.128723142857,889.0002271428567,0.99412763,False,False
7ae6904d-8782-4caa-8a1f-a9caf51a24c3,124,2.207023172905526,right_foot_index,0.48409486,0.93952113,-0.2314704,0.48412542828571403,0.9394966817142852,-0.24525898628571416,522.82245,1803.8806,522.8554928571426,1803.8336199999992,0.97076297,False,False
7ae6904d-8782-4caa-8a1f-a9caf51a24c3,124,2.207023172905526,right_heel,0.40704852,0.9128997,-0.03208808,0.4065642102857141,0.9129225959999996,-0.04272331245714283,439.6124,1752.7673,439.0893482857141,1752.8113742857133,0.9008354,False,False
7ae6904d-8782-4caa-8a1f-a9caf51a24c3,124,2.207023172905526,right_hip,0.48049095,0.65887266,-0.1449085,0.4804206848571426,0.6588921762857138,-0.14459215685714277,518.93024,1265.0355,518.8543348571426,1265.0729399999993,0.99945956,False,False
7ae6904d-8782-4caa-8a1f-a9caf51a24c3,124,2.207023172905526,right_knee,0.4666729,0.77880436,-0.16495702,0.46661883657142833,0.7787460879999996,-0.16712144542857132,504.0067,1495.3043,503.9483208571427,1495.1924171428564,0.9803517,False,False
7ae6904d-8782-4caa-8a1f-a9caf51a24c3,124,2.207023172905526,right_shoulder,0.47262716,0.4961039,-0.19021514,0.47231337885714264,0.4961399497142855,-0.19092643399999992,510.43735,952.51953,510.09846571428545,952.5887425714282,0.9986133,False,False
7ae6904d-8782-4caa-8a1f-a9caf51a24c3,124,2.207023172905526,right_wrist,0.6228988,0.39678153,-0.46142656,0.6226722794285711,0.39838318028571407,-0.3663858777142855,672.7307,761.82056,672.4860508571426,764.8957262857139,0.99196064,False,False
7ae6904d-8782-4caa-8a1f-a9caf51a24c3,125,2.22482174688057,left_ankle,0.48441327,0.8770184,0.2577503,0.48443893028571405,0.8770555168571423,0.2568704822857142,523.1663,1683.8754,523.1940328571427,1683.9466114285706,0.88367635,False,False
7ae6904d-8782-4caa-8a1f-a9caf51a24c3,125,2.22482174688057,left_elbow,0.65430045,0.4750291,0.13011137,0.6541249585714283,0.4751417148571426,0.15375919657142847,706.6445,912.0559,706.4549771428568,912.2721108571425,0.4969505,False,False
7ae6904d-8782-4caa-8a1f-a9caf51a24c3,125,2.22482174688057,left_foot_index,0.54695696,0.91738224,0.1103039,0.5469696619999999,0.917425754571428,0.11274627628571422,590.7135,1761.3739,590.7272142857139,1761.457462857142,0.90538406,False,False
7ae6904d-8782-4caa-8a1f-a9caf51a24c3,125,2.22482174688057,left_heel,0.4498201,0.8904256,0.25816116,0.4498235937142855,0.8904576828571424,0.25827911828571415,485.8057,1709.6172,485.80947399999974,1709.6787685714276,0.8637275,False,False
7ae6904d-8782-4caa-8a1f-a9caf51a24c3,125,2.22482174688057,left_hip,0.55733,0.66600764,0.14147155,0.5573115765714284,0.6660034228571424,0.14197367028571423,601.91644,1278.7346,601.8965397142853,1278.7264914285706,0.99916846,False,False
7ae6904d-8782-4caa-8a1f-a9caf51a24c3,125,2.22482174688057,left_knee,0.55938214,0.77746767,0.124949194,0.5592243511428568,0.7776580997142855,0.12461939422857138,604.1327,1492.7379,603.9623085714284,1493.1035142857136,0.820785,False,False
7ae6904d-8782-4caa-8a1f-a9caf51a24c3,125,2.22482174688057,left_shoulder,0.5736755,0.5044058,0.28776696,0.5735939128571426,0.5043767068571425,0.2860929025714284,619.5696,968.4591,619.481464285714,968.4032888571423,0.9886677,False,False
7ae6904d-8782-4caa-8a1f-a9caf51a24c3,125,2.22482174688057,left_wrist,0.66088283,0.4027111,-0.10184831,0.660098292285714,0.40308379257142835,-0.0508747957142857,713.7535,773.2053,712.9061739999997,773.9208857142853,0.6766224,False,False
7ae6904d-8782-4caa-8a1f-a9caf51a24c3,125,2.22482174688057,nose,0.54304504,0.44463816,-0.07022308,0.5430201614285712,0.4447454245714284,-0.07390430371428568,586.48865,853.70526,586.4617828571426,853.9112382857137,0.9991016,False,False
7ae6904d-8782-4caa-8a1f-a9caf51a24c3,125,2.22482174688057,right_ankle,0.42269766,0.89677113,-0.08056274,0.4228895657142855,0.8967549779999996,-0.06228161548571425,456.5135,1721.8005,456.7207477142855,1721.7695314285706,0.98092765,False,False
7ae6904d-8782-4caa-8a1f-a9caf51a24c3,125,2.22482174688057,right_elbow,0.56417346,0.46857086,-0.38606188,0.5647677977142855,0.4674326719999997,-0.4025615037142855,609.3073,899.65607,609.9492074285712,897.4707457142853,0.9942487,False,False
7ae6904d-8782-4caa-8a1f-a9caf51a24c3,125,2.22482174688057,right_foot_index,0.4841557,0.9396103,-0.30073795,0.4842008285714283,0.9396534271428567,-0.2777200188571427,522.8882,1804.0518,522.9369165714282,1804.1346342857132,0.9705282,False,False
7ae6904d-8782-4caa-8a1f-a9caf51a24c3,125,2.22482174688057,right_heel,0.40453866,0.9130669,-0.08369426,0.40474827085714266,0.9130371888571425,-0.0641187617428571,436.90176,1753.0885,437.1281408571426,1753.031379999999,0.89793533,False,False
7ae6904d-8782-4caa-8a1f-a9caf51a24c3,125,2.22482174688057,right_hip,0.47898668,0.6587274,-0.14150932,0.4789920525714283,0.6586228877142855,-0.1420195205714285,517.3056,1264.7566,517.3114277142854,1264.5559342857136,0.9994696,False,False
7ae6904d-8782-4caa-8a1f-a9caf51a24c3,125,2.22482174688057,right_knee,0.4643955,0.77782315,-0.17410325,0.46445397857142834,0.7778868417142853,-0.1689117105714285,501.54712,1493.4204,501.61027171428543,1493.542705714285,0.98048156,False,False
7ae6904d-8782-4caa-8a1f-a9caf51a24c3,125,2.22482174688057,right_shoulder,0.46922824,0.4960028,-0.1856068,0.4695143071428569,0.495998694285714,-0.18718962742857131,506.7665,952.3254,507.0754511428568,952.3175159999996,0.9986774,False,False
7ae6904d-8782-4caa-8a1f-a9caf51a24c3,125,2.22482174688057,right_wrist,0.62379414,0.4029025,-0.24544299,0.6238235537142853,0.4014202625714284,-0.291316253142857,673.6977,773.5728,673.7294579999997,770.7269082857139,0.9915129,False,False
7ae6904d-8782-4caa-8a1f-a9caf51a24c3,126,2.242620320855615,left_ankle,0.4843581,0.8770163,0.24784224,0.4843394871428569,0.8769915242857138,0.25051981199999984,523.10675,1683.8713,523.0866328571426,1683.8237714285706,0.88468397,False,False
7ae6904d-8782-4caa-8a1f-a9caf51a24c3,126,2.242620320855615,left_elbow,0.65707135,0.48176384,0.11440744,0.6572067485714281,0.48106256942857123,0.1000395888571428,709.6371,924.9866,709.7832899999997,923.6401588571423,0.520866,False,False
7ae6904d-8782-4caa-8a1f-a9caf51a24c3,126,2.242620320855615,left_foot_index,0.5469726,0.91769046,0.09945831,0.5469469834285712,0.9175801902857139,0.10087957885714281,590.7304,1761.9657,590.7027237142854,1761.7539857142847,0.9059844,False,False
7ae6904d-8782-4caa-8a1f-a9caf51a24c3,126,2.242620320855615,left_heel,0.44976476,0.8904384,0.24835274,0.4497899959999998,0.8903789828571425,0.25057547685714276,485.74594,1709.6417,485.7731971428569,1709.527665714285,0.864986,False,False
7ae6904d-8782-4caa-8a1f-a9caf51a24c3,126,2.242620320855615,left_hip,0.55637634,0.66596305,0.1382509,0.5563762757142854,0.6659982485714283,0.13748378971428565,600.8865,1278.649,600.8864159999996,1278.7166114285708,0.99916816,False,False
7ae6904d-8782-4caa-8a1f-a9caf51a24c3,126,2.242620320855615,left_knee,0.5564445,0.7766549,0.12350352,0.5561418839999998,0.7767091511428568,0.12536384228571423,600.9601,1491.1774,600.6332457142854,1491.281585714285,0.8190284,False,False
7ae6904d-8782-4caa-8a1f-a9caf51a24c3,126,2.242620320855615,left_shoulder,0.573675,0.50723577,0.27637574,0.5735947139999997,0.5070883345714283,0.2757381868571427,619.569,973.8927,619.4823085714282,973.6096011428567,0.9889334,False,False
7ae6904d-8782-4caa-8a1f-a9caf51a24c3,126,2.242620320855615,left_wrist,0.6551732,0.4089171,-0.11625895,0.6565037188571425,0.40813528371428553,-0.14005042857142852,707.58704,785.12085,709.0240194285711,783.619744285714,0.6881033,False,False
7ae6904d-8782-4caa-8a1f-a9caf51a24c3,126,2.242620320855615,nose,0.54297364,0.4441992,-0.08266911,0.5431954985714282,0.44418491742857125,-0.07969897799999996,586.4115,852.8625,586.6511228571426,852.8350525714282,0.9991616,False,False
7ae6904d-8782-4caa-8a1f-a9caf51a24c3,126,2.242620320855615,right_ankle,0.42172772,0.8967819,-0.06497694,0.4217915385714283,0.8968097897142853,-0.08757857322857139,455.46594,1721.8213,455.5348637142855,1721.874802857142,0.97998285,False,False
7ae6904d-8782-4caa-8a1f-a9caf51a24c3,126,2.242620320855615,right_elbow,0.56251603,0.47368476,-0.36211514,0.5617848699999997,0.47430840857142836,-0.36341912771428553,607.51733,909.47473,606.7276657142854,910.6721328571424,0.99436295,False,False
7ae6904d-8782-4caa-8a1f-a9caf51a24c3,126,2.242620320855615,right_foot_index,0.48434573,0.9401182,-0.28820446,0.48430474142857116,0.9401068865714282,-0.31337966542857126,523.0934,1805.027,523.0491439999996,1805.005237142856,0.9694192,False,False
7ae6904d-8782-4caa-8a1f-a9caf51a24c3,126,2.242620320855615,right_heel,0.40284106,0.9131888,-0.06810168,0.4030351677142855,0.913218731428571,-0.09192951659999996,435.06836,1753.3225,435.2779879999998,1753.3799971428562,0.89238214,False,False
7ae6904d-8782-4caa-8a1f-a9caf51a24c3,126,2.242620320855615,right_hip,0.47724348,0.6580721,-0.13831197,0.4772722585714283,0.6581649037142854,-0.13755010199999995,515.423,1263.4984,515.4540594285711,1263.6766171428565,0.9994781,False,False
7ae6904d-8782-4caa-8a1f-a9caf51a24c3,126,2.242620320855615,right_knee,0.46216008,0.77729785,-0.16463862,0.4622532317142855,0.777307261428571,-0.1723579962857142,499.13287,1492.4119,499.23347457142836,1492.4299342857134,0.97963387,False,False
7ae6904d-8782-4caa-8a1f-a9caf51a24c3,126,2.242620320855615,right_shoulder,0.46728483,0.4960016,-0.18403378,0.46741764942857117,0.4960058788571426,-0.18088765685714278,504.6676,952.32306,504.8110514285711,952.3312757142852,0.99874496,False,False
7ae6904d-8782-4caa-8a1f-a9caf51a24c3,126,2.242620320855615,right_wrist,0.6230747,0.40505368,-0.2131954,0.6228057199999997,0.40591098999999986,-0.24237889428571413,672.9207,777.70306,672.6302177142854,779.3490939999996,0.99132824,False,False
7ae6904d-8782-4caa-8a1f-a9caf51a24c3,127,2.2604188948306594,left_ankle,0.48427588,0.8769556,0.24757168,0.48431579285714266,0.8769201348571424,0.24605898657142844,523.01794,1683.7548,523.0610508571426,1683.686682857142,0.88525724,False,False
7ae6904d-8782-4caa-8a1f-a9caf51a24c3,127,2.2604188948306594,left_elbow,0.6614283,0.48645738,0.07013123,0.661960072285714,0.4867922451428569,0.06968024557142853,714.3425,933.99817,714.9168679999996,934.641108571428,0.5470821,False,False
7ae6904d-8782-4caa-8a1f-a9caf51a24c3,127,2.2604188948306594,left_foot_index,0.5468796,0.91769123,0.09931589,0.5469381291428569,0.9177349202857138,0.09826459785714281,590.62994,1761.9672,590.6931679999998,1762.0510542857135,0.90616333,False,False
7ae6904d-8782-4caa-8a1f-a9caf51a24c3,127,2.2604188948306594,left_heel,0.44991192,0.8902268,0.24822046,0.4499737491428569,0.890234363428571,0.24709285771428557,485.90488,1709.2355,485.97164285714257,1709.249977142856,0.86629444,False,False
7ae6904d-8782-4caa-8a1f-a9caf51a24c3,127,2.2604188948306594,left_hip,0.5557091,0.6659683,0.13187495,0.5557781599999997,0.6659068274285711,0.13237656799999992,600.16583,1278.6592,600.2404425714283,1278.5411371428565,0.9991545,False,False
7ae6904d-8782-4caa-8a1f-a9caf51a24c3,127,2.2604188948306594,left_knee,0.55186963,0.776641,0.12588324,0.5522083308571426,0.7765766997142853,0.12348293571428565,596.0192,1491.1508,596.3850285714282,1491.0273114285706,0.81867355,False,False
7ae6904d-8782-4caa-8a1f-a9caf51a24c3,127,2.2604188948306594,left_shoulder,0.57368815,0.508723,0.26045564,0.5739404619999997,0.5084200617142856,0.2605778925714284,619.5832,976.74817,619.855694285714,976.1665222857138,0.98930836,False,False
7ae6904d-8782-4caa-8a1f-a9caf51a24c3,127,2.2604188948306594,left_wrist,0.6544493,0.41428277,-0.16884948,0.6535630374285711,0.4151428545714283,-0.17474855742857132,706.80524,795.4229,705.8480788571425,797.074271428571,0.7022644,False,False
7ae6904d-8782-4caa-8a1f-a9caf51a24c3,127,2.2604188948306594,nose,0.54301417,0.444183,-0.09211846,0.542537816285714,0.4440034542857141,-0.09736147051428568,586.4553,852.83136,585.9408214285711,852.4866445714281,0.99922794,False,False
7ae6904d-8782-4caa-8a1f-a9caf51a24c3,127,2.2604188948306594,right_ankle,0.42158252,0.89692,-0.09800568,0.4216036022857141,0.8969101368571425,-0.06934537277142853,455.3091,1722.0864,455.33188457142836,1722.0674742857134,0.9788315,False,False
7ae6904d-8782-4caa-8a1f-a9caf51a24c3,127,2.2604188948306594,right_elbow,0.5572084,0.48165634,-0.36620602,0.5567925657142855,0.48155715999999976,-0.3623353462857141,601.7851,924.78015,601.3359914285712,924.5897485714281,0.9942417,False,False
7ae6904d-8782-4caa-8a1f-a9caf51a24c3,127,2.2604188948306594,right_foot_index,0.48435086,0.94086707,-0.32264456,0.48460890114285693,0.9408972319999996,-0.29098764028571417,523.09894,1806.4647,523.3776237142854,1806.5226342857134,0.96800786,False,False
7ae6904d-8782-4caa-8a1f-a9caf51a24c3,127,2.2604188948306594,right_heel,0.4027497,0.913375,-0.10294262,0.40269704228571407,0.913357346285714,-0.07276966279999997,434.96967,1753.68,434.9128105714284,1753.6460914285706,0.8857277,False,False
7ae6904d-8782-4caa-8a1f-a9caf51a24c3,127,2.2604188948306594,right_hip,0.47574276,0.65776175,-0.13198137,0.4756993911428569,0.6577957768571426,-0.13247247685714278,513.8022,1262.9026,513.7553657142855,1262.9678799999992,0.99949044,False,False
7ae6904d-8782-4caa-8a1f-a9caf51a24c3,127,2.2604188948306594,right_knee,0.46018237,0.77720314,-0.17113994,0.46002024742857117,0.7772340237142854,-0.1599024165714285,496.99695,1492.23,496.82185971428544,1492.289322857142,0.9789393,False,False
7ae6904d-8782-4caa-8a1f-a9caf51a24c3,127,2.2604188948306594,right_shoulder,0.4664878,0.49602783,-0.1717042,0.4661465585714283,0.4959967457142854,-0.1763897902857142,503.80682,952.3734,503.4382742857141,952.3137239999994,0.9988034,False,False
7ae6904d-8782-4caa-8a1f-a9caf51a24c3,127,2.2604188948306594,right_wrist,0.6203762,0.41040844,-0.33040527,0.6205419628571426,0.4094777937142855,-0.27494155628571415,670.00635,787.9842,670.1853531428568,786.1973605714282,0.9907496,False,False
7ae6904d-8782-4caa-8a1f-a9caf51a24c3,128,2.278217468805704,left_ankle,0.4842688,0.8769453,0.23622762,0.48427608914285686,0.8769719262857139,0.23344997228571412,523.0103,1683.735,523.0181779999997,1683.7861457142849,0.8848728,False,False
7ae6904d-8782-4caa-8a1f-a9caf51a24c3,128,2.278217468805704,left_elbow,0.66699165,0.49470702,0.04067405,0.6657865337142854,0.4959659965714283,0.04936046171428568,720.351,949.83746,719.0494294285711,952.2547142857138,0.5723388,False,False
7ae6904d-8782-4caa-8a1f-a9caf51a24c3,128,2.278217468805704,left_foot_index,0.5468691,0.9182144,0.09159064,0.5467682777142855,0.9183777122857139,0.08810973399999997,590.61865,1762.9716,590.5097585714284,1763.2852028571422,0.9055222,False,False
7ae6904d-8782-4caa-8a1f-a9caf51a24c3,128,2.278217468805704,left_heel,0.45012528,0.8902022,0.23836161,0.4499783631428569,0.8901607819999996,0.23516682428571417,486.13528,1709.1882,485.9766314285712,1709.1086999999993,0.8664544,False,False
7ae6904d-8782-4caa-8a1f-a9caf51a24c3,128,2.278217468805704,left_hip,0.55563956,0.66570884,0.12798657,0.5555626571428569,0.665744862285714,0.12797972999999993,600.09076,1278.161,600.0076754285711,1278.2301714285709,0.9991186,False,False
7ae6904d-8782-4caa-8a1f-a9caf51a24c3,128,2.278217468805704,left_knee,0.5493543,0.77667165,0.114413716,0.5495461371428569,0.7766307077142853,0.11355404319999994,593.3027,1491.2096,593.5098594285711,1491.1310085714276,0.8171448,False,False
7ae6904d-8782-4caa-8a1f-a9caf51a24c3,128,2.278217468805704,left_shoulder,0.57467777,0.50894046,0.25215068,0.5744157448571425,0.5096604745714284,0.2550605737142856,620.652,977.16565,620.3690142857141,978.5480979999995,0.98965955,False,False
7ae6904d-8782-4caa-8a1f-a9caf51a24c3,128,2.278217468805704,left_wrist,0.6506585,0.4246685,-0.22523938,0.6507327054285711,0.42475552399999983,-0.2116928212857142,702.7112,815.3635,702.7913222857139,815.530591428571,0.7143602,False,False
7ae6904d-8782-4caa-8a1f-a9caf51a24c3,128,2.278217468805704,nose,0.5407991,0.4441601,-0.11345427,0.5411366754285711,0.44427754228571403,-0.10562885279999995,584.063,852.7874,584.4275857142854,853.0128997142854,0.99927044,False,False
7ae6904d-8782-4caa-8a1f-a9caf51a24c3,128,2.278217468805704,right_ankle,0.42159855,0.89698684,-0.027021293,0.4214118874285712,0.8969779651428568,-0.048012616999999966,455.32645,1722.2147,455.1248345714283,1722.1976771428565,0.97683847,False,False
7ae6904d-8782-4caa-8a1f-a9caf51a24c3,128,2.278217468805704,right_elbow,0.552656,0.48995414,-0.3508511,0.5553518437142855,0.48982604171428545,-0.3512329519999999,596.86847,940.712,599.7799914285712,940.4660179999995,0.99404305,False,False
7ae6904d-8782-4caa-8a1f-a9caf51a24c3,128,2.278217468805704,right_foot_index,0.4843352,0.94181114,-0.23912215,0.48380178114285693,0.9418243562857138,-0.263873163142857,523.08203,1808.2773,522.5059322857139,1808.3026971428565,0.9654885,False,False
7ae6904d-8782-4caa-8a1f-a9caf51a24c3,128,2.278217468805704,right_heel,0.40279397,0.9133859,-0.027857933,0.4026017942857141,0.9133585648571424,-0.049900980371428545,435.0175,1753.7009,434.80994542857115,1753.6484342857136,0.87663877,False,False
7ae6904d-8782-4caa-8a1f-a9caf51a24c3,128,2.278217468805704,right_hip,0.47463018,0.65756863,-0.1280709,0.47476814485714264,0.6574517654285712,-0.1280601522857142,512.6006,1262.5317,512.7496142857141,1262.3073599999993,0.99947697,False,False
7ae6904d-8782-4caa-8a1f-a9caf51a24c3,128,2.278217468805704,right_knee,0.45759133,0.7774039,-0.13812463,0.4576567659999998,0.7773683122857139,-0.1475900919999999,494.19864,1492.6155,494.2693071428569,1492.5471771428565,0.9771552,False,False
7ae6904d-8782-4caa-8a1f-a9caf51a24c3,128,2.278217468805704,right_shoulder,0.46497846,0.4959591,-0.17153095,0.4653050734285712,0.4958853411428569,-0.16706805228571417,502.17673,952.24146,502.52947428571406,952.0998411428566,0.9988335,False,False
7ae6904d-8782-4caa-8a1f-a9caf51a24c3,128,2.278217468805704,right_wrist,0.61847246,0.4161382,-0.22231998,0.6189733477142854,0.4181936422857141,-0.25486322828571417,667.95026,798.98535,668.4912328571426,802.9318019999996,0.9899719,False,False
7ae6904d-8782-4caa-8a1f-a9caf51a24c3,129,2.296016042780749,left_ankle,0.4839734,0.87750816,0.21074715,0.4838095417142855,0.8776751005714282,0.2163329699999999,522.6913,1684.8157,522.5143265714282,1685.1361771428565,0.8836469,False,False
7ae6904d-8782-4caa-8a1f-a9caf51a24c3,129,2.296016042780749,left_elbow,0.66717774,0.5082033,0.074688695,0.6682909765714282,0.5060841599999998,0.07523175499999996,720.55194,975.75037,721.7542679999996,971.6815977142852,0.5877783,False,False
7ae6904d-8782-4caa-8a1f-a9caf51a24c3,129,2.296016042780749,left_foot_index,0.5464494,0.9195801,0.070261635,0.546536026285714,0.9194073171428566,0.07721941568571425,590.1654,1765.5938,590.2589425714284,1765.2620171428562,0.9040256,False,False
7ae6904d-8782-4caa-8a1f-a9caf51a24c3,129,2.296016042780749,left_heel,0.4495472,0.89068776,0.21252884,0.44959344114285693,0.8909751891428568,0.21837862657142845,485.511,1710.1205,485.5609234285712,1710.672379999999,0.8660233,False,False
7ae6904d-8782-4caa-8a1f-a9caf51a24c3,129,2.296016042780749,left_hip,0.5556733,0.6655873,0.12637642,0.5558211434285711,0.6656039937142854,0.12677278685714277,600.12714,1277.9276,600.2868368571426,1277.9596571428563,0.9990635,False,False
7ae6904d-8782-4caa-8a1f-a9caf51a24c3,129,2.296016042780749,left_knee,0.54864377,0.7767427,0.09942386,0.5484467257142854,0.7768636257142854,0.10317211177142852,592.5353,1491.346,592.3225048571426,1491.5781742857137,0.8141163,False,False
7ae6904d-8782-4caa-8a1f-a9caf51a24c3,129,2.296016042780749,left_shoulder,0.57466304,0.5114954,0.2621786,0.5748358948571426,0.5108192488571426,0.2600161228571427,620.6361,982.07117,620.8227771428569,980.7729422857137,0.99007297,False,False
7ae6904d-8782-4caa-8a1f-a9caf51a24c3,129,2.296016042780749,left_wrist,0.6460879,0.43590036,-0.18222556,0.6466471959999998,0.4349621022857141,-0.17330705714285707,697.7749,836.9287,698.3789577142854,835.1272342857138,0.71981263,False,False
7ae6904d-8782-4caa-8a1f-a9caf51a24c3,129,2.296016042780749,nose,0.53951836,0.44579574,-0.100391224,0.5393875874285712,0.4461626477142855,-0.10637058708571423,582.6798,855.92786,582.5385771428569,856.6322925714281,0.9993042,False,False
7ae6904d-8782-4caa-8a1f-a9caf51a24c3,129,2.296016042780749,right_ankle,0.42086634,0.8968989,-0.033766363,0.4210191514285712,0.8968840165714281,-0.029545504428571397,454.53564,1722.0459,454.70069485714265,1722.017305714285,0.9743933,False,False
7ae6904d-8782-4caa-8a1f-a9caf51a24c3,129,2.296016042780749,right_elbow,0.55811566,0.4972038,-0.31372482,0.5551797091428569,0.49703302971428553,-0.30639248571428557,602.7649,954.6313,599.5940731428568,954.3034419999996,0.99378085,False,False
7ae6904d-8782-4caa-8a1f-a9caf51a24c3,129,2.296016042780749,right_foot_index,0.48145238,0.94255275,-0.24203186,0.48159503942857124,0.942443540571428,-0.23397863857142842,519.96857,1809.7013,520.1226508571426,1809.491582857142,0.9624078,False,False
7ae6904d-8782-4caa-8a1f-a9caf51a24c3,129,2.296016042780749,right_heel,0.4021176,0.91318786,-0.034506306,0.4022978125714284,0.9132144914285709,-0.030239145942857114,434.28702,1753.3207,434.4816454285712,1753.3718199999992,0.8659522,False,False
7ae6904d-8782-4caa-8a1f-a9caf51a24c3,129,2.296016042780749,right_hip,0.47455737,0.65686804,-0.12640436,0.4745064779999998,0.6569612225714283,-0.12681258799999995,512.522,1261.1866,512.4670228571426,1261.3655028571422,0.99944866,False,False
7ae6904d-8782-4caa-8a1f-a9caf51a24c3,129,2.296016042780749,right_knee,0.45540735,0.7774047,-0.14121455,0.4554759599999998,0.7773829337142855,-0.13867151771428565,491.83994,1492.6171,491.91404257142835,1492.5752799999993,0.9752947,False,False
7ae6904d-8782-4caa-8a1f-a9caf51a24c3,129,2.296016042780749,right_shoulder,0.46487927,0.49603567,-0.1517617,0.4647881771428569,0.49630514971428547,-0.1538409442857142,502.0696,952.3885,501.97121542857116,952.9059005714282,0.9988766,False,False
7ae6904d-8782-4caa-8a1f-a9caf51a24c3,129,2.296016042780749,right_wrist,0.6182034,0.43027192,-0.16126357,0.617617486285714,0.4281955377142855,-0.1347042732571428,667.65967,826.1221,667.0268799999997,822.1354342857139,0.98908526,False,False
7ae6904d-8782-4caa-8a1f-a9caf51a24c3,130,2.3138146167557934,left_ankle,0.48294118,0.8788563,0.20047325,0.4832415177142855,0.8785404668571424,0.19307005999999988,521.5765,1687.404,521.9008599999997,1686.7976742857134,0.88136417,False,False
7ae6904d-8782-4caa-8a1f-a9caf51a24c3,130,2.3138146167557934,left_elbow,0.6694626,0.5139487,0.11948649,0.6686473979999996,0.5157658899999997,0.11506168542857138,723.01965,986.7815,722.1392185714282,990.2705137142852,0.61002356,False,False
7ae6904d-8782-4caa-8a1f-a9caf51a24c3,130,2.3138146167557934,left_foot_index,0.54630506,0.92020315,0.06991852,0.5463956634285712,0.9201753339999995,0.061884095714285686,590.00946,1766.79,590.1073174285712,1766.7366257142849,0.9019012,False,False
7ae6904d-8782-4caa-8a1f-a9caf51a24c3,130,2.3138146167557934,left_heel,0.44903407,0.89248985,0.2017473,0.4491915811428569,0.892041839428571,0.19393267371428563,484.9568,1713.5806,485.126910285714,1712.720379999999,0.8649903,False,False
7ae6904d-8782-4caa-8a1f-a9caf51a24c3,130,2.3138146167557934,left_hip,0.5562131,0.66558605,0.12691496,0.556008726285714,0.6655416722857139,0.12685117228571421,600.71014,1277.9252,600.4893879999996,1277.8399999999992,0.9990488,False,False
7ae6904d-8782-4caa-8a1f-a9caf51a24c3,130,2.3138146167557934,left_knee,0.5472452,0.77732766,0.1012721,0.5472451237142855,0.7770833819999996,0.09879344891428565,591.02484,1492.4691,591.0247525714283,1492.0000799999991,0.8077415,False,False
7ae6904d-8782-4caa-8a1f-a9caf51a24c3,130,2.3138146167557934,left_shoulder,0.5747201,0.5115949,0.26730838,0.5745603234285712,0.5118777099999998,0.26747781314285696,620.6977,982.2622,620.5251399999997,982.8052111428566,0.99081594,False,False
7ae6904d-8782-4caa-8a1f-a9caf51a24c3,130,2.3138146167557934,left_wrist,0.64215887,0.44278914,-0.094648115,0.6411131059999997,0.4433332028571426,-0.11375084385714276,693.53156,850.15515,692.4021268571425,851.1997585714282,0.7312826,False,False
7ae6904d-8782-4caa-8a1f-a9caf51a24c3,130,2.3138146167557934,nose,0.5384235,0.449385,-0.09794054,0.538559446285714,0.4488820302857141,-0.09467562508571424,581.4974,862.81915,581.6442062857141,861.8534679999997,0.99935055,False,False
7ae6904d-8782-4caa-8a1f-a9caf51a24c3,130,2.3138146167557934,right_ankle,0.42065415,0.8966762,-0.055084694,0.42063749657142835,0.8966793894285711,-0.050414375857142826,454.3065,1721.6183,454.28849742857125,1721.6244285714276,0.97160167,False,False
7ae6904d-8782-4caa-8a1f-a9caf51a24c3,130,2.3138146167557934,right_elbow,0.5513927,0.50352544,-0.24804668,0.5525074057142854,0.5036904074285711,-0.254104225142857,595.5041,966.76886,596.7079665714283,967.0855948571423,0.9936246,False,False
7ae6904d-8782-4caa-8a1f-a9caf51a24c3,130,2.3138146167557934,right_foot_index,0.47907925,0.94254005,-0.2470065,0.4794822374285712,0.9425984008571424,-0.24374691685714273,517.4056,1809.6769,517.8408151428569,1809.7889542857133,0.95895255,False,False
7ae6904d-8782-4caa-8a1f-a9caf51a24c3,130,2.3138146167557934,right_heel,0.40210637,0.91306615,-0.05737754,0.4020614994285712,0.9130451499999995,-0.05243218065714282,434.27487,1753.087,434.2264157142855,1753.046662857142,0.85560495,False,False
7ae6904d-8782-4caa-8a1f-a9caf51a24c3,130,2.3138146167557934,right_hip,0.47456637,0.6563987,-0.12693094,0.4745189168571426,0.6563524134285711,-0.12685934199999993,512.5317,1260.2855,512.4804539999998,1260.1966142857136,0.9994408,False,False
7ae6904d-8782-4caa-8a1f-a9caf51a24c3,130,2.3138146167557934,right_knee,0.4538874,0.7771253,-0.14560117,0.45380226085714265,0.7770988348571424,-0.14216603628571423,490.1984,1492.0806,490.1064439999998,1492.0298142857137,0.97267085,False,False
7ae6904d-8782-4caa-8a1f-a9caf51a24c3,130,2.3138146167557934,right_shoulder,0.4645022,0.49735832,-0.13271126,0.4644977599999997,0.4969676599999998,-0.13219831622857137,501.66235,954.928,501.6575628571426,954.1779262857139,0.9989411,False,False
7ae6904d-8782-4caa-8a1f-a9caf51a24c3,130,2.3138146167557934,right_wrist,0.61456525,0.4368584,-0.03988885,0.6148280191428568,0.43751558685714265,-0.049514516971428495,663.73047,838.7681,664.0142614285712,840.0299077142853,0.98824686,False,False
7ae6904d-8782-4caa-8a1f-a9caf51a24c3,131,2.3316131907308377,left_ankle,0.48263532,0.8792542,0.169581,0.48234338057142834,0.8796258039999996,0.17535877028571417,521.24615,1688.1681,520.9308671428569,1688.8815171428564,0.87814474,False,False
7ae6904d-8782-4caa-8a1f-a9caf51a24c3,131,2.3316131907308377,left_elbow,0.6683345,0.523669,0.11604306,0.6687266908571425,0.5223996417142854,0.10704324968571424,721.8013,1005.44446,722.2248537142854,1003.0072959999995,0.63687557,False,False
7ae6904d-8782-4caa-8a1f-a9caf51a24c3,131,2.3316131907308377,left_foot_index,0.54611,0.92051417,0.043976832,0.5457556005714282,0.9206840882857139,0.04789627517142854,589.79877,1767.3872,589.4160317142853,1767.7134114285705,0.8993327,False,False
7ae6904d-8782-4caa-8a1f-a9caf51a24c3,131,2.3316131907308377,left_heel,0.4489028,0.8930615,0.16879463,0.44863758799999975,0.8935916308571424,0.17491491714285706,484.815,1714.6781,484.52858914285696,1715.695982857142,0.8642058,False,False
7ae6904d-8782-4caa-8a1f-a9caf51a24c3,131,2.3316131907308377,left_hip,0.5559369,0.6654927,0.12484837,0.5561267057142854,0.6654588711428568,0.1233904805714285,600.4118,1277.746,600.6168337142853,1277.681045714285,0.9989982,False,False
7ae6904d-8782-4caa-8a1f-a9caf51a24c3,131,2.3316131907308377,left_knee,0.5449646,0.77748924,0.09658726,0.5449695379999997,0.777789514285714,0.09580292199999994,588.56177,1492.7793,588.5670997142854,1493.3558314285706,0.800497,False,False
7ae6904d-8782-4caa-8a1f-a9caf51a24c3,131,2.3316131907308377,left_shoulder,0.57390845,0.51233447,0.2695379,0.5739847117142854,0.512341949428571,0.269930317142857,619.8211,983.6822,619.9034799999997,983.6965339999996,0.9915771,False,False
7ae6904d-8782-4caa-8a1f-a9caf51a24c3,131,2.3316131907308377,left_wrist,0.63376766,0.45109197,-0.12139634,0.6344091928571425,0.4512136285714283,-0.12608381171428565,684.46906,866.0966,685.1619211428567,866.330182571428,0.75029254,False,False
7ae6904d-8782-4caa-8a1f-a9caf51a24c3,131,2.3316131907308377,nose,0.53829175,0.45094237,-0.0813542,0.5382326225714282,0.45096890028571407,-0.08105503965714281,581.3551,865.8093,581.2912497142854,865.8602451428567,0.9993997,False,False
7ae6904d-8782-4caa-8a1f-a9caf51a24c3,131,2.3316131907308377,right_ankle,0.42044744,0.8965124,-0.07706344,0.42039886742857124,0.8965199771428566,-0.08777230368571425,454.08322,1721.3038,454.0307705714284,1721.3183542857134,0.96835214,False,False
7ae6904d-8782-4caa-8a1f-a9caf51a24c3,131,2.3316131907308377,right_elbow,0.5445452,0.5110315,-0.23258008,0.5445392685714282,0.5111901159999998,-0.23979127514285697,588.10876,981.1805,588.1023811428568,981.485033428571,0.99365467,False,False
7ae6904d-8782-4caa-8a1f-a9caf51a24c3,131,2.3316131907308377,right_foot_index,0.4789283,0.9424953,-0.26363313,0.4785563531428569,0.9424878128571423,-0.277888139142857,517.24255,1809.591,516.8408577142854,1809.5766085714276,0.95475227,False,False
7ae6904d-8782-4caa-8a1f-a9caf51a24c3,131,2.3316131907308377,right_heel,0.40204358,0.91299534,-0.08074497,0.4020760699999998,0.9130287985714283,-0.09174093205714282,434.20706,1752.951,434.2421479999998,1753.0152942857133,0.8459011,False,False
7ae6904d-8782-4caa-8a1f-a9caf51a24c3,131,2.3316131907308377,right_hip,0.47429296,0.6558122,-0.12483717,0.47435373228571404,0.6557756359999997,-0.12337889862857136,512.2364,1259.1594,512.302038285714,1259.0892171428563,0.9994089,False,False
7ae6904d-8782-4caa-8a1f-a9caf51a24c3,131,2.3316131907308377,right_knee,0.452488,0.7767394,-0.14614467,0.4526432157142855,0.7767168751428568,-0.15447910542857135,488.68704,1491.3397,488.8546817142855,1491.2964399999994,0.9700646,False,False
7ae6904d-8782-4caa-8a1f-a9caf51a24c3,131,2.3316131907308377,right_shoulder,0.46322197,0.4978839,-0.11043659,0.4628527737142855,0.4982170457142855,-0.10887192679999995,500.27972,955.9371,499.88098142857115,956.576751428571,0.9990076,False,False
7ae6904d-8782-4caa-8a1f-a9caf51a24c3,131,2.3316131907308377,right_wrist,0.6093899,0.4441709,-0.060707092,0.609527268285714,0.44426584057142837,-0.10764118668571418,658.1411,852.8081,658.289460285714,852.9903919999995,0.9880268,False,False
7ae6904d-8782-4caa-8a1f-a9caf51a24c3,132,2.3494117647058825,left_ankle,0.48101506,0.88065106,0.16861603,0.4810670097142854,0.8803285719999996,0.16901328571428564,519.4963,1690.85,519.5524034285712,1690.2308514285708,0.87334347,False,False
7ae6904d-8782-4caa-8a1f-a9caf51a24c3,132,2.3494117647058825,left_elbow,0.6677924,0.52788943,0.05695675,0.6679475171428568,0.5282368831428569,0.07013731908571424,721.21576,1013.5477,721.383301428571,1014.2148177142853,0.66076034,False,False
7ae6904d-8782-4caa-8a1f-a9caf51a24c3,132,2.3494117647058825,left_foot_index,0.5444811,0.9212683,0.039587058,0.5448574799999998,0.9210962482857138,0.0432048742285714,588.0396,1768.8351,588.4460759999997,1768.5048085714275,0.89535517,False,False
7ae6904d-8782-4caa-8a1f-a9caf51a24c3,132,2.3494117647058825,left_heel,0.44763267,0.89508253,0.16761911,0.44775967028571406,0.8946055102857139,0.16807933485714277,483.4433,1718.5585,483.58043942857125,1717.642608571428,0.8615256,False,False
7ae6904d-8782-4caa-8a1f-a9caf51a24c3,132,2.3494117647058825,left_hip,0.555907,0.6656126,0.11616702,0.5556484711428569,0.6657086754285712,0.11847618685714281,600.3796,1277.9762,600.100334285714,1278.1606399999996,0.99891335,False,False
7ae6904d-8782-4caa-8a1f-a9caf51a24c3,132,2.3494117647058825,left_knee,0.54160887,0.77914006,0.09091576,0.5412079911428569,0.779034794285714,0.0949239168571428,584.93756,1495.9489,584.5046265714283,1495.7468199999994,0.7947647,False,False
7ae6904d-8782-4caa-8a1f-a9caf51a24c3,132,2.3494117647058825,left_shoulder,0.57315165,0.51351017,0.26888832,0.5731608497142855,0.5136054465714284,0.26837565428571414,619.0038,985.9395,619.0137085714282,986.1224742857138,0.99222416,False,False
7ae6904d-8782-4caa-8a1f-a9caf51a24c3,132,2.3494117647058825,left_wrist,0.6280111,0.46021858,-0.19849436,0.6281678757142853,0.45975566457142836,-0.17886318842857135,678.252,883.6197,678.4213148571425,882.7309011428567,0.76876223,False,False
7ae6904d-8782-4caa-8a1f-a9caf51a24c3,132,2.3494117647058825,nose,0.5383143,0.45235032,-0.06397486,0.5384474005714283,0.4526707405714283,-0.06631928457142854,581.37946,868.51263,581.5232148571425,869.1278331428567,0.99943537,False,False
7ae6904d-8782-4caa-8a1f-a9caf51a24c3,132,2.3494117647058825,right_ankle,0.41992596,0.89656395,-0.1402768,0.4199305851428569,0.8965744585714281,-0.13324264651428566,453.52002,1721.4028,453.5250154285712,1721.4229685714276,0.9641388,False,False
7ae6904d-8782-4caa-8a1f-a9caf51a24c3,132,2.3494117647058825,right_elbow,0.53662634,0.5199098,-0.27541706,0.536821675142857,0.519349693142857,-0.26785622857142843,579.55646,998.2268,579.7674037142854,997.1513977142853,0.9935176,False,False
7ae6904d-8782-4caa-8a1f-a9caf51a24c3,132,2.3494117647058825,right_foot_index,0.4780105,0.94246,-0.33952728,0.47814333999999975,0.9424639342857138,-0.327660509142857,516.25134,1809.5232,516.3948025714283,1809.5307771428563,0.9497708,False,False
7ae6904d-8782-4caa-8a1f-a9caf51a24c3,132,2.3494117647058825,right_heel,0.40173602,0.913195,-0.14657779,0.40155610142857123,0.9131613965714281,-0.13962917457142854,433.8749,1753.3345,433.68058485714266,1753.2699314285705,0.83381414,False,False
7ae6904d-8782-4caa-8a1f-a9caf51a24c3,132,2.3494117647058825,right_hip,0.47392654,0.65530014,-0.11614489,0.4737554671428569,0.6552749022857141,-0.11846649348571422,511.84067,1258.1763,511.65590599999973,1258.1278371428564,0.9993705,False,False
7ae6904d-8782-4caa-8a1f-a9caf51a24c3,132,2.3494117647058825,right_knee,0.45165896,0.77672946,-0.17778179,0.45147765971428544,0.7767880337142853,-0.17007131085714278,487.7917,1491.3206,487.5958908571426,1491.4330571428561,0.96760434,False,False
7ae6904d-8782-4caa-8a1f-a9caf51a24c3,132,2.3494117647058825,right_shoulder,0.4604651,0.50012696,-0.086978994,0.46100476914285693,0.500092753142857,-0.0905969349428571,497.3023,960.2438,497.8851468571426,960.1781171428566,0.99904937,False,False
7ae6904d-8782-4caa-8a1f-a9caf51a24c3,132,2.3494117647058825,right_wrist,0.6014436,0.4528155,-0.31393012,0.6012608597142854,0.4519903937142855,-0.24974002411428559,649.5591,869.40576,649.3617291428568,867.821535428571,0.9881359,False,False
7ae6904d-8782-4caa-8a1f-a9caf51a24c3,133,2.367210338680927,left_ankle,0.4794456,0.8806607,0.18071665,0.4795417662857141,0.880781435428571,0.18032884428571422,517.8013,1690.8685,517.9051505714283,1691.1002971428563,0.86724734,False,False
7ae6904d-8782-4caa-8a1f-a9caf51a24c3,133,2.367210338680927,left_elbow,0.6672597,0.5319444,0.039823692,0.666612951428571,0.5320732131428568,0.03238249968857141,720.64044,1021.33325,719.9419517142854,1021.580530571428,0.683405,False,False
7ae6904d-8782-4caa-8a1f-a9caf51a24c3,133,2.367210338680927,left_foot_index,0.5441699,0.9212383,0.058172848,0.5439559022857141,0.921304765428571,0.05544337634285712,587.7035,1768.7776,587.4723945714283,1768.905142857142,0.890786,False,False
7ae6904d-8782-4caa-8a1f-a9caf51a24c3,133,2.367210338680927,left_heel,0.4467971,0.8950479,0.18076567,0.4468393674285712,0.8952248965714282,0.18029601485714278,482.54086,1718.492,482.58652514285694,1718.8318314285705,0.8570867,False,False
7ae6904d-8782-4caa-8a1f-a9caf51a24c3,133,2.367210338680927,left_hip,0.5549713,0.66664577,0.11386999,0.5552147011428569,0.6667828597142853,0.11160460599999994,599.36896,1279.9598,599.6318791428569,1280.2230628571422,0.99880373,False,False
7ae6904d-8782-4caa-8a1f-a9caf51a24c3,133,2.367210338680927,left_knee,0.5369273,0.78068954,0.09895463,0.5375158434285712,0.7806818188571425,0.09588652742857139,579.8815,1498.924,580.5171065714283,1498.909102857142,0.7867994,False,False
7ae6904d-8782-4caa-8a1f-a9caf51a24c3,133,2.367210338680927,left_shoulder,0.57248354,0.5148308,0.2608026,0.5722910025714283,0.5146328651428569,0.26004160199999987,618.2822,988.4752,618.0742914285711,988.0951171428567,0.9928116,False,False
7ae6904d-8782-4caa-8a1f-a9caf51a24c3,133,2.367210338680927,left_wrist,0.62450147,0.46815935,-0.20727913,0.6242366625714283,0.4685415979999997,-0.22353964257142847,674.4616,898.86597,674.1756005714282,899.5998857142853,0.78535265,False,False
7ae6904d-8782-4caa-8a1f-a9caf51a24c3,133,2.367210338680927,nose,0.53837216,0.4551818,-0.06263538,0.5384824014285712,0.45501071599999976,-0.061124159142857105,581.44196,873.9491,581.5609991428569,873.6206017142854,0.9994675,False,False
7ae6904d-8782-4caa-8a1f-a9caf51a24c3,133,2.367210338680927,right_ankle,0.41933614,0.8968989,-0.16036223,0.4193284754285712,0.8969748685714282,-0.15679188542857136,452.88303,1722.0459,452.87475342857124,1722.1917599999992,0.9599537,False,False
7ae6904d-8782-4caa-8a1f-a9caf51a24c3,133,2.367210338680927,right_elbow,0.5267585,0.52849764,-0.30051905,0.5261434991428569,0.5293578737142854,-0.30289020714285697,568.8992,1014.71545,568.2350008571426,1016.367121428571,0.99277437,False,False
7ae6904d-8782-4caa-8a1f-a9caf51a24c3,133,2.367210338680927,right_foot_index,0.4776762,0.942563,-0.35599604,0.4776857314285712,0.9426153139999995,-0.3558432748571427,515.8903,1809.721,515.9005968571425,1809.8214142857134,0.94481283,False,False
7ae6904d-8782-4caa-8a1f-a9caf51a24c3,133,2.367210338680927,right_heel,0.40061143,0.91349435,-0.16855897,0.4007669859999998,0.9136027579999996,-0.16445966457142852,432.66034,1753.9092,432.82834514285696,1754.1173485714278,0.82247823,False,False
7ae6904d-8782-4caa-8a1f-a9caf51a24c3,133,2.367210338680927,right_hip,0.4729475,0.6554807,-0.113889106,0.4731695617142855,0.6558253965714282,-0.11160897262857139,510.7833,1258.523,511.02313028571405,1259.1848085714278,0.99931705,False,False
7ae6904d-8782-4caa-8a1f-a9caf51a24c3,133,2.367210338680927,right_knee,0.45003924,0.77784073,-0.17821419,0.4500728408571426,0.7780902751428567,-0.18142311342857131,486.0424,1493.4542,486.0786845714283,1493.9333342857135,0.9650062,False,False
7ae6904d-8782-4caa-8a1f-a9caf51a24c3,133,2.367210338680927,right_shoulder,0.4599654,0.50271535,-0.08263418,0.45981058457142837,0.5026528128571426,-0.08139012851428568,496.76263,965.2135,496.59542285714264,965.0934194285709,0.99907166,False,False
7ae6904d-8782-4caa-8a1f-a9caf51a24c3,133,2.367210338680927,right_wrist,0.58788997,0.46229064,-0.34220532,0.5864957911428568,0.46457285657142827,-0.3807589961142855,634.92114,887.598,633.4154365714282,891.9798882857139,0.9875061,False,False
7ae6904d-8782-4caa-8a1f-a9caf51a24c3,134,2.3850089126559717,left_ankle,0.47868606,0.8806593,0.18438652,0.47866825885714265,0.8806016931428567,0.17883654314285707,516.98096,1690.8658,516.9617377142854,1690.755219999999,0.86118215,False,False
7ae6904d-8782-4caa-8a1f-a9caf51a24c3,134,2.3850089126559717,left_elbow,0.6643501,0.5371147,0.008466712,0.6650851771428569,0.537099800285714,0.011817914645714276,717.4981,1031.2601,718.2919839999996,1031.231548571428,0.69961065,False,False
7ae6904d-8782-4caa-8a1f-a9caf51a24c3,134,2.3850089126559717,left_foot_index,0.54353684,0.9212042,0.058949996,0.5436626737142854,0.9211709599999995,0.05428777828571426,587.0198,1768.712,587.1556777142854,1768.6482542857134,0.8865781,False,False
7ae6904d-8782-4caa-8a1f-a9caf51a24c3,134,2.3850089126559717,left_heel,0.44648784,0.8950178,0.18540995,0.4464515682857141,0.8950035354285709,0.17978582942857133,482.20688,1718.4342,482.1676948571426,1718.4068314285705,0.85036904,False,False
7ae6904d-8782-4caa-8a1f-a9caf51a24c3,134,2.3850089126559717,left_hip,0.55499387,0.66817135,0.10401608,0.5548930477142854,0.6678343025714283,0.10522597571428566,599.3934,1282.889,599.2844897142854,1282.2418142857136,0.99857146,False,False
7ae6904d-8782-4caa-8a1f-a9caf51a24c3,134,2.3850089126559717,left_knee,0.5353461,0.7817752,0.08863907,0.5351479362857141,0.7816946054285712,0.0863621231428571,578.17377,1501.0083,577.959765428571,1500.8536285714276,0.7832945,False,False
7ae6904d-8782-4caa-8a1f-a9caf51a24c3,134,2.3850089126559717,left_shoulder,0.57183063,0.5148936,0.2467048,0.572239198285714,0.5149337639999998,0.2464173374285713,617.5771,988.5957,618.0183168571425,988.6728428571424,0.9932466,False,False
7ae6904d-8782-4caa-8a1f-a9caf51a24c3,134,2.3850089126559717,left_wrist,0.621022,0.47830534,-0.25811794,0.6210198802857139,0.47814162399999977,-0.24530282885714272,670.70374,918.34625,670.7014599999998,918.0319159999997,0.7983477,False,False
7ae6904d-8782-4caa-8a1f-a9caf51a24c3,134,2.3850089126559717,nose,0.5367935,0.45727152,-0.066817,0.5357559397142855,0.45720918171428543,-0.06983239942857139,579.73694,877.9613,578.6164005714284,877.8416231428569,0.9994679,False,False
7ae6904d-8782-4caa-8a1f-a9caf51a24c3,134,2.3850089126559717,right_ankle,0.41887045,0.8974627,-0.13502231,0.4189336059999998,0.8972808357142853,-0.13583160028571423,452.3801,1723.1284,452.4483028571426,1722.7792342857135,0.9547509,False,False
7ae6904d-8782-4caa-8a1f-a9caf51a24c3,134,2.3850089126559717,right_elbow,0.51178515,0.5416669,-0.32005718,0.5115237505714283,0.5414155308571426,-0.319401889142857,552.72797,1040.0005,552.4456605714283,1039.517834285714,0.9921559,False,False
7ae6904d-8782-4caa-8a1f-a9caf51a24c3,134,2.3850089126559717,right_foot_index,0.47772595,0.94288725,-0.33279216,0.47770695142857117,0.9428172419999995,-0.32963573999999984,515.94403,1810.3435,515.9234997142855,1810.2090999999991,0.9392239,False,False
7ae6904d-8782-4caa-8a1f-a9caf51a24c3,134,2.3850089126559717,right_heel,0.4001966,0.91411465,-0.14143866,0.40020840628571414,0.9139410039999996,-0.14244574885714278,432.21234,1755.1001,432.2250899999998,1754.766722857142,0.80882037,False,False
7ae6904d-8782-4caa-8a1f-a9caf51a24c3,134,2.3850089126559717,right_hip,0.47283208,0.6572665,-0.10401945,0.47272337885714266,0.6568311657142853,-0.1052371623428571,510.65866,1261.9517,510.541268285714,1261.115865714285,0.99920243,False,False
7ae6904d-8782-4caa-8a1f-a9caf51a24c3,134,2.3850089126559717,right_knee,0.44838297,0.7801351,-0.17509912,0.4483534277142855,0.7797264339999996,-0.17144598142857134,484.2536,1497.8594,484.2216997142855,1497.0747714285708,0.96252203,False,False
7ae6904d-8782-4caa-8a1f-a9caf51a24c3,134,2.3850089126559717,right_shoulder,0.45916054,0.504676,-0.075488545,0.4594218297142855,0.5043830594285712,-0.0753538939428571,495.89337,968.9779,496.1755722857141,968.4154677142852,0.99908745,False,False
7ae6904d-8782-4caa-8a1f-a9caf51a24c3,134,2.3850089126559717,right_wrist,0.5680246,0.481721,-0.43706453,0.5695344039999997,0.47962372228571404,-0.41694871914285697,613.46655,924.90436,615.0971494285711,920.8775525714282,0.987286,False,False
7ae6904d-8782-4caa-8a1f-a9caf51a24c3,135,2.402807486631016,left_ankle,0.47837362,0.88061446,0.1626537,0.47836550371428554,0.8807782925714281,0.1636429362857142,516.6435,1690.7798,516.6347434285711,1691.0943371428566,0.85553783,False,False
7ae6904d-8782-4caa-8a1f-a9caf51a24c3,135,2.402807486631016,left_elbow,0.6642227,0.5431783,-0.0064774537,0.6640886428571425,0.543143577142857,-0.004478315739999999,717.36053,1042.9023,717.2157311428568,1042.835601428571,0.7178277,False,False
7ae6904d-8782-4caa-8a1f-a9caf51a24c3,135,2.402807486631016,left_foot_index,0.543439,0.9211706,0.032978132,0.5433910308571426,0.9212759428571423,0.03292666897142854,586.91406,1768.6476,586.862278285714,1768.8498085714277,0.88238686,False,False
7ae6904d-8782-4caa-8a1f-a9caf51a24c3,135,2.402807486631016,left_heel,0.44630352,0.89498746,0.1642069,0.4462643485714284,0.8951068051428566,0.16468177342857132,482.0078,1718.376,481.96550342857114,1718.6051142857134,0.8427374,False,False
7ae6904d-8782-4caa-8a1f-a9caf51a24c3,135,2.402807486631016,left_hip,0.5549991,0.6681691,0.09909357,0.5550469319999997,0.6683282054285711,0.09957315599999995,599.39905,1282.8846,599.450708285714,1283.1901199999993,0.9983201,False,False
7ae6904d-8782-4caa-8a1f-a9caf51a24c3,135,2.402807486631016,left_knee,0.53442514,0.78212464,0.06369881,0.534432410285714,0.7821010548571425,0.06633078602857138,577.17914,1501.6793,577.186992285714,1501.6339828571422,0.78111285,False,False
7ae6904d-8782-4caa-8a1f-a9caf51a24c3,135,2.402807486631016,left_shoulder,0.5733657,0.51460505,0.23689729,0.5728245068571425,0.5146425071428569,0.24178706714285703,619.2349,988.0417,618.6504417142855,988.1136228571424,0.99369276,False,False
7ae6904d-8782-4caa-8a1f-a9caf51a24c3,135,2.402807486631016,left_wrist,0.61844534,0.48958805,-0.2716721,0.6188335545714283,0.49020508485714265,-0.2800417639999998,667.92096,940.00903,668.3402314285712,941.1937325714281,0.8117922,False,False
7ae6904d-8782-4caa-8a1f-a9caf51a24c3,135,2.402807486631016,nose,0.53062034,0.45845017,-0.08363187,0.5316401325714284,0.4585601997142855,-0.07708438199999995,573.06995,880.2243,574.1713057142854,880.4355685714282,0.99942285,False,False
7ae6904d-8782-4caa-8a1f-a9caf51a24c3,135,2.402807486631016,right_ankle,0.41881078,0.8973145,-0.10361364,0.4187577339999998,0.8974251742857138,-0.11200322965714282,452.31564,1722.8439,452.2583502857141,1723.0563771428563,0.94910365,False,False
7ae6904d-8782-4caa-8a1f-a9caf51a24c3,135,2.402807486631016,right_elbow,0.49572477,0.5542534,-0.31853908,0.49644805114285695,0.5538732339999997,-0.3118746142857141,535.38275,1064.1665,536.1638899999998,1063.4365957142854,0.9917043,False,False
7ae6904d-8782-4caa-8a1f-a9caf51a24c3,135,2.402807486631016,right_foot_index,0.4778491,0.94290537,-0.29145065,0.47784019257142835,0.9429027934285709,-0.30348798457142845,516.077,1810.3783,516.0674017142856,1810.3733714285706,0.9333308,False,False
7ae6904d-8782-4caa-8a1f-a9caf51a24c3,135,2.402807486631016,right_heel,0.4002035,0.9140124,-0.10779224,0.40016161228571406,0.9141060942857139,-0.11651066719999995,432.2198,1754.9038,432.17455571428553,1755.083662857142,0.79319435,False,False
7ae6904d-8782-4caa-8a1f-a9caf51a24c3,135,2.402807486631016,right_hip,0.4724658,0.6575487,-0.09908711,0.47247422914285686,0.657641626285714,-0.09956293262857137,510.2631,1262.4935,510.27218571428546,1262.671905714285,0.99903476,False,False
7ae6904d-8782-4caa-8a1f-a9caf51a24c3,135,2.402807486631016,right_knee,0.44705227,0.7807631,-0.15865639,0.44719410657142833,0.7808550619999997,-0.1640983985714285,482.81644,1499.0652,482.9696251428569,1499.2417371428567,0.95959103,False,False
7ae6904d-8782-4caa-8a1f-a9caf51a24c3,135,2.402807486631016,right_shoulder,0.45729437,0.50576544,-0.05814242,0.4562617425714283,0.5063388059999997,-0.05274358999999997,493.87793,971.06964,492.76268514285687,972.1705002857138,0.9991008,False,False
7ae6904d-8782-4caa-8a1f-a9caf51a24c3,135,2.402807486631016,right_wrist,0.5574085,0.4936054,-0.4402467,0.5577086054285711,0.49432795085714265,-0.43929594171428554,602.0012,947.72235,602.325282285714,949.1096614285709,0.9874457,False,False
7ae6904d-8782-4caa-8a1f-a9caf51a24c3,136,2.4206060606060604,left_ankle,0.47835314,0.88116586,0.16329598,0.47834646971428546,0.8809818297142853,0.1718132259999999,516.6214,1691.8385,516.614186285714,1691.4851771428564,0.85010344,False,False
7ae6904d-8782-4caa-8a1f-a9caf51a24c3,136,2.4206060606060604,left_elbow,0.6634607,0.550087,-0.013469433,0.663693486285714,0.5502347834285712,-0.020499277182857132,716.53754,1056.167,716.7889845714283,1056.4507314285706,0.7308782,False,False
7ae6904d-8782-4caa-8a1f-a9caf51a24c3,136,2.4206060606060604,left_foot_index,0.5432654,0.9215299,0.025709426,0.5432989537142854,0.9214138171428566,0.03650219994285711,586.7266,1769.3374,586.7628211428569,1769.1145257142848,0.877778,False,False
7ae6904d-8782-4caa-8a1f-a9caf51a24c3,136,2.4206060606060604,left_heel,0.44626594,0.89511853,0.16542621,0.4463535382857141,0.8948408637142853,0.17548855028571417,481.96722,1718.6276,482.06181685714256,1718.094499999999,0.83408254,False,False
7ae6904d-8782-4caa-8a1f-a9caf51a24c3,136,2.4206060606060604,left_hip,0.55518764,0.668551,0.09747529,0.5550900362857141,0.6685945599999996,0.0959966011428571,599.60266,1283.6179,599.4972579999996,1283.7015314285707,0.9980366,False,False
7ae6904d-8782-4caa-8a1f-a9caf51a24c3,136,2.4206060606060604,left_knee,0.5340362,0.78240573,0.05442796,0.5339960308571425,0.7826026997142853,0.055740775599999966,576.7591,1502.219,576.7157122857141,1502.5971885714278,0.77998877,False,False
7ae6904d-8782-4caa-8a1f-a9caf51a24c3,136,2.4206060606060604,left_shoulder,0.5744949,0.51440305,0.24503617,0.5752053291428568,0.5144228928571426,0.23904080199999989,620.45447,987.6539,621.2217259999998,987.6919699999995,0.99403864,False,False
7ae6904d-8782-4caa-8a1f-a9caf51a24c3,136,2.4206060606060604,left_wrist,0.61766887,0.502849,-0.31811255,0.616983733428571,0.5016778205714283,-0.31707644428571413,667.0824,965.47003,666.342454285714,963.2213757142853,0.82089967,False,False
7ae6904d-8782-4caa-8a1f-a9caf51a24c3,136,2.4206060606060604,nose,0.52899957,0.45927572,-0.08501248,0.5288989619999998,0.4591197414285712,-0.0910376388571428,571.3195,881.8094,571.2108657142853,881.5098971428566,0.9993341,False,False
7ae6904d-8782-4caa-8a1f-a9caf51a24c3,136,2.4206060606060604,right_ankle,0.4187022,0.8976352,-0.0960511,0.4187268608571426,0.8976963691428566,-0.08127965885714282,452.19836,1723.4596,452.2250017142855,1723.5770371428562,0.9439746,False,False
7ae6904d-8782-4caa-8a1f-a9caf51a24c3,136,2.4206060606060604,right_elbow,0.4856455,0.5640256,-0.28811744,0.4856214871428569,0.5641067902857141,-0.298597711142857,524.49713,1082.9291,524.4712057142855,1083.0849971428565,0.9910281,False,False
7ae6904d-8782-4caa-8a1f-a9caf51a24c3,136,2.4206060606060604,right_foot_index,0.47795665,0.94290674,-0.29033142,0.4779873237142855,0.943013933428571,-0.2754316079999999,516.1932,1810.381,516.2263088571426,1810.5867657142849,0.92730397,False,False
7ae6904d-8782-4caa-8a1f-a9caf51a24c3,136,2.4206060606060604,right_heel,0.40020636,0.91416997,-0.09844572,0.4002141548571427,0.9141783357142853,-0.08290970151428567,432.22287,1755.2063,432.2312939999998,1755.2224142857135,0.7760824,False,False
7ae6904d-8782-4caa-8a1f-a9caf51a24c3,136,2.4206060606060604,right_hip,0.47200236,0.65829736,-0.09743663,0.4719645805714283,0.6585915125714283,-0.09595829599999996,509.76254,1263.9309,509.7217571428569,1264.4957142857136,0.9988241,False,False
7ae6904d-8782-4caa-8a1f-a9caf51a24c3,136,2.4206060606060604,right_knee,0.44675392,0.78164303,-0.16172576,0.44669686085714266,0.7818988288571425,-0.15469168314285708,482.49423,1500.7546,482.43259799999976,1501.2457771428562,0.957008,False,False
7ae6904d-8782-4caa-8a1f-a9caf51a24c3,136,2.4206060606060604,right_shoulder,0.45056236,0.50915784,-0.024767065,0.4516459891428569,0.5087430617142854,-0.032414614599999975,486.60736,977.58307,487.7776848571426,976.7866917142852,0.9990992,False,False
7ae6904d-8782-4caa-8a1f-a9caf51a24c3,136,2.4206060606060604,right_wrist,0.5539883,0.5049109,-0.42817524,0.5532421914285711,0.5047443057142855,-0.44950196485714267,598.3073,969.4289,597.5015299999998,969.1090537142852,0.987229,False,False
7ae6904d-8782-4caa-8a1f-a9caf51a24c3,137,2.438404634581105,left_ankle,0.47856417,0.8810418,0.22255006,0.47862076371428547,0.8811102068571424,0.21568518057142846,516.8493,1691.6003,516.9104228571426,1691.7316057142848,0.8453699,False,False
7ae6904d-8782-4caa-8a1f-a9caf51a24c3,137,2.438404634581105,left_elbow,0.6602113,0.5581977,-0.04429313,0.6587664862857139,0.5580877148571426,-0.0382069818542857,713.02826,1071.7395,711.4678151428568,1071.528368571428,0.73929685,False,False
7ae6904d-8782-4caa-8a1f-a9caf51a24c3,137,2.438404634581105,left_foot_index,0.5429647,0.9214455,0.08319645,0.5428462805714284,0.9215072828571423,0.07221215845714282,586.40186,1769.1753,586.2739948571425,1769.2939457142847,0.87384367,False,False
7ae6904d-8782-4caa-8a1f-a9caf51a24c3,137,2.438404634581105,left_heel,0.4468539,0.8941803,0.23179738,0.4467605477142855,0.8943941828571425,0.22346075457142844,482.6022,1716.8262,482.5013931428569,1717.2368485714278,0.82455695,False,False
7ae6904d-8782-4caa-8a1f-a9caf51a24c3,137,2.438404634581105,left_hip,0.5552021,0.6693728,0.0919389,0.5553614874285712,0.6693355691428569,0.09318688542857138,599.6183,1285.1958,599.7904322857139,1285.1242885714278,0.9976932,False,False
7ae6904d-8782-4caa-8a1f-a9caf51a24c3,137,2.438404634581105,left_knee,0.53396624,0.7835615,0.060414243,0.5340766408571426,0.7833528225714281,0.05647052974285711,576.68353,1504.4381,576.8027611428568,1504.0374542857135,0.78061026,False,False
7ae6904d-8782-4caa-8a1f-a9caf51a24c3,137,2.438404634581105,left_shoulder,0.5789383,0.5142885,0.22773014,0.578602730285714,0.514225864285714,0.22963191114285703,625.25336,987.4339,624.8909274285711,987.313668571428,0.99426764,False,False
7ae6904d-8782-4caa-8a1f-a9caf51a24c3,137,2.438404634581105,left_wrist,0.6150608,0.51173097,-0.36996415,0.6156019091428567,0.5133473725714284,-0.37163730057142835,664.2657,982.52344,664.8500828571425,985.6269228571423,0.82762724,False,False
7ae6904d-8782-4caa-8a1f-a9caf51a24c3,137,2.438404634581105,nose,0.5291805,0.45902246,-0.11927868,0.5290746805714284,0.4591086122857141,-0.12027894599999993,571.51495,881.3231,571.4006319999997,881.4885285714281,0.99921334,False,False
7ae6904d-8782-4caa-8a1f-a9caf51a24c3,137,2.438404634581105,right_ankle,0.41870865,0.8983145,-0.044371024,0.4186516637142855,0.8982309748571424,-0.06452781571428569,452.20535,1724.7638,452.143800285714,1724.6034714285702,0.94127804,False,False
7ae6904d-8782-4caa-8a1f-a9caf51a24c3,137,2.438404634581105,right_elbow,0.4801772,0.57318723,-0.29869705,0.48066250999999977,0.5736816574285712,-0.2919628574285713,518.5914,1100.5195,519.1155299999998,1101.468811428571,0.99045634,False,False
7ae6904d-8782-4caa-8a1f-a9caf51a24c3,137,2.438404634581105,right_foot_index,0.47806352,0.9432108,-0.24735881,0.4780137294285712,0.9430841562857138,-0.2645997577142856,516.3086,1810.9647,516.2548314285712,1810.7215885714277,0.9234069,False,False
7ae6904d-8782-4caa-8a1f-a9caf51a24c3,137,2.438404634581105,right_heel,0.4002681,0.91447663,-0.042510126,0.40021974171428554,0.9144795828571424,-0.06379440634285712,432.28955,1755.7952,432.2373234285712,1755.8007885714278,0.76234937,False,False
7ae6904d-8782-4caa-8a1f-a9caf51a24c3,137,2.438404634581105,right_hip,0.47149712,0.6603984,-0.09186129,0.471613002285714,0.6600497897142854,-0.0931077651428571,509.2169,1267.965,509.34204371428547,1267.2956142857138,0.99860066,False,False
7ae6904d-8782-4caa-8a1f-a9caf51a24c3,137,2.438404634581105,right_knee,0.44653994,0.7836203,-0.15365689,0.4464726465714284,0.7833162619999996,-0.1658770162857142,482.26312,1504.551,482.19045657142834,1503.9671828571418,0.956221,False,False
7ae6904d-8782-4caa-8a1f-a9caf51a24c3,137,2.438404634581105,right_shoulder,0.4472073,0.5113381,-0.03252009,0.44652907371428546,0.5115284131428569,-0.031005854314285698,482.9839,981.76917,482.2514071428569,982.1345717142852,0.9990855,False,False
7ae6904d-8782-4caa-8a1f-a9caf51a24c3,137,2.438404634581105,right_wrist,0.5522094,0.5141748,-0.48836574,0.5530998051428568,0.5142216771428569,-0.4624174105714284,596.3861,987.21564,597.3477285714284,987.3056142857138,0.98699915,False,False
7ae6904d-8782-4caa-8a1f-a9caf51a24c3,138,2.4562032085561496,left_ankle,0.47902408,0.8811176,0.27728477,0.47890484628571406,0.8811096148571425,0.2852669762857142,517.346,1691.7457,517.2172357142854,1691.7304085714277,0.8438353,False,False
7ae6904d-8782-4caa-8a1f-a9caf51a24c3,138,2.4562032085561496,left_elbow,0.64990586,0.56614316,-0.0487176,0.6515729034285711,0.5664272505714283,-0.05174273459999998,701.8983,1086.9949,703.6987405714282,1087.540325714285,0.74436116,False,False
7ae6904d-8782-4caa-8a1f-a9caf51a24c3,138,2.4562032085561496,left_foot_index,0.5420941,0.9214351,0.12557608,0.5421520068571425,0.9213959577142853,0.13811893377142853,585.4617,1769.1554,585.524194285714,1769.080245714285,0.8726231,False,False
7ae6904d-8782-4caa-8a1f-a9caf51a24c3,138,2.4562032085561496,left_heel,0.44752422,0.8941815,0.28865594,0.44767982485714264,0.8941595794285709,0.2974644474285713,483.32617,1716.8285,483.4942059999998,1716.7864142857134,0.8182608,False,False
7ae6904d-8782-4caa-8a1f-a9caf51a24c3,138,2.4562032085561496,left_hip,0.5558238,0.67018205,0.09251343,0.5556864059999997,0.6702518848571425,0.09231999171428566,600.28973,1286.7495,600.1413431428568,1286.8836257142852,0.9974274,False,False
7ae6904d-8782-4caa-8a1f-a9caf51a24c3,138,2.4562032085561496,left_knee,0.53447086,0.784237,0.0659292,0.5344338914285711,0.7844742202857139,0.07272827674285709,577.2285,1505.7351,577.1885845714282,1506.1905171428564,0.7827431,False,False
7ae6904d-8782-4caa-8a1f-a9caf51a24c3,138,2.4562032085561496,left_shoulder,0.58212763,0.5140308,0.21153386,0.5819279602857139,0.5140524299999998,0.21167739371428557,628.6978,986.93915,628.4821917142854,986.980661428571,0.994541,False,False
7ae6904d-8782-4caa-8a1f-a9caf51a24c3,138,2.4562032085561496,left_wrist,0.6149826,0.5235405,-0.41183966,0.6148293488571426,0.5219646925714283,-0.4082995022857141,664.1812,1005.19775,664.0157079999998,1002.1722131428568,0.832634,False,False
7ae6904d-8782-4caa-8a1f-a9caf51a24c3,138,2.4562032085561496,nose,0.5295862,0.45878443,-0.1644568,0.5295491739999998,0.45878305342857123,-0.1610723722857142,571.95306,880.8661,571.9131205714283,880.8634599999996,0.99912465,False,False
7ae6904d-8782-4caa-8a1f-a9caf51a24c3,138,2.4562032085561496,right_ankle,0.41870636,0.89852846,-0.052943226,0.4188428462857141,0.8985139314285709,-0.03027611965714284,452.20288,1725.1747,452.3502777142855,1725.1467571428564,0.9405685,False,False
7ae6904d-8782-4caa-8a1f-a9caf51a24c3,138,2.4562032085561496,right_elbow,0.47822988,0.5829948,-0.29791287,0.47752529142857114,0.5822820471428569,-0.302572955142857,516.4883,1119.3501,515.7273345714284,1117.9815599999995,0.9901952,False,False
7ae6904d-8782-4caa-8a1f-a9caf51a24c3,138,2.4562032085561496,right_foot_index,0.47782677,0.9428864,-0.2542883,0.47782307657142836,0.9429009251428566,-0.2357037259999999,516.0529,1810.3419,516.0489142857141,1810.3697657142848,0.9226407,False,False
7ae6904d-8782-4caa-8a1f-a9caf51a24c3,138,2.4562032085561496,right_heel,0.4003607,0.91472405,-0.050350033,0.40051174742857126,0.9146728657142853,-0.02638779194285713,432.38956,1756.2701,432.5526819999998,1756.1719142857137,0.754553,False,False
7ae6904d-8782-4caa-8a1f-a9caf51a24c3,138,2.4562032085561496,right_hip,0.4714462,0.66130596,-0.0924016,0.47129526228571406,0.6615773725714282,-0.09220697371428567,509.1619,1269.7074,508.99888514285686,1270.2285342857135,0.99842113,False,False
7ae6904d-8782-4caa-8a1f-a9caf51a24c3,138,2.4562032085561496,right_knee,0.44612804,0.784556,-0.18586367,0.44618089828571406,0.7847892019999997,-0.1728063062857142,481.8183,1506.3474,481.8753728571426,1506.7952142857134,0.95683074,False,False
7ae6904d-8782-4caa-8a1f-a9caf51a24c3,138,2.4562032085561496,right_shoulder,0.44282964,0.5136302,-0.049337693,0.44320296685714267,0.5134569594285712,-0.04855634325714284,478.256,986.17,478.6592017142855,985.8373822857138,0.99909884,False,False
7ae6904d-8782-4caa-8a1f-a9caf51a24c3,138,2.4562032085561496,right_wrist,0.5552218,0.521878,-0.459522,0.5544846648571425,0.5214027828571426,-0.4775078177142855,599.6395,1002.00574,598.8433908571426,1001.0933542857138,0.98703355,False,False
7ae6904d-8782-4caa-8a1f-a9caf51a24c3,139,2.4740017825311944,left_ankle,0.47908998,0.8814705,0.3444592,0.47917990028571406,0.881593491428571,0.3311027439999999,517.4172,1692.4233,517.5143057142855,1692.6594342857134,0.84180933,False,False
7ae6904d-8782-4caa-8a1f-a9caf51a24c3,139,2.4740017825311944,left_elbow,0.6448319,0.5738393,-0.04751696,0.6439874634285712,0.5732649234285712,-0.04358444539999998,696.41846,1101.7715,695.5064668571425,1100.6686999999997,0.7550918,False,False
7ae6904d-8782-4caa-8a1f-a9caf51a24c3,139,2.4740017825311944,left_foot_index,0.54159236,0.9212956,0.20113526,0.5416837511428568,0.921368713428571,0.18716521914285708,584.91974,1768.8876,585.0184828571425,1769.0279399999993,0.8716102,False,False
7ae6904d-8782-4caa-8a1f-a9caf51a24c3,139,2.4740017825311944,left_heel,0.44882283,0.89463556,0.35859805,0.4486146522857141,0.8946953491428568,0.3445670765714284,484.72864,1717.7003,484.5038251428569,1717.815105714285,0.8123511,False,False
7ae6904d-8782-4caa-8a1f-a9caf51a24c3,139,2.4740017825311944,left_hip,0.55597454,0.67096066,0.09466808,0.5560361051428568,0.6708129091428567,0.09447928228571424,600.4525,1288.2445,600.5189868571426,1287.9607771428566,0.9973852,False,False
7ae6904d-8782-4caa-8a1f-a9caf51a24c3,139,2.4740017825311944,left_knee,0.53451765,0.78551185,0.10125436,0.534297453428571,0.7852970217142853,0.09563349631428567,577.27905,1508.1827,577.0412194285711,1507.770285714285,0.782533,False,False
7ae6904d-8782-4caa-8a1f-a9caf51a24c3,139,2.4740017825311944,left_shoulder,0.5834096,0.5141301,0.20081466,0.5834691388571426,0.5141494457142856,0.20242676742857132,630.0824,987.1298,630.1466634285711,987.1669571428566,0.9949305,False,False
7ae6904d-8782-4caa-8a1f-a9caf51a24c3,139,2.4740017825311944,left_wrist,0.6154828,0.5267261,-0.40883175,0.6155842419999997,0.5267600625714283,-0.403423457142857,664.72144,1011.31415,664.8309879999997,1011.3793442857138,0.84288025,False,False
7ae6904d-8782-4caa-8a1f-a9caf51a24c3,139,2.4740017825311944,nose,0.5298743,0.45865056,-0.1869034,0.5298747371428569,0.45869726828571405,-0.18426471228571417,572.2643,880.6091,572.2647105714283,880.6987657142852,0.99912703,False,False
7ae6904d-8782-4caa-8a1f-a9caf51a24c3,139,2.4740017825311944,right_ankle,0.4192364,0.8984276,0.00902505,0.41907376057142837,0.8984605399999995,-0.008800690371428565,452.7753,1724.981,452.5996671428569,1725.0442914285707,0.93890744,False,False
7ae6904d-8782-4caa-8a1f-a9caf51a24c3,139,2.4740017825311944,right_elbow,0.4730516,0.5889365,-0.31196544,0.4731158574285712,0.589545264285714,-0.3092400539999999,510.89572,1130.758,510.96513399999975,1131.9268771428567,0.989559,False,False
7ae6904d-8782-4caa-8a1f-a9caf51a24c3,139,2.4740017825311944,right_foot_index,0.47748435,0.9424799,-0.20173098,0.4775063751428569,0.9425478028571425,-0.2147956199999999,515.6831,1809.5614,515.7068891428569,1809.6917714285705,0.92140096,False,False
7ae6904d-8782-4caa-8a1f-a9caf51a24c3,139,2.4740017825311944,right_heel,0.40102032,0.91466945,0.015986588,0.4008354685714284,0.9147048499999996,-0.002878296228571423,433.10193,1756.1654,432.9023091428569,1756.2332942857133,0.74560124,False,False
7ae6904d-8782-4caa-8a1f-a9caf51a24c3,139,2.4740017825311944,right_hip,0.47099376,0.6625413,-0.09455586,0.47111785885714264,0.6622684277142854,-0.0943807971428571,508.67325,1272.0792,508.8072848571426,1271.5552885714278,0.99833566,False,False
7ae6904d-8782-4caa-8a1f-a9caf51a24c3,139,2.4740017825311944,right_knee,0.44602102,0.78585833,-0.16719185,0.44607197542857124,0.785675154285714,-0.17323234399999993,481.7027,1508.848,481.7577397142855,1508.4962885714278,0.9566255,False,False
7ae6904d-8782-4caa-8a1f-a9caf51a24c3,139,2.4740017825311944,right_shoulder,0.44094247,0.5151378,-0.060822155,0.44107578485714266,0.5153712085714284,-0.05872819511428568,476.21786,989.0646,476.36183428571405,989.5127339999996,0.9991204,False,False
7ae6904d-8782-4caa-8a1f-a9caf51a24c3,139,2.4740017825311944,right_wrist,0.55578744,0.5279545,-0.48307833,0.555941416285714,0.5297072928571426,-0.47826793971428544,600.2504,1013.67267,600.4167079999997,1017.0380014285709,0.9868556,False,False
7ae6904d-8782-4caa-8a1f-a9caf51a24c3,140,2.4918003565062388,left_ankle,0.47951004,0.8822709,0.3479067,0.47950909885714266,0.8820945599999995,0.35694058199999984,517.87085,1693.9601,517.8698274285712,1693.6215114285703,0.8370435,False,False
7ae6904d-8782-4caa-8a1f-a9caf51a24c3,140,2.4918003565062388,left_elbow,0.6378281,0.57788765,-0.02617209,0.6381289005714282,0.5781910391428569,-0.02934843248571427,688.8544,1109.5443,689.179243428571,1110.1268057142852,0.7607998,False,False
7ae6904d-8782-4caa-8a1f-a9caf51a24c3,140,2.4918003565062388,left_foot_index,0.54172266,0.92128056,0.21182764,0.5416355271428569,0.9211506805714281,0.2172471785714285,585.0605,1768.8586,584.9663711428568,1768.609265714285,0.8687966,False,False
7ae6904d-8782-4caa-8a1f-a9caf51a24c3,140,2.4918003565062388,left_heel,0.44948027,0.89531165,0.36145395,0.4497079734285712,0.8951711788571424,0.37077769285714274,485.4387,1718.9984,485.68460828571403,1718.7286571428563,0.8039261,False,False
7ae6904d-8782-4caa-8a1f-a9caf51a24c3,140,2.4918003565062388,left_hip,0.55617905,0.6708758,0.09612883,0.5561637894285711,0.6710094962857139,0.09563402079999997,600.67334,1288.0815,600.6568708571426,1288.3382228571422,0.9972991,False,False
7ae6904d-8782-4caa-8a1f-a9caf51a24c3,140,2.4918003565062388,left_knee,0.5335055,0.7856981,0.11734869,0.5338026319999998,0.7857416017142853,0.11940979628571423,576.1859,1508.5404,576.5068262857139,1508.6239028571422,0.77774674,False,False
7ae6904d-8782-4caa-8a1f-a9caf51a24c3,140,2.4918003565062388,left_shoulder,0.5844604,0.5148342,0.19826531,0.5847823745714282,0.514923545142857,0.19465692285714276,631.2172,988.4817,631.5649514285712,988.6532305714281,0.99527055,False,False
7ae6904d-8782-4caa-8a1f-a9caf51a24c3,140,2.4918003565062388,left_wrist,0.61639786,0.5281207,-0.36733493,0.6161780637142854,0.5289867485714284,-0.3741305059999998,665.7097,1013.99176,665.4723151428568,1015.6545734285709,0.8518885,False,False
7ae6904d-8782-4caa-8a1f-a9caf51a24c3,140,2.4918003565062388,nose,0.5301344,0.45872584,-0.19246003,0.530109469142857,0.4586607219999998,-0.1990797279999999,572.5451,880.7536,572.5182294285712,880.6285745714282,0.9991283,False,False
7ae6904d-8782-4caa-8a1f-a9caf51a24c3,140,2.4918003565062388,right_ankle,0.4192475,0.89833194,0.007876986,0.4193773091428569,0.8983063799999995,0.015463383257142856,452.78732,1724.7974,452.9274911428569,1724.7482771428563,0.936987,False,False
7ae6904d-8782-4caa-8a1f-a9caf51a24c3,140,2.4918003565062388,right_elbow,0.46611062,0.59481597,-0.31268764,0.4657086799999997,0.5944706854285711,-0.31175874485714267,503.39948,1142.0466,502.9653731428569,1141.3836428571421,0.9889015,False,False
7ae6904d-8782-4caa-8a1f-a9caf51a24c3,140,2.4918003565062388,right_foot_index,0.4773173,0.9423682,-0.19711797,0.47729164399999974,0.9422981062857139,-0.19398484285714276,515.5027,1809.3469,515.4749834285711,1809.2123285714279,0.91960263,False,False
7ae6904d-8782-4caa-8a1f-a9caf51a24c3,140,2.4918003565062388,right_heel,0.4010209,0.9146672,0.014892287,0.40114503999999984,0.9146274011428567,0.02276787011428571,433.1026,1756.161,433.2366519999998,1756.0846457142848,0.73759234,False,False
7ae6904d-8782-4caa-8a1f-a9caf51a24c3,140,2.4918003565062388,right_hip,0.4710449,0.6624592,-0.09609301,0.4709955277142855,0.6626313948571425,-0.0955899588571428,508.7285,1271.9216,508.67517371428545,1272.252225714285,0.9982272,False,False
7ae6904d-8782-4caa-8a1f-a9caf51a24c3,140,2.4918003565062388,right_knee,0.446105,0.7862148,-0.15882309,0.4459806834285712,0.7863074271428567,-0.15791849571428565,481.7934,1509.5325,481.65913714285693,1509.7102971428565,0.95622176,False,False
7ae6904d-8782-4caa-8a1f-a9caf51a24c3,140,2.4918003565062388,right_shoulder,0.4407034,0.5169857,-0.061691504,0.4404323379999998,0.5167479714285712,-0.06376655968571426,475.95966,992.61255,475.6669199999997,992.1561342857137,0.99914604,False,False
7ae6904d-8782-4caa-8a1f-a9caf51a24c3,140,2.4918003565062388,right_wrist,0.55526817,0.5378825,-0.4906345,0.5549346419999996,0.5352365565714283,-0.48645079085714255,599.68964,1032.7344,599.3294137142855,1027.6542291428566,0.98660296,False,False
7ae6904d-8782-4caa-8a1f-a9caf51a24c3,141,2.509598930481284,left_ankle,0.47998336,0.8822543,0.36728594,0.47994324399999977,0.882384311428571,0.36452719228571406,518.382,1693.9282,518.3386937142855,1694.177842857142,0.83446884,False,False
7ae6904d-8782-4caa-8a1f-a9caf51a24c3,141,2.509598930481284,left_elbow,0.6315849,0.5815908,-0.016043207,0.6312995031428568,0.5816881285714283,-0.015804319657142848,682.1117,1116.6543,681.8034962857139,1116.8411742857138,0.7580237,False,False
7ae6904d-8782-4caa-8a1f-a9caf51a24c3,141,2.509598930481284,left_foot_index,0.54168195,0.92079055,0.22259068,0.5417061985714283,0.920956213428571,0.22445883828571417,585.0165,1767.9178,585.0427011428569,1768.235885714285,0.86702776,False,False
7ae6904d-8782-4caa-8a1f-a9caf51a24c3,141,2.509598930481284,left_heel,0.45065582,0.8952814,0.38074857,0.45044654085714264,0.8954013194285709,0.37817740285714263,486.70828,1718.9402,486.4822599999997,1719.1704885714278,0.79853356,False,False
7ae6904d-8782-4caa-8a1f-a9caf51a24c3,141,2.509598930481284,left_hip,0.5562438,0.6708184,0.0968243,0.5562751902857139,0.6707381577142855,0.09812564908571424,600.7433,1287.9713,600.7771948571425,1287.8172199999995,0.99710745,False,False
7ae6904d-8782-4caa-8a1f-a9caf51a24c3,141,2.509598930481284,left_knee,0.53340226,0.78561413,0.1307479,0.5331776157142855,0.7856706157142853,0.12989529828571422,576.07446,1508.3792,575.831830285714,1508.4876285714279,0.7744646,False,False
7ae6904d-8782-4caa-8a1f-a9caf51a24c3,141,2.509598930481284,left_shoulder,0.5862616,0.5161652,0.18777066,0.5858499957142854,0.5161057365714282,0.19269347657142846,633.1625,991.0372,632.7179771428569,990.923040571428,0.9955318,False,False
7ae6904d-8782-4caa-8a1f-a9caf51a24c3,141,2.509598930481284,left_wrist,0.61638075,0.534161,-0.35684046,0.6165155357142853,0.5339804514285711,-0.3546390925714284,665.6912,1025.5891,665.836782285714,1025.2424534285708,0.85583204,False,False
7ae6904d-8782-4caa-8a1f-a9caf51a24c3,141,2.509598930481284,nose,0.530451,0.45857033,-0.21775293,0.5305718477142854,0.45860526371428545,-0.2117533997142856,572.8871,880.455,573.0175897142854,880.5220954285711,0.99909645,False,False
7ae6904d-8782-4caa-8a1f-a9caf51a24c3,141,2.509598930481284,right_ankle,0.41958585,0.8981772,0.017922735,0.4194984231428569,0.8982200022857139,0.01699098745714285,453.1527,1724.5002,453.0583019999998,1724.5824171428562,0.9358694,False,False
7ae6904d-8782-4caa-8a1f-a9caf51a24c3,141,2.509598930481284,right_elbow,0.45812553,0.5973346,-0.30370852,0.4587210694285712,0.5971136225714283,-0.307416801142857,494.77557,1146.8824,495.4187597142855,1146.4581142857137,0.98766154,False,False
7ae6904d-8782-4caa-8a1f-a9caf51a24c3,141,2.509598930481284,right_foot_index,0.4773497,0.942136,-0.19545959,0.47746737885714263,0.9421988491428566,-0.19286462514285702,515.53766,1808.9011,515.6647519999997,1809.0217771428563,0.9183798,False,False
7ae6904d-8782-4caa-8a1f-a9caf51a24c3,141,2.509598930481284,right_heel,0.40129298,0.91465867,0.02484993,0.40119813028571405,0.914758435428571,0.024153741257142848,433.39642,1756.1447,433.29399228571407,1756.3361942857134,0.7318493,False,False
7ae6904d-8782-4caa-8a1f-a9caf51a24c3,141,2.509598930481284,right_hip,0.4710569,0.66259795,-0.09682439,0.4711226505714283,0.6625631559999997,-0.09811880171428568,508.74146,1272.1881,508.81246657142833,1272.121285714285,0.99806577,False,False
7ae6904d-8782-4caa-8a1f-a9caf51a24c3,141,2.509598930481284,right_knee,0.44567162,0.78644997,-0.15146662,0.4457753599999998,0.7863937799999996,-0.15120486914285708,481.32535,1509.9839,481.4373845714283,1509.8760714285709,0.9566486,False,False
7ae6904d-8782-4caa-8a1f-a9caf51a24c3,141,2.509598930481284,right_shoulder,0.4397147,0.5175756,-0.0710933,0.4399944397142855,0.5176781142857141,-0.07166745379999998,474.89188,993.7452,475.19398857142835,993.9419914285709,0.9991586,False,False
7ae6904d-8782-4caa-8a1f-a9caf51a24c3,141,2.509598930481284,right_wrist,0.55322945,0.53669095,-0.4699115,0.5536194448571425,0.5383173708571427,-0.47617460514285687,597.4878,1030.4467,597.9089965714282,1033.5693768571423,0.98563665,False,False
7ae6904d-8782-4caa-8a1f-a9caf51a24c3,142,2.527397504456328,left_ankle,0.48022002,0.8822135,0.3768603,0.48024106799999977,0.8821119165714281,0.37797706285714266,518.63763,1693.8499,518.6603451428568,1693.6548399999992,0.8288786,False,False
7ae6904d-8782-4caa-8a1f-a9caf51a24c3,142,2.527397504456328,left_elbow,0.6252834,0.5847118,-0.011433199,0.6259182574285712,0.5845308579999997,-0.011349922857142852,675.3061,1122.6466,675.9917199999995,1122.2991914285708,0.75318795,False,False
7ae6904d-8782-4caa-8a1f-a9caf51a24c3,142,2.527397504456328,left_foot_index,0.54168373,0.9207414,0.23513389,0.5416757088571427,0.9206344491428567,0.2320004122857142,585.01843,1767.8235,585.0097659999997,1767.6180942857134,0.8634152,False,False
7ae6904d-8782-4caa-8a1f-a9caf51a24c3,142,2.527397504456328,left_heel,0.45085222,0.89525527,0.39122984,0.4509363305714284,0.8951830059999996,0.3922217522857141,486.92038,1718.8901,487.0112234285712,1718.751345714285,0.79076004,False,False
7ae6904d-8782-4caa-8a1f-a9caf51a24c3,142,2.527397504456328,left_hip,0.5561533,0.6701196,0.102455884,0.5560780565714283,0.6701838085714282,0.10133282765714281,600.64557,1286.6296,600.5643034285712,1286.752908571428,0.9969839,False,False
7ae6904d-8782-4caa-8a1f-a9caf51a24c3,142,2.527397504456328,left_knee,0.53270924,0.7855708,0.13394146,0.5329031685714283,0.7856023394285709,0.13312151542857137,575.326,1508.2959,575.5354359999997,1508.356482857142,0.76798904,False,False
7ae6904d-8782-4caa-8a1f-a9caf51a24c3,142,2.527397504456328,left_shoulder,0.5860384,0.51710284,0.19531341,0.5862748857142854,0.5170337422857141,0.19236342085714275,632.9215,992.83746,633.1768891428569,992.7047742857137,0.99582803,False,False
7ae6904d-8782-4caa-8a1f-a9caf51a24c3,142,2.527397504456328,left_wrist,0.61664873,0.5411798,-0.36755788,0.6166796557142855,0.541505166285714,-0.3769223637142855,665.98065,1039.0652,666.0140408571425,1039.6899062857137,0.85991603,False,False
7ae6904d-8782-4caa-8a1f-a9caf51a24c3,142,2.527397504456328,nose,0.53119946,0.4585038,-0.22217853,0.5310702148571426,0.4584939017142855,-0.22494565714285705,573.69543,880.32733,573.5558425714282,880.3082962857138,0.9991144,False,False
7ae6904d-8782-4caa-8a1f-a9caf51a24c3,142,2.527397504456328,right_ankle,0.4195832,0.8981973,0.024964482,0.4196087428571426,0.8981888622857138,0.022264774971428557,453.14987,1724.5388,453.1774391428569,1724.5225657142846,0.93422353,False,False
7ae6904d-8782-4caa-8a1f-a9caf51a24c3,142,2.527397504456328,right_elbow,0.45450422,0.5972221,-0.29949424,0.45503481628571407,0.5976025831428569,-0.29369922742857124,490.86456,1146.6664,491.4375977142855,1147.3969342857138,0.9871088,False,False
7ae6904d-8782-4caa-8a1f-a9caf51a24c3,142,2.527397504456328,right_foot_index,0.47790495,0.94218576,-0.18831931,0.47776766657142833,0.9421557848571424,-0.19414647485714276,516.1373,1808.9967,515.9890468571426,1808.9391342857134,0.916536,False,False
7ae6904d-8782-4caa-8a1f-a9caf51a24c3,142,2.527397504456328,right_heel,0.4013188,0.91504955,0.03246058,0.40138127457142836,0.914959739428571,0.02941309394285713,433.4243,1756.8951,433.4917674285712,1756.7227199999993,0.7257473,False,False
7ae6904d-8782-4caa-8a1f-a9caf51a24c3,142,2.527397504456328,right_hip,0.47106305,0.6624869,-0.10243027,0.470951748285714,0.6625017559999997,-0.10130990971428566,508.74808,1271.9749,508.62787771428543,1272.003391428571,0.9979414,False,False
7ae6904d-8782-4caa-8a1f-a9caf51a24c3,142,2.527397504456328,right_knee,0.44546288,0.78630775,-0.14638527,0.4454201137142855,0.7863415539999996,-0.14881798628571422,481.0999,1509.7109,481.0537214285712,1509.7757771428564,0.95678616,False,False
7ae6904d-8782-4caa-8a1f-a9caf51a24c3,142,2.527397504456328,right_shoulder,0.43874103,0.5180827,-0.08396612,0.4382700008571426,0.5181044885714283,-0.0816840359428571,473.8403,994.71875,473.3315994285712,994.7606171428566,0.99919224,False,False
7ae6904d-8782-4caa-8a1f-a9caf51a24c3,142,2.527397504456328,right_wrist,0.5531279,0.54027814,-0.45744026,0.5532394048571425,0.5401608451428568,-0.4510484608571426,597.3781,1037.334,597.4985337142854,1037.1088371428568,0.98524034,False,False
7ae6904d-8782-4caa-8a1f-a9caf51a24c3,143,2.5451960784313723,left_ankle,0.48039812,0.8814245,0.38307855,0.4803641325714283,0.8814105637142853,0.38162525914285694,518.82996,1692.335,518.7932588571426,1692.3082571428563,0.82532674,False,False
7ae6904d-8782-4caa-8a1f-a9caf51a24c3,143,2.5451960784313723,left_elbow,0.62143433,0.5858782,-0.009431973,0.6208365259999997,0.5858850065714283,-0.011341935085714282,671.14905,1124.8861,670.5034465714283,1124.8991799999994,0.7503548,False,False
7ae6904d-8782-4caa-8a1f-a9caf51a24c3,143,2.5451960784313723,left_foot_index,0.5416586,0.9201162,0.2293716,0.5416587859999997,0.9200787951428568,0.2310471565714285,584.9913,1766.623,584.9914988571425,1766.5512657142847,0.8613491,False,False
7ae6904d-8782-4caa-8a1f-a9caf51a24c3,143,2.5451960784313723,left_heel,0.4510138,0.89454466,0.39764264,0.45098058057142837,0.8944852959999996,0.39603335257142835,487.0949,1717.5258,487.0590234285712,1717.4118085714279,0.7850297,False,False
7ae6904d-8782-4caa-8a1f-a9caf51a24c3,143,2.5451960784313723,left_hip,0.55552584,0.6690467,0.10354257,0.5556953794285712,0.6688931257142854,0.10344423651428566,599.9679,1284.5697,600.151006285714,1284.2747828571423,0.9967768,False,False
7ae6904d-8782-4caa-8a1f-a9caf51a24c3,143,2.5451960784313723,left_knee,0.5325486,0.78521997,0.12936586,0.5323568228571426,0.785063859428571,0.13091975714285708,575.15247,1507.6223,574.9453628571425,1507.3225571428563,0.76304543,False,False
7ae6904d-8782-4caa-8a1f-a9caf51a24c3,143,2.5451960784313723,left_shoulder,0.58581805,0.5173206,0.1894434,0.5857535071428568,0.517344862285714,0.18721712314285704,632.6835,993.2555,632.6137885714284,993.3021114285709,0.99609184,False,False
7ae6904d-8782-4caa-8a1f-a9caf51a24c3,143,2.5451960784313723,left_wrist,0.61684656,0.5476163,-0.41537935,0.6167195185714283,0.5461047919999997,-0.40134393657142836,666.1943,1051.4233,666.0570911428568,1048.5211942857138,0.8621984,False,False
7ae6904d-8782-4caa-8a1f-a9caf51a24c3,143,2.5451960784313723,nose,0.53134525,0.45843846,-0.23512778,0.5313691334285712,0.4584417231428569,-0.234605275142857,573.85284,880.20184,573.878638285714,880.2081219999995,0.99910104,False,False
7ae6904d-8782-4caa-8a1f-a9caf51a24c3,143,2.5451960784313723,right_ankle,0.41959128,0.8981268,0.0256748,0.41960133171428554,0.8981307428571425,0.0322810471142857,453.15857,1724.4034,453.16943085714263,1724.4110285714278,0.9334493,False,False
7ae6904d-8782-4caa-8a1f-a9caf51a24c3,143,2.5451960784313723,right_elbow,0.45370662,0.59778625,-0.27124768,0.45307834028571403,0.5977244277142854,-0.275425851142857,490.00314,1147.7496,489.32460428571403,1147.630911428571,0.9863045,False,False
7ae6904d-8782-4caa-8a1f-a9caf51a24c3,143,2.5451960784313723,right_foot_index,0.47793353,0.9421867,-0.19753519,0.47798112799999976,0.9421993677142853,-0.18822034857142847,516.1682,1808.9985,516.2195959999997,1809.0228257142849,0.9157953,False,False
7ae6904d-8782-4caa-8a1f-a9caf51a24c3,143,2.5451960784313723,right_heel,0.40168718,0.9150816,0.032447502,0.40169911914285694,0.9151224154285711,0.0392322281142857,433.82214,1756.9567,433.83504171428547,1757.0349999999992,0.7220114,False,False
7ae6904d-8782-4caa-8a1f-a9caf51a24c3,143,2.5451960784313723,right_hip,0.47032955,0.66206133,-0.10348945,0.4704572934285712,0.6620214659999997,-0.10339892628571423,507.9559,1271.1577,508.0938691428569,1271.081225714285,0.9977744,False,False
7ae6904d-8782-4caa-8a1f-a9caf51a24c3,143,2.5451960784313723,right_knee,0.44501048,0.7861876,-0.14789563,0.44497388342857125,0.7863158997142854,-0.14263620571428565,480.61133,1509.4802,480.5717994285712,1509.7265342857136,0.9572437,False,False
7ae6904d-8782-4caa-8a1f-a9caf51a24c3,143,2.5451960784313723,right_shoulder,0.43528342,0.5184862,-0.08855008,0.43544056171428547,0.5184472257142854,-0.09006036057142854,470.1061,995.4935,470.27580571428547,995.4186585714281,0.99921083,False,False
7ae6904d-8782-4caa-8a1f-a9caf51a24c3,143,2.5451960784313723,right_wrist,0.5538702,0.54556745,-0.41668215,0.5536674865714283,0.5455730394285712,-0.4199847814285712,598.1798,1047.4895,597.960864285714,1047.5002057142851,0.98401564,False,False
7ae6904d-8782-4caa-8a1f-a9caf51a24c3,144,2.562994652406417,left_ankle,0.4804502,0.88034844,0.37936056,0.4805025688571426,0.880468689428571,0.38091012685714265,518.8862,1690.269,518.942760285714,1690.4998799999994,0.82554483,False,False
7ae6904d-8782-4caa-8a1f-a9caf51a24c3,144,2.562994652406417,left_elbow,0.61514175,0.58582854,-0.008100991,0.6157206779999997,0.5859365279999997,-0.0030983232571428587,664.3531,1124.7908,664.9783308571425,1124.998108571428,0.74019116,False,False
7ae6904d-8782-4caa-8a1f-a9caf51a24c3,144,2.562994652406417,left_foot_index,0.54163074,0.9191458,0.22177538,0.5416188488571425,0.9192547479999996,0.22058309599999987,584.9612,1764.76,584.9483488571426,1764.9691171428562,0.8623172,False,False
7ae6904d-8782-4caa-8a1f-a9caf51a24c3,144,2.562994652406417,left_heel,0.4511036,0.89330405,0.39315954,0.45117286657142835,0.8934474988571424,0.3950066202857141,487.1919,1715.1438,487.2667011428569,1715.4191999999991,0.7835318,False,False
7ae6904d-8782-4caa-8a1f-a9caf51a24c3,144,2.562994652406417,left_hip,0.55485755,0.6671179,0.10370567,0.5545779637142855,0.6672355205714283,0.10471681657142853,599.24615,1280.8663,598.9442034285711,1281.0921999999994,0.9965434,False,False
7ae6904d-8782-4caa-8a1f-a9caf51a24c3,144,2.562994652406417,left_knee,0.53178,0.78384554,0.12902361,0.5318855142857141,0.7840556325714283,0.1286688397714285,574.3224,1504.9834,574.4363597142855,1505.3867971428563,0.76132756,False,False
7ae6904d-8782-4caa-8a1f-a9caf51a24c3,144,2.562994652406417,left_shoulder,0.5848688,0.5172981,0.17312701,0.5848232128571426,0.5174287594285711,0.1775840448571428,631.65826,993.21234,631.6090428571425,993.4631742857138,0.9962763,False,False
7ae6904d-8782-4caa-8a1f-a9caf51a24c3,144,2.562994652406417,left_wrist,0.6162582,0.54811376,-0.40694472,0.6164480305714283,0.5497795005714283,-0.41463827571428546,665.55884,1052.3784,665.7638668571426,1055.5766314285709,0.8606099,False,False
7ae6904d-8782-4caa-8a1f-a9caf51a24c3,144,2.562994652406417,nose,0.5313617,0.458402,-0.25370848,0.531395269142857,0.4584057851428569,-0.2562783579999999,573.8706,880.13184,573.9068682857139,880.1391034285709,0.99909484,False,False
7ae6904d-8782-4caa-8a1f-a9caf51a24c3,144,2.562994652406417,right_ankle,0.41966382,0.8977987,0.048222844,0.41966294571428553,0.8976787257142852,0.04338131345714284,453.2369,1723.7736,453.23595799999975,1723.543182857142,0.9341975,False,False
7ae6904d-8782-4caa-8a1f-a9caf51a24c3,144,2.562994652406417,right_elbow,0.44800237,0.59789586,-0.2577802,0.4477400397142855,0.5977420405714283,-0.258047523142857,483.84256,1147.9601,483.55923828571406,1147.6647457142851,0.9860461,False,False
7ae6904d-8782-4caa-8a1f-a9caf51a24c3,144,2.562994652406417,right_foot_index,0.47798756,0.94215775,-0.1769617,0.47777995399999973,0.9421171368571424,-0.18122071857142846,516.22656,1808.9429,516.0023468571426,1808.864925714285,0.9166489,False,False
7ae6904d-8782-4caa-8a1f-a9caf51a24c3,144,2.562994652406417,right_heel,0.40225807,0.91504437,0.055087965,0.4022700528571427,0.914973008571428,0.05056207259999998,434.43872,1756.8851,434.4516534285712,1756.7481628571418,0.7222055,False,False
7ae6904d-8782-4caa-8a1f-a9caf51a24c3,144,2.562994652406417,right_hip,0.46942112,0.6610832,-0.1036516,0.4692059445714283,0.6610100659999996,-0.10465590571428565,506.97482,1269.2798,506.74241771428547,1269.1393142857137,0.99765635,False,False
7ae6904d-8782-4caa-8a1f-a9caf51a24c3,144,2.562994652406417,right_knee,0.44434506,0.7860946,-0.1319326,0.44437813371428553,0.7859469922857139,-0.13452790685714278,479.89267,1509.3016,479.9283837142855,1509.0181942857134,0.95838654,False,False
7ae6904d-8782-4caa-8a1f-a9caf51a24c3,144,2.562994652406417,right_shoulder,0.43233824,0.5185111,-0.09970961,0.4325304988571427,0.518503922285714,-0.10145453171428567,466.9253,995.5413,467.1329411428569,995.5274957142852,0.99924636,False,False
7ae6904d-8782-4caa-8a1f-a9caf51a24c3,144,2.562994652406417,right_wrist,0.55306214,0.5508507,-0.38566953,0.5531904251428569,0.5506008308571426,-0.3847736014285712,597.3071,1057.6333,597.4456485714283,1057.153565714285,0.9831379,False,False
7ae6904d-8782-4caa-8a1f-a9caf51a24c3,145,2.580793226381461,left_ankle,0.48070532,0.87960905,0.37608126,0.480687840285714,0.8794201888571425,0.37335206314285696,519.16174,1688.8494,519.1428614285711,1688.4867685714278,0.8291746,False,False
7ae6904d-8782-4caa-8a1f-a9caf51a24c3,145,2.580793226381461,left_elbow,0.6084841,0.58522195,0.016781176,0.6071134951428567,0.585103112285714,0.012762872542857134,657.16284,1123.6261,655.6825808571425,1123.3979714285708,0.7222835,False,False
7ae6904d-8782-4caa-8a1f-a9caf51a24c3,145,2.580793226381461,left_foot_index,0.54162216,0.91849744,0.20926864,0.5416768885714283,0.9183632508571424,0.2105566539999999,584.9519,1763.5151,585.0110257142854,1763.2574771428563,0.86550206,False,False
7ae6904d-8782-4caa-8a1f-a9caf51a24c3,145,2.580793226381461,left_heel,0.45147222,0.8923805,0.38972813,0.4514218491428569,0.8921823037142853,0.38647947114285697,487.59,1713.3705,487.5356108571426,1712.9900314285705,0.78598785,False,False
7ae6904d-8782-4caa-8a1f-a9caf51a24c3,145,2.580793226381461,left_hip,0.5526666,0.6656431,0.10771372,0.5527294877142854,0.665566634285714,0.10693006119999995,596.87994,1278.0348,596.9478394285711,1277.887928571428,0.99632055,False,False
7ae6904d-8782-4caa-8a1f-a9caf51a24c3,145,2.580793226381461,left_knee,0.5315005,0.7825527,0.12678842,0.5315645859999998,0.7821262911428567,0.12654907399999993,574.02057,1502.5012,574.0897611428568,1501.6824571428565,0.76182246,False,False
7ae6904d-8782-4caa-8a1f-a9caf51a24c3,145,2.580793226381461,left_shoulder,0.5832119,0.5172319,0.17530385,0.5831493379999998,0.5169795185714282,0.17414821571428563,629.86884,993.0852,629.8012654285711,992.6006657142852,0.99648327,False,False
7ae6904d-8782-4caa-8a1f-a9caf51a24c3,145,2.580793226381461,left_wrist,0.61564976,0.5549497,-0.41264033,0.615690990285714,0.5540342319999997,-0.4120645297142855,664.90173,1065.5034,664.946248285714,1063.745674285714,0.8538239,False,False
7ae6904d-8782-4caa-8a1f-a9caf51a24c3,145,2.580793226381461,nose,0.5314435,0.45838404,-0.28112432,0.5314268457142854,0.4583461439999998,-0.27609717199999984,573.959,880.09735,573.9409965714283,880.024585428571,0.9990719,False,False
7ae6904d-8782-4caa-8a1f-a9caf51a24c3,145,2.580793226381461,right_ankle,0.41973728,0.897,0.043704886,0.41972601714285696,0.8971454399999996,0.0367790786285714,453.31625,1722.24,453.3040897142855,1722.5192742857134,0.9358688,False,False
7ae6904d-8782-4caa-8a1f-a9caf51a24c3,145,2.580793226381461,right_elbow,0.43699104,0.597141,-0.24915783,0.43638008228571407,0.5973107168571425,-0.24592405285714272,471.95032,1146.5107,471.29049057142834,1146.8365514285708,0.9861663,False,False
7ae6904d-8782-4caa-8a1f-a9caf51a24c3,145,2.580793226381461,right_foot_index,0.47806385,0.94197005,-0.18912646,0.4786962379999998,0.9420027757142853,-0.20420018285714275,516.30896,1808.5825,516.9919434285712,1808.6453285714276,0.91872233,False,False
7ae6904d-8782-4caa-8a1f-a9caf51a24c3,145,2.580793226381461,right_heel,0.40275213,0.91475123,0.0515041,0.40265581285714264,0.9148223437142853,0.043634712742857115,434.9723,1756.3224,434.8682848571426,1756.4588742857134,0.7245374,False,False
7ae6904d-8782-4caa-8a1f-a9caf51a24c3,145,2.580793226381461,right_hip,0.46741214,0.65977955,-0.1076225,0.4674777654285712,0.659861070285714,-0.10683564508571423,504.8051,1266.7767,504.8759857142855,1266.9332828571423,0.99748975,False,False
7ae6904d-8782-4caa-8a1f-a9caf51a24c3,145,2.580793226381461,right_knee,0.44392422,0.784537,-0.13579103,0.4440657977142855,0.7842068679999996,-0.14288866571428566,479.43814,1506.311,479.5910611428569,1505.6771685714277,0.9598643,False,False
7ae6904d-8782-4caa-8a1f-a9caf51a24c3,145,2.580793226381461,right_shoulder,0.43106854,0.5183371,-0.1146892,0.4310061185714284,0.5183655879999998,-0.11005663257142853,465.55402,995.20715,465.486608285714,995.2618957142852,0.99928063,False,False
7ae6904d-8782-4caa-8a1f-a9caf51a24c3,145,2.580793226381461,right_wrist,0.5506745,0.5543545,-0.36390406,0.5501011451428568,0.5542869905714283,-0.366371535142857,594.72845,1064.3606,594.1092285714283,1064.2309742857137,0.98249537,False,False
7ae6904d-8782-4caa-8a1f-a9caf51a24c3,146,2.5985918003565063,left_ankle,0.48088157,0.87842715,0.3655373,0.4808618985714283,0.878614870285714,0.3683376199999998,519.3521,1686.5801,519.3308531428569,1686.9405371428566,0.8350158,False,False
7ae6904d-8782-4caa-8a1f-a9caf51a24c3,146,2.5985918003565063,left_elbow,0.59678566,0.5834577,0.0310715,0.5980156891428567,0.5833200008571425,0.03436735399999999,644.5285,1120.2388,645.8569479999996,1119.9743628571423,0.69733036,False,False
7ae6904d-8782-4caa-8a1f-a9caf51a24c3,146,2.5985918003565063,left_foot_index,0.5417936,0.9175673,0.20268477,0.5417585197142853,0.9176916114285709,0.2016624994285713,585.1371,1761.7292,585.0992014285712,1761.9678714285703,0.8700022,False,False
7ae6904d-8782-4caa-8a1f-a9caf51a24c3,146,2.5985918003565063,left_heel,0.45166215,0.8909475,0.37774673,0.4516700837142855,0.8911221942857138,0.3812119999999998,487.79514,1710.6193,487.8036925714283,1710.954639999999,0.7909128,False,False
7ae6904d-8782-4caa-8a1f-a9caf51a24c3,146,2.5985918003565063,left_hip,0.550733,0.66455996,0.108538546,0.5509231854285712,0.664738901428571,0.10877242034285708,594.7916,1275.9551,594.9970211428569,1276.2986942857137,0.99588543,False,False
7ae6904d-8782-4caa-8a1f-a9caf51a24c3,146,2.5985918003565063,left_knee,0.53157616,0.77999556,0.120672986,0.5315821788571427,0.7804790399999997,0.11969288857142851,574.10223,1497.5914,574.1087494285711,1498.5197114285706,0.76526755,False,False
7ae6904d-8782-4caa-8a1f-a9caf51a24c3,146,2.5985918003565063,left_shoulder,0.58140045,0.5157942,0.17291479,0.5815556194285711,0.5159274737142855,0.16955861714285708,627.9125,990.3249,628.0800902857139,990.580748571428,0.99663055,False,False
7ae6904d-8782-4caa-8a1f-a9caf51a24c3,146,2.5985918003565063,left_wrist,0.61357266,0.560968,-0.41309437,0.6129705411428569,0.5623678377142853,-0.4070324971428569,662.65845,1077.0585,662.0081768571426,1079.7462599999994,0.8425642,False,False
7ae6904d-8782-4caa-8a1f-a9caf51a24c3,146,2.5985918003565063,nose,0.5313937,0.45833004,-0.29059708,0.531378068285714,0.4583848834285712,-0.2965092802857141,573.9052,879.99365,573.8883177142854,880.0989568571424,0.9989854,False,False
7ae6904d-8782-4caa-8a1f-a9caf51a24c3,146,2.5985918003565063,right_ankle,0.41975832,0.8969174,0.019701721,0.4197591377142855,0.8968866628571424,0.037326305114285696,453.339,1722.0814,453.3398742857141,1722.022402857142,0.938718,False,False
7ae6904d-8782-4caa-8a1f-a9caf51a24c3,146,2.5985918003565063,right_elbow,0.42333272,0.5969063,-0.23232783,0.4247408942857141,0.5968510597142855,-0.23799193885714273,457.19934,1146.06,458.72015828571404,1145.9539714285709,0.98654616,False,False
7ae6904d-8782-4caa-8a1f-a9caf51a24c3,146,2.5985918003565063,right_foot_index,0.48058128,0.94196856,-0.24686854,0.47994093171428553,0.9419838359999996,-0.21742463885714275,519.0278,1808.5796,518.3362177142855,1808.6089228571418,0.92193156,False,False
7ae6904d-8782-4caa-8a1f-a9caf51a24c3,146,2.5985918003565063,right_heel,0.40275022,0.9148481,0.025620116,0.4028103597142855,0.9148579802857139,0.04460184997142854,434.97025,1756.5083,435.03519399999976,1756.5272857142847,0.7313712,False,False
7ae6904d-8782-4caa-8a1f-a9caf51a24c3,146,2.5985918003565063,right_hip,0.46588737,0.65923065,-0.10839103,0.46608707057142834,0.6593102442857139,-0.1086339636571428,503.15836,1265.7229,503.3740325714283,1265.8756599999992,0.9972717,False,False
7ae6904d-8782-4caa-8a1f-a9caf51a24c3,146,2.5985918003565063,right_knee,0.4438197,0.78174514,-0.16648719,0.4435471559999997,0.7823133708571426,-0.15466876542857136,479.3253,1500.9507,479.03093657142836,1502.0416628571422,0.961927,False,False
7ae6904d-8782-4caa-8a1f-a9caf51a24c3,146,2.5985918003565063,right_shoulder,0.43039435,0.51822764,-0.11037592,0.43042257142857115,0.5182141965714282,-0.11528773514285709,464.8259,994.9971,464.8563722857141,994.9712451428568,0.9993042,False,False
7ae6904d-8782-4caa-8a1f-a9caf51a24c3,146,2.5985918003565063,right_wrist,0.5451814,0.5572206,-0.3613399,0.5460293079999998,0.5575679151428569,-0.36013919542857126,588.7959,1069.8635,589.7116371428567,1070.5303399999993,0.9820604,False,False
7ae6904d-8782-4caa-8a1f-a9caf51a24c3,147,2.61639037433155,left_ankle,0.48090097,0.87822694,0.37186596,0.480914624285714,0.878184049428571,0.3741316645714284,519.37305,1686.1957,519.3877945714282,1686.1133457142848,0.84150445,False,False
7ae6904d-8782-4caa-8a1f-a9caf51a24c3,147,2.61639037433155,left_elbow,0.5913611,0.5813215,0.04750716,0.5915806639999996,0.5817559728571425,0.04211617182857141,638.67,1116.1372,638.9071079999997,1116.971448571428,0.6713409,False,False
7ae6904d-8782-4caa-8a1f-a9caf51a24c3,147,2.61639037433155,left_foot_index,0.5416673,0.9173171,0.19783033,0.5416378417142855,0.917285681428571,0.20084049228571416,585.0007,1761.2488,584.9688828571426,1761.1884999999993,0.8748538,False,False
7ae6904d-8782-4caa-8a1f-a9caf51a24c3,147,2.61639037433155,left_heel,0.45180354,0.89049083,0.38551468,0.451814728285714,0.8904750302857138,0.38755168171428556,487.9478,1709.7424,487.95989514285685,1709.7121085714277,0.79759294,False,False
7ae6904d-8782-4caa-8a1f-a9caf51a24c3,147,2.61639037433155,left_hip,0.55010307,0.66469824,0.10829466,0.5500160254285712,0.664618731428571,0.10825518411428565,594.1113,1276.2206,594.017278285714,1276.0679514285707,0.99531865,False,False
7ae6904d-8782-4caa-8a1f-a9caf51a24c3,147,2.61639037433155,left_knee,0.53112537,0.779803,0.111482374,0.5307924745714283,0.7796826434285711,0.11437034071428565,573.6154,1497.2217,573.2558722857141,1496.9906057142848,0.77086335,False,False
7ae6904d-8782-4caa-8a1f-a9caf51a24c3,147,2.61639037433155,left_shoulder,0.58071744,0.51460165,0.1563831,0.5807177108571426,0.5146155751428569,0.16038796885714277,627.17487,988.03516,627.1751425714283,988.0619148571424,0.99673814,False,False
7ae6904d-8782-4caa-8a1f-a9caf51a24c3,147,2.61639037433155,left_wrist,0.6080973,0.569693,-0.3956527,0.6086603588571426,0.5671890371428568,-0.40707873399999983,656.7451,1093.8107,657.3531854285711,1089.0030028571423,0.8280768,False,False
7ae6904d-8782-4caa-8a1f-a9caf51a24c3,147,2.61639037433155,nose,0.53120965,0.45862758,-0.3139986,0.5312149334285712,0.45860820685714265,-0.3086679942857142,573.7064,880.56494,573.7121171428569,880.5277374285711,0.9988433,False,False
7ae6904d-8782-4caa-8a1f-a9caf51a24c3,147,2.61639037433155,right_ankle,0.419805,0.8970408,0.06459523,0.4198305539999998,0.8970470185714281,0.05069209145714283,453.3894,1722.3184,453.4170017142855,1722.330305714285,0.9415182,False,False
7ae6904d-8782-4caa-8a1f-a9caf51a24c3,147,2.61639037433155,right_elbow,0.41681534,0.59659636,-0.23196486,0.41622130742857116,0.5965754345714283,-0.22421607085714276,450.16055,1145.465,449.5190137142855,1145.424808571428,0.98707616,False,False
7ae6904d-8782-4caa-8a1f-a9caf51a24c3,147,2.61639037433155,right_foot_index,0.48058087,0.94211644,-0.18716691,0.4808020779999998,0.942094674571428,-0.20790493628571416,519.02734,1808.8635,519.2662428571425,1808.8217399999992,0.9247195,False,False
7ae6904d-8782-4caa-8a1f-a9caf51a24c3,147,2.61639037433155,right_heel,0.4029569,0.91515124,0.07316974,0.4030035499999999,0.9151354042857138,0.05812584897142854,435.19345,1757.0903,435.24383285714265,1757.0599314285705,0.73840946,False,False
7ae6904d-8782-4caa-8a1f-a9caf51a24c3,147,2.61639037433155,right_hip,0.46566594,0.6595657,-0.108126044,0.46553874342857127,0.6595425588571426,-0.10808134237142852,502.91922,1266.3661,502.78185085714256,1266.3217171428564,0.9969551,False,False
7ae6904d-8782-4caa-8a1f-a9caf51a24c3,147,2.61639037433155,right_knee,0.4424515,0.7818009,-0.1482316,0.4426136937142855,0.7816367365714283,-0.15418794828571422,477.84763,1501.0577,478.0228042857141,1500.7425542857136,0.96386874,False,False
7ae6904d-8782-4caa-8a1f-a9caf51a24c3,147,2.61639037433155,right_shoulder,0.42996395,0.5181138,-0.11770346,0.42981184828571406,0.5181111308571426,-0.11552892542857138,464.36105,994.7785,464.1967854285712,994.7734008571423,0.99932784,False,False
7ae6904d-8782-4caa-8a1f-a9caf51a24c3,147,2.61639037433155,right_wrist,0.5417461,0.56137836,-0.359144,0.5412097111428569,0.5612637394285711,-0.35395970942857125,585.08575,1077.8464,584.5064414285711,1077.626362857142,0.9819985,False,False
7ae6904d-8782-4caa-8a1f-a9caf51a24c3,148,2.6341889483065954,left_ankle,0.48091504,0.87824255,0.38653412,0.48091596571428546,0.8781754279999995,0.38130680428571406,519.38824,1686.2257,519.3892479999997,1686.0968457142849,0.848912,False,False
7ae6904d-8782-4caa-8a1f-a9caf51a24c3,148,2.6341889483065954,left_elbow,0.58917475,0.58120555,0.040373705,0.5879796082857138,0.5808449242857139,0.04545144834285712,636.3087,1115.9147,635.0179654285712,1115.2222657142852,0.6538212,False,False
7ae6904d-8782-4caa-8a1f-a9caf51a24c3,148,2.6341889483065954,left_foot_index,0.54117477,0.91725826,0.20243837,0.5411686859999997,0.9172483171428567,0.19936252742857133,584.46875,1761.1359,584.4621877142854,1761.1167771428563,0.8802981,False,False
7ae6904d-8782-4caa-8a1f-a9caf51a24c3,148,2.6341889483065954,left_heel,0.45193398,0.89045817,0.40090317,0.45191794714285694,0.8903980319999996,0.39532670828571403,488.08868,1709.6797,488.07136228571403,1709.5642085714278,0.80511343,False,False
7ae6904d-8782-4caa-8a1f-a9caf51a24c3,148,2.6341889483065954,left_hip,0.5496043,0.66480005,0.10636804,0.5495765491428569,0.6647216214285712,0.10634621011428566,593.57263,1276.4161,593.5426711428569,1276.2654828571422,0.9949877,False,False
7ae6904d-8782-4caa-8a1f-a9caf51a24c3,148,2.6341889483065954,left_knee,0.5291963,0.7799633,0.11145612,0.5295335959999997,0.7798796034285711,0.10865997942857138,571.53204,1497.5295,571.8963111428568,1497.3688199999992,0.7782619,False,False
7ae6904d-8782-4caa-8a1f-a9caf51a24c3,148,2.6341889483065954,left_shoulder,0.58063555,0.51371604,0.1552874,0.580602602285714,0.5136952937142856,0.15386102942857136,627.08636,986.3348,627.0507859999998,986.294963428571,0.9968911,False,False
7ae6904d-8782-4caa-8a1f-a9caf51a24c3,148,2.6341889483065954,left_wrist,0.6043188,0.5683176,-0.41838303,0.6041500525714283,0.5710191625714283,-0.4071979679999998,652.6643,1091.1698,652.4820722857139,1096.3568514285707,0.8198859,False,False
7ae6904d-8782-4caa-8a1f-a9caf51a24c3,148,2.6341889483065954,nose,0.53107107,0.4590244,-0.31422505,0.5310879591428569,0.45905569771428545,-0.3175923717142856,573.55676,881.32684,573.5749999999998,881.3869402857138,0.9988073,False,False
7ae6904d-8782-4caa-8a1f-a9caf51a24c3,148,2.6341889483065954,right_ankle,0.41994584,0.8972187,0.061147146,0.41991194857142833,0.8971848205714281,0.06144543368571426,453.5415,1722.6599,453.5049017142855,1722.5948599999992,0.9446898,False,False
7ae6904d-8782-4caa-8a1f-a9caf51a24c3,148,2.6341889483065954,right_elbow,0.41079813,0.59626025,-0.20666231,0.4107720548571427,0.5962945117142855,-0.21448414999999987,443.662,1144.8197,443.6338137142855,1144.8854685714282,0.9875021,False,False
7ae6904d-8782-4caa-8a1f-a9caf51a24c3,148,2.6341889483065954,right_foot_index,0.48057437,0.94219863,-0.19051272,0.4806435877142855,0.9422027888571425,-0.18870258599999992,519.0203,1809.0214,519.0950651428568,1809.0293542857135,0.9279993,False,False
7ae6904d-8782-4caa-8a1f-a9caf51a24c3,148,2.6341889483065954,right_heel,0.4033751,0.91536164,0.068433136,0.40329140428571403,0.9153345097142852,0.06905211639999997,435.6451,1757.4944,435.55471857142834,1757.4422599999991,0.74687755,False,False
7ae6904d-8782-4caa-8a1f-a9caf51a24c3,148,2.6341889483065954,right_hip,0.46523714,0.6599853,-0.10616217,0.4652427028571426,0.6598945688571425,-0.10613472137142853,502.45612,1267.1718,502.4621199999997,1266.9975771428567,0.99680936,False,False
7ae6904d-8782-4caa-8a1f-a9caf51a24c3,148,2.6341889483065954,right_knee,0.4414193,0.7821568,-0.1431164,0.44138148714285697,0.7820682168571425,-0.14428482371428564,476.73285,1501.7411,476.6920191428569,1501.570965714285,0.965993,False,False
7ae6904d-8782-4caa-8a1f-a9caf51a24c3,148,2.6341889483065954,right_shoulder,0.42909637,0.5180835,-0.110301,0.4292867337142855,0.5181039737142854,-0.10863670714285709,463.42407,994.72034,463.62966428571406,994.7596279999995,0.9993574,False,False
7ae6904d-8782-4caa-8a1f-a9caf51a24c3,148,2.6341889483065954,right_wrist,0.5356396,0.56470513,-0.35249153,0.5357194788571427,0.5646842688571425,-0.365796331142857,578.4907,1084.2339,578.5770005714282,1084.1937857142852,0.9816672,False,False
7ae6904d-8782-4caa-8a1f-a9caf51a24c3,149,2.65198752228164,left_ankle,0.480916,0.8782085,0.37457544,0.4808961391428569,0.8783288565714281,0.37536217199999977,519.3893,1686.1604,519.3678414285712,1686.391442857142,0.8555696,False,False
7ae6904d-8782-4caa-8a1f-a9caf51a24c3,149,2.65198752228164,left_elbow,0.58462936,0.5804332,0.046851546,0.5858747277142854,0.5806138471428568,0.04433099777142855,631.3997,1114.4318,632.7446874285711,1114.7786428571424,0.6359238,False,False
7ae6904d-8782-4caa-8a1f-a9caf51a24c3,149,2.65198752228164,left_foot_index,0.5405912,0.91726875,0.18912338,0.5406144817142855,0.9172782814285709,0.18644767914285704,583.8385,1761.156,583.8636348571426,1761.1743257142848,0.88489735,False,False
7ae6904d-8782-4caa-8a1f-a9caf51a24c3,149,2.65198752228164,left_heel,0.45196053,0.89048153,0.38801837,0.45195869057142835,0.8905778402857139,0.3892412719999998,488.11737,1709.7245,488.1153857142855,1709.9094457142849,0.81146353,False,False
7ae6904d-8782-4caa-8a1f-a9caf51a24c3,149,2.65198752228164,left_hip,0.5490797,0.6645351,0.102605216,0.5490912791428568,0.664604122285714,0.10205023862857138,593.0061,1275.9073,593.0185954285711,1276.0398571428564,0.9946343,False,False
7ae6904d-8782-4caa-8a1f-a9caf51a24c3,149,2.65198752228164,left_knee,0.5287209,0.7798689,0.099140815,0.5286664945714283,0.7799150142857139,0.09856921094285709,571.0186,1497.3483,570.9598479999997,1497.4367999999993,0.7850292,False,False
7ae6904d-8782-4caa-8a1f-a9caf51a24c3,149,2.65198752228164,left_shoulder,0.5806243,0.5130367,0.15248284,0.5806315737142854,0.5130709094285713,0.15208792771428564,627.0742,985.0305,627.0820745714283,985.0961948571423,0.9970325,False,False
7ae6904d-8782-4caa-8a1f-a9caf51a24c3,149,2.65198752228164,left_wrist,0.60076326,0.5732476,-0.40604934,0.600668098285714,0.5709988274285711,-0.41265455485714264,648.82434,1100.6354,648.7215394285711,1096.3177485714277,0.81100404,False,False
7ae6904d-8782-4caa-8a1f-a9caf51a24c3,149,2.65198752228164,nose,0.53109604,0.45949426,-0.316363,0.531097244285714,0.45943616371428553,-0.3131743128571427,573.58374,882.229,573.5850171428569,882.1174445714281,0.9987201,False,False
7ae6904d-8782-4caa-8a1f-a9caf51a24c3,149,2.65198752228164,right_ankle,0.41995123,0.89722705,0.054322485,0.419971047142857,0.8972461591428567,0.06521031677142854,453.54733,1722.6759,453.56872257142834,1722.7126114285707,0.9473179,False,False
7ae6904d-8782-4caa-8a1f-a9caf51a24c3,149,2.65198752228164,right_elbow,0.4055707,0.59619117,-0.20541611,0.40558786514285694,0.5962081199999998,-0.1988301902857142,438.01633,1144.687,438.0348888571426,1144.7195457142852,0.9877722,False,False
7ae6904d-8782-4caa-8a1f-a9caf51a24c3,149,2.65198752228164,right_foot_index,0.48049277,0.942254,-0.19545348,0.4803119728571426,0.9422471154285709,-0.18467135485714276,518.9322,1809.1277,518.7369334285712,1809.1144914285705,0.93044096,False,False
7ae6904d-8782-4caa-8a1f-a9caf51a24c3,149,2.65198752228164,right_heel,0.4034635,0.91536504,0.06120253,0.4035168159999998,0.9153831094285709,0.07259632462857138,435.7406,1757.5009,435.7981657142855,1757.5356399999991,0.75306356,False,False
7ae6904d-8782-4caa-8a1f-a9caf51a24c3,149,2.65198752228164,right_hip,0.46457422,0.65996003,-0.102355555,0.46452209285714263,0.6600167745714283,-0.1018120386571428,501.74014,1267.1233,501.68384971428554,1267.2322514285709,0.99659497,False,False
7ae6904d-8782-4caa-8a1f-a9caf51a24c3,149,2.65198752228164,right_knee,0.44043052,0.7821806,-0.143743,0.4404553557142855,0.7822474759999996,-0.13927009599999995,475.66498,1501.7867,475.69178371428546,1501.9151514285707,0.9677363,False,False
7ae6904d-8782-4caa-8a1f-a9caf51a24c3,149,2.65198752228164,right_shoulder,0.42888516,0.5182558,-0.08716729,0.42878969485714263,0.5182791485714284,-0.0873463394285714,463.19598,995.0511,463.09287257142836,995.095946571428,0.99936754,False,False
7ae6904d-8782-4caa-8a1f-a9caf51a24c3,149,2.65198752228164,right_wrist,0.52839077,0.5664155,-0.39704105,0.5282586345714283,0.5660468248571426,-0.3840783414285712,570.66205,1087.5177,570.5193091428569,1086.8099057142852,0.9811666,False,False
7ae6904d-8782-4caa-8a1f-a9caf51a24c3,150,2.6697860962566846,left_ankle,0.48088527,0.8786424,0.36200893,0.4809155905714284,0.8785297979999995,0.3654340779999998,519.3561,1686.9934,519.3888514285711,1686.7772371428564,0.8610633,False,False
7ae6904d-8782-4caa-8a1f-a9caf51a24c3,150,2.6697860962566846,left_elbow,0.586071,0.5805351,0.044880755,0.5856216419999997,0.5804734619999996,0.04522608234285712,632.95667,1114.6274,632.4713659999996,1114.509045714285,0.6330731,False,False
7ae6904d-8782-4caa-8a1f-a9caf51a24c3,150,2.6697860962566846,left_foot_index,0.54026276,0.91734254,0.16638468,0.5402958345714283,0.917329061428571,0.17323262742857135,583.48376,1761.2977,583.5194848571425,1761.2717971428563,0.88897264,False,False
7ae6904d-8782-4caa-8a1f-a9caf51a24c3,150,2.6697860962566846,left_heel,0.4519773,0.89089453,0.37602517,0.45197956628571406,0.890792239428571,0.379173813142857,488.1355,1710.5175,488.1379411428569,1710.3210599999993,0.81659734,False,False
7ae6904d-8782-4caa-8a1f-a9caf51a24c3,150,2.6697860962566846,left_hip,0.54869604,0.6644881,0.0971074,0.5487421294285711,0.6644639714285712,0.09812446634285708,592.59174,1275.8171,592.6415168571425,1275.7707542857138,0.9944656,False,False
7ae6904d-8782-4caa-8a1f-a9caf51a24c3,150,2.6697860962566846,left_knee,0.528696,0.7798887,0.08570469,0.5287054885714284,0.779865159428571,0.08924869971428567,570.9917,1497.3862,571.0019394285712,1497.3410199999992,0.7913241,False,False
7ae6904d-8782-4caa-8a1f-a9caf51a24c3,150,2.6697860962566846,left_shoulder,0.5805376,0.512705,0.14746556,0.5804832271428568,0.5126733714285712,0.14732382199999994,626.98065,984.3937,626.9219074285711,984.3329542857136,0.99718904,False,False
7ae6904d-8782-4caa-8a1f-a9caf51a24c3,150,2.6697860962566846,left_wrist,0.5979255,0.56937057,-0.413908,0.5983231439999996,0.5705039459999998,-0.4128125517142855,645.7595,1093.1915,646.1889851428568,1095.367571428571,0.81247455,False,False
7ae6904d-8782-4caa-8a1f-a9caf51a24c3,150,2.6697860962566846,nose,0.5312056,0.45964578,-0.3062136,0.5312034785714282,0.4596835491428569,-0.3099438128571427,573.702,882.5199,573.6997499999997,882.592419428571,0.9987165,False,False
7ae6904d-8782-4caa-8a1f-a9caf51a24c3,150,2.6697860962566846,right_ankle,0.41998696,0.89723706,0.08560624,0.41997801828571407,0.8972238719999995,0.07321246771428568,453.5859,1722.6952,453.5762554285712,1722.6698714285708,0.9494619,False,False
7ae6904d-8782-4caa-8a1f-a9caf51a24c3,150,2.6697860962566846,right_elbow,0.40172687,0.5962826,-0.18596739,0.40214305485714263,0.5962446037142854,-0.19070737371428562,433.86502,1144.8625,434.3144937142855,1144.7895657142851,0.98808813,False,False
7ae6904d-8782-4caa-8a1f-a9caf51a24c3,150,2.6697860962566846,right_foot_index,0.47945952,0.9422729,-0.16165493,0.47958073457142836,0.9422736465714281,-0.17371015485714278,517.8163,1809.164,517.9472097142855,1809.1654485714278,0.932524,False,False
7ae6904d-8782-4caa-8a1f-a9caf51a24c3,150,2.6697860962566846,right_heel,0.40365723,0.9153637,0.09404871,0.40363254599999976,0.9153609142857139,0.08088975599999997,435.9498,1757.4984,435.92315142857115,1757.4930085714277,0.757848,False,False
7ae6904d-8782-4caa-8a1f-a9caf51a24c3,150,2.6697860962566846,right_hip,0.46358553,0.660019,-0.09688258,0.4636548454285712,0.6600023011428569,-0.09789636142857137,500.67236,1267.2365,500.74722285714256,1267.204425714285,0.9964586,False,False
7ae6904d-8782-4caa-8a1f-a9caf51a24c3,150,2.6697860962566846,right_knee,0.43963373,0.78227353,-0.1290812,0.4396237751428569,0.7821939802857139,-0.13306463771428564,474.8044,1501.9652,474.7936719999998,1501.8124314285706,0.96908313,False,False
7ae6904d-8782-4caa-8a1f-a9caf51a24c3,150,2.6697860962566846,right_shoulder,0.42820296,0.5185109,-0.06671783,0.4281284117142855,0.5184499014285712,-0.0705690581428571,462.4592,995.5409,462.37869114285695,995.423776571428,0.9993879,False,False
7ae6904d-8782-4caa-8a1f-a9caf51a24c3,150,2.6697860962566846,right_wrist,0.52059656,0.56596744,-0.39322844,0.5207231788571427,0.5664231477142854,-0.3985725868571427,562.24426,1086.6575,562.3810205714283,1087.5324114285709,0.9810634,False,False
7ae6904d-8782-4caa-8a1f-a9caf51a24c3,151,2.687584670231729,left_ankle,0.48103598,0.8786577,0.36567506,0.4810431585714283,0.8786936965714283,0.3624877725714284,519.51886,1687.0228,519.5266034285712,1687.0919114285705,0.8658335,False,False
7ae6904d-8782-4caa-8a1f-a9caf51a24c3,151,2.687584670231729,left_elbow,0.58731645,0.58093435,0.0418078,0.5870782585714283,0.5809481877142855,0.04302279074285712,634.30176,1115.3939,634.0445125714282,1115.4205057142854,0.63425565,False,False
7ae6904d-8782-4caa-8a1f-a9caf51a24c3,151,2.687584670231729,left_foot_index,0.540264,0.9173624,0.1739381,0.5402404662857141,0.9173611237142854,0.16853619199999992,583.4851,1761.3358,583.4596917142854,1761.3333828571422,0.8925797,False,False
7ae6904d-8782-4caa-8a1f-a9caf51a24c3,151,2.687584670231729,left_heel,0.45209986,0.89090717,0.37982127,0.45215210371428555,0.8909418928571424,0.37686772457142836,488.26785,1710.5417,488.3242765714283,1710.6084199999991,0.8210317,False,False
7ae6904d-8782-4caa-8a1f-a9caf51a24c3,151,2.687584670231729,left_hip,0.548485,0.6644385,0.09645054,0.5484322822857141,0.6644562257142854,0.09585109148571425,592.3638,1275.7219,592.3068711428568,1275.7559628571423,0.9944253,False,False
7ae6904d-8782-4caa-8a1f-a9caf51a24c3,151,2.687584670231729,left_knee,0.52875316,0.7798536,0.08898469,0.5286783057142854,0.7798645379999996,0.08588092899999997,571.0534,1497.3188,570.9725679999997,1497.3398342857136,0.7966325,False,False
7ae6904d-8782-4caa-8a1f-a9caf51a24c3,151,2.687584670231729,left_shoulder,0.5801445,0.5124632,0.14433901,0.5802102771428568,0.512486280285714,0.1460527848571428,626.5561,983.9294,626.6271297142853,983.9737108571424,0.9973644,False,False
7ae6904d-8782-4caa-8a1f-a9caf51a24c3,151,2.687584670231729,left_wrist,0.59741056,0.56780976,-0.42015454,0.5970370411428569,0.5676178559999998,-0.4176020799999998,645.2034,1090.1947,644.7999702857139,1089.8262485714279,0.8173336,False,False
7ae6904d-8782-4caa-8a1f-a9caf51a24c3,151,2.687584670231729,nose,0.53130674,0.45976537,-0.30677935,0.531296713142857,0.4597218905714283,-0.30299477799999985,573.8113,882.7495,573.8004279999998,882.6660228571424,0.99875844,False,False
7ae6904d-8782-4caa-8a1f-a9caf51a24c3,151,2.687584670231729,right_ankle,0.41998762,0.897197,0.0694587,0.41999366542857125,0.8972014262857139,0.07553846408571427,453.58664,1722.6183,453.5931611428569,1722.6267599999992,0.9514366,False,False
7ae6904d-8782-4caa-8a1f-a9caf51a24c3,151,2.687584670231729,right_elbow,0.3996602,0.59623027,-0.18289301,0.3989011262857141,0.5962659502857139,-0.1793574397142856,431.63303,1144.7621,430.813225142857,1144.8306028571421,0.98832804,False,False
7ae6904d-8782-4caa-8a1f-a9caf51a24c3,151,2.687584670231729,right_foot_index,0.47870737,0.942326,-0.17457427,0.47867820057142835,0.9423376485714281,-0.16926135314285706,517.00397,1809.266,516.9724682857141,1809.2883371428563,0.93449277,False,False
7ae6904d-8782-4caa-8a1f-a9caf51a24c3,151,2.687584670231729,right_heel,0.4037694,0.91534907,0.07661486,0.4037804159999998,0.915350933428571,0.08316941351428568,436.07095,1757.4702,436.0828471428569,1757.473782857142,0.7627658,False,False
7ae6904d-8782-4caa-8a1f-a9caf51a24c3,151,2.687584670231729,right_hip,0.46278757,0.6600293,-0.09626065,0.4627639274285712,0.6600405739999997,-0.09565917699999994,499.81058,1267.2562,499.78503628571406,1267.2778599999997,0.99643517,False,False
7ae6904d-8782-4caa-8a1f-a9caf51a24c3,151,2.687584670231729,right_knee,0.43888775,0.7820566,-0.13028468,0.43890148657142836,0.7821254217142853,-0.12910962371428564,473.99878,1501.5487,474.01359999999977,1501.6808714285708,0.97041225,False,False
7ae6904d-8782-4caa-8a1f-a9caf51a24c3,151,2.687584670231729,right_shoulder,0.42703617,0.5184566,-0.06527921,0.42716117485714267,0.5184827968571426,-0.06102010117142855,461.19907,995.43665,461.33407428571405,995.4869505714281,0.99941635,False,False
7ae6904d-8782-4caa-8a1f-a9caf51a24c3,151,2.687584670231729,right_wrist,0.5143955,0.56712013,-0.39272118,0.5147150145714283,0.5670572345714282,-0.38859459085714265,555.5471,1088.8706,555.8921848571426,1088.7498714285707,0.9809285,False,False
7ae6904d-8782-4caa-8a1f-a9caf51a24c3,152,2.705383244206774,left_ankle,0.48122752,0.87868154,0.36245424,0.48118020828571406,0.8786863151428568,0.36473355685714265,519.7257,1687.0686,519.674626285714,1687.077745714285,0.87013745,False,False
7ae6904d-8782-4caa-8a1f-a9caf51a24c3,152,2.705383244206774,left_elbow,0.587425,0.58177316,0.04095033,0.5876412074285711,0.581903586285714,0.03853961545714284,634.419,1117.0045,634.6525097142853,1117.2548799999995,0.6379091,False,False
7ae6904d-8782-4caa-8a1f-a9caf51a24c3,152,2.705383244206774,left_foot_index,0.5402836,0.91736835,0.17160675,0.5402797205714283,0.9173800551428567,0.17547715457142848,583.5063,1761.3473,583.5020957142855,1761.3697399999992,0.8956681,False,False
7ae6904d-8782-4caa-8a1f-a9caf51a24c3,152,2.705383244206774,left_heel,0.45241734,0.89092284,0.3775702,0.45233311799999976,0.8909234082857138,0.3797433134285712,488.61072,1710.5719,488.5197599999998,1710.572962857142,0.824403,False,False
7ae6904d-8782-4caa-8a1f-a9caf51a24c3,152,2.705383244206774,left_hip,0.54794055,0.66444725,0.09534481,0.5479255945714283,0.664435032285714,0.09561702914285708,591.7758,1275.7388,591.7596411428568,1275.715288571428,0.9944224,False,False
7ae6904d-8782-4caa-8a1f-a9caf51a24c3,152,2.705383244206774,left_knee,0.52841324,0.77986914,0.08547098,0.5284649128571427,0.7798743908571425,0.0871745831428571,570.6863,1497.3488,570.7421051428569,1497.358845714285,0.8019843,False,False
7ae6904d-8782-4caa-8a1f-a9caf51a24c3,152,2.705383244206774,left_shoulder,0.5798484,0.51242256,0.14886025,0.5797528628571426,0.5124086648571425,0.1466832202857142,626.23627,983.8513,626.1331239999997,983.8246428571424,0.9975228,False,False
7ae6904d-8782-4caa-8a1f-a9caf51a24c3,152,2.705383244206774,left_wrist,0.5961843,0.5664657,-0.41576472,0.5963251234285711,0.5663985831428568,-0.4187812517142855,643.879,1087.6141,644.0311188571425,1087.4852542857138,0.82188857,False,False
7ae6904d-8782-4caa-8a1f-a9caf51a24c3,152,2.705383244206774,nose,0.5313312,0.4596988,-0.2975436,0.5313343937142855,0.4596982917142855,-0.3013516937142856,573.83765,882.6217,573.8411299999997,882.6207314285709,0.9988052,False,False
7ae6904d-8782-4caa-8a1f-a9caf51a24c3,152,2.705383244206774,right_ankle,0.41999212,0.897209,0.064934164,0.41998505542857123,0.8972078977142853,0.06517266708571426,453.5915,1722.6412,453.58387057142835,1722.6391342857137,0.9531454,False,False
7ae6904d-8782-4caa-8a1f-a9caf51a24c3,152,2.705383244206774,right_elbow,0.39490876,0.5961732,-0.17547002,0.3952721362857141,0.5960966991428568,-0.1790737562857142,426.50146,1144.6526,426.8939122857141,1144.5057028571423,0.9885642,False,False
7ae6904d-8782-4caa-8a1f-a9caf51a24c3,152,2.705383244206774,right_foot_index,0.4780549,0.94247526,-0.17902441,0.4780632682857141,0.9424669371428567,-0.1776630399999999,516.2993,1809.5525,516.308341142857,1809.5365314285707,0.9360133,False,False
7ae6904d-8782-4caa-8a1f-a9caf51a24c3,152,2.705383244206774,right_heel,0.4039011,0.9153451,0.072065294,0.40389811457142843,0.9153256239999996,0.07223796799999997,436.2132,1757.4625,436.20997371428547,1757.4251542857135,0.7660429,False,False
7ae6904d-8782-4caa-8a1f-a9caf51a24c3,152,2.705383244206774,right_hip,0.46188816,0.66005284,-0.09517972,0.46186291114285694,0.6600476045714283,-0.0954521148571428,498.8392,1267.3014,498.81194114285694,1267.2913542857136,0.99640626,False,False
7ae6904d-8782-4caa-8a1f-a9caf51a24c3,152,2.705383244206774,right_knee,0.43816754,0.7820789,-0.13203368,0.43817562714285696,0.7820583859999996,-0.13116389085714278,473.22095,1501.5916,473.2296937142855,1501.5521714285705,0.9715646,False,False
7ae6904d-8782-4caa-8a1f-a9caf51a24c3,152,2.705383244206774,right_shoulder,0.42624092,0.51841235,-0.054247025,0.4261536945714284,0.518416705142857,-0.057170418457142824,460.3402,995.3517,460.24599657142835,995.3600519999995,0.9994415,False,False
7ae6904d-8782-4caa-8a1f-a9caf51a24c3,152,2.705383244206774,right_wrist,0.5104489,0.56831616,-0.38483837,0.5096330705714283,0.5682552617142853,-0.391739527142857,551.2848,1091.167,550.403686285714,1091.0500599999993,0.98075306,False,False
7ae6904d-8782-4caa-8a1f-a9caf51a24c3,153,2.723181818181818,left_ankle,0.48123553,0.8787211,0.3664119,0.48127284742857124,0.878728339428571,0.36483662828571406,519.7344,1687.1445,519.7746719999998,1687.158419999999,0.8740573,False,False
7ae6904d-8782-4caa-8a1f-a9caf51a24c3,153,2.723181818181818,left_elbow,0.58823484,0.5830323,0.031451102,0.5881563059999998,0.5827840825714283,0.033649148171428556,635.29364,1119.422,635.208804285714,1118.9454371428567,0.6464206,False,False
7ae6904d-8782-4caa-8a1f-a9caf51a24c3,153,2.723181818181818,left_foot_index,0.5402848,0.9174153,0.182236,0.5402829999999998,0.917407491428571,0.1796086042857142,583.50757,1761.4374,583.5056294285711,1761.4224257142848,0.8987454,False,False
7ae6904d-8782-4caa-8a1f-a9caf51a24c3,153,2.723181818181818,left_heel,0.45240936,0.89093983,0.38189352,0.4524516454285712,0.8909457108571424,0.3802172665714284,488.6021,1710.6045,488.6477711428569,1710.6157542857134,0.8281521,False,False
7ae6904d-8782-4caa-8a1f-a9caf51a24c3,153,2.723181818181818,left_hip,0.5471717,0.6643685,0.09549395,0.5472391674285713,0.6644107537142854,0.09532739599999995,590.94543,1275.5875,591.0183017142854,1275.6686799999993,0.99451965,False,False
7ae6904d-8782-4caa-8a1f-a9caf51a24c3,153,2.723181818181818,left_knee,0.5280704,0.77991325,0.08786427,0.5280252079999997,0.7799594859999996,0.08706967628571424,570.31604,1497.4335,570.267222285714,1497.5222742857136,0.8068029,False,False
7ae6904d-8782-4caa-8a1f-a9caf51a24c3,153,2.723181818181818,left_shoulder,0.5792853,0.51242507,0.1467923,0.579438454285714,0.5124266805714284,0.14821278199999993,625.6282,983.85614,625.7935754285711,983.8592137142853,0.9976998,False,False
7ae6904d-8782-4caa-8a1f-a9caf51a24c3,153,2.723181818181818,left_wrist,0.5955703,0.5654778,-0.421493,0.5955350062857141,0.5657402348571426,-0.4198003451428569,643.21594,1085.7174,643.1778074285712,1086.2212542857137,0.82988584,False,False
7ae6904d-8782-4caa-8a1f-a9caf51a24c3,153,2.723181818181818,nose,0.5313277,0.4597991,-0.30214304,0.5313322617142855,0.4598501265714283,-0.29946278257142844,573.8339,882.8143,573.8388114285711,882.9122457142853,0.9988774,False,False
7ae6904d-8782-4caa-8a1f-a9caf51a24c3,153,2.723181818181818,right_ankle,0.41996884,0.89732355,0.06015635,0.4199752634285712,0.8973702899999995,0.05721080248571426,453.56635,1722.8612,453.57328942857123,1722.950925714285,0.95494324,False,False
7ae6904d-8782-4caa-8a1f-a9caf51a24c3,153,2.723181818181818,right_elbow,0.39186648,0.59583414,-0.18422379,0.3921347194285712,0.5958987419999997,-0.18208752685714275,423.2158,1144.0016,423.50549371428554,1144.1256542857138,0.9886912,False,False
7ae6904d-8782-4caa-8a1f-a9caf51a24c3,153,2.723181818181818,right_foot_index,0.477661,0.94264674,-0.18180229,0.47767876171428547,0.9426766457142853,-0.18638422942857133,515.8739,1809.8817,515.8930768571427,1809.939137142856,0.9378022,False,False
7ae6904d-8782-4caa-8a1f-a9caf51a24c3,153,2.723181818181818,right_heel,0.4040249,0.915354,0.067094535,0.4040121482857141,0.9154169682857138,0.06398619737142855,436.3469,1757.4797,436.3331231428569,1757.6005228571419,0.770216,False,False
7ae6904d-8782-4caa-8a1f-a9caf51a24c3,153,2.723181818181818,right_hip,0.46087095,0.66002,-0.09534693,0.4609097502857141,0.6600445417142853,-0.09518164371428567,497.74063,1267.2384,497.7825288571426,1267.285508571428,0.9964566,False,False
7ae6904d-8782-4caa-8a1f-a9caf51a24c3,153,2.723181818181818,right_knee,0.4372878,0.7820866,-0.13271743,0.43716707399999977,0.7821388299999996,-0.13421992771428565,472.27084,1501.6063,472.1404411428569,1501.7066114285706,0.9727312,False,False
7ae6904d-8782-4caa-8a1f-a9caf51a24c3,153,2.723181818181818,right_shoulder,0.42521495,0.51839197,-0.054706473,0.4252828879999998,0.5183857779999999,-0.053671716942857106,459.23215,995.31256,459.30552228571406,995.3006962857137,0.9994727,False,False
7ae6904d-8782-4caa-8a1f-a9caf51a24c3,153,2.723181818181818,right_wrist,0.5056904,0.5687319,-0.40704265,0.5073679271428568,0.5685413065714282,-0.40104188885714265,546.1456,1091.9652,547.9573514285712,1091.5992599999995,0.9806449,False,False
7ae6904d-8782-4caa-8a1f-a9caf51a24c3,154,2.7409803921568625,left_ankle,0.48138762,0.87872785,0.36502144,0.4813941617142855,0.8787760008571424,0.3651838719999998,519.8986,1687.1575,519.9056885714283,1687.2499685714279,0.87763435,False,False
7ae6904d-8782-4caa-8a1f-a9caf51a24c3,154,2.7409803921568625,left_elbow,0.58906174,0.5831709,0.030577876,0.5891900817142854,0.5833582491428568,0.02990504225714284,636.18665,1119.6881,636.3252937142854,1120.0478171428565,0.65901864,False,False
7ae6904d-8782-4caa-8a1f-a9caf51a24c3,154,2.7409803921568625,left_foot_index,0.5402761,0.9174216,0.1835165,0.5402688828571427,0.9174884657142852,0.18374739714285707,583.49817,1761.4495,583.4903922857139,1761.577882857142,0.90147763,False,False
7ae6904d-8782-4caa-8a1f-a9caf51a24c3,154,2.7409803921568625,left_heel,0.45253813,0.8909498,0.3800598,0.452532932285714,0.8910079811428568,0.3803111922857141,488.74118,1710.6235,488.73556142857115,1710.7352971428563,0.8318416,False,False
7ae6904d-8782-4caa-8a1f-a9caf51a24c3,154,2.7409803921568625,left_hip,0.54646194,0.66419894,0.09542581,0.5463840917142855,0.6640664128571425,0.09549281028571424,590.1789,1275.262,590.0948194285711,1275.0075142857138,0.994593,False,False
7ae6904d-8782-4caa-8a1f-a9caf51a24c3,154,2.7409803921568625,left_knee,0.52751595,0.7799026,0.0889899,0.5275499631428568,0.7798307302857139,0.08894538908571423,569.7172,1497.413,569.7539457142855,1497.2750171428565,0.8113577,False,False
7ae6904d-8782-4caa-8a1f-a9caf51a24c3,154,2.7409803921568625,left_shoulder,0.5792058,0.51247483,0.14929686,0.579089644285714,0.5124778642857141,0.14885557371428565,625.5423,983.95166,625.4168631428568,983.9574997142852,0.99787,False,False
7ae6904d-8782-4caa-8a1f-a9caf51a24c3,154,2.7409803921568625,left_wrist,0.5952492,0.5657685,-0.42290097,0.5954215199999997,0.5654096699999998,-0.42324369599999984,642.86914,1086.2755,643.0552274285711,1085.586528571428,0.8382282,False,False
7ae6904d-8782-4caa-8a1f-a9caf51a24c3,154,2.7409803921568625,nose,0.5313077,0.46042523,-0.2997866,0.5313295665714284,0.46041462199999983,-0.3007807194285712,573.8123,884.0164,573.8359211428569,883.9960599999996,0.9989482,False,False
7ae6904d-8782-4caa-8a1f-a9caf51a24c3,154,2.7409803921568625,right_ankle,0.41996858,0.897604,0.04046644,0.4199620125714284,0.8975325528571424,0.04215348091428569,453.56607,1723.3997,453.5589762857141,1723.2625057142848,0.9566722,False,False
7ae6904d-8782-4caa-8a1f-a9caf51a24c3,154,2.7409803921568625,right_elbow,0.3906879,0.59582835,-0.1876361,0.390299489142857,0.5958465608571426,-0.18768453371428562,421.94293,1143.9905,421.52345628571413,1144.0254457142853,0.98904085,False,False
7ae6904d-8782-4caa-8a1f-a9caf51a24c3,154,2.7409803921568625,right_foot_index,0.47758693,0.9428636,-0.2055875,0.47758198257142837,0.9428080657142852,-0.20216262371428562,515.7939,1810.2981,515.7885685714283,1810.191437142856,0.93946016,False,False
7ae6904d-8782-4caa-8a1f-a9caf51a24c3,154,2.7409803921568625,right_heel,0.4041482,0.9156052,0.046382576,0.40414356714285693,0.9155368171428566,0.04821325494285712,436.48004,1757.9619,436.4750462857141,1757.8306885714278,0.77469754,False,False
7ae6904d-8782-4caa-8a1f-a9caf51a24c3,154,2.7409803921568625,right_hip,0.46001416,0.65992224,-0.09529148,0.4599841951428569,0.6598353617142855,-0.09535539371428567,496.8153,1267.0507,496.78294285714264,1266.8838914285707,0.9965187,False,False
7ae6904d-8782-4caa-8a1f-a9caf51a24c3,154,2.7409803921568625,right_knee,0.43596888,0.7820652,-0.1408727,0.4361766368571427,0.7819426799999996,-0.14007445828571422,470.84637,1501.5652,471.07076742857123,1501.3299399999992,0.97381896,False,False
7ae6904d-8782-4caa-8a1f-a9caf51a24c3,154,2.7409803921568625,right_shoulder,0.42437363,0.51835847,-0.053636495,0.4242674557142855,0.5183640037142854,-0.05316508279999997,458.32352,995.2483,458.20885399999975,995.2588891428566,0.9995065,False,False
7ae6904d-8782-4caa-8a1f-a9caf51a24c3,154,2.7409803921568625,right_wrist,0.50657165,0.5682542,-0.41628316,0.5045496191428569,0.5686718377142854,-0.4207460019999998,547.0974,1091.048,544.9135885714282,1091.8498828571423,0.9810493,False,False
7ae6904d-8782-4caa-8a1f-a9caf51a24c3,155,2.7587789661319078,left_ankle,0.48157603,0.8785688,0.36413443,0.4815407791428569,0.8784296565714282,0.36516037514285693,520.1021,1686.8522,520.0640171428568,1686.5849771428564,0.88114536,False,False
7ae6904d-8782-4caa-8a1f-a9caf51a24c3,155,2.7587789661319078,left_elbow,0.5901377,0.58354396,0.02995454,0.5900144274285712,0.5834354799999998,0.029831902999999986,637.34875,1120.4044,637.215572285714,1120.196105714285,0.67235327,False,False
7ae6904d-8782-4caa-8a1f-a9caf51a24c3,155,2.7587789661319078,left_foot_index,0.540287,0.9173967,0.18379185,0.5402963454285712,0.9172718228571424,0.1851244662857142,583.51,1761.4017,583.5200671428568,1761.1619228571417,0.904194,False,False
7ae6904d-8782-4caa-8a1f-a9caf51a24c3,155,2.7587789661319078,left_heel,0.45277253,0.8908758,0.3788939,0.4527546242857141,0.8907567111428567,0.37988937028571407,488.99432,1710.4816,488.97498457142837,1710.2528628571422,0.8356063,False,False
7ae6904d-8782-4caa-8a1f-a9caf51a24c3,155,2.7587789661319078,left_hip,0.54530764,0.6634423,0.09561137,0.5453586271428568,0.6635744714285712,0.0955998731428571,588.93225,1273.8092,588.9873171428568,1274.0629828571418,0.99474424,False,False
7ae6904d-8782-4caa-8a1f-a9caf51a24c3,155,2.7587789661319078,left_knee,0.52706844,0.77921444,0.09094347,0.5270664137142854,0.7791546037142852,0.09205971308571424,569.2339,1496.0917,569.2317057142853,1495.9768171428564,0.8153024,False,False
7ae6904d-8782-4caa-8a1f-a9caf51a24c3,155,2.7587789661319078,left_shoulder,0.5785737,0.51255715,0.15096334,0.5785670597142853,0.5125510308571426,0.1508346365714285,624.8596,984.10974,624.8524257142853,984.0979868571424,0.9980429,False,False
7ae6904d-8782-4caa-8a1f-a9caf51a24c3,155,2.7587789661319078,left_wrist,0.5953134,0.5651985,-0.42529786,0.595103404285714,0.5653551205714283,-0.4259997948571426,642.9384,1085.181,642.7116445714282,1085.4817628571423,0.8480359,False,False
7ae6904d-8782-4caa-8a1f-a9caf51a24c3,155,2.7587789661319078,nose,0.53122944,0.46134084,-0.30095288,0.5312227079999997,0.46134964971428544,-0.301153399142857,573.7278,885.7744,573.7205331428569,885.7912985714281,0.9990216,False,False
7ae6904d-8782-4caa-8a1f-a9caf51a24c3,155,2.7587789661319078,right_ankle,0.4199672,0.8975684,0.025570337,0.4199770811428569,0.897599909428571,0.025522207399999986,453.56458,1723.3313,453.57525057142834,1723.3918057142848,0.9582138,False,False
7ae6904d-8782-4caa-8a1f-a9caf51a24c3,155,2.7587789661319078,right_elbow,0.3883981,0.5960174,-0.1891118,0.38852787571428554,0.5959705965714283,-0.18981810285714276,419.46997,1144.3534,419.61011285714267,1144.2635371428564,0.98920125,False,False
7ae6904d-8782-4caa-8a1f-a9caf51a24c3,155,2.7587789661319078,right_foot_index,0.47768673,0.9428001,-0.21960367,0.47769598799999974,0.9428284679999995,-0.22070825028571417,515.9017,1810.1761,515.9116737142854,1810.2306142857135,0.94092506,False,False
7ae6904d-8782-4caa-8a1f-a9caf51a24c3,155,2.7587789661319078,right_heel,0.40442717,0.9155935,0.030873349,0.40446381114285695,0.915620701428571,0.030715765599999983,436.78134,1757.9396,436.82090485714264,1757.991757142856,0.77904284,False,False
7ae6904d-8782-4caa-8a1f-a9caf51a24c3,155,2.7587789661319078,right_hip,0.45914334,0.6594647,-0.09547091,0.4592412488571427,0.6595748617142854,-0.09546109879999996,495.87482,1266.1722,495.9805494285712,1266.3837171428563,0.9966031,False,False
7ae6904d-8782-4caa-8a1f-a9caf51a24c3,155,2.7587789661319078,right_knee,0.4353396,0.78139085,-0.14750712,0.43517881028571404,0.7815031357142853,-0.14718240342857136,470.16678,1500.2704,469.99310914285695,1500.4860228571422,0.97474873,False,False
7ae6904d-8782-4caa-8a1f-a9caf51a24c3,155,2.7587789661319078,right_shoulder,0.42333972,0.5183471,-0.050088186,0.42347231485714265,0.5183409011428568,-0.05106656494285712,457.2069,995.2264,457.35009857142836,995.2145234285709,0.99953806,False,False
7ae6904d-8782-4caa-8a1f-a9caf51a24c3,155,2.7587789661319078,right_wrist,0.49997315,0.5689935,-0.43951792,0.5009895739999997,0.5685874799999998,-0.4367536694285712,539.971,1092.4675,541.0687428571425,1091.6879028571423,0.9813213,False,False
7ae6904d-8782-4caa-8a1f-a9caf51a24c3,156,2.776577540106952,left_ankle,0.48161668,0.8775492,0.3677074,0.481659950285714,0.8775660179999996,0.3688508645714284,520.146,1684.8944,520.1927399999997,1684.9267742857137,0.88446915,False,False
7ae6904d-8782-4caa-8a1f-a9caf51a24c3,156,2.776577540106952,left_elbow,0.5901974,0.58332074,0.029054709,0.5900432394285711,0.5833223857142855,0.02952157174285713,637.41315,1119.9758,637.2466971428569,1119.978971428571,0.67689633,False,False
7ae6904d-8782-4caa-8a1f-a9caf51a24c3,156,2.776577540106952,left_foot_index,0.5404312,0.91656995,0.18871185,0.5404687839999998,0.9165427099999995,0.18989922942857135,583.6657,1759.8143,583.7063088571426,1759.7620142857136,0.90673715,False,False
7ae6904d-8782-4caa-8a1f-a9caf51a24c3,156,2.776577540106952,left_heel,0.45314208,0.8899621,0.38228777,0.45325926428571406,0.889951819428571,0.383497789142857,489.39343,1708.7272,489.51998885714266,1708.707519999999,0.839083,False,False
7ae6904d-8782-4caa-8a1f-a9caf51a24c3,156,2.776577540106952,left_hip,0.5441134,0.66314846,0.09573994,0.5440389228571426,0.6630805828571426,0.09574916928571424,587.64246,1273.245,587.5620197142854,1273.1146628571419,0.99477965,False,False
7ae6904d-8782-4caa-8a1f-a9caf51a24c3,156,2.776577540106952,left_knee,0.5266496,0.7780645,0.096339874,0.5266837639999997,0.7781183628571424,0.0968779142285714,568.78156,1493.8838,568.8184634285712,1493.9871971428563,0.818246,False,False
7ae6904d-8782-4caa-8a1f-a9caf51a24c3,156,2.776577540106952,left_shoulder,0.57770795,0.51262194,0.15152949,0.577732956285714,0.5126287911428569,0.15174603085714278,623.92456,984.23413,623.9515685714283,984.2472717142853,0.9981743,False,False
7ae6904d-8782-4caa-8a1f-a9caf51a24c3,156,2.776577540106952,left_wrist,0.5938449,0.56581485,-0.42999443,0.5936948057142855,0.5661545528571427,-0.4290706202857141,641.3525,1086.3645,641.1903722857139,1087.016691428571,0.8526297,False,False
7ae6904d-8782-4caa-8a1f-a9caf51a24c3,156,2.776577540106952,nose,0.53079605,0.46243334,-0.30452242,0.5307235005714283,0.46248027971428546,-0.30447318657142836,573.25977,887.872,573.1814117142854,887.9621371428566,0.99907297,False,False
7ae6904d-8782-4caa-8a1f-a9caf51a24c3,156,2.776577540106952,right_ankle,0.42001718,0.89756835,0.0154918,0.42003313314285695,0.8975825802857138,0.013342397971428561,453.61856,1723.3312,453.63579457142833,1723.3585428571419,0.9597136,False,False
7ae6904d-8782-4caa-8a1f-a9caf51a24c3,156,2.776577540106952,right_elbow,0.38655362,0.5960504,-0.19149068,0.38656847085714263,0.5960803271428567,-0.19091298542857132,417.4779,1144.4167,417.49394999999976,1144.474188571428,0.9892185,False,False
7ae6904d-8782-4caa-8a1f-a9caf51a24c3,156,2.776577540106952,right_foot_index,0.47787216,0.9427784,-0.23303132,0.4778542877142855,0.9427812628571424,-0.2355167548571427,516.1019,1810.1345,516.0826279999998,1810.1399342857135,0.9422928,False,False
7ae6904d-8782-4caa-8a1f-a9caf51a24c3,156,2.776577540106952,right_heel,0.40507203,0.9156115,0.020152865,0.4051356368571427,0.9156299371428567,0.017889555628571415,437.47778,1757.9741,437.54647828571404,1758.0095428571422,0.7833726,False,False
7ae6904d-8782-4caa-8a1f-a9caf51a24c3,156,2.776577540106952,right_hip,0.45843363,0.6593661,-0.0955971,0.45823476599999974,0.6592887617142854,-0.0956072662285714,495.1083,1265.9829,494.8935445714283,1265.834408571428,0.9966311,False,False
7ae6904d-8782-4caa-8a1f-a9caf51a24c3,156,2.776577540106952,right_knee,0.43410495,0.7808691,-0.15294114,0.434144188285714,0.780717351428571,-0.1544135382857142,468.83334,1499.2687,468.87573171428545,1498.9772971428565,0.97568375,False,False
7ae6904d-8782-4caa-8a1f-a9caf51a24c3,156,2.776577540106952,right_shoulder,0.42297468,0.51832855,-0.04861245,0.42291804942857125,0.5183350205714283,-0.04755833305714283,456.81265,995.1908,456.7514954285712,995.2032199999995,0.9995602,False,False
7ae6904d-8782-4caa-8a1f-a9caf51a24c3,156,2.776577540106952,right_wrist,0.49636576,0.5681878,-0.45163846,0.49646680257142833,0.5683917914285711,-0.4533650302857141,536.075,1090.9205,536.184126285714,1091.3122228571424,0.9810663,False,False
7ae6904d-8782-4caa-8a1f-a9caf51a24c3,157,2.7943761140819965,left_ankle,0.48173675,0.87659764,0.36772752,0.4816971508571426,0.8767151765714281,0.36322777971428555,520.2757,1683.0675,520.2329285714283,1683.293099999999,0.8880042,False,False
7ae6904d-8782-4caa-8a1f-a9caf51a24c3,157,2.7943761140819965,left_elbow,0.5894137,0.5829361,0.028782763,0.5896858942857139,0.582986731428571,0.02775578688571427,636.5668,1119.2373,636.8607399999996,1119.3344914285708,0.677959,False,False
7ae6904d-8782-4caa-8a1f-a9caf51a24c3,157,2.7943761140819965,left_foot_index,0.54071337,0.9156276,0.18837911,0.5406520739999998,0.9157824797142852,0.18337668542857133,583.97046,1758.005,583.9042551428569,1758.3023599999992,0.9092435,False,False
7ae6904d-8782-4caa-8a1f-a9caf51a24c3,157,2.7943761140819965,left_heel,0.4538852,0.88884234,0.38251954,0.45372205057142834,0.8889026965714281,0.37804950742857124,490.196,1706.5773,490.0197971428569,1706.6931342857135,0.842669,False,False
7ae6904d-8782-4caa-8a1f-a9caf51a24c3,157,2.7943761140819965,left_hip,0.54268897,0.6628253,0.09563496,0.5427841677142854,0.6628686319999997,0.0955043661428571,586.10406,1272.6245,586.2068914285712,1272.7077285714279,0.9947814,False,False
7ae6904d-8782-4caa-8a1f-a9caf51a24c3,157,2.7943761140819965,left_knee,0.5262048,0.7773666,0.09477117,0.5261035697142855,0.7774549997142854,0.09022488377142854,568.3012,1492.5438,568.1918577142854,1492.7135742857135,0.82164437,False,False
7ae6904d-8782-4caa-8a1f-a9caf51a24c3,157,2.7943761140819965,left_shoulder,0.57700497,0.5126905,0.1522346,0.5770648748571425,0.512681518,0.1517609239999999,623.16534,984.3657,623.2300457142854,984.3484611428566,0.9982805,False,False
7ae6904d-8782-4caa-8a1f-a9caf51a24c3,157,2.7943761140819965,left_wrist,0.59137565,0.56783736,-0.4301122,0.5915917297142854,0.5672936657142853,-0.4301832305714283,638.6857,1090.2477,638.9190571428567,1089.2038114285706,0.8534985,False,False
7ae6904d-8782-4caa-8a1f-a9caf51a24c3,157,2.7943761140819965,nose,0.5297892,0.46348736,-0.30703637,0.5299479891428568,0.4633722131428569,-0.30641663771428557,572.17236,889.89575,572.3438417142855,889.6746499999995,0.99910367,False,False
7ae6904d-8782-4caa-8a1f-a9caf51a24c3,157,2.7943761140819965,right_ankle,0.42005572,0.89758784,0.0108161,0.42000532857142836,0.8976384782857139,0.01539994425714284,453.6602,1723.3687,453.6057697142855,1723.4658914285706,0.96125096,False,False
7ae6904d-8782-4caa-8a1f-a9caf51a24c3,157,2.7943761140819965,right_elbow,0.38519695,0.5961225,-0.18937233,0.3851753602857141,0.5960951177142855,-0.1889593997142856,416.0127,1144.5552,415.9893797142855,1144.5025971428565,0.98909867,False,False
7ae6904d-8782-4caa-8a1f-a9caf51a24c3,157,2.7943761140819965,right_foot_index,0.47794697,0.9427897,-0.2421642,0.4780670042857141,0.9428225371428567,-0.23672559085714276,516.18274,1810.1561,516.312362285714,1810.219219999999,0.9436919,False,False
7ae6904d-8782-4caa-8a1f-a9caf51a24c3,157,2.7943761140819965,right_heel,0.40586552,0.91563445,0.015645608,0.40570127685714263,0.9156733899999996,0.020747759857142844,438.33475,1758.0182,438.1573702857141,1758.092942857142,0.78791595,False,False
7ae6904d-8782-4caa-8a1f-a9caf51a24c3,157,2.7943761140819965,right_hip,0.4569179,0.65905994,-0.095496394,0.45708496571428553,0.6590932022857139,-0.09536518265714282,493.47134,1265.3951,493.65175657142834,1265.458982857142,0.9966375,False,False
7ae6904d-8782-4caa-8a1f-a9caf51a24c3,157,2.7943761140819965,right_knee,0.4328458,0.7799955,-0.16128357,0.4328285937142855,0.7801909157142853,-0.15914834657142848,467.47348,1497.5913,467.45488771428546,1497.9665314285708,0.976567,False,False
7ae6904d-8782-4caa-8a1f-a9caf51a24c3,157,2.7943761140819965,right_shoulder,0.42259303,0.51834583,-0.04234577,0.4226077419999998,0.5183383068571426,-0.04282060759999998,456.40048,995.224,456.41636028571406,995.2095485714281,0.99957657,False,False
7ae6904d-8782-4caa-8a1f-a9caf51a24c3,157,2.7943761140819965,right_wrist,0.49436206,0.567812,-0.4597859,0.4940736194285712,0.5677577797142854,-0.45653500657142837,533.911,1090.1991,533.5994877142854,1090.0949399999995,0.98059916,False,False
7ae6904d-8782-4caa-8a1f-a9caf51a24c3,158,2.812174688057041,left_ankle,0.4816586,0.8764465,0.34284154,0.48167386057142836,0.8764587022857138,0.34188525999999986,520.1913,1682.7772,520.207774285714,1682.8006771428563,0.8904101,False,False
7ae6904d-8782-4caa-8a1f-a9caf51a24c3,158,2.812174688057041,left_elbow,0.589758,0.5828057,0.02459635,0.5896092711428569,0.5826957817142855,0.026163538685714274,636.9386,1118.9869,636.777984285714,1118.7758971428566,0.6778173,False,False
7ae6904d-8782-4caa-8a1f-a9caf51a24c3,158,2.812174688057041,left_foot_index,0.5406997,0.9155737,0.15904348,0.5407241954285711,0.915536899428571,0.15638749942857133,583.9557,1757.9015,583.9821505714283,1757.830845714285,0.9109251,False,False
7ae6904d-8782-4caa-8a1f-a9caf51a24c3,158,2.812174688057041,left_heel,0.45387316,0.8882701,0.35775045,0.4539407045714283,0.8883649137142853,0.3564562131428569,490.183,1705.4785,490.25595399999975,1705.660582857142,0.84493154,False,False
7ae6904d-8782-4caa-8a1f-a9caf51a24c3,158,2.812174688057041,left_hip,0.541713,0.6627726,0.095012195,0.5416884497142855,0.662776258285714,0.09518034242857137,585.05005,1272.5234,585.0235017142854,1272.5303857142853,0.9947602,False,False
7ae6904d-8782-4caa-8a1f-a9caf51a24c3,158,2.812174688057041,left_knee,0.52528083,0.77740616,0.06955228,0.5253062511428568,0.7773614531428568,0.07055345662857138,567.3033,1492.6199,567.330778285714,1492.5340142857135,0.82405734,False,False
7ae6904d-8782-4caa-8a1f-a9caf51a24c3,158,2.812174688057041,left_shoulder,0.57656944,0.5127042,0.15179165,0.5765096705714283,0.5126982085714282,0.15279441799999993,622.695,984.392,622.6304314285712,984.3805202857138,0.9983604,False,False
7ae6904d-8782-4caa-8a1f-a9caf51a24c3,158,2.812174688057041,left_wrist,0.5901887,0.56752264,-0.42955047,0.5903507154285712,0.568212104285714,-0.430030571142857,637.40375,1089.6434,637.578761428571,1090.9671714285707,0.8532374,False,False
7ae6904d-8782-4caa-8a1f-a9caf51a24c3,158,2.812174688057041,nose,0.52883697,0.4637399,-0.30561027,0.5286521297142854,0.4637768797142855,-0.3058526974285713,571.1439,890.3806,570.9442945714284,890.4516228571423,0.99911046,False,False
7ae6904d-8782-4caa-8a1f-a9caf51a24c3,158,2.812174688057041,right_ankle,0.4198339,0.89744484,0.037204865,0.41985629371428546,0.8972379197142853,0.04149814562857141,453.42062,1723.0941,453.4448094285712,1722.6968485714276,0.9622037,False,False
7ae6904d-8782-4caa-8a1f-a9caf51a24c3,158,2.812174688057041,right_elbow,0.38419732,0.5960797,-0.18409611,0.38426982742857124,0.5960924234285712,-0.18328778485714275,414.9331,1144.473,415.0114085714283,1144.4974371428566,0.9889636,False,False
7ae6904d-8782-4caa-8a1f-a9caf51a24c3,158,2.812174688057041,right_foot_index,0.47792342,0.9427918,-0.21429932,0.47754462628571404,0.9426959885714281,-0.21002983485714272,516.1573,1810.1603,515.7481908571425,1809.9763057142848,0.94432014,False,False
7ae6904d-8782-4caa-8a1f-a9caf51a24c3,158,2.812174688057041,right_heel,0.4058483,0.9154225,0.045181338,0.4059321619999998,0.9152055862857138,0.049582133142857115,438.31616,1757.6112,438.4067197142855,1757.1947228571419,0.7896764,False,False
7ae6904d-8782-4caa-8a1f-a9caf51a24c3,158,2.812174688057041,right_hip,0.4559491,0.658882,-0.09487653,0.45589463628571403,0.6589033865714282,-0.09504277765714281,492.42502,1265.0535,492.3662045714284,1265.0945057142849,0.9965625,False,False
7ae6904d-8782-4caa-8a1f-a9caf51a24c3,158,2.812174688057041,right_knee,0.43168524,0.780036,-0.15946524,0.4317376431428569,0.7799380628571424,-0.1600784605714285,466.22006,1497.6691,466.276656285714,1497.481051428571,0.9770891,False,False
7ae6904d-8782-4caa-8a1f-a9caf51a24c3,158,2.812174688057041,right_shoulder,0.42216998,0.51836646,-0.03672266,0.422156131142857,0.5183820848571427,-0.03594183268571426,455.94357,995.2636,455.9286222857141,995.2936025714281,0.99958456,False,False
7ae6904d-8782-4caa-8a1f-a9caf51a24c3,158,2.812174688057041,right_wrist,0.4913958,0.5674611,-0.45095804,0.49137554228571406,0.5675067154285711,-0.44945351257142835,530.70746,1089.5253,530.6855805714283,1089.6129085714279,0.9800286,False,False
7ae6904d-8782-4caa-8a1f-a9caf51a24c3,159,2.8299732620320857,left_ankle,0.48156658,0.8764569,0.32419318,0.4815841814285712,0.8762969194285709,0.33264744571428556,520.0919,1682.7972,520.1109285714283,1682.4899999999993,0.89311,False,False
7ae6904d-8782-4caa-8a1f-a9caf51a24c3,159,2.8299732620320857,left_elbow,0.5900261,0.5827545,0.023934506,0.5901470539999998,0.5830422257142855,0.022270037085714275,637.22815,1118.8887,637.3587922857139,1119.441094285714,0.67908096,False,False
7ae6904d-8782-4caa-8a1f-a9caf51a24c3,159,2.8299732620320857,left_foot_index,0.5406715,0.91560537,0.13531643,0.5406708597142854,0.9155325299999996,0.14864931971428563,583.92523,1757.9623,583.9245502857141,1757.8224485714275,0.9128653,False,False
7ae6904d-8782-4caa-8a1f-a9caf51a24c3,159,2.8299732620320857,left_heel,0.45388064,0.8882948,0.33829212,0.45391161457142837,0.8881304437142853,0.3473230337142855,490.1911,1705.526,490.22454485714263,1705.2104428571422,0.8473784,False,False
7ae6904d-8782-4caa-8a1f-a9caf51a24c3,159,2.8299732620320857,left_hip,0.5407535,0.6627846,0.095111005,0.5407073025714283,0.6627158434285711,0.09501572071428566,584.01373,1272.5464,583.9638854285711,1272.4144171428566,0.99482906,False,False
7ae6904d-8782-4caa-8a1f-a9caf51a24c3,159,2.8299732620320857,left_knee,0.5246055,0.77743727,0.057038132,0.5247262268571427,0.7773793288571424,0.06237917068571425,566.574,1492.6796,566.7043577142855,1492.568385714285,0.8261582,False,False
7ae6904d-8782-4caa-8a1f-a9caf51a24c3,159,2.8299732620320857,left_shoulder,0.57580715,0.5127092,0.15443984,0.5758172291428569,0.5127347977142855,0.1535549008571428,621.8717,984.4017,621.8826028571426,984.4508177142852,0.9984432,False,False
7ae6904d-8782-4caa-8a1f-a9caf51a24c3,159,2.8299732620320857,left_wrist,0.59004617,0.5674704,-0.43137985,0.5897070071428568,0.566205874285714,-0.4311230602857141,637.2499,1089.5431,636.883574285714,1087.1152342857138,0.85412407,False,False
7ae6904d-8782-4caa-8a1f-a9caf51a24c3,159,2.8299732620320857,nose,0.5267149,0.46377134,-0.30458987,0.5267251839999997,0.463783200285714,-0.3050275588571427,568.8521,890.441,568.8631948571426,890.463749428571,0.9991076,False,False
7ae6904d-8782-4caa-8a1f-a9caf51a24c3,159,2.8299732620320857,right_ankle,0.4196907,0.89636654,0.06684154,0.41978139771428546,0.8965300125714282,0.052502521942857136,453.26596,1721.0238,453.36391342857115,1721.3376257142847,0.96274614,False,False
7ae6904d-8782-4caa-8a1f-a9caf51a24c3,159,2.8299732620320857,right_elbow,0.38367584,0.59608746,-0.1818189,0.3835466539999998,0.5960986714285712,-0.18555481628571419,414.3699,1144.4879,414.23037599999975,1144.5094399999994,0.9887246,False,False
7ae6904d-8782-4caa-8a1f-a9caf51a24c3,159,2.8299732620320857,right_foot_index,0.47641337,0.9423594,-0.18018413,0.47674245199999976,0.9424039542857138,-0.19432072828571417,514.5264,1809.3301,514.8818365714283,1809.4156085714276,0.9446983,False,False
7ae6904d-8782-4caa-8a1f-a9caf51a24c3,159,2.8299732620320857,right_heel,0.4059772,0.9142815,0.07706471,0.4061166417142855,0.9144737357142851,0.06164612683142855,438.45535,1755.4204,438.6059662857141,1755.7894942857133,0.7900046,False,False
7ae6904d-8782-4caa-8a1f-a9caf51a24c3,159,2.8299732620320857,right_hip,0.45493108,0.65878,-0.094976045,0.45490874028571404,0.6587034837142853,-0.09488308408571425,491.32556,1264.8575,491.30143571428545,1264.7106457142852,0.99647444,False,False
7ae6904d-8782-4caa-8a1f-a9caf51a24c3,159,2.8299732620320857,right_knee,0.4309471,0.7799767,-0.15932792,0.43092394171428555,0.7799863599999995,-0.1604022602857142,465.42285,1497.5553,465.3978428571426,1497.5738571428565,0.97726613,False,False
7ae6904d-8782-4caa-8a1f-a9caf51a24c3,159,2.8299732620320857,right_shoulder,0.4215091,0.51844573,-0.031637862,0.42148855685714265,0.5184287748571426,-0.033534176828571405,455.22983,995.4158,455.20763514285693,995.3832525714281,0.9995867,False,False
7ae6904d-8782-4caa-8a1f-a9caf51a24c3,159,2.8299732620320857,right_wrist,0.48826587,0.56736267,-0.45007977,0.4883774888571426,0.5672874068571425,-0.4625163119999997,527.32715,1089.3363,527.4476934285711,1089.1917942857137,0.9794794,False,False
7ae6904d-8782-4caa-8a1f-a9caf51a24c3,160,2.84777183600713,left_ankle,0.481467,0.8758476,0.35408276,0.48143839714285686,0.8759669057142853,0.3493896422857141,519.9844,1681.6273,519.9534914285712,1681.8564142857135,0.89339566,False,False
7ae6904d-8782-4caa-8a1f-a9caf51a24c3,160,2.84777183600713,left_elbow,0.59074897,0.58388984,0.015952399,0.5906300739999998,0.5836199685714283,0.01674869176857142,638.0089,1121.0685,637.8804708571425,1120.550348571428,0.6938494,False,False
7ae6904d-8782-4caa-8a1f-a9caf51a24c3,160,2.84777183600713,left_foot_index,0.5406243,0.91534907,0.18279587,0.5406378857142854,0.9153993645714281,0.17483246857142848,583.87427,1757.4702,583.8889211428568,1757.5667571428562,0.9135196,False,False
7ae6904d-8782-4caa-8a1f-a9caf51a24c3,160,2.84777183600713,left_heel,0.4538943,0.8878597,0.3695556,0.4538209928571426,0.8879629257142854,0.36445845857142833,490.20584,1704.6907,490.12666914285694,1704.8888371428566,0.8473314,False,False
7ae6904d-8782-4caa-8a1f-a9caf51a24c3,160,2.84777183600713,left_hip,0.5396649,0.66261286,0.09520903,0.5397052199999998,0.6626293265714283,0.09531090785714282,582.83813,1272.2167,582.8816205714284,1272.2482942857134,0.9950329,False,False
7ae6904d-8782-4caa-8a1f-a9caf51a24c3,160,2.84777183600713,left_knee,0.52461004,0.7772356,0.08190326,0.5245230425714282,0.7772707445714281,0.07941249611428568,566.57886,1492.2924,566.4849205714283,1492.3598399999992,0.82618284,False,False
7ae6904d-8782-4caa-8a1f-a9caf51a24c3,160,2.84777183600713,left_shoulder,0.5748212,0.51282156,0.15271941,0.5747715937142854,0.5128010091428569,0.15281162399999992,620.8069,984.6174,620.7533062857141,984.5779405714281,0.9985619,False,False
7ae6904d-8782-4caa-8a1f-a9caf51a24c3,160,2.84777183600713,left_wrist,0.58882,0.5622366,-0.43306977,0.5890642128571426,0.5633744674285712,-0.4334293388571427,635.9256,1079.4943,636.1893471428568,1081.6789771428566,0.8642077,False,False
7ae6904d-8782-4caa-8a1f-a9caf51a24c3,160,2.84777183600713,nose,0.524355,0.46373063,-0.3054926,0.5244283482857139,0.4637364911428569,-0.30500922028571414,566.3034,890.3628,566.3826085714284,890.3740679999996,0.999171,False,False
7ae6904d-8782-4caa-8a1f-a9caf51a24c3,160,2.84777183600713,right_ankle,0.41970384,0.8959942,0.021821296,0.4195415194285712,0.8959722759999996,0.027614223485714278,453.28015,1720.3088,453.1048437142855,1720.2667399999991,0.96339005,False,False
7ae6904d-8782-4caa-8a1f-a9caf51a24c3,160,2.84777183600713,right_elbow,0.3829077,0.5961628,-0.19812804,0.38300390571428555,0.596152484285714,-0.1953242348571428,413.5403,1144.6326,413.6442071428569,1144.6127742857138,0.98859763,False,False
7ae6904d-8782-4caa-8a1f-a9caf51a24c3,160,2.84777183600713,right_foot_index,0.47644794,0.942185,-0.22037674,0.4764840805714284,0.9422121679999996,-0.2153848497142856,514.5638,1808.9951,514.6028128571427,1809.0473257142849,0.94550383,False,False
7ae6904d-8782-4caa-8a1f-a9caf51a24c3,160,2.84777183600713,right_heel,0.40623066,0.91404796,0.028257769,0.4059038262857141,0.9140032737142851,0.03464336271142855,438.72913,1754.972,438.3761319999998,1754.886242857142,0.79251635,False,False
7ae6904d-8782-4caa-8a1f-a9caf51a24c3,160,2.84777183600713,right_hip,0.4539031,0.65845215,-0.09509392,0.45394727885714264,0.658484824285714,-0.09519924142857138,490.21536,1264.2281,490.26307199999974,1264.2908257142851,0.9966089,False,False
7ae6904d-8782-4caa-8a1f-a9caf51a24c3,160,2.84777183600713,right_knee,0.43034384,0.7799463,-0.16555914,0.4303913162857141,0.7799324314285709,-0.16552898314285705,464.77133,1497.497,464.82260085714256,1497.4703599999993,0.977491,False,False
7ae6904d-8782-4caa-8a1f-a9caf51a24c3,160,2.84777183600713,right_shoulder,0.42057553,0.51845664,-0.03609577,0.4205836608571426,0.5184642394285712,-0.03458806137142855,454.22156,995.43677,454.2303491428569,995.4513482857137,0.99961,False,False
7ae6904d-8782-4caa-8a1f-a9caf51a24c3,160,2.84777183600713,right_wrist,0.4860075,0.5672121,-0.4996288,0.48598323599999976,0.5673443074285711,-0.4868469991428569,524.8881,1089.0472,524.8619005714284,1089.3010171428566,0.9799111,False,False
7ae6904d-8782-4caa-8a1f-a9caf51a24c3,161,2.865570409982175,left_ankle,0.48116082,0.8757038,0.3761775,0.4811633271428569,0.8756842057142853,0.3761133257142855,519.6537,1681.3513,519.6564085714283,1681.3136199999992,0.8925835,False,False
7ae6904d-8782-4caa-8a1f-a9caf51a24c3,161,2.865570409982175,left_elbow,0.59104645,0.58396226,0.009224001,0.590971628285714,0.5839956371428568,0.008992909805999996,638.33014,1121.2075,638.2493379999996,1121.2716314285708,0.70538694,False,False
7ae6904d-8782-4caa-8a1f-a9caf51a24c3,161,2.865570409982175,left_foot_index,0.5405611,0.91528106,0.21152933,0.5405135371428569,0.9152782228571423,0.21135934914285703,583.80597,1757.3396,583.754632285714,1757.3341742857133,0.9135767,False,False
7ae6904d-8782-4caa-8a1f-a9caf51a24c3,161,2.865570409982175,left_heel,0.45353943,0.88782555,0.39159128,0.45358381542857124,0.887794281428571,0.3915809445714284,489.82257,1704.625,489.87051342857114,1704.5650171428563,0.846447,False,False
7ae6904d-8782-4caa-8a1f-a9caf51a24c3,161,2.865570409982175,left_hip,0.5388406,0.6628111,0.09569556,0.5388353457142854,0.6629658237142854,0.09559527248571424,581.9478,1272.5973,581.942171142857,1272.894385714285,0.9951813,False,False
7ae6904d-8782-4caa-8a1f-a9caf51a24c3,161,2.865570409982175,left_knee,0.5243172,0.7772528,0.10651008,0.524316610285714,0.7772967139999997,0.10585110839999995,566.2626,1492.3253,566.2619605714283,1492.409642857142,0.8243222,False,False
7ae6904d-8782-4caa-8a1f-a9caf51a24c3,161,2.865570409982175,left_shoulder,0.5735971,0.5128587,0.14949489,0.5736444871428568,0.5128601039999997,0.14959762714285707,619.48486,984.68866,619.5360717142855,984.691380571428,0.9986606,False,False
7ae6904d-8782-4caa-8a1f-a9caf51a24c3,161,2.865570409982175,left_wrist,0.58833903,0.56113,-0.43508554,0.5883045171428568,0.5607496257142854,-0.4341400025714283,635.4061,1077.3696,635.3688537142854,1076.6392799999994,0.872274,False,False
7ae6904d-8782-4caa-8a1f-a9caf51a24c3,161,2.865570409982175,nose,0.5225693,0.46362835,-0.30472952,0.5226235914285712,0.46361203085714264,-0.30491096771428555,564.3748,890.16644,564.4334457142854,890.1351079999996,0.9992276,False,False
7ae6904d-8782-4caa-8a1f-a9caf51a24c3,161,2.865570409982175,right_ankle,0.4188929,0.8960619,-0.008472152,0.4189646377142855,0.896137839428571,-0.0034637217971428633,452.40433,1720.4388,452.4818037142855,1720.5845914285705,0.9639253,False,False
7ae6904d-8782-4caa-8a1f-a9caf51a24c3,161,2.865570409982175,right_elbow,0.38267526,0.59619194,-0.20502518,0.38263600028571415,0.5961788342857139,-0.20572869114285705,413.28928,1144.6885,413.2468788571427,1144.663325714285,0.98852056,False,False
7ae6904d-8782-4caa-8a1f-a9caf51a24c3,161,2.865570409982175,right_foot_index,0.47721896,0.9424413,-0.25050828,0.4770807842857141,0.9424953737142854,-0.24514289914285706,515.3965,1809.4873,515.2472714285711,1809.5910914285707,0.9461951,False,False
7ae6904d-8782-4caa-8a1f-a9caf51a24c3,161,2.865570409982175,right_heel,0.4049603,0.91431564,-0.0043939697,0.4051718377142855,0.9144356151428568,0.0007600292542857042,437.35712,1755.4861,437.5855845714284,1755.7163971428563,0.79492646,False,False
7ae6904d-8782-4caa-8a1f-a9caf51a24c3,161,2.865570409982175,right_hip,0.45316505,0.65848935,-0.09561368,0.45314489857142837,0.6586040905714283,-0.09550740499999996,489.41827,1264.2996,489.39650028571407,1264.5198771428566,0.99674076,False,False
7ae6904d-8782-4caa-8a1f-a9caf51a24c3,161,2.865570409982175,right_knee,0.4298581,0.7799608,-0.17031246,0.42973343114285695,0.7800189999999996,-0.16919301685714278,464.24673,1497.5248,464.1120925714283,1497.6365285714278,0.977738,False,False
7ae6904d-8782-4caa-8a1f-a9caf51a24c3,161,2.865570409982175,right_shoulder,0.41957408,0.51847,-0.036977105,0.4195868677142855,0.5184675571428569,-0.03745972665714284,453.14,995.4624,453.15380085714264,995.4577242857138,0.99963254,False,False
7ae6904d-8782-4caa-8a1f-a9caf51a24c3,161,2.865570409982175,right_wrist,0.4843537,0.56758285,-0.49698985,0.48442898628571407,0.567450080285714,-0.5004034805714284,523.102,1089.759,523.183304285714,1089.5041285714278,0.98033077,False,False
7ae6904d-8782-4caa-8a1f-a9caf51a24c3,162,2.883368983957219,left_ankle,0.4807827,0.8757188,0.38889766,0.48077200799999975,0.8757229057142853,0.38830236399999984,519.2453,1681.38,519.2337628571427,1681.387928571428,0.89216286,False,False
7ae6904d-8782-4caa-8a1f-a9caf51a24c3,162,2.883368983957219,left_elbow,0.5914255,0.5838708,0.0030332017,0.5917155048571425,0.5839369457142853,0.0031196416059999974,638.7395,1121.032,639.052722285714,1121.1589171428566,0.71570885,False,False
7ae6904d-8782-4caa-8a1f-a9caf51a24c3,162,2.883368983957219,left_foot_index,0.5403264,0.91529083,0.22447069,0.5403873394285712,0.9152760674285709,0.22438855857142848,583.55255,1757.3584,583.6183391428568,1757.3300199999992,0.913858,False,False
7ae6904d-8782-4caa-8a1f-a9caf51a24c3,162,2.883368983957219,left_heel,0.45329657,0.8878488,0.4039162,0.4532854288571427,0.8878651757142852,0.40328712228571406,489.5603,1704.6697,489.54825799999975,1704.7011314285705,0.8461386,False,False
7ae6904d-8782-4caa-8a1f-a9caf51a24c3,162,2.883368983957219,left_hip,0.5382036,0.66374093,0.09577131,0.5381890414285712,0.6635749468571426,0.09581141862857137,581.2599,1274.3826,581.2441508571426,1274.0638971428564,0.9952405,False,False
7ae6904d-8782-4caa-8a1f-a9caf51a24c3,162,2.883368983957219,left_knee,0.5237647,0.7775305,0.12227992,0.5237242617142854,0.7774752999999996,0.12246094119999995,565.6659,1492.8585,565.6222148571426,1492.7525314285708,0.8237925,False,False
7ae6904d-8782-4caa-8a1f-a9caf51a24c3,162,2.883368983957219,left_shoulder,0.5726991,0.5128778,0.14655498,0.5727299314285712,0.5128730497142855,0.1466560525714285,618.5151,984.7254,618.5483537142853,984.7162748571424,0.99873424,False,False
7ae6904d-8782-4caa-8a1f-a9caf51a24c3,162,2.883368983957219,left_wrist,0.58758295,0.56018424,-0.4336975,0.5873235545714284,0.5602484442857141,-0.4347736514285712,634.5896,1075.5537,634.3094308571426,1075.6769999999997,0.87887603,False,False
7ae6904d-8782-4caa-8a1f-a9caf51a24c3,162,2.883368983957219,nose,0.5213141,0.4634067,-0.30435112,0.5211627225714283,0.4634333699999998,-0.30440674942857127,563.0192,889.7409,562.8557171428569,889.7920979999996,0.99927586,False,False
7ae6904d-8782-4caa-8a1f-a9caf51a24c3,162,2.883368983957219,right_ankle,0.4181712,0.8965595,-0.002239243,0.4181862719999998,0.8964447594285709,-0.0054469096685714315,451.62488,1721.3942,451.64116314285695,1721.1738971428563,0.964619,False,False
7ae6904d-8782-4caa-8a1f-a9caf51a24c3,162,2.883368983957219,right_elbow,0.38263848,0.59618145,-0.20722303,0.3826978482857141,0.5962032402857139,-0.2062711197142856,413.24957,1144.6683,413.31368342857127,1144.710188571428,0.9885301,False,False
7ae6904d-8782-4caa-8a1f-a9caf51a24c3,162,2.883368983957219,right_foot_index,0.47749662,0.94298404,-0.2444486,0.4775368105714283,0.9428675679999996,-0.2477769774285713,515.69635,1810.5294,515.7397582857141,1810.305779999999,0.9469489,False,False
7ae6904d-8782-4caa-8a1f-a9caf51a24c3,162,2.883368983957219,right_heel,0.4043308,0.91519964,0.0014564159,0.4043079134285712,0.9150507508571423,-0.0017360635171428617,436.67725,1757.1833,436.65254285714263,1756.8974342857134,0.79810315,False,False
7ae6904d-8782-4caa-8a1f-a9caf51a24c3,162,2.883368983957219,right_hip,0.4525014,0.6591013,-0.0956901,0.4524908614285712,0.6589648762857139,-0.09572955514285711,488.7015,1265.4745,488.69012399999974,1265.2125828571425,0.99684036,False,False
7ae6904d-8782-4caa-8a1f-a9caf51a24c3,162,2.883368983957219,right_knee,0.42891863,0.780198,-0.16609327,0.42906451142857127,0.7801317025714282,-0.16614595514285707,463.23212,1497.9801,463.38966799999974,1497.8528314285704,0.9781775,False,False
7ae6904d-8782-4caa-8a1f-a9caf51a24c3,162,2.883368983957219,right_shoulder,0.4186147,0.51846796,-0.038752522,0.41859940342857127,0.5184728097142854,-0.03868450342857141,452.10385,995.4585,452.0873422857141,995.4677922857138,0.9996521,False,False
7ae6904d-8782-4caa-8a1f-a9caf51a24c3,162,2.883368983957219,right_wrist,0.48332056,0.56750596,-0.48866865,0.48314474799999974,0.5675723748571425,-0.4888936979999998,521.9862,1089.6115,521.7963291428568,1089.7389742857138,0.98075867,False,False
7ae6904d-8782-4caa-8a1f-a9caf51a24c3,163,2.901167557932264,left_ankle,0.48043805,0.8758145,0.3914122,0.4804860808571426,0.875796400571428,0.3904967354285712,518.8731,1681.5638,518.924969142857,1681.5290342857134,0.8924292,False,False
7ae6904d-8782-4caa-8a1f-a9caf51a24c3,163,2.901167557932264,left_elbow,0.593266,0.5841251,-0.00064004527,0.5931101079999996,0.5841338205714283,-0.0003696513982857153,640.7273,1121.5201,640.5589151428569,1121.5369342857139,0.7289091,False,False
7ae6904d-8782-4caa-8a1f-a9caf51a24c3,163,2.901167557932264,left_foot_index,0.5403196,0.91530097,0.22655694,0.5402925408571426,0.9153116362857139,0.22528778399999988,583.54517,1757.3778,583.5159551428568,1757.398319999999,0.91452426,False,False
7ae6904d-8782-4caa-8a1f-a9caf51a24c3,163,2.901167557932264,left_heel,0.45312843,0.8879507,0.40616798,0.4531521317142855,0.887926092285714,0.4053968137142855,489.3787,1704.8654,489.4043088571426,1704.8181371428561,0.8465414,False,False
7ae6904d-8782-4caa-8a1f-a9caf51a24c3,163,2.901167557932264,left_hip,0.5377382,0.66395885,0.095807016,0.5377764431428569,0.6639705277142853,0.09577484605714282,580.75726,1274.801,580.7985717142853,1274.823448571428,0.9953595,False,False
7ae6904d-8782-4caa-8a1f-a9caf51a24c3,163,2.901167557932264,left_knee,0.52299714,0.777598,0.12832211,0.5230611479999998,0.7776113799999995,0.12632092648571422,564.8369,1492.9882,564.9060457142855,1493.0138457142848,0.82405317,False,False
7ae6904d-8782-4caa-8a1f-a9caf51a24c3,163,2.901167557932264,left_shoulder,0.5721386,0.51291966,0.14448978,0.5721089805714283,0.5129437834285713,0.14457125142857136,617.90967,984.8058,617.8777037142854,984.8520857142853,0.998815,False,False
7ae6904d-8782-4caa-8a1f-a9caf51a24c3,163,2.901167557932264,left_wrist,0.5859341,0.55987066,-0.43620726,0.5862744688571426,0.5598698568571425,-0.4357994485714284,632.80884,1074.9517,633.1764479999997,1074.9501399999995,0.886336,False,False
7ae6904d-8782-4caa-8a1f-a9caf51a24c3,163,2.901167557932264,nose,0.5199123,0.46319827,-0.304291,0.5200579834285711,0.4631621954285712,-0.3041401102857141,561.5053,889.3407,561.662624285714,889.2714428571423,0.9993261,False,False
7ae6904d-8782-4caa-8a1f-a9caf51a24c3,163,2.901167557932264,right_ankle,0.41761512,0.8965909,0.0038878983,0.41761117285714267,0.8966277228571424,0.0039436818599999975,451.02432,1721.4545,451.0200522857141,1721.5252142857134,0.9652519,False,False
7ae6904d-8782-4caa-8a1f-a9caf51a24c3,163,2.901167557932264,right_elbow,0.38291535,0.5962908,-0.20122667,0.3828292139999998,0.5962789731428568,-0.20140935628571416,413.54858,1144.8784,413.4555559999998,1144.8556428571424,0.98855186,False,False
7ae6904d-8782-4caa-8a1f-a9caf51a24c3,163,2.901167557932264,right_foot_index,0.47766316,0.9430381,-0.23866366,0.4776370445714283,0.9431061237142851,-0.23832179371428558,515.8762,1810.6332,515.8479982857141,1810.763785714285,0.9476495,False,False
7ae6904d-8782-4caa-8a1f-a9caf51a24c3,163,2.901167557932264,right_heel,0.4040389,0.91541535,0.00802586,0.40406346228571405,0.915436766571428,0.00789776585428571,436.36203,1757.5974,436.3885439999998,1757.6385857142848,0.800399,False,False
7ae6904d-8782-4caa-8a1f-a9caf51a24c3,163,2.901167557932264,right_hip,0.45193172,0.65915906,-0.09571783,0.45195061571428546,0.6591829048571425,-0.09569147679999995,488.08624,1265.5854,488.1066477142855,1265.6311799999994,0.9969519,False,False
7ae6904d-8782-4caa-8a1f-a9caf51a24c3,163,2.901167557932264,right_knee,0.42840865,0.7801567,-0.15846713,0.4283032248571427,0.7801751268571424,-0.15887356657142848,462.68134,1497.9008,462.56747971428547,1497.936182857142,0.97863084,False,False
7ae6904d-8782-4caa-8a1f-a9caf51a24c3,163,2.901167557932264,right_shoulder,0.41765815,0.51846117,-0.04026209,0.41771126885714266,0.5184482374285713,-0.03998028277142855,451.0708,995.44543,451.1281574285712,995.4206311428567,0.999672,False,False
7ae6904d-8782-4caa-8a1f-a9caf51a24c3,163,2.901167557932264,right_wrist,0.48204583,0.56756145,-0.48134524,0.4821380937142855,0.5675407491428569,-0.4829008711428569,520.6095,1089.718,520.7091377142855,1089.6782542857136,0.9812627,False,False
7ae6904d-8782-4caa-8a1f-a9caf51a24c3,164,2.9189661319073084,left_ankle,0.48035702,0.8758649,0.3898352,0.4803175099999998,0.8758587062857138,0.3934185131428569,518.7856,1681.6606,518.742926285714,1681.6487028571419,0.89327836,False,False
7ae6904d-8782-4caa-8a1f-a9caf51a24c3,164,2.9189661319073084,left_elbow,0.59456444,0.5844631,-0.00082425185,0.5945065794285711,0.5844194971428568,-0.0008935605740000003,642.1296,1122.1692,642.0671262857139,1122.0854228571422,0.7402156,False,False
7ae6904d-8782-4caa-8a1f-a9caf51a24c3,164,2.9189661319073084,left_foot_index,0.54022914,0.9154063,0.22368327,0.5402212114285712,0.9154159299999995,0.22826114742857131,583.44745,1757.5801,583.4388854285712,1757.5985542857134,0.9153949,False,False
7ae6904d-8782-4caa-8a1f-a9caf51a24c3,164,2.9189661319073084,left_heel,0.4531277,0.88796145,0.40532348,0.45310705314285693,0.8879645519999996,0.4089619734285712,489.37793,1704.886,489.3556159999997,1704.8919657142847,0.84737676,False,False
7ae6904d-8782-4caa-8a1f-a9caf51a24c3,164,2.9189661319073084,left_hip,0.53759855,0.66395783,0.09570548,0.5375748945714284,0.6639907305714282,0.09574030897142852,580.60645,1274.7991,580.580900285714,1274.8622285714277,0.9954585,False,False
7ae6904d-8782-4caa-8a1f-a9caf51a24c3,164,2.9189661319073084,left_knee,0.5225309,0.7776286,0.121634066,0.5225409508571426,0.7776253085714282,0.12419363034285708,564.3334,1493.0469,564.3442548571426,1493.040625714285,0.8261547,False,False
7ae6904d-8782-4caa-8a1f-a9caf51a24c3,164,2.9189661319073084,left_shoulder,0.5715673,0.5130805,0.14271021,0.5716178748571425,0.5130656525714283,0.14214156257142851,617.29266,985.1145,617.3472934285711,985.0860188571424,0.9988872,False,False
7ae6904d-8782-4caa-8a1f-a9caf51a24c3,164,2.9189661319073084,left_wrist,0.5858011,0.55991155,-0.43736133,0.5856398071428568,0.559905848285714,-0.43717876028571406,632.6652,1075.0302,632.4909908571426,1075.0192371428566,0.8924258,False,False
7ae6904d-8782-4caa-8a1f-a9caf51a24c3,164,2.9189661319073084,nose,0.51945287,0.4628245,-0.30383375,0.5194322385714283,0.4628675011428569,-0.304045495142857,561.0091,888.62305,560.9868228571426,888.7056048571425,0.99937147,False,False
7ae6904d-8782-4caa-8a1f-a9caf51a24c3,164,2.9189661319073084,right_ankle,0.4171252,0.89659864,0.010699925,0.41711317771428547,0.8965947828571424,0.010552295959999994,450.4952,1721.4694,450.48221771428547,1721.4619599999992,0.96596456,False,False
7ae6904d-8782-4caa-8a1f-a9caf51a24c3,164,2.9189661319073084,right_elbow,0.38293123,0.59642524,-0.1946468,0.3829880259999998,0.5964456408571426,-0.19543847428571418,413.56573,1145.1365,413.6270714285712,1145.1756971428567,0.9885419,False,False
7ae6904d-8782-4caa-8a1f-a9caf51a24c3,164,2.9189661319073084,right_foot_index,0.47763193,0.9431872,-0.23078835,0.4776510571428569,0.9431621337142853,-0.23092025742857133,515.84247,1810.9194,515.8631177142854,1810.8712971428563,0.9483301,False,False
7ae6904d-8782-4caa-8a1f-a9caf51a24c3,164,2.9189661319073084,right_heel,0.40404835,0.9154152,0.01477689,0.4040378517142855,0.915424808571428,0.014693763265714277,436.37222,1757.5973,436.36088857142835,1757.6156771428564,0.80203426,False,False
7ae6904d-8782-4caa-8a1f-a9caf51a24c3,164,2.9189661319073084,right_hip,0.45159853,0.6591253,-0.09563121,0.45159550428571404,0.6591361548571426,-0.09566150879999996,487.7264,1265.5206,487.72312828571404,1265.5414457142851,0.99703145,False,False
7ae6904d-8782-4caa-8a1f-a9caf51a24c3,164,2.9189661319073084,right_knee,0.42750943,0.78010917,-0.15238494,0.42749079657142836,0.7801168859999996,-0.15240205542857135,461.71017,1497.8096,461.6900459999997,1497.824402857142,0.97918946,False,False
7ae6904d-8782-4caa-8a1f-a9caf51a24c3,164,2.9189661319073084,right_shoulder,0.41684365,0.5184037,-0.041139428,0.4167627297142855,0.5184155731428569,-0.041753719228571406,450.19113,995.33514,450.1037417142855,995.3578868571423,0.99968874,False,False
7ae6904d-8782-4caa-8a1f-a9caf51a24c3,164,2.9189661319073084,right_wrist,0.4817184,0.5675545,-0.4790741,0.48185672057142837,0.5675581034285712,-0.47708397971428546,520.25586,1089.7046,520.4052497142854,1089.7115514285708,0.9816141,False,False
7ae6904d-8782-4caa-8a1f-a9caf51a24c3,165,2.9367647058823527,left_ankle,0.4802094,0.87595516,0.40096116,0.4802147734285712,0.8760105091428566,0.39777126257142836,518.62616,1681.8339,518.631966285714,1681.9401771428563,0.89378476,False,False
7ae6904d-8782-4caa-8a1f-a9caf51a24c3,165,2.9367647058823527,left_elbow,0.59513605,0.584521,0.00029747485,0.5951817151428569,0.5845289028571425,-2.3413175428571803e-05,642.74695,1122.2803,642.7962477142853,1122.295471428571,0.7494301,False,False
7ae6904d-8782-4caa-8a1f-a9caf51a24c3,165,2.9367647058823527,left_foot_index,0.54005915,0.9155772,0.23655169,0.540055987142857,0.9155713688571423,0.2321617214285713,583.26385,1757.9082,583.2604411428568,1757.897039999999,0.9160556,False,False
7ae6904d-8782-4caa-8a1f-a9caf51a24c3,165,2.9367647058823527,left_heel,0.45311055,0.88799834,0.4173565,0.4530861531428569,0.8880283177142854,0.41389513771428554,489.35938,1704.9568,489.3330502857141,1705.0143571428562,0.8483148,False,False
7ae6904d-8782-4caa-8a1f-a9caf51a24c3,165,2.9367647058823527,left_hip,0.53749263,0.6640946,0.09574482,0.5375147974285712,0.6641169517142853,0.09568183697142851,580.49207,1275.0616,580.516020285714,1275.1045428571422,0.9955223,False,False
7ae6904d-8782-4caa-8a1f-a9caf51a24c3,165,2.9367647058823527,left_knee,0.5221356,0.7776395,0.122560345,0.5220592894285713,0.777651911428571,0.1216513530571428,563.9065,1493.0679,563.8240634285712,1493.0916857142852,0.82777685,False,False
7ae6904d-8782-4caa-8a1f-a9caf51a24c3,165,2.9367647058823527,left_shoulder,0.57098246,0.5131751,0.13967669,0.5708660205714282,0.5131693854285713,0.14048456942857135,616.6611,985.29614,616.535326285714,985.2851788571425,0.9989472,False,False
7ae6904d-8782-4caa-8a1f-a9caf51a24c3,165,2.9367647058823527,left_wrist,0.5856216,0.56003857,-0.43666402,0.5856755228571425,0.5600103237142854,-0.43678759342857126,632.4713,1075.274,632.5295514285712,1075.2197942857138,0.8974972,False,False
7ae6904d-8782-4caa-8a1f-a9caf51a24c3,165,2.9367647058823527,nose,0.51932514,0.4625277,-0.30402434,0.5193276737142855,0.46248515828571407,-0.3037436668571427,560.87115,888.05316,560.8738928571426,887.971486285714,0.9994075,False,False
7ae6904d-8782-4caa-8a1f-a9caf51a24c3,165,2.9367647058823527,right_ankle,0.41664803,0.89659566,0.018336682,0.4166322919999998,0.8965989899999995,0.01877329245999999,449.97986,1721.4636,449.9628645714283,1721.4700285714277,0.966658,False,False
7ae6904d-8782-4caa-8a1f-a9caf51a24c3,165,2.9367647058823527,right_elbow,0.3831164,0.596628,-0.19296278,0.3831013185714284,0.5966005114285711,-0.19246617371428562,413.76572,1145.5258,413.7494274285712,1145.4729914285708,0.9885608,False,False
7ae6904d-8782-4caa-8a1f-a9caf51a24c3,165,2.9367647058823527,right_foot_index,0.47762096,0.94322145,-0.222446,0.4776218745714283,0.9432317785714281,-0.2225025859999999,515.8306,1810.9852,515.8316062857141,1811.0050342857135,0.949077,False,False
7ae6904d-8782-4caa-8a1f-a9caf51a24c3,165,2.9367647058823527,right_heel,0.40403634,0.91540176,0.022666465,0.4039799057142855,0.9154199502857139,0.023091113628571414,436.35925,1757.5714,436.29830285714263,1757.6063371428563,0.80422693,False,False
7ae6904d-8782-4caa-8a1f-a9caf51a24c3,165,2.9367647058823527,right_hip,0.4514239,0.6591845,-0.095672034,0.4514517845714283,0.6592113234285711,-0.09560964651428568,487.5378,1265.6343,487.56792257142837,1265.6857971428565,0.9971029,False,False
7ae6904d-8782-4caa-8a1f-a9caf51a24c3,165,2.9367647058823527,right_knee,0.4266322,0.7801127,-0.14805584,0.42675253085714265,0.7801203559999996,-0.1479789585714285,460.76276,1497.8164,460.8927259999998,1497.8311085714279,0.97971445,False,False
7ae6904d-8782-4caa-8a1f-a9caf51a24c3,165,2.9367647058823527,right_shoulder,0.4156907,0.5184005,-0.044305906,0.415738291142857,0.5183993625714283,-0.04351907054285712,448.94595,995.3289,448.99734599999977,995.3267768571424,0.99970317,False,False
7ae6904d-8782-4caa-8a1f-a9caf51a24c3,165,2.9367647058823527,right_wrist,0.48245075,0.5675318,-0.46776068,0.4822755885714283,0.5675308665714284,-0.46743591199999973,521.0468,1089.6611,520.8576319999997,1089.6592828571422,0.98200774,False,False
7ae6904d-8782-4caa-8a1f-a9caf51a24c3,166,2.954563279857397,left_ankle,0.48012593,0.8762427,0.39977926,0.480132396285714,0.8761743377142852,0.4009359579999998,518.536,1682.386,518.5429754285711,1682.254745714285,0.89516395,False,False
7ae6904d-8782-4caa-8a1f-a9caf51a24c3,166,2.954563279857397,left_elbow,0.5954711,0.5844437,0.0013506295,0.5954489257142854,0.5844212942857141,0.002159315778571428,643.10876,1122.1318,643.0848431428567,1122.0888228571423,0.75496143,False,False
7ae6904d-8782-4caa-8a1f-a9caf51a24c3,166,2.954563279857397,left_foot_index,0.53990626,0.9156717,0.23245564,0.5399316742857141,0.9156472491428567,0.23421898685714274,583.09875,1758.0897,583.1261854285711,1758.0427114285708,0.9172047,False,False
7ae6904d-8782-4caa-8a1f-a9caf51a24c3,166,2.954563279857397,left_heel,0.45313403,0.88814247,0.41579175,0.45317655971428544,0.8881032162857139,0.4171502434285712,489.38477,1705.2335,489.4306845714283,1705.1581228571422,0.85005,False,False
7ae6904d-8782-4caa-8a1f-a9caf51a24c3,166,2.954563279857397,left_hip,0.5374044,0.66434205,0.095796816,0.5373457971428568,0.664285695428571,0.09596648348571424,580.3968,1275.5367,580.3334794285711,1275.4284942857134,0.9955546,False,False
7ae6904d-8782-4caa-8a1f-a9caf51a24c3,166,2.954563279857397,left_knee,0.5214636,0.7776863,0.12158392,0.5215203942857141,0.7776662377142853,0.12146255662857137,563.18066,1493.1577,563.2420091428569,1493.1192314285706,0.8301169,False,False
7ae6904d-8782-4caa-8a1f-a9caf51a24c3,166,2.954563279857397,left_shoulder,0.5697913,0.51319146,0.14048386,0.5698426805714283,0.513187096285714,0.14048873542857138,615.37463,985.32764,615.4301214285712,985.3192417142852,0.9989865,False,False
7ae6904d-8782-4caa-8a1f-a9caf51a24c3,166,2.954563279857397,left_wrist,0.585715,0.5600499,-0.43574962,0.5857110314285712,0.560062360285714,-0.4357545657142855,632.5722,1075.2958,632.5679142857139,1075.3197142857139,0.9002529,False,False
7ae6904d-8782-4caa-8a1f-a9caf51a24c3,166,2.954563279857397,nose,0.51915914,0.4620485,-0.30343738,0.5190729637142855,0.46209801714285687,-0.30361100028571414,560.6919,887.1331,560.5988271428569,887.2281785714282,0.99943167,False,False
7ae6904d-8782-4caa-8a1f-a9caf51a24c3,166,2.954563279857397,right_ankle,0.41627046,0.8966399,0.028660353,0.41632254857142836,0.8966558257142851,0.02656676502857141,449.5721,1721.5486,449.62835771428547,1721.5791742857136,0.9673675,False,False
7ae6904d-8782-4caa-8a1f-a9caf51a24c3,166,2.954563279857397,right_elbow,0.38323852,0.5967043,-0.19241777,0.3832236168571427,0.5967137714285711,-0.1929194042857142,413.8976,1145.6722,413.88150885714265,1145.6904142857136,0.9885166,False,False
7ae6904d-8782-4caa-8a1f-a9caf51a24c3,166,2.954563279857397,right_foot_index,0.47762513,0.9432234,-0.21372102,0.4776274434285712,0.9432319885714281,-0.21572714657142847,515.83514,1810.989,515.8376128571426,1811.0054657142848,0.94988394,False,False
7ae6904d-8782-4caa-8a1f-a9caf51a24c3,166,2.954563279857397,right_heel,0.40380254,0.9154655,0.033621356,0.4038540842857141,0.9154530765714282,0.03155226577142855,436.10675,1757.6937,436.1624068571426,1757.669888571428,0.8060898,False,False
7ae6904d-8782-4caa-8a1f-a9caf51a24c3,166,2.954563279857397,right_hip,0.4513652,0.6593945,-0.09572861,0.4513047919999998,0.6593513171428568,-0.0959010342285714,487.47443,1266.0375,487.40918257142835,1265.9545799999992,0.9971461,False,False
7ae6904d-8782-4caa-8a1f-a9caf51a24c3,166,2.954563279857397,right_knee,0.42640558,0.78013456,-0.14548929,0.4263146894285712,0.780107306285714,-0.14692384971428563,460.51804,1497.8584,460.4198654285712,1497.8060542857133,0.9802303,False,False
7ae6904d-8782-4caa-8a1f-a9caf51a24c3,166,2.954563279857397,right_shoulder,0.41466287,0.518418,-0.045516163,0.4146305154285712,0.518416822285714,-0.04620142145714283,447.8359,995.3626,447.8009628571426,995.3602882857138,0.9997131,False,False
7ae6904d-8782-4caa-8a1f-a9caf51a24c3,166,2.954563279857397,right_wrist,0.48274162,0.567498,-0.4565285,0.48280337971428544,0.5674986737142854,-0.4589146639999998,521.36096,1089.5962,521.4276448571425,1089.5974942857138,0.9821723,False,False
7ae6904d-8782-4caa-8a1f-a9caf51a24c3,167,2.972361853832442,left_ankle,0.48017466,0.8762392,0.39849415,0.48018663514285687,0.8762663037142854,0.4002357065714284,518.5886,1682.3793,518.6015497142855,1682.4313285714277,0.8961796,False,False
7ae6904d-8782-4caa-8a1f-a9caf51a24c3,167,2.972361853832442,left_elbow,0.5955271,0.5842839,0.0047044004,0.595538876285714,0.5843341028571426,0.0035489058585714273,643.1693,1121.8251,643.1819874285711,1121.9214771428565,0.760979,False,False
7ae6904d-8782-4caa-8a1f-a9caf51a24c3,167,2.972361853832442,left_foot_index,0.539904,0.91561586,0.22990486,0.5398861234285711,0.9156348062857139,0.23216421571428558,583.0963,1757.9824,583.077008285714,1758.018802857142,0.91827816,False,False
7ae6904d-8782-4caa-8a1f-a9caf51a24c3,167,2.972361853832442,left_heel,0.45353982,0.8881252,0.4145365,0.4535803268571426,0.8881432419999995,0.41624900885714267,489.823,1705.2003,489.8667588571426,1705.2349542857137,0.8516379,False,False
7ae6904d-8782-4caa-8a1f-a9caf51a24c3,167,2.972361853832442,left_hip,0.5370592,0.6644123,0.09646805,0.5371181457142855,0.6644857511428568,0.0963332723428571,580.0239,1275.6716,580.0876011428569,1275.8126257142849,0.9956198,False,False
7ae6904d-8782-4caa-8a1f-a9caf51a24c3,167,2.972361853832442,left_knee,0.52105755,0.7776798,0.11979267,0.5210636417142855,0.7777060405714282,0.12188197757142852,562.7421,1493.1453,562.7486914285712,1493.1956314285706,0.83166045,False,False
7ae6904d-8782-4caa-8a1f-a9caf51a24c3,167,2.972361853832442,left_shoulder,0.5687595,0.51318425,0.1408011,0.5687874334285712,0.513199896285714,0.13953387685714277,614.26025,985.3138,614.2904299999998,985.343844571428,0.9990313,False,False
7ae6904d-8782-4caa-8a1f-a9caf51a24c3,167,2.972361853832442,left_wrist,0.5857716,0.56007326,-0.43481073,0.5857123671428568,0.5600709045714283,-0.4350229054285712,632.63336,1075.3407,632.5693742857139,1075.3361828571424,0.9038695,False,False
7ae6904d-8782-4caa-8a1f-a9caf51a24c3,167,2.972361853832442,nose,0.51855534,0.46162385,-0.303922,0.5186450699999998,0.46156188542857124,-0.30438811857142845,560.0398,886.3178,560.136693142857,886.1988114285709,0.9994557,False,False
7ae6904d-8782-4caa-8a1f-a9caf51a24c3,167,2.972361853832442,right_ankle,0.41626295,0.89675045,0.038439333,0.41623498828571404,0.8967869805714282,0.04265169059999997,449.564,1721.7609,449.5337891428569,1721.8309971428562,0.96790314,False,False
7ae6904d-8782-4caa-8a1f-a9caf51a24c3,167,2.972361853832442,right_elbow,0.3832412,0.59678006,-0.19504867,0.3832463762857141,0.596787252285714,-0.19577820742857133,413.9005,1145.8177,413.9060902857141,1145.831508571428,0.98866457,False,False
7ae6904d-8782-4caa-8a1f-a9caf51a24c3,167,2.972361853832442,right_foot_index,0.47762865,0.9431551,-0.20403765,0.47766626314285693,0.9431563171428567,-0.1991039219999999,515.8389,1810.8578,515.8795474285712,1810.860139999999,0.95065343,False,False
7ae6904d-8782-4caa-8a1f-a9caf51a24c3,167,2.972361853832442,right_heel,0.40380502,0.91548467,0.0446141,0.40378980399999986,0.915559229428571,0.04887540105714283,436.1094,1757.7306,436.0929848571426,1757.8737085714279,0.80816054,False,False
7ae6904d-8782-4caa-8a1f-a9caf51a24c3,167,2.972361853832442,right_hip,0.45105448,0.6595002,-0.0964171,0.45111501314285696,0.6595640571428569,-0.09627902679999994,487.13885,1266.2404,487.2042277142854,1266.3630314285708,0.99719274,False,False
7ae6904d-8782-4caa-8a1f-a9caf51a24c3,167,2.972361853832442,right_knee,0.42605433,0.7800527,-0.1455917,0.4260851408571426,0.7801006922857139,-0.14260740114285708,460.13867,1497.7012,460.1719528571426,1497.7933771428563,0.98053503,False,False
7ae6904d-8782-4caa-8a1f-a9caf51a24c3,167,2.972361853832442,right_shoulder,0.4136685,0.5184359,-0.049704585,0.4137594617142855,0.5184358159999998,-0.050084146114285695,446.762,995.3969,446.86022857142837,995.3967619999995,0.9997239,False,False
7ae6904d-8782-4caa-8a1f-a9caf51a24c3,167,2.972361853832442,right_wrist,0.4831333,0.56746864,-0.45829004,0.483133472285714,0.5674804137142855,-0.45923373114285687,521.78394,1089.5398,521.784141428571,1089.5624199999993,0.982695,False,False
7ae6904d-8782-4caa-8a1f-a9caf51a24c3,168,2.9901604278074867,left_ankle,0.4803482,0.8762539,0.39581567,0.4803346777142855,0.8762546431428567,0.3911033085714284,518.77606,1682.4075,518.7614405714284,1682.4089485714278,0.89666927,False,False
7ae6904d-8782-4caa-8a1f-a9caf51a24c3,168,2.9901604278074867,left_elbow,0.59552026,0.5843557,0.0032933026,0.5955347834285711,0.5843406657142854,0.0022830842885714253,643.16187,1121.963,643.1775788571426,1121.9340799999995,0.7663033,False,False
7ae6904d-8782-4caa-8a1f-a9caf51a24c3,168,2.9901604278074867,left_foot_index,0.5398894,0.915621,0.22683671,0.5398940919999997,0.9156290811428567,0.22110842685714277,583.08057,1757.9923,583.0856254285712,1758.0078314285704,0.9188279,False,False
7ae6904d-8782-4caa-8a1f-a9caf51a24c3,168,2.9901604278074867,left_heel,0.45417342,0.88813585,0.41164893,0.4540977968571426,0.8881354205714281,0.40683488314285693,490.5073,1705.2208,490.42562542857115,1705.2199942857133,0.8523556,False,False
7ae6904d-8782-4caa-8a1f-a9caf51a24c3,168,2.9901604278074867,left_hip,0.53686607,0.66467494,0.09638565,0.536845782285714,0.6646420137142854,0.09629971919999997,579.81537,1276.1759,579.7934271428569,1276.112685714285,0.9956662,False,False
7ae6904d-8782-4caa-8a1f-a9caf51a24c3,168,2.9901604278074867,left_knee,0.5207975,0.77776486,0.11969038,0.5207613011428569,0.7777525291428568,0.11565750614285708,562.4613,1493.3085,562.4221937142854,1493.2848342857135,0.8331535,False,False
7ae6904d-8782-4caa-8a1f-a9caf51a24c3,168,2.9901604278074867,left_shoulder,0.5680533,0.51325905,0.13624091,0.5680546799999997,0.5132425105714283,0.1368390628571428,613.49756,985.4574,613.4990325714282,985.4256479999996,0.9990669,False,False
7ae6904d-8782-4caa-8a1f-a9caf51a24c3,168,2.9901604278074867,left_wrist,0.585528,0.560091,-0.43398225,0.5855314885714282,0.5598486805714283,-0.4343026671428569,632.37024,1075.3748,632.3740199999997,1074.909525714285,0.9070882,False,False
7ae6904d-8782-4caa-8a1f-a9caf51a24c3,168,2.9901604278074867,nose,0.5181196,0.460913,-0.30530176,0.5180290325714284,0.46094096085714265,-0.30414732399999983,559.56915,884.95294,559.4713628571425,885.0066417142853,0.9994765,False,False
7ae6904d-8782-4caa-8a1f-a9caf51a24c3,168,2.9901604278074867,right_ankle,0.41628826,0.8967606,0.06886721,0.4162901919999998,0.8966249605714283,0.06819790305714282,449.5913,1721.7803,449.5933999999998,1721.5199514285705,0.9681293,False,False
7ae6904d-8782-4caa-8a1f-a9caf51a24c3,168,2.9901604278074867,right_elbow,0.38324192,0.5968707,-0.19703998,0.3832509637142856,0.5968643022857139,-0.1944627442857142,413.90128,1145.9918,413.91104285714266,1145.9795085714281,0.9887709,False,False
7ae6904d-8782-4caa-8a1f-a9caf51a24c3,168,2.9901604278074867,right_foot_index,0.47758874,0.9428784,-0.16941532,0.4774873485714284,0.9428098937142853,-0.16996621342857135,515.79584,1810.3265,515.6863245714283,1810.1950057142847,0.9509862,False,False
7ae6904d-8782-4caa-8a1f-a9caf51a24c3,168,2.9901604278074867,right_heel,0.4039005,0.91548246,0.07675662,0.40392233742857125,0.9153007559999995,0.07614609119999996,436.21255,1757.7263,436.2361154285712,1757.3774514285706,0.8085546,False,False
7ae6904d-8782-4caa-8a1f-a9caf51a24c3,168,2.9901604278074867,right_hip,0.45082855,0.6597503,-0.09634205,0.4507789034285712,0.6597200171428568,-0.0962594051428571,486.89484,1266.7206,486.84122142857115,1266.662408571428,0.9972142,False,False
7ae6904d-8782-4caa-8a1f-a9caf51a24c3,168,2.9901604278074867,right_knee,0.4258636,0.78006303,-0.13253295,0.42585347714285693,0.7800590837142853,-0.13374477857142852,459.93268,1497.7211,459.92174628571405,1497.7134971428563,0.98077524,False,False
7ae6904d-8782-4caa-8a1f-a9caf51a24c3,168,2.9901604278074867,right_shoulder,0.4129934,0.51844764,-0.053810876,0.4128228877142855,0.5184468788571426,-0.05236670505714284,446.03287,995.41943,445.84872314285695,995.4179677142853,0.99973136,False,False
7ae6904d-8782-4caa-8a1f-a9caf51a24c3,168,2.9901604278074867,right_wrist,0.48344755,0.5674514,-0.4581192,0.4832869591428569,0.5674266337142855,-0.4517062577142855,522.12335,1089.5067,521.9499071428569,1089.4591199999995,0.98304987,False,False
7ae6904d-8782-4caa-8a1f-a9caf51a24c3,169,3.007959001782531,left_ankle,0.48049945,0.87627983,0.3701355,0.4804799885714283,0.8762791202857139,0.3714987462857141,518.9394,1682.4573,518.9183888571426,1682.4558942857134,0.8981514,False,False
7ae6904d-8782-4caa-8a1f-a9caf51a24c3,169,3.007959001782531,left_elbow,0.5955294,0.5843875,0.0035326208,0.5955123119999998,0.5843081714285712,0.008577256502857136,643.17175,1122.0239,643.1532648571425,1121.8716714285708,0.7708362,False,False
7ae6904d-8782-4caa-8a1f-a9caf51a24c3,169,3.007959001782531,left_foot_index,0.53990805,0.9156774,0.1948294,0.5398761608571425,0.9156623897142853,0.1960109439999999,583.1007,1758.1007,583.0662617142854,1758.0718485714276,0.9198149,False,False
7ae6904d-8782-4caa-8a1f-a9caf51a24c3,169,3.007959001782531,left_heel,0.45440775,0.88815325,0.38520795,0.45437571857142833,0.888153949428571,0.3865658177142855,490.76038,1705.2543,490.72577714285694,1705.2555857142852,0.8531822,False,False
7ae6904d-8782-4caa-8a1f-a9caf51a24c3,169,3.007959001782531,left_hip,0.53654635,0.66464263,0.09574915,0.5365003437142855,0.664562612285714,0.09590767428571426,579.47003,1276.1139,579.4203585714282,1275.960265714285,0.9957477,False,False
7ae6904d-8782-4caa-8a1f-a9caf51a24c3,169,3.007959001782531,left_knee,0.52049243,0.7777802,0.09940558,0.5205480954285711,0.7777646205714281,0.10022735499999995,562.13184,1493.3379,562.1919617142855,1493.308045714285,0.83582294,False,False
7ae6904d-8782-4caa-8a1f-a9caf51a24c3,169,3.007959001782531,left_shoulder,0.56751305,0.5133389,0.13720006,0.5674616728571426,0.5133532699999998,0.13962243485714276,612.91406,985.6107,612.8585951428569,985.6382828571423,0.9990977,False,False
7ae6904d-8782-4caa-8a1f-a9caf51a24c3,169,3.007959001782531,left_wrist,0.58541185,0.56011295,-0.4309237,0.5855186928571425,0.5607676219999997,-0.4286421657142855,632.2448,1075.4169,632.3601851428568,1076.6738999999993,0.9097824,False,False
7ae6904d-8782-4caa-8a1f-a9caf51a24c3,169,3.007959001782531,nose,0.51741093,0.46029812,-0.30196217,0.5175632802857141,0.46029640657142834,-0.30229713799999985,558.80383,883.7724,558.9683499999996,883.7691017142852,0.9994881,False,False
7ae6904d-8782-4caa-8a1f-a9caf51a24c3,169,3.007959001782531,right_ankle,0.41633537,0.89607745,0.0919934,0.41633402514285694,0.896161694285714,0.08726312402857138,449.6422,1720.4688,449.64074714285687,1720.6304571428564,0.9680747,False,False
7ae6904d-8782-4caa-8a1f-a9caf51a24c3,169,3.007959001782531,right_elbow,0.38329777,0.59690773,-0.18606493,0.3832957745714284,0.5969032008571424,-0.18743750028571418,413.96158,1146.0629,413.95942857142836,1146.0541914285707,0.9888375,False,False
7ae6904d-8782-4caa-8a1f-a9caf51a24c3,169,3.007959001782531,right_foot_index,0.4770238,0.94224095,-0.14343362,0.4770862797142855,0.9422994354285709,-0.15004730514285708,515.1857,1809.1027,515.2531708571425,1809.2149342857135,0.9509833,False,False
7ae6904d-8782-4caa-8a1f-a9caf51a24c3,169,3.007959001782531,right_heel,0.40412322,0.9146122,0.10144566,0.40409738399999984,0.9147462717142854,0.09650798999999996,436.45306,1756.0554,436.42516942857117,1756.3128171428564,0.80677766,False,False
7ae6904d-8782-4caa-8a1f-a9caf51a24c3,169,3.007959001782531,right_hip,0.450318,0.6596485,-0.09571886,0.45031579628571405,0.6595464828571426,-0.09587373971428567,486.34344,1266.525,486.34105971428545,1266.3291771428567,0.99721646,False,False
7ae6904d-8782-4caa-8a1f-a9caf51a24c3,169,3.007959001782531,right_knee,0.42575908,0.77980155,-0.12529974,0.42578123114285693,0.7796532831428566,-0.12723216599999995,459.8198,1497.219,459.8437211428569,1496.9343085714277,0.98082966,False,False
7ae6904d-8782-4caa-8a1f-a9caf51a24c3,169,3.007959001782531,right_shoulder,0.41186216,0.51844764,-0.050346527,0.4120630879999998,0.5184570274285711,-0.050933671314285694,444.81113,995.41943,445.0281345714283,995.4374419999996,0.9997345,False,False
7ae6904d-8782-4caa-8a1f-a9caf51a24c3,169,3.007959001782531,right_wrist,0.48350412,0.5673166,-0.43008015,0.483893662285714,0.5673273279999997,-0.43540061228571403,522.18445,1089.2478,522.6051494285712,1089.2684314285707,0.9832849,False,False
7ae6904d-8782-4caa-8a1f-a9caf51a24c3,170,3.025757575757576,left_ankle,0.48063907,0.87630135,0.35482287,0.48066869628571407,0.8763008288571424,0.35985114171428556,519.0902,1682.4985,519.1221988571426,1682.4975485714276,0.8997192,False,False
7ae6904d-8782-4caa-8a1f-a9caf51a24c3,170,3.025757575757576,left_elbow,0.5954639,0.5842831,0.02362352,0.595572486285714,0.5844313059999997,0.018359800365714277,643.10095,1121.8236,643.218266285714,1122.108102857142,0.77061194,False,False
7ae6904d-8782-4caa-8a1f-a9caf51a24c3,170,3.025757575757576,left_foot_index,0.5399508,0.91568106,0.17229111,0.5400001105714283,0.9156901028571425,0.17837784514285704,583.14685,1758.1077,583.2001017142854,1758.1250828571422,0.92092216,False,False
7ae6904d-8782-4caa-8a1f-a9caf51a24c3,170,3.025757575757576,left_heel,0.454498,0.88816124,0.36945635,0.45458285371428553,0.8881659208571424,0.37476537542857125,490.85782,1705.2695,490.949474285714,1705.2785257142848,0.8545587,False,False
7ae6904d-8782-4caa-8a1f-a9caf51a24c3,170,3.025757575757576,left_hip,0.53605807,0.66421217,0.09576061,0.5361259822857141,0.6643426519999996,0.09570744099999995,578.9427,1275.2874,579.0160499999996,1275.537891428571,0.9957868,False,False
7ae6904d-8782-4caa-8a1f-a9caf51a24c3,170,3.025757575757576,left_knee,0.52037364,0.7777084,0.084116995,0.5202963325714284,0.7777548117142852,0.08757792099999995,562.00354,1493.2002,561.9200345714283,1493.2892142857136,0.837604,False,False
7ae6904d-8782-4caa-8a1f-a9caf51a24c3,170,3.025757575757576,left_shoulder,0.566963,0.5135398,0.14709687,0.5670565914285712,0.5135499905714284,0.1430549468571428,612.32007,985.9964,612.4211459999997,986.015981428571,0.9991261,False,False
7ae6904d-8782-4caa-8a1f-a9caf51a24c3,170,3.025757575757576,left_wrist,0.5858101,0.562976,-0.4195564,0.5857087257142854,0.5624346114285712,-0.42239795971428556,632.6749,1080.914,632.5654188571426,1079.8745085714281,0.909461,False,False
7ae6904d-8782-4caa-8a1f-a9caf51a24c3,170,3.025757575757576,nose,0.51704496,0.45983517,-0.30175716,0.5168404937142855,0.4598484779999997,-0.30309035142857127,558.40857,882.88354,558.187757142857,882.9090931428567,0.99948555,False,False
7ae6904d-8782-4caa-8a1f-a9caf51a24c3,170,3.025757575757576,right_ankle,0.41637072,0.89569056,0.0876759,0.41634951942857124,0.8957143885714282,0.09153457028571424,449.6804,1719.7258,449.6574937142855,1719.771605714285,0.9682241,False,False
7ae6904d-8782-4caa-8a1f-a9caf51a24c3,170,3.025757575757576,right_elbow,0.38336033,0.5968973,-0.1798645,0.38335598942857124,0.5969006359999998,-0.18138755628571418,414.02914,1146.0428,414.02445142857124,1146.0492199999994,0.9890322,False,False
7ae6904d-8782-4caa-8a1f-a9caf51a24c3,170,3.025757575757576,right_foot_index,0.47663513,0.94188964,-0.15324505,0.47662343171428545,0.9419122497142853,-0.14720129799999992,514.7659,1808.4281,514.7532794285711,1808.4715657142847,0.95124894,False,False
7ae6904d-8782-4caa-8a1f-a9caf51a24c3,170,3.025757575757576,right_heel,0.40425265,0.9141471,0.0972008,0.40421314257142843,0.9141314262857138,0.10108717828571423,436.59286,1755.1624,436.55019057142835,1755.132279999999,0.80615956,False,False
7ae6904d-8782-4caa-8a1f-a9caf51a24c3,170,3.025757575757576,right_hip,0.44973263,0.6590518,-0.09572712,0.44975023314285695,0.6592091542857139,-0.09567633257142852,485.71124,1265.3794,485.7302557142854,1265.681508571428,0.9971822,False,False
7ae6904d-8782-4caa-8a1f-a9caf51a24c3,170,3.025757575757576,right_knee,0.42578456,0.7789503,-0.12874077,0.4257526305714283,0.7791666317142854,-0.12623490171428564,459.84732,1495.5845,459.81284571428546,1495.9999314285706,0.98086786,False,False
7ae6904d-8782-4caa-8a1f-a9caf51a24c3,170,3.025757575757576,right_shoulder,0.41148868,0.5184392,-0.04867169,0.4113427822857141,0.518412913142857,-0.04954133445714283,444.40778,995.4032,444.25020199999983,995.3527477142852,0.99973536,False,False
7ae6904d-8782-4caa-8a1f-a9caf51a24c3,170,3.025757575757576,right_wrist,0.48499632,0.5672235,-0.42305472,0.48462562971428547,0.5671754399999998,-0.42365320457142835,523.796,1089.0691,523.3956585714283,1088.9768114285707,0.9835726,False,False
7ae6904d-8782-4caa-8a1f-a9caf51a24c3,171,3.04355614973262,left_ankle,0.48100477,0.8763111,0.36734247,0.4810126154285712,0.8763116117142853,0.3632333374285712,519.48517,1682.5173,519.4936334285712,1682.5182685714278,0.9012577,False,False
7ae6904d-8782-4caa-8a1f-a9caf51a24c3,171,3.04355614973262,left_elbow,0.5954325,0.5848718,0.022913082,0.5952445491428568,0.5847712108571426,0.024720486102857136,643.06714,1122.9539,642.8641179999997,1122.7607857142852,0.77474123,False,False
7ae6904d-8782-4caa-8a1f-a9caf51a24c3,171,3.04355614973262,left_foot_index,0.54038054,0.9157031,0.18384534,0.5403992111428568,0.9156952999999995,0.17946725742857134,583.61096,1758.15,583.6311439999997,1758.1349999999993,0.92208976,False,False
7ae6904d-8782-4caa-8a1f-a9caf51a24c3,171,3.04355614973262,left_heel,0.45507306,0.8881355,0.38279513,0.45507380399999975,0.8881206208571424,0.3784481077142855,491.4789,1705.2201,491.4796945714283,1705.1915485714278,0.8562144,False,False
7ae6904d-8782-4caa-8a1f-a9caf51a24c3,171,3.04355614973262,left_hip,0.535896,0.6642139,0.09577264,0.5358753454285712,0.664117478285714,0.09581601914285709,578.7677,1275.2906,578.7453774285711,1275.1055342857137,0.9958614,False,False
7ae6904d-8782-4caa-8a1f-a9caf51a24c3,171,3.04355614973262,left_knee,0.520023,0.7777138,0.089415975,0.5200798654285711,0.7776464919999997,0.0870465518571428,561.6248,1493.2104,561.6862417142855,1493.0812542857134,0.8393158,False,False
7ae6904d-8782-4caa-8a1f-a9caf51a24c3,171,3.04355614973262,left_shoulder,0.5668268,0.5138101,0.14108862,0.5667510757142854,0.5137949877142854,0.1438226451428571,612.173,986.5154,612.0911839999997,986.4863599999994,0.9991638,False,False
7ae6904d-8782-4caa-8a1f-a9caf51a24c3,171,3.04355614973262,left_wrist,0.5858632,0.5638792,-0.42041957,0.5858979185714283,0.5639882071428568,-0.41936318085714264,632.73224,1082.6481,632.7697228571426,1082.8574057142853,0.9120401,False,False
7ae6904d-8782-4caa-8a1f-a9caf51a24c3,171,3.04355614973262,nose,0.5158599,0.4596001,-0.3086327,0.5160393908571427,0.45960321999999976,-0.3072575934285713,557.1287,882.4322,557.3225299999997,882.4381837142853,0.99949986,False,False
7ae6904d-8782-4caa-8a1f-a9caf51a24c3,171,3.04355614973262,right_ankle,0.41637644,0.89560664,0.09095926,0.41640590857142834,0.8955953128571423,0.0897495168571428,449.68655,1719.5647,449.7183808571427,1719.542962857142,0.96855026,False,False
7ae6904d-8782-4caa-8a1f-a9caf51a24c3,171,3.04355614973262,right_elbow,0.38340446,0.5968984,-0.18016635,0.3834098059999998,0.5969046374285712,-0.17707768285714276,414.0768,1146.0449,414.0825754285712,1146.0568742857135,0.98914754,False,False
7ae6904d-8782-4caa-8a1f-a9caf51a24c3,171,3.04355614973262,right_foot_index,0.4763951,0.94178903,-0.14884245,0.47642782828571406,0.9417534011428568,-0.15161993057142847,514.5067,1808.235,514.5420485714284,1808.1665485714275,0.9517596,False,False
7ae6904d-8782-4caa-8a1f-a9caf51a24c3,171,3.04355614973262,right_heel,0.40436968,0.9137962,0.10014777,0.40445664399999975,0.9137992599999996,0.09903935177142853,436.71927,1754.4886,436.8131879999998,1754.4945228571419,0.8064224,False,False
7ae6904d-8782-4caa-8a1f-a9caf51a24c3,171,3.04355614973262,right_hip,0.44930795,0.6590074,-0.09573949,0.4493279188571426,0.6589075771428567,-0.09578228491428567,485.2526,1265.2942,485.2741605714283,1265.1025085714282,0.9972166,False,False
7ae6904d-8782-4caa-8a1f-a9caf51a24c3,171,3.04355614973262,right_knee,0.4257254,0.7789211,-0.12515977,0.4257461874285712,0.7788007759999996,-0.12689948971428566,459.78345,1495.5286,459.80588142857124,1495.2974799999993,0.98113906,False,False
7ae6904d-8782-4caa-8a1f-a9caf51a24c3,171,3.04355614973262,right_shoulder,0.4107427,0.5183161,-0.0512965,0.41079401542857125,0.5183386368571425,-0.0502829960285714,443.6021,995.1669,443.6575279999998,995.2101574285709,0.9997428,False,False
7ae6904d-8782-4caa-8a1f-a9caf51a24c3,171,3.04355614973262,right_wrist,0.4850728,0.5672062,-0.42385268,0.4851477554285712,0.5673656714285711,-0.4201862677142855,523.8786,1089.0359,523.9595614285712,1089.342071428571,0.9838337,False,False
7ae6904d-8782-4caa-8a1f-a9caf51a24c3,172,3.061354723707665,left_ankle,0.48148862,0.8763078,0.36649582,0.48147049399999975,0.8763187757142852,0.3666142025714284,520.0077,1682.511,519.9881288571427,1682.5320428571422,0.9030647,False,False
7ae6904d-8782-4caa-8a1f-a9caf51a24c3,172,3.061354723707665,left_elbow,0.5942771,0.58525383,0.022158451,0.594285726285714,0.5853198008571425,0.022276508285714272,641.8193,1123.6874,641.8286394285711,1123.8140599999995,0.7759589,False,False
7ae6904d-8782-4caa-8a1f-a9caf51a24c3,172,3.061354723707665,left_foot_index,0.54098487,0.91570914,0.18310368,0.5409252077142854,0.9157209257142852,0.18288376885714278,584.2637,1758.1615,584.1992428571425,1758.1841542857135,0.9233132,False,False
7ae6904d-8782-4caa-8a1f-a9caf51a24c3,172,3.061354723707665,left_heel,0.45577186,0.8879971,0.38168666,0.4557364719999998,0.8880191679999996,0.3818343765714284,492.2336,1704.9545,492.19538857142834,1704.996842857142,0.8579237,False,False
7ae6904d-8782-4caa-8a1f-a9caf51a24c3,172,3.061354723707665,left_hip,0.5357626,0.66395587,0.095758155,0.5357643939999996,0.6640237171428569,0.09567781277142853,578.6236,1274.7953,578.6255457142854,1274.9255171428565,0.9959164,False,False
7ae6904d-8782-4caa-8a1f-a9caf51a24c3,172,3.061354723707665,left_knee,0.5199243,0.77741927,0.0905164,0.5199129257142855,0.7775018162857139,0.09051783099999995,561.51825,1492.645,561.5059379999998,1492.8034342857134,0.8414454,False,False
7ae6904d-8782-4caa-8a1f-a9caf51a24c3,172,3.061354723707665,left_shoulder,0.5664362,0.51397926,0.14148836,0.5664876499999997,0.5139764999999998,0.14033575485714278,611.75104,986.84015,611.8066454285711,986.8348871428566,0.99919677,False,False
7ae6904d-8782-4caa-8a1f-a9caf51a24c3,172,3.061354723707665,left_wrist,0.5858943,0.5643378,-0.4209009,0.5859648771428569,0.5643686879999997,-0.42079534799999974,632.7658,1083.5286,632.842051428571,1083.5879057142852,0.91315705,False,False
7ae6904d-8782-4caa-8a1f-a9caf51a24c3,172,3.061354723707665,nose,0.5150794,0.4595136,-0.31098086,0.5149909231428569,0.4595017037142855,-0.31160398657142846,556.2857,882.2661,556.1901774285711,882.2432759999996,0.9995066,False,False
7ae6904d-8782-4caa-8a1f-a9caf51a24c3,172,3.061354723707665,right_ankle,0.416582,0.8955544,0.09187021,0.4165919102857141,0.8955329919999995,0.09371107137142853,449.90854,1719.4645,449.91924571428547,1719.4233485714276,0.96888876,False,False
7ae6904d-8782-4caa-8a1f-a9caf51a24c3,172,3.061354723707665,right_elbow,0.38345566,0.5969311,-0.17092915,0.38344872485714265,0.5969235142857141,-0.17351649571428562,414.1321,1146.1077,414.12460257142834,1146.0931371428564,0.9890771,False,False
7ae6904d-8782-4caa-8a1f-a9caf51a24c3,172,3.061354723707665,right_foot_index,0.47641256,0.9416399,-0.1507291,0.476380248285714,0.9416570239999995,-0.14761575142857136,514.5256,1807.9486,514.4906885714283,1807.9815057142846,0.9522248,False,False
7ae6904d-8782-4caa-8a1f-a9caf51a24c3,172,3.061354723707665,right_heel,0.40501612,0.9134514,0.10107122,0.40501230142857125,0.9134254748571423,0.10305432577142852,437.41742,1753.8267,437.4132937142855,1753.776882857142,0.8066388,False,False
7ae6904d-8782-4caa-8a1f-a9caf51a24c3,172,3.061354723707665,right_hip,0.4490741,0.6587267,-0.09572115,0.4490445259999997,0.6587830399999997,-0.09563973977142852,485.00003,1264.7552,484.9680911428569,1264.863431428571,0.99721676,False,False
7ae6904d-8782-4caa-8a1f-a9caf51a24c3,172,3.061354723707665,right_knee,0.42573947,0.7786019,-0.1260956,0.4257274751428569,0.7786545079999996,-0.12456041942857136,459.7986,1494.9156,459.7856614285712,1495.016708571428,0.9813212,False,False
7ae6904d-8782-4caa-8a1f-a9caf51a24c3,172,3.061354723707665,right_shoulder,0.4101961,0.5182788,-0.05058524,0.4102182005714284,0.5182746051428568,-0.05099314459999997,443.01178,995.0953,443.03564628571405,995.0872514285709,0.9997455,False,False
7ae6904d-8782-4caa-8a1f-a9caf51a24c3,172,3.061354723707665,right_wrist,0.48520693,0.5678595,-0.41230148,0.48529749228571406,0.5677059942857139,-0.41566596371428544,524.0235,1090.2902,524.1212914285711,1089.9954971428565,0.98371863,False,False
7ae6904d-8782-4caa-8a1f-a9caf51a24c3,173,3.0791532976827094,left_ankle,0.48189116,0.8762842,0.35902432,0.48189844828571404,0.8762490442857138,0.35849023685714265,520.44244,1682.4656,520.4503197142855,1682.398142857142,0.90463483,False,False
7ae6904d-8782-4caa-8a1f-a9caf51a24c3,173,3.0791532976827094,left_elbow,0.59303236,0.58570296,0.02103039,0.5931945605714283,0.585618207428571,0.0205423505142857,640.475,1124.5497,640.6501451428568,1124.3869628571424,0.7753995,False,False
7ae6904d-8782-4caa-8a1f-a9caf51a24c3,173,3.0791532976827094,left_foot_index,0.54133356,0.9157558,0.17475535,0.5413718005714283,0.9157411308571425,0.17410393085714276,584.64026,1758.2511,584.6815657142854,1758.2229257142849,0.9242158,False,False
7ae6904d-8782-4caa-8a1f-a9caf51a24c3,173,3.0791532976827094,left_heel,0.45622465,0.8878407,0.37330857,0.45622335742857123,0.8877880885714281,0.37253395371428555,492.72263,1704.6542,492.72122771428553,1704.5531857142846,0.8590451,False,False
7ae6904d-8782-4caa-8a1f-a9caf51a24c3,173,3.0791532976827094,left_hip,0.5356013,0.66387105,0.09518398,0.5355816371428569,0.6638060288571426,0.09510291862857138,578.4494,1274.6324,578.4281685714283,1274.5075657142852,0.9959281,False,False
7ae6904d-8782-4caa-8a1f-a9caf51a24c3,173,3.0791532976827094,left_knee,0.5198979,0.77723294,0.09027542,0.5198840948571426,0.7771190059999997,0.09063160357142852,561.4897,1492.2872,561.4748114285711,1492.0684742857136,0.8432521,False,False
7ae6904d-8782-4caa-8a1f-a9caf51a24c3,173,3.0791532976827094,left_shoulder,0.5660064,0.51405305,0.13871218,0.5659517742857141,0.5140402528571426,0.13902448857142852,611.2869,986.9819,611.227894285714,986.9572828571423,0.99921614,False,False
7ae6904d-8782-4caa-8a1f-a9caf51a24c3,173,3.0791532976827094,left_wrist,0.5858215,0.5645953,-0.42071262,0.5856586565714283,0.564555182285714,-0.4207951499999998,632.68726,1084.023,632.5113657142854,1083.945968571428,0.9133528,False,False
7ae6904d-8782-4caa-8a1f-a9caf51a24c3,173,3.0791532976827094,nose,0.51383305,0.45945996,-0.31323662,0.5138199305714284,0.45946746428571406,-0.31248177628571416,554.9397,882.16315,554.9255005714283,882.1775379999997,0.9995048,False,False
7ae6904d-8782-4caa-8a1f-a9caf51a24c3,173,3.0791532976827094,right_ankle,0.41687307,0.8953947,0.09454915,0.41683518942857123,0.8953940057142853,0.09166333222857137,450.2229,1719.1578,450.18198428571407,1719.1565228571417,0.96895057,False,False
7ae6904d-8782-4caa-8a1f-a9caf51a24c3,173,3.0791532976827094,right_elbow,0.38347706,0.5969427,-0.17214602,0.38348068057142837,0.5969479371428569,-0.17063710228571422,414.1552,1146.13,414.15912399999974,1146.1400542857136,0.9890549,False,False
7ae6904d-8782-4caa-8a1f-a9caf51a24c3,173,3.0791532976827094,right_foot_index,0.47641453,0.9415587,-0.14700434,0.4764181008571426,0.9415428745714282,-0.15077008914285708,514.5277,1807.7927,514.5315657142855,1807.7622971428564,0.95228255,False,False
7ae6904d-8782-4caa-8a1f-a9caf51a24c3,173,3.0791532976827094,right_heel,0.4057192,0.9129689,0.103687346,0.40564469371428546,0.9129525371428566,0.10024732862857139,438.17673,1752.9003,438.0962699999998,1752.8689114285708,0.8056327,False,False
7ae6904d-8782-4caa-8a1f-a9caf51a24c3,173,3.0791532976827094,right_hip,0.44882825,0.6585857,-0.095138006,0.44884637428571406,0.6585298571428568,-0.09505786177142853,484.7345,1264.4846,484.7540754285712,1264.377311428571,0.9971916,False,False
7ae6904d-8782-4caa-8a1f-a9caf51a24c3,173,3.0791532976827094,right_knee,0.42574212,0.77828443,-0.12279039,0.4257405085714284,0.7781939062857139,-0.12356332714285709,459.80148,1494.3062,459.79974085714264,1494.1322942857134,0.98142344,False,False
7ae6904d-8782-4caa-8a1f-a9caf51a24c3,173,3.0791532976827094,right_shoulder,0.40982208,0.51826483,-0.050726406,0.40977471428571405,0.5182655422857141,-0.049937348742857116,442.60785,995.0685,442.55669742857117,995.0698662857138,0.9997456,False,False
7ae6904d-8782-4caa-8a1f-a9caf51a24c3,173,3.0791532976827094,right_wrist,0.4859976,0.5679177,-0.41100338,0.48592443257142837,0.5680027028571426,-0.4078972434285712,524.8774,1090.402,524.7983885714282,1090.5651828571422,0.9835347,False,False
7ae6904d-8782-4caa-8a1f-a9caf51a24c3,174,3.0969518716577538,left_ankle,0.4822244,0.876105,0.35028824,0.48221969085714256,0.8761354542857138,0.35220885114285694,520.80237,1682.1216,520.7972699999998,1682.1800571428562,0.9059302,False,False
7ae6904d-8782-4caa-8a1f-a9caf51a24c3,174,3.0969518716577538,left_elbow,0.5926323,0.5857233,0.017822327,0.5926639277142856,0.5857723431428569,0.018365397285714277,640.04285,1124.5887,640.0770414285711,1124.6828999999993,0.7736236,False,False
7ae6904d-8782-4caa-8a1f-a9caf51a24c3,174,3.0969518716577538,left_foot_index,0.54169244,0.9157622,0.1660552,0.5416791654285712,0.9157776851428566,0.16906040285714277,585.02783,1758.2634,585.0134977142854,1758.293125714285,0.9248737,False,False
7ae6904d-8782-4caa-8a1f-a9caf51a24c3,174,3.0969518716577538,left_heel,0.45647454,0.8875035,0.36311513,0.45647614971428546,0.8875636911428567,0.36555585971428556,492.9925,1704.0067,492.994238285714,1704.1222599999992,0.85942614,False,False
7ae6904d-8782-4caa-8a1f-a9caf51a24c3,174,3.0969518716577538,left_hip,0.5353346,0.66360086,0.094454266,0.5353424377142855,0.6636503659999997,0.09471259762857137,578.1614,1274.1136,578.1698599999997,1274.2086828571423,0.99587697,False,False
7ae6904d-8782-4caa-8a1f-a9caf51a24c3,174,3.0969518716577538,left_knee,0.51989686,0.7765999,0.09153349,0.5199221945714283,0.7766844888571425,0.09161170428571425,561.4886,1491.0718,561.5159471428569,1491.2342028571422,0.8442452,False,False
7ae6904d-8782-4caa-8a1f-a9caf51a24c3,174,3.0969518716577538,left_shoulder,0.56515235,0.51406944,0.13662323,0.5651482699999997,0.514103044285714,0.13662806771428565,610.36456,987.0133,610.3601457142854,987.0778685714281,0.99921566,False,False
7ae6904d-8782-4caa-8a1f-a9caf51a24c3,174,3.0969518716577538,left_wrist,0.5847395,0.56453484,-0.4207984,0.5847650179999997,0.5645756794285711,-0.42082608399999977,631.5187,1083.9069,631.5462691428569,1083.9853199999993,0.9122307,False,False
7ae6904d-8782-4caa-8a1f-a9caf51a24c3,174,3.0969518716577538,nose,0.51228267,0.45946226,-0.31256515,0.5122673014285712,0.4594665611428569,-0.3135852434285713,553.26526,882.16754,553.2486819999997,882.1758165714281,0.999497,False,False
7ae6904d-8782-4caa-8a1f-a9caf51a24c3,174,3.0969518716577538,right_ankle,0.4170197,0.89523816,0.081659764,0.41701534057142836,0.8952569348571424,0.08255185788571424,450.38126,1718.8573,450.37655942857117,1718.8932742857135,0.96890265,False,False
7ae6904d-8782-4caa-8a1f-a9caf51a24c3,174,3.0969518716577538,right_elbow,0.3835127,0.596969,-0.17362438,0.38350955685714266,0.5969672685714282,-0.17537173685714275,414.19373,1146.1805,414.19032285714263,1146.1771657142854,0.989204,False,False
7ae6904d-8782-4caa-8a1f-a9caf51a24c3,174,3.0969518716577538,right_foot_index,0.476505,0.9414621,-0.16208991,0.47651241428571406,0.9414847259999994,-0.16118478942857137,514.6254,1807.6072,514.6334057142855,1807.6506657142847,0.95211315,False,False
7ae6904d-8782-4caa-8a1f-a9caf51a24c3,174,3.0969518716577538,right_heel,0.4060507,0.91250736,0.08857611,0.4060751679999999,0.9125663168571424,0.09002213648571425,438.53476,1752.0142,438.56117885714264,1752.1273685714277,0.80440867,False,False
7ae6904d-8782-4caa-8a1f-a9caf51a24c3,174,3.0969518716577538,right_hip,0.4487126,0.6583031,-0.09440575,0.44870906857142834,0.6583521594285712,-0.09466524297142853,484.6096,1263.9419,484.605788285714,1264.036151428571,0.99715453,False,False
7ae6904d-8782-4caa-8a1f-a9caf51a24c3,174,3.0969518716577538,right_knee,0.42578864,0.77764666,-0.12439671,0.42581079285714263,0.7777371177142853,-0.12511854599999994,459.85175,1493.0815,459.87566257142834,1493.2552599999995,0.98154193,False,False
7ae6904d-8782-4caa-8a1f-a9caf51a24c3,174,3.0969518716577538,right_shoulder,0.409336,0.51826066,-0.051149607,0.4093618171428569,0.5182569879999998,-0.05340906917142854,442.0829,995.0605,442.1107785714283,995.0534491428566,0.9997457,False,False
7ae6904d-8782-4caa-8a1f-a9caf51a24c3,174,3.0969518716577538,right_wrist,0.48698714,0.567906,-0.40330833,0.48712890199999975,0.5677703314285711,-0.4063338814285712,525.9461,1090.3795,526.0991977142855,1090.119005714285,0.98347443,False,False
7ae6904d-8782-4caa-8a1f-a9caf51a24c3,175,3.1147504456327986,left_ankle,0.48241532,0.87604505,0.35187882,0.4824025511428569,0.8760413985714282,0.3521986217142855,521.00854,1682.0065,520.994757142857,1681.999462857142,0.9071175,False,False
7ae6904d-8782-4caa-8a1f-a9caf51a24c3,175,3.1147504456327986,left_elbow,0.5921186,0.58580774,0.016521484,0.5919663877142854,0.5858084771428569,0.01559995822857142,639.4881,1124.7509,639.3236999999997,1124.7522628571423,0.77149427,False,False
7ae6904d-8782-4caa-8a1f-a9caf51a24c3,175,3.1147504456327986,left_foot_index,0.5418812,0.9158186,0.17185797,0.5418703794285711,0.9158074768571425,0.17143024714285704,585.2317,1758.3717,585.2200119999997,1758.3503657142849,0.92566913,False,False
7ae6904d-8782-4caa-8a1f-a9caf51a24c3,175,3.1147504456327986,left_heel,0.45657972,0.8874365,0.3655978,0.456584050285714,0.8874143959999996,0.36560668342857117,493.10608,1703.878,493.1107625714283,1703.8356057142846,0.860139,False,False
7ae6904d-8782-4caa-8a1f-a9caf51a24c3,175,3.1147504456327986,left_hip,0.5351144,0.6635453,0.09491888,0.5351591497142854,0.6635321377142853,0.09468019605714281,577.9236,1274.007,577.971934285714,1273.981688571428,0.99582523,False,False
7ae6904d-8782-4caa-8a1f-a9caf51a24c3,175,3.1147504456327986,left_knee,0.5200353,0.77629447,0.09297559,0.5200237954285711,0.7762934448571424,0.09389738114285709,561.6381,1490.4854,561.6256799999998,1490.4834371428562,0.8446415,False,False
7ae6904d-8782-4caa-8a1f-a9caf51a24c3,175,3.1147504456327986,left_shoulder,0.5641263,0.5142157,0.13544106,0.5641531457142853,0.5141974265714283,0.13477452599999995,609.2564,987.2942,609.2853885714283,987.2590828571424,0.9992163,False,False
7ae6904d-8782-4caa-8a1f-a9caf51a24c3,175,3.1147504456327986,left_wrist,0.58364284,0.5645076,-0.42113906,0.5837656428571425,0.5644475365714282,-0.4213320654285712,630.3343,1083.8546,630.4669119999996,1083.7392628571424,0.91062105,False,False
7ae6904d-8782-4caa-8a1f-a9caf51a24c3,175,3.1147504456327986,nose,0.51074314,0.45945603,-0.31493813,0.5107888848571427,0.45942637542857123,-0.3142804459999998,551.6026,882.1556,551.6519962857141,882.0986437142852,0.9994878,False,False
7ae6904d-8782-4caa-8a1f-a9caf51a24c3,175,3.1147504456327986,right_ankle,0.41723388,0.8952035,0.06953361,0.4172896165714284,0.8952349125714283,0.06860178788571424,450.6126,1718.7906,450.6727859999998,1718.8510028571418,0.9689607,False,False
7ae6904d-8782-4caa-8a1f-a9caf51a24c3,175,3.1147504456327986,right_elbow,0.38356438,0.5969847,-0.18277569,0.3835774805714284,0.5969832942857141,-0.18193351542857134,414.24954,1146.2106,414.26369314285694,1146.2079171428566,0.9894159,False,False
7ae6904d-8782-4caa-8a1f-a9caf51a24c3,175,3.1147504456327986,right_foot_index,0.4767463,0.9414514,-0.17647381,0.47675081285714266,0.9414735931428567,-0.17700853685714277,514.886,1807.5867,514.8908771428569,1807.6292742857133,0.952314,False,False
7ae6904d-8782-4caa-8a1f-a9caf51a24c3,175,3.1147504456327986,right_heel,0.40645164,0.91241634,0.07645101,0.4065016911428569,0.9124200282857139,0.07514151119999996,438.96777,1751.8394,439.0218325714284,1751.8465142857135,0.80392337,False,False
7ae6904d-8782-4caa-8a1f-a9caf51a24c3,175,3.1147504456327986,right_hip,0.4486579,0.6582491,-0.09487509,0.44866747599999973,0.6582324251428568,-0.09463662411428567,484.55054,1263.8383,484.5608797142855,1263.8062599999994,0.9971248,False,False
7ae6904d-8782-4caa-8a1f-a9caf51a24c3,175,3.1147504456327986,right_knee,0.42595312,0.77742267,-0.13104953,0.42593445314285694,0.7774038977142853,-0.13034116999999995,460.02936,1492.6515,460.00920685714266,1492.6154057142849,0.98166746,False,False
7ae6904d-8782-4caa-8a1f-a9caf51a24c3,175,3.1147504456327986,right_shoulder,0.40900582,0.51824445,-0.06049012,0.40900363428571407,0.5182496537142854,-0.05831676451428569,441.7263,995.02936,441.72394028571404,995.039340571428,0.99974656,False,False
7ae6904d-8782-4caa-8a1f-a9caf51a24c3,175,3.1147504456327986,right_wrist,0.4885715,0.5673579,-0.40880454,0.4883841859999998,0.5674679708571425,-0.4099966182857141,527.6572,1089.3271,527.4549091428569,1089.5384885714282,0.9835614,False,False
7ae6904d-8782-4caa-8a1f-a9caf51a24c3,176,3.132549019607843,left_ankle,0.48244584,0.8760239,0.35298017,0.4824540874285712,0.8760248942857138,0.34892658799999976,521.0415,1681.9658,521.0504082857141,1681.967745714285,0.9078746,False,False
7ae6904d-8782-4caa-8a1f-a9caf51a24c3,176,3.132549019607843,left_elbow,0.59016395,0.585877,0.014779263,0.5900441642857139,0.5858579937142855,0.016776470914285704,637.3771,1124.8838,637.2477211428568,1124.8473628571423,0.7687643,False,False
7ae6904d-8782-4caa-8a1f-a9caf51a24c3,176,3.132549019607843,left_foot_index,0.5418744,0.9158346,0.1719577,0.541866447428571,0.9158386354285709,0.16637340142857135,585.22437,1758.4025,585.2157857142854,1758.4102142857134,0.92613924,False,False
7ae6904d-8782-4caa-8a1f-a9caf51a24c3,176,3.132549019607843,left_heel,0.4565796,0.88738847,0.36677286,0.4565620148571426,0.8873979602857138,0.3626291434285712,493.10596,1703.7859,493.08696228571404,1703.804062857142,0.8600033,False,False
7ae6904d-8782-4caa-8a1f-a9caf51a24c3,176,3.132549019607843,left_hip,0.53500116,0.6635268,0.09491382,0.5349154208571425,0.6635235119999996,0.09504632262857138,577.8013,1273.9714,577.7086857142854,1273.9651085714281,0.99580187,False,False
7ae6904d-8782-4caa-8a1f-a9caf51a24c3,176,3.132549019607843,left_knee,0.52013177,0.7761041,0.0923742,0.5201227597142855,0.7760618188571424,0.0882383451428571,561.7423,1490.1199,561.7325765714284,1490.0387028571422,0.84518677,False,False
7ae6904d-8782-4caa-8a1f-a9caf51a24c3,176,3.132549019607843,left_shoulder,0.5632281,0.51428705,0.13532878,0.5632982271428568,0.514248186285714,0.13715336628571423,608.2863,987.43115,608.3620542857141,987.3565322857138,0.9992232,False,False
7ae6904d-8782-4caa-8a1f-a9caf51a24c3,176,3.132549019607843,left_wrist,0.58322835,0.5643883,-0.42139244,0.5831412042857139,0.5645124854285711,-0.4207167799999998,629.8866,1083.6255,629.7925054285711,1083.8639571428566,0.9097297,False,False
7ae6904d-8782-4caa-8a1f-a9caf51a24c3,176,3.132549019607843,nose,0.50970864,0.45932662,-0.31442615,0.5097612137142855,0.4593540948571427,-0.314663257142857,550.48535,881.9071,550.5421305714283,881.9598742857139,0.99948764,False,False
7ae6904d-8782-4caa-8a1f-a9caf51a24c3,176,3.132549019607843,right_ankle,0.41777846,0.8951904,0.064094484,0.4177599782857141,0.8950783645714281,0.06964000559999996,451.20074,1718.7656,451.1807899999998,1718.5504142857133,0.9688287,False,False
7ae6904d-8782-4caa-8a1f-a9caf51a24c3,176,3.132549019607843,right_elbow,0.38367057,0.5969847,-0.18662558,0.3836542465714284,0.5969864828571425,-0.1851939482857142,414.36423,1146.2106,414.3466062857141,1146.2140028571425,0.9895154,False,False
7ae6904d-8782-4caa-8a1f-a9caf51a24c3,176,3.132549019607843,right_foot_index,0.47711426,0.94136393,-0.18120378,0.4770716239999998,0.9412612031428567,-0.1751959002857142,515.2834,1807.4187,515.2373457142855,1807.2215057142848,0.9522361,False,False
7ae6904d-8782-4caa-8a1f-a9caf51a24c3,176,3.132549019607843,right_heel,0.40707758,0.91235757,0.071155235,0.4070490499999998,0.9122619077142852,0.07742265122857139,439.6438,1751.7266,439.6129797142854,1751.5428885714277,0.80246294,False,False
7ae6904d-8782-4caa-8a1f-a9caf51a24c3,176,3.132549019607843,right_hip,0.4486361,0.65822154,-0.094869316,0.448606296285714,0.658220812285714,-0.09499866091428566,484.527,1263.7854,484.4948108571426,1263.7840028571422,0.9970982,False,False
7ae6904d-8782-4caa-8a1f-a9caf51a24c3,176,3.132549019607843,right_knee,0.4260512,0.7772912,-0.1344624,0.4260560377142855,0.7772706508571425,-0.13401395742857136,460.13528,1492.399,460.1405051428569,1492.359562857142,0.98170835,False,False
7ae6904d-8782-4caa-8a1f-a9caf51a24c3,176,3.132549019607843,right_shoulder,0.4087983,0.5182372,-0.06102283,0.40881597685714266,0.5182281177142853,-0.06144500414285711,441.50217,995.0154,441.521260285714,994.9979862857139,0.9997467,False,False
7ae6904d-8782-4caa-8a1f-a9caf51a24c3,176,3.132549019607843,right_wrist,0.48949274,0.5673897,-0.41178212,0.4895941879999997,0.5674050222857139,-0.40432349942857126,528.65216,1089.3883,528.7617148571426,1089.4176657142852,0.98344344,False,False
7ae6904d-8782-4caa-8a1f-a9caf51a24c3,177,3.150347593582888,left_ankle,0.48244685,0.8760037,0.33904538,0.4824576619999998,0.8759894328571425,0.3423634228571426,521.0426,1681.9271,521.054274285714,1681.8997142857133,0.90904236,False,False
7ae6904d-8782-4caa-8a1f-a9caf51a24c3,177,3.150347593582888,left_elbow,0.58721685,0.5858432,0.0209982,0.5874057899999998,0.5858311194285711,0.01907818439999999,634.1942,1124.819,634.3982642857139,1124.7957628571423,0.7595508,False,False
7ae6904d-8782-4caa-8a1f-a9caf51a24c3,177,3.150347593582888,left_foot_index,0.54177284,0.91584957,0.15113853,0.5418103108571426,0.915848205428571,0.15704738314285704,585.1147,1758.4312,585.1551554285711,1758.4286114285705,0.92680126,False,False
7ae6904d-8782-4caa-8a1f-a9caf51a24c3,177,3.150347593582888,left_heel,0.45646307,0.88736606,0.35255295,0.45650819171428547,0.8873424817142852,0.3561358517142855,492.9801,1703.7428,493.02883371428544,1703.6975685714276,0.86055475,False,False
7ae6904d-8782-4caa-8a1f-a9caf51a24c3,177,3.150347593582888,left_hip,0.53453326,0.66352135,0.09555973,0.5345779051428569,0.663523484285714,0.09553566091428566,577.2959,1273.9609,577.344131428571,1273.9649799999993,0.9958103,False,False
7ae6904d-8782-4caa-8a1f-a9caf51a24c3,177,3.150347593582888,left_knee,0.52013904,0.7758282,0.07674757,0.520139992285714,0.7758646259999995,0.08125631799999997,561.7502,1489.5901,561.7512191428568,1489.6600428571421,0.8453756,False,False
7ae6904d-8782-4caa-8a1f-a9caf51a24c3,177,3.150347593582888,left_shoulder,0.5624444,0.5142919,0.14422573,0.5623597057142854,0.5143361499999997,0.14268591657142848,607.43994,987.4404,607.348462285714,987.5253737142853,0.9992205,False,False
7ae6904d-8782-4caa-8a1f-a9caf51a24c3,177,3.150347593582888,left_wrist,0.58276016,0.5647524,-0.41896465,0.5828094628571425,0.564705022285714,-0.4196516054285712,629.381,1084.3246,629.4342388571426,1084.2336057142852,0.9043627,False,False
7ae6904d-8782-4caa-8a1f-a9caf51a24c3,177,3.150347593582888,nose,0.50913966,0.45930535,-0.31277278,0.5090481805714283,0.45929115142857124,-0.31253480542857126,549.87085,881.8663,549.7720505714283,881.8390171428567,0.99945164,False,False
7ae6904d-8782-4caa-8a1f-a9caf51a24c3,177,3.150347593582888,right_ankle,0.41826603,0.89473206,0.08213744,0.41824779942857127,0.8948267211428567,0.07551172022857139,451.72733,1717.8855,451.70762942857124,1718.0672914285706,0.96851915,False,False
7ae6904d-8782-4caa-8a1f-a9caf51a24c3,177,3.150347593582888,right_elbow,0.3837169,0.5969803,-0.18202505,0.3836870097142855,0.5969780971428569,-0.1829218957142856,414.41428,1146.2021,414.38198457142835,1146.1978828571423,0.98953724,False,False
7ae6904d-8782-4caa-8a1f-a9caf51a24c3,177,3.150347593582888,right_foot_index,0.47753206,0.9407781,-0.16108908,0.4776564357142855,0.9408439242857138,-0.1691476962857142,515.7346,1806.294,515.8689314285712,1806.420359999999,0.95198965,False,False
7ae6904d-8782-4caa-8a1f-a9caf51a24c3,177,3.150347593582888,right_heel,0.40750015,0.91194975,0.09180946,0.40747612771428554,0.9120304242857138,0.08425865765714281,440.10016,1750.9435,440.0742202857141,1751.0984285714278,0.800264,False,False
7ae6904d-8782-4caa-8a1f-a9caf51a24c3,177,3.150347593582888,right_hip,0.44850743,0.6582128,-0.09549382,0.44853101685714264,0.6582089479999996,-0.0954703843428571,484.38803,1263.7686,484.413504285714,1263.7612028571423,0.9970348,False,False
7ae6904d-8782-4caa-8a1f-a9caf51a24c3,177,3.150347593582888,right_knee,0.4261163,0.77715,-0.13461307,0.42611541799999975,0.7771557968571424,-0.13536440971428565,460.2056,1492.1279,460.20465114285696,1492.1390514285704,0.98148555,False,False
7ae6904d-8782-4caa-8a1f-a9caf51a24c3,177,3.150347593582888,right_shoulder,0.4087057,0.5181992,-0.060378436,0.4086757694285712,0.5182091531428569,-0.06056903174285711,441.40216,994.9425,441.3698431428569,994.9615919999994,0.99973863,False,False
7ae6904d-8782-4caa-8a1f-a9caf51a24c3,177,3.150347593582888,right_wrist,0.49067825,0.56783354,-0.3826236,0.4905926899999997,0.5678732479999997,-0.3886459011428569,529.9325,1090.2404,529.840098285714,1090.3166428571421,0.9829541,False,False
7ae6904d-8782-4caa-8a1f-a9caf51a24c3,178,3.168146167557932,left_ankle,0.48245302,0.875935,0.34281933,0.48242018371428547,0.8759025177142854,0.3414552059999998,521.04926,1681.7953,521.0137948571426,1681.732882857142,0.91078675,False,False
7ae6904d-8782-4caa-8a1f-a9caf51a24c3,178,3.168146167557932,left_elbow,0.5851233,0.5858402,0.020280072,0.5851016305714283,0.5858958654285711,0.02099128662857142,631.93317,1124.8132,631.9097699999996,1124.9200942857137,0.7531693,False,False
7ae6904d-8782-4caa-8a1f-a9caf51a24c3,178,3.168146167557932,left_foot_index,0.5417701,0.9158558,0.15933475,0.5417199879999997,0.915848165428571,0.15650933114285706,585.1117,1758.4432,585.0575911428568,1758.4285171428562,0.92790294,False,False
7ae6904d-8782-4caa-8a1f-a9caf51a24c3,178,3.168146167557932,left_heel,0.45642418,0.8872652,0.35719407,0.4563408177142855,0.8872312717142852,0.3556135688571427,492.9381,1703.5492,492.8480708571426,1703.4840571428563,0.8619466,False,False
7ae6904d-8782-4caa-8a1f-a9caf51a24c3,178,3.168146167557932,left_hip,0.53424937,0.6635433,0.09643139,0.5342597808571425,0.6635146071428568,0.09622500491428566,576.9893,1274.003,577.000554285714,1273.9479457142852,0.9958247,False,False
7ae6904d-8782-4caa-8a1f-a9caf51a24c3,178,3.168146167557932,left_knee,0.520115,0.77575946,0.08136559,0.5201265465714283,0.7757112877142853,0.07859093628571424,561.72424,1489.4581,561.7367148571425,1489.365639999999,0.84672964,False,False
7ae6904d-8782-4caa-8a1f-a9caf51a24c3,178,3.168146167557932,left_shoulder,0.5609437,0.51469207,0.14878441,0.5608707485714283,0.5147320368571426,0.14900861371428564,605.8192,988.20874,605.7404079999997,988.2854748571424,0.99921256,False,False
7ae6904d-8782-4caa-8a1f-a9caf51a24c3,178,3.168146167557932,left_wrist,0.5825191,0.56472653,-0.4191445,0.5824603934285711,0.564649769428571,-0.41850878971428546,629.12067,1084.2749,629.0572577142852,1084.127565714285,0.90001786,False,False
7ae6904d-8782-4caa-8a1f-a9caf51a24c3,178,3.168146167557932,nose,0.50838333,0.459303,-0.30895534,0.5084289394285713,0.45932479114285696,-0.3091018437142855,549.054,881.86176,549.1032591428568,881.903614285714,0.9994368,False,False
7ae6904d-8782-4caa-8a1f-a9caf51a24c3,178,3.168146167557932,right_ankle,0.4185248,0.89466876,0.07575978,0.4185178759999998,0.8945422645714282,0.07934087108571425,452.00677,1717.764,451.9992965714283,1717.5211199999992,0.96881455,False,False
7ae6904d-8782-4caa-8a1f-a9caf51a24c3,178,3.168146167557932,right_elbow,0.38377944,0.596962,-0.18252747,0.38388441171428556,0.596965514285714,-0.1836347117142856,414.48178,1146.167,414.59515942857126,1146.173771428571,0.9895639,False,False
7ae6904d-8782-4caa-8a1f-a9caf51a24c3,178,3.168146167557932,right_foot_index,0.4784203,0.9404708,-0.1710309,0.4782803774285712,0.9404435754285709,-0.1662451319999999,516.6939,1805.704,516.542782285714,1805.651722857142,0.95246065,False,False
7ae6904d-8782-4caa-8a1f-a9caf51a24c3,178,3.168146167557932,right_heel,0.40762383,0.91192764,0.084414504,0.4076308311428569,0.911826950571428,0.08856537008571425,440.23373,1750.9011,440.24128742857124,1750.7077714285706,0.80041635,False,False
7ae6904d-8782-4caa-8a1f-a9caf51a24c3,178,3.168146167557932,right_hip,0.44847983,0.65822375,-0.09634497,0.44844265399999983,0.6581802551428568,-0.09613925177142853,484.35822,1263.7896,484.31807314285686,1263.706105714285,0.9970393,False,False
7ae6904d-8782-4caa-8a1f-a9caf51a24c3,178,3.168146167557932,right_knee,0.4261254,0.77713656,-0.13671112,0.42611283257142835,0.7770805542857139,-0.13622637314285707,460.21545,1492.1022,460.2018694285712,1491.9946371428566,0.98168135,False,False
7ae6904d-8782-4caa-8a1f-a9caf51a24c3,178,3.168146167557932,right_shoulder,0.40851405,0.5181967,-0.061262272,0.40853426828571404,0.5181883359999997,-0.06112732017142854,441.1952,994.9377,441.21702028571406,994.9216457142852,0.9997359,False,False
7ae6904d-8782-4caa-8a1f-a9caf51a24c3,178,3.168146167557932,right_wrist,0.49187186,0.5683428,-0.37872875,0.4920009285714283,0.5682352508571425,-0.3803336548571427,531.2216,1091.2181,531.3610014285712,1091.011648571428,0.98239535,False,False
7ae6904d-8782-4caa-8a1f-a9caf51a24c3,179,3.185944741532977,left_ankle,0.48237288,0.8759348,0.3583364,0.4824260614285712,0.8760282105714281,0.36093874914285695,520.9627,1681.7948,521.0201405714283,1681.9741914285705,0.9116193,False,False
7ae6904d-8782-4caa-8a1f-a9caf51a24c3,179,3.185944741532977,left_elbow,0.583525,0.5861428,0.020126838,0.5838135819999998,0.586065686285714,0.019926999771428564,630.20703,1125.3942,630.5186905714282,1125.2461542857136,0.7478264,False,False
7ae6904d-8782-4caa-8a1f-a9caf51a24c3,179,3.185944741532977,left_foot_index,0.5416226,0.9158615,0.17754403,0.5416629105714283,0.9158918625714281,0.18111710714285703,584.9524,1758.4541,584.9959299999997,1758.5124114285707,0.9285129,False,False
7ae6904d-8782-4caa-8a1f-a9caf51a24c3,179,3.185944741532977,left_heel,0.45613056,0.8872569,0.3731517,0.4562263559999998,0.8873770234285709,0.3758567905714284,492.621,1703.5333,492.7244537142855,1703.7638971428562,0.86286604,False,False
7ae6904d-8782-4caa-8a1f-a9caf51a24c3,179,3.185944741532977,left_hip,0.5341673,0.6635821,0.097384386,0.5341685745714282,0.663618194285714,0.09766269719999994,576.9007,1274.0776,576.9020371428568,1274.1468657142852,0.99584055,False,False
7ae6904d-8782-4caa-8a1f-a9caf51a24c3,179,3.185944741532977,left_knee,0.52010643,0.7757656,0.08889609,0.5200998908571426,0.7757848634285711,0.09191605371428566,561.71497,1489.47,561.7078934285711,1489.5069428571421,0.8478223,False,False
7ae6904d-8782-4caa-8a1f-a9caf51a24c3,179,3.185944741532977,left_shoulder,0.5588826,0.51543313,0.15362181,0.5588934771428569,0.5154082968571425,0.15463683857142851,603.5932,989.6316,603.604952285714,989.5839077142854,0.99921036,False,False
7ae6904d-8782-4caa-8a1f-a9caf51a24c3,179,3.185944741532977,left_wrist,0.5822108,0.56399006,-0.41920632,0.5822708634285712,0.5639015779999996,-0.41957699142857124,628.78766,1082.861,628.8525345714282,1082.6910628571422,0.89820635,False,False
7ae6904d-8782-4caa-8a1f-a9caf51a24c3,179,3.185944741532977,nose,0.50785404,0.459396,-0.30472752,0.5078095157142855,0.4593783239999998,-0.302943875142857,548.48236,882.04034,548.4342785714283,882.0063971428567,0.9994418,False,False
7ae6904d-8782-4caa-8a1f-a9caf51a24c3,179,3.185944741532977,right_ankle,0.41859567,0.8947364,0.07435887,0.4186278642857141,0.8949950231428567,0.0718084846285714,452.0833,1717.8939,452.1180768571426,1718.3904514285705,0.9690924,False,False
7ae6904d-8782-4caa-8a1f-a9caf51a24c3,179,3.185944741532977,right_elbow,0.38428298,0.596946,-0.19122301,0.3841768177142855,0.5969386371428568,-0.19042328114285706,415.0256,1146.1364,414.9109434285712,1146.1222142857137,0.9896909,False,False
7ae6904d-8782-4caa-8a1f-a9caf51a24c3,179,3.185944741532977,right_foot_index,0.47874853,0.94045097,-0.17191324,0.47887564257142834,0.9404847945714282,-0.17475789314285706,517.0484,1805.6659,517.1856851428569,1805.7308714285705,0.95291233,False,False
7ae6904d-8782-4caa-8a1f-a9caf51a24c3,179,3.185944741532977,right_heel,0.40763336,0.9120848,0.08306388,0.40766062914285695,0.9123285011428568,0.08017827822857139,440.24402,1751.2029,440.2734817142855,1751.6707971428564,0.8009574,False,False
7ae6904d-8782-4caa-8a1f-a9caf51a24c3,179,3.185944741532977,right_hip,0.44848606,0.6583002,-0.09729255,0.44857444942857116,0.658386394285714,-0.0975718054285714,484.36496,1263.9364,484.4604174285712,1264.1018628571421,0.99706304,False,False
7ae6904d-8782-4caa-8a1f-a9caf51a24c3,179,3.185944741532977,right_knee,0.42606577,0.77732074,-0.1372005,0.42608289828571405,0.7774683742857138,-0.13750884171428562,460.15103,1492.4558,460.16952714285685,1492.7392571428566,0.9818693,False,False
7ae6904d-8782-4caa-8a1f-a9caf51a24c3,179,3.185944741532977,right_shoulder,0.40835857,0.51817983,-0.064156055,0.4083268214285712,0.5181849402857139,-0.06345628974285711,441.02725,994.9053,440.992976285714,994.9151108571425,0.99973917,False,False
7ae6904d-8782-4caa-8a1f-a9caf51a24c3,179,3.185944741532977,right_wrist,0.4938156,0.5681076,-0.38723716,0.49374073371428545,0.5681036622857141,-0.3825322454285713,533.32086,1090.7666,533.2399877142855,1090.7589799999994,0.98237675,False,False
7ae6904d-8782-4caa-8a1f-a9caf51a24c3,180,3.2037433155080213,left_ankle,0.48249805,0.87649906,0.39554575,0.4824595111428569,0.8764530434285709,0.3972395182857141,521.0979,1682.8782,521.0562805714283,1682.7898371428562,0.91272366,False,False
7ae6904d-8782-4caa-8a1f-a9caf51a24c3,180,3.2037433155080213,left_elbow,0.58231646,0.58637637,0.019742953,0.5817645259999997,0.5864792305714283,0.01998211677142856,628.9018,1125.8427,628.305716285714,1126.0401599999996,0.74319816,False,False
7ae6904d-8782-4caa-8a1f-a9caf51a24c3,180,3.2037433155080213,left_foot_index,0.5416714,0.91596395,0.21972726,0.5416715182857141,0.9159236848571424,0.2205742962857142,585.0051,1758.6508,585.0052311428569,1758.5734857142845,0.9294836,False,False
7ae6904d-8782-4caa-8a1f-a9caf51a24c3,180,3.2037433155080213,left_heel,0.4562224,0.887908,0.4113205,0.45617438628571405,0.8878315917142854,0.4131373059999998,492.72018,1704.7833,492.66833399999973,1704.6366514285708,0.86432934,False,False
7ae6904d-8782-4caa-8a1f-a9caf51a24c3,180,3.2037433155080213,left_hip,0.5341834,0.66396195,0.10068213,0.5341780625714283,0.6639878014285712,0.1009076600571428,576.918,1274.8069,576.9122828571426,1274.8565542857136,0.9958734,False,False
7ae6904d-8782-4caa-8a1f-a9caf51a24c3,180,3.2037433155080213,left_knee,0.5200254,0.77627635,0.11437786,0.5200162628571425,0.7763594105714282,0.11447791685714279,561.6274,1490.4506,561.6175548571426,1490.6101057142848,0.84916824,False,False
7ae6904d-8782-4caa-8a1f-a9caf51a24c3,180,3.2037433155080213,left_shoulder,0.5572688,0.51599437,0.16073921,0.5574555114285712,0.5159525071428569,0.15936054114285705,601.8503,990.70917,602.0519479999997,990.6288162857138,0.99920803,False,False
7ae6904d-8782-4caa-8a1f-a9caf51a24c3,180,3.2037433155080213,left_wrist,0.5822258,0.5631179,-0.42384106,0.582204839428571,0.5634070357142854,-0.4246136457142855,628.80383,1081.1864,628.781190285714,1081.7415799999994,0.89683414,False,False
7ae6904d-8782-4caa-8a1f-a9caf51a24c3,180,3.2037433155080213,nose,0.50743407,0.45940655,-0.3001338,0.5075299808571425,0.45940065114285694,-0.3043958562857141,548.0288,882.0606,548.132371142857,882.0492719999996,0.9994609,False,False
7ae6904d-8782-4caa-8a1f-a9caf51a24c3,180,3.2037433155080213,right_ankle,0.41860032,0.89614666,0.06555268,0.41853598114285695,0.8960005111428567,0.0673357718285714,452.08835,1720.6016,452.0188571428569,1720.3210057142849,0.9697777,False,False
7ae6904d-8782-4caa-8a1f-a9caf51a24c3,180,3.2037433155080213,right_elbow,0.38442764,0.5969075,-0.19828402,0.3844798262857141,0.5969161451428568,-0.1983878422857142,415.18185,1146.0624,415.23821742857126,1146.0790371428566,0.98999316,False,False
7ae6904d-8782-4caa-8a1f-a9caf51a24c3,180,3.2037433155080213,right_foot_index,0.47911873,0.94104517,-0.18045406,0.47894022914285694,0.9411354031428567,-0.17888057285714276,517.44824,1806.8068,517.2554565714283,1806.980002857142,0.9539079,False,False
7ae6904d-8782-4caa-8a1f-a9caf51a24c3,180,3.2037433155080213,right_heel,0.4076318,0.9133895,0.07342433,0.407594839142857,0.9131768497142853,0.07542473051428568,440.24237,1753.7079,440.20243828571404,1753.2995999999991,0.8033308,False,False
7ae6904d-8782-4caa-8a1f-a9caf51a24c3,180,3.2037433155080213,right_hip,0.4488926,0.6589954,-0.10060639,0.44882486428571405,0.659006809428571,-0.10083537828571423,484.80402,1265.2711,484.7308654285712,1265.2930342857135,0.99712515,False,False
7ae6904d-8782-4caa-8a1f-a9caf51a24c3,180,3.2037433155080213,right_knee,0.4260713,0.7784258,-0.13818054,0.4260734839999998,0.7783362885714281,-0.13808289599999996,460.15698,1494.5775,460.15934828571403,1494.4056857142848,0.9823198,False,False
7ae6904d-8782-4caa-8a1f-a9caf51a24c3,180,3.2037433155080213,right_shoulder,0.4081386,0.5181963,-0.07111594,0.40817976599999983,0.5182004074285712,-0.07484137119999995,440.7897,994.9369,440.8341514285712,994.9447822857138,0.99974746,False,False
7ae6904d-8782-4caa-8a1f-a9caf51a24c3,180,3.2037433155080213,right_wrist,0.4957457,0.5675728,-0.37656453,0.4958958371428569,0.5676235385714283,-0.3782632371428569,535.40533,1089.7397,535.5674928571426,1089.837174285714,0.9826576,False,False
7ae6904d-8782-4caa-8a1f-a9caf51a24c3,181,3.221541889483066,left_ankle,0.4824997,0.87703395,0.4340358,0.482511050285714,0.8770383822857138,0.4275820114285712,521.0997,1683.9052,521.1119442857139,1683.9137028571417,0.9141754,False,False
7ae6904d-8782-4caa-8a1f-a9caf51a24c3,181,3.221541889483066,left_elbow,0.5780254,0.58706594,0.020664318,0.5783887188571425,0.5870131151428569,0.020035102542857133,624.26746,1127.1666,624.6598437142854,1127.065208571428,0.73938775,False,False
7ae6904d-8782-4caa-8a1f-a9caf51a24c3,181,3.221541889483066,left_foot_index,0.54178727,0.9159062,0.25815943,0.5417776477142855,0.9159258885714281,0.2514636134285713,585.13025,1758.5399,585.1198554285712,1758.5776999999991,0.9306357,False,False
7ae6904d-8782-4caa-8a1f-a9caf51a24c3,181,3.221541889483066,left_heel,0.45622227,0.8883839,0.45103574,0.456229612285714,0.8883888045714281,0.4442804462857141,492.72006,1705.6971,492.7279799999998,1705.7064685714279,0.8659456,False,False
7ae6904d-8782-4caa-8a1f-a9caf51a24c3,181,3.221541889483066,left_hip,0.53417915,0.66458595,0.10534107,0.5341614328571426,0.6645780599999997,0.10500760834285708,576.9135,1276.005,576.8943428571426,1275.9898371428567,0.9959216,False,False
7ae6904d-8782-4caa-8a1f-a9caf51a24c3,181,3.221541889483066,left_knee,0.51986027,0.7774967,0.13761678,0.5198820199999997,0.7774938799999995,0.13415045742857135,561.4491,1492.7937,561.4725797142855,1492.7882742857137,0.84976155,False,False
7ae6904d-8782-4caa-8a1f-a9caf51a24c3,181,3.221541889483066,left_shoulder,0.5569831,0.5161448,0.16029589,0.5568823685714284,0.5161543494285712,0.16065126657142847,601.54175,990.99805,601.4329579999996,991.0163568571425,0.9992301,False,False
7ae6904d-8782-4caa-8a1f-a9caf51a24c3,181,3.221541889483066,left_wrist,0.5822539,0.56371725,-0.43341517,0.5822434539999997,0.5635109288571426,-0.4329276871428569,628.83417,1082.3372,628.8228985714283,1081.9410371428567,0.8964744,False,False
7ae6904d-8782-4caa-8a1f-a9caf51a24c3,181,3.221541889483066,nose,0.50752515,0.45936307,-0.31602785,0.5074396105714282,0.4593762477142855,-0.313167331142857,548.12714,881.9771,548.0347725714283,882.0023977142853,0.9994799,False,False
7ae6904d-8782-4caa-8a1f-a9caf51a24c3,181,3.221541889483066,right_ankle,0.41828483,0.89709395,0.066713676,0.4183363674285712,0.8970727168571424,0.06669112868571425,451.74762,1722.4204,451.80327857142834,1722.379608571428,0.97031,False,False
7ae6904d-8782-4caa-8a1f-a9caf51a24c3,181,3.221541889483066,right_elbow,0.3846521,0.5969076,-0.20321302,0.3846402842857141,0.5969057365714282,-0.20265368628571417,415.4243,1146.0626,415.4115242857141,1146.0589999999995,0.9902889,False,False
7ae6904d-8782-4caa-8a1f-a9caf51a24c3,181,3.221541889483066,right_foot_index,0.4786499,0.94218534,-0.1801837,0.4787818605714283,0.9420792831428568,-0.18023448399999992,516.9419,1808.9958,517.0844051428569,1808.792202857142,0.9547745,False,False
7ae6904d-8782-4caa-8a1f-a9caf51a24c3,181,3.221541889483066,right_heel,0.40740407,0.91396683,0.07482795,0.40741887457142834,0.9140451059999996,0.07477081114285711,439.9964,1754.8163,440.0123968571427,1754.9666171428562,0.80494165,False,False
7ae6904d-8782-4caa-8a1f-a9caf51a24c3,181,3.221541889483066,right_hip,0.44903472,0.659857,-0.10529834,0.4490345237142855,0.6597991179999997,-0.10495883171428566,484.9575,1266.9254,484.95728742857114,1266.8142542857136,0.9971773,False,False
7ae6904d-8782-4caa-8a1f-a9caf51a24c3,181,3.221541889483066,right_knee,0.42607605,0.7794526,-0.13815325,0.4260545511428569,0.779519047428571,-0.13803705571428565,460.16214,1496.5491,460.13892257142834,1496.6766171428562,0.98274523,False,False
7ae6904d-8782-4caa-8a1f-a9caf51a24c3,181,3.221541889483066,right_shoulder,0.40812388,0.5182342,-0.09236201,0.4081223971428569,0.5182258788571427,-0.08825473151428567,440.7738,995.00964,440.7722014285712,994.9936722857137,0.99975544,False,False
7ae6904d-8782-4caa-8a1f-a9caf51a24c3,181,3.221541889483066,right_wrist,0.49777183,0.5672292,-0.37001723,0.4975385037142855,0.5672799514285711,-0.37027590457142834,537.59357,1089.0801,537.3415785714283,1089.1775228571423,0.9829008,False,False
7ae6904d-8782-4caa-8a1f-a9caf51a24c3,182,3.2393404634581104,left_ankle,0.48249862,0.8774825,0.43363434,0.48250861257142835,0.8774571302857139,0.4366490065714284,521.0985,1684.7664,521.1093085714283,1684.7177057142849,0.91580117,False,False
7ae6904d-8782-4caa-8a1f-a9caf51a24c3,182,3.2393404634581104,left_elbow,0.57361877,0.5875365,0.02163659,0.5732195454285711,0.5875454117142855,0.02239739694285713,619.5083,1128.0701,619.0771348571425,1128.0871828571421,0.7349286,False,False
7ae6904d-8782-4caa-8a1f-a9caf51a24c3,182,3.2393404634581104,left_foot_index,0.5418396,0.91590106,0.25523344,0.5418557057142854,0.9159021785714281,0.2589562419999999,585.18677,1758.53,585.204168285714,1758.532142857142,0.9317597,False,False
7ae6904d-8782-4caa-8a1f-a9caf51a24c3,182,3.2393404634581104,left_heel,0.4562129,0.88874143,0.45043662,0.45621717285714264,0.8887274002857137,0.4536792325714284,492.70993,1706.3835,492.71455342857115,1706.3565942857133,0.8677129,False,False
7ae6904d-8782-4caa-8a1f-a9caf51a24c3,182,3.2393404634581104,left_hip,0.5340983,0.6650556,0.10774647,0.5341145685714284,0.6649892528571425,0.10766860577142852,576.8262,1276.9067,576.8437654285711,1276.779328571428,0.99597746,False,False
7ae6904d-8782-4caa-8a1f-a9caf51a24c3,182,3.2393404634581104,left_knee,0.519706,0.7786626,0.1372514,0.5196765254285711,0.7785556105714282,0.1383788822857142,561.2825,1495.0322,561.2506605714284,1494.826768571428,0.8508916,False,False
7ae6904d-8782-4caa-8a1f-a9caf51a24c3,182,3.2393404634581104,left_shoulder,0.556728,0.51614183,0.1585356,0.5566738628571426,0.5161632431428569,0.15870659742857135,601.26624,990.9923,601.2077759999997,991.0334325714282,0.99925077,False,False
7ae6904d-8782-4caa-8a1f-a9caf51a24c3,182,3.2393404634581104,left_wrist,0.58222944,0.56402206,-0.4392816,0.5822312297142854,0.5640800919999996,-0.44014688485714265,628.8078,1082.9224,628.8097268571426,1083.0338371428566,0.8961888,False,False
7ae6904d-8782-4caa-8a1f-a9caf51a24c3,182,3.2393404634581104,nose,0.50741005,0.4593628,-0.32353935,0.5074520011428569,0.45936767628571407,-0.32401476257142836,548.00287,881.97656,548.0481734285712,881.9859354285709,0.99949247,False,False
7ae6904d-8782-4caa-8a1f-a9caf51a24c3,182,3.2393404634581104,right_ankle,0.4181459,0.89747775,0.074411586,0.41813527742857126,0.897440145428571,0.07513702697142853,451.59756,1723.1572,451.586092285714,1723.0850028571422,0.97081035,False,False
7ae6904d-8782-4caa-8a1f-a9caf51a24c3,182,3.2393404634581104,right_elbow,0.3847862,0.59690654,-0.20430127,0.3847722405714284,0.5969195051428569,-0.20433167285714274,415.5691,1146.0605,415.55403571428553,1146.085391428571,0.99046683,False,False
7ae6904d-8782-4caa-8a1f-a9caf51a24c3,182,3.2393404634581104,right_foot_index,0.47854355,0.9427507,-0.17298985,0.4785243045714283,0.9427140819999996,-0.17182325114285707,516.827,1810.0813,516.8062399999997,1810.0110057142847,0.9555125,False,False
7ae6904d-8782-4caa-8a1f-a9caf51a24c3,182,3.2393404634581104,right_heel,0.4071663,0.9144228,0.08326883,0.40714583657142833,0.9143614559999995,0.08408267042857138,439.7396,1755.6918,439.71749428571405,1755.5740028571417,0.80619216,False,False
7ae6904d-8782-4caa-8a1f-a9caf51a24c3,182,3.2393404634581104,right_hip,0.44903794,0.66029954,-0.10770872,0.44904790599999983,0.660273252285714,-0.1076333723428571,484.96097,1267.7751,484.97173742857115,1267.7246314285708,0.9972127,False,False
7ae6904d-8782-4caa-8a1f-a9caf51a24c3,182,3.2393404634581104,right_knee,0.4259886,0.7804463,-0.13675982,0.4260076799999998,0.7803055922857141,-0.13675250599999994,460.06772,1498.4569,460.08830514285694,1498.186762857142,0.9831363,False,False
7ae6904d-8782-4caa-8a1f-a9caf51a24c3,182,3.2393404634581104,right_shoulder,0.40810388,0.5182337,-0.094650984,0.40807291828571407,0.5182339194285712,-0.09554705451428566,440.7522,995.0087,440.71875857142834,995.0091165714282,0.99976003,False,False
7ae6904d-8782-4caa-8a1f-a9caf51a24c3,182,3.2393404634581104,right_wrist,0.49825206,0.56697565,-0.37108338,0.4983139285714283,0.5668390179999998,-0.3699165042857141,538.11224,1088.5933,538.1790379999998,1088.3309199999994,0.98295665,False,False
7ae6904d-8782-4caa-8a1f-a9caf51a24c3,183,3.2571390374331552,left_ankle,0.48248318,0.87773603,0.42946336,0.48244566971428554,0.877772495428571,0.42758438628571405,521.08185,1685.2532,521.0413328571426,1685.3231942857135,0.91700023,False,False
7ae6904d-8782-4caa-8a1f-a9caf51a24c3,183,3.2571390374331552,left_elbow,0.5678248,0.58772933,0.028746273,0.5680742748571426,0.5876639025714283,0.029795255399999984,613.2508,1128.4403,613.5202317142854,1128.3147199999994,0.7295205,False,False
7ae6904d-8782-4caa-8a1f-a9caf51a24c3,183,3.2571390374331552,left_foot_index,0.54181004,0.91593164,0.25146005,0.5417346499999997,0.9159376571428567,0.24909771457142843,585.15485,1758.5887,585.0734154285711,1758.600279999999,0.93256134,False,False
7ae6904d-8782-4caa-8a1f-a9caf51a24c3,183,3.2571390374331552,left_heel,0.45619136,0.8889802,0.4464741,0.45616965028571405,0.8890218588571425,0.44439914914285683,492.68668,1706.842,492.6632268571426,1706.9219971428563,0.86911386,False,False
7ae6904d-8782-4caa-8a1f-a9caf51a24c3,183,3.2571390374331552,left_hip,0.5340913,0.66506445,0.10817398,0.5340940865714283,0.6651057771428568,0.1081508983428571,576.8186,1276.9237,576.8216111428568,1277.0030199999994,0.99601287,False,False
7ae6904d-8782-4caa-8a1f-a9caf51a24c3,183,3.2571390374331552,left_knee,0.5194038,0.7790429,0.1323607,0.5194101025714283,0.7790703148571425,0.13258029999999993,560.9561,1495.7623,560.9629177142854,1495.8149542857138,0.85173327,False,False
7ae6904d-8782-4caa-8a1f-a9caf51a24c3,183,3.2571390374331552,left_shoulder,0.5563812,0.51613146,0.15755603,0.5564757822857139,0.516104374285714,0.1578985699999999,600.8917,990.9724,600.9938397142854,990.920389428571,0.9992741,False,False
7ae6904d-8782-4caa-8a1f-a9caf51a24c3,183,3.2571390374331552,left_wrist,0.58220863,0.56467336,-0.4384806,0.5822316168571426,0.5647417848571425,-0.4338361157142855,628.78534,1084.1729,628.8101551428568,1084.304265714285,0.89719665,False,False
7ae6904d-8782-4caa-8a1f-a9caf51a24c3,183,3.2571390374331552,nose,0.5073695,0.45934924,-0.3271707,0.5073322357142855,0.45933184428571405,-0.3266047654285713,547.9591,881.95056,547.9188459999998,881.9171502857138,0.99950284,False,False
7ae6904d-8782-4caa-8a1f-a9caf51a24c3,183,3.2571390374331552,right_ankle,0.41807896,0.89744526,0.08547919,0.4180889225714284,0.8975101928571424,0.08418727882857138,451.52527,1723.0948,451.53602799999976,1723.2195228571422,0.9710592,False,False
7ae6904d-8782-4caa-8a1f-a9caf51a24c3,183,3.2571390374331552,right_elbow,0.38479763,0.5968863,-0.20636559,0.3848086237142856,0.5968528765714283,-0.20777748942857133,415.58145,1146.0216,415.5933197142855,1145.9574599999996,0.9906456,False,False
7ae6904d-8782-4caa-8a1f-a9caf51a24c3,183,3.2571390374331552,right_foot_index,0.47846165,0.9428578,-0.16016772,0.4784408642857141,0.9429027537142852,-0.16178696399999992,516.7386,1810.287,516.7161291428569,1810.373262857142,0.9559025,False,False
7ae6904d-8782-4caa-8a1f-a9caf51a24c3,183,3.2571390374331552,right_heel,0.4069619,0.9144502,0.09540768,0.40701237371428556,0.9144821988571423,0.09398326971428567,439.51883,1755.7444,439.5733485714283,1755.8058399999993,0.8064705,False,False
7ae6904d-8782-4caa-8a1f-a9caf51a24c3,183,3.2571390374331552,right_hip,0.44903007,0.66041285,-0.10813878,0.44903299285714265,0.6604575097142854,-0.1081138700571428,484.95248,1267.9927,484.95563171428546,1268.0784571428565,0.99722815,False,False
7ae6904d-8782-4caa-8a1f-a9caf51a24c3,183,3.2571390374331552,right_knee,0.42596835,0.78067684,-0.13499704,0.4259631059999998,0.7807543951428568,-0.13506003742857137,460.0458,1498.8995,460.0401677142854,1499.0484371428565,0.98336387,False,False
7ae6904d-8782-4caa-8a1f-a9caf51a24c3,183,3.2571390374331552,right_shoulder,0.40788537,0.51823205,-0.09265783,0.40790868085714266,0.5182402948571425,-0.09267056679999995,440.5162,995.00555,440.54137942857125,995.0213831428566,0.9997643,False,False
7ae6904d-8782-4caa-8a1f-a9caf51a24c3,183,3.2571390374331552,right_wrist,0.4982666,0.5661189,-0.38023323,0.4982121157142855,0.5661783342857141,-0.38626834714285696,538.1279,1086.9482,538.0690905714283,1087.0624142857139,0.9832038,False,False
7ae6904d-8782-4caa-8a1f-a9caf51a24c3,184,3.2749376114082,left_ankle,0.48232517,0.87798184,0.42147374,0.4823622139999998,0.8779384325714281,0.42531721485714263,520.9112,1685.7251,520.9511994285712,1685.641759999999,0.91747326,False,False
7ae6904d-8782-4caa-8a1f-a9caf51a24c3,184,3.2749376114082,left_elbow,0.56402934,0.58748174,0.03920379,0.564292576285714,0.5875765417142853,0.036405458742857125,609.1517,1127.965,609.4360125714284,1128.1469542857137,0.7217991,False,False
7ae6904d-8782-4caa-8a1f-a9caf51a24c3,184,3.2749376114082,left_foot_index,0.54149234,0.915968,0.24391733,0.5415870937142855,0.9159461685714281,0.24839629057142842,584.8117,1758.6586,584.9140539999996,1758.6166514285705,0.93283814,False,False
7ae6904d-8782-4caa-8a1f-a9caf51a24c3,184,3.2749376114082,left_heel,0.45610487,0.8892635,0.43826866,0.4561287877142855,0.8892076331428568,0.4424259674285712,492.59326,1707.386,492.6190934285712,1707.2786599999995,0.86989,False,False
7ae6904d-8782-4caa-8a1f-a9caf51a24c3,184,3.2749376114082,left_hip,0.5341188,0.6650801,0.107807666,0.5341086137142854,0.6650787457142853,0.10800301434285708,576.84827,1276.9537,576.8372797142854,1276.9511457142853,0.9959882,False,False
7ae6904d-8782-4caa-8a1f-a9caf51a24c3,184,3.2749376114082,left_knee,0.51913875,0.77915466,0.1288697,0.5191511657142853,0.7791593519999996,0.12915067142857137,560.66986,1495.9769,560.6832648571426,1495.9859085714274,0.8520704,False,False
7ae6904d-8782-4caa-8a1f-a9caf51a24c3,184,3.2749376114082,left_shoulder,0.556452,0.51600987,0.1574599,0.5563995625714283,0.5160388757142855,0.15664323828571422,600.96814,990.73895,600.9115197142854,990.7946437142853,0.9992877,False,False
7ae6904d-8782-4caa-8a1f-a9caf51a24c3,184,3.2749376114082,left_wrist,0.5822268,0.56563514,-0.41795743,0.5821805725714283,0.5654368605714284,-0.42378324485714264,628.80493,1086.0195,628.7550254285711,1085.638808571428,0.89808625,False,False
7ae6904d-8782-4caa-8a1f-a9caf51a24c3,184,3.2749376114082,nose,0.5071948,0.459209,-0.32587782,0.5072137214285711,0.4592013559999998,-0.3263615682857141,547.7704,881.6813,547.7908437142853,881.6666222857139,0.9995128,False,False
7ae6904d-8782-4caa-8a1f-a9caf51a24c3,184,3.2749376114082,right_ankle,0.41810337,0.8975824,0.08828579,0.4180971454285712,0.8975578068571424,0.0895029443428571,451.55164,1723.3583,451.54491828571406,1723.3110199999992,0.9711752,False,False
7ae6904d-8782-4caa-8a1f-a9caf51a24c3,184,3.2749376114082,right_elbow,0.38481694,0.5966776,-0.2138681,0.38481751085714266,0.5967018159999997,-0.21241758028571417,415.6023,1145.621,415.60291199999983,1145.6674657142853,0.9909165,False,False
7ae6904d-8782-4caa-8a1f-a9caf51a24c3,184,3.2749376114082,right_foot_index,0.4782907,0.9430504,-0.15662284,0.4782945151428569,0.9430758057142852,-0.15528584028571424,516.55396,1810.6567,516.5580948571426,1810.7055314285703,0.9560122,False,False
7ae6904d-8782-4caa-8a1f-a9caf51a24c3,184,3.2749376114082,right_heel,0.40707302,0.9144575,0.098410405,0.4070574722857141,0.9144443908571422,0.09971980728571422,439.63885,1755.7584,439.6220499999998,1755.7332257142848,0.80643314,False,False
7ae6904d-8782-4caa-8a1f-a9caf51a24c3,184,3.2749376114082,right_hip,0.44902265,0.66059345,-0.107768826,0.44901633885714265,0.6605782717142854,-0.1079672000571428,484.94446,1268.3395,484.93764657142833,1268.3103228571422,0.9972096,False,False
7ae6904d-8782-4caa-8a1f-a9caf51a24c3,184,3.2749376114082,right_knee,0.4259521,0.78105575,-0.13394703,0.42595017828571413,0.7810966211428568,-0.13383877628571422,460.0283,1499.6271,460.02619828571403,1499.7055199999995,0.9835325,False,False
7ae6904d-8782-4caa-8a1f-a9caf51a24c3,184,3.2749376114082,right_shoulder,0.40763634,0.51826394,-0.09060336,0.4076054537142856,0.5182594862857139,-0.09151497437142853,440.24725,995.0668,440.21388828571406,995.0582422857137,0.99976707,False,False
7ae6904d-8782-4caa-8a1f-a9caf51a24c3,184,3.2749376114082,right_wrist,0.49817386,0.56555974,-0.41155058,0.49841030714285695,0.5656419957142853,-0.40363913857142836,538.0278,1085.8748,538.283122285714,1086.0326171428567,0.98369664,False,False
7ae6904d-8782-4caa-8a1f-a9caf51a24c3,185,3.292736185383244,left_ankle,0.482334,0.8779818,0.43153772,0.48233178857142833,0.8780086397142853,0.42958911542857126,520.9207,1685.725,520.9183231428569,1685.776557142856,0.91814893,False,False
7ae6904d-8782-4caa-8a1f-a9caf51a24c3,185,3.292736185383244,left_elbow,0.5627077,0.58739436,0.037981436,0.5623510137142855,0.5872843774285711,0.04040512597142855,607.72437,1127.7971,607.3391168571426,1127.5860028571424,0.7156332,False,False
7ae6904d-8782-4caa-8a1f-a9caf51a24c3,185,3.292736185383244,left_foot_index,0.5415598,0.91591,0.25724393,0.5415204828571426,0.9159285965714282,0.2548625788571427,584.8846,1758.5472,584.8421242857139,1758.5829171428563,0.9331841,False,False
7ae6904d-8782-4caa-8a1f-a9caf51a24c3,185,3.292736185383244,left_heel,0.45615393,0.8892686,0.44914854,0.45616117628571407,0.8893059585714281,0.44687963828571403,492.64624,1707.3956,492.6540674285712,1707.4674285714277,0.87077695,False,False
7ae6904d-8782-4caa-8a1f-a9caf51a24c3,185,3.292736185383244,left_hip,0.53410894,0.665088,0.10810088,0.5341137708571425,0.6650876699999997,0.10802674862857137,576.83765,1276.969,576.8428597142854,1276.9683314285708,0.99599093,False,False
7ae6904d-8782-4caa-8a1f-a9caf51a24c3,185,3.292736185383244,left_knee,0.5190224,0.7791951,0.13014142,0.5190293557142855,0.7792229777142854,0.1310887531428571,560.5442,1496.0546,560.5517077142854,1496.1081199999992,0.85229194,False,False
7ae6904d-8782-4caa-8a1f-a9caf51a24c3,185,3.292736185383244,left_shoulder,0.55634624,0.51598924,0.15435363,0.5563114357142854,0.5159723225714283,0.15502013314285706,600.85394,990.69934,600.8163431428568,990.6668508571424,0.99930555,False,False
7ae6904d-8782-4caa-8a1f-a9caf51a24c3,185,3.292736185383244,left_wrist,0.5820511,0.5660731,-0.418843,0.5820816117142854,0.5664011457142855,-0.41568805085714267,628.6152,1086.8604,628.6481297142855,1087.490254285714,0.89893997,False,False
7ae6904d-8782-4caa-8a1f-a9caf51a24c3,185,3.292736185383244,nose,0.507112,0.45903164,-0.3252192,0.5071220199999997,0.4590560359999998,-0.3252495582857141,547.68097,881.34076,547.6917854285712,881.3876079999995,0.99952704,False,False
7ae6904d-8782-4caa-8a1f-a9caf51a24c3,185,3.292736185383244,right_ankle,0.41812226,0.89771754,0.086272985,0.4181166971428569,0.8977584265714282,0.08250779471428568,451.57205,1723.6177,451.56604057142835,1723.6962142857135,0.9713994,False,False
7ae6904d-8782-4caa-8a1f-a9caf51a24c3,185,3.292736185383244,right_elbow,0.38484642,0.5965011,-0.21479876,0.38484956657142844,0.5964755845714284,-0.21501519114285705,415.63412,1145.2821,415.6375271428569,1145.233105714285,0.99115264,False,False
7ae6904d-8782-4caa-8a1f-a9caf51a24c3,185,3.292736185383244,right_foot_index,0.4781597,0.9433478,-0.15836956,0.4781770459999998,0.9433200028571422,-0.16241252799999994,516.4125,1811.2278,516.4312234285711,1811.174399999999,0.9562246,False,False
7ae6904d-8782-4caa-8a1f-a9caf51a24c3,185,3.292736185383244,right_heel,0.40719295,0.91447985,0.09606103,0.4071725148571426,0.9145327117142852,0.09198698028571424,439.76837,1755.8013,439.74631142857123,1755.9028114285704,0.80668694,False,False
7ae6904d-8782-4caa-8a1f-a9caf51a24c3,185,3.292736185383244,right_hip,0.44899312,0.66071683,-0.10806978,0.4489999308571426,0.660731114285714,-0.10799370377142853,484.91257,1268.5763,484.9199259999998,1268.603762857142,0.9972272,False,False
7ae6904d-8782-4caa-8a1f-a9caf51a24c3,185,3.292736185383244,right_knee,0.42593783,0.78158975,-0.13395694,0.42594219199999983,0.7815412228571424,-0.1345535182857142,460.01285,1500.6523,460.0175728571426,1500.5591714285704,0.98378175,False,False
7ae6904d-8782-4caa-8a1f-a9caf51a24c3,185,3.292736185383244,right_shoulder,0.40725282,0.51826787,-0.09255979,0.4072628151428569,0.5182609605714283,-0.09172736499999995,439.83304,995.07434,439.8438399999998,995.0610808571424,0.9997728,False,False
7ae6904d-8782-4caa-8a1f-a9caf51a24c3,185,3.292736185383244,right_wrist,0.4989679,0.56550556,-0.40870953,0.49873425399999977,0.5653940457142854,-0.41186080714285694,538.8853,1085.7706,538.6329999999997,1085.5565799999995,0.98399395,False,False
7ae6904d-8782-4caa-8a1f-a9caf51a24c3,186,3.310534759358289,left_ankle,0.4823869,0.8780042,0.436687,0.4823740539999998,0.8779984365714282,0.4362255262857141,520.97784,1685.7681,520.963961142857,1685.7570085714276,0.9194014,False,False
7ae6904d-8782-4caa-8a1f-a9caf51a24c3,186,3.310534759358289,left_elbow,0.5612641,0.5869618,0.042698704,0.5615220279999997,0.5870655399999997,0.041380919028571404,606.1652,1126.9667,606.4437868571426,1127.1658399999992,0.70910025,False,False
7ae6904d-8782-4caa-8a1f-a9caf51a24c3,186,3.310534759358289,left_foot_index,0.54158026,0.9159122,0.26382396,0.5415807811428569,0.9159066628571424,0.26327423228571417,584.9067,1758.5514,584.9072657142854,1758.5407714285707,0.9338775,False,False
7ae6904d-8782-4caa-8a1f-a9caf51a24c3,186,3.310534759358289,left_heel,0.45626,0.88932455,0.45394006,0.45623692999999976,0.8893105999999995,0.45364051599999977,492.7608,1707.5032,492.73588285714266,1707.4763542857133,0.87235415,False,False
7ae6904d-8782-4caa-8a1f-a9caf51a24c3,186,3.310534759358289,left_hip,0.5341087,0.6650894,0.10822791,0.5341079165714282,0.6650897171428569,0.10822037777142851,576.8374,1276.9717,576.8365539999998,1276.9723171428566,0.9959801,False,False
7ae6904d-8782-4caa-8a1f-a9caf51a24c3,186,3.310534759358289,left_knee,0.51902145,0.7793067,0.13626088,0.5190117214285711,0.7792814691428568,0.13479630914285706,560.54315,1496.2689,560.5326491428568,1496.2204542857135,0.85370547,False,False
7ae6904d-8782-4caa-8a1f-a9caf51a24c3,186,3.310534759358289,left_shoulder,0.55608153,0.51594335,0.15387136,0.5561405331428568,0.5159533819999997,0.1537291205714285,600.56805,990.6112,600.6317759999996,990.6304694285709,0.99931973,False,False
7ae6904d-8782-4caa-8a1f-a9caf51a24c3,186,3.310534759358289,left_wrist,0.581988,0.5674662,-0.41430038,0.5819891657142855,0.5671455137142856,-0.41554438828571416,628.547,1089.5352,628.5482745714282,1088.919471428571,0.89932156,False,False
7ae6904d-8782-4caa-8a1f-a9caf51a24c3,186,3.310534759358289,nose,0.5071264,0.4589959,-0.3251096,0.5071155999999997,0.45898988799999973,-0.3250813297142856,547.6965,881.27216,547.6848411428568,881.2606108571424,0.999541,False,False
7ae6904d-8782-4caa-8a1f-a9caf51a24c3,186,3.310534759358289,right_ankle,0.41811138,0.89796597,0.06868224,0.4181157968571426,0.8979136714285709,0.07303304828571425,451.5603,1724.0946,451.56507085714264,1723.994202857142,0.9718811,False,False
7ae6904d-8782-4caa-8a1f-a9caf51a24c3,186,3.310534759358289,right_elbow,0.3848817,0.59629494,-0.21407026,0.3848751548571427,0.5963328239999998,-0.21433735942857135,415.67224,1144.8862,415.66516514285695,1144.9589542857136,0.99143857,False,False
7ae6904d-8782-4caa-8a1f-a9caf51a24c3,186,3.310534759358289,right_foot_index,0.47815314,0.9434729,-0.17702056,0.47814359828571407,0.9434662228571423,-0.17237430742857135,516.4054,1811.468,516.3951005714283,1811.4551857142849,0.9567229,False,False
7ae6904d-8782-4caa-8a1f-a9caf51a24c3,186,3.310534759358289,right_heel,0.40719637,0.91470534,0.07686722,0.40720577028571403,0.9146492725714281,0.08160139614285711,439.7721,1756.2343,439.78224257142836,1756.1266342857136,0.80805266,False,False
7ae6904d-8782-4caa-8a1f-a9caf51a24c3,186,3.310534759358289,right_hip,0.44899255,0.66083556,-0.1081982,0.4489901654285712,0.6608156048571425,-0.10819097377142853,484.91196,1268.8043,484.90938342857123,1268.765968571428,0.99726176,False,False
7ae6904d-8782-4caa-8a1f-a9caf51a24c3,186,3.310534759358289,right_knee,0.42594594,0.78180873,-0.13663688,0.42594263142857125,0.7817981922857138,-0.13594860199999992,460.0216,1501.0728,460.0180257142855,1501.0525457142849,0.9841804,False,False
7ae6904d-8782-4caa-8a1f-a9caf51a24c3,186,3.310534759358289,right_shoulder,0.40699118,0.5182343,-0.091963835,0.40702558571428554,0.5182432691428569,-0.09228477457142853,439.55048,995.0099,439.58763457142834,995.0271165714282,0.9997794,False,False
7ae6904d-8782-4caa-8a1f-a9caf51a24c3,186,3.310534759358289,right_wrist,0.49888423,0.5652041,-0.40768433,0.4989738057142855,0.565276974285714,-0.40770443428571407,538.795,1085.1919,538.8917199999997,1085.3317771428567,0.98438793,False,False
