run_id,frame_id,timestamp,joint,x_norm,y_norm,z_norm,x_px,y_px,confidence
f52cfef7-e912-4c1f-bd56-a361a6d26098,0,0.0,nose,0.5,0.5,0.0,540.0,960.0,0.5
f52cfef7-e912-4c1f-bd56-a361a6d26098,0,0.0,left_shoulder,0.5,0.5,0.0,540.0,960.0,0.5
f52cfef7-e912-4c1f-bd56-a361a6d26098,0,0.0,right_shoulder,0.5,0.5,0.0,540.0,960.0,0.5
f52cfef7-e912-4c1f-bd56-a361a6d26098,0,0.0,left_elbow,0.5,0.5,0.0,540.0,960.0,0.5
f52cfef7-e912-4c1f-bd56-a361a6d26098,0,0.0,right_elbow,0.5,0.5,0.0,540.0,960.0,0.5
f52cfef7-e912-4c1f-bd56-a361a6d26098,0,0.0,left_wrist,0.5,0.5,0.0,540.0,960.0,0.5
f52cfef7-e912-4c1f-bd56-a361a6d26098,0,0.0,right_wrist,0.5,0.5,0.0,540.0,960.0,0.5
f52cfef7-e912-4c1f-bd56-a361a6d26098,0,0.0,left_hip,0.5,0.5,0.0,540.0,960.0,0.5
f52cfef7-e912-4c1f-bd56-a361a6d26098,0,0.0,right_hip,0.5,0.5,0.0,540.0,960.0,0.5
f52cfef7-e912-4c1f-bd56-a361a6d26098,0,0.0,left_knee,0.5,0.5,0.0,540.0,960.0,0.5
f52cfef7-e912-4c1f-bd56-a361a6d26098,0,0.0,right_knee,0.5,0.5,0.0,540.0,960.0,0.5
f52cfef7-e912-4c1f-bd56-a361a6d26098,0,0.0,left_ankle,0.5,0.5,0.0,540.0,960.0,0.5
f52cfef7-e912-4c1f-bd56-a361a6d26098,0,0.0,right_ankle,0.5,0.5,0.0,540.0,960.0,0.5
f52cfef7-e912-4c1f-bd56-a361a6d26098,0,0.0,left_heel,0.5,0.5,0.0,540.0,960.0,0.5
f52cfef7-e912-4c1f-bd56-a361a6d26098,0,0.0,right_heel,0.5,0.5,0.0,540.0,960.0,0.5
f52cfef7-e912-4c1f-bd56-a361a6d26098,0,0.0,left_foot_index,0.5,0.5,0.0,540.0,960.0,0.5
f52cfef7-e912-4c1f-bd56-a361a6d26098,0,0.0,right_foot_index,0.5,0.5,0.0,540.0,960.0,0.5
f52cfef7-e912-4c1f-bd56-a361a6d26098,1,0.03333333333333333,nose,0.5,0.5,0.0,540.0,960.0,0.5
f52cfef7-e912-4c1f-bd56-a361a6d26098,1,0.03333333333333333,left_shoulder,0.5,0.5,0.0,540.0,960.0,0.5
f52cfef7-e912-4c1f-bd56-a361a6d26098,1,0.03333333333333333,right_shoulder,0.5,0.5,0.0,540.0,960.0,0.5
f52cfef7-e912-4c1f-bd56-a361a6d26098,1,0.03333333333333333,left_elbow,0.5,0.5,0.0,540.0,960.0,0.5
f52cfef7-e912-4c1f-bd56-a361a6d26098,1,0.03333333333333333,right_elbow,0.5,0.5,0.0,540.0,960.0,0.5
f52cfef7-e912-4c1f-bd56-a361a6d26098,1,0.03333333333333333,left_wrist,0.5,0.5,0.0,540.0,960.0,0.5
f52cfef7-e912-4c1f-bd56-a361a6d26098,1,0.03333333333333333,right_wrist,0.5,0.5,0.0,540.0,960.0,0.5
f52cfef7-e912-4c1f-bd56-a361a6d26098,1,0.03333333333333333,left_hip,0.5,0.5,0.0,540.0,960.0,0.5
f52cfef7-e912-4c1f-bd56-a361a6d26098,1,0.03333333333333333,right_hip,0.5,0.5,0.0,540.0,960.0,0.5
f52cfef7-e912-4c1f-bd56-a361a6d26098,1,0.03333333333333333,left_knee,0.5,0.5,0.0,540.0,960.0,0.5
f52cfef7-e912-4c1f-bd56-a361a6d26098,1,0.03333333333333333,right_knee,0.5,0.5,0.0,540.0,960.0,0.5
f52cfef7-e912-4c1f-bd56-a361a6d26098,1,0.03333333333333333,left_ankle,0.5,0.5,0.0,540.0,960.0,0.5
f52cfef7-e912-4c1f-bd56-a361a6d26098,1,0.03333333333333333,right_ankle,0.5,0.5,0.0,540.0,960.0,0.5
f52cfef7-e912-4c1f-bd56-a361a6d26098,1,0.03333333333333333,left_heel,0.5,0.5,0.0,540.0,960.0,0.5
f52cfef7-e912-4c1f-bd56-a361a6d26098,1,0.03333333333333333,right_heel,0.5,0.5,0.0,540.0,960.0,0.5
f52cfef7-e912-4c1f-bd56-a361a6d26098,1,0.03333333333333333,left_foot_index,0.5,0.5,0.0,540.0,960.0,0.5
f52cfef7-e912-4c1f-bd56-a361a6d26098,1,0.03333333333333333,right_foot_index,0.5,0.5,0.0,540.0,960.0,0.5
f52cfef7-e912-4c1f-bd56-a361a6d26098,2,0.06666666666666667,nose,0.5,0.5,0.0,540.0,960.0,0.5
f52cfef7-e912-4c1f-bd56-a361a6d26098,2,0.06666666666666667,left_shoulder,0.5,0.5,0.0,540.0,960.0,0.5
f52cfef7-e912-4c1f-bd56-a361a6d26098,2,0.06666666666666667,right_shoulder,0.5,0.5,0.0,540.0,960.0,0.5
f52cfef7-e912-4c1f-bd56-a361a6d26098,2,0.06666666666666667,left_elbow,0.5,0.5,0.0,540.0,960.0,0.5
f52cfef7-e912-4c1f-bd56-a361a6d26098,2,0.06666666666666667,right_elbow,0.5,0.5,0.0,540.0,960.0,0.5
f52cfef7-e912-4c1f-bd56-a361a6d26098,2,0.06666666666666667,left_wrist,0.5,0.5,0.0,540.0,960.0,0.5
f52cfef7-e912-4c1f-bd56-a361a6d26098,2,0.06666666666666667,right_wrist,0.5,0.5,0.0,540.0,960.0,0.5
f52cfef7-e912-4c1f-bd56-a361a6d26098,2,0.06666666666666667,left_hip,0.5,0.5,0.0,540.0,960.0,0.5
f52cfef7-e912-4c1f-bd56-a361a6d26098,2,0.06666666666666667,right_hip,0.5,0.5,0.0,540.0,960.0,0.5
f52cfef7-e912-4c1f-bd56-a361a6d26098,2,0.06666666666666667,left_knee,0.5,0.5,0.0,540.0,960.0,0.5
f52cfef7-e912-4c1f-bd56-a361a6d26098,2,0.06666666666666667,right_knee,0.5,0.5,0.0,540.0,960.0,0.5
f52cfef7-e912-4c1f-bd56-a361a6d26098,2,0.06666666666666667,left_ankle,0.5,0.5,0.0,540.0,960.0,0.5
f52cfef7-e912-4c1f-bd56-a361a6d26098,2,0.06666666666666667,right_ankle,0.5,0.5,0.0,540.0,960.0,0.5
f52cfef7-e912-4c1f-bd56-a361a6d26098,2,0.06666666666666667,left_heel,0.5,0.5,0.0,540.0,960.0,0.5
f52cfef7-e912-4c1f-bd56-a361a6d26098,2,0.06666666666666667,right_heel,0.5,0.5,0.0,540.0,960.0,0.5
f52cfef7-e912-4c1f-bd56-a361a6d26098,2,0.06666666666666667,left_foot_index,0.5,0.5,0.0,540.0,960.0,0.5
f52cfef7-e912-4c1f-bd56-a361a6d26098,2,0.06666666666666667,right_foot_index,0.5,0.5,0.0,540.0,960.0,0.5
f52cfef7-e912-4c1f-bd56-a361a6d26098,3,0.1,nose,0.5,0.5,0.0,540.0,960.0,0.5
f52cfef7-e912-4c1f-bd56-a361a6d26098,3,0.1,left_shoulder,0.5,0.5,0.0,540.0,960.0,0.5
f52cfef7-e912-4c1f-bd56-a361a6d26098,3,0.1,right_shoulder,0.5,0.5,0.0,540.0,960.0,0.5
f52cfef7-e912-4c1f-bd56-a361a6d26098,3,0.1,left_elbow,0.5,0.5,0.0,540.0,960.0,0.5
f52cfef7-e912-4c1f-bd56-a361a6d26098,3,0.1,right_elbow,0.5,0.5,0.0,540.0,960.0,0.5
f52cfef7-e912-4c1f-bd56-a361a6d26098,3,0.1,left_wrist,0.5,0.5,0.0,540.0,960.0,0.5
f52cfef7-e912-4c1f-bd56-a361a6d26098,3,0.1,right_wrist,0.5,0.5,0.0,540.0,960.0,0.5
f52cfef7-e912-4c1f-bd56-a361a6d26098,3,0.1,left_hip,0.5,0.5,0.0,540.0,960.0,0.5
f52cfef7-e912-4c1f-bd56-a361a6d26098,3,0.1,right_hip,0.5,0.5,0.0,540.0,960.0,0.5
f52cfef7-e912-4c1f-bd56-a361a6d26098,3,0.1,left_knee,0.5,0.5,0.0,540.0,960.0,0.5
f52cfef7-e912-4c1f-bd56-a361a6d26098,3,0.1,right_knee,0.5,0.5,0.0,540.0,960.0,0.5
f52cfef7-e912-4c1f-bd56-a361a6d26098,3,0.1,left_ankle,0.5,0.5,0.0,540.0,960.0,0.5
f52cfef7-e912-4c1f-bd56-a361a6d26098,3,0.1,right_ankle,0.5,0.5,0.0,540.0,960.0,0.5
f52cfef7-e912-4c1f-bd56-a361a6d26098,3,0.1,left_heel,0.5,0.5,0.0,540.0,960.0,0.5
f52cfef7-e912-4c1f-bd56-a361a6d26098,3,0.1,right_heel,0.5,0.5,0.0,540.0,960.0,0.5
f52cfef7-e912-4c1f-bd56-a361a6d26098,3,0.1,left_foot_index,0.5,0.5,0.0,540.0,960.0,0.5
f52cfef7-e912-4c1f-bd56-a361a6d26098,3,0.1,right_foot_index,0.5,0.5,0.0,540.0,960.0,0.5
f52cfef7-e912-4c1f-bd56-a361a6d26098,4,0.13333333333333333,nose,0.5,0.5,0.0,540.0,960.0,0.5
f52cfef7-e912-4c1f-bd56-a361a6d26098,4,0.13333333333333333,left_shoulder,0.5,0.5,0.0,540.0,960.0,0.5
f52cfef7-e912-4c1f-bd56-a361a6d26098,4,0.13333333333333333,right_shoulder,0.5,0.5,0.0,540.0,960.0,0.5
f52cfef7-e912-4c1f-bd56-a361a6d26098,4,0.13333333333333333,left_elbow,0.5,0.5,0.0,540.0,960.0,0.5
f52cfef7-e912-4c1f-bd56-a361a6d26098,4,0.13333333333333333,right_elbow,0.5,0.5,0.0,540.0,960.0,0.5
f52cfef7-e912-4c1f-bd56-a361a6d26098,4,0.13333333333333333,left_wrist,0.5,0.5,0.0,540.0,960.0,0.5
f52cfef7-e912-4c1f-bd56-a361a6d26098,4,0.13333333333333333,right_wrist,0.5,0.5,0.0,540.0,960.0,0.5
f52cfef7-e912-4c1f-bd56-a361a6d26098,4,0.13333333333333333,left_hip,0.5,0.5,0.0,540.0,960.0,0.5
f52cfef7-e912-4c1f-bd56-a361a6d26098,4,0.13333333333333333,right_hip,0.5,0.5,0.0,540.0,960.0,0.5
f52cfef7-e912-4c1f-bd56-a361a6d26098,4,0.13333333333333333,left_knee,0.5,0.5,0.0,540.0,960.0,0.5
f52cfef7-e912-4c1f-bd56-a361a6d26098,4,0.13333333333333333,right_knee,0.5,0.5,0.0,540.0,960.0,0.5
f52cfef7-e912-4c1f-bd56-a361a6d26098,4,0.13333333333333333,left_ankle,0.5,0.5,0.0,540.0,960.0,0.5
f52cfef7-e912-4c1f-bd56-a361a6d26098,4,0.13333333333333333,right_ankle,0.5,0.5,0.0,540.0,960.0,0.5
f52cfef7-e912-4c1f-bd56-a361a6d26098,4,0.13333333333333333,left_heel,0.5,0.5,0.0,540.0,960.0,0.5
f52cfef7-e912-4c1f-bd56-a361a6d26098,4,0.13333333333333333,right_heel,0.5,0.5,0.0,540.0,960.0,0.5
f52cfef7-e912-4c1f-bd56-a361a6d26098,4,0.13333333333333333,left_foot_index,0.5,0.5,0.0,540.0,960.0,0.5
f52cfef7-e912-4c1f-bd56-a361a6d26098,4,0.13333333333333333,right_foot_index,0.5,0.5,0.0,540.0,960.0,0.5
f52cfef7-e912-4c1f-bd56-a361a6d26098,5,0.16666666666666666,nose,0.5,0.5,0.0,540.0,960.0,0.5
f52cfef7-e912-4c1f-bd56-a361a6d26098,5,0.16666666666666666,left_shoulder,0.5,0.5,0.0,540.0,960.0,0.5
f52cfef7-e912-4c1f-bd56-a361a6d26098,5,0.16666666666666666,right_shoulder,0.5,0.5,0.0,540.0,960.0,0.5
f52cfef7-e912-4c1f-bd56-a361a6d26098,5,0.16666666666666666,left_elbow,0.5,0.5,0.0,540.0,960.0,0.5
f52cfef7-e912-4c1f-bd56-a361a6d26098,5,0.16666666666666666,right_elbow,0.5,0.5,0.0,540.0,960.0,0.5
f52cfef7-e912-4c1f-bd56-a361a6d26098,5,0.16666666666666666,left_wrist,0.5,0.5,0.0,540.0,960.0,0.5
f52cfef7-e912-4c1f-bd56-a361a6d26098,5,0.16666666666666666,right_wrist,0.5,0.5,0.0,540.0,960.0,0.5
f52cfef7-e912-4c1f-bd56-a361a6d26098,5,0.16666666666666666,left_hip,0.5,0.5,0.0,540.0,960.0,0.5
f52cfef7-e912-4c1f-bd56-a361a6d26098,5,0.16666666666666666,right_hip,0.5,0.5,0.0,540.0,960.0,0.5
f52cfef7-e912-4c1f-bd56-a361a6d26098,5,0.16666666666666666,left_knee,0.5,0.5,0.0,540.0,960.0,0.5
f52cfef7-e912-4c1f-bd56-a361a6d26098,5,0.16666666666666666,right_knee,0.5,0.5,0.0,540.0,960.0,0.5
f52cfef7-e912-4c1f-bd56-a361a6d26098,5,0.16666666666666666,left_ankle,0.5,0.5,0.0,540.0,960.0,0.5
f52cfef7-e912-4c1f-bd56-a361a6d26098,5,0.16666666666666666,right_ankle,0.5,0.5,0.0,540.0,960.0,0.5
f52cfef7-e912-4c1f-bd56-a361a6d26098,5,0.16666666666666666,left_heel,0.5,0.5,0.0,540.0,960.0,0.5
f52cfef7-e912-4c1f-bd56-a361a6d26098,5,0.16666666666666666,right_heel,0.5,0.5,0.0,540.0,960.0,0.5
f52cfef7-e912-4c1f-bd56-a361a6d26098,5,0.16666666666666666,left_foot_index,0.5,0.5,0.0,540.0,960.0,0.5
f52cfef7-e912-4c1f-bd56-a361a6d26098,5,0.16666666666666666,right_foot_index,0.5,0.5,0.0,540.0,960.0,0.5
f52cfef7-e912-4c1f-bd56-a361a6d26098,6,0.2,nose,0.5,0.5,0.0,540.0,960.0,0.5
f52cfef7-e912-4c1f-bd56-a361a6d26098,6,0.2,left_shoulder,0.5,0.5,0.0,540.0,960.0,0.5
f52cfef7-e912-4c1f-bd56-a361a6d26098,6,0.2,right_shoulder,0.5,0.5,0.0,540.0,960.0,0.5
f52cfef7-e912-4c1f-bd56-a361a6d26098,6,0.2,left_elbow,0.5,0.5,0.0,540.0,960.0,0.5
f52cfef7-e912-4c1f-bd56-a361a6d26098,6,0.2,right_elbow,0.5,0.5,0.0,540.0,960.0,0.5
f52cfef7-e912-4c1f-bd56-a361a6d26098,6,0.2,left_wrist,0.5,0.5,0.0,540.0,960.0,0.5
f52cfef7-e912-4c1f-bd56-a361a6d26098,6,0.2,right_wrist,0.5,0.5,0.0,540.0,960.0,0.5
f52cfef7-e912-4c1f-bd56-a361a6d26098,6,0.2,left_hip,0.5,0.5,0.0,540.0,960.0,0.5
f52cfef7-e912-4c1f-bd56-a361a6d26098,6,0.2,right_hip,0.5,0.5,0.0,540.0,960.0,0.5
f52cfef7-e912-4c1f-bd56-a361a6d26098,6,0.2,left_knee,0.5,0.5,0.0,540.0,960.0,0.5
f52cfef7-e912-4c1f-bd56-a361a6d26098,6,0.2,right_knee,0.5,0.5,0.0,540.0,960.0,0.5
f52cfef7-e912-4c1f-bd56-a361a6d26098,6,0.2,left_ankle,0.5,0.5,0.0,540.0,960.0,0.5
f52cfef7-e912-4c1f-bd56-a361a6d26098,6,0.2,right_ankle,0.5,0.5,0.0,540.0,960.0,0.5
f52cfef7-e912-4c1f-bd56-a361a6d26098,6,0.2,left_heel,0.5,0.5,0.0,540.0,960.0,0.5
f52cfef7-e912-4c1f-bd56-a361a6d26098,6,0.2,right_heel,0.5,0.5,0.0,540.0,960.0,0.5
f52cfef7-e912-4c1f-bd56-a361a6d26098,6,0.2,left_foot_index,0.5,0.5,0.0,540.0,960.0,0.5
f52cfef7-e912-4c1f-bd56-a361a6d26098,6,0.2,right_foot_index,0.5,0.5,0.0,540.0,960.0,0.5
f52cfef7-e912-4c1f-bd56-a361a6d26098,7,0.23333333333333334,nose,0.5,0.5,0.0,540.0,960.0,0.5
f52cfef7-e912-4c1f-bd56-a361a6d26098,7,0.23333333333333334,left_shoulder,0.5,0.5,0.0,540.0,960.0,0.5
f52cfef7-e912-4c1f-bd56-a361a6d26098,7,0.23333333333333334,right_shoulder,0.5,0.5,0.0,540.0,960.0,0.5
f52cfef7-e912-4c1f-bd56-a361a6d26098,7,0.23333333333333334,left_elbow,0.5,0.5,0.0,540.0,960.0,0.5
f52cfef7-e912-4c1f-bd56-a361a6d26098,7,0.23333333333333334,right_elbow,0.5,0.5,0.0,540.0,960.0,0.5
f52cfef7-e912-4c1f-bd56-a361a6d26098,7,0.23333333333333334,left_wrist,0.5,0.5,0.0,540.0,960.0,0.5
f52cfef7-e912-4c1f-bd56-a361a6d26098,7,0.23333333333333334,right_wrist,0.5,0.5,0.0,540.0,960.0,0.5
f52cfef7-e912-4c1f-bd56-a361a6d26098,7,0.23333333333333334,left_hip,0.5,0.5,0.0,540.0,960.0,0.5
f52cfef7-e912-4c1f-bd56-a361a6d26098,7,0.23333333333333334,right_hip,0.5,0.5,0.0,540.0,960.0,0.5
f52cfef7-e912-4c1f-bd56-a361a6d26098,7,0.23333333333333334,left_knee,0.5,0.5,0.0,540.0,960.0,0.5
f52cfef7-e912-4c1f-bd56-a361a6d26098,7,0.23333333333333334,right_knee,0.5,0.5,0.0,540.0,960.0,0.5
f52cfef7-e912-4c1f-bd56-a361a6d26098,7,0.23333333333333334,left_ankle,0.5,0.5,0.0,540.0,960.0,0.5
f52cfef7-e912-4c1f-bd56-a361a6d26098,7,0.23333333333333334,right_ankle,0.5,0.5,0.0,540.0,960.0,0.5
f52cfef7-e912-4c1f-bd56-a361a6d26098,7,0.23333333333333334,left_heel,0.5,0.5,0.0,540.0,960.0,0.5
f52cfef7-e912-4c1f-bd56-a361a6d26098,7,0.23333333333333334,right_heel,0.5,0.5,0.0,540.0,960.0,0.5
f52cfef7-e912-4c1f-bd56-a361a6d26098,7,0.23333333333333334,left_foot_index,0.5,0.5,0.0,540.0,960.0,0.5
f52cfef7-e912-4c1f-bd56-a361a6d26098,7,0.23333333333333334,right_foot_index,0.5,0.5,0.0,540.0,960.0,0.5
f52cfef7-e912-4c1f-bd56-a361a6d26098,8,0.26666666666666666,nose,0.5,0.5,0.0,540.0,960.0,0.5
f52cfef7-e912-4c1f-bd56-a361a6d26098,8,0.26666666666666666,left_shoulder,0.5,0.5,0.0,540.0,960.0,0.5
f52cfef7-e912-4c1f-bd56-a361a6d26098,8,0.26666666666666666,right_shoulder,0.5,0.5,0.0,540.0,960.0,0.5
f52cfef7-e912-4c1f-bd56-a361a6d26098,8,0.26666666666666666,left_elbow,0.5,0.5,0.0,540.0,960.0,0.5
f52cfef7-e912-4c1f-bd56-a361a6d26098,8,0.26666666666666666,right_elbow,0.5,0.5,0.0,540.0,960.0,0.5
f52cfef7-e912-4c1f-bd56-a361a6d26098,8,0.26666666666666666,left_wrist,0.5,0.5,0.0,540.0,960.0,0.5
f52cfef7-e912-4c1f-bd56-a361a6d26098,8,0.26666666666666666,right_wrist,0.5,0.5,0.0,540.0,960.0,0.5
f52cfef7-e912-4c1f-bd56-a361a6d26098,8,0.26666666666666666,left_hip,0.5,0.5,0.0,540.0,960.0,0.5
f52cfef7-e912-4c1f-bd56-a361a6d26098,8,0.26666666666666666,right_hip,0.5,0.5,0.0,540.0,960.0,0.5
f52cfef7-e912-4c1f-bd56-a361a6d26098,8,0.26666666666666666,left_knee,0.5,0.5,0.0,540.0,960.0,0.5
f52cfef7-e912-4c1f-bd56-a361a6d26098,8,0.26666666666666666,right_knee,0.5,0.5,0.0,540.0,960.0,0.5
f52cfef7-e912-4c1f-bd56-a361a6d26098,8,0.26666666666666666,left_ankle,0.5,0.5,0.0,540.0,960.0,0.5
f52cfef7-e912-4c1f-bd56-a361a6d26098,8,0.26666666666666666,right_ankle,0.5,0.5,0.0,540.0,960.0,0.5
f52cfef7-e912-4c1f-bd56-a361a6d26098,8,0.26666666666666666,left_heel,0.5,0.5,0.0,540.0,960.0,0.5
f52cfef7-e912-4c1f-bd56-a361a6d26098,8,0.26666666666666666,right_heel,0.5,0.5,0.0,540.0,960.0,0.5
f52cfef7-e912-4c1f-bd56-a361a6d26098,8,0.26666666666666666,left_foot_index,0.5,0.5,0.0,540.0,960.0,0.5
f52cfef7-e912-4c1f-bd56-a361a6d26098,8,0.26666666666666666,right_foot_index,0.5,0.5,0.0,540.0,960.0,0.5
f52cfef7-e912-4c1f-bd56-a361a6d26098,9,0.3,nose,0.5,0.5,0.0,540.0,960.0,0.5
f52cfef7-e912-4c1f-bd56-a361a6d26098,9,0.3,left_shoulder,0.5,0.5,0.0,540.0,960.0,0.5
f52cfef7-e912-4c1f-bd56-a361a6d26098,9,0.3,right_shoulder,0.5,0.5,0.0,540.0,960.0,0.5
f52cfef7-e912-4c1f-bd56-a361a6d26098,9,0.3,left_elbow,0.5,0.5,0.0,540.0,960.0,0.5
f52cfef7-e912-4c1f-bd56-a361a6d26098,9,0.3,right_elbow,0.5,0.5,0.0,540.0,960.0,0.5
f52cfef7-e912-4c1f-bd56-a361a6d26098,9,0.3,left_wrist,0.5,0.5,0.0,540.0,960.0,0.5
f52cfef7-e912-4c1f-bd56-a361a6d26098,9,0.3,right_wrist,0.5,0.5,0.0,540.0,960.0,0.5
f52cfef7-e912-4c1f-bd56-a361a6d26098,9,0.3,left_hip,0.5,0.5,0.0,540.0,960.0,0.5
f52cfef7-e912-4c1f-bd56-a361a6d26098,9,0.3,right_hip,0.5,0.5,0.0,540.0,960.0,0.5
f52cfef7-e912-4c1f-bd56-a361a6d26098,9,0.3,left_knee,0.5,0.5,0.0,540.0,960.0,0.5
f52cfef7-e912-4c1f-bd56-a361a6d26098,9,0.3,right_knee,0.5,0.5,0.0,540.0,960.0,0.5
f52cfef7-e912-4c1f-bd56-a361a6d26098,9,0.3,left_ankle,0.5,0.5,0.0,540.0,960.0,0.5
f52cfef7-e912-4c1f-bd56-a361a6d26098,9,0.3,right_ankle,0.5,0.5,0.0,540.0,960.0,0.5
f52cfef7-e912-4c1f-bd56-a361a6d26098,9,0.3,left_heel,0.5,0.5,0.0,540.0,960.0,0.5
f52cfef7-e912-4c1f-bd56-a361a6d26098,9,0.3,right_heel,0.5,0.5,0.0,540.0,960.0,0.5
f52cfef7-e912-4c1f-bd56-a361a6d26098,9,0.3,left_foot_index,0.5,0.5,0.0,540.0,960.0,0.5
f52cfef7-e912-4c1f-bd56-a361a6d26098,9,0.3,right_foot_index,0.5,0.5,0.0,540.0,960.0,0.5
f52cfef7-e912-4c1f-bd56-a361a6d26098,10,0.3333333333333333,nose,0.5,0.5,0.0,540.0,960.0,0.5
f52cfef7-e912-4c1f-bd56-a361a6d26098,10,0.3333333333333333,left_shoulder,0.5,0.5,0.0,540.0,960.0,0.5
f52cfef7-e912-4c1f-bd56-a361a6d26098,10,0.3333333333333333,right_shoulder,0.5,0.5,0.0,540.0,960.0,0.5
f52cfef7-e912-4c1f-bd56-a361a6d26098,10,0.3333333333333333,left_elbow,0.5,0.5,0.0,540.0,960.0,0.5
f52cfef7-e912-4c1f-bd56-a361a6d26098,10,0.3333333333333333,right_elbow,0.5,0.5,0.0,540.0,960.0,0.5
f52cfef7-e912-4c1f-bd56-a361a6d26098,10,0.3333333333333333,left_wrist,0.5,0.5,0.0,540.0,960.0,0.5
f52cfef7-e912-4c1f-bd56-a361a6d26098,10,0.3333333333333333,right_wrist,0.5,0.5,0.0,540.0,960.0,0.5
f52cfef7-e912-4c1f-bd56-a361a6d26098,10,0.3333333333333333,left_hip,0.5,0.5,0.0,540.0,960.0,0.5
f52cfef7-e912-4c1f-bd56-a361a6d26098,10,0.3333333333333333,right_hip,0.5,0.5,0.0,540.0,960.0,0.5
f52cfef7-e912-4c1f-bd56-a361a6d26098,10,0.3333333333333333,left_knee,0.5,0.5,0.0,540.0,960.0,0.5
f52cfef7-e912-4c1f-bd56-a361a6d26098,10,0.3333333333333333,right_knee,0.5,0.5,0.0,540.0,960.0,0.5
f52cfef7-e912-4c1f-bd56-a361a6d26098,10,0.3333333333333333,left_ankle,0.5,0.5,0.0,540.0,960.0,0.5
f52cfef7-e912-4c1f-bd56-a361a6d26098,10,0.3333333333333333,right_ankle,0.5,0.5,0.0,540.0,960.0,0.5
f52cfef7-e912-4c1f-bd56-a361a6d26098,10,0.3333333333333333,left_heel,0.5,0.5,0.0,540.0,960.0,0.5
f52cfef7-e912-4c1f-bd56-a361a6d26098,10,0.3333333333333333,right_heel,0.5,0.5,0.0,540.0,960.0,0.5
f52cfef7-e912-4c1f-bd56-a361a6d26098,10,0.3333333333333333,left_foot_index,0.5,0.5,0.0,540.0,960.0,0.5
f52cfef7-e912-4c1f-bd56-a361a6d26098,10,0.3333333333333333,right_foot_index,0.5,0.5,0.0,540.0,960.0,0.5
f52cfef7-e912-4c1f-bd56-a361a6d26098,11,0.36666666666666664,nose,0.5,0.5,0.0,540.0,960.0,0.5
f52cfef7-e912-4c1f-bd56-a361a6d26098,11,0.36666666666666664,left_shoulder,0.5,0.5,0.0,540.0,960.0,0.5
f52cfef7-e912-4c1f-bd56-a361a6d26098,11,0.36666666666666664,right_shoulder,0.5,0.5,0.0,540.0,960.0,0.5
f52cfef7-e912-4c1f-bd56-a361a6d26098,11,0.36666666666666664,left_elbow,0.5,0.5,0.0,540.0,960.0,0.5
f52cfef7-e912-4c1f-bd56-a361a6d26098,11,0.36666666666666664,right_elbow,0.5,0.5,0.0,540.0,960.0,0.5
f52cfef7-e912-4c1f-bd56-a361a6d26098,11,0.36666666666666664,left_wrist,0.5,0.5,0.0,540.0,960.0,0.5
f52cfef7-e912-4c1f-bd56-a361a6d26098,11,0.36666666666666664,right_wrist,0.5,0.5,0.0,540.0,960.0,0.5
f52cfef7-e912-4c1f-bd56-a361a6d26098,11,0.36666666666666664,left_hip,0.5,0.5,0.0,540.0,960.0,0.5
f52cfef7-e912-4c1f-bd56-a361a6d26098,11,0.36666666666666664,right_hip,0.5,0.5,0.0,540.0,960.0,0.5
f52cfef7-e912-4c1f-bd56-a361a6d26098,11,0.36666666666666664,left_knee,0.5,0.5,0.0,540.0,960.0,0.5
f52cfef7-e912-4c1f-bd56-a361a6d26098,11,0.36666666666666664,right_knee,0.5,0.5,0.0,540.0,960.0,0.5
f52cfef7-e912-4c1f-bd56-a361a6d26098,11,0.36666666666666664,left_ankle,0.5,0.5,0.0,540.0,960.0,0.5
f52cfef7-e912-4c1f-bd56-a361a6d26098,11,0.36666666666666664,right_ankle,0.5,0.5,0.0,540.0,960.0,0.5
f52cfef7-e912-4c1f-bd56-a361a6d26098,11,0.36666666666666664,left_heel,0.5,0.5,0.0,540.0,960.0,0.5
f52cfef7-e912-4c1f-bd56-a361a6d26098,11,0.36666666666666664,right_heel,0.5,0.5,0.0,540.0,960.0,0.5
f52cfef7-e912-4c1f-bd56-a361a6d26098,11,0.36666666666666664,left_foot_index,0.5,0.5,0.0,540.0,960.0,0.5
f52cfef7-e912-4c1f-bd56-a361a6d26098,11,0.36666666666666664,right_foot_index,0.5,0.5,0.0,540.0,960.0,0.5
f52cfef7-e912-4c1f-bd56-a361a6d26098,12,0.4,nose,0.5,0.5,0.0,540.0,960.0,0.5
f52cfef7-e912-4c1f-bd56-a361a6d26098,12,0.4,left_shoulder,0.5,0.5,0.0,540.0,960.0,0.5
f52cfef7-e912-4c1f-bd56-a361a6d26098,12,0.4,right_shoulder,0.5,0.5,0.0,540.0,960.0,0.5
f52cfef7-e912-4c1f-bd56-a361a6d26098,12,0.4,left_elbow,0.5,0.5,0.0,540.0,960.0,0.5
f52cfef7-e912-4c1f-bd56-a361a6d26098,12,0.4,right_elbow,0.5,0.5,0.0,540.0,960.0,0.5
f52cfef7-e912-4c1f-bd56-a361a6d26098,12,0.4,left_wrist,0.5,0.5,0.0,540.0,960.0,0.5
f52cfef7-e912-4c1f-bd56-a361a6d26098,12,0.4,right_wrist,0.5,0.5,0.0,540.0,960.0,0.5
f52cfef7-e912-4c1f-bd56-a361a6d26098,12,0.4,left_hip,0.5,0.5,0.0,540.0,960.0,0.5
f52cfef7-e912-4c1f-bd56-a361a6d26098,12,0.4,right_hip,0.5,0.5,0.0,540.0,960.0,0.5
f52cfef7-e912-4c1f-bd56-a361a6d26098,12,0.4,left_knee,0.5,0.5,0.0,540.0,960.0,0.5
f52cfef7-e912-4c1f-bd56-a361a6d26098,12,0.4,right_knee,0.5,0.5,0.0,540.0,960.0,0.5
f52cfef7-e912-4c1f-bd56-a361a6d26098,12,0.4,left_ankle,0.5,0.5,0.0,540.0,960.0,0.5
f52cfef7-e912-4c1f-bd56-a361a6d26098,12,0.4,right_ankle,0.5,0.5,0.0,540.0,960.0,0.5
f52cfef7-e912-4c1f-bd56-a361a6d26098,12,0.4,left_heel,0.5,0.5,0.0,540.0,960.0,0.5
f52cfef7-e912-4c1f-bd56-a361a6d26098,12,0.4,right_heel,0.5,0.5,0.0,540.0,960.0,0.5
f52cfef7-e912-4c1f-bd56-a361a6d26098,12,0.4,left_foot_index,0.5,0.5,0.0,540.0,960.0,0.5
f52cfef7-e912-4c1f-bd56-a361a6d26098,12,0.4,right_foot_index,0.5,0.5,0.0,540.0,960.0,0.5
f52cfef7-e912-4c1f-bd56-a361a6d26098,13,0.43333333333333335,nose,0.5,0.5,0.0,540.0,960.0,0.5
f52cfef7-e912-4c1f-bd56-a361a6d26098,13,0.43333333333333335,left_shoulder,0.5,0.5,0.0,540.0,960.0,0.5
f52cfef7-e912-4c1f-bd56-a361a6d26098,13,0.43333333333333335,right_shoulder,0.5,0.5,0.0,540.0,960.0,0.5
f52cfef7-e912-4c1f-bd56-a361a6d26098,13,0.43333333333333335,left_elbow,0.5,0.5,0.0,540.0,960.0,0.5
f52cfef7-e912-4c1f-bd56-a361a6d26098,13,0.43333333333333335,right_elbow,0.5,0.5,0.0,540.0,960.0,0.5
f52cfef7-e912-4c1f-bd56-a361a6d26098,13,0.43333333333333335,left_wrist,0.5,0.5,0.0,540.0,960.0,0.5
f52cfef7-e912-4c1f-bd56-a361a6d26098,13,0.43333333333333335,right_wrist,0.5,0.5,0.0,540.0,960.0,0.5
f52cfef7-e912-4c1f-bd56-a361a6d26098,13,0.43333333333333335,left_hip,0.5,0.5,0.0,540.0,960.0,0.5
f52cfef7-e912-4c1f-bd56-a361a6d26098,13,0.43333333333333335,right_hip,0.5,0.5,0.0,540.0,960.0,0.5
f52cfef7-e912-4c1f-bd56-a361a6d26098,13,0.43333333333333335,left_knee,0.5,0.5,0.0,540.0,960.0,0.5
f52cfef7-e912-4c1f-bd56-a361a6d26098,13,0.43333333333333335,right_knee,0.5,0.5,0.0,540.0,960.0,0.5
f52cfef7-e912-4c1f-bd56-a361a6d26098,13,0.43333333333333335,left_ankle,0.5,0.5,0.0,540.0,960.0,0.5
f52cfef7-e912-4c1f-bd56-a361a6d26098,13,0.43333333333333335,right_ankle,0.5,0.5,0.0,540.0,960.0,0.5
f52cfef7-e912-4c1f-bd56-a361a6d26098,13,0.43333333333333335,left_heel,0.5,0.5,0.0,540.0,960.0,0.5
f52cfef7-e912-4c1f-bd56-a361a6d26098,13,0.43333333333333335,right_heel,0.5,0.5,0.0,540.0,960.0,0.5
f52cfef7-e912-4c1f-bd56-a361a6d26098,13,0.43333333333333335,left_foot_index,0.5,0.5,0.0,540.0,960.0,0.5
f52cfef7-e912-4c1f-bd56-a361a6d26098,13,0.43333333333333335,right_foot_index,0.5,0.5,0.0,540.0,960.0,0.5
f52cfef7-e912-4c1f-bd56-a361a6d26098,14,0.4666666666666667,nose,0.5,0.5,0.0,540.0,960.0,0.5
f52cfef7-e912-4c1f-bd56-a361a6d26098,14,0.4666666666666667,left_shoulder,0.5,0.5,0.0,540.0,960.0,0.5
f52cfef7-e912-4c1f-bd56-a361a6d26098,14,0.4666666666666667,right_shoulder,0.5,0.5,0.0,540.0,960.0,0.5
f52cfef7-e912-4c1f-bd56-a361a6d26098,14,0.4666666666666667,left_elbow,0.5,0.5,0.0,540.0,960.0,0.5
f52cfef7-e912-4c1f-bd56-a361a6d26098,14,0.4666666666666667,right_elbow,0.5,0.5,0.0,540.0,960.0,0.5
f52cfef7-e912-4c1f-bd56-a361a6d26098,14,0.4666666666666667,left_wrist,0.5,0.5,0.0,540.0,960.0,0.5
f52cfef7-e912-4c1f-bd56-a361a6d26098,14,0.4666666666666667,right_wrist,0.5,0.5,0.0,540.0,960.0,0.5
f52cfef7-e912-4c1f-bd56-a361a6d26098,14,0.4666666666666667,left_hip,0.5,0.5,0.0,540.0,960.0,0.5
f52cfef7-e912-4c1f-bd56-a361a6d26098,14,0.4666666666666667,right_hip,0.5,0.5,0.0,540.0,960.0,0.5
f52cfef7-e912-4c1f-bd56-a361a6d26098,14,0.4666666666666667,left_knee,0.5,0.5,0.0,540.0,960.0,0.5
f52cfef7-e912-4c1f-bd56-a361a6d26098,14,0.4666666666666667,right_knee,0.5,0.5,0.0,540.0,960.0,0.5
f52cfef7-e912-4c1f-bd56-a361a6d26098,14,0.4666666666666667,left_ankle,0.5,0.5,0.0,540.0,960.0,0.5
f52cfef7-e912-4c1f-bd56-a361a6d26098,14,0.4666666666666667,right_ankle,0.5,0.5,0.0,540.0,960.0,0.5
f52cfef7-e912-4c1f-bd56-a361a6d26098,14,0.4666666666666667,left_heel,0.5,0.5,0.0,540.0,960.0,0.5
f52cfef7-e912-4c1f-bd56-a361a6d26098,14,0.4666666666666667,right_heel,0.5,0.5,0.0,540.0,960.0,0.5
f52cfef7-e912-4c1f-bd56-a361a6d26098,14,0.4666666666666667,left_foot_index,0.5,0.5,0.0,540.0,960.0,0.5
f52cfef7-e912-4c1f-bd56-a361a6d26098,14,0.4666666666666667,right_foot_index,0.5,0.5,0.0,540.0,960.0,0.5
f52cfef7-e912-4c1f-bd56-a361a6d26098,15,0.5,nose,0.5,0.5,0.0,540.0,960.0,0.5
f52cfef7-e912-4c1f-bd56-a361a6d26098,15,0.5,left_shoulder,0.5,0.5,0.0,540.0,960.0,0.5
f52cfef7-e912-4c1f-bd56-a361a6d26098,15,0.5,right_shoulder,0.5,0.5,0.0,540.0,960.0,0.5
f52cfef7-e912-4c1f-bd56-a361a6d26098,15,0.5,left_elbow,0.5,0.5,0.0,540.0,960.0,0.5
f52cfef7-e912-4c1f-bd56-a361a6d26098,15,0.5,right_elbow,0.5,0.5,0.0,540.0,960.0,0.5
f52cfef7-e912-4c1f-bd56-a361a6d26098,15,0.5,left_wrist,0.5,0.5,0.0,540.0,960.0,0.5
f52cfef7-e912-4c1f-bd56-a361a6d26098,15,0.5,right_wrist,0.5,0.5,0.0,540.0,960.0,0.5
f52cfef7-e912-4c1f-bd56-a361a6d26098,15,0.5,left_hip,0.5,0.5,0.0,540.0,960.0,0.5
f52cfef7-e912-4c1f-bd56-a361a6d26098,15,0.5,right_hip,0.5,0.5,0.0,540.0,960.0,0.5
f52cfef7-e912-4c1f-bd56-a361a6d26098,15,0.5,left_knee,0.5,0.5,0.0,540.0,960.0,0.5
f52cfef7-e912-4c1f-bd56-a361a6d26098,15,0.5,right_knee,0.5,0.5,0.0,540.0,960.0,0.5
f52cfef7-e912-4c1f-bd56-a361a6d26098,15,0.5,left_ankle,0.5,0.5,0.0,540.0,960.0,0.5
f52cfef7-e912-4c1f-bd56-a361a6d26098,15,0.5,right_ankle,0.5,0.5,0.0,540.0,960.0,0.5
f52cfef7-e912-4c1f-bd56-a361a6d26098,15,0.5,left_heel,0.5,0.5,0.0,540.0,960.0,0.5
f52cfef7-e912-4c1f-bd56-a361a6d26098,15,0.5,right_heel,0.5,0.5,0.0,540.0,960.0,0.5
f52cfef7-e912-4c1f-bd56-a361a6d26098,15,0.5,left_foot_index,0.5,0.5,0.0,540.0,960.0,0.5
f52cfef7-e912-4c1f-bd56-a361a6d26098,15,0.5,right_foot_index,0.5,0.5,0.0,540.0,960.0,0.5
f52cfef7-e912-4c1f-bd56-a361a6d26098,16,0.5333333333333333,nose,0.5,0.5,0.0,540.0,960.0,0.5
f52cfef7-e912-4c1f-bd56-a361a6d26098,16,0.5333333333333333,left_shoulder,0.5,0.5,0.0,540.0,960.0,0.5
f52cfef7-e912-4c1f-bd56-a361a6d26098,16,0.5333333333333333,right_shoulder,0.5,0.5,0.0,540.0,960.0,0.5
f52cfef7-e912-4c1f-bd56-a361a6d26098,16,0.5333333333333333,left_elbow,0.5,0.5,0.0,540.0,960.0,0.5
f52cfef7-e912-4c1f-bd56-a361a6d26098,16,0.5333333333333333,right_elbow,0.5,0.5,0.0,540.0,960.0,0.5
f52cfef7-e912-4c1f-bd56-a361a6d26098,16,0.5333333333333333,left_wrist,0.5,0.5,0.0,540.0,960.0,0.5
f52cfef7-e912-4c1f-bd56-a361a6d26098,16,0.5333333333333333,right_wrist,0.5,0.5,0.0,540.0,960.0,0.5
f52cfef7-e912-4c1f-bd56-a361a6d26098,16,0.5333333333333333,left_hip,0.5,0.5,0.0,540.0,960.0,0.5
f52cfef7-e912-4c1f-bd56-a361a6d26098,16,0.5333333333333333,right_hip,0.5,0.5,0.0,540.0,960.0,0.5
f52cfef7-e912-4c1f-bd56-a361a6d26098,16,0.5333333333333333,left_knee,0.5,0.5,0.0,540.0,960.0,0.5
f52cfef7-e912-4c1f-bd56-a361a6d26098,16,0.5333333333333333,right_knee,0.5,0.5,0.0,540.0,960.0,0.5
f52cfef7-e912-4c1f-bd56-a361a6d26098,16,0.5333333333333333,left_ankle,0.5,0.5,0.0,540.0,960.0,0.5
f52cfef7-e912-4c1f-bd56-a361a6d26098,16,0.5333333333333333,right_ankle,0.5,0.5,0.0,540.0,960.0,0.5
f52cfef7-e912-4c1f-bd56-a361a6d26098,16,0.5333333333333333,left_heel,0.5,0.5,0.0,540.0,960.0,0.5
f52cfef7-e912-4c1f-bd56-a361a6d26098,16,0.5333333333333333,right_heel,0.5,0.5,0.0,540.0,960.0,0.5
f52cfef7-e912-4c1f-bd56-a361a6d26098,16,0.5333333333333333,left_foot_index,0.5,0.5,0.0,540.0,960.0,0.5
f52cfef7-e912-4c1f-bd56-a361a6d26098,16,0.5333333333333333,right_foot_index,0.5,0.5,0.0,540.0,960.0,0.5
f52cfef7-e912-4c1f-bd56-a361a6d26098,17,0.5666666666666667,nose,0.5,0.5,0.0,540.0,960.0,0.5
f52cfef7-e912-4c1f-bd56-a361a6d26098,17,0.5666666666666667,left_shoulder,0.5,0.5,0.0,540.0,960.0,0.5
f52cfef7-e912-4c1f-bd56-a361a6d26098,17,0.5666666666666667,right_shoulder,0.5,0.5,0.0,540.0,960.0,0.5
f52cfef7-e912-4c1f-bd56-a361a6d26098,17,0.5666666666666667,left_elbow,0.5,0.5,0.0,540.0,960.0,0.5
f52cfef7-e912-4c1f-bd56-a361a6d26098,17,0.5666666666666667,right_elbow,0.5,0.5,0.0,540.0,960.0,0.5
f52cfef7-e912-4c1f-bd56-a361a6d26098,17,0.5666666666666667,left_wrist,0.5,0.5,0.0,540.0,960.0,0.5
f52cfef7-e912-4c1f-bd56-a361a6d26098,17,0.5666666666666667,right_wrist,0.5,0.5,0.0,540.0,960.0,0.5
f52cfef7-e912-4c1f-bd56-a361a6d26098,17,0.5666666666666667,left_hip,0.5,0.5,0.0,540.0,960.0,0.5
f52cfef7-e912-4c1f-bd56-a361a6d26098,17,0.5666666666666667,right_hip,0.5,0.5,0.0,540.0,960.0,0.5
f52cfef7-e912-4c1f-bd56-a361a6d26098,17,0.5666666666666667,left_knee,0.5,0.5,0.0,540.0,960.0,0.5
f52cfef7-e912-4c1f-bd56-a361a6d26098,17,0.5666666666666667,right_knee,0.5,0.5,0.0,540.0,960.0,0.5
f52cfef7-e912-4c1f-bd56-a361a6d26098,17,0.5666666666666667,left_ankle,0.5,0.5,0.0,540.0,960.0,0.5
f52cfef7-e912-4c1f-bd56-a361a6d26098,17,0.5666666666666667,right_ankle,0.5,0.5,0.0,540.0,960.0,0.5
f52cfef7-e912-4c1f-bd56-a361a6d26098,17,0.5666666666666667,left_heel,0.5,0.5,0.0,540.0,960.0,0.5
f52cfef7-e912-4c1f-bd56-a361a6d26098,17,0.5666666666666667,right_heel,0.5,0.5,0.0,540.0,960.0,0.5
f52cfef7-e912-4c1f-bd56-a361a6d26098,17,0.5666666666666667,left_foot_index,0.5,0.5,0.0,540.0,960.0,0.5
f52cfef7-e912-4c1f-bd56-a361a6d26098,17,0.5666666666666667,right_foot_index,0.5,0.5,0.0,540.0,960.0,0.5
f52cfef7-e912-4c1f-bd56-a361a6d26098,18,0.6,nose,0.5,0.5,0.0,540.0,960.0,0.5
f52cfef7-e912-4c1f-bd56-a361a6d26098,18,0.6,left_shoulder,0.5,0.5,0.0,540.0,960.0,0.5
f52cfef7-e912-4c1f-bd56-a361a6d26098,18,0.6,right_shoulder,0.5,0.5,0.0,540.0,960.0,0.5
f52cfef7-e912-4c1f-bd56-a361a6d26098,18,0.6,left_elbow,0.5,0.5,0.0,540.0,960.0,0.5
f52cfef7-e912-4c1f-bd56-a361a6d26098,18,0.6,right_elbow,0.5,0.5,0.0,540.0,960.0,0.5
f52cfef7-e912-4c1f-bd56-a361a6d26098,18,0.6,left_wrist,0.5,0.5,0.0,540.0,960.0,0.5
f52cfef7-e912-4c1f-bd56-a361a6d26098,18,0.6,right_wrist,0.5,0.5,0.0,540.0,960.0,0.5
f52cfef7-e912-4c1f-bd56-a361a6d26098,18,0.6,left_hip,0.5,0.5,0.0,540.0,960.0,0.5
f52cfef7-e912-4c1f-bd56-a361a6d26098,18,0.6,right_hip,0.5,0.5,0.0,540.0,960.0,0.5
f52cfef7-e912-4c1f-bd56-a361a6d26098,18,0.6,left_knee,0.5,0.5,0.0,540.0,960.0,0.5
f52cfef7-e912-4c1f-bd56-a361a6d26098,18,0.6,right_knee,0.5,0.5,0.0,540.0,960.0,0.5
f52cfef7-e912-4c1f-bd56-a361a6d26098,18,0.6,left_ankle,0.5,0.5,0.0,540.0,960.0,0.5
f52cfef7-e912-4c1f-bd56-a361a6d26098,18,0.6,right_ankle,0.5,0.5,0.0,540.0,960.0,0.5
f52cfef7-e912-4c1f-bd56-a361a6d26098,18,0.6,left_heel,0.5,0.5,0.0,540.0,960.0,0.5
f52cfef7-e912-4c1f-bd56-a361a6d26098,18,0.6,right_heel,0.5,0.5,0.0,540.0,960.0,0.5
f52cfef7-e912-4c1f-bd56-a361a6d26098,18,0.6,left_foot_index,0.5,0.5,0.0,540.0,960.0,0.5
f52cfef7-e912-4c1f-bd56-a361a6d26098,18,0.6,right_foot_index,0.5,0.5,0.0,540.0,960.0,0.5
f52cfef7-e912-4c1f-bd56-a361a6d26098,19,0.6333333333333333,nose,0.5,0.5,0.0,540.0,960.0,0.5
f52cfef7-e912-4c1f-bd56-a361a6d26098,19,0.6333333333333333,left_shoulder,0.5,0.5,0.0,540.0,960.0,0.5
f52cfef7-e912-4c1f-bd56-a361a6d26098,19,0.6333333333333333,right_shoulder,0.5,0.5,0.0,540.0,960.0,0.5
f52cfef7-e912-4c1f-bd56-a361a6d26098,19,0.6333333333333333,left_elbow,0.5,0.5,0.0,540.0,960.0,0.5
f52cfef7-e912-4c1f-bd56-a361a6d26098,19,0.6333333333333333,right_elbow,0.5,0.5,0.0,540.0,960.0,0.5
f52cfef7-e912-4c1f-bd56-a361a6d26098,19,0.6333333333333333,left_wrist,0.5,0.5,0.0,540.0,960.0,0.5
f52cfef7-e912-4c1f-bd56-a361a6d26098,19,0.6333333333333333,right_wrist,0.5,0.5,0.0,540.0,960.0,0.5
f52cfef7-e912-4c1f-bd56-a361a6d26098,19,0.6333333333333333,left_hip,0.5,0.5,0.0,540.0,960.0,0.5
f52cfef7-e912-4c1f-bd56-a361a6d26098,19,0.6333333333333333,right_hip,0.5,0.5,0.0,540.0,960.0,0.5
f52cfef7-e912-4c1f-bd56-a361a6d26098,19,0.6333333333333333,left_knee,0.5,0.5,0.0,540.0,960.0,0.5
f52cfef7-e912-4c1f-bd56-a361a6d26098,19,0.6333333333333333,right_knee,0.5,0.5,0.0,540.0,960.0,0.5
f52cfef7-e912-4c1f-bd56-a361a6d26098,19,0.6333333333333333,left_ankle,0.5,0.5,0.0,540.0,960.0,0.5
f52cfef7-e912-4c1f-bd56-a361a6d26098,19,0.6333333333333333,right_ankle,0.5,0.5,0.0,540.0,960.0,0.5
f52cfef7-e912-4c1f-bd56-a361a6d26098,19,0.6333333333333333,left_heel,0.5,0.5,0.0,540.0,960.0,0.5
f52cfef7-e912-4c1f-bd56-a361a6d26098,19,0.6333333333333333,right_heel,0.5,0.5,0.0,540.0,960.0,0.5
f52cfef7-e912-4c1f-bd56-a361a6d26098,19,0.6333333333333333,left_foot_index,0.5,0.5,0.0,540.0,960.0,0.5
f52cfef7-e912-4c1f-bd56-a361a6d26098,19,0.6333333333333333,right_foot_index,0.5,0.5,0.0,540.0,960.0,0.5
f52cfef7-e912-4c1f-bd56-a361a6d26098,20,0.6666666666666666,nose,0.5,0.5,0.0,540.0,960.0,0.5
f52cfef7-e912-4c1f-bd56-a361a6d26098,20,0.6666666666666666,left_shoulder,0.5,0.5,0.0,540.0,960.0,0.5
f52cfef7-e912-4c1f-bd56-a361a6d26098,20,0.6666666666666666,right_shoulder,0.5,0.5,0.0,540.0,960.0,0.5
f52cfef7-e912-4c1f-bd56-a361a6d26098,20,0.6666666666666666,left_elbow,0.5,0.5,0.0,540.0,960.0,0.5
f52cfef7-e912-4c1f-bd56-a361a6d26098,20,0.6666666666666666,right_elbow,0.5,0.5,0.0,540.0,960.0,0.5
f52cfef7-e912-4c1f-bd56-a361a6d26098,20,0.6666666666666666,left_wrist,0.5,0.5,0.0,540.0,960.0,0.5
f52cfef7-e912-4c1f-bd56-a361a6d26098,20,0.6666666666666666,right_wrist,0.5,0.5,0.0,540.0,960.0,0.5
f52cfef7-e912-4c1f-bd56-a361a6d26098,20,0.6666666666666666,left_hip,0.5,0.5,0.0,540.0,960.0,0.5
f52cfef7-e912-4c1f-bd56-a361a6d26098,20,0.6666666666666666,right_hip,0.5,0.5,0.0,540.0,960.0,0.5
f52cfef7-e912-4c1f-bd56-a361a6d26098,20,0.6666666666666666,left_knee,0.5,0.5,0.0,540.0,960.0,0.5
f52cfef7-e912-4c1f-bd56-a361a6d26098,20,0.6666666666666666,right_knee,0.5,0.5,0.0,540.0,960.0,0.5
f52cfef7-e912-4c1f-bd56-a361a6d26098,20,0.6666666666666666,left_ankle,0.5,0.5,0.0,540.0,960.0,0.5
f52cfef7-e912-4c1f-bd56-a361a6d26098,20,0.6666666666666666,right_ankle,0.5,0.5,0.0,540.0,960.0,0.5
f52cfef7-e912-4c1f-bd56-a361a6d26098,20,0.6666666666666666,left_heel,0.5,0.5,0.0,540.0,960.0,0.5
f52cfef7-e912-4c1f-bd56-a361a6d26098,20,0.6666666666666666,right_heel,0.5,0.5,0.0,540.0,960.0,0.5
f52cfef7-e912-4c1f-bd56-a361a6d26098,20,0.6666666666666666,left_foot_index,0.5,0.5,0.0,540.0,960.0,0.5
f52cfef7-e912-4c1f-bd56-a361a6d26098,20,0.6666666666666666,right_foot_index,0.5,0.5,0.0,540.0,960.0,0.5
f52cfef7-e912-4c1f-bd56-a361a6d26098,21,0.7,nose,0.5,0.5,0.0,540.0,960.0,0.5
f52cfef7-e912-4c1f-bd56-a361a6d26098,21,0.7,left_shoulder,0.5,0.5,0.0,540.0,960.0,0.5
f52cfef7-e912-4c1f-bd56-a361a6d26098,21,0.7,right_shoulder,0.5,0.5,0.0,540.0,960.0,0.5
f52cfef7-e912-4c1f-bd56-a361a6d26098,21,0.7,left_elbow,0.5,0.5,0.0,540.0,960.0,0.5
f52cfef7-e912-4c1f-bd56-a361a6d26098,21,0.7,right_elbow,0.5,0.5,0.0,540.0,960.0,0.5
f52cfef7-e912-4c1f-bd56-a361a6d26098,21,0.7,left_wrist,0.5,0.5,0.0,540.0,960.0,0.5
f52cfef7-e912-4c1f-bd56-a361a6d26098,21,0.7,right_wrist,0.5,0.5,0.0,540.0,960.0,0.5
f52cfef7-e912-4c1f-bd56-a361a6d26098,21,0.7,left_hip,0.5,0.5,0.0,540.0,960.0,0.5
f52cfef7-e912-4c1f-bd56-a361a6d26098,21,0.7,right_hip,0.5,0.5,0.0,540.0,960.0,0.5
f52cfef7-e912-4c1f-bd56-a361a6d26098,21,0.7,left_knee,0.5,0.5,0.0,540.0,960.0,0.5
f52cfef7-e912-4c1f-bd56-a361a6d26098,21,0.7,right_knee,0.5,0.5,0.0,540.0,960.0,0.5
f52cfef7-e912-4c1f-bd56-a361a6d26098,21,0.7,left_ankle,0.5,0.5,0.0,540.0,960.0,0.5
f52cfef7-e912-4c1f-bd56-a361a6d26098,21,0.7,right_ankle,0.5,0.5,0.0,540.0,960.0,0.5
f52cfef7-e912-4c1f-bd56-a361a6d26098,21,0.7,left_heel,0.5,0.5,0.0,540.0,960.0,0.5
f52cfef7-e912-4c1f-bd56-a361a6d26098,21,0.7,right_heel,0.5,0.5,0.0,540.0,960.0,0.5
f52cfef7-e912-4c1f-bd56-a361a6d26098,21,0.7,left_foot_index,0.5,0.5,0.0,540.0,960.0,0.5
f52cfef7-e912-4c1f-bd56-a361a6d26098,21,0.7,right_foot_index,0.5,0.5,0.0,540.0,960.0,0.5
f52cfef7-e912-4c1f-bd56-a361a6d26098,22,0.7333333333333333,nose,0.5,0.5,0.0,540.0,960.0,0.5
f52cfef7-e912-4c1f-bd56-a361a6d26098,22,0.7333333333333333,left_shoulder,0.5,0.5,0.0,540.0,960.0,0.5
f52cfef7-e912-4c1f-bd56-a361a6d26098,22,0.7333333333333333,right_shoulder,0.5,0.5,0.0,540.0,960.0,0.5
f52cfef7-e912-4c1f-bd56-a361a6d26098,22,0.7333333333333333,left_elbow,0.5,0.5,0.0,540.0,960.0,0.5
f52cfef7-e912-4c1f-bd56-a361a6d26098,22,0.7333333333333333,right_elbow,0.5,0.5,0.0,540.0,960.0,0.5
f52cfef7-e912-4c1f-bd56-a361a6d26098,22,0.7333333333333333,left_wrist,0.5,0.5,0.0,540.0,960.0,0.5
f52cfef7-e912-4c1f-bd56-a361a6d26098,22,0.7333333333333333,right_wrist,0.5,0.5,0.0,540.0,960.0,0.5
f52cfef7-e912-4c1f-bd56-a361a6d26098,22,0.7333333333333333,left_hip,0.5,0.5,0.0,540.0,960.0,0.5
f52cfef7-e912-4c1f-bd56-a361a6d26098,22,0.7333333333333333,right_hip,0.5,0.5,0.0,540.0,960.0,0.5
f52cfef7-e912-4c1f-bd56-a361a6d26098,22,0.7333333333333333,left_knee,0.5,0.5,0.0,540.0,960.0,0.5
f52cfef7-e912-4c1f-bd56-a361a6d26098,22,0.7333333333333333,right_knee,0.5,0.5,0.0,540.0,960.0,0.5
f52cfef7-e912-4c1f-bd56-a361a6d26098,22,0.7333333333333333,left_ankle,0.5,0.5,0.0,540.0,960.0,0.5
f52cfef7-e912-4c1f-bd56-a361a6d26098,22,0.7333333333333333,right_ankle,0.5,0.5,0.0,540.0,960.0,0.5
f52cfef7-e912-4c1f-bd56-a361a6d26098,22,0.7333333333333333,left_heel,0.5,0.5,0.0,540.0,960.0,0.5
f52cfef7-e912-4c1f-bd56-a361a6d26098,22,0.7333333333333333,right_heel,0.5,0.5,0.0,540.0,960.0,0.5
f52cfef7-e912-4c1f-bd56-a361a6d26098,22,0.7333333333333333,left_foot_index,0.5,0.5,0.0,540.0,960.0,0.5
f52cfef7-e912-4c1f-bd56-a361a6d26098,22,0.7333333333333333,right_foot_index,0.5,0.5,0.0,540.0,960.0,0.5
f52cfef7-e912-4c1f-bd56-a361a6d26098,23,0.7666666666666667,nose,0.5,0.5,0.0,540.0,960.0,0.5
f52cfef7-e912-4c1f-bd56-a361a6d26098,23,0.7666666666666667,left_shoulder,0.5,0.5,0.0,540.0,960.0,0.5
f52cfef7-e912-4c1f-bd56-a361a6d26098,23,0.7666666666666667,right_shoulder,0.5,0.5,0.0,540.0,960.0,0.5
f52cfef7-e912-4c1f-bd56-a361a6d26098,23,0.7666666666666667,left_elbow,0.5,0.5,0.0,540.0,960.0,0.5
f52cfef7-e912-4c1f-bd56-a361a6d26098,23,0.7666666666666667,right_elbow,0.5,0.5,0.0,540.0,960.0,0.5
f52cfef7-e912-4c1f-bd56-a361a6d26098,23,0.7666666666666667,left_wrist,0.5,0.5,0.0,540.0,960.0,0.5
f52cfef7-e912-4c1f-bd56-a361a6d26098,23,0.7666666666666667,right_wrist,0.5,0.5,0.0,540.0,960.0,0.5
f52cfef7-e912-4c1f-bd56-a361a6d26098,23,0.7666666666666667,left_hip,0.5,0.5,0.0,540.0,960.0,0.5
f52cfef7-e912-4c1f-bd56-a361a6d26098,23,0.7666666666666667,right_hip,0.5,0.5,0.0,540.0,960.0,0.5
f52cfef7-e912-4c1f-bd56-a361a6d26098,23,0.7666666666666667,left_knee,0.5,0.5,0.0,540.0,960.0,0.5
f52cfef7-e912-4c1f-bd56-a361a6d26098,23,0.7666666666666667,right_knee,0.5,0.5,0.0,540.0,960.0,0.5
f52cfef7-e912-4c1f-bd56-a361a6d26098,23,0.7666666666666667,left_ankle,0.5,0.5,0.0,540.0,960.0,0.5
f52cfef7-e912-4c1f-bd56-a361a6d26098,23,0.7666666666666667,right_ankle,0.5,0.5,0.0,540.0,960.0,0.5
f52cfef7-e912-4c1f-bd56-a361a6d26098,23,0.7666666666666667,left_heel,0.5,0.5,0.0,540.0,960.0,0.5
f52cfef7-e912-4c1f-bd56-a361a6d26098,23,0.7666666666666667,right_heel,0.5,0.5,0.0,540.0,960.0,0.5
f52cfef7-e912-4c1f-bd56-a361a6d26098,23,0.7666666666666667,left_foot_index,0.5,0.5,0.0,540.0,960.0,0.5
f52cfef7-e912-4c1f-bd56-a361a6d26098,23,0.7666666666666667,right_foot_index,0.5,0.5,0.0,540.0,960.0,0.5
f52cfef7-e912-4c1f-bd56-a361a6d26098,24,0.8,nose,0.5,0.5,0.0,540.0,960.0,0.5
f52cfef7-e912-4c1f-bd56-a361a6d26098,24,0.8,left_shoulder,0.5,0.5,0.0,540.0,960.0,0.5
f52cfef7-e912-4c1f-bd56-a361a6d26098,24,0.8,right_shoulder,0.5,0.5,0.0,540.0,960.0,0.5
f52cfef7-e912-4c1f-bd56-a361a6d26098,24,0.8,left_elbow,0.5,0.5,0.0,540.0,960.0,0.5
f52cfef7-e912-4c1f-bd56-a361a6d26098,24,0.8,right_elbow,0.5,0.5,0.0,540.0,960.0,0.5
f52cfef7-e912-4c1f-bd56-a361a6d26098,24,0.8,left_wrist,0.5,0.5,0.0,540.0,960.0,0.5
f52cfef7-e912-4c1f-bd56-a361a6d26098,24,0.8,right_wrist,0.5,0.5,0.0,540.0,960.0,0.5
f52cfef7-e912-4c1f-bd56-a361a6d26098,24,0.8,left_hip,0.5,0.5,0.0,540.0,960.0,0.5
f52cfef7-e912-4c1f-bd56-a361a6d26098,24,0.8,right_hip,0.5,0.5,0.0,540.0,960.0,0.5
f52cfef7-e912-4c1f-bd56-a361a6d26098,24,0.8,left_knee,0.5,0.5,0.0,540.0,960.0,0.5
f52cfef7-e912-4c1f-bd56-a361a6d26098,24,0.8,right_knee,0.5,0.5,0.0,540.0,960.0,0.5
f52cfef7-e912-4c1f-bd56-a361a6d26098,24,0.8,left_ankle,0.5,0.5,0.0,540.0,960.0,0.5
f52cfef7-e912-4c1f-bd56-a361a6d26098,24,0.8,right_ankle,0.5,0.5,0.0,540.0,960.0,0.5
f52cfef7-e912-4c1f-bd56-a361a6d26098,24,0.8,left_heel,0.5,0.5,0.0,540.0,960.0,0.5
f52cfef7-e912-4c1f-bd56-a361a6d26098,24,0.8,right_heel,0.5,0.5,0.0,540.0,960.0,0.5
f52cfef7-e912-4c1f-bd56-a361a6d26098,24,0.8,left_foot_index,0.5,0.5,0.0,540.0,960.0,0.5
f52cfef7-e912-4c1f-bd56-a361a6d26098,24,0.8,right_foot_index,0.5,0.5,0.0,540.0,960.0,0.5
f52cfef7-e912-4c1f-bd56-a361a6d26098,25,0.8333333333333334,nose,0.5,0.5,0.0,540.0,960.0,0.5
f52cfef7-e912-4c1f-bd56-a361a6d26098,25,0.8333333333333334,left_shoulder,0.5,0.5,0.0,540.0,960.0,0.5
f52cfef7-e912-4c1f-bd56-a361a6d26098,25,0.8333333333333334,right_shoulder,0.5,0.5,0.0,540.0,960.0,0.5
f52cfef7-e912-4c1f-bd56-a361a6d26098,25,0.8333333333333334,left_elbow,0.5,0.5,0.0,540.0,960.0,0.5
f52cfef7-e912-4c1f-bd56-a361a6d26098,25,0.8333333333333334,right_elbow,0.5,0.5,0.0,540.0,960.0,0.5
f52cfef7-e912-4c1f-bd56-a361a6d26098,25,0.8333333333333334,left_wrist,0.5,0.5,0.0,540.0,960.0,0.5
f52cfef7-e912-4c1f-bd56-a361a6d26098,25,0.8333333333333334,right_wrist,0.5,0.5,0.0,540.0,960.0,0.5
f52cfef7-e912-4c1f-bd56-a361a6d26098,25,0.8333333333333334,left_hip,0.5,0.5,0.0,540.0,960.0,0.5
f52cfef7-e912-4c1f-bd56-a361a6d26098,25,0.8333333333333334,right_hip,0.5,0.5,0.0,540.0,960.0,0.5
f52cfef7-e912-4c1f-bd56-a361a6d26098,25,0.8333333333333334,left_knee,0.5,0.5,0.0,540.0,960.0,0.5
f52cfef7-e912-4c1f-bd56-a361a6d26098,25,0.8333333333333334,right_knee,0.5,0.5,0.0,540.0,960.0,0.5
f52cfef7-e912-4c1f-bd56-a361a6d26098,25,0.8333333333333334,left_ankle,0.5,0.5,0.0,540.0,960.0,0.5
f52cfef7-e912-4c1f-bd56-a361a6d26098,25,0.8333333333333334,right_ankle,0.5,0.5,0.0,540.0,960.0,0.5
f52cfef7-e912-4c1f-bd56-a361a6d26098,25,0.8333333333333334,left_heel,0.5,0.5,0.0,540.0,960.0,0.5
f52cfef7-e912-4c1f-bd56-a361a6d26098,25,0.8333333333333334,right_heel,0.5,0.5,0.0,540.0,960.0,0.5
f52cfef7-e912-4c1f-bd56-a361a6d26098,25,0.8333333333333334,left_foot_index,0.5,0.5,0.0,540.0,960.0,0.5
f52cfef7-e912-4c1f-bd56-a361a6d26098,25,0.8333333333333334,right_foot_index,0.5,0.5,0.0,540.0,960.0,0.5
f52cfef7-e912-4c1f-bd56-a361a6d26098,26,0.8666666666666667,nose,0.5,0.5,0.0,540.0,960.0,0.5
f52cfef7-e912-4c1f-bd56-a361a6d26098,26,0.8666666666666667,left_shoulder,0.5,0.5,0.0,540.0,960.0,0.5
f52cfef7-e912-4c1f-bd56-a361a6d26098,26,0.8666666666666667,right_shoulder,0.5,0.5,0.0,540.0,960.0,0.5
f52cfef7-e912-4c1f-bd56-a361a6d26098,26,0.8666666666666667,left_elbow,0.5,0.5,0.0,540.0,960.0,0.5
f52cfef7-e912-4c1f-bd56-a361a6d26098,26,0.8666666666666667,right_elbow,0.5,0.5,0.0,540.0,960.0,0.5
f52cfef7-e912-4c1f-bd56-a361a6d26098,26,0.8666666666666667,left_wrist,0.5,0.5,0.0,540.0,960.0,0.5
f52cfef7-e912-4c1f-bd56-a361a6d26098,26,0.8666666666666667,right_wrist,0.5,0.5,0.0,540.0,960.0,0.5
f52cfef7-e912-4c1f-bd56-a361a6d26098,26,0.8666666666666667,left_hip,0.5,0.5,0.0,540.0,960.0,0.5
f52cfef7-e912-4c1f-bd56-a361a6d26098,26,0.8666666666666667,right_hip,0.5,0.5,0.0,540.0,960.0,0.5
f52cfef7-e912-4c1f-bd56-a361a6d26098,26,0.8666666666666667,left_knee,0.5,0.5,0.0,540.0,960.0,0.5
f52cfef7-e912-4c1f-bd56-a361a6d26098,26,0.8666666666666667,right_knee,0.5,0.5,0.0,540.0,960.0,0.5
f52cfef7-e912-4c1f-bd56-a361a6d26098,26,0.8666666666666667,left_ankle,0.5,0.5,0.0,540.0,960.0,0.5
f52cfef7-e912-4c1f-bd56-a361a6d26098,26,0.8666666666666667,right_ankle,0.5,0.5,0.0,540.0,960.0,0.5
f52cfef7-e912-4c1f-bd56-a361a6d26098,26,0.8666666666666667,left_heel,0.5,0.5,0.0,540.0,960.0,0.5
f52cfef7-e912-4c1f-bd56-a361a6d26098,26,0.8666666666666667,right_heel,0.5,0.5,0.0,540.0,960.0,0.5
f52cfef7-e912-4c1f-bd56-a361a6d26098,26,0.8666666666666667,left_foot_index,0.5,0.5,0.0,540.0,960.0,0.5
f52cfef7-e912-4c1f-bd56-a361a6d26098,26,0.8666666666666667,right_foot_index,0.5,0.5,0.0,540.0,960.0,0.5
f52cfef7-e912-4c1f-bd56-a361a6d26098,27,0.9,nose,0.5,0.5,0.0,540.0,960.0,0.5
f52cfef7-e912-4c1f-bd56-a361a6d26098,27,0.9,left_shoulder,0.5,0.5,0.0,540.0,960.0,0.5
f52cfef7-e912-4c1f-bd56-a361a6d26098,27,0.9,right_shoulder,0.5,0.5,0.0,540.0,960.0,0.5
f52cfef7-e912-4c1f-bd56-a361a6d26098,27,0.9,left_elbow,0.5,0.5,0.0,540.0,960.0,0.5
f52cfef7-e912-4c1f-bd56-a361a6d26098,27,0.9,right_elbow,0.5,0.5,0.0,540.0,960.0,0.5
f52cfef7-e912-4c1f-bd56-a361a6d26098,27,0.9,left_wrist,0.5,0.5,0.0,540.0,960.0,0.5
f52cfef7-e912-4c1f-bd56-a361a6d26098,27,0.9,right_wrist,0.5,0.5,0.0,540.0,960.0,0.5
f52cfef7-e912-4c1f-bd56-a361a6d26098,27,0.9,left_hip,0.5,0.5,0.0,540.0,960.0,0.5
f52cfef7-e912-4c1f-bd56-a361a6d26098,27,0.9,right_hip,0.5,0.5,0.0,540.0,960.0,0.5
f52cfef7-e912-4c1f-bd56-a361a6d26098,27,0.9,left_knee,0.5,0.5,0.0,540.0,960.0,0.5
f52cfef7-e912-4c1f-bd56-a361a6d26098,27,0.9,right_knee,0.5,0.5,0.0,540.0,960.0,0.5
f52cfef7-e912-4c1f-bd56-a361a6d26098,27,0.9,left_ankle,0.5,0.5,0.0,540.0,960.0,0.5
f52cfef7-e912-4c1f-bd56-a361a6d26098,27,0.9,right_ankle,0.5,0.5,0.0,540.0,960.0,0.5
f52cfef7-e912-4c1f-bd56-a361a6d26098,27,0.9,left_heel,0.5,0.5,0.0,540.0,960.0,0.5
f52cfef7-e912-4c1f-bd56-a361a6d26098,27,0.9,right_heel,0.5,0.5,0.0,540.0,960.0,0.5
f52cfef7-e912-4c1f-bd56-a361a6d26098,27,0.9,left_foot_index,0.5,0.5,0.0,540.0,960.0,0.5
f52cfef7-e912-4c1f-bd56-a361a6d26098,27,0.9,right_foot_index,0.5,0.5,0.0,540.0,960.0,0.5
f52cfef7-e912-4c1f-bd56-a361a6d26098,28,0.9333333333333333,nose,0.5,0.5,0.0,540.0,960.0,0.5
f52cfef7-e912-4c1f-bd56-a361a6d26098,28,0.9333333333333333,left_shoulder,0.5,0.5,0.0,540.0,960.0,0.5
f52cfef7-e912-4c1f-bd56-a361a6d26098,28,0.9333333333333333,right_shoulder,0.5,0.5,0.0,540.0,960.0,0.5
f52cfef7-e912-4c1f-bd56-a361a6d26098,28,0.9333333333333333,left_elbow,0.5,0.5,0.0,540.0,960.0,0.5
f52cfef7-e912-4c1f-bd56-a361a6d26098,28,0.9333333333333333,right_elbow,0.5,0.5,0.0,540.0,960.0,0.5
f52cfef7-e912-4c1f-bd56-a361a6d26098,28,0.9333333333333333,left_wrist,0.5,0.5,0.0,540.0,960.0,0.5
f52cfef7-e912-4c1f-bd56-a361a6d26098,28,0.9333333333333333,right_wrist,0.5,0.5,0.0,540.0,960.0,0.5
f52cfef7-e912-4c1f-bd56-a361a6d26098,28,0.9333333333333333,left_hip,0.5,0.5,0.0,540.0,960.0,0.5
f52cfef7-e912-4c1f-bd56-a361a6d26098,28,0.9333333333333333,right_hip,0.5,0.5,0.0,540.0,960.0,0.5
f52cfef7-e912-4c1f-bd56-a361a6d26098,28,0.9333333333333333,left_knee,0.5,0.5,0.0,540.0,960.0,0.5
f52cfef7-e912-4c1f-bd56-a361a6d26098,28,0.9333333333333333,right_knee,0.5,0.5,0.0,540.0,960.0,0.5
f52cfef7-e912-4c1f-bd56-a361a6d26098,28,0.9333333333333333,left_ankle,0.5,0.5,0.0,540.0,960.0,0.5
f52cfef7-e912-4c1f-bd56-a361a6d26098,28,0.9333333333333333,right_ankle,0.5,0.5,0.0,540.0,960.0,0.5
f52cfef7-e912-4c1f-bd56-a361a6d26098,28,0.9333333333333333,left_heel,0.5,0.5,0.0,540.0,960.0,0.5
f52cfef7-e912-4c1f-bd56-a361a6d26098,28,0.9333333333333333,right_heel,0.5,0.5,0.0,540.0,960.0,0.5
f52cfef7-e912-4c1f-bd56-a361a6d26098,28,0.9333333333333333,left_foot_index,0.5,0.5,0.0,540.0,960.0,0.5
f52cfef7-e912-4c1f-bd56-a361a6d26098,28,0.9333333333333333,right_foot_index,0.5,0.5,0.0,540.0,960.0,0.5
f52cfef7-e912-4c1f-bd56-a361a6d26098,29,0.9666666666666667,nose,0.5,0.5,0.0,540.0,960.0,0.5
f52cfef7-e912-4c1f-bd56-a361a6d26098,29,0.9666666666666667,left_shoulder,0.5,0.5,0.0,540.0,960.0,0.5
f52cfef7-e912-4c1f-bd56-a361a6d26098,29,0.9666666666666667,right_shoulder,0.5,0.5,0.0,540.0,960.0,0.5
f52cfef7-e912-4c1f-bd56-a361a6d26098,29,0.9666666666666667,left_elbow,0.5,0.5,0.0,540.0,960.0,0.5
f52cfef7-e912-4c1f-bd56-a361a6d26098,29,0.9666666666666667,right_elbow,0.5,0.5,0.0,540.0,960.0,0.5
f52cfef7-e912-4c1f-bd56-a361a6d26098,29,0.9666666666666667,left_wrist,0.5,0.5,0.0,540.0,960.0,0.5
f52cfef7-e912-4c1f-bd56-a361a6d26098,29,0.9666666666666667,right_wrist,0.5,0.5,0.0,540.0,960.0,0.5
f52cfef7-e912-4c1f-bd56-a361a6d26098,29,0.9666666666666667,left_hip,0.5,0.5,0.0,540.0,960.0,0.5
f52cfef7-e912-4c1f-bd56-a361a6d26098,29,0.9666666666666667,right_hip,0.5,0.5,0.0,540.0,960.0,0.5
f52cfef7-e912-4c1f-bd56-a361a6d26098,29,0.9666666666666667,left_knee,0.5,0.5,0.0,540.0,960.0,0.5
f52cfef7-e912-4c1f-bd56-a361a6d26098,29,0.9666666666666667,right_knee,0.5,0.5,0.0,540.0,960.0,0.5
f52cfef7-e912-4c1f-bd56-a361a6d26098,29,0.9666666666666667,left_ankle,0.5,0.5,0.0,540.0,960.0,0.5
f52cfef7-e912-4c1f-bd56-a361a6d26098,29,0.9666666666666667,right_ankle,0.5,0.5,0.0,540.0,960.0,0.5
f52cfef7-e912-4c1f-bd56-a361a6d26098,29,0.9666666666666667,left_heel,0.5,0.5,0.0,540.0,960.0,0.5
f52cfef7-e912-4c1f-bd56-a361a6d26098,29,0.9666666666666667,right_heel,0.5,0.5,0.0,540.0,960.0,0.5
f52cfef7-e912-4c1f-bd56-a361a6d26098,29,0.9666666666666667,left_foot_index,0.5,0.5,0.0,540.0,960.0,0.5
f52cfef7-e912-4c1f-bd56-a361a6d26098,29,0.9666666666666667,right_foot_index,0.5,0.5,0.0,540.0,960.0,0.5
f52cfef7-e912-4c1f-bd56-a361a6d26098,30,1.0,nose,0.5,0.5,0.0,540.0,960.0,0.5
f52cfef7-e912-4c1f-bd56-a361a6d26098,30,1.0,left_shoulder,0.5,0.5,0.0,540.0,960.0,0.5
f52cfef7-e912-4c1f-bd56-a361a6d26098,30,1.0,right_shoulder,0.5,0.5,0.0,540.0,960.0,0.5
f52cfef7-e912-4c1f-bd56-a361a6d26098,30,1.0,left_elbow,0.5,0.5,0.0,540.0,960.0,0.5
f52cfef7-e912-4c1f-bd56-a361a6d26098,30,1.0,right_elbow,0.5,0.5,0.0,540.0,960.0,0.5
f52cfef7-e912-4c1f-bd56-a361a6d26098,30,1.0,left_wrist,0.5,0.5,0.0,540.0,960.0,0.5
f52cfef7-e912-4c1f-bd56-a361a6d26098,30,1.0,right_wrist,0.5,0.5,0.0,540.0,960.0,0.5
f52cfef7-e912-4c1f-bd56-a361a6d26098,30,1.0,left_hip,0.5,0.5,0.0,540.0,960.0,0.5
f52cfef7-e912-4c1f-bd56-a361a6d26098,30,1.0,right_hip,0.5,0.5,0.0,540.0,960.0,0.5
f52cfef7-e912-4c1f-bd56-a361a6d26098,30,1.0,left_knee,0.5,0.5,0.0,540.0,960.0,0.5
f52cfef7-e912-4c1f-bd56-a361a6d26098,30,1.0,right_knee,0.5,0.5,0.0,540.0,960.0,0.5
f52cfef7-e912-4c1f-bd56-a361a6d26098,30,1.0,left_ankle,0.5,0.5,0.0,540.0,960.0,0.5
f52cfef7-e912-4c1f-bd56-a361a6d26098,30,1.0,right_ankle,0.5,0.5,0.0,540.0,960.0,0.5
f52cfef7-e912-4c1f-bd56-a361a6d26098,30,1.0,left_heel,0.5,0.5,0.0,540.0,960.0,0.5
f52cfef7-e912-4c1f-bd56-a361a6d26098,30,1.0,right_heel,0.5,0.5,0.0,540.0,960.0,0.5
f52cfef7-e912-4c1f-bd56-a361a6d26098,30,1.0,left_foot_index,0.5,0.5,0.0,540.0,960.0,0.5
f52cfef7-e912-4c1f-bd56-a361a6d26098,30,1.0,right_foot_index,0.5,0.5,0.0,540.0,960.0,0.5
f52cfef7-e912-4c1f-bd56-a361a6d26098,31,1.0333333333333334,nose,0.5,0.5,0.0,540.0,960.0,0.5
f52cfef7-e912-4c1f-bd56-a361a6d26098,31,1.0333333333333334,left_shoulder,0.5,0.5,0.0,540.0,960.0,0.5
f52cfef7-e912-4c1f-bd56-a361a6d26098,31,1.0333333333333334,right_shoulder,0.5,0.5,0.0,540.0,960.0,0.5
f52cfef7-e912-4c1f-bd56-a361a6d26098,31,1.0333333333333334,left_elbow,0.5,0.5,0.0,540.0,960.0,0.5
f52cfef7-e912-4c1f-bd56-a361a6d26098,31,1.0333333333333334,right_elbow,0.5,0.5,0.0,540.0,960.0,0.5
f52cfef7-e912-4c1f-bd56-a361a6d26098,31,1.0333333333333334,left_wrist,0.5,0.5,0.0,540.0,960.0,0.5
f52cfef7-e912-4c1f-bd56-a361a6d26098,31,1.0333333333333334,right_wrist,0.5,0.5,0.0,540.0,960.0,0.5
f52cfef7-e912-4c1f-bd56-a361a6d26098,31,1.0333333333333334,left_hip,0.5,0.5,0.0,540.0,960.0,0.5
f52cfef7-e912-4c1f-bd56-a361a6d26098,31,1.0333333333333334,right_hip,0.5,0.5,0.0,540.0,960.0,0.5
f52cfef7-e912-4c1f-bd56-a361a6d26098,31,1.0333333333333334,left_knee,0.5,0.5,0.0,540.0,960.0,0.5
f52cfef7-e912-4c1f-bd56-a361a6d26098,31,1.0333333333333334,right_knee,0.5,0.5,0.0,540.0,960.0,0.5
f52cfef7-e912-4c1f-bd56-a361a6d26098,31,1.0333333333333334,left_ankle,0.5,0.5,0.0,540.0,960.0,0.5
f52cfef7-e912-4c1f-bd56-a361a6d26098,31,1.0333333333333334,right_ankle,0.5,0.5,0.0,540.0,960.0,0.5
f52cfef7-e912-4c1f-bd56-a361a6d26098,31,1.0333333333333334,left_heel,0.5,0.5,0.0,540.0,960.0,0.5
f52cfef7-e912-4c1f-bd56-a361a6d26098,31,1.0333333333333334,right_heel,0.5,0.5,0.0,540.0,960.0,0.5
f52cfef7-e912-4c1f-bd56-a361a6d26098,31,1.0333333333333334,left_foot_index,0.5,0.5,0.0,540.0,960.0,0.5
f52cfef7-e912-4c1f-bd56-a361a6d26098,31,1.0333333333333334,right_foot_index,0.5,0.5,0.0,540.0,960.0,0.5
f52cfef7-e912-4c1f-bd56-a361a6d26098,32,1.0666666666666667,nose,0.5,0.5,0.0,540.0,960.0,0.5
f52cfef7-e912-4c1f-bd56-a361a6d26098,32,1.0666666666666667,left_shoulder,0.5,0.5,0.0,540.0,960.0,0.5
f52cfef7-e912-4c1f-bd56-a361a6d26098,32,1.0666666666666667,right_shoulder,0.5,0.5,0.0,540.0,960.0,0.5
f52cfef7-e912-4c1f-bd56-a361a6d26098,32,1.0666666666666667,left_elbow,0.5,0.5,0.0,540.0,960.0,0.5
f52cfef7-e912-4c1f-bd56-a361a6d26098,32,1.0666666666666667,right_elbow,0.5,0.5,0.0,540.0,960.0,0.5
f52cfef7-e912-4c1f-bd56-a361a6d26098,32,1.0666666666666667,left_wrist,0.5,0.5,0.0,540.0,960.0,0.5
f52cfef7-e912-4c1f-bd56-a361a6d26098,32,1.0666666666666667,right_wrist,0.5,0.5,0.0,540.0,960.0,0.5
f52cfef7-e912-4c1f-bd56-a361a6d26098,32,1.0666666666666667,left_hip,0.5,0.5,0.0,540.0,960.0,0.5
f52cfef7-e912-4c1f-bd56-a361a6d26098,32,1.0666666666666667,right_hip,0.5,0.5,0.0,540.0,960.0,0.5
f52cfef7-e912-4c1f-bd56-a361a6d26098,32,1.0666666666666667,left_knee,0.5,0.5,0.0,540.0,960.0,0.5
f52cfef7-e912-4c1f-bd56-a361a6d26098,32,1.0666666666666667,right_knee,0.5,0.5,0.0,540.0,960.0,0.5
f52cfef7-e912-4c1f-bd56-a361a6d26098,32,1.0666666666666667,left_ankle,0.5,0.5,0.0,540.0,960.0,0.5
f52cfef7-e912-4c1f-bd56-a361a6d26098,32,1.0666666666666667,right_ankle,0.5,0.5,0.0,540.0,960.0,0.5
f52cfef7-e912-4c1f-bd56-a361a6d26098,32,1.0666666666666667,left_heel,0.5,0.5,0.0,540.0,960.0,0.5
f52cfef7-e912-4c1f-bd56-a361a6d26098,32,1.0666666666666667,right_heel,0.5,0.5,0.0,540.0,960.0,0.5
f52cfef7-e912-4c1f-bd56-a361a6d26098,32,1.0666666666666667,left_foot_index,0.5,0.5,0.0,540.0,960.0,0.5
f52cfef7-e912-4c1f-bd56-a361a6d26098,32,1.0666666666666667,right_foot_index,0.5,0.5,0.0,540.0,960.0,0.5
f52cfef7-e912-4c1f-bd56-a361a6d26098,33,1.1,nose,0.5,0.5,0.0,540.0,960.0,0.5
f52cfef7-e912-4c1f-bd56-a361a6d26098,33,1.1,left_shoulder,0.5,0.5,0.0,540.0,960.0,0.5
f52cfef7-e912-4c1f-bd56-a361a6d26098,33,1.1,right_shoulder,0.5,0.5,0.0,540.0,960.0,0.5
f52cfef7-e912-4c1f-bd56-a361a6d26098,33,1.1,left_elbow,0.5,0.5,0.0,540.0,960.0,0.5
f52cfef7-e912-4c1f-bd56-a361a6d26098,33,1.1,right_elbow,0.5,0.5,0.0,540.0,960.0,0.5
f52cfef7-e912-4c1f-bd56-a361a6d26098,33,1.1,left_wrist,0.5,0.5,0.0,540.0,960.0,0.5
f52cfef7-e912-4c1f-bd56-a361a6d26098,33,1.1,right_wrist,0.5,0.5,0.0,540.0,960.0,0.5
f52cfef7-e912-4c1f-bd56-a361a6d26098,33,1.1,left_hip,0.5,0.5,0.0,540.0,960.0,0.5
f52cfef7-e912-4c1f-bd56-a361a6d26098,33,1.1,right_hip,0.5,0.5,0.0,540.0,960.0,0.5
f52cfef7-e912-4c1f-bd56-a361a6d26098,33,1.1,left_knee,0.5,0.5,0.0,540.0,960.0,0.5
f52cfef7-e912-4c1f-bd56-a361a6d26098,33,1.1,right_knee,0.5,0.5,0.0,540.0,960.0,0.5
f52cfef7-e912-4c1f-bd56-a361a6d26098,33,1.1,left_ankle,0.5,0.5,0.0,540.0,960.0,0.5
f52cfef7-e912-4c1f-bd56-a361a6d26098,33,1.1,right_ankle,0.5,0.5,0.0,540.0,960.0,0.5
f52cfef7-e912-4c1f-bd56-a361a6d26098,33,1.1,left_heel,0.5,0.5,0.0,540.0,960.0,0.5
f52cfef7-e912-4c1f-bd56-a361a6d26098,33,1.1,right_heel,0.5,0.5,0.0,540.0,960.0,0.5
f52cfef7-e912-4c1f-bd56-a361a6d26098,33,1.1,left_foot_index,0.5,0.5,0.0,540.0,960.0,0.5
f52cfef7-e912-4c1f-bd56-a361a6d26098,33,1.1,right_foot_index,0.5,0.5,0.0,540.0,960.0,0.5
f52cfef7-e912-4c1f-bd56-a361a6d26098,34,1.1333333333333333,nose,0.5,0.5,0.0,540.0,960.0,0.5
f52cfef7-e912-4c1f-bd56-a361a6d26098,34,1.1333333333333333,left_shoulder,0.5,0.5,0.0,540.0,960.0,0.5
f52cfef7-e912-4c1f-bd56-a361a6d26098,34,1.1333333333333333,right_shoulder,0.5,0.5,0.0,540.0,960.0,0.5
f52cfef7-e912-4c1f-bd56-a361a6d26098,34,1.1333333333333333,left_elbow,0.5,0.5,0.0,540.0,960.0,0.5
f52cfef7-e912-4c1f-bd56-a361a6d26098,34,1.1333333333333333,right_elbow,0.5,0.5,0.0,540.0,960.0,0.5
f52cfef7-e912-4c1f-bd56-a361a6d26098,34,1.1333333333333333,left_wrist,0.5,0.5,0.0,540.0,960.0,0.5
f52cfef7-e912-4c1f-bd56-a361a6d26098,34,1.1333333333333333,right_wrist,0.5,0.5,0.0,540.0,960.0,0.5
f52cfef7-e912-4c1f-bd56-a361a6d26098,34,1.1333333333333333,left_hip,0.5,0.5,0.0,540.0,960.0,0.5
f52cfef7-e912-4c1f-bd56-a361a6d26098,34,1.1333333333333333,right_hip,0.5,0.5,0.0,540.0,960.0,0.5
f52cfef7-e912-4c1f-bd56-a361a6d26098,34,1.1333333333333333,left_knee,0.5,0.5,0.0,540.0,960.0,0.5
f52cfef7-e912-4c1f-bd56-a361a6d26098,34,1.1333333333333333,right_knee,0.5,0.5,0.0,540.0,960.0,0.5
f52cfef7-e912-4c1f-bd56-a361a6d26098,34,1.1333333333333333,left_ankle,0.5,0.5,0.0,540.0,960.0,0.5
f52cfef7-e912-4c1f-bd56-a361a6d26098,34,1.1333333333333333,right_ankle,0.5,0.5,0.0,540.0,960.0,0.5
f52cfef7-e912-4c1f-bd56-a361a6d26098,34,1.1333333333333333,left_heel,0.5,0.5,0.0,540.0,960.0,0.5
f52cfef7-e912-4c1f-bd56-a361a6d26098,34,1.1333333333333333,right_heel,0.5,0.5,0.0,540.0,960.0,0.5
f52cfef7-e912-4c1f-bd56-a361a6d26098,34,1.1333333333333333,left_foot_index,0.5,0.5,0.0,540.0,960.0,0.5
f52cfef7-e912-4c1f-bd56-a361a6d26098,34,1.1333333333333333,right_foot_index,0.5,0.5,0.0,540.0,960.0,0.5
f52cfef7-e912-4c1f-bd56-a361a6d26098,35,1.1666666666666667,nose,0.5,0.5,0.0,540.0,960.0,0.5
f52cfef7-e912-4c1f-bd56-a361a6d26098,35,1.1666666666666667,left_shoulder,0.5,0.5,0.0,540.0,960.0,0.5
f52cfef7-e912-4c1f-bd56-a361a6d26098,35,1.1666666666666667,right_shoulder,0.5,0.5,0.0,540.0,960.0,0.5
f52cfef7-e912-4c1f-bd56-a361a6d26098,35,1.1666666666666667,left_elbow,0.5,0.5,0.0,540.0,960.0,0.5
f52cfef7-e912-4c1f-bd56-a361a6d26098,35,1.1666666666666667,right_elbow,0.5,0.5,0.0,540.0,960.0,0.5
f52cfef7-e912-4c1f-bd56-a361a6d26098,35,1.1666666666666667,left_wrist,0.5,0.5,0.0,540.0,960.0,0.5
f52cfef7-e912-4c1f-bd56-a361a6d26098,35,1.1666666666666667,right_wrist,0.5,0.5,0.0,540.0,960.0,0.5
f52cfef7-e912-4c1f-bd56-a361a6d26098,35,1.1666666666666667,left_hip,0.5,0.5,0.0,540.0,960.0,0.5
f52cfef7-e912-4c1f-bd56-a361a6d26098,35,1.1666666666666667,right_hip,0.5,0.5,0.0,540.0,960.0,0.5
f52cfef7-e912-4c1f-bd56-a361a6d26098,35,1.1666666666666667,left_knee,0.5,0.5,0.0,540.0,960.0,0.5
f52cfef7-e912-4c1f-bd56-a361a6d26098,35,1.1666666666666667,right_knee,0.5,0.5,0.0,540.0,960.0,0.5
f52cfef7-e912-4c1f-bd56-a361a6d26098,35,1.1666666666666667,left_ankle,0.5,0.5,0.0,540.0,960.0,0.5
f52cfef7-e912-4c1f-bd56-a361a6d26098,35,1.1666666666666667,right_ankle,0.5,0.5,0.0,540.0,960.0,0.5
f52cfef7-e912-4c1f-bd56-a361a6d26098,35,1.1666666666666667,left_heel,0.5,0.5,0.0,540.0,960.0,0.5
f52cfef7-e912-4c1f-bd56-a361a6d26098,35,1.1666666666666667,right_heel,0.5,0.5,0.0,540.0,960.0,0.5
f52cfef7-e912-4c1f-bd56-a361a6d26098,35,1.1666666666666667,left_foot_index,0.5,0.5,0.0,540.0,960.0,0.5
f52cfef7-e912-4c1f-bd56-a361a6d26098,35,1.1666666666666667,right_foot_index,0.5,0.5,0.0,540.0,960.0,0.5
f52cfef7-e912-4c1f-bd56-a361a6d26098,36,1.2,nose,0.5,0.5,0.0,540.0,960.0,0.5
f52cfef7-e912-4c1f-bd56-a361a6d26098,36,1.2,left_shoulder,0.5,0.5,0.0,540.0,960.0,0.5
f52cfef7-e912-4c1f-bd56-a361a6d26098,36,1.2,right_shoulder,0.5,0.5,0.0,540.0,960.0,0.5
f52cfef7-e912-4c1f-bd56-a361a6d26098,36,1.2,left_elbow,0.5,0.5,0.0,540.0,960.0,0.5
f52cfef7-e912-4c1f-bd56-a361a6d26098,36,1.2,right_elbow,0.5,0.5,0.0,540.0,960.0,0.5
f52cfef7-e912-4c1f-bd56-a361a6d26098,36,1.2,left_wrist,0.5,0.5,0.0,540.0,960.0,0.5
f52cfef7-e912-4c1f-bd56-a361a6d26098,36,1.2,right_wrist,0.5,0.5,0.0,540.0,960.0,0.5
f52cfef7-e912-4c1f-bd56-a361a6d26098,36,1.2,left_hip,0.5,0.5,0.0,540.0,960.0,0.5
f52cfef7-e912-4c1f-bd56-a361a6d26098,36,1.2,right_hip,0.5,0.5,0.0,540.0,960.0,0.5
f52cfef7-e912-4c1f-bd56-a361a6d26098,36,1.2,left_knee,0.5,0.5,0.0,540.0,960.0,0.5
f52cfef7-e912-4c1f-bd56-a361a6d26098,36,1.2,right_knee,0.5,0.5,0.0,540.0,960.0,0.5
f52cfef7-e912-4c1f-bd56-a361a6d26098,36,1.2,left_ankle,0.5,0.5,0.0,540.0,960.0,0.5
f52cfef7-e912-4c1f-bd56-a361a6d26098,36,1.2,right_ankle,0.5,0.5,0.0,540.0,960.0,0.5
f52cfef7-e912-4c1f-bd56-a361a6d26098,36,1.2,left_heel,0.5,0.5,0.0,540.0,960.0,0.5
f52cfef7-e912-4c1f-bd56-a361a6d26098,36,1.2,right_heel,0.5,0.5,0.0,540.0,960.0,0.5
f52cfef7-e912-4c1f-bd56-a361a6d26098,36,1.2,left_foot_index,0.5,0.5,0.0,540.0,960.0,0.5
f52cfef7-e912-4c1f-bd56-a361a6d26098,36,1.2,right_foot_index,0.5,0.5,0.0,540.0,960.0,0.5
f52cfef7-e912-4c1f-bd56-a361a6d26098,37,1.2333333333333334,nose,0.5,0.5,0.0,540.0,960.0,0.5
f52cfef7-e912-4c1f-bd56-a361a6d26098,37,1.2333333333333334,left_shoulder,0.5,0.5,0.0,540.0,960.0,0.5
f52cfef7-e912-4c1f-bd56-a361a6d26098,37,1.2333333333333334,right_shoulder,0.5,0.5,0.0,540.0,960.0,0.5
f52cfef7-e912-4c1f-bd56-a361a6d26098,37,1.2333333333333334,left_elbow,0.5,0.5,0.0,540.0,960.0,0.5
f52cfef7-e912-4c1f-bd56-a361a6d26098,37,1.2333333333333334,right_elbow,0.5,0.5,0.0,540.0,960.0,0.5
f52cfef7-e912-4c1f-bd56-a361a6d26098,37,1.2333333333333334,left_wrist,0.5,0.5,0.0,540.0,960.0,0.5
f52cfef7-e912-4c1f-bd56-a361a6d26098,37,1.2333333333333334,right_wrist,0.5,0.5,0.0,540.0,960.0,0.5
f52cfef7-e912-4c1f-bd56-a361a6d26098,37,1.2333333333333334,left_hip,0.5,0.5,0.0,540.0,960.0,0.5
f52cfef7-e912-4c1f-bd56-a361a6d26098,37,1.2333333333333334,right_hip,0.5,0.5,0.0,540.0,960.0,0.5
f52cfef7-e912-4c1f-bd56-a361a6d26098,37,1.2333333333333334,left_knee,0.5,0.5,0.0,540.0,960.0,0.5
f52cfef7-e912-4c1f-bd56-a361a6d26098,37,1.2333333333333334,right_knee,0.5,0.5,0.0,540.0,960.0,0.5
f52cfef7-e912-4c1f-bd56-a361a6d26098,37,1.2333333333333334,left_ankle,0.5,0.5,0.0,540.0,960.0,0.5
f52cfef7-e912-4c1f-bd56-a361a6d26098,37,1.2333333333333334,right_ankle,0.5,0.5,0.0,540.0,960.0,0.5
f52cfef7-e912-4c1f-bd56-a361a6d26098,37,1.2333333333333334,left_heel,0.5,0.5,0.0,540.0,960.0,0.5
f52cfef7-e912-4c1f-bd56-a361a6d26098,37,1.2333333333333334,right_heel,0.5,0.5,0.0,540.0,960.0,0.5
f52cfef7-e912-4c1f-bd56-a361a6d26098,37,1.2333333333333334,left_foot_index,0.5,0.5,0.0,540.0,960.0,0.5
f52cfef7-e912-4c1f-bd56-a361a6d26098,37,1.2333333333333334,right_foot_index,0.5,0.5,0.0,540.0,960.0,0.5
f52cfef7-e912-4c1f-bd56-a361a6d26098,38,1.2666666666666666,nose,0.5,0.5,0.0,540.0,960.0,0.5
f52cfef7-e912-4c1f-bd56-a361a6d26098,38,1.2666666666666666,left_shoulder,0.5,0.5,0.0,540.0,960.0,0.5
f52cfef7-e912-4c1f-bd56-a361a6d26098,38,1.2666666666666666,right_shoulder,0.5,0.5,0.0,540.0,960.0,0.5
f52cfef7-e912-4c1f-bd56-a361a6d26098,38,1.2666666666666666,left_elbow,0.5,0.5,0.0,540.0,960.0,0.5
f52cfef7-e912-4c1f-bd56-a361a6d26098,38,1.2666666666666666,right_elbow,0.5,0.5,0.0,540.0,960.0,0.5
f52cfef7-e912-4c1f-bd56-a361a6d26098,38,1.2666666666666666,left_wrist,0.5,0.5,0.0,540.0,960.0,0.5
f52cfef7-e912-4c1f-bd56-a361a6d26098,38,1.2666666666666666,right_wrist,0.5,0.5,0.0,540.0,960.0,0.5
f52cfef7-e912-4c1f-bd56-a361a6d26098,38,1.2666666666666666,left_hip,0.5,0.5,0.0,540.0,960.0,0.5
f52cfef7-e912-4c1f-bd56-a361a6d26098,38,1.2666666666666666,right_hip,0.5,0.5,0.0,540.0,960.0,0.5
f52cfef7-e912-4c1f-bd56-a361a6d26098,38,1.2666666666666666,left_knee,0.5,0.5,0.0,540.0,960.0,0.5
f52cfef7-e912-4c1f-bd56-a361a6d26098,38,1.2666666666666666,right_knee,0.5,0.5,0.0,540.0,960.0,0.5
f52cfef7-e912-4c1f-bd56-a361a6d26098,38,1.2666666666666666,left_ankle,0.5,0.5,0.0,540.0,960.0,0.5
f52cfef7-e912-4c1f-bd56-a361a6d26098,38,1.2666666666666666,right_ankle,0.5,0.5,0.0,540.0,960.0,0.5
f52cfef7-e912-4c1f-bd56-a361a6d26098,38,1.2666666666666666,left_heel,0.5,0.5,0.0,540.0,960.0,0.5
f52cfef7-e912-4c1f-bd56-a361a6d26098,38,1.2666666666666666,right_heel,0.5,0.5,0.0,540.0,960.0,0.5
f52cfef7-e912-4c1f-bd56-a361a6d26098,38,1.2666666666666666,left_foot_index,0.5,0.5,0.0,540.0,960.0,0.5
f52cfef7-e912-4c1f-bd56-a361a6d26098,38,1.2666666666666666,right_foot_index,0.5,0.5,0.0,540.0,960.0,0.5
f52cfef7-e912-4c1f-bd56-a361a6d26098,39,1.3,nose,0.5,0.5,0.0,540.0,960.0,0.5
f52cfef7-e912-4c1f-bd56-a361a6d26098,39,1.3,left_shoulder,0.5,0.5,0.0,540.0,960.0,0.5
f52cfef7-e912-4c1f-bd56-a361a6d26098,39,1.3,right_shoulder,0.5,0.5,0.0,540.0,960.0,0.5
f52cfef7-e912-4c1f-bd56-a361a6d26098,39,1.3,left_elbow,0.5,0.5,0.0,540.0,960.0,0.5
f52cfef7-e912-4c1f-bd56-a361a6d26098,39,1.3,right_elbow,0.5,0.5,0.0,540.0,960.0,0.5
f52cfef7-e912-4c1f-bd56-a361a6d26098,39,1.3,left_wrist,0.5,0.5,0.0,540.0,960.0,0.5
f52cfef7-e912-4c1f-bd56-a361a6d26098,39,1.3,right_wrist,0.5,0.5,0.0,540.0,960.0,0.5
f52cfef7-e912-4c1f-bd56-a361a6d26098,39,1.3,left_hip,0.5,0.5,0.0,540.0,960.0,0.5
f52cfef7-e912-4c1f-bd56-a361a6d26098,39,1.3,right_hip,0.5,0.5,0.0,540.0,960.0,0.5
f52cfef7-e912-4c1f-bd56-a361a6d26098,39,1.3,left_knee,0.5,0.5,0.0,540.0,960.0,0.5
f52cfef7-e912-4c1f-bd56-a361a6d26098,39,1.3,right_knee,0.5,0.5,0.0,540.0,960.0,0.5
f52cfef7-e912-4c1f-bd56-a361a6d26098,39,1.3,left_ankle,0.5,0.5,0.0,540.0,960.0,0.5
f52cfef7-e912-4c1f-bd56-a361a6d26098,39,1.3,right_ankle,0.5,0.5,0.0,540.0,960.0,0.5
f52cfef7-e912-4c1f-bd56-a361a6d26098,39,1.3,left_heel,0.5,0.5,0.0,540.0,960.0,0.5
f52cfef7-e912-4c1f-bd56-a361a6d26098,39,1.3,right_heel,0.5,0.5,0.0,540.0,960.0,0.5
f52cfef7-e912-4c1f-bd56-a361a6d26098,39,1.3,left_foot_index,0.5,0.5,0.0,540.0,960.0,0.5
f52cfef7-e912-4c1f-bd56-a361a6d26098,39,1.3,right_foot_index,0.5,0.5,0.0,540.0,960.0,0.5
f52cfef7-e912-4c1f-bd56-a361a6d26098,40,1.3333333333333333,nose,0.5,0.5,0.0,540.0,960.0,0.5
f52cfef7-e912-4c1f-bd56-a361a6d26098,40,1.3333333333333333,left_shoulder,0.5,0.5,0.0,540.0,960.0,0.5
f52cfef7-e912-4c1f-bd56-a361a6d26098,40,1.3333333333333333,right_shoulder,0.5,0.5,0.0,540.0,960.0,0.5
f52cfef7-e912-4c1f-bd56-a361a6d26098,40,1.3333333333333333,left_elbow,0.5,0.5,0.0,540.0,960.0,0.5
f52cfef7-e912-4c1f-bd56-a361a6d26098,40,1.3333333333333333,right_elbow,0.5,0.5,0.0,540.0,960.0,0.5
f52cfef7-e912-4c1f-bd56-a361a6d26098,40,1.3333333333333333,left_wrist,0.5,0.5,0.0,540.0,960.0,0.5
f52cfef7-e912-4c1f-bd56-a361a6d26098,40,1.3333333333333333,right_wrist,0.5,0.5,0.0,540.0,960.0,0.5
f52cfef7-e912-4c1f-bd56-a361a6d26098,40,1.3333333333333333,left_hip,0.5,0.5,0.0,540.0,960.0,0.5
f52cfef7-e912-4c1f-bd56-a361a6d26098,40,1.3333333333333333,right_hip,0.5,0.5,0.0,540.0,960.0,0.5
f52cfef7-e912-4c1f-bd56-a361a6d26098,40,1.3333333333333333,left_knee,0.5,0.5,0.0,540.0,960.0,0.5
f52cfef7-e912-4c1f-bd56-a361a6d26098,40,1.3333333333333333,right_knee,0.5,0.5,0.0,540.0,960.0,0.5
f52cfef7-e912-4c1f-bd56-a361a6d26098,40,1.3333333333333333,left_ankle,0.5,0.5,0.0,540.0,960.0,0.5
f52cfef7-e912-4c1f-bd56-a361a6d26098,40,1.3333333333333333,right_ankle,0.5,0.5,0.0,540.0,960.0,0.5
f52cfef7-e912-4c1f-bd56-a361a6d26098,40,1.3333333333333333,left_heel,0.5,0.5,0.0,540.0,960.0,0.5
f52cfef7-e912-4c1f-bd56-a361a6d26098,40,1.3333333333333333,right_heel,0.5,0.5,0.0,540.0,960.0,0.5
f52cfef7-e912-4c1f-bd56-a361a6d26098,40,1.3333333333333333,left_foot_index,0.5,0.5,0.0,540.0,960.0,0.5
f52cfef7-e912-4c1f-bd56-a361a6d26098,40,1.3333333333333333,right_foot_index,0.5,0.5,0.0,540.0,960.0,0.5
f52cfef7-e912-4c1f-bd56-a361a6d26098,41,1.3666666666666667,nose,0.5,0.5,0.0,540.0,960.0,0.5
f52cfef7-e912-4c1f-bd56-a361a6d26098,41,1.3666666666666667,left_shoulder,0.5,0.5,0.0,540.0,960.0,0.5
f52cfef7-e912-4c1f-bd56-a361a6d26098,41,1.3666666666666667,right_shoulder,0.5,0.5,0.0,540.0,960.0,0.5
f52cfef7-e912-4c1f-bd56-a361a6d26098,41,1.3666666666666667,left_elbow,0.5,0.5,0.0,540.0,960.0,0.5
f52cfef7-e912-4c1f-bd56-a361a6d26098,41,1.3666666666666667,right_elbow,0.5,0.5,0.0,540.0,960.0,0.5
f52cfef7-e912-4c1f-bd56-a361a6d26098,41,1.3666666666666667,left_wrist,0.5,0.5,0.0,540.0,960.0,0.5
f52cfef7-e912-4c1f-bd56-a361a6d26098,41,1.3666666666666667,right_wrist,0.5,0.5,0.0,540.0,960.0,0.5
f52cfef7-e912-4c1f-bd56-a361a6d26098,41,1.3666666666666667,left_hip,0.5,0.5,0.0,540.0,960.0,0.5
f52cfef7-e912-4c1f-bd56-a361a6d26098,41,1.3666666666666667,right_hip,0.5,0.5,0.0,540.0,960.0,0.5
f52cfef7-e912-4c1f-bd56-a361a6d26098,41,1.3666666666666667,left_knee,0.5,0.5,0.0,540.0,960.0,0.5
f52cfef7-e912-4c1f-bd56-a361a6d26098,41,1.3666666666666667,right_knee,0.5,0.5,0.0,540.0,960.0,0.5
f52cfef7-e912-4c1f-bd56-a361a6d26098,41,1.3666666666666667,left_ankle,0.5,0.5,0.0,540.0,960.0,0.5
f52cfef7-e912-4c1f-bd56-a361a6d26098,41,1.3666666666666667,right_ankle,0.5,0.5,0.0,540.0,960.0,0.5
f52cfef7-e912-4c1f-bd56-a361a6d26098,41,1.3666666666666667,left_heel,0.5,0.5,0.0,540.0,960.0,0.5
f52cfef7-e912-4c1f-bd56-a361a6d26098,41,1.3666666666666667,right_heel,0.5,0.5,0.0,540.0,960.0,0.5
f52cfef7-e912-4c1f-bd56-a361a6d26098,41,1.3666666666666667,left_foot_index,0.5,0.5,0.0,540.0,960.0,0.5
f52cfef7-e912-4c1f-bd56-a361a6d26098,41,1.3666666666666667,right_foot_index,0.5,0.5,0.0,540.0,960.0,0.5
f52cfef7-e912-4c1f-bd56-a361a6d26098,42,1.4,nose,0.5,0.5,0.0,540.0,960.0,0.5
f52cfef7-e912-4c1f-bd56-a361a6d26098,42,1.4,left_shoulder,0.5,0.5,0.0,540.0,960.0,0.5
f52cfef7-e912-4c1f-bd56-a361a6d26098,42,1.4,right_shoulder,0.5,0.5,0.0,540.0,960.0,0.5
f52cfef7-e912-4c1f-bd56-a361a6d26098,42,1.4,left_elbow,0.5,0.5,0.0,540.0,960.0,0.5
f52cfef7-e912-4c1f-bd56-a361a6d26098,42,1.4,right_elbow,0.5,0.5,0.0,540.0,960.0,0.5
f52cfef7-e912-4c1f-bd56-a361a6d26098,42,1.4,left_wrist,0.5,0.5,0.0,540.0,960.0,0.5
f52cfef7-e912-4c1f-bd56-a361a6d26098,42,1.4,right_wrist,0.5,0.5,0.0,540.0,960.0,0.5
f52cfef7-e912-4c1f-bd56-a361a6d26098,42,1.4,left_hip,0.5,0.5,0.0,540.0,960.0,0.5
f52cfef7-e912-4c1f-bd56-a361a6d26098,42,1.4,right_hip,0.5,0.5,0.0,540.0,960.0,0.5
f52cfef7-e912-4c1f-bd56-a361a6d26098,42,1.4,left_knee,0.5,0.5,0.0,540.0,960.0,0.5
f52cfef7-e912-4c1f-bd56-a361a6d26098,42,1.4,right_knee,0.5,0.5,0.0,540.0,960.0,0.5
f52cfef7-e912-4c1f-bd56-a361a6d26098,42,1.4,left_ankle,0.5,0.5,0.0,540.0,960.0,0.5
f52cfef7-e912-4c1f-bd56-a361a6d26098,42,1.4,right_ankle,0.5,0.5,0.0,540.0,960.0,0.5
f52cfef7-e912-4c1f-bd56-a361a6d26098,42,1.4,left_heel,0.5,0.5,0.0,540.0,960.0,0.5
f52cfef7-e912-4c1f-bd56-a361a6d26098,42,1.4,right_heel,0.5,0.5,0.0,540.0,960.0,0.5
f52cfef7-e912-4c1f-bd56-a361a6d26098,42,1.4,left_foot_index,0.5,0.5,0.0,540.0,960.0,0.5
f52cfef7-e912-4c1f-bd56-a361a6d26098,42,1.4,right_foot_index,0.5,0.5,0.0,540.0,960.0,0.5
f52cfef7-e912-4c1f-bd56-a361a6d26098,43,1.4333333333333333,nose,0.5,0.5,0.0,540.0,960.0,0.5
f52cfef7-e912-4c1f-bd56-a361a6d26098,43,1.4333333333333333,left_shoulder,0.5,0.5,0.0,540.0,960.0,0.5
f52cfef7-e912-4c1f-bd56-a361a6d26098,43,1.4333333333333333,right_shoulder,0.5,0.5,0.0,540.0,960.0,0.5
f52cfef7-e912-4c1f-bd56-a361a6d26098,43,1.4333333333333333,left_elbow,0.5,0.5,0.0,540.0,960.0,0.5
f52cfef7-e912-4c1f-bd56-a361a6d26098,43,1.4333333333333333,right_elbow,0.5,0.5,0.0,540.0,960.0,0.5
f52cfef7-e912-4c1f-bd56-a361a6d26098,43,1.4333333333333333,left_wrist,0.5,0.5,0.0,540.0,960.0,0.5
f52cfef7-e912-4c1f-bd56-a361a6d26098,43,1.4333333333333333,right_wrist,0.5,0.5,0.0,540.0,960.0,0.5
f52cfef7-e912-4c1f-bd56-a361a6d26098,43,1.4333333333333333,left_hip,0.5,0.5,0.0,540.0,960.0,0.5
f52cfef7-e912-4c1f-bd56-a361a6d26098,43,1.4333333333333333,right_hip,0.5,0.5,0.0,540.0,960.0,0.5
f52cfef7-e912-4c1f-bd56-a361a6d26098,43,1.4333333333333333,left_knee,0.5,0.5,0.0,540.0,960.0,0.5
f52cfef7-e912-4c1f-bd56-a361a6d26098,43,1.4333333333333333,right_knee,0.5,0.5,0.0,540.0,960.0,0.5
f52cfef7-e912-4c1f-bd56-a361a6d26098,43,1.4333333333333333,left_ankle,0.5,0.5,0.0,540.0,960.0,0.5
f52cfef7-e912-4c1f-bd56-a361a6d26098,43,1.4333333333333333,right_ankle,0.5,0.5,0.0,540.0,960.0,0.5
f52cfef7-e912-4c1f-bd56-a361a6d26098,43,1.4333333333333333,left_heel,0.5,0.5,0.0,540.0,960.0,0.5
f52cfef7-e912-4c1f-bd56-a361a6d26098,43,1.4333333333333333,right_heel,0.5,0.5,0.0,540.0,960.0,0.5
f52cfef7-e912-4c1f-bd56-a361a6d26098,43,1.4333333333333333,left_foot_index,0.5,0.5,0.0,540.0,960.0,0.5
f52cfef7-e912-4c1f-bd56-a361a6d26098,43,1.4333333333333333,right_foot_index,0.5,0.5,0.0,540.0,960.0,0.5
f52cfef7-e912-4c1f-bd56-a361a6d26098,44,1.4666666666666666,nose,0.5,0.5,0.0,540.0,960.0,0.5
f52cfef7-e912-4c1f-bd56-a361a6d26098,44,1.4666666666666666,left_shoulder,0.5,0.5,0.0,540.0,960.0,0.5
f52cfef7-e912-4c1f-bd56-a361a6d26098,44,1.4666666666666666,right_shoulder,0.5,0.5,0.0,540.0,960.0,0.5
f52cfef7-e912-4c1f-bd56-a361a6d26098,44,1.4666666666666666,left_elbow,0.5,0.5,0.0,540.0,960.0,0.5
f52cfef7-e912-4c1f-bd56-a361a6d26098,44,1.4666666666666666,right_elbow,0.5,0.5,0.0,540.0,960.0,0.5
f52cfef7-e912-4c1f-bd56-a361a6d26098,44,1.4666666666666666,left_wrist,0.5,0.5,0.0,540.0,960.0,0.5
f52cfef7-e912-4c1f-bd56-a361a6d26098,44,1.4666666666666666,right_wrist,0.5,0.5,0.0,540.0,960.0,0.5
f52cfef7-e912-4c1f-bd56-a361a6d26098,44,1.4666666666666666,left_hip,0.5,0.5,0.0,540.0,960.0,0.5
f52cfef7-e912-4c1f-bd56-a361a6d26098,44,1.4666666666666666,right_hip,0.5,0.5,0.0,540.0,960.0,0.5
f52cfef7-e912-4c1f-bd56-a361a6d26098,44,1.4666666666666666,left_knee,0.5,0.5,0.0,540.0,960.0,0.5
f52cfef7-e912-4c1f-bd56-a361a6d26098,44,1.4666666666666666,right_knee,0.5,0.5,0.0,540.0,960.0,0.5
f52cfef7-e912-4c1f-bd56-a361a6d26098,44,1.4666666666666666,left_ankle,0.5,0.5,0.0,540.0,960.0,0.5
f52cfef7-e912-4c1f-bd56-a361a6d26098,44,1.4666666666666666,right_ankle,0.5,0.5,0.0,540.0,960.0,0.5
f52cfef7-e912-4c1f-bd56-a361a6d26098,44,1.4666666666666666,left_heel,0.5,0.5,0.0,540.0,960.0,0.5
f52cfef7-e912-4c1f-bd56-a361a6d26098,44,1.4666666666666666,right_heel,0.5,0.5,0.0,540.0,960.0,0.5
f52cfef7-e912-4c1f-bd56-a361a6d26098,44,1.4666666666666666,left_foot_index,0.5,0.5,0.0,540.0,960.0,0.5
f52cfef7-e912-4c1f-bd56-a361a6d26098,44,1.4666666666666666,right_foot_index,0.5,0.5,0.0,540.0,960.0,0.5
f52cfef7-e912-4c1f-bd56-a361a6d26098,45,1.5,nose,0.5,0.5,0.0,540.0,960.0,0.5
f52cfef7-e912-4c1f-bd56-a361a6d26098,45,1.5,left_shoulder,0.5,0.5,0.0,540.0,960.0,0.5
f52cfef7-e912-4c1f-bd56-a361a6d26098,45,1.5,right_shoulder,0.5,0.5,0.0,540.0,960.0,0.5
f52cfef7-e912-4c1f-bd56-a361a6d26098,45,1.5,left_elbow,0.5,0.5,0.0,540.0,960.0,0.5
f52cfef7-e912-4c1f-bd56-a361a6d26098,45,1.5,right_elbow,0.5,0.5,0.0,540.0,960.0,0.5
f52cfef7-e912-4c1f-bd56-a361a6d26098,45,1.5,left_wrist,0.5,0.5,0.0,540.0,960.0,0.5
f52cfef7-e912-4c1f-bd56-a361a6d26098,45,1.5,right_wrist,0.5,0.5,0.0,540.0,960.0,0.5
f52cfef7-e912-4c1f-bd56-a361a6d26098,45,1.5,left_hip,0.5,0.5,0.0,540.0,960.0,0.5
f52cfef7-e912-4c1f-bd56-a361a6d26098,45,1.5,right_hip,0.5,0.5,0.0,540.0,960.0,0.5
f52cfef7-e912-4c1f-bd56-a361a6d26098,45,1.5,left_knee,0.5,0.5,0.0,540.0,960.0,0.5
f52cfef7-e912-4c1f-bd56-a361a6d26098,45,1.5,right_knee,0.5,0.5,0.0,540.0,960.0,0.5
f52cfef7-e912-4c1f-bd56-a361a6d26098,45,1.5,left_ankle,0.5,0.5,0.0,540.0,960.0,0.5
f52cfef7-e912-4c1f-bd56-a361a6d26098,45,1.5,right_ankle,0.5,0.5,0.0,540.0,960.0,0.5
f52cfef7-e912-4c1f-bd56-a361a6d26098,45,1.5,left_heel,0.5,0.5,0.0,540.0,960.0,0.5
f52cfef7-e912-4c1f-bd56-a361a6d26098,45,1.5,right_heel,0.5,0.5,0.0,540.0,960.0,0.5
f52cfef7-e912-4c1f-bd56-a361a6d26098,45,1.5,left_foot_index,0.5,0.5,0.0,540.0,960.0,0.5
f52cfef7-e912-4c1f-bd56-a361a6d26098,45,1.5,right_foot_index,0.5,0.5,0.0,540.0,960.0,0.5
f52cfef7-e912-4c1f-bd56-a361a6d26098,46,1.5333333333333334,nose,0.5,0.5,0.0,540.0,960.0,0.5
f52cfef7-e912-4c1f-bd56-a361a6d26098,46,1.5333333333333334,left_shoulder,0.5,0.5,0.0,540.0,960.0,0.5
f52cfef7-e912-4c1f-bd56-a361a6d26098,46,1.5333333333333334,right_shoulder,0.5,0.5,0.0,540.0,960.0,0.5
f52cfef7-e912-4c1f-bd56-a361a6d26098,46,1.5333333333333334,left_elbow,0.5,0.5,0.0,540.0,960.0,0.5
f52cfef7-e912-4c1f-bd56-a361a6d26098,46,1.5333333333333334,right_elbow,0.5,0.5,0.0,540.0,960.0,0.5
f52cfef7-e912-4c1f-bd56-a361a6d26098,46,1.5333333333333334,left_wrist,0.5,0.5,0.0,540.0,960.0,0.5
f52cfef7-e912-4c1f-bd56-a361a6d26098,46,1.5333333333333334,right_wrist,0.5,0.5,0.0,540.0,960.0,0.5
f52cfef7-e912-4c1f-bd56-a361a6d26098,46,1.5333333333333334,left_hip,0.5,0.5,0.0,540.0,960.0,0.5
f52cfef7-e912-4c1f-bd56-a361a6d26098,46,1.5333333333333334,right_hip,0.5,0.5,0.0,540.0,960.0,0.5
f52cfef7-e912-4c1f-bd56-a361a6d26098,46,1.5333333333333334,left_knee,0.5,0.5,0.0,540.0,960.0,0.5
f52cfef7-e912-4c1f-bd56-a361a6d26098,46,1.5333333333333334,right_knee,0.5,0.5,0.0,540.0,960.0,0.5
f52cfef7-e912-4c1f-bd56-a361a6d26098,46,1.5333333333333334,left_ankle,0.5,0.5,0.0,540.0,960.0,0.5
f52cfef7-e912-4c1f-bd56-a361a6d26098,46,1.5333333333333334,right_ankle,0.5,0.5,0.0,540.0,960.0,0.5
f52cfef7-e912-4c1f-bd56-a361a6d26098,46,1.5333333333333334,left_heel,0.5,0.5,0.0,540.0,960.0,0.5
f52cfef7-e912-4c1f-bd56-a361a6d26098,46,1.5333333333333334,right_heel,0.5,0.5,0.0,540.0,960.0,0.5
f52cfef7-e912-4c1f-bd56-a361a6d26098,46,1.5333333333333334,left_foot_index,0.5,0.5,0.0,540.0,960.0,0.5
f52cfef7-e912-4c1f-bd56-a361a6d26098,46,1.5333333333333334,right_foot_index,0.5,0.5,0.0,540.0,960.0,0.5
f52cfef7-e912-4c1f-bd56-a361a6d26098,47,1.5666666666666667,nose,0.5,0.5,0.0,540.0,960.0,0.5
f52cfef7-e912-4c1f-bd56-a361a6d26098,47,1.5666666666666667,left_shoulder,0.5,0.5,0.0,540.0,960.0,0.5
f52cfef7-e912-4c1f-bd56-a361a6d26098,47,1.5666666666666667,right_shoulder,0.5,0.5,0.0,540.0,960.0,0.5
f52cfef7-e912-4c1f-bd56-a361a6d26098,47,1.5666666666666667,left_elbow,0.5,0.5,0.0,540.0,960.0,0.5
f52cfef7-e912-4c1f-bd56-a361a6d26098,47,1.5666666666666667,right_elbow,0.5,0.5,0.0,540.0,960.0,0.5
f52cfef7-e912-4c1f-bd56-a361a6d26098,47,1.5666666666666667,left_wrist,0.5,0.5,0.0,540.0,960.0,0.5
f52cfef7-e912-4c1f-bd56-a361a6d26098,47,1.5666666666666667,right_wrist,0.5,0.5,0.0,540.0,960.0,0.5
f52cfef7-e912-4c1f-bd56-a361a6d26098,47,1.5666666666666667,left_hip,0.5,0.5,0.0,540.0,960.0,0.5
f52cfef7-e912-4c1f-bd56-a361a6d26098,47,1.5666666666666667,right_hip,0.5,0.5,0.0,540.0,960.0,0.5
f52cfef7-e912-4c1f-bd56-a361a6d26098,47,1.5666666666666667,left_knee,0.5,0.5,0.0,540.0,960.0,0.5
f52cfef7-e912-4c1f-bd56-a361a6d26098,47,1.5666666666666667,right_knee,0.5,0.5,0.0,540.0,960.0,0.5
f52cfef7-e912-4c1f-bd56-a361a6d26098,47,1.5666666666666667,left_ankle,0.5,0.5,0.0,540.0,960.0,0.5
f52cfef7-e912-4c1f-bd56-a361a6d26098,47,1.5666666666666667,right_ankle,0.5,0.5,0.0,540.0,960.0,0.5
f52cfef7-e912-4c1f-bd56-a361a6d26098,47,1.5666666666666667,left_heel,0.5,0.5,0.0,540.0,960.0,0.5
f52cfef7-e912-4c1f-bd56-a361a6d26098,47,1.5666666666666667,right_heel,0.5,0.5,0.0,540.0,960.0,0.5
f52cfef7-e912-4c1f-bd56-a361a6d26098,47,1.5666666666666667,left_foot_index,0.5,0.5,0.0,540.0,960.0,0.5
f52cfef7-e912-4c1f-bd56-a361a6d26098,47,1.5666666666666667,right_foot_index,0.5,0.5,0.0,540.0,960.0,0.5
f52cfef7-e912-4c1f-bd56-a361a6d26098,48,1.6,nose,0.5,0.5,0.0,540.0,960.0,0.5
f52cfef7-e912-4c1f-bd56-a361a6d26098,48,1.6,left_shoulder,0.5,0.5,0.0,540.0,960.0,0.5
f52cfef7-e912-4c1f-bd56-a361a6d26098,48,1.6,right_shoulder,0.5,0.5,0.0,540.0,960.0,0.5
f52cfef7-e912-4c1f-bd56-a361a6d26098,48,1.6,left_elbow,0.5,0.5,0.0,540.0,960.0,0.5
f52cfef7-e912-4c1f-bd56-a361a6d26098,48,1.6,right_elbow,0.5,0.5,0.0,540.0,960.0,0.5
f52cfef7-e912-4c1f-bd56-a361a6d26098,48,1.6,left_wrist,0.5,0.5,0.0,540.0,960.0,0.5
f52cfef7-e912-4c1f-bd56-a361a6d26098,48,1.6,right_wrist,0.5,0.5,0.0,540.0,960.0,0.5
f52cfef7-e912-4c1f-bd56-a361a6d26098,48,1.6,left_hip,0.5,0.5,0.0,540.0,960.0,0.5
f52cfef7-e912-4c1f-bd56-a361a6d26098,48,1.6,right_hip,0.5,0.5,0.0,540.0,960.0,0.5
f52cfef7-e912-4c1f-bd56-a361a6d26098,48,1.6,left_knee,0.5,0.5,0.0,540.0,960.0,0.5
f52cfef7-e912-4c1f-bd56-a361a6d26098,48,1.6,right_knee,0.5,0.5,0.0,540.0,960.0,0.5
f52cfef7-e912-4c1f-bd56-a361a6d26098,48,1.6,left_ankle,0.5,0.5,0.0,540.0,960.0,0.5
f52cfef7-e912-4c1f-bd56-a361a6d26098,48,1.6,right_ankle,0.5,0.5,0.0,540.0,960.0,0.5
f52cfef7-e912-4c1f-bd56-a361a6d26098,48,1.6,left_heel,0.5,0.5,0.0,540.0,960.0,0.5
f52cfef7-e912-4c1f-bd56-a361a6d26098,48,1.6,right_heel,0.5,0.5,0.0,540.0,960.0,0.5
f52cfef7-e912-4c1f-bd56-a361a6d26098,48,1.6,left_foot_index,0.5,0.5,0.0,540.0,960.0,0.5
f52cfef7-e912-4c1f-bd56-a361a6d26098,48,1.6,right_foot_index,0.5,0.5,0.0,540.0,960.0,0.5
f52cfef7-e912-4c1f-bd56-a361a6d26098,49,1.6333333333333333,nose,0.5,0.5,0.0,540.0,960.0,0.5
f52cfef7-e912-4c1f-bd56-a361a6d26098,49,1.6333333333333333,left_shoulder,0.5,0.5,0.0,540.0,960.0,0.5
f52cfef7-e912-4c1f-bd56-a361a6d26098,49,1.6333333333333333,right_shoulder,0.5,0.5,0.0,540.0,960.0,0.5
f52cfef7-e912-4c1f-bd56-a361a6d26098,49,1.6333333333333333,left_elbow,0.5,0.5,0.0,540.0,960.0,0.5
f52cfef7-e912-4c1f-bd56-a361a6d26098,49,1.6333333333333333,right_elbow,0.5,0.5,0.0,540.0,960.0,0.5
f52cfef7-e912-4c1f-bd56-a361a6d26098,49,1.6333333333333333,left_wrist,0.5,0.5,0.0,540.0,960.0,0.5
f52cfef7-e912-4c1f-bd56-a361a6d26098,49,1.6333333333333333,right_wrist,0.5,0.5,0.0,540.0,960.0,0.5
f52cfef7-e912-4c1f-bd56-a361a6d26098,49,1.6333333333333333,left_hip,0.5,0.5,0.0,540.0,960.0,0.5
f52cfef7-e912-4c1f-bd56-a361a6d26098,49,1.6333333333333333,right_hip,0.5,0.5,0.0,540.0,960.0,0.5
f52cfef7-e912-4c1f-bd56-a361a6d26098,49,1.6333333333333333,left_knee,0.5,0.5,0.0,540.0,960.0,0.5
f52cfef7-e912-4c1f-bd56-a361a6d26098,49,1.6333333333333333,right_knee,0.5,0.5,0.0,540.0,960.0,0.5
f52cfef7-e912-4c1f-bd56-a361a6d26098,49,1.6333333333333333,left_ankle,0.5,0.5,0.0,540.0,960.0,0.5
f52cfef7-e912-4c1f-bd56-a361a6d26098,49,1.6333333333333333,right_ankle,0.5,0.5,0.0,540.0,960.0,0.5
f52cfef7-e912-4c1f-bd56-a361a6d26098,49,1.6333333333333333,left_heel,0.5,0.5,0.0,540.0,960.0,0.5
f52cfef7-e912-4c1f-bd56-a361a6d26098,49,1.6333333333333333,right_heel,0.5,0.5,0.0,540.0,960.0,0.5
f52cfef7-e912-4c1f-bd56-a361a6d26098,49,1.6333333333333333,left_foot_index,0.5,0.5,0.0,540.0,960.0,0.5
f52cfef7-e912-4c1f-bd56-a361a6d26098,49,1.6333333333333333,right_foot_index,0.5,0.5,0.0,540.0,960.0,0.5
f52cfef7-e912-4c1f-bd56-a361a6d26098,50,1.6666666666666667,nose,0.5,0.5,0.0,540.0,960.0,0.5
f52cfef7-e912-4c1f-bd56-a361a6d26098,50,1.6666666666666667,left_shoulder,0.5,0.5,0.0,540.0,960.0,0.5
f52cfef7-e912-4c1f-bd56-a361a6d26098,50,1.6666666666666667,right_shoulder,0.5,0.5,0.0,540.0,960.0,0.5
f52cfef7-e912-4c1f-bd56-a361a6d26098,50,1.6666666666666667,left_elbow,0.5,0.5,0.0,540.0,960.0,0.5
f52cfef7-e912-4c1f-bd56-a361a6d26098,50,1.6666666666666667,right_elbow,0.5,0.5,0.0,540.0,960.0,0.5
f52cfef7-e912-4c1f-bd56-a361a6d26098,50,1.6666666666666667,left_wrist,0.5,0.5,0.0,540.0,960.0,0.5
f52cfef7-e912-4c1f-bd56-a361a6d26098,50,1.6666666666666667,right_wrist,0.5,0.5,0.0,540.0,960.0,0.5
f52cfef7-e912-4c1f-bd56-a361a6d26098,50,1.6666666666666667,left_hip,0.5,0.5,0.0,540.0,960.0,0.5
f52cfef7-e912-4c1f-bd56-a361a6d26098,50,1.6666666666666667,right_hip,0.5,0.5,0.0,540.0,960.0,0.5
f52cfef7-e912-4c1f-bd56-a361a6d26098,50,1.6666666666666667,left_knee,0.5,0.5,0.0,540.0,960.0,0.5
f52cfef7-e912-4c1f-bd56-a361a6d26098,50,1.6666666666666667,right_knee,0.5,0.5,0.0,540.0,960.0,0.5
f52cfef7-e912-4c1f-bd56-a361a6d26098,50,1.6666666666666667,left_ankle,0.5,0.5,0.0,540.0,960.0,0.5
f52cfef7-e912-4c1f-bd56-a361a6d26098,50,1.6666666666666667,right_ankle,0.5,0.5,0.0,540.0,960.0,0.5
f52cfef7-e912-4c1f-bd56-a361a6d26098,50,1.6666666666666667,left_heel,0.5,0.5,0.0,540.0,960.0,0.5
f52cfef7-e912-4c1f-bd56-a361a6d26098,50,1.6666666666666667,right_heel,0.5,0.5,0.0,540.0,960.0,0.5
f52cfef7-e912-4c1f-bd56-a361a6d26098,50,1.6666666666666667,left_foot_index,0.5,0.5,0.0,540.0,960.0,0.5
f52cfef7-e912-4c1f-bd56-a361a6d26098,50,1.6666666666666667,right_foot_index,0.5,0.5,0.0,540.0,960.0,0.5
f52cfef7-e912-4c1f-bd56-a361a6d26098,51,1.7,nose,0.5,0.5,0.0,540.0,960.0,0.5
f52cfef7-e912-4c1f-bd56-a361a6d26098,51,1.7,left_shoulder,0.5,0.5,0.0,540.0,960.0,0.5
f52cfef7-e912-4c1f-bd56-a361a6d26098,51,1.7,right_shoulder,0.5,0.5,0.0,540.0,960.0,0.5
f52cfef7-e912-4c1f-bd56-a361a6d26098,51,1.7,left_elbow,0.5,0.5,0.0,540.0,960.0,0.5
f52cfef7-e912-4c1f-bd56-a361a6d26098,51,1.7,right_elbow,0.5,0.5,0.0,540.0,960.0,0.5
f52cfef7-e912-4c1f-bd56-a361a6d26098,51,1.7,left_wrist,0.5,0.5,0.0,540.0,960.0,0.5
f52cfef7-e912-4c1f-bd56-a361a6d26098,51,1.7,right_wrist,0.5,0.5,0.0,540.0,960.0,0.5
f52cfef7-e912-4c1f-bd56-a361a6d26098,51,1.7,left_hip,0.5,0.5,0.0,540.0,960.0,0.5
f52cfef7-e912-4c1f-bd56-a361a6d26098,51,1.7,right_hip,0.5,0.5,0.0,540.0,960.0,0.5
f52cfef7-e912-4c1f-bd56-a361a6d26098,51,1.7,left_knee,0.5,0.5,0.0,540.0,960.0,0.5
f52cfef7-e912-4c1f-bd56-a361a6d26098,51,1.7,right_knee,0.5,0.5,0.0,540.0,960.0,0.5
f52cfef7-e912-4c1f-bd56-a361a6d26098,51,1.7,left_ankle,0.5,0.5,0.0,540.0,960.0,0.5
f52cfef7-e912-4c1f-bd56-a361a6d26098,51,1.7,right_ankle,0.5,0.5,0.0,540.0,960.0,0.5
f52cfef7-e912-4c1f-bd56-a361a6d26098,51,1.7,left_heel,0.5,0.5,0.0,540.0,960.0,0.5
f52cfef7-e912-4c1f-bd56-a361a6d26098,51,1.7,right_heel,0.5,0.5,0.0,540.0,960.0,0.5
f52cfef7-e912-4c1f-bd56-a361a6d26098,51,1.7,left_foot_index,0.5,0.5,0.0,540.0,960.0,0.5
f52cfef7-e912-4c1f-bd56-a361a6d26098,51,1.7,right_foot_index,0.5,0.5,0.0,540.0,960.0,0.5
f52cfef7-e912-4c1f-bd56-a361a6d26098,52,1.7333333333333334,nose,0.5,0.5,0.0,540.0,960.0,0.5
f52cfef7-e912-4c1f-bd56-a361a6d26098,52,1.7333333333333334,left_shoulder,0.5,0.5,0.0,540.0,960.0,0.5
f52cfef7-e912-4c1f-bd56-a361a6d26098,52,1.7333333333333334,right_shoulder,0.5,0.5,0.0,540.0,960.0,0.5
f52cfef7-e912-4c1f-bd56-a361a6d26098,52,1.7333333333333334,left_elbow,0.5,0.5,0.0,540.0,960.0,0.5
f52cfef7-e912-4c1f-bd56-a361a6d26098,52,1.7333333333333334,right_elbow,0.5,0.5,0.0,540.0,960.0,0.5
f52cfef7-e912-4c1f-bd56-a361a6d26098,52,1.7333333333333334,left_wrist,0.5,0.5,0.0,540.0,960.0,0.5
f52cfef7-e912-4c1f-bd56-a361a6d26098,52,1.7333333333333334,right_wrist,0.5,0.5,0.0,540.0,960.0,0.5
f52cfef7-e912-4c1f-bd56-a361a6d26098,52,1.7333333333333334,left_hip,0.5,0.5,0.0,540.0,960.0,0.5
f52cfef7-e912-4c1f-bd56-a361a6d26098,52,1.7333333333333334,right_hip,0.5,0.5,0.0,540.0,960.0,0.5
f52cfef7-e912-4c1f-bd56-a361a6d26098,52,1.7333333333333334,left_knee,0.5,0.5,0.0,540.0,960.0,0.5
f52cfef7-e912-4c1f-bd56-a361a6d26098,52,1.7333333333333334,right_knee,0.5,0.5,0.0,540.0,960.0,0.5
f52cfef7-e912-4c1f-bd56-a361a6d26098,52,1.7333333333333334,left_ankle,0.5,0.5,0.0,540.0,960.0,0.5
f52cfef7-e912-4c1f-bd56-a361a6d26098,52,1.7333333333333334,right_ankle,0.5,0.5,0.0,540.0,960.0,0.5
f52cfef7-e912-4c1f-bd56-a361a6d26098,52,1.7333333333333334,left_heel,0.5,0.5,0.0,540.0,960.0,0.5
f52cfef7-e912-4c1f-bd56-a361a6d26098,52,1.7333333333333334,right_heel,0.5,0.5,0.0,540.0,960.0,0.5
f52cfef7-e912-4c1f-bd56-a361a6d26098,52,1.7333333333333334,left_foot_index,0.5,0.5,0.0,540.0,960.0,0.5
f52cfef7-e912-4c1f-bd56-a361a6d26098,52,1.7333333333333334,right_foot_index,0.5,0.5,0.0,540.0,960.0,0.5
f52cfef7-e912-4c1f-bd56-a361a6d26098,53,1.7666666666666666,nose,0.5,0.5,0.0,540.0,960.0,0.5
f52cfef7-e912-4c1f-bd56-a361a6d26098,53,1.7666666666666666,left_shoulder,0.5,0.5,0.0,540.0,960.0,0.5
f52cfef7-e912-4c1f-bd56-a361a6d26098,53,1.7666666666666666,right_shoulder,0.5,0.5,0.0,540.0,960.0,0.5
f52cfef7-e912-4c1f-bd56-a361a6d26098,53,1.7666666666666666,left_elbow,0.5,0.5,0.0,540.0,960.0,0.5
f52cfef7-e912-4c1f-bd56-a361a6d26098,53,1.7666666666666666,right_elbow,0.5,0.5,0.0,540.0,960.0,0.5
f52cfef7-e912-4c1f-bd56-a361a6d26098,53,1.7666666666666666,left_wrist,0.5,0.5,0.0,540.0,960.0,0.5
f52cfef7-e912-4c1f-bd56-a361a6d26098,53,1.7666666666666666,right_wrist,0.5,0.5,0.0,540.0,960.0,0.5
f52cfef7-e912-4c1f-bd56-a361a6d26098,53,1.7666666666666666,left_hip,0.5,0.5,0.0,540.0,960.0,0.5
f52cfef7-e912-4c1f-bd56-a361a6d26098,53,1.7666666666666666,right_hip,0.5,0.5,0.0,540.0,960.0,0.5
f52cfef7-e912-4c1f-bd56-a361a6d26098,53,1.7666666666666666,left_knee,0.5,0.5,0.0,540.0,960.0,0.5
f52cfef7-e912-4c1f-bd56-a361a6d26098,53,1.7666666666666666,right_knee,0.5,0.5,0.0,540.0,960.0,0.5
f52cfef7-e912-4c1f-bd56-a361a6d26098,53,1.7666666666666666,left_ankle,0.5,0.5,0.0,540.0,960.0,0.5
f52cfef7-e912-4c1f-bd56-a361a6d26098,53,1.7666666666666666,right_ankle,0.5,0.5,0.0,540.0,960.0,0.5
f52cfef7-e912-4c1f-bd56-a361a6d26098,53,1.7666666666666666,left_heel,0.5,0.5,0.0,540.0,960.0,0.5
f52cfef7-e912-4c1f-bd56-a361a6d26098,53,1.7666666666666666,right_heel,0.5,0.5,0.0,540.0,960.0,0.5
f52cfef7-e912-4c1f-bd56-a361a6d26098,53,1.7666666666666666,left_foot_index,0.5,0.5,0.0,540.0,960.0,0.5
f52cfef7-e912-4c1f-bd56-a361a6d26098,53,1.7666666666666666,right_foot_index,0.5,0.5,0.0,540.0,960.0,0.5
f52cfef7-e912-4c1f-bd56-a361a6d26098,54,1.8,nose,0.5,0.5,0.0,540.0,960.0,0.5
f52cfef7-e912-4c1f-bd56-a361a6d26098,54,1.8,left_shoulder,0.5,0.5,0.0,540.0,960.0,0.5
f52cfef7-e912-4c1f-bd56-a361a6d26098,54,1.8,right_shoulder,0.5,0.5,0.0,540.0,960.0,0.5
f52cfef7-e912-4c1f-bd56-a361a6d26098,54,1.8,left_elbow,0.5,0.5,0.0,540.0,960.0,0.5
f52cfef7-e912-4c1f-bd56-a361a6d26098,54,1.8,right_elbow,0.5,0.5,0.0,540.0,960.0,0.5
f52cfef7-e912-4c1f-bd56-a361a6d26098,54,1.8,left_wrist,0.5,0.5,0.0,540.0,960.0,0.5
f52cfef7-e912-4c1f-bd56-a361a6d26098,54,1.8,right_wrist,0.5,0.5,0.0,540.0,960.0,0.5
f52cfef7-e912-4c1f-bd56-a361a6d26098,54,1.8,left_hip,0.5,0.5,0.0,540.0,960.0,0.5
f52cfef7-e912-4c1f-bd56-a361a6d26098,54,1.8,right_hip,0.5,0.5,0.0,540.0,960.0,0.5
f52cfef7-e912-4c1f-bd56-a361a6d26098,54,1.8,left_knee,0.5,0.5,0.0,540.0,960.0,0.5
f52cfef7-e912-4c1f-bd56-a361a6d26098,54,1.8,right_knee,0.5,0.5,0.0,540.0,960.0,0.5
f52cfef7-e912-4c1f-bd56-a361a6d26098,54,1.8,left_ankle,0.5,0.5,0.0,540.0,960.0,0.5
f52cfef7-e912-4c1f-bd56-a361a6d26098,54,1.8,right_ankle,0.5,0.5,0.0,540.0,960.0,0.5
f52cfef7-e912-4c1f-bd56-a361a6d26098,54,1.8,left_heel,0.5,0.5,0.0,540.0,960.0,0.5
f52cfef7-e912-4c1f-bd56-a361a6d26098,54,1.8,right_heel,0.5,0.5,0.0,540.0,960.0,0.5
f52cfef7-e912-4c1f-bd56-a361a6d26098,54,1.8,left_foot_index,0.5,0.5,0.0,540.0,960.0,0.5
f52cfef7-e912-4c1f-bd56-a361a6d26098,54,1.8,right_foot_index,0.5,0.5,0.0,540.0,960.0,0.5
f52cfef7-e912-4c1f-bd56-a361a6d26098,55,1.8333333333333333,nose,0.5,0.5,0.0,540.0,960.0,0.5
f52cfef7-e912-4c1f-bd56-a361a6d26098,55,1.8333333333333333,left_shoulder,0.5,0.5,0.0,540.0,960.0,0.5
f52cfef7-e912-4c1f-bd56-a361a6d26098,55,1.8333333333333333,right_shoulder,0.5,0.5,0.0,540.0,960.0,0.5
f52cfef7-e912-4c1f-bd56-a361a6d26098,55,1.8333333333333333,left_elbow,0.5,0.5,0.0,540.0,960.0,0.5
f52cfef7-e912-4c1f-bd56-a361a6d26098,55,1.8333333333333333,right_elbow,0.5,0.5,0.0,540.0,960.0,0.5
f52cfef7-e912-4c1f-bd56-a361a6d26098,55,1.8333333333333333,left_wrist,0.5,0.5,0.0,540.0,960.0,0.5
f52cfef7-e912-4c1f-bd56-a361a6d26098,55,1.8333333333333333,right_wrist,0.5,0.5,0.0,540.0,960.0,0.5
f52cfef7-e912-4c1f-bd56-a361a6d26098,55,1.8333333333333333,left_hip,0.5,0.5,0.0,540.0,960.0,0.5
f52cfef7-e912-4c1f-bd56-a361a6d26098,55,1.8333333333333333,right_hip,0.5,0.5,0.0,540.0,960.0,0.5
f52cfef7-e912-4c1f-bd56-a361a6d26098,55,1.8333333333333333,left_knee,0.5,0.5,0.0,540.0,960.0,0.5
f52cfef7-e912-4c1f-bd56-a361a6d26098,55,1.8333333333333333,right_knee,0.5,0.5,0.0,540.0,960.0,0.5
f52cfef7-e912-4c1f-bd56-a361a6d26098,55,1.8333333333333333,left_ankle,0.5,0.5,0.0,540.0,960.0,0.5
f52cfef7-e912-4c1f-bd56-a361a6d26098,55,1.8333333333333333,right_ankle,0.5,0.5,0.0,540.0,960.0,0.5
f52cfef7-e912-4c1f-bd56-a361a6d26098,55,1.8333333333333333,left_heel,0.5,0.5,0.0,540.0,960.0,0.5
f52cfef7-e912-4c1f-bd56-a361a6d26098,55,1.8333333333333333,right_heel,0.5,0.5,0.0,540.0,960.0,0.5
f52cfef7-e912-4c1f-bd56-a361a6d26098,55,1.8333333333333333,left_foot_index,0.5,0.5,0.0,540.0,960.0,0.5
f52cfef7-e912-4c1f-bd56-a361a6d26098,55,1.8333333333333333,right_foot_index,0.5,0.5,0.0,540.0,960.0,0.5
f52cfef7-e912-4c1f-bd56-a361a6d26098,56,1.8666666666666667,nose,0.5,0.5,0.0,540.0,960.0,0.5
f52cfef7-e912-4c1f-bd56-a361a6d26098,56,1.8666666666666667,left_shoulder,0.5,0.5,0.0,540.0,960.0,0.5
f52cfef7-e912-4c1f-bd56-a361a6d26098,56,1.8666666666666667,right_shoulder,0.5,0.5,0.0,540.0,960.0,0.5
f52cfef7-e912-4c1f-bd56-a361a6d26098,56,1.8666666666666667,left_elbow,0.5,0.5,0.0,540.0,960.0,0.5
f52cfef7-e912-4c1f-bd56-a361a6d26098,56,1.8666666666666667,right_elbow,0.5,0.5,0.0,540.0,960.0,0.5
f52cfef7-e912-4c1f-bd56-a361a6d26098,56,1.8666666666666667,left_wrist,0.5,0.5,0.0,540.0,960.0,0.5
f52cfef7-e912-4c1f-bd56-a361a6d26098,56,1.8666666666666667,right_wrist,0.5,0.5,0.0,540.0,960.0,0.5
f52cfef7-e912-4c1f-bd56-a361a6d26098,56,1.8666666666666667,left_hip,0.5,0.5,0.0,540.0,960.0,0.5
f52cfef7-e912-4c1f-bd56-a361a6d26098,56,1.8666666666666667,right_hip,0.5,0.5,0.0,540.0,960.0,0.5
f52cfef7-e912-4c1f-bd56-a361a6d26098,56,1.8666666666666667,left_knee,0.5,0.5,0.0,540.0,960.0,0.5
f52cfef7-e912-4c1f-bd56-a361a6d26098,56,1.8666666666666667,right_knee,0.5,0.5,0.0,540.0,960.0,0.5
f52cfef7-e912-4c1f-bd56-a361a6d26098,56,1.8666666666666667,left_ankle,0.5,0.5,0.0,540.0,960.0,0.5
f52cfef7-e912-4c1f-bd56-a361a6d26098,56,1.8666666666666667,right_ankle,0.5,0.5,0.0,540.0,960.0,0.5
f52cfef7-e912-4c1f-bd56-a361a6d26098,56,1.8666666666666667,left_heel,0.5,0.5,0.0,540.0,960.0,0.5
f52cfef7-e912-4c1f-bd56-a361a6d26098,56,1.8666666666666667,right_heel,0.5,0.5,0.0,540.0,960.0,0.5
f52cfef7-e912-4c1f-bd56-a361a6d26098,56,1.8666666666666667,left_foot_index,0.5,0.5,0.0,540.0,960.0,0.5
f52cfef7-e912-4c1f-bd56-a361a6d26098,56,1.8666666666666667,right_foot_index,0.5,0.5,0.0,540.0,960.0,0.5
f52cfef7-e912-4c1f-bd56-a361a6d26098,57,1.9,nose,0.5,0.5,0.0,540.0,960.0,0.5
f52cfef7-e912-4c1f-bd56-a361a6d26098,57,1.9,left_shoulder,0.5,0.5,0.0,540.0,960.0,0.5
f52cfef7-e912-4c1f-bd56-a361a6d26098,57,1.9,right_shoulder,0.5,0.5,0.0,540.0,960.0,0.5
f52cfef7-e912-4c1f-bd56-a361a6d26098,57,1.9,left_elbow,0.5,0.5,0.0,540.0,960.0,0.5
f52cfef7-e912-4c1f-bd56-a361a6d26098,57,1.9,right_elbow,0.5,0.5,0.0,540.0,960.0,0.5
f52cfef7-e912-4c1f-bd56-a361a6d26098,57,1.9,left_wrist,0.5,0.5,0.0,540.0,960.0,0.5
f52cfef7-e912-4c1f-bd56-a361a6d26098,57,1.9,right_wrist,0.5,0.5,0.0,540.0,960.0,0.5
f52cfef7-e912-4c1f-bd56-a361a6d26098,57,1.9,left_hip,0.5,0.5,0.0,540.0,960.0,0.5
f52cfef7-e912-4c1f-bd56-a361a6d26098,57,1.9,right_hip,0.5,0.5,0.0,540.0,960.0,0.5
f52cfef7-e912-4c1f-bd56-a361a6d26098,57,1.9,left_knee,0.5,0.5,0.0,540.0,960.0,0.5
f52cfef7-e912-4c1f-bd56-a361a6d26098,57,1.9,right_knee,0.5,0.5,0.0,540.0,960.0,0.5
f52cfef7-e912-4c1f-bd56-a361a6d26098,57,1.9,left_ankle,0.5,0.5,0.0,540.0,960.0,0.5
f52cfef7-e912-4c1f-bd56-a361a6d26098,57,1.9,right_ankle,0.5,0.5,0.0,540.0,960.0,0.5
f52cfef7-e912-4c1f-bd56-a361a6d26098,57,1.9,left_heel,0.5,0.5,0.0,540.0,960.0,0.5
f52cfef7-e912-4c1f-bd56-a361a6d26098,57,1.9,right_heel,0.5,0.5,0.0,540.0,960.0,0.5
f52cfef7-e912-4c1f-bd56-a361a6d26098,57,1.9,left_foot_index,0.5,0.5,0.0,540.0,960.0,0.5
f52cfef7-e912-4c1f-bd56-a361a6d26098,57,1.9,right_foot_index,0.5,0.5,0.0,540.0,960.0,0.5
f52cfef7-e912-4c1f-bd56-a361a6d26098,58,1.9333333333333333,nose,0.5,0.5,0.0,540.0,960.0,0.5
f52cfef7-e912-4c1f-bd56-a361a6d26098,58,1.9333333333333333,left_shoulder,0.5,0.5,0.0,540.0,960.0,0.5
f52cfef7-e912-4c1f-bd56-a361a6d26098,58,1.9333333333333333,right_shoulder,0.5,0.5,0.0,540.0,960.0,0.5
f52cfef7-e912-4c1f-bd56-a361a6d26098,58,1.9333333333333333,left_elbow,0.5,0.5,0.0,540.0,960.0,0.5
f52cfef7-e912-4c1f-bd56-a361a6d26098,58,1.9333333333333333,right_elbow,0.5,0.5,0.0,540.0,960.0,0.5
f52cfef7-e912-4c1f-bd56-a361a6d26098,58,1.9333333333333333,left_wrist,0.5,0.5,0.0,540.0,960.0,0.5
f52cfef7-e912-4c1f-bd56-a361a6d26098,58,1.9333333333333333,right_wrist,0.5,0.5,0.0,540.0,960.0,0.5
f52cfef7-e912-4c1f-bd56-a361a6d26098,58,1.9333333333333333,left_hip,0.5,0.5,0.0,540.0,960.0,0.5
f52cfef7-e912-4c1f-bd56-a361a6d26098,58,1.9333333333333333,right_hip,0.5,0.5,0.0,540.0,960.0,0.5
f52cfef7-e912-4c1f-bd56-a361a6d26098,58,1.9333333333333333,left_knee,0.5,0.5,0.0,540.0,960.0,0.5
f52cfef7-e912-4c1f-bd56-a361a6d26098,58,1.9333333333333333,right_knee,0.5,0.5,0.0,540.0,960.0,0.5
f52cfef7-e912-4c1f-bd56-a361a6d26098,58,1.9333333333333333,left_ankle,0.5,0.5,0.0,540.0,960.0,0.5
f52cfef7-e912-4c1f-bd56-a361a6d26098,58,1.9333333333333333,right_ankle,0.5,0.5,0.0,540.0,960.0,0.5
f52cfef7-e912-4c1f-bd56-a361a6d26098,58,1.9333333333333333,left_heel,0.5,0.5,0.0,540.0,960.0,0.5
f52cfef7-e912-4c1f-bd56-a361a6d26098,58,1.9333333333333333,right_heel,0.5,0.5,0.0,540.0,960.0,0.5
f52cfef7-e912-4c1f-bd56-a361a6d26098,58,1.9333333333333333,left_foot_index,0.5,0.5,0.0,540.0,960.0,0.5
f52cfef7-e912-4c1f-bd56-a361a6d26098,58,1.9333333333333333,right_foot_index,0.5,0.5,0.0,540.0,960.0,0.5
f52cfef7-e912-4c1f-bd56-a361a6d26098,59,1.9666666666666666,nose,0.5,0.5,0.0,540.0,960.0,0.5
f52cfef7-e912-4c1f-bd56-a361a6d26098,59,1.9666666666666666,left_shoulder,0.5,0.5,0.0,540.0,960.0,0.5
f52cfef7-e912-4c1f-bd56-a361a6d26098,59,1.9666666666666666,right_shoulder,0.5,0.5,0.0,540.0,960.0,0.5
f52cfef7-e912-4c1f-bd56-a361a6d26098,59,1.9666666666666666,left_elbow,0.5,0.5,0.0,540.0,960.0,0.5
f52cfef7-e912-4c1f-bd56-a361a6d26098,59,1.9666666666666666,right_elbow,0.5,0.5,0.0,540.0,960.0,0.5
f52cfef7-e912-4c1f-bd56-a361a6d26098,59,1.9666666666666666,left_wrist,0.5,0.5,0.0,540.0,960.0,0.5
f52cfef7-e912-4c1f-bd56-a361a6d26098,59,1.9666666666666666,right_wrist,0.5,0.5,0.0,540.0,960.0,0.5
f52cfef7-e912-4c1f-bd56-a361a6d26098,59,1.9666666666666666,left_hip,0.5,0.5,0.0,540.0,960.0,0.5
f52cfef7-e912-4c1f-bd56-a361a6d26098,59,1.9666666666666666,right_hip,0.5,0.5,0.0,540.0,960.0,0.5
f52cfef7-e912-4c1f-bd56-a361a6d26098,59,1.9666666666666666,left_knee,0.5,0.5,0.0,540.0,960.0,0.5
f52cfef7-e912-4c1f-bd56-a361a6d26098,59,1.9666666666666666,right_knee,0.5,0.5,0.0,540.0,960.0,0.5
f52cfef7-e912-4c1f-bd56-a361a6d26098,59,1.9666666666666666,left_ankle,0.5,0.5,0.0,540.0,960.0,0.5
f52cfef7-e912-4c1f-bd56-a361a6d26098,59,1.9666666666666666,right_ankle,0.5,0.5,0.0,540.0,960.0,0.5
f52cfef7-e912-4c1f-bd56-a361a6d26098,59,1.9666666666666666,left_heel,0.5,0.5,0.0,540.0,960.0,0.5
f52cfef7-e912-4c1f-bd56-a361a6d26098,59,1.9666666666666666,right_heel,0.5,0.5,0.0,540.0,960.0,0.5
f52cfef7-e912-4c1f-bd56-a361a6d26098,59,1.9666666666666666,left_foot_index,0.5,0.5,0.0,540.0,960.0,0.5
f52cfef7-e912-4c1f-bd56-a361a6d26098,59,1.9666666666666666,right_foot_index,0.5,0.5,0.0,540.0,960.0,0.5
f52cfef7-e912-4c1f-bd56-a361a6d26098,60,2.0,nose,0.5,0.5,0.0,540.0,960.0,0.5
f52cfef7-e912-4c1f-bd56-a361a6d26098,60,2.0,left_shoulder,0.5,0.5,0.0,540.0,960.0,0.5
f52cfef7-e912-4c1f-bd56-a361a6d26098,60,2.0,right_shoulder,0.5,0.5,0.0,540.0,960.0,0.5
f52cfef7-e912-4c1f-bd56-a361a6d26098,60,2.0,left_elbow,0.5,0.5,0.0,540.0,960.0,0.5
f52cfef7-e912-4c1f-bd56-a361a6d26098,60,2.0,right_elbow,0.5,0.5,0.0,540.0,960.0,0.5
f52cfef7-e912-4c1f-bd56-a361a6d26098,60,2.0,left_wrist,0.5,0.5,0.0,540.0,960.0,0.5
f52cfef7-e912-4c1f-bd56-a361a6d26098,60,2.0,right_wrist,0.5,0.5,0.0,540.0,960.0,0.5
f52cfef7-e912-4c1f-bd56-a361a6d26098,60,2.0,left_hip,0.5,0.5,0.0,540.0,960.0,0.5
f52cfef7-e912-4c1f-bd56-a361a6d26098,60,2.0,right_hip,0.5,0.5,0.0,540.0,960.0,0.5
f52cfef7-e912-4c1f-bd56-a361a6d26098,60,2.0,left_knee,0.5,0.5,0.0,540.0,960.0,0.5
f52cfef7-e912-4c1f-bd56-a361a6d26098,60,2.0,right_knee,0.5,0.5,0.0,540.0,960.0,0.5
f52cfef7-e912-4c1f-bd56-a361a6d26098,60,2.0,left_ankle,0.5,0.5,0.0,540.0,960.0,0.5
f52cfef7-e912-4c1f-bd56-a361a6d26098,60,2.0,right_ankle,0.5,0.5,0.0,540.0,960.0,0.5
f52cfef7-e912-4c1f-bd56-a361a6d26098,60,2.0,left_heel,0.5,0.5,0.0,540.0,960.0,0.5
f52cfef7-e912-4c1f-bd56-a361a6d26098,60,2.0,right_heel,0.5,0.5,0.0,540.0,960.0,0.5
f52cfef7-e912-4c1f-bd56-a361a6d26098,60,2.0,left_foot_index,0.5,0.5,0.0,540.0,960.0,0.5
f52cfef7-e912-4c1f-bd56-a361a6d26098,60,2.0,right_foot_index,0.5,0.5,0.0,540.0,960.0,0.5
f52cfef7-e912-4c1f-bd56-a361a6d26098,61,2.033333333333333,nose,0.5,0.5,0.0,540.0,960.0,0.5
f52cfef7-e912-4c1f-bd56-a361a6d26098,61,2.033333333333333,left_shoulder,0.5,0.5,0.0,540.0,960.0,0.5
f52cfef7-e912-4c1f-bd56-a361a6d26098,61,2.033333333333333,right_shoulder,0.5,0.5,0.0,540.0,960.0,0.5
f52cfef7-e912-4c1f-bd56-a361a6d26098,61,2.033333333333333,left_elbow,0.5,0.5,0.0,540.0,960.0,0.5
f52cfef7-e912-4c1f-bd56-a361a6d26098,61,2.033333333333333,right_elbow,0.5,0.5,0.0,540.0,960.0,0.5
f52cfef7-e912-4c1f-bd56-a361a6d26098,61,2.033333333333333,left_wrist,0.5,0.5,0.0,540.0,960.0,0.5
f52cfef7-e912-4c1f-bd56-a361a6d26098,61,2.033333333333333,right_wrist,0.5,0.5,0.0,540.0,960.0,0.5
f52cfef7-e912-4c1f-bd56-a361a6d26098,61,2.033333333333333,left_hip,0.5,0.5,0.0,540.0,960.0,0.5
f52cfef7-e912-4c1f-bd56-a361a6d26098,61,2.033333333333333,right_hip,0.5,0.5,0.0,540.0,960.0,0.5
f52cfef7-e912-4c1f-bd56-a361a6d26098,61,2.033333333333333,left_knee,0.5,0.5,0.0,540.0,960.0,0.5
f52cfef7-e912-4c1f-bd56-a361a6d26098,61,2.033333333333333,right_knee,0.5,0.5,0.0,540.0,960.0,0.5
f52cfef7-e912-4c1f-bd56-a361a6d26098,61,2.033333333333333,left_ankle,0.5,0.5,0.0,540.0,960.0,0.5
f52cfef7-e912-4c1f-bd56-a361a6d26098,61,2.033333333333333,right_ankle,0.5,0.5,0.0,540.0,960.0,0.5
f52cfef7-e912-4c1f-bd56-a361a6d26098,61,2.033333333333333,left_heel,0.5,0.5,0.0,540.0,960.0,0.5
f52cfef7-e912-4c1f-bd56-a361a6d26098,61,2.033333333333333,right_heel,0.5,0.5,0.0,540.0,960.0,0.5
f52cfef7-e912-4c1f-bd56-a361a6d26098,61,2.033333333333333,left_foot_index,0.5,0.5,0.0,540.0,960.0,0.5
f52cfef7-e912-4c1f-bd56-a361a6d26098,61,2.033333333333333,right_foot_index,0.5,0.5,0.0,540.0,960.0,0.5
f52cfef7-e912-4c1f-bd56-a361a6d26098,62,2.066666666666667,nose,0.5,0.5,0.0,540.0,960.0,0.5
f52cfef7-e912-4c1f-bd56-a361a6d26098,62,2.066666666666667,left_shoulder,0.5,0.5,0.0,540.0,960.0,0.5
f52cfef7-e912-4c1f-bd56-a361a6d26098,62,2.066666666666667,right_shoulder,0.5,0.5,0.0,540.0,960.0,0.5
f52cfef7-e912-4c1f-bd56-a361a6d26098,62,2.066666666666667,left_elbow,0.5,0.5,0.0,540.0,960.0,0.5
f52cfef7-e912-4c1f-bd56-a361a6d26098,62,2.066666666666667,right_elbow,0.5,0.5,0.0,540.0,960.0,0.5
f52cfef7-e912-4c1f-bd56-a361a6d26098,62,2.066666666666667,left_wrist,0.5,0.5,0.0,540.0,960.0,0.5
f52cfef7-e912-4c1f-bd56-a361a6d26098,62,2.066666666666667,right_wrist,0.5,0.5,0.0,540.0,960.0,0.5
f52cfef7-e912-4c1f-bd56-a361a6d26098,62,2.066666666666667,left_hip,0.5,0.5,0.0,540.0,960.0,0.5
f52cfef7-e912-4c1f-bd56-a361a6d26098,62,2.066666666666667,right_hip,0.5,0.5,0.0,540.0,960.0,0.5
f52cfef7-e912-4c1f-bd56-a361a6d26098,62,2.066666666666667,left_knee,0.5,0.5,0.0,540.0,960.0,0.5
f52cfef7-e912-4c1f-bd56-a361a6d26098,62,2.066666666666667,right_knee,0.5,0.5,0.0,540.0,960.0,0.5
f52cfef7-e912-4c1f-bd56-a361a6d26098,62,2.066666666666667,left_ankle,0.5,0.5,0.0,540.0,960.0,0.5
f52cfef7-e912-4c1f-bd56-a361a6d26098,62,2.066666666666667,right_ankle,0.5,0.5,0.0,540.0,960.0,0.5
f52cfef7-e912-4c1f-bd56-a361a6d26098,62,2.066666666666667,left_heel,0.5,0.5,0.0,540.0,960.0,0.5
f52cfef7-e912-4c1f-bd56-a361a6d26098,62,2.066666666666667,right_heel,0.5,0.5,0.0,540.0,960.0,0.5
f52cfef7-e912-4c1f-bd56-a361a6d26098,62,2.066666666666667,left_foot_index,0.5,0.5,0.0,540.0,960.0,0.5
f52cfef7-e912-4c1f-bd56-a361a6d26098,62,2.066666666666667,right_foot_index,0.5,0.5,0.0,540.0,960.0,0.5
f52cfef7-e912-4c1f-bd56-a361a6d26098,63,2.1,nose,0.5,0.5,0.0,540.0,960.0,0.5
f52cfef7-e912-4c1f-bd56-a361a6d26098,63,2.1,left_shoulder,0.5,0.5,0.0,540.0,960.0,0.5
f52cfef7-e912-4c1f-bd56-a361a6d26098,63,2.1,right_shoulder,0.5,0.5,0.0,540.0,960.0,0.5
f52cfef7-e912-4c1f-bd56-a361a6d26098,63,2.1,left_elbow,0.5,0.5,0.0,540.0,960.0,0.5
f52cfef7-e912-4c1f-bd56-a361a6d26098,63,2.1,right_elbow,0.5,0.5,0.0,540.0,960.0,0.5
f52cfef7-e912-4c1f-bd56-a361a6d26098,63,2.1,left_wrist,0.5,0.5,0.0,540.0,960.0,0.5
f52cfef7-e912-4c1f-bd56-a361a6d26098,63,2.1,right_wrist,0.5,0.5,0.0,540.0,960.0,0.5
f52cfef7-e912-4c1f-bd56-a361a6d26098,63,2.1,left_hip,0.5,0.5,0.0,540.0,960.0,0.5
f52cfef7-e912-4c1f-bd56-a361a6d26098,63,2.1,right_hip,0.5,0.5,0.0,540.0,960.0,0.5
f52cfef7-e912-4c1f-bd56-a361a6d26098,63,2.1,left_knee,0.5,0.5,0.0,540.0,960.0,0.5
f52cfef7-e912-4c1f-bd56-a361a6d26098,63,2.1,right_knee,0.5,0.5,0.0,540.0,960.0,0.5
f52cfef7-e912-4c1f-bd56-a361a6d26098,63,2.1,left_ankle,0.5,0.5,0.0,540.0,960.0,0.5
f52cfef7-e912-4c1f-bd56-a361a6d26098,63,2.1,right_ankle,0.5,0.5,0.0,540.0,960.0,0.5
f52cfef7-e912-4c1f-bd56-a361a6d26098,63,2.1,left_heel,0.5,0.5,0.0,540.0,960.0,0.5
f52cfef7-e912-4c1f-bd56-a361a6d26098,63,2.1,right_heel,0.5,0.5,0.0,540.0,960.0,0.5
f52cfef7-e912-4c1f-bd56-a361a6d26098,63,2.1,left_foot_index,0.5,0.5,0.0,540.0,960.0,0.5
f52cfef7-e912-4c1f-bd56-a361a6d26098,63,2.1,right_foot_index,0.5,0.5,0.0,540.0,960.0,0.5
f52cfef7-e912-4c1f-bd56-a361a6d26098,64,2.1333333333333333,nose,0.5,0.5,0.0,540.0,960.0,0.5
f52cfef7-e912-4c1f-bd56-a361a6d26098,64,2.1333333333333333,left_shoulder,0.5,0.5,0.0,540.0,960.0,0.5
f52cfef7-e912-4c1f-bd56-a361a6d26098,64,2.1333333333333333,right_shoulder,0.5,0.5,0.0,540.0,960.0,0.5
f52cfef7-e912-4c1f-bd56-a361a6d26098,64,2.1333333333333333,left_elbow,0.5,0.5,0.0,540.0,960.0,0.5
f52cfef7-e912-4c1f-bd56-a361a6d26098,64,2.1333333333333333,right_elbow,0.5,0.5,0.0,540.0,960.0,0.5
f52cfef7-e912-4c1f-bd56-a361a6d26098,64,2.1333333333333333,left_wrist,0.5,0.5,0.0,540.0,960.0,0.5
f52cfef7-e912-4c1f-bd56-a361a6d26098,64,2.1333333333333333,right_wrist,0.5,0.5,0.0,540.0,960.0,0.5
f52cfef7-e912-4c1f-bd56-a361a6d26098,64,2.1333333333333333,left_hip,0.5,0.5,0.0,540.0,960.0,0.5
f52cfef7-e912-4c1f-bd56-a361a6d26098,64,2.1333333333333333,right_hip,0.5,0.5,0.0,540.0,960.0,0.5
f52cfef7-e912-4c1f-bd56-a361a6d26098,64,2.1333333333333333,left_knee,0.5,0.5,0.0,540.0,960.0,0.5
f52cfef7-e912-4c1f-bd56-a361a6d26098,64,2.1333333333333333,right_knee,0.5,0.5,0.0,540.0,960.0,0.5
f52cfef7-e912-4c1f-bd56-a361a6d26098,64,2.1333333333333333,left_ankle,0.5,0.5,0.0,540.0,960.0,0.5
f52cfef7-e912-4c1f-bd56-a361a6d26098,64,2.1333333333333333,right_ankle,0.5,0.5,0.0,540.0,960.0,0.5
f52cfef7-e912-4c1f-bd56-a361a6d26098,64,2.1333333333333333,left_heel,0.5,0.5,0.0,540.0,960.0,0.5
f52cfef7-e912-4c1f-bd56-a361a6d26098,64,2.1333333333333333,right_heel,0.5,0.5,0.0,540.0,960.0,0.5
f52cfef7-e912-4c1f-bd56-a361a6d26098,64,2.1333333333333333,left_foot_index,0.5,0.5,0.0,540.0,960.0,0.5
f52cfef7-e912-4c1f-bd56-a361a6d26098,64,2.1333333333333333,right_foot_index,0.5,0.5,0.0,540.0,960.0,0.5
f52cfef7-e912-4c1f-bd56-a361a6d26098,65,2.1666666666666665,nose,0.5,0.5,0.0,540.0,960.0,0.5
f52cfef7-e912-4c1f-bd56-a361a6d26098,65,2.1666666666666665,left_shoulder,0.5,0.5,0.0,540.0,960.0,0.5
f52cfef7-e912-4c1f-bd56-a361a6d26098,65,2.1666666666666665,right_shoulder,0.5,0.5,0.0,540.0,960.0,0.5
f52cfef7-e912-4c1f-bd56-a361a6d26098,65,2.1666666666666665,left_elbow,0.5,0.5,0.0,540.0,960.0,0.5
f52cfef7-e912-4c1f-bd56-a361a6d26098,65,2.1666666666666665,right_elbow,0.5,0.5,0.0,540.0,960.0,0.5
f52cfef7-e912-4c1f-bd56-a361a6d26098,65,2.1666666666666665,left_wrist,0.5,0.5,0.0,540.0,960.0,0.5
f52cfef7-e912-4c1f-bd56-a361a6d26098,65,2.1666666666666665,right_wrist,0.5,0.5,0.0,540.0,960.0,0.5
f52cfef7-e912-4c1f-bd56-a361a6d26098,65,2.1666666666666665,left_hip,0.5,0.5,0.0,540.0,960.0,0.5
f52cfef7-e912-4c1f-bd56-a361a6d26098,65,2.1666666666666665,right_hip,0.5,0.5,0.0,540.0,960.0,0.5
f52cfef7-e912-4c1f-bd56-a361a6d26098,65,2.1666666666666665,left_knee,0.5,0.5,0.0,540.0,960.0,0.5
f52cfef7-e912-4c1f-bd56-a361a6d26098,65,2.1666666666666665,right_knee,0.5,0.5,0.0,540.0,960.0,0.5
f52cfef7-e912-4c1f-bd56-a361a6d26098,65,2.1666666666666665,left_ankle,0.5,0.5,0.0,540.0,960.0,0.5
f52cfef7-e912-4c1f-bd56-a361a6d26098,65,2.1666666666666665,right_ankle,0.5,0.5,0.0,540.0,960.0,0.5
f52cfef7-e912-4c1f-bd56-a361a6d26098,65,2.1666666666666665,left_heel,0.5,0.5,0.0,540.0,960.0,0.5
f52cfef7-e912-4c1f-bd56-a361a6d26098,65,2.1666666666666665,right_heel,0.5,0.5,0.0,540.0,960.0,0.5
f52cfef7-e912-4c1f-bd56-a361a6d26098,65,2.1666666666666665,left_foot_index,0.5,0.5,0.0,540.0,960.0,0.5
f52cfef7-e912-4c1f-bd56-a361a6d26098,65,2.1666666666666665,right_foot_index,0.5,0.5,0.0,540.0,960.0,0.5
f52cfef7-e912-4c1f-bd56-a361a6d26098,66,2.2,nose,0.5,0.5,0.0,540.0,960.0,0.5
f52cfef7-e912-4c1f-bd56-a361a6d26098,66,2.2,left_shoulder,0.5,0.5,0.0,540.0,960.0,0.5
f52cfef7-e912-4c1f-bd56-a361a6d26098,66,2.2,right_shoulder,0.5,0.5,0.0,540.0,960.0,0.5
f52cfef7-e912-4c1f-bd56-a361a6d26098,66,2.2,left_elbow,0.5,0.5,0.0,540.0,960.0,0.5
f52cfef7-e912-4c1f-bd56-a361a6d26098,66,2.2,right_elbow,0.5,0.5,0.0,540.0,960.0,0.5
f52cfef7-e912-4c1f-bd56-a361a6d26098,66,2.2,left_wrist,0.5,0.5,0.0,540.0,960.0,0.5
f52cfef7-e912-4c1f-bd56-a361a6d26098,66,2.2,right_wrist,0.5,0.5,0.0,540.0,960.0,0.5
f52cfef7-e912-4c1f-bd56-a361a6d26098,66,2.2,left_hip,0.5,0.5,0.0,540.0,960.0,0.5
f52cfef7-e912-4c1f-bd56-a361a6d26098,66,2.2,right_hip,0.5,0.5,0.0,540.0,960.0,0.5
f52cfef7-e912-4c1f-bd56-a361a6d26098,66,2.2,left_knee,0.5,0.5,0.0,540.0,960.0,0.5
f52cfef7-e912-4c1f-bd56-a361a6d26098,66,2.2,right_knee,0.5,0.5,0.0,540.0,960.0,0.5
f52cfef7-e912-4c1f-bd56-a361a6d26098,66,2.2,left_ankle,0.5,0.5,0.0,540.0,960.0,0.5
f52cfef7-e912-4c1f-bd56-a361a6d26098,66,2.2,right_ankle,0.5,0.5,0.0,540.0,960.0,0.5
f52cfef7-e912-4c1f-bd56-a361a6d26098,66,2.2,left_heel,0.5,0.5,0.0,540.0,960.0,0.5
f52cfef7-e912-4c1f-bd56-a361a6d26098,66,2.2,right_heel,0.5,0.5,0.0,540.0,960.0,0.5
f52cfef7-e912-4c1f-bd56-a361a6d26098,66,2.2,left_foot_index,0.5,0.5,0.0,540.0,960.0,0.5
f52cfef7-e912-4c1f-bd56-a361a6d26098,66,2.2,right_foot_index,0.5,0.5,0.0,540.0,960.0,0.5
f52cfef7-e912-4c1f-bd56-a361a6d26098,67,2.2333333333333334,nose,0.5,0.5,0.0,540.0,960.0,0.5
f52cfef7-e912-4c1f-bd56-a361a6d26098,67,2.2333333333333334,left_shoulder,0.5,0.5,0.0,540.0,960.0,0.5
f52cfef7-e912-4c1f-bd56-a361a6d26098,67,2.2333333333333334,right_shoulder,0.5,0.5,0.0,540.0,960.0,0.5
f52cfef7-e912-4c1f-bd56-a361a6d26098,67,2.2333333333333334,left_elbow,0.5,0.5,0.0,540.0,960.0,0.5
f52cfef7-e912-4c1f-bd56-a361a6d26098,67,2.2333333333333334,right_elbow,0.5,0.5,0.0,540.0,960.0,0.5
f52cfef7-e912-4c1f-bd56-a361a6d26098,67,2.2333333333333334,left_wrist,0.5,0.5,0.0,540.0,960.0,0.5
f52cfef7-e912-4c1f-bd56-a361a6d26098,67,2.2333333333333334,right_wrist,0.5,0.5,0.0,540.0,960.0,0.5
f52cfef7-e912-4c1f-bd56-a361a6d26098,67,2.2333333333333334,left_hip,0.5,0.5,0.0,540.0,960.0,0.5
f52cfef7-e912-4c1f-bd56-a361a6d26098,67,2.2333333333333334,right_hip,0.5,0.5,0.0,540.0,960.0,0.5
f52cfef7-e912-4c1f-bd56-a361a6d26098,67,2.2333333333333334,left_knee,0.5,0.5,0.0,540.0,960.0,0.5
f52cfef7-e912-4c1f-bd56-a361a6d26098,67,2.2333333333333334,right_knee,0.5,0.5,0.0,540.0,960.0,0.5
f52cfef7-e912-4c1f-bd56-a361a6d26098,67,2.2333333333333334,left_ankle,0.5,0.5,0.0,540.0,960.0,0.5
f52cfef7-e912-4c1f-bd56-a361a6d26098,67,2.2333333333333334,right_ankle,0.5,0.5,0.0,540.0,960.0,0.5
f52cfef7-e912-4c1f-bd56-a361a6d26098,67,2.2333333333333334,left_heel,0.5,0.5,0.0,540.0,960.0,0.5
f52cfef7-e912-4c1f-bd56-a361a6d26098,67,2.2333333333333334,right_heel,0.5,0.5,0.0,540.0,960.0,0.5
f52cfef7-e912-4c1f-bd56-a361a6d26098,67,2.2333333333333334,left_foot_index,0.5,0.5,0.0,540.0,960.0,0.5
f52cfef7-e912-4c1f-bd56-a361a6d26098,67,2.2333333333333334,right_foot_index,0.5,0.5,0.0,540.0,960.0,0.5
f52cfef7-e912-4c1f-bd56-a361a6d26098,68,2.2666666666666666,nose,0.5,0.5,0.0,540.0,960.0,0.5
f52cfef7-e912-4c1f-bd56-a361a6d26098,68,2.2666666666666666,left_shoulder,0.5,0.5,0.0,540.0,960.0,0.5
f52cfef7-e912-4c1f-bd56-a361a6d26098,68,2.2666666666666666,right_shoulder,0.5,0.5,0.0,540.0,960.0,0.5
f52cfef7-e912-4c1f-bd56-a361a6d26098,68,2.2666666666666666,left_elbow,0.5,0.5,0.0,540.0,960.0,0.5
f52cfef7-e912-4c1f-bd56-a361a6d26098,68,2.2666666666666666,right_elbow,0.5,0.5,0.0,540.0,960.0,0.5
f52cfef7-e912-4c1f-bd56-a361a6d26098,68,2.2666666666666666,left_wrist,0.5,0.5,0.0,540.0,960.0,0.5
f52cfef7-e912-4c1f-bd56-a361a6d26098,68,2.2666666666666666,right_wrist,0.5,0.5,0.0,540.0,960.0,0.5
f52cfef7-e912-4c1f-bd56-a361a6d26098,68,2.2666666666666666,left_hip,0.5,0.5,0.0,540.0,960.0,0.5
f52cfef7-e912-4c1f-bd56-a361a6d26098,68,2.2666666666666666,right_hip,0.5,0.5,0.0,540.0,960.0,0.5
f52cfef7-e912-4c1f-bd56-a361a6d26098,68,2.2666666666666666,left_knee,0.5,0.5,0.0,540.0,960.0,0.5
f52cfef7-e912-4c1f-bd56-a361a6d26098,68,2.2666666666666666,right_knee,0.5,0.5,0.0,540.0,960.0,0.5
f52cfef7-e912-4c1f-bd56-a361a6d26098,68,2.2666666666666666,left_ankle,0.5,0.5,0.0,540.0,960.0,0.5
f52cfef7-e912-4c1f-bd56-a361a6d26098,68,2.2666666666666666,right_ankle,0.5,0.5,0.0,540.0,960.0,0.5
f52cfef7-e912-4c1f-bd56-a361a6d26098,68,2.2666666666666666,left_heel,0.5,0.5,0.0,540.0,960.0,0.5
f52cfef7-e912-4c1f-bd56-a361a6d26098,68,2.2666666666666666,right_heel,0.5,0.5,0.0,540.0,960.0,0.5
f52cfef7-e912-4c1f-bd56-a361a6d26098,68,2.2666666666666666,left_foot_index,0.5,0.5,0.0,540.0,960.0,0.5
f52cfef7-e912-4c1f-bd56-a361a6d26098,68,2.2666666666666666,right_foot_index,0.5,0.5,0.0,540.0,960.0,0.5
f52cfef7-e912-4c1f-bd56-a361a6d26098,69,2.3,nose,0.5,0.5,0.0,540.0,960.0,0.5
f52cfef7-e912-4c1f-bd56-a361a6d26098,69,2.3,left_shoulder,0.5,0.5,0.0,540.0,960.0,0.5
f52cfef7-e912-4c1f-bd56-a361a6d26098,69,2.3,right_shoulder,0.5,0.5,0.0,540.0,960.0,0.5
f52cfef7-e912-4c1f-bd56-a361a6d26098,69,2.3,left_elbow,0.5,0.5,0.0,540.0,960.0,0.5
f52cfef7-e912-4c1f-bd56-a361a6d26098,69,2.3,right_elbow,0.5,0.5,0.0,540.0,960.0,0.5
f52cfef7-e912-4c1f-bd56-a361a6d26098,69,2.3,left_wrist,0.5,0.5,0.0,540.0,960.0,0.5
f52cfef7-e912-4c1f-bd56-a361a6d26098,69,2.3,right_wrist,0.5,0.5,0.0,540.0,960.0,0.5
f52cfef7-e912-4c1f-bd56-a361a6d26098,69,2.3,left_hip,0.5,0.5,0.0,540.0,960.0,0.5
f52cfef7-e912-4c1f-bd56-a361a6d26098,69,2.3,right_hip,0.5,0.5,0.0,540.0,960.0,0.5
f52cfef7-e912-4c1f-bd56-a361a6d26098,69,2.3,left_knee,0.5,0.5,0.0,540.0,960.0,0.5
f52cfef7-e912-4c1f-bd56-a361a6d26098,69,2.3,right_knee,0.5,0.5,0.0,540.0,960.0,0.5
f52cfef7-e912-4c1f-bd56-a361a6d26098,69,2.3,left_ankle,0.5,0.5,0.0,540.0,960.0,0.5
f52cfef7-e912-4c1f-bd56-a361a6d26098,69,2.3,right_ankle,0.5,0.5,0.0,540.0,960.0,0.5
f52cfef7-e912-4c1f-bd56-a361a6d26098,69,2.3,left_heel,0.5,0.5,0.0,540.0,960.0,0.5
f52cfef7-e912-4c1f-bd56-a361a6d26098,69,2.3,right_heel,0.5,0.5,0.0,540.0,960.0,0.5
f52cfef7-e912-4c1f-bd56-a361a6d26098,69,2.3,left_foot_index,0.5,0.5,0.0,540.0,960.0,0.5
f52cfef7-e912-4c1f-bd56-a361a6d26098,69,2.3,right_foot_index,0.5,0.5,0.0,540.0,960.0,0.5
f52cfef7-e912-4c1f-bd56-a361a6d26098,70,2.3333333333333335,nose,0.5,0.5,0.0,540.0,960.0,0.5
f52cfef7-e912-4c1f-bd56-a361a6d26098,70,2.3333333333333335,left_shoulder,0.5,0.5,0.0,540.0,960.0,0.5
f52cfef7-e912-4c1f-bd56-a361a6d26098,70,2.3333333333333335,right_shoulder,0.5,0.5,0.0,540.0,960.0,0.5
f52cfef7-e912-4c1f-bd56-a361a6d26098,70,2.3333333333333335,left_elbow,0.5,0.5,0.0,540.0,960.0,0.5
f52cfef7-e912-4c1f-bd56-a361a6d26098,70,2.3333333333333335,right_elbow,0.5,0.5,0.0,540.0,960.0,0.5
f52cfef7-e912-4c1f-bd56-a361a6d26098,70,2.3333333333333335,left_wrist,0.5,0.5,0.0,540.0,960.0,0.5
f52cfef7-e912-4c1f-bd56-a361a6d26098,70,2.3333333333333335,right_wrist,0.5,0.5,0.0,540.0,960.0,0.5
f52cfef7-e912-4c1f-bd56-a361a6d26098,70,2.3333333333333335,left_hip,0.5,0.5,0.0,540.0,960.0,0.5
f52cfef7-e912-4c1f-bd56-a361a6d26098,70,2.3333333333333335,right_hip,0.5,0.5,0.0,540.0,960.0,0.5
f52cfef7-e912-4c1f-bd56-a361a6d26098,70,2.3333333333333335,left_knee,0.5,0.5,0.0,540.0,960.0,0.5
f52cfef7-e912-4c1f-bd56-a361a6d26098,70,2.3333333333333335,right_knee,0.5,0.5,0.0,540.0,960.0,0.5
f52cfef7-e912-4c1f-bd56-a361a6d26098,70,2.3333333333333335,left_ankle,0.5,0.5,0.0,540.0,960.0,0.5
f52cfef7-e912-4c1f-bd56-a361a6d26098,70,2.3333333333333335,right_ankle,0.5,0.5,0.0,540.0,960.0,0.5
f52cfef7-e912-4c1f-bd56-a361a6d26098,70,2.3333333333333335,left_heel,0.5,0.5,0.0,540.0,960.0,0.5
f52cfef7-e912-4c1f-bd56-a361a6d26098,70,2.3333333333333335,right_heel,0.5,0.5,0.0,540.0,960.0,0.5
f52cfef7-e912-4c1f-bd56-a361a6d26098,70,2.3333333333333335,left_foot_index,0.5,0.5,0.0,540.0,960.0,0.5
f52cfef7-e912-4c1f-bd56-a361a6d26098,70,2.3333333333333335,right_foot_index,0.5,0.5,0.0,540.0,960.0,0.5
f52cfef7-e912-4c1f-bd56-a361a6d26098,71,2.3666666666666667,nose,0.5,0.5,0.0,540.0,960.0,0.5
f52cfef7-e912-4c1f-bd56-a361a6d26098,71,2.3666666666666667,left_shoulder,0.5,0.5,0.0,540.0,960.0,0.5
f52cfef7-e912-4c1f-bd56-a361a6d26098,71,2.3666666666666667,right_shoulder,0.5,0.5,0.0,540.0,960.0,0.5
f52cfef7-e912-4c1f-bd56-a361a6d26098,71,2.3666666666666667,left_elbow,0.5,0.5,0.0,540.0,960.0,0.5
f52cfef7-e912-4c1f-bd56-a361a6d26098,71,2.3666666666666667,right_elbow,0.5,0.5,0.0,540.0,960.0,0.5
f52cfef7-e912-4c1f-bd56-a361a6d26098,71,2.3666666666666667,left_wrist,0.5,0.5,0.0,540.0,960.0,0.5
f52cfef7-e912-4c1f-bd56-a361a6d26098,71,2.3666666666666667,right_wrist,0.5,0.5,0.0,540.0,960.0,0.5
f52cfef7-e912-4c1f-bd56-a361a6d26098,71,2.3666666666666667,left_hip,0.5,0.5,0.0,540.0,960.0,0.5
f52cfef7-e912-4c1f-bd56-a361a6d26098,71,2.3666666666666667,right_hip,0.5,0.5,0.0,540.0,960.0,0.5
f52cfef7-e912-4c1f-bd56-a361a6d26098,71,2.3666666666666667,left_knee,0.5,0.5,0.0,540.0,960.0,0.5
f52cfef7-e912-4c1f-bd56-a361a6d26098,71,2.3666666666666667,right_knee,0.5,0.5,0.0,540.0,960.0,0.5
f52cfef7-e912-4c1f-bd56-a361a6d26098,71,2.3666666666666667,left_ankle,0.5,0.5,0.0,540.0,960.0,0.5
f52cfef7-e912-4c1f-bd56-a361a6d26098,71,2.3666666666666667,right_ankle,0.5,0.5,0.0,540.0,960.0,0.5
f52cfef7-e912-4c1f-bd56-a361a6d26098,71,2.3666666666666667,left_heel,0.5,0.5,0.0,540.0,960.0,0.5
f52cfef7-e912-4c1f-bd56-a361a6d26098,71,2.3666666666666667,right_heel,0.5,0.5,0.0,540.0,960.0,0.5
f52cfef7-e912-4c1f-bd56-a361a6d26098,71,2.3666666666666667,left_foot_index,0.5,0.5,0.0,540.0,960.0,0.5
f52cfef7-e912-4c1f-bd56-a361a6d26098,71,2.3666666666666667,right_foot_index,0.5,0.5,0.0,540.0,960.0,0.5
f52cfef7-e912-4c1f-bd56-a361a6d26098,72,2.4,nose,0.5,0.5,0.0,540.0,960.0,0.5
f52cfef7-e912-4c1f-bd56-a361a6d26098,72,2.4,left_shoulder,0.5,0.5,0.0,540.0,960.0,0.5
f52cfef7-e912-4c1f-bd56-a361a6d26098,72,2.4,right_shoulder,0.5,0.5,0.0,540.0,960.0,0.5
f52cfef7-e912-4c1f-bd56-a361a6d26098,72,2.4,left_elbow,0.5,0.5,0.0,540.0,960.0,0.5
f52cfef7-e912-4c1f-bd56-a361a6d26098,72,2.4,right_elbow,0.5,0.5,0.0,540.0,960.0,0.5
f52cfef7-e912-4c1f-bd56-a361a6d26098,72,2.4,left_wrist,0.5,0.5,0.0,540.0,960.0,0.5
f52cfef7-e912-4c1f-bd56-a361a6d26098,72,2.4,right_wrist,0.5,0.5,0.0,540.0,960.0,0.5
f52cfef7-e912-4c1f-bd56-a361a6d26098,72,2.4,left_hip,0.5,0.5,0.0,540.0,960.0,0.5
f52cfef7-e912-4c1f-bd56-a361a6d26098,72,2.4,right_hip,0.5,0.5,0.0,540.0,960.0,0.5
f52cfef7-e912-4c1f-bd56-a361a6d26098,72,2.4,left_knee,0.5,0.5,0.0,540.0,960.0,0.5
f52cfef7-e912-4c1f-bd56-a361a6d26098,72,2.4,right_knee,0.5,0.5,0.0,540.0,960.0,0.5
f52cfef7-e912-4c1f-bd56-a361a6d26098,72,2.4,left_ankle,0.5,0.5,0.0,540.0,960.0,0.5
f52cfef7-e912-4c1f-bd56-a361a6d26098,72,2.4,right_ankle,0.5,0.5,0.0,540.0,960.0,0.5
f52cfef7-e912-4c1f-bd56-a361a6d26098,72,2.4,left_heel,0.5,0.5,0.0,540.0,960.0,0.5
f52cfef7-e912-4c1f-bd56-a361a6d26098,72,2.4,right_heel,0.5,0.5,0.0,540.0,960.0,0.5
f52cfef7-e912-4c1f-bd56-a361a6d26098,72,2.4,left_foot_index,0.5,0.5,0.0,540.0,960.0,0.5
f52cfef7-e912-4c1f-bd56-a361a6d26098,72,2.4,right_foot_index,0.5,0.5,0.0,540.0,960.0,0.5
f52cfef7-e912-4c1f-bd56-a361a6d26098,73,2.433333333333333,nose,0.5,0.5,0.0,540.0,960.0,0.5
f52cfef7-e912-4c1f-bd56-a361a6d26098,73,2.433333333333333,left_shoulder,0.5,0.5,0.0,540.0,960.0,0.5
f52cfef7-e912-4c1f-bd56-a361a6d26098,73,2.433333333333333,right_shoulder,0.5,0.5,0.0,540.0,960.0,0.5
f52cfef7-e912-4c1f-bd56-a361a6d26098,73,2.433333333333333,left_elbow,0.5,0.5,0.0,540.0,960.0,0.5
f52cfef7-e912-4c1f-bd56-a361a6d26098,73,2.433333333333333,right_elbow,0.5,0.5,0.0,540.0,960.0,0.5
f52cfef7-e912-4c1f-bd56-a361a6d26098,73,2.433333333333333,left_wrist,0.5,0.5,0.0,540.0,960.0,0.5
f52cfef7-e912-4c1f-bd56-a361a6d26098,73,2.433333333333333,right_wrist,0.5,0.5,0.0,540.0,960.0,0.5
f52cfef7-e912-4c1f-bd56-a361a6d26098,73,2.433333333333333,left_hip,0.5,0.5,0.0,540.0,960.0,0.5
f52cfef7-e912-4c1f-bd56-a361a6d26098,73,2.433333333333333,right_hip,0.5,0.5,0.0,540.0,960.0,0.5
f52cfef7-e912-4c1f-bd56-a361a6d26098,73,2.433333333333333,left_knee,0.5,0.5,0.0,540.0,960.0,0.5
f52cfef7-e912-4c1f-bd56-a361a6d26098,73,2.433333333333333,right_knee,0.5,0.5,0.0,540.0,960.0,0.5
f52cfef7-e912-4c1f-bd56-a361a6d26098,73,2.433333333333333,left_ankle,0.5,0.5,0.0,540.0,960.0,0.5
f52cfef7-e912-4c1f-bd56-a361a6d26098,73,2.433333333333333,right_ankle,0.5,0.5,0.0,540.0,960.0,0.5
f52cfef7-e912-4c1f-bd56-a361a6d26098,73,2.433333333333333,left_heel,0.5,0.5,0.0,540.0,960.0,0.5
f52cfef7-e912-4c1f-bd56-a361a6d26098,73,2.433333333333333,right_heel,0.5,0.5,0.0,540.0,960.0,0.5
f52cfef7-e912-4c1f-bd56-a361a6d26098,73,2.433333333333333,left_foot_index,0.5,0.5,0.0,540.0,960.0,0.5
f52cfef7-e912-4c1f-bd56-a361a6d26098,73,2.433333333333333,right_foot_index,0.5,0.5,0.0,540.0,960.0,0.5
f52cfef7-e912-4c1f-bd56-a361a6d26098,74,2.466666666666667,nose,0.5,0.5,0.0,540.0,960.0,0.5
f52cfef7-e912-4c1f-bd56-a361a6d26098,74,2.466666666666667,left_shoulder,0.5,0.5,0.0,540.0,960.0,0.5
f52cfef7-e912-4c1f-bd56-a361a6d26098,74,2.466666666666667,right_shoulder,0.5,0.5,0.0,540.0,960.0,0.5
f52cfef7-e912-4c1f-bd56-a361a6d26098,74,2.466666666666667,left_elbow,0.5,0.5,0.0,540.0,960.0,0.5
f52cfef7-e912-4c1f-bd56-a361a6d26098,74,2.466666666666667,right_elbow,0.5,0.5,0.0,540.0,960.0,0.5
f52cfef7-e912-4c1f-bd56-a361a6d26098,74,2.466666666666667,left_wrist,0.5,0.5,0.0,540.0,960.0,0.5
f52cfef7-e912-4c1f-bd56-a361a6d26098,74,2.466666666666667,right_wrist,0.5,0.5,0.0,540.0,960.0,0.5
f52cfef7-e912-4c1f-bd56-a361a6d26098,74,2.466666666666667,left_hip,0.5,0.5,0.0,540.0,960.0,0.5
f52cfef7-e912-4c1f-bd56-a361a6d26098,74,2.466666666666667,right_hip,0.5,0.5,0.0,540.0,960.0,0.5
f52cfef7-e912-4c1f-bd56-a361a6d26098,74,2.466666666666667,left_knee,0.5,0.5,0.0,540.0,960.0,0.5
f52cfef7-e912-4c1f-bd56-a361a6d26098,74,2.466666666666667,right_knee,0.5,0.5,0.0,540.0,960.0,0.5
f52cfef7-e912-4c1f-bd56-a361a6d26098,74,2.466666666666667,left_ankle,0.5,0.5,0.0,540.0,960.0,0.5
f52cfef7-e912-4c1f-bd56-a361a6d26098,74,2.466666666666667,right_ankle,0.5,0.5,0.0,540.0,960.0,0.5
f52cfef7-e912-4c1f-bd56-a361a6d26098,74,2.466666666666667,left_heel,0.5,0.5,0.0,540.0,960.0,0.5
f52cfef7-e912-4c1f-bd56-a361a6d26098,74,2.466666666666667,right_heel,0.5,0.5,0.0,540.0,960.0,0.5
f52cfef7-e912-4c1f-bd56-a361a6d26098,74,2.466666666666667,left_foot_index,0.5,0.5,0.0,540.0,960.0,0.5
f52cfef7-e912-4c1f-bd56-a361a6d26098,74,2.466666666666667,right_foot_index,0.5,0.5,0.0,540.0,960.0,0.5
f52cfef7-e912-4c1f-bd56-a361a6d26098,75,2.5,nose,0.5,0.5,0.0,540.0,960.0,0.5
f52cfef7-e912-4c1f-bd56-a361a6d26098,75,2.5,left_shoulder,0.5,0.5,0.0,540.0,960.0,0.5
f52cfef7-e912-4c1f-bd56-a361a6d26098,75,2.5,right_shoulder,0.5,0.5,0.0,540.0,960.0,0.5
f52cfef7-e912-4c1f-bd56-a361a6d26098,75,2.5,left_elbow,0.5,0.5,0.0,540.0,960.0,0.5
f52cfef7-e912-4c1f-bd56-a361a6d26098,75,2.5,right_elbow,0.5,0.5,0.0,540.0,960.0,0.5
f52cfef7-e912-4c1f-bd56-a361a6d26098,75,2.5,left_wrist,0.5,0.5,0.0,540.0,960.0,0.5
f52cfef7-e912-4c1f-bd56-a361a6d26098,75,2.5,right_wrist,0.5,0.5,0.0,540.0,960.0,0.5
f52cfef7-e912-4c1f-bd56-a361a6d26098,75,2.5,left_hip,0.5,0.5,0.0,540.0,960.0,0.5
f52cfef7-e912-4c1f-bd56-a361a6d26098,75,2.5,right_hip,0.5,0.5,0.0,540.0,960.0,0.5
f52cfef7-e912-4c1f-bd56-a361a6d26098,75,2.5,left_knee,0.5,0.5,0.0,540.0,960.0,0.5
f52cfef7-e912-4c1f-bd56-a361a6d26098,75,2.5,right_knee,0.5,0.5,0.0,540.0,960.0,0.5
f52cfef7-e912-4c1f-bd56-a361a6d26098,75,2.5,left_ankle,0.5,0.5,0.0,540.0,960.0,0.5
f52cfef7-e912-4c1f-bd56-a361a6d26098,75,2.5,right_ankle,0.5,0.5,0.0,540.0,960.0,0.5
f52cfef7-e912-4c1f-bd56-a361a6d26098,75,2.5,left_heel,0.5,0.5,0.0,540.0,960.0,0.5
f52cfef7-e912-4c1f-bd56-a361a6d26098,75,2.5,right_heel,0.5,0.5,0.0,540.0,960.0,0.5
f52cfef7-e912-4c1f-bd56-a361a6d26098,75,2.5,left_foot_index,0.5,0.5,0.0,540.0,960.0,0.5
f52cfef7-e912-4c1f-bd56-a361a6d26098,75,2.5,right_foot_index,0.5,0.5,0.0,540.0,960.0,0.5
f52cfef7-e912-4c1f-bd56-a361a6d26098,76,2.533333333333333,nose,0.5,0.5,0.0,540.0,960.0,0.5
f52cfef7-e912-4c1f-bd56-a361a6d26098,76,2.533333333333333,left_shoulder,0.5,0.5,0.0,540.0,960.0,0.5
f52cfef7-e912-4c1f-bd56-a361a6d26098,76,2.533333333333333,right_shoulder,0.5,0.5,0.0,540.0,960.0,0.5
f52cfef7-e912-4c1f-bd56-a361a6d26098,76,2.533333333333333,left_elbow,0.5,0.5,0.0,540.0,960.0,0.5
f52cfef7-e912-4c1f-bd56-a361a6d26098,76,2.533333333333333,right_elbow,0.5,0.5,0.0,540.0,960.0,0.5
f52cfef7-e912-4c1f-bd56-a361a6d26098,76,2.533333333333333,left_wrist,0.5,0.5,0.0,540.0,960.0,0.5
f52cfef7-e912-4c1f-bd56-a361a6d26098,76,2.533333333333333,right_wrist,0.5,0.5,0.0,540.0,960.0,0.5
f52cfef7-e912-4c1f-bd56-a361a6d26098,76,2.533333333333333,left_hip,0.5,0.5,0.0,540.0,960.0,0.5
f52cfef7-e912-4c1f-bd56-a361a6d26098,76,2.533333333333333,right_hip,0.5,0.5,0.0,540.0,960.0,0.5
f52cfef7-e912-4c1f-bd56-a361a6d26098,76,2.533333333333333,left_knee,0.5,0.5,0.0,540.0,960.0,0.5
f52cfef7-e912-4c1f-bd56-a361a6d26098,76,2.533333333333333,right_knee,0.5,0.5,0.0,540.0,960.0,0.5
f52cfef7-e912-4c1f-bd56-a361a6d26098,76,2.533333333333333,left_ankle,0.5,0.5,0.0,540.0,960.0,0.5
f52cfef7-e912-4c1f-bd56-a361a6d26098,76,2.533333333333333,right_ankle,0.5,0.5,0.0,540.0,960.0,0.5
f52cfef7-e912-4c1f-bd56-a361a6d26098,76,2.533333333333333,left_heel,0.5,0.5,0.0,540.0,960.0,0.5
f52cfef7-e912-4c1f-bd56-a361a6d26098,76,2.533333333333333,right_heel,0.5,0.5,0.0,540.0,960.0,0.5
f52cfef7-e912-4c1f-bd56-a361a6d26098,76,2.533333333333333,left_foot_index,0.5,0.5,0.0,540.0,960.0,0.5
f52cfef7-e912-4c1f-bd56-a361a6d26098,76,2.533333333333333,right_foot_index,0.5,0.5,0.0,540.0,960.0,0.5
f52cfef7-e912-4c1f-bd56-a361a6d26098,77,2.566666666666667,nose,0.5,0.5,0.0,540.0,960.0,0.5
f52cfef7-e912-4c1f-bd56-a361a6d26098,77,2.566666666666667,left_shoulder,0.5,0.5,0.0,540.0,960.0,0.5
f52cfef7-e912-4c1f-bd56-a361a6d26098,77,2.566666666666667,right_shoulder,0.5,0.5,0.0,540.0,960.0,0.5
f52cfef7-e912-4c1f-bd56-a361a6d26098,77,2.566666666666667,left_elbow,0.5,0.5,0.0,540.0,960.0,0.5
f52cfef7-e912-4c1f-bd56-a361a6d26098,77,2.566666666666667,right_elbow,0.5,0.5,0.0,540.0,960.0,0.5
f52cfef7-e912-4c1f-bd56-a361a6d26098,77,2.566666666666667,left_wrist,0.5,0.5,0.0,540.0,960.0,0.5
f52cfef7-e912-4c1f-bd56-a361a6d26098,77,2.566666666666667,right_wrist,0.5,0.5,0.0,540.0,960.0,0.5
f52cfef7-e912-4c1f-bd56-a361a6d26098,77,2.566666666666667,left_hip,0.5,0.5,0.0,540.0,960.0,0.5
f52cfef7-e912-4c1f-bd56-a361a6d26098,77,2.566666666666667,right_hip,0.5,0.5,0.0,540.0,960.0,0.5
f52cfef7-e912-4c1f-bd56-a361a6d26098,77,2.566666666666667,left_knee,0.5,0.5,0.0,540.0,960.0,0.5
f52cfef7-e912-4c1f-bd56-a361a6d26098,77,2.566666666666667,right_knee,0.5,0.5,0.0,540.0,960.0,0.5
f52cfef7-e912-4c1f-bd56-a361a6d26098,77,2.566666666666667,left_ankle,0.5,0.5,0.0,540.0,960.0,0.5
f52cfef7-e912-4c1f-bd56-a361a6d26098,77,2.566666666666667,right_ankle,0.5,0.5,0.0,540.0,960.0,0.5
f52cfef7-e912-4c1f-bd56-a361a6d26098,77,2.566666666666667,left_heel,0.5,0.5,0.0,540.0,960.0,0.5
f52cfef7-e912-4c1f-bd56-a361a6d26098,77,2.566666666666667,right_heel,0.5,0.5,0.0,540.0,960.0,0.5
f52cfef7-e912-4c1f-bd56-a361a6d26098,77,2.566666666666667,left_foot_index,0.5,0.5,0.0,540.0,960.0,0.5
f52cfef7-e912-4c1f-bd56-a361a6d26098,77,2.566666666666667,right_foot_index,0.5,0.5,0.0,540.0,960.0,0.5
f52cfef7-e912-4c1f-bd56-a361a6d26098,78,2.6,nose,0.5,0.5,0.0,540.0,960.0,0.5
f52cfef7-e912-4c1f-bd56-a361a6d26098,78,2.6,left_shoulder,0.5,0.5,0.0,540.0,960.0,0.5
f52cfef7-e912-4c1f-bd56-a361a6d26098,78,2.6,right_shoulder,0.5,0.5,0.0,540.0,960.0,0.5
f52cfef7-e912-4c1f-bd56-a361a6d26098,78,2.6,left_elbow,0.5,0.5,0.0,540.0,960.0,0.5
f52cfef7-e912-4c1f-bd56-a361a6d26098,78,2.6,right_elbow,0.5,0.5,0.0,540.0,960.0,0.5
f52cfef7-e912-4c1f-bd56-a361a6d26098,78,2.6,left_wrist,0.5,0.5,0.0,540.0,960.0,0.5
f52cfef7-e912-4c1f-bd56-a361a6d26098,78,2.6,right_wrist,0.5,0.5,0.0,540.0,960.0,0.5
f52cfef7-e912-4c1f-bd56-a361a6d26098,78,2.6,left_hip,0.5,0.5,0.0,540.0,960.0,0.5
f52cfef7-e912-4c1f-bd56-a361a6d26098,78,2.6,right_hip,0.5,0.5,0.0,540.0,960.0,0.5
f52cfef7-e912-4c1f-bd56-a361a6d26098,78,2.6,left_knee,0.5,0.5,0.0,540.0,960.0,0.5
f52cfef7-e912-4c1f-bd56-a361a6d26098,78,2.6,right_knee,0.5,0.5,0.0,540.0,960.0,0.5
f52cfef7-e912-4c1f-bd56-a361a6d26098,78,2.6,left_ankle,0.5,0.5,0.0,540.0,960.0,0.5
f52cfef7-e912-4c1f-bd56-a361a6d26098,78,2.6,right_ankle,0.5,0.5,0.0,540.0,960.0,0.5
f52cfef7-e912-4c1f-bd56-a361a6d26098,78,2.6,left_heel,0.5,0.5,0.0,540.0,960.0,0.5
f52cfef7-e912-4c1f-bd56-a361a6d26098,78,2.6,right_heel,0.5,0.5,0.0,540.0,960.0,0.5
f52cfef7-e912-4c1f-bd56-a361a6d26098,78,2.6,left_foot_index,0.5,0.5,0.0,540.0,960.0,0.5
f52cfef7-e912-4c1f-bd56-a361a6d26098,78,2.6,right_foot_index,0.5,0.5,0.0,540.0,960.0,0.5
f52cfef7-e912-4c1f-bd56-a361a6d26098,79,2.6333333333333333,nose,0.5,0.5,0.0,540.0,960.0,0.5
f52cfef7-e912-4c1f-bd56-a361a6d26098,79,2.6333333333333333,left_shoulder,0.5,0.5,0.0,540.0,960.0,0.5
f52cfef7-e912-4c1f-bd56-a361a6d26098,79,2.6333333333333333,right_shoulder,0.5,0.5,0.0,540.0,960.0,0.5
f52cfef7-e912-4c1f-bd56-a361a6d26098,79,2.6333333333333333,left_elbow,0.5,0.5,0.0,540.0,960.0,0.5
f52cfef7-e912-4c1f-bd56-a361a6d26098,79,2.6333333333333333,right_elbow,0.5,0.5,0.0,540.0,960.0,0.5
f52cfef7-e912-4c1f-bd56-a361a6d26098,79,2.6333333333333333,left_wrist,0.5,0.5,0.0,540.0,960.0,0.5
f52cfef7-e912-4c1f-bd56-a361a6d26098,79,2.6333333333333333,right_wrist,0.5,0.5,0.0,540.0,960.0,0.5
f52cfef7-e912-4c1f-bd56-a361a6d26098,79,2.6333333333333333,left_hip,0.5,0.5,0.0,540.0,960.0,0.5
f52cfef7-e912-4c1f-bd56-a361a6d26098,79,2.6333333333333333,right_hip,0.5,0.5,0.0,540.0,960.0,0.5
f52cfef7-e912-4c1f-bd56-a361a6d26098,79,2.6333333333333333,left_knee,0.5,0.5,0.0,540.0,960.0,0.5
f52cfef7-e912-4c1f-bd56-a361a6d26098,79,2.6333333333333333,right_knee,0.5,0.5,0.0,540.0,960.0,0.5
f52cfef7-e912-4c1f-bd56-a361a6d26098,79,2.6333333333333333,left_ankle,0.5,0.5,0.0,540.0,960.0,0.5
f52cfef7-e912-4c1f-bd56-a361a6d26098,79,2.6333333333333333,right_ankle,0.5,0.5,0.0,540.0,960.0,0.5
f52cfef7-e912-4c1f-bd56-a361a6d26098,79,2.6333333333333333,left_heel,0.5,0.5,0.0,540.0,960.0,0.5
f52cfef7-e912-4c1f-bd56-a361a6d26098,79,2.6333333333333333,right_heel,0.5,0.5,0.0,540.0,960.0,0.5
f52cfef7-e912-4c1f-bd56-a361a6d26098,79,2.6333333333333333,left_foot_index,0.5,0.5,0.0,540.0,960.0,0.5
f52cfef7-e912-4c1f-bd56-a361a6d26098,79,2.6333333333333333,right_foot_index,0.5,0.5,0.0,540.0,960.0,0.5
f52cfef7-e912-4c1f-bd56-a361a6d26098,80,2.6666666666666665,nose,0.5,0.5,0.0,540.0,960.0,0.5
f52cfef7-e912-4c1f-bd56-a361a6d26098,80,2.6666666666666665,left_shoulder,0.5,0.5,0.0,540.0,960.0,0.5
f52cfef7-e912-4c1f-bd56-a361a6d26098,80,2.6666666666666665,right_shoulder,0.5,0.5,0.0,540.0,960.0,0.5
f52cfef7-e912-4c1f-bd56-a361a6d26098,80,2.6666666666666665,left_elbow,0.5,0.5,0.0,540.0,960.0,0.5
f52cfef7-e912-4c1f-bd56-a361a6d26098,80,2.6666666666666665,right_elbow,0.5,0.5,0.0,540.0,960.0,0.5
f52cfef7-e912-4c1f-bd56-a361a6d26098,80,2.6666666666666665,left_wrist,0.5,0.5,0.0,540.0,960.0,0.5
f52cfef7-e912-4c1f-bd56-a361a6d26098,80,2.6666666666666665,right_wrist,0.5,0.5,0.0,540.0,960.0,0.5
f52cfef7-e912-4c1f-bd56-a361a6d26098,80,2.6666666666666665,left_hip,0.5,0.5,0.0,540.0,960.0,0.5
f52cfef7-e912-4c1f-bd56-a361a6d26098,80,2.6666666666666665,right_hip,0.5,0.5,0.0,540.0,960.0,0.5
f52cfef7-e912-4c1f-bd56-a361a6d26098,80,2.6666666666666665,left_knee,0.5,0.5,0.0,540.0,960.0,0.5
f52cfef7-e912-4c1f-bd56-a361a6d26098,80,2.6666666666666665,right_knee,0.5,0.5,0.0,540.0,960.0,0.5
f52cfef7-e912-4c1f-bd56-a361a6d26098,80,2.6666666666666665,left_ankle,0.5,0.5,0.0,540.0,960.0,0.5
f52cfef7-e912-4c1f-bd56-a361a6d26098,80,2.6666666666666665,right_ankle,0.5,0.5,0.0,540.0,960.0,0.5
f52cfef7-e912-4c1f-bd56-a361a6d26098,80,2.6666666666666665,left_heel,0.5,0.5,0.0,540.0,960.0,0.5
f52cfef7-e912-4c1f-bd56-a361a6d26098,80,2.6666666666666665,right_heel,0.5,0.5,0.0,540.0,960.0,0.5
f52cfef7-e912-4c1f-bd56-a361a6d26098,80,2.6666666666666665,left_foot_index,0.5,0.5,0.0,540.0,960.0,0.5
f52cfef7-e912-4c1f-bd56-a361a6d26098,80,2.6666666666666665,right_foot_index,0.5,0.5,0.0,540.0,960.0,0.5
f52cfef7-e912-4c1f-bd56-a361a6d26098,81,2.7,nose,0.5,0.5,0.0,540.0,960.0,0.5
f52cfef7-e912-4c1f-bd56-a361a6d26098,81,2.7,left_shoulder,0.5,0.5,0.0,540.0,960.0,0.5
f52cfef7-e912-4c1f-bd56-a361a6d26098,81,2.7,right_shoulder,0.5,0.5,0.0,540.0,960.0,0.5
f52cfef7-e912-4c1f-bd56-a361a6d26098,81,2.7,left_elbow,0.5,0.5,0.0,540.0,960.0,0.5
f52cfef7-e912-4c1f-bd56-a361a6d26098,81,2.7,right_elbow,0.5,0.5,0.0,540.0,960.0,0.5
f52cfef7-e912-4c1f-bd56-a361a6d26098,81,2.7,left_wrist,0.5,0.5,0.0,540.0,960.0,0.5
f52cfef7-e912-4c1f-bd56-a361a6d26098,81,2.7,right_wrist,0.5,0.5,0.0,540.0,960.0,0.5
f52cfef7-e912-4c1f-bd56-a361a6d26098,81,2.7,left_hip,0.5,0.5,0.0,540.0,960.0,0.5
f52cfef7-e912-4c1f-bd56-a361a6d26098,81,2.7,right_hip,0.5,0.5,0.0,540.0,960.0,0.5
f52cfef7-e912-4c1f-bd56-a361a6d26098,81,2.7,left_knee,0.5,0.5,0.0,540.0,960.0,0.5
f52cfef7-e912-4c1f-bd56-a361a6d26098,81,2.7,right_knee,0.5,0.5,0.0,540.0,960.0,0.5
f52cfef7-e912-4c1f-bd56-a361a6d26098,81,2.7,left_ankle,0.5,0.5,0.0,540.0,960.0,0.5
f52cfef7-e912-4c1f-bd56-a361a6d26098,81,2.7,right_ankle,0.5,0.5,0.0,540.0,960.0,0.5
f52cfef7-e912-4c1f-bd56-a361a6d26098,81,2.7,left_heel,0.5,0.5,0.0,540.0,960.0,0.5
f52cfef7-e912-4c1f-bd56-a361a6d26098,81,2.7,right_heel,0.5,0.5,0.0,540.0,960.0,0.5
f52cfef7-e912-4c1f-bd56-a361a6d26098,81,2.7,left_foot_index,0.5,0.5,0.0,540.0,960.0,0.5
f52cfef7-e912-4c1f-bd56-a361a6d26098,81,2.7,right_foot_index,0.5,0.5,0.0,540.0,960.0,0.5
f52cfef7-e912-4c1f-bd56-a361a6d26098,82,2.7333333333333334,nose,0.5,0.5,0.0,540.0,960.0,0.5
f52cfef7-e912-4c1f-bd56-a361a6d26098,82,2.7333333333333334,left_shoulder,0.5,0.5,0.0,540.0,960.0,0.5
f52cfef7-e912-4c1f-bd56-a361a6d26098,82,2.7333333333333334,right_shoulder,0.5,0.5,0.0,540.0,960.0,0.5
f52cfef7-e912-4c1f-bd56-a361a6d26098,82,2.7333333333333334,left_elbow,0.5,0.5,0.0,540.0,960.0,0.5
f52cfef7-e912-4c1f-bd56-a361a6d26098,82,2.7333333333333334,right_elbow,0.5,0.5,0.0,540.0,960.0,0.5
f52cfef7-e912-4c1f-bd56-a361a6d26098,82,2.7333333333333334,left_wrist,0.5,0.5,0.0,540.0,960.0,0.5
f52cfef7-e912-4c1f-bd56-a361a6d26098,82,2.7333333333333334,right_wrist,0.5,0.5,0.0,540.0,960.0,0.5
f52cfef7-e912-4c1f-bd56-a361a6d26098,82,2.7333333333333334,left_hip,0.5,0.5,0.0,540.0,960.0,0.5
f52cfef7-e912-4c1f-bd56-a361a6d26098,82,2.7333333333333334,right_hip,0.5,0.5,0.0,540.0,960.0,0.5
f52cfef7-e912-4c1f-bd56-a361a6d26098,82,2.7333333333333334,left_knee,0.5,0.5,0.0,540.0,960.0,0.5
f52cfef7-e912-4c1f-bd56-a361a6d26098,82,2.7333333333333334,right_knee,0.5,0.5,0.0,540.0,960.0,0.5
f52cfef7-e912-4c1f-bd56-a361a6d26098,82,2.7333333333333334,left_ankle,0.5,0.5,0.0,540.0,960.0,0.5
f52cfef7-e912-4c1f-bd56-a361a6d26098,82,2.7333333333333334,right_ankle,0.5,0.5,0.0,540.0,960.0,0.5
f52cfef7-e912-4c1f-bd56-a361a6d26098,82,2.7333333333333334,left_heel,0.5,0.5,0.0,540.0,960.0,0.5
f52cfef7-e912-4c1f-bd56-a361a6d26098,82,2.7333333333333334,right_heel,0.5,0.5,0.0,540.0,960.0,0.5
f52cfef7-e912-4c1f-bd56-a361a6d26098,82,2.7333333333333334,left_foot_index,0.5,0.5,0.0,540.0,960.0,0.5
f52cfef7-e912-4c1f-bd56-a361a6d26098,82,2.7333333333333334,right_foot_index,0.5,0.5,0.0,540.0,960.0,0.5
f52cfef7-e912-4c1f-bd56-a361a6d26098,83,2.7666666666666666,nose,0.5,0.5,0.0,540.0,960.0,0.5
f52cfef7-e912-4c1f-bd56-a361a6d26098,83,2.7666666666666666,left_shoulder,0.5,0.5,0.0,540.0,960.0,0.5
f52cfef7-e912-4c1f-bd56-a361a6d26098,83,2.7666666666666666,right_shoulder,0.5,0.5,0.0,540.0,960.0,0.5
f52cfef7-e912-4c1f-bd56-a361a6d26098,83,2.7666666666666666,left_elbow,0.5,0.5,0.0,540.0,960.0,0.5
f52cfef7-e912-4c1f-bd56-a361a6d26098,83,2.7666666666666666,right_elbow,0.5,0.5,0.0,540.0,960.0,0.5
f52cfef7-e912-4c1f-bd56-a361a6d26098,83,2.7666666666666666,left_wrist,0.5,0.5,0.0,540.0,960.0,0.5
f52cfef7-e912-4c1f-bd56-a361a6d26098,83,2.7666666666666666,right_wrist,0.5,0.5,0.0,540.0,960.0,0.5
f52cfef7-e912-4c1f-bd56-a361a6d26098,83,2.7666666666666666,left_hip,0.5,0.5,0.0,540.0,960.0,0.5
f52cfef7-e912-4c1f-bd56-a361a6d26098,83,2.7666666666666666,right_hip,0.5,0.5,0.0,540.0,960.0,0.5
f52cfef7-e912-4c1f-bd56-a361a6d26098,83,2.7666666666666666,left_knee,0.5,0.5,0.0,540.0,960.0,0.5
f52cfef7-e912-4c1f-bd56-a361a6d26098,83,2.7666666666666666,right_knee,0.5,0.5,0.0,540.0,960.0,0.5
f52cfef7-e912-4c1f-bd56-a361a6d26098,83,2.7666666666666666,left_ankle,0.5,0.5,0.0,540.0,960.0,0.5
f52cfef7-e912-4c1f-bd56-a361a6d26098,83,2.7666666666666666,right_ankle,0.5,0.5,0.0,540.0,960.0,0.5
f52cfef7-e912-4c1f-bd56-a361a6d26098,83,2.7666666666666666,left_heel,0.5,0.5,0.0,540.0,960.0,0.5
f52cfef7-e912-4c1f-bd56-a361a6d26098,83,2.7666666666666666,right_heel,0.5,0.5,0.0,540.0,960.0,0.5
f52cfef7-e912-4c1f-bd56-a361a6d26098,83,2.7666666666666666,left_foot_index,0.5,0.5,0.0,540.0,960.0,0.5
f52cfef7-e912-4c1f-bd56-a361a6d26098,83,2.7666666666666666,right_foot_index,0.5,0.5,0.0,540.0,960.0,0.5
f52cfef7-e912-4c1f-bd56-a361a6d26098,84,2.8,nose,0.5,0.5,0.0,540.0,960.0,0.5
f52cfef7-e912-4c1f-bd56-a361a6d26098,84,2.8,left_shoulder,0.5,0.5,0.0,540.0,960.0,0.5
f52cfef7-e912-4c1f-bd56-a361a6d26098,84,2.8,right_shoulder,0.5,0.5,0.0,540.0,960.0,0.5
f52cfef7-e912-4c1f-bd56-a361a6d26098,84,2.8,left_elbow,0.5,0.5,0.0,540.0,960.0,0.5
f52cfef7-e912-4c1f-bd56-a361a6d26098,84,2.8,right_elbow,0.5,0.5,0.0,540.0,960.0,0.5
f52cfef7-e912-4c1f-bd56-a361a6d26098,84,2.8,left_wrist,0.5,0.5,0.0,540.0,960.0,0.5
f52cfef7-e912-4c1f-bd56-a361a6d26098,84,2.8,right_wrist,0.5,0.5,0.0,540.0,960.0,0.5
f52cfef7-e912-4c1f-bd56-a361a6d26098,84,2.8,left_hip,0.5,0.5,0.0,540.0,960.0,0.5
f52cfef7-e912-4c1f-bd56-a361a6d26098,84,2.8,right_hip,0.5,0.5,0.0,540.0,960.0,0.5
f52cfef7-e912-4c1f-bd56-a361a6d26098,84,2.8,left_knee,0.5,0.5,0.0,540.0,960.0,0.5
f52cfef7-e912-4c1f-bd56-a361a6d26098,84,2.8,right_knee,0.5,0.5,0.0,540.0,960.0,0.5
f52cfef7-e912-4c1f-bd56-a361a6d26098,84,2.8,left_ankle,0.5,0.5,0.0,540.0,960.0,0.5
f52cfef7-e912-4c1f-bd56-a361a6d26098,84,2.8,right_ankle,0.5,0.5,0.0,540.0,960.0,0.5
f52cfef7-e912-4c1f-bd56-a361a6d26098,84,2.8,left_heel,0.5,0.5,0.0,540.0,960.0,0.5
f52cfef7-e912-4c1f-bd56-a361a6d26098,84,2.8,right_heel,0.5,0.5,0.0,540.0,960.0,0.5
f52cfef7-e912-4c1f-bd56-a361a6d26098,84,2.8,left_foot_index,0.5,0.5,0.0,540.0,960.0,0.5
f52cfef7-e912-4c1f-bd56-a361a6d26098,84,2.8,right_foot_index,0.5,0.5,0.0,540.0,960.0,0.5
f52cfef7-e912-4c1f-bd56-a361a6d26098,85,2.8333333333333335,nose,0.5,0.5,0.0,540.0,960.0,0.5
f52cfef7-e912-4c1f-bd56-a361a6d26098,85,2.8333333333333335,left_shoulder,0.5,0.5,0.0,540.0,960.0,0.5
f52cfef7-e912-4c1f-bd56-a361a6d26098,85,2.8333333333333335,right_shoulder,0.5,0.5,0.0,540.0,960.0,0.5
f52cfef7-e912-4c1f-bd56-a361a6d26098,85,2.8333333333333335,left_elbow,0.5,0.5,0.0,540.0,960.0,0.5
f52cfef7-e912-4c1f-bd56-a361a6d26098,85,2.8333333333333335,right_elbow,0.5,0.5,0.0,540.0,960.0,0.5
f52cfef7-e912-4c1f-bd56-a361a6d26098,85,2.8333333333333335,left_wrist,0.5,0.5,0.0,540.0,960.0,0.5
f52cfef7-e912-4c1f-bd56-a361a6d26098,85,2.8333333333333335,right_wrist,0.5,0.5,0.0,540.0,960.0,0.5
f52cfef7-e912-4c1f-bd56-a361a6d26098,85,2.8333333333333335,left_hip,0.5,0.5,0.0,540.0,960.0,0.5
f52cfef7-e912-4c1f-bd56-a361a6d26098,85,2.8333333333333335,right_hip,0.5,0.5,0.0,540.0,960.0,0.5
f52cfef7-e912-4c1f-bd56-a361a6d26098,85,2.8333333333333335,left_knee,0.5,0.5,0.0,540.0,960.0,0.5
f52cfef7-e912-4c1f-bd56-a361a6d26098,85,2.8333333333333335,right_knee,0.5,0.5,0.0,540.0,960.0,0.5
f52cfef7-e912-4c1f-bd56-a361a6d26098,85,2.8333333333333335,left_ankle,0.5,0.5,0.0,540.0,960.0,0.5
f52cfef7-e912-4c1f-bd56-a361a6d26098,85,2.8333333333333335,right_ankle,0.5,0.5,0.0,540.0,960.0,0.5
f52cfef7-e912-4c1f-bd56-a361a6d26098,85,2.8333333333333335,left_heel,0.5,0.5,0.0,540.0,960.0,0.5
f52cfef7-e912-4c1f-bd56-a361a6d26098,85,2.8333333333333335,right_heel,0.5,0.5,0.0,540.0,960.0,0.5
f52cfef7-e912-4c1f-bd56-a361a6d26098,85,2.8333333333333335,left_foot_index,0.5,0.5,0.0,540.0,960.0,0.5
f52cfef7-e912-4c1f-bd56-a361a6d26098,85,2.8333333333333335,right_foot_index,0.5,0.5,0.0,540.0,960.0,0.5
f52cfef7-e912-4c1f-bd56-a361a6d26098,86,2.8666666666666667,nose,0.5,0.5,0.0,540.0,960.0,0.5
f52cfef7-e912-4c1f-bd56-a361a6d26098,86,2.8666666666666667,left_shoulder,0.5,0.5,0.0,540.0,960.0,0.5
f52cfef7-e912-4c1f-bd56-a361a6d26098,86,2.8666666666666667,right_shoulder,0.5,0.5,0.0,540.0,960.0,0.5
f52cfef7-e912-4c1f-bd56-a361a6d26098,86,2.8666666666666667,left_elbow,0.5,0.5,0.0,540.0,960.0,0.5
f52cfef7-e912-4c1f-bd56-a361a6d26098,86,2.8666666666666667,right_elbow,0.5,0.5,0.0,540.0,960.0,0.5
f52cfef7-e912-4c1f-bd56-a361a6d26098,86,2.8666666666666667,left_wrist,0.5,0.5,0.0,540.0,960.0,0.5
f52cfef7-e912-4c1f-bd56-a361a6d26098,86,2.8666666666666667,right_wrist,0.5,0.5,0.0,540.0,960.0,0.5
f52cfef7-e912-4c1f-bd56-a361a6d26098,86,2.8666666666666667,left_hip,0.5,0.5,0.0,540.0,960.0,0.5
f52cfef7-e912-4c1f-bd56-a361a6d26098,86,2.8666666666666667,right_hip,0.5,0.5,0.0,540.0,960.0,0.5
f52cfef7-e912-4c1f-bd56-a361a6d26098,86,2.8666666666666667,left_knee,0.5,0.5,0.0,540.0,960.0,0.5
f52cfef7-e912-4c1f-bd56-a361a6d26098,86,2.8666666666666667,right_knee,0.5,0.5,0.0,540.0,960.0,0.5
f52cfef7-e912-4c1f-bd56-a361a6d26098,86,2.8666666666666667,left_ankle,0.5,0.5,0.0,540.0,960.0,0.5
f52cfef7-e912-4c1f-bd56-a361a6d26098,86,2.8666666666666667,right_ankle,0.5,0.5,0.0,540.0,960.0,0.5
f52cfef7-e912-4c1f-bd56-a361a6d26098,86,2.8666666666666667,left_heel,0.5,0.5,0.0,540.0,960.0,0.5
f52cfef7-e912-4c1f-bd56-a361a6d26098,86,2.8666666666666667,right_heel,0.5,0.5,0.0,540.0,960.0,0.5
f52cfef7-e912-4c1f-bd56-a361a6d26098,86,2.8666666666666667,left_foot_index,0.5,0.5,0.0,540.0,960.0,0.5
f52cfef7-e912-4c1f-bd56-a361a6d26098,86,2.8666666666666667,right_foot_index,0.5,0.5,0.0,540.0,960.0,0.5
f52cfef7-e912-4c1f-bd56-a361a6d26098,87,2.9,nose,0.5,0.5,0.0,540.0,960.0,0.5
f52cfef7-e912-4c1f-bd56-a361a6d26098,87,2.9,left_shoulder,0.5,0.5,0.0,540.0,960.0,0.5
f52cfef7-e912-4c1f-bd56-a361a6d26098,87,2.9,right_shoulder,0.5,0.5,0.0,540.0,960.0,0.5
f52cfef7-e912-4c1f-bd56-a361a6d26098,87,2.9,left_elbow,0.5,0.5,0.0,540.0,960.0,0.5
f52cfef7-e912-4c1f-bd56-a361a6d26098,87,2.9,right_elbow,0.5,0.5,0.0,540.0,960.0,0.5
f52cfef7-e912-4c1f-bd56-a361a6d26098,87,2.9,left_wrist,0.5,0.5,0.0,540.0,960.0,0.5
f52cfef7-e912-4c1f-bd56-a361a6d26098,87,2.9,right_wrist,0.5,0.5,0.0,540.0,960.0,0.5
f52cfef7-e912-4c1f-bd56-a361a6d26098,87,2.9,left_hip,0.5,0.5,0.0,540.0,960.0,0.5
f52cfef7-e912-4c1f-bd56-a361a6d26098,87,2.9,right_hip,0.5,0.5,0.0,540.0,960.0,0.5
f52cfef7-e912-4c1f-bd56-a361a6d26098,87,2.9,left_knee,0.5,0.5,0.0,540.0,960.0,0.5
f52cfef7-e912-4c1f-bd56-a361a6d26098,87,2.9,right_knee,0.5,0.5,0.0,540.0,960.0,0.5
f52cfef7-e912-4c1f-bd56-a361a6d26098,87,2.9,left_ankle,0.5,0.5,0.0,540.0,960.0,0.5
f52cfef7-e912-4c1f-bd56-a361a6d26098,87,2.9,right_ankle,0.5,0.5,0.0,540.0,960.0,0.5
f52cfef7-e912-4c1f-bd56-a361a6d26098,87,2.9,left_heel,0.5,0.5,0.0,540.0,960.0,0.5
f52cfef7-e912-4c1f-bd56-a361a6d26098,87,2.9,right_heel,0.5,0.5,0.0,540.0,960.0,0.5
f52cfef7-e912-4c1f-bd56-a361a6d26098,87,2.9,left_foot_index,0.5,0.5,0.0,540.0,960.0,0.5
f52cfef7-e912-4c1f-bd56-a361a6d26098,87,2.9,right_foot_index,0.5,0.5,0.0,540.0,960.0,0.5
f52cfef7-e912-4c1f-bd56-a361a6d26098,88,2.933333333333333,nose,0.5,0.5,0.0,540.0,960.0,0.5
f52cfef7-e912-4c1f-bd56-a361a6d26098,88,2.933333333333333,left_shoulder,0.5,0.5,0.0,540.0,960.0,0.5
f52cfef7-e912-4c1f-bd56-a361a6d26098,88,2.933333333333333,right_shoulder,0.5,0.5,0.0,540.0,960.0,0.5
f52cfef7-e912-4c1f-bd56-a361a6d26098,88,2.933333333333333,left_elbow,0.5,0.5,0.0,540.0,960.0,0.5
f52cfef7-e912-4c1f-bd56-a361a6d26098,88,2.933333333333333,right_elbow,0.5,0.5,0.0,540.0,960.0,0.5
f52cfef7-e912-4c1f-bd56-a361a6d26098,88,2.933333333333333,left_wrist,0.5,0.5,0.0,540.0,960.0,0.5
f52cfef7-e912-4c1f-bd56-a361a6d26098,88,2.933333333333333,right_wrist,0.5,0.5,0.0,540.0,960.0,0.5
f52cfef7-e912-4c1f-bd56-a361a6d26098,88,2.933333333333333,left_hip,0.5,0.5,0.0,540.0,960.0,0.5
f52cfef7-e912-4c1f-bd56-a361a6d26098,88,2.933333333333333,right_hip,0.5,0.5,0.0,540.0,960.0,0.5
f52cfef7-e912-4c1f-bd56-a361a6d26098,88,2.933333333333333,left_knee,0.5,0.5,0.0,540.0,960.0,0.5
f52cfef7-e912-4c1f-bd56-a361a6d26098,88,2.933333333333333,right_knee,0.5,0.5,0.0,540.0,960.0,0.5
f52cfef7-e912-4c1f-bd56-a361a6d26098,88,2.933333333333333,left_ankle,0.5,0.5,0.0,540.0,960.0,0.5
f52cfef7-e912-4c1f-bd56-a361a6d26098,88,2.933333333333333,right_ankle,0.5,0.5,0.0,540.0,960.0,0.5
f52cfef7-e912-4c1f-bd56-a361a6d26098,88,2.933333333333333,left_heel,0.5,0.5,0.0,540.0,960.0,0.5
f52cfef7-e912-4c1f-bd56-a361a6d26098,88,2.933333333333333,right_heel,0.5,0.5,0.0,540.0,960.0,0.5
f52cfef7-e912-4c1f-bd56-a361a6d26098,88,2.933333333333333,left_foot_index,0.5,0.5,0.0,540.0,960.0,0.5
f52cfef7-e912-4c1f-bd56-a361a6d26098,88,2.933333333333333,right_foot_index,0.5,0.5,0.0,540.0,960.0,0.5
f52cfef7-e912-4c1f-bd56-a361a6d26098,89,2.966666666666667,nose,0.5,0.5,0.0,540.0,960.0,0.5
f52cfef7-e912-4c1f-bd56-a361a6d26098,89,2.966666666666667,left_shoulder,0.5,0.5,0.0,540.0,960.0,0.5
f52cfef7-e912-4c1f-bd56-a361a6d26098,89,2.966666666666667,right_shoulder,0.5,0.5,0.0,540.0,960.0,0.5
f52cfef7-e912-4c1f-bd56-a361a6d26098,89,2.966666666666667,left_elbow,0.5,0.5,0.0,540.0,960.0,0.5
f52cfef7-e912-4c1f-bd56-a361a6d26098,89,2.966666666666667,right_elbow,0.5,0.5,0.0,540.0,960.0,0.5
f52cfef7-e912-4c1f-bd56-a361a6d26098,89,2.966666666666667,left_wrist,0.5,0.5,0.0,540.0,960.0,0.5
f52cfef7-e912-4c1f-bd56-a361a6d26098,89,2.966666666666667,right_wrist,0.5,0.5,0.0,540.0,960.0,0.5
f52cfef7-e912-4c1f-bd56-a361a6d26098,89,2.966666666666667,left_hip,0.5,0.5,0.0,540.0,960.0,0.5
f52cfef7-e912-4c1f-bd56-a361a6d26098,89,2.966666666666667,right_hip,0.5,0.5,0.0,540.0,960.0,0.5
f52cfef7-e912-4c1f-bd56-a361a6d26098,89,2.966666666666667,left_knee,0.5,0.5,0.0,540.0,960.0,0.5
f52cfef7-e912-4c1f-bd56-a361a6d26098,89,2.966666666666667,right_knee,0.5,0.5,0.0,540.0,960.0,0.5
f52cfef7-e912-4c1f-bd56-a361a6d26098,89,2.966666666666667,left_ankle,0.5,0.5,0.0,540.0,960.0,0.5
f52cfef7-e912-4c1f-bd56-a361a6d26098,89,2.966666666666667,right_ankle,0.5,0.5,0.0,540.0,960.0,0.5
f52cfef7-e912-4c1f-bd56-a361a6d26098,89,2.966666666666667,left_heel,0.5,0.5,0.0,540.0,960.0,0.5
f52cfef7-e912-4c1f-bd56-a361a6d26098,89,2.966666666666667,right_heel,0.5,0.5,0.0,540.0,960.0,0.5
f52cfef7-e912-4c1f-bd56-a361a6d26098,89,2.966666666666667,left_foot_index,0.5,0.5,0.0,540.0,960.0,0.5
f52cfef7-e912-4c1f-bd56-a361a6d26098,89,2.966666666666667,right_foot_index,0.5,0.5,0.0,540.0,960.0,0.5
f52cfef7-e912-4c1f-bd56-a361a6d26098,90,3.0,nose,0.5,0.5,0.0,540.0,960.0,0.5
f52cfef7-e912-4c1f-bd56-a361a6d26098,90,3.0,left_shoulder,0.5,0.5,0.0,540.0,960.0,0.5
f52cfef7-e912-4c1f-bd56-a361a6d26098,90,3.0,right_shoulder,0.5,0.5,0.0,540.0,960.0,0.5
f52cfef7-e912-4c1f-bd56-a361a6d26098,90,3.0,left_elbow,0.5,0.5,0.0,540.0,960.0,0.5
f52cfef7-e912-4c1f-bd56-a361a6d26098,90,3.0,right_elbow,0.5,0.5,0.0,540.0,960.0,0.5
f52cfef7-e912-4c1f-bd56-a361a6d26098,90,3.0,left_wrist,0.5,0.5,0.0,540.0,960.0,0.5
f52cfef7-e912-4c1f-bd56-a361a6d26098,90,3.0,right_wrist,0.5,0.5,0.0,540.0,960.0,0.5
f52cfef7-e912-4c1f-bd56-a361a6d26098,90,3.0,left_hip,0.5,0.5,0.0,540.0,960.0,0.5
f52cfef7-e912-4c1f-bd56-a361a6d26098,90,3.0,right_hip,0.5,0.5,0.0,540.0,960.0,0.5
f52cfef7-e912-4c1f-bd56-a361a6d26098,90,3.0,left_knee,0.5,0.5,0.0,540.0,960.0,0.5
f52cfef7-e912-4c1f-bd56-a361a6d26098,90,3.0,right_knee,0.5,0.5,0.0,540.0,960.0,0.5
f52cfef7-e912-4c1f-bd56-a361a6d26098,90,3.0,left_ankle,0.5,0.5,0.0,540.0,960.0,0.5
f52cfef7-e912-4c1f-bd56-a361a6d26098,90,3.0,right_ankle,0.5,0.5,0.0,540.0,960.0,0.5
f52cfef7-e912-4c1f-bd56-a361a6d26098,90,3.0,left_heel,0.5,0.5,0.0,540.0,960.0,0.5
f52cfef7-e912-4c1f-bd56-a361a6d26098,90,3.0,right_heel,0.5,0.5,0.0,540.0,960.0,0.5
f52cfef7-e912-4c1f-bd56-a361a6d26098,90,3.0,left_foot_index,0.5,0.5,0.0,540.0,960.0,0.5
f52cfef7-e912-4c1f-bd56-a361a6d26098,90,3.0,right_foot_index,0.5,0.5,0.0,540.0,960.0,0.5
f52cfef7-e912-4c1f-bd56-a361a6d26098,91,3.033333333333333,nose,0.5,0.5,0.0,540.0,960.0,0.5
f52cfef7-e912-4c1f-bd56-a361a6d26098,91,3.033333333333333,left_shoulder,0.5,0.5,0.0,540.0,960.0,0.5
f52cfef7-e912-4c1f-bd56-a361a6d26098,91,3.033333333333333,right_shoulder,0.5,0.5,0.0,540.0,960.0,0.5
f52cfef7-e912-4c1f-bd56-a361a6d26098,91,3.033333333333333,left_elbow,0.5,0.5,0.0,540.0,960.0,0.5
f52cfef7-e912-4c1f-bd56-a361a6d26098,91,3.033333333333333,right_elbow,0.5,0.5,0.0,540.0,960.0,0.5
f52cfef7-e912-4c1f-bd56-a361a6d26098,91,3.033333333333333,left_wrist,0.5,0.5,0.0,540.0,960.0,0.5
f52cfef7-e912-4c1f-bd56-a361a6d26098,91,3.033333333333333,right_wrist,0.5,0.5,0.0,540.0,960.0,0.5
f52cfef7-e912-4c1f-bd56-a361a6d26098,91,3.033333333333333,left_hip,0.5,0.5,0.0,540.0,960.0,0.5
f52cfef7-e912-4c1f-bd56-a361a6d26098,91,3.033333333333333,right_hip,0.5,0.5,0.0,540.0,960.0,0.5
f52cfef7-e912-4c1f-bd56-a361a6d26098,91,3.033333333333333,left_knee,0.5,0.5,0.0,540.0,960.0,0.5
f52cfef7-e912-4c1f-bd56-a361a6d26098,91,3.033333333333333,right_knee,0.5,0.5,0.0,540.0,960.0,0.5
f52cfef7-e912-4c1f-bd56-a361a6d26098,91,3.033333333333333,left_ankle,0.5,0.5,0.0,540.0,960.0,0.5
f52cfef7-e912-4c1f-bd56-a361a6d26098,91,3.033333333333333,right_ankle,0.5,0.5,0.0,540.0,960.0,0.5
f52cfef7-e912-4c1f-bd56-a361a6d26098,91,3.033333333333333,left_heel,0.5,0.5,0.0,540.0,960.0,0.5
f52cfef7-e912-4c1f-bd56-a361a6d26098,91,3.033333333333333,right_heel,0.5,0.5,0.0,540.0,960.0,0.5
f52cfef7-e912-4c1f-bd56-a361a6d26098,91,3.033333333333333,left_foot_index,0.5,0.5,0.0,540.0,960.0,0.5
f52cfef7-e912-4c1f-bd56-a361a6d26098,91,3.033333333333333,right_foot_index,0.5,0.5,0.0,540.0,960.0,0.5
f52cfef7-e912-4c1f-bd56-a361a6d26098,92,3.066666666666667,nose,0.5,0.5,0.0,540.0,960.0,0.5
f52cfef7-e912-4c1f-bd56-a361a6d26098,92,3.066666666666667,left_shoulder,0.5,0.5,0.0,540.0,960.0,0.5
f52cfef7-e912-4c1f-bd56-a361a6d26098,92,3.066666666666667,right_shoulder,0.5,0.5,0.0,540.0,960.0,0.5
f52cfef7-e912-4c1f-bd56-a361a6d26098,92,3.066666666666667,left_elbow,0.5,0.5,0.0,540.0,960.0,0.5
f52cfef7-e912-4c1f-bd56-a361a6d26098,92,3.066666666666667,right_elbow,0.5,0.5,0.0,540.0,960.0,0.5
f52cfef7-e912-4c1f-bd56-a361a6d26098,92,3.066666666666667,left_wrist,0.5,0.5,0.0,540.0,960.0,0.5
f52cfef7-e912-4c1f-bd56-a361a6d26098,92,3.066666666666667,right_wrist,0.5,0.5,0.0,540.0,960.0,0.5
f52cfef7-e912-4c1f-bd56-a361a6d26098,92,3.066666666666667,left_hip,0.5,0.5,0.0,540.0,960.0,0.5
f52cfef7-e912-4c1f-bd56-a361a6d26098,92,3.066666666666667,right_hip,0.5,0.5,0.0,540.0,960.0,0.5
f52cfef7-e912-4c1f-bd56-a361a6d26098,92,3.066666666666667,left_knee,0.5,0.5,0.0,540.0,960.0,0.5
f52cfef7-e912-4c1f-bd56-a361a6d26098,92,3.066666666666667,right_knee,0.5,0.5,0.0,540.0,960.0,0.5
f52cfef7-e912-4c1f-bd56-a361a6d26098,92,3.066666666666667,left_ankle,0.5,0.5,0.0,540.0,960.0,0.5
f52cfef7-e912-4c1f-bd56-a361a6d26098,92,3.066666666666667,right_ankle,0.5,0.5,0.0,540.0,960.0,0.5
f52cfef7-e912-4c1f-bd56-a361a6d26098,92,3.066666666666667,left_heel,0.5,0.5,0.0,540.0,960.0,0.5
f52cfef7-e912-4c1f-bd56-a361a6d26098,92,3.066666666666667,right_heel,0.5,0.5,0.0,540.0,960.0,0.5
f52cfef7-e912-4c1f-bd56-a361a6d26098,92,3.066666666666667,left_foot_index,0.5,0.5,0.0,540.0,960.0,0.5
f52cfef7-e912-4c1f-bd56-a361a6d26098,92,3.066666666666667,right_foot_index,0.5,0.5,0.0,540.0,960.0,0.5
f52cfef7-e912-4c1f-bd56-a361a6d26098,93,3.1,nose,0.5,0.5,0.0,540.0,960.0,0.5
f52cfef7-e912-4c1f-bd56-a361a6d26098,93,3.1,left_shoulder,0.5,0.5,0.0,540.0,960.0,0.5
f52cfef7-e912-4c1f-bd56-a361a6d26098,93,3.1,right_shoulder,0.5,0.5,0.0,540.0,960.0,0.5
f52cfef7-e912-4c1f-bd56-a361a6d26098,93,3.1,left_elbow,0.5,0.5,0.0,540.0,960.0,0.5
f52cfef7-e912-4c1f-bd56-a361a6d26098,93,3.1,right_elbow,0.5,0.5,0.0,540.0,960.0,0.5
f52cfef7-e912-4c1f-bd56-a361a6d26098,93,3.1,left_wrist,0.5,0.5,0.0,540.0,960.0,0.5
f52cfef7-e912-4c1f-bd56-a361a6d26098,93,3.1,right_wrist,0.5,0.5,0.0,540.0,960.0,0.5
f52cfef7-e912-4c1f-bd56-a361a6d26098,93,3.1,left_hip,0.5,0.5,0.0,540.0,960.0,0.5
f52cfef7-e912-4c1f-bd56-a361a6d26098,93,3.1,right_hip,0.5,0.5,0.0,540.0,960.0,0.5
f52cfef7-e912-4c1f-bd56-a361a6d26098,93,3.1,left_knee,0.5,0.5,0.0,540.0,960.0,0.5
f52cfef7-e912-4c1f-bd56-a361a6d26098,93,3.1,right_knee,0.5,0.5,0.0,540.0,960.0,0.5
f52cfef7-e912-4c1f-bd56-a361a6d26098,93,3.1,left_ankle,0.5,0.5,0.0,540.0,960.0,0.5
f52cfef7-e912-4c1f-bd56-a361a6d26098,93,3.1,right_ankle,0.5,0.5,0.0,540.0,960.0,0.5
f52cfef7-e912-4c1f-bd56-a361a6d26098,93,3.1,left_heel,0.5,0.5,0.0,540.0,960.0,0.5
f52cfef7-e912-4c1f-bd56-a361a6d26098,93,3.1,right_heel,0.5,0.5,0.0,540.0,960.0,0.5
f52cfef7-e912-4c1f-bd56-a361a6d26098,93,3.1,left_foot_index,0.5,0.5,0.0,540.0,960.0,0.5
f52cfef7-e912-4c1f-bd56-a361a6d26098,93,3.1,right_foot_index,0.5,0.5,0.0,540.0,960.0,0.5
f52cfef7-e912-4c1f-bd56-a361a6d26098,94,3.1333333333333333,nose,0.5,0.5,0.0,540.0,960.0,0.5
f52cfef7-e912-4c1f-bd56-a361a6d26098,94,3.1333333333333333,left_shoulder,0.5,0.5,0.0,540.0,960.0,0.5
f52cfef7-e912-4c1f-bd56-a361a6d26098,94,3.1333333333333333,right_shoulder,0.5,0.5,0.0,540.0,960.0,0.5
f52cfef7-e912-4c1f-bd56-a361a6d26098,94,3.1333333333333333,left_elbow,0.5,0.5,0.0,540.0,960.0,0.5
f52cfef7-e912-4c1f-bd56-a361a6d26098,94,3.1333333333333333,right_elbow,0.5,0.5,0.0,540.0,960.0,0.5
f52cfef7-e912-4c1f-bd56-a361a6d26098,94,3.1333333333333333,left_wrist,0.5,0.5,0.0,540.0,960.0,0.5
f52cfef7-e912-4c1f-bd56-a361a6d26098,94,3.1333333333333333,right_wrist,0.5,0.5,0.0,540.0,960.0,0.5
f52cfef7-e912-4c1f-bd56-a361a6d26098,94,3.1333333333333333,left_hip,0.5,0.5,0.0,540.0,960.0,0.5
f52cfef7-e912-4c1f-bd56-a361a6d26098,94,3.1333333333333333,right_hip,0.5,0.5,0.0,540.0,960.0,0.5
f52cfef7-e912-4c1f-bd56-a361a6d26098,94,3.1333333333333333,left_knee,0.5,0.5,0.0,540.0,960.0,0.5
f52cfef7-e912-4c1f-bd56-a361a6d26098,94,3.1333333333333333,right_knee,0.5,0.5,0.0,540.0,960.0,0.5
f52cfef7-e912-4c1f-bd56-a361a6d26098,94,3.1333333333333333,left_ankle,0.5,0.5,0.0,540.0,960.0,0.5
f52cfef7-e912-4c1f-bd56-a361a6d26098,94,3.1333333333333333,right_ankle,0.5,0.5,0.0,540.0,960.0,0.5
f52cfef7-e912-4c1f-bd56-a361a6d26098,94,3.1333333333333333,left_heel,0.5,0.5,0.0,540.0,960.0,0.5
f52cfef7-e912-4c1f-bd56-a361a6d26098,94,3.1333333333333333,right_heel,0.5,0.5,0.0,540.0,960.0,0.5
f52cfef7-e912-4c1f-bd56-a361a6d26098,94,3.1333333333333333,left_foot_index,0.5,0.5,0.0,540.0,960.0,0.5
f52cfef7-e912-4c1f-bd56-a361a6d26098,94,3.1333333333333333,right_foot_index,0.5,0.5,0.0,540.0,960.0,0.5
f52cfef7-e912-4c1f-bd56-a361a6d26098,95,3.1666666666666665,nose,0.5,0.5,0.0,540.0,960.0,0.5
f52cfef7-e912-4c1f-bd56-a361a6d26098,95,3.1666666666666665,left_shoulder,0.5,0.5,0.0,540.0,960.0,0.5
f52cfef7-e912-4c1f-bd56-a361a6d26098,95,3.1666666666666665,right_shoulder,0.5,0.5,0.0,540.0,960.0,0.5
f52cfef7-e912-4c1f-bd56-a361a6d26098,95,3.1666666666666665,left_elbow,0.5,0.5,0.0,540.0,960.0,0.5
f52cfef7-e912-4c1f-bd56-a361a6d26098,95,3.1666666666666665,right_elbow,0.5,0.5,0.0,540.0,960.0,0.5
f52cfef7-e912-4c1f-bd56-a361a6d26098,95,3.1666666666666665,left_wrist,0.5,0.5,0.0,540.0,960.0,0.5
f52cfef7-e912-4c1f-bd56-a361a6d26098,95,3.1666666666666665,right_wrist,0.5,0.5,0.0,540.0,960.0,0.5
f52cfef7-e912-4c1f-bd56-a361a6d26098,95,3.1666666666666665,left_hip,0.5,0.5,0.0,540.0,960.0,0.5
f52cfef7-e912-4c1f-bd56-a361a6d26098,95,3.1666666666666665,right_hip,0.5,0.5,0.0,540.0,960.0,0.5
f52cfef7-e912-4c1f-bd56-a361a6d26098,95,3.1666666666666665,left_knee,0.5,0.5,0.0,540.0,960.0,0.5
f52cfef7-e912-4c1f-bd56-a361a6d26098,95,3.1666666666666665,right_knee,0.5,0.5,0.0,540.0,960.0,0.5
f52cfef7-e912-4c1f-bd56-a361a6d26098,95,3.1666666666666665,left_ankle,0.5,0.5,0.0,540.0,960.0,0.5
f52cfef7-e912-4c1f-bd56-a361a6d26098,95,3.1666666666666665,right_ankle,0.5,0.5,0.0,540.0,960.0,0.5
f52cfef7-e912-4c1f-bd56-a361a6d26098,95,3.1666666666666665,left_heel,0.5,0.5,0.0,540.0,960.0,0.5
f52cfef7-e912-4c1f-bd56-a361a6d26098,95,3.1666666666666665,right_heel,0.5,0.5,0.0,540.0,960.0,0.5
f52cfef7-e912-4c1f-bd56-a361a6d26098,95,3.1666666666666665,left_foot_index,0.5,0.5,0.0,540.0,960.0,0.5
f52cfef7-e912-4c1f-bd56-a361a6d26098,95,3.1666666666666665,right_foot_index,0.5,0.5,0.0,540.0,960.0,0.5
f52cfef7-e912-4c1f-bd56-a361a6d26098,96,3.2,nose,0.5,0.5,0.0,540.0,960.0,0.5
f52cfef7-e912-4c1f-bd56-a361a6d26098,96,3.2,left_shoulder,0.5,0.5,0.0,540.0,960.0,0.5
f52cfef7-e912-4c1f-bd56-a361a6d26098,96,3.2,right_shoulder,0.5,0.5,0.0,540.0,960.0,0.5
f52cfef7-e912-4c1f-bd56-a361a6d26098,96,3.2,left_elbow,0.5,0.5,0.0,540.0,960.0,0.5
f52cfef7-e912-4c1f-bd56-a361a6d26098,96,3.2,right_elbow,0.5,0.5,0.0,540.0,960.0,0.5
f52cfef7-e912-4c1f-bd56-a361a6d26098,96,3.2,left_wrist,0.5,0.5,0.0,540.0,960.0,0.5
f52cfef7-e912-4c1f-bd56-a361a6d26098,96,3.2,right_wrist,0.5,0.5,0.0,540.0,960.0,0.5
f52cfef7-e912-4c1f-bd56-a361a6d26098,96,3.2,left_hip,0.5,0.5,0.0,540.0,960.0,0.5
f52cfef7-e912-4c1f-bd56-a361a6d26098,96,3.2,right_hip,0.5,0.5,0.0,540.0,960.0,0.5
f52cfef7-e912-4c1f-bd56-a361a6d26098,96,3.2,left_knee,0.5,0.5,0.0,540.0,960.0,0.5
f52cfef7-e912-4c1f-bd56-a361a6d26098,96,3.2,right_knee,0.5,0.5,0.0,540.0,960.0,0.5
f52cfef7-e912-4c1f-bd56-a361a6d26098,96,3.2,left_ankle,0.5,0.5,0.0,540.0,960.0,0.5
f52cfef7-e912-4c1f-bd56-a361a6d26098,96,3.2,right_ankle,0.5,0.5,0.0,540.0,960.0,0.5
f52cfef7-e912-4c1f-bd56-a361a6d26098,96,3.2,left_heel,0.5,0.5,0.0,540.0,960.0,0.5
f52cfef7-e912-4c1f-bd56-a361a6d26098,96,3.2,right_heel,0.5,0.5,0.0,540.0,960.0,0.5
f52cfef7-e912-4c1f-bd56-a361a6d26098,96,3.2,left_foot_index,0.5,0.5,0.0,540.0,960.0,0.5
f52cfef7-e912-4c1f-bd56-a361a6d26098,96,3.2,right_foot_index,0.5,0.5,0.0,540.0,960.0,0.5
f52cfef7-e912-4c1f-bd56-a361a6d26098,97,3.2333333333333334,nose,0.5,0.5,0.0,540.0,960.0,0.5
f52cfef7-e912-4c1f-bd56-a361a6d26098,97,3.2333333333333334,left_shoulder,0.5,0.5,0.0,540.0,960.0,0.5
f52cfef7-e912-4c1f-bd56-a361a6d26098,97,3.2333333333333334,right_shoulder,0.5,0.5,0.0,540.0,960.0,0.5
f52cfef7-e912-4c1f-bd56-a361a6d26098,97,3.2333333333333334,left_elbow,0.5,0.5,0.0,540.0,960.0,0.5
f52cfef7-e912-4c1f-bd56-a361a6d26098,97,3.2333333333333334,right_elbow,0.5,0.5,0.0,540.0,960.0,0.5
f52cfef7-e912-4c1f-bd56-a361a6d26098,97,3.2333333333333334,left_wrist,0.5,0.5,0.0,540.0,960.0,0.5
f52cfef7-e912-4c1f-bd56-a361a6d26098,97,3.2333333333333334,right_wrist,0.5,0.5,0.0,540.0,960.0,0.5
f52cfef7-e912-4c1f-bd56-a361a6d26098,97,3.2333333333333334,left_hip,0.5,0.5,0.0,540.0,960.0,0.5
f52cfef7-e912-4c1f-bd56-a361a6d26098,97,3.2333333333333334,right_hip,0.5,0.5,0.0,540.0,960.0,0.5
f52cfef7-e912-4c1f-bd56-a361a6d26098,97,3.2333333333333334,left_knee,0.5,0.5,0.0,540.0,960.0,0.5
f52cfef7-e912-4c1f-bd56-a361a6d26098,97,3.2333333333333334,right_knee,0.5,0.5,0.0,540.0,960.0,0.5
f52cfef7-e912-4c1f-bd56-a361a6d26098,97,3.2333333333333334,left_ankle,0.5,0.5,0.0,540.0,960.0,0.5
f52cfef7-e912-4c1f-bd56-a361a6d26098,97,3.2333333333333334,right_ankle,0.5,0.5,0.0,540.0,960.0,0.5
f52cfef7-e912-4c1f-bd56-a361a6d26098,97,3.2333333333333334,left_heel,0.5,0.5,0.0,540.0,960.0,0.5
f52cfef7-e912-4c1f-bd56-a361a6d26098,97,3.2333333333333334,right_heel,0.5,0.5,0.0,540.0,960.0,0.5
f52cfef7-e912-4c1f-bd56-a361a6d26098,97,3.2333333333333334,left_foot_index,0.5,0.5,0.0,540.0,960.0,0.5
f52cfef7-e912-4c1f-bd56-a361a6d26098,97,3.2333333333333334,right_foot_index,0.5,0.5,0.0,540.0,960.0,0.5
f52cfef7-e912-4c1f-bd56-a361a6d26098,98,3.2666666666666666,nose,0.5,0.5,0.0,540.0,960.0,0.5
f52cfef7-e912-4c1f-bd56-a361a6d26098,98,3.2666666666666666,left_shoulder,0.5,0.5,0.0,540.0,960.0,0.5
f52cfef7-e912-4c1f-bd56-a361a6d26098,98,3.2666666666666666,right_shoulder,0.5,0.5,0.0,540.0,960.0,0.5
f52cfef7-e912-4c1f-bd56-a361a6d26098,98,3.2666666666666666,left_elbow,0.5,0.5,0.0,540.0,960.0,0.5
f52cfef7-e912-4c1f-bd56-a361a6d26098,98,3.2666666666666666,right_elbow,0.5,0.5,0.0,540.0,960.0,0.5
f52cfef7-e912-4c1f-bd56-a361a6d26098,98,3.2666666666666666,left_wrist,0.5,0.5,0.0,540.0,960.0,0.5
f52cfef7-e912-4c1f-bd56-a361a6d26098,98,3.2666666666666666,right_wrist,0.5,0.5,0.0,540.0,960.0,0.5
f52cfef7-e912-4c1f-bd56-a361a6d26098,98,3.2666666666666666,left_hip,0.5,0.5,0.0,540.0,960.0,0.5
f52cfef7-e912-4c1f-bd56-a361a6d26098,98,3.2666666666666666,right_hip,0.5,0.5,0.0,540.0,960.0,0.5
f52cfef7-e912-4c1f-bd56-a361a6d26098,98,3.2666666666666666,left_knee,0.5,0.5,0.0,540.0,960.0,0.5
f52cfef7-e912-4c1f-bd56-a361a6d26098,98,3.2666666666666666,right_knee,0.5,0.5,0.0,540.0,960.0,0.5
f52cfef7-e912-4c1f-bd56-a361a6d26098,98,3.2666666666666666,left_ankle,0.5,0.5,0.0,540.0,960.0,0.5
f52cfef7-e912-4c1f-bd56-a361a6d26098,98,3.2666666666666666,right_ankle,0.5,0.5,0.0,540.0,960.0,0.5
f52cfef7-e912-4c1f-bd56-a361a6d26098,98,3.2666666666666666,left_heel,0.5,0.5,0.0,540.0,960.0,0.5
f52cfef7-e912-4c1f-bd56-a361a6d26098,98,3.2666666666666666,right_heel,0.5,0.5,0.0,540.0,960.0,0.5
f52cfef7-e912-4c1f-bd56-a361a6d26098,98,3.2666666666666666,left_foot_index,0.5,0.5,0.0,540.0,960.0,0.5
f52cfef7-e912-4c1f-bd56-a361a6d26098,98,3.2666666666666666,right_foot_index,0.5,0.5,0.0,540.0,960.0,0.5
f52cfef7-e912-4c1f-bd56-a361a6d26098,99,3.3,nose,0.5,0.5,0.0,540.0,960.0,0.5
f52cfef7-e912-4c1f-bd56-a361a6d26098,99,3.3,left_shoulder,0.5,0.5,0.0,540.0,960.0,0.5
f52cfef7-e912-4c1f-bd56-a361a6d26098,99,3.3,right_shoulder,0.5,0.5,0.0,540.0,960.0,0.5
f52cfef7-e912-4c1f-bd56-a361a6d26098,99,3.3,left_elbow,0.5,0.5,0.0,540.0,960.0,0.5
f52cfef7-e912-4c1f-bd56-a361a6d26098,99,3.3,right_elbow,0.5,0.5,0.0,540.0,960.0,0.5
f52cfef7-e912-4c1f-bd56-a361a6d26098,99,3.3,left_wrist,0.5,0.5,0.0,540.0,960.0,0.5
f52cfef7-e912-4c1f-bd56-a361a6d26098,99,3.3,right_wrist,0.5,0.5,0.0,540.0,960.0,0.5
f52cfef7-e912-4c1f-bd56-a361a6d26098,99,3.3,left_hip,0.5,0.5,0.0,540.0,960.0,0.5
f52cfef7-e912-4c1f-bd56-a361a6d26098,99,3.3,right_hip,0.5,0.5,0.0,540.0,960.0,0.5
f52cfef7-e912-4c1f-bd56-a361a6d26098,99,3.3,left_knee,0.5,0.5,0.0,540.0,960.0,0.5
f52cfef7-e912-4c1f-bd56-a361a6d26098,99,3.3,right_knee,0.5,0.5,0.0,540.0,960.0,0.5
f52cfef7-e912-4c1f-bd56-a361a6d26098,99,3.3,left_ankle,0.5,0.5,0.0,540.0,960.0,0.5
f52cfef7-e912-4c1f-bd56-a361a6d26098,99,3.3,right_ankle,0.5,0.5,0.0,540.0,960.0,0.5
f52cfef7-e912-4c1f-bd56-a361a6d26098,99,3.3,left_heel,0.5,0.5,0.0,540.0,960.0,0.5
f52cfef7-e912-4c1f-bd56-a361a6d26098,99,3.3,right_heel,0.5,0.5,0.0,540.0,960.0,0.5
f52cfef7-e912-4c1f-bd56-a361a6d26098,99,3.3,left_foot_index,0.5,0.5,0.0,540.0,960.0,0.5
f52cfef7-e912-4c1f-bd56-a361a6d26098,99,3.3,right_foot_index,0.5,0.5,0.0,540.0,960.0,0.5
f52cfef7-e912-4c1f-bd56-a361a6d26098,100,3.3333333333333335,nose,0.5,0.5,0.0,540.0,960.0,0.5
f52cfef7-e912-4c1f-bd56-a361a6d26098,100,3.3333333333333335,left_shoulder,0.5,0.5,0.0,540.0,960.0,0.5
f52cfef7-e912-4c1f-bd56-a361a6d26098,100,3.3333333333333335,right_shoulder,0.5,0.5,0.0,540.0,960.0,0.5
f52cfef7-e912-4c1f-bd56-a361a6d26098,100,3.3333333333333335,left_elbow,0.5,0.5,0.0,540.0,960.0,0.5
f52cfef7-e912-4c1f-bd56-a361a6d26098,100,3.3333333333333335,right_elbow,0.5,0.5,0.0,540.0,960.0,0.5
f52cfef7-e912-4c1f-bd56-a361a6d26098,100,3.3333333333333335,left_wrist,0.5,0.5,0.0,540.0,960.0,0.5
f52cfef7-e912-4c1f-bd56-a361a6d26098,100,3.3333333333333335,right_wrist,0.5,0.5,0.0,540.0,960.0,0.5
f52cfef7-e912-4c1f-bd56-a361a6d26098,100,3.3333333333333335,left_hip,0.5,0.5,0.0,540.0,960.0,0.5
f52cfef7-e912-4c1f-bd56-a361a6d26098,100,3.3333333333333335,right_hip,0.5,0.5,0.0,540.0,960.0,0.5
f52cfef7-e912-4c1f-bd56-a361a6d26098,100,3.3333333333333335,left_knee,0.5,0.5,0.0,540.0,960.0,0.5
f52cfef7-e912-4c1f-bd56-a361a6d26098,100,3.3333333333333335,right_knee,0.5,0.5,0.0,540.0,960.0,0.5
f52cfef7-e912-4c1f-bd56-a361a6d26098,100,3.3333333333333335,left_ankle,0.5,0.5,0.0,540.0,960.0,0.5
f52cfef7-e912-4c1f-bd56-a361a6d26098,100,3.3333333333333335,right_ankle,0.5,0.5,0.0,540.0,960.0,0.5
f52cfef7-e912-4c1f-bd56-a361a6d26098,100,3.3333333333333335,left_heel,0.5,0.5,0.0,540.0,960.0,0.5
f52cfef7-e912-4c1f-bd56-a361a6d26098,100,3.3333333333333335,right_heel,0.5,0.5,0.0,540.0,960.0,0.5
f52cfef7-e912-4c1f-bd56-a361a6d26098,100,3.3333333333333335,left_foot_index,0.5,0.5,0.0,540.0,960.0,0.5
f52cfef7-e912-4c1f-bd56-a361a6d26098,100,3.3333333333333335,right_foot_index,0.5,0.5,0.0,540.0,960.0,0.5
f52cfef7-e912-4c1f-bd56-a361a6d26098,101,3.3666666666666667,nose,0.5,0.5,0.0,540.0,960.0,0.5
f52cfef7-e912-4c1f-bd56-a361a6d26098,101,3.3666666666666667,left_shoulder,0.5,0.5,0.0,540.0,960.0,0.5
f52cfef7-e912-4c1f-bd56-a361a6d26098,101,3.3666666666666667,right_shoulder,0.5,0.5,0.0,540.0,960.0,0.5
f52cfef7-e912-4c1f-bd56-a361a6d26098,101,3.3666666666666667,left_elbow,0.5,0.5,0.0,540.0,960.0,0.5
f52cfef7-e912-4c1f-bd56-a361a6d26098,101,3.3666666666666667,right_elbow,0.5,0.5,0.0,540.0,960.0,0.5
f52cfef7-e912-4c1f-bd56-a361a6d26098,101,3.3666666666666667,left_wrist,0.5,0.5,0.0,540.0,960.0,0.5
f52cfef7-e912-4c1f-bd56-a361a6d26098,101,3.3666666666666667,right_wrist,0.5,0.5,0.0,540.0,960.0,0.5
f52cfef7-e912-4c1f-bd56-a361a6d26098,101,3.3666666666666667,left_hip,0.5,0.5,0.0,540.0,960.0,0.5
f52cfef7-e912-4c1f-bd56-a361a6d26098,101,3.3666666666666667,right_hip,0.5,0.5,0.0,540.0,960.0,0.5
f52cfef7-e912-4c1f-bd56-a361a6d26098,101,3.3666666666666667,left_knee,0.5,0.5,0.0,540.0,960.0,0.5
f52cfef7-e912-4c1f-bd56-a361a6d26098,101,3.3666666666666667,right_knee,0.5,0.5,0.0,540.0,960.0,0.5
f52cfef7-e912-4c1f-bd56-a361a6d26098,101,3.3666666666666667,left_ankle,0.5,0.5,0.0,540.0,960.0,0.5
f52cfef7-e912-4c1f-bd56-a361a6d26098,101,3.3666666666666667,right_ankle,0.5,0.5,0.0,540.0,960.0,0.5
f52cfef7-e912-4c1f-bd56-a361a6d26098,101,3.3666666666666667,left_heel,0.5,0.5,0.0,540.0,960.0,0.5
f52cfef7-e912-4c1f-bd56-a361a6d26098,101,3.3666666666666667,right_heel,0.5,0.5,0.0,540.0,960.0,0.5
f52cfef7-e912-4c1f-bd56-a361a6d26098,101,3.3666666666666667,left_foot_index,0.5,0.5,0.0,540.0,960.0,0.5
f52cfef7-e912-4c1f-bd56-a361a6d26098,101,3.3666666666666667,right_foot_index,0.5,0.5,0.0,540.0,960.0,0.5
f52cfef7-e912-4c1f-bd56-a361a6d26098,102,3.4,nose,0.5,0.5,0.0,540.0,960.0,0.5
f52cfef7-e912-4c1f-bd56-a361a6d26098,102,3.4,left_shoulder,0.5,0.5,0.0,540.0,960.0,0.5
f52cfef7-e912-4c1f-bd56-a361a6d26098,102,3.4,right_shoulder,0.5,0.5,0.0,540.0,960.0,0.5
f52cfef7-e912-4c1f-bd56-a361a6d26098,102,3.4,left_elbow,0.5,0.5,0.0,540.0,960.0,0.5
f52cfef7-e912-4c1f-bd56-a361a6d26098,102,3.4,right_elbow,0.5,0.5,0.0,540.0,960.0,0.5
f52cfef7-e912-4c1f-bd56-a361a6d26098,102,3.4,left_wrist,0.5,0.5,0.0,540.0,960.0,0.5
f52cfef7-e912-4c1f-bd56-a361a6d26098,102,3.4,right_wrist,0.5,0.5,0.0,540.0,960.0,0.5
f52cfef7-e912-4c1f-bd56-a361a6d26098,102,3.4,left_hip,0.5,0.5,0.0,540.0,960.0,0.5
f52cfef7-e912-4c1f-bd56-a361a6d26098,102,3.4,right_hip,0.5,0.5,0.0,540.0,960.0,0.5
f52cfef7-e912-4c1f-bd56-a361a6d26098,102,3.4,left_knee,0.5,0.5,0.0,540.0,960.0,0.5
f52cfef7-e912-4c1f-bd56-a361a6d26098,102,3.4,right_knee,0.5,0.5,0.0,540.0,960.0,0.5
f52cfef7-e912-4c1f-bd56-a361a6d26098,102,3.4,left_ankle,0.5,0.5,0.0,540.0,960.0,0.5
f52cfef7-e912-4c1f-bd56-a361a6d26098,102,3.4,right_ankle,0.5,0.5,0.0,540.0,960.0,0.5
f52cfef7-e912-4c1f-bd56-a361a6d26098,102,3.4,left_heel,0.5,0.5,0.0,540.0,960.0,0.5
f52cfef7-e912-4c1f-bd56-a361a6d26098,102,3.4,right_heel,0.5,0.5,0.0,540.0,960.0,0.5
f52cfef7-e912-4c1f-bd56-a361a6d26098,102,3.4,left_foot_index,0.5,0.5,0.0,540.0,960.0,0.5
f52cfef7-e912-4c1f-bd56-a361a6d26098,102,3.4,right_foot_index,0.5,0.5,0.0,540.0,960.0,0.5
f52cfef7-e912-4c1f-bd56-a361a6d26098,103,3.433333333333333,nose,0.5,0.5,0.0,540.0,960.0,0.5
f52cfef7-e912-4c1f-bd56-a361a6d26098,103,3.433333333333333,left_shoulder,0.5,0.5,0.0,540.0,960.0,0.5
f52cfef7-e912-4c1f-bd56-a361a6d26098,103,3.433333333333333,right_shoulder,0.5,0.5,0.0,540.0,960.0,0.5
f52cfef7-e912-4c1f-bd56-a361a6d26098,103,3.433333333333333,left_elbow,0.5,0.5,0.0,540.0,960.0,0.5
f52cfef7-e912-4c1f-bd56-a361a6d26098,103,3.433333333333333,right_elbow,0.5,0.5,0.0,540.0,960.0,0.5
f52cfef7-e912-4c1f-bd56-a361a6d26098,103,3.433333333333333,left_wrist,0.5,0.5,0.0,540.0,960.0,0.5
f52cfef7-e912-4c1f-bd56-a361a6d26098,103,3.433333333333333,right_wrist,0.5,0.5,0.0,540.0,960.0,0.5
f52cfef7-e912-4c1f-bd56-a361a6d26098,103,3.433333333333333,left_hip,0.5,0.5,0.0,540.0,960.0,0.5
f52cfef7-e912-4c1f-bd56-a361a6d26098,103,3.433333333333333,right_hip,0.5,0.5,0.0,540.0,960.0,0.5
f52cfef7-e912-4c1f-bd56-a361a6d26098,103,3.433333333333333,left_knee,0.5,0.5,0.0,540.0,960.0,0.5
f52cfef7-e912-4c1f-bd56-a361a6d26098,103,3.433333333333333,right_knee,0.5,0.5,0.0,540.0,960.0,0.5
f52cfef7-e912-4c1f-bd56-a361a6d26098,103,3.433333333333333,left_ankle,0.5,0.5,0.0,540.0,960.0,0.5
f52cfef7-e912-4c1f-bd56-a361a6d26098,103,3.433333333333333,right_ankle,0.5,0.5,0.0,540.0,960.0,0.5
f52cfef7-e912-4c1f-bd56-a361a6d26098,103,3.433333333333333,left_heel,0.5,0.5,0.0,540.0,960.0,0.5
f52cfef7-e912-4c1f-bd56-a361a6d26098,103,3.433333333333333,right_heel,0.5,0.5,0.0,540.0,960.0,0.5
f52cfef7-e912-4c1f-bd56-a361a6d26098,103,3.433333333333333,left_foot_index,0.5,0.5,0.0,540.0,960.0,0.5
f52cfef7-e912-4c1f-bd56-a361a6d26098,103,3.433333333333333,right_foot_index,0.5,0.5,0.0,540.0,960.0,0.5
f52cfef7-e912-4c1f-bd56-a361a6d26098,104,3.466666666666667,nose,0.5,0.5,0.0,540.0,960.0,0.5
f52cfef7-e912-4c1f-bd56-a361a6d26098,104,3.466666666666667,left_shoulder,0.5,0.5,0.0,540.0,960.0,0.5
f52cfef7-e912-4c1f-bd56-a361a6d26098,104,3.466666666666667,right_shoulder,0.5,0.5,0.0,540.0,960.0,0.5
f52cfef7-e912-4c1f-bd56-a361a6d26098,104,3.466666666666667,left_elbow,0.5,0.5,0.0,540.0,960.0,0.5
f52cfef7-e912-4c1f-bd56-a361a6d26098,104,3.466666666666667,right_elbow,0.5,0.5,0.0,540.0,960.0,0.5
f52cfef7-e912-4c1f-bd56-a361a6d26098,104,3.466666666666667,left_wrist,0.5,0.5,0.0,540.0,960.0,0.5
f52cfef7-e912-4c1f-bd56-a361a6d26098,104,3.466666666666667,right_wrist,0.5,0.5,0.0,540.0,960.0,0.5
f52cfef7-e912-4c1f-bd56-a361a6d26098,104,3.466666666666667,left_hip,0.5,0.5,0.0,540.0,960.0,0.5
f52cfef7-e912-4c1f-bd56-a361a6d26098,104,3.466666666666667,right_hip,0.5,0.5,0.0,540.0,960.0,0.5
f52cfef7-e912-4c1f-bd56-a361a6d26098,104,3.466666666666667,left_knee,0.5,0.5,0.0,540.0,960.0,0.5
f52cfef7-e912-4c1f-bd56-a361a6d26098,104,3.466666666666667,right_knee,0.5,0.5,0.0,540.0,960.0,0.5
f52cfef7-e912-4c1f-bd56-a361a6d26098,104,3.466666666666667,left_ankle,0.5,0.5,0.0,540.0,960.0,0.5
f52cfef7-e912-4c1f-bd56-a361a6d26098,104,3.466666666666667,right_ankle,0.5,0.5,0.0,540.0,960.0,0.5
f52cfef7-e912-4c1f-bd56-a361a6d26098,104,3.466666666666667,left_heel,0.5,0.5,0.0,540.0,960.0,0.5
f52cfef7-e912-4c1f-bd56-a361a6d26098,104,3.466666666666667,right_heel,0.5,0.5,0.0,540.0,960.0,0.5
f52cfef7-e912-4c1f-bd56-a361a6d26098,104,3.466666666666667,left_foot_index,0.5,0.5,0.0,540.0,960.0,0.5
f52cfef7-e912-4c1f-bd56-a361a6d26098,104,3.466666666666667,right_foot_index,0.5,0.5,0.0,540.0,960.0,0.5
f52cfef7-e912-4c1f-bd56-a361a6d26098,105,3.5,nose,0.5,0.5,0.0,540.0,960.0,0.5
f52cfef7-e912-4c1f-bd56-a361a6d26098,105,3.5,left_shoulder,0.5,0.5,0.0,540.0,960.0,0.5
f52cfef7-e912-4c1f-bd56-a361a6d26098,105,3.5,right_shoulder,0.5,0.5,0.0,540.0,960.0,0.5
f52cfef7-e912-4c1f-bd56-a361a6d26098,105,3.5,left_elbow,0.5,0.5,0.0,540.0,960.0,0.5
f52cfef7-e912-4c1f-bd56-a361a6d26098,105,3.5,right_elbow,0.5,0.5,0.0,540.0,960.0,0.5
f52cfef7-e912-4c1f-bd56-a361a6d26098,105,3.5,left_wrist,0.5,0.5,0.0,540.0,960.0,0.5
f52cfef7-e912-4c1f-bd56-a361a6d26098,105,3.5,right_wrist,0.5,0.5,0.0,540.0,960.0,0.5
f52cfef7-e912-4c1f-bd56-a361a6d26098,105,3.5,left_hip,0.5,0.5,0.0,540.0,960.0,0.5
f52cfef7-e912-4c1f-bd56-a361a6d26098,105,3.5,right_hip,0.5,0.5,0.0,540.0,960.0,0.5
f52cfef7-e912-4c1f-bd56-a361a6d26098,105,3.5,left_knee,0.5,0.5,0.0,540.0,960.0,0.5
f52cfef7-e912-4c1f-bd56-a361a6d26098,105,3.5,right_knee,0.5,0.5,0.0,540.0,960.0,0.5
f52cfef7-e912-4c1f-bd56-a361a6d26098,105,3.5,left_ankle,0.5,0.5,0.0,540.0,960.0,0.5
f52cfef7-e912-4c1f-bd56-a361a6d26098,105,3.5,right_ankle,0.5,0.5,0.0,540.0,960.0,0.5
f52cfef7-e912-4c1f-bd56-a361a6d26098,105,3.5,left_heel,0.5,0.5,0.0,540.0,960.0,0.5
f52cfef7-e912-4c1f-bd56-a361a6d26098,105,3.5,right_heel,0.5,0.5,0.0,540.0,960.0,0.5
f52cfef7-e912-4c1f-bd56-a361a6d26098,105,3.5,left_foot_index,0.5,0.5,0.0,540.0,960.0,0.5
f52cfef7-e912-4c1f-bd56-a361a6d26098,105,3.5,right_foot_index,0.5,0.5,0.0,540.0,960.0,0.5
f52cfef7-e912-4c1f-bd56-a361a6d26098,106,3.533333333333333,nose,0.5,0.5,0.0,540.0,960.0,0.5
f52cfef7-e912-4c1f-bd56-a361a6d26098,106,3.533333333333333,left_shoulder,0.5,0.5,0.0,540.0,960.0,0.5
f52cfef7-e912-4c1f-bd56-a361a6d26098,106,3.533333333333333,right_shoulder,0.5,0.5,0.0,540.0,960.0,0.5
f52cfef7-e912-4c1f-bd56-a361a6d26098,106,3.533333333333333,left_elbow,0.5,0.5,0.0,540.0,960.0,0.5
f52cfef7-e912-4c1f-bd56-a361a6d26098,106,3.533333333333333,right_elbow,0.5,0.5,0.0,540.0,960.0,0.5
f52cfef7-e912-4c1f-bd56-a361a6d26098,106,3.533333333333333,left_wrist,0.5,0.5,0.0,540.0,960.0,0.5
f52cfef7-e912-4c1f-bd56-a361a6d26098,106,3.533333333333333,right_wrist,0.5,0.5,0.0,540.0,960.0,0.5
f52cfef7-e912-4c1f-bd56-a361a6d26098,106,3.533333333333333,left_hip,0.5,0.5,0.0,540.0,960.0,0.5
f52cfef7-e912-4c1f-bd56-a361a6d26098,106,3.533333333333333,right_hip,0.5,0.5,0.0,540.0,960.0,0.5
f52cfef7-e912-4c1f-bd56-a361a6d26098,106,3.533333333333333,left_knee,0.5,0.5,0.0,540.0,960.0,0.5
f52cfef7-e912-4c1f-bd56-a361a6d26098,106,3.533333333333333,right_knee,0.5,0.5,0.0,540.0,960.0,0.5
f52cfef7-e912-4c1f-bd56-a361a6d26098,106,3.533333333333333,left_ankle,0.5,0.5,0.0,540.0,960.0,0.5
f52cfef7-e912-4c1f-bd56-a361a6d26098,106,3.533333333333333,right_ankle,0.5,0.5,0.0,540.0,960.0,0.5
f52cfef7-e912-4c1f-bd56-a361a6d26098,106,3.533333333333333,left_heel,0.5,0.5,0.0,540.0,960.0,0.5
f52cfef7-e912-4c1f-bd56-a361a6d26098,106,3.533333333333333,right_heel,0.5,0.5,0.0,540.0,960.0,0.5
f52cfef7-e912-4c1f-bd56-a361a6d26098,106,3.533333333333333,left_foot_index,0.5,0.5,0.0,540.0,960.0,0.5
f52cfef7-e912-4c1f-bd56-a361a6d26098,106,3.533333333333333,right_foot_index,0.5,0.5,0.0,540.0,960.0,0.5
f52cfef7-e912-4c1f-bd56-a361a6d26098,107,3.566666666666667,nose,0.5,0.5,0.0,540.0,960.0,0.5
f52cfef7-e912-4c1f-bd56-a361a6d26098,107,3.566666666666667,left_shoulder,0.5,0.5,0.0,540.0,960.0,0.5
f52cfef7-e912-4c1f-bd56-a361a6d26098,107,3.566666666666667,right_shoulder,0.5,0.5,0.0,540.0,960.0,0.5
f52cfef7-e912-4c1f-bd56-a361a6d26098,107,3.566666666666667,left_elbow,0.5,0.5,0.0,540.0,960.0,0.5
f52cfef7-e912-4c1f-bd56-a361a6d26098,107,3.566666666666667,right_elbow,0.5,0.5,0.0,540.0,960.0,0.5
f52cfef7-e912-4c1f-bd56-a361a6d26098,107,3.566666666666667,left_wrist,0.5,0.5,0.0,540.0,960.0,0.5
f52cfef7-e912-4c1f-bd56-a361a6d26098,107,3.566666666666667,right_wrist,0.5,0.5,0.0,540.0,960.0,0.5
f52cfef7-e912-4c1f-bd56-a361a6d26098,107,3.566666666666667,left_hip,0.5,0.5,0.0,540.0,960.0,0.5
f52cfef7-e912-4c1f-bd56-a361a6d26098,107,3.566666666666667,right_hip,0.5,0.5,0.0,540.0,960.0,0.5
f52cfef7-e912-4c1f-bd56-a361a6d26098,107,3.566666666666667,left_knee,0.5,0.5,0.0,540.0,960.0,0.5
f52cfef7-e912-4c1f-bd56-a361a6d26098,107,3.566666666666667,right_knee,0.5,0.5,0.0,540.0,960.0,0.5
f52cfef7-e912-4c1f-bd56-a361a6d26098,107,3.566666666666667,left_ankle,0.5,0.5,0.0,540.0,960.0,0.5
f52cfef7-e912-4c1f-bd56-a361a6d26098,107,3.566666666666667,right_ankle,0.5,0.5,0.0,540.0,960.0,0.5
f52cfef7-e912-4c1f-bd56-a361a6d26098,107,3.566666666666667,left_heel,0.5,0.5,0.0,540.0,960.0,0.5
f52cfef7-e912-4c1f-bd56-a361a6d26098,107,3.566666666666667,right_heel,0.5,0.5,0.0,540.0,960.0,0.5
f52cfef7-e912-4c1f-bd56-a361a6d26098,107,3.566666666666667,left_foot_index,0.5,0.5,0.0,540.0,960.0,0.5
f52cfef7-e912-4c1f-bd56-a361a6d26098,107,3.566666666666667,right_foot_index,0.5,0.5,0.0,540.0,960.0,0.5
f52cfef7-e912-4c1f-bd56-a361a6d26098,108,3.6,nose,0.5,0.5,0.0,540.0,960.0,0.5
f52cfef7-e912-4c1f-bd56-a361a6d26098,108,3.6,left_shoulder,0.5,0.5,0.0,540.0,960.0,0.5
f52cfef7-e912-4c1f-bd56-a361a6d26098,108,3.6,right_shoulder,0.5,0.5,0.0,540.0,960.0,0.5
f52cfef7-e912-4c1f-bd56-a361a6d26098,108,3.6,left_elbow,0.5,0.5,0.0,540.0,960.0,0.5
f52cfef7-e912-4c1f-bd56-a361a6d26098,108,3.6,right_elbow,0.5,0.5,0.0,540.0,960.0,0.5
f52cfef7-e912-4c1f-bd56-a361a6d26098,108,3.6,left_wrist,0.5,0.5,0.0,540.0,960.0,0.5
f52cfef7-e912-4c1f-bd56-a361a6d26098,108,3.6,right_wrist,0.5,0.5,0.0,540.0,960.0,0.5
f52cfef7-e912-4c1f-bd56-a361a6d26098,108,3.6,left_hip,0.5,0.5,0.0,540.0,960.0,0.5
f52cfef7-e912-4c1f-bd56-a361a6d26098,108,3.6,right_hip,0.5,0.5,0.0,540.0,960.0,0.5
f52cfef7-e912-4c1f-bd56-a361a6d26098,108,3.6,left_knee,0.5,0.5,0.0,540.0,960.0,0.5
f52cfef7-e912-4c1f-bd56-a361a6d26098,108,3.6,right_knee,0.5,0.5,0.0,540.0,960.0,0.5
f52cfef7-e912-4c1f-bd56-a361a6d26098,108,3.6,left_ankle,0.5,0.5,0.0,540.0,960.0,0.5
f52cfef7-e912-4c1f-bd56-a361a6d26098,108,3.6,right_ankle,0.5,0.5,0.0,540.0,960.0,0.5
f52cfef7-e912-4c1f-bd56-a361a6d26098,108,3.6,left_heel,0.5,0.5,0.0,540.0,960.0,0.5
f52cfef7-e912-4c1f-bd56-a361a6d26098,108,3.6,right_heel,0.5,0.5,0.0,540.0,960.0,0.5
f52cfef7-e912-4c1f-bd56-a361a6d26098,108,3.6,left_foot_index,0.5,0.5,0.0,540.0,960.0,0.5
f52cfef7-e912-4c1f-bd56-a361a6d26098,108,3.6,right_foot_index,0.5,0.5,0.0,540.0,960.0,0.5
f52cfef7-e912-4c1f-bd56-a361a6d26098,109,3.6333333333333333,nose,0.5,0.5,0.0,540.0,960.0,0.5
f52cfef7-e912-4c1f-bd56-a361a6d26098,109,3.6333333333333333,left_shoulder,0.5,0.5,0.0,540.0,960.0,0.5
f52cfef7-e912-4c1f-bd56-a361a6d26098,109,3.6333333333333333,right_shoulder,0.5,0.5,0.0,540.0,960.0,0.5
f52cfef7-e912-4c1f-bd56-a361a6d26098,109,3.6333333333333333,left_elbow,0.5,0.5,0.0,540.0,960.0,0.5
f52cfef7-e912-4c1f-bd56-a361a6d26098,109,3.6333333333333333,right_elbow,0.5,0.5,0.0,540.0,960.0,0.5
f52cfef7-e912-4c1f-bd56-a361a6d26098,109,3.6333333333333333,left_wrist,0.5,0.5,0.0,540.0,960.0,0.5
f52cfef7-e912-4c1f-bd56-a361a6d26098,109,3.6333333333333333,right_wrist,0.5,0.5,0.0,540.0,960.0,0.5
f52cfef7-e912-4c1f-bd56-a361a6d26098,109,3.6333333333333333,left_hip,0.5,0.5,0.0,540.0,960.0,0.5
f52cfef7-e912-4c1f-bd56-a361a6d26098,109,3.6333333333333333,right_hip,0.5,0.5,0.0,540.0,960.0,0.5
f52cfef7-e912-4c1f-bd56-a361a6d26098,109,3.6333333333333333,left_knee,0.5,0.5,0.0,540.0,960.0,0.5
f52cfef7-e912-4c1f-bd56-a361a6d26098,109,3.6333333333333333,right_knee,0.5,0.5,0.0,540.0,960.0,0.5
f52cfef7-e912-4c1f-bd56-a361a6d26098,109,3.6333333333333333,left_ankle,0.5,0.5,0.0,540.0,960.0,0.5
f52cfef7-e912-4c1f-bd56-a361a6d26098,109,3.6333333333333333,right_ankle,0.5,0.5,0.0,540.0,960.0,0.5
f52cfef7-e912-4c1f-bd56-a361a6d26098,109,3.6333333333333333,left_heel,0.5,0.5,0.0,540.0,960.0,0.5
f52cfef7-e912-4c1f-bd56-a361a6d26098,109,3.6333333333333333,right_heel,0.5,0.5,0.0,540.0,960.0,0.5
f52cfef7-e912-4c1f-bd56-a361a6d26098,109,3.6333333333333333,left_foot_index,0.5,0.5,0.0,540.0,960.0,0.5
f52cfef7-e912-4c1f-bd56-a361a6d26098,109,3.6333333333333333,right_foot_index,0.5,0.5,0.0,540.0,960.0,0.5
f52cfef7-e912-4c1f-bd56-a361a6d26098,110,3.6666666666666665,nose,0.5,0.5,0.0,540.0,960.0,0.5
f52cfef7-e912-4c1f-bd56-a361a6d26098,110,3.6666666666666665,left_shoulder,0.5,0.5,0.0,540.0,960.0,0.5
f52cfef7-e912-4c1f-bd56-a361a6d26098,110,3.6666666666666665,right_shoulder,0.5,0.5,0.0,540.0,960.0,0.5
f52cfef7-e912-4c1f-bd56-a361a6d26098,110,3.6666666666666665,left_elbow,0.5,0.5,0.0,540.0,960.0,0.5
f52cfef7-e912-4c1f-bd56-a361a6d26098,110,3.6666666666666665,right_elbow,0.5,0.5,0.0,540.0,960.0,0.5
f52cfef7-e912-4c1f-bd56-a361a6d26098,110,3.6666666666666665,left_wrist,0.5,0.5,0.0,540.0,960.0,0.5
f52cfef7-e912-4c1f-bd56-a361a6d26098,110,3.6666666666666665,right_wrist,0.5,0.5,0.0,540.0,960.0,0.5
f52cfef7-e912-4c1f-bd56-a361a6d26098,110,3.6666666666666665,left_hip,0.5,0.5,0.0,540.0,960.0,0.5
f52cfef7-e912-4c1f-bd56-a361a6d26098,110,3.6666666666666665,right_hip,0.5,0.5,0.0,540.0,960.0,0.5
f52cfef7-e912-4c1f-bd56-a361a6d26098,110,3.6666666666666665,left_knee,0.5,0.5,0.0,540.0,960.0,0.5
f52cfef7-e912-4c1f-bd56-a361a6d26098,110,3.6666666666666665,right_knee,0.5,0.5,0.0,540.0,960.0,0.5
f52cfef7-e912-4c1f-bd56-a361a6d26098,110,3.6666666666666665,left_ankle,0.5,0.5,0.0,540.0,960.0,0.5
f52cfef7-e912-4c1f-bd56-a361a6d26098,110,3.6666666666666665,right_ankle,0.5,0.5,0.0,540.0,960.0,0.5
f52cfef7-e912-4c1f-bd56-a361a6d26098,110,3.6666666666666665,left_heel,0.5,0.5,0.0,540.0,960.0,0.5
f52cfef7-e912-4c1f-bd56-a361a6d26098,110,3.6666666666666665,right_heel,0.5,0.5,0.0,540.0,960.0,0.5
f52cfef7-e912-4c1f-bd56-a361a6d26098,110,3.6666666666666665,left_foot_index,0.5,0.5,0.0,540.0,960.0,0.5
f52cfef7-e912-4c1f-bd56-a361a6d26098,110,3.6666666666666665,right_foot_index,0.5,0.5,0.0,540.0,960.0,0.5
f52cfef7-e912-4c1f-bd56-a361a6d26098,111,3.7,nose,0.5,0.5,0.0,540.0,960.0,0.5
f52cfef7-e912-4c1f-bd56-a361a6d26098,111,3.7,left_shoulder,0.5,0.5,0.0,540.0,960.0,0.5
f52cfef7-e912-4c1f-bd56-a361a6d26098,111,3.7,right_shoulder,0.5,0.5,0.0,540.0,960.0,0.5
f52cfef7-e912-4c1f-bd56-a361a6d26098,111,3.7,left_elbow,0.5,0.5,0.0,540.0,960.0,0.5
f52cfef7-e912-4c1f-bd56-a361a6d26098,111,3.7,right_elbow,0.5,0.5,0.0,540.0,960.0,0.5
f52cfef7-e912-4c1f-bd56-a361a6d26098,111,3.7,left_wrist,0.5,0.5,0.0,540.0,960.0,0.5
f52cfef7-e912-4c1f-bd56-a361a6d26098,111,3.7,right_wrist,0.5,0.5,0.0,540.0,960.0,0.5
f52cfef7-e912-4c1f-bd56-a361a6d26098,111,3.7,left_hip,0.5,0.5,0.0,540.0,960.0,0.5
f52cfef7-e912-4c1f-bd56-a361a6d26098,111,3.7,right_hip,0.5,0.5,0.0,540.0,960.0,0.5
f52cfef7-e912-4c1f-bd56-a361a6d26098,111,3.7,left_knee,0.5,0.5,0.0,540.0,960.0,0.5
f52cfef7-e912-4c1f-bd56-a361a6d26098,111,3.7,right_knee,0.5,0.5,0.0,540.0,960.0,0.5
f52cfef7-e912-4c1f-bd56-a361a6d26098,111,3.7,left_ankle,0.5,0.5,0.0,540.0,960.0,0.5
f52cfef7-e912-4c1f-bd56-a361a6d26098,111,3.7,right_ankle,0.5,0.5,0.0,540.0,960.0,0.5
f52cfef7-e912-4c1f-bd56-a361a6d26098,111,3.7,left_heel,0.5,0.5,0.0,540.0,960.0,0.5
f52cfef7-e912-4c1f-bd56-a361a6d26098,111,3.7,right_heel,0.5,0.5,0.0,540.0,960.0,0.5
f52cfef7-e912-4c1f-bd56-a361a6d26098,111,3.7,left_foot_index,0.5,0.5,0.0,540.0,960.0,0.5
f52cfef7-e912-4c1f-bd56-a361a6d26098,111,3.7,right_foot_index,0.5,0.5,0.0,540.0,960.0,0.5
f52cfef7-e912-4c1f-bd56-a361a6d26098,112,3.7333333333333334,nose,0.5,0.5,0.0,540.0,960.0,0.5
f52cfef7-e912-4c1f-bd56-a361a6d26098,112,3.7333333333333334,left_shoulder,0.5,0.5,0.0,540.0,960.0,0.5
f52cfef7-e912-4c1f-bd56-a361a6d26098,112,3.7333333333333334,right_shoulder,0.5,0.5,0.0,540.0,960.0,0.5
f52cfef7-e912-4c1f-bd56-a361a6d26098,112,3.7333333333333334,left_elbow,0.5,0.5,0.0,540.0,960.0,0.5
f52cfef7-e912-4c1f-bd56-a361a6d26098,112,3.7333333333333334,right_elbow,0.5,0.5,0.0,540.0,960.0,0.5
f52cfef7-e912-4c1f-bd56-a361a6d26098,112,3.7333333333333334,left_wrist,0.5,0.5,0.0,540.0,960.0,0.5
f52cfef7-e912-4c1f-bd56-a361a6d26098,112,3.7333333333333334,right_wrist,0.5,0.5,0.0,540.0,960.0,0.5
f52cfef7-e912-4c1f-bd56-a361a6d26098,112,3.7333333333333334,left_hip,0.5,0.5,0.0,540.0,960.0,0.5
f52cfef7-e912-4c1f-bd56-a361a6d26098,112,3.7333333333333334,right_hip,0.5,0.5,0.0,540.0,960.0,0.5
f52cfef7-e912-4c1f-bd56-a361a6d26098,112,3.7333333333333334,left_knee,0.5,0.5,0.0,540.0,960.0,0.5
f52cfef7-e912-4c1f-bd56-a361a6d26098,112,3.7333333333333334,right_knee,0.5,0.5,0.0,540.0,960.0,0.5
f52cfef7-e912-4c1f-bd56-a361a6d26098,112,3.7333333333333334,left_ankle,0.5,0.5,0.0,540.0,960.0,0.5
f52cfef7-e912-4c1f-bd56-a361a6d26098,112,3.7333333333333334,right_ankle,0.5,0.5,0.0,540.0,960.0,0.5
f52cfef7-e912-4c1f-bd56-a361a6d26098,112,3.7333333333333334,left_heel,0.5,0.5,0.0,540.0,960.0,0.5
f52cfef7-e912-4c1f-bd56-a361a6d26098,112,3.7333333333333334,right_heel,0.5,0.5,0.0,540.0,960.0,0.5
f52cfef7-e912-4c1f-bd56-a361a6d26098,112,3.7333333333333334,left_foot_index,0.5,0.5,0.0,540.0,960.0,0.5
f52cfef7-e912-4c1f-bd56-a361a6d26098,112,3.7333333333333334,right_foot_index,0.5,0.5,0.0,540.0,960.0,0.5
f52cfef7-e912-4c1f-bd56-a361a6d26098,113,3.7666666666666666,nose,0.5,0.5,0.0,540.0,960.0,0.5
f52cfef7-e912-4c1f-bd56-a361a6d26098,113,3.7666666666666666,left_shoulder,0.5,0.5,0.0,540.0,960.0,0.5
f52cfef7-e912-4c1f-bd56-a361a6d26098,113,3.7666666666666666,right_shoulder,0.5,0.5,0.0,540.0,960.0,0.5
f52cfef7-e912-4c1f-bd56-a361a6d26098,113,3.7666666666666666,left_elbow,0.5,0.5,0.0,540.0,960.0,0.5
f52cfef7-e912-4c1f-bd56-a361a6d26098,113,3.7666666666666666,right_elbow,0.5,0.5,0.0,540.0,960.0,0.5
f52cfef7-e912-4c1f-bd56-a361a6d26098,113,3.7666666666666666,left_wrist,0.5,0.5,0.0,540.0,960.0,0.5
f52cfef7-e912-4c1f-bd56-a361a6d26098,113,3.7666666666666666,right_wrist,0.5,0.5,0.0,540.0,960.0,0.5
f52cfef7-e912-4c1f-bd56-a361a6d26098,113,3.7666666666666666,left_hip,0.5,0.5,0.0,540.0,960.0,0.5
f52cfef7-e912-4c1f-bd56-a361a6d26098,113,3.7666666666666666,right_hip,0.5,0.5,0.0,540.0,960.0,0.5
f52cfef7-e912-4c1f-bd56-a361a6d26098,113,3.7666666666666666,left_knee,0.5,0.5,0.0,540.0,960.0,0.5
f52cfef7-e912-4c1f-bd56-a361a6d26098,113,3.7666666666666666,right_knee,0.5,0.5,0.0,540.0,960.0,0.5
f52cfef7-e912-4c1f-bd56-a361a6d26098,113,3.7666666666666666,left_ankle,0.5,0.5,0.0,540.0,960.0,0.5
f52cfef7-e912-4c1f-bd56-a361a6d26098,113,3.7666666666666666,right_ankle,0.5,0.5,0.0,540.0,960.0,0.5
f52cfef7-e912-4c1f-bd56-a361a6d26098,113,3.7666666666666666,left_heel,0.5,0.5,0.0,540.0,960.0,0.5
f52cfef7-e912-4c1f-bd56-a361a6d26098,113,3.7666666666666666,right_heel,0.5,0.5,0.0,540.0,960.0,0.5
f52cfef7-e912-4c1f-bd56-a361a6d26098,113,3.7666666666666666,left_foot_index,0.5,0.5,0.0,540.0,960.0,0.5
f52cfef7-e912-4c1f-bd56-a361a6d26098,113,3.7666666666666666,right_foot_index,0.5,0.5,0.0,540.0,960.0,0.5
f52cfef7-e912-4c1f-bd56-a361a6d26098,114,3.8,nose,0.5,0.5,0.0,540.0,960.0,0.5
f52cfef7-e912-4c1f-bd56-a361a6d26098,114,3.8,left_shoulder,0.5,0.5,0.0,540.0,960.0,0.5
f52cfef7-e912-4c1f-bd56-a361a6d26098,114,3.8,right_shoulder,0.5,0.5,0.0,540.0,960.0,0.5
f52cfef7-e912-4c1f-bd56-a361a6d26098,114,3.8,left_elbow,0.5,0.5,0.0,540.0,960.0,0.5
f52cfef7-e912-4c1f-bd56-a361a6d26098,114,3.8,right_elbow,0.5,0.5,0.0,540.0,960.0,0.5
f52cfef7-e912-4c1f-bd56-a361a6d26098,114,3.8,left_wrist,0.5,0.5,0.0,540.0,960.0,0.5
f52cfef7-e912-4c1f-bd56-a361a6d26098,114,3.8,right_wrist,0.5,0.5,0.0,540.0,960.0,0.5
f52cfef7-e912-4c1f-bd56-a361a6d26098,114,3.8,left_hip,0.5,0.5,0.0,540.0,960.0,0.5
f52cfef7-e912-4c1f-bd56-a361a6d26098,114,3.8,right_hip,0.5,0.5,0.0,540.0,960.0,0.5
f52cfef7-e912-4c1f-bd56-a361a6d26098,114,3.8,left_knee,0.5,0.5,0.0,540.0,960.0,0.5
f52cfef7-e912-4c1f-bd56-a361a6d26098,114,3.8,right_knee,0.5,0.5,0.0,540.0,960.0,0.5
f52cfef7-e912-4c1f-bd56-a361a6d26098,114,3.8,left_ankle,0.5,0.5,0.0,540.0,960.0,0.5
f52cfef7-e912-4c1f-bd56-a361a6d26098,114,3.8,right_ankle,0.5,0.5,0.0,540.0,960.0,0.5
f52cfef7-e912-4c1f-bd56-a361a6d26098,114,3.8,left_heel,0.5,0.5,0.0,540.0,960.0,0.5
f52cfef7-e912-4c1f-bd56-a361a6d26098,114,3.8,right_heel,0.5,0.5,0.0,540.0,960.0,0.5
f52cfef7-e912-4c1f-bd56-a361a6d26098,114,3.8,left_foot_index,0.5,0.5,0.0,540.0,960.0,0.5
f52cfef7-e912-4c1f-bd56-a361a6d26098,114,3.8,right_foot_index,0.5,0.5,0.0,540.0,960.0,0.5
f52cfef7-e912-4c1f-bd56-a361a6d26098,115,3.8333333333333335,nose,0.5,0.5,0.0,540.0,960.0,0.5
f52cfef7-e912-4c1f-bd56-a361a6d26098,115,3.8333333333333335,left_shoulder,0.5,0.5,0.0,540.0,960.0,0.5
f52cfef7-e912-4c1f-bd56-a361a6d26098,115,3.8333333333333335,right_shoulder,0.5,0.5,0.0,540.0,960.0,0.5
f52cfef7-e912-4c1f-bd56-a361a6d26098,115,3.8333333333333335,left_elbow,0.5,0.5,0.0,540.0,960.0,0.5
f52cfef7-e912-4c1f-bd56-a361a6d26098,115,3.8333333333333335,right_elbow,0.5,0.5,0.0,540.0,960.0,0.5
f52cfef7-e912-4c1f-bd56-a361a6d26098,115,3.8333333333333335,left_wrist,0.5,0.5,0.0,540.0,960.0,0.5
f52cfef7-e912-4c1f-bd56-a361a6d26098,115,3.8333333333333335,right_wrist,0.5,0.5,0.0,540.0,960.0,0.5
f52cfef7-e912-4c1f-bd56-a361a6d26098,115,3.8333333333333335,left_hip,0.5,0.5,0.0,540.0,960.0,0.5
f52cfef7-e912-4c1f-bd56-a361a6d26098,115,3.8333333333333335,right_hip,0.5,0.5,0.0,540.0,960.0,0.5
f52cfef7-e912-4c1f-bd56-a361a6d26098,115,3.8333333333333335,left_knee,0.5,0.5,0.0,540.0,960.0,0.5
f52cfef7-e912-4c1f-bd56-a361a6d26098,115,3.8333333333333335,right_knee,0.5,0.5,0.0,540.0,960.0,0.5
f52cfef7-e912-4c1f-bd56-a361a6d26098,115,3.8333333333333335,left_ankle,0.5,0.5,0.0,540.0,960.0,0.5
f52cfef7-e912-4c1f-bd56-a361a6d26098,115,3.8333333333333335,right_ankle,0.5,0.5,0.0,540.0,960.0,0.5
f52cfef7-e912-4c1f-bd56-a361a6d26098,115,3.8333333333333335,left_heel,0.5,0.5,0.0,540.0,960.0,0.5
f52cfef7-e912-4c1f-bd56-a361a6d26098,115,3.8333333333333335,right_heel,0.5,0.5,0.0,540.0,960.0,0.5
f52cfef7-e912-4c1f-bd56-a361a6d26098,115,3.8333333333333335,left_foot_index,0.5,0.5,0.0,540.0,960.0,0.5
f52cfef7-e912-4c1f-bd56-a361a6d26098,115,3.8333333333333335,right_foot_index,0.5,0.5,0.0,540.0,960.0,0.5
f52cfef7-e912-4c1f-bd56-a361a6d26098,116,3.8666666666666667,nose,0.5,0.5,0.0,540.0,960.0,0.5
f52cfef7-e912-4c1f-bd56-a361a6d26098,116,3.8666666666666667,left_shoulder,0.5,0.5,0.0,540.0,960.0,0.5
f52cfef7-e912-4c1f-bd56-a361a6d26098,116,3.8666666666666667,right_shoulder,0.5,0.5,0.0,540.0,960.0,0.5
f52cfef7-e912-4c1f-bd56-a361a6d26098,116,3.8666666666666667,left_elbow,0.5,0.5,0.0,540.0,960.0,0.5
f52cfef7-e912-4c1f-bd56-a361a6d26098,116,3.8666666666666667,right_elbow,0.5,0.5,0.0,540.0,960.0,0.5
f52cfef7-e912-4c1f-bd56-a361a6d26098,116,3.8666666666666667,left_wrist,0.5,0.5,0.0,540.0,960.0,0.5
f52cfef7-e912-4c1f-bd56-a361a6d26098,116,3.8666666666666667,right_wrist,0.5,0.5,0.0,540.0,960.0,0.5
f52cfef7-e912-4c1f-bd56-a361a6d26098,116,3.8666666666666667,left_hip,0.5,0.5,0.0,540.0,960.0,0.5
f52cfef7-e912-4c1f-bd56-a361a6d26098,116,3.8666666666666667,right_hip,0.5,0.5,0.0,540.0,960.0,0.5
f52cfef7-e912-4c1f-bd56-a361a6d26098,116,3.8666666666666667,left_knee,0.5,0.5,0.0,540.0,960.0,0.5
f52cfef7-e912-4c1f-bd56-a361a6d26098,116,3.8666666666666667,right_knee,0.5,0.5,0.0,540.0,960.0,0.5
f52cfef7-e912-4c1f-bd56-a361a6d26098,116,3.8666666666666667,left_ankle,0.5,0.5,0.0,540.0,960.0,0.5
f52cfef7-e912-4c1f-bd56-a361a6d26098,116,3.8666666666666667,right_ankle,0.5,0.5,0.0,540.0,960.0,0.5
f52cfef7-e912-4c1f-bd56-a361a6d26098,116,3.8666666666666667,left_heel,0.5,0.5,0.0,540.0,960.0,0.5
f52cfef7-e912-4c1f-bd56-a361a6d26098,116,3.8666666666666667,right_heel,0.5,0.5,0.0,540.0,960.0,0.5
f52cfef7-e912-4c1f-bd56-a361a6d26098,116,3.8666666666666667,left_foot_index,0.5,0.5,0.0,540.0,960.0,0.5
f52cfef7-e912-4c1f-bd56-a361a6d26098,116,3.8666666666666667,right_foot_index,0.5,0.5,0.0,540.0,960.0,0.5
f52cfef7-e912-4c1f-bd56-a361a6d26098,117,3.9,nose,0.5,0.5,0.0,540.0,960.0,0.5
f52cfef7-e912-4c1f-bd56-a361a6d26098,117,3.9,left_shoulder,0.5,0.5,0.0,540.0,960.0,0.5
f52cfef7-e912-4c1f-bd56-a361a6d26098,117,3.9,right_shoulder,0.5,0.5,0.0,540.0,960.0,0.5
f52cfef7-e912-4c1f-bd56-a361a6d26098,117,3.9,left_elbow,0.5,0.5,0.0,540.0,960.0,0.5
f52cfef7-e912-4c1f-bd56-a361a6d26098,117,3.9,right_elbow,0.5,0.5,0.0,540.0,960.0,0.5
f52cfef7-e912-4c1f-bd56-a361a6d26098,117,3.9,left_wrist,0.5,0.5,0.0,540.0,960.0,0.5
f52cfef7-e912-4c1f-bd56-a361a6d26098,117,3.9,right_wrist,0.5,0.5,0.0,540.0,960.0,0.5
f52cfef7-e912-4c1f-bd56-a361a6d26098,117,3.9,left_hip,0.5,0.5,0.0,540.0,960.0,0.5
f52cfef7-e912-4c1f-bd56-a361a6d26098,117,3.9,right_hip,0.5,0.5,0.0,540.0,960.0,0.5
f52cfef7-e912-4c1f-bd56-a361a6d26098,117,3.9,left_knee,0.5,0.5,0.0,540.0,960.0,0.5
f52cfef7-e912-4c1f-bd56-a361a6d26098,117,3.9,right_knee,0.5,0.5,0.0,540.0,960.0,0.5
f52cfef7-e912-4c1f-bd56-a361a6d26098,117,3.9,left_ankle,0.5,0.5,0.0,540.0,960.0,0.5
f52cfef7-e912-4c1f-bd56-a361a6d26098,117,3.9,right_ankle,0.5,0.5,0.0,540.0,960.0,0.5
f52cfef7-e912-4c1f-bd56-a361a6d26098,117,3.9,left_heel,0.5,0.5,0.0,540.0,960.0,0.5
f52cfef7-e912-4c1f-bd56-a361a6d26098,117,3.9,right_heel,0.5,0.5,0.0,540.0,960.0,0.5
f52cfef7-e912-4c1f-bd56-a361a6d26098,117,3.9,left_foot_index,0.5,0.5,0.0,540.0,960.0,0.5
f52cfef7-e912-4c1f-bd56-a361a6d26098,117,3.9,right_foot_index,0.5,0.5,0.0,540.0,960.0,0.5
f52cfef7-e912-4c1f-bd56-a361a6d26098,118,3.933333333333333,nose,0.5,0.5,0.0,540.0,960.0,0.5
f52cfef7-e912-4c1f-bd56-a361a6d26098,118,3.933333333333333,left_shoulder,0.5,0.5,0.0,540.0,960.0,0.5
f52cfef7-e912-4c1f-bd56-a361a6d26098,118,3.933333333333333,right_shoulder,0.5,0.5,0.0,540.0,960.0,0.5
f52cfef7-e912-4c1f-bd56-a361a6d26098,118,3.933333333333333,left_elbow,0.5,0.5,0.0,540.0,960.0,0.5
f52cfef7-e912-4c1f-bd56-a361a6d26098,118,3.933333333333333,right_elbow,0.5,0.5,0.0,540.0,960.0,0.5
f52cfef7-e912-4c1f-bd56-a361a6d26098,118,3.933333333333333,left_wrist,0.5,0.5,0.0,540.0,960.0,0.5
f52cfef7-e912-4c1f-bd56-a361a6d26098,118,3.933333333333333,right_wrist,0.5,0.5,0.0,540.0,960.0,0.5
f52cfef7-e912-4c1f-bd56-a361a6d26098,118,3.933333333333333,left_hip,0.5,0.5,0.0,540.0,960.0,0.5
f52cfef7-e912-4c1f-bd56-a361a6d26098,118,3.933333333333333,right_hip,0.5,0.5,0.0,540.0,960.0,0.5
f52cfef7-e912-4c1f-bd56-a361a6d26098,118,3.933333333333333,left_knee,0.5,0.5,0.0,540.0,960.0,0.5
f52cfef7-e912-4c1f-bd56-a361a6d26098,118,3.933333333333333,right_knee,0.5,0.5,0.0,540.0,960.0,0.5
f52cfef7-e912-4c1f-bd56-a361a6d26098,118,3.933333333333333,left_ankle,0.5,0.5,0.0,540.0,960.0,0.5
f52cfef7-e912-4c1f-bd56-a361a6d26098,118,3.933333333333333,right_ankle,0.5,0.5,0.0,540.0,960.0,0.5
f52cfef7-e912-4c1f-bd56-a361a6d26098,118,3.933333333333333,left_heel,0.5,0.5,0.0,540.0,960.0,0.5
f52cfef7-e912-4c1f-bd56-a361a6d26098,118,3.933333333333333,right_heel,0.5,0.5,0.0,540.0,960.0,0.5
f52cfef7-e912-4c1f-bd56-a361a6d26098,118,3.933333333333333,left_foot_index,0.5,0.5,0.0,540.0,960.0,0.5
f52cfef7-e912-4c1f-bd56-a361a6d26098,118,3.933333333333333,right_foot_index,0.5,0.5,0.0,540.0,960.0,0.5
f52cfef7-e912-4c1f-bd56-a361a6d26098,119,3.966666666666667,nose,0.5,0.5,0.0,540.0,960.0,0.5
f52cfef7-e912-4c1f-bd56-a361a6d26098,119,3.966666666666667,left_shoulder,0.5,0.5,0.0,540.0,960.0,0.5
f52cfef7-e912-4c1f-bd56-a361a6d26098,119,3.966666666666667,right_shoulder,0.5,0.5,0.0,540.0,960.0,0.5
f52cfef7-e912-4c1f-bd56-a361a6d26098,119,3.966666666666667,left_elbow,0.5,0.5,0.0,540.0,960.0,0.5
f52cfef7-e912-4c1f-bd56-a361a6d26098,119,3.966666666666667,right_elbow,0.5,0.5,0.0,540.0,960.0,0.5
f52cfef7-e912-4c1f-bd56-a361a6d26098,119,3.966666666666667,left_wrist,0.5,0.5,0.0,540.0,960.0,0.5
f52cfef7-e912-4c1f-bd56-a361a6d26098,119,3.966666666666667,right_wrist,0.5,0.5,0.0,540.0,960.0,0.5
f52cfef7-e912-4c1f-bd56-a361a6d26098,119,3.966666666666667,left_hip,0.5,0.5,0.0,540.0,960.0,0.5
f52cfef7-e912-4c1f-bd56-a361a6d26098,119,3.966666666666667,right_hip,0.5,0.5,0.0,540.0,960.0,0.5
f52cfef7-e912-4c1f-bd56-a361a6d26098,119,3.966666666666667,left_knee,0.5,0.5,0.0,540.0,960.0,0.5
f52cfef7-e912-4c1f-bd56-a361a6d26098,119,3.966666666666667,right_knee,0.5,0.5,0.0,540.0,960.0,0.5
f52cfef7-e912-4c1f-bd56-a361a6d26098,119,3.966666666666667,left_ankle,0.5,0.5,0.0,540.0,960.0,0.5
f52cfef7-e912-4c1f-bd56-a361a6d26098,119,3.966666666666667,right_ankle,0.5,0.5,0.0,540.0,960.0,0.5
f52cfef7-e912-4c1f-bd56-a361a6d26098,119,3.966666666666667,left_heel,0.5,0.5,0.0,540.0,960.0,0.5
f52cfef7-e912-4c1f-bd56-a361a6d26098,119,3.966666666666667,right_heel,0.5,0.5,0.0,540.0,960.0,0.5
f52cfef7-e912-4c1f-bd56-a361a6d26098,119,3.966666666666667,left_foot_index,0.5,0.5,0.0,540.0,960.0,0.5
f52cfef7-e912-4c1f-bd56-a361a6d26098,119,3.966666666666667,right_foot_index,0.5,0.5,0.0,540.0,960.0,0.5
f52cfef7-e912-4c1f-bd56-a361a6d26098,120,4.0,nose,0.5,0.5,0.0,540.0,960.0,0.5
f52cfef7-e912-4c1f-bd56-a361a6d26098,120,4.0,left_shoulder,0.5,0.5,0.0,540.0,960.0,0.5
f52cfef7-e912-4c1f-bd56-a361a6d26098,120,4.0,right_shoulder,0.5,0.5,0.0,540.0,960.0,0.5
f52cfef7-e912-4c1f-bd56-a361a6d26098,120,4.0,left_elbow,0.5,0.5,0.0,540.0,960.0,0.5
f52cfef7-e912-4c1f-bd56-a361a6d26098,120,4.0,right_elbow,0.5,0.5,0.0,540.0,960.0,0.5
f52cfef7-e912-4c1f-bd56-a361a6d26098,120,4.0,left_wrist,0.5,0.5,0.0,540.0,960.0,0.5
f52cfef7-e912-4c1f-bd56-a361a6d26098,120,4.0,right_wrist,0.5,0.5,0.0,540.0,960.0,0.5
f52cfef7-e912-4c1f-bd56-a361a6d26098,120,4.0,left_hip,0.5,0.5,0.0,540.0,960.0,0.5
f52cfef7-e912-4c1f-bd56-a361a6d26098,120,4.0,right_hip,0.5,0.5,0.0,540.0,960.0,0.5
f52cfef7-e912-4c1f-bd56-a361a6d26098,120,4.0,left_knee,0.5,0.5,0.0,540.0,960.0,0.5
f52cfef7-e912-4c1f-bd56-a361a6d26098,120,4.0,right_knee,0.5,0.5,0.0,540.0,960.0,0.5
f52cfef7-e912-4c1f-bd56-a361a6d26098,120,4.0,left_ankle,0.5,0.5,0.0,540.0,960.0,0.5
f52cfef7-e912-4c1f-bd56-a361a6d26098,120,4.0,right_ankle,0.5,0.5,0.0,540.0,960.0,0.5
f52cfef7-e912-4c1f-bd56-a361a6d26098,120,4.0,left_heel,0.5,0.5,0.0,540.0,960.0,0.5
f52cfef7-e912-4c1f-bd56-a361a6d26098,120,4.0,right_heel,0.5,0.5,0.0,540.0,960.0,0.5
f52cfef7-e912-4c1f-bd56-a361a6d26098,120,4.0,left_foot_index,0.5,0.5,0.0,540.0,960.0,0.5
f52cfef7-e912-4c1f-bd56-a361a6d26098,120,4.0,right_foot_index,0.5,0.5,0.0,540.0,960.0,0.5
f52cfef7-e912-4c1f-bd56-a361a6d26098,121,4.033333333333333,nose,0.5,0.5,0.0,540.0,960.0,0.5
f52cfef7-e912-4c1f-bd56-a361a6d26098,121,4.033333333333333,left_shoulder,0.5,0.5,0.0,540.0,960.0,0.5
f52cfef7-e912-4c1f-bd56-a361a6d26098,121,4.033333333333333,right_shoulder,0.5,0.5,0.0,540.0,960.0,0.5
f52cfef7-e912-4c1f-bd56-a361a6d26098,121,4.033333333333333,left_elbow,0.5,0.5,0.0,540.0,960.0,0.5
f52cfef7-e912-4c1f-bd56-a361a6d26098,121,4.033333333333333,right_elbow,0.5,0.5,0.0,540.0,960.0,0.5
f52cfef7-e912-4c1f-bd56-a361a6d26098,121,4.033333333333333,left_wrist,0.5,0.5,0.0,540.0,960.0,0.5
f52cfef7-e912-4c1f-bd56-a361a6d26098,121,4.033333333333333,right_wrist,0.5,0.5,0.0,540.0,960.0,0.5
f52cfef7-e912-4c1f-bd56-a361a6d26098,121,4.033333333333333,left_hip,0.5,0.5,0.0,540.0,960.0,0.5
f52cfef7-e912-4c1f-bd56-a361a6d26098,121,4.033333333333333,right_hip,0.5,0.5,0.0,540.0,960.0,0.5
f52cfef7-e912-4c1f-bd56-a361a6d26098,121,4.033333333333333,left_knee,0.5,0.5,0.0,540.0,960.0,0.5
f52cfef7-e912-4c1f-bd56-a361a6d26098,121,4.033333333333333,right_knee,0.5,0.5,0.0,540.0,960.0,0.5
f52cfef7-e912-4c1f-bd56-a361a6d26098,121,4.033333333333333,left_ankle,0.5,0.5,0.0,540.0,960.0,0.5
f52cfef7-e912-4c1f-bd56-a361a6d26098,121,4.033333333333333,right_ankle,0.5,0.5,0.0,540.0,960.0,0.5
f52cfef7-e912-4c1f-bd56-a361a6d26098,121,4.033333333333333,left_heel,0.5,0.5,0.0,540.0,960.0,0.5
f52cfef7-e912-4c1f-bd56-a361a6d26098,121,4.033333333333333,right_heel,0.5,0.5,0.0,540.0,960.0,0.5
f52cfef7-e912-4c1f-bd56-a361a6d26098,121,4.033333333333333,left_foot_index,0.5,0.5,0.0,540.0,960.0,0.5
f52cfef7-e912-4c1f-bd56-a361a6d26098,121,4.033333333333333,right_foot_index,0.5,0.5,0.0,540.0,960.0,0.5
f52cfef7-e912-4c1f-bd56-a361a6d26098,122,4.066666666666666,nose,0.5,0.5,0.0,540.0,960.0,0.5
f52cfef7-e912-4c1f-bd56-a361a6d26098,122,4.066666666666666,left_shoulder,0.5,0.5,0.0,540.0,960.0,0.5
f52cfef7-e912-4c1f-bd56-a361a6d26098,122,4.066666666666666,right_shoulder,0.5,0.5,0.0,540.0,960.0,0.5
f52cfef7-e912-4c1f-bd56-a361a6d26098,122,4.066666666666666,left_elbow,0.5,0.5,0.0,540.0,960.0,0.5
f52cfef7-e912-4c1f-bd56-a361a6d26098,122,4.066666666666666,right_elbow,0.5,0.5,0.0,540.0,960.0,0.5
f52cfef7-e912-4c1f-bd56-a361a6d26098,122,4.066666666666666,left_wrist,0.5,0.5,0.0,540.0,960.0,0.5
f52cfef7-e912-4c1f-bd56-a361a6d26098,122,4.066666666666666,right_wrist,0.5,0.5,0.0,540.0,960.0,0.5
f52cfef7-e912-4c1f-bd56-a361a6d26098,122,4.066666666666666,left_hip,0.5,0.5,0.0,540.0,960.0,0.5
f52cfef7-e912-4c1f-bd56-a361a6d26098,122,4.066666666666666,right_hip,0.5,0.5,0.0,540.0,960.0,0.5
f52cfef7-e912-4c1f-bd56-a361a6d26098,122,4.066666666666666,left_knee,0.5,0.5,0.0,540.0,960.0,0.5
f52cfef7-e912-4c1f-bd56-a361a6d26098,122,4.066666666666666,right_knee,0.5,0.5,0.0,540.0,960.0,0.5
f52cfef7-e912-4c1f-bd56-a361a6d26098,122,4.066666666666666,left_ankle,0.5,0.5,0.0,540.0,960.0,0.5
f52cfef7-e912-4c1f-bd56-a361a6d26098,122,4.066666666666666,right_ankle,0.5,0.5,0.0,540.0,960.0,0.5
f52cfef7-e912-4c1f-bd56-a361a6d26098,122,4.066666666666666,left_heel,0.5,0.5,0.0,540.0,960.0,0.5
f52cfef7-e912-4c1f-bd56-a361a6d26098,122,4.066666666666666,right_heel,0.5,0.5,0.0,540.0,960.0,0.5
f52cfef7-e912-4c1f-bd56-a361a6d26098,122,4.066666666666666,left_foot_index,0.5,0.5,0.0,540.0,960.0,0.5
f52cfef7-e912-4c1f-bd56-a361a6d26098,122,4.066666666666666,right_foot_index,0.5,0.5,0.0,540.0,960.0,0.5
f52cfef7-e912-4c1f-bd56-a361a6d26098,123,4.1,nose,0.5,0.5,0.0,540.0,960.0,0.5
f52cfef7-e912-4c1f-bd56-a361a6d26098,123,4.1,left_shoulder,0.5,0.5,0.0,540.0,960.0,0.5
f52cfef7-e912-4c1f-bd56-a361a6d26098,123,4.1,right_shoulder,0.5,0.5,0.0,540.0,960.0,0.5
f52cfef7-e912-4c1f-bd56-a361a6d26098,123,4.1,left_elbow,0.5,0.5,0.0,540.0,960.0,0.5
f52cfef7-e912-4c1f-bd56-a361a6d26098,123,4.1,right_elbow,0.5,0.5,0.0,540.0,960.0,0.5
f52cfef7-e912-4c1f-bd56-a361a6d26098,123,4.1,left_wrist,0.5,0.5,0.0,540.0,960.0,0.5
f52cfef7-e912-4c1f-bd56-a361a6d26098,123,4.1,right_wrist,0.5,0.5,0.0,540.0,960.0,0.5
f52cfef7-e912-4c1f-bd56-a361a6d26098,123,4.1,left_hip,0.5,0.5,0.0,540.0,960.0,0.5
f52cfef7-e912-4c1f-bd56-a361a6d26098,123,4.1,right_hip,0.5,0.5,0.0,540.0,960.0,0.5
f52cfef7-e912-4c1f-bd56-a361a6d26098,123,4.1,left_knee,0.5,0.5,0.0,540.0,960.0,0.5
f52cfef7-e912-4c1f-bd56-a361a6d26098,123,4.1,right_knee,0.5,0.5,0.0,540.0,960.0,0.5
f52cfef7-e912-4c1f-bd56-a361a6d26098,123,4.1,left_ankle,0.5,0.5,0.0,540.0,960.0,0.5
f52cfef7-e912-4c1f-bd56-a361a6d26098,123,4.1,right_ankle,0.5,0.5,0.0,540.0,960.0,0.5
f52cfef7-e912-4c1f-bd56-a361a6d26098,123,4.1,left_heel,0.5,0.5,0.0,540.0,960.0,0.5
f52cfef7-e912-4c1f-bd56-a361a6d26098,123,4.1,right_heel,0.5,0.5,0.0,540.0,960.0,0.5
f52cfef7-e912-4c1f-bd56-a361a6d26098,123,4.1,left_foot_index,0.5,0.5,0.0,540.0,960.0,0.5
f52cfef7-e912-4c1f-bd56-a361a6d26098,123,4.1,right_foot_index,0.5,0.5,0.0,540.0,960.0,0.5
f52cfef7-e912-4c1f-bd56-a361a6d26098,124,4.133333333333334,nose,0.5,0.5,0.0,540.0,960.0,0.5
f52cfef7-e912-4c1f-bd56-a361a6d26098,124,4.133333333333334,left_shoulder,0.5,0.5,0.0,540.0,960.0,0.5
f52cfef7-e912-4c1f-bd56-a361a6d26098,124,4.133333333333334,right_shoulder,0.5,0.5,0.0,540.0,960.0,0.5
f52cfef7-e912-4c1f-bd56-a361a6d26098,124,4.133333333333334,left_elbow,0.5,0.5,0.0,540.0,960.0,0.5
f52cfef7-e912-4c1f-bd56-a361a6d26098,124,4.133333333333334,right_elbow,0.5,0.5,0.0,540.0,960.0,0.5
f52cfef7-e912-4c1f-bd56-a361a6d26098,124,4.133333333333334,left_wrist,0.5,0.5,0.0,540.0,960.0,0.5
f52cfef7-e912-4c1f-bd56-a361a6d26098,124,4.133333333333334,right_wrist,0.5,0.5,0.0,540.0,960.0,0.5
f52cfef7-e912-4c1f-bd56-a361a6d26098,124,4.133333333333334,left_hip,0.5,0.5,0.0,540.0,960.0,0.5
f52cfef7-e912-4c1f-bd56-a361a6d26098,124,4.133333333333334,right_hip,0.5,0.5,0.0,540.0,960.0,0.5
f52cfef7-e912-4c1f-bd56-a361a6d26098,124,4.133333333333334,left_knee,0.5,0.5,0.0,540.0,960.0,0.5
f52cfef7-e912-4c1f-bd56-a361a6d26098,124,4.133333333333334,right_knee,0.5,0.5,0.0,540.0,960.0,0.5
f52cfef7-e912-4c1f-bd56-a361a6d26098,124,4.133333333333334,left_ankle,0.5,0.5,0.0,540.0,960.0,0.5
f52cfef7-e912-4c1f-bd56-a361a6d26098,124,4.133333333333334,right_ankle,0.5,0.5,0.0,540.0,960.0,0.5
f52cfef7-e912-4c1f-bd56-a361a6d26098,124,4.133333333333334,left_heel,0.5,0.5,0.0,540.0,960.0,0.5
f52cfef7-e912-4c1f-bd56-a361a6d26098,124,4.133333333333334,right_heel,0.5,0.5,0.0,540.0,960.0,0.5
f52cfef7-e912-4c1f-bd56-a361a6d26098,124,4.133333333333334,left_foot_index,0.5,0.5,0.0,540.0,960.0,0.5
f52cfef7-e912-4c1f-bd56-a361a6d26098,124,4.133333333333334,right_foot_index,0.5,0.5,0.0,540.0,960.0,0.5
f52cfef7-e912-4c1f-bd56-a361a6d26098,125,4.166666666666667,nose,0.5,0.5,0.0,540.0,960.0,0.5
f52cfef7-e912-4c1f-bd56-a361a6d26098,125,4.166666666666667,left_shoulder,0.5,0.5,0.0,540.0,960.0,0.5
f52cfef7-e912-4c1f-bd56-a361a6d26098,125,4.166666666666667,right_shoulder,0.5,0.5,0.0,540.0,960.0,0.5
f52cfef7-e912-4c1f-bd56-a361a6d26098,125,4.166666666666667,left_elbow,0.5,0.5,0.0,540.0,960.0,0.5
f52cfef7-e912-4c1f-bd56-a361a6d26098,125,4.166666666666667,right_elbow,0.5,0.5,0.0,540.0,960.0,0.5
f52cfef7-e912-4c1f-bd56-a361a6d26098,125,4.166666666666667,left_wrist,0.5,0.5,0.0,540.0,960.0,0.5
f52cfef7-e912-4c1f-bd56-a361a6d26098,125,4.166666666666667,right_wrist,0.5,0.5,0.0,540.0,960.0,0.5
f52cfef7-e912-4c1f-bd56-a361a6d26098,125,4.166666666666667,left_hip,0.5,0.5,0.0,540.0,960.0,0.5
f52cfef7-e912-4c1f-bd56-a361a6d26098,125,4.166666666666667,right_hip,0.5,0.5,0.0,540.0,960.0,0.5
f52cfef7-e912-4c1f-bd56-a361a6d26098,125,4.166666666666667,left_knee,0.5,0.5,0.0,540.0,960.0,0.5
f52cfef7-e912-4c1f-bd56-a361a6d26098,125,4.166666666666667,right_knee,0.5,0.5,0.0,540.0,960.0,0.5
f52cfef7-e912-4c1f-bd56-a361a6d26098,125,4.166666666666667,left_ankle,0.5,0.5,0.0,540.0,960.0,0.5
f52cfef7-e912-4c1f-bd56-a361a6d26098,125,4.166666666666667,right_ankle,0.5,0.5,0.0,540.0,960.0,0.5
f52cfef7-e912-4c1f-bd56-a361a6d26098,125,4.166666666666667,left_heel,0.5,0.5,0.0,540.0,960.0,0.5
f52cfef7-e912-4c1f-bd56-a361a6d26098,125,4.166666666666667,right_heel,0.5,0.5,0.0,540.0,960.0,0.5
f52cfef7-e912-4c1f-bd56-a361a6d26098,125,4.166666666666667,left_foot_index,0.5,0.5,0.0,540.0,960.0,0.5
f52cfef7-e912-4c1f-bd56-a361a6d26098,125,4.166666666666667,right_foot_index,0.5,0.5,0.0,540.0,960.0,0.5
f52cfef7-e912-4c1f-bd56-a361a6d26098,126,4.2,nose,0.5,0.5,0.0,540.0,960.0,0.5
f52cfef7-e912-4c1f-bd56-a361a6d26098,126,4.2,left_shoulder,0.5,0.5,0.0,540.0,960.0,0.5
f52cfef7-e912-4c1f-bd56-a361a6d26098,126,4.2,right_shoulder,0.5,0.5,0.0,540.0,960.0,0.5
f52cfef7-e912-4c1f-bd56-a361a6d26098,126,4.2,left_elbow,0.5,0.5,0.0,540.0,960.0,0.5
f52cfef7-e912-4c1f-bd56-a361a6d26098,126,4.2,right_elbow,0.5,0.5,0.0,540.0,960.0,0.5
f52cfef7-e912-4c1f-bd56-a361a6d26098,126,4.2,left_wrist,0.5,0.5,0.0,540.0,960.0,0.5
f52cfef7-e912-4c1f-bd56-a361a6d26098,126,4.2,right_wrist,0.5,0.5,0.0,540.0,960.0,0.5
f52cfef7-e912-4c1f-bd56-a361a6d26098,126,4.2,left_hip,0.5,0.5,0.0,540.0,960.0,0.5
f52cfef7-e912-4c1f-bd56-a361a6d26098,126,4.2,right_hip,0.5,0.5,0.0,540.0,960.0,0.5
f52cfef7-e912-4c1f-bd56-a361a6d26098,126,4.2,left_knee,0.5,0.5,0.0,540.0,960.0,0.5
f52cfef7-e912-4c1f-bd56-a361a6d26098,126,4.2,right_knee,0.5,0.5,0.0,540.0,960.0,0.5
f52cfef7-e912-4c1f-bd56-a361a6d26098,126,4.2,left_ankle,0.5,0.5,0.0,540.0,960.0,0.5
f52cfef7-e912-4c1f-bd56-a361a6d26098,126,4.2,right_ankle,0.5,0.5,0.0,540.0,960.0,0.5
f52cfef7-e912-4c1f-bd56-a361a6d26098,126,4.2,left_heel,0.5,0.5,0.0,540.0,960.0,0.5
f52cfef7-e912-4c1f-bd56-a361a6d26098,126,4.2,right_heel,0.5,0.5,0.0,540.0,960.0,0.5
f52cfef7-e912-4c1f-bd56-a361a6d26098,126,4.2,left_foot_index,0.5,0.5,0.0,540.0,960.0,0.5
f52cfef7-e912-4c1f-bd56-a361a6d26098,126,4.2,right_foot_index,0.5,0.5,0.0,540.0,960.0,0.5
f52cfef7-e912-4c1f-bd56-a361a6d26098,127,4.233333333333333,nose,0.5,0.5,0.0,540.0,960.0,0.5
f52cfef7-e912-4c1f-bd56-a361a6d26098,127,4.233333333333333,left_shoulder,0.5,0.5,0.0,540.0,960.0,0.5
f52cfef7-e912-4c1f-bd56-a361a6d26098,127,4.233333333333333,right_shoulder,0.5,0.5,0.0,540.0,960.0,0.5
f52cfef7-e912-4c1f-bd56-a361a6d26098,127,4.233333333333333,left_elbow,0.5,0.5,0.0,540.0,960.0,0.5
f52cfef7-e912-4c1f-bd56-a361a6d26098,127,4.233333333333333,right_elbow,0.5,0.5,0.0,540.0,960.0,0.5
f52cfef7-e912-4c1f-bd56-a361a6d26098,127,4.233333333333333,left_wrist,0.5,0.5,0.0,540.0,960.0,0.5
f52cfef7-e912-4c1f-bd56-a361a6d26098,127,4.233333333333333,right_wrist,0.5,0.5,0.0,540.0,960.0,0.5
f52cfef7-e912-4c1f-bd56-a361a6d26098,127,4.233333333333333,left_hip,0.5,0.5,0.0,540.0,960.0,0.5
f52cfef7-e912-4c1f-bd56-a361a6d26098,127,4.233333333333333,right_hip,0.5,0.5,0.0,540.0,960.0,0.5
f52cfef7-e912-4c1f-bd56-a361a6d26098,127,4.233333333333333,left_knee,0.5,0.5,0.0,540.0,960.0,0.5
f52cfef7-e912-4c1f-bd56-a361a6d26098,127,4.233333333333333,right_knee,0.5,0.5,0.0,540.0,960.0,0.5
f52cfef7-e912-4c1f-bd56-a361a6d26098,127,4.233333333333333,left_ankle,0.5,0.5,0.0,540.0,960.0,0.5
f52cfef7-e912-4c1f-bd56-a361a6d26098,127,4.233333333333333,right_ankle,0.5,0.5,0.0,540.0,960.0,0.5
f52cfef7-e912-4c1f-bd56-a361a6d26098,127,4.233333333333333,left_heel,0.5,0.5,0.0,540.0,960.0,0.5
f52cfef7-e912-4c1f-bd56-a361a6d26098,127,4.233333333333333,right_heel,0.5,0.5,0.0,540.0,960.0,0.5
f52cfef7-e912-4c1f-bd56-a361a6d26098,127,4.233333333333333,left_foot_index,0.5,0.5,0.0,540.0,960.0,0.5
f52cfef7-e912-4c1f-bd56-a361a6d26098,127,4.233333333333333,right_foot_index,0.5,0.5,0.0,540.0,960.0,0.5
f52cfef7-e912-4c1f-bd56-a361a6d26098,128,4.266666666666667,nose,0.5,0.5,0.0,540.0,960.0,0.5
f52cfef7-e912-4c1f-bd56-a361a6d26098,128,4.266666666666667,left_shoulder,0.5,0.5,0.0,540.0,960.0,0.5
f52cfef7-e912-4c1f-bd56-a361a6d26098,128,4.266666666666667,right_shoulder,0.5,0.5,0.0,540.0,960.0,0.5
f52cfef7-e912-4c1f-bd56-a361a6d26098,128,4.266666666666667,left_elbow,0.5,0.5,0.0,540.0,960.0,0.5
f52cfef7-e912-4c1f-bd56-a361a6d26098,128,4.266666666666667,right_elbow,0.5,0.5,0.0,540.0,960.0,0.5
f52cfef7-e912-4c1f-bd56-a361a6d26098,128,4.266666666666667,left_wrist,0.5,0.5,0.0,540.0,960.0,0.5
f52cfef7-e912-4c1f-bd56-a361a6d26098,128,4.266666666666667,right_wrist,0.5,0.5,0.0,540.0,960.0,0.5
f52cfef7-e912-4c1f-bd56-a361a6d26098,128,4.266666666666667,left_hip,0.5,0.5,0.0,540.0,960.0,0.5
f52cfef7-e912-4c1f-bd56-a361a6d26098,128,4.266666666666667,right_hip,0.5,0.5,0.0,540.0,960.0,0.5
f52cfef7-e912-4c1f-bd56-a361a6d26098,128,4.266666666666667,left_knee,0.5,0.5,0.0,540.0,960.0,0.5
f52cfef7-e912-4c1f-bd56-a361a6d26098,128,4.266666666666667,right_knee,0.5,0.5,0.0,540.0,960.0,0.5
f52cfef7-e912-4c1f-bd56-a361a6d26098,128,4.266666666666667,left_ankle,0.5,0.5,0.0,540.0,960.0,0.5
f52cfef7-e912-4c1f-bd56-a361a6d26098,128,4.266666666666667,right_ankle,0.5,0.5,0.0,540.0,960.0,0.5
f52cfef7-e912-4c1f-bd56-a361a6d26098,128,4.266666666666667,left_heel,0.5,0.5,0.0,540.0,960.0,0.5
f52cfef7-e912-4c1f-bd56-a361a6d26098,128,4.266666666666667,right_heel,0.5,0.5,0.0,540.0,960.0,0.5
f52cfef7-e912-4c1f-bd56-a361a6d26098,128,4.266666666666667,left_foot_index,0.5,0.5,0.0,540.0,960.0,0.5
f52cfef7-e912-4c1f-bd56-a361a6d26098,128,4.266666666666667,right_foot_index,0.5,0.5,0.0,540.0,960.0,0.5
f52cfef7-e912-4c1f-bd56-a361a6d26098,129,4.3,nose,0.5,0.5,0.0,540.0,960.0,0.5
f52cfef7-e912-4c1f-bd56-a361a6d26098,129,4.3,left_shoulder,0.5,0.5,0.0,540.0,960.0,0.5
f52cfef7-e912-4c1f-bd56-a361a6d26098,129,4.3,right_shoulder,0.5,0.5,0.0,540.0,960.0,0.5
f52cfef7-e912-4c1f-bd56-a361a6d26098,129,4.3,left_elbow,0.5,0.5,0.0,540.0,960.0,0.5
f52cfef7-e912-4c1f-bd56-a361a6d26098,129,4.3,right_elbow,0.5,0.5,0.0,540.0,960.0,0.5
f52cfef7-e912-4c1f-bd56-a361a6d26098,129,4.3,left_wrist,0.5,0.5,0.0,540.0,960.0,0.5
f52cfef7-e912-4c1f-bd56-a361a6d26098,129,4.3,right_wrist,0.5,0.5,0.0,540.0,960.0,0.5
f52cfef7-e912-4c1f-bd56-a361a6d26098,129,4.3,left_hip,0.5,0.5,0.0,540.0,960.0,0.5
f52cfef7-e912-4c1f-bd56-a361a6d26098,129,4.3,right_hip,0.5,0.5,0.0,540.0,960.0,0.5
f52cfef7-e912-4c1f-bd56-a361a6d26098,129,4.3,left_knee,0.5,0.5,0.0,540.0,960.0,0.5
f52cfef7-e912-4c1f-bd56-a361a6d26098,129,4.3,right_knee,0.5,0.5,0.0,540.0,960.0,0.5
f52cfef7-e912-4c1f-bd56-a361a6d26098,129,4.3,left_ankle,0.5,0.5,0.0,540.0,960.0,0.5
f52cfef7-e912-4c1f-bd56-a361a6d26098,129,4.3,right_ankle,0.5,0.5,0.0,540.0,960.0,0.5
f52cfef7-e912-4c1f-bd56-a361a6d26098,129,4.3,left_heel,0.5,0.5,0.0,540.0,960.0,0.5
f52cfef7-e912-4c1f-bd56-a361a6d26098,129,4.3,right_heel,0.5,0.5,0.0,540.0,960.0,0.5
f52cfef7-e912-4c1f-bd56-a361a6d26098,129,4.3,left_foot_index,0.5,0.5,0.0,540.0,960.0,0.5
f52cfef7-e912-4c1f-bd56-a361a6d26098,129,4.3,right_foot_index,0.5,0.5,0.0,540.0,960.0,0.5
f52cfef7-e912-4c1f-bd56-a361a6d26098,130,4.333333333333333,nose,0.5,0.5,0.0,540.0,960.0,0.5
f52cfef7-e912-4c1f-bd56-a361a6d26098,130,4.333333333333333,left_shoulder,0.5,0.5,0.0,540.0,960.0,0.5
f52cfef7-e912-4c1f-bd56-a361a6d26098,130,4.333333333333333,right_shoulder,0.5,0.5,0.0,540.0,960.0,0.5
f52cfef7-e912-4c1f-bd56-a361a6d26098,130,4.333333333333333,left_elbow,0.5,0.5,0.0,540.0,960.0,0.5
f52cfef7-e912-4c1f-bd56-a361a6d26098,130,4.333333333333333,right_elbow,0.5,0.5,0.0,540.0,960.0,0.5
f52cfef7-e912-4c1f-bd56-a361a6d26098,130,4.333333333333333,left_wrist,0.5,0.5,0.0,540.0,960.0,0.5
f52cfef7-e912-4c1f-bd56-a361a6d26098,130,4.333333333333333,right_wrist,0.5,0.5,0.0,540.0,960.0,0.5
f52cfef7-e912-4c1f-bd56-a361a6d26098,130,4.333333333333333,left_hip,0.5,0.5,0.0,540.0,960.0,0.5
f52cfef7-e912-4c1f-bd56-a361a6d26098,130,4.333333333333333,right_hip,0.5,0.5,0.0,540.0,960.0,0.5
f52cfef7-e912-4c1f-bd56-a361a6d26098,130,4.333333333333333,left_knee,0.5,0.5,0.0,540.0,960.0,0.5
f52cfef7-e912-4c1f-bd56-a361a6d26098,130,4.333333333333333,right_knee,0.5,0.5,0.0,540.0,960.0,0.5
f52cfef7-e912-4c1f-bd56-a361a6d26098,130,4.333333333333333,left_ankle,0.5,0.5,0.0,540.0,960.0,0.5
f52cfef7-e912-4c1f-bd56-a361a6d26098,130,4.333333333333333,right_ankle,0.5,0.5,0.0,540.0,960.0,0.5
f52cfef7-e912-4c1f-bd56-a361a6d26098,130,4.333333333333333,left_heel,0.5,0.5,0.0,540.0,960.0,0.5
f52cfef7-e912-4c1f-bd56-a361a6d26098,130,4.333333333333333,right_heel,0.5,0.5,0.0,540.0,960.0,0.5
f52cfef7-e912-4c1f-bd56-a361a6d26098,130,4.333333333333333,left_foot_index,0.5,0.5,0.0,540.0,960.0,0.5
f52cfef7-e912-4c1f-bd56-a361a6d26098,130,4.333333333333333,right_foot_index,0.5,0.5,0.0,540.0,960.0,0.5
f52cfef7-e912-4c1f-bd56-a361a6d26098,131,4.366666666666666,nose,0.5,0.5,0.0,540.0,960.0,0.5
f52cfef7-e912-4c1f-bd56-a361a6d26098,131,4.366666666666666,left_shoulder,0.5,0.5,0.0,540.0,960.0,0.5
f52cfef7-e912-4c1f-bd56-a361a6d26098,131,4.366666666666666,right_shoulder,0.5,0.5,0.0,540.0,960.0,0.5
f52cfef7-e912-4c1f-bd56-a361a6d26098,131,4.366666666666666,left_elbow,0.5,0.5,0.0,540.0,960.0,0.5
f52cfef7-e912-4c1f-bd56-a361a6d26098,131,4.366666666666666,right_elbow,0.5,0.5,0.0,540.0,960.0,0.5
f52cfef7-e912-4c1f-bd56-a361a6d26098,131,4.366666666666666,left_wrist,0.5,0.5,0.0,540.0,960.0,0.5
f52cfef7-e912-4c1f-bd56-a361a6d26098,131,4.366666666666666,right_wrist,0.5,0.5,0.0,540.0,960.0,0.5
f52cfef7-e912-4c1f-bd56-a361a6d26098,131,4.366666666666666,left_hip,0.5,0.5,0.0,540.0,960.0,0.5
f52cfef7-e912-4c1f-bd56-a361a6d26098,131,4.366666666666666,right_hip,0.5,0.5,0.0,540.0,960.0,0.5
f52cfef7-e912-4c1f-bd56-a361a6d26098,131,4.366666666666666,left_knee,0.5,0.5,0.0,540.0,960.0,0.5
f52cfef7-e912-4c1f-bd56-a361a6d26098,131,4.366666666666666,right_knee,0.5,0.5,0.0,540.0,960.0,0.5
f52cfef7-e912-4c1f-bd56-a361a6d26098,131,4.366666666666666,left_ankle,0.5,0.5,0.0,540.0,960.0,0.5
f52cfef7-e912-4c1f-bd56-a361a6d26098,131,4.366666666666666,right_ankle,0.5,0.5,0.0,540.0,960.0,0.5
f52cfef7-e912-4c1f-bd56-a361a6d26098,131,4.366666666666666,left_heel,0.5,0.5,0.0,540.0,960.0,0.5
f52cfef7-e912-4c1f-bd56-a361a6d26098,131,4.366666666666666,right_heel,0.5,0.5,0.0,540.0,960.0,0.5
f52cfef7-e912-4c1f-bd56-a361a6d26098,131,4.366666666666666,left_foot_index,0.5,0.5,0.0,540.0,960.0,0.5
f52cfef7-e912-4c1f-bd56-a361a6d26098,131,4.366666666666666,right_foot_index,0.5,0.5,0.0,540.0,960.0,0.5
f52cfef7-e912-4c1f-bd56-a361a6d26098,132,4.4,nose,0.5,0.5,0.0,540.0,960.0,0.5
f52cfef7-e912-4c1f-bd56-a361a6d26098,132,4.4,left_shoulder,0.5,0.5,0.0,540.0,960.0,0.5
f52cfef7-e912-4c1f-bd56-a361a6d26098,132,4.4,right_shoulder,0.5,0.5,0.0,540.0,960.0,0.5
f52cfef7-e912-4c1f-bd56-a361a6d26098,132,4.4,left_elbow,0.5,0.5,0.0,540.0,960.0,0.5
f52cfef7-e912-4c1f-bd56-a361a6d26098,132,4.4,right_elbow,0.5,0.5,0.0,540.0,960.0,0.5
f52cfef7-e912-4c1f-bd56-a361a6d26098,132,4.4,left_wrist,0.5,0.5,0.0,540.0,960.0,0.5
f52cfef7-e912-4c1f-bd56-a361a6d26098,132,4.4,right_wrist,0.5,0.5,0.0,540.0,960.0,0.5
f52cfef7-e912-4c1f-bd56-a361a6d26098,132,4.4,left_hip,0.5,0.5,0.0,540.0,960.0,0.5
f52cfef7-e912-4c1f-bd56-a361a6d26098,132,4.4,right_hip,0.5,0.5,0.0,540.0,960.0,0.5
f52cfef7-e912-4c1f-bd56-a361a6d26098,132,4.4,left_knee,0.5,0.5,0.0,540.0,960.0,0.5
f52cfef7-e912-4c1f-bd56-a361a6d26098,132,4.4,right_knee,0.5,0.5,0.0,540.0,960.0,0.5
f52cfef7-e912-4c1f-bd56-a361a6d26098,132,4.4,left_ankle,0.5,0.5,0.0,540.0,960.0,0.5
f52cfef7-e912-4c1f-bd56-a361a6d26098,132,4.4,right_ankle,0.5,0.5,0.0,540.0,960.0,0.5
f52cfef7-e912-4c1f-bd56-a361a6d26098,132,4.4,left_heel,0.5,0.5,0.0,540.0,960.0,0.5
f52cfef7-e912-4c1f-bd56-a361a6d26098,132,4.4,right_heel,0.5,0.5,0.0,540.0,960.0,0.5
f52cfef7-e912-4c1f-bd56-a361a6d26098,132,4.4,left_foot_index,0.5,0.5,0.0,540.0,960.0,0.5
f52cfef7-e912-4c1f-bd56-a361a6d26098,132,4.4,right_foot_index,0.5,0.5,0.0,540.0,960.0,0.5
f52cfef7-e912-4c1f-bd56-a361a6d26098,133,4.433333333333334,nose,0.5,0.5,0.0,540.0,960.0,0.5
f52cfef7-e912-4c1f-bd56-a361a6d26098,133,4.433333333333334,left_shoulder,0.5,0.5,0.0,540.0,960.0,0.5
f52cfef7-e912-4c1f-bd56-a361a6d26098,133,4.433333333333334,right_shoulder,0.5,0.5,0.0,540.0,960.0,0.5
f52cfef7-e912-4c1f-bd56-a361a6d26098,133,4.433333333333334,left_elbow,0.5,0.5,0.0,540.0,960.0,0.5
f52cfef7-e912-4c1f-bd56-a361a6d26098,133,4.433333333333334,right_elbow,0.5,0.5,0.0,540.0,960.0,0.5
f52cfef7-e912-4c1f-bd56-a361a6d26098,133,4.433333333333334,left_wrist,0.5,0.5,0.0,540.0,960.0,0.5
f52cfef7-e912-4c1f-bd56-a361a6d26098,133,4.433333333333334,right_wrist,0.5,0.5,0.0,540.0,960.0,0.5
f52cfef7-e912-4c1f-bd56-a361a6d26098,133,4.433333333333334,left_hip,0.5,0.5,0.0,540.0,960.0,0.5
f52cfef7-e912-4c1f-bd56-a361a6d26098,133,4.433333333333334,right_hip,0.5,0.5,0.0,540.0,960.0,0.5
f52cfef7-e912-4c1f-bd56-a361a6d26098,133,4.433333333333334,left_knee,0.5,0.5,0.0,540.0,960.0,0.5
f52cfef7-e912-4c1f-bd56-a361a6d26098,133,4.433333333333334,right_knee,0.5,0.5,0.0,540.0,960.0,0.5
f52cfef7-e912-4c1f-bd56-a361a6d26098,133,4.433333333333334,left_ankle,0.5,0.5,0.0,540.0,960.0,0.5
f52cfef7-e912-4c1f-bd56-a361a6d26098,133,4.433333333333334,right_ankle,0.5,0.5,0.0,540.0,960.0,0.5
f52cfef7-e912-4c1f-bd56-a361a6d26098,133,4.433333333333334,left_heel,0.5,0.5,0.0,540.0,960.0,0.5
f52cfef7-e912-4c1f-bd56-a361a6d26098,133,4.433333333333334,right_heel,0.5,0.5,0.0,540.0,960.0,0.5
f52cfef7-e912-4c1f-bd56-a361a6d26098,133,4.433333333333334,left_foot_index,0.5,0.5,0.0,540.0,960.0,0.5
f52cfef7-e912-4c1f-bd56-a361a6d26098,133,4.433333333333334,right_foot_index,0.5,0.5,0.0,540.0,960.0,0.5
f52cfef7-e912-4c1f-bd56-a361a6d26098,134,4.466666666666667,nose,0.5,0.5,0.0,540.0,960.0,0.5
f52cfef7-e912-4c1f-bd56-a361a6d26098,134,4.466666666666667,left_shoulder,0.5,0.5,0.0,540.0,960.0,0.5
f52cfef7-e912-4c1f-bd56-a361a6d26098,134,4.466666666666667,right_shoulder,0.5,0.5,0.0,540.0,960.0,0.5
f52cfef7-e912-4c1f-bd56-a361a6d26098,134,4.466666666666667,left_elbow,0.5,0.5,0.0,540.0,960.0,0.5
f52cfef7-e912-4c1f-bd56-a361a6d26098,134,4.466666666666667,right_elbow,0.5,0.5,0.0,540.0,960.0,0.5
f52cfef7-e912-4c1f-bd56-a361a6d26098,134,4.466666666666667,left_wrist,0.5,0.5,0.0,540.0,960.0,0.5
f52cfef7-e912-4c1f-bd56-a361a6d26098,134,4.466666666666667,right_wrist,0.5,0.5,0.0,540.0,960.0,0.5
f52cfef7-e912-4c1f-bd56-a361a6d26098,134,4.466666666666667,left_hip,0.5,0.5,0.0,540.0,960.0,0.5
f52cfef7-e912-4c1f-bd56-a361a6d26098,134,4.466666666666667,right_hip,0.5,0.5,0.0,540.0,960.0,0.5
f52cfef7-e912-4c1f-bd56-a361a6d26098,134,4.466666666666667,left_knee,0.5,0.5,0.0,540.0,960.0,0.5
f52cfef7-e912-4c1f-bd56-a361a6d26098,134,4.466666666666667,right_knee,0.5,0.5,0.0,540.0,960.0,0.5
f52cfef7-e912-4c1f-bd56-a361a6d26098,134,4.466666666666667,left_ankle,0.5,0.5,0.0,540.0,960.0,0.5
f52cfef7-e912-4c1f-bd56-a361a6d26098,134,4.466666666666667,right_ankle,0.5,0.5,0.0,540.0,960.0,0.5
f52cfef7-e912-4c1f-bd56-a361a6d26098,134,4.466666666666667,left_heel,0.5,0.5,0.0,540.0,960.0,0.5
f52cfef7-e912-4c1f-bd56-a361a6d26098,134,4.466666666666667,right_heel,0.5,0.5,0.0,540.0,960.0,0.5
f52cfef7-e912-4c1f-bd56-a361a6d26098,134,4.466666666666667,left_foot_index,0.5,0.5,0.0,540.0,960.0,0.5
f52cfef7-e912-4c1f-bd56-a361a6d26098,134,4.466666666666667,right_foot_index,0.5,0.5,0.0,540.0,960.0,0.5
f52cfef7-e912-4c1f-bd56-a361a6d26098,135,4.5,nose,0.5,0.5,0.0,540.0,960.0,0.5
f52cfef7-e912-4c1f-bd56-a361a6d26098,135,4.5,left_shoulder,0.5,0.5,0.0,540.0,960.0,0.5
f52cfef7-e912-4c1f-bd56-a361a6d26098,135,4.5,right_shoulder,0.5,0.5,0.0,540.0,960.0,0.5
f52cfef7-e912-4c1f-bd56-a361a6d26098,135,4.5,left_elbow,0.5,0.5,0.0,540.0,960.0,0.5
f52cfef7-e912-4c1f-bd56-a361a6d26098,135,4.5,right_elbow,0.5,0.5,0.0,540.0,960.0,0.5
f52cfef7-e912-4c1f-bd56-a361a6d26098,135,4.5,left_wrist,0.5,0.5,0.0,540.0,960.0,0.5
f52cfef7-e912-4c1f-bd56-a361a6d26098,135,4.5,right_wrist,0.5,0.5,0.0,540.0,960.0,0.5
f52cfef7-e912-4c1f-bd56-a361a6d26098,135,4.5,left_hip,0.5,0.5,0.0,540.0,960.0,0.5
f52cfef7-e912-4c1f-bd56-a361a6d26098,135,4.5,right_hip,0.5,0.5,0.0,540.0,960.0,0.5
f52cfef7-e912-4c1f-bd56-a361a6d26098,135,4.5,left_knee,0.5,0.5,0.0,540.0,960.0,0.5
f52cfef7-e912-4c1f-bd56-a361a6d26098,135,4.5,right_knee,0.5,0.5,0.0,540.0,960.0,0.5
f52cfef7-e912-4c1f-bd56-a361a6d26098,135,4.5,left_ankle,0.5,0.5,0.0,540.0,960.0,0.5
f52cfef7-e912-4c1f-bd56-a361a6d26098,135,4.5,right_ankle,0.5,0.5,0.0,540.0,960.0,0.5
f52cfef7-e912-4c1f-bd56-a361a6d26098,135,4.5,left_heel,0.5,0.5,0.0,540.0,960.0,0.5
f52cfef7-e912-4c1f-bd56-a361a6d26098,135,4.5,right_heel,0.5,0.5,0.0,540.0,960.0,0.5
f52cfef7-e912-4c1f-bd56-a361a6d26098,135,4.5,left_foot_index,0.5,0.5,0.0,540.0,960.0,0.5
f52cfef7-e912-4c1f-bd56-a361a6d26098,135,4.5,right_foot_index,0.5,0.5,0.0,540.0,960.0,0.5
f52cfef7-e912-4c1f-bd56-a361a6d26098,136,4.533333333333333,nose,0.5,0.5,0.0,540.0,960.0,0.5
f52cfef7-e912-4c1f-bd56-a361a6d26098,136,4.533333333333333,left_shoulder,0.5,0.5,0.0,540.0,960.0,0.5
f52cfef7-e912-4c1f-bd56-a361a6d26098,136,4.533333333333333,right_shoulder,0.5,0.5,0.0,540.0,960.0,0.5
f52cfef7-e912-4c1f-bd56-a361a6d26098,136,4.533333333333333,left_elbow,0.5,0.5,0.0,540.0,960.0,0.5
f52cfef7-e912-4c1f-bd56-a361a6d26098,136,4.533333333333333,right_elbow,0.5,0.5,0.0,540.0,960.0,0.5
f52cfef7-e912-4c1f-bd56-a361a6d26098,136,4.533333333333333,left_wrist,0.5,0.5,0.0,540.0,960.0,0.5
f52cfef7-e912-4c1f-bd56-a361a6d26098,136,4.533333333333333,right_wrist,0.5,0.5,0.0,540.0,960.0,0.5
f52cfef7-e912-4c1f-bd56-a361a6d26098,136,4.533333333333333,left_hip,0.5,0.5,0.0,540.0,960.0,0.5
f52cfef7-e912-4c1f-bd56-a361a6d26098,136,4.533333333333333,right_hip,0.5,0.5,0.0,540.0,960.0,0.5
f52cfef7-e912-4c1f-bd56-a361a6d26098,136,4.533333333333333,left_knee,0.5,0.5,0.0,540.0,960.0,0.5
f52cfef7-e912-4c1f-bd56-a361a6d26098,136,4.533333333333333,right_knee,0.5,0.5,0.0,540.0,960.0,0.5
f52cfef7-e912-4c1f-bd56-a361a6d26098,136,4.533333333333333,left_ankle,0.5,0.5,0.0,540.0,960.0,0.5
f52cfef7-e912-4c1f-bd56-a361a6d26098,136,4.533333333333333,right_ankle,0.5,0.5,0.0,540.0,960.0,0.5
f52cfef7-e912-4c1f-bd56-a361a6d26098,136,4.533333333333333,left_heel,0.5,0.5,0.0,540.0,960.0,0.5
f52cfef7-e912-4c1f-bd56-a361a6d26098,136,4.533333333333333,right_heel,0.5,0.5,0.0,540.0,960.0,0.5
f52cfef7-e912-4c1f-bd56-a361a6d26098,136,4.533333333333333,left_foot_index,0.5,0.5,0.0,540.0,960.0,0.5
f52cfef7-e912-4c1f-bd56-a361a6d26098,136,4.533333333333333,right_foot_index,0.5,0.5,0.0,540.0,960.0,0.5
f52cfef7-e912-4c1f-bd56-a361a6d26098,137,4.566666666666666,nose,0.5,0.5,0.0,540.0,960.0,0.5
f52cfef7-e912-4c1f-bd56-a361a6d26098,137,4.566666666666666,left_shoulder,0.5,0.5,0.0,540.0,960.0,0.5
f52cfef7-e912-4c1f-bd56-a361a6d26098,137,4.566666666666666,right_shoulder,0.5,0.5,0.0,540.0,960.0,0.5
f52cfef7-e912-4c1f-bd56-a361a6d26098,137,4.566666666666666,left_elbow,0.5,0.5,0.0,540.0,960.0,0.5
f52cfef7-e912-4c1f-bd56-a361a6d26098,137,4.566666666666666,right_elbow,0.5,0.5,0.0,540.0,960.0,0.5
f52cfef7-e912-4c1f-bd56-a361a6d26098,137,4.566666666666666,left_wrist,0.5,0.5,0.0,540.0,960.0,0.5
f52cfef7-e912-4c1f-bd56-a361a6d26098,137,4.566666666666666,right_wrist,0.5,0.5,0.0,540.0,960.0,0.5
f52cfef7-e912-4c1f-bd56-a361a6d26098,137,4.566666666666666,left_hip,0.5,0.5,0.0,540.0,960.0,0.5
f52cfef7-e912-4c1f-bd56-a361a6d26098,137,4.566666666666666,right_hip,0.5,0.5,0.0,540.0,960.0,0.5
f52cfef7-e912-4c1f-bd56-a361a6d26098,137,4.566666666666666,left_knee,0.5,0.5,0.0,540.0,960.0,0.5
f52cfef7-e912-4c1f-bd56-a361a6d26098,137,4.566666666666666,right_knee,0.5,0.5,0.0,540.0,960.0,0.5
f52cfef7-e912-4c1f-bd56-a361a6d26098,137,4.566666666666666,left_ankle,0.5,0.5,0.0,540.0,960.0,0.5
f52cfef7-e912-4c1f-bd56-a361a6d26098,137,4.566666666666666,right_ankle,0.5,0.5,0.0,540.0,960.0,0.5
f52cfef7-e912-4c1f-bd56-a361a6d26098,137,4.566666666666666,left_heel,0.5,0.5,0.0,540.0,960.0,0.5
f52cfef7-e912-4c1f-bd56-a361a6d26098,137,4.566666666666666,right_heel,0.5,0.5,0.0,540.0,960.0,0.5
f52cfef7-e912-4c1f-bd56-a361a6d26098,137,4.566666666666666,left_foot_index,0.5,0.5,0.0,540.0,960.0,0.5
f52cfef7-e912-4c1f-bd56-a361a6d26098,137,4.566666666666666,right_foot_index,0.5,0.5,0.0,540.0,960.0,0.5
f52cfef7-e912-4c1f-bd56-a361a6d26098,138,4.6,nose,0.5,0.5,0.0,540.0,960.0,0.5
f52cfef7-e912-4c1f-bd56-a361a6d26098,138,4.6,left_shoulder,0.5,0.5,0.0,540.0,960.0,0.5
f52cfef7-e912-4c1f-bd56-a361a6d26098,138,4.6,right_shoulder,0.5,0.5,0.0,540.0,960.0,0.5
f52cfef7-e912-4c1f-bd56-a361a6d26098,138,4.6,left_elbow,0.5,0.5,0.0,540.0,960.0,0.5
f52cfef7-e912-4c1f-bd56-a361a6d26098,138,4.6,right_elbow,0.5,0.5,0.0,540.0,960.0,0.5
f52cfef7-e912-4c1f-bd56-a361a6d26098,138,4.6,left_wrist,0.5,0.5,0.0,540.0,960.0,0.5
f52cfef7-e912-4c1f-bd56-a361a6d26098,138,4.6,right_wrist,0.5,0.5,0.0,540.0,960.0,0.5
f52cfef7-e912-4c1f-bd56-a361a6d26098,138,4.6,left_hip,0.5,0.5,0.0,540.0,960.0,0.5
f52cfef7-e912-4c1f-bd56-a361a6d26098,138,4.6,right_hip,0.5,0.5,0.0,540.0,960.0,0.5
f52cfef7-e912-4c1f-bd56-a361a6d26098,138,4.6,left_knee,0.5,0.5,0.0,540.0,960.0,0.5
f52cfef7-e912-4c1f-bd56-a361a6d26098,138,4.6,right_knee,0.5,0.5,0.0,540.0,960.0,0.5
f52cfef7-e912-4c1f-bd56-a361a6d26098,138,4.6,left_ankle,0.5,0.5,0.0,540.0,960.0,0.5
f52cfef7-e912-4c1f-bd56-a361a6d26098,138,4.6,right_ankle,0.5,0.5,0.0,540.0,960.0,0.5
f52cfef7-e912-4c1f-bd56-a361a6d26098,138,4.6,left_heel,0.5,0.5,0.0,540.0,960.0,0.5
f52cfef7-e912-4c1f-bd56-a361a6d26098,138,4.6,right_heel,0.5,0.5,0.0,540.0,960.0,0.5
f52cfef7-e912-4c1f-bd56-a361a6d26098,138,4.6,left_foot_index,0.5,0.5,0.0,540.0,960.0,0.5
f52cfef7-e912-4c1f-bd56-a361a6d26098,138,4.6,right_foot_index,0.5,0.5,0.0,540.0,960.0,0.5
f52cfef7-e912-4c1f-bd56-a361a6d26098,139,4.633333333333334,nose,0.5,0.5,0.0,540.0,960.0,0.5
f52cfef7-e912-4c1f-bd56-a361a6d26098,139,4.633333333333334,left_shoulder,0.5,0.5,0.0,540.0,960.0,0.5
f52cfef7-e912-4c1f-bd56-a361a6d26098,139,4.633333333333334,right_shoulder,0.5,0.5,0.0,540.0,960.0,0.5
f52cfef7-e912-4c1f-bd56-a361a6d26098,139,4.633333333333334,left_elbow,0.5,0.5,0.0,540.0,960.0,0.5
f52cfef7-e912-4c1f-bd56-a361a6d26098,139,4.633333333333334,right_elbow,0.5,0.5,0.0,540.0,960.0,0.5
f52cfef7-e912-4c1f-bd56-a361a6d26098,139,4.633333333333334,left_wrist,0.5,0.5,0.0,540.0,960.0,0.5
f52cfef7-e912-4c1f-bd56-a361a6d26098,139,4.633333333333334,right_wrist,0.5,0.5,0.0,540.0,960.0,0.5
f52cfef7-e912-4c1f-bd56-a361a6d26098,139,4.633333333333334,left_hip,0.5,0.5,0.0,540.0,960.0,0.5
f52cfef7-e912-4c1f-bd56-a361a6d26098,139,4.633333333333334,right_hip,0.5,0.5,0.0,540.0,960.0,0.5
f52cfef7-e912-4c1f-bd56-a361a6d26098,139,4.633333333333334,left_knee,0.5,0.5,0.0,540.0,960.0,0.5
f52cfef7-e912-4c1f-bd56-a361a6d26098,139,4.633333333333334,right_knee,0.5,0.5,0.0,540.0,960.0,0.5
f52cfef7-e912-4c1f-bd56-a361a6d26098,139,4.633333333333334,left_ankle,0.5,0.5,0.0,540.0,960.0,0.5
f52cfef7-e912-4c1f-bd56-a361a6d26098,139,4.633333333333334,right_ankle,0.5,0.5,0.0,540.0,960.0,0.5
f52cfef7-e912-4c1f-bd56-a361a6d26098,139,4.633333333333334,left_heel,0.5,0.5,0.0,540.0,960.0,0.5
f52cfef7-e912-4c1f-bd56-a361a6d26098,139,4.633333333333334,right_heel,0.5,0.5,0.0,540.0,960.0,0.5
f52cfef7-e912-4c1f-bd56-a361a6d26098,139,4.633333333333334,left_foot_index,0.5,0.5,0.0,540.0,960.0,0.5
f52cfef7-e912-4c1f-bd56-a361a6d26098,139,4.633333333333334,right_foot_index,0.5,0.5,0.0,540.0,960.0,0.5
f52cfef7-e912-4c1f-bd56-a361a6d26098,140,4.666666666666667,nose,0.5,0.5,0.0,540.0,960.0,0.5
f52cfef7-e912-4c1f-bd56-a361a6d26098,140,4.666666666666667,left_shoulder,0.5,0.5,0.0,540.0,960.0,0.5
f52cfef7-e912-4c1f-bd56-a361a6d26098,140,4.666666666666667,right_shoulder,0.5,0.5,0.0,540.0,960.0,0.5
f52cfef7-e912-4c1f-bd56-a361a6d26098,140,4.666666666666667,left_elbow,0.5,0.5,0.0,540.0,960.0,0.5
f52cfef7-e912-4c1f-bd56-a361a6d26098,140,4.666666666666667,right_elbow,0.5,0.5,0.0,540.0,960.0,0.5
f52cfef7-e912-4c1f-bd56-a361a6d26098,140,4.666666666666667,left_wrist,0.5,0.5,0.0,540.0,960.0,0.5
f52cfef7-e912-4c1f-bd56-a361a6d26098,140,4.666666666666667,right_wrist,0.5,0.5,0.0,540.0,960.0,0.5
f52cfef7-e912-4c1f-bd56-a361a6d26098,140,4.666666666666667,left_hip,0.5,0.5,0.0,540.0,960.0,0.5
f52cfef7-e912-4c1f-bd56-a361a6d26098,140,4.666666666666667,right_hip,0.5,0.5,0.0,540.0,960.0,0.5
f52cfef7-e912-4c1f-bd56-a361a6d26098,140,4.666666666666667,left_knee,0.5,0.5,0.0,540.0,960.0,0.5
f52cfef7-e912-4c1f-bd56-a361a6d26098,140,4.666666666666667,right_knee,0.5,0.5,0.0,540.0,960.0,0.5
f52cfef7-e912-4c1f-bd56-a361a6d26098,140,4.666666666666667,left_ankle,0.5,0.5,0.0,540.0,960.0,0.5
f52cfef7-e912-4c1f-bd56-a361a6d26098,140,4.666666666666667,right_ankle,0.5,0.5,0.0,540.0,960.0,0.5
f52cfef7-e912-4c1f-bd56-a361a6d26098,140,4.666666666666667,left_heel,0.5,0.5,0.0,540.0,960.0,0.5
f52cfef7-e912-4c1f-bd56-a361a6d26098,140,4.666666666666667,right_heel,0.5,0.5,0.0,540.0,960.0,0.5
f52cfef7-e912-4c1f-bd56-a361a6d26098,140,4.666666666666667,left_foot_index,0.5,0.5,0.0,540.0,960.0,0.5
f52cfef7-e912-4c1f-bd56-a361a6d26098,140,4.666666666666667,right_foot_index,0.5,0.5,0.0,540.0,960.0,0.5
f52cfef7-e912-4c1f-bd56-a361a6d26098,141,4.7,nose,0.5,0.5,0.0,540.0,960.0,0.5
f52cfef7-e912-4c1f-bd56-a361a6d26098,141,4.7,left_shoulder,0.5,0.5,0.0,540.0,960.0,0.5
f52cfef7-e912-4c1f-bd56-a361a6d26098,141,4.7,right_shoulder,0.5,0.5,0.0,540.0,960.0,0.5
f52cfef7-e912-4c1f-bd56-a361a6d26098,141,4.7,left_elbow,0.5,0.5,0.0,540.0,960.0,0.5
f52cfef7-e912-4c1f-bd56-a361a6d26098,141,4.7,right_elbow,0.5,0.5,0.0,540.0,960.0,0.5
f52cfef7-e912-4c1f-bd56-a361a6d26098,141,4.7,left_wrist,0.5,0.5,0.0,540.0,960.0,0.5
f52cfef7-e912-4c1f-bd56-a361a6d26098,141,4.7,right_wrist,0.5,0.5,0.0,540.0,960.0,0.5
f52cfef7-e912-4c1f-bd56-a361a6d26098,141,4.7,left_hip,0.5,0.5,0.0,540.0,960.0,0.5
f52cfef7-e912-4c1f-bd56-a361a6d26098,141,4.7,right_hip,0.5,0.5,0.0,540.0,960.0,0.5
f52cfef7-e912-4c1f-bd56-a361a6d26098,141,4.7,left_knee,0.5,0.5,0.0,540.0,960.0,0.5
f52cfef7-e912-4c1f-bd56-a361a6d26098,141,4.7,right_knee,0.5,0.5,0.0,540.0,960.0,0.5
f52cfef7-e912-4c1f-bd56-a361a6d26098,141,4.7,left_ankle,0.5,0.5,0.0,540.0,960.0,0.5
f52cfef7-e912-4c1f-bd56-a361a6d26098,141,4.7,right_ankle,0.5,0.5,0.0,540.0,960.0,0.5
f52cfef7-e912-4c1f-bd56-a361a6d26098,141,4.7,left_heel,0.5,0.5,0.0,540.0,960.0,0.5
f52cfef7-e912-4c1f-bd56-a361a6d26098,141,4.7,right_heel,0.5,0.5,0.0,540.0,960.0,0.5
f52cfef7-e912-4c1f-bd56-a361a6d26098,141,4.7,left_foot_index,0.5,0.5,0.0,540.0,960.0,0.5
f52cfef7-e912-4c1f-bd56-a361a6d26098,141,4.7,right_foot_index,0.5,0.5,0.0,540.0,960.0,0.5
f52cfef7-e912-4c1f-bd56-a361a6d26098,142,4.733333333333333,nose,0.5,0.5,0.0,540.0,960.0,0.5
f52cfef7-e912-4c1f-bd56-a361a6d26098,142,4.733333333333333,left_shoulder,0.5,0.5,0.0,540.0,960.0,0.5
f52cfef7-e912-4c1f-bd56-a361a6d26098,142,4.733333333333333,right_shoulder,0.5,0.5,0.0,540.0,960.0,0.5
f52cfef7-e912-4c1f-bd56-a361a6d26098,142,4.733333333333333,left_elbow,0.5,0.5,0.0,540.0,960.0,0.5
f52cfef7-e912-4c1f-bd56-a361a6d26098,142,4.733333333333333,right_elbow,0.5,0.5,0.0,540.0,960.0,0.5
f52cfef7-e912-4c1f-bd56-a361a6d26098,142,4.733333333333333,left_wrist,0.5,0.5,0.0,540.0,960.0,0.5
f52cfef7-e912-4c1f-bd56-a361a6d26098,142,4.733333333333333,right_wrist,0.5,0.5,0.0,540.0,960.0,0.5
f52cfef7-e912-4c1f-bd56-a361a6d26098,142,4.733333333333333,left_hip,0.5,0.5,0.0,540.0,960.0,0.5
f52cfef7-e912-4c1f-bd56-a361a6d26098,142,4.733333333333333,right_hip,0.5,0.5,0.0,540.0,960.0,0.5
f52cfef7-e912-4c1f-bd56-a361a6d26098,142,4.733333333333333,left_knee,0.5,0.5,0.0,540.0,960.0,0.5
f52cfef7-e912-4c1f-bd56-a361a6d26098,142,4.733333333333333,right_knee,0.5,0.5,0.0,540.0,960.0,0.5
f52cfef7-e912-4c1f-bd56-a361a6d26098,142,4.733333333333333,left_ankle,0.5,0.5,0.0,540.0,960.0,0.5
f52cfef7-e912-4c1f-bd56-a361a6d26098,142,4.733333333333333,right_ankle,0.5,0.5,0.0,540.0,960.0,0.5
f52cfef7-e912-4c1f-bd56-a361a6d26098,142,4.733333333333333,left_heel,0.5,0.5,0.0,540.0,960.0,0.5
f52cfef7-e912-4c1f-bd56-a361a6d26098,142,4.733333333333333,right_heel,0.5,0.5,0.0,540.0,960.0,0.5
f52cfef7-e912-4c1f-bd56-a361a6d26098,142,4.733333333333333,left_foot_index,0.5,0.5,0.0,540.0,960.0,0.5
f52cfef7-e912-4c1f-bd56-a361a6d26098,142,4.733333333333333,right_foot_index,0.5,0.5,0.0,540.0,960.0,0.5
f52cfef7-e912-4c1f-bd56-a361a6d26098,143,4.766666666666667,nose,0.5,0.5,0.0,540.0,960.0,0.5
f52cfef7-e912-4c1f-bd56-a361a6d26098,143,4.766666666666667,left_shoulder,0.5,0.5,0.0,540.0,960.0,0.5
f52cfef7-e912-4c1f-bd56-a361a6d26098,143,4.766666666666667,right_shoulder,0.5,0.5,0.0,540.0,960.0,0.5
f52cfef7-e912-4c1f-bd56-a361a6d26098,143,4.766666666666667,left_elbow,0.5,0.5,0.0,540.0,960.0,0.5
f52cfef7-e912-4c1f-bd56-a361a6d26098,143,4.766666666666667,right_elbow,0.5,0.5,0.0,540.0,960.0,0.5
f52cfef7-e912-4c1f-bd56-a361a6d26098,143,4.766666666666667,left_wrist,0.5,0.5,0.0,540.0,960.0,0.5
f52cfef7-e912-4c1f-bd56-a361a6d26098,143,4.766666666666667,right_wrist,0.5,0.5,0.0,540.0,960.0,0.5
f52cfef7-e912-4c1f-bd56-a361a6d26098,143,4.766666666666667,left_hip,0.5,0.5,0.0,540.0,960.0,0.5
f52cfef7-e912-4c1f-bd56-a361a6d26098,143,4.766666666666667,right_hip,0.5,0.5,0.0,540.0,960.0,0.5
f52cfef7-e912-4c1f-bd56-a361a6d26098,143,4.766666666666667,left_knee,0.5,0.5,0.0,540.0,960.0,0.5
f52cfef7-e912-4c1f-bd56-a361a6d26098,143,4.766666666666667,right_knee,0.5,0.5,0.0,540.0,960.0,0.5
f52cfef7-e912-4c1f-bd56-a361a6d26098,143,4.766666666666667,left_ankle,0.5,0.5,0.0,540.0,960.0,0.5
f52cfef7-e912-4c1f-bd56-a361a6d26098,143,4.766666666666667,right_ankle,0.5,0.5,0.0,540.0,960.0,0.5
f52cfef7-e912-4c1f-bd56-a361a6d26098,143,4.766666666666667,left_heel,0.5,0.5,0.0,540.0,960.0,0.5
f52cfef7-e912-4c1f-bd56-a361a6d26098,143,4.766666666666667,right_heel,0.5,0.5,0.0,540.0,960.0,0.5
f52cfef7-e912-4c1f-bd56-a361a6d26098,143,4.766666666666667,left_foot_index,0.5,0.5,0.0,540.0,960.0,0.5
f52cfef7-e912-4c1f-bd56-a361a6d26098,143,4.766666666666667,right_foot_index,0.5,0.5,0.0,540.0,960.0,0.5
f52cfef7-e912-4c1f-bd56-a361a6d26098,144,4.8,nose,0.5,0.5,0.0,540.0,960.0,0.5
f52cfef7-e912-4c1f-bd56-a361a6d26098,144,4.8,left_shoulder,0.5,0.5,0.0,540.0,960.0,0.5
f52cfef7-e912-4c1f-bd56-a361a6d26098,144,4.8,right_shoulder,0.5,0.5,0.0,540.0,960.0,0.5
f52cfef7-e912-4c1f-bd56-a361a6d26098,144,4.8,left_elbow,0.5,0.5,0.0,540.0,960.0,0.5
f52cfef7-e912-4c1f-bd56-a361a6d26098,144,4.8,right_elbow,0.5,0.5,0.0,540.0,960.0,0.5
f52cfef7-e912-4c1f-bd56-a361a6d26098,144,4.8,left_wrist,0.5,0.5,0.0,540.0,960.0,0.5
f52cfef7-e912-4c1f-bd56-a361a6d26098,144,4.8,right_wrist,0.5,0.5,0.0,540.0,960.0,0.5
f52cfef7-e912-4c1f-bd56-a361a6d26098,144,4.8,left_hip,0.5,0.5,0.0,540.0,960.0,0.5
f52cfef7-e912-4c1f-bd56-a361a6d26098,144,4.8,right_hip,0.5,0.5,0.0,540.0,960.0,0.5
f52cfef7-e912-4c1f-bd56-a361a6d26098,144,4.8,left_knee,0.5,0.5,0.0,540.0,960.0,0.5
f52cfef7-e912-4c1f-bd56-a361a6d26098,144,4.8,right_knee,0.5,0.5,0.0,540.0,960.0,0.5
f52cfef7-e912-4c1f-bd56-a361a6d26098,144,4.8,left_ankle,0.5,0.5,0.0,540.0,960.0,0.5
f52cfef7-e912-4c1f-bd56-a361a6d26098,144,4.8,right_ankle,0.5,0.5,0.0,540.0,960.0,0.5
f52cfef7-e912-4c1f-bd56-a361a6d26098,144,4.8,left_heel,0.5,0.5,0.0,540.0,960.0,0.5
f52cfef7-e912-4c1f-bd56-a361a6d26098,144,4.8,right_heel,0.5,0.5,0.0,540.0,960.0,0.5
f52cfef7-e912-4c1f-bd56-a361a6d26098,144,4.8,left_foot_index,0.5,0.5,0.0,540.0,960.0,0.5
f52cfef7-e912-4c1f-bd56-a361a6d26098,144,4.8,right_foot_index,0.5,0.5,0.0,540.0,960.0,0.5
f52cfef7-e912-4c1f-bd56-a361a6d26098,145,4.833333333333333,nose,0.5,0.5,0.0,540.0,960.0,0.5
f52cfef7-e912-4c1f-bd56-a361a6d26098,145,4.833333333333333,left_shoulder,0.5,0.5,0.0,540.0,960.0,0.5
f52cfef7-e912-4c1f-bd56-a361a6d26098,145,4.833333333333333,right_shoulder,0.5,0.5,0.0,540.0,960.0,0.5
f52cfef7-e912-4c1f-bd56-a361a6d26098,145,4.833333333333333,left_elbow,0.5,0.5,0.0,540.0,960.0,0.5
f52cfef7-e912-4c1f-bd56-a361a6d26098,145,4.833333333333333,right_elbow,0.5,0.5,0.0,540.0,960.0,0.5
f52cfef7-e912-4c1f-bd56-a361a6d26098,145,4.833333333333333,left_wrist,0.5,0.5,0.0,540.0,960.0,0.5
f52cfef7-e912-4c1f-bd56-a361a6d26098,145,4.833333333333333,right_wrist,0.5,0.5,0.0,540.0,960.0,0.5
f52cfef7-e912-4c1f-bd56-a361a6d26098,145,4.833333333333333,left_hip,0.5,0.5,0.0,540.0,960.0,0.5
f52cfef7-e912-4c1f-bd56-a361a6d26098,145,4.833333333333333,right_hip,0.5,0.5,0.0,540.0,960.0,0.5
f52cfef7-e912-4c1f-bd56-a361a6d26098,145,4.833333333333333,left_knee,0.5,0.5,0.0,540.0,960.0,0.5
f52cfef7-e912-4c1f-bd56-a361a6d26098,145,4.833333333333333,right_knee,0.5,0.5,0.0,540.0,960.0,0.5
f52cfef7-e912-4c1f-bd56-a361a6d26098,145,4.833333333333333,left_ankle,0.5,0.5,0.0,540.0,960.0,0.5
f52cfef7-e912-4c1f-bd56-a361a6d26098,145,4.833333333333333,right_ankle,0.5,0.5,0.0,540.0,960.0,0.5
f52cfef7-e912-4c1f-bd56-a361a6d26098,145,4.833333333333333,left_heel,0.5,0.5,0.0,540.0,960.0,0.5
f52cfef7-e912-4c1f-bd56-a361a6d26098,145,4.833333333333333,right_heel,0.5,0.5,0.0,540.0,960.0,0.5
f52cfef7-e912-4c1f-bd56-a361a6d26098,145,4.833333333333333,left_foot_index,0.5,0.5,0.0,540.0,960.0,0.5
f52cfef7-e912-4c1f-bd56-a361a6d26098,145,4.833333333333333,right_foot_index,0.5,0.5,0.0,540.0,960.0,0.5
f52cfef7-e912-4c1f-bd56-a361a6d26098,146,4.866666666666666,nose,0.5,0.5,0.0,540.0,960.0,0.5
f52cfef7-e912-4c1f-bd56-a361a6d26098,146,4.866666666666666,left_shoulder,0.5,0.5,0.0,540.0,960.0,0.5
f52cfef7-e912-4c1f-bd56-a361a6d26098,146,4.866666666666666,right_shoulder,0.5,0.5,0.0,540.0,960.0,0.5
f52cfef7-e912-4c1f-bd56-a361a6d26098,146,4.866666666666666,left_elbow,0.5,0.5,0.0,540.0,960.0,0.5
f52cfef7-e912-4c1f-bd56-a361a6d26098,146,4.866666666666666,right_elbow,0.5,0.5,0.0,540.0,960.0,0.5
f52cfef7-e912-4c1f-bd56-a361a6d26098,146,4.866666666666666,left_wrist,0.5,0.5,0.0,540.0,960.0,0.5
f52cfef7-e912-4c1f-bd56-a361a6d26098,146,4.866666666666666,right_wrist,0.5,0.5,0.0,540.0,960.0,0.5
f52cfef7-e912-4c1f-bd56-a361a6d26098,146,4.866666666666666,left_hip,0.5,0.5,0.0,540.0,960.0,0.5
f52cfef7-e912-4c1f-bd56-a361a6d26098,146,4.866666666666666,right_hip,0.5,0.5,0.0,540.0,960.0,0.5
f52cfef7-e912-4c1f-bd56-a361a6d26098,146,4.866666666666666,left_knee,0.5,0.5,0.0,540.0,960.0,0.5
f52cfef7-e912-4c1f-bd56-a361a6d26098,146,4.866666666666666,right_knee,0.5,0.5,0.0,540.0,960.0,0.5
f52cfef7-e912-4c1f-bd56-a361a6d26098,146,4.866666666666666,left_ankle,0.5,0.5,0.0,540.0,960.0,0.5
f52cfef7-e912-4c1f-bd56-a361a6d26098,146,4.866666666666666,right_ankle,0.5,0.5,0.0,540.0,960.0,0.5
f52cfef7-e912-4c1f-bd56-a361a6d26098,146,4.866666666666666,left_heel,0.5,0.5,0.0,540.0,960.0,0.5
f52cfef7-e912-4c1f-bd56-a361a6d26098,146,4.866666666666666,right_heel,0.5,0.5,0.0,540.0,960.0,0.5
f52cfef7-e912-4c1f-bd56-a361a6d26098,146,4.866666666666666,left_foot_index,0.5,0.5,0.0,540.0,960.0,0.5
f52cfef7-e912-4c1f-bd56-a361a6d26098,146,4.866666666666666,right_foot_index,0.5,0.5,0.0,540.0,960.0,0.5
f52cfef7-e912-4c1f-bd56-a361a6d26098,147,4.9,nose,0.5,0.5,0.0,540.0,960.0,0.5
f52cfef7-e912-4c1f-bd56-a361a6d26098,147,4.9,left_shoulder,0.5,0.5,0.0,540.0,960.0,0.5
f52cfef7-e912-4c1f-bd56-a361a6d26098,147,4.9,right_shoulder,0.5,0.5,0.0,540.0,960.0,0.5
f52cfef7-e912-4c1f-bd56-a361a6d26098,147,4.9,left_elbow,0.5,0.5,0.0,540.0,960.0,0.5
f52cfef7-e912-4c1f-bd56-a361a6d26098,147,4.9,right_elbow,0.5,0.5,0.0,540.0,960.0,0.5
f52cfef7-e912-4c1f-bd56-a361a6d26098,147,4.9,left_wrist,0.5,0.5,0.0,540.0,960.0,0.5
f52cfef7-e912-4c1f-bd56-a361a6d26098,147,4.9,right_wrist,0.5,0.5,0.0,540.0,960.0,0.5
f52cfef7-e912-4c1f-bd56-a361a6d26098,147,4.9,left_hip,0.5,0.5,0.0,540.0,960.0,0.5
f52cfef7-e912-4c1f-bd56-a361a6d26098,147,4.9,right_hip,0.5,0.5,0.0,540.0,960.0,0.5
f52cfef7-e912-4c1f-bd56-a361a6d26098,147,4.9,left_knee,0.5,0.5,0.0,540.0,960.0,0.5
f52cfef7-e912-4c1f-bd56-a361a6d26098,147,4.9,right_knee,0.5,0.5,0.0,540.0,960.0,0.5
f52cfef7-e912-4c1f-bd56-a361a6d26098,147,4.9,left_ankle,0.5,0.5,0.0,540.0,960.0,0.5
f52cfef7-e912-4c1f-bd56-a361a6d26098,147,4.9,right_ankle,0.5,0.5,0.0,540.0,960.0,0.5
f52cfef7-e912-4c1f-bd56-a361a6d26098,147,4.9,left_heel,0.5,0.5,0.0,540.0,960.0,0.5
f52cfef7-e912-4c1f-bd56-a361a6d26098,147,4.9,right_heel,0.5,0.5,0.0,540.0,960.0,0.5
f52cfef7-e912-4c1f-bd56-a361a6d26098,147,4.9,left_foot_index,0.5,0.5,0.0,540.0,960.0,0.5
f52cfef7-e912-4c1f-bd56-a361a6d26098,147,4.9,right_foot_index,0.5,0.5,0.0,540.0,960.0,0.5
f52cfef7-e912-4c1f-bd56-a361a6d26098,148,4.933333333333334,nose,0.5,0.5,0.0,540.0,960.0,0.5
f52cfef7-e912-4c1f-bd56-a361a6d26098,148,4.933333333333334,left_shoulder,0.5,0.5,0.0,540.0,960.0,0.5
f52cfef7-e912-4c1f-bd56-a361a6d26098,148,4.933333333333334,right_shoulder,0.5,0.5,0.0,540.0,960.0,0.5
f52cfef7-e912-4c1f-bd56-a361a6d26098,148,4.933333333333334,left_elbow,0.5,0.5,0.0,540.0,960.0,0.5
f52cfef7-e912-4c1f-bd56-a361a6d26098,148,4.933333333333334,right_elbow,0.5,0.5,0.0,540.0,960.0,0.5
f52cfef7-e912-4c1f-bd56-a361a6d26098,148,4.933333333333334,left_wrist,0.5,0.5,0.0,540.0,960.0,0.5
f52cfef7-e912-4c1f-bd56-a361a6d26098,148,4.933333333333334,right_wrist,0.5,0.5,0.0,540.0,960.0,0.5
f52cfef7-e912-4c1f-bd56-a361a6d26098,148,4.933333333333334,left_hip,0.5,0.5,0.0,540.0,960.0,0.5
f52cfef7-e912-4c1f-bd56-a361a6d26098,148,4.933333333333334,right_hip,0.5,0.5,0.0,540.0,960.0,0.5
f52cfef7-e912-4c1f-bd56-a361a6d26098,148,4.933333333333334,left_knee,0.5,0.5,0.0,540.0,960.0,0.5
f52cfef7-e912-4c1f-bd56-a361a6d26098,148,4.933333333333334,right_knee,0.5,0.5,0.0,540.0,960.0,0.5
f52cfef7-e912-4c1f-bd56-a361a6d26098,148,4.933333333333334,left_ankle,0.5,0.5,0.0,540.0,960.0,0.5
f52cfef7-e912-4c1f-bd56-a361a6d26098,148,4.933333333333334,right_ankle,0.5,0.5,0.0,540.0,960.0,0.5
f52cfef7-e912-4c1f-bd56-a361a6d26098,148,4.933333333333334,left_heel,0.5,0.5,0.0,540.0,960.0,0.5
f52cfef7-e912-4c1f-bd56-a361a6d26098,148,4.933333333333334,right_heel,0.5,0.5,0.0,540.0,960.0,0.5
f52cfef7-e912-4c1f-bd56-a361a6d26098,148,4.933333333333334,left_foot_index,0.5,0.5,0.0,540.0,960.0,0.5
f52cfef7-e912-4c1f-bd56-a361a6d26098,148,4.933333333333334,right_foot_index,0.5,0.5,0.0,540.0,960.0,0.5
f52cfef7-e912-4c1f-bd56-a361a6d26098,149,4.966666666666667,nose,0.5,0.5,0.0,540.0,960.0,0.5
f52cfef7-e912-4c1f-bd56-a361a6d26098,149,4.966666666666667,left_shoulder,0.5,0.5,0.0,540.0,960.0,0.5
f52cfef7-e912-4c1f-bd56-a361a6d26098,149,4.966666666666667,right_shoulder,0.5,0.5,0.0,540.0,960.0,0.5
f52cfef7-e912-4c1f-bd56-a361a6d26098,149,4.966666666666667,left_elbow,0.5,0.5,0.0,540.0,960.0,0.5
f52cfef7-e912-4c1f-bd56-a361a6d26098,149,4.966666666666667,right_elbow,0.5,0.5,0.0,540.0,960.0,0.5
f52cfef7-e912-4c1f-bd56-a361a6d26098,149,4.966666666666667,left_wrist,0.5,0.5,0.0,540.0,960.0,0.5
f52cfef7-e912-4c1f-bd56-a361a6d26098,149,4.966666666666667,right_wrist,0.5,0.5,0.0,540.0,960.0,0.5
f52cfef7-e912-4c1f-bd56-a361a6d26098,149,4.966666666666667,left_hip,0.5,0.5,0.0,540.0,960.0,0.5
f52cfef7-e912-4c1f-bd56-a361a6d26098,149,4.966666666666667,right_hip,0.5,0.5,0.0,540.0,960.0,0.5
f52cfef7-e912-4c1f-bd56-a361a6d26098,149,4.966666666666667,left_knee,0.5,0.5,0.0,540.0,960.0,0.5
f52cfef7-e912-4c1f-bd56-a361a6d26098,149,4.966666666666667,right_knee,0.5,0.5,0.0,540.0,960.0,0.5
f52cfef7-e912-4c1f-bd56-a361a6d26098,149,4.966666666666667,left_ankle,0.5,0.5,0.0,540.0,960.0,0.5
f52cfef7-e912-4c1f-bd56-a361a6d26098,149,4.966666666666667,right_ankle,0.5,0.5,0.0,540.0,960.0,0.5
f52cfef7-e912-4c1f-bd56-a361a6d26098,149,4.966666666666667,left_heel,0.5,0.5,0.0,540.0,960.0,0.5
f52cfef7-e912-4c1f-bd56-a361a6d26098,149,4.966666666666667,right_heel,0.5,0.5,0.0,540.0,960.0,0.5
f52cfef7-e912-4c1f-bd56-a361a6d26098,149,4.966666666666667,left_foot_index,0.5,0.5,0.0,540.0,960.0,0.5
f52cfef7-e912-4c1f-bd56-a361a6d26098,149,4.966666666666667,right_foot_index,0.5,0.5,0.0,540.0,960.0,0.5
f52cfef7-e912-4c1f-bd56-a361a6d26098,150,5.0,nose,0.5,0.5,0.0,540.0,960.0,0.5
f52cfef7-e912-4c1f-bd56-a361a6d26098,150,5.0,left_shoulder,0.5,0.5,0.0,540.0,960.0,0.5
f52cfef7-e912-4c1f-bd56-a361a6d26098,150,5.0,right_shoulder,0.5,0.5,0.0,540.0,960.0,0.5
f52cfef7-e912-4c1f-bd56-a361a6d26098,150,5.0,left_elbow,0.5,0.5,0.0,540.0,960.0,0.5
f52cfef7-e912-4c1f-bd56-a361a6d26098,150,5.0,right_elbow,0.5,0.5,0.0,540.0,960.0,0.5
f52cfef7-e912-4c1f-bd56-a361a6d26098,150,5.0,left_wrist,0.5,0.5,0.0,540.0,960.0,0.5
f52cfef7-e912-4c1f-bd56-a361a6d26098,150,5.0,right_wrist,0.5,0.5,0.0,540.0,960.0,0.5
f52cfef7-e912-4c1f-bd56-a361a6d26098,150,5.0,left_hip,0.5,0.5,0.0,540.0,960.0,0.5
f52cfef7-e912-4c1f-bd56-a361a6d26098,150,5.0,right_hip,0.5,0.5,0.0,540.0,960.0,0.5
f52cfef7-e912-4c1f-bd56-a361a6d26098,150,5.0,left_knee,0.5,0.5,0.0,540.0,960.0,0.5
f52cfef7-e912-4c1f-bd56-a361a6d26098,150,5.0,right_knee,0.5,0.5,0.0,540.0,960.0,0.5
f52cfef7-e912-4c1f-bd56-a361a6d26098,150,5.0,left_ankle,0.5,0.5,0.0,540.0,960.0,0.5
f52cfef7-e912-4c1f-bd56-a361a6d26098,150,5.0,right_ankle,0.5,0.5,0.0,540.0,960.0,0.5
f52cfef7-e912-4c1f-bd56-a361a6d26098,150,5.0,left_heel,0.5,0.5,0.0,540.0,960.0,0.5
f52cfef7-e912-4c1f-bd56-a361a6d26098,150,5.0,right_heel,0.5,0.5,0.0,540.0,960.0,0.5
f52cfef7-e912-4c1f-bd56-a361a6d26098,150,5.0,left_foot_index,0.5,0.5,0.0,540.0,960.0,0.5
f52cfef7-e912-4c1f-bd56-a361a6d26098,150,5.0,right_foot_index,0.5,0.5,0.0,540.0,960.0,0.5
f52cfef7-e912-4c1f-bd56-a361a6d26098,151,5.033333333333333,nose,0.5,0.5,0.0,540.0,960.0,0.5
f52cfef7-e912-4c1f-bd56-a361a6d26098,151,5.033333333333333,left_shoulder,0.5,0.5,0.0,540.0,960.0,0.5
f52cfef7-e912-4c1f-bd56-a361a6d26098,151,5.033333333333333,right_shoulder,0.5,0.5,0.0,540.0,960.0,0.5
f52cfef7-e912-4c1f-bd56-a361a6d26098,151,5.033333333333333,left_elbow,0.5,0.5,0.0,540.0,960.0,0.5
f52cfef7-e912-4c1f-bd56-a361a6d26098,151,5.033333333333333,right_elbow,0.5,0.5,0.0,540.0,960.0,0.5
f52cfef7-e912-4c1f-bd56-a361a6d26098,151,5.033333333333333,left_wrist,0.5,0.5,0.0,540.0,960.0,0.5
f52cfef7-e912-4c1f-bd56-a361a6d26098,151,5.033333333333333,right_wrist,0.5,0.5,0.0,540.0,960.0,0.5
f52cfef7-e912-4c1f-bd56-a361a6d26098,151,5.033333333333333,left_hip,0.5,0.5,0.0,540.0,960.0,0.5
f52cfef7-e912-4c1f-bd56-a361a6d26098,151,5.033333333333333,right_hip,0.5,0.5,0.0,540.0,960.0,0.5
f52cfef7-e912-4c1f-bd56-a361a6d26098,151,5.033333333333333,left_knee,0.5,0.5,0.0,540.0,960.0,0.5
f52cfef7-e912-4c1f-bd56-a361a6d26098,151,5.033333333333333,right_knee,0.5,0.5,0.0,540.0,960.0,0.5
f52cfef7-e912-4c1f-bd56-a361a6d26098,151,5.033333333333333,left_ankle,0.5,0.5,0.0,540.0,960.0,0.5
f52cfef7-e912-4c1f-bd56-a361a6d26098,151,5.033333333333333,right_ankle,0.5,0.5,0.0,540.0,960.0,0.5
f52cfef7-e912-4c1f-bd56-a361a6d26098,151,5.033333333333333,left_heel,0.5,0.5,0.0,540.0,960.0,0.5
f52cfef7-e912-4c1f-bd56-a361a6d26098,151,5.033333333333333,right_heel,0.5,0.5,0.0,540.0,960.0,0.5
f52cfef7-e912-4c1f-bd56-a361a6d26098,151,5.033333333333333,left_foot_index,0.5,0.5,0.0,540.0,960.0,0.5
f52cfef7-e912-4c1f-bd56-a361a6d26098,151,5.033333333333333,right_foot_index,0.5,0.5,0.0,540.0,960.0,0.5
f52cfef7-e912-4c1f-bd56-a361a6d26098,152,5.066666666666666,nose,0.5,0.5,0.0,540.0,960.0,0.5
f52cfef7-e912-4c1f-bd56-a361a6d26098,152,5.066666666666666,left_shoulder,0.5,0.5,0.0,540.0,960.0,0.5
f52cfef7-e912-4c1f-bd56-a361a6d26098,152,5.066666666666666,right_shoulder,0.5,0.5,0.0,540.0,960.0,0.5
f52cfef7-e912-4c1f-bd56-a361a6d26098,152,5.066666666666666,left_elbow,0.5,0.5,0.0,540.0,960.0,0.5
f52cfef7-e912-4c1f-bd56-a361a6d26098,152,5.066666666666666,right_elbow,0.5,0.5,0.0,540.0,960.0,0.5
f52cfef7-e912-4c1f-bd56-a361a6d26098,152,5.066666666666666,left_wrist,0.5,0.5,0.0,540.0,960.0,0.5
f52cfef7-e912-4c1f-bd56-a361a6d26098,152,5.066666666666666,right_wrist,0.5,0.5,0.0,540.0,960.0,0.5
f52cfef7-e912-4c1f-bd56-a361a6d26098,152,5.066666666666666,left_hip,0.5,0.5,0.0,540.0,960.0,0.5
f52cfef7-e912-4c1f-bd56-a361a6d26098,152,5.066666666666666,right_hip,0.5,0.5,0.0,540.0,960.0,0.5
f52cfef7-e912-4c1f-bd56-a361a6d26098,152,5.066666666666666,left_knee,0.5,0.5,0.0,540.0,960.0,0.5
f52cfef7-e912-4c1f-bd56-a361a6d26098,152,5.066666666666666,right_knee,0.5,0.5,0.0,540.0,960.0,0.5
f52cfef7-e912-4c1f-bd56-a361a6d26098,152,5.066666666666666,left_ankle,0.5,0.5,0.0,540.0,960.0,0.5
f52cfef7-e912-4c1f-bd56-a361a6d26098,152,5.066666666666666,right_ankle,0.5,0.5,0.0,540.0,960.0,0.5
f52cfef7-e912-4c1f-bd56-a361a6d26098,152,5.066666666666666,left_heel,0.5,0.5,0.0,540.0,960.0,0.5
f52cfef7-e912-4c1f-bd56-a361a6d26098,152,5.066666666666666,right_heel,0.5,0.5,0.0,540.0,960.0,0.5
f52cfef7-e912-4c1f-bd56-a361a6d26098,152,5.066666666666666,left_foot_index,0.5,0.5,0.0,540.0,960.0,0.5
f52cfef7-e912-4c1f-bd56-a361a6d26098,152,5.066666666666666,right_foot_index,0.5,0.5,0.0,540.0,960.0,0.5
f52cfef7-e912-4c1f-bd56-a361a6d26098,153,5.1,nose,0.5,0.5,0.0,540.0,960.0,0.5
f52cfef7-e912-4c1f-bd56-a361a6d26098,153,5.1,left_shoulder,0.5,0.5,0.0,540.0,960.0,0.5
f52cfef7-e912-4c1f-bd56-a361a6d26098,153,5.1,right_shoulder,0.5,0.5,0.0,540.0,960.0,0.5
f52cfef7-e912-4c1f-bd56-a361a6d26098,153,5.1,left_elbow,0.5,0.5,0.0,540.0,960.0,0.5
f52cfef7-e912-4c1f-bd56-a361a6d26098,153,5.1,right_elbow,0.5,0.5,0.0,540.0,960.0,0.5
f52cfef7-e912-4c1f-bd56-a361a6d26098,153,5.1,left_wrist,0.5,0.5,0.0,540.0,960.0,0.5
f52cfef7-e912-4c1f-bd56-a361a6d26098,153,5.1,right_wrist,0.5,0.5,0.0,540.0,960.0,0.5
f52cfef7-e912-4c1f-bd56-a361a6d26098,153,5.1,left_hip,0.5,0.5,0.0,540.0,960.0,0.5
f52cfef7-e912-4c1f-bd56-a361a6d26098,153,5.1,right_hip,0.5,0.5,0.0,540.0,960.0,0.5
f52cfef7-e912-4c1f-bd56-a361a6d26098,153,5.1,left_knee,0.5,0.5,0.0,540.0,960.0,0.5
f52cfef7-e912-4c1f-bd56-a361a6d26098,153,5.1,right_knee,0.5,0.5,0.0,540.0,960.0,0.5
f52cfef7-e912-4c1f-bd56-a361a6d26098,153,5.1,left_ankle,0.5,0.5,0.0,540.0,960.0,0.5
f52cfef7-e912-4c1f-bd56-a361a6d26098,153,5.1,right_ankle,0.5,0.5,0.0,540.0,960.0,0.5
f52cfef7-e912-4c1f-bd56-a361a6d26098,153,5.1,left_heel,0.5,0.5,0.0,540.0,960.0,0.5
f52cfef7-e912-4c1f-bd56-a361a6d26098,153,5.1,right_heel,0.5,0.5,0.0,540.0,960.0,0.5
f52cfef7-e912-4c1f-bd56-a361a6d26098,153,5.1,left_foot_index,0.5,0.5,0.0,540.0,960.0,0.5
f52cfef7-e912-4c1f-bd56-a361a6d26098,153,5.1,right_foot_index,0.5,0.5,0.0,540.0,960.0,0.5
f52cfef7-e912-4c1f-bd56-a361a6d26098,154,5.133333333333334,nose,0.5,0.5,0.0,540.0,960.0,0.5
f52cfef7-e912-4c1f-bd56-a361a6d26098,154,5.133333333333334,left_shoulder,0.5,0.5,0.0,540.0,960.0,0.5
f52cfef7-e912-4c1f-bd56-a361a6d26098,154,5.133333333333334,right_shoulder,0.5,0.5,0.0,540.0,960.0,0.5
f52cfef7-e912-4c1f-bd56-a361a6d26098,154,5.133333333333334,left_elbow,0.5,0.5,0.0,540.0,960.0,0.5
f52cfef7-e912-4c1f-bd56-a361a6d26098,154,5.133333333333334,right_elbow,0.5,0.5,0.0,540.0,960.0,0.5
f52cfef7-e912-4c1f-bd56-a361a6d26098,154,5.133333333333334,left_wrist,0.5,0.5,0.0,540.0,960.0,0.5
f52cfef7-e912-4c1f-bd56-a361a6d26098,154,5.133333333333334,right_wrist,0.5,0.5,0.0,540.0,960.0,0.5
f52cfef7-e912-4c1f-bd56-a361a6d26098,154,5.133333333333334,left_hip,0.5,0.5,0.0,540.0,960.0,0.5
f52cfef7-e912-4c1f-bd56-a361a6d26098,154,5.133333333333334,right_hip,0.5,0.5,0.0,540.0,960.0,0.5
f52cfef7-e912-4c1f-bd56-a361a6d26098,154,5.133333333333334,left_knee,0.5,0.5,0.0,540.0,960.0,0.5
f52cfef7-e912-4c1f-bd56-a361a6d26098,154,5.133333333333334,right_knee,0.5,0.5,0.0,540.0,960.0,0.5
f52cfef7-e912-4c1f-bd56-a361a6d26098,154,5.133333333333334,left_ankle,0.5,0.5,0.0,540.0,960.0,0.5
f52cfef7-e912-4c1f-bd56-a361a6d26098,154,5.133333333333334,right_ankle,0.5,0.5,0.0,540.0,960.0,0.5
f52cfef7-e912-4c1f-bd56-a361a6d26098,154,5.133333333333334,left_heel,0.5,0.5,0.0,540.0,960.0,0.5
f52cfef7-e912-4c1f-bd56-a361a6d26098,154,5.133333333333334,right_heel,0.5,0.5,0.0,540.0,960.0,0.5
f52cfef7-e912-4c1f-bd56-a361a6d26098,154,5.133333333333334,left_foot_index,0.5,0.5,0.0,540.0,960.0,0.5
f52cfef7-e912-4c1f-bd56-a361a6d26098,154,5.133333333333334,right_foot_index,0.5,0.5,0.0,540.0,960.0,0.5
f52cfef7-e912-4c1f-bd56-a361a6d26098,155,5.166666666666667,nose,0.5,0.5,0.0,540.0,960.0,0.5
f52cfef7-e912-4c1f-bd56-a361a6d26098,155,5.166666666666667,left_shoulder,0.5,0.5,0.0,540.0,960.0,0.5
f52cfef7-e912-4c1f-bd56-a361a6d26098,155,5.166666666666667,right_shoulder,0.5,0.5,0.0,540.0,960.0,0.5
f52cfef7-e912-4c1f-bd56-a361a6d26098,155,5.166666666666667,left_elbow,0.5,0.5,0.0,540.0,960.0,0.5
f52cfef7-e912-4c1f-bd56-a361a6d26098,155,5.166666666666667,right_elbow,0.5,0.5,0.0,540.0,960.0,0.5
f52cfef7-e912-4c1f-bd56-a361a6d26098,155,5.166666666666667,left_wrist,0.5,0.5,0.0,540.0,960.0,0.5
f52cfef7-e912-4c1f-bd56-a361a6d26098,155,5.166666666666667,right_wrist,0.5,0.5,0.0,540.0,960.0,0.5
f52cfef7-e912-4c1f-bd56-a361a6d26098,155,5.166666666666667,left_hip,0.5,0.5,0.0,540.0,960.0,0.5
f52cfef7-e912-4c1f-bd56-a361a6d26098,155,5.166666666666667,right_hip,0.5,0.5,0.0,540.0,960.0,0.5
f52cfef7-e912-4c1f-bd56-a361a6d26098,155,5.166666666666667,left_knee,0.5,0.5,0.0,540.0,960.0,0.5
f52cfef7-e912-4c1f-bd56-a361a6d26098,155,5.166666666666667,right_knee,0.5,0.5,0.0,540.0,960.0,0.5
f52cfef7-e912-4c1f-bd56-a361a6d26098,155,5.166666666666667,left_ankle,0.5,0.5,0.0,540.0,960.0,0.5
f52cfef7-e912-4c1f-bd56-a361a6d26098,155,5.166666666666667,right_ankle,0.5,0.5,0.0,540.0,960.0,0.5
f52cfef7-e912-4c1f-bd56-a361a6d26098,155,5.166666666666667,left_heel,0.5,0.5,0.0,540.0,960.0,0.5
f52cfef7-e912-4c1f-bd56-a361a6d26098,155,5.166666666666667,right_heel,0.5,0.5,0.0,540.0,960.0,0.5
f52cfef7-e912-4c1f-bd56-a361a6d26098,155,5.166666666666667,left_foot_index,0.5,0.5,0.0,540.0,960.0,0.5
f52cfef7-e912-4c1f-bd56-a361a6d26098,155,5.166666666666667,right_foot_index,0.5,0.5,0.0,540.0,960.0,0.5
f52cfef7-e912-4c1f-bd56-a361a6d26098,156,5.2,nose,0.5,0.5,0.0,540.0,960.0,0.5
f52cfef7-e912-4c1f-bd56-a361a6d26098,156,5.2,left_shoulder,0.5,0.5,0.0,540.0,960.0,0.5
f52cfef7-e912-4c1f-bd56-a361a6d26098,156,5.2,right_shoulder,0.5,0.5,0.0,540.0,960.0,0.5
f52cfef7-e912-4c1f-bd56-a361a6d26098,156,5.2,left_elbow,0.5,0.5,0.0,540.0,960.0,0.5
f52cfef7-e912-4c1f-bd56-a361a6d26098,156,5.2,right_elbow,0.5,0.5,0.0,540.0,960.0,0.5
f52cfef7-e912-4c1f-bd56-a361a6d26098,156,5.2,left_wrist,0.5,0.5,0.0,540.0,960.0,0.5
f52cfef7-e912-4c1f-bd56-a361a6d26098,156,5.2,right_wrist,0.5,0.5,0.0,540.0,960.0,0.5
f52cfef7-e912-4c1f-bd56-a361a6d26098,156,5.2,left_hip,0.5,0.5,0.0,540.0,960.0,0.5
f52cfef7-e912-4c1f-bd56-a361a6d26098,156,5.2,right_hip,0.5,0.5,0.0,540.0,960.0,0.5
f52cfef7-e912-4c1f-bd56-a361a6d26098,156,5.2,left_knee,0.5,0.5,0.0,540.0,960.0,0.5
f52cfef7-e912-4c1f-bd56-a361a6d26098,156,5.2,right_knee,0.5,0.5,0.0,540.0,960.0,0.5
f52cfef7-e912-4c1f-bd56-a361a6d26098,156,5.2,left_ankle,0.5,0.5,0.0,540.0,960.0,0.5
f52cfef7-e912-4c1f-bd56-a361a6d26098,156,5.2,right_ankle,0.5,0.5,0.0,540.0,960.0,0.5
f52cfef7-e912-4c1f-bd56-a361a6d26098,156,5.2,left_heel,0.5,0.5,0.0,540.0,960.0,0.5
f52cfef7-e912-4c1f-bd56-a361a6d26098,156,5.2,right_heel,0.5,0.5,0.0,540.0,960.0,0.5
f52cfef7-e912-4c1f-bd56-a361a6d26098,156,5.2,left_foot_index,0.5,0.5,0.0,540.0,960.0,0.5
f52cfef7-e912-4c1f-bd56-a361a6d26098,156,5.2,right_foot_index,0.5,0.5,0.0,540.0,960.0,0.5
f52cfef7-e912-4c1f-bd56-a361a6d26098,157,5.233333333333333,nose,0.5,0.5,0.0,540.0,960.0,0.5
f52cfef7-e912-4c1f-bd56-a361a6d26098,157,5.233333333333333,left_shoulder,0.5,0.5,0.0,540.0,960.0,0.5
f52cfef7-e912-4c1f-bd56-a361a6d26098,157,5.233333333333333,right_shoulder,0.5,0.5,0.0,540.0,960.0,0.5
f52cfef7-e912-4c1f-bd56-a361a6d26098,157,5.233333333333333,left_elbow,0.5,0.5,0.0,540.0,960.0,0.5
f52cfef7-e912-4c1f-bd56-a361a6d26098,157,5.233333333333333,right_elbow,0.5,0.5,0.0,540.0,960.0,0.5
f52cfef7-e912-4c1f-bd56-a361a6d26098,157,5.233333333333333,left_wrist,0.5,0.5,0.0,540.0,960.0,0.5
f52cfef7-e912-4c1f-bd56-a361a6d26098,157,5.233333333333333,right_wrist,0.5,0.5,0.0,540.0,960.0,0.5
f52cfef7-e912-4c1f-bd56-a361a6d26098,157,5.233333333333333,left_hip,0.5,0.5,0.0,540.0,960.0,0.5
f52cfef7-e912-4c1f-bd56-a361a6d26098,157,5.233333333333333,right_hip,0.5,0.5,0.0,540.0,960.0,0.5
f52cfef7-e912-4c1f-bd56-a361a6d26098,157,5.233333333333333,left_knee,0.5,0.5,0.0,540.0,960.0,0.5
f52cfef7-e912-4c1f-bd56-a361a6d26098,157,5.233333333333333,right_knee,0.5,0.5,0.0,540.0,960.0,0.5
f52cfef7-e912-4c1f-bd56-a361a6d26098,157,5.233333333333333,left_ankle,0.5,0.5,0.0,540.0,960.0,0.5
f52cfef7-e912-4c1f-bd56-a361a6d26098,157,5.233333333333333,right_ankle,0.5,0.5,0.0,540.0,960.0,0.5
f52cfef7-e912-4c1f-bd56-a361a6d26098,157,5.233333333333333,left_heel,0.5,0.5,0.0,540.0,960.0,0.5
f52cfef7-e912-4c1f-bd56-a361a6d26098,157,5.233333333333333,right_heel,0.5,0.5,0.0,540.0,960.0,0.5
f52cfef7-e912-4c1f-bd56-a361a6d26098,157,5.233333333333333,left_foot_index,0.5,0.5,0.0,540.0,960.0,0.5
f52cfef7-e912-4c1f-bd56-a361a6d26098,157,5.233333333333333,right_foot_index,0.5,0.5,0.0,540.0,960.0,0.5
f52cfef7-e912-4c1f-bd56-a361a6d26098,158,5.266666666666667,nose,0.5,0.5,0.0,540.0,960.0,0.5
f52cfef7-e912-4c1f-bd56-a361a6d26098,158,5.266666666666667,left_shoulder,0.5,0.5,0.0,540.0,960.0,0.5
f52cfef7-e912-4c1f-bd56-a361a6d26098,158,5.266666666666667,right_shoulder,0.5,0.5,0.0,540.0,960.0,0.5
f52cfef7-e912-4c1f-bd56-a361a6d26098,158,5.266666666666667,left_elbow,0.5,0.5,0.0,540.0,960.0,0.5
f52cfef7-e912-4c1f-bd56-a361a6d26098,158,5.266666666666667,right_elbow,0.5,0.5,0.0,540.0,960.0,0.5
f52cfef7-e912-4c1f-bd56-a361a6d26098,158,5.266666666666667,left_wrist,0.5,0.5,0.0,540.0,960.0,0.5
f52cfef7-e912-4c1f-bd56-a361a6d26098,158,5.266666666666667,right_wrist,0.5,0.5,0.0,540.0,960.0,0.5
f52cfef7-e912-4c1f-bd56-a361a6d26098,158,5.266666666666667,left_hip,0.5,0.5,0.0,540.0,960.0,0.5
f52cfef7-e912-4c1f-bd56-a361a6d26098,158,5.266666666666667,right_hip,0.5,0.5,0.0,540.0,960.0,0.5
f52cfef7-e912-4c1f-bd56-a361a6d26098,158,5.266666666666667,left_knee,0.5,0.5,0.0,540.0,960.0,0.5
f52cfef7-e912-4c1f-bd56-a361a6d26098,158,5.266666666666667,right_knee,0.5,0.5,0.0,540.0,960.0,0.5
f52cfef7-e912-4c1f-bd56-a361a6d26098,158,5.266666666666667,left_ankle,0.5,0.5,0.0,540.0,960.0,0.5
f52cfef7-e912-4c1f-bd56-a361a6d26098,158,5.266666666666667,right_ankle,0.5,0.5,0.0,540.0,960.0,0.5
f52cfef7-e912-4c1f-bd56-a361a6d26098,158,5.266666666666667,left_heel,0.5,0.5,0.0,540.0,960.0,0.5
f52cfef7-e912-4c1f-bd56-a361a6d26098,158,5.266666666666667,right_heel,0.5,0.5,0.0,540.0,960.0,0.5
f52cfef7-e912-4c1f-bd56-a361a6d26098,158,5.266666666666667,left_foot_index,0.5,0.5,0.0,540.0,960.0,0.5
f52cfef7-e912-4c1f-bd56-a361a6d26098,158,5.266666666666667,right_foot_index,0.5,0.5,0.0,540.0,960.0,0.5
f52cfef7-e912-4c1f-bd56-a361a6d26098,159,5.3,nose,0.5,0.5,0.0,540.0,960.0,0.5
f52cfef7-e912-4c1f-bd56-a361a6d26098,159,5.3,left_shoulder,0.5,0.5,0.0,540.0,960.0,0.5
f52cfef7-e912-4c1f-bd56-a361a6d26098,159,5.3,right_shoulder,0.5,0.5,0.0,540.0,960.0,0.5
f52cfef7-e912-4c1f-bd56-a361a6d26098,159,5.3,left_elbow,0.5,0.5,0.0,540.0,960.0,0.5
f52cfef7-e912-4c1f-bd56-a361a6d26098,159,5.3,right_elbow,0.5,0.5,0.0,540.0,960.0,0.5
f52cfef7-e912-4c1f-bd56-a361a6d26098,159,5.3,left_wrist,0.5,0.5,0.0,540.0,960.0,0.5
f52cfef7-e912-4c1f-bd56-a361a6d26098,159,5.3,right_wrist,0.5,0.5,0.0,540.0,960.0,0.5
f52cfef7-e912-4c1f-bd56-a361a6d26098,159,5.3,left_hip,0.5,0.5,0.0,540.0,960.0,0.5
f52cfef7-e912-4c1f-bd56-a361a6d26098,159,5.3,right_hip,0.5,0.5,0.0,540.0,960.0,0.5
f52cfef7-e912-4c1f-bd56-a361a6d26098,159,5.3,left_knee,0.5,0.5,0.0,540.0,960.0,0.5
f52cfef7-e912-4c1f-bd56-a361a6d26098,159,5.3,right_knee,0.5,0.5,0.0,540.0,960.0,0.5
f52cfef7-e912-4c1f-bd56-a361a6d26098,159,5.3,left_ankle,0.5,0.5,0.0,540.0,960.0,0.5
f52cfef7-e912-4c1f-bd56-a361a6d26098,159,5.3,right_ankle,0.5,0.5,0.0,540.0,960.0,0.5
f52cfef7-e912-4c1f-bd56-a361a6d26098,159,5.3,left_heel,0.5,0.5,0.0,540.0,960.0,0.5
f52cfef7-e912-4c1f-bd56-a361a6d26098,159,5.3,right_heel,0.5,0.5,0.0,540.0,960.0,0.5
f52cfef7-e912-4c1f-bd56-a361a6d26098,159,5.3,left_foot_index,0.5,0.5,0.0,540.0,960.0,0.5
f52cfef7-e912-4c1f-bd56-a361a6d26098,159,5.3,right_foot_index,0.5,0.5,0.0,540.0,960.0,0.5
f52cfef7-e912-4c1f-bd56-a361a6d26098,160,5.333333333333333,nose,0.5,0.5,0.0,540.0,960.0,0.5
f52cfef7-e912-4c1f-bd56-a361a6d26098,160,5.333333333333333,left_shoulder,0.5,0.5,0.0,540.0,960.0,0.5
f52cfef7-e912-4c1f-bd56-a361a6d26098,160,5.333333333333333,right_shoulder,0.5,0.5,0.0,540.0,960.0,0.5
f52cfef7-e912-4c1f-bd56-a361a6d26098,160,5.333333333333333,left_elbow,0.5,0.5,0.0,540.0,960.0,0.5
f52cfef7-e912-4c1f-bd56-a361a6d26098,160,5.333333333333333,right_elbow,0.5,0.5,0.0,540.0,960.0,0.5
f52cfef7-e912-4c1f-bd56-a361a6d26098,160,5.333333333333333,left_wrist,0.5,0.5,0.0,540.0,960.0,0.5
f52cfef7-e912-4c1f-bd56-a361a6d26098,160,5.333333333333333,right_wrist,0.5,0.5,0.0,540.0,960.0,0.5
f52cfef7-e912-4c1f-bd56-a361a6d26098,160,5.333333333333333,left_hip,0.5,0.5,0.0,540.0,960.0,0.5
f52cfef7-e912-4c1f-bd56-a361a6d26098,160,5.333333333333333,right_hip,0.5,0.5,0.0,540.0,960.0,0.5
f52cfef7-e912-4c1f-bd56-a361a6d26098,160,5.333333333333333,left_knee,0.5,0.5,0.0,540.0,960.0,0.5
f52cfef7-e912-4c1f-bd56-a361a6d26098,160,5.333333333333333,right_knee,0.5,0.5,0.0,540.0,960.0,0.5
f52cfef7-e912-4c1f-bd56-a361a6d26098,160,5.333333333333333,left_ankle,0.5,0.5,0.0,540.0,960.0,0.5
f52cfef7-e912-4c1f-bd56-a361a6d26098,160,5.333333333333333,right_ankle,0.5,0.5,0.0,540.0,960.0,0.5
f52cfef7-e912-4c1f-bd56-a361a6d26098,160,5.333333333333333,left_heel,0.5,0.5,0.0,540.0,960.0,0.5
f52cfef7-e912-4c1f-bd56-a361a6d26098,160,5.333333333333333,right_heel,0.5,0.5,0.0,540.0,960.0,0.5
f52cfef7-e912-4c1f-bd56-a361a6d26098,160,5.333333333333333,left_foot_index,0.5,0.5,0.0,540.0,960.0,0.5
f52cfef7-e912-4c1f-bd56-a361a6d26098,160,5.333333333333333,right_foot_index,0.5,0.5,0.0,540.0,960.0,0.5
f52cfef7-e912-4c1f-bd56-a361a6d26098,161,5.366666666666666,nose,0.5,0.5,0.0,540.0,960.0,0.5
f52cfef7-e912-4c1f-bd56-a361a6d26098,161,5.366666666666666,left_shoulder,0.5,0.5,0.0,540.0,960.0,0.5
f52cfef7-e912-4c1f-bd56-a361a6d26098,161,5.366666666666666,right_shoulder,0.5,0.5,0.0,540.0,960.0,0.5
f52cfef7-e912-4c1f-bd56-a361a6d26098,161,5.366666666666666,left_elbow,0.5,0.5,0.0,540.0,960.0,0.5
f52cfef7-e912-4c1f-bd56-a361a6d26098,161,5.366666666666666,right_elbow,0.5,0.5,0.0,540.0,960.0,0.5
f52cfef7-e912-4c1f-bd56-a361a6d26098,161,5.366666666666666,left_wrist,0.5,0.5,0.0,540.0,960.0,0.5
f52cfef7-e912-4c1f-bd56-a361a6d26098,161,5.366666666666666,right_wrist,0.5,0.5,0.0,540.0,960.0,0.5
f52cfef7-e912-4c1f-bd56-a361a6d26098,161,5.366666666666666,left_hip,0.5,0.5,0.0,540.0,960.0,0.5
f52cfef7-e912-4c1f-bd56-a361a6d26098,161,5.366666666666666,right_hip,0.5,0.5,0.0,540.0,960.0,0.5
f52cfef7-e912-4c1f-bd56-a361a6d26098,161,5.366666666666666,left_knee,0.5,0.5,0.0,540.0,960.0,0.5
f52cfef7-e912-4c1f-bd56-a361a6d26098,161,5.366666666666666,right_knee,0.5,0.5,0.0,540.0,960.0,0.5
f52cfef7-e912-4c1f-bd56-a361a6d26098,161,5.366666666666666,left_ankle,0.5,0.5,0.0,540.0,960.0,0.5
f52cfef7-e912-4c1f-bd56-a361a6d26098,161,5.366666666666666,right_ankle,0.5,0.5,0.0,540.0,960.0,0.5
f52cfef7-e912-4c1f-bd56-a361a6d26098,161,5.366666666666666,left_heel,0.5,0.5,0.0,540.0,960.0,0.5
f52cfef7-e912-4c1f-bd56-a361a6d26098,161,5.366666666666666,right_heel,0.5,0.5,0.0,540.0,960.0,0.5
f52cfef7-e912-4c1f-bd56-a361a6d26098,161,5.366666666666666,left_foot_index,0.5,0.5,0.0,540.0,960.0,0.5
f52cfef7-e912-4c1f-bd56-a361a6d26098,161,5.366666666666666,right_foot_index,0.5,0.5,0.0,540.0,960.0,0.5
f52cfef7-e912-4c1f-bd56-a361a6d26098,162,5.4,nose,0.5,0.5,0.0,540.0,960.0,0.5
f52cfef7-e912-4c1f-bd56-a361a6d26098,162,5.4,left_shoulder,0.5,0.5,0.0,540.0,960.0,0.5
f52cfef7-e912-4c1f-bd56-a361a6d26098,162,5.4,right_shoulder,0.5,0.5,0.0,540.0,960.0,0.5
f52cfef7-e912-4c1f-bd56-a361a6d26098,162,5.4,left_elbow,0.5,0.5,0.0,540.0,960.0,0.5
f52cfef7-e912-4c1f-bd56-a361a6d26098,162,5.4,right_elbow,0.5,0.5,0.0,540.0,960.0,0.5
f52cfef7-e912-4c1f-bd56-a361a6d26098,162,5.4,left_wrist,0.5,0.5,0.0,540.0,960.0,0.5
f52cfef7-e912-4c1f-bd56-a361a6d26098,162,5.4,right_wrist,0.5,0.5,0.0,540.0,960.0,0.5
f52cfef7-e912-4c1f-bd56-a361a6d26098,162,5.4,left_hip,0.5,0.5,0.0,540.0,960.0,0.5
f52cfef7-e912-4c1f-bd56-a361a6d26098,162,5.4,right_hip,0.5,0.5,0.0,540.0,960.0,0.5
f52cfef7-e912-4c1f-bd56-a361a6d26098,162,5.4,left_knee,0.5,0.5,0.0,540.0,960.0,0.5
f52cfef7-e912-4c1f-bd56-a361a6d26098,162,5.4,right_knee,0.5,0.5,0.0,540.0,960.0,0.5
f52cfef7-e912-4c1f-bd56-a361a6d26098,162,5.4,left_ankle,0.5,0.5,0.0,540.0,960.0,0.5
f52cfef7-e912-4c1f-bd56-a361a6d26098,162,5.4,right_ankle,0.5,0.5,0.0,540.0,960.0,0.5
f52cfef7-e912-4c1f-bd56-a361a6d26098,162,5.4,left_heel,0.5,0.5,0.0,540.0,960.0,0.5
f52cfef7-e912-4c1f-bd56-a361a6d26098,162,5.4,right_heel,0.5,0.5,0.0,540.0,960.0,0.5
f52cfef7-e912-4c1f-bd56-a361a6d26098,162,5.4,left_foot_index,0.5,0.5,0.0,540.0,960.0,0.5
f52cfef7-e912-4c1f-bd56-a361a6d26098,162,5.4,right_foot_index,0.5,0.5,0.0,540.0,960.0,0.5
f52cfef7-e912-4c1f-bd56-a361a6d26098,163,5.433333333333334,nose,0.5,0.5,0.0,540.0,960.0,0.5
f52cfef7-e912-4c1f-bd56-a361a6d26098,163,5.433333333333334,left_shoulder,0.5,0.5,0.0,540.0,960.0,0.5
f52cfef7-e912-4c1f-bd56-a361a6d26098,163,5.433333333333334,right_shoulder,0.5,0.5,0.0,540.0,960.0,0.5
f52cfef7-e912-4c1f-bd56-a361a6d26098,163,5.433333333333334,left_elbow,0.5,0.5,0.0,540.0,960.0,0.5
f52cfef7-e912-4c1f-bd56-a361a6d26098,163,5.433333333333334,right_elbow,0.5,0.5,0.0,540.0,960.0,0.5
f52cfef7-e912-4c1f-bd56-a361a6d26098,163,5.433333333333334,left_wrist,0.5,0.5,0.0,540.0,960.0,0.5
f52cfef7-e912-4c1f-bd56-a361a6d26098,163,5.433333333333334,right_wrist,0.5,0.5,0.0,540.0,960.0,0.5
f52cfef7-e912-4c1f-bd56-a361a6d26098,163,5.433333333333334,left_hip,0.5,0.5,0.0,540.0,960.0,0.5
f52cfef7-e912-4c1f-bd56-a361a6d26098,163,5.433333333333334,right_hip,0.5,0.5,0.0,540.0,960.0,0.5
f52cfef7-e912-4c1f-bd56-a361a6d26098,163,5.433333333333334,left_knee,0.5,0.5,0.0,540.0,960.0,0.5
f52cfef7-e912-4c1f-bd56-a361a6d26098,163,5.433333333333334,right_knee,0.5,0.5,0.0,540.0,960.0,0.5
f52cfef7-e912-4c1f-bd56-a361a6d26098,163,5.433333333333334,left_ankle,0.5,0.5,0.0,540.0,960.0,0.5
f52cfef7-e912-4c1f-bd56-a361a6d26098,163,5.433333333333334,right_ankle,0.5,0.5,0.0,540.0,960.0,0.5
f52cfef7-e912-4c1f-bd56-a361a6d26098,163,5.433333333333334,left_heel,0.5,0.5,0.0,540.0,960.0,0.5
f52cfef7-e912-4c1f-bd56-a361a6d26098,163,5.433333333333334,right_heel,0.5,0.5,0.0,540.0,960.0,0.5
f52cfef7-e912-4c1f-bd56-a361a6d26098,163,5.433333333333334,left_foot_index,0.5,0.5,0.0,540.0,960.0,0.5
f52cfef7-e912-4c1f-bd56-a361a6d26098,163,5.433333333333334,right_foot_index,0.5,0.5,0.0,540.0,960.0,0.5
f52cfef7-e912-4c1f-bd56-a361a6d26098,164,5.466666666666667,nose,0.5,0.5,0.0,540.0,960.0,0.5
f52cfef7-e912-4c1f-bd56-a361a6d26098,164,5.466666666666667,left_shoulder,0.5,0.5,0.0,540.0,960.0,0.5
f52cfef7-e912-4c1f-bd56-a361a6d26098,164,5.466666666666667,right_shoulder,0.5,0.5,0.0,540.0,960.0,0.5
f52cfef7-e912-4c1f-bd56-a361a6d26098,164,5.466666666666667,left_elbow,0.5,0.5,0.0,540.0,960.0,0.5
f52cfef7-e912-4c1f-bd56-a361a6d26098,164,5.466666666666667,right_elbow,0.5,0.5,0.0,540.0,960.0,0.5
f52cfef7-e912-4c1f-bd56-a361a6d26098,164,5.466666666666667,left_wrist,0.5,0.5,0.0,540.0,960.0,0.5
f52cfef7-e912-4c1f-bd56-a361a6d26098,164,5.466666666666667,right_wrist,0.5,0.5,0.0,540.0,960.0,0.5
f52cfef7-e912-4c1f-bd56-a361a6d26098,164,5.466666666666667,left_hip,0.5,0.5,0.0,540.0,960.0,0.5
f52cfef7-e912-4c1f-bd56-a361a6d26098,164,5.466666666666667,right_hip,0.5,0.5,0.0,540.0,960.0,0.5
f52cfef7-e912-4c1f-bd56-a361a6d26098,164,5.466666666666667,left_knee,0.5,0.5,0.0,540.0,960.0,0.5
f52cfef7-e912-4c1f-bd56-a361a6d26098,164,5.466666666666667,right_knee,0.5,0.5,0.0,540.0,960.0,0.5
f52cfef7-e912-4c1f-bd56-a361a6d26098,164,5.466666666666667,left_ankle,0.5,0.5,0.0,540.0,960.0,0.5
f52cfef7-e912-4c1f-bd56-a361a6d26098,164,5.466666666666667,right_ankle,0.5,0.5,0.0,540.0,960.0,0.5
f52cfef7-e912-4c1f-bd56-a361a6d26098,164,5.466666666666667,left_heel,0.5,0.5,0.0,540.0,960.0,0.5
f52cfef7-e912-4c1f-bd56-a361a6d26098,164,5.466666666666667,right_heel,0.5,0.5,0.0,540.0,960.0,0.5
f52cfef7-e912-4c1f-bd56-a361a6d26098,164,5.466666666666667,left_foot_index,0.5,0.5,0.0,540.0,960.0,0.5
f52cfef7-e912-4c1f-bd56-a361a6d26098,164,5.466666666666667,right_foot_index,0.5,0.5,0.0,540.0,960.0,0.5
f52cfef7-e912-4c1f-bd56-a361a6d26098,165,5.5,nose,0.5,0.5,0.0,540.0,960.0,0.5
f52cfef7-e912-4c1f-bd56-a361a6d26098,165,5.5,left_shoulder,0.5,0.5,0.0,540.0,960.0,0.5
f52cfef7-e912-4c1f-bd56-a361a6d26098,165,5.5,right_shoulder,0.5,0.5,0.0,540.0,960.0,0.5
f52cfef7-e912-4c1f-bd56-a361a6d26098,165,5.5,left_elbow,0.5,0.5,0.0,540.0,960.0,0.5
f52cfef7-e912-4c1f-bd56-a361a6d26098,165,5.5,right_elbow,0.5,0.5,0.0,540.0,960.0,0.5
f52cfef7-e912-4c1f-bd56-a361a6d26098,165,5.5,left_wrist,0.5,0.5,0.0,540.0,960.0,0.5
f52cfef7-e912-4c1f-bd56-a361a6d26098,165,5.5,right_wrist,0.5,0.5,0.0,540.0,960.0,0.5
f52cfef7-e912-4c1f-bd56-a361a6d26098,165,5.5,left_hip,0.5,0.5,0.0,540.0,960.0,0.5
f52cfef7-e912-4c1f-bd56-a361a6d26098,165,5.5,right_hip,0.5,0.5,0.0,540.0,960.0,0.5
f52cfef7-e912-4c1f-bd56-a361a6d26098,165,5.5,left_knee,0.5,0.5,0.0,540.0,960.0,0.5
f52cfef7-e912-4c1f-bd56-a361a6d26098,165,5.5,right_knee,0.5,0.5,0.0,540.0,960.0,0.5
f52cfef7-e912-4c1f-bd56-a361a6d26098,165,5.5,left_ankle,0.5,0.5,0.0,540.0,960.0,0.5
f52cfef7-e912-4c1f-bd56-a361a6d26098,165,5.5,right_ankle,0.5,0.5,0.0,540.0,960.0,0.5
f52cfef7-e912-4c1f-bd56-a361a6d26098,165,5.5,left_heel,0.5,0.5,0.0,540.0,960.0,0.5
f52cfef7-e912-4c1f-bd56-a361a6d26098,165,5.5,right_heel,0.5,0.5,0.0,540.0,960.0,0.5
f52cfef7-e912-4c1f-bd56-a361a6d26098,165,5.5,left_foot_index,0.5,0.5,0.0,540.0,960.0,0.5
f52cfef7-e912-4c1f-bd56-a361a6d26098,165,5.5,right_foot_index,0.5,0.5,0.0,540.0,960.0,0.5
f52cfef7-e912-4c1f-bd56-a361a6d26098,166,5.533333333333333,nose,0.5,0.5,0.0,540.0,960.0,0.5
f52cfef7-e912-4c1f-bd56-a361a6d26098,166,5.533333333333333,left_shoulder,0.5,0.5,0.0,540.0,960.0,0.5
f52cfef7-e912-4c1f-bd56-a361a6d26098,166,5.533333333333333,right_shoulder,0.5,0.5,0.0,540.0,960.0,0.5
f52cfef7-e912-4c1f-bd56-a361a6d26098,166,5.533333333333333,left_elbow,0.5,0.5,0.0,540.0,960.0,0.5
f52cfef7-e912-4c1f-bd56-a361a6d26098,166,5.533333333333333,right_elbow,0.5,0.5,0.0,540.0,960.0,0.5
f52cfef7-e912-4c1f-bd56-a361a6d26098,166,5.533333333333333,left_wrist,0.5,0.5,0.0,540.0,960.0,0.5
f52cfef7-e912-4c1f-bd56-a361a6d26098,166,5.533333333333333,right_wrist,0.5,0.5,0.0,540.0,960.0,0.5
f52cfef7-e912-4c1f-bd56-a361a6d26098,166,5.533333333333333,left_hip,0.5,0.5,0.0,540.0,960.0,0.5
f52cfef7-e912-4c1f-bd56-a361a6d26098,166,5.533333333333333,right_hip,0.5,0.5,0.0,540.0,960.0,0.5
f52cfef7-e912-4c1f-bd56-a361a6d26098,166,5.533333333333333,left_knee,0.5,0.5,0.0,540.0,960.0,0.5
f52cfef7-e912-4c1f-bd56-a361a6d26098,166,5.533333333333333,right_knee,0.5,0.5,0.0,540.0,960.0,0.5
f52cfef7-e912-4c1f-bd56-a361a6d26098,166,5.533333333333333,left_ankle,0.5,0.5,0.0,540.0,960.0,0.5
f52cfef7-e912-4c1f-bd56-a361a6d26098,166,5.533333333333333,right_ankle,0.5,0.5,0.0,540.0,960.0,0.5
f52cfef7-e912-4c1f-bd56-a361a6d26098,166,5.533333333333333,left_heel,0.5,0.5,0.0,540.0,960.0,0.5
f52cfef7-e912-4c1f-bd56-a361a6d26098,166,5.533333333333333,right_heel,0.5,0.5,0.0,540.0,960.0,0.5
f52cfef7-e912-4c1f-bd56-a361a6d26098,166,5.533333333333333,left_foot_index,0.5,0.5,0.0,540.0,960.0,0.5
f52cfef7-e912-4c1f-bd56-a361a6d26098,166,5.533333333333333,right_foot_index,0.5,0.5,0.0,540.0,960.0,0.5
f52cfef7-e912-4c1f-bd56-a361a6d26098,167,5.566666666666666,nose,0.5,0.5,0.0,540.0,960.0,0.5
f52cfef7-e912-4c1f-bd56-a361a6d26098,167,5.566666666666666,left_shoulder,0.5,0.5,0.0,540.0,960.0,0.5
f52cfef7-e912-4c1f-bd56-a361a6d26098,167,5.566666666666666,right_shoulder,0.5,0.5,0.0,540.0,960.0,0.5
f52cfef7-e912-4c1f-bd56-a361a6d26098,167,5.566666666666666,left_elbow,0.5,0.5,0.0,540.0,960.0,0.5
f52cfef7-e912-4c1f-bd56-a361a6d26098,167,5.566666666666666,right_elbow,0.5,0.5,0.0,540.0,960.0,0.5
f52cfef7-e912-4c1f-bd56-a361a6d26098,167,5.566666666666666,left_wrist,0.5,0.5,0.0,540.0,960.0,0.5
f52cfef7-e912-4c1f-bd56-a361a6d26098,167,5.566666666666666,right_wrist,0.5,0.5,0.0,540.0,960.0,0.5
f52cfef7-e912-4c1f-bd56-a361a6d26098,167,5.566666666666666,left_hip,0.5,0.5,0.0,540.0,960.0,0.5
f52cfef7-e912-4c1f-bd56-a361a6d26098,167,5.566666666666666,right_hip,0.5,0.5,0.0,540.0,960.0,0.5
f52cfef7-e912-4c1f-bd56-a361a6d26098,167,5.566666666666666,left_knee,0.5,0.5,0.0,540.0,960.0,0.5
f52cfef7-e912-4c1f-bd56-a361a6d26098,167,5.566666666666666,right_knee,0.5,0.5,0.0,540.0,960.0,0.5
f52cfef7-e912-4c1f-bd56-a361a6d26098,167,5.566666666666666,left_ankle,0.5,0.5,0.0,540.0,960.0,0.5
f52cfef7-e912-4c1f-bd56-a361a6d26098,167,5.566666666666666,right_ankle,0.5,0.5,0.0,540.0,960.0,0.5
f52cfef7-e912-4c1f-bd56-a361a6d26098,167,5.566666666666666,left_heel,0.5,0.5,0.0,540.0,960.0,0.5
f52cfef7-e912-4c1f-bd56-a361a6d26098,167,5.566666666666666,right_heel,0.5,0.5,0.0,540.0,960.0,0.5
f52cfef7-e912-4c1f-bd56-a361a6d26098,167,5.566666666666666,left_foot_index,0.5,0.5,0.0,540.0,960.0,0.5
f52cfef7-e912-4c1f-bd56-a361a6d26098,167,5.566666666666666,right_foot_index,0.5,0.5,0.0,540.0,960.0,0.5
f52cfef7-e912-4c1f-bd56-a361a6d26098,168,5.6,nose,0.5,0.5,0.0,540.0,960.0,0.5
f52cfef7-e912-4c1f-bd56-a361a6d26098,168,5.6,left_shoulder,0.5,0.5,0.0,540.0,960.0,0.5
f52cfef7-e912-4c1f-bd56-a361a6d26098,168,5.6,right_shoulder,0.5,0.5,0.0,540.0,960.0,0.5
f52cfef7-e912-4c1f-bd56-a361a6d26098,168,5.6,left_elbow,0.5,0.5,0.0,540.0,960.0,0.5
f52cfef7-e912-4c1f-bd56-a361a6d26098,168,5.6,right_elbow,0.5,0.5,0.0,540.0,960.0,0.5
f52cfef7-e912-4c1f-bd56-a361a6d26098,168,5.6,left_wrist,0.5,0.5,0.0,540.0,960.0,0.5
f52cfef7-e912-4c1f-bd56-a361a6d26098,168,5.6,right_wrist,0.5,0.5,0.0,540.0,960.0,0.5
f52cfef7-e912-4c1f-bd56-a361a6d26098,168,5.6,left_hip,0.5,0.5,0.0,540.0,960.0,0.5
f52cfef7-e912-4c1f-bd56-a361a6d26098,168,5.6,right_hip,0.5,0.5,0.0,540.0,960.0,0.5
f52cfef7-e912-4c1f-bd56-a361a6d26098,168,5.6,left_knee,0.5,0.5,0.0,540.0,960.0,0.5
f52cfef7-e912-4c1f-bd56-a361a6d26098,168,5.6,right_knee,0.5,0.5,0.0,540.0,960.0,0.5
f52cfef7-e912-4c1f-bd56-a361a6d26098,168,5.6,left_ankle,0.5,0.5,0.0,540.0,960.0,0.5
f52cfef7-e912-4c1f-bd56-a361a6d26098,168,5.6,right_ankle,0.5,0.5,0.0,540.0,960.0,0.5
f52cfef7-e912-4c1f-bd56-a361a6d26098,168,5.6,left_heel,0.5,0.5,0.0,540.0,960.0,0.5
f52cfef7-e912-4c1f-bd56-a361a6d26098,168,5.6,right_heel,0.5,0.5,0.0,540.0,960.0,0.5
f52cfef7-e912-4c1f-bd56-a361a6d26098,168,5.6,left_foot_index,0.5,0.5,0.0,540.0,960.0,0.5
f52cfef7-e912-4c1f-bd56-a361a6d26098,168,5.6,right_foot_index,0.5,0.5,0.0,540.0,960.0,0.5
f52cfef7-e912-4c1f-bd56-a361a6d26098,169,5.633333333333334,nose,0.5,0.5,0.0,540.0,960.0,0.5
f52cfef7-e912-4c1f-bd56-a361a6d26098,169,5.633333333333334,left_shoulder,0.5,0.5,0.0,540.0,960.0,0.5
f52cfef7-e912-4c1f-bd56-a361a6d26098,169,5.633333333333334,right_shoulder,0.5,0.5,0.0,540.0,960.0,0.5
f52cfef7-e912-4c1f-bd56-a361a6d26098,169,5.633333333333334,left_elbow,0.5,0.5,0.0,540.0,960.0,0.5
f52cfef7-e912-4c1f-bd56-a361a6d26098,169,5.633333333333334,right_elbow,0.5,0.5,0.0,540.0,960.0,0.5
f52cfef7-e912-4c1f-bd56-a361a6d26098,169,5.633333333333334,left_wrist,0.5,0.5,0.0,540.0,960.0,0.5
f52cfef7-e912-4c1f-bd56-a361a6d26098,169,5.633333333333334,right_wrist,0.5,0.5,0.0,540.0,960.0,0.5
f52cfef7-e912-4c1f-bd56-a361a6d26098,169,5.633333333333334,left_hip,0.5,0.5,0.0,540.0,960.0,0.5
f52cfef7-e912-4c1f-bd56-a361a6d26098,169,5.633333333333334,right_hip,0.5,0.5,0.0,540.0,960.0,0.5
f52cfef7-e912-4c1f-bd56-a361a6d26098,169,5.633333333333334,left_knee,0.5,0.5,0.0,540.0,960.0,0.5
f52cfef7-e912-4c1f-bd56-a361a6d26098,169,5.633333333333334,right_knee,0.5,0.5,0.0,540.0,960.0,0.5
f52cfef7-e912-4c1f-bd56-a361a6d26098,169,5.633333333333334,left_ankle,0.5,0.5,0.0,540.0,960.0,0.5
f52cfef7-e912-4c1f-bd56-a361a6d26098,169,5.633333333333334,right_ankle,0.5,0.5,0.0,540.0,960.0,0.5
f52cfef7-e912-4c1f-bd56-a361a6d26098,169,5.633333333333334,left_heel,0.5,0.5,0.0,540.0,960.0,0.5
f52cfef7-e912-4c1f-bd56-a361a6d26098,169,5.633333333333334,right_heel,0.5,0.5,0.0,540.0,960.0,0.5
f52cfef7-e912-4c1f-bd56-a361a6d26098,169,5.633333333333334,left_foot_index,0.5,0.5,0.0,540.0,960.0,0.5
f52cfef7-e912-4c1f-bd56-a361a6d26098,169,5.633333333333334,right_foot_index,0.5,0.5,0.0,540.0,960.0,0.5
f52cfef7-e912-4c1f-bd56-a361a6d26098,170,5.666666666666667,nose,0.5,0.5,0.0,540.0,960.0,0.5
f52cfef7-e912-4c1f-bd56-a361a6d26098,170,5.666666666666667,left_shoulder,0.5,0.5,0.0,540.0,960.0,0.5
f52cfef7-e912-4c1f-bd56-a361a6d26098,170,5.666666666666667,right_shoulder,0.5,0.5,0.0,540.0,960.0,0.5
f52cfef7-e912-4c1f-bd56-a361a6d26098,170,5.666666666666667,left_elbow,0.5,0.5,0.0,540.0,960.0,0.5
f52cfef7-e912-4c1f-bd56-a361a6d26098,170,5.666666666666667,right_elbow,0.5,0.5,0.0,540.0,960.0,0.5
f52cfef7-e912-4c1f-bd56-a361a6d26098,170,5.666666666666667,left_wrist,0.5,0.5,0.0,540.0,960.0,0.5
f52cfef7-e912-4c1f-bd56-a361a6d26098,170,5.666666666666667,right_wrist,0.5,0.5,0.0,540.0,960.0,0.5
f52cfef7-e912-4c1f-bd56-a361a6d26098,170,5.666666666666667,left_hip,0.5,0.5,0.0,540.0,960.0,0.5
f52cfef7-e912-4c1f-bd56-a361a6d26098,170,5.666666666666667,right_hip,0.5,0.5,0.0,540.0,960.0,0.5
f52cfef7-e912-4c1f-bd56-a361a6d26098,170,5.666666666666667,left_knee,0.5,0.5,0.0,540.0,960.0,0.5
f52cfef7-e912-4c1f-bd56-a361a6d26098,170,5.666666666666667,right_knee,0.5,0.5,0.0,540.0,960.0,0.5
f52cfef7-e912-4c1f-bd56-a361a6d26098,170,5.666666666666667,left_ankle,0.5,0.5,0.0,540.0,960.0,0.5
f52cfef7-e912-4c1f-bd56-a361a6d26098,170,5.666666666666667,right_ankle,0.5,0.5,0.0,540.0,960.0,0.5
f52cfef7-e912-4c1f-bd56-a361a6d26098,170,5.666666666666667,left_heel,0.5,0.5,0.0,540.0,960.0,0.5
f52cfef7-e912-4c1f-bd56-a361a6d26098,170,5.666666666666667,right_heel,0.5,0.5,0.0,540.0,960.0,0.5
f52cfef7-e912-4c1f-bd56-a361a6d26098,170,5.666666666666667,left_foot_index,0.5,0.5,0.0,540.0,960.0,0.5
f52cfef7-e912-4c1f-bd56-a361a6d26098,170,5.666666666666667,right_foot_index,0.5,0.5,0.0,540.0,960.0,0.5
f52cfef7-e912-4c1f-bd56-a361a6d26098,171,5.7,nose,0.5,0.5,0.0,540.0,960.0,0.5
f52cfef7-e912-4c1f-bd56-a361a6d26098,171,5.7,left_shoulder,0.5,0.5,0.0,540.0,960.0,0.5
f52cfef7-e912-4c1f-bd56-a361a6d26098,171,5.7,right_shoulder,0.5,0.5,0.0,540.0,960.0,0.5
f52cfef7-e912-4c1f-bd56-a361a6d26098,171,5.7,left_elbow,0.5,0.5,0.0,540.0,960.0,0.5
f52cfef7-e912-4c1f-bd56-a361a6d26098,171,5.7,right_elbow,0.5,0.5,0.0,540.0,960.0,0.5
f52cfef7-e912-4c1f-bd56-a361a6d26098,171,5.7,left_wrist,0.5,0.5,0.0,540.0,960.0,0.5
f52cfef7-e912-4c1f-bd56-a361a6d26098,171,5.7,right_wrist,0.5,0.5,0.0,540.0,960.0,0.5
f52cfef7-e912-4c1f-bd56-a361a6d26098,171,5.7,left_hip,0.5,0.5,0.0,540.0,960.0,0.5
f52cfef7-e912-4c1f-bd56-a361a6d26098,171,5.7,right_hip,0.5,0.5,0.0,540.0,960.0,0.5
f52cfef7-e912-4c1f-bd56-a361a6d26098,171,5.7,left_knee,0.5,0.5,0.0,540.0,960.0,0.5
f52cfef7-e912-4c1f-bd56-a361a6d26098,171,5.7,right_knee,0.5,0.5,0.0,540.0,960.0,0.5
f52cfef7-e912-4c1f-bd56-a361a6d26098,171,5.7,left_ankle,0.5,0.5,0.0,540.0,960.0,0.5
f52cfef7-e912-4c1f-bd56-a361a6d26098,171,5.7,right_ankle,0.5,0.5,0.0,540.0,960.0,0.5
f52cfef7-e912-4c1f-bd56-a361a6d26098,171,5.7,left_heel,0.5,0.5,0.0,540.0,960.0,0.5
f52cfef7-e912-4c1f-bd56-a361a6d26098,171,5.7,right_heel,0.5,0.5,0.0,540.0,960.0,0.5
f52cfef7-e912-4c1f-bd56-a361a6d26098,171,5.7,left_foot_index,0.5,0.5,0.0,540.0,960.0,0.5
f52cfef7-e912-4c1f-bd56-a361a6d26098,171,5.7,right_foot_index,0.5,0.5,0.0,540.0,960.0,0.5
f52cfef7-e912-4c1f-bd56-a361a6d26098,172,5.733333333333333,nose,0.5,0.5,0.0,540.0,960.0,0.5
f52cfef7-e912-4c1f-bd56-a361a6d26098,172,5.733333333333333,left_shoulder,0.5,0.5,0.0,540.0,960.0,0.5
f52cfef7-e912-4c1f-bd56-a361a6d26098,172,5.733333333333333,right_shoulder,0.5,0.5,0.0,540.0,960.0,0.5
f52cfef7-e912-4c1f-bd56-a361a6d26098,172,5.733333333333333,left_elbow,0.5,0.5,0.0,540.0,960.0,0.5
f52cfef7-e912-4c1f-bd56-a361a6d26098,172,5.733333333333333,right_elbow,0.5,0.5,0.0,540.0,960.0,0.5
f52cfef7-e912-4c1f-bd56-a361a6d26098,172,5.733333333333333,left_wrist,0.5,0.5,0.0,540.0,960.0,0.5
f52cfef7-e912-4c1f-bd56-a361a6d26098,172,5.733333333333333,right_wrist,0.5,0.5,0.0,540.0,960.0,0.5
f52cfef7-e912-4c1f-bd56-a361a6d26098,172,5.733333333333333,left_hip,0.5,0.5,0.0,540.0,960.0,0.5
f52cfef7-e912-4c1f-bd56-a361a6d26098,172,5.733333333333333,right_hip,0.5,0.5,0.0,540.0,960.0,0.5
f52cfef7-e912-4c1f-bd56-a361a6d26098,172,5.733333333333333,left_knee,0.5,0.5,0.0,540.0,960.0,0.5
f52cfef7-e912-4c1f-bd56-a361a6d26098,172,5.733333333333333,right_knee,0.5,0.5,0.0,540.0,960.0,0.5
f52cfef7-e912-4c1f-bd56-a361a6d26098,172,5.733333333333333,left_ankle,0.5,0.5,0.0,540.0,960.0,0.5
f52cfef7-e912-4c1f-bd56-a361a6d26098,172,5.733333333333333,right_ankle,0.5,0.5,0.0,540.0,960.0,0.5
f52cfef7-e912-4c1f-bd56-a361a6d26098,172,5.733333333333333,left_heel,0.5,0.5,0.0,540.0,960.0,0.5
f52cfef7-e912-4c1f-bd56-a361a6d26098,172,5.733333333333333,right_heel,0.5,0.5,0.0,540.0,960.0,0.5
f52cfef7-e912-4c1f-bd56-a361a6d26098,172,5.733333333333333,left_foot_index,0.5,0.5,0.0,540.0,960.0,0.5
f52cfef7-e912-4c1f-bd56-a361a6d26098,172,5.733333333333333,right_foot_index,0.5,0.5,0.0,540.0,960.0,0.5
f52cfef7-e912-4c1f-bd56-a361a6d26098,173,5.766666666666667,nose,0.5,0.5,0.0,540.0,960.0,0.5
f52cfef7-e912-4c1f-bd56-a361a6d26098,173,5.766666666666667,left_shoulder,0.5,0.5,0.0,540.0,960.0,0.5
f52cfef7-e912-4c1f-bd56-a361a6d26098,173,5.766666666666667,right_shoulder,0.5,0.5,0.0,540.0,960.0,0.5
f52cfef7-e912-4c1f-bd56-a361a6d26098,173,5.766666666666667,left_elbow,0.5,0.5,0.0,540.0,960.0,0.5
f52cfef7-e912-4c1f-bd56-a361a6d26098,173,5.766666666666667,right_elbow,0.5,0.5,0.0,540.0,960.0,0.5
f52cfef7-e912-4c1f-bd56-a361a6d26098,173,5.766666666666667,left_wrist,0.5,0.5,0.0,540.0,960.0,0.5
f52cfef7-e912-4c1f-bd56-a361a6d26098,173,5.766666666666667,right_wrist,0.5,0.5,0.0,540.0,960.0,0.5
f52cfef7-e912-4c1f-bd56-a361a6d26098,173,5.766666666666667,left_hip,0.5,0.5,0.0,540.0,960.0,0.5
f52cfef7-e912-4c1f-bd56-a361a6d26098,173,5.766666666666667,right_hip,0.5,0.5,0.0,540.0,960.0,0.5
f52cfef7-e912-4c1f-bd56-a361a6d26098,173,5.766666666666667,left_knee,0.5,0.5,0.0,540.0,960.0,0.5
f52cfef7-e912-4c1f-bd56-a361a6d26098,173,5.766666666666667,right_knee,0.5,0.5,0.0,540.0,960.0,0.5
f52cfef7-e912-4c1f-bd56-a361a6d26098,173,5.766666666666667,left_ankle,0.5,0.5,0.0,540.0,960.0,0.5
f52cfef7-e912-4c1f-bd56-a361a6d26098,173,5.766666666666667,right_ankle,0.5,0.5,0.0,540.0,960.0,0.5
f52cfef7-e912-4c1f-bd56-a361a6d26098,173,5.766666666666667,left_heel,0.5,0.5,0.0,540.0,960.0,0.5
f52cfef7-e912-4c1f-bd56-a361a6d26098,173,5.766666666666667,right_heel,0.5,0.5,0.0,540.0,960.0,0.5
f52cfef7-e912-4c1f-bd56-a361a6d26098,173,5.766666666666667,left_foot_index,0.5,0.5,0.0,540.0,960.0,0.5
f52cfef7-e912-4c1f-bd56-a361a6d26098,173,5.766666666666667,right_foot_index,0.5,0.5,0.0,540.0,960.0,0.5
f52cfef7-e912-4c1f-bd56-a361a6d26098,174,5.8,nose,0.5,0.5,0.0,540.0,960.0,0.5
f52cfef7-e912-4c1f-bd56-a361a6d26098,174,5.8,left_shoulder,0.5,0.5,0.0,540.0,960.0,0.5
f52cfef7-e912-4c1f-bd56-a361a6d26098,174,5.8,right_shoulder,0.5,0.5,0.0,540.0,960.0,0.5
f52cfef7-e912-4c1f-bd56-a361a6d26098,174,5.8,left_elbow,0.5,0.5,0.0,540.0,960.0,0.5
f52cfef7-e912-4c1f-bd56-a361a6d26098,174,5.8,right_elbow,0.5,0.5,0.0,540.0,960.0,0.5
f52cfef7-e912-4c1f-bd56-a361a6d26098,174,5.8,left_wrist,0.5,0.5,0.0,540.0,960.0,0.5
f52cfef7-e912-4c1f-bd56-a361a6d26098,174,5.8,right_wrist,0.5,0.5,0.0,540.0,960.0,0.5
f52cfef7-e912-4c1f-bd56-a361a6d26098,174,5.8,left_hip,0.5,0.5,0.0,540.0,960.0,0.5
f52cfef7-e912-4c1f-bd56-a361a6d26098,174,5.8,right_hip,0.5,0.5,0.0,540.0,960.0,0.5
f52cfef7-e912-4c1f-bd56-a361a6d26098,174,5.8,left_knee,0.5,0.5,0.0,540.0,960.0,0.5
f52cfef7-e912-4c1f-bd56-a361a6d26098,174,5.8,right_knee,0.5,0.5,0.0,540.0,960.0,0.5
f52cfef7-e912-4c1f-bd56-a361a6d26098,174,5.8,left_ankle,0.5,0.5,0.0,540.0,960.0,0.5
f52cfef7-e912-4c1f-bd56-a361a6d26098,174,5.8,right_ankle,0.5,0.5,0.0,540.0,960.0,0.5
f52cfef7-e912-4c1f-bd56-a361a6d26098,174,5.8,left_heel,0.5,0.5,0.0,540.0,960.0,0.5
f52cfef7-e912-4c1f-bd56-a361a6d26098,174,5.8,right_heel,0.5,0.5,0.0,540.0,960.0,0.5
f52cfef7-e912-4c1f-bd56-a361a6d26098,174,5.8,left_foot_index,0.5,0.5,0.0,540.0,960.0,0.5
f52cfef7-e912-4c1f-bd56-a361a6d26098,174,5.8,right_foot_index,0.5,0.5,0.0,540.0,960.0,0.5
f52cfef7-e912-4c1f-bd56-a361a6d26098,175,5.833333333333333,nose,0.5,0.5,0.0,540.0,960.0,0.5
f52cfef7-e912-4c1f-bd56-a361a6d26098,175,5.833333333333333,left_shoulder,0.5,0.5,0.0,540.0,960.0,0.5
f52cfef7-e912-4c1f-bd56-a361a6d26098,175,5.833333333333333,right_shoulder,0.5,0.5,0.0,540.0,960.0,0.5
f52cfef7-e912-4c1f-bd56-a361a6d26098,175,5.833333333333333,left_elbow,0.5,0.5,0.0,540.0,960.0,0.5
f52cfef7-e912-4c1f-bd56-a361a6d26098,175,5.833333333333333,right_elbow,0.5,0.5,0.0,540.0,960.0,0.5
f52cfef7-e912-4c1f-bd56-a361a6d26098,175,5.833333333333333,left_wrist,0.5,0.5,0.0,540.0,960.0,0.5
f52cfef7-e912-4c1f-bd56-a361a6d26098,175,5.833333333333333,right_wrist,0.5,0.5,0.0,540.0,960.0,0.5
f52cfef7-e912-4c1f-bd56-a361a6d26098,175,5.833333333333333,left_hip,0.5,0.5,0.0,540.0,960.0,0.5
f52cfef7-e912-4c1f-bd56-a361a6d26098,175,5.833333333333333,right_hip,0.5,0.5,0.0,540.0,960.0,0.5
f52cfef7-e912-4c1f-bd56-a361a6d26098,175,5.833333333333333,left_knee,0.5,0.5,0.0,540.0,960.0,0.5
f52cfef7-e912-4c1f-bd56-a361a6d26098,175,5.833333333333333,right_knee,0.5,0.5,0.0,540.0,960.0,0.5
f52cfef7-e912-4c1f-bd56-a361a6d26098,175,5.833333333333333,left_ankle,0.5,0.5,0.0,540.0,960.0,0.5
f52cfef7-e912-4c1f-bd56-a361a6d26098,175,5.833333333333333,right_ankle,0.5,0.5,0.0,540.0,960.0,0.5
f52cfef7-e912-4c1f-bd56-a361a6d26098,175,5.833333333333333,left_heel,0.5,0.5,0.0,540.0,960.0,0.5
f52cfef7-e912-4c1f-bd56-a361a6d26098,175,5.833333333333333,right_heel,0.5,0.5,0.0,540.0,960.0,0.5
f52cfef7-e912-4c1f-bd56-a361a6d26098,175,5.833333333333333,left_foot_index,0.5,0.5,0.0,540.0,960.0,0.5
f52cfef7-e912-4c1f-bd56-a361a6d26098,175,5.833333333333333,right_foot_index,0.5,0.5,0.0,540.0,960.0,0.5
f52cfef7-e912-4c1f-bd56-a361a6d26098,176,5.866666666666666,nose,0.5,0.5,0.0,540.0,960.0,0.5
f52cfef7-e912-4c1f-bd56-a361a6d26098,176,5.866666666666666,left_shoulder,0.5,0.5,0.0,540.0,960.0,0.5
f52cfef7-e912-4c1f-bd56-a361a6d26098,176,5.866666666666666,right_shoulder,0.5,0.5,0.0,540.0,960.0,0.5
f52cfef7-e912-4c1f-bd56-a361a6d26098,176,5.866666666666666,left_elbow,0.5,0.5,0.0,540.0,960.0,0.5
f52cfef7-e912-4c1f-bd56-a361a6d26098,176,5.866666666666666,right_elbow,0.5,0.5,0.0,540.0,960.0,0.5
f52cfef7-e912-4c1f-bd56-a361a6d26098,176,5.866666666666666,left_wrist,0.5,0.5,0.0,540.0,960.0,0.5
f52cfef7-e912-4c1f-bd56-a361a6d26098,176,5.866666666666666,right_wrist,0.5,0.5,0.0,540.0,960.0,0.5
f52cfef7-e912-4c1f-bd56-a361a6d26098,176,5.866666666666666,left_hip,0.5,0.5,0.0,540.0,960.0,0.5
f52cfef7-e912-4c1f-bd56-a361a6d26098,176,5.866666666666666,right_hip,0.5,0.5,0.0,540.0,960.0,0.5
f52cfef7-e912-4c1f-bd56-a361a6d26098,176,5.866666666666666,left_knee,0.5,0.5,0.0,540.0,960.0,0.5
f52cfef7-e912-4c1f-bd56-a361a6d26098,176,5.866666666666666,right_knee,0.5,0.5,0.0,540.0,960.0,0.5
f52cfef7-e912-4c1f-bd56-a361a6d26098,176,5.866666666666666,left_ankle,0.5,0.5,0.0,540.0,960.0,0.5
f52cfef7-e912-4c1f-bd56-a361a6d26098,176,5.866666666666666,right_ankle,0.5,0.5,0.0,540.0,960.0,0.5
f52cfef7-e912-4c1f-bd56-a361a6d26098,176,5.866666666666666,left_heel,0.5,0.5,0.0,540.0,960.0,0.5
f52cfef7-e912-4c1f-bd56-a361a6d26098,176,5.866666666666666,right_heel,0.5,0.5,0.0,540.0,960.0,0.5
f52cfef7-e912-4c1f-bd56-a361a6d26098,176,5.866666666666666,left_foot_index,0.5,0.5,0.0,540.0,960.0,0.5
f52cfef7-e912-4c1f-bd56-a361a6d26098,176,5.866666666666666,right_foot_index,0.5,0.5,0.0,540.0,960.0,0.5
f52cfef7-e912-4c1f-bd56-a361a6d26098,177,5.9,nose,0.5,0.5,0.0,540.0,960.0,0.5
f52cfef7-e912-4c1f-bd56-a361a6d26098,177,5.9,left_shoulder,0.5,0.5,0.0,540.0,960.0,0.5
f52cfef7-e912-4c1f-bd56-a361a6d26098,177,5.9,right_shoulder,0.5,0.5,0.0,540.0,960.0,0.5
f52cfef7-e912-4c1f-bd56-a361a6d26098,177,5.9,left_elbow,0.5,0.5,0.0,540.0,960.0,0.5
f52cfef7-e912-4c1f-bd56-a361a6d26098,177,5.9,right_elbow,0.5,0.5,0.0,540.0,960.0,0.5
f52cfef7-e912-4c1f-bd56-a361a6d26098,177,5.9,left_wrist,0.5,0.5,0.0,540.0,960.0,0.5
f52cfef7-e912-4c1f-bd56-a361a6d26098,177,5.9,right_wrist,0.5,0.5,0.0,540.0,960.0,0.5
f52cfef7-e912-4c1f-bd56-a361a6d26098,177,5.9,left_hip,0.5,0.5,0.0,540.0,960.0,0.5
f52cfef7-e912-4c1f-bd56-a361a6d26098,177,5.9,right_hip,0.5,0.5,0.0,540.0,960.0,0.5
f52cfef7-e912-4c1f-bd56-a361a6d26098,177,5.9,left_knee,0.5,0.5,0.0,540.0,960.0,0.5
f52cfef7-e912-4c1f-bd56-a361a6d26098,177,5.9,right_knee,0.5,0.5,0.0,540.0,960.0,0.5
f52cfef7-e912-4c1f-bd56-a361a6d26098,177,5.9,left_ankle,0.5,0.5,0.0,540.0,960.0,0.5
f52cfef7-e912-4c1f-bd56-a361a6d26098,177,5.9,right_ankle,0.5,0.5,0.0,540.0,960.0,0.5
f52cfef7-e912-4c1f-bd56-a361a6d26098,177,5.9,left_heel,0.5,0.5,0.0,540.0,960.0,0.5
f52cfef7-e912-4c1f-bd56-a361a6d26098,177,5.9,right_heel,0.5,0.5,0.0,540.0,960.0,0.5
f52cfef7-e912-4c1f-bd56-a361a6d26098,177,5.9,left_foot_index,0.5,0.5,0.0,540.0,960.0,0.5
f52cfef7-e912-4c1f-bd56-a361a6d26098,177,5.9,right_foot_index,0.5,0.5,0.0,540.0,960.0,0.5
f52cfef7-e912-4c1f-bd56-a361a6d26098,178,5.933333333333334,nose,0.5,0.5,0.0,540.0,960.0,0.5
f52cfef7-e912-4c1f-bd56-a361a6d26098,178,5.933333333333334,left_shoulder,0.5,0.5,0.0,540.0,960.0,0.5
f52cfef7-e912-4c1f-bd56-a361a6d26098,178,5.933333333333334,right_shoulder,0.5,0.5,0.0,540.0,960.0,0.5
f52cfef7-e912-4c1f-bd56-a361a6d26098,178,5.933333333333334,left_elbow,0.5,0.5,0.0,540.0,960.0,0.5
f52cfef7-e912-4c1f-bd56-a361a6d26098,178,5.933333333333334,right_elbow,0.5,0.5,0.0,540.0,960.0,0.5
f52cfef7-e912-4c1f-bd56-a361a6d26098,178,5.933333333333334,left_wrist,0.5,0.5,0.0,540.0,960.0,0.5
f52cfef7-e912-4c1f-bd56-a361a6d26098,178,5.933333333333334,right_wrist,0.5,0.5,0.0,540.0,960.0,0.5
f52cfef7-e912-4c1f-bd56-a361a6d26098,178,5.933333333333334,left_hip,0.5,0.5,0.0,540.0,960.0,0.5
f52cfef7-e912-4c1f-bd56-a361a6d26098,178,5.933333333333334,right_hip,0.5,0.5,0.0,540.0,960.0,0.5
f52cfef7-e912-4c1f-bd56-a361a6d26098,178,5.933333333333334,left_knee,0.5,0.5,0.0,540.0,960.0,0.5
f52cfef7-e912-4c1f-bd56-a361a6d26098,178,5.933333333333334,right_knee,0.5,0.5,0.0,540.0,960.0,0.5
f52cfef7-e912-4c1f-bd56-a361a6d26098,178,5.933333333333334,left_ankle,0.5,0.5,0.0,540.0,960.0,0.5
f52cfef7-e912-4c1f-bd56-a361a6d26098,178,5.933333333333334,right_ankle,0.5,0.5,0.0,540.0,960.0,0.5
f52cfef7-e912-4c1f-bd56-a361a6d26098,178,5.933333333333334,left_heel,0.5,0.5,0.0,540.0,960.0,0.5
f52cfef7-e912-4c1f-bd56-a361a6d26098,178,5.933333333333334,right_heel,0.5,0.5,0.0,540.0,960.0,0.5
f52cfef7-e912-4c1f-bd56-a361a6d26098,178,5.933333333333334,left_foot_index,0.5,0.5,0.0,540.0,960.0,0.5
f52cfef7-e912-4c1f-bd56-a361a6d26098,178,5.933333333333334,right_foot_index,0.5,0.5,0.0,540.0,960.0,0.5
f52cfef7-e912-4c1f-bd56-a361a6d26098,179,5.966666666666667,nose,0.5,0.5,0.0,540.0,960.0,0.5
f52cfef7-e912-4c1f-bd56-a361a6d26098,179,5.966666666666667,left_shoulder,0.5,0.5,0.0,540.0,960.0,0.5
f52cfef7-e912-4c1f-bd56-a361a6d26098,179,5.966666666666667,right_shoulder,0.5,0.5,0.0,540.0,960.0,0.5
f52cfef7-e912-4c1f-bd56-a361a6d26098,179,5.966666666666667,left_elbow,0.5,0.5,0.0,540.0,960.0,0.5
f52cfef7-e912-4c1f-bd56-a361a6d26098,179,5.966666666666667,right_elbow,0.5,0.5,0.0,540.0,960.0,0.5
f52cfef7-e912-4c1f-bd56-a361a6d26098,179,5.966666666666667,left_wrist,0.5,0.5,0.0,540.0,960.0,0.5
f52cfef7-e912-4c1f-bd56-a361a6d26098,179,5.966666666666667,right_wrist,0.5,0.5,0.0,540.0,960.0,0.5
f52cfef7-e912-4c1f-bd56-a361a6d26098,179,5.966666666666667,left_hip,0.5,0.5,0.0,540.0,960.0,0.5
f52cfef7-e912-4c1f-bd56-a361a6d26098,179,5.966666666666667,right_hip,0.5,0.5,0.0,540.0,960.0,0.5
f52cfef7-e912-4c1f-bd56-a361a6d26098,179,5.966666666666667,left_knee,0.5,0.5,0.0,540.0,960.0,0.5
f52cfef7-e912-4c1f-bd56-a361a6d26098,179,5.966666666666667,right_knee,0.5,0.5,0.0,540.0,960.0,0.5
f52cfef7-e912-4c1f-bd56-a361a6d26098,179,5.966666666666667,left_ankle,0.5,0.5,0.0,540.0,960.0,0.5
f52cfef7-e912-4c1f-bd56-a361a6d26098,179,5.966666666666667,right_ankle,0.5,0.5,0.0,540.0,960.0,0.5
f52cfef7-e912-4c1f-bd56-a361a6d26098,179,5.966666666666667,left_heel,0.5,0.5,0.0,540.0,960.0,0.5
f52cfef7-e912-4c1f-bd56-a361a6d26098,179,5.966666666666667,right_heel,0.5,0.5,0.0,540.0,960.0,0.5
f52cfef7-e912-4c1f-bd56-a361a6d26098,179,5.966666666666667,left_foot_index,0.5,0.5,0.0,540.0,960.0,0.5
f52cfef7-e912-4c1f-bd56-a361a6d26098,179,5.966666666666667,right_foot_index,0.5,0.5,0.0,540.0,960.0,0.5
f52cfef7-e912-4c1f-bd56-a361a6d26098,180,6.0,nose,0.5,0.5,0.0,540.0,960.0,0.5
f52cfef7-e912-4c1f-bd56-a361a6d26098,180,6.0,left_shoulder,0.5,0.5,0.0,540.0,960.0,0.5
f52cfef7-e912-4c1f-bd56-a361a6d26098,180,6.0,right_shoulder,0.5,0.5,0.0,540.0,960.0,0.5
f52cfef7-e912-4c1f-bd56-a361a6d26098,180,6.0,left_elbow,0.5,0.5,0.0,540.0,960.0,0.5
f52cfef7-e912-4c1f-bd56-a361a6d26098,180,6.0,right_elbow,0.5,0.5,0.0,540.0,960.0,0.5
f52cfef7-e912-4c1f-bd56-a361a6d26098,180,6.0,left_wrist,0.5,0.5,0.0,540.0,960.0,0.5
f52cfef7-e912-4c1f-bd56-a361a6d26098,180,6.0,right_wrist,0.5,0.5,0.0,540.0,960.0,0.5
f52cfef7-e912-4c1f-bd56-a361a6d26098,180,6.0,left_hip,0.5,0.5,0.0,540.0,960.0,0.5
f52cfef7-e912-4c1f-bd56-a361a6d26098,180,6.0,right_hip,0.5,0.5,0.0,540.0,960.0,0.5
f52cfef7-e912-4c1f-bd56-a361a6d26098,180,6.0,left_knee,0.5,0.5,0.0,540.0,960.0,0.5
f52cfef7-e912-4c1f-bd56-a361a6d26098,180,6.0,right_knee,0.5,0.5,0.0,540.0,960.0,0.5
f52cfef7-e912-4c1f-bd56-a361a6d26098,180,6.0,left_ankle,0.5,0.5,0.0,540.0,960.0,0.5
f52cfef7-e912-4c1f-bd56-a361a6d26098,180,6.0,right_ankle,0.5,0.5,0.0,540.0,960.0,0.5
f52cfef7-e912-4c1f-bd56-a361a6d26098,180,6.0,left_heel,0.5,0.5,0.0,540.0,960.0,0.5
f52cfef7-e912-4c1f-bd56-a361a6d26098,180,6.0,right_heel,0.5,0.5,0.0,540.0,960.0,0.5
f52cfef7-e912-4c1f-bd56-a361a6d26098,180,6.0,left_foot_index,0.5,0.5,0.0,540.0,960.0,0.5
f52cfef7-e912-4c1f-bd56-a361a6d26098,180,6.0,right_foot_index,0.5,0.5,0.0,540.0,960.0,0.5
f52cfef7-e912-4c1f-bd56-a361a6d26098,181,6.033333333333333,nose,0.5,0.5,0.0,540.0,960.0,0.5
f52cfef7-e912-4c1f-bd56-a361a6d26098,181,6.033333333333333,left_shoulder,0.5,0.5,0.0,540.0,960.0,0.5
f52cfef7-e912-4c1f-bd56-a361a6d26098,181,6.033333333333333,right_shoulder,0.5,0.5,0.0,540.0,960.0,0.5
f52cfef7-e912-4c1f-bd56-a361a6d26098,181,6.033333333333333,left_elbow,0.5,0.5,0.0,540.0,960.0,0.5
f52cfef7-e912-4c1f-bd56-a361a6d26098,181,6.033333333333333,right_elbow,0.5,0.5,0.0,540.0,960.0,0.5
f52cfef7-e912-4c1f-bd56-a361a6d26098,181,6.033333333333333,left_wrist,0.5,0.5,0.0,540.0,960.0,0.5
f52cfef7-e912-4c1f-bd56-a361a6d26098,181,6.033333333333333,right_wrist,0.5,0.5,0.0,540.0,960.0,0.5
f52cfef7-e912-4c1f-bd56-a361a6d26098,181,6.033333333333333,left_hip,0.5,0.5,0.0,540.0,960.0,0.5
f52cfef7-e912-4c1f-bd56-a361a6d26098,181,6.033333333333333,right_hip,0.5,0.5,0.0,540.0,960.0,0.5
f52cfef7-e912-4c1f-bd56-a361a6d26098,181,6.033333333333333,left_knee,0.5,0.5,0.0,540.0,960.0,0.5
f52cfef7-e912-4c1f-bd56-a361a6d26098,181,6.033333333333333,right_knee,0.5,0.5,0.0,540.0,960.0,0.5
f52cfef7-e912-4c1f-bd56-a361a6d26098,181,6.033333333333333,left_ankle,0.5,0.5,0.0,540.0,960.0,0.5
f52cfef7-e912-4c1f-bd56-a361a6d26098,181,6.033333333333333,right_ankle,0.5,0.5,0.0,540.0,960.0,0.5
f52cfef7-e912-4c1f-bd56-a361a6d26098,181,6.033333333333333,left_heel,0.5,0.5,0.0,540.0,960.0,0.5
f52cfef7-e912-4c1f-bd56-a361a6d26098,181,6.033333333333333,right_heel,0.5,0.5,0.0,540.0,960.0,0.5
f52cfef7-e912-4c1f-bd56-a361a6d26098,181,6.033333333333333,left_foot_index,0.5,0.5,0.0,540.0,960.0,0.5
f52cfef7-e912-4c1f-bd56-a361a6d26098,181,6.033333333333333,right_foot_index,0.5,0.5,0.0,540.0,960.0,0.5
f52cfef7-e912-4c1f-bd56-a361a6d26098,182,6.066666666666666,nose,0.5,0.5,0.0,540.0,960.0,0.5
f52cfef7-e912-4c1f-bd56-a361a6d26098,182,6.066666666666666,left_shoulder,0.5,0.5,0.0,540.0,960.0,0.5
f52cfef7-e912-4c1f-bd56-a361a6d26098,182,6.066666666666666,right_shoulder,0.5,0.5,0.0,540.0,960.0,0.5
f52cfef7-e912-4c1f-bd56-a361a6d26098,182,6.066666666666666,left_elbow,0.5,0.5,0.0,540.0,960.0,0.5
f52cfef7-e912-4c1f-bd56-a361a6d26098,182,6.066666666666666,right_elbow,0.5,0.5,0.0,540.0,960.0,0.5
f52cfef7-e912-4c1f-bd56-a361a6d26098,182,6.066666666666666,left_wrist,0.5,0.5,0.0,540.0,960.0,0.5
f52cfef7-e912-4c1f-bd56-a361a6d26098,182,6.066666666666666,right_wrist,0.5,0.5,0.0,540.0,960.0,0.5
f52cfef7-e912-4c1f-bd56-a361a6d26098,182,6.066666666666666,left_hip,0.5,0.5,0.0,540.0,960.0,0.5
f52cfef7-e912-4c1f-bd56-a361a6d26098,182,6.066666666666666,right_hip,0.5,0.5,0.0,540.0,960.0,0.5
f52cfef7-e912-4c1f-bd56-a361a6d26098,182,6.066666666666666,left_knee,0.5,0.5,0.0,540.0,960.0,0.5
f52cfef7-e912-4c1f-bd56-a361a6d26098,182,6.066666666666666,right_knee,0.5,0.5,0.0,540.0,960.0,0.5
f52cfef7-e912-4c1f-bd56-a361a6d26098,182,6.066666666666666,left_ankle,0.5,0.5,0.0,540.0,960.0,0.5
f52cfef7-e912-4c1f-bd56-a361a6d26098,182,6.066666666666666,right_ankle,0.5,0.5,0.0,540.0,960.0,0.5
f52cfef7-e912-4c1f-bd56-a361a6d26098,182,6.066666666666666,left_heel,0.5,0.5,0.0,540.0,960.0,0.5
f52cfef7-e912-4c1f-bd56-a361a6d26098,182,6.066666666666666,right_heel,0.5,0.5,0.0,540.0,960.0,0.5
f52cfef7-e912-4c1f-bd56-a361a6d26098,182,6.066666666666666,left_foot_index,0.5,0.5,0.0,540.0,960.0,0.5
f52cfef7-e912-4c1f-bd56-a361a6d26098,182,6.066666666666666,right_foot_index,0.5,0.5,0.0,540.0,960.0,0.5
f52cfef7-e912-4c1f-bd56-a361a6d26098,183,6.1,nose,0.5,0.5,0.0,540.0,960.0,0.5
f52cfef7-e912-4c1f-bd56-a361a6d26098,183,6.1,left_shoulder,0.5,0.5,0.0,540.0,960.0,0.5
f52cfef7-e912-4c1f-bd56-a361a6d26098,183,6.1,right_shoulder,0.5,0.5,0.0,540.0,960.0,0.5
f52cfef7-e912-4c1f-bd56-a361a6d26098,183,6.1,left_elbow,0.5,0.5,0.0,540.0,960.0,0.5
f52cfef7-e912-4c1f-bd56-a361a6d26098,183,6.1,right_elbow,0.5,0.5,0.0,540.0,960.0,0.5
f52cfef7-e912-4c1f-bd56-a361a6d26098,183,6.1,left_wrist,0.5,0.5,0.0,540.0,960.0,0.5
f52cfef7-e912-4c1f-bd56-a361a6d26098,183,6.1,right_wrist,0.5,0.5,0.0,540.0,960.0,0.5
f52cfef7-e912-4c1f-bd56-a361a6d26098,183,6.1,left_hip,0.5,0.5,0.0,540.0,960.0,0.5
f52cfef7-e912-4c1f-bd56-a361a6d26098,183,6.1,right_hip,0.5,0.5,0.0,540.0,960.0,0.5
f52cfef7-e912-4c1f-bd56-a361a6d26098,183,6.1,left_knee,0.5,0.5,0.0,540.0,960.0,0.5
f52cfef7-e912-4c1f-bd56-a361a6d26098,183,6.1,right_knee,0.5,0.5,0.0,540.0,960.0,0.5
f52cfef7-e912-4c1f-bd56-a361a6d26098,183,6.1,left_ankle,0.5,0.5,0.0,540.0,960.0,0.5
f52cfef7-e912-4c1f-bd56-a361a6d26098,183,6.1,right_ankle,0.5,0.5,0.0,540.0,960.0,0.5
f52cfef7-e912-4c1f-bd56-a361a6d26098,183,6.1,left_heel,0.5,0.5,0.0,540.0,960.0,0.5
f52cfef7-e912-4c1f-bd56-a361a6d26098,183,6.1,right_heel,0.5,0.5,0.0,540.0,960.0,0.5
f52cfef7-e912-4c1f-bd56-a361a6d26098,183,6.1,left_foot_index,0.5,0.5,0.0,540.0,960.0,0.5
f52cfef7-e912-4c1f-bd56-a361a6d26098,183,6.1,right_foot_index,0.5,0.5,0.0,540.0,960.0,0.5
f52cfef7-e912-4c1f-bd56-a361a6d26098,184,6.133333333333334,nose,0.5,0.5,0.0,540.0,960.0,0.5
f52cfef7-e912-4c1f-bd56-a361a6d26098,184,6.133333333333334,left_shoulder,0.5,0.5,0.0,540.0,960.0,0.5
f52cfef7-e912-4c1f-bd56-a361a6d26098,184,6.133333333333334,right_shoulder,0.5,0.5,0.0,540.0,960.0,0.5
f52cfef7-e912-4c1f-bd56-a361a6d26098,184,6.133333333333334,left_elbow,0.5,0.5,0.0,540.0,960.0,0.5
f52cfef7-e912-4c1f-bd56-a361a6d26098,184,6.133333333333334,right_elbow,0.5,0.5,0.0,540.0,960.0,0.5
f52cfef7-e912-4c1f-bd56-a361a6d26098,184,6.133333333333334,left_wrist,0.5,0.5,0.0,540.0,960.0,0.5
f52cfef7-e912-4c1f-bd56-a361a6d26098,184,6.133333333333334,right_wrist,0.5,0.5,0.0,540.0,960.0,0.5
f52cfef7-e912-4c1f-bd56-a361a6d26098,184,6.133333333333334,left_hip,0.5,0.5,0.0,540.0,960.0,0.5
f52cfef7-e912-4c1f-bd56-a361a6d26098,184,6.133333333333334,right_hip,0.5,0.5,0.0,540.0,960.0,0.5
f52cfef7-e912-4c1f-bd56-a361a6d26098,184,6.133333333333334,left_knee,0.5,0.5,0.0,540.0,960.0,0.5
f52cfef7-e912-4c1f-bd56-a361a6d26098,184,6.133333333333334,right_knee,0.5,0.5,0.0,540.0,960.0,0.5
f52cfef7-e912-4c1f-bd56-a361a6d26098,184,6.133333333333334,left_ankle,0.5,0.5,0.0,540.0,960.0,0.5
f52cfef7-e912-4c1f-bd56-a361a6d26098,184,6.133333333333334,right_ankle,0.5,0.5,0.0,540.0,960.0,0.5
f52cfef7-e912-4c1f-bd56-a361a6d26098,184,6.133333333333334,left_heel,0.5,0.5,0.0,540.0,960.0,0.5
f52cfef7-e912-4c1f-bd56-a361a6d26098,184,6.133333333333334,right_heel,0.5,0.5,0.0,540.0,960.0,0.5
f52cfef7-e912-4c1f-bd56-a361a6d26098,184,6.133333333333334,left_foot_index,0.5,0.5,0.0,540.0,960.0,0.5
f52cfef7-e912-4c1f-bd56-a361a6d26098,184,6.133333333333334,right_foot_index,0.5,0.5,0.0,540.0,960.0,0.5
f52cfef7-e912-4c1f-bd56-a361a6d26098,185,6.166666666666667,nose,0.5,0.5,0.0,540.0,960.0,0.5
f52cfef7-e912-4c1f-bd56-a361a6d26098,185,6.166666666666667,left_shoulder,0.5,0.5,0.0,540.0,960.0,0.5
f52cfef7-e912-4c1f-bd56-a361a6d26098,185,6.166666666666667,right_shoulder,0.5,0.5,0.0,540.0,960.0,0.5
f52cfef7-e912-4c1f-bd56-a361a6d26098,185,6.166666666666667,left_elbow,0.5,0.5,0.0,540.0,960.0,0.5
f52cfef7-e912-4c1f-bd56-a361a6d26098,185,6.166666666666667,right_elbow,0.5,0.5,0.0,540.0,960.0,0.5
f52cfef7-e912-4c1f-bd56-a361a6d26098,185,6.166666666666667,left_wrist,0.5,0.5,0.0,540.0,960.0,0.5
f52cfef7-e912-4c1f-bd56-a361a6d26098,185,6.166666666666667,right_wrist,0.5,0.5,0.0,540.0,960.0,0.5
f52cfef7-e912-4c1f-bd56-a361a6d26098,185,6.166666666666667,left_hip,0.5,0.5,0.0,540.0,960.0,0.5
f52cfef7-e912-4c1f-bd56-a361a6d26098,185,6.166666666666667,right_hip,0.5,0.5,0.0,540.0,960.0,0.5
f52cfef7-e912-4c1f-bd56-a361a6d26098,185,6.166666666666667,left_knee,0.5,0.5,0.0,540.0,960.0,0.5
f52cfef7-e912-4c1f-bd56-a361a6d26098,185,6.166666666666667,right_knee,0.5,0.5,0.0,540.0,960.0,0.5
f52cfef7-e912-4c1f-bd56-a361a6d26098,185,6.166666666666667,left_ankle,0.5,0.5,0.0,540.0,960.0,0.5
f52cfef7-e912-4c1f-bd56-a361a6d26098,185,6.166666666666667,right_ankle,0.5,0.5,0.0,540.0,960.0,0.5
f52cfef7-e912-4c1f-bd56-a361a6d26098,185,6.166666666666667,left_heel,0.5,0.5,0.0,540.0,960.0,0.5
f52cfef7-e912-4c1f-bd56-a361a6d26098,185,6.166666666666667,right_heel,0.5,0.5,0.0,540.0,960.0,0.5
f52cfef7-e912-4c1f-bd56-a361a6d26098,185,6.166666666666667,left_foot_index,0.5,0.5,0.0,540.0,960.0,0.5
f52cfef7-e912-4c1f-bd56-a361a6d26098,185,6.166666666666667,right_foot_index,0.5,0.5,0.0,540.0,960.0,0.5
f52cfef7-e912-4c1f-bd56-a361a6d26098,186,6.2,nose,0.5,0.5,0.0,540.0,960.0,0.5
f52cfef7-e912-4c1f-bd56-a361a6d26098,186,6.2,left_shoulder,0.5,0.5,0.0,540.0,960.0,0.5
f52cfef7-e912-4c1f-bd56-a361a6d26098,186,6.2,right_shoulder,0.5,0.5,0.0,540.0,960.0,0.5
f52cfef7-e912-4c1f-bd56-a361a6d26098,186,6.2,left_elbow,0.5,0.5,0.0,540.0,960.0,0.5
f52cfef7-e912-4c1f-bd56-a361a6d26098,186,6.2,right_elbow,0.5,0.5,0.0,540.0,960.0,0.5
f52cfef7-e912-4c1f-bd56-a361a6d26098,186,6.2,left_wrist,0.5,0.5,0.0,540.0,960.0,0.5
f52cfef7-e912-4c1f-bd56-a361a6d26098,186,6.2,right_wrist,0.5,0.5,0.0,540.0,960.0,0.5
f52cfef7-e912-4c1f-bd56-a361a6d26098,186,6.2,left_hip,0.5,0.5,0.0,540.0,960.0,0.5
f52cfef7-e912-4c1f-bd56-a361a6d26098,186,6.2,right_hip,0.5,0.5,0.0,540.0,960.0,0.5
f52cfef7-e912-4c1f-bd56-a361a6d26098,186,6.2,left_knee,0.5,0.5,0.0,540.0,960.0,0.5
f52cfef7-e912-4c1f-bd56-a361a6d26098,186,6.2,right_knee,0.5,0.5,0.0,540.0,960.0,0.5
f52cfef7-e912-4c1f-bd56-a361a6d26098,186,6.2,left_ankle,0.5,0.5,0.0,540.0,960.0,0.5
f52cfef7-e912-4c1f-bd56-a361a6d26098,186,6.2,right_ankle,0.5,0.5,0.0,540.0,960.0,0.5
f52cfef7-e912-4c1f-bd56-a361a6d26098,186,6.2,left_heel,0.5,0.5,0.0,540.0,960.0,0.5
f52cfef7-e912-4c1f-bd56-a361a6d26098,186,6.2,right_heel,0.5,0.5,0.0,540.0,960.0,0.5
f52cfef7-e912-4c1f-bd56-a361a6d26098,186,6.2,left_foot_index,0.5,0.5,0.0,540.0,960.0,0.5
f52cfef7-e912-4c1f-bd56-a361a6d26098,186,6.2,right_foot_index,0.5,0.5,0.0,540.0,960.0,0.5
f52cfef7-e912-4c1f-bd56-a361a6d26098,187,6.233333333333333,nose,0.5,0.5,0.0,540.0,960.0,0.5
f52cfef7-e912-4c1f-bd56-a361a6d26098,187,6.233333333333333,left_shoulder,0.5,0.5,0.0,540.0,960.0,0.5
f52cfef7-e912-4c1f-bd56-a361a6d26098,187,6.233333333333333,right_shoulder,0.5,0.5,0.0,540.0,960.0,0.5
f52cfef7-e912-4c1f-bd56-a361a6d26098,187,6.233333333333333,left_elbow,0.5,0.5,0.0,540.0,960.0,0.5
f52cfef7-e912-4c1f-bd56-a361a6d26098,187,6.233333333333333,right_elbow,0.5,0.5,0.0,540.0,960.0,0.5
f52cfef7-e912-4c1f-bd56-a361a6d26098,187,6.233333333333333,left_wrist,0.5,0.5,0.0,540.0,960.0,0.5
f52cfef7-e912-4c1f-bd56-a361a6d26098,187,6.233333333333333,right_wrist,0.5,0.5,0.0,540.0,960.0,0.5
f52cfef7-e912-4c1f-bd56-a361a6d26098,187,6.233333333333333,left_hip,0.5,0.5,0.0,540.0,960.0,0.5
f52cfef7-e912-4c1f-bd56-a361a6d26098,187,6.233333333333333,right_hip,0.5,0.5,0.0,540.0,960.0,0.5
f52cfef7-e912-4c1f-bd56-a361a6d26098,187,6.233333333333333,left_knee,0.5,0.5,0.0,540.0,960.0,0.5
f52cfef7-e912-4c1f-bd56-a361a6d26098,187,6.233333333333333,right_knee,0.5,0.5,0.0,540.0,960.0,0.5
f52cfef7-e912-4c1f-bd56-a361a6d26098,187,6.233333333333333,left_ankle,0.5,0.5,0.0,540.0,960.0,0.5
f52cfef7-e912-4c1f-bd56-a361a6d26098,187,6.233333333333333,right_ankle,0.5,0.5,0.0,540.0,960.0,0.5
f52cfef7-e912-4c1f-bd56-a361a6d26098,187,6.233333333333333,left_heel,0.5,0.5,0.0,540.0,960.0,0.5
f52cfef7-e912-4c1f-bd56-a361a6d26098,187,6.233333333333333,right_heel,0.5,0.5,0.0,540.0,960.0,0.5
f52cfef7-e912-4c1f-bd56-a361a6d26098,187,6.233333333333333,left_foot_index,0.5,0.5,0.0,540.0,960.0,0.5
f52cfef7-e912-4c1f-bd56-a361a6d26098,187,6.233333333333333,right_foot_index,0.5,0.5,0.0,540.0,960.0,0.5
f52cfef7-e912-4c1f-bd56-a361a6d26098,188,6.266666666666667,nose,0.5,0.5,0.0,540.0,960.0,0.5
f52cfef7-e912-4c1f-bd56-a361a6d26098,188,6.266666666666667,left_shoulder,0.5,0.5,0.0,540.0,960.0,0.5
f52cfef7-e912-4c1f-bd56-a361a6d26098,188,6.266666666666667,right_shoulder,0.5,0.5,0.0,540.0,960.0,0.5
f52cfef7-e912-4c1f-bd56-a361a6d26098,188,6.266666666666667,left_elbow,0.5,0.5,0.0,540.0,960.0,0.5
f52cfef7-e912-4c1f-bd56-a361a6d26098,188,6.266666666666667,right_elbow,0.5,0.5,0.0,540.0,960.0,0.5
f52cfef7-e912-4c1f-bd56-a361a6d26098,188,6.266666666666667,left_wrist,0.5,0.5,0.0,540.0,960.0,0.5
f52cfef7-e912-4c1f-bd56-a361a6d26098,188,6.266666666666667,right_wrist,0.5,0.5,0.0,540.0,960.0,0.5
f52cfef7-e912-4c1f-bd56-a361a6d26098,188,6.266666666666667,left_hip,0.5,0.5,0.0,540.0,960.0,0.5
f52cfef7-e912-4c1f-bd56-a361a6d26098,188,6.266666666666667,right_hip,0.5,0.5,0.0,540.0,960.0,0.5
f52cfef7-e912-4c1f-bd56-a361a6d26098,188,6.266666666666667,left_knee,0.5,0.5,0.0,540.0,960.0,0.5
f52cfef7-e912-4c1f-bd56-a361a6d26098,188,6.266666666666667,right_knee,0.5,0.5,0.0,540.0,960.0,0.5
f52cfef7-e912-4c1f-bd56-a361a6d26098,188,6.266666666666667,left_ankle,0.5,0.5,0.0,540.0,960.0,0.5
f52cfef7-e912-4c1f-bd56-a361a6d26098,188,6.266666666666667,right_ankle,0.5,0.5,0.0,540.0,960.0,0.5
f52cfef7-e912-4c1f-bd56-a361a6d26098,188,6.266666666666667,left_heel,0.5,0.5,0.0,540.0,960.0,0.5
f52cfef7-e912-4c1f-bd56-a361a6d26098,188,6.266666666666667,right_heel,0.5,0.5,0.0,540.0,960.0,0.5
f52cfef7-e912-4c1f-bd56-a361a6d26098,188,6.266666666666667,left_foot_index,0.5,0.5,0.0,540.0,960.0,0.5
f52cfef7-e912-4c1f-bd56-a361a6d26098,188,6.266666666666667,right_foot_index,0.5,0.5,0.0,540.0,960.0,0.5
f52cfef7-e912-4c1f-bd56-a361a6d26098,189,6.3,nose,0.5,0.5,0.0,540.0,960.0,0.5
f52cfef7-e912-4c1f-bd56-a361a6d26098,189,6.3,left_shoulder,0.5,0.5,0.0,540.0,960.0,0.5
f52cfef7-e912-4c1f-bd56-a361a6d26098,189,6.3,right_shoulder,0.5,0.5,0.0,540.0,960.0,0.5
f52cfef7-e912-4c1f-bd56-a361a6d26098,189,6.3,left_elbow,0.5,0.5,0.0,540.0,960.0,0.5
f52cfef7-e912-4c1f-bd56-a361a6d26098,189,6.3,right_elbow,0.5,0.5,0.0,540.0,960.0,0.5
f52cfef7-e912-4c1f-bd56-a361a6d26098,189,6.3,left_wrist,0.5,0.5,0.0,540.0,960.0,0.5
f52cfef7-e912-4c1f-bd56-a361a6d26098,189,6.3,right_wrist,0.5,0.5,0.0,540.0,960.0,0.5
f52cfef7-e912-4c1f-bd56-a361a6d26098,189,6.3,left_hip,0.5,0.5,0.0,540.0,960.0,0.5
f52cfef7-e912-4c1f-bd56-a361a6d26098,189,6.3,right_hip,0.5,0.5,0.0,540.0,960.0,0.5
f52cfef7-e912-4c1f-bd56-a361a6d26098,189,6.3,left_knee,0.5,0.5,0.0,540.0,960.0,0.5
f52cfef7-e912-4c1f-bd56-a361a6d26098,189,6.3,right_knee,0.5,0.5,0.0,540.0,960.0,0.5
f52cfef7-e912-4c1f-bd56-a361a6d26098,189,6.3,left_ankle,0.5,0.5,0.0,540.0,960.0,0.5
f52cfef7-e912-4c1f-bd56-a361a6d26098,189,6.3,right_ankle,0.5,0.5,0.0,540.0,960.0,0.5
f52cfef7-e912-4c1f-bd56-a361a6d26098,189,6.3,left_heel,0.5,0.5,0.0,540.0,960.0,0.5
f52cfef7-e912-4c1f-bd56-a361a6d26098,189,6.3,right_heel,0.5,0.5,0.0,540.0,960.0,0.5
f52cfef7-e912-4c1f-bd56-a361a6d26098,189,6.3,left_foot_index,0.5,0.5,0.0,540.0,960.0,0.5
f52cfef7-e912-4c1f-bd56-a361a6d26098,189,6.3,right_foot_index,0.5,0.5,0.0,540.0,960.0,0.5
f52cfef7-e912-4c1f-bd56-a361a6d26098,190,6.333333333333333,nose,0.5,0.5,0.0,540.0,960.0,0.5
f52cfef7-e912-4c1f-bd56-a361a6d26098,190,6.333333333333333,left_shoulder,0.5,0.5,0.0,540.0,960.0,0.5
f52cfef7-e912-4c1f-bd56-a361a6d26098,190,6.333333333333333,right_shoulder,0.5,0.5,0.0,540.0,960.0,0.5
f52cfef7-e912-4c1f-bd56-a361a6d26098,190,6.333333333333333,left_elbow,0.5,0.5,0.0,540.0,960.0,0.5
f52cfef7-e912-4c1f-bd56-a361a6d26098,190,6.333333333333333,right_elbow,0.5,0.5,0.0,540.0,960.0,0.5
f52cfef7-e912-4c1f-bd56-a361a6d26098,190,6.333333333333333,left_wrist,0.5,0.5,0.0,540.0,960.0,0.5
f52cfef7-e912-4c1f-bd56-a361a6d26098,190,6.333333333333333,right_wrist,0.5,0.5,0.0,540.0,960.0,0.5
f52cfef7-e912-4c1f-bd56-a361a6d26098,190,6.333333333333333,left_hip,0.5,0.5,0.0,540.0,960.0,0.5
f52cfef7-e912-4c1f-bd56-a361a6d26098,190,6.333333333333333,right_hip,0.5,0.5,0.0,540.0,960.0,0.5
f52cfef7-e912-4c1f-bd56-a361a6d26098,190,6.333333333333333,left_knee,0.5,0.5,0.0,540.0,960.0,0.5
f52cfef7-e912-4c1f-bd56-a361a6d26098,190,6.333333333333333,right_knee,0.5,0.5,0.0,540.0,960.0,0.5
f52cfef7-e912-4c1f-bd56-a361a6d26098,190,6.333333333333333,left_ankle,0.5,0.5,0.0,540.0,960.0,0.5
f52cfef7-e912-4c1f-bd56-a361a6d26098,190,6.333333333333333,right_ankle,0.5,0.5,0.0,540.0,960.0,0.5
f52cfef7-e912-4c1f-bd56-a361a6d26098,190,6.333333333333333,left_heel,0.5,0.5,0.0,540.0,960.0,0.5
f52cfef7-e912-4c1f-bd56-a361a6d26098,190,6.333333333333333,right_heel,0.5,0.5,0.0,540.0,960.0,0.5
f52cfef7-e912-4c1f-bd56-a361a6d26098,190,6.333333333333333,left_foot_index,0.5,0.5,0.0,540.0,960.0,0.5
f52cfef7-e912-4c1f-bd56-a361a6d26098,190,6.333333333333333,right_foot_index,0.5,0.5,0.0,540.0,960.0,0.5
f52cfef7-e912-4c1f-bd56-a361a6d26098,191,6.366666666666666,nose,0.5,0.5,0.0,540.0,960.0,0.5
f52cfef7-e912-4c1f-bd56-a361a6d26098,191,6.366666666666666,left_shoulder,0.5,0.5,0.0,540.0,960.0,0.5
f52cfef7-e912-4c1f-bd56-a361a6d26098,191,6.366666666666666,right_shoulder,0.5,0.5,0.0,540.0,960.0,0.5
f52cfef7-e912-4c1f-bd56-a361a6d26098,191,6.366666666666666,left_elbow,0.5,0.5,0.0,540.0,960.0,0.5
f52cfef7-e912-4c1f-bd56-a361a6d26098,191,6.366666666666666,right_elbow,0.5,0.5,0.0,540.0,960.0,0.5
f52cfef7-e912-4c1f-bd56-a361a6d26098,191,6.366666666666666,left_wrist,0.5,0.5,0.0,540.0,960.0,0.5
f52cfef7-e912-4c1f-bd56-a361a6d26098,191,6.366666666666666,right_wrist,0.5,0.5,0.0,540.0,960.0,0.5
f52cfef7-e912-4c1f-bd56-a361a6d26098,191,6.366666666666666,left_hip,0.5,0.5,0.0,540.0,960.0,0.5
f52cfef7-e912-4c1f-bd56-a361a6d26098,191,6.366666666666666,right_hip,0.5,0.5,0.0,540.0,960.0,0.5
f52cfef7-e912-4c1f-bd56-a361a6d26098,191,6.366666666666666,left_knee,0.5,0.5,0.0,540.0,960.0,0.5
f52cfef7-e912-4c1f-bd56-a361a6d26098,191,6.366666666666666,right_knee,0.5,0.5,0.0,540.0,960.0,0.5
f52cfef7-e912-4c1f-bd56-a361a6d26098,191,6.366666666666666,left_ankle,0.5,0.5,0.0,540.0,960.0,0.5
f52cfef7-e912-4c1f-bd56-a361a6d26098,191,6.366666666666666,right_ankle,0.5,0.5,0.0,540.0,960.0,0.5
f52cfef7-e912-4c1f-bd56-a361a6d26098,191,6.366666666666666,left_heel,0.5,0.5,0.0,540.0,960.0,0.5
f52cfef7-e912-4c1f-bd56-a361a6d26098,191,6.366666666666666,right_heel,0.5,0.5,0.0,540.0,960.0,0.5
f52cfef7-e912-4c1f-bd56-a361a6d26098,191,6.366666666666666,left_foot_index,0.5,0.5,0.0,540.0,960.0,0.5
f52cfef7-e912-4c1f-bd56-a361a6d26098,191,6.366666666666666,right_foot_index,0.5,0.5,0.0,540.0,960.0,0.5
f52cfef7-e912-4c1f-bd56-a361a6d26098,192,6.4,nose,0.5,0.5,0.0,540.0,960.0,0.5
f52cfef7-e912-4c1f-bd56-a361a6d26098,192,6.4,left_shoulder,0.5,0.5,0.0,540.0,960.0,0.5
f52cfef7-e912-4c1f-bd56-a361a6d26098,192,6.4,right_shoulder,0.5,0.5,0.0,540.0,960.0,0.5
f52cfef7-e912-4c1f-bd56-a361a6d26098,192,6.4,left_elbow,0.5,0.5,0.0,540.0,960.0,0.5
f52cfef7-e912-4c1f-bd56-a361a6d26098,192,6.4,right_elbow,0.5,0.5,0.0,540.0,960.0,0.5
f52cfef7-e912-4c1f-bd56-a361a6d26098,192,6.4,left_wrist,0.5,0.5,0.0,540.0,960.0,0.5
f52cfef7-e912-4c1f-bd56-a361a6d26098,192,6.4,right_wrist,0.5,0.5,0.0,540.0,960.0,0.5
f52cfef7-e912-4c1f-bd56-a361a6d26098,192,6.4,left_hip,0.5,0.5,0.0,540.0,960.0,0.5
f52cfef7-e912-4c1f-bd56-a361a6d26098,192,6.4,right_hip,0.5,0.5,0.0,540.0,960.0,0.5
f52cfef7-e912-4c1f-bd56-a361a6d26098,192,6.4,left_knee,0.5,0.5,0.0,540.0,960.0,0.5
f52cfef7-e912-4c1f-bd56-a361a6d26098,192,6.4,right_knee,0.5,0.5,0.0,540.0,960.0,0.5
f52cfef7-e912-4c1f-bd56-a361a6d26098,192,6.4,left_ankle,0.5,0.5,0.0,540.0,960.0,0.5
f52cfef7-e912-4c1f-bd56-a361a6d26098,192,6.4,right_ankle,0.5,0.5,0.0,540.0,960.0,0.5
f52cfef7-e912-4c1f-bd56-a361a6d26098,192,6.4,left_heel,0.5,0.5,0.0,540.0,960.0,0.5
f52cfef7-e912-4c1f-bd56-a361a6d26098,192,6.4,right_heel,0.5,0.5,0.0,540.0,960.0,0.5
f52cfef7-e912-4c1f-bd56-a361a6d26098,192,6.4,left_foot_index,0.5,0.5,0.0,540.0,960.0,0.5
f52cfef7-e912-4c1f-bd56-a361a6d26098,192,6.4,right_foot_index,0.5,0.5,0.0,540.0,960.0,0.5
f52cfef7-e912-4c1f-bd56-a361a6d26098,193,6.433333333333334,nose,0.5,0.5,0.0,540.0,960.0,0.5
f52cfef7-e912-4c1f-bd56-a361a6d26098,193,6.433333333333334,left_shoulder,0.5,0.5,0.0,540.0,960.0,0.5
f52cfef7-e912-4c1f-bd56-a361a6d26098,193,6.433333333333334,right_shoulder,0.5,0.5,0.0,540.0,960.0,0.5
f52cfef7-e912-4c1f-bd56-a361a6d26098,193,6.433333333333334,left_elbow,0.5,0.5,0.0,540.0,960.0,0.5
f52cfef7-e912-4c1f-bd56-a361a6d26098,193,6.433333333333334,right_elbow,0.5,0.5,0.0,540.0,960.0,0.5
f52cfef7-e912-4c1f-bd56-a361a6d26098,193,6.433333333333334,left_wrist,0.5,0.5,0.0,540.0,960.0,0.5
f52cfef7-e912-4c1f-bd56-a361a6d26098,193,6.433333333333334,right_wrist,0.5,0.5,0.0,540.0,960.0,0.5
f52cfef7-e912-4c1f-bd56-a361a6d26098,193,6.433333333333334,left_hip,0.5,0.5,0.0,540.0,960.0,0.5
f52cfef7-e912-4c1f-bd56-a361a6d26098,193,6.433333333333334,right_hip,0.5,0.5,0.0,540.0,960.0,0.5
f52cfef7-e912-4c1f-bd56-a361a6d26098,193,6.433333333333334,left_knee,0.5,0.5,0.0,540.0,960.0,0.5
f52cfef7-e912-4c1f-bd56-a361a6d26098,193,6.433333333333334,right_knee,0.5,0.5,0.0,540.0,960.0,0.5
f52cfef7-e912-4c1f-bd56-a361a6d26098,193,6.433333333333334,left_ankle,0.5,0.5,0.0,540.0,960.0,0.5
f52cfef7-e912-4c1f-bd56-a361a6d26098,193,6.433333333333334,right_ankle,0.5,0.5,0.0,540.0,960.0,0.5
f52cfef7-e912-4c1f-bd56-a361a6d26098,193,6.433333333333334,left_heel,0.5,0.5,0.0,540.0,960.0,0.5
f52cfef7-e912-4c1f-bd56-a361a6d26098,193,6.433333333333334,right_heel,0.5,0.5,0.0,540.0,960.0,0.5
f52cfef7-e912-4c1f-bd56-a361a6d26098,193,6.433333333333334,left_foot_index,0.5,0.5,0.0,540.0,960.0,0.5
f52cfef7-e912-4c1f-bd56-a361a6d26098,193,6.433333333333334,right_foot_index,0.5,0.5,0.0,540.0,960.0,0.5
f52cfef7-e912-4c1f-bd56-a361a6d26098,194,6.466666666666667,nose,0.5,0.5,0.0,540.0,960.0,0.5
f52cfef7-e912-4c1f-bd56-a361a6d26098,194,6.466666666666667,left_shoulder,0.5,0.5,0.0,540.0,960.0,0.5
f52cfef7-e912-4c1f-bd56-a361a6d26098,194,6.466666666666667,right_shoulder,0.5,0.5,0.0,540.0,960.0,0.5
f52cfef7-e912-4c1f-bd56-a361a6d26098,194,6.466666666666667,left_elbow,0.5,0.5,0.0,540.0,960.0,0.5
f52cfef7-e912-4c1f-bd56-a361a6d26098,194,6.466666666666667,right_elbow,0.5,0.5,0.0,540.0,960.0,0.5
f52cfef7-e912-4c1f-bd56-a361a6d26098,194,6.466666666666667,left_wrist,0.5,0.5,0.0,540.0,960.0,0.5
f52cfef7-e912-4c1f-bd56-a361a6d26098,194,6.466666666666667,right_wrist,0.5,0.5,0.0,540.0,960.0,0.5
f52cfef7-e912-4c1f-bd56-a361a6d26098,194,6.466666666666667,left_hip,0.5,0.5,0.0,540.0,960.0,0.5
f52cfef7-e912-4c1f-bd56-a361a6d26098,194,6.466666666666667,right_hip,0.5,0.5,0.0,540.0,960.0,0.5
f52cfef7-e912-4c1f-bd56-a361a6d26098,194,6.466666666666667,left_knee,0.5,0.5,0.0,540.0,960.0,0.5
f52cfef7-e912-4c1f-bd56-a361a6d26098,194,6.466666666666667,right_knee,0.5,0.5,0.0,540.0,960.0,0.5
f52cfef7-e912-4c1f-bd56-a361a6d26098,194,6.466666666666667,left_ankle,0.5,0.5,0.0,540.0,960.0,0.5
f52cfef7-e912-4c1f-bd56-a361a6d26098,194,6.466666666666667,right_ankle,0.5,0.5,0.0,540.0,960.0,0.5
f52cfef7-e912-4c1f-bd56-a361a6d26098,194,6.466666666666667,left_heel,0.5,0.5,0.0,540.0,960.0,0.5
f52cfef7-e912-4c1f-bd56-a361a6d26098,194,6.466666666666667,right_heel,0.5,0.5,0.0,540.0,960.0,0.5
f52cfef7-e912-4c1f-bd56-a361a6d26098,194,6.466666666666667,left_foot_index,0.5,0.5,0.0,540.0,960.0,0.5
f52cfef7-e912-4c1f-bd56-a361a6d26098,194,6.466666666666667,right_foot_index,0.5,0.5,0.0,540.0,960.0,0.5
f52cfef7-e912-4c1f-bd56-a361a6d26098,195,6.5,nose,0.5,0.5,0.0,540.0,960.0,0.5
f52cfef7-e912-4c1f-bd56-a361a6d26098,195,6.5,left_shoulder,0.5,0.5,0.0,540.0,960.0,0.5
f52cfef7-e912-4c1f-bd56-a361a6d26098,195,6.5,right_shoulder,0.5,0.5,0.0,540.0,960.0,0.5
f52cfef7-e912-4c1f-bd56-a361a6d26098,195,6.5,left_elbow,0.5,0.5,0.0,540.0,960.0,0.5
f52cfef7-e912-4c1f-bd56-a361a6d26098,195,6.5,right_elbow,0.5,0.5,0.0,540.0,960.0,0.5
f52cfef7-e912-4c1f-bd56-a361a6d26098,195,6.5,left_wrist,0.5,0.5,0.0,540.0,960.0,0.5
f52cfef7-e912-4c1f-bd56-a361a6d26098,195,6.5,right_wrist,0.5,0.5,0.0,540.0,960.0,0.5
f52cfef7-e912-4c1f-bd56-a361a6d26098,195,6.5,left_hip,0.5,0.5,0.0,540.0,960.0,0.5
f52cfef7-e912-4c1f-bd56-a361a6d26098,195,6.5,right_hip,0.5,0.5,0.0,540.0,960.0,0.5
f52cfef7-e912-4c1f-bd56-a361a6d26098,195,6.5,left_knee,0.5,0.5,0.0,540.0,960.0,0.5
f52cfef7-e912-4c1f-bd56-a361a6d26098,195,6.5,right_knee,0.5,0.5,0.0,540.0,960.0,0.5
f52cfef7-e912-4c1f-bd56-a361a6d26098,195,6.5,left_ankle,0.5,0.5,0.0,540.0,960.0,0.5
f52cfef7-e912-4c1f-bd56-a361a6d26098,195,6.5,right_ankle,0.5,0.5,0.0,540.0,960.0,0.5
f52cfef7-e912-4c1f-bd56-a361a6d26098,195,6.5,left_heel,0.5,0.5,0.0,540.0,960.0,0.5
f52cfef7-e912-4c1f-bd56-a361a6d26098,195,6.5,right_heel,0.5,0.5,0.0,540.0,960.0,0.5
f52cfef7-e912-4c1f-bd56-a361a6d26098,195,6.5,left_foot_index,0.5,0.5,0.0,540.0,960.0,0.5
f52cfef7-e912-4c1f-bd56-a361a6d26098,195,6.5,right_foot_index,0.5,0.5,0.0,540.0,960.0,0.5
f52cfef7-e912-4c1f-bd56-a361a6d26098,196,6.533333333333333,nose,0.5,0.5,0.0,540.0,960.0,0.5
f52cfef7-e912-4c1f-bd56-a361a6d26098,196,6.533333333333333,left_shoulder,0.5,0.5,0.0,540.0,960.0,0.5
f52cfef7-e912-4c1f-bd56-a361a6d26098,196,6.533333333333333,right_shoulder,0.5,0.5,0.0,540.0,960.0,0.5
f52cfef7-e912-4c1f-bd56-a361a6d26098,196,6.533333333333333,left_elbow,0.5,0.5,0.0,540.0,960.0,0.5
f52cfef7-e912-4c1f-bd56-a361a6d26098,196,6.533333333333333,right_elbow,0.5,0.5,0.0,540.0,960.0,0.5
f52cfef7-e912-4c1f-bd56-a361a6d26098,196,6.533333333333333,left_wrist,0.5,0.5,0.0,540.0,960.0,0.5
f52cfef7-e912-4c1f-bd56-a361a6d26098,196,6.533333333333333,right_wrist,0.5,0.5,0.0,540.0,960.0,0.5
f52cfef7-e912-4c1f-bd56-a361a6d26098,196,6.533333333333333,left_hip,0.5,0.5,0.0,540.0,960.0,0.5
f52cfef7-e912-4c1f-bd56-a361a6d26098,196,6.533333333333333,right_hip,0.5,0.5,0.0,540.0,960.0,0.5
f52cfef7-e912-4c1f-bd56-a361a6d26098,196,6.533333333333333,left_knee,0.5,0.5,0.0,540.0,960.0,0.5
f52cfef7-e912-4c1f-bd56-a361a6d26098,196,6.533333333333333,right_knee,0.5,0.5,0.0,540.0,960.0,0.5
f52cfef7-e912-4c1f-bd56-a361a6d26098,196,6.533333333333333,left_ankle,0.5,0.5,0.0,540.0,960.0,0.5
f52cfef7-e912-4c1f-bd56-a361a6d26098,196,6.533333333333333,right_ankle,0.5,0.5,0.0,540.0,960.0,0.5
f52cfef7-e912-4c1f-bd56-a361a6d26098,196,6.533333333333333,left_heel,0.5,0.5,0.0,540.0,960.0,0.5
f52cfef7-e912-4c1f-bd56-a361a6d26098,196,6.533333333333333,right_heel,0.5,0.5,0.0,540.0,960.0,0.5
f52cfef7-e912-4c1f-bd56-a361a6d26098,196,6.533333333333333,left_foot_index,0.5,0.5,0.0,540.0,960.0,0.5
f52cfef7-e912-4c1f-bd56-a361a6d26098,196,6.533333333333333,right_foot_index,0.5,0.5,0.0,540.0,960.0,0.5
