run_id,frame_id,timestamp,joint,x_norm,y_norm,z_norm,x_px,y_px,confidence
207097ab-74b4-4d93-b84a-2a4660bc043d,0,0.0,nose,0.49237555,0.5425728,-0.93763554,531.7655968666077,1041.7397689819336,0.9999821
207097ab-74b4-4d93-b84a-2a4660bc043d,0,0.0,left_shoulder,0.6034526,0.5783952,-0.45142505,651.7288327217102,1110.5187606811523,0.99998415
207097ab-74b4-4d93-b84a-2a4660bc043d,0,0.0,right_shoulder,0.41770333,0.592217,-0.41880807,451.1195969581604,1137.0566940307617,0.9999831
207097ab-74b4-4d93-b84a-2a4660bc043d,0,0.0,left_elbow,0.63067555,0.6601924,-0.70543426,681.1295986175537,1267.569351196289,0.995977
207097ab-74b4-4d93-b84a-2a4660bc043d,0,0.0,right_elbow,0.3735444,0.6775928,-0.6144806,403.4279465675354,1300.9782028198242,0.9954051
207097ab-74b4-4d93-b84a-2a4660bc043d,0,0.0,left_wrist,0.53641653,0.6287862,-1.1763695,579.3298530578613,1207.269515991211,0.993526
207097ab-74b4-4d93-b84a-2a4660bc043d,0,0.0,right_wrist,0.42599556,0.6400343,-1.0917491,460.0752031803131,1228.8658905029297,0.9865413
207097ab-74b4-4d93-b84a-2a4660bc043d,0,0.0,left_hip,0.5709471,0.70653236,0.041425247,616.6228795051575,1356.5421295166016,0.99988604
207097ab-74b4-4d93-b84a-2a4660bc043d,0,0.0,right_hip,0.46199393,0.70861614,-0.041465763,498.95344734191895,1360.542984008789,0.99986434
207097ab-74b4-4d93-b84a-2a4660bc043d,0,0.0,left_knee,0.60646635,0.81174123,-0.18297565,654.9836611747742,1558.5431671142578,0.9547866
207097ab-74b4-4d93-b84a-2a4660bc043d,0,0.0,right_knee,0.49694383,0.8108149,-0.327424,536.6993379592896,1556.7646408081055,0.98443764
207097ab-74b4-4d93-b84a-2a4660bc043d,0,0.0,left_ankle,0.5225342,0.8913924,0.41144958,564.3369269371033,1711.4734268188477,0.9223059
207097ab-74b4-4d93-b84a-2a4660bc043d,0,0.0,right_ankle,0.45039216,0.9016254,0.113651276,486.4235293865204,1731.1207580566406,0.9786041
207097ab-74b4-4d93-b84a-2a4660bc043d,0,0.0,left_heel,0.49364334,0.9009727,0.45703566,533.13481092453,1729.8676300048828,0.7735775
207097ab-74b4-4d93-b84a-2a4660bc043d,0,0.0,right_heel,0.4278789,0.91464275,0.1439011,462.10919737815857,1756.1140823364258,0.78893304
207097ab-74b4-4d93-b84a-2a4660bc043d,0,0.0,left_foot_index,0.5617825,0.9303512,0.21826231,606.7250776290894,1786.274299621582,0.9255584
207097ab-74b4-4d93-b84a-2a4660bc043d,0,0.0,right_foot_index,0.49695376,0.947582,-0.14973937,536.7100560665131,1819.3574523925781,0.974502
207097ab-74b4-4d93-b84a-2a4660bc043d,1,0.017798573975044564,nose,0.49185207,0.5426358,-0.9064388,531.2002408504486,1041.8607330322266,0.99997914
207097ab-74b4-4d93-b84a-2a4660bc043d,1,0.017798573975044564,left_shoulder,0.60234386,0.5783867,-0.4246055,650.5313658714294,1110.5025100708008,0.999982
207097ab-74b4-4d93-b84a-2a4660bc043d,1,0.017798573975044564,right_shoulder,0.41733044,0.5923514,-0.4106894,450.71687936782837,1137.3146438598633,0.9999801
207097ab-74b4-4d93-b84a-2a4660bc043d,1,0.017798573975044564,left_elbow,0.6298274,0.6610086,-0.64934886,680.2135705947876,1269.1365051269531,0.9957694
207097ab-74b4-4d93-b84a-2a4660bc043d,1,0.017798573975044564,right_elbow,0.37374467,0.6780083,-0.60574776,403.64423990249634,1301.7759704589844,0.9952758
207097ab-74b4-4d93-b84a-2a4660bc043d,1,0.017798573975044564,left_wrist,0.5362818,0.6287873,-1.0981092,579.1843700408936,1207.2715759277344,0.9934833
207097ab-74b4-4d93-b84a-2a4660bc043d,1,0.017798573975044564,right_wrist,0.42607477,0.6400053,-1.0568709,460.1607549190521,1228.810157775879,0.986497
207097ab-74b4-4d93-b84a-2a4660bc043d,1,0.017798573975044564,left_hip,0.568269,0.7064672,0.049169578,613.7305355072021,1356.4170455932617,0.9998686
207097ab-74b4-4d93-b84a-2a4660bc043d,1,0.017798573975044564,right_hip,0.460741,0.708613,-0.049213752,497.60029435157776,1360.5369186401367,0.9998341
207097ab-74b4-4d93-b84a-2a4660bc043d,1,0.017798573975044564,left_knee,0.6064348,0.81070435,-0.208963,654.9496078491211,1556.5523529052734,0.9524642
207097ab-74b4-4d93-b84a-2a4660bc043d,1,0.017798573975044564,right_knee,0.4978276,0.81081456,-0.3146659,537.653796672821,1556.7639541625977,0.98342687
207097ab-74b4-4d93-b84a-2a4660bc043d,1,0.017798573975044564,left_ankle,0.5204011,0.8910107,0.24079238,562.0332098007202,1710.7405471801758,0.9212469
207097ab-74b4-4d93-b84a-2a4660bc043d,1,0.017798573975044564,right_ankle,0.45048735,0.90155196,0.041723166,486.5263330936432,1730.9797668457031,0.9773299
207097ab-74b4-4d93-b84a-2a4660bc043d,1,0.017798573975044564,left_heel,0.49020967,0.90096366,0.27349904,529.4264423847198,1729.8502349853516,0.7793176
207097ab-74b4-4d93-b84a-2a4660bc043d,1,0.017798573975044564,right_heel,0.42999434,0.9147781,0.063507184,464.393892288208,1756.3739776611328,0.7866812
207097ab-74b4-4d93-b84a-2a4660bc043d,1,0.017798573975044564,left_foot_index,0.56065756,0.93033284,0.04724195,605.5101656913757,1786.2390518188477,0.9256844
207097ab-74b4-4d93-b84a-2a4660bc043d,1,0.017798573975044564,right_foot_index,0.49684682,0.94671947,-0.21423274,536.5945708751678,1817.7013778686523,0.9729221
207097ab-74b4-4d93-b84a-2a4660bc043d,2,0.03559714795008913,nose,0.49124748,0.54270065,-0.8915511,530.5472731590271,1041.9852447509766,0.99997526
207097ab-74b4-4d93-b84a-2a4660bc043d,2,0.03559714795008913,left_shoulder,0.601734,0.578374,-0.41604125,649.8727011680603,1110.4781341552734,0.9999783
207097ab-74b4-4d93-b84a-2a4660bc043d,2,0.03559714795008913,right_shoulder,0.4169925,0.59242815,-0.40004113,450.3518843650818,1137.462043762207,0.99997675
207097ab-74b4-4d93-b84a-2a4660bc043d,2,0.03559714795008913,left_elbow,0.6284827,0.66154563,-0.63614625,678.7613153457642,1270.1676177978516,0.9953993
207097ab-74b4-4d93-b84a-2a4660bc043d,2,0.03559714795008913,right_elbow,0.37395567,0.6781612,-0.5910593,403.8721203804016,1302.0695114135742,0.99509674
207097ab-74b4-4d93-b84a-2a4660bc043d,2,0.03559714795008913,left_wrist,0.5352975,0.6288477,-1.0796245,578.1213140487671,1207.3876190185547,0.99317765
207097ab-74b4-4d93-b84a-2a4660bc043d,2,0.03559714795008913,right_wrist,0.426032,0.6400034,-1.0340744,460.1145672798157,1228.806495666504,0.9862611
207097ab-74b4-4d93-b84a-2a4660bc043d,2,0.03559714795008913,left_hip,0.5675484,0.70644325,0.050323956,612.9522657394409,1356.3710403442383,0.99984664
207097ab-74b4-4d93-b84a-2a4660bc043d,2,0.03559714795008913,right_hip,0.46020994,0.7085954,-0.05036678,497.02673077583313,1360.503158569336,0.9998044
207097ab-74b4-4d93-b84a-2a4660bc043d,2,0.03559714795008913,left_knee,0.60637707,0.810386,-0.21454549,654.8872303962708,1555.9411239624023,0.9513357
207097ab-74b4-4d93-b84a-2a4660bc043d,2,0.03559714795008913,right_knee,0.4979602,0.81075686,-0.30357885,537.7970266342163,1556.653175354004,0.98274195
207097ab-74b4-4d93-b84a-2a4660bc043d,2,0.03559714795008913,left_ankle,0.5193264,0.8903925,0.24485117,560.8724999427795,1709.553565979004,0.91982037
207097ab-74b4-4d93-b84a-2a4660bc043d,2,0.03559714795008913,right_ankle,0.45049083,0.90160674,0.033279605,486.5300989151001,1731.0849380493164,0.9763681
207097ab-74b4-4d93-b84a-2a4660bc043d,2,0.03559714795008913,left_heel,0.48941413,0.9003968,0.27922454,528.5672557353973,1728.7619018554688,0.78311086
207097ab-74b4-4d93-b84a-2a4660bc043d,2,0.03559714795008913,right_heel,0.4309106,0.915445,0.054069623,465.3834342956543,1757.6544570922852,0.78442746
207097ab-74b4-4d93-b84a-2a4660bc043d,2,0.03559714795008913,left_foot_index,0.55893207,0.9302446,0.0575368,603.6466312408447,1786.069679260254,0.925301
207097ab-74b4-4d93-b84a-2a4660bc043d,2,0.03559714795008913,right_foot_index,0.49659997,0.94650817,-0.22442667,536.3279700279236,1817.2956848144531,0.9715984
207097ab-74b4-4d93-b84a-2a4660bc043d,3,0.05339572192513369,nose,0.4903001,0.5426903,-0.8923023,529.5240962505341,1041.96533203125,0.99997187
207097ab-74b4-4d93-b84a-2a4660bc043d,3,0.05339572192513369,left_shoulder,0.6010374,0.57837725,-0.42121863,649.1203737258911,1110.4843139648438,0.9999738
207097ab-74b4-4d93-b84a-2a4660bc043d,3,0.05339572192513369,right_shoulder,0.41647968,0.5925734,-0.4007183,449.7980511188507,1137.7409362792969,0.99997294
207097ab-74b4-4d93-b84a-2a4660bc043d,3,0.05339572192513369,left_elbow,0.6268213,0.6618563,-0.6488774,676.9669818878174,1270.7640838623047,0.99493384
207097ab-74b4-4d93-b84a-2a4660bc043d,3,0.05339572192513369,right_elbow,0.37394914,0.6782248,-0.5949224,403.8650715351105,1302.1916198730469,0.9948899
207097ab-74b4-4d93-b84a-2a4660bc043d,3,0.05339572192513369,left_wrist,0.5339011,0.62882775,-1.0932137,576.6131830215454,1207.3492813110352,0.9926857
207097ab-74b4-4d93-b84a-2a4660bc043d,3,0.05339572192513369,right_wrist,0.42574272,0.64001,-1.0440127,459.8021328449249,1228.8191986083984,0.98576003
207097ab-74b4-4d93-b84a-2a4660bc043d,3,0.05339572192513369,left_hip,0.56739825,0.7064492,0.049779218,612.7901101112366,1356.3824844360352,0.9998254
207097ab-74b4-4d93-b84a-2a4660bc043d,3,0.05339572192513369,right_hip,0.4601,0.708689,-0.049822606,496.90799474716187,1360.6828308105469,0.99977714
207097ab-74b4-4d93-b84a-2a4660bc043d,3,0.05339572192513369,left_knee,0.60624003,0.81026435,-0.21289411,654.739236831665,1555.7075500488281,0.95089316
207097ab-74b4-4d93-b84a-2a4660bc043d,3,0.05339572192513369,right_knee,0.4980208,0.8107671,-0.29256457,537.8624618053436,1556.6728591918945,0.9822218
207097ab-74b4-4d93-b84a-2a4660bc043d,3,0.05339572192513369,left_ankle,0.5191883,0.88994956,0.26053336,560.7233476638794,1708.7031555175781,0.91951305
207097ab-74b4-4d93-b84a-2a4660bc043d,3,0.05339572192513369,right_ankle,0.45065835,0.9017946,0.048938256,486.71101927757263,1731.445655822754,0.9756074
207097ab-74b4-4d93-b84a-2a4660bc043d,3,0.05339572192513369,left_heel,0.4894367,0.900016,0.2961452,528.5916209220886,1728.0307388305664,0.7868644
207097ab-74b4-4d93-b84a-2a4660bc043d,3,0.05339572192513369,right_heel,0.4326977,0.91634506,0.07096929,467.3135304450989,1759.3825149536133,0.7816453
207097ab-74b4-4d93-b84a-2a4660bc043d,3,0.05339572192513369,left_foot_index,0.5584243,0.9301439,0.072341055,603.0982375144958,1785.8762741088867,0.9257864
207097ab-74b4-4d93-b84a-2a4660bc043d,3,0.05339572192513369,right_foot_index,0.49659902,0.94638926,-0.2098397,536.3269400596619,1817.0673751831055,0.9705162
207097ab-74b4-4d93-b84a-2a4660bc043d,4,0.07119429590017826,nose,0.4896429,0.5426535,-0.8952839,528.8143193721771,1041.8947219848633,0.9999691
207097ab-74b4-4d93-b84a-2a4660bc043d,4,0.07119429590017826,left_shoulder,0.6004632,0.5783725,-0.42499787,648.5002684593201,1110.4751586914062,0.99997073
207097ab-74b4-4d93-b84a-2a4660bc043d,4,0.07119429590017826,right_shoulder,0.41598794,0.59275883,-0.40249503,449.266973733902,1138.0969619750977,0.9999692
207097ab-74b4-4d93-b84a-2a4660bc043d,4,0.07119429590017826,left_elbow,0.6258506,0.6618828,-0.6576684,675.9186673164368,1270.8150100708008,0.9945999
207097ab-74b4-4d93-b84a-2a4660bc043d,4,0.07119429590017826,right_elbow,0.37372497,0.6782428,-0.6000094,403.6229646205902,1302.2261810302734,0.9947465
207097ab-74b4-4d93-b84a-2a4660bc043d,4,0.07119429590017826,left_wrist,0.5327072,0.62878776,-1.1038269,575.3237915039062,1207.2724914550781,0.9923838
207097ab-74b4-4d93-b84a-2a4660bc043d,4,0.07119429590017826,right_wrist,0.425408,0.6400015,-1.0522869,459.4406461715698,1228.802833557129,0.9853739
207097ab-74b4-4d93-b84a-2a4660bc043d,4,0.07119429590017826,left_hip,0.5674209,0.7064861,0.049494453,612.8145718574524,1356.4533233642578,0.9998113
207097ab-74b4-4d93-b84a-2a4660bc043d,4,0.07119429590017826,right_hip,0.4600689,0.70891505,-0.04953661,496.87442421913147,1361.1169052124023,0.99975324
207097ab-74b4-4d93-b84a-2a4660bc043d,4,0.07119429590017826,left_knee,0.6060834,0.8102522,-0.21365328,654.5700645446777,1555.6842041015625,0.9506671
207097ab-74b4-4d93-b84a-2a4660bc043d,4,0.07119429590017826,right_knee,0.49806154,0.81089056,-0.2859275,537.9064607620239,1556.9098663330078,0.9816721
207097ab-74b4-4d93-b84a-2a4660bc043d,4,0.07119429590017826,left_ankle,0.5192291,0.88980603,0.26247996,560.7674431800842,1708.4275817871094,0.91992545
207097ab-74b4-4d93-b84a-2a4660bc043d,4,0.07119429590017826,right_ankle,0.450738,0.9018186,0.0605667,486.7970538139343,1731.4916610717773,0.97475624
207097ab-74b4-4d93-b84a-2a4660bc043d,4,0.07119429590017826,left_heel,0.4894666,0.8999588,0.29819524,528.6239361763,1727.9208755493164,0.7909101
207097ab-74b4-4d93-b84a-2a4660bc043d,4,0.07119429590017826,right_heel,0.43452,0.91639245,0.08507865,469.28160667419434,1759.4734954833984,0.7777982
207097ab-74b4-4d93-b84a-2a4660bc043d,4,0.07119429590017826,left_foot_index,0.55841935,0.93003845,0.071830906,603.0928945541382,1785.673828125,0.92682827
207097ab-74b4-4d93-b84a-2a4660bc043d,4,0.07119429590017826,right_foot_index,0.4965693,0.94626343,-0.2024909,536.2948501110077,1816.8257904052734,0.9694487
207097ab-74b4-4d93-b84a-2a4660bc043d,5,0.08899286987522281,nose,0.48926988,0.5426551,-0.89996064,528.4114730358124,1041.8978118896484,0.9999672
207097ab-74b4-4d93-b84a-2a4660bc043d,5,0.08899286987522281,left_shoulder,0.6000148,0.5783681,-0.42732924,648.0159902572632,1110.4668045043945,0.99996805
207097ab-74b4-4d93-b84a-2a4660bc043d,5,0.08899286987522281,right_shoulder,0.41550192,0.59280854,-0.40514892,448.74207615852356,1138.1924057006836,0.99996567
207097ab-74b4-4d93-b84a-2a4660bc043d,5,0.08899286987522281,left_elbow,0.6251414,0.6618746,-0.66168725,675.1526927947998,1270.799217224121,0.9943631
207097ab-74b4-4d93-b84a-2a4660bc043d,5,0.08899286987522281,right_elbow,0.37345913,0.6782286,-0.6115626,403.3358609676361,1302.1989440917969,0.9946578
207097ab-74b4-4d93-b84a-2a4660bc043d,5,0.08899286987522281,left_wrist,0.5314138,0.62891656,-1.1056411,573.9268970489502,1207.5197982788086,0.9921621
207097ab-74b4-4d93-b84a-2a4660bc043d,5,0.08899286987522281,right_wrist,0.42507625,0.6398541,-1.0603619,459.0823459625244,1228.5198211669922,0.98516166
207097ab-74b4-4d93-b84a-2a4660bc043d,5,0.08899286987522281,left_hip,0.56745124,0.7065095,0.048413824,612.8473377227783,1356.4981842041016,0.9997968
207097ab-74b4-4d93-b84a-2a4660bc043d,5,0.08899286987522281,right_hip,0.4600428,0.70909965,-0.048469193,496.8462288379669,1361.4713287353516,0.99972796
207097ab-74b4-4d93-b84a-2a4660bc043d,5,0.08899286987522281,left_knee,0.6056207,0.8102586,-0.21344388,654.0703368186951,1555.6965637207031,0.9504844
207097ab-74b4-4d93-b84a-2a4660bc043d,5,0.08899286987522281,right_knee,0.4979214,0.8113315,-0.25525597,537.7551198005676,1557.7565002441406,0.9808102
207097ab-74b4-4d93-b84a-2a4660bc043d,5,0.08899286987522281,left_ankle,0.5191309,0.8897623,0.2640997,560.6613564491272,1708.3435821533203,0.919995
207097ab-74b4-4d93-b84a-2a4660bc043d,5,0.08899286987522281,right_ankle,0.45076078,0.9019398,0.098416254,486.82164430618286,1731.7244338989258,0.97333115
207097ab-74b4-4d93-b84a-2a4660bc043d,5,0.08899286987522281,left_heel,0.48940852,0.8999598,0.3003338,528.5612046718597,1727.9228210449219,0.7947922
207097ab-74b4-4d93-b84a-2a4660bc043d,5,0.08899286987522281,right_heel,0.4353704,0.91661876,0.12161533,470.2000164985657,1759.9080276489258,0.7718956
207097ab-74b4-4d93-b84a-2a4660bc043d,5,0.08899286987522281,left_foot_index,0.5583814,0.9297542,0.07600983,603.0518889427185,1785.128059387207,0.9275263
207097ab-74b4-4d93-b84a-2a4660bc043d,5,0.08899286987522281,right_foot_index,0.49647063,0.94620216,-0.15335807,536.188280582428,1816.7081451416016,0.9675469
207097ab-74b4-4d93-b84a-2a4660bc043d,6,0.10679144385026738,nose,0.4890135,0.5426465,-0.8908183,528.1345725059509,1041.881332397461,0.9999645
207097ab-74b4-4d93-b84a-2a4660bc043d,6,0.10679144385026738,left_shoulder,0.59971863,0.5783653,-0.4279849,647.6961207389832,1110.46142578125,0.99996555
207097ab-74b4-4d93-b84a-2a4660bc043d,6,0.10679144385026738,right_shoulder,0.41515982,0.59288186,-0.40137687,448.37260723114014,1138.3331680297852,0.99996233
207097ab-74b4-4d93-b84a-2a4660bc043d,6,0.10679144385026738,left_elbow,0.624621,0.66186816,-0.6578341,674.5906519889832,1270.7868576049805,0.99414253
207097ab-74b4-4d93-b84a-2a4660bc043d,6,0.10679144385026738,right_elbow,0.37315357,0.67822057,-0.60702664,403.0058526992798,1302.183494567871,0.99455386
207097ab-74b4-4d93-b84a-2a4660bc043d,6,0.10679144385026738,left_wrist,0.53021204,0.62895423,-1.0955259,572.6290082931519,1207.5921249389648,0.99191797
207097ab-74b4-4d93-b84a-2a4660bc043d,6,0.10679144385026738,right_wrist,0.42451596,0.6395325,-1.0550486,458.47723960876465,1227.9024124145508,0.9848569
207097ab-74b4-4d93-b84a-2a4660bc043d,6,0.10679144385026738,left_hip,0.5674782,0.70656085,0.04778147,612.8764343261719,1356.5968322753906,0.9997841
207097ab-74b4-4d93-b84a-2a4660bc043d,6,0.10679144385026738,right_hip,0.46000853,0.7093445,-0.04784533,496.8092143535614,1361.9414520263672,0.9997031
207097ab-74b4-4d93-b84a-2a4660bc043d,6,0.10679144385026738,left_knee,0.6054419,0.8102642,-0.22240022,653.8772821426392,1555.7073211669922,0.95042396
207097ab-74b4-4d93-b84a-2a4660bc043d,6,0.10679144385026738,right_knee,0.49790713,0.81165457,-0.26060718,537.73970246315,1558.3767700195312,0.9801451
207097ab-74b4-4d93-b84a-2a4660bc043d,6,0.10679144385026738,left_ankle,0.51913327,0.88976675,0.2480092,560.6639313697815,1708.352165222168,0.9202831
207097ab-74b4-4d93-b84a-2a4660bc043d,6,0.10679144385026738,right_ankle,0.45076326,0.9020141,0.09865719,486.8243157863617,1731.8670272827148,0.97207415
207097ab-74b4-4d93-b84a-2a4660bc043d,6,0.10679144385026738,left_heel,0.48937818,0.90002495,0.28373,528.5284388065338,1728.0479049682617,0.797828
207097ab-74b4-4d93-b84a-2a4660bc043d,6,0.10679144385026738,right_heel,0.43574685,0.9166937,0.12222737,470.60659646987915,1760.0518798828125,0.76668507
207097ab-74b4-4d93-b84a-2a4660bc043d,6,0.10679144385026738,left_foot_index,0.55814445,0.9297432,0.0596526,602.7960062026978,1785.1068878173828,0.9281998
207097ab-74b4-4d93-b84a-2a4660bc043d,6,0.10679144385026738,right_foot_index,0.4962204,0.94620156,-0.15084381,535.9180426597595,1816.7070007324219,0.96589667
207097ab-74b4-4d93-b84a-2a4660bc043d,7,0.12459001782531194,nose,0.48866254,0.5425743,-0.8823593,527.7555441856384,1041.7426300048828,0.999962
207097ab-74b4-4d93-b84a-2a4660bc043d,7,0.12459001782531194,left_shoulder,0.5996141,0.57835627,-0.42876703,647.5832104682922,1110.4440307617188,0.999963
207097ab-74b4-4d93-b84a-2a4660bc043d,7,0.12459001782531194,right_shoulder,0.41493055,0.5929076,-0.39764088,448.1249964237213,1138.3826065063477,0.9999593
207097ab-74b4-4d93-b84a-2a4660bc043d,7,0.12459001782531194,left_elbow,0.62426156,0.66180664,-0.65941274,674.2024827003479,1270.6687545776367,0.9939433
207097ab-74b4-4d93-b84a-2a4660bc043d,7,0.12459001782531194,right_elbow,0.3730138,0.67817366,-0.603384,402.85489797592163,1302.0934295654297,0.99441993
207097ab-74b4-4d93-b84a-2a4660bc043d,7,0.12459001782531194,left_wrist,0.52944493,0.62895477,-1.0958372,571.8005275726318,1207.5931549072266,0.9917029
207097ab-74b4-4d93-b84a-2a4660bc043d,7,0.12459001782531194,right_wrist,0.4239131,0.6393213,-1.0508825,457.8261387348175,1227.4969482421875,0.984492
207097ab-74b4-4d93-b84a-2a4660bc043d,7,0.12459001782531194,left_hip,0.5675147,0.706585,0.047041517,612.915894985199,1356.643180847168,0.99977094
207097ab-74b4-4d93-b84a-2a4660bc043d,7,0.12459001782531194,right_hip,0.46000332,0.7095169,-0.04711328,496.8035817146301,1362.2724151611328,0.99967945
207097ab-74b4-4d93-b84a-2a4660bc043d,7,0.12459001782531194,left_knee,0.60517585,0.8102544,-0.22311033,653.5899209976196,1555.6884384155273,0.95027035
207097ab-74b4-4d93-b84a-2a4660bc043d,7,0.12459001782531194,right_knee,0.49780393,0.81191033,-0.26339486,537.6282405853271,1558.8678359985352,0.9796525
207097ab-74b4-4d93-b84a-2a4660bc043d,7,0.12459001782531194,left_ankle,0.51931715,0.8897452,0.24782974,560.8625221252441,1708.3107376098633,0.9204128
207097ab-74b4-4d93-b84a-2a4660bc043d,7,0.12459001782531194,right_ankle,0.450766,0.9021308,0.09677093,486.82727694511414,1732.0911026000977,0.97094107
207097ab-74b4-4d93-b84a-2a4660bc043d,7,0.12459001782531194,left_heel,0.48972288,0.9000238,0.28357682,528.9007079601288,1728.0457305908203,0.800027
207097ab-74b4-4d93-b84a-2a4660bc043d,7,0.12459001782531194,right_heel,0.43598157,0.91682655,0.12099196,470.8600974082947,1760.3069686889648,0.7608932
207097ab-74b4-4d93-b84a-2a4660bc043d,7,0.12459001782531194,left_foot_index,0.5581587,0.9296538,0.05992207,602.8113913536072,1784.9353408813477,0.9286612
207097ab-74b4-4d93-b84a-2a4660bc043d,7,0.12459001782531194,right_foot_index,0.49616408,0.94619715,-0.15418659,535.8572101593018,1816.6985321044922,0.96430385
207097ab-74b4-4d93-b84a-2a4660bc043d,8,0.1423885918003565,nose,0.48857206,0.54241717,-0.87655103,527.6578259468079,1041.4409637451172,0.99995905
207097ab-74b4-4d93-b84a-2a4660bc043d,8,0.1423885918003565,left_shoulder,0.5996218,0.5783149,-0.42684412,647.5915145874023,1110.3646087646484,0.9999601
207097ab-74b4-4d93-b84a-2a4660bc043d,8,0.1423885918003565,right_shoulder,0.41479278,0.5928646,-0.394483,447.97619819641113,1138.2999801635742,0.9999572
207097ab-74b4-4d93-b84a-2a4660bc043d,8,0.1423885918003565,left_elbow,0.6241218,0.66163355,-0.65981823,674.0515279769897,1270.3364181518555,0.99369526
207097ab-74b4-4d93-b84a-2a4660bc043d,8,0.1423885918003565,right_elbow,0.37296203,0.67808676,-0.6013165,402.7989900112152,1301.9265747070312,0.994297
207097ab-74b4-4d93-b84a-2a4660bc043d,8,0.1423885918003565,left_wrist,0.52913606,0.6285658,-1.0979079,571.4669466018677,1206.8463134765625,0.99139005
207097ab-74b4-4d93-b84a-2a4660bc043d,8,0.1423885918003565,right_wrist,0.4238722,0.63891655,-1.0502939,457.7819788455963,1226.7197799682617,0.9842302
207097ab-74b4-4d93-b84a-2a4660bc043d,8,0.1423885918003565,left_hip,0.5675391,0.7065878,0.046915468,612.9422235488892,1356.6485595703125,0.99975866
207097ab-74b4-4d93-b84a-2a4660bc043d,8,0.1423885918003565,right_hip,0.45992196,0.70953614,-0.046985507,496.71571254730225,1362.3093795776367,0.9996634
207097ab-74b4-4d93-b84a-2a4660bc043d,8,0.1423885918003565,left_knee,0.604992,0.81021094,-0.22013293,653.391330242157,1555.6050109863281,0.9499759
207097ab-74b4-4d93-b84a-2a4660bc043d,8,0.1423885918003565,right_knee,0.49777946,0.8120774,-0.26964578,537.6018154621124,1559.1886138916016,0.97939664
207097ab-74b4-4d93-b84a-2a4660bc043d,8,0.1423885918003565,left_ankle,0.5194674,0.8896607,0.26525474,561.0248064994812,1708.1485748291016,0.92007107
207097ab-74b4-4d93-b84a-2a4660bc043d,8,0.1423885918003565,right_ankle,0.45066804,0.902564,0.07722911,486.7214798927307,1732.9228591918945,0.97029525
207097ab-74b4-4d93-b84a-2a4660bc043d,8,0.1423885918003565,left_heel,0.49008203,0.89991575,0.30235022,529.2885875701904,1727.838249206543,0.80112356
207097ab-74b4-4d93-b84a-2a4660bc043d,8,0.1423885918003565,right_heel,0.4359171,0.91717696,0.099969305,470.7904779911041,1760.9797668457031,0.75690764
207097ab-74b4-4d93-b84a-2a4660bc043d,8,0.1423885918003565,left_foot_index,0.55818707,0.9295806,0.07763809,602.8420329093933,1784.794807434082,0.9286255
207097ab-74b4-4d93-b84a-2a4660bc043d,8,0.1423885918003565,right_foot_index,0.4962781,0.9462365,-0.17595477,535.9803557395935,1816.7740631103516,0.963289
207097ab-74b4-4d93-b84a-2a4660bc043d,9,0.16018716577540107,nose,0.48884067,0.5424137,-0.88162166,527.9479229450226,1041.434326171875,0.99995744
207097ab-74b4-4d93-b84a-2a4660bc043d,9,0.16018716577540107,left_shoulder,0.599692,0.5783015,-0.4272749,647.6673460006714,1110.3388595581055,0.999959
207097ab-74b4-4d93-b84a-2a4660bc043d,9,0.16018716577540107,right_shoulder,0.41480136,0.5925659,-0.39449385,447.9854679107666,1137.7265167236328,0.99995655
207097ab-74b4-4d93-b84a-2a4660bc043d,9,0.16018716577540107,left_elbow,0.6241263,0.6615989,-0.66026855,674.0564203262329,1270.2699279785156,0.99358374
207097ab-74b4-4d93-b84a-2a4660bc043d,9,0.16018716577540107,right_elbow,0.3729843,0.6775421,-0.59982735,402.8230333328247,1300.8808135986328,0.99423385
207097ab-74b4-4d93-b84a-2a4660bc043d,9,0.16018716577540107,left_wrist,0.52918625,0.6280093,-1.1014869,571.5211486816406,1205.7778930664062,0.99130166
207097ab-74b4-4d93-b84a-2a4660bc043d,9,0.16018716577540107,right_wrist,0.42388785,0.6387674,-1.0519218,457.79887676239014,1226.433448791504,0.98423225
207097ab-74b4-4d93-b84a-2a4660bc043d,9,0.16018716577540107,left_hip,0.56752104,0.70657456,0.046820387,612.9227185249329,1356.6231536865234,0.9997506
207097ab-74b4-4d93-b84a-2a4660bc043d,9,0.16018716577540107,right_hip,0.45976284,0.7094897,-0.046889346,496.5438687801361,1362.220230102539,0.999653
207097ab-74b4-4d93-b84a-2a4660bc043d,9,0.16018716577540107,left_knee,0.6047885,0.8100192,-0.21885772,653.1715607643127,1555.2368545532227,0.95022845
207097ab-74b4-4d93-b84a-2a4660bc043d,9,0.16018716577540107,right_knee,0.4976794,0.8122492,-0.27275553,537.4937653541565,1559.5184326171875,0.97922933
207097ab-74b4-4d93-b84a-2a4660bc043d,9,0.16018716577540107,left_ankle,0.5195385,0.8893445,0.27280003,561.1016035079956,1707.5414657592773,0.91980696
207097ab-74b4-4d93-b84a-2a4660bc043d,9,0.16018716577540107,right_ankle,0.45066026,0.9028144,0.0783331,486.71307921409607,1733.4036254882812,0.9694548
207097ab-74b4-4d93-b84a-2a4660bc043d,9,0.16018716577540107,left_heel,0.4902013,0.89935166,0.3105348,529.4173979759216,1726.7551803588867,0.802676
207097ab-74b4-4d93-b84a-2a4660bc043d,9,0.16018716577540107,right_heel,0.4360742,0.91754675,0.10154153,470.9601330757141,1761.6897583007812,0.7531606
207097ab-74b4-4d93-b84a-2a4660bc043d,9,0.16018716577540107,left_foot_index,0.5581673,0.9293329,0.083334036,602.8206610679626,1784.319190979004,0.9284798
207097ab-74b4-4d93-b84a-2a4660bc043d,9,0.16018716577540107,right_foot_index,0.49641332,0.94629025,-0.17558974,536.1263859272003,1816.8772888183594,0.9619438
207097ab-74b4-4d93-b84a-2a4660bc043d,10,0.17798573975044563,nose,0.49099892,0.54241204,-0.885797,530.2788376808167,1041.4311218261719,0.9999573
207097ab-74b4-4d93-b84a-2a4660bc043d,10,0.17798573975044563,left_shoulder,0.5997082,0.578277,-0.42466092,647.6848554611206,1110.2918243408203,0.9999587
207097ab-74b4-4d93-b84a-2a4660bc043d,10,0.17798573975044563,right_shoulder,0.41489992,0.5924836,-0.39905593,448.0919086933136,1137.568473815918,0.99995583
207097ab-74b4-4d93-b84a-2a4660bc043d,10,0.17798573975044563,left_elbow,0.62470806,0.6615987,-0.65880233,674.6847009658813,1270.2694702148438,0.99356747
207097ab-74b4-4d93-b84a-2a4660bc043d,10,0.17798573975044563,right_elbow,0.37327215,0.67716527,-0.61438733,403.1339228153229,1300.1573181152344,0.9942809
207097ab-74b4-4d93-b84a-2a4660bc043d,10,0.17798573975044563,left_wrist,0.53155005,0.62733173,-1.1029359,574.0740537643433,1204.4769287109375,0.9913919
207097ab-74b4-4d93-b84a-2a4660bc043d,10,0.17798573975044563,right_wrist,0.42671546,0.63841635,-1.0728649,460.85270047187805,1225.759391784668,0.984364
207097ab-74b4-4d93-b84a-2a4660bc043d,10,0.17798573975044563,left_hip,0.5674564,0.7065675,0.047634218,612.8529381752014,1356.6096496582031,0.99974453
207097ab-74b4-4d93-b84a-2a4660bc043d,10,0.17798573975044563,right_hip,0.4596533,0.7094437,-0.047692683,496.42555117607117,1362.1318817138672,0.99964553
207097ab-74b4-4d93-b84a-2a4660bc043d,10,0.17798573975044563,left_knee,0.6046303,0.80986625,-0.21802968,653.0007147789001,1554.9431991577148,0.9507049
207097ab-74b4-4d93-b84a-2a4660bc043d,10,0.17798573975044563,right_knee,0.49734488,0.8122691,-0.27513847,537.1324717998505,1559.556655883789,0.9791189
207097ab-74b4-4d93-b84a-2a4660bc043d,10,0.17798573975044563,left_ankle,0.519556,0.8888403,0.2731351,561.1204648017883,1706.5734100341797,0.91919684
207097ab-74b4-4d93-b84a-2a4660bc043d,10,0.17798573975044563,right_ankle,0.45062146,0.90286803,0.07120392,486.6711723804474,1733.5066223144531,0.9688138
207097ab-74b4-4d93-b84a-2a4660bc043d,10,0.17798573975044563,left_heel,0.4902171,0.89847165,0.31138748,529.4344568252563,1725.065574645996,0.8043568
207097ab-74b4-4d93-b84a-2a4660bc043d,10,0.17798573975044563,right_heel,0.43615484,0.9178527,0.09374858,471.0472297668457,1762.2771835327148,0.75040257
207097ab-74b4-4d93-b84a-2a4660bc043d,10,0.17798573975044563,left_foot_index,0.5580228,0.92896235,0.09604773,602.6646208763123,1783.6077117919922,0.92798334
207097ab-74b4-4d93-b84a-2a4660bc043d,10,0.17798573975044563,right_foot_index,0.4964481,0.946328,-0.18498471,536.1639475822449,1816.9497299194336,0.9609043
207097ab-74b4-4d93-b84a-2a4660bc043d,11,0.19578431372549018,nose,0.49370155,0.5418809,-0.8970536,533.197671175003,1040.4113388061523,0.9999567
207097ab-74b4-4d93-b84a-2a4660bc043d,11,0.19578431372549018,left_shoulder,0.59991705,0.5778818,-0.42132914,647.910418510437,1109.5330810546875,0.9999581
207097ab-74b4-4d93-b84a-2a4660bc043d,11,0.19578431372549018,right_shoulder,0.41591725,0.5917959,-0.40793335,449.1906273365021,1136.2481689453125,0.9999555
207097ab-74b4-4d93-b84a-2a4660bc043d,11,0.19578431372549018,left_elbow,0.6269171,0.6614015,-0.6511203,677.0704936981201,1269.8908996582031,0.9935597
207097ab-74b4-4d93-b84a-2a4660bc043d,11,0.19578431372549018,right_elbow,0.37524045,0.6770205,-0.62064785,405.25968074798584,1299.8793411254883,0.9943306
207097ab-74b4-4d93-b84a-2a4660bc043d,11,0.19578431372549018,left_wrist,0.5342252,0.6266299,-1.1039333,576.9632434844971,1203.1293869018555,0.9914184
207097ab-74b4-4d93-b84a-2a4660bc043d,11,0.19578431372549018,right_wrist,0.43237615,0.6379203,-1.0776246,466.9662380218506,1224.807014465332,0.98447436
207097ab-74b4-4d93-b84a-2a4660bc043d,11,0.19578431372549018,left_hip,0.5668814,0.7062987,0.05106866,612.2319316864014,1356.093521118164,0.99973476
207097ab-74b4-4d93-b84a-2a4660bc043d,11,0.19578431372549018,right_hip,0.45884258,0.7086866,-0.05110653,495.5499815940857,1360.6782531738281,0.9996392
207097ab-74b4-4d93-b84a-2a4660bc043d,11,0.19578431372549018,left_knee,0.604021,0.80991805,-0.17590773,652.3426938056946,1555.0426483154297,0.9503731
207097ab-74b4-4d93-b84a-2a4660bc043d,11,0.19578431372549018,right_knee,0.49661943,0.8123145,-0.2766302,536.3489878177643,1559.6438598632812,0.9791651
207097ab-74b4-4d93-b84a-2a4660bc043d,11,0.19578431372549018,left_ankle,0.5195005,0.8887179,0.31980738,561.0605335235596,1706.3383483886719,0.91775405
207097ab-74b4-4d93-b84a-2a4660bc043d,11,0.19578431372549018,right_ankle,0.45051926,0.9029168,0.065675296,486.5608048439026,1733.6002349853516,0.96861863
207097ab-74b4-4d93-b84a-2a4660bc043d,11,0.19578431372549018,left_heel,0.49024203,0.89819556,0.35779968,529.4613969326019,1724.5354843139648,0.80482006
207097ab-74b4-4d93-b84a-2a4660bc043d,11,0.19578431372549018,right_heel,0.43612602,0.918151,0.087712534,471.0161054134369,1762.8499603271484,0.7499019
207097ab-74b4-4d93-b84a-2a4660bc043d,11,0.19578431372549018,left_foot_index,0.5580261,0.9287063,0.14408596,602.6681613922119,1783.1160736083984,0.926526
207097ab-74b4-4d93-b84a-2a4660bc043d,11,0.19578431372549018,right_foot_index,0.49644732,0.9463653,-0.1940023,536.1631107330322,1817.021369934082,0.96039224
207097ab-74b4-4d93-b84a-2a4660bc043d,12,0.21358288770053477,nose,0.5021233,0.5403558,-0.9194352,542.2931599617004,1037.483139038086,0.99995804
207097ab-74b4-4d93-b84a-2a4660bc043d,12,0.21358288770053477,left_shoulder,0.60121274,0.57744735,-0.4159001,649.3097591400146,1108.6989212036133,0.99995834
207097ab-74b4-4d93-b84a-2a4660bc043d,12,0.21358288770053477,right_shoulder,0.41853005,0.58968127,-0.43870753,452.01245069503784,1132.1880340576172,0.99995446
207097ab-74b4-4d93-b84a-2a4660bc043d,12,0.21358288770053477,left_elbow,0.6298964,0.6611897,-0.63952297,680.2881145477295,1269.4841766357422,0.99356633
207097ab-74b4-4d93-b84a-2a4660bc043d,12,0.21358288770053477,right_elbow,0.3794769,0.6766204,-0.6562174,409.83505725860596,1299.111213684082,0.99442554
207097ab-74b4-4d93-b84a-2a4660bc043d,12,0.21358288770053477,left_wrist,0.5426489,0.6257977,-1.1041297,586.0608243942261,1201.5315628051758,0.9914654
207097ab-74b4-4d93-b84a-2a4660bc043d,12,0.21358288770053477,right_wrist,0.44256973,0.63742554,-1.1123908,477.9753112792969,1223.8570404052734,0.984734
207097ab-74b4-4d93-b84a-2a4660bc043d,12,0.21358288770053477,left_hip,0.56581247,0.7057145,0.0547113,611.0774660110474,1354.9718856811523,0.99972683
207097ab-74b4-4d93-b84a-2a4660bc043d,12,0.21358288770053477,right_hip,0.45766225,0.7075054,-0.054758407,494.27523493766785,1358.4103775024414,0.99962866
207097ab-74b4-4d93-b84a-2a4660bc043d,12,0.21358288770053477,left_knee,0.60273993,0.80993277,-0.16585839,650.9591245651245,1555.070915222168,0.95036656
207097ab-74b4-4d93-b84a-2a4660bc043d,12,0.21358288770053477,right_knee,0.49537498,0.81288445,-0.25817454,535.0049757957458,1560.7381439208984,0.97895557
207097ab-74b4-4d93-b84a-2a4660bc043d,12,0.21358288770053477,left_ankle,0.51950896,0.88871765,0.3218852,561.0696744918823,1706.337890625,0.9170532
207097ab-74b4-4d93-b84a-2a4660bc043d,12,0.21358288770053477,right_ankle,0.4503709,0.9030364,0.096310206,486.40058040618896,1733.8299179077148,0.9678986
207097ab-74b4-4d93-b84a-2a4660bc043d,12,0.21358288770053477,left_heel,0.49035302,0.8982078,0.3587542,529.5812594890594,1724.5589447021484,0.80544573
207097ab-74b4-4d93-b84a-2a4660bc043d,12,0.21358288770053477,right_heel,0.43616062,0.91839373,0.11939265,471.0534739494324,1763.3159637451172,0.7463898
207097ab-74b4-4d93-b84a-2a4660bc043d,12,0.21358288770053477,left_foot_index,0.5580753,0.92859936,0.141717,602.7213335037231,1782.9107666015625,0.9255108
207097ab-74b4-4d93-b84a-2a4660bc043d,12,0.21358288770053477,right_foot_index,0.49606583,0.946422,-0.16131982,535.7510912418365,1817.1302032470703,0.9591686
207097ab-74b4-4d93-b84a-2a4660bc043d,13,0.23138146167557933,nose,0.5094469,0.53937846,-0.9067548,550.2026724815369,1035.6066513061523,0.9999592
207097ab-74b4-4d93-b84a-2a4660bc043d,13,0.23138146167557933,left_shoulder,0.6019887,0.57702684,-0.38078496,650.1477670669556,1107.8915405273438,0.99995804
207097ab-74b4-4d93-b84a-2a4660bc043d,13,0.23138146167557933,right_shoulder,0.4210166,0.58816135,-0.43210286,454.6979320049286,1129.269790649414,0.99995255
207097ab-74b4-4d93-b84a-2a4660bc043d,13,0.23138146167557933,left_elbow,0.63253903,0.66029775,-0.59593976,683.1421566009521,1267.7716827392578,0.99349207
207097ab-74b4-4d93-b84a-2a4660bc043d,13,0.23138146167557933,right_elbow,0.38346276,0.6764061,-0.6442294,414.1397774219513,1298.6996841430664,0.9945475
207097ab-74b4-4d93-b84a-2a4660bc043d,13,0.23138146167557933,left_wrist,0.5518428,0.6248537,-1.0798259,595.9902334213257,1199.7190475463867,0.9914767
207097ab-74b4-4d93-b84a-2a4660bc043d,13,0.23138146167557933,right_wrist,0.448046,0.63709354,-1.0988837,483.88967871665955,1223.2196044921875,0.98515445
207097ab-74b4-4d93-b84a-2a4660bc043d,13,0.23138146167557933,left_hip,0.5649066,0.7053674,0.05890958,610.0991249084473,1354.3053817749023,0.9997108
207097ab-74b4-4d93-b84a-2a4660bc043d,13,0.23138146167557933,right_hip,0.45732278,0.70695496,-0.05893588,493.90859842300415,1357.353515625,0.99960643
207097ab-74b4-4d93-b84a-2a4660bc043d,13,0.23138146167557933,left_knee,0.6015208,0.80995494,-0.16126166,649.6424388885498,1555.1134872436523,0.9506689
207097ab-74b4-4d93-b84a-2a4660bc043d,13,0.23138146167557933,right_knee,0.49449027,0.8132242,-0.246569,534.0494871139526,1561.3904571533203,0.97897285
207097ab-74b4-4d93-b84a-2a4660bc043d,13,0.23138146167557933,left_ankle,0.51959395,0.8887028,0.3160284,561.161470413208,1706.3093948364258,0.91700214
207097ab-74b4-4d93-b84a-2a4660bc043d,13,0.23138146167557933,right_ankle,0.4503689,0.9042228,0.09492685,486.398423910141,1736.1077499389648,0.9679558
207097ab-74b4-4d93-b84a-2a4660bc043d,13,0.23138146167557933,left_heel,0.49108002,0.8982339,0.35388342,530.3664171695709,1724.6090698242188,0.807899
207097ab-74b4-4d93-b84a-2a4660bc043d,13,0.23138146167557933,right_heel,0.43628728,0.9197908,0.11614669,471.1902666091919,1765.9983444213867,0.74681014
207097ab-74b4-4d93-b84a-2a4660bc043d,13,0.23138146167557933,left_foot_index,0.5581188,0.92836094,0.13419238,602.7683258056641,1782.4530029296875,0.92532986
207097ab-74b4-4d93-b84a-2a4660bc043d,13,0.23138146167557933,right_foot_index,0.49624747,0.9465115,-0.16900918,535.9472680091858,1817.3020935058594,0.9588436
207097ab-74b4-4d93-b84a-2a4660bc043d,14,0.24918003565062388,nose,0.51476306,0.53843284,-0.8819309,555.9441018104553,1033.7910461425781,0.9999599
207097ab-74b4-4d93-b84a-2a4660bc043d,14,0.24918003565062388,left_shoulder,0.6026371,0.5763624,-0.35141516,650.848081111908,1106.6157531738281,0.9999577
207097ab-74b4-4d93-b84a-2a4660bc043d,14,0.24918003565062388,right_shoulder,0.42433304,0.58723414,-0.4291972,458.2796788215637,1127.4895477294922,0.9999508
207097ab-74b4-4d93-b84a-2a4660bc043d,14,0.24918003565062388,left_elbow,0.63408905,0.65949976,-0.55958015,684.8161768913269,1266.2395477294922,0.99328196
207097ab-74b4-4d93-b84a-2a4660bc043d,14,0.24918003565062388,right_elbow,0.388501,0.6764084,-0.62911874,419.58106756210327,1298.7041473388672,0.9945974
207097ab-74b4-4d93-b84a-2a4660bc043d,14,0.24918003565062388,left_wrist,0.5594857,0.62423605,-1.0476125,604.2445278167725,1198.5332107543945,0.99138343
207097ab-74b4-4d93-b84a-2a4660bc043d,14,0.24918003565062388,right_wrist,0.45222235,0.63659406,-1.07214,488.4001350402832,1222.2605895996094,0.9856014
207097ab-74b4-4d93-b84a-2a4660bc043d,14,0.24918003565062388,left_hip,0.5640272,0.7051635,0.06448225,609.1493654251099,1353.9138793945312,0.9996919
207097ab-74b4-4d93-b84a-2a4660bc043d,14,0.24918003565062388,right_hip,0.45730707,0.70658255,-0.064487286,493.89163613319397,1356.6384887695312,0.99958307
207097ab-74b4-4d93-b84a-2a4660bc043d,14,0.24918003565062388,left_knee,0.60110337,0.80992675,-0.13383105,649.1916346549988,1555.0593566894531,0.95014787
207097ab-74b4-4d93-b84a-2a4660bc043d,14,0.24918003565062388,right_knee,0.4943577,0.8133196,-0.25194895,533.9063215255737,1561.5736770629883,0.9789406
207097ab-74b4-4d93-b84a-2a4660bc043d,14,0.24918003565062388,left_ankle,0.5196395,0.88868994,0.33529192,561.2106513977051,1706.2846755981445,0.9165926
207097ab-74b4-4d93-b84a-2a4660bc043d,14,0.24918003565062388,right_ankle,0.45035243,0.9047031,0.07896012,486.38062477111816,1737.029914855957,0.9680848
207097ab-74b4-4d93-b84a-2a4660bc043d,14,0.24918003565062388,left_heel,0.49149275,0.89830655,0.37027586,530.8121681213379,1724.7485733032227,0.8100871
207097ab-74b4-4d93-b84a-2a4660bc043d,14,0.24918003565062388,right_heel,0.43635762,0.9203652,0.09796752,471.26622676849365,1767.1012115478516,0.74812496
207097ab-74b4-4d93-b84a-2a4660bc043d,14,0.24918003565062388,left_foot_index,0.55812526,0.9282887,0.15663116,602.7752780914307,1782.3143005371094,0.9247937
207097ab-74b4-4d93-b84a-2a4660bc043d,14,0.24918003565062388,right_foot_index,0.49633977,0.94661033,-0.18786229,536.0469496250153,1817.4918365478516,0.95872766
207097ab-74b4-4d93-b84a-2a4660bc043d,15,0.26697860962566844,nose,0.52105856,0.53763825,-0.8639912,562.7432441711426,1032.2654342651367,0.9999611
207097ab-74b4-4d93-b84a-2a4660bc043d,15,0.26697860962566844,left_shoulder,0.6037775,0.5754108,-0.32264936,652.0797300338745,1104.788703918457,0.99995875
207097ab-74b4-4d93-b84a-2a4660bc043d,15,0.26697860962566844,right_shoulder,0.42692,0.58613867,-0.42277893,461.07359647750854,1125.3862380981445,0.9999494
207097ab-74b4-4d93-b84a-2a4660bc043d,15,0.26697860962566844,left_elbow,0.6375653,0.65881705,-0.51472294,688.5705399513245,1264.9287414550781,0.99304897
207097ab-74b4-4d93-b84a-2a4660bc043d,15,0.26697860962566844,right_elbow,0.3923766,0.6763793,-0.6086198,423.76672983169556,1298.6483001708984,0.994642
207097ab-74b4-4d93-b84a-2a4660bc043d,15,0.26697860962566844,left_wrist,0.56611955,0.62432176,-1.0093591,611.4091157913208,1198.6977767944336,0.99135226
207097ab-74b4-4d93-b84a-2a4660bc043d,15,0.26697860962566844,right_wrist,0.4592399,0.636534,-1.0444967,495.97909212112427,1222.1452331542969,0.9860497
207097ab-74b4-4d93-b84a-2a4660bc043d,15,0.26697860962566844,left_hip,0.56277144,0.70512456,0.07160432,607.7931547164917,1353.8391494750977,0.9996805
207097ab-74b4-4d93-b84a-2a4660bc043d,15,0.26697860962566844,right_hip,0.4572627,0.7065519,-0.07160648,493.84371042251587,1356.5796661376953,0.9995631
207097ab-74b4-4d93-b84a-2a4660bc043d,15,0.26697860962566844,left_knee,0.6002704,0.8099271,-0.121814795,648.2920217514038,1555.060043334961,0.949996
207097ab-74b4-4d93-b84a-2a4660bc043d,15,0.26697860962566844,right_knee,0.49409142,0.8143586,-0.25279525,533.618735074997,1563.5684967041016,0.97906107
207097ab-74b4-4d93-b84a-2a4660bc043d,15,0.26697860962566844,left_ankle,0.51946855,0.8887564,0.34596372,561.026029586792,1706.4122772216797,0.9169524
207097ab-74b4-4d93-b84a-2a4660bc043d,15,0.26697860962566844,right_ankle,0.45035058,0.90493095,0.07840126,486.3786292076111,1737.4674224853516,0.9681389
207097ab-74b4-4d93-b84a-2a4660bc043d,15,0.26697860962566844,left_heel,0.49134508,0.8988418,0.3805287,530.6526839733124,1725.776252746582,0.813935
207097ab-74b4-4d93-b84a-2a4660bc043d,15,0.26697860962566844,right_heel,0.43640506,0.9204465,0.09788016,471.31746768951416,1767.257308959961,0.75051415
207097ab-74b4-4d93-b84a-2a4660bc043d,15,0.26697860962566844,left_foot_index,0.55810666,0.92829275,0.17087817,602.7551937103271,1782.3220825195312,0.9248837
207097ab-74b4-4d93-b84a-2a4660bc043d,15,0.26697860962566844,right_foot_index,0.4962,0.94673795,-0.18681495,535.8959949016571,1817.7368545532227,0.95858157
207097ab-74b4-4d93-b84a-2a4660bc043d,16,0.284777183600713,nose,0.52798814,0.53755563,-0.84866625,570.2271866798401,1032.106819152832,0.99996
207097ab-74b4-4d93-b84a-2a4660bc043d,16,0.284777183600713,left_shoulder,0.604876,0.57470894,-0.29684275,653.2660603523254,1103.441162109375,0.9999577
207097ab-74b4-4d93-b84a-2a4660bc043d,16,0.284777183600713,right_shoulder,0.42941803,0.5856857,-0.42234442,463.7714695930481,1124.516487121582,0.99994624
207097ab-74b4-4d93-b84a-2a4660bc043d,16,0.284777183600713,left_elbow,0.64055276,0.65748554,-0.48670715,691.7969799041748,1262.3722457885742,0.99237627
207097ab-74b4-4d93-b84a-2a4660bc043d,16,0.284777183600713,right_elbow,0.39692745,0.6763528,-0.60518384,428.6816418170929,1298.5973739624023,0.99465334
207097ab-74b4-4d93-b84a-2a4660bc043d,16,0.284777183600713,left_wrist,0.5689463,0.624183,-0.98652744,614.4620060920715,1198.4313583374023,0.9905198
207097ab-74b4-4d93-b84a-2a4660bc043d,16,0.284777183600713,right_wrist,0.46783715,0.6361989,-1.0310811,505.2641272544861,1221.5018463134766,0.98630416
207097ab-74b4-4d93-b84a-2a4660bc043d,16,0.284777183600713,left_hip,0.56204116,0.7053305,0.077445865,607.0044565200806,1354.2345428466797,0.9996611
207097ab-74b4-4d93-b84a-2a4660bc043d,16,0.284777183600713,right_hip,0.4572975,0.7068726,-0.07745516,493.8813042640686,1357.1953582763672,0.99952817
207097ab-74b4-4d93-b84a-2a4660bc043d,16,0.284777183600713,left_knee,0.59929943,0.8097569,-0.13706549,647.2433853149414,1554.7332000732422,0.94989675
207097ab-74b4-4d93-b84a-2a4660bc043d,16,0.284777183600713,right_knee,0.49371642,0.8156114,-0.25520185,533.2137322425842,1565.9739303588867,0.9790497
207097ab-74b4-4d93-b84a-2a4660bc043d,16,0.284777183600713,left_ankle,0.5193575,0.8887616,0.33763483,560.9061026573181,1706.422233581543,0.917641
207097ab-74b4-4d93-b84a-2a4660bc043d,16,0.284777183600713,right_ankle,0.45035645,0.90523267,0.077002145,486.3849699497223,1738.0467224121094,0.96803486
207097ab-74b4-4d93-b84a-2a4660bc043d,16,0.284777183600713,left_heel,0.4914006,0.8989173,0.3731213,530.7126474380493,1725.9212493896484,0.8189556
207097ab-74b4-4d93-b84a-2a4660bc043d,16,0.284777183600713,right_heel,0.43648306,0.92063963,0.09716126,471.40169978141785,1767.6280975341797,0.75319254
207097ab-74b4-4d93-b84a-2a4660bc043d,16,0.284777183600713,left_foot_index,0.55818266,0.92825663,0.16164099,602.8372693061829,1782.2527313232422,0.9255424
207097ab-74b4-4d93-b84a-2a4660bc043d,16,0.284777183600713,right_foot_index,0.49594048,0.94676536,-0.18548165,535.6157147884369,1817.7894973754883,0.95821726
207097ab-74b4-4d93-b84a-2a4660bc043d,17,0.30257575757575755,nose,0.53199404,0.5374337,-0.85837656,574.5535683631897,1031.872673034668,0.9999594
207097ab-74b4-4d93-b84a-2a4660bc043d,17,0.30257575757575755,left_shoulder,0.60667515,0.57454854,-0.30051917,655.2091598510742,1103.133201599121,0.99995667
207097ab-74b4-4d93-b84a-2a4660bc043d,17,0.30257575757575755,right_shoulder,0.43174618,0.58559716,-0.43642008,466.285879611969,1124.3465423583984,0.9999437
207097ab-74b4-4d93-b84a-2a4660bc043d,17,0.30257575757575755,left_elbow,0.64282364,0.65653056,-0.48879102,694.2495274543762,1260.538673400879,0.9917129
207097ab-74b4-4d93-b84a-2a4660bc043d,17,0.30257575757575755,right_elbow,0.402068,0.67613775,-0.62667215,434.2334282398224,1298.184471130371,0.9946757
207097ab-74b4-4d93-b84a-2a4660bc043d,17,0.30257575757575755,left_wrist,0.5758714,0.62511086,-0.98973787,621.9411206245422,1200.2128601074219,0.9895803
207097ab-74b4-4d93-b84a-2a4660bc043d,17,0.30257575757575755,right_wrist,0.476904,0.63617235,-1.0376639,515.0563251972198,1221.4509201049805,0.9865335
207097ab-74b4-4d93-b84a-2a4660bc043d,17,0.30257575757575755,left_hip,0.5615515,0.7057691,0.08398045,606.4756321907043,1355.0767135620117,0.99964225
207097ab-74b4-4d93-b84a-2a4660bc043d,17,0.30257575757575755,right_hip,0.4574019,0.70750344,-0.0839905,493.9940536022186,1358.4066009521484,0.99950516
207097ab-74b4-4d93-b84a-2a4660bc043d,17,0.30257575757575755,left_knee,0.5987228,0.8096564,-0.11042851,646.6206407546997,1554.5402526855469,0.94973946
207097ab-74b4-4d93-b84a-2a4660bc043d,17,0.30257575757575755,right_knee,0.49349418,0.8165528,-0.26220316,532.9737174510956,1567.7814102172852,0.9793262
207097ab-74b4-4d93-b84a-2a4660bc043d,17,0.30257575757575755,left_ankle,0.51934236,0.88871646,0.3845208,560.8897519111633,1706.3356018066406,0.91823715
207097ab-74b4-4d93-b84a-2a4660bc043d,17,0.30257575757575755,right_ankle,0.4503476,0.906046,0.07338378,486.3754105567932,1739.608268737793,0.9683561
207097ab-74b4-4d93-b84a-2a4660bc043d,17,0.30257575757575755,left_heel,0.49164727,0.8989043,0.42251188,530.9790551662445,1725.8963012695312,0.82412434
207097ab-74b4-4d93-b84a-2a4660bc043d,17,0.30257575757575755,right_heel,0.43650907,0.9211036,0.09433389,471.42979860305786,1768.5189056396484,0.75717837
207097ab-74b4-4d93-b84a-2a4660bc043d,17,0.30257575757575755,left_foot_index,0.55873513,0.92796004,0.21519554,603.4339427947998,1781.6832733154297,0.9261873
207097ab-74b4-4d93-b84a-2a4660bc043d,17,0.30257575757575755,right_foot_index,0.49615353,0.94688076,-0.18794738,535.8458161354065,1818.0110549926758,0.9584198
207097ab-74b4-4d93-b84a-2a4660bc043d,18,0.32037433155080214,nose,0.5387959,0.5374162,-0.84539396,581.8995594978333,1031.8391418457031,0.999959
207097ab-74b4-4d93-b84a-2a4660bc043d,18,0.32037433155080214,left_shoulder,0.60870117,0.5745846,-0.2749095,657.3972630500793,1103.2024383544922,0.9999558
207097ab-74b4-4d93-b84a-2a4660bc043d,18,0.32037433155080214,right_shoulder,0.43480024,0.58519506,-0.4400968,469.58425641059875,1123.5745239257812,0.9999416
207097ab-74b4-4d93-b84a-2a4660bc043d,18,0.32037433155080214,left_elbow,0.6445395,0.65591633,-0.4589496,696.1026334762573,1259.359359741211,0.9910212
207097ab-74b4-4d93-b84a-2a4660bc043d,18,0.32037433155080214,right_elbow,0.40809044,0.6759611,-0.6317087,440.7376778125763,1297.8452682495117,0.9946441
207097ab-74b4-4d93-b84a-2a4660bc043d,18,0.32037433155080214,left_wrist,0.5817723,0.6251884,-0.9643209,628.3141136169434,1200.3617477416992,0.98868215
207097ab-74b4-4d93-b84a-2a4660bc043d,18,0.32037433155080214,right_wrist,0.48712233,0.63617474,-1.0393252,526.0921132564545,1221.4554977416992,0.98668
207097ab-74b4-4d93-b84a-2a4660bc043d,18,0.32037433155080214,left_hip,0.5612102,0.7061371,0.09340581,606.1070322990417,1355.7832717895508,0.99962074
207097ab-74b4-4d93-b84a-2a4660bc043d,18,0.32037433155080214,right_hip,0.45761412,0.7080378,-0.0934301,494.22325372695923,1359.4325637817383,0.9994845
207097ab-74b4-4d93-b84a-2a4660bc043d,18,0.32037433155080214,left_knee,0.5984388,0.8094087,-0.076722495,646.3139033317566,1554.0647506713867,0.94889885
207097ab-74b4-4d93-b84a-2a4660bc043d,18,0.32037433155080214,right_knee,0.4939655,0.8165741,-0.27853817,533.4827470779419,1567.822265625,0.97967553
207097ab-74b4-4d93-b84a-2a4660bc043d,18,0.32037433155080214,left_ankle,0.51929116,0.888708,0.42424056,560.8344554901123,1706.319351196289,0.9182184
207097ab-74b4-4d93-b84a-2a4660bc043d,18,0.32037433155080214,right_ankle,0.45024022,0.9062787,0.039895635,486.2594425678253,1740.055160522461,0.96907425
207097ab-74b4-4d93-b84a-2a4660bc043d,18,0.32037433155080214,left_heel,0.49219874,0.89886713,0.46302855,531.5746343135834,1725.8248901367188,0.8278801
207097ab-74b4-4d93-b84a-2a4660bc043d,18,0.32037433155080214,right_heel,0.43641654,0.92127454,0.059370805,471.32985949516296,1768.8471221923828,0.7629746
207097ab-74b4-4d93-b84a-2a4660bc043d,18,0.32037433155080214,left_foot_index,0.55894333,0.9278657,0.26185077,603.6587977409363,1781.5021133422852,0.9262946
207097ab-74b4-4d93-b84a-2a4660bc043d,18,0.32037433155080214,right_foot_index,0.4962588,0.94712704,-0.2245394,535.9594988822937,1818.4839248657227,0.9591603
207097ab-74b4-4d93-b84a-2a4660bc043d,19,0.3381729055258467,nose,0.54571754,0.5373529,-0.845028,589.3749403953552,1031.7176055908203,0.99995744
207097ab-74b4-4d93-b84a-2a4660bc043d,19,0.3381729055258467,left_shoulder,0.6103181,0.57459074,-0.26585877,659.1435742378235,1103.214225769043,0.9999535
207097ab-74b4-4d93-b84a-2a4660bc043d,19,0.3381729055258467,right_shoulder,0.4373187,0.585134,-0.4480415,472.3042094707489,1123.4573364257812,0.99993753
207097ab-74b4-4d93-b84a-2a4660bc043d,19,0.3381729055258467,left_elbow,0.64546245,0.6548876,-0.44049942,697.099449634552,1257.3842239379883,0.9897227
207097ab-74b4-4d93-b84a-2a4660bc043d,19,0.3381729055258467,right_elbow,0.41355187,0.6760275,-0.63618004,446.63601636886597,1297.972755432129,0.9945451
207097ab-74b4-4d93-b84a-2a4660bc043d,19,0.3381729055258467,left_wrist,0.5913098,0.6254478,-0.9503456,638.6145687103271,1200.8597946166992,0.9868481
207097ab-74b4-4d93-b84a-2a4660bc043d,19,0.3381729055258467,right_wrist,0.49424383,0.6365561,-1.04109,533.7833368778229,1222.1876907348633,0.9867123
207097ab-74b4-4d93-b84a-2a4660bc043d,19,0.3381729055258467,left_hip,0.56074595,0.70675045,0.09763782,605.6056308746338,1356.9608688354492,0.9995986
207097ab-74b4-4d93-b84a-2a4660bc043d,19,0.3381729055258467,right_hip,0.45797485,0.7086267,-0.09768075,494.61283922195435,1360.5632400512695,0.9994566
207097ab-74b4-4d93-b84a-2a4660bc043d,19,0.3381729055258467,left_knee,0.5980328,0.80886585,-0.083517365,645.8753943443298,1553.0224227905273,0.94824517
207097ab-74b4-4d93-b84a-2a4660bc043d,19,0.3381729055258467,right_knee,0.49599525,0.81649405,-0.28744775,535.6748735904694,1567.668571472168,0.97998905
207097ab-74b4-4d93-b84a-2a4660bc043d,19,0.3381729055258467,left_ankle,0.5196851,0.88872874,0.41292554,561.2598967552185,1706.3591766357422,0.91925097
207097ab-74b4-4d93-b84a-2a4660bc043d,19,0.3381729055258467,right_ankle,0.4501922,0.90633166,0.041077267,486.2075901031494,1740.1567840576172,0.9696533
207097ab-74b4-4d93-b84a-2a4660bc043d,19,0.3381729055258467,left_heel,0.49447772,0.89887184,0.45103326,534.0359365940094,1725.8339309692383,0.832478
207097ab-74b4-4d93-b84a-2a4660bc043d,19,0.3381729055258467,right_heel,0.43641716,0.9212606,0.061527878,471.3305354118347,1768.8203430175781,0.7677386
207097ab-74b4-4d93-b84a-2a4660bc043d,19,0.3381729055258467,left_foot_index,0.5630471,0.9274722,0.24587043,608.0908799171448,1780.7465744018555,0.92724985
207097ab-74b4-4d93-b84a-2a4660bc043d,19,0.3381729055258467,right_foot_index,0.49616176,0.9475435,-0.22170585,535.8546996116638,1819.2835235595703,0.9597783
207097ab-74b4-4d93-b84a-2a4660bc043d,20,0.35597147950089125,nose,0.55333346,0.5371841,-0.8508526,597.6001381874084,1031.3935089111328,0.99995685
207097ab-74b4-4d93-b84a-2a4660bc043d,20,0.35597147950089125,left_shoulder,0.6107075,0.57390857,-0.25570953,659.5641231536865,1101.9044494628906,0.99995136
207097ab-74b4-4d93-b84a-2a4660bc043d,20,0.35597147950089125,right_shoulder,0.44013977,0.5852476,-0.47920188,475.3509521484375,1123.6753463745117,0.9999339
207097ab-74b4-4d93-b84a-2a4660bc043d,20,0.35597147950089125,left_elbow,0.6453772,0.65323234,-0.4147385,697.0073962211609,1254.2060852050781,0.9875917
207097ab-74b4-4d93-b84a-2a4660bc043d,20,0.35597147950089125,right_elbow,0.4197563,0.67601734,-0.66696644,453.3367967605591,1297.9533004760742,0.99453485
207097ab-74b4-4d93-b84a-2a4660bc043d,20,0.35597147950089125,left_wrist,0.60591394,0.62580836,-0.9331103,654.3870520591736,1201.5520477294922,0.98423123
207097ab-74b4-4d93-b84a-2a4660bc043d,20,0.35597147950089125,right_wrist,0.5000443,0.6371621,-1.0567473,540.0478291511536,1223.3512115478516,0.9870442
207097ab-74b4-4d93-b84a-2a4660bc043d,20,0.35597147950089125,left_hip,0.55943537,0.70675385,0.10443769,604.1901969909668,1356.9673919677734,0.9995686
207097ab-74b4-4d93-b84a-2a4660bc043d,20,0.35597147950089125,right_hip,0.45820594,0.7087146,-0.10447624,494.86241340637207,1360.7320404052734,0.99941283
207097ab-74b4-4d93-b84a-2a4660bc043d,20,0.35597147950089125,left_knee,0.5978291,0.8073895,-0.08156936,645.6554317474365,1550.1878356933594,0.947135
207097ab-74b4-4d93-b84a-2a4660bc043d,20,0.35597147950089125,right_knee,0.49762893,0.8164745,-0.28761634,537.4392414093018,1567.6310348510742,0.98018163
207097ab-74b4-4d93-b84a-2a4660bc043d,20,0.35597147950089125,left_ankle,0.519952,0.8888932,0.40359437,561.548159122467,1706.674919128418,0.91977865
207097ab-74b4-4d93-b84a-2a4660bc043d,20,0.35597147950089125,right_ankle,0.44967195,0.9063255,0.03595056,485.64571022987366,1740.1449966430664,0.97005856
207097ab-74b4-4d93-b84a-2a4660bc043d,20,0.35597147950089125,left_heel,0.49513334,0.89895916,0.44032273,534.7440075874329,1726.0015869140625,0.8363011
207097ab-74b4-4d93-b84a-2a4660bc043d,20,0.35597147950089125,right_heel,0.43530136,0.9212399,0.055438697,470.1254725456238,1768.780632019043,0.77140385
207097ab-74b4-4d93-b84a-2a4660bc043d,20,0.35597147950089125,left_foot_index,0.56429005,0.9274731,0.23394042,609.4332504272461,1780.748405456543,0.9277604
207097ab-74b4-4d93-b84a-2a4660bc043d,20,0.35597147950089125,right_foot_index,0.4961079,0.94802755,-0.22969064,535.7965385913849,1820.2128982543945,0.9600914
207097ab-74b4-4d93-b84a-2a4660bc043d,21,0.37377005347593584,nose,0.55951434,0.5371422,-0.8205626,604.2754912376404,1031.3130569458008,0.99995404
207097ab-74b4-4d93-b84a-2a4660bc043d,21,0.37377005347593584,left_shoulder,0.611117,0.5737288,-0.21387939,660.006365776062,1101.5592956542969,0.9999472
207097ab-74b4-4d93-b84a-2a4660bc043d,21,0.37377005347593584,right_shoulder,0.44454157,0.58535033,-0.46918866,480.1048994064331,1123.8726425170898,0.999925
207097ab-74b4-4d93-b84a-2a4660bc043d,21,0.37377005347593584,left_elbow,0.6456408,0.65231675,-0.3671073,697.2920536994934,1252.4481582641602,0.98452765
207097ab-74b4-4d93-b84a-2a4660bc043d,21,0.37377005347593584,right_elbow,0.4262615,0.6766355,-0.6549514,460.3624355792999,1299.1401672363281,0.99446076
207097ab-74b4-4d93-b84a-2a4660bc043d,21,0.37377005347593584,left_wrist,0.6118987,0.6258133,-0.88306457,660.8506178855896,1201.5615463256836,0.98087907
207097ab-74b4-4d93-b84a-2a4660bc043d,21,0.37377005347593584,right_wrist,0.5112083,0.63719815,-1.0106183,552.104959487915,1223.4204483032227,0.98737985
207097ab-74b4-4d93-b84a-2a4660bc043d,21,0.37377005347593584,left_hip,0.55637157,0.7067715,0.112166084,600.8812952041626,1357.0012664794922,0.9995462
207097ab-74b4-4d93-b84a-2a4660bc043d,21,0.37377005347593584,right_hip,0.45814288,0.70895505,-0.11222825,494.7943067550659,1361.1936950683594,0.99934626
207097ab-74b4-4d93-b84a-2a4660bc043d,21,0.37377005347593584,left_knee,0.5977871,0.80640376,-0.097429305,645.6100487709045,1548.2952117919922,0.9443582
207097ab-74b4-4d93-b84a-2a4660bc043d,21,0.37377005347593584,right_knee,0.49814516,0.8163892,-0.29144618,537.9967761039734,1567.467269897461,0.98002255
207097ab-74b4-4d93-b84a-2a4660bc043d,21,0.37377005347593584,left_ankle,0.5199561,0.8894945,0.33998647,561.5526008605957,1707.8293991088867,0.9189979
207097ab-74b4-4d93-b84a-2a4660bc043d,21,0.37377005347593584,right_ankle,0.4490195,0.9063867,0.008276335,484.94105100631714,1740.2624130249023,0.9696463
207097ab-74b4-4d93-b84a-2a4660bc043d,21,0.37377005347593584,left_heel,0.49502152,0.8997357,0.37124878,534.6232438087463,1727.4925231933594,0.83853954
207097ab-74b4-4d93-b84a-2a4660bc043d,21,0.37377005347593584,right_heel,0.43332195,0.9211859,0.025878808,467.98770904541016,1768.6769485473633,0.7725672
207097ab-74b4-4d93-b84a-2a4660bc043d,21,0.37377005347593584,left_foot_index,0.56445694,0.92766595,0.17152718,609.6134948730469,1781.1186218261719,0.9273647
207097ab-74b4-4d93-b84a-2a4660bc043d,21,0.37377005347593584,right_foot_index,0.49600634,0.94860876,-0.24724214,535.6868469715118,1821.3288116455078,0.95960325
207097ab-74b4-4d93-b84a-2a4660bc043d,22,0.39156862745098037,nose,0.56362444,0.5370689,-0.824253,608.7143969535828,1031.1722946166992,0.99995244
207097ab-74b4-4d93-b84a-2a4660bc043d,22,0.39156862745098037,left_shoulder,0.61229277,0.57349527,-0.20438342,661.2761878967285,1101.1109161376953,0.99994475
207097ab-74b4-4d93-b84a-2a4660bc043d,22,0.39156862745098037,right_shoulder,0.44840914,0.58541393,-0.47186926,484.28187131881714,1123.9947509765625,0.9999162
207097ab-74b4-4d93-b84a-2a4660bc043d,22,0.39156862745098037,left_elbow,0.64663464,0.65186346,-0.36105707,698.3654093742371,1251.5778350830078,0.98218703
207097ab-74b4-4d93-b84a-2a4660bc043d,22,0.39156862745098037,right_elbow,0.43087178,0.67667633,-0.6532053,465.3415274620056,1299.2185592651367,0.9944438
207097ab-74b4-4d93-b84a-2a4660bc043d,22,0.39156862745098037,left_wrist,0.61403644,0.625506,-0.88155276,663.1593561172485,1200.9714889526367,0.9786552
207097ab-74b4-4d93-b84a-2a4660bc043d,22,0.39156862745098037,right_wrist,0.5200631,0.6373212,-1.0138935,561.6681504249573,1223.6566543579102,0.9877174
207097ab-74b4-4d93-b84a-2a4660bc043d,22,0.39156862745098037,left_hip,0.55370754,0.70677215,0.11733018,598.0041432380676,1357.0025253295898,0.9995466
207097ab-74b4-4d93-b84a-2a4660bc043d,22,0.39156862745098037,right_hip,0.457962,0.7092598,-0.11741078,494.5989668369293,1361.7788314819336,0.9993047
207097ab-74b4-4d93-b84a-2a4660bc043d,22,0.39156862745098037,left_knee,0.5978018,0.80552435,-0.10402926,645.6259489059448,1546.6067504882812,0.9430884
207097ab-74b4-4d93-b84a-2a4660bc043d,22,0.39156862745098037,right_knee,0.49893314,0.8161862,-0.2918979,538.8477873802185,1567.0774841308594,0.9802772
207097ab-74b4-4d93-b84a-2a4660bc043d,22,0.39156862745098037,left_ankle,0.5200665,0.88992274,0.31518286,561.6718196868896,1708.6516571044922,0.9193544
207097ab-74b4-4d93-b84a-2a4660bc043d,22,0.39156862745098037,right_ankle,0.44901294,0.9062328,0.02380555,484.9339699745178,1739.966926574707,0.9687295
207097ab-74b4-4d93-b84a-2a4660bc043d,22,0.39156862745098037,left_heel,0.49500918,0.90001833,0.34568688,534.6099185943604,1728.0352020263672,0.84186965
207097ab-74b4-4d93-b84a-2a4660bc043d,22,0.39156862745098037,right_heel,0.43256658,0.9202484,0.041555077,467.17190980911255,1766.8769073486328,0.7718047
207097ab-74b4-4d93-b84a-2a4660bc043d,22,0.39156862745098037,left_foot_index,0.56505704,0.9277107,0.14485861,610.2616024017334,1781.2045669555664,0.9279397
207097ab-74b4-4d93-b84a-2a4660bc043d,22,0.39156862745098037,right_foot_index,0.497584,0.9487036,-0.21422711,537.3907041549683,1821.510887145996,0.9586731
207097ab-74b4-4d93-b84a-2a4660bc043d,23,0.40936720142602495,nose,0.56907505,0.53683144,-0.82364964,614.6010518074036,1030.7163619995117,0.99995106
207097ab-74b4-4d93-b84a-2a4660bc043d,23,0.40936720142602495,left_shoulder,0.6137314,0.573449,-0.20536332,662.8298950195312,1101.0221099853516,0.9999439
207097ab-74b4-4d93-b84a-2a4660bc043d,23,0.40936720142602495,right_shoulder,0.45264724,0.58604336,-0.486489,488.8590180873871,1125.2032470703125,0.9999066
207097ab-74b4-4d93-b84a-2a4660bc043d,23,0.40936720142602495,left_elbow,0.64826274,0.6516913,-0.36391047,700.12375831604,1251.247329711914,0.98021847
207097ab-74b4-4d93-b84a-2a4660bc043d,23,0.40936720142602495,right_elbow,0.43618414,0.6784245,-0.66557,471.0788691043854,1302.5749969482422,0.99432
207097ab-74b4-4d93-b84a-2a4660bc043d,23,0.40936720142602495,left_wrist,0.6247507,0.6253765,-0.87902695,674.7307276725769,1200.7229232788086,0.9769229
207097ab-74b4-4d93-b84a-2a4660bc043d,23,0.40936720142602495,right_wrist,0.5263,0.6380091,-1.0166242,568.4040141105652,1224.9774169921875,0.9879595
207097ab-74b4-4d93-b84a-2a4660bc043d,23,0.40936720142602495,left_hip,0.5517723,0.7067499,0.120245785,595.9140801429749,1356.9598388671875,0.99954766
207097ab-74b4-4d93-b84a-2a4660bc043d,23,0.40936720142602495,right_hip,0.45782983,0.7095656,-0.120302536,494.45621967315674,1362.3659133911133,0.99926
207097ab-74b4-4d93-b84a-2a4660bc043d,23,0.40936720142602495,left_knee,0.59780735,0.80521256,-0.098329924,645.6319355964661,1546.0081100463867,0.93956333
207097ab-74b4-4d93-b84a-2a4660bc043d,23,0.40936720142602495,right_knee,0.50007695,0.81615293,-0.2858815,540.0831055641174,1567.0136260986328,0.9800904
207097ab-74b4-4d93-b84a-2a4660bc043d,23,0.40936720142602495,left_ankle,0.5206676,0.8902082,0.30135137,562.3210215568542,1709.1997146606445,0.91771746
207097ab-74b4-4d93-b84a-2a4660bc043d,23,0.40936720142602495,right_ankle,0.44883898,0.9059203,0.031409837,484.7460973262787,1739.3670272827148,0.9669233
207097ab-74b4-4d93-b84a-2a4660bc043d,23,0.40936720142602495,left_heel,0.49499616,0.9001222,0.32980636,534.5958530902863,1728.2346725463867,0.8429024
207097ab-74b4-4d93-b84a-2a4660bc043d,23,0.40936720142602495,right_heel,0.43069762,0.9197902,0.050617706,465.15342950820923,1765.997200012207,0.7685747
207097ab-74b4-4d93-b84a-2a4660bc043d,23,0.40936720142602495,left_foot_index,0.5656545,0.92763907,0.13245846,610.9068775177002,1781.067008972168,0.92720425
207097ab-74b4-4d93-b84a-2a4660bc043d,23,0.40936720142602495,right_foot_index,0.4978962,0.94885474,-0.19947273,537.7278900146484,1821.8011093139648,0.9567063
207097ab-74b4-4d93-b84a-2a4660bc043d,24,0.42716577540106954,nose,0.57465285,0.5364949,-0.7948024,620.6250786781311,1030.0702285766602,0.9999508
207097ab-74b4-4d93-b84a-2a4660bc043d,24,0.42716577540106954,left_shoulder,0.6149685,0.5737564,-0.19427742,664.1659569740295,1101.6122817993164,0.9999447
207097ab-74b4-4d93-b84a-2a4660bc043d,24,0.42716577540106954,right_shoulder,0.45517242,0.58712053,-0.47884294,491.58621311187744,1127.2714233398438,0.9998964
207097ab-74b4-4d93-b84a-2a4660bc043d,24,0.42716577540106954,left_elbow,0.65073997,0.65188074,-0.3734315,702.7991652488708,1251.6110229492188,0.97937554
207097ab-74b4-4d93-b84a-2a4660bc043d,24,0.42716577540106954,right_elbow,0.43861637,0.67969924,-0.6595384,473.70567440986633,1305.0225448608398,0.9940505
207097ab-74b4-4d93-b84a-2a4660bc043d,24,0.42716577540106954,left_wrist,0.63433546,0.6250887,-0.88751906,685.0822949409485,1200.1702880859375,0.9763969
207097ab-74b4-4d93-b84a-2a4660bc043d,24,0.42716577540106954,right_wrist,0.5336254,0.63863045,-0.977737,576.3154578208923,1226.1704635620117,0.9879208
207097ab-74b4-4d93-b84a-2a4660bc043d,24,0.42716577540106954,left_hip,0.55065763,0.70687,0.12094042,594.7102403640747,1357.1904373168945,0.9995597
207097ab-74b4-4d93-b84a-2a4660bc043d,24,0.42716577540106954,right_hip,0.45776978,0.7107186,-0.12097674,494.39136385917664,1364.5796585083008,0.9992401
207097ab-74b4-4d93-b84a-2a4660bc043d,24,0.42716577540106954,left_knee,0.59789616,0.8044227,-0.09175667,645.7278513908386,1544.4915390014648,0.93562615
207097ab-74b4-4d93-b84a-2a4660bc043d,24,0.42716577540106954,right_knee,0.5040592,0.815255,-0.2879533,544.3839311599731,1565.2895736694336,0.9797834
207097ab-74b4-4d93-b84a-2a4660bc043d,24,0.42716577540106954,left_ankle,0.52161103,0.89031214,0.27214605,563.3399176597595,1709.399299621582,0.9158306
207097ab-74b4-4d93-b84a-2a4660bc043d,24,0.42716577540106954,right_ankle,0.44876388,0.90576607,0.015783623,484.66498732566833,1739.0708541870117,0.96498543
207097ab-74b4-4d93-b84a-2a4660bc043d,24,0.42716577540106954,left_heel,0.49538338,0.90026474,0.2971214,535.0140523910522,1728.50830078125,0.84316236
207097ab-74b4-4d93-b84a-2a4660bc043d,24,0.42716577540106954,right_heel,0.4291466,0.9197892,0.034718465,463.4783148765564,1765.9952545166016,0.7646897
207097ab-74b4-4d93-b84a-2a4660bc043d,24,0.42716577540106954,left_foot_index,0.5684467,0.9267333,0.104107015,613.9224314689636,1779.3279647827148,0.9268253
207097ab-74b4-4d93-b84a-2a4660bc043d,24,0.42716577540106954,right_foot_index,0.49862403,0.949112,-0.20553295,538.5139489173889,1822.295036315918,0.9551653
207097ab-74b4-4d93-b84a-2a4660bc043d,25,0.44496434937611407,nose,0.57930714,0.53609115,-0.7333084,625.6517100334167,1029.2950057983398,0.9999494
207097ab-74b4-4d93-b84a-2a4660bc043d,25,0.44496434937611407,left_shoulder,0.6160548,0.57387805,-0.14595003,665.3391551971436,1101.8458557128906,0.999945
207097ab-74b4-4d93-b84a-2a4660bc043d,25,0.44496434937611407,right_shoulder,0.45696467,0.5877399,-0.46501702,493.52184534072876,1128.460578918457,0.99988776
207097ab-74b4-4d93-b84a-2a4660bc043d,25,0.44496434937611407,left_elbow,0.6532883,0.65193266,-0.31799364,705.5513691902161,1251.7107009887695,0.9781943
207097ab-74b4-4d93-b84a-2a4660bc043d,25,0.44496434937611407,right_elbow,0.4454711,0.67985886,-0.6120153,481.1087965965271,1305.3290176391602,0.99375725
207097ab-74b4-4d93-b84a-2a4660bc043d,25,0.44496434937611407,left_wrist,0.63990116,0.6243444,-0.82806337,691.0932540893555,1198.7412643432617,0.97570574
207097ab-74b4-4d93-b84a-2a4660bc043d,25,0.44496434937611407,right_wrist,0.5397681,0.63878053,-0.87685734,582.9495477676392,1226.458625793457,0.9880574
207097ab-74b4-4d93-b84a-2a4660bc043d,25,0.44496434937611407,left_hip,0.5487892,0.7068686,0.12684219,592.6923394203186,1357.1876907348633,0.99956673
207097ab-74b4-4d93-b84a-2a4660bc043d,25,0.44496434937611407,right_hip,0.45754966,0.71121794,-0.12689126,494.1536343097687,1365.538444519043,0.9992224
207097ab-74b4-4d93-b84a-2a4660bc043d,25,0.44496434937611407,left_knee,0.5983946,0.80330384,-0.04511082,646.2661385536194,1542.3433685302734,0.9292507
207097ab-74b4-4d93-b84a-2a4660bc043d,25,0.44496434937611407,right_knee,0.50848037,0.8136506,-0.29485145,549.1587996482849,1562.2091674804688,0.9794021
207097ab-74b4-4d93-b84a-2a4660bc043d,25,0.44496434937611407,left_ankle,0.52212065,0.89030904,0.27923787,563.8903069496155,1709.3933486938477,0.91259426
207097ab-74b4-4d93-b84a-2a4660bc043d,25,0.44496434937611407,right_ankle,0.4486305,0.904286,-0.021516485,484.5209527015686,1736.2291717529297,0.9623644
207097ab-74b4-4d93-b84a-2a4660bc043d,25,0.44496434937611407,left_heel,0.4954081,0.9003018,0.30144736,535.0407350063324,1728.5794830322266,0.84167343
207097ab-74b4-4d93-b84a-2a4660bc043d,25,0.44496434937611407,right_heel,0.42808864,0.9192884,-0.0050684134,462.33572602272034,1765.0337219238281,0.76059824
207097ab-74b4-4d93-b84a-2a4660bc043d,25,0.44496434937611407,left_foot_index,0.57122326,0.9254293,0.11748879,616.9211196899414,1776.8242263793945,0.92557937
207097ab-74b4-4d93-b84a-2a4660bc043d,25,0.44496434937611407,right_foot_index,0.4986622,0.9491001,-0.23108405,538.5551798343658,1822.2721481323242,0.95325214
207097ab-74b4-4d93-b84a-2a4660bc043d,26,0.46276292335115865,nose,0.58319056,0.535894,-0.73103386,629.8458051681519,1028.9164352416992,0.9999495
207097ab-74b4-4d93-b84a-2a4660bc043d,26,0.46276292335115865,left_shoulder,0.6165089,0.5742043,-0.13712296,665.8296132087708,1102.4723052978516,0.9999446
207097ab-74b4-4d93-b84a-2a4660bc043d,26,0.46276292335115865,right_shoulder,0.46042144,0.58798033,-0.47290525,497.25515842437744,1128.922233581543,0.9998779
207097ab-74b4-4d93-b84a-2a4660bc043d,26,0.46276292335115865,left_elbow,0.6560949,0.65188694,-0.32025802,708.582501411438,1251.6229248046875,0.9774323
207097ab-74b4-4d93-b84a-2a4660bc043d,26,0.46276292335115865,right_elbow,0.45508614,0.67978984,-0.6172504,491.4930331707001,1305.1964950561523,0.9935336
207097ab-74b4-4d93-b84a-2a4660bc043d,26,0.46276292335115865,left_wrist,0.6439609,0.62435025,-0.8287513,695.4777646064758,1198.7524795532227,0.9750403
207097ab-74b4-4d93-b84a-2a4660bc043d,26,0.46276292335115865,right_wrist,0.5518601,0.638771,-0.88922614,596.0089015960693,1226.440315246582,0.9883126
207097ab-74b4-4d93-b84a-2a4660bc043d,26,0.46276292335115865,left_hip,0.54436284,0.7068615,0.13404399,587.9118704795837,1357.174072265625,0.9995707
207097ab-74b4-4d93-b84a-2a4660bc043d,26,0.46276292335115865,right_hip,0.45523623,0.71169287,-0.13409843,491.65512442588806,1366.450309753418,0.99919385
207097ab-74b4-4d93-b84a-2a4660bc043d,26,0.46276292335115865,left_knee,0.60014284,0.8026894,-0.05137499,648.1542634963989,1541.1635971069336,0.92242336
207097ab-74b4-4d93-b84a-2a4660bc043d,26,0.46276292335115865,right_knee,0.51058465,0.81336296,-0.30936942,551.4314246177673,1561.6568756103516,0.97857857
207097ab-74b4-4d93-b84a-2a4660bc043d,26,0.46276292335115865,left_ankle,0.5225258,0.88983893,0.257433,564.3278503417969,1708.4907531738281,0.9065419
207097ab-74b4-4d93-b84a-2a4660bc043d,26,0.46276292335115865,right_ankle,0.44822004,0.90297824,-0.047613554,484.0776479244232,1733.7182235717773,0.9585554
207097ab-74b4-4d93-b84a-2a4660bc043d,26,0.46276292335115865,left_heel,0.495411,0.8999901,0.27774918,535.0438892841339,1727.98095703125,0.8367355
207097ab-74b4-4d93-b84a-2a4660bc043d,26,0.46276292335115865,right_heel,0.42614046,0.9189503,-0.0318013,460.231693983078,1764.3846130371094,0.7528418
207097ab-74b4-4d93-b84a-2a4660bc043d,26,0.46276292335115865,left_foot_index,0.5753293,0.92366284,0.10284697,621.3556480407715,1773.4326553344727,0.922036
207097ab-74b4-4d93-b84a-2a4660bc043d,26,0.46276292335115865,right_foot_index,0.49864927,0.9489471,-0.25438982,538.5412108898163,1821.9783782958984,0.9499051
207097ab-74b4-4d93-b84a-2a4660bc043d,27,0.4805614973262032,nose,0.5865134,0.53564143,-0.6948454,633.4344720840454,1028.4315490722656,0.9999464
207097ab-74b4-4d93-b84a-2a4660bc043d,27,0.4805614973262032,left_shoulder,0.61631054,0.5752888,-0.120669246,665.6153798103333,1104.554443359375,0.99994224
207097ab-74b4-4d93-b84a-2a4660bc043d,27,0.4805614973262032,right_shoulder,0.46256012,0.58876985,-0.47033417,499.5649266242981,1130.438117980957,0.99986315
207097ab-74b4-4d93-b84a-2a4660bc043d,27,0.4805614973262032,left_elbow,0.6574319,0.6514148,-0.3108001,710.0264525413513,1250.716438293457,0.97597706
207097ab-74b4-4d93-b84a-2a4660bc043d,27,0.4805614973262032,right_elbow,0.46218276,0.68000317,-0.6091984,499.15738105773926,1305.6060791015625,0.9931706
207097ab-74b4-4d93-b84a-2a4660bc043d,27,0.4805614973262032,left_wrist,0.6461144,0.624489,-0.8074197,697.8035616874695,1199.018898010254,0.9733279
207097ab-74b4-4d93-b84a-2a4660bc043d,27,0.4805614973262032,right_wrist,0.5643428,0.63865227,-0.8089536,609.4902205467224,1226.2123489379883,0.9884421
207097ab-74b4-4d93-b84a-2a4660bc043d,27,0.4805614973262032,left_hip,0.54123914,0.7068763,0.1368147,584.5382738113403,1357.2024536132812,0.99956197
207097ab-74b4-4d93-b84a-2a4660bc043d,27,0.4805614973262032,right_hip,0.45262176,0.71187353,-0.13691735,488.8314986228943,1366.7971801757812,0.99913365
207097ab-74b4-4d93-b84a-2a4660bc043d,27,0.4805614973262032,left_knee,0.60093635,0.80195475,-0.052439023,649.0112614631653,1539.7531127929688,0.90988857
207097ab-74b4-4d93-b84a-2a4660bc043d,27,0.4805614973262032,right_knee,0.51347405,0.8126959,-0.32323524,554.5519709587097,1560.3761672973633,0.9765333
207097ab-74b4-4d93-b84a-2a4660bc043d,27,0.4805614973262032,left_ankle,0.5224837,0.8898384,0.23539023,564.2824029922485,1708.4897232055664,0.89510614
207097ab-74b4-4d93-b84a-2a4660bc043d,27,0.4805614973262032,right_ankle,0.44760513,0.90230626,-0.08190409,483.4135437011719,1732.4280166625977,0.9528061
207097ab-74b4-4d93-b84a-2a4660bc043d,27,0.4805614973262032,left_heel,0.4953191,0.90000933,0.25407055,534.9446260929108,1728.017921447754,0.8244923
207097ab-74b4-4d93-b84a-2a4660bc043d,27,0.4805614973262032,right_heel,0.4246732,0.91895175,-0.06740579,458.6470556259155,1764.3873596191406,0.74166876
207097ab-74b4-4d93-b84a-2a4660bc043d,27,0.4805614973262032,left_foot_index,0.57569134,0.92364764,0.090868406,621.7466497421265,1773.4034729003906,0.9147572
207097ab-74b4-4d93-b84a-2a4660bc043d,27,0.4805614973262032,right_foot_index,0.49844846,0.9489018,-0.27452222,538.3243381977081,1821.8914031982422,0.945301
207097ab-74b4-4d93-b84a-2a4660bc043d,28,0.49836007130124776,nose,0.5907774,0.5354033,-0.67479813,638.0395889282227,1027.9743576049805,0.9999422
207097ab-74b4-4d93-b84a-2a4660bc043d,28,0.49836007130124776,left_shoulder,0.6162657,0.5761905,-0.11854332,665.5669713020325,1106.2857055664062,0.99993896
207097ab-74b4-4d93-b84a-2a4660bc043d,28,0.49836007130124776,right_shoulder,0.46501413,0.5891277,-0.47941157,502.2152602672577,1131.1252212524414,0.9998455
207097ab-74b4-4d93-b84a-2a4660bc043d,28,0.49836007130124776,left_elbow,0.6587764,0.65071994,-0.31664652,711.4785146713257,1249.3822860717773,0.973312
207097ab-74b4-4d93-b84a-2a4660bc043d,28,0.49836007130124776,right_elbow,0.46804568,0.68017805,-0.6095549,505.4893362522125,1305.9418487548828,0.99273443
207097ab-74b4-4d93-b84a-2a4660bc043d,28,0.49836007130124776,left_wrist,0.6491456,0.6245027,-0.8048048,701.0772514343262,1199.0452194213867,0.97071683
207097ab-74b4-4d93-b84a-2a4660bc043d,28,0.49836007130124776,right_wrist,0.5739379,0.6385053,-0.814565,619.8529243469238,1225.9301376342773,0.9884832
207097ab-74b4-4d93-b84a-2a4660bc043d,28,0.49836007130124776,left_hip,0.5391845,0.7070008,0.139809,582.3192715644836,1357.441520690918,0.9995654
207097ab-74b4-4d93-b84a-2a4660bc043d,28,0.49836007130124776,right_hip,0.4495129,0.71245795,-0.13997331,485.4739308357239,1367.9192733764648,0.9990944
207097ab-74b4-4d93-b84a-2a4660bc043d,28,0.49836007130124776,left_knee,0.6018766,0.801906,-0.041287843,650.0267457962036,1539.6595001220703,0.8989757
207097ab-74b4-4d93-b84a-2a4660bc043d,28,0.49836007130124776,right_knee,0.51563233,0.81265193,-0.3305858,556.882917881012,1560.2917098999023,0.97510785
207097ab-74b4-4d93-b84a-2a4660bc043d,28,0.49836007130124776,left_ankle,0.52227217,0.88939065,0.26224592,564.053943157196,1707.6300430297852,0.8857267
207097ab-74b4-4d93-b84a-2a4660bc043d,28,0.49836007130124776,right_ankle,0.44632995,0.8999176,-0.052318174,482.0363473892212,1727.841796875,0.94730574
207097ab-74b4-4d93-b84a-2a4660bc043d,28,0.49836007130124776,left_heel,0.49409798,0.89983714,0.28671798,533.6258161067963,1727.6873016357422,0.8128423
207097ab-74b4-4d93-b84a-2a4660bc043d,28,0.49836007130124776,right_heel,0.42373443,0.91715443,-0.032854483,457.63318061828613,1760.936508178711,0.7289531
207097ab-74b4-4d93-b84a-2a4660bc043d,28,0.49836007130124776,left_foot_index,0.5753933,0.9236384,0.13860615,621.4247846603394,1773.3857345581055,0.90874803
207097ab-74b4-4d93-b84a-2a4660bc043d,28,0.49836007130124776,right_foot_index,0.4974204,0.9483518,-0.23051336,537.2140324115753,1820.8354568481445,0.9413427
207097ab-74b4-4d93-b84a-2a4660bc043d,29,0.5161586452762923,nose,0.59435374,0.53515273,-0.69423544,641.9020342826843,1027.4932479858398,0.9999394
207097ab-74b4-4d93-b84a-2a4660bc043d,29,0.5161586452762923,left_shoulder,0.61613953,0.57644564,-0.13822979,665.4306936264038,1106.7756271362305,0.9999352
207097ab-74b4-4d93-b84a-2a4660bc043d,29,0.5161586452762923,right_shoulder,0.46854013,0.5903014,-0.52051586,506.0233426094055,1133.378677368164,0.99984044
207097ab-74b4-4d93-b84a-2a4660bc043d,29,0.5161586452762923,left_elbow,0.65972495,0.6498968,-0.34049064,712.5029468536377,1247.801856994629,0.96933496
207097ab-74b4-4d93-b84a-2a4660bc043d,29,0.5161586452762923,right_elbow,0.47230402,0.6812452,-0.66049194,510.0883376598358,1307.9907989501953,0.99241406
207097ab-74b4-4d93-b84a-2a4660bc043d,29,0.5161586452762923,left_wrist,0.6521892,0.62546885,-0.83595115,704.3643307685852,1200.9001922607422,0.96543
207097ab-74b4-4d93-b84a-2a4660bc043d,29,0.5161586452762923,right_wrist,0.58206254,0.6392754,-0.8309564,628.6275458335876,1227.4087142944336,0.98833764
207097ab-74b4-4d93-b84a-2a4660bc043d,29,0.5161586452762923,left_hip,0.5378218,0.70733166,0.14320417,580.8475756645203,1358.0767822265625,0.9995693
207097ab-74b4-4d93-b84a-2a4660bc043d,29,0.5161586452762923,right_hip,0.44838205,0.7129765,-0.14337978,484.2526137828827,1368.914909362793,0.99909276
207097ab-74b4-4d93-b84a-2a4660bc043d,29,0.5161586452762923,left_knee,0.60283977,0.80130607,-0.022326592,651.0669493675232,1538.5076522827148,0.88741255
207097ab-74b4-4d93-b84a-2a4660bc043d,29,0.5161586452762923,right_knee,0.51591355,0.8120107,-0.35842922,557.1866297721863,1559.0605545043945,0.97450477
207097ab-74b4-4d93-b84a-2a4660bc043d,29,0.5161586452762923,left_ankle,0.52233756,0.88901675,0.2863567,564.1245603561401,1706.9121551513672,0.8776335
207097ab-74b4-4d93-b84a-2a4660bc043d,29,0.5161586452762923,right_ankle,0.4442903,0.89900285,-0.10732462,479.8335349559784,1726.0854721069336,0.94522554
207097ab-74b4-4d93-b84a-2a4660bc043d,29,0.5161586452762923,left_heel,0.49413782,0.8997813,0.3069876,533.6688494682312,1727.5800704956055,0.803329
207097ab-74b4-4d93-b84a-2a4660bc043d,29,0.5161586452762923,right_heel,0.42265564,0.9157474,-0.09000886,456.46809339523315,1758.2350158691406,0.7235091
207097ab-74b4-4d93-b84a-2a4660bc043d,29,0.5161586452762923,left_foot_index,0.57757986,0.9234168,0.17343909,623.786244392395,1772.9602432250977,0.9035468
207097ab-74b4-4d93-b84a-2a4660bc043d,29,0.5161586452762923,right_foot_index,0.4945105,0.9480344,-0.28133056,534.071341753006,1820.226058959961,0.9403392
207097ab-74b4-4d93-b84a-2a4660bc043d,30,0.5339572192513369,nose,0.5974957,0.5351711,-0.7105572,645.2953290939331,1027.5284957885742,0.99993306
207097ab-74b4-4d93-b84a-2a4660bc043d,30,0.5339572192513369,left_shoulder,0.61571944,0.576731,-0.1535548,664.9769926071167,1107.3235702514648,0.99993163
207097ab-74b4-4d93-b84a-2a4660bc043d,30,0.5339572192513369,right_shoulder,0.47156745,0.5915382,-0.5475041,509.292848110199,1135.7533264160156,0.9998352
207097ab-74b4-4d93-b84a-2a4660bc043d,30,0.5339572192513369,left_elbow,0.6591298,0.64806134,-0.35900906,711.8601822853088,1244.2777633666992,0.9620361
207097ab-74b4-4d93-b84a-2a4660bc043d,30,0.5339572192513369,right_elbow,0.4817816,0.68267417,-0.6568084,520.3241300582886,1310.7344055175781,0.9923561
207097ab-74b4-4d93-b84a-2a4660bc043d,30,0.5339572192513369,left_wrist,0.65525573,0.628335,-0.88272214,707.6761937141418,1206.4031982421875,0.95776504
207097ab-74b4-4d93-b84a-2a4660bc043d,30,0.5339572192513369,right_wrist,0.5965058,0.64073765,-0.7482836,644.2262864112854,1230.216293334961,0.9880303
207097ab-74b4-4d93-b84a-2a4660bc043d,30,0.5339572192513369,left_hip,0.53614897,0.70727944,0.14190122,579.0408825874329,1357.9765319824219,0.9995648
207097ab-74b4-4d93-b84a-2a4660bc043d,30,0.5339572192513369,right_hip,0.4471454,0.71299183,-0.14202054,482.9170346260071,1368.944320678711,0.9990936
207097ab-74b4-4d93-b84a-2a4660bc043d,30,0.5339572192513369,left_knee,0.6031892,0.8009347,0.0067921327,651.4443039894104,1537.7945709228516,0.87722313
207097ab-74b4-4d93-b84a-2a4660bc043d,30,0.5339572192513369,right_knee,0.5156433,0.8123717,-0.35708404,556.8947625160217,1559.7536087036133,0.974377
207097ab-74b4-4d93-b84a-2a4660bc043d,30,0.5339572192513369,left_ankle,0.5224021,0.8876371,0.3593672,564.1942763328552,1704.2631912231445,0.86868
207097ab-74b4-4d93-b84a-2a4660bc043d,30,0.5339572192513369,right_ankle,0.4439531,0.8988435,-0.09690999,479.4693446159363,1725.7795715332031,0.9422786
207097ab-74b4-4d93-b84a-2a4660bc043d,30,0.5339572192513369,left_heel,0.49440384,0.8976198,0.3853857,533.9561462402344,1723.4299850463867,0.79074526
207097ab-74b4-4d93-b84a-2a4660bc043d,30,0.5339572192513369,right_heel,0.42274362,0.9140163,-0.078624204,456.5631079673767,1754.9113082885742,0.7159146
207097ab-74b4-4d93-b84a-2a4660bc043d,30,0.5339572192513369,left_foot_index,0.57801545,0.9230537,0.24295591,624.2566823959351,1772.263069152832,0.8970461
207097ab-74b4-4d93-b84a-2a4660bc043d,30,0.5339572192513369,right_foot_index,0.49382392,0.94771314,-0.27388662,533.3298289775848,1819.6092224121094,0.9384711
207097ab-74b4-4d93-b84a-2a4660bc043d,31,0.5517557932263815,nose,0.6005185,0.5352923,-0.6317388,648.5600066184998,1027.7612686157227,0.99991184
207097ab-74b4-4d93-b84a-2a4660bc043d,31,0.5517557932263815,left_shoulder,0.61377287,0.57887495,-0.12356916,662.874698638916,1111.4398956298828,0.999922
207097ab-74b4-4d93-b84a-2a4660bc043d,31,0.5517557932263815,right_shoulder,0.47439575,0.5927694,-0.5383912,512.347412109375,1138.1172180175781,0.99981946
207097ab-74b4-4d93-b84a-2a4660bc043d,31,0.5517557932263815,left_elbow,0.6587061,0.6472158,-0.34707457,711.4026188850403,1242.6543045043945,0.9527215
207097ab-74b4-4d93-b84a-2a4660bc043d,31,0.5517557932263815,right_elbow,0.48894808,0.6837997,-0.57778543,528.0639231204987,1312.895393371582,0.99224305
207097ab-74b4-4d93-b84a-2a4660bc043d,31,0.5517557932263815,left_wrist,0.6581595,0.62888914,-0.8557372,710.8122539520264,1207.467155456543,0.949884
207097ab-74b4-4d93-b84a-2a4660bc043d,31,0.5517557932263815,right_wrist,0.60601085,0.6419155,-0.60750514,654.4917225837708,1232.4777603149414,0.9877213
207097ab-74b4-4d93-b84a-2a4660bc043d,31,0.5517557932263815,left_hip,0.5329789,0.7072363,0.13869129,575.6172037124634,1357.8936767578125,0.9995226
207097ab-74b4-4d93-b84a-2a4660bc043d,31,0.5517557932263815,right_hip,0.44515246,0.7130271,-0.13880277,480.7646584510803,1369.0120697021484,0.9990084
207097ab-74b4-4d93-b84a-2a4660bc043d,31,0.5517557932263815,left_knee,0.6034614,0.8000189,-0.017475713,651.7382955551147,1536.0363006591797,0.8655219
207097ab-74b4-4d93-b84a-2a4660bc043d,31,0.5517557932263815,right_knee,0.51585925,0.8123813,-0.3546235,557.1279859542847,1559.7721481323242,0.9734671
207097ab-74b4-4d93-b84a-2a4660bc043d,31,0.5517557932263815,left_ankle,0.52245957,0.8865989,0.31261507,564.2563319206238,1702.2698593139648,0.857598
207097ab-74b4-4d93-b84a-2a4660bc043d,31,0.5517557932263815,right_ankle,0.44386244,0.8989005,-0.12791538,479.37143325805664,1725.8889770507812,0.9376888
207097ab-74b4-4d93-b84a-2a4660bc043d,31,0.5517557932263815,left_heel,0.4944021,0.8961841,0.33389127,533.95427942276,1720.6734466552734,0.7732057
207097ab-74b4-4d93-b84a-2a4660bc043d,31,0.5517557932263815,right_heel,0.42222932,0.9127327,-0.11258665,456.0076653957367,1752.4468231201172,0.70576364
207097ab-74b4-4d93-b84a-2a4660bc043d,31,0.5517557932263815,left_foot_index,0.5777343,0.9226524,0.21140715,623.9530348777771,1771.4926528930664,0.8877024
207097ab-74b4-4d93-b84a-2a4660bc043d,31,0.5517557932263815,right_foot_index,0.49384204,0.94776094,-0.29864678,533.3493983745575,1819.7010040283203,0.9347141
207097ab-74b4-4d93-b84a-2a4660bc043d,32,0.569554367201426,nose,0.6034774,0.5357651,-0.55370533,651.7556118965149,1028.6690139770508,0.9998316
207097ab-74b4-4d93-b84a-2a4660bc043d,32,0.569554367201426,left_shoulder,0.61315405,0.5817451,-0.0756655,662.2063779830933,1116.950569152832,0.9998953
207097ab-74b4-4d93-b84a-2a4660bc043d,32,0.569554367201426,right_shoulder,0.47868827,0.5943934,-0.45813972,516.9833314418793,1141.2352752685547,0.99977696
207097ab-74b4-4d93-b84a-2a4660bc043d,32,0.569554367201426,left_elbow,0.6584162,0.6467453,-0.29314005,711.0895085334778,1241.7510223388672,0.9359118
207097ab-74b4-4d93-b84a-2a4660bc043d,32,0.569554367201426,right_elbow,0.4979642,0.68463963,-0.5051937,537.8013396263123,1314.5080947875977,0.991893
207097ab-74b4-4d93-b84a-2a4660bc043d,32,0.569554367201426,left_wrist,0.65835077,0.6299474,-0.78179437,711.0188269615173,1209.4990539550781,0.93786657
207097ab-74b4-4d93-b84a-2a4660bc043d,32,0.569554367201426,right_wrist,0.6127765,0.6435138,-0.49748743,661.7986392974854,1235.5464935302734,0.98714757
207097ab-74b4-4d93-b84a-2a4660bc043d,32,0.569554367201426,left_hip,0.52969027,0.70717484,0.13704628,572.065486907959,1357.7756881713867,0.9994472
207097ab-74b4-4d93-b84a-2a4660bc043d,32,0.569554367201426,right_hip,0.44332227,0.71300834,-0.13716985,478.7880527973175,1368.9760208129883,0.9988237
207097ab-74b4-4d93-b84a-2a4660bc043d,32,0.569554367201426,left_knee,0.6034672,0.7998441,-0.033595882,651.7446041107178,1535.7006454467773,0.85407645
207097ab-74b4-4d93-b84a-2a4660bc043d,32,0.569554367201426,right_knee,0.517624,0.81240183,-0.36059302,559.0339422225952,1559.8115158081055,0.97248703
207097ab-74b4-4d93-b84a-2a4660bc043d,32,0.569554367201426,left_ankle,0.5219428,0.88594496,0.21239293,563.6982178688049,1701.0143280029297,0.84648603
207097ab-74b4-4d93-b84a-2a4660bc043d,32,0.569554367201426,right_ankle,0.44389054,0.8988381,-0.16224141,479.40178513526917,1725.769157409668,0.9317
207097ab-74b4-4d93-b84a-2a4660bc043d,32,0.569554367201426,left_heel,0.49401885,0.89506316,0.22948316,533.5403609275818,1718.5212707519531,0.7548262
207097ab-74b4-4d93-b84a-2a4660bc043d,32,0.569554367201426,right_heel,0.42108813,0.91221184,-0.1484284,454.7751796245575,1751.4467239379883,0.6943997
207097ab-74b4-4d93-b84a-2a4660bc043d,32,0.569554367201426,left_foot_index,0.57746106,0.922246,0.10343298,623.6579489707947,1770.7122802734375,0.87751585
207097ab-74b4-4d93-b84a-2a4660bc043d,32,0.569554367201426,right_foot_index,0.49388218,0.9474792,-0.31554872,533.3927536010742,1819.160041809082,0.929496
207097ab-74b4-4d93-b84a-2a4660bc043d,33,0.5873529411764706,nose,0.605015,0.53613746,-0.5389497,653.416178226471,1029.3839263916016,0.9997621
207097ab-74b4-4d93-b84a-2a4660bc043d,33,0.5873529411764706,left_shoulder,0.6130084,0.5834168,-0.06657359,662.0490503311157,1120.1602935791016,0.9998765
207097ab-74b4-4d93-b84a-2a4660bc043d,33,0.5873529411764706,right_shoulder,0.4811825,0.5958167,-0.44743606,519.677084684372,1143.9680099487305,0.9997406
207097ab-74b4-4d93-b84a-2a4660bc043d,33,0.5873529411764706,left_elbow,0.65737176,0.64646554,-0.28494957,709.9615001678467,1241.2138366699219,0.91993
207097ab-74b4-4d93-b84a-2a4660bc043d,33,0.5873529411764706,right_elbow,0.5048895,0.6853485,-0.5255792,545.280647277832,1315.869140625,0.991633
207097ab-74b4-4d93-b84a-2a4660bc043d,33,0.5873529411764706,left_wrist,0.6621414,0.6297961,-0.75996125,715.1126933097839,1209.2084884643555,0.9289171
207097ab-74b4-4d93-b84a-2a4660bc043d,33,0.5873529411764706,right_wrist,0.62084943,0.6438485,-0.5327658,670.5173850059509,1236.189079284668,0.9871975
207097ab-74b4-4d93-b84a-2a4660bc043d,33,0.5873529411764706,left_hip,0.52882236,0.70725906,0.13581571,571.1281514167786,1357.9373931884766,0.99942976
207097ab-74b4-4d93-b84a-2a4660bc043d,33,0.5873529411764706,right_hip,0.4421978,0.7131765,-0.13592577,477.57362365722656,1369.2988586425781,0.99874514
207097ab-74b4-4d93-b84a-2a4660bc043d,33,0.5873529411764706,left_knee,0.60416013,0.79994416,-0.06774565,652.4929404258728,1535.8927917480469,0.84830076
207097ab-74b4-4d93-b84a-2a4660bc043d,33,0.5873529411764706,right_knee,0.5228961,0.81265205,-0.38051924,564.7277998924255,1560.2919387817383,0.97219807
207097ab-74b4-4d93-b84a-2a4660bc043d,33,0.5873529411764706,left_ankle,0.5221058,0.8857126,0.172024,563.8742780685425,1700.5682373046875,0.8409798
207097ab-74b4-4d93-b84a-2a4660bc043d,33,0.5873529411764706,right_ankle,0.44559044,0.8977438,-0.16799188,481.23767137527466,1723.6681365966797,0.928071
207097ab-74b4-4d93-b84a-2a4660bc043d,33,0.5873529411764706,left_heel,0.49442446,0.8946106,0.18903166,533.978419303894,1717.6523208618164,0.741552
207097ab-74b4-4d93-b84a-2a4660bc043d,33,0.5873529411764706,right_heel,0.41811907,0.9109302,-0.15105091,451.5685987472534,1748.9860153198242,0.68614656
207097ab-74b4-4d93-b84a-2a4660bc043d,33,0.5873529411764706,left_foot_index,0.5772657,0.9222257,0.064241104,623.446934223175,1770.6733703613281,0.8717474
207097ab-74b4-4d93-b84a-2a4660bc043d,33,0.5873529411764706,right_foot_index,0.49376747,0.9471927,-0.30180982,533.2688677310944,1818.6100387573242,0.9269222
207097ab-74b4-4d93-b84a-2a4660bc043d,34,0.6051515151515151,nose,0.606748,0.53672594,-0.55521214,655.287823677063,1030.513801574707,0.99975365
207097ab-74b4-4d93-b84a-2a4660bc043d,34,0.6051515151515151,left_shoulder,0.6121463,0.58434874,-0.07054756,661.1180233955383,1121.949577331543,0.9998737
207097ab-74b4-4d93-b84a-2a4660bc043d,34,0.6051515151515151,right_shoulder,0.4851511,0.59757334,-0.4636634,523.96320104599,1147.3408126831055,0.9997242
207097ab-74b4-4d93-b84a-2a4660bc043d,34,0.6051515151515151,left_elbow,0.6551889,0.64647734,-0.2881749,707.6040315628052,1241.2364959716797,0.9131019
207097ab-74b4-4d93-b84a-2a4660bc043d,34,0.6051515151515151,right_elbow,0.5128333,0.68746924,-0.5378763,553.8599610328674,1319.9409484863281,0.9914257
207097ab-74b4-4d93-b84a-2a4660bc043d,34,0.6051515151515151,left_wrist,0.66752136,0.63011587,-0.7639642,720.9230661392212,1209.8224639892578,0.9279143
207097ab-74b4-4d93-b84a-2a4660bc043d,34,0.6051515151515151,right_wrist,0.62528753,0.6447182,-0.6178381,675.3105354309082,1237.859001159668,0.98756725
207097ab-74b4-4d93-b84a-2a4660bc043d,34,0.6051515151515151,left_hip,0.525945,0.7076686,0.13865471,568.0206084251404,1358.7237167358398,0.9994243
207097ab-74b4-4d93-b84a-2a4660bc043d,34,0.6051515151515151,right_hip,0.44124112,0.7138306,-0.13873965,476.54040455818176,1370.5547332763672,0.99870783
207097ab-74b4-4d93-b84a-2a4660bc043d,34,0.6051515151515151,left_knee,0.60515636,0.8000285,-0.051745284,653.5688710212708,1536.0547256469727,0.8372248
207097ab-74b4-4d93-b84a-2a4660bc043d,34,0.6051515151515151,right_knee,0.52637553,0.81307745,-0.37889954,568.48557472229,1561.1087036132812,0.97125953
207097ab-74b4-4d93-b84a-2a4660bc043d,34,0.6051515151515151,left_ankle,0.5219787,0.88573474,0.16733709,563.7369704246521,1700.610694885254,0.83036965
207097ab-74b4-4d93-b84a-2a4660bc043d,34,0.6051515151515151,right_ankle,0.44754,0.89780754,-0.20305371,483.3431839942932,1723.7904739379883,0.92396766
207097ab-74b4-4d93-b84a-2a4660bc043d,34,0.6051515151515151,left_heel,0.4944108,0.8947782,0.18012108,533.9636778831482,1717.9741287231445,0.728893
207097ab-74b4-4d93-b84a-2a4660bc043d,34,0.6051515151515151,right_heel,0.4165134,0.91068584,-0.19110554,449.834486246109,1748.5168075561523,0.6812564
207097ab-74b4-4d93-b84a-2a4660bc043d,34,0.6051515151515151,left_foot_index,0.5771061,0.9220262,0.053408485,623.2746076583862,1770.2903366088867,0.86352986
207097ab-74b4-4d93-b84a-2a4660bc043d,34,0.6051515151515151,right_foot_index,0.49378616,0.94677407,-0.34391153,533.2890486717224,1817.8062057495117,0.92410743
207097ab-74b4-4d93-b84a-2a4660bc043d,35,0.6229500891265597,nose,0.6082873,0.5376079,-0.5520488,656.9502568244934,1032.2071838378906,0.9997474
207097ab-74b4-4d93-b84a-2a4660bc043d,35,0.6229500891265597,left_shoulder,0.61217016,0.5858091,-0.08651677,661.1437726020813,1124.7534942626953,0.9998685
207097ab-74b4-4d93-b84a-2a4660bc043d,35,0.6229500891265597,right_shoulder,0.4886057,0.5993085,-0.48657325,527.6941645145416,1150.6723022460938,0.99969006
207097ab-74b4-4d93-b84a-2a4660bc043d,35,0.6229500891265597,left_elbow,0.655143,0.6466045,-0.30361953,707.55446434021,1241.480598449707,0.90720224
207097ab-74b4-4d93-b84a-2a4660bc043d,35,0.6229500891265597,right_elbow,0.52098006,0.68871903,-0.5907431,562.6584649085999,1322.3405456542969,0.9908872
207097ab-74b4-4d93-b84a-2a4660bc043d,35,0.6229500891265597,left_wrist,0.6714776,0.6308409,-0.77410984,725.1958250999451,1211.2145233154297,0.92694837
207097ab-74b4-4d93-b84a-2a4660bc043d,35,0.6229500891265597,right_wrist,0.6338539,0.644507,-0.6552389,684.5622253417969,1237.4534225463867,0.9876518
207097ab-74b4-4d93-b84a-2a4660bc043d,35,0.6229500891265597,left_hip,0.5233011,0.70825374,0.13920261,565.1652145385742,1359.847183227539,0.9994014
207097ab-74b4-4d93-b84a-2a4660bc043d,35,0.6229500891265597,right_hip,0.43983427,0.7151753,-0.13927563,475.02100825309753,1373.1365203857422,0.99863243
207097ab-74b4-4d93-b84a-2a4660bc043d,35,0.6229500891265597,left_knee,0.6061344,0.8002281,-0.051209472,654.6251678466797,1536.43798828125,0.82900465
207097ab-74b4-4d93-b84a-2a4660bc043d,35,0.6229500891265597,right_knee,0.5274269,0.81405455,-0.37713876,569.6210503578186,1562.984733581543,0.97105175
207097ab-74b4-4d93-b84a-2a4660bc043d,35,0.6229500891265597,left_ankle,0.52200013,0.8859558,0.1766396,563.7601447105408,1701.03515625,0.8217335
207097ab-74b4-4d93-b84a-2a4660bc043d,35,0.6229500891265597,right_ankle,0.4489951,0.8978767,-0.1990313,484.91472244262695,1723.923225402832,0.9227886
207097ab-74b4-4d93-b84a-2a4660bc043d,35,0.6229500891265597,left_heel,0.49439842,0.89488214,0.19146238,533.9502882957458,1718.173713684082,0.7193262
207097ab-74b4-4d93-b84a-2a4660bc043d,35,0.6229500891265597,right_heel,0.4164901,0.91095215,-0.18652436,449.80931639671326,1749.0281295776367,0.6812745
207097ab-74b4-4d93-b84a-2a4660bc043d,35,0.6229500891265597,left_foot_index,0.5769282,0.9220573,0.06864737,623.0824542045593,1770.3499603271484,0.85662425
207097ab-74b4-4d93-b84a-2a4660bc043d,35,0.6229500891265597,right_foot_index,0.49352038,0.9467358,-0.3379779,533.0020093917847,1817.7327346801758,0.92284125
207097ab-74b4-4d93-b84a-2a4660bc043d,36,0.6407486631016043,nose,0.60816664,0.5378307,-0.53334516,656.819965839386,1032.6349639892578,0.99974424
207097ab-74b4-4d93-b84a-2a4660bc043d,36,0.6407486631016043,left_shoulder,0.61244357,0.5874593,-0.086069345,661.4390516281128,1127.9219055175781,0.9998549
207097ab-74b4-4d93-b84a-2a4660bc043d,36,0.6407486631016043,right_shoulder,0.49282974,0.5993765,-0.48607084,532.2561192512512,1150.802879333496,0.9996756
207097ab-74b4-4d93-b84a-2a4660bc043d,36,0.6407486631016043,left_elbow,0.65522116,0.6473941,-0.30632606,707.6388573646545,1242.996711730957,0.89897895
207097ab-74b4-4d93-b84a-2a4660bc043d,36,0.6407486631016043,right_elbow,0.5284966,0.6882874,-0.58173925,570.7763528823853,1321.5117645263672,0.9906724
207097ab-74b4-4d93-b84a-2a4660bc043d,36,0.6407486631016043,left_wrist,0.6732144,0.6318549,-0.7681881,727.0715260505676,1213.161392211914,0.92286724
207097ab-74b4-4d93-b84a-2a4660bc043d,36,0.6407486631016043,right_wrist,0.6412202,0.6444024,-0.6007558,692.5178289413452,1237.2525787353516,0.98781604
207097ab-74b4-4d93-b84a-2a4660bc043d,36,0.6407486631016043,left_hip,0.5222586,0.7089196,0.13899991,564.0392661094666,1361.125602722168,0.99935967
207097ab-74b4-4d93-b84a-2a4660bc043d,36,0.6407486631016043,right_hip,0.43935058,0.71557033,-0.13904762,474.49862122535706,1373.895034790039,0.99859905
207097ab-74b4-4d93-b84a-2a4660bc043d,36,0.6407486631016043,left_knee,0.6070979,0.8003863,-0.030764632,655.6657576560974,1536.741714477539,0.8171012
207097ab-74b4-4d93-b84a-2a4660bc043d,36,0.6407486631016043,right_knee,0.5283224,0.8150641,-0.3701208,570.5881905555725,1564.9230194091797,0.971364
207097ab-74b4-4d93-b84a-2a4660bc043d,36,0.6407486631016043,left_ankle,0.5194937,0.8859912,0.20302625,561.0531949996948,1701.1031341552734,0.8101076
207097ab-74b4-4d93-b84a-2a4660bc043d,36,0.6407486631016043,right_ankle,0.4490248,0.8985318,-0.23885497,484.94678020477295,1725.1810455322266,0.9250826
207097ab-74b4-4d93-b84a-2a4660bc043d,36,0.6407486631016043,left_heel,0.49013543,0.89496887,0.22033925,529.3462657928467,1718.3402252197266,0.7083863
207097ab-74b4-4d93-b84a-2a4660bc043d,36,0.6407486631016043,right_heel,0.41537213,0.9121929,-0.23282401,448.6019039154053,1751.4103317260742,0.6918349
207097ab-74b4-4d93-b84a-2a4660bc043d,36,0.6407486631016043,left_foot_index,0.5741793,0.92206997,0.08225293,620.1136350631714,1770.3743362426758,0.84838116
207097ab-74b4-4d93-b84a-2a4660bc043d,36,0.6407486631016043,right_foot_index,0.49465317,0.94673824,-0.39863196,534.2254185676575,1817.7374267578125,0.92467415
207097ab-74b4-4d93-b84a-2a4660bc043d,37,0.6585472370766489,nose,0.6076502,0.5385965,-0.5656903,656.2622380256653,1034.1053009033203,0.99975276
207097ab-74b4-4d93-b84a-2a4660bc043d,37,0.6585472370766489,left_shoulder,0.6134378,0.589115,-0.10047535,662.5127935409546,1131.100845336914,0.99984
207097ab-74b4-4d93-b84a-2a4660bc043d,37,0.6585472370766489,right_shoulder,0.49528292,0.5998002,-0.51358145,534.9055516719818,1151.616439819336,0.9996647
207097ab-74b4-4d93-b84a-2a4660bc043d,37,0.6585472370766489,left_elbow,0.658328,0.64782864,-0.34925362,710.9942364692688,1243.8309860229492,0.8936329
207097ab-74b4-4d93-b84a-2a4660bc043d,37,0.6585472370766489,right_elbow,0.5422604,0.6881912,-0.6435022,585.6412410736084,1321.3270568847656,0.99041414
207097ab-74b4-4d93-b84a-2a4660bc043d,37,0.6585472370766489,left_wrist,0.67850703,0.63089967,-0.7977745,732.7875924110413,1211.3273620605469,0.91743773
207097ab-74b4-4d93-b84a-2a4660bc043d,37,0.6585472370766489,right_wrist,0.6496097,0.6423255,-0.67870116,701.5784597396851,1233.2649993896484,0.98787904
207097ab-74b4-4d93-b84a-2a4660bc043d,37,0.6585472370766489,left_hip,0.5217,0.71037185,0.13962242,563.4360265731812,1363.9139556884766,0.9993217
207097ab-74b4-4d93-b84a-2a4660bc043d,37,0.6585472370766489,right_hip,0.43879375,0.7160123,-0.13966104,473.897248506546,1374.7436141967773,0.99856794
207097ab-74b4-4d93-b84a-2a4660bc043d,37,0.6585472370766489,left_knee,0.60948616,0.80185723,-0.03458871,658.2450556755066,1539.5658874511719,0.8084061
207097ab-74b4-4d93-b84a-2a4660bc043d,37,0.6585472370766489,right_knee,0.5314768,0.8168901,-0.3750789,573.99493932724,1568.4290313720703,0.97206134
207097ab-74b4-4d93-b84a-2a4660bc043d,37,0.6585472370766489,left_ankle,0.5157457,0.8860146,0.22059868,557.0053553581238,1701.1479949951172,0.7988337
207097ab-74b4-4d93-b84a-2a4660bc043d,37,0.6585472370766489,right_ankle,0.44935718,0.8987077,-0.24158832,485.3057563304901,1725.5187606811523,0.9283016
207097ab-74b4-4d93-b84a-2a4660bc043d,37,0.6585472370766489,left_heel,0.4851934,0.89490515,0.24271522,524.0088737010956,1718.217887878418,0.69967884
207097ab-74b4-4d93-b84a-2a4660bc043d,37,0.6585472370766489,right_heel,0.41471848,0.9129994,-0.23317973,447.8959572315216,1752.9588317871094,0.7040783
207097ab-74b4-4d93-b84a-2a4660bc043d,37,0.6585472370766489,left_foot_index,0.571656,0.92190367,0.1450244,617.3884677886963,1770.055046081543,0.8402158
207097ab-74b4-4d93-b84a-2a4660bc043d,37,0.6585472370766489,right_foot_index,0.49573663,0.94657236,-0.39371723,535.3955590724945,1817.4189376831055,0.9272027
207097ab-74b4-4d93-b84a-2a4660bc043d,38,0.6763458110516934,nose,0.6079763,0.54002714,-0.5562942,656.6144227981567,1036.8521118164062,0.99976295
207097ab-74b4-4d93-b84a-2a4660bc043d,38,0.6763458110516934,left_shoulder,0.61300486,0.59010506,-0.10229414,662.0452523231506,1133.001708984375,0.99983066
207097ab-74b4-4d93-b84a-2a4660bc043d,38,0.6763458110516934,right_shoulder,0.49942747,0.6002263,-0.51510227,539.3816649913788,1152.4344635009766,0.9996464
207097ab-74b4-4d93-b84a-2a4660bc043d,38,0.6763458110516934,left_elbow,0.66083354,0.64800096,-0.34546414,713.7002205848694,1244.1618347167969,0.8910364
207097ab-74b4-4d93-b84a-2a4660bc043d,38,0.6763458110516934,right_elbow,0.55476916,0.68761194,-0.6501119,599.1506910324097,1320.2149200439453,0.99037296
207097ab-74b4-4d93-b84a-2a4660bc043d,38,0.6763458110516934,left_wrist,0.68363065,0.63025826,-0.78707796,738.3210968971252,1210.0958633422852,0.9162302
207097ab-74b4-4d93-b84a-2a4660bc043d,38,0.6763458110516934,right_wrist,0.6566364,0.6379055,-0.69663256,709.1673302650452,1224.7785186767578,0.98824435
207097ab-74b4-4d93-b84a-2a4660bc043d,38,0.6763458110516934,left_hip,0.519823,0.71173584,0.14188142,561.4088559150696,1366.5328216552734,0.99930495
207097ab-74b4-4d93-b84a-2a4660bc043d,38,0.6763458110516934,right_hip,0.43850484,0.7168302,-0.14188515,473.5852324962616,1376.3139724731445,0.99855244
207097ab-74b4-4d93-b84a-2a4660bc043d,38,0.6763458110516934,left_knee,0.6132009,0.80208975,-0.028396439,662.2569751739502,1540.012321472168,0.8028341
207097ab-74b4-4d93-b84a-2a4660bc043d,38,0.6763458110516934,right_knee,0.53505903,0.8180745,-0.37152052,577.863757610321,1570.7030868530273,0.97310275
207097ab-74b4-4d93-b84a-2a4660bc043d,38,0.6763458110516934,left_ankle,0.50965774,0.8852136,0.2508416,550.4303598403931,1699.6101379394531,0.7910806
207097ab-74b4-4d93-b84a-2a4660bc043d,38,0.6763458110516934,right_ankle,0.45081094,0.89869225,-0.21225762,486.87581419944763,1725.4891204833984,0.93171173
207097ab-74b4-4d93-b84a-2a4660bc043d,38,0.6763458110516934,left_heel,0.47924307,0.893629,0.27527517,517.5825154781342,1715.767707824707,0.69625705
207097ab-74b4-4d93-b84a-2a4660bc043d,38,0.6763458110516934,right_heel,0.41496733,0.91294956,-0.20000799,448.16471457481384,1752.8631591796875,0.71731514
207097ab-74b4-4d93-b84a-2a4660bc043d,38,0.6763458110516934,left_foot_index,0.56825966,0.9216425,0.19147432,613.720428943634,1769.553565979004,0.83470756
207097ab-74b4-4d93-b84a-2a4660bc043d,38,0.6763458110516934,right_foot_index,0.50278723,0.94399124,-0.3881884,543.0102109909058,1812.4631881713867,0.929823
207097ab-74b4-4d93-b84a-2a4660bc043d,39,0.6941443850267379,nose,0.6079573,0.54183793,-0.549595,656.5938878059387,1040.3288269042969,0.99977183
207097ab-74b4-4d93-b84a-2a4660bc043d,39,0.6941443850267379,left_shoulder,0.61135775,0.59183115,-0.101032235,660.2663683891296,1136.315803527832,0.99981534
207097ab-74b4-4d93-b84a-2a4660bc043d,39,0.6941443850267379,right_shoulder,0.50382835,0.6004052,-0.51294,544.1346144676208,1152.7780151367188,0.99961567
207097ab-74b4-4d93-b84a-2a4660bc043d,39,0.6941443850267379,left_elbow,0.666974,0.6477507,-0.34277803,720.331928730011,1243.681297302246,0.88932604
207097ab-74b4-4d93-b84a-2a4660bc043d,39,0.6941443850267379,right_elbow,0.5654724,0.68654954,-0.64178866,610.7102179527283,1318.1751251220703,0.99032766
207097ab-74b4-4d93-b84a-2a4660bc043d,39,0.6941443850267379,left_wrist,0.68716884,0.6268755,-0.78742087,742.1423435211182,1203.6009979248047,0.913733
207097ab-74b4-4d93-b84a-2a4660bc043d,39,0.6941443850267379,right_wrist,0.6611507,0.63243616,-0.6713559,714.0427494049072,1214.2774200439453,0.9884993
207097ab-74b4-4d93-b84a-2a4660bc043d,39,0.6941443850267379,left_hip,0.5159354,0.7124009,0.14252633,557.2102546691895,1367.8097534179688,0.99928373
207097ab-74b4-4d93-b84a-2a4660bc043d,39,0.6941443850267379,right_hip,0.4372783,0.7175421,-0.14251846,472.26056456565857,1377.6808547973633,0.9985054
207097ab-74b4-4d93-b84a-2a4660bc043d,39,0.6941443850267379,left_knee,0.6159136,0.80255634,-0.026021246,665.1867198944092,1540.9081649780273,0.79805416
207097ab-74b4-4d93-b84a-2a4660bc043d,39,0.6941443850267379,right_knee,0.5350445,0.8202414,-0.35896742,577.8480505943298,1574.8634719848633,0.97363406
207097ab-74b4-4d93-b84a-2a4660bc043d,39,0.6941443850267379,left_ankle,0.507564,0.88442355,0.25488636,548.1691288948059,1698.0932235717773,0.78046775
207097ab-74b4-4d93-b84a-2a4660bc043d,39,0.6941443850267379,right_ankle,0.45120183,0.8988462,-0.20797259,487.2979724407196,1725.7847213745117,0.9332307
207097ab-74b4-4d93-b84a-2a4660bc043d,39,0.6941443850267379,left_heel,0.4761665,0.8928064,0.27925315,514.2598056793213,1714.1883087158203,0.6898888
207097ab-74b4-4d93-b84a-2a4660bc043d,39,0.6941443850267379,right_heel,0.41512048,0.91297466,-0.19487275,448.33012104034424,1752.9113388061523,0.72500527
207097ab-74b4-4d93-b84a-2a4660bc043d,39,0.6941443850267379,left_foot_index,0.56573796,0.92156786,0.19986625,610.9969997406006,1769.410285949707,0.82621276
207097ab-74b4-4d93-b84a-2a4660bc043d,39,0.6941443850267379,right_foot_index,0.5049555,0.9441237,-0.30112857,545.3519082069397,1812.7174758911133,0.93018925
207097ab-74b4-4d93-b84a-2a4660bc043d,40,0.7119429590017825,nose,0.6080884,0.54279876,-0.50461507,656.7354440689087,1042.1736145019531,0.9997782
207097ab-74b4-4d93-b84a-2a4660bc043d,40,0.7119429590017825,left_shoulder,0.6101323,0.59340906,-0.080643155,658.942859172821,1139.3453979492188,0.99976677
207097ab-74b4-4d93-b84a-2a4660bc043d,40,0.7119429590017825,right_shoulder,0.5088432,0.6011039,-0.5105312,549.5506381988525,1154.1194915771484,0.9995342
207097ab-74b4-4d93-b84a-2a4660bc043d,40,0.7119429590017825,left_elbow,0.68623763,0.64193505,-0.31737623,741.1366438865662,1232.5152969360352,0.8891402
207097ab-74b4-4d93-b84a-2a4660bc043d,40,0.7119429590017825,right_elbow,0.5728809,0.6845032,-0.6056486,618.7113976478577,1314.2461395263672,0.99032336
207097ab-74b4-4d93-b84a-2a4660bc043d,40,0.7119429590017825,left_wrist,0.69309795,0.61574024,-0.7388593,748.5457849502563,1182.2212600708008,0.9071466
207097ab-74b4-4d93-b84a-2a4660bc043d,40,0.7119429590017825,right_wrist,0.67037404,0.62497455,-0.5329326,724.0039587020874,1199.9511337280273,0.9882314
207097ab-74b4-4d93-b84a-2a4660bc043d,40,0.7119429590017825,left_hip,0.5110772,0.7132571,0.14672747,551.9634032249451,1369.4535827636719,0.9992643
207097ab-74b4-4d93-b84a-2a4660bc043d,40,0.7119429590017825,right_hip,0.43592268,0.71928006,-0.1466681,470.79649686813354,1381.017723083496,0.99847114
207097ab-74b4-4d93-b84a-2a4660bc043d,40,0.7119429590017825,left_knee,0.6187458,0.80258155,-0.0077397763,668.2454681396484,1540.9565734863281,0.7924099
207097ab-74b4-4d93-b84a-2a4660bc043d,40,0.7119429590017825,right_knee,0.5394623,0.8214944,-0.32703647,582.6193141937256,1577.2692489624023,0.974018
207097ab-74b4-4d93-b84a-2a4660bc043d,40,0.7119429590017825,left_ankle,0.5064587,0.88335484,0.25402468,546.9753956794739,1696.0412979125977,0.76972294
207097ab-74b4-4d93-b84a-2a4660bc043d,40,0.7119429590017825,right_ankle,0.45182568,0.89945596,-0.16588284,487.97173261642456,1726.955451965332,0.934464
207097ab-74b4-4d93-b84a-2a4660bc043d,40,0.7119429590017825,left_heel,0.47262335,0.8917472,0.27696174,510.4332160949707,1712.1545791625977,0.68325615
207097ab-74b4-4d93-b84a-2a4660bc043d,40,0.7119429590017825,right_heel,0.4163954,0.9130299,-0.15112379,449.7070276737213,1753.0174255371094,0.732733
207097ab-74b4-4d93-b84a-2a4660bc043d,40,0.7119429590017825,left_foot_index,0.56599814,0.92065424,0.2009907,611.2779879570007,1767.656135559082,0.8179442
207097ab-74b4-4d93-b84a-2a4660bc043d,40,0.7119429590017825,right_foot_index,0.50991493,0.9438071,-0.25407842,550.7081294059753,1812.1096801757812,0.9300964
207097ab-74b4-4d93-b84a-2a4660bc043d,41,0.7297415329768271,nose,0.6077978,0.5427859,-0.49788612,656.4216256141663,1042.1488952636719,0.9997855
207097ab-74b4-4d93-b84a-2a4660bc043d,41,0.7297415329768271,left_shoulder,0.610212,0.5944261,-0.0632225,659.0289902687073,1141.2981033325195,0.99970603
207097ab-74b4-4d93-b84a-2a4660bc043d,41,0.7297415329768271,right_shoulder,0.51171464,0.60176724,-0.4975489,552.6518082618713,1155.3931045532227,0.99941176
207097ab-74b4-4d93-b84a-2a4660bc043d,41,0.7297415329768271,left_elbow,0.70221406,0.6381989,-0.31592044,758.3911871910095,1225.341911315918,0.89268833
207097ab-74b4-4d93-b84a-2a4660bc043d,41,0.7297415329768271,right_elbow,0.5811512,0.6818896,-0.5551862,627.6432824134827,1309.2280197143555,0.99023443
207097ab-74b4-4d93-b84a-2a4660bc043d,41,0.7297415329768271,left_wrist,0.69794995,0.6041461,-0.7282256,753.7859416007996,1159.9605560302734,0.9035727
207097ab-74b4-4d93-b84a-2a4660bc043d,41,0.7297415329768271,right_wrist,0.67267156,0.6191763,-0.42659566,726.4852809906006,1188.8185501098633,0.98751
207097ab-74b4-4d93-b84a-2a4660bc043d,41,0.7297415329768271,left_hip,0.51240873,0.7148401,0.14867708,553.4014320373535,1372.493019104004,0.99927706
207097ab-74b4-4d93-b84a-2a4660bc043d,41,0.7297415329768271,right_hip,0.4359765,0.72118634,-0.1485933,470.8546257019043,1384.6777725219727,0.9984884
207097ab-74b4-4d93-b84a-2a4660bc043d,41,0.7297415329768271,left_knee,0.6233355,0.80376077,-0.013309838,673.2023191452026,1543.2206726074219,0.7925225
207097ab-74b4-4d93-b84a-2a4660bc043d,41,0.7297415329768271,right_knee,0.5455081,0.82438874,-0.32522666,589.1487336158752,1582.8263854980469,0.9744527
207097ab-74b4-4d93-b84a-2a4660bc043d,41,0.7297415329768271,left_ankle,0.50731134,0.8833635,0.24672273,547.8962516784668,1696.0578918457031,0.7656667
207097ab-74b4-4d93-b84a-2a4660bc043d,41,0.7297415329768271,right_ankle,0.45264155,0.8996285,-0.14269891,488.85287046432495,1727.2867584228516,0.93564796
207097ab-74b4-4d93-b84a-2a4660bc043d,41,0.7297415329768271,left_heel,0.47220793,0.89147526,0.26947793,509.98456835746765,1711.6324996948242,0.6823459
207097ab-74b4-4d93-b84a-2a4660bc043d,41,0.7297415329768271,right_heel,0.41743764,0.9130315,-0.12603983,450.8326542377472,1753.0205154418945,0.7389012
207097ab-74b4-4d93-b84a-2a4660bc043d,41,0.7297415329768271,left_foot_index,0.56620294,0.9205447,0.18800375,611.4991736412048,1767.4457931518555,0.8142513
207097ab-74b4-4d93-b84a-2a4660bc043d,41,0.7297415329768271,right_foot_index,0.50878835,0.94376934,-0.23223193,549.4914150238037,1812.037124633789,0.930261
207097ab-74b4-4d93-b84a-2a4660bc043d,42,0.7475401069518717,nose,0.60753834,0.54273,-0.42909923,656.1414098739624,1042.0415496826172,0.9997882
207097ab-74b4-4d93-b84a-2a4660bc043d,42,0.7475401069518717,left_shoulder,0.61055356,0.5940275,0.008738188,659.3978476524353,1140.5328369140625,0.9996505
207097ab-74b4-4d93-b84a-2a4660bc043d,42,0.7475401069518717,right_shoulder,0.515041,0.60211617,-0.42742237,556.24427318573,1156.0630416870117,0.9990774
207097ab-74b4-4d93-b84a-2a4660bc043d,42,0.7475401069518717,left_elbow,0.71163595,0.6324218,-0.21470107,768.5668230056763,1214.2498397827148,0.8959746
207097ab-74b4-4d93-b84a-2a4660bc043d,42,0.7475401069518717,right_elbow,0.5946777,0.67617357,-0.46468505,642.2519016265869,1298.2532501220703,0.98974234
207097ab-74b4-4d93-b84a-2a4660bc043d,42,0.7475401069518717,left_wrist,0.6985229,0.5923118,-0.59360814,754.4047594070435,1137.238655090332,0.90206003
207097ab-74b4-4d93-b84a-2a4660bc043d,42,0.7475401069518717,right_wrist,0.6740725,0.6071169,-0.29991907,727.9983043670654,1165.664405822754,0.9862404
207097ab-74b4-4d93-b84a-2a4660bc043d,42,0.7475401069518717,left_hip,0.51272476,0.71830827,0.15340942,553.7427377700806,1379.1518783569336,0.99931234
207097ab-74b4-4d93-b84a-2a4660bc043d,42,0.7475401069518717,right_hip,0.43588886,0.7254053,-0.1533101,470.7599651813507,1392.7781295776367,0.99852574
207097ab-74b4-4d93-b84a-2a4660bc043d,42,0.7475401069518717,left_knee,0.6266018,0.80536497,-0.0085520465,676.7299604415894,1546.3007354736328,0.79758364
207097ab-74b4-4d93-b84a-2a4660bc043d,42,0.7475401069518717,right_knee,0.5561905,0.82811475,-0.3029555,600.6857299804688,1589.9803161621094,0.9757285
207097ab-74b4-4d93-b84a-2a4660bc043d,42,0.7475401069518717,left_ankle,0.5075523,0.8833113,0.19750956,548.1565117835999,1695.9576416015625,0.769474
207097ab-74b4-4d93-b84a-2a4660bc043d,42,0.7475401069518717,right_ankle,0.4534329,0.8995086,-0.07836227,489.70751881599426,1727.0565032958984,0.9365678
207097ab-74b4-4d93-b84a-2a4660bc043d,42,0.7475401069518717,left_heel,0.4723323,0.8911968,0.2149145,510.1188826560974,1711.0978317260742,0.68826264
207097ab-74b4-4d93-b84a-2a4660bc043d,42,0.7475401069518717,right_heel,0.4177881,0.912259,-0.05466445,451.21113538742065,1751.5372467041016,0.7441455
207097ab-74b4-4d93-b84a-2a4660bc043d,42,0.7475401069518717,left_foot_index,0.56625617,0.92055666,0.1641343,611.556658744812,1767.4687957763672,0.8167038
207097ab-74b4-4d93-b84a-2a4660bc043d,42,0.7475401069518717,right_foot_index,0.508144,0.94345117,-0.11540274,548.79554271698,1811.4262390136719,0.9300484
207097ab-74b4-4d93-b84a-2a4660bc043d,43,0.7653386809269163,nose,0.6069132,0.54333,-0.4028342,655.4662656784058,1043.1936264038086,0.9997973
207097ab-74b4-4d93-b84a-2a4660bc043d,43,0.7653386809269163,left_shoulder,0.61114144,0.5935234,0.052453633,660.0327587127686,1139.5648956298828,0.9996163
207097ab-74b4-4d93-b84a-2a4660bc043d,43,0.7653386809269163,right_shoulder,0.51817065,0.60218525,-0.37827688,559.6243071556091,1156.1956787109375,0.9986859
207097ab-74b4-4d93-b84a-2a4660bc043d,43,0.7653386809269163,left_elbow,0.71848595,0.6218079,-0.14182343,775.9648275375366,1193.8711166381836,0.901747
207097ab-74b4-4d93-b84a-2a4660bc043d,43,0.7653386809269163,right_elbow,0.6085964,0.6667144,-0.39845195,657.284095287323,1280.0915908813477,0.98858804
207097ab-74b4-4d93-b84a-2a4660bc043d,43,0.7653386809269163,left_wrist,0.6959719,0.5789958,-0.47880813,751.6496586799622,1111.6719818115234,0.9036847
207097ab-74b4-4d93-b84a-2a4660bc043d,43,0.7653386809269163,right_wrist,0.6717577,0.5960196,-0.20968516,725.4983139038086,1144.357681274414,0.9844785
207097ab-74b4-4d93-b84a-2a4660bc043d,43,0.7653386809269163,left_hip,0.5126234,0.72080696,0.15948787,553.633303642273,1383.9493560791016,0.999355
207097ab-74b4-4d93-b84a-2a4660bc043d,43,0.7653386809269163,right_hip,0.4358951,0.7283514,-0.15943262,470.76669216156006,1398.434715270996,0.99858147
207097ab-74b4-4d93-b84a-2a4660bc043d,43,0.7653386809269163,left_knee,0.6284053,0.80724394,-0.014479967,678.6776947975159,1549.9083709716797,0.806113
207097ab-74b4-4d93-b84a-2a4660bc043d,43,0.7653386809269163,right_knee,0.559763,0.83023155,-0.2972183,604.5440554618835,1594.0445709228516,0.9768431
207097ab-74b4-4d93-b84a-2a4660bc043d,43,0.7653386809269163,left_ankle,0.5099504,0.88409525,0.14342119,550.746431350708,1697.4628829956055,0.7768761
207097ab-74b4-4d93-b84a-2a4660bc043d,43,0.7653386809269163,right_ankle,0.45380664,0.8995167,-0.054144107,490.1111698150635,1727.0720672607422,0.9371783
207097ab-74b4-4d93-b84a-2a4660bc043d,43,0.7653386809269163,left_heel,0.47331014,0.8920246,0.15800364,511.1749541759491,1712.6871871948242,0.69744724
207097ab-74b4-4d93-b84a-2a4660bc043d,43,0.7653386809269163,right_heel,0.4179819,0.9121832,-0.028164854,451.4204442501068,1751.3917922973633,0.7471639
207097ab-74b4-4d93-b84a-2a4660bc043d,43,0.7653386809269163,left_foot_index,0.56712687,0.92111963,0.105765894,612.4970197677612,1768.549690246582,0.8215649
207097ab-74b4-4d93-b84a-2a4660bc043d,43,0.7653386809269163,right_foot_index,0.50633,0.9435034,-0.07976362,546.8364143371582,1811.5264892578125,0.92984027
207097ab-74b4-4d93-b84a-2a4660bc043d,44,0.7831372549019607,nose,0.60495585,0.5438339,-0.35778198,653.3523201942444,1044.1611099243164,0.9998122
207097ab-74b4-4d93-b84a-2a4660bc043d,44,0.7831372549019607,left_shoulder,0.6111518,0.5931648,0.086091086,660.0439596176147,1138.8764190673828,0.9995999
207097ab-74b4-4d93-b84a-2a4660bc043d,44,0.7831372549019607,right_shoulder,0.5222564,0.60163695,-0.3407929,564.0368843078613,1155.142936706543,0.9983575
207097ab-74b4-4d93-b84a-2a4660bc043d,44,0.7831372549019607,left_elbow,0.72196066,0.61229366,-0.02988533,779.7175168991089,1175.6038284301758,0.90737647
207097ab-74b4-4d93-b84a-2a4660bc043d,44,0.7831372549019607,right_elbow,0.6175688,0.6496703,-0.3575515,666.9742941856384,1247.3669815063477,0.9877483
207097ab-74b4-4d93-b84a-2a4660bc043d,44,0.7831372549019607,left_wrist,0.69545877,0.56556493,-0.2603108,751.0954713821411,1085.884666442871,0.90345865
207097ab-74b4-4d93-b84a-2a4660bc043d,44,0.7831372549019607,right_wrist,0.6701413,0.5822351,-0.15690504,723.7525820732117,1117.8913879394531,0.98302525
207097ab-74b4-4d93-b84a-2a4660bc043d,44,0.7831372549019607,left_hip,0.51273596,0.72388965,0.16218008,553.7548398971558,1389.8681259155273,0.9993944
207097ab-74b4-4d93-b84a-2a4660bc043d,44,0.7831372549019607,right_hip,0.43595862,0.7316606,-0.1621369,470.83531379699707,1404.7883605957031,0.99863476
207097ab-74b4-4d93-b84a-2a4660bc043d,44,0.7831372549019607,left_knee,0.63284737,0.8082105,-0.019674703,683.4751582145691,1551.764144897461,0.8159996
207097ab-74b4-4d93-b84a-2a4660bc043d,44,0.7831372549019607,right_knee,0.5664115,0.83224446,-0.26270115,611.7244148254395,1597.9093551635742,0.978091
207097ab-74b4-4d93-b84a-2a4660bc043d,44,0.7831372549019607,left_ankle,0.51105374,0.88448256,0.10091684,551.9380402565002,1698.2065200805664,0.7866181
207097ab-74b4-4d93-b84a-2a4660bc043d,44,0.7831372549019607,right_ankle,0.45421878,0.8995737,-0.029761003,490.55627703666687,1727.1814727783203,0.93877274
207097ab-74b4-4d93-b84a-2a4660bc043d,44,0.7831372549019607,left_heel,0.4767853,0.8960091,0.11189763,514.928126335144,1720.3374481201172,0.71039313
207097ab-74b4-4d93-b84a-2a4660bc043d,44,0.7831372549019607,right_heel,0.4182338,0.91220593,-0.0043493365,451.69251680374146,1751.4353942871094,0.7542311
207097ab-74b4-4d93-b84a-2a4660bc043d,44,0.7831372549019607,left_foot_index,0.5679716,0.9211358,0.06628988,613.4093141555786,1768.5807037353516,0.82788104
207097ab-74b4-4d93-b84a-2a4660bc043d,44,0.7831372549019607,right_foot_index,0.50596744,0.94299644,-0.043455333,546.444833278656,1810.5531692504883,0.9307719
207097ab-74b4-4d93-b84a-2a4660bc043d,45,0.8009358288770053,nose,0.602587,0.5438363,-0.4188692,650.7939434051514,1044.1656875610352,0.9998273
207097ab-74b4-4d93-b84a-2a4660bc043d,45,0.8009358288770053,left_shoulder,0.61124295,0.5906192,0.06093948,660.1423859596252,1133.9888763427734,0.9995664
207097ab-74b4-4d93-b84a-2a4660bc043d,45,0.8009358288770053,right_shoulder,0.52673006,0.59920686,-0.38299406,568.868465423584,1150.477180480957,0.99808025
207097ab-74b4-4d93-b84a-2a4660bc043d,45,0.8009358288770053,left_elbow,0.7280529,0.600506,0.07919093,786.2971472740173,1152.971534729004,0.9074447
207097ab-74b4-4d93-b84a-2a4660bc043d,45,0.8009358288770053,right_elbow,0.62500197,0.63531214,-0.45137396,675.0021243095398,1219.7993087768555,0.9872032
207097ab-74b4-4d93-b84a-2a4660bc043d,45,0.8009358288770053,left_wrist,0.6908757,0.5514194,0.0029693206,746.1457657814026,1058.7252044677734,0.89385307
207097ab-74b4-4d93-b84a-2a4660bc043d,45,0.8009358288770053,right_wrist,0.66683096,0.5653241,-0.34676087,720.1774334907532,1085.4223251342773,0.9823733
207097ab-74b4-4d93-b84a-2a4660bc043d,45,0.8009358288770053,left_hip,0.51304585,0.7246093,0.16708794,554.089515209198,1391.249885559082,0.9994183
207097ab-74b4-4d93-b84a-2a4660bc043d,45,0.8009358288770053,right_hip,0.43602756,0.73291683,-0.16713455,470.90976119041443,1407.2003173828125,0.998657
207097ab-74b4-4d93-b84a-2a4660bc043d,45,0.8009358288770053,left_knee,0.63535106,0.8087561,-0.007627854,686.1791467666626,1552.8117370605469,0.8246609
207097ab-74b4-4d93-b84a-2a4660bc043d,45,0.8009358288770053,right_knee,0.5679938,0.8347236,-0.2512806,613.4333252906799,1602.6692962646484,0.9790989
207097ab-74b4-4d93-b84a-2a4660bc043d,45,0.8009358288770053,left_ankle,0.5140153,0.884806,0.11924853,555.1365423202515,1698.8274765014648,0.7938884
207097ab-74b4-4d93-b84a-2a4660bc043d,45,0.8009358288770053,right_ankle,0.45424557,0.90030676,-0.017172728,490.58521270751953,1728.588981628418,0.9389247
207097ab-74b4-4d93-b84a-2a4660bc043d,45,0.8009358288770053,left_heel,0.47379568,0.8959979,0.13049142,511.69933676719666,1720.315933227539,0.7202966
207097ab-74b4-4d93-b84a-2a4660bc043d,45,0.8009358288770053,right_heel,0.41781187,0.91216224,0.010357272,451.23682022094727,1751.3515090942383,0.7589818
207097ab-74b4-4d93-b84a-2a4660bc043d,45,0.8009358288770053,left_foot_index,0.5680954,0.9222508,0.09193973,613.543016910553,1770.721549987793,0.82989395
207097ab-74b4-4d93-b84a-2a4660bc043d,45,0.8009358288770053,right_foot_index,0.505752,0.9430688,-0.0059236027,546.2121891975403,1810.6921005249023,0.9290508
207097ab-74b4-4d93-b84a-2a4660bc043d,46,0.8187344028520499,nose,0.60257506,0.5450919,-0.42016688,650.7810688018799,1046.5764999389648,0.9998431
207097ab-74b4-4d93-b84a-2a4660bc043d,46,0.8187344028520499,left_shoulder,0.61025715,0.5893429,0.057293616,659.0777206420898,1131.5383529663086,0.99956274
207097ab-74b4-4d93-b84a-2a4660bc043d,46,0.8187344028520499,right_shoulder,0.52794486,0.596666,-0.36374077,570.1804518699646,1145.5986785888672,0.9979244
207097ab-74b4-4d93-b84a-2a4660bc043d,46,0.8187344028520499,left_elbow,0.7265609,0.58883846,0.15643916,784.6857619285583,1130.569839477539,0.9084107
207097ab-74b4-4d93-b84a-2a4660bc043d,46,0.8187344028520499,right_elbow,0.6298009,0.6222262,-0.44701034,680.1849889755249,1194.6742630004883,0.98731154
207097ab-74b4-4d93-b84a-2a4660bc043d,46,0.8187344028520499,left_wrist,0.6815243,0.539269,0.17870133,736.0462188720703,1035.3964233398438,0.888805
207097ab-74b4-4d93-b84a-2a4660bc043d,46,0.8187344028520499,right_wrist,0.66149807,0.55426,-0.34109095,714.4179153442383,1064.1792297363281,0.98218954
207097ab-74b4-4d93-b84a-2a4660bc043d,46,0.8187344028520499,left_hip,0.51108587,0.7253565,0.1642289,551.9727373123169,1392.6845169067383,0.9994409
207097ab-74b4-4d93-b84a-2a4660bc043d,46,0.8187344028520499,right_hip,0.4361045,0.7333548,-0.16426158,470.99286675453186,1408.0412292480469,0.9986872
207097ab-74b4-4d93-b84a-2a4660bc043d,46,0.8187344028520499,left_knee,0.6374686,0.80877846,0.016356073,688.4660625457764,1552.8546524047852,0.8330983
207097ab-74b4-4d93-b84a-2a4660bc043d,46,0.8187344028520499,right_knee,0.57219493,0.83597684,-0.22841096,617.9705286026001,1605.0755310058594,0.97991276
207097ab-74b4-4d93-b84a-2a4660bc043d,46,0.8187344028520499,left_ankle,0.5155257,0.88403475,0.12242415,556.7677545547485,1697.3467254638672,0.7990864
207097ab-74b4-4d93-b84a-2a4660bc043d,46,0.8187344028520499,right_ankle,0.4542178,0.90075207,0.011705968,490.555214881897,1729.4439697265625,0.93786067
207097ab-74b4-4d93-b84a-2a4660bc043d,46,0.8187344028520499,left_heel,0.47230816,0.8949938,0.13133112,510.09281158447266,1718.3880615234375,0.72607344
207097ab-74b4-4d93-b84a-2a4660bc043d,46,0.8187344028520499,right_heel,0.41724575,0.91205984,0.04136123,450.6254053115845,1751.154899597168,0.7635929
207097ab-74b4-4d93-b84a-2a4660bc043d,46,0.8187344028520499,left_foot_index,0.5699113,0.9224362,0.10379863,615.5042052268982,1771.0774612426758,0.8287024
207097ab-74b4-4d93-b84a-2a4660bc043d,46,0.8187344028520499,right_foot_index,0.5057083,0.9431152,0.05116186,546.1649394035339,1810.781135559082,0.9261969
207097ab-74b4-4d93-b84a-2a4660bc043d,47,0.8365329768270945,nose,0.6018479,0.5444203,-0.42404,649.9957180023193,1045.286979675293,0.99985796
207097ab-74b4-4d93-b84a-2a4660bc043d,47,0.8365329768270945,left_shoulder,0.60477734,0.58772624,0.07358141,653.1595230102539,1128.4343719482422,0.9995245
207097ab-74b4-4d93-b84a-2a4660bc043d,47,0.8365329768270945,right_shoulder,0.5266839,0.59439766,-0.34578598,568.8186407089233,1141.2435150146484,0.99774295
207097ab-74b4-4d93-b84a-2a4660bc043d,47,0.8365329768270945,left_elbow,0.7199331,0.5799259,0.1917244,777.5277400016785,1113.4577178955078,0.9044931
207097ab-74b4-4d93-b84a-2a4660bc043d,47,0.8365329768270945,right_elbow,0.62724596,0.61335325,-0.4554539,677.425639629364,1177.6382446289062,0.9868888
207097ab-74b4-4d93-b84a-2a4660bc043d,47,0.8365329768270945,left_wrist,0.6701028,0.52961767,0.22493763,723.7109971046448,1016.8659210205078,0.8805316
207097ab-74b4-4d93-b84a-2a4660bc043d,47,0.8365329768270945,right_wrist,0.6506876,0.5444778,-0.37329325,702.7425813674927,1045.3974151611328,0.9812181
207097ab-74b4-4d93-b84a-2a4660bc043d,47,0.8365329768270945,left_hip,0.51121426,0.72642964,0.16310477,552.1113967895508,1394.7449111938477,0.9994539
207097ab-74b4-4d93-b84a-2a4660bc043d,47,0.8365329768270945,right_hip,0.4376007,0.7339624,-0.16318327,472.60875821113586,1409.2078399658203,0.99871457
207097ab-74b4-4d93-b84a-2a4660bc043d,47,0.8365329768270945,left_knee,0.6368742,0.8093382,0.045772728,687.8241348266602,1553.9293670654297,0.83744186
207097ab-74b4-4d93-b84a-2a4660bc043d,47,0.8365329768270945,right_knee,0.5740006,0.8375174,-0.21685663,619.9206447601318,1608.0333709716797,0.98013395
207097ab-74b4-4d93-b84a-2a4660bc043d,47,0.8365329768270945,left_ankle,0.51526976,0.8842436,0.1417747,556.4913368225098,1697.7477264404297,0.7988975
207097ab-74b4-4d93-b84a-2a4660bc043d,47,0.8365329768270945,right_ankle,0.45414534,0.90220106,0.025709204,490.4769694805145,1732.2260284423828,0.9349871
207097ab-74b4-4d93-b84a-2a4660bc043d,47,0.8365329768270945,left_heel,0.46906215,0.8950473,0.1517145,506.5871214866638,1718.4908294677734,0.72557276
207097ab-74b4-4d93-b84a-2a4660bc043d,47,0.8365329768270945,right_heel,0.41602564,0.9124531,0.055847686,449.30768966674805,1751.9099807739258,0.7657813
207097ab-74b4-4d93-b84a-2a4660bc043d,47,0.8365329768270945,left_foot_index,0.5695338,0.9225813,0.13164325,615.0965309143066,1771.3561248779297,0.822776
207097ab-74b4-4d93-b84a-2a4660bc043d,47,0.8365329768270945,right_foot_index,0.5058561,0.94326454,0.07360415,546.3245844841003,1811.0679244995117,0.9208616
207097ab-74b4-4d93-b84a-2a4660bc043d,48,0.8543315508021391,nose,0.601501,0.54129446,-0.41137967,649.6210670471191,1039.2853546142578,0.9998705
207097ab-74b4-4d93-b84a-2a4660bc043d,48,0.8543315508021391,left_shoulder,0.6021474,0.58734083,0.0728307,650.3191924095154,1127.6943969726562,0.9994914
207097ab-74b4-4d93-b84a-2a4660bc043d,48,0.8543315508021391,right_shoulder,0.52546257,0.5911383,-0.3474061,567.4995732307434,1134.9855422973633,0.99740046
207097ab-74b4-4d93-b84a-2a4660bc043d,48,0.8543315508021391,left_elbow,0.7177688,0.56948626,0.18178488,775.1902914047241,1093.4136199951172,0.903436
207097ab-74b4-4d93-b84a-2a4660bc043d,48,0.8543315508021391,right_elbow,0.6301528,0.5979789,-0.466312,680.5650472640991,1148.1194686889648,0.9865881
207097ab-74b4-4d93-b84a-2a4660bc043d,48,0.8543315508021391,left_wrist,0.6577197,0.5157761,0.21863393,710.337245464325,990.2901077270508,0.8743923
207097ab-74b4-4d93-b84a-2a4660bc043d,48,0.8543315508021391,right_wrist,0.64219856,0.5314236,-0.40419996,693.5744476318359,1020.333366394043,0.97986937
207097ab-74b4-4d93-b84a-2a4660bc043d,48,0.8543315508021391,left_hip,0.51144636,0.7266977,0.16512838,552.3620653152466,1395.2595520019531,0.9994688
207097ab-74b4-4d93-b84a-2a4660bc043d,48,0.8543315508021391,right_hip,0.43933278,0.73394173,-0.165284,474.47940587997437,1409.1681289672852,0.9987261
207097ab-74b4-4d93-b84a-2a4660bc043d,48,0.8543315508021391,left_knee,0.63695043,0.8093675,0.042894047,687.9064679145813,1553.9855575561523,0.8399753
207097ab-74b4-4d93-b84a-2a4660bc043d,48,0.8543315508021391,right_knee,0.57358783,0.8372006,-0.21963589,619.4748616218567,1607.4251174926758,0.98029506
207097ab-74b4-4d93-b84a-2a4660bc043d,48,0.8543315508021391,left_ankle,0.5146869,0.88402843,0.14730078,555.8618330955505,1697.3345947265625,0.79876995
207097ab-74b4-4d93-b84a-2a4660bc043d,48,0.8543315508021391,right_ankle,0.45425,0.9021683,0.02737509,490.59000849723816,1732.1630859375,0.9318486
207097ab-74b4-4d93-b84a-2a4660bc043d,48,0.8543315508021391,left_heel,0.4664583,0.89503735,0.15694879,503.77495408058167,1718.4717178344727,0.7255485
207097ab-74b4-4d93-b84a-2a4660bc043d,48,0.8543315508021391,right_heel,0.41561177,0.91245866,0.05761625,448.8607156276703,1751.9206237792969,0.7669262
207097ab-74b4-4d93-b84a-2a4660bc043d,48,0.8543315508021391,left_foot_index,0.5685526,0.9225892,0.13713127,614.0368223190308,1771.3712310791016,0.81769025
207097ab-74b4-4d93-b84a-2a4660bc043d,48,0.8543315508021391,right_foot_index,0.5057656,0.9430163,0.07046408,546.2268662452698,1810.5912780761719,0.91557145
207097ab-74b4-4d93-b84a-2a4660bc043d,49,0.8721301247771835,nose,0.60015655,0.5326555,-0.36059958,648.1690692901611,1022.6985168457031,0.99988216
207097ab-74b4-4d93-b84a-2a4660bc043d,49,0.8721301247771835,left_shoulder,0.6025941,0.5834114,0.121145114,650.8016037940979,1120.1498794555664,0.9994682
207097ab-74b4-4d93-b84a-2a4660bc043d,49,0.8721301247771835,right_shoulder,0.5249329,0.583788,-0.2899199,566.9275546073914,1120.872917175293,0.99723095
207097ab-74b4-4d93-b84a-2a4660bc043d,49,0.8721301247771835,left_elbow,0.7159621,0.5584126,0.22495136,773.2390809059143,1072.152214050293,0.89991254
207097ab-74b4-4d93-b84a-2a4660bc043d,49,0.8721301247771835,right_elbow,0.637379,0.58049446,-0.43441278,688.3693099021912,1114.5493698120117,0.98510826
207097ab-74b4-4d93-b84a-2a4660bc043d,49,0.8721301247771835,left_wrist,0.6501482,0.50988775,0.28321448,702.1600699424744,978.984489440918,0.8588317
207097ab-74b4-4d93-b84a-2a4660bc043d,49,0.8721301247771835,right_wrist,0.63640183,0.5202018,-0.3671657,687.3139786720276,998.7874603271484,0.97435707
207097ab-74b4-4d93-b84a-2a4660bc043d,49,0.8721301247771835,left_hip,0.51265365,0.72611433,0.1691975,553.6659407615662,1394.139518737793,0.99948984
207097ab-74b4-4d93-b84a-2a4660bc043d,49,0.8721301247771835,right_hip,0.44192532,0.7331658,-0.16941063,477.2793424129486,1407.678337097168,0.99876344
207097ab-74b4-4d93-b84a-2a4660bc043d,49,0.8721301247771835,left_knee,0.6368145,0.8094423,0.042366568,687.75963306427,1554.1291809082031,0.84069395
207097ab-74b4-4d93-b84a-2a4660bc043d,49,0.8721301247771835,right_knee,0.5717553,0.83715504,-0.231903,617.4957132339478,1607.3376846313477,0.9802271
207097ab-74b4-4d93-b84a-2a4660bc043d,49,0.8721301247771835,left_ankle,0.51447314,0.8836694,0.14863446,555.6309914588928,1696.6452026367188,0.7998326
207097ab-74b4-4d93-b84a-2a4660bc043d,49,0.8721301247771835,right_ankle,0.4565075,0.9018884,0.035046607,493.02810430526733,1731.6256713867188,0.9283666
207097ab-74b4-4d93-b84a-2a4660bc043d,49,0.8721301247771835,left_heel,0.4662871,0.8936324,0.16043113,503.59007477760315,1715.7742309570312,0.7277568
207097ab-74b4-4d93-b84a-2a4660bc043d,49,0.8721301247771835,right_heel,0.41638225,0.9117803,0.06835313,449.6928334236145,1750.6181716918945,0.7694945
207097ab-74b4-4d93-b84a-2a4660bc043d,49,0.8721301247771835,left_foot_index,0.56739974,0.9226913,0.15220019,612.7917194366455,1771.567268371582,0.8140961
207097ab-74b4-4d93-b84a-2a4660bc043d,49,0.8721301247771835,right_foot_index,0.5054768,0.9430293,0.08455035,545.9149146080017,1810.616226196289,0.91066563
207097ab-74b4-4d93-b84a-2a4660bc043d,50,0.8899286987522281,nose,0.6001897,0.5242757,-0.31360742,648.2048606872559,1006.6093826293945,0.9998933
207097ab-74b4-4d93-b84a-2a4660bc043d,50,0.8899286987522281,left_shoulder,0.6029548,0.5749026,0.1482375,651.191189289093,1103.8129806518555,0.9994654
207097ab-74b4-4d93-b84a-2a4660bc043d,50,0.8899286987522281,right_shoulder,0.5239972,0.57368237,-0.25764924,565.9169626235962,1101.4701461791992,0.9972905
207097ab-74b4-4d93-b84a-2a4660bc043d,50,0.8899286987522281,left_elbow,0.71517706,0.5464197,0.26506796,772.3912239074707,1049.1257858276367,0.8960449
207097ab-74b4-4d93-b84a-2a4660bc043d,50,0.8899286987522281,right_elbow,0.6349497,0.5729989,-0.4238652,685.7456588745117,1100.1578521728516,0.98416173
207097ab-74b4-4d93-b84a-2a4660bc043d,50,0.8899286987522281,left_wrist,0.6436608,0.5005966,0.35723332,695.1536464691162,961.1454391479492,0.8384323
207097ab-74b4-4d93-b84a-2a4660bc043d,50,0.8899286987522281,right_wrist,0.6234133,0.5061458,-0.37186465,673.2863903045654,971.7998886108398,0.9683466
207097ab-74b4-4d93-b84a-2a4660bc043d,50,0.8899286987522281,left_hip,0.51615554,0.7257359,0.1702264,557.4479842185974,1393.4129333496094,0.9995096
207097ab-74b4-4d93-b84a-2a4660bc043d,50,0.8899286987522281,right_hip,0.44588795,0.7320643,-0.17039317,481.55898928642273,1405.5634689331055,0.99881613
207097ab-74b4-4d93-b84a-2a4660bc043d,50,0.8899286987522281,left_knee,0.6365443,0.8092999,0.048855077,687.4678301811218,1553.8557815551758,0.84088725
207097ab-74b4-4d93-b84a-2a4660bc043d,50,0.8899286987522281,right_knee,0.5701814,0.83651036,-0.23124237,615.79594373703,1606.0998916625977,0.98027223
207097ab-74b4-4d93-b84a-2a4660bc043d,50,0.8899286987522281,left_ankle,0.5143489,0.88312435,0.15287611,555.496838092804,1695.5987548828125,0.8014899
207097ab-74b4-4d93-b84a-2a4660bc043d,50,0.8899286987522281,right_ankle,0.4564387,0.9017986,0.02143867,492.9537856578827,1731.4533233642578,0.92743796
207097ab-74b4-4d93-b84a-2a4660bc043d,50,0.8899286987522281,left_heel,0.46643224,0.893031,0.1651478,503.7468230724335,1714.6195220947266,0.7324848
207097ab-74b4-4d93-b84a-2a4660bc043d,50,0.8899286987522281,right_heel,0.4163962,0.91158795,0.05271249,449.70789670944214,1750.2488708496094,0.77697414
207097ab-74b4-4d93-b84a-2a4660bc043d,50,0.8899286987522281,left_foot_index,0.5672971,0.92267287,0.14956732,612.680869102478,1771.5319061279297,0.812345
207097ab-74b4-4d93-b84a-2a4660bc043d,50,0.8899286987522281,right_foot_index,0.50541013,0.94296926,0.06107141,545.8429455757141,1810.5009841918945,0.90873855
207097ab-74b4-4d93-b84a-2a4660bc043d,51,0.9077272727272727,nose,0.60022897,0.51632226,-0.30297646,648.2472825050354,991.3387298583984,0.9999018
207097ab-74b4-4d93-b84a-2a4660bc043d,51,0.9077272727272727,left_shoulder,0.59894925,0.5670699,0.15942118,646.8651938438416,1088.774185180664,0.99938476
207097ab-74b4-4d93-b84a-2a4660bc043d,51,0.9077272727272727,right_shoulder,0.52390116,0.5662256,-0.27130345,565.8132576942444,1087.1531295776367,0.9972436
207097ab-74b4-4d93-b84a-2a4660bc043d,51,0.9077272727272727,left_elbow,0.703748,0.5368387,0.2901925,760.0478267669678,1030.730323791504,0.88090456
207097ab-74b4-4d93-b84a-2a4660bc043d,51,0.9077272727272727,right_elbow,0.64298975,0.54680336,-0.42646122,694.4289350509644,1049.8624420166016,0.98126125
207097ab-74b4-4d93-b84a-2a4660bc043d,51,0.9077272727272727,left_wrist,0.63834524,0.49063239,0.38269418,689.4128608703613,942.0141792297363,0.8003119
207097ab-74b4-4d93-b84a-2a4660bc043d,51,0.9077272727272727,right_wrist,0.61380786,0.4896749,-0.36265394,662.9124855995178,940.1758003234863,0.9591773
207097ab-74b4-4d93-b84a-2a4660bc043d,51,0.9077272727272727,left_hip,0.5213679,0.7228597,0.17282926,563.0773401260376,1387.8905868530273,0.9995151
207097ab-74b4-4d93-b84a-2a4660bc043d,51,0.9077272727272727,right_hip,0.45107988,0.7265447,-0.17296988,487.1662652492523,1394.9657821655273,0.9988362
207097ab-74b4-4d93-b84a-2a4660bc043d,51,0.9077272727272727,left_knee,0.6345411,0.8092222,0.04820485,685.3043818473816,1553.7066650390625,0.82752067
207097ab-74b4-4d93-b84a-2a4660bc043d,51,0.9077272727272727,right_knee,0.55972654,0.83578146,-0.19715473,604.5046591758728,1604.7003936767578,0.97798294
207097ab-74b4-4d93-b84a-2a4660bc043d,51,0.9077272727272727,left_ankle,0.51142526,0.8826826,0.18828773,552.339277267456,1694.750633239746,0.7922822
207097ab-74b4-4d93-b84a-2a4660bc043d,51,0.9077272727272727,right_ankle,0.45610198,0.9022693,0.044658672,492.5901424884796,1732.357063293457,0.9245069
207097ab-74b4-4d93-b84a-2a4660bc043d,51,0.9077272727272727,left_heel,0.4650895,0.8932006,0.20113656,502.29665994644165,1714.9451065063477,0.7302459
207097ab-74b4-4d93-b84a-2a4660bc043d,51,0.9077272727272727,right_heel,0.41635534,0.9123595,0.071959,449.6637690067291,1751.7301940917969,0.7831595
207097ab-74b4-4d93-b84a-2a4660bc043d,51,0.9077272727272727,left_foot_index,0.56639177,0.92255616,0.16346247,611.7031073570251,1771.3078308105469,0.8031328
207097ab-74b4-4d93-b84a-2a4660bc043d,51,0.9077272727272727,right_foot_index,0.5081053,0.9421138,0.045136556,548.7537002563477,1808.858528137207,0.904287
207097ab-74b4-4d93-b84a-2a4660bc043d,52,0.9255258467023173,nose,0.59659666,0.50756973,-0.32922864,644.3243908882141,974.5338821411133,0.99990827
207097ab-74b4-4d93-b84a-2a4660bc043d,52,0.9255258467023173,left_shoulder,0.5959184,0.5600957,0.1435437,643.591890335083,1075.3837966918945,0.9991618
207097ab-74b4-4d93-b84a-2a4660bc043d,52,0.9255258467023173,right_shoulder,0.523449,0.5588949,-0.27756688,565.324923992157,1073.0781555175781,0.99701434
207097ab-74b4-4d93-b84a-2a4660bc043d,52,0.9255258467023173,left_elbow,0.6943388,0.5272883,0.27320984,749.8859024047852,1012.3935699462891,0.8662214
207097ab-74b4-4d93-b84a-2a4660bc043d,52,0.9255258467023173,right_elbow,0.64562213,0.5353158,-0.36506006,697.2719049453735,1027.8063583374023,0.9789631
207097ab-74b4-4d93-b84a-2a4660bc043d,52,0.9255258467023173,left_wrist,0.63377345,0.47968483,0.34702417,684.4753217697144,920.994873046875,0.7700607
207097ab-74b4-4d93-b84a-2a4660bc043d,52,0.9255258467023173,right_wrist,0.6111994,0.4751893,-0.20927906,660.095329284668,912.363452911377,0.9522523
207097ab-74b4-4d93-b84a-2a4660bc043d,52,0.9255258467023173,left_hip,0.52419406,0.7170985,0.17177033,566.1295866966248,1376.8290710449219,0.9994974
207097ab-74b4-4d93-b84a-2a4660bc043d,52,0.9255258467023173,right_hip,0.45327055,0.7189711,-0.1719212,489.5321989059448,1380.424461364746,0.99881256
207097ab-74b4-4d93-b84a-2a4660bc043d,52,0.9255258467023173,left_knee,0.62553567,0.8088678,0.041272726,675.5785202980042,1553.0261993408203,0.8063879
207097ab-74b4-4d93-b84a-2a4660bc043d,52,0.9255258467023173,right_knee,0.5455907,0.83384365,-0.16614982,589.2379546165466,1600.9798049926758,0.9744861
207097ab-74b4-4d93-b84a-2a4660bc043d,52,0.9255258467023173,left_ankle,0.5085942,0.88271594,0.22164533,549.2817521095276,1694.8146057128906,0.77726495
207097ab-74b4-4d93-b84a-2a4660bc043d,52,0.9255258467023173,right_ankle,0.45604172,0.9032669,0.06422457,492.52506136894226,1734.2724609375,0.923465
207097ab-74b4-4d93-b84a-2a4660bc043d,52,0.9255258467023173,left_heel,0.46507794,0.89420444,0.23818725,502.2841715812683,1716.8725204467773,0.7229807
207097ab-74b4-4d93-b84a-2a4660bc043d,52,0.9255258467023173,right_heel,0.41708544,0.913778,0.08746128,450.4522740840912,1754.4537734985352,0.78975344
207097ab-74b4-4d93-b84a-2a4660bc043d,52,0.9255258467023173,left_foot_index,0.5659411,0.9225554,0.18327062,611.2163829803467,1771.3063430786133,0.791128
207097ab-74b4-4d93-b84a-2a4660bc043d,52,0.9255258467023173,right_foot_index,0.51185566,0.94172573,0.026541185,552.804114818573,1808.1134033203125,0.9017597
207097ab-74b4-4d93-b84a-2a4660bc043d,53,0.9433244206773619,nose,0.59513336,0.4992772,-0.28398147,642.7440333366394,958.612232208252,0.99990916
207097ab-74b4-4d93-b84a-2a4660bc043d,53,0.9433244206773619,left_shoulder,0.59149086,0.5535539,0.14723541,638.810133934021,1062.8234481811523,0.99873835
207097ab-74b4-4d93-b84a-2a4660bc043d,53,0.9433244206773619,right_shoulder,0.5229841,0.55085456,-0.27064294,564.8228144645691,1057.6407623291016,0.99675685
207097ab-74b4-4d93-b84a-2a4660bc043d,53,0.9433244206773619,left_elbow,0.68040365,0.5182518,0.28742698,734.8359417915344,995.0434112548828,0.8366898
207097ab-74b4-4d93-b84a-2a4660bc043d,53,0.9433244206773619,right_elbow,0.6505152,0.52021515,-0.3080387,702.556414604187,998.8130950927734,0.9761155
207097ab-74b4-4d93-b84a-2a4660bc043d,53,0.9433244206773619,left_wrist,0.6269457,0.4684931,0.35926452,677.1013283729553,899.5067596435547,0.72372586
207097ab-74b4-4d93-b84a-2a4660bc043d,53,0.9433244206773619,right_wrist,0.60799164,0.46174088,-0.06420072,656.6309666633606,886.5424919128418,0.9384962
207097ab-74b4-4d93-b84a-2a4660bc043d,53,0.9433244206773619,left_hip,0.53190404,0.7122723,0.17158113,574.45636510849,1367.5627899169922,0.99946094
207097ab-74b4-4d93-b84a-2a4660bc043d,53,0.9433244206773619,right_hip,0.45747378,0.7134604,-0.17172611,494.0716874599457,1369.8439407348633,0.99878174
207097ab-74b4-4d93-b84a-2a4660bc043d,53,0.9433244206773619,left_knee,0.62144494,0.80782825,0.037727285,671.1605358123779,1551.0302352905273,0.7858328
207097ab-74b4-4d93-b84a-2a4660bc043d,53,0.9433244206773619,right_knee,0.53694856,0.8306451,-0.14302216,579.9044466018677,1594.8385620117188,0.9700916
207097ab-74b4-4d93-b84a-2a4660bc043d,53,0.9433244206773619,left_ankle,0.5087816,0.88244283,0.25398526,549.4841408729553,1694.2902374267578,0.7609398
207097ab-74b4-4d93-b84a-2a4660bc043d,53,0.9433244206773619,right_ankle,0.45558935,0.9045977,0.10388453,492.0365023612976,1736.8275833129883,0.9229948
207097ab-74b4-4d93-b84a-2a4660bc043d,53,0.9433244206773619,left_heel,0.46775004,0.894188,0.27359304,505.1700460910797,1716.840934753418,0.7139352
207097ab-74b4-4d93-b84a-2a4660bc043d,53,0.9433244206773619,right_heel,0.41723764,0.9159645,0.12619549,450.61665058135986,1758.6518096923828,0.7947156
207097ab-74b4-4d93-b84a-2a4660bc043d,53,0.9433244206773619,left_foot_index,0.56451285,0.92255527,0.20150627,609.6738767623901,1771.3061141967773,0.7820392
207097ab-74b4-4d93-b84a-2a4660bc043d,53,0.9433244206773619,right_foot_index,0.511629,0.94178385,0.024656232,552.5593042373657,1808.224983215332,0.9006472
207097ab-74b4-4d93-b84a-2a4660bc043d,54,0.9611229946524064,nose,0.5935583,0.48969167,-0.2885171,641.0429763793945,940.2080154418945,0.999909
207097ab-74b4-4d93-b84a-2a4660bc043d,54,0.9611229946524064,left_shoulder,0.58366865,0.5435597,0.14838476,630.3621411323547,1043.6345672607422,0.9984704
207097ab-74b4-4d93-b84a-2a4660bc043d,54,0.9611229946524064,right_shoulder,0.5227049,0.5402923,-0.27845964,564.5212912559509,1037.3612594604492,0.9966352
207097ab-74b4-4d93-b84a-2a4660bc043d,54,0.9611229946524064,left_elbow,0.6693911,0.5045376,0.30723926,722.9423832893372,968.712158203125,0.80657375
207097ab-74b4-4d93-b84a-2a4660bc043d,54,0.9611229946524064,right_elbow,0.64988464,0.50760347,-0.30163628,701.8754124641418,974.5986557006836,0.9736883
207097ab-74b4-4d93-b84a-2a4660bc043d,54,0.9611229946524064,left_wrist,0.6204021,0.45521545,0.37903172,670.0342655181885,874.013671875,0.681085
207097ab-74b4-4d93-b84a-2a4660bc043d,54,0.9611229946524064,right_wrist,0.6054288,0.4517212,-0.019615514,653.8631200790405,867.3046875,0.9206087
207097ab-74b4-4d93-b84a-2a4660bc043d,54,0.9611229946524064,left_hip,0.537265,0.7066742,0.17082036,580.2462029457092,1356.8144989013672,0.99946964
207097ab-74b4-4d93-b84a-2a4660bc043d,54,0.9611229946524064,right_hip,0.46048686,0.70779234,-0.17097016,497.3258078098297,1358.961296081543,0.998807
207097ab-74b4-4d93-b84a-2a4660bc043d,54,0.9611229946524064,left_knee,0.6197838,0.8056221,0.05685894,669.3665242195129,1546.79443359375,0.76569146
207097ab-74b4-4d93-b84a-2a4660bc043d,54,0.9611229946524064,right_knee,0.530086,0.8265094,-0.12902032,572.4928593635559,1586.898078918457,0.96446174
207097ab-74b4-4d93-b84a-2a4660bc043d,54,0.9611229946524064,left_ankle,0.51047045,0.8826049,0.2956967,551.3080859184265,1694.6014022827148,0.7459843
207097ab-74b4-4d93-b84a-2a4660bc043d,54,0.9611229946524064,right_ankle,0.45532683,0.9039802,0.19530024,491.75297141075134,1735.641975402832,0.91743976
207097ab-74b4-4d93-b84a-2a4660bc043d,54,0.9611229946524064,left_heel,0.47084084,0.89479107,0.31685546,508.5081088542938,1717.9988479614258,0.7033025
207097ab-74b4-4d93-b84a-2a4660bc043d,54,0.9611229946524064,right_heel,0.41728193,0.91541874,0.22641385,450.6644797325134,1757.603988647461,0.7904754
207097ab-74b4-4d93-b84a-2a4660bc043d,54,0.9611229946524064,left_foot_index,0.56419325,0.92296785,0.2392538,609.3287086486816,1772.098274230957,0.7748844
207097ab-74b4-4d93-b84a-2a4660bc043d,54,0.9611229946524064,right_foot_index,0.5114171,0.9410358,0.1298151,552.3304581642151,1806.7887496948242,0.8960812
207097ab-74b4-4d93-b84a-2a4660bc043d,55,0.9789215686274509,nose,0.59212154,0.47886056,-0.30496982,639.4912648200989,919.4122695922852,0.9999069
207097ab-74b4-4d93-b84a-2a4660bc043d,55,0.9789215686274509,left_shoulder,0.5852804,0.5350022,0.13160436,632.1028518676758,1027.2041702270508,0.99815667
207097ab-74b4-4d93-b84a-2a4660bc043d,55,0.9789215686274509,right_shoulder,0.52255046,0.52964777,-0.28028187,564.3545007705688,1016.923713684082,0.99663514
207097ab-74b4-4d93-b84a-2a4660bc043d,55,0.9789215686274509,left_elbow,0.66638297,0.49267304,0.29074576,719.6936058998108,945.9322357177734,0.7821512
207097ab-74b4-4d93-b84a-2a4660bc043d,55,0.9789215686274509,right_elbow,0.64580595,0.4950919,-0.30192965,697.4704313278198,950.5764198303223,0.97192836
207097ab-74b4-4d93-b84a-2a4660bc043d,55,0.9789215686274509,left_wrist,0.6173501,0.44131348,0.38231078,666.738109588623,847.3218727111816,0.644639
207097ab-74b4-4d93-b84a-2a4660bc043d,55,0.9789215686274509,right_wrist,0.6030159,0.43860537,-0.01051057,651.2571716308594,842.1223068237305,0.904073
207097ab-74b4-4d93-b84a-2a4660bc043d,55,0.9789215686274509,left_hip,0.54398817,0.70037735,0.16838215,587.507221698761,1344.7245025634766,0.99946785
207097ab-74b4-4d93-b84a-2a4660bc043d,55,0.9789215686274509,right_hip,0.46420163,0.7001276,-0.16862704,501.3377594947815,1344.2449951171875,0.9988433
207097ab-74b4-4d93-b84a-2a4660bc043d,55,0.9789215686274509,left_knee,0.6156707,0.80169743,0.15090582,664.9243354797363,1539.2590713500977,0.7467887
207097ab-74b4-4d93-b84a-2a4660bc043d,55,0.9789215686274509,right_knee,0.521659,0.81777936,-0.044226974,563.3917379379272,1570.136375427246,0.96085024
207097ab-74b4-4d93-b84a-2a4660bc043d,55,0.9789215686274509,left_ankle,0.51248085,0.88261414,0.40972075,553.479323387146,1694.619140625,0.7379848
207097ab-74b4-4d93-b84a-2a4660bc043d,55,0.9789215686274509,right_ankle,0.45308763,0.90379715,0.24958119,489.3346381187439,1735.29052734375,0.91950333
207097ab-74b4-4d93-b84a-2a4660bc043d,55,0.9789215686274509,left_heel,0.4781933,0.8948111,0.431667,516.4487779140472,1718.0373001098633,0.6974579
207097ab-74b4-4d93-b84a-2a4660bc043d,55,0.9789215686274509,right_heel,0.41838968,0.9148865,0.27460405,451.8608522415161,1756.58203125,0.79539716
207097ab-74b4-4d93-b84a-2a4660bc043d,55,0.9789215686274509,left_foot_index,0.56421417,0.92478806,0.3346478,609.3513035774231,1775.5930709838867,0.77437043
207097ab-74b4-4d93-b84a-2a4660bc043d,55,0.9789215686274509,right_foot_index,0.5053055,0.9425581,0.13780071,545.7299709320068,1809.711570739746,0.89967215
207097ab-74b4-4d93-b84a-2a4660bc043d,56,0.9967201426024955,nose,0.59201753,0.46981397,-0.28669834,639.3789339065552,902.0428276062012,0.9998885
207097ab-74b4-4d93-b84a-2a4660bc043d,56,0.9967201426024955,left_shoulder,0.5845852,0.5234998,0.13511823,631.3520050048828,1005.1195907592773,0.99757916
207097ab-74b4-4d93-b84a-2a4660bc043d,56,0.9967201426024955,right_shoulder,0.5215296,0.51818573,-0.2896396,563.2519841194153,994.9166107177734,0.99655807
207097ab-74b4-4d93-b84a-2a4660bc043d,56,0.9967201426024955,left_elbow,0.6678111,0.48099568,0.2938547,721.2359833717346,923.5117149353027,0.75258106
207097ab-74b4-4d93-b84a-2a4660bc043d,56,0.9967201426024955,right_elbow,0.6443418,0.4822561,-0.32484844,695.8891725540161,925.9317398071289,0.9710427
207097ab-74b4-4d93-b84a-2a4660bc043d,56,0.9967201426024955,left_wrist,0.61544734,0.42536956,0.3501918,664.6831297874451,816.7095565795898,0.6072998
207097ab-74b4-4d93-b84a-2a4660bc043d,56,0.9967201426024955,right_wrist,0.59911317,0.42410427,-0.042182542,647.0422196388245,814.2802047729492,0.89140177
207097ab-74b4-4d93-b84a-2a4660bc043d,56,0.9967201426024955,left_hip,0.5458874,0.6901058,0.16992296,589.5584034919739,1325.0031280517578,0.9994333
207097ab-74b4-4d93-b84a-2a4660bc043d,56,0.9967201426024955,right_hip,0.46605435,0.6899121,-0.17021494,503.3386981487274,1324.6311950683594,0.9988353
207097ab-74b4-4d93-b84a-2a4660bc043d,56,0.9967201426024955,left_knee,0.6088227,0.7960972,0.19351341,657.5285196304321,1528.5066604614258,0.7319855
207097ab-74b4-4d93-b84a-2a4660bc043d,56,0.9967201426024955,right_knee,0.50920856,0.81053823,-0.04012108,549.9452447891235,1556.2334060668945,0.9595951
207097ab-74b4-4d93-b84a-2a4660bc043d,56,0.9967201426024955,left_ankle,0.51388645,0.88277334,0.3959376,554.9973678588867,1694.9248123168945,0.7363146
207097ab-74b4-4d93-b84a-2a4660bc043d,56,0.9967201426024955,right_ankle,0.44979972,0.903754,0.18861784,485.7836937904358,1735.2076721191406,0.9231883
207097ab-74b4-4d93-b84a-2a4660bc043d,56,0.9967201426024955,left_heel,0.48035783,0.8960091,0.41022044,518.7864518165588,1720.3374481201172,0.69419277
207097ab-74b4-4d93-b84a-2a4660bc043d,56,0.9967201426024955,right_heel,0.41839248,0.9148118,0.20482586,451.8638777732849,1756.4386367797852,0.8024018
207097ab-74b4-4d93-b84a-2a4660bc043d,56,0.9967201426024955,left_foot_index,0.56440073,0.9252907,0.29597926,609.5527911186218,1776.5581512451172,0.77885914
207097ab-74b4-4d93-b84a-2a4660bc043d,56,0.9967201426024955,right_foot_index,0.502809,0.9432236,0.07707631,543.0337071418762,1810.9893035888672,0.90475655
207097ab-74b4-4d93-b84a-2a4660bc043d,57,1.01451871657754,nose,0.5918867,0.45769784,-0.21626703,639.2376351356506,878.7798500061035,0.99985594
207097ab-74b4-4d93-b84a-2a4660bc043d,57,1.01451871657754,left_shoulder,0.5851183,0.5121796,0.15759203,631.9277572631836,983.3848571777344,0.99698025
207097ab-74b4-4d93-b84a-2a4660bc043d,57,1.01451871657754,right_shoulder,0.5197803,0.50486434,-0.26732156,561.3627004623413,969.3395233154297,0.9965955
207097ab-74b4-4d93-b84a-2a4660bc043d,57,1.01451871657754,left_elbow,0.6694177,0.47195184,0.28332058,722.9710936546326,906.1475372314453,0.72740895
207097ab-74b4-4d93-b84a-2a4660bc043d,57,1.01451871657754,right_elbow,0.64287853,0.4747384,-0.28909382,694.3088150024414,911.4977073669434,0.96974236
207097ab-74b4-4d93-b84a-2a4660bc043d,57,1.01451871657754,left_wrist,0.61586344,0.4131459,0.32420963,665.1325178146362,793.2401275634766,0.5768343
207097ab-74b4-4d93-b84a-2a4660bc043d,57,1.01451871657754,right_wrist,0.5985907,0.41239718,0.029937388,646.4779257774353,791.8025779724121,0.882597
207097ab-74b4-4d93-b84a-2a4660bc043d,57,1.01451871657754,left_hip,0.54752636,0.676995,0.16858518,591.3284683227539,1299.8303604125977,0.99939364
207097ab-74b4-4d93-b84a-2a4660bc043d,57,1.01451871657754,right_hip,0.46749562,0.6748156,-0.16888668,504.89526987075806,1295.6459426879883,0.99885863
207097ab-74b4-4d93-b84a-2a4660bc043d,57,1.01451871657754,left_knee,0.59812254,0.7859181,0.17788552,645.9723401069641,1508.9627838134766,0.72430366
207097ab-74b4-4d93-b84a-2a4660bc043d,57,1.01451871657754,right_knee,0.4973652,0.7981885,-0.06329351,537.1544229984283,1532.5219345092773,0.95942736
207097ab-74b4-4d93-b84a-2a4660bc043d,57,1.01451871657754,left_ankle,0.5157404,0.88256717,0.3343648,556.999626159668,1694.5289611816406,0.74107593
207097ab-74b4-4d93-b84a-2a4660bc043d,57,1.01451871657754,right_ankle,0.44886026,0.9015525,0.1793431,484.7690784931183,1730.9807968139648,0.9274948
207097ab-74b4-4d93-b84a-2a4660bc043d,57,1.01451871657754,left_heel,0.4854734,0.8961706,0.34531027,524.3112659454346,1720.6475830078125,0.69788575
207097ab-74b4-4d93-b84a-2a4660bc043d,57,1.01451871657754,right_heel,0.41952673,0.9145829,0.14707202,453.0888640880585,1755.9991836547852,0.8101398
207097ab-74b4-4d93-b84a-2a4660bc043d,57,1.01451871657754,left_foot_index,0.56814253,0.92523277,0.24064288,613.5939359664917,1776.4469146728516,0.7873287
207097ab-74b4-4d93-b84a-2a4660bc043d,57,1.01451871657754,right_foot_index,0.49856806,0.94420457,-0.06569713,538.4535026550293,1812.8727722167969,0.91046774
207097ab-74b4-4d93-b84a-2a4660bc043d,58,1.0323172905525846,nose,0.58831733,0.44361135,-0.18783624,635.3827214241028,851.7337989807129,0.9998514
207097ab-74b4-4d93-b84a-2a4660bc043d,58,1.0323172905525846,left_shoulder,0.5846159,0.49948886,0.2070038,631.3851571083069,959.018611907959,0.9961714
207097ab-74b4-4d93-b84a-2a4660bc043d,58,1.0323172905525846,right_shoulder,0.5178656,0.49209595,-0.22532134,559.2948460578918,944.82421875,0.99662143
207097ab-74b4-4d93-b84a-2a4660bc043d,58,1.0323172905525846,left_elbow,0.6692978,0.46089125,0.30827203,722.8416395187378,884.9111938476562,0.7061428
207097ab-74b4-4d93-b84a-2a4660bc043d,58,1.0323172905525846,right_elbow,0.64206415,0.46191087,-0.2519662,693.42928647995,886.8688774108887,0.96836245
207097ab-74b4-4d93-b84a-2a4660bc043d,58,1.0323172905525846,left_wrist,0.61735713,0.40054873,0.36781353,666.7457056045532,769.0535545349121,0.55777603
207097ab-74b4-4d93-b84a-2a4660bc043d,58,1.0323172905525846,right_wrist,0.5976937,0.39872572,0.0847403,645.5091762542725,765.5533790588379,0.87922835
207097ab-74b4-4d93-b84a-2a4660bc043d,58,1.0323172905525846,left_hip,0.5499172,0.66582257,0.16369687,593.9105987548828,1278.3793258666992,0.9993557
207097ab-74b4-4d93-b84a-2a4660bc043d,58,1.0323172905525846,right_hip,0.4692872,0.6622939,-0.16400914,506.83016180992126,1271.6043090820312,0.99890757
207097ab-74b4-4d93-b84a-2a4660bc043d,58,1.0323172905525846,left_knee,0.585793,0.77966714,0.16507745,632.6564598083496,1496.9609069824219,0.71838355
207097ab-74b4-4d93-b84a-2a4660bc043d,58,1.0323172905525846,right_knee,0.48900616,0.78630674,-0.08913324,528.126654624939,1509.7089385986328,0.9594196
207097ab-74b4-4d93-b84a-2a4660bc043d,58,1.0323172905525846,left_ankle,0.51623756,0.88002354,0.3115542,557.5365614891052,1689.6451950073242,0.74748087
207097ab-74b4-4d93-b84a-2a4660bc043d,58,1.0323172905525846,right_ankle,0.44891724,0.9005109,0.069357924,484.830619096756,1728.980941772461,0.93204916
207097ab-74b4-4d93-b84a-2a4660bc043d,58,1.0323172905525846,left_heel,0.48819664,0.895292,0.33219457,527.2523725032806,1718.9606094360352,0.70125586
207097ab-74b4-4d93-b84a-2a4660bc043d,58,1.0323172905525846,right_heel,0.4256391,0.91444135,0.061491277,459.69022035598755,1755.7273864746094,0.8187147
207097ab-74b4-4d93-b84a-2a4660bc043d,58,1.0323172905525846,left_foot_index,0.5682299,0.9252179,0.18287915,613.6883068084717,1776.4184188842773,0.79637283
207097ab-74b4-4d93-b84a-2a4660bc043d,58,1.0323172905525846,right_foot_index,0.49894184,0.9443129,-0.1393328,538.8571858406067,1813.080711364746,0.9163597
207097ab-74b4-4d93-b84a-2a4660bc043d,59,1.0501158645276292,nose,0.5834419,0.43592155,-0.1464158,630.1172661781311,836.9693756103516,0.9998268
207097ab-74b4-4d93-b84a-2a4660bc043d,59,1.0501158645276292,left_shoulder,0.58423764,0.48935953,0.24045543,630.9766459465027,939.5702934265137,0.99547374
207097ab-74b4-4d93-b84a-2a4660bc043d,59,1.0501158645276292,right_shoulder,0.51511264,0.48143598,-0.1837892,556.3216495513916,924.3570899963379,0.9965942
207097ab-74b4-4d93-b84a-2a4660bc043d,59,1.0501158645276292,left_elbow,0.6711734,0.45338824,0.28593153,724.8672652244568,870.505428314209,0.69848204
207097ab-74b4-4d93-b84a-2a4660bc043d,59,1.0501158645276292,right_elbow,0.64160436,0.45493096,-0.25000575,692.9327130317688,873.4674453735352,0.9680433
207097ab-74b4-4d93-b84a-2a4660bc043d,59,1.0501158645276292,left_wrist,0.6197864,0.39113986,0.31306332,669.3692922592163,750.9885406494141,0.5564107
207097ab-74b4-4d93-b84a-2a4660bc043d,59,1.0501158645276292,right_wrist,0.59995496,0.3872524,0.026766667,647.9513597488403,743.5245895385742,0.8833
207097ab-74b4-4d93-b84a-2a4660bc043d,59,1.0501158645276292,left_hip,0.5521452,0.65397996,0.15487362,596.3167977333069,1255.6415176391602,0.9993178
207097ab-74b4-4d93-b84a-2a4660bc043d,59,1.0501158645276292,right_hip,0.47090593,0.6490981,-0.15509991,508.5784041881561,1246.2683486938477,0.99895453
207097ab-74b4-4d93-b84a-2a4660bc043d,59,1.0501158645276292,left_knee,0.57535726,0.7675015,0.14863788,621.3858389854431,1473.6028289794922,0.71798444
207097ab-74b4-4d93-b84a-2a4660bc043d,59,1.0501158645276292,right_knee,0.484965,0.77280223,-0.099021904,523.7621963024139,1483.780288696289,0.95955235
207097ab-74b4-4d93-b84a-2a4660bc043d,59,1.0501158645276292,left_ankle,0.51840675,0.8741984,0.30558896,559.8792886734009,1678.4608840942383,0.75464636
207097ab-74b4-4d93-b84a-2a4660bc043d,59,1.0501158645276292,right_ankle,0.44911593,0.8943281,0.008029449,485.04520654678345,1717.1099853515625,0.93634295
207097ab-74b4-4d93-b84a-2a4660bc043d,59,1.0501158645276292,left_heel,0.4918096,0.88995147,0.3193877,531.154375076294,1708.7068176269531,0.70358413
207097ab-74b4-4d93-b84a-2a4660bc043d,59,1.0501158645276292,right_heel,0.43190148,0.909401,0.0063094017,466.45360350608826,1746.049919128418,0.82640004
207097ab-74b4-4d93-b84a-2a4660bc043d,59,1.0501158645276292,left_foot_index,0.56888735,0.9235251,0.14793625,614.398341178894,1773.1681823730469,0.80507374
207097ab-74b4-4d93-b84a-2a4660bc043d,59,1.0501158645276292,right_foot_index,0.49782655,0.94451386,-0.20705523,537.6526701450348,1813.4666061401367,0.9218149
207097ab-74b4-4d93-b84a-2a4660bc043d,60,1.0679144385026738,nose,0.57783175,0.42565057,-0.1154291,624.0582847595215,817.2490882873535,0.99981445
207097ab-74b4-4d93-b84a-2a4660bc043d,60,1.0679144385026738,left_shoulder,0.5845596,0.48044723,0.24542496,631.3243889808655,922.4586868286133,0.99493253
207097ab-74b4-4d93-b84a-2a4660bc043d,60,1.0679144385026738,right_shoulder,0.5108482,0.47178704,-0.14417411,551.7160820960999,905.8311080932617,0.99660236
207097ab-74b4-4d93-b84a-2a4660bc043d,60,1.0679144385026738,left_elbow,0.67216843,0.44471774,0.28286412,725.9419083595276,853.8580513000488,0.6951161
207097ab-74b4-4d93-b84a-2a4660bc043d,60,1.0679144385026738,right_elbow,0.63797903,0.44309318,-0.25431043,689.0173530578613,850.7389068603516,0.9681858
207097ab-74b4-4d93-b84a-2a4660bc043d,60,1.0679144385026738,left_wrist,0.62421286,0.38210696,0.31139022,674.1498899459839,733.6453628540039,0.5583197
207097ab-74b4-4d93-b84a-2a4660bc043d,60,1.0679144385026738,right_wrist,0.6012011,0.37477282,-0.03736305,649.297206401825,719.5638084411621,0.8895001
207097ab-74b4-4d93-b84a-2a4660bc043d,60,1.0679144385026738,left_hip,0.5547961,0.64281976,0.13725722,599.1797876358032,1234.2139434814453,0.9993059
207097ab-74b4-4d93-b84a-2a4660bc043d,60,1.0679144385026738,right_hip,0.473387,0.6374003,-0.13744815,511.257963180542,1223.8086318969727,0.9990118
207097ab-74b4-4d93-b84a-2a4660bc043d,60,1.0679144385026738,left_knee,0.56744576,0.75554454,0.13888758,612.8414154052734,1450.645523071289,0.7196596
207097ab-74b4-4d93-b84a-2a4660bc043d,60,1.0679144385026738,right_knee,0.48166883,0.7604328,-0.10758697,520.2023363113403,1460.0309371948242,0.95893
207097ab-74b4-4d93-b84a-2a4660bc043d,60,1.0679144385026738,left_ankle,0.5243601,0.86726344,0.26619738,566.3089299201965,1665.1457977294922,0.7624016
207097ab-74b4-4d93-b84a-2a4660bc043d,60,1.0679144385026738,right_ankle,0.4519911,0.8875769,0.017500866,488.1503999233246,1704.147605895996,0.9395909
207097ab-74b4-4d93-b84a-2a4660bc043d,60,1.0679144385026738,left_heel,0.49815544,0.8818873,0.270981,538.007880449295,1693.223648071289,0.7073988
207097ab-74b4-4d93-b84a-2a4660bc043d,60,1.0679144385026738,right_heel,0.44219148,0.9016631,0.018221062,477.5668001174927,1731.1931991577148,0.83113104
207097ab-74b4-4d93-b84a-2a4660bc043d,60,1.0679144385026738,left_foot_index,0.5710633,0.9212229,0.11234869,616.7483425140381,1768.7480163574219,0.8129114
207097ab-74b4-4d93-b84a-2a4660bc043d,60,1.0679144385026738,right_foot_index,0.4980474,0.9438746,-0.18598832,537.8912043571472,1812.2392272949219,0.92581767
207097ab-74b4-4d93-b84a-2a4660bc043d,61,1.0857130124777183,nose,0.57635415,0.41568935,-0.069971815,622.462477684021,798.1235504150391,0.9998132
207097ab-74b4-4d93-b84a-2a4660bc043d,61,1.0857130124777183,left_shoulder,0.58491576,0.47157207,0.2774173,631.7090177536011,905.4183769226074,0.9948008
207097ab-74b4-4d93-b84a-2a4660bc043d,61,1.0857130124777183,right_shoulder,0.50941557,0.4623659,-0.11671932,550.1688122749329,887.7425193786621,0.9967088
207097ab-74b4-4d93-b84a-2a4660bc043d,61,1.0857130124777183,left_elbow,0.67298657,0.4322557,0.31444174,726.8254923820496,829.9309158325195,0.6905934
207097ab-74b4-4d93-b84a-2a4660bc043d,61,1.0857130124777183,right_elbow,0.63733226,0.4281267,-0.18199022,688.318841457367,822.0032501220703,0.96819615
207097ab-74b4-4d93-b84a-2a4660bc043d,61,1.0857130124777183,left_wrist,0.62851495,0.36829987,0.32901785,678.7961411476135,707.1357536315918,0.5541811
207097ab-74b4-4d93-b84a-2a4660bc043d,61,1.0857130124777183,right_wrist,0.6022114,0.3612228,0.07179698,650.3883290290833,693.5477828979492,0.8931557
207097ab-74b4-4d93-b84a-2a4660bc043d,61,1.0857130124777183,left_hip,0.55686057,0.6345604,0.13404296,601.4094114303589,1218.3559799194336,0.9993145
207097ab-74b4-4d93-b84a-2a4660bc043d,61,1.0857130124777183,right_hip,0.47547185,0.6291585,-0.13421309,513.5096025466919,1207.9843139648438,0.999071
207097ab-74b4-4d93-b84a-2a4660bc043d,61,1.0857130124777183,left_knee,0.5607256,0.7485926,0.111904226,605.5836796760559,1437.2978210449219,0.7237507
207097ab-74b4-4d93-b84a-2a4660bc043d,61,1.0857130124777183,right_knee,0.47831538,0.7556182,-0.112683296,516.5806138515472,1450.7869720458984,0.95852715
207097ab-74b4-4d93-b84a-2a4660bc043d,61,1.0857130124777183,left_ankle,0.5307435,0.86465335,0.21562639,573.2029581069946,1660.1344299316406,0.77346396
207097ab-74b4-4d93-b84a-2a4660bc043d,61,1.0857130124777183,right_ankle,0.45452058,0.8839806,0.0006230179,490.8822298049927,1697.2426986694336,0.9427644
207097ab-74b4-4d93-b84a-2a4660bc043d,61,1.0857130124777183,left_heel,0.5067629,0.8786242,0.217973,547.3039555549622,1686.9584655761719,0.71266395
207097ab-74b4-4d93-b84a-2a4660bc043d,61,1.0857130124777183,right_heel,0.45024234,0.8974069,-0.000612746,486.261727809906,1723.0212020874023,0.83483243
207097ab-74b4-4d93-b84a-2a4660bc043d,61,1.0857130124777183,left_foot_index,0.57383335,0.9185704,0.06435268,619.7400140762329,1763.6551666259766,0.8227646
207097ab-74b4-4d93-b84a-2a4660bc043d,61,1.0857130124777183,right_foot_index,0.4982728,0.94307804,-0.20974103,538.1346309185028,1810.7098388671875,0.92969614
207097ab-74b4-4d93-b84a-2a4660bc043d,62,1.103511586452763,nose,0.5753485,0.40723863,-0.014857217,621.3763761520386,781.8981742858887,0.9998153
207097ab-74b4-4d93-b84a-2a4660bc043d,62,1.103511586452763,left_shoulder,0.5851692,0.46345574,0.33331713,631.9827318191528,889.8350143432617,0.9949296
207097ab-74b4-4d93-b84a-2a4660bc043d,62,1.103511586452763,right_shoulder,0.50954753,0.45511058,-0.097487755,550.3113341331482,873.812313079834,0.9969194
207097ab-74b4-4d93-b84a-2a4660bc043d,62,1.103511586452763,left_elbow,0.67134386,0.42162353,0.35457218,725.051372051239,809.5171737670898,0.6831138
207097ab-74b4-4d93-b84a-2a4660bc043d,62,1.103511586452763,right_elbow,0.6357578,0.41508552,-0.14945213,686.6184282302856,796.9642066955566,0.9686224
207097ab-74b4-4d93-b84a-2a4660bc043d,62,1.103511586452763,left_wrist,0.6324193,0.3565284,0.32603928,683.0128312110901,684.5345306396484,0.5518632
207097ab-74b4-4d93-b84a-2a4660bc043d,62,1.103511586452763,right_wrist,0.6066846,0.34668544,0.12902506,655.219395160675,665.636043548584,0.8978663
207097ab-74b4-4d93-b84a-2a4660bc043d,62,1.103511586452763,left_hip,0.5570866,0.62687415,0.13823365,601.6535139083862,1203.5983657836914,0.9993391
207097ab-74b4-4d93-b84a-2a4660bc043d,62,1.103511586452763,right_hip,0.47694194,0.6215689,-0.13841376,515.0972986221313,1193.4123229980469,0.99913603
207097ab-74b4-4d93-b84a-2a4660bc043d,62,1.103511586452763,left_knee,0.5543041,0.7444893,0.11609489,598.6484527587891,1429.4194793701172,0.7244214
207097ab-74b4-4d93-b84a-2a4660bc043d,62,1.103511586452763,right_knee,0.47647393,0.7508983,-0.13423324,514.5918416976929,1441.724739074707,0.9585359
207097ab-74b4-4d93-b84a-2a4660bc043d,62,1.103511586452763,left_ankle,0.5347045,0.8606774,0.23319209,577.4808669090271,1652.5006484985352,0.7838224
207097ab-74b4-4d93-b84a-2a4660bc043d,62,1.103511586452763,right_ankle,0.4572627,0.8803607,-0.015268813,493.84371042251587,1690.2925872802734,0.94604003
207097ab-74b4-4d93-b84a-2a4660bc043d,62,1.103511586452763,left_heel,0.5117459,0.8743607,0.23777232,552.685604095459,1678.7725067138672,0.7178805
207097ab-74b4-4d93-b84a-2a4660bc043d,62,1.103511586452763,right_heel,0.45186475,0.8949918,-0.016535575,488.01392912864685,1718.3842849731445,0.83989155
207097ab-74b4-4d93-b84a-2a4660bc043d,62,1.103511586452763,left_foot_index,0.5812238,0.9126291,0.09227504,627.721688747406,1752.2479248046875,0.8324963
207097ab-74b4-4d93-b84a-2a4660bc043d,62,1.103511586452763,right_foot_index,0.5011684,0.94129765,-0.23161423,541.2618398666382,1807.291488647461,0.9335842
207097ab-74b4-4d93-b84a-2a4660bc043d,63,1.1213101604278075,nose,0.57601583,0.39882883,-0.032824542,622.0970964431763,765.7513618469238,0.9998164
207097ab-74b4-4d93-b84a-2a4660bc043d,63,1.1213101604278075,left_shoulder,0.5852448,0.4544226,0.34182987,632.064356803894,872.4913787841797,0.9948527
207097ab-74b4-4d93-b84a-2a4660bc043d,63,1.1213101604278075,right_shoulder,0.5101234,0.4457799,-0.12829341,550.9332418441772,855.897388458252,0.9971426
207097ab-74b4-4d93-b84a-2a4660bc043d,63,1.1213101604278075,left_elbow,0.67120016,0.41366348,0.40774632,724.8961687088013,794.2338752746582,0.6611964
207097ab-74b4-4d93-b84a-2a4660bc043d,63,1.1213101604278075,right_elbow,0.6355559,0.40309584,-0.1813162,686.400396823883,773.9440155029297,0.9692178
207097ab-74b4-4d93-b84a-2a4660bc043d,63,1.1213101604278075,left_wrist,0.6375744,0.34914005,0.39984262,688.5803246498108,670.3488922119141,0.53649163
207097ab-74b4-4d93-b84a-2a4660bc043d,63,1.1213101604278075,right_wrist,0.614123,0.33538643,0.101976864,663.2528257369995,643.9419364929199,0.902287
207097ab-74b4-4d93-b84a-2a4660bc043d,63,1.1213101604278075,left_hip,0.5572741,0.61898726,0.1452939,601.8560314178467,1188.4555435180664,0.9993562
207097ab-74b4-4d93-b84a-2a4660bc043d,63,1.1213101604278075,right_hip,0.47843432,0.6133365,-0.14547144,516.7090702056885,1177.606086730957,0.9991939
207097ab-74b4-4d93-b84a-2a4660bc043d,63,1.1213101604278075,left_knee,0.55220854,0.7386713,0.12902968,596.3852262496948,1418.2489013671875,0.7173659
207097ab-74b4-4d93-b84a-2a4660bc043d,63,1.1213101604278075,right_knee,0.4752123,0.7449821,-0.14495276,513.2292902469635,1430.3656768798828,0.95776904
207097ab-74b4-4d93-b84a-2a4660bc043d,63,1.1213101604278075,left_ankle,0.53754145,0.85615253,0.24003531,580.544764995575,1643.8128662109375,0.7906887
207097ab-74b4-4d93-b84a-2a4660bc043d,63,1.1213101604278075,right_ankle,0.46206298,0.8741276,-0.01072952,499.028023481369,1678.3250427246094,0.94868714
207097ab-74b4-4d93-b84a-2a4660bc043d,63,1.1213101604278075,left_heel,0.5158579,0.8696355,0.24742422,557.1265053749084,1669.7002029418945,0.7222438
207097ab-74b4-4d93-b84a-2a4660bc043d,63,1.1213101604278075,right_heel,0.45432457,0.88911533,-0.010259171,490.6705391407013,1707.1014404296875,0.84450257
207097ab-74b4-4d93-b84a-2a4660bc043d,63,1.1213101604278075,left_foot_index,0.58753586,0.9059709,0.10570183,634.5387268066406,1739.4640731811523,0.84028935
207097ab-74b4-4d93-b84a-2a4660bc043d,63,1.1213101604278075,right_foot_index,0.5091072,0.9342264,-0.22302422,549.8357462882996,1793.7146759033203,0.9369464
207097ab-74b4-4d93-b84a-2a4660bc043d,64,1.139108734402852,nose,0.5742803,0.39092174,-0.030091979,620.2227473258972,750.5697441101074,0.999822
207097ab-74b4-4d93-b84a-2a4660bc043d,64,1.139108734402852,left_shoulder,0.5853868,0.44560987,0.36217198,632.2177577018738,855.5709457397461,0.9948089
207097ab-74b4-4d93-b84a-2a4660bc043d,64,1.139108734402852,right_shoulder,0.5101788,0.4384911,-0.122986,550.9931087493896,841.9029235839844,0.9973542
207097ab-74b4-4d93-b84a-2a4660bc043d,64,1.139108734402852,left_elbow,0.66942036,0.40521452,0.39921317,722.9739904403687,778.0118751525879,0.6468963
207097ab-74b4-4d93-b84a-2a4660bc043d,64,1.139108734402852,right_elbow,0.63288087,0.39345473,-0.21131091,683.511335849762,755.4330825805664,0.9704221
207097ab-74b4-4d93-b84a-2a4660bc043d,64,1.139108734402852,left_wrist,0.6459686,0.33741245,0.36491767,697.6461052894592,647.8318977355957,0.53396285
207097ab-74b4-4d93-b84a-2a4660bc043d,64,1.139108734402852,right_wrist,0.6217929,0.32678878,0.0484781,671.5363454818726,627.4344635009766,0.9083703
207097ab-74b4-4d93-b84a-2a4660bc043d,64,1.139108734402852,left_hip,0.5572408,0.6113113,0.15065777,601.8200469017029,1173.7177276611328,0.9993761
207097ab-74b4-4d93-b84a-2a4660bc043d,64,1.139108734402852,right_hip,0.47893575,0.6059001,-0.15084098,517.2506082057953,1163.3282089233398,0.99925053
207097ab-74b4-4d93-b84a-2a4660bc043d,64,1.139108734402852,left_knee,0.5532479,0.73248607,0.13306385,597.5077629089355,1406.3732528686523,0.70941395
207097ab-74b4-4d93-b84a-2a4660bc043d,64,1.139108734402852,right_knee,0.47586036,0.7377082,-0.16860689,513.9291858673096,1416.3997650146484,0.9574977
207097ab-74b4-4d93-b84a-2a4660bc043d,64,1.139108734402852,left_ankle,0.53951937,0.84877956,0.24164523,582.6809191703796,1629.656753540039,0.7946843
207097ab-74b4-4d93-b84a-2a4660bc043d,64,1.139108734402852,right_ankle,0.46603447,0.8661891,-0.051031988,503.3172297477722,1663.0831146240234,0.95095545
207097ab-74b4-4d93-b84a-2a4660bc043d,64,1.139108734402852,left_heel,0.5176476,0.8618523,0.25073394,559.0594339370728,1654.7563934326172,0.7259475
207097ab-74b4-4d93-b84a-2a4660bc043d,64,1.139108734402852,right_heel,0.4549076,0.8817716,-0.05289948,491.3002038002014,1693.0015182495117,0.8489678
207097ab-74b4-4d93-b84a-2a4660bc043d,64,1.139108734402852,left_foot_index,0.5897189,0.8983212,0.11214477,636.8963885307312,1724.776725769043,0.84567124
207097ab-74b4-4d93-b84a-2a4660bc043d,64,1.139108734402852,right_foot_index,0.51784945,0.9255831,-0.27139705,559.277400970459,1777.1195983886719,0.9397398
207097ab-74b4-4d93-b84a-2a4660bc043d,65,1.1569073083778967,nose,0.5686617,0.38371477,-0.07511804,614.1546249389648,736.732349395752,0.9998055
207097ab-74b4-4d93-b84a-2a4660bc043d,65,1.1569073083778967,left_shoulder,0.5861392,0.43777347,0.3303466,633.0303382873535,840.5250549316406,0.99456817
207097ab-74b4-4d93-b84a-2a4660bc043d,65,1.1569073083778967,right_shoulder,0.5099201,0.43354267,-0.13215362,550.7137298583984,832.4019241333008,0.9974601
207097ab-74b4-4d93-b84a-2a4660bc043d,65,1.1569073083778967,left_elbow,0.6675409,0.3933521,0.341906,720.9441804885864,755.2360153198242,0.6430056
207097ab-74b4-4d93-b84a-2a4660bc043d,65,1.1569073083778967,right_elbow,0.62826145,0.38232756,-0.31923082,678.5223627090454,734.0689086914062,0.97191375
207097ab-74b4-4d93-b84a-2a4660bc043d,65,1.1569073083778967,left_wrist,0.6579797,0.31655094,0.19282274,710.6181049346924,607.7778053283691,0.55085564
207097ab-74b4-4d93-b84a-2a4660bc043d,65,1.1569073083778967,right_wrist,0.63350993,0.3091305,-0.23108692,684.1907286643982,593.5305404663086,0.91540176
207097ab-74b4-4d93-b84a-2a4660bc043d,65,1.1569073083778967,left_hip,0.55743986,0.6031924,0.15062308,602.0350527763367,1158.1293869018555,0.9993945
207097ab-74b4-4d93-b84a-2a4660bc043d,65,1.1569073083778967,right_hip,0.47850993,0.59787434,-0.15082282,516.7907273769379,1147.9187393188477,0.99929804
207097ab-74b4-4d93-b84a-2a4660bc043d,65,1.1569073083778967,left_knee,0.5552336,0.7256197,0.12781185,599.6522855758667,1393.1897735595703,0.7091757
207097ab-74b4-4d93-b84a-2a4660bc043d,65,1.1569073083778967,right_knee,0.4757729,0.7293729,-0.16127889,513.834718465805,1400.3960037231445,0.9577547
207097ab-74b4-4d93-b84a-2a4660bc043d,65,1.1569073083778967,left_ankle,0.5392792,0.8385339,0.24988647,582.4215602874756,1609.9850463867188,0.79949677
207097ab-74b4-4d93-b84a-2a4660bc043d,65,1.1569073083778967,right_ankle,0.46779165,0.8540634,-0.024215287,505.2149784564972,1639.8017120361328,0.9533337
207097ab-74b4-4d93-b84a-2a4660bc043d,65,1.1569073083778967,left_heel,0.5167735,0.85102004,0.25699988,558.1154036521912,1633.9584732055664,0.7321755
207097ab-74b4-4d93-b84a-2a4660bc043d,65,1.1569073083778967,right_heel,0.45657018,0.8696685,-0.019095646,493.09579253196716,1669.7634887695312,0.85348654
207097ab-74b4-4d93-b84a-2a4660bc043d,65,1.1569073083778967,left_foot_index,0.5879923,0.8911418,0.10577521,635.0316953659058,1710.992202758789,0.8495832
207097ab-74b4-4d93-b84a-2a4660bc043d,65,1.1569073083778967,right_foot_index,0.52162296,0.9145921,-0.22555079,563.352792263031,1756.0168075561523,0.9421887
207097ab-74b4-4d93-b84a-2a4660bc043d,66,1.1747058823529413,nose,0.565577,0.3748635,-0.097002365,610.8231282234192,719.7379302978516,0.99978817
207097ab-74b4-4d93-b84a-2a4660bc043d,66,1.1747058823529413,left_shoulder,0.5869072,0.43381,0.31320482,633.8597846031189,832.9151916503906,0.99396545
207097ab-74b4-4d93-b84a-2a4660bc043d,66,1.1747058823529413,right_shoulder,0.50836486,0.42714813,-0.13629085,549.0340447425842,820.1244163513184,0.99759054
207097ab-74b4-4d93-b84a-2a4660bc043d,66,1.1747058823529413,left_elbow,0.6670945,0.38599825,0.32323048,720.4620909690857,741.1166381835938,0.6308658
207097ab-74b4-4d93-b84a-2a4660bc043d,66,1.1747058823529413,right_elbow,0.6239,0.36748868,-0.49621442,673.8119959831238,705.5782699584961,0.9740286
207097ab-74b4-4d93-b84a-2a4660bc043d,66,1.1747058823529413,left_wrist,0.6678433,0.31161714,0.18488619,721.2707448005676,598.3049011230469,0.5620891
207097ab-74b4-4d93-b84a-2a4660bc043d,66,1.1747058823529413,right_wrist,0.6463655,0.2918131,-0.5630287,698.0747652053833,560.2811622619629,0.9229847
207097ab-74b4-4d93-b84a-2a4660bc043d,66,1.1747058823529413,left_hip,0.5576864,0.5976787,0.15074317,602.301299571991,1147.5431442260742,0.9994127
207097ab-74b4-4d93-b84a-2a4660bc043d,66,1.1747058823529413,right_hip,0.47804406,0.5914516,-0.1509423,516.2875878810883,1135.587043762207,0.99934506
207097ab-74b4-4d93-b84a-2a4660bc043d,66,1.1747058823529413,left_knee,0.5574629,0.7219468,0.106911354,602.0599007606506,1386.137809753418,0.7131025
207097ab-74b4-4d93-b84a-2a4660bc043d,66,1.1747058823529413,right_knee,0.47581986,0.722509,-0.16141018,513.8854444026947,1387.2173309326172,0.95871025
207097ab-74b4-4d93-b84a-2a4660bc043d,66,1.1747058823529413,left_ankle,0.5390225,0.8339517,0.25172094,582.1443057060242,1601.1872863769531,0.80537724
207097ab-74b4-4d93-b84a-2a4660bc043d,66,1.1747058823529413,right_ankle,0.46880096,0.84642786,-0.010024762,506.3050389289856,1625.141487121582,0.95596844
207097ab-74b4-4d93-b84a-2a4660bc043d,66,1.1747058823529413,left_heel,0.5165626,0.84679097,0.25868616,557.8875875473022,1625.8386611938477,0.7418492
207097ab-74b4-4d93-b84a-2a4660bc043d,66,1.1747058823529413,right_heel,0.45702237,0.86179286,-0.0038169788,493.58415842056274,1654.6422958374023,0.8593268
207097ab-74b4-4d93-b84a-2a4660bc043d,66,1.1747058823529413,left_foot_index,0.5875897,0.8882812,0.092109926,634.5968556404114,1705.4999542236328,0.8531598
207097ab-74b4-4d93-b84a-2a4660bc043d,66,1.1747058823529413,right_foot_index,0.52185404,0.9059157,-0.22193275,563.6023664474487,1739.3581008911133,0.9448348
207097ab-74b4-4d93-b84a-2a4660bc043d,67,1.1925044563279856,nose,0.56531286,0.37346044,-0.18690966,610.5378913879395,717.0440483093262,0.9997564
207097ab-74b4-4d93-b84a-2a4660bc043d,67,1.1925044563279856,left_shoulder,0.5869337,0.430524,0.25278896,633.8883662223816,826.6060638427734,0.9928858
207097ab-74b4-4d93-b84a-2a4660bc043d,67,1.1925044563279856,right_shoulder,0.5065261,0.42188916,-0.22677292,547.0482015609741,810.0271797180176,0.99769783
207097ab-74b4-4d93-b84a-2a4660bc043d,67,1.1925044563279856,left_elbow,0.6654409,0.38144284,0.3096818,718.6761903762817,732.3702621459961,0.6151328
207097ab-74b4-4d93-b84a-2a4660bc043d,67,1.1925044563279856,right_elbow,0.6219546,0.36154172,-0.49538162,671.7109894752502,694.160099029541,0.97613335
207097ab-74b4-4d93-b84a-2a4660bc043d,67,1.1925044563279856,left_wrist,0.67560184,0.3046995,0.21420136,729.6499872207642,585.0230598449707,0.5709843
207097ab-74b4-4d93-b84a-2a4660bc043d,67,1.1925044563279856,right_wrist,0.66082764,0.28530243,-0.48123288,713.69384765625,547.7806663513184,0.9299534
207097ab-74b4-4d93-b84a-2a4660bc043d,67,1.1925044563279856,left_hip,0.55790013,0.5940048,0.14787304,602.5321412086487,1140.4892349243164,0.99939024
207097ab-74b4-4d93-b84a-2a4660bc043d,67,1.1925044563279856,right_hip,0.47776964,0.58812034,-0.14814438,515.9912145137787,1129.1910552978516,0.9993731
207097ab-74b4-4d93-b84a-2a4660bc043d,67,1.1925044563279856,left_knee,0.5588979,0.71474236,0.12323957,603.6097455024719,1372.3053359985352,0.71641016
207097ab-74b4-4d93-b84a-2a4660bc043d,67,1.1925044563279856,right_knee,0.47634345,0.7174346,-0.15222545,514.4509291648865,1377.4744033813477,0.9600793
207097ab-74b4-4d93-b84a-2a4660bc043d,67,1.1925044563279856,left_ankle,0.53847915,0.82531303,0.2984064,581.5574812889099,1584.6010208129883,0.8116272
207097ab-74b4-4d93-b84a-2a4660bc043d,67,1.1925044563279856,right_ankle,0.46921864,0.8422355,0.0198299,506.75613284111023,1617.092170715332,0.9589235
207097ab-74b4-4d93-b84a-2a4660bc043d,67,1.1925044563279856,left_heel,0.51667637,0.83884716,0.3069579,558.0104756355286,1610.5865478515625,0.75241303
207097ab-74b4-4d93-b84a-2a4660bc043d,67,1.1925044563279856,right_heel,0.45765758,0.85750157,0.024368491,494.2701816558838,1646.4030075073242,0.867031
207097ab-74b4-4d93-b84a-2a4660bc043d,67,1.1925044563279856,left_foot_index,0.5861782,0.87964666,0.14357007,633.0724382400513,1688.9215850830078,0.8564473
207097ab-74b4-4d93-b84a-2a4660bc043d,67,1.1925044563279856,right_foot_index,0.52178246,0.9007472,-0.20603877,563.5250544548035,1729.434585571289,0.94780755
207097ab-74b4-4d93-b84a-2a4660bc043d,68,1.2103030303030302,nose,0.56422645,0.36924154,-0.24903518,609.3645644187927,708.9437484741211,0.9997305
207097ab-74b4-4d93-b84a-2a4660bc043d,68,1.2103030303030302,left_shoulder,0.5871186,0.42611647,0.19851063,634.0881156921387,818.1436157226562,0.99200034
207097ab-74b4-4d93-b84a-2a4660bc043d,68,1.2103030303030302,right_shoulder,0.5059234,0.4179504,-0.25808975,546.3972616195679,802.4647521972656,0.99778014
207097ab-74b4-4d93-b84a-2a4660bc043d,68,1.2103030303030302,left_elbow,0.66579825,0.3760431,0.2776386,719.0621066093445,722.0027732849121,0.6082354
207097ab-74b4-4d93-b84a-2a4660bc043d,68,1.2103030303030302,right_elbow,0.62172174,0.35463455,-0.49243894,671.4594841003418,680.8983421325684,0.977861
207097ab-74b4-4d93-b84a-2a4660bc043d,68,1.2103030303030302,left_wrist,0.6816806,0.2998434,0.21733773,736.2150692939758,575.6993293762207,0.58475506
207097ab-74b4-4d93-b84a-2a4660bc043d,68,1.2103030303030302,right_wrist,0.666671,0.27867466,-0.4562747,720.0046563148499,535.0553512573242,0.9357879
207097ab-74b4-4d93-b84a-2a4660bc043d,68,1.2103030303030302,left_hip,0.5577873,0.5917928,0.14322218,602.4102830886841,1136.2422180175781,0.9993264
207097ab-74b4-4d93-b84a-2a4660bc043d,68,1.2103030303030302,right_hip,0.47794297,0.5861107,-0.14354585,516.1784112453461,1125.3325653076172,0.9993793
207097ab-74b4-4d93-b84a-2a4660bc043d,68,1.2103030303030302,left_knee,0.55971193,0.70862365,0.15902518,604.4888877868652,1360.5574035644531,0.71918356
207097ab-74b4-4d93-b84a-2a4660bc043d,68,1.2103030303030302,right_knee,0.47703677,0.71237683,-0.13526349,515.199716091156,1367.7635192871094,0.9611323
207097ab-74b4-4d93-b84a-2a4660bc043d,68,1.2103030303030302,left_ankle,0.5379344,0.8140286,0.34483135,580.9691762924194,1562.9349517822266,0.81701905
207097ab-74b4-4d93-b84a-2a4660bc043d,68,1.2103030303030302,right_ankle,0.46972376,0.838512,0.039202604,507.3016619682312,1609.9430465698242,0.9617319
207097ab-74b4-4d93-b84a-2a4660bc043d,68,1.2103030303030302,left_heel,0.5153786,0.82947785,0.35459563,556.6088819503784,1592.5974655151367,0.76146024
207097ab-74b4-4d93-b84a-2a4660bc043d,68,1.2103030303030302,right_heel,0.45749673,0.85356104,0.043769587,494.0964710712433,1638.8372039794922,0.87457556
207097ab-74b4-4d93-b84a-2a4660bc043d,68,1.2103030303030302,left_foot_index,0.5817006,0.8707962,0.20286237,628.2366728782654,1671.9287109375,0.8587687
207097ab-74b4-4d93-b84a-2a4660bc043d,68,1.2103030303030302,right_foot_index,0.522396,0.89706254,-0.19167848,564.1877102851868,1722.3600769042969,0.95056146
207097ab-74b4-4d93-b84a-2a4660bc043d,69,1.2281016042780748,nose,0.56342655,0.36854163,-0.20954989,608.5006785392761,707.599925994873,0.9997079
207097ab-74b4-4d93-b84a-2a4660bc043d,69,1.2281016042780748,left_shoulder,0.5856103,0.42484835,0.20980068,632.4590921401978,815.7088279724121,0.9913983
207097ab-74b4-4d93-b84a-2a4660bc043d,69,1.2281016042780748,right_shoulder,0.50591564,0.41505012,-0.25732467,546.3888931274414,796.8962287902832,0.9978847
207097ab-74b4-4d93-b84a-2a4660bc043d,69,1.2281016042780748,left_elbow,0.66472095,0.3751257,0.36827624,717.8986287117004,720.2413558959961,0.5864873
207097ab-74b4-4d93-b84a-2a4660bc043d,69,1.2281016042780748,right_elbow,0.6209358,0.35028493,-0.51497215,670.6106615066528,672.5470733642578,0.9796125
207097ab-74b4-4d93-b84a-2a4660bc043d,69,1.2281016042780748,left_wrist,0.6836259,0.30121705,0.34482828,738.3159470558167,578.3367347717285,0.5921135
207097ab-74b4-4d93-b84a-2a4660bc043d,69,1.2281016042780748,right_wrist,0.6674165,0.27601442,-0.4987993,720.8098340034485,529.947681427002,0.9415184
207097ab-74b4-4d93-b84a-2a4660bc043d,69,1.2281016042780748,left_hip,0.55756664,0.58895504,0.145636,602.1719741821289,1130.793685913086,0.99928766
207097ab-74b4-4d93-b84a-2a4660bc043d,69,1.2281016042780748,right_hip,0.47820258,0.58260417,-0.1459084,516.4587879180908,1118.6000061035156,0.9993931
207097ab-74b4-4d93-b84a-2a4660bc043d,69,1.2281016042780748,left_knee,0.5605946,0.70374304,0.1610906,605.4421877861023,1351.186637878418,0.71474165
207097ab-74b4-4d93-b84a-2a4660bc043d,69,1.2281016042780748,right_knee,0.4774723,0.70966876,-0.139625,515.6700897216797,1362.5640106201172,0.9622319
207097ab-74b4-4d93-b84a-2a4660bc043d,69,1.2281016042780748,left_ankle,0.537591,0.8074596,0.33476126,580.598258972168,1550.3224182128906,0.8182006
207097ab-74b4-4d93-b84a-2a4660bc043d,69,1.2281016042780748,right_ankle,0.46934026,0.8338057,0.011212193,506.88748598098755,1600.9069061279297,0.96420914
207097ab-74b4-4d93-b84a-2a4660bc043d,69,1.2281016042780748,left_heel,0.51445055,0.82400167,0.3432148,555.6065940856934,1582.0832061767578,0.7681602
207097ab-74b4-4d93-b84a-2a4660bc043d,69,1.2281016042780748,right_heel,0.45737618,0.84970474,0.013188718,493.9662766456604,1631.43310546875,0.882119
207097ab-74b4-4d93-b84a-2a4660bc043d,69,1.2281016042780748,left_foot_index,0.5801114,0.8654213,0.19931495,626.5202951431274,1661.60888671875,0.8583075
207097ab-74b4-4d93-b84a-2a4660bc043d,69,1.2281016042780748,right_foot_index,0.5237561,0.89405566,-0.20999254,565.6565737724304,1716.5868759155273,0.95290476
207097ab-74b4-4d93-b84a-2a4660bc043d,70,1.2459001782531194,nose,0.56298953,0.36602524,-0.16772413,608.0286955833435,702.7684593200684,0.9997022
207097ab-74b4-4d93-b84a-2a4660bc043d,70,1.2459001782531194,left_shoulder,0.5834745,0.42331854,0.2633573,630.1524782180786,812.7715873718262,0.99105275
207097ab-74b4-4d93-b84a-2a4660bc043d,70,1.2459001782531194,right_shoulder,0.50589675,0.41233784,-0.2482416,546.3684868812561,791.6886520385742,0.99800736
207097ab-74b4-4d93-b84a-2a4660bc043d,70,1.2459001782531194,left_elbow,0.6642505,0.37324905,0.41784897,717.3905324935913,716.63818359375,0.5631831
207097ab-74b4-4d93-b84a-2a4660bc043d,70,1.2459001782531194,right_elbow,0.61891264,0.35210773,-0.5462368,668.4256482124329,676.0468482971191,0.9811698
207097ab-74b4-4d93-b84a-2a4660bc043d,70,1.2459001782531194,left_wrist,0.6850999,0.29946074,0.41130048,739.9078917503357,574.9646186828613,0.5941049
207097ab-74b4-4d93-b84a-2a4660bc043d,70,1.2459001782531194,right_wrist,0.6625309,0.27955052,-0.58584374,715.5333709716797,536.737003326416,0.94659835
207097ab-74b4-4d93-b84a-2a4660bc043d,70,1.2459001782531194,left_hip,0.55744576,0.58605075,0.15244311,602.041425704956,1125.2174377441406,0.9992664
207097ab-74b4-4d93-b84a-2a4660bc043d,70,1.2459001782531194,right_hip,0.47868222,0.5798517,-0.15262605,516.976797580719,1113.3152389526367,0.9994189
207097ab-74b4-4d93-b84a-2a4660bc043d,70,1.2459001782531194,left_knee,0.56106913,0.7012263,0.18576406,605.9546613693237,1346.3544845581055,0.7097182
207097ab-74b4-4d93-b84a-2a4660bc043d,70,1.2459001782531194,right_knee,0.47748,0.707068,-0.17933896,515.6783938407898,1357.5706100463867,0.9636458
207097ab-74b4-4d93-b84a-2a4660bc043d,70,1.2459001782531194,left_ankle,0.537311,0.804202,0.36609182,580.2958989143372,1544.0678787231445,0.8179378
207097ab-74b4-4d93-b84a-2a4660bc043d,70,1.2459001782531194,right_ankle,0.46939117,0.83209485,-0.060786072,506.9424605369568,1597.6221084594727,0.96650445
207097ab-74b4-4d93-b84a-2a4660bc043d,70,1.2459001782531194,left_heel,0.51261187,0.820873,0.37487447,553.6208152770996,1576.0762023925781,0.77308285
207097ab-74b4-4d93-b84a-2a4660bc043d,70,1.2459001782531194,right_heel,0.45694792,0.84778893,-0.062164806,493.5037565231323,1627.7547454833984,0.8893061
207097ab-74b4-4d93-b84a-2a4660bc043d,70,1.2459001782531194,left_foot_index,0.57996744,0.8608424,0.2322747,626.3648343086243,1652.8174209594727,0.85765487
207097ab-74b4-4d93-b84a-2a4660bc043d,70,1.2459001782531194,right_foot_index,0.52712435,0.89151305,-0.29175234,569.2942929267883,1711.7050552368164,0.9551867
207097ab-74b4-4d93-b84a-2a4660bc043d,71,1.263698752228164,nose,0.5627914,0.36539236,-0.15703958,607.8147196769714,701.5533256530762,0.9997116
207097ab-74b4-4d93-b84a-2a4660bc043d,71,1.263698752228164,left_shoulder,0.58104354,0.42200246,0.29363552,627.5270247459412,810.2447319030762,0.9910115
207097ab-74b4-4d93-b84a-2a4660bc043d,71,1.263698752228164,right_shoulder,0.5059754,0.4107109,-0.24631135,546.4534592628479,788.5649299621582,0.9981423
207097ab-74b4-4d93-b84a-2a4660bc043d,71,1.263698752228164,left_elbow,0.6640567,0.37491518,0.4456156,717.1812558174133,719.8371505737305,0.5485352
207097ab-74b4-4d93-b84a-2a4660bc043d,71,1.263698752228164,right_elbow,0.615781,0.35188252,-0.55615723,665.0434899330139,675.6144332885742,0.9827142
207097ab-74b4-4d93-b84a-2a4660bc043d,71,1.263698752228164,left_wrist,0.68770856,0.3028695,0.44939435,742.7252411842346,581.5094375610352,0.6011792
207097ab-74b4-4d93-b84a-2a4660bc043d,71,1.263698752228164,right_wrist,0.6608987,0.28227952,-0.59670895,713.770580291748,541.9766807556152,0.95142716
207097ab-74b4-4d93-b84a-2a4660bc043d,71,1.263698752228164,left_hip,0.5573861,0.5841167,0.15724015,601.9769883155823,1121.5040588378906,0.99926144
207097ab-74b4-4d93-b84a-2a4660bc043d,71,1.263698752228164,right_hip,0.47937912,0.57794046,-0.1573813,517.72944688797,1109.6456909179688,0.99944633
207097ab-74b4-4d93-b84a-2a4660bc043d,71,1.263698752228164,left_knee,0.56145996,0.6979692,0.17948544,606.3767552375793,1340.1008605957031,0.7088529
207097ab-74b4-4d93-b84a-2a4660bc043d,71,1.263698752228164,right_knee,0.47739106,0.704258,-0.18306085,515.5823493003845,1352.175407409668,0.96506935
207097ab-74b4-4d93-b84a-2a4660bc043d,71,1.263698752228164,left_ankle,0.537029,0.80082315,0.35662404,579.9913501739502,1537.580451965332,0.81940114
207097ab-74b4-4d93-b84a-2a4660bc043d,71,1.263698752228164,right_ankle,0.46918592,0.82867426,-0.05719025,506.72079205513,1591.054573059082,0.96866465
207097ab-74b4-4d93-b84a-2a4660bc043d,71,1.263698752228164,left_heel,0.5123788,0.8173964,0.36503163,553.3691167831421,1569.4010925292969,0.7787542
207097ab-74b4-4d93-b84a-2a4660bc043d,71,1.263698752228164,right_heel,0.45673788,0.8441974,-0.057741135,493.27690601348877,1620.8589935302734,0.8958058
207097ab-74b4-4d93-b84a-2a4660bc043d,71,1.263698752228164,left_foot_index,0.5787647,0.85734516,0.22040394,625.0658512115479,1646.1027145385742,0.85849756
207097ab-74b4-4d93-b84a-2a4660bc043d,71,1.263698752228164,right_foot_index,0.5275132,0.88735855,-0.2849097,569.7142624855042,1703.7284088134766,0.95747846
207097ab-74b4-4d93-b84a-2a4660bc043d,72,1.2814973262032086,nose,0.56236166,0.36204365,-0.1498466,607.3505902290344,695.1238059997559,0.9997288
207097ab-74b4-4d93-b84a-2a4660bc043d,72,1.2814973262032086,left_shoulder,0.5812604,0.4200756,0.2999414,627.7612137794495,806.5451431274414,0.9911987
207097ab-74b4-4d93-b84a-2a4660bc043d,72,1.2814973262032086,right_shoulder,0.5043297,0.41016376,-0.21834695,544.6760559082031,787.5144195556641,0.99827385
207097ab-74b4-4d93-b84a-2a4660bc043d,72,1.2814973262032086,left_elbow,0.66482323,0.37629488,0.42125037,718.0090928077698,722.4861717224121,0.5469185
207097ab-74b4-4d93-b84a-2a4660bc043d,72,1.2814973262032086,right_elbow,0.60815406,0.35558894,-0.5551477,656.8063831329346,682.730770111084,0.98396224
207097ab-74b4-4d93-b84a-2a4660bc043d,72,1.2814973262032086,left_wrist,0.68916,0.30415037,0.43637422,744.2927885055542,583.9687156677246,0.6172133
207097ab-74b4-4d93-b84a-2a4660bc043d,72,1.2814973262032086,right_wrist,0.6589793,0.28547576,-0.64586514,711.6976404190063,548.1134605407715,0.9556915
207097ab-74b4-4d93-b84a-2a4660bc043d,72,1.2814973262032086,left_hip,0.557339,0.5834783,0.15538576,601.9261336326599,1120.2782821655273,0.99928534
207097ab-74b4-4d93-b84a-2a4660bc043d,72,1.2814973262032086,right_hip,0.47949544,0.5773246,-0.15554056,517.8550708293915,1108.4632873535156,0.99948555
207097ab-74b4-4d93-b84a-2a4660bc043d,72,1.2814973262032086,left_knee,0.5615927,0.6980487,0.18320735,606.5201139450073,1340.2535247802734,0.711703
207097ab-74b4-4d93-b84a-2a4660bc043d,72,1.2814973262032086,right_knee,0.47769022,0.70292556,-0.19158313,515.9054374694824,1349.6170806884766,0.9657124
207097ab-74b4-4d93-b84a-2a4660bc043d,72,1.2814973262032086,left_ankle,0.53805894,0.802707,0.37535626,581.1036515235901,1541.1974716186523,0.8229196
207097ab-74b4-4d93-b84a-2a4660bc043d,72,1.2814973262032086,right_ankle,0.46903712,0.82842416,-0.0650667,506.5600848197937,1590.5743789672852,0.9702486
207097ab-74b4-4d93-b84a-2a4660bc043d,72,1.2814973262032086,left_heel,0.51315236,0.81727624,0.38513625,554.2045497894287,1569.1703796386719,0.7848004
207097ab-74b4-4d93-b84a-2a4660bc043d,72,1.2814973262032086,right_heel,0.45612425,0.8435199,-0.065432824,492.6141858100891,1619.5582580566406,0.8992821
207097ab-74b4-4d93-b84a-2a4660bc043d,72,1.2814973262032086,left_foot_index,0.5792367,0.85983735,0.23464204,625.5756211280823,1650.8877182006836,0.86013883
207097ab-74b4-4d93-b84a-2a4660bc043d,72,1.2814973262032086,right_foot_index,0.52791214,0.8878254,-0.29738384,570.1451110839844,1704.6248245239258,0.9590633
207097ab-74b4-4d93-b84a-2a4660bc043d,73,1.2992959001782531,nose,0.56190467,0.36160406,-0.098708704,606.8570423126221,694.2798042297363,0.99975175
207097ab-74b4-4d93-b84a-2a4660bc043d,73,1.2992959001782531,left_shoulder,0.581366,0.42042673,0.33927014,627.8752827644348,807.2193145751953,0.99174327
207097ab-74b4-4d93-b84a-2a4660bc043d,73,1.2992959001782531,right_shoulder,0.5030241,0.40946612,-0.17677487,543.2660293579102,786.1749458312988,0.9984231
207097ab-74b4-4d93-b84a-2a4660bc043d,73,1.2992959001782531,left_elbow,0.6649376,0.37839207,0.46818173,718.1326246261597,726.5127754211426,0.54980516
207097ab-74b4-4d93-b84a-2a4660bc043d,73,1.2992959001782531,right_elbow,0.6037102,0.35690612,-0.5246969,652.0069885253906,685.2597427368164,0.98521835
207097ab-74b4-4d93-b84a-2a4660bc043d,73,1.2992959001782531,left_wrist,0.6888108,0.30677384,0.5145165,743.9156913757324,589.0057754516602,0.63514817
207097ab-74b4-4d93-b84a-2a4660bc043d,73,1.2992959001782531,right_wrist,0.65755314,0.28805906,-0.6118788,710.1573872566223,553.0733871459961,0.95975256
207097ab-74b4-4d93-b84a-2a4660bc043d,73,1.2992959001782531,left_hip,0.55721956,0.5826231,0.15483919,601.7971301078796,1118.6363983154297,0.9993221
207097ab-74b4-4d93-b84a-2a4660bc043d,73,1.2992959001782531,right_hip,0.47948095,0.5761248,-0.15496472,517.8394281864166,1106.1595916748047,0.99952674
207097ab-74b4-4d93-b84a-2a4660bc043d,73,1.2992959001782531,left_knee,0.56189144,0.6981205,0.17814031,606.8427515029907,1340.3913116455078,0.70984256
207097ab-74b4-4d93-b84a-2a4660bc043d,73,1.2992959001782531,right_knee,0.47780597,0.70088553,-0.2286117,516.0304498672485,1345.7002258300781,0.9664963
207097ab-74b4-4d93-b84a-2a4660bc043d,73,1.2992959001782531,left_ankle,0.53795415,0.8043544,0.36463273,580.9904837608337,1544.3605041503906,0.82317793
207097ab-74b4-4d93-b84a-2a4660bc043d,73,1.2992959001782531,right_ankle,0.468996,0.82810867,-0.15068017,506.5156674385071,1589.9686431884766,0.97172683
207097ab-74b4-4d93-b84a-2a4660bc043d,73,1.2992959001782531,left_heel,0.5128619,0.81891453,0.37794068,553.890860080719,1572.315902709961,0.78827095
207097ab-74b4-4d93-b84a-2a4660bc043d,73,1.2992959001782531,right_heel,0.45541492,0.8438397,-0.15544128,491.8481147289276,1620.172233581543,0.9034646
207097ab-74b4-4d93-b84a-2a4660bc043d,73,1.2992959001782531,left_foot_index,0.5815694,0.86020815,0.22249548,628.0949234962463,1651.5996551513672,0.8607056
207097ab-74b4-4d93-b84a-2a4660bc043d,73,1.2992959001782531,right_foot_index,0.52991843,0.8889517,-0.3825189,572.3119068145752,1706.7873001098633,0.9607279
207097ab-74b4-4d93-b84a-2a4660bc043d,74,1.3170944741532977,nose,0.5619299,0.36255035,-0.07415357,606.8842720985413,696.0966682434082,0.9997737
207097ab-74b4-4d93-b84a-2a4660bc043d,74,1.3170944741532977,left_shoulder,0.5814669,0.42183807,0.36146933,627.9842662811279,809.9291038513184,0.9922946
207097ab-74b4-4d93-b84a-2a4660bc043d,74,1.3170944741532977,right_shoulder,0.5027847,0.41001904,-0.16292115,543.0075073242188,787.2365570068359,0.99856246
207097ab-74b4-4d93-b84a-2a4660bc043d,74,1.3170944741532977,left_elbow,0.665029,0.37904608,0.49771217,718.2313084602356,727.7684783935547,0.551384
207097ab-74b4-4d93-b84a-2a4660bc043d,74,1.3170944741532977,right_elbow,0.6007736,0.35653698,-0.51305455,648.8354587554932,684.5510101318359,0.98639816
207097ab-74b4-4d93-b84a-2a4660bc043d,74,1.3170944741532977,left_wrist,0.6881322,0.3077097,0.55331355,743.1828045845032,590.8026123046875,0.65048665
207097ab-74b4-4d93-b84a-2a4660bc043d,74,1.3170944741532977,right_wrist,0.6566512,0.2884554,-0.596414,709.1832947731018,553.8343620300293,0.96345025
207097ab-74b4-4d93-b84a-2a4660bc043d,74,1.3170944741532977,left_hip,0.55713636,0.5827979,0.1549513,601.7072653770447,1118.971939086914,0.99935734
207097ab-74b4-4d93-b84a-2a4660bc043d,74,1.3170944741532977,right_hip,0.47991806,0.576135,-0.15506414,518.3115077018738,1106.1791610717773,0.999564
207097ab-74b4-4d93-b84a-2a4660bc043d,74,1.3170944741532977,left_knee,0.561989,0.69861126,0.17437296,606.9481301307678,1341.3336181640625,0.70434123
207097ab-74b4-4d93-b84a-2a4660bc043d,74,1.3170944741532977,right_knee,0.47797456,0.70136356,-0.25106657,516.2125289440155,1346.6180419921875,0.96726173
207097ab-74b4-4d93-b84a-2a4660bc043d,74,1.3170944741532977,left_ankle,0.53780365,0.8049894,0.3439169,580.8279418945312,1545.5796432495117,0.81984115
207097ab-74b4-4d93-b84a-2a4660bc043d,74,1.3170944741532977,right_ankle,0.46846738,0.82852155,-0.19393289,505.9447753429413,1590.761375427246,0.97298545
207097ab-74b4-4d93-b84a-2a4660bc043d,74,1.3170944741532977,left_heel,0.5114667,0.81914496,0.35093808,552.3840165138245,1572.7583312988281,0.7886051
207097ab-74b4-4d93-b84a-2a4660bc043d,74,1.3170944741532977,right_heel,0.45276764,0.8448912,-0.20062536,488.9890515804291,1622.1910858154297,0.9074209
207097ab-74b4-4d93-b84a-2a4660bc043d,74,1.3170944741532977,left_foot_index,0.584452,0.8606138,0.20714705,631.208131313324,1652.3785400390625,0.8591298
207097ab-74b4-4d93-b84a-2a4660bc043d,74,1.3170944741532977,right_foot_index,0.5315684,0.89046454,-0.42811546,574.0938806533813,1709.6919250488281,0.96215403
207097ab-74b4-4d93-b84a-2a4660bc043d,75,1.3348930481283423,nose,0.5613042,0.3646391,-0.0650566,606.2085485458374,700.1070785522461,0.9997931
207097ab-74b4-4d93-b84a-2a4660bc043d,75,1.3348930481283423,left_shoulder,0.58067954,0.42275432,0.37108696,627.1338987350464,811.688289642334,0.9927925
207097ab-74b4-4d93-b84a-2a4660bc043d,75,1.3348930481283423,right_shoulder,0.50281304,0.4115956,-0.16673815,543.0380845069885,790.2635765075684,0.99868035
207097ab-74b4-4d93-b84a-2a4660bc043d,75,1.3348930481283423,left_elbow,0.6645171,0.37871903,0.5001779,717.678472995758,727.1405410766602,0.5495349
207097ab-74b4-4d93-b84a-2a4660bc043d,75,1.3348930481283423,right_elbow,0.6006667,0.35768256,-0.5214794,648.7200379371643,686.7505073547363,0.9874245
207097ab-74b4-4d93-b84a-2a4660bc043d,75,1.3348930481283423,left_wrist,0.6882335,0.3079059,0.5249824,743.2921743392944,591.1793518066406,0.66459346
207097ab-74b4-4d93-b84a-2a4660bc043d,75,1.3348930481283423,right_wrist,0.65606517,0.28822675,-0.61862546,708.5503792762756,553.3953666687012,0.96673113
207097ab-74b4-4d93-b84a-2a4660bc043d,75,1.3348930481283423,left_hip,0.5564194,0.58332115,0.15706211,600.9329223632812,1119.9766159057617,0.9993945
207097ab-74b4-4d93-b84a-2a4660bc043d,75,1.3348930481283423,right_hip,0.48006323,0.5768423,-0.15716669,518.4682881832123,1107.5372314453125,0.999597
207097ab-74b4-4d93-b84a-2a4660bc043d,75,1.3348930481283423,left_knee,0.5624694,0.6993479,0.16357414,607.4669766426086,1342.7479934692383,0.7037818
207097ab-74b4-4d93-b84a-2a4660bc043d,75,1.3348930481283423,right_knee,0.47800994,0.7023828,-0.24623238,516.2507343292236,1348.5749816894531,0.9681586
207097ab-74b4-4d93-b84a-2a4660bc043d,75,1.3348930481283423,left_ankle,0.5380096,0.8065772,0.30614498,581.0503506660461,1548.6282348632812,0.82027924
207097ab-74b4-4d93-b84a-2a4660bc043d,75,1.3348930481283423,right_ankle,0.46768418,0.8285225,-0.17653896,505.09891390800476,1590.7632064819336,0.97430575
207097ab-74b4-4d93-b84a-2a4660bc043d,75,1.3348930481283423,left_heel,0.511315,0.820649,0.31027603,552.2201871871948,1575.6461334228516,0.7907907
207097ab-74b4-4d93-b84a-2a4660bc043d,75,1.3348930481283423,right_heel,0.45071858,0.8456031,-0.18266359,486.7760682106018,1623.5579681396484,0.9112865
207097ab-74b4-4d93-b84a-2a4660bc043d,75,1.3348930481283423,left_foot_index,0.58798057,0.8617261,0.16353142,635.0190138816833,1654.5141220092773,0.8605536
207097ab-74b4-4d93-b84a-2a4660bc043d,75,1.3348930481283423,right_foot_index,0.5324214,0.8915321,-0.4111702,575.0151228904724,1711.7416763305664,0.96373194
207097ab-74b4-4d93-b84a-2a4660bc043d,76,1.352691622103387,nose,0.56058884,0.3665195,-0.030170146,605.4359436035156,703.7174606323242,0.99981034
207097ab-74b4-4d93-b84a-2a4660bc043d,76,1.352691622103387,left_shoulder,0.5799926,0.42425287,0.38838205,626.3919997215271,814.5655059814453,0.99328244
207097ab-74b4-4d93-b84a-2a4660bc043d,76,1.352691622103387,right_shoulder,0.5021337,0.41356578,-0.16185813,542.304425239563,794.0463066101074,0.9987909
207097ab-74b4-4d93-b84a-2a4660bc043d,76,1.352691622103387,left_elbow,0.66305834,0.37927687,0.5078104,716.1030077934265,728.2115936279297,0.5447708
207097ab-74b4-4d93-b84a-2a4660bc043d,76,1.352691622103387,right_elbow,0.59967965,0.36005867,-0.519025,647.6540207862854,691.3126373291016,0.9884127
207097ab-74b4-4d93-b84a-2a4660bc043d,76,1.352691622103387,left_wrist,0.68756646,0.30911165,0.50555784,742.5717759132385,593.4943771362305,0.6772274
207097ab-74b4-4d93-b84a-2a4660bc043d,76,1.352691622103387,right_wrist,0.6553909,0.28957802,-0.6130836,707.8221917152405,555.9897994995117,0.96975774
207097ab-74b4-4d93-b84a-2a4660bc043d,76,1.352691622103387,left_hip,0.5560563,0.5845766,0.15858318,600.5408263206482,1122.3870849609375,0.99943215
207097ab-74b4-4d93-b84a-2a4660bc043d,76,1.352691622103387,right_hip,0.480158,0.57839096,-0.15867902,518.5706412792206,1110.5106353759766,0.99962795
207097ab-74b4-4d93-b84a-2a4660bc043d,76,1.352691622103387,left_knee,0.56294084,0.70091844,0.14849852,607.9761028289795,1345.7633972167969,0.70792556
207097ab-74b4-4d93-b84a-2a4660bc043d,76,1.352691622103387,right_knee,0.47812378,0.7040767,-0.24502042,516.3736867904663,1351.827278137207,0.96928257
207097ab-74b4-4d93-b84a-2a4660bc043d,76,1.352691622103387,left_ankle,0.5391452,0.8080747,0.28496587,582.2767853736877,1551.5034484863281,0.82376456
207097ab-74b4-4d93-b84a-2a4660bc043d,76,1.352691622103387,right_ankle,0.46729913,0.8300251,-0.17021188,504.6830642223358,1593.6481475830078,0.97564405
207097ab-74b4-4d93-b84a-2a4660bc043d,76,1.352691622103387,left_heel,0.51236314,0.8223219,0.28841662,553.3521866798401,1578.8580322265625,0.795205
207097ab-74b4-4d93-b84a-2a4660bc043d,76,1.352691622103387,right_heel,0.44982693,0.84694535,-0.17625162,485.81308007240295,1626.1350631713867,0.9149218
207097ab-74b4-4d93-b84a-2a4660bc043d,76,1.352691622103387,left_foot_index,0.59013236,0.86256266,0.13557902,637.3429441452026,1656.1203002929688,0.8642155
207097ab-74b4-4d93-b84a-2a4660bc043d,76,1.352691622103387,right_foot_index,0.5326043,0.8916979,-0.4081072,575.212619304657,1712.0599365234375,0.96539974
207097ab-74b4-4d93-b84a-2a4660bc043d,77,1.3704901960784313,nose,0.56045026,0.36692536,-0.027889011,605.2862763404846,704.4966888427734,0.9998268
207097ab-74b4-4d93-b84a-2a4660bc043d,77,1.3704901960784313,left_shoulder,0.5777092,0.42487997,0.40907702,623.9259338378906,815.7695388793945,0.99378353
207097ab-74b4-4d93-b84a-2a4660bc043d,77,1.3704901960784313,right_shoulder,0.50217986,0.41413677,-0.16872048,542.3542499542236,795.1425933837891,0.9988947
207097ab-74b4-4d93-b84a-2a4660bc043d,77,1.3704901960784313,left_elbow,0.66110426,0.3802981,0.5376298,713.9926028251648,730.1723670959473,0.54297
207097ab-74b4-4d93-b84a-2a4660bc043d,77,1.3704901960784313,right_elbow,0.600566,0.36102748,-0.5121537,648.6113119125366,693.1727600097656,0.98932767
207097ab-74b4-4d93-b84a-2a4660bc043d,77,1.3704901960784313,left_wrist,0.6869436,0.31036034,0.5253724,741.8990778923035,595.8918571472168,0.6899023
207097ab-74b4-4d93-b84a-2a4660bc043d,77,1.3704901960784313,right_wrist,0.655149,0.29031435,-0.5748863,707.5609016418457,557.4035453796387,0.9725197
207097ab-74b4-4d93-b84a-2a4660bc043d,77,1.3704901960784313,left_hip,0.5553519,0.58588195,0.16713955,599.7800660133362,1124.8933410644531,0.9994707
207097ab-74b4-4d93-b84a-2a4660bc043d,77,1.3704901960784313,right_hip,0.48100832,0.5797741,-0.16723055,519.4889867305756,1113.1662368774414,0.99965537
207097ab-74b4-4d93-b84a-2a4660bc043d,77,1.3704901960784313,left_knee,0.56302214,0.7020177,0.1249724,608.063907623291,1347.8740310668945,0.7125523
207097ab-74b4-4d93-b84a-2a4660bc043d,77,1.3704901960784313,right_knee,0.47822657,0.7053261,-0.23278265,516.4846980571747,1354.22607421875,0.97039264
207097ab-74b4-4d93-b84a-2a4660bc043d,77,1.3704901960784313,left_ankle,0.5414281,0.8098368,0.24504672,584.7423362731934,1554.8866653442383,0.82930344
207097ab-74b4-4d93-b84a-2a4660bc043d,77,1.3704901960784313,right_ankle,0.46724594,0.8310702,-0.14109406,504.6256113052368,1595.6547546386719,0.97695816
207097ab-74b4-4d93-b84a-2a4660bc043d,77,1.3704901960784313,left_heel,0.514957,0.8250064,0.24682361,556.1535716056824,1584.012336730957,0.8022357
207097ab-74b4-4d93-b84a-2a4660bc043d,77,1.3704901960784313,right_heel,0.44948027,0.8476892,-0.14484425,485.4386866092682,1627.5632858276367,0.9186503
207097ab-74b4-4d93-b84a-2a4660bc043d,77,1.3704901960784313,left_foot_index,0.59148514,0.8632749,0.09203808,638.8039541244507,1657.4877548217773,0.86967474
207097ab-74b4-4d93-b84a-2a4660bc043d,77,1.3704901960784313,right_foot_index,0.5332839,0.8921908,-0.37139592,575.9466004371643,1713.006362915039,0.96714807
207097ab-74b4-4d93-b84a-2a4660bc043d,78,1.3882887700534758,nose,0.56073123,0.37029666,-0.032085747,605.5897307395935,710.9695816040039,0.99983925
207097ab-74b4-4d93-b84a-2a4660bc043d,78,1.3882887700534758,left_shoulder,0.57696044,0.4267395,0.38936865,623.1172800064087,819.3398666381836,0.99416316
207097ab-74b4-4d93-b84a-2a4660bc043d,78,1.3882887700534758,right_shoulder,0.5021725,0.4189133,-0.19379526,542.3463320732117,804.3135452270508,0.9989829
207097ab-74b4-4d93-b84a-2a4660bc043d,78,1.3882887700534758,left_elbow,0.6594689,0.38122246,0.50795144,712.2264003753662,731.9471168518066,0.5328153
207097ab-74b4-4d93-b84a-2a4660bc043d,78,1.3882887700534758,right_elbow,0.60085744,0.36516473,-0.54076016,648.926031589508,701.1162757873535,0.9901381
207097ab-74b4-4d93-b84a-2a4660bc043d,78,1.3882887700534758,left_wrist,0.6865103,0.31391302,0.50307703,741.4311504364014,602.7129936218262,0.6942435
207097ab-74b4-4d93-b84a-2a4660bc043d,78,1.3882887700534758,right_wrist,0.65443087,0.2966028,-0.6100129,706.7853355407715,569.4773483276367,0.97491944
207097ab-74b4-4d93-b84a-2a4660bc043d,78,1.3882887700534758,left_hip,0.5551572,0.5882448,0.1715993,599.5697593688965,1129.4300079345703,0.9994992
207097ab-74b4-4d93-b84a-2a4660bc043d,78,1.3882887700534758,right_hip,0.48220316,0.5827168,-0.17166995,520.7794082164764,1118.8162994384766,0.9996775
207097ab-74b4-4d93-b84a-2a4660bc043d,78,1.3882887700534758,left_knee,0.5628762,0.70446163,0.1282454,607.906322479248,1352.5663375854492,0.71583414
207097ab-74b4-4d93-b84a-2a4660bc043d,78,1.3882887700534758,right_knee,0.4779961,0.7069492,-0.2270427,516.2357997894287,1357.342414855957,0.9716437
207097ab-74b4-4d93-b84a-2a4660bc043d,78,1.3882887700534758,left_ankle,0.5413173,0.8142546,0.25677142,584.6226668357849,1563.368797302246,0.8333939
207097ab-74b4-4d93-b84a-2a4660bc043d,78,1.3882887700534758,right_ankle,0.46625608,0.8331437,-0.13059753,503.5565686225891,1599.6359252929688,0.97824675
207097ab-74b4-4d93-b84a-2a4660bc043d,78,1.3882887700534758,left_heel,0.51466787,0.82933927,0.25932315,555.8412981033325,1592.3313903808594,0.8079487
207097ab-74b4-4d93-b84a-2a4660bc043d,78,1.3882887700534758,right_heel,0.44689953,0.85275793,-0.13440615,482.6514959335327,1637.2952270507812,0.9227359
207097ab-74b4-4d93-b84a-2a4660bc043d,78,1.3882887700534758,left_foot_index,0.59148556,0.8656088,0.10463327,638.8044047355652,1661.9689178466797,0.87437016
207097ab-74b4-4d93-b84a-2a4660bc043d,78,1.3882887700534758,right_foot_index,0.5340277,0.895765,-0.36121216,576.7499113082886,1719.8688125610352,0.968825
207097ab-74b4-4d93-b84a-2a4660bc043d,79,1.4060873440285204,nose,0.56148535,0.37536213,0.0142945405,606.4041781425476,720.6952857971191,0.9998511
207097ab-74b4-4d93-b84a-2a4660bc043d,79,1.4060873440285204,left_shoulder,0.57655,0.43299592,0.3987164,622.6740074157715,831.3521575927734,0.9945815
207097ab-74b4-4d93-b84a-2a4660bc043d,79,1.4060873440285204,right_shoulder,0.5022047,0.4249868,-0.19080232,542.3810935020447,815.9746742248535,0.99907
207097ab-74b4-4d93-b84a-2a4660bc043d,79,1.4060873440285204,left_elbow,0.6595364,0.3873289,0.503122,712.2993350028992,743.6714744567871,0.5295472
207097ab-74b4-4d93-b84a-2a4660bc043d,79,1.4060873440285204,right_elbow,0.5989558,0.37073144,-0.5343992,646.8722748756409,711.804370880127,0.99090797
207097ab-74b4-4d93-b84a-2a4660bc043d,79,1.4060873440285204,left_wrist,0.6861844,0.32180166,0.49305055,741.079158782959,617.8591918945312,0.7010346
207097ab-74b4-4d93-b84a-2a4660bc043d,79,1.4060873440285204,right_wrist,0.6539139,0.30231038,-0.60797346,706.2270283699036,580.4359245300293,0.9771407
207097ab-74b4-4d93-b84a-2a4660bc043d,79,1.4060873440285204,left_hip,0.5549041,0.5935113,0.17137937,599.2964315414429,1139.5416641235352,0.9995292
207097ab-74b4-4d93-b84a-2a4660bc043d,79,1.4060873440285204,right_hip,0.48225534,0.58695656,-0.1714343,520.8357667922974,1126.9565963745117,0.99969935
207097ab-74b4-4d93-b84a-2a4660bc043d,79,1.4060873440285204,left_knee,0.5625831,0.71097445,0.12045763,607.5897359848022,1365.0709533691406,0.722605
207097ab-74b4-4d93-b84a-2a4660bc043d,79,1.4060873440285204,right_knee,0.47806323,0.71217865,-0.23583391,516.3082838058472,1367.3830032348633,0.97299033
207097ab-74b4-4d93-b84a-2a4660bc043d,79,1.4060873440285204,left_ankle,0.54180133,0.823108,0.23833767,585.1454401016235,1580.3673934936523,0.8393699
207097ab-74b4-4d93-b84a-2a4660bc043d,79,1.4060873440285204,right_ankle,0.46435684,0.8369954,-0.1524616,501.5053868293762,1607.0312118530273,0.9794955
207097ab-74b4-4d93-b84a-2a4660bc043d,79,1.4060873440285204,left_heel,0.5144664,0.83767545,0.23908007,555.6237173080444,1608.3368682861328,0.8152868
207097ab-74b4-4d93-b84a-2a4660bc043d,79,1.4060873440285204,right_heel,0.44563493,0.8576551,-0.15864012,481.2857258319855,1646.6978073120117,0.92635256
207097ab-74b4-4d93-b84a-2a4660bc043d,79,1.4060873440285204,left_foot_index,0.59126985,0.8749631,0.07668725,638.5714387893677,1679.9291610717773,0.8799747
207097ab-74b4-4d93-b84a-2a4660bc043d,79,1.4060873440285204,right_foot_index,0.53380996,0.8998053,-0.3925278,576.5147566795349,1727.6261901855469,0.9705135
207097ab-74b4-4d93-b84a-2a4660bc043d,80,1.423885918003565,nose,0.56100357,0.37992746,-0.007240463,605.8838510513306,729.4607162475586,0.99986154
207097ab-74b4-4d93-b84a-2a4660bc043d,80,1.423885918003565,left_shoulder,0.5766006,0.43923128,0.39448836,622.7286601066589,843.3240509033203,0.994919
207097ab-74b4-4d93-b84a-2a4660bc043d,80,1.423885918003565,right_shoulder,0.50208443,0.43253696,-0.19084787,542.2511887550354,830.4709625244141,0.99914604
207097ab-74b4-4d93-b84a-2a4660bc043d,80,1.423885918003565,left_elbow,0.65955055,0.3926167,0.4951655,712.3145914077759,753.8240432739258,0.53131264
207097ab-74b4-4d93-b84a-2a4660bc043d,80,1.423885918003565,right_elbow,0.59797037,0.3781154,-0.527824,645.8079957962036,725.9815406799316,0.9916301
207097ab-74b4-4d93-b84a-2a4660bc043d,80,1.423885918003565,left_wrist,0.68560874,0.32890648,0.48932385,740.457444190979,631.5004348754883,0.7082753
207097ab-74b4-4d93-b84a-2a4660bc043d,80,1.423885918003565,right_wrist,0.6519017,0.3093874,-0.5816858,704.0538597106934,594.0237808227539,0.97914517
207097ab-74b4-4d93-b84a-2a4660bc043d,80,1.423885918003565,left_hip,0.55487466,0.60202634,0.17188399,599.2646312713623,1155.8905792236328,0.9995537
207097ab-74b4-4d93-b84a-2a4660bc043d,80,1.423885918003565,right_hip,0.48211503,0.59531754,-0.17192353,520.684232711792,1143.0096817016602,0.99971807
207097ab-74b4-4d93-b84a-2a4660bc043d,80,1.423885918003565,left_knee,0.5609043,0.7188132,0.11945836,605.7766699790955,1380.1213073730469,0.72902596
207097ab-74b4-4d93-b84a-2a4660bc043d,80,1.423885918003565,right_knee,0.47812948,0.7198496,-0.23720749,516.3798344135284,1382.1112060546875,0.9742728
207097ab-74b4-4d93-b84a-2a4660bc043d,80,1.423885918003565,left_ankle,0.5416943,0.8312591,0.24492994,585.0298261642456,1596.0174179077148,0.8450499
207097ab-74b4-4d93-b84a-2a4660bc043d,80,1.423885918003565,right_ankle,0.46178204,0.8445786,-0.14360675,498.7246012687683,1621.5909576416016,0.9806395
207097ab-74b4-4d93-b84a-2a4660bc043d,80,1.423885918003565,left_heel,0.5143732,0.8450894,0.24642818,555.5230379104614,1622.5716018676758,0.8220219
207097ab-74b4-4d93-b84a-2a4660bc043d,80,1.423885918003565,right_heel,0.4434233,0.86459255,-0.14870659,478.89716506004333,1660.0177001953125,0.92945105
207097ab-74b4-4d93-b84a-2a4660bc043d,80,1.423885918003565,left_foot_index,0.590706,0.88252807,0.082179636,637.9624700546265,1694.4538879394531,0.88509536
207097ab-74b4-4d93-b84a-2a4660bc043d,80,1.423885918003565,right_foot_index,0.5326937,0.9058738,-0.38367018,575.3091788291931,1739.2776489257812,0.97205395
207097ab-74b4-4d93-b84a-2a4660bc043d,81,1.4416844919786096,nose,0.5609541,0.387969,-0.0061514964,605.8304214477539,744.9004554748535,0.99987125
207097ab-74b4-4d93-b84a-2a4660bc043d,81,1.4416844919786096,left_shoulder,0.5767057,0.44636318,0.3859447,622.8421497344971,857.0173072814941,0.99525833
207097ab-74b4-4d93-b84a-2a4660bc043d,81,1.4416844919786096,right_shoulder,0.5016899,0.44009247,-0.1879991,541.8251037597656,844.9775505065918,0.9992128
207097ab-74b4-4d93-b84a-2a4660bc043d,81,1.4416844919786096,left_elbow,0.6584793,0.3977906,0.49472708,711.1576151847839,763.7579727172852,0.5368371
207097ab-74b4-4d93-b84a-2a4660bc043d,81,1.4416844919786096,right_elbow,0.594924,0.38593805,-0.48662522,642.5178909301758,741.0010528564453,0.99220496
207097ab-74b4-4d93-b84a-2a4660bc043d,81,1.4416844919786096,left_wrist,0.68290657,0.3333145,0.45345086,737.5390934944153,639.9638557434082,0.71658605
207097ab-74b4-4d93-b84a-2a4660bc043d,81,1.4416844919786096,right_wrist,0.644573,0.3161157,-0.49008518,696.1388111114502,606.9421577453613,0.98080707
207097ab-74b4-4d93-b84a-2a4660bc043d,81,1.4416844919786096,left_hip,0.5550367,0.60966593,0.1711232,599.4396615028381,1170.5585861206055,0.9995736
207097ab-74b4-4d93-b84a-2a4660bc043d,81,1.4416844919786096,right_hip,0.48214623,0.6034438,-0.1711704,520.7179319858551,1158.6120986938477,0.9997346
207097ab-74b4-4d93-b84a-2a4660bc043d,81,1.4416844919786096,left_knee,0.5592583,0.7271019,0.13641049,603.9989447593689,1396.0356903076172,0.735134
207097ab-74b4-4d93-b84a-2a4660bc043d,81,1.4416844919786096,right_knee,0.47818232,0.728968,-0.23368722,516.4369010925293,1399.6186065673828,0.9755444
207097ab-74b4-4d93-b84a-2a4660bc043d,81,1.4416844919786096,left_ankle,0.5416672,0.8387212,0.27385074,585.0006008148193,1610.3447341918945,0.84994656
207097ab-74b4-4d93-b84a-2a4660bc043d,81,1.4416844919786096,right_ankle,0.45982733,0.85471725,-0.13865152,496.61352038383484,1641.05712890625,0.98174375
207097ab-74b4-4d93-b84a-2a4660bc043d,81,1.4416844919786096,left_heel,0.51429397,0.85169375,0.27617553,555.4374861717224,1635.2519989013672,0.82718664
207097ab-74b4-4d93-b84a-2a4660bc043d,81,1.4416844919786096,right_heel,0.44263712,0.8734105,-0.14370382,478.04808497428894,1676.9482040405273,0.9324093
207097ab-74b4-4d93-b84a-2a4660bc043d,81,1.4416844919786096,left_foot_index,0.5905902,0.89034426,0.113404885,637.837393283844,1709.4609832763672,0.8894187
207097ab-74b4-4d93-b84a-2a4660bc043d,81,1.4416844919786096,right_foot_index,0.52928233,0.9148352,-0.37745923,571.6249179840088,1756.4836120605469,0.9734664
207097ab-74b4-4d93-b84a-2a4660bc043d,82,1.4594830659536542,nose,0.5606576,0.39619026,-0.019602992,605.5102300643921,760.6852912902832,0.9998793
207097ab-74b4-4d93-b84a-2a4660bc043d,82,1.4594830659536542,left_shoulder,0.5767439,0.45324957,0.38178828,622.8834128379822,870.2391815185547,0.995454
207097ab-74b4-4d93-b84a-2a4660bc043d,82,1.4594830659536542,right_shoulder,0.49904037,0.44802448,-0.18665227,538.9635944366455,860.2070045471191,0.99926424
207097ab-74b4-4d93-b84a-2a4660bc043d,82,1.4594830659536542,left_elbow,0.6578172,0.40533566,0.4834046,710.4425597190857,778.2444763183594,0.53878134
207097ab-74b4-4d93-b84a-2a4660bc043d,82,1.4594830659536542,right_elbow,0.5909113,0.39389268,-0.53315496,638.1842350959778,756.2739372253418,0.9926682
207097ab-74b4-4d93-b84a-2a4660bc043d,82,1.4594830659536542,left_wrist,0.6794333,0.33998305,0.45137295,733.7879490852356,652.767448425293,0.7224106
207097ab-74b4-4d93-b84a-2a4660bc043d,82,1.4594830659536542,right_wrist,0.6386571,0.32313666,-0.6299331,689.7496604919434,620.4223823547363,0.982303
207097ab-74b4-4d93-b84a-2a4660bc043d,82,1.4594830659536542,left_hip,0.5559325,0.6191371,0.17062458,600.4071235656738,1188.7432479858398,0.9995896
207097ab-74b4-4d93-b84a-2a4660bc043d,82,1.4594830659536542,right_hip,0.4821088,0.6138867,-0.17067553,520.6775057315826,1178.6624908447266,0.9997501
207097ab-74b4-4d93-b84a-2a4660bc043d,82,1.4594830659536542,left_knee,0.55763084,0.73583275,0.159736,602.2413039207458,1412.7988815307617,0.7452833
207097ab-74b4-4d93-b84a-2a4660bc043d,82,1.4594830659536542,right_knee,0.47787067,0.73689216,-0.23557603,516.1003267765045,1414.8329544067383,0.97683537
207097ab-74b4-4d93-b84a-2a4660bc043d,82,1.4594830659536542,left_ankle,0.54047346,0.84607893,0.32807547,583.7113380432129,1624.471549987793,0.8563746
207097ab-74b4-4d93-b84a-2a4660bc043d,82,1.4594830659536542,right_ankle,0.45890832,0.86363256,-0.14049049,495.62098503112793,1658.1745147705078,0.982865
207097ab-74b4-4d93-b84a-2a4660bc043d,82,1.4594830659536542,left_heel,0.5131721,0.8585187,0.33333343,554.225857257843,1648.355941772461,0.83341163
207097ab-74b4-4d93-b84a-2a4660bc043d,82,1.4594830659536542,right_heel,0.44234112,0.8795917,-0.145858,477.728408575058,1688.8160705566406,0.93526554
207097ab-74b4-4d93-b84a-2a4660bc043d,82,1.4594830659536542,left_foot_index,0.5847656,0.8955088,0.1668443,631.5468621253967,1719.3769454956055,0.8941068
207097ab-74b4-4d93-b84a-2a4660bc043d,82,1.4594830659536542,right_foot_index,0.520451,0.9222051,-0.38730076,562.0870900154114,1770.633773803711,0.97491586
207097ab-74b4-4d93-b84a-2a4660bc043d,83,1.4772816399286988,nose,0.5603903,0.4040948,-0.04277259,605.221517086029,775.861988067627,0.99988365
207097ab-74b4-4d93-b84a-2a4660bc043d,83,1.4772816399286988,left_shoulder,0.577278,0.461883,0.359031,623.460259437561,886.8153762817383,0.9955346
207097ab-74b4-4d93-b84a-2a4660bc043d,83,1.4772816399286988,right_shoulder,0.49711993,0.45677063,-0.19343404,536.8895280361176,876.9996070861816,0.9993003
207097ab-74b4-4d93-b84a-2a4660bc043d,83,1.4772816399286988,left_elbow,0.65765476,0.41345394,0.4327237,710.2671432495117,793.8315582275391,0.5457676
207097ab-74b4-4d93-b84a-2a4660bc043d,83,1.4772816399286988,right_elbow,0.5881512,0.40089172,-0.5708755,635.2033138275146,769.7121047973633,0.99302995
207097ab-74b4-4d93-b84a-2a4660bc043d,83,1.4772816399286988,left_wrist,0.6763639,0.3474478,0.39102486,730.4729962348938,667.0998001098633,0.7297879
207097ab-74b4-4d93-b84a-2a4660bc043d,83,1.4772816399286988,right_wrist,0.63446844,0.33109608,-0.71130866,685.2259111404419,635.7044792175293,0.9836005
207097ab-74b4-4d93-b84a-2a4660bc043d,83,1.4772816399286988,left_hip,0.5568837,0.6282186,0.17025971,601.4343881607056,1206.1796951293945,0.99959594
207097ab-74b4-4d93-b84a-2a4660bc043d,83,1.4772816399286988,right_hip,0.48189947,0.6230083,-0.17030755,520.4514276981354,1196.1759567260742,0.9997601
207097ab-74b4-4d93-b84a-2a4660bc043d,83,1.4772816399286988,left_knee,0.55545634,0.7450363,0.18310243,599.8928475379944,1430.4697036743164,0.7546034
207097ab-74b4-4d93-b84a-2a4660bc043d,83,1.4772816399286988,right_knee,0.4773234,0.7462817,-0.20093316,515.5092859268188,1432.8608322143555,0.97783864
207097ab-74b4-4d93-b84a-2a4660bc043d,83,1.4772816399286988,left_ankle,0.53952086,0.85195255,0.37660477,582.6825284957886,1635.7489013671875,0.862053
207097ab-74b4-4d93-b84a-2a4660bc043d,83,1.4772816399286988,right_ankle,0.45809728,0.8697761,-0.06676054,494.7450613975525,1669.9701690673828,0.9837907
207097ab-74b4-4d93-b84a-2a4660bc043d,83,1.4772816399286988,left_heel,0.51314884,0.8643399,0.38466027,554.2007517814636,1659.532585144043,0.8392705
207097ab-74b4-4d93-b84a-2a4660bc043d,83,1.4772816399286988,right_heel,0.4423486,0.8843787,-0.06826801,477.73648738861084,1698.0070495605469,0.93737745
207097ab-74b4-4d93-b84a-2a4660bc043d,83,1.4772816399286988,left_foot_index,0.577604,0.90093285,0.21550693,623.8123154640198,1729.7910690307617,0.89806527
207097ab-74b4-4d93-b84a-2a4660bc043d,83,1.4772816399286988,right_foot_index,0.5128953,0.92794317,-0.312683,553.9269089698792,1781.6508865356445,0.9760169
207097ab-74b4-4d93-b84a-2a4660bc043d,84,1.4950802139037433,nose,0.56033504,0.41428214,-0.04301193,605.1618432998657,795.4217147827148,0.9998827
207097ab-74b4-4d93-b84a-2a4660bc043d,84,1.4950802139037433,left_shoulder,0.5773593,0.47130513,0.3444505,623.5480642318726,904.9058532714844,0.9955628
207097ab-74b4-4d93-b84a-2a4660bc043d,84,1.4950802139037433,right_shoulder,0.49517995,0.46605775,-0.20044993,534.7943472862244,894.8308753967285,0.9993316
207097ab-74b4-4d93-b84a-2a4660bc043d,84,1.4950802139037433,left_elbow,0.656861,0.4225129,0.42234585,709.4098877906799,811.2247467041016,0.54531574
207097ab-74b4-4d93-b84a-2a4660bc043d,84,1.4950802139037433,right_elbow,0.5848373,0.40775207,-0.56506026,631.6243028640747,782.8839683532715,0.9934229
207097ab-74b4-4d93-b84a-2a4660bc043d,84,1.4950802139037433,left_wrist,0.673941,0.35540256,0.37283844,727.856297492981,682.3729133605957,0.7318886
207097ab-74b4-4d93-b84a-2a4660bc043d,84,1.4950802139037433,right_wrist,0.6323481,0.33826876,-0.6774696,682.9359698295593,649.4760131835938,0.98480624
207097ab-74b4-4d93-b84a-2a4660bc043d,84,1.4950802139037433,left_hip,0.55737686,0.63657975,0.16873462,601.9670104980469,1222.2331237792969,0.9995967
207097ab-74b4-4d93-b84a-2a4660bc043d,84,1.4950802139037433,right_hip,0.48187616,0.63165367,-0.1687987,520.4262578487396,1212.7750396728516,0.9997671
207097ab-74b4-4d93-b84a-2a4660bc043d,84,1.4950802139037433,left_knee,0.5533991,0.75119567,0.1807048,597.671012878418,1442.2956848144531,0.7621203
207097ab-74b4-4d93-b84a-2a4660bc043d,84,1.4950802139037433,right_knee,0.476101,0.75464636,-0.19462302,514.1890919208527,1448.921012878418,0.97864413
207097ab-74b4-4d93-b84a-2a4660bc043d,84,1.4950802139037433,left_ankle,0.53529525,0.8575009,0.36674744,578.1188678741455,1646.4017486572266,0.8667567
207097ab-74b4-4d93-b84a-2a4660bc043d,84,1.4950802139037433,right_ankle,0.45555183,0.8787113,-0.06605019,491.9959795475006,1687.1256637573242,0.9845402
207097ab-74b4-4d93-b84a-2a4660bc043d,84,1.4950802139037433,left_heel,0.510264,0.87148505,0.3740862,551.0850977897644,1673.2513046264648,0.8440935
207097ab-74b4-4d93-b84a-2a4660bc043d,84,1.4950802139037433,right_heel,0.44092223,0.895312,-0.06811651,476.19600892066956,1718.9990615844727,0.9390901
207097ab-74b4-4d93-b84a-2a4660bc043d,84,1.4950802139037433,left_foot_index,0.5718268,0.90587354,0.20667766,617.5729608535767,1739.2771911621094,0.9011676
207097ab-74b4-4d93-b84a-2a4660bc043d,84,1.4950802139037433,right_foot_index,0.50954896,0.93250453,-0.3104999,550.3128790855408,1790.408706665039,0.9768358
207097ab-74b4-4d93-b84a-2a4660bc043d,85,1.512878787878788,nose,0.5580936,0.42410487,-0.044513542,602.7410960197449,814.2813491821289,0.9998818
207097ab-74b4-4d93-b84a-2a4660bc043d,85,1.512878787878788,left_shoulder,0.5773905,0.48123524,0.34664565,623.5817313194275,923.9716529846191,0.99557436
207097ab-74b4-4d93-b84a-2a4660bc043d,85,1.512878787878788,right_shoulder,0.49347952,0.47620714,-0.19876881,532.9578816890717,914.3177032470703,0.9993495
207097ab-74b4-4d93-b84a-2a4660bc043d,85,1.512878787878788,left_elbow,0.65574896,0.43070483,0.42327777,708.2088804244995,826.9532775878906,0.5466193
207097ab-74b4-4d93-b84a-2a4660bc043d,85,1.512878787878788,right_elbow,0.58287245,0.4172368,-0.5550799,629.5022463798523,801.0946655273438,0.9937669
207097ab-74b4-4d93-b84a-2a4660bc043d,85,1.512878787878788,left_wrist,0.67119324,0.36525497,0.3794752,724.8887014389038,701.2895393371582,0.7355811
207097ab-74b4-4d93-b84a-2a4660bc043d,85,1.512878787878788,right_wrist,0.6301607,0.34859726,-0.6448581,680.5735445022583,669.3067359924316,0.9858382
207097ab-74b4-4d93-b84a-2a4660bc043d,85,1.512878787878788,left_hip,0.5582885,0.6443821,0.16802537,602.9515957832336,1237.2136688232422,0.99959844
207097ab-74b4-4d93-b84a-2a4660bc043d,85,1.512878787878788,right_hip,0.48187426,0.6399117,-0.16809496,520.4241979122162,1228.630485534668,0.99977225
207097ab-74b4-4d93-b84a-2a4660bc043d,85,1.512878787878788,left_knee,0.5531382,0.75932586,0.17571731,597.3892521858215,1457.9056549072266,0.7711094
207097ab-74b4-4d93-b84a-2a4660bc043d,85,1.512878787878788,right_knee,0.47544786,0.7639539,-0.1965051,513.483692407608,1466.7915344238281,0.9794484
207097ab-74b4-4d93-b84a-2a4660bc043d,85,1.512878787878788,left_ankle,0.5291192,0.86567885,0.3510189,571.4487290382385,1662.103385925293,0.8725721
207097ab-74b4-4d93-b84a-2a4660bc043d,85,1.512878787878788,right_ankle,0.45038337,0.88354856,-0.07452495,486.41403436660767,1696.413230895996,0.9852394
207097ab-74b4-4d93-b84a-2a4660bc043d,85,1.512878787878788,left_heel,0.50220007,0.87941563,0.357451,542.3760724067688,1688.478012084961,0.8499387
207097ab-74b4-4d93-b84a-2a4660bc043d,85,1.512878787878788,right_heel,0.43064833,0.9023541,-0.07724255,465.10019302368164,1732.5199127197266,0.9403769
207097ab-74b4-4d93-b84a-2a4660bc043d,85,1.512878787878788,left_foot_index,0.5697652,0.91235733,0.20376559,615.3464269638062,1751.72607421875,0.90498596
207097ab-74b4-4d93-b84a-2a4660bc043d,85,1.512878787878788,right_foot_index,0.50822955,0.9365897,-0.31653383,548.8879179954529,1798.2522583007812,0.9776671
207097ab-74b4-4d93-b84a-2a4660bc043d,86,1.5306773618538325,nose,0.5559522,0.4348241,-0.06119448,600.4283666610718,834.8622894287109,0.9998845
207097ab-74b4-4d93-b84a-2a4660bc043d,86,1.5306773618538325,left_shoulder,0.5769567,0.48987582,0.347208,623.1132245063782,940.561580657959,0.9955015
207097ab-74b4-4d93-b84a-2a4660bc043d,86,1.5306773618538325,right_shoulder,0.4933785,0.48573923,-0.21458718,532.8487694263458,932.6193237304688,0.9993622
207097ab-74b4-4d93-b84a-2a4660bc043d,86,1.5306773618538325,left_elbow,0.652595,0.43893903,0.4366903,704.8025822639465,842.7629470825195,0.53903383
207097ab-74b4-4d93-b84a-2a4660bc043d,86,1.5306773618538325,right_elbow,0.582118,0.42670622,-0.60560304,628.6874127388,819.275951385498,0.9940917
207097ab-74b4-4d93-b84a-2a4660bc043d,86,1.5306773618538325,left_wrist,0.66835546,0.37516305,0.4099006,721.823902130127,720.3130531311035,0.7355193
207097ab-74b4-4d93-b84a-2a4660bc043d,86,1.5306773618538325,right_wrist,0.62843746,0.35758397,-0.7302006,678.7124562263489,686.561222076416,0.9868432
207097ab-74b4-4d93-b84a-2a4660bc043d,86,1.5306773618538325,left_hip,0.5583533,0.6545235,0.17046703,603.0215692520142,1256.6851043701172,0.9995998
207097ab-74b4-4d93-b84a-2a4660bc043d,86,1.5306773618538325,right_hip,0.48226285,0.65069085,-0.17056859,520.8438777923584,1249.3264389038086,0.9997767
207097ab-74b4-4d93-b84a-2a4660bc043d,86,1.5306773618538325,left_knee,0.5532682,0.7705383,0.1773646,597.5296497344971,1479.433479309082,0.7817367
207097ab-74b4-4d93-b84a-2a4660bc043d,86,1.5306773618538325,right_knee,0.47546673,0.7724311,-0.19609015,513.5040664672852,1483.0676651000977,0.98042405
207097ab-74b4-4d93-b84a-2a4660bc043d,86,1.5306773618538325,left_ankle,0.5179283,0.87240523,0.35837752,559.3625664710999,1675.0180435180664,0.87911993
207097ab-74b4-4d93-b84a-2a4660bc043d,86,1.5306773618538325,right_ankle,0.44052634,0.8914626,-0.07015755,475.76844334602356,1711.6082382202148,0.9860539
207097ab-74b4-4d93-b84a-2a4660bc043d,86,1.5306773618538325,left_heel,0.49053767,0.88714695,0.36489058,529.7806870937347,1703.3221435546875,0.85622334
207097ab-74b4-4d93-b84a-2a4660bc043d,86,1.5306773618538325,right_heel,0.41804662,0.91139466,-0.072584264,451.490353345871,1749.8777389526367,0.9423121
207097ab-74b4-4d93-b84a-2a4660bc043d,86,1.5306773618538325,left_foot_index,0.5643131,0.9157607,0.20172974,609.4581627845764,1758.2605361938477,0.90949744
207097ab-74b4-4d93-b84a-2a4660bc043d,86,1.5306773618538325,right_foot_index,0.50781953,0.9380238,-0.3119546,548.4450960159302,1801.0057067871094,0.9787219
207097ab-74b4-4d93-b84a-2a4660bc043d,87,1.5484759358288769,nose,0.55428,0.44082722,-0.11242008,598.6223816871643,846.3882637023926,0.9998766
207097ab-74b4-4d93-b84a-2a4660bc043d,87,1.5484759358288769,left_shoulder,0.5759563,0.49800164,0.3219235,622.0327877998352,956.1631393432617,0.99521303
207097ab-74b4-4d93-b84a-2a4660bc043d,87,1.5484759358288769,right_shoulder,0.49354264,0.4960706,-0.25958198,533.0260527133942,952.4555397033691,0.9993258
207097ab-74b4-4d93-b84a-2a4660bc043d,87,1.5484759358288769,left_elbow,0.6508823,0.44672486,0.4259931,702.9528880119324,857.7117347717285,0.53284615
207097ab-74b4-4d93-b84a-2a4660bc043d,87,1.5484759358288769,right_elbow,0.5826829,0.43535763,-0.6310882,629.2975401878357,835.8866500854492,0.99434984
207097ab-74b4-4d93-b84a-2a4660bc043d,87,1.5484759358288769,left_wrist,0.6641995,0.3804682,0.38531807,717.3354291915894,730.4989242553711,0.73739505
207097ab-74b4-4d93-b84a-2a4660bc043d,87,1.5484759358288769,right_wrist,0.62726104,0.3649575,-0.74133354,677.4419260025024,700.7184219360352,0.9877565
207097ab-74b4-4d93-b84a-2a4660bc043d,87,1.5484759358288769,left_hip,0.5583417,0.6624064,0.17624106,603.0090165138245,1271.8202590942383,0.9995733
207097ab-74b4-4d93-b84a-2a4660bc043d,87,1.5484759358288769,right_hip,0.48298204,0.65876883,-0.17639878,521.620602607727,1264.8361587524414,0.99976146
207097ab-74b4-4d93-b84a-2a4660bc043d,87,1.5484759358288769,left_knee,0.55750763,0.7779347,0.18335298,602.1082448959351,1493.6345672607422,0.78907555
207097ab-74b4-4d93-b84a-2a4660bc043d,87,1.5484759358288769,right_knee,0.47757885,0.78082556,-0.18359727,515.7851564884186,1499.1850662231445,0.9810458
207097ab-74b4-4d93-b84a-2a4660bc043d,87,1.5484759358288769,left_ankle,0.50687134,0.8763309,0.37091076,547.4210500717163,1682.5553512573242,0.88288933
207097ab-74b4-4d93-b84a-2a4660bc043d,87,1.5484759358288769,right_ankle,0.43659064,0.8950089,-0.035343062,471.517893075943,1718.4171295166016,0.9865887
207097ab-74b4-4d93-b84a-2a4660bc043d,87,1.5484759358288769,left_heel,0.47604132,0.89207983,0.37856048,514.1246223449707,1712.7932739257812,0.8593849
207097ab-74b4-4d93-b84a-2a4660bc043d,87,1.5484759358288769,right_heel,0.41339892,0.9144663,-0.03458579,446.4708352088928,1755.7753372192383,0.9435383
207097ab-74b4-4d93-b84a-2a4660bc043d,87,1.5484759358288769,left_foot_index,0.5618764,0.9159598,0.22474352,606.8265295028687,1758.6427688598633,0.9115231
207097ab-74b4-4d93-b84a-2a4660bc043d,87,1.5484759358288769,right_foot_index,0.5077812,0.9371085,-0.26207495,548.4037041664124,1799.2483520507812,0.97928876
207097ab-74b4-4d93-b84a-2a4660bc043d,88,1.5662745098039215,nose,0.5536639,0.44849172,-0.16493928,597.957022190094,861.1041069030762,0.9998674
207097ab-74b4-4d93-b84a-2a4660bc043d,88,1.5662745098039215,left_shoulder,0.575255,0.50623214,0.28559065,621.2753748893738,971.9657135009766,0.99472165
207097ab-74b4-4d93-b84a-2a4660bc043d,88,1.5662745098039215,right_shoulder,0.49367204,0.50355744,-0.3024763,533.1658065319061,966.8302917480469,0.999264
207097ab-74b4-4d93-b84a-2a4660bc043d,88,1.5662745098039215,left_elbow,0.6490991,0.45425102,0.39094347,701.0270404815674,872.1619606018066,0.52731204
207097ab-74b4-4d93-b84a-2a4660bc043d,88,1.5662745098039215,right_elbow,0.5829918,0.44132304,-0.6526256,629.6311211585999,847.3402404785156,0.99455696
207097ab-74b4-4d93-b84a-2a4660bc043d,88,1.5662745098039215,left_wrist,0.66181046,0.3869144,0.31852397,714.7552943229675,742.8756523132324,0.7386339
207097ab-74b4-4d93-b84a-2a4660bc043d,88,1.5662745098039215,right_wrist,0.62591743,0.37053972,-0.75833017,675.9908294677734,711.4362716674805,0.9885525
207097ab-74b4-4d93-b84a-2a4660bc043d,88,1.5662745098039215,left_hip,0.55720294,0.6712389,0.1803994,601.7791700363159,1288.7786865234375,0.9995254
207097ab-74b4-4d93-b84a-2a4660bc043d,88,1.5662745098039215,right_hip,0.48330006,0.66888565,-0.18062875,521.9640648365021,1284.2604446411133,0.99973303
207097ab-74b4-4d93-b84a-2a4660bc043d,88,1.5662745098039215,left_knee,0.5644512,0.7829522,0.20708823,609.6073150634766,1503.2682037353516,0.79448277
207097ab-74b4-4d93-b84a-2a4660bc043d,88,1.5662745098039215,right_knee,0.4815447,0.78929466,-0.15464947,520.068279504776,1515.4457473754883,0.98151046
207097ab-74b4-4d93-b84a-2a4660bc043d,88,1.5662745098039215,left_ankle,0.5050161,0.87747794,0.4136057,545.4173755645752,1684.7576522827148,0.8852682
207097ab-74b4-4d93-b84a-2a4660bc043d,88,1.5662745098039215,right_ankle,0.43398586,0.8995821,0.022440845,468.7047278881073,1727.197608947754,0.98710257
207097ab-74b4-4d93-b84a-2a4660bc043d,88,1.5662745098039215,left_heel,0.4709839,0.8933834,0.42369524,508.66260409355164,1715.2960968017578,0.8610341
207097ab-74b4-4d93-b84a-2a4660bc043d,88,1.5662745098039215,right_heel,0.41102028,0.9176189,0.026471343,443.9019012451172,1761.8282318115234,0.9449782
207097ab-74b4-4d93-b84a-2a4660bc043d,88,1.5662745098039215,left_foot_index,0.56016386,0.91743106,0.27778095,604.9769639968872,1761.467628479004,0.9127438
207097ab-74b4-4d93-b84a-2a4660bc043d,88,1.5662745098039215,right_foot_index,0.5084195,0.93794405,-0.19319423,549.093074798584,1800.8525848388672,0.97986454
207097ab-74b4-4d93-b84a-2a4660bc043d,89,1.584073083778966,nose,0.55371,0.45750043,-0.17957692,598.0067825317383,878.400821685791,0.99985963
207097ab-74b4-4d93-b84a-2a4660bc043d,89,1.584073083778966,left_shoulder,0.5749158,0.5144795,0.2713771,620.9090924263,987.8006744384766,0.99427587
207097ab-74b4-4d93-b84a-2a4660bc043d,89,1.584073083778966,right_shoulder,0.49373204,0.5098363,-0.3287947,533.2305979728699,978.8857269287109,0.999226
207097ab-74b4-4d93-b84a-2a4660bc043d,89,1.584073083778966,left_elbow,0.6473733,0.4625312,0.39519107,699.1631841659546,888.0599212646484,0.51747286
207097ab-74b4-4d93-b84a-2a4660bc043d,89,1.584073083778966,right_elbow,0.5818704,0.44773486,-0.66427875,628.4200072288513,859.650936126709,0.9948264
207097ab-74b4-4d93-b84a-2a4660bc043d,89,1.584073083778966,left_wrist,0.66025287,0.39570647,0.32817337,713.0730986595154,759.7564315795898,0.7372056
207097ab-74b4-4d93-b84a-2a4660bc043d,89,1.584073083778966,right_wrist,0.62471724,0.3782671,-0.7543421,674.6946144104004,726.2728500366211,0.98932064
207097ab-74b4-4d93-b84a-2a4660bc043d,89,1.584073083778966,left_hip,0.55494684,0.67754674,0.18564036,599.3425869941711,1300.8897399902344,0.99948335
207097ab-74b4-4d93-b84a-2a4660bc043d,89,1.584073083778966,right_hip,0.4834814,0.67485327,-0.18586753,522.1599197387695,1295.7182693481445,0.9997066
207097ab-74b4-4d93-b84a-2a4660bc043d,89,1.584073083778966,left_knee,0.57294416,0.7840483,0.2153386,618.7796974182129,1505.3727722167969,0.79986036
207097ab-74b4-4d93-b84a-2a4660bc043d,89,1.584073083778966,right_knee,0.48843408,0.79384226,-0.15857185,527.5088024139404,1524.177131652832,0.9822905
207097ab-74b4-4d93-b84a-2a4660bc043d,89,1.584073083778966,left_ankle,0.5047021,0.87755543,0.4204512,545.0782585144043,1684.9064254760742,0.88776535
207097ab-74b4-4d93-b84a-2a4660bc043d,89,1.584073083778966,right_ankle,0.43271092,0.9009076,0.002806219,467.32778906822205,1729.742546081543,0.98770994
207097ab-74b4-4d93-b84a-2a4660bc043d,89,1.584073083778966,left_heel,0.4682005,0.8923518,0.43070903,505.6565451622009,1713.3154678344727,0.8626301
207097ab-74b4-4d93-b84a-2a4660bc043d,89,1.584073083778966,right_heel,0.4099828,0.916626,0.0053400877,442.7814245223999,1759.921875,0.9469348
207097ab-74b4-4d93-b84a-2a4660bc043d,89,1.584073083778966,left_foot_index,0.5611736,0.9176026,0.2939963,606.0675072669983,1761.796989440918,0.9141677
207097ab-74b4-4d93-b84a-2a4660bc043d,89,1.584073083778966,right_foot_index,0.50884265,0.9396218,-0.21155344,549.5500588417053,1804.0738677978516,0.98061603
207097ab-74b4-4d93-b84a-2a4660bc043d,90,1.6018716577540106,nose,0.5521609,0.46293178,-0.16881204,596.3337922096252,888.8290214538574,0.9998339
207097ab-74b4-4d93-b84a-2a4660bc043d,90,1.6018716577540106,left_shoulder,0.57304215,0.5164188,0.27006924,618.8855266571045,991.5241241455078,0.9936878
207097ab-74b4-4d93-b84a-2a4660bc043d,90,1.6018716577540106,right_shoulder,0.4939019,0.51253355,-0.3442999,533.4140610694885,984.0644073486328,0.9991752
207097ab-74b4-4d93-b84a-2a4660bc043d,90,1.6018716577540106,left_elbow,0.6454554,0.4670244,0.4002469,697.0918536186218,896.6868209838867,0.50002867
207097ab-74b4-4d93-b84a-2a4660bc043d,90,1.6018716577540106,right_elbow,0.58200777,0.45371008,-0.6654081,628.5683870315552,871.1233520507812,0.9950475
207097ab-74b4-4d93-b84a-2a4660bc043d,90,1.6018716577540106,left_wrist,0.65903556,0.40236917,0.32861772,711.7584085464478,772.5488090515137,0.72756493
207097ab-74b4-4d93-b84a-2a4660bc043d,90,1.6018716577540106,right_wrist,0.62405175,0.38536537,-0.74375385,673.9758896827698,739.9015045166016,0.9899615
207097ab-74b4-4d93-b84a-2a4660bc043d,90,1.6018716577540106,left_hip,0.5524171,0.6814522,0.19104625,596.6104674339294,1308.3882522583008,0.9994365
207097ab-74b4-4d93-b84a-2a4660bc043d,90,1.6018716577540106,right_hip,0.48427954,0.6782354,-0.19119422,523.0219066143036,1302.2119903564453,0.9996707
207097ab-74b4-4d93-b84a-2a4660bc043d,90,1.6018716577540106,left_knee,0.57710385,0.7855628,0.21064088,623.2721614837646,1508.2806015014648,0.7964241
207097ab-74b4-4d93-b84a-2a4660bc043d,90,1.6018716577540106,right_knee,0.4998467,0.7939941,-0.15948915,539.8344326019287,1524.4687271118164,0.9827512
207097ab-74b4-4d93-b84a-2a4660bc043d,90,1.6018716577540106,left_ankle,0.49949008,0.8792121,0.40200654,539.4492888450623,1688.0871963500977,0.88328433
207097ab-74b4-4d93-b84a-2a4660bc043d,90,1.6018716577540106,right_ankle,0.434333,0.8999694,-0.0064890804,469.0796363353729,1727.9412460327148,0.98795915
207097ab-74b4-4d93-b84a-2a4660bc043d,90,1.6018716577540106,left_heel,0.4605181,0.8941358,0.4112163,497.359539270401,1716.7406845092773,0.85851085
207097ab-74b4-4d93-b84a-2a4660bc043d,90,1.6018716577540106,right_heel,0.4107358,0.91581565,-0.0042634862,443.5946488380432,1758.3660507202148,0.9483665
207097ab-74b4-4d93-b84a-2a4660bc043d,90,1.6018716577540106,left_foot_index,0.56129384,0.9156896,0.27807674,606.1973476409912,1758.124008178711,0.91122293
207097ab-74b4-4d93-b84a-2a4660bc043d,90,1.6018716577540106,right_foot_index,0.50964504,0.9376968,-0.21420231,550.4166483879089,1800.3778839111328,0.98084664
207097ab-74b4-4d93-b84a-2a4660bc043d,91,1.6196702317290552,nose,0.54995507,0.46753934,-0.23465902,593.9514756202698,897.6755332946777,0.9998276
207097ab-74b4-4d93-b84a-2a4660bc043d,91,1.6196702317290552,left_shoulder,0.5726281,0.518796,0.23984176,618.4383273124695,996.0883712768555,0.9929553
207097ab-74b4-4d93-b84a-2a4660bc043d,91,1.6196702317290552,right_shoulder,0.49355206,0.51454544,-0.3451545,533.0362236499786,987.92724609375,0.9991382
207097ab-74b4-4d93-b84a-2a4660bc043d,91,1.6196702317290552,left_elbow,0.6450917,0.47086918,0.36513194,696.6990494728088,904.0688323974609,0.4967738
207097ab-74b4-4d93-b84a-2a4660bc043d,91,1.6196702317290552,right_elbow,0.58224225,0.45710486,-0.650007,628.8216304779053,877.6413345336914,0.99525636
207097ab-74b4-4d93-b84a-2a4660bc043d,91,1.6196702317290552,left_wrist,0.65915745,0.40603897,0.31419578,711.8900513648987,779.5948219299316,0.7295804
207097ab-74b4-4d93-b84a-2a4660bc043d,91,1.6196702317290552,right_wrist,0.62333417,0.39133933,-0.7267346,673.2009029388428,751.3715171813965,0.99064815
207097ab-74b4-4d93-b84a-2a4660bc043d,91,1.6196702317290552,left_hip,0.5505379,0.6827854,0.18887685,594.5809149742126,1310.9479522705078,0.9993584
207097ab-74b4-4d93-b84a-2a4660bc043d,91,1.6196702317290552,right_hip,0.48430017,0.6796045,-0.18902737,523.0441796779633,1304.8405838012695,0.99962455
207097ab-74b4-4d93-b84a-2a4660bc043d,91,1.6196702317290552,left_knee,0.5847095,0.78286517,0.2095622,631.4862871170044,1503.1011199951172,0.7949618
207097ab-74b4-4d93-b84a-2a4660bc043d,91,1.6196702317290552,right_knee,0.51013446,0.79377466,-0.16780938,550.9452152252197,1524.0473556518555,0.98310935
207097ab-74b4-4d93-b84a-2a4660bc043d,91,1.6196702317290552,left_ankle,0.49920744,0.8779717,0.3897605,539.1440320014954,1685.705680847168,0.8790223
207097ab-74b4-4d93-b84a-2a4660bc043d,91,1.6196702317290552,right_ankle,0.43533793,0.8990151,-0.03329003,470.16496539115906,1726.1090469360352,0.9882692
207097ab-74b4-4d93-b84a-2a4660bc043d,91,1.6196702317290552,left_heel,0.4594453,0.89279336,0.3998216,496.20092153549194,1714.1632461547852,0.8536375
207097ab-74b4-4d93-b84a-2a4660bc043d,91,1.6196702317290552,right_heel,0.41139117,0.9146211,-0.03178988,444.30246233940125,1756.0725402832031,0.94957834
207097ab-74b4-4d93-b84a-2a4660bc043d,91,1.6196702317290552,left_foot_index,0.56069416,0.9142683,0.26034063,605.5496907234192,1755.395164489746,0.9083857
207097ab-74b4-4d93-b84a-2a4660bc043d,91,1.6196702317290552,right_foot_index,0.51034456,0.9365727,-0.23132773,551.1721301078796,1798.2195281982422,0.98128444
207097ab-74b4-4d93-b84a-2a4660bc043d,92,1.6374688057040998,nose,0.5501416,0.4713179,-0.22064415,594.1528987884521,904.9303436279297,0.99980944
207097ab-74b4-4d93-b84a-2a4660bc043d,92,1.6374688057040998,left_shoulder,0.57220465,0.5206429,0.22953206,617.9810214042664,999.6343231201172,0.99259245
207097ab-74b4-4d93-b84a-2a4660bc043d,92,1.6374688057040998,right_shoulder,0.4936068,0.51679796,-0.34006092,533.0953502655029,992.252082824707,0.9990888
207097ab-74b4-4d93-b84a-2a4660bc043d,92,1.6374688057040998,left_elbow,0.6452442,0.47235897,0.34438443,696.8637156486511,906.9292259216309,0.50206727
207097ab-74b4-4d93-b84a-2a4660bc043d,92,1.6374688057040998,right_elbow,0.58274853,0.46029827,-0.58926016,629.3684148788452,883.7726783752441,0.9954934
207097ab-74b4-4d93-b84a-2a4660bc043d,92,1.6374688057040998,left_wrist,0.65864784,0.4089317,0.281641,711.3396620750427,785.148868560791,0.73424447
207097ab-74b4-4d93-b84a-2a4660bc043d,92,1.6374688057040998,right_wrist,0.6226473,0.3960051,-0.5536709,672.4590682983398,760.3297805786133,0.9911903
207097ab-74b4-4d93-b84a-2a4660bc043d,92,1.6374688057040998,left_hip,0.5492563,0.68402535,0.1875598,593.1968307495117,1313.3286666870117,0.99928814
207097ab-74b4-4d93-b84a-2a4660bc043d,92,1.6374688057040998,right_hip,0.4845329,0.6814381,-0.18771239,523.2955241203308,1308.3611297607422,0.999566
207097ab-74b4-4d93-b84a-2a4660bc043d,92,1.6374688057040998,left_knee,0.5895506,0.7826883,0.1878869,636.7146635055542,1502.761573791504,0.7942708
207097ab-74b4-4d93-b84a-2a4660bc043d,92,1.6374688057040998,right_knee,0.51862603,0.7929929,-0.1974842,560.1161170005798,1522.5463485717773,0.98351896
207097ab-74b4-4d93-b84a-2a4660bc043d,92,1.6374688057040998,left_ankle,0.49980453,0.87715125,0.34683684,539.7888886928558,1684.1304016113281,0.8759776
207097ab-74b4-4d93-b84a-2a4660bc043d,92,1.6374688057040998,right_ankle,0.43776438,0.89754444,-0.08091871,472.78552651405334,1723.2853317260742,0.9885234
207097ab-74b4-4d93-b84a-2a4660bc043d,92,1.6374688057040998,left_heel,0.4602588,0.89191914,0.35371983,497.0795166492462,1712.4847412109375,0.8488317
207097ab-74b4-4d93-b84a-2a4660bc043d,92,1.6374688057040998,right_heel,0.41244826,0.91320807,-0.0816627,445.4441177845001,1753.359489440918,0.9505006
207097ab-74b4-4d93-b84a-2a4660bc043d,92,1.6374688057040998,left_foot_index,0.55957377,0.9134297,0.2340935,604.3396711349487,1753.7849807739258,0.9067758
207097ab-74b4-4d93-b84a-2a4660bc043d,92,1.6374688057040998,right_foot_index,0.5138535,0.9364708,-0.2827468,554.9617695808411,1798.0239486694336,0.9817576
207097ab-74b4-4d93-b84a-2a4660bc043d,93,1.6552673796791444,nose,0.55023044,0.46897253,-0.18039192,594.2488789558411,900.4272651672363,0.9997501
207097ab-74b4-4d93-b84a-2a4660bc043d,93,1.6552673796791444,left_shoulder,0.5721946,0.5184868,0.24940918,617.970142364502,995.4946517944336,0.9928293
207097ab-74b4-4d93-b84a-2a4660bc043d,93,1.6552673796791444,right_shoulder,0.49371606,0.51685685,-0.3273726,533.2133460044861,992.3651504516602,0.9990489
207097ab-74b4-4d93-b84a-2a4660bc043d,93,1.6552673796791444,left_elbow,0.64533496,0.4723829,0.3500535,696.9617557525635,906.9751739501953,0.5148418
207097ab-74b4-4d93-b84a-2a4660bc043d,93,1.6552673796791444,right_elbow,0.5828319,0.46110716,-0.5608821,629.4584727287292,885.325756072998,0.995755
207097ab-74b4-4d93-b84a-2a4660bc043d,93,1.6552673796791444,left_wrist,0.65895575,0.4078803,0.26225716,711.6722130775452,783.1301879882812,0.7424623
207097ab-74b4-4d93-b84a-2a4660bc043d,93,1.6552673796791444,right_wrist,0.6215444,0.39623442,-0.51087344,671.2679743766785,760.770092010498,0.9917486
207097ab-74b4-4d93-b84a-2a4660bc043d,93,1.6552673796791444,left_hip,0.54938555,0.6841483,0.18739611,593.3363914489746,1313.5647583007812,0.99927694
207097ab-74b4-4d93-b84a-2a4660bc043d,93,1.6552673796791444,right_hip,0.48473337,0.68173444,-0.18749087,523.512042760849,1308.9301300048828,0.9995278
207097ab-74b4-4d93-b84a-2a4660bc043d,93,1.6552673796791444,left_knee,0.5936306,0.7848454,0.16104026,641.1210608482361,1506.903190612793,0.79323983
207097ab-74b4-4d93-b84a-2a4660bc043d,93,1.6552673796791444,right_knee,0.52456385,0.79305744,-0.1960962,566.5289568901062,1522.6702880859375,0.9834397
207097ab-74b4-4d93-b84a-2a4660bc043d,93,1.6552673796791444,left_ankle,0.5006339,0.87639964,0.32056475,540.6846070289612,1682.6873016357422,0.8698152
207097ab-74b4-4d93-b84a-2a4660bc043d,93,1.6552673796791444,right_ankle,0.44019178,0.89609754,-0.08033609,475.40711760520935,1720.5072784423828,0.9883053
207097ab-74b4-4d93-b84a-2a4660bc043d,93,1.6552673796791444,left_heel,0.45884138,0.8914566,0.3274351,495.54869413375854,1711.5966796875,0.8427568
207097ab-74b4-4d93-b84a-2a4660bc043d,93,1.6552673796791444,right_heel,0.41315356,0.9118197,-0.07884373,446.2058436870575,1750.6938171386719,0.9499724
207097ab-74b4-4d93-b84a-2a4660bc043d,93,1.6552673796791444,left_foot_index,0.5582688,0.91349447,0.20074187,602.9302883148193,1753.9093780517578,0.9038384
207097ab-74b4-4d93-b84a-2a4660bc043d,93,1.6552673796791444,right_foot_index,0.51553077,0.93628156,-0.27515984,556.7732262611389,1797.6605987548828,0.9816699
207097ab-74b4-4d93-b84a-2a4660bc043d,94,1.673065953654189,nose,0.54972124,0.46641895,-0.1568217,593.6989402770996,895.5243873596191,0.9996946
207097ab-74b4-4d93-b84a-2a4660bc043d,94,1.673065953654189,left_shoulder,0.57216555,0.5175534,0.25992668,617.9387927055359,993.702507019043,0.9931633
207097ab-74b4-4d93-b84a-2a4660bc043d,94,1.673065953654189,right_shoulder,0.4937803,0.5161804,-0.32128397,533.2827079296112,991.0663604736328,0.9989882
207097ab-74b4-4d93-b84a-2a4660bc043d,94,1.673065953654189,left_elbow,0.64733374,0.47192544,0.34986195,699.1204404830933,906.0968399047852,0.52452075
207097ab-74b4-4d93-b84a-2a4660bc043d,94,1.673065953654189,right_elbow,0.58291906,0.46071854,-0.56508666,629.5525860786438,884.5796012878418,0.9959545
207097ab-74b4-4d93-b84a-2a4660bc043d,94,1.673065953654189,left_wrist,0.6591872,0.40641794,0.23976204,711.922173500061,780.322437286377,0.75004417
207097ab-74b4-4d93-b84a-2a4660bc043d,94,1.673065953654189,right_wrist,0.62137973,0.3930979,-0.5265411,671.0901117324829,754.7479820251465,0.9922178
207097ab-74b4-4d93-b84a-2a4660bc043d,94,1.673065953654189,left_hip,0.5497035,0.68438303,0.18898162,593.6797571182251,1314.0154266357422,0.99929166
207097ab-74b4-4d93-b84a-2a4660bc043d,94,1.673065953654189,right_hip,0.48560336,0.6816421,-0.18902557,524.4516313076019,1308.7528610229492,0.99950874
207097ab-74b4-4d93-b84a-2a4660bc043d,94,1.673065953654189,left_knee,0.5948923,0.7872573,0.14595202,642.48370885849,1511.5340423583984,0.79174113
207097ab-74b4-4d93-b84a-2a4660bc043d,94,1.673065953654189,right_knee,0.5299419,0.79582196,-0.1917334,572.33726978302,1527.978172302246,0.9830282
207097ab-74b4-4d93-b84a-2a4660bc043d,94,1.673065953654189,left_ankle,0.49807668,0.87730664,0.32962817,537.9228115081787,1684.4287490844727,0.86432034
207097ab-74b4-4d93-b84a-2a4660bc043d,94,1.673065953654189,right_ankle,0.4406512,0.8955715,-0.032399256,475.90330481529236,1719.4972229003906,0.98794127
207097ab-74b4-4d93-b84a-2a4660bc043d,94,1.673065953654189,left_heel,0.45303065,0.8922458,0.3376811,489.2730975151062,1713.1119918823242,0.8376472
207097ab-74b4-4d93-b84a-2a4660bc043d,94,1.673065953654189,right_heel,0.41361704,0.9109826,-0.027532037,446.7064082622528,1749.0866088867188,0.94877744
207097ab-74b4-4d93-b84a-2a4660bc043d,94,1.673065953654189,left_foot_index,0.5560955,0.9141888,0.20575179,600.583119392395,1755.2425003051758,0.900818
207097ab-74b4-4d93-b84a-2a4660bc043d,94,1.673065953654189,right_foot_index,0.5155328,0.9357408,-0.22710232,556.7754149436951,1796.6223907470703,0.9813702
207097ab-74b4-4d93-b84a-2a4660bc043d,95,1.6908645276292336,nose,0.5485831,0.4643541,-0.15042464,592.4697375297546,891.5598678588867,0.9996698
207097ab-74b4-4d93-b84a-2a4660bc043d,95,1.6908645276292336,left_shoulder,0.5720293,0.516099,0.26881403,617.7916359901428,990.9100341796875,0.99349713
207097ab-74b4-4d93-b84a-2a4660bc043d,95,1.6908645276292336,right_shoulder,0.49366945,0.51440233,-0.3182215,533.1630063056946,987.652473449707,0.99898
207097ab-74b4-4d93-b84a-2a4660bc043d,95,1.6908645276292336,left_elbow,0.64761436,0.4714459,0.35882288,699.423508644104,905.1761054992676,0.5301993
207097ab-74b4-4d93-b84a-2a4660bc043d,95,1.6908645276292336,right_elbow,0.5830427,0.45847052,-0.5639291,629.6860957145691,880.2634048461914,0.99618316
207097ab-74b4-4d93-b84a-2a4660bc043d,95,1.6908645276292336,left_wrist,0.6593297,0.40580094,0.24811758,712.0760893821716,779.1378021240234,0.7554708
207097ab-74b4-4d93-b84a-2a4660bc043d,95,1.6908645276292336,right_wrist,0.6215527,0.39133728,-0.5019871,671.2769222259521,751.3675689697266,0.9926982
207097ab-74b4-4d93-b84a-2a4660bc043d,95,1.6908645276292336,left_hip,0.5511644,0.68395495,0.19158451,595.2575397491455,1313.1935119628906,0.99931794
207097ab-74b4-4d93-b84a-2a4660bc043d,95,1.6908645276292336,right_hip,0.48651564,0.6811049,-0.19159323,525.4368925094604,1307.7214050292969,0.99950826
207097ab-74b4-4d93-b84a-2a4660bc043d,95,1.6908645276292336,left_knee,0.5968528,0.78861636,0.13008034,644.601001739502,1514.143409729004,0.7899686
207097ab-74b4-4d93-b84a-2a4660bc043d,95,1.6908645276292336,right_knee,0.52966833,0.796001,-0.1914881,572.0417976379395,1528.3219528198242,0.9827921
207097ab-74b4-4d93-b84a-2a4660bc043d,95,1.6908645276292336,left_ankle,0.49727157,0.87757325,0.32633165,537.0532929897308,1684.9406433105469,0.8593372
207097ab-74b4-4d93-b84a-2a4660bc043d,95,1.6908645276292336,right_ankle,0.4417127,0.8950904,-0.027486566,477.0497238636017,1718.5735702514648,0.9876662
207097ab-74b4-4d93-b84a-2a4660bc043d,95,1.6908645276292336,left_heel,0.45099735,0.89251643,0.33634692,487.07714080810547,1713.6315536499023,0.8334775
207097ab-74b4-4d93-b84a-2a4660bc043d,95,1.6908645276292336,right_heel,0.41396615,0.9104442,-0.022885945,447.0834410190582,1748.052864074707,0.94780725
207097ab-74b4-4d93-b84a-2a4660bc043d,95,1.6908645276292336,left_foot_index,0.5556172,0.9144853,0.2037466,600.0665903091431,1755.8117294311523,0.89819914
207097ab-74b4-4d93-b84a-2a4660bc043d,95,1.6908645276292336,right_foot_index,0.51674336,0.9353346,-0.22598481,558.0828309059143,1795.8424758911133,0.98122424
207097ab-74b4-4d93-b84a-2a4660bc043d,96,1.7086631016042781,nose,0.5484487,0.46405834,-0.16592695,592.3245763778687,890.9920120239258,0.99966025
207097ab-74b4-4d93-b84a-2a4660bc043d,96,1.7086631016042781,left_shoulder,0.5720463,0.51493824,0.27110714,617.8099822998047,988.6814117431641,0.99365544
207097ab-74b4-4d93-b84a-2a4660bc043d,96,1.7086631016042781,right_shoulder,0.49191937,0.5129194,-0.31725633,531.2729179859161,984.8052978515625,0.9989836
207097ab-74b4-4d93-b84a-2a4660bc043d,96,1.7086631016042781,left_elbow,0.6482233,0.46990436,0.3721781,700.0811433792114,902.2163772583008,0.5328299
207097ab-74b4-4d93-b84a-2a4660bc043d,96,1.7086631016042781,right_elbow,0.5825474,0.45659918,-0.58088917,629.1512203216553,876.6704177856445,0.9964162
207097ab-74b4-4d93-b84a-2a4660bc043d,96,1.7086631016042781,left_wrist,0.6612317,0.4060746,0.2988909,714.130232334137,779.663257598877,0.7587666
207097ab-74b4-4d93-b84a-2a4660bc043d,96,1.7086631016042781,right_wrist,0.62162215,0.38968632,-0.5487193,671.3519167900085,748.1977272033691,0.9932012
207097ab-74b4-4d93-b84a-2a4660bc043d,96,1.7086631016042781,left_hip,0.5542416,0.68328166,0.19087517,598.5809254646301,1311.9007873535156,0.9993226
207097ab-74b4-4d93-b84a-2a4660bc043d,96,1.7086631016042781,right_hip,0.48692933,0.68046165,-0.19089465,525.8836734294891,1306.4863586425781,0.99950147
207097ab-74b4-4d93-b84a-2a4660bc043d,96,1.7086631016042781,left_knee,0.59773743,0.788506,0.12543851,645.5564260482788,1513.9314651489258,0.79241776
207097ab-74b4-4d93-b84a-2a4660bc043d,96,1.7086631016042781,right_knee,0.5276593,0.795062,-0.1920964,569.8720407485962,1526.5190505981445,0.9825488
207097ab-74b4-4d93-b84a-2a4660bc043d,96,1.7086631016042781,left_ankle,0.497862,0.8768597,0.3297319,537.6909720897675,1683.570671081543,0.85637546
207097ab-74b4-4d93-b84a-2a4660bc043d,96,1.7086631016042781,right_ankle,0.44312695,0.89468503,-0.026011983,478.57710242271423,1717.7952575683594,0.98756826
207097ab-74b4-4d93-b84a-2a4660bc043d,96,1.7086631016042781,left_heel,0.45103657,0.89199245,0.34009683,487.11949825286865,1712.625503540039,0.8300403
207097ab-74b4-4d93-b84a-2a4660bc043d,96,1.7086631016042781,right_heel,0.41490555,0.91016173,-0.021516878,448.0979919433594,1747.5105285644531,0.9472312
207097ab-74b4-4d93-b84a-2a4660bc043d,96,1.7086631016042781,left_foot_index,0.5551458,0.9142573,0.20611297,599.5574641227722,1755.3739929199219,0.89639467
207097ab-74b4-4d93-b84a-2a4660bc043d,96,1.7086631016042781,right_foot_index,0.5169126,0.9349906,-0.22857398,558.265585899353,1795.1819229125977,0.9812238
207097ab-74b4-4d93-b84a-2a4660bc043d,97,1.7264616755793225,nose,0.5473093,0.46230423,-0.18198913,591.0940217971802,887.6241302490234,0.99965376
207097ab-74b4-4d93-b84a-2a4660bc043d,97,1.7264616755793225,left_shoulder,0.5716662,0.5137267,0.2669944,617.3994755744934,986.3552856445312,0.99358326
207097ab-74b4-4d93-b84a-2a4660bc043d,97,1.7264616755793225,right_shoulder,0.48964047,0.5114031,-0.31599542,528.8117122650146,981.8939208984375,0.9989529
207097ab-74b4-4d93-b84a-2a4660bc043d,97,1.7264616755793225,left_elbow,0.6484617,0.46829623,0.36961138,700.3386354446411,899.1287612915039,0.5326123
207097ab-74b4-4d93-b84a-2a4660bc043d,97,1.7264616755793225,right_elbow,0.581732,0.45528474,-0.5882761,628.2705330848694,874.1467094421387,0.9965809
207097ab-74b4-4d93-b84a-2a4660bc043d,97,1.7264616755793225,left_wrist,0.6631338,0.40462503,0.29679927,716.184504032135,776.880054473877,0.76109827
207097ab-74b4-4d93-b84a-2a4660bc043d,97,1.7264616755793225,right_wrist,0.62172073,0.38854057,-0.5577106,671.4583897590637,745.9978866577148,0.99357456
207097ab-74b4-4d93-b84a-2a4660bc043d,97,1.7264616755793225,left_hip,0.5554979,0.6812994,0.1896266,599.9377155303955,1308.094825744629,0.9992968
207097ab-74b4-4d93-b84a-2a4660bc043d,97,1.7264616755793225,right_hip,0.48719364,0.67838633,-0.18966238,526.1691355705261,1302.5017547607422,0.99947876
207097ab-74b4-4d93-b84a-2a4660bc043d,97,1.7264616755793225,left_knee,0.59678113,0.7868114,0.13398139,644.5236253738403,1510.6779098510742,0.7923697
207097ab-74b4-4d93-b84a-2a4660bc043d,97,1.7264616755793225,right_knee,0.52584904,0.7936069,-0.19037443,567.9169678688049,1523.7252044677734,0.9822652
207097ab-74b4-4d93-b84a-2a4660bc043d,97,1.7264616755793225,left_ankle,0.4984289,0.8765337,0.33717632,538.3032238483429,1682.944679260254,0.8515876
207097ab-74b4-4d93-b84a-2a4660bc043d,97,1.7264616755793225,right_ankle,0.44367102,0.894559,-0.026942952,479.1646993160248,1717.5533294677734,0.9874692
207097ab-74b4-4d93-b84a-2a4660bc043d,97,1.7264616755793225,left_heel,0.4524777,0.8914953,0.34884772,488.6759090423584,1711.6709518432617,0.8252507
207097ab-74b4-4d93-b84a-2a4660bc043d,97,1.7264616755793225,right_heel,0.41536158,0.9099276,-0.023226798,448.59050989151,1747.0610046386719,0.9466723
207097ab-74b4-4d93-b84a-2a4660bc043d,97,1.7264616755793225,left_foot_index,0.55532765,0.91407007,0.22283393,599.7538661956787,1755.014533996582,0.8929917
207097ab-74b4-4d93-b84a-2a4660bc043d,97,1.7264616755793225,right_foot_index,0.51726586,0.93464637,-0.2314038,558.6471247673035,1794.5210266113281,0.98105186
207097ab-74b4-4d93-b84a-2a4660bc043d,98,1.744260249554367,nose,0.5465895,0.46214435,-0.17562576,590.316653251648,887.3171424865723,0.9996392
207097ab-74b4-4d93-b84a-2a4660bc043d,98,1.744260249554367,left_shoulder,0.5690807,0.5136369,0.26758313,614.6071672439575,986.1828231811523,0.9934712
207097ab-74b4-4d93-b84a-2a4660bc043d,98,1.744260249554367,right_shoulder,0.4881459,0.5107287,-0.29942918,527.1975588798523,980.5991363525391,0.99891305
207097ab-74b4-4d93-b84a-2a4660bc043d,98,1.744260249554367,left_elbow,0.6478375,0.46723112,0.37945387,699.6645212173462,897.0837593078613,0.53071505
207097ab-74b4-4d93-b84a-2a4660bc043d,98,1.744260249554367,right_elbow,0.58181316,0.45424208,-0.53742975,628.3582091331482,872.1447944641113,0.9966816
207097ab-74b4-4d93-b84a-2a4660bc043d,98,1.744260249554367,left_wrist,0.6647687,0.40345472,0.3181597,717.9501914978027,774.6330642700195,0.76227987
207097ab-74b4-4d93-b84a-2a4660bc043d,98,1.744260249554367,right_wrist,0.6225553,0.3874797,-0.48959765,672.3597407341003,743.961009979248,0.9938444
207097ab-74b4-4d93-b84a-2a4660bc043d,98,1.744260249554367,left_hip,0.55662054,0.67968786,0.18708897,601.1501812934875,1305.0006866455078,0.9992524
207097ab-74b4-4d93-b84a-2a4660bc043d,98,1.744260249554367,right_hip,0.48838866,0.6764134,-0.18713671,527.4597501754761,1298.7137603759766,0.9994397
207097ab-74b4-4d93-b84a-2a4660bc043d,98,1.744260249554367,left_knee,0.59563404,0.78591114,0.15040162,643.2847666740417,1508.9493942260742,0.7896197
207097ab-74b4-4d93-b84a-2a4660bc043d,98,1.744260249554367,right_knee,0.5242159,0.79351085,-0.18513854,566.1531472206116,1523.5408401489258,0.9818714
207097ab-74b4-4d93-b84a-2a4660bc043d,98,1.744260249554367,left_ankle,0.49865204,0.8763779,0.33572114,538.5442042350769,1682.6455307006836,0.8464013
207097ab-74b4-4d93-b84a-2a4660bc043d,98,1.744260249554367,right_ankle,0.44369832,0.89458066,-0.033397894,479.1941821575165,1717.594871520996,0.98714554
207097ab-74b4-4d93-b84a-2a4660bc043d,98,1.744260249554367,left_heel,0.45274636,0.8911515,0.34525505,488.9660704135895,1711.010856628418,0.8193767
207097ab-74b4-4d93-b84a-2a4660bc043d,98,1.744260249554367,right_heel,0.4154039,0.9099452,-0.031164149,448.6362147331238,1747.0947647094727,0.9453654
207097ab-74b4-4d93-b84a-2a4660bc043d,98,1.744260249554367,left_foot_index,0.55544096,0.9139662,0.22285482,599.8762392997742,1754.8150634765625,0.88851565
207097ab-74b4-4d93-b84a-2a4660bc043d,98,1.744260249554367,right_foot_index,0.51728874,0.9344039,-0.23507571,558.6718440055847,1794.0554809570312,0.9804049
207097ab-74b4-4d93-b84a-2a4660bc043d,99,1.7620588235294117,nose,0.5463938,0.45875004,-0.2035097,590.1053166389465,880.8000755310059,0.9996358
207097ab-74b4-4d93-b84a-2a4660bc043d,99,1.7620588235294117,left_shoulder,0.5683567,0.5116995,0.26563257,613.8252282142639,982.4630355834961,0.99295264
207097ab-74b4-4d93-b84a-2a4660bc043d,99,1.7620588235294117,right_shoulder,0.48792186,0.5084851,-0.29949623,526.9556128978729,976.2913513183594,0.9988848
207097ab-74b4-4d93-b84a-2a4660bc043d,99,1.7620588235294117,left_elbow,0.64786756,0.46707514,0.37788054,699.6969652175903,896.7842674255371,0.52610934
207097ab-74b4-4d93-b84a-2a4660bc043d,99,1.7620588235294117,right_elbow,0.5820543,0.45412147,-0.55103004,628.6186623573303,871.9132232666016,0.99671066
207097ab-74b4-4d93-b84a-2a4660bc043d,99,1.7620588235294117,left_wrist,0.66691613,0.40270096,0.32880393,720.2694225311279,773.1858444213867,0.7607553
207097ab-74b4-4d93-b84a-2a4660bc043d,99,1.7620588235294117,right_wrist,0.6248679,0.38649753,-0.5309683,674.857349395752,742.075252532959,0.9940618
207097ab-74b4-4d93-b84a-2a4660bc043d,99,1.7620588235294117,left_hip,0.55875516,0.6772641,0.18521196,603.4555721282959,1300.3470611572266,0.99916416
207097ab-74b4-4d93-b84a-2a4660bc043d,99,1.7620588235294117,right_hip,0.489451,0.67296594,-0.18532003,528.6070704460144,1292.094612121582,0.99940556
207097ab-74b4-4d93-b84a-2a4660bc043d,99,1.7620588235294117,left_knee,0.5953674,0.785296,0.19925018,642.9967617988586,1507.7683639526367,0.7865536
207097ab-74b4-4d93-b84a-2a4660bc043d,99,1.7620588235294117,right_knee,0.5237602,0.793339,-0.1854624,565.6610155105591,1523.2109069824219,0.9819603
207097ab-74b4-4d93-b84a-2a4660bc043d,99,1.7620588235294117,left_ankle,0.49850976,0.87631863,0.40845084,538.3905458450317,1682.5317764282227,0.84171647
207097ab-74b4-4d93-b84a-2a4660bc043d,99,1.7620588235294117,right_ankle,0.44324434,0.8967688,-0.060142353,478.7038850784302,1721.7961120605469,0.98713845
207097ab-74b4-4d93-b84a-2a4660bc043d,99,1.7620588235294117,left_heel,0.45335555,0.89095044,0.42079023,489.6239948272705,1710.6248474121094,0.8140585
207097ab-74b4-4d93-b84a-2a4660bc043d,99,1.7620588235294117,right_heel,0.4154798,0.9110818,-0.06013102,448.71819376945496,1749.2770385742188,0.94493693
207097ab-74b4-4d93-b84a-2a4660bc043d,99,1.7620588235294117,left_foot_index,0.5556305,0.9138635,0.3116052,600.0809454917908,1754.6178817749023,0.8834946
207097ab-74b4-4d93-b84a-2a4660bc043d,99,1.7620588235294117,right_foot_index,0.51520234,0.9353266,-0.25927076,556.4185309410095,1795.8270263671875,0.9800548
207097ab-74b4-4d93-b84a-2a4660bc043d,100,1.7798573975044563,nose,0.5464483,0.45477608,-0.19189247,590.1641535758972,873.1700706481934,0.9996384
207097ab-74b4-4d93-b84a-2a4660bc043d,100,1.7798573975044563,left_shoulder,0.5677852,0.50959504,0.26651773,613.208019733429,978.4224700927734,0.99292547
207097ab-74b4-4d93-b84a-2a4660bc043d,100,1.7798573975044563,right_shoulder,0.48804379,0.5054052,-0.29312548,527.087287902832,970.3779602050781,0.9988994
207097ab-74b4-4d93-b84a-2a4660bc043d,100,1.7798573975044563,left_elbow,0.64907724,0.46378845,0.3345799,701.0034155845642,890.4738235473633,0.5331576
207097ab-74b4-4d93-b84a-2a4660bc043d,100,1.7798573975044563,right_elbow,0.58287495,0.45315742,-0.5128258,629.5049500465393,870.062255859375,0.99676883
207097ab-74b4-4d93-b84a-2a4660bc043d,100,1.7798573975044563,left_wrist,0.6678783,0.40129644,0.22998706,721.3085961341858,770.4891586303711,0.7635271
207097ab-74b4-4d93-b84a-2a4660bc043d,100,1.7798573975044563,right_wrist,0.6291987,0.38606343,-0.43192384,679.5345640182495,741.2417793273926,0.9941874
207097ab-74b4-4d93-b84a-2a4660bc043d,100,1.7798573975044563,left_hip,0.559536,0.6743775,0.18489473,604.2988586425781,1294.804801940918,0.99911743
207097ab-74b4-4d93-b84a-2a4660bc043d,100,1.7798573975044563,right_hip,0.49053824,0.66947067,-0.18502374,529.7812986373901,1285.3836822509766,0.99939424
207097ab-74b4-4d93-b84a-2a4660bc043d,100,1.7798573975044563,left_knee,0.5911931,0.78497773,0.21300498,638.4885263442993,1507.1572494506836,0.7849208
207097ab-74b4-4d93-b84a-2a4660bc043d,100,1.7798573975044563,right_knee,0.52206,0.7923256,-0.18696854,563.8247752189636,1521.2651824951172,0.98222256
207097ab-74b4-4d93-b84a-2a4660bc043d,100,1.7798573975044563,left_ankle,0.4975607,0.87600064,0.40984634,537.3655664920807,1681.9212341308594,0.8407306
207097ab-74b4-4d93-b84a-2a4660bc043d,100,1.7798573975044563,right_ankle,0.4427771,0.89799744,-0.07326808,478.19926500320435,1724.1550827026367,0.9872822
207097ab-74b4-4d93-b84a-2a4660bc043d,100,1.7798573975044563,left_heel,0.45371222,0.8908704,0.42038938,490.0092029571533,1710.4711532592773,0.8121342
207097ab-74b4-4d93-b84a-2a4660bc043d,100,1.7798573975044563,right_heel,0.41549578,0.91223705,-0.07426156,448.73544573783875,1751.495132446289,0.944806
207097ab-74b4-4d93-b84a-2a4660bc043d,100,1.7798573975044563,left_foot_index,0.5557461,0.9138205,0.30739793,600.2057647705078,1754.5353698730469,0.8824315
207097ab-74b4-4d93-b84a-2a4660bc043d,100,1.7798573975044563,right_foot_index,0.5140763,0.9355168,-0.27328795,555.2023959159851,1796.1922073364258,0.98009306
207097ab-74b4-4d93-b84a-2a4660bc043d,101,1.7976559714795008,nose,0.5476097,0.45237142,-0.18324097,591.4184617996216,868.5531234741211,0.99964124
207097ab-74b4-4d93-b84a-2a4660bc043d,101,1.7976559714795008,left_shoulder,0.56587785,0.5075297,0.27011898,611.1480832099915,974.4569778442383,0.9930802
207097ab-74b4-4d93-b84a-2a4660bc043d,101,1.7976559714795008,right_shoulder,0.48889259,0.50228965,-0.29170522,528.0039918422699,964.3961334228516,0.99892503
207097ab-74b4-4d93-b84a-2a4660bc043d,101,1.7976559714795008,left_elbow,0.6486612,0.45863292,0.32484055,700.5540919303894,880.5751991271973,0.5393249
207097ab-74b4-4d93-b84a-2a4660bc043d,101,1.7976559714795008,right_elbow,0.5877883,0.45283216,-0.48788065,634.8113465309143,869.4377517700195,0.9967475
207097ab-74b4-4d93-b84a-2a4660bc043d,101,1.7976559714795008,left_wrist,0.6679721,0.39819032,0.18666539,721.409854888916,764.5254135131836,0.7653775
207097ab-74b4-4d93-b84a-2a4660bc043d,101,1.7976559714795008,right_wrist,0.63276994,0.38565096,-0.3764878,683.3915376663208,740.4498481750488,0.9941655
207097ab-74b4-4d93-b84a-2a4660bc043d,101,1.7976559714795008,left_hip,0.559422,0.6718312,0.18758106,604.1757774353027,1289.915885925293,0.9991131
207097ab-74b4-4d93-b84a-2a4660bc043d,101,1.7976559714795008,right_hip,0.49127877,0.6664088,-0.18775405,530.5810689926147,1279.5048522949219,0.99939543
207097ab-74b4-4d93-b84a-2a4660bc043d,101,1.7976559714795008,left_knee,0.58372146,0.7845636,0.21726058,630.4191756248474,1506.3621139526367,0.7844247
207097ab-74b4-4d93-b84a-2a4660bc043d,101,1.7976559714795008,right_knee,0.51360023,0.7901012,-0.18299131,554.6882486343384,1516.9942474365234,0.9825625
207097ab-74b4-4d93-b84a-2a4660bc043d,101,1.7976559714795008,left_ankle,0.49645555,0.8757693,0.4006044,536.1719942092896,1681.4770889282227,0.84299606
207097ab-74b4-4d93-b84a-2a4660bc043d,101,1.7976559714795008,right_ankle,0.44238544,0.8978115,-0.057205327,477.7762699127197,1723.7980270385742,0.98759496
207097ab-74b4-4d93-b84a-2a4660bc043d,101,1.7976559714795008,left_heel,0.45401645,0.8907454,0.40981704,490.3377628326416,1710.2311706542969,0.8138055
207097ab-74b4-4d93-b84a-2a4660bc043d,101,1.7976559714795008,right_heel,0.4154117,0.91240007,-0.056414545,448.6446475982666,1751.8081283569336,0.9454118
207097ab-74b4-4d93-b84a-2a4660bc043d,101,1.7976559714795008,left_foot_index,0.5560844,0.9137276,0.2929486,600.5711460113525,1754.3569564819336,0.8844674
207097ab-74b4-4d93-b84a-2a4660bc043d,101,1.7976559714795008,right_foot_index,0.5136568,0.9353859,-0.2482565,554.7493386268616,1795.9408950805664,0.9805066
207097ab-74b4-4d93-b84a-2a4660bc043d,102,1.8154545454545454,nose,0.5476596,0.4489632,-0.18198383,591.4723420143127,862.009334564209,0.9996394
207097ab-74b4-4d93-b84a-2a4660bc043d,102,1.8154545454545454,left_shoulder,0.5654101,0.5046746,0.27043962,610.6428837776184,968.9752578735352,0.9930593
207097ab-74b4-4d93-b84a-2a4660bc043d,102,1.8154545454545454,right_shoulder,0.4892172,0.49895278,-0.29234284,528.3545672893524,957.989330291748,0.99891394
207097ab-74b4-4d93-b84a-2a4660bc043d,102,1.8154545454545454,left_elbow,0.6487652,0.45515344,0.32017893,700.6664228439331,873.8945960998535,0.5440575
207097ab-74b4-4d93-b84a-2a4660bc043d,102,1.8154545454545454,right_elbow,0.58945626,0.44967243,-0.5038619,636.6127610206604,863.3710670471191,0.996778
207097ab-74b4-4d93-b84a-2a4660bc043d,102,1.8154545454545454,left_wrist,0.6684404,0.39498985,0.18420762,721.9156336784363,758.3805084228516,0.76767373
207097ab-74b4-4d93-b84a-2a4660bc043d,102,1.8154545454545454,right_wrist,0.6339081,0.38391063,-0.40966958,684.6207404136658,737.1084022521973,0.9942657
207097ab-74b4-4d93-b84a-2a4660bc043d,102,1.8154545454545454,left_hip,0.55869484,0.66875744,0.18743376,603.3904266357422,1284.0142822265625,0.9991055
207097ab-74b4-4d93-b84a-2a4660bc043d,102,1.8154545454545454,right_hip,0.49124554,0.6629332,-0.18760723,530.5451810359955,1272.831687927246,0.9993918
207097ab-74b4-4d93-b84a-2a4660bc043d,102,1.8154545454545454,left_knee,0.5777187,0.7826115,0.20697747,623.9361691474915,1502.6140594482422,0.7843075
207097ab-74b4-4d93-b84a-2a4660bc043d,102,1.8154545454545454,right_knee,0.50379694,0.78268415,-0.18372422,544.1006898880005,1502.753562927246,0.9828049
207097ab-74b4-4d93-b84a-2a4660bc043d,102,1.8154545454545454,left_ankle,0.49557883,0.87561804,0.39599556,535.2251315116882,1681.186637878418,0.84595597
207097ab-74b4-4d93-b84a-2a4660bc043d,102,1.8154545454545454,right_ankle,0.44240844,0.89663273,-0.05957455,477.8011178970337,1721.5348434448242,0.9878824
207097ab-74b4-4d93-b84a-2a4660bc043d,102,1.8154545454545454,left_heel,0.45426896,0.89065045,0.4089373,490.6104791164398,1710.0488662719727,0.81584764
207097ab-74b4-4d93-b84a-2a4660bc043d,102,1.8154545454545454,right_heel,0.41543406,0.9123348,-0.05961275,448.66878747940063,1751.6828155517578,0.9458062
207097ab-74b4-4d93-b84a-2a4660bc043d,102,1.8154545454545454,left_foot_index,0.55714417,0.9136855,0.2870524,601.7156982421875,1754.2761611938477,0.8866483
207097ab-74b4-4d93-b84a-2a4660bc043d,102,1.8154545454545454,right_foot_index,0.5136119,0.935161,-0.25696176,554.7008657455444,1795.5091094970703,0.9809208
207097ab-74b4-4d93-b84a-2a4660bc043d,103,1.83325311942959,nose,0.54817593,0.44635692,-0.1779144,592.0300054550171,857.0052909851074,0.99963975
207097ab-74b4-4d93-b84a-2a4660bc043d,103,1.83325311942959,left_shoulder,0.5653578,0.50192165,0.2741274,610.586428642273,963.6895751953125,0.9930152
207097ab-74b4-4d93-b84a-2a4660bc043d,103,1.83325311942959,right_shoulder,0.48960263,0.49555948,-0.29097253,528.7708353996277,951.4742088317871,0.99891615
207097ab-74b4-4d93-b84a-2a4660bc043d,103,1.83325311942959,left_elbow,0.64891315,0.4529189,0.3314805,700.8261966705322,869.6042633056641,0.5462127
207097ab-74b4-4d93-b84a-2a4660bc043d,103,1.83325311942959,right_elbow,0.58936423,0.44294086,-0.508955,636.5133690834045,850.4464530944824,0.9968391
207097ab-74b4-4d93-b84a-2a4660bc043d,103,1.83325311942959,left_wrist,0.6689736,0.39236784,0.21695518,722.4915146827698,753.3462524414062,0.7686065
207097ab-74b4-4d93-b84a-2a4660bc043d,103,1.83325311942959,right_wrist,0.6344188,0.379673,-0.4334383,685.1722884178162,728.97216796875,0.9944502
207097ab-74b4-4d93-b84a-2a4660bc043d,103,1.83325311942959,left_hip,0.5578853,0.6668959,0.18706137,602.5161123275757,1280.4401779174805,0.9990999
207097ab-74b4-4d93-b84a-2a4660bc043d,103,1.83325311942959,right_hip,0.4911866,0.66109943,-0.187246,530.481516122818,1269.3109130859375,0.99939066
207097ab-74b4-4d93-b84a-2a4660bc043d,103,1.83325311942959,left_knee,0.57549703,0.78080726,0.20451161,621.5367937088013,1499.1499328613281,0.7864835
207097ab-74b4-4d93-b84a-2a4660bc043d,103,1.83325311942959,right_knee,0.49670812,0.7796173,-0.19237134,536.4447748661041,1496.865234375,0.9832905
207097ab-74b4-4d93-b84a-2a4660bc043d,103,1.83325311942959,left_ankle,0.49535263,0.8755313,0.3703745,534.9808359146118,1681.0201263427734,0.8493414
207097ab-74b4-4d93-b84a-2a4660bc043d,103,1.83325311942959,right_ankle,0.4411453,0.8962822,-0.08203689,476.4369249343872,1720.86181640625,0.98823375
207097ab-74b4-4d93-b84a-2a4660bc043d,103,1.83325311942959,left_heel,0.45430502,0.89052206,0.3783336,490.64942479133606,1709.802360534668,0.8182665
207097ab-74b4-4d93-b84a-2a4660bc043d,103,1.83325311942959,right_heel,0.41490304,0.9123096,-0.083957076,448.09528827667236,1751.634407043457,0.94657105
207097ab-74b4-4d93-b84a-2a4660bc043d,103,1.83325311942959,left_foot_index,0.5572433,0.91362053,0.25183973,601.8227505683899,1754.1514205932617,0.8888728
207097ab-74b4-4d93-b84a-2a4660bc043d,103,1.83325311942959,right_foot_index,0.51163656,0.93507785,-0.28670657,552.5674796104431,1795.349464416504,0.98139966
207097ab-74b4-4d93-b84a-2a4660bc043d,104,1.8510516934046346,nose,0.54820484,0.44361657,-0.15741591,592.0612263679504,851.7438125610352,0.999642
207097ab-74b4-4d93-b84a-2a4660bc043d,104,1.8510516934046346,left_shoulder,0.5654081,0.49967664,0.28359404,610.6407594680786,959.3791580200195,0.9930228
207097ab-74b4-4d93-b84a-2a4660bc043d,104,1.8510516934046346,right_shoulder,0.49000967,0.49311495,-0.27601805,529.2104387283325,946.7807006835938,0.99890196
207097ab-74b4-4d93-b84a-2a4660bc043d,104,1.8510516934046346,left_elbow,0.648927,0.45085144,0.3339293,700.8411312103271,865.634765625,0.54937965
207097ab-74b4-4d93-b84a-2a4660bc043d,104,1.8510516934046346,right_elbow,0.5893898,0.44073614,-0.49171904,636.5409851074219,846.2133979797363,0.9968663
207097ab-74b4-4d93-b84a-2a4660bc043d,104,1.8510516934046346,left_wrist,0.6690281,0.39001104,0.21233515,722.5503516197205,748.8212013244629,0.7704244
207097ab-74b4-4d93-b84a-2a4660bc043d,104,1.8510516934046346,right_wrist,0.63497263,0.37829813,-0.40032014,685.7704424858093,726.3324165344238,0.994538
207097ab-74b4-4d93-b84a-2a4660bc043d,104,1.8510516934046346,left_hip,0.55723846,0.66547436,0.18371558,601.8175363540649,1277.7107620239258,0.9991068
207097ab-74b4-4d93-b84a-2a4660bc043d,104,1.8510516934046346,right_hip,0.49058476,0.6596595,-0.18389352,529.8315417766571,1266.5462493896484,0.9993921
207097ab-74b4-4d93-b84a-2a4660bc043d,104,1.8510516934046346,left_knee,0.57245624,0.77971846,0.17603934,618.252739906311,1497.059440612793,0.79191643
207097ab-74b4-4d93-b84a-2a4660bc043d,104,1.8510516934046346,right_knee,0.49208564,0.7780167,-0.19158341,531.4524865150452,1493.7920379638672,0.98379236
207097ab-74b4-4d93-b84a-2a4660bc043d,104,1.8510516934046346,left_ankle,0.49548465,0.8754075,0.3284794,535.1234221458435,1680.7824325561523,0.85520035
207097ab-74b4-4d93-b84a-2a4660bc043d,104,1.8510516934046346,right_ankle,0.43985716,0.89625925,-0.078163534,475.0457274913788,1720.817756652832,0.98862416
207097ab-74b4-4d93-b84a-2a4660bc043d,104,1.8510516934046346,left_heel,0.45690885,0.8904568,0.3336189,493.46156001091003,1709.6770477294922,0.82335836
207097ab-74b4-4d93-b84a-2a4660bc043d,104,1.8510516934046346,right_heel,0.41481155,0.9121626,-0.07872384,447.9964756965637,1751.352195739746,0.9471773
207097ab-74b4-4d93-b84a-2a4660bc043d,104,1.8510516934046346,left_foot_index,0.55756646,0.91372263,0.19968984,602.1717810630798,1754.3474578857422,0.8928122
207097ab-74b4-4d93-b84a-2a4660bc043d,104,1.8510516934046346,right_foot_index,0.507661,0.93521523,-0.28143275,548.2738637924194,1795.6132507324219,0.9819253
207097ab-74b4-4d93-b84a-2a4660bc043d,105,1.8688502673796792,nose,0.54820216,0.4399523,-0.13186897,592.0583295822144,844.7084426879883,0.99963903
207097ab-74b4-4d93-b84a-2a4660bc043d,105,1.8688502673796792,left_shoulder,0.565447,0.4978758,0.29374266,610.6827306747437,955.9215545654297,0.9931524
207097ab-74b4-4d93-b84a-2a4660bc043d,105,1.8688502673796792,right_shoulder,0.4908849,0.49090263,-0.27654496,530.1556921005249,942.5330543518066,0.99891365
207097ab-74b4-4d93-b84a-2a4660bc043d,105,1.8688502673796792,left_elbow,0.64885104,0.4499383,0.33674994,700.7591199874878,863.8815307617188,0.54798806
207097ab-74b4-4d93-b84a-2a4660bc043d,105,1.8688502673796792,right_elbow,0.589331,0.43840396,-0.49725285,636.4774489402771,841.7356109619141,0.99694175
207097ab-74b4-4d93-b84a-2a4660bc043d,105,1.8688502673796792,left_wrist,0.6690169,0.388292,0.22322647,722.5382494926453,745.5206680297852,0.76980364
207097ab-74b4-4d93-b84a-2a4660bc043d,105,1.8688502673796792,right_wrist,0.63528067,0.37641492,-0.40612906,686.1031222343445,722.7166557312012,0.9946593
207097ab-74b4-4d93-b84a-2a4660bc043d,105,1.8688502673796792,left_hip,0.5571159,0.6643727,0.18360494,601.6851854324341,1275.5955505371094,0.99913484
207097ab-74b4-4d93-b84a-2a4660bc043d,105,1.8688502673796792,right_hip,0.4904149,0.65858525,-0.18377264,529.6480786800385,1264.4836807250977,0.99940526
207097ab-74b4-4d93-b84a-2a4660bc043d,105,1.8688502673796792,left_knee,0.5699114,0.77860457,0.17155543,615.5043339729309,1494.920768737793,0.7973617
207097ab-74b4-4d93-b84a-2a4660bc043d,105,1.8688502673796792,right_knee,0.48934564,0.77703,-0.18727456,528.4932911396027,1491.8975830078125,0.9845007
207097ab-74b4-4d93-b84a-2a4660bc043d,105,1.8688502673796792,left_ankle,0.49558645,0.8753638,0.32784012,535.233371257782,1680.6985473632812,0.8618242
207097ab-74b4-4d93-b84a-2a4660bc043d,105,1.8688502673796792,right_ankle,0.4373495,0.8952807,-0.05497892,472.3374581336975,1718.938980102539,0.98908025
207097ab-74b4-4d93-b84a-2a4660bc043d,105,1.8688502673796792,left_heel,0.45877,0.89017344,0.33315524,495.47160744667053,1709.1329956054688,0.82995796
207097ab-74b4-4d93-b84a-2a4660bc043d,105,1.8688502673796792,right_heel,0.41384804,0.9114916,-0.054168187,446.955885887146,1750.063819885254,0.94822973
207097ab-74b4-4d93-b84a-2a4660bc043d,105,1.8688502673796792,left_foot_index,0.55771536,0.91386247,0.19470146,602.3325848579407,1754.6159362792969,0.8976201
207097ab-74b4-4d93-b84a-2a4660bc043d,105,1.8688502673796792,right_foot_index,0.50359637,0.9351937,-0.26108912,543.8840746879578,1795.5719375610352,0.9825646
207097ab-74b4-4d93-b84a-2a4660bc043d,106,1.8866488413547238,nose,0.5490979,0.4399448,-0.13207746,593.0257272720337,844.6940231323242,0.9996466
207097ab-74b4-4d93-b84a-2a4660bc043d,106,1.8866488413547238,left_shoulder,0.5653617,0.49722162,0.30385366,610.5906128883362,954.6655082702637,0.9933472
207097ab-74b4-4d93-b84a-2a4660bc043d,106,1.8866488413547238,right_shoulder,0.49123377,0.48975495,-0.27215344,530.5324673652649,940.3294944763184,0.9989495
207097ab-74b4-4d93-b84a-2a4660bc043d,106,1.8866488413547238,left_elbow,0.64866936,0.4495727,0.34082088,700.5629110336304,863.1796073913574,0.5470962
207097ab-74b4-4d93-b84a-2a4660bc043d,106,1.8866488413547238,right_elbow,0.58929086,0.43643412,-0.47852257,636.4341259002686,837.9535102844238,0.99697435
207097ab-74b4-4d93-b84a-2a4660bc043d,106,1.8866488413547238,left_wrist,0.66897905,0.38694304,0.21871349,722.4973726272583,742.9306411743164,0.7679681
207097ab-74b4-4d93-b84a-2a4660bc043d,106,1.8866488413547238,right_wrist,0.6351604,0.37290522,-0.36244217,685.9732174873352,715.9780311584473,0.99469775
207097ab-74b4-4d93-b84a-2a4660bc043d,106,1.8866488413547238,left_hip,0.55699915,0.66378874,0.18561043,601.5590786933899,1274.4743728637695,0.99915636
207097ab-74b4-4d93-b84a-2a4660bc043d,106,1.8866488413547238,right_hip,0.4904174,0.65811926,-0.18579017,529.6507823467255,1263.588981628418,0.9994186
207097ab-74b4-4d93-b84a-2a4660bc043d,106,1.8866488413547238,left_knee,0.5680159,0.77812034,0.18812501,613.4571433067322,1493.9910507202148,0.8004298
207097ab-74b4-4d93-b84a-2a4660bc043d,106,1.8866488413547238,right_knee,0.48638135,0.77699435,-0.18422443,525.2918601036072,1491.8291473388672,0.98503304
207097ab-74b4-4d93-b84a-2a4660bc043d,106,1.8866488413547238,left_ankle,0.49508792,0.8752759,0.34771162,534.6949553489685,1680.5297470092773,0.8670598
207097ab-74b4-4d93-b84a-2a4660bc043d,106,1.8866488413547238,right_ankle,0.43426985,0.8952598,-0.038235918,469.01143312454224,1718.898811340332,0.98947185
207097ab-74b4-4d93-b84a-2a4660bc043d,106,1.8866488413547238,left_heel,0.4588526,0.8901186,0.35270846,495.56079626083374,1709.0277099609375,0.83486134
207097ab-74b4-4d93-b84a-2a4660bc043d,106,1.8866488413547238,right_heel,0.41213414,0.91144836,-0.03628471,445.1048719882965,1749.9808502197266,0.94912297
207097ab-74b4-4d93-b84a-2a4660bc043d,106,1.8866488413547238,left_foot_index,0.5577652,0.9141226,0.21210608,602.3864006996155,1755.1153564453125,0.90156955
207097ab-74b4-4d93-b84a-2a4660bc043d,106,1.8866488413547238,right_foot_index,0.50048083,0.9352327,-0.24304803,540.5192971229553,1795.6467819213867,0.98311985
207097ab-74b4-4d93-b84a-2a4660bc043d,107,1.9044474153297681,nose,0.5493399,0.43901125,-0.1303556,593.2870817184448,842.9015922546387,0.9996474
207097ab-74b4-4d93-b84a-2a4660bc043d,107,1.9044474153297681,left_shoulder,0.56542987,0.4964967,0.3022508,610.6642556190491,953.2736778259277,0.99335945
207097ab-74b4-4d93-b84a-2a4660bc043d,107,1.9044474153297681,right_shoulder,0.4914618,0.4894868,-0.26891282,530.7787585258484,939.8146820068359,0.9989698
207097ab-74b4-4d93-b84a-2a4660bc043d,107,1.9044474153297681,left_elbow,0.6486774,0.44942537,0.353135,700.5716013908386,862.8967094421387,0.5447509
207097ab-74b4-4d93-b84a-2a4660bc043d,107,1.9044474153297681,right_elbow,0.58907235,0.4340243,-0.487057,636.1981344223022,833.3266639709473,0.99705034
207097ab-74b4-4d93-b84a-2a4660bc043d,107,1.9044474153297681,left_wrist,0.66907394,0.3864106,0.24439418,722.5998544692993,741.9083404541016,0.7661948
207097ab-74b4-4d93-b84a-2a4660bc043d,107,1.9044474153297681,right_wrist,0.635136,0.36901918,-0.3957659,685.946888923645,708.5168266296387,0.9948545
207097ab-74b4-4d93-b84a-2a4660bc043d,107,1.9044474153297681,left_hip,0.557014,0.6633196,0.18440123,601.5751075744629,1273.5736083984375,0.9991613
207097ab-74b4-4d93-b84a-2a4660bc043d,107,1.9044474153297681,right_hip,0.49040362,0.6576544,-0.18457638,529.6359121799469,1262.6964569091797,0.9994239
207097ab-74b4-4d93-b84a-2a4660bc043d,107,1.9044474153297681,left_knee,0.5655795,0.7779906,0.18571235,610.8258318901062,1493.7419128417969,0.80233985
207097ab-74b4-4d93-b84a-2a4660bc043d,107,1.9044474153297681,right_knee,0.48463383,0.77676076,-0.18374674,523.4045398235321,1491.3806533813477,0.98550963
207097ab-74b4-4d93-b84a-2a4660bc043d,107,1.9044474153297681,left_ankle,0.49414763,0.87529045,0.34439558,533.679438829422,1680.5576705932617,0.87076354
207097ab-74b4-4d93-b84a-2a4660bc043d,107,1.9044474153297681,right_ankle,0.43145183,0.89545727,-0.03988206,465.96797347068787,1719.2779541015625,0.9897611
207097ab-74b4-4d93-b84a-2a4660bc043d,107,1.9044474153297681,left_heel,0.45885733,0.8900746,0.34989128,495.56591391563416,1708.9432525634766,0.83847797
207097ab-74b4-4d93-b84a-2a4660bc043d,107,1.9044474153297681,right_heel,0.41049424,0.9115683,-0.038117304,443.33377718925476,1750.2111053466797,0.94982785
207097ab-74b4-4d93-b84a-2a4660bc043d,107,1.9044474153297681,left_foot_index,0.55779797,0.91422087,0.21345696,602.4218058586121,1755.304069519043,0.9040592
207097ab-74b4-4d93-b84a-2a4660bc043d,107,1.9044474153297681,right_foot_index,0.49926654,0.9354553,-0.24407507,539.2078578472137,1796.07421875,0.9834519
207097ab-74b4-4d93-b84a-2a4660bc043d,108,1.9222459893048127,nose,0.5488664,0.43772283,-0.12010906,592.7757024765015,840.4278373718262,0.9996501
207097ab-74b4-4d93-b84a-2a4660bc043d,108,1.9222459893048127,left_shoulder,0.565649,0.49572617,0.3063767,610.900890827179,951.7942428588867,0.9934744
207097ab-74b4-4d93-b84a-2a4660bc043d,108,1.9222459893048127,right_shoulder,0.4927241,0.4892834,-0.26650006,532.1420180797577,939.4241523742676,0.9989971
207097ab-74b4-4d93-b84a-2a4660bc043d,108,1.9222459893048127,left_elbow,0.64869255,0.44890606,0.35365784,700.5879521369934,861.8996429443359,0.5434747
207097ab-74b4-4d93-b84a-2a4660bc043d,108,1.9222459893048127,right_elbow,0.59192985,0.435085,-0.47646156,639.2842411994934,835.3631973266602,0.99706304
207097ab-74b4-4d93-b84a-2a4660bc043d,108,1.9222459893048127,left_wrist,0.6692158,0.3852831,0.23650415,722.75306224823,739.7435760498047,0.76438177
207097ab-74b4-4d93-b84a-2a4660bc043d,108,1.9222459893048127,right_wrist,0.6352724,0.3689712,-0.37110642,686.0941743850708,708.4247016906738,0.99487364
207097ab-74b4-4d93-b84a-2a4660bc043d,108,1.9222459893048127,left_hip,0.5572978,0.6634242,0.18554366,601.8816518783569,1273.7744522094727,0.99916756
207097ab-74b4-4d93-b84a-2a4660bc043d,108,1.9222459893048127,right_hip,0.49064168,0.6577671,-0.18571335,529.8930180072784,1262.9128646850586,0.9994299
207097ab-74b4-4d93-b84a-2a4660bc043d,108,1.9222459893048127,left_knee,0.5626802,0.77847296,0.19353877,607.6945996284485,1494.668083190918,0.80187786
207097ab-74b4-4d93-b84a-2a4660bc043d,108,1.9222459893048127,right_knee,0.48366392,0.77724975,-0.18367353,522.357029914856,1492.3195266723633,0.9859333
207097ab-74b4-4d93-b84a-2a4660bc043d,108,1.9222459893048127,left_ankle,0.4929286,0.8756104,0.3545288,532.36288189888,1681.171989440918,0.87293875
207097ab-74b4-4d93-b84a-2a4660bc043d,108,1.9222459893048127,right_ankle,0.42962763,0.896104,-0.0406492,463.99783730506897,1720.5196380615234,0.9899608
207097ab-74b4-4d93-b84a-2a4660bc043d,108,1.9222459893048127,left_heel,0.45882526,0.8901934,0.36025047,495.53128123283386,1709.1713333129883,0.84096295
207097ab-74b4-4d93-b84a-2a4660bc043d,108,1.9222459893048127,right_heel,0.40902072,0.91227174,-0.038875386,441.74237966537476,1751.5617370605469,0.95039237
207097ab-74b4-4d93-b84a-2a4660bc043d,108,1.9222459893048127,left_foot_index,0.5578289,0.9144065,0.22703838,602.4552154541016,1755.6604385375977,0.90588063
207097ab-74b4-4d93-b84a-2a4660bc043d,108,1.9222459893048127,right_foot_index,0.4981639,0.9363162,-0.24397042,538.0170214176178,1797.7270889282227,0.98367935
207097ab-74b4-4d93-b84a-2a4660bc043d,109,1.9400445632798573,nose,0.5485501,0.43776223,-0.118375435,592.434139251709,840.5034828186035,0.9996603
207097ab-74b4-4d93-b84a-2a4660bc043d,109,1.9400445632798573,left_shoulder,0.5657345,0.49525294,0.3108349,610.9932661056519,950.8856391906738,0.9937149
207097ab-74b4-4d93-b84a-2a4660bc043d,109,1.9400445632798573,right_shoulder,0.49404162,0.48939794,-0.2625022,533.5649514198303,939.6440505981445,0.99903554
207097ab-74b4-4d93-b84a-2a4660bc043d,109,1.9400445632798573,left_elbow,0.64869875,0.44855943,0.35197917,700.5946469306946,861.2341117858887,0.5435096
207097ab-74b4-4d93-b84a-2a4660bc043d,109,1.9400445632798573,right_elbow,0.59238744,0.43574774,-0.4631376,639.7784328460693,836.6356658935547,0.9970632
207097ab-74b4-4d93-b84a-2a4660bc043d,109,1.9400445632798573,left_wrist,0.66916203,0.38494328,0.21376944,722.6949977874756,739.0910911560059,0.76230013
207097ab-74b4-4d93-b84a-2a4660bc043d,109,1.9400445632798573,right_wrist,0.63493097,0.3692431,-0.3293053,685.7254457473755,708.9467239379883,0.9948017
207097ab-74b4-4d93-b84a-2a4660bc043d,109,1.9400445632798573,left_hip,0.5577384,0.66343915,0.18679388,602.357497215271,1273.8031768798828,0.999183
207097ab-74b4-4d93-b84a-2a4660bc043d,109,1.9400445632798573,right_hip,0.490831,0.65788746,-0.18695822,530.0974667072296,1263.1439208984375,0.99944496
207097ab-74b4-4d93-b84a-2a4660bc043d,109,1.9400445632798573,left_knee,0.5603589,0.77864397,0.21002132,605.1875925064087,1494.9964141845703,0.8022198
207097ab-74b4-4d93-b84a-2a4660bc043d,109,1.9400445632798573,right_knee,0.48243842,0.77798337,-0.18374756,521.0334885120392,1493.7280654907227,0.9862855
207097ab-74b4-4d93-b84a-2a4660bc043d,109,1.9400445632798573,left_ankle,0.49257055,0.8757086,0.38007477,531.976193189621,1681.3604736328125,0.8760898
207097ab-74b4-4d93-b84a-2a4660bc043d,109,1.9400445632798573,right_ankle,0.42838085,0.89657587,-0.04088732,462.6513147354126,1721.425666809082,0.9901756
207097ab-74b4-4d93-b84a-2a4660bc043d,109,1.9400445632798573,left_heel,0.45885035,0.8902543,0.38679603,495.55838227272034,1709.2882919311523,0.844245
207097ab-74b4-4d93-b84a-2a4660bc043d,109,1.9400445632798573,right_heel,0.40809962,0.9128703,-0.039100043,440.74759125709534,1752.710952758789,0.9509475
207097ab-74b4-4d93-b84a-2a4660bc043d,109,1.9400445632798573,left_foot_index,0.5578571,0.9145494,0.2560553,602.4856638908386,1755.9348678588867,0.9083938
207097ab-74b4-4d93-b84a-2a4660bc043d,109,1.9400445632798573,right_foot_index,0.4975349,0.93699026,-0.24478514,537.3376929759979,1799.0213012695312,0.9839666
207097ab-74b4-4d93-b84a-2a4660bc043d,110,1.9578431372549019,nose,0.5486689,0.43784946,-0.12940349,592.5624346733093,840.6709671020508,0.9996642
207097ab-74b4-4d93-b84a-2a4660bc043d,110,1.9578431372549019,left_shoulder,0.5668105,0.4954329,0.30977854,612.155327796936,951.2311935424805,0.993625
207097ab-74b4-4d93-b84a-2a4660bc043d,110,1.9578431372549019,right_shoulder,0.494412,0.48973033,-0.26457235,533.9649653434753,940.2822303771973,0.9990476
207097ab-74b4-4d93-b84a-2a4660bc043d,110,1.9578431372549019,left_elbow,0.6496162,0.448607,0.36191994,701.585476398468,861.3254356384277,0.53892225
207097ab-74b4-4d93-b84a-2a4660bc043d,110,1.9578431372549019,right_elbow,0.5922857,0.4351108,-0.49402496,639.6685481071472,835.4127502441406,0.99713975
207097ab-74b4-4d93-b84a-2a4660bc043d,110,1.9578431372549019,left_wrist,0.66940516,0.38472617,0.25596994,722.9575753211975,738.6742401123047,0.7592717
207097ab-74b4-4d93-b84a-2a4660bc043d,110,1.9578431372549019,right_wrist,0.63427824,0.3679632,-0.41517627,685.0204968452454,706.4893341064453,0.99496394
207097ab-74b4-4d93-b84a-2a4660bc043d,110,1.9578431372549019,left_hip,0.55831945,0.66356397,0.1864589,602.9850053787231,1274.0428161621094,0.9991711
207097ab-74b4-4d93-b84a-2a4660bc043d,110,1.9578431372549019,right_hip,0.49082723,0.6580651,-0.18662342,530.0934112071991,1263.4849548339844,0.99944645
207097ab-74b4-4d93-b84a-2a4660bc043d,110,1.9578431372549019,left_knee,0.5585792,0.7789054,0.20952114,603.2655429840088,1495.4983520507812,0.80253404
207097ab-74b4-4d93-b84a-2a4660bc043d,110,1.9578431372549019,right_knee,0.48159993,0.7783428,-0.18377346,520.1279211044312,1494.4181442260742,0.9865847
207097ab-74b4-4d93-b84a-2a4660bc043d,110,1.9578431372549019,left_ankle,0.49238056,0.8762136,0.39088,531.7710041999817,1682.3301315307617,0.87793607
207097ab-74b4-4d93-b84a-2a4660bc043d,110,1.9578431372549019,right_ankle,0.4279891,0.8974354,-0.041074608,462.22822308540344,1723.0760192871094,0.9903476
207097ab-74b4-4d93-b84a-2a4660bc043d,110,1.9578431372549019,left_heel,0.45890093,0.89068496,0.39904782,495.6130027770996,1710.1151275634766,0.84615177
207097ab-74b4-4d93-b84a-2a4660bc043d,110,1.9578431372549019,right_heel,0.40797812,0.9137244,-0.039252233,440.61636686325073,1754.3508911132812,0.9514567
207097ab-74b4-4d93-b84a-2a4660bc043d,110,1.9578431372549019,left_foot_index,0.5579017,0.9146631,0.26822895,602.533814907074,1756.1531066894531,0.909267
207097ab-74b4-4d93-b84a-2a4660bc043d,110,1.9578431372549019,right_foot_index,0.49733812,0.9378067,-0.2482194,537.1251654624939,1800.5889129638672,0.9840977
207097ab-74b4-4d93-b84a-2a4660bc043d,111,1.9756417112299465,nose,0.5485489,0.43852064,-0.14353898,592.4327874183655,841.9596290588379,0.9996748
207097ab-74b4-4d93-b84a-2a4660bc043d,111,1.9756417112299465,left_shoulder,0.5669614,0.49562413,0.30697688,612.318320274353,951.5983200073242,0.9935736
207097ab-74b4-4d93-b84a-2a4660bc043d,111,1.9756417112299465,right_shoulder,0.494409,0.4899484,-0.26411113,533.9617145061493,940.7009124755859,0.99906105
207097ab-74b4-4d93-b84a-2a4660bc043d,111,1.9756417112299465,left_elbow,0.64994794,0.44865692,0.3613669,701.9437766075134,861.4212799072266,0.53632444
207097ab-74b4-4d93-b84a-2a4660bc043d,111,1.9756417112299465,right_elbow,0.5910756,0.4351386,-0.49460486,638.3616471290588,835.466136932373,0.99718726
207097ab-74b4-4d93-b84a-2a4660bc043d,111,1.9756417112299465,left_wrist,0.66942763,0.38456392,0.25672388,722.9818439483643,738.3627319335938,0.75822526
207097ab-74b4-4d93-b84a-2a4660bc043d,111,1.9756417112299465,right_wrist,0.63339907,0.36810854,-0.4200782,684.0709948539734,706.7683982849121,0.99506336
207097ab-74b4-4d93-b84a-2a4660bc043d,111,1.9756417112299465,left_hip,0.5585038,0.66366065,0.18339466,603.1841111183167,1274.2284393310547,0.99915946
207097ab-74b4-4d93-b84a-2a4660bc043d,111,1.9756417112299465,right_hip,0.49080896,0.65818894,-0.18357463,530.0736808776855,1263.7227630615234,0.9994513
207097ab-74b4-4d93-b84a-2a4660bc043d,111,1.9756417112299465,left_knee,0.5579854,0.7789881,0.20691298,602.6242589950562,1495.6571960449219,0.8034484
207097ab-74b4-4d93-b84a-2a4660bc043d,111,1.9756417112299465,right_knee,0.4807152,0.77845746,-0.18436053,519.1724002361298,1494.638328552246,0.9868007
207097ab-74b4-4d93-b84a-2a4660bc043d,111,1.9756417112299465,left_ankle,0.49195164,0.8764309,0.3864162,531.3077759742737,1682.7473831176758,0.87991196
207097ab-74b4-4d93-b84a-2a4660bc043d,111,1.9756417112299465,right_ankle,0.42770642,0.8978991,-0.05417122,461.92293405532837,1723.9662551879883,0.99047595
207097ab-74b4-4d93-b84a-2a4660bc043d,111,1.9756417112299465,left_heel,0.4588644,0.89104486,0.3944592,495.5735421180725,1710.8061218261719,0.8479185
207097ab-74b4-4d93-b84a-2a4660bc043d,111,1.9756417112299465,right_heel,0.4078998,0.9143069,-0.054012988,440.5317807197571,1755.4692077636719,0.951523
207097ab-74b4-4d93-b84a-2a4660bc043d,111,1.9756417112299465,left_foot_index,0.557923,0.9146686,0.26646912,602.5568604469299,1756.1637496948242,0.91002756
207097ab-74b4-4d93-b84a-2a4660bc043d,111,1.9756417112299465,right_foot_index,0.496913,0.9383272,-0.26179367,536.6660249233246,1801.5882110595703,0.9841379
207097ab-74b4-4d93-b84a-2a4660bc043d,112,1.993440285204991,nose,0.54928535,0.43893793,-0.14124122,593.2281804084778,842.7608299255371,0.9996736
207097ab-74b4-4d93-b84a-2a4660bc043d,112,1.993440285204991,left_shoulder,0.5671463,0.4967378,0.30291304,612.5180053710938,953.7365913391113,0.99351496
207097ab-74b4-4d93-b84a-2a4660bc043d,112,1.993440285204991,right_shoulder,0.49426258,0.4904822,-0.26057175,533.8035821914673,941.7258453369141,0.99906135
207097ab-74b4-4d93-b84a-2a4660bc043d,112,1.993440285204991,left_elbow,0.6504226,0.44883066,0.35800582,702.4563789367676,861.7548751831055,0.5360862
207097ab-74b4-4d93-b84a-2a4660bc043d,112,1.993440285204991,right_elbow,0.59016216,0.435266,-0.4890854,637.3751306533813,835.7106971740723,0.9972104
207097ab-74b4-4d93-b84a-2a4660bc043d,112,1.993440285204991,left_wrist,0.6693369,0.38470522,0.25471827,722.8838682174683,738.6340141296387,0.7567535
207097ab-74b4-4d93-b84a-2a4660bc043d,112,1.993440285204991,right_wrist,0.6318765,0.36835563,-0.4124187,682.4266505241394,707.2428131103516,0.9950695
207097ab-74b4-4d93-b84a-2a4660bc043d,112,1.993440285204991,left_hip,0.55874854,0.6639183,0.18099868,603.4484267234802,1274.7231674194336,0.99915785
207097ab-74b4-4d93-b84a-2a4660bc043d,112,1.993440285204991,right_hip,0.4908018,0.65836823,-0.1811694,530.0659561157227,1264.0670013427734,0.99945205
207097ab-74b4-4d93-b84a-2a4660bc043d,112,1.993440285204991,left_knee,0.5579031,0.77901983,0.2012478,602.5353598594666,1495.7180786132812,0.8054049
207097ab-74b4-4d93-b84a-2a4660bc043d,112,1.993440285204991,right_knee,0.47978348,0.77857065,-0.17881803,518.1661534309387,1494.8556518554688,0.98702717
207097ab-74b4-4d93-b84a-2a4660bc043d,112,1.993440285204991,left_ankle,0.49167028,0.8766694,0.3757751,531.0039031505585,1683.2052612304688,0.8827487
207097ab-74b4-4d93-b84a-2a4660bc043d,112,1.993440285204991,right_ankle,0.4275038,0.89789957,-0.034603495,461.7040979862213,1723.967170715332,0.9906351
207097ab-74b4-4d93-b84a-2a4660bc043d,112,1.993440285204991,left_heel,0.4588481,0.89143515,0.3835632,495.55593609809875,1711.5554809570312,0.85058904
207097ab-74b4-4d93-b84a-2a4660bc043d,112,1.993440285204991,right_heel,0.40784222,0.9144317,-0.032681167,440.4695963859558,1755.7088470458984,0.9516138
207097ab-74b4-4d93-b84a-2a4660bc043d,112,1.993440285204991,left_foot_index,0.5579434,0.9146712,0.25706717,602.5788760185242,1756.1686706542969,0.91176796
207097ab-74b4-4d93-b84a-2a4660bc043d,112,1.993440285204991,right_foot_index,0.495013,0.93845546,-0.23758788,534.6140384674072,1801.834487915039,0.9842667
207097ab-74b4-4d93-b84a-2a4660bc043d,113,2.0112388591800356,nose,0.5492721,0.4393413,-0.13703822,593.2138895988464,843.5353088378906,0.9996791
207097ab-74b4-4d93-b84a-2a4660bc043d,113,2.0112388591800356,left_shoulder,0.56719893,0.49708122,0.30207178,612.5748467445374,954.3959426879883,0.9935513
207097ab-74b4-4d93-b84a-2a4660bc043d,113,2.0112388591800356,right_shoulder,0.49423122,0.490873,-0.25864524,533.7697219848633,942.4761772155762,0.9990829
207097ab-74b4-4d93-b84a-2a4660bc043d,113,2.0112388591800356,left_elbow,0.6504314,0.4497133,0.35807264,702.4659061431885,863.4495162963867,0.5366792
207097ab-74b4-4d93-b84a-2a4660bc043d,113,2.0112388591800356,right_elbow,0.5898815,0.43805587,-0.47972807,637.0719981193542,841.0672760009766,0.99724287
207097ab-74b4-4d93-b84a-2a4660bc043d,113,2.0112388591800356,left_wrist,0.669115,0.38532025,0.25813618,722.6442074775696,739.8148727416992,0.75642544
207097ab-74b4-4d93-b84a-2a4660bc043d,113,2.0112388591800356,right_wrist,0.6313389,0.3713594,-0.3800509,681.8460059165955,713.0100631713867,0.99507827
207097ab-74b4-4d93-b84a-2a4660bc043d,113,2.0112388591800356,left_hip,0.558797,0.6640805,0.18037456,603.5007619857788,1275.0345611572266,0.99916095
207097ab-74b4-4d93-b84a-2a4660bc043d,113,2.0112388591800356,right_hip,0.49079722,0.6585739,-0.18052796,530.0609993934631,1264.4619369506836,0.9994617
207097ab-74b4-4d93-b84a-2a4660bc043d,113,2.0112388591800356,left_knee,0.55820924,0.77907467,0.20110933,602.8659796714783,1495.8233642578125,0.805982
207097ab-74b4-4d93-b84a-2a4660bc043d,113,2.0112388591800356,right_knee,0.47891802,0.77872926,-0.18084621,517.231457233429,1495.1601791381836,0.98721427
207097ab-74b4-4d93-b84a-2a4660bc043d,113,2.0112388591800356,left_ankle,0.49092728,0.87667066,0.37107098,530.201461315155,1683.207664489746,0.8843177
207097ab-74b4-4d93-b84a-2a4660bc043d,113,2.0112388591800356,right_ankle,0.42717633,0.8980539,-0.05164362,461.35043263435364,1724.2634582519531,0.9907029
207097ab-74b4-4d93-b84a-2a4660bc043d,113,2.0112388591800356,left_heel,0.4585707,0.8915351,0.37834612,495.2563440799713,1711.7473983764648,0.852211
207097ab-74b4-4d93-b84a-2a4660bc043d,113,2.0112388591800356,right_heel,0.40767094,0.91482,-0.051545456,440.28462052345276,1756.4544296264648,0.9515111
207097ab-74b4-4d93-b84a-2a4660bc043d,113,2.0112388591800356,left_foot_index,0.55796,0.91457784,0.25600377,602.5967717170715,1755.9894561767578,0.91271067
207097ab-74b4-4d93-b84a-2a4660bc043d,113,2.0112388591800356,right_foot_index,0.49512643,0.93840665,-0.25528726,534.7365403175354,1801.7407608032227,0.98429465
207097ab-74b4-4d93-b84a-2a4660bc043d,114,2.02903743315508,nose,0.5492708,0.43986604,-0.13337685,593.2124733924866,844.5427894592285,0.9996821
207097ab-74b4-4d93-b84a-2a4660bc043d,114,2.02903743315508,left_shoulder,0.56729144,0.4973777,0.30008954,612.6747536659241,954.9651718139648,0.993575
207097ab-74b4-4d93-b84a-2a4660bc043d,114,2.02903743315508,right_shoulder,0.4942302,0.49131492,-0.2580758,533.7686276435852,943.3246421813965,0.9991076
207097ab-74b4-4d93-b84a-2a4660bc043d,114,2.02903743315508,left_elbow,0.65044546,0.45045862,0.3580044,702.4810981750488,864.880542755127,0.53700364
207097ab-74b4-4d93-b84a-2a4660bc043d,114,2.02903743315508,right_elbow,0.5896975,0.43867683,-0.47560465,636.8732786178589,842.259521484375,0.99727833
207097ab-74b4-4d93-b84a-2a4660bc043d,114,2.02903743315508,left_wrist,0.6688725,0.38548136,0.25858125,722.3822736740112,740.1242065429688,0.75620866
207097ab-74b4-4d93-b84a-2a4660bc043d,114,2.02903743315508,right_wrist,0.6310964,0.37231332,-0.37550592,681.5841364860535,714.8415756225586,0.99511206
207097ab-74b4-4d93-b84a-2a4660bc043d,114,2.02903743315508,left_hip,0.55880475,0.6643918,0.17974356,603.5091304779053,1275.6322860717773,0.99916255
207097ab-74b4-4d93-b84a-2a4660bc043d,114,2.02903743315508,right_hip,0.4907758,0.658846,-0.17989199,530.0378572940826,1264.984359741211,0.999472
207097ab-74b4-4d93-b84a-2a4660bc043d,114,2.02903743315508,left_knee,0.5583723,0.7794169,0.20149095,603.0421042442322,1496.480484008789,0.80584145
207097ab-74b4-4d93-b84a-2a4660bc043d,114,2.02903743315508,right_knee,0.47799763,0.7792487,-0.18175972,516.2374413013458,1496.1575317382812,0.9874026
207097ab-74b4-4d93-b84a-2a4660bc043d,114,2.02903743315508,left_ankle,0.49062502,0.8766687,0.3718091,529.8750257492065,1683.2038879394531,0.88551754
207097ab-74b4-4d93-b84a-2a4660bc043d,114,2.02903743315508,right_ankle,0.42639372,0.8982724,-0.058523048,460.5052149295807,1724.6829986572266,0.9907729
207097ab-74b4-4d93-b84a-2a4660bc043d,114,2.02903743315508,left_heel,0.45838216,0.89154696,0.37914652,495.0527322292328,1711.7701721191406,0.8534868
207097ab-74b4-4d93-b84a-2a4660bc043d,114,2.02903743315508,right_heel,0.40716353,0.91502744,-0.058771633,439.736613035202,1756.852684020996,0.95152575
207097ab-74b4-4d93-b84a-2a4660bc043d,114,2.02903743315508,left_foot_index,0.55806845,0.91444355,0.25794074,602.713930606842,1755.7316207885742,0.91330117
207097ab-74b4-4d93-b84a-2a4660bc043d,114,2.02903743315508,right_foot_index,0.49510038,0.9384269,-0.26157662,534.7084093093872,1801.779670715332,0.98430693
207097ab-74b4-4d93-b84a-2a4660bc043d,115,2.046836007130125,nose,0.5491484,0.44029287,-0.11372637,593.0802512168884,845.3623008728027,0.99967855
207097ab-74b4-4d93-b84a-2a4660bc043d,115,2.046836007130125,left_shoulder,0.56730616,0.4976034,0.29992396,612.6906538009644,955.3985023498535,0.99368936
207097ab-74b4-4d93-b84a-2a4660bc043d,115,2.046836007130125,right_shoulder,0.49434614,0.49172404,-0.2578157,533.8938331604004,944.110164642334,0.9991355
207097ab-74b4-4d93-b84a-2a4660bc043d,115,2.046836007130125,left_elbow,0.6504881,0.45119476,0.35793516,702.5271248817444,866.2939453125,0.5381457
207097ab-74b4-4d93-b84a-2a4660bc043d,115,2.046836007130125,right_elbow,0.5897205,0.43946826,-0.46502402,636.8981266021729,843.7790679931641,0.997296
207097ab-74b4-4d93-b84a-2a4660bc043d,115,2.046836007130125,left_wrist,0.6685957,0.3863864,0.2565159,722.0833253860474,741.8618774414062,0.75527036
207097ab-74b4-4d93-b84a-2a4660bc043d,115,2.046836007130125,right_wrist,0.6310259,0.37457258,-0.34848648,681.5079832077026,719.1793441772461,0.99508655
207097ab-74b4-4d93-b84a-2a4660bc043d,115,2.046836007130125,left_hip,0.5586389,0.6649049,0.17975973,603.3299803733826,1276.6173934936523,0.999172
207097ab-74b4-4d93-b84a-2a4660bc043d,115,2.046836007130125,right_hip,0.49074605,0.65930045,-0.17990912,530.0057351589203,1265.8568572998047,0.9994815
207097ab-74b4-4d93-b84a-2a4660bc043d,115,2.046836007130125,left_knee,0.5584709,0.7796964,0.20092273,603.1485772132874,1497.0170974731445,0.80499154
207097ab-74b4-4d93-b84a-2a4660bc043d,115,2.046836007130125,right_knee,0.4772011,0.7801096,-0.18082783,515.3771924972534,1497.810401916504,0.9875346
207097ab-74b4-4d93-b84a-2a4660bc043d,115,2.046836007130125,left_ankle,0.4903967,0.8767622,0.36906743,529.6284449100494,1683.383445739746,0.88638866
207097ab-74b4-4d93-b84a-2a4660bc043d,115,2.046836007130125,right_ankle,0.42597294,0.89859545,-0.052898973,460.05077362060547,1725.3032684326172,0.99080694
207097ab-74b4-4d93-b84a-2a4660bc043d,115,2.046836007130125,left_heel,0.45817798,0.8916335,0.37603644,494.83222246170044,1711.9363403320312,0.8546709
207097ab-74b4-4d93-b84a-2a4660bc043d,115,2.046836007130125,right_heel,0.4068527,0.9151596,-0.05236421,439.40090775489807,1757.1063995361328,0.9516113
207097ab-74b4-4d93-b84a-2a4660bc043d,115,2.046836007130125,left_foot_index,0.55817753,0.9144313,0.25676382,602.8317332267761,1755.7080459594727,0.914053
207097ab-74b4-4d93-b84a-2a4660bc043d,115,2.046836007130125,right_foot_index,0.49515897,0.93868715,-0.2531915,534.7716879844666,1802.2793197631836,0.98431337
207097ab-74b4-4d93-b84a-2a4660bc043d,116,2.064634581105169,nose,0.54898095,0.44171232,-0.10715946,592.8994274139404,848.0876541137695,0.99967927
207097ab-74b4-4d93-b84a-2a4660bc043d,116,2.064634581105169,left_shoulder,0.5673183,0.49803436,0.3026549,612.7037858963013,956.2259674072266,0.99381846
207097ab-74b4-4d93-b84a-2a4660bc043d,116,2.064634581105169,right_shoulder,0.49424872,0.4924959,-0.25249037,533.7886154651642,945.5921173095703,0.99916697
207097ab-74b4-4d93-b84a-2a4660bc043d,116,2.064634581105169,left_elbow,0.6506226,0.4524214,0.35811007,702.6724147796631,868.6490821838379,0.54028827
207097ab-74b4-4d93-b84a-2a4660bc043d,116,2.064634581105169,right_elbow,0.589716,0.4409537,-0.45325288,636.893298625946,846.6311073303223,0.9972928
207097ab-74b4-4d93-b84a-2a4660bc043d,116,2.064634581105169,left_wrist,0.66856796,0.3879575,0.25578025,722.0533919334412,744.8784255981445,0.75440115
207097ab-74b4-4d93-b84a-2a4660bc043d,116,2.064634581105169,right_wrist,0.63107324,0.37787747,-0.32837546,681.5590953826904,725.5247497558594,0.9950378
207097ab-74b4-4d93-b84a-2a4660bc043d,116,2.064634581105169,left_hip,0.5585703,0.66562515,0.17979732,603.2559514045715,1278.0002975463867,0.99918556
207097ab-74b4-4d93-b84a-2a4660bc043d,116,2.064634581105169,right_hip,0.49065918,0.6598685,-0.17994861,529.9119114875793,1266.9474792480469,0.99949336
207097ab-74b4-4d93-b84a-2a4660bc043d,116,2.064634581105169,left_knee,0.5585549,0.7800333,0.20050831,603.239278793335,1497.663917541504,0.8047892
207097ab-74b4-4d93-b84a-2a4660bc043d,116,2.064634581105169,right_knee,0.47630322,0.7811313,-0.17966817,514.4074773788452,1499.7721481323242,0.98762244
207097ab-74b4-4d93-b84a-2a4660bc043d,116,2.064634581105169,left_ankle,0.49038976,0.87676406,0.36737278,529.6209454536438,1683.3869934082031,0.88757116
207097ab-74b4-4d93-b84a-2a4660bc043d,116,2.064634581105169,right_ankle,0.42565474,0.8986507,-0.045993593,459.7071182727814,1725.4093551635742,0.9908093
207097ab-74b4-4d93-b84a-2a4660bc043d,116,2.064634581105169,left_heel,0.4581731,0.89162886,0.37422827,494.82694387435913,1711.9274139404297,0.85621655
207097ab-74b4-4d93-b84a-2a4660bc043d,116,2.064634581105169,right_heel,0.40670833,0.9151603,-0.0446224,439.2449963092804,1757.1077728271484,0.9513032
207097ab-74b4-4d93-b84a-2a4660bc043d,116,2.064634581105169,left_foot_index,0.5582241,0.91442215,0.25668296,602.8820085525513,1755.6905364990234,0.91499597
207097ab-74b4-4d93-b84a-2a4660bc043d,116,2.064634581105169,right_foot_index,0.49445823,0.93886304,-0.24389946,534.0148866176605,1802.6170349121094,0.9842825
207097ab-74b4-4d93-b84a-2a4660bc043d,117,2.082433155080214,nose,0.5489748,0.44188797,-0.11209248,592.8927969932556,848.4249114990234,0.99968255
207097ab-74b4-4d93-b84a-2a4660bc043d,117,2.082433155080214,left_shoulder,0.5673304,0.49879453,0.30379745,612.7168536186218,957.685489654541,0.99389136
207097ab-74b4-4d93-b84a-2a4660bc043d,117,2.082433155080214,right_shoulder,0.4930649,0.49360248,-0.2447255,532.5101029872894,947.7167701721191,0.99917996
207097ab-74b4-4d93-b84a-2a4660bc043d,117,2.082433155080214,left_elbow,0.6508753,0.4539514,0.35480502,702.9452919960022,871.5866661071777,0.54451656
207097ab-74b4-4d93-b84a-2a4660bc043d,117,2.082433155080214,right_elbow,0.5894445,0.44249657,-0.44948858,636.600079536438,849.5934104919434,0.9972868
207097ab-74b4-4d93-b84a-2a4660bc043d,117,2.082433155080214,left_wrist,0.6685894,0.38909832,0.2542909,722.0765662193298,747.0687675476074,0.75519735
207097ab-74b4-4d93-b84a-2a4660bc043d,117,2.082433155080214,right_wrist,0.6313512,0.3804501,-0.32284415,681.8592667579651,730.4641914367676,0.99499106
207097ab-74b4-4d93-b84a-2a4660bc043d,117,2.082433155080214,left_hip,0.5582836,0.6659995,0.17854053,602.9463171958923,1278.7189865112305,0.99919105
207097ab-74b4-4d93-b84a-2a4660bc043d,117,2.082433155080214,right_hip,0.48987454,0.6600646,-0.1786603,529.0645051002502,1267.323989868164,0.99949765
207097ab-74b4-4d93-b84a-2a4660bc043d,117,2.082433155080214,left_knee,0.5586023,0.78021586,0.18582551,603.2904553413391,1498.0144500732422,0.80631524
207097ab-74b4-4d93-b84a-2a4660bc043d,117,2.082433155080214,right_knee,0.4759186,0.78136,-0.17977044,513.9920783042908,1500.2111434936523,0.98753816
207097ab-74b4-4d93-b84a-2a4660bc043d,117,2.082433155080214,left_ankle,0.4903855,0.87678707,0.34520057,529.6163427829742,1683.431167602539,0.8889726
207097ab-74b4-4d93-b84a-2a4660bc043d,117,2.082433155080214,right_ankle,0.42551342,0.8986797,-0.04505655,459.5544898509979,1725.464973449707,0.9907191
207097ab-74b4-4d93-b84a-2a4660bc043d,117,2.082433155080214,left_heel,0.45816627,0.89162564,0.3512465,494.8195731639862,1711.9212341308594,0.8572368
207097ab-74b4-4d93-b84a-2a4660bc043d,117,2.082433155080214,right_heel,0.40660793,0.9151621,-0.043739196,439.1365599632263,1757.1112060546875,0.9502102
207097ab-74b4-4d93-b84a-2a4660bc043d,117,2.082433155080214,left_foot_index,0.5580929,0.9145158,0.22779253,602.7403235435486,1755.8703231811523,0.91582966
207097ab-74b4-4d93-b84a-2a4660bc043d,117,2.082433155080214,right_foot_index,0.49424046,0.9394379,-0.24436642,533.7796998023987,1803.720817565918,0.98413503
207097ab-74b4-4d93-b84a-2a4660bc043d,118,2.1002317290552583,nose,0.5491074,0.44240028,-0.11450281,593.0359625816345,849.4085311889648,0.9996806
207097ab-74b4-4d93-b84a-2a4660bc043d,118,2.1002317290552583,left_shoulder,0.5673394,0.4994342,0.3009221,612.7265739440918,958.9136695861816,0.9938092
207097ab-74b4-4d93-b84a-2a4660bc043d,118,2.1002317290552583,right_shoulder,0.49109855,0.4947602,-0.24470985,530.3864371776581,949.9395561218262,0.99915886
207097ab-74b4-4d93-b84a-2a4660bc043d,118,2.1002317290552583,left_elbow,0.6524471,0.45467058,0.34696722,704.6428728103638,872.9675102233887,0.54826486
207097ab-74b4-4d93-b84a-2a4660bc043d,118,2.1002317290552583,right_elbow,0.5866212,0.44361594,-0.4537296,633.550922870636,851.7426109313965,0.9973074
207097ab-74b4-4d93-b84a-2a4660bc043d,118,2.1002317290552583,left_wrist,0.6692143,0.38946694,0.25385538,722.751452922821,747.7765274047852,0.757728
207097ab-74b4-4d93-b84a-2a4660bc043d,118,2.1002317290552583,right_wrist,0.63135743,0.38222632,-0.3498527,681.8660259246826,733.8745307922363,0.99499977
207097ab-74b4-4d93-b84a-2a4660bc043d,118,2.1002317290552583,left_hip,0.55822074,0.6660625,0.17364706,602.8784036636353,1278.8399505615234,0.99918383
207097ab-74b4-4d93-b84a-2a4660bc043d,118,2.1002317290552583,right_hip,0.48915288,0.660076,-0.1737365,528.2851088047028,1267.345962524414,0.99949527
207097ab-74b4-4d93-b84a-2a4660bc043d,118,2.1002317290552583,left_knee,0.5593208,0.78031,0.16949044,604.0664720535278,1498.1951522827148,0.80862445
207097ab-74b4-4d93-b84a-2a4660bc043d,118,2.1002317290552583,right_knee,0.47563356,0.7813474,-0.18645354,513.6842465400696,1500.186996459961,0.987338
207097ab-74b4-4d93-b84a-2a4660bc043d,118,2.1002317290552583,left_ankle,0.49025962,0.8767858,0.3289317,529.4803869724274,1683.4287643432617,0.88944834
207097ab-74b4-4d93-b84a-2a4660bc043d,118,2.1002317290552583,right_ankle,0.42556822,0.8987423,-0.07002939,459.6136808395386,1725.5852508544922,0.990482
207097ab-74b4-4d93-b84a-2a4660bc043d,118,2.1002317290552583,left_heel,0.45800635,0.89162207,0.33483273,494.64686036109924,1711.9143676757812,0.85731167
207097ab-74b4-4d93-b84a-2a4660bc043d,118,2.1002317290552583,right_heel,0.40663427,0.9152471,-0.071280144,439.1650128364563,1757.274398803711,0.9486343
207097ab-74b4-4d93-b84a-2a4660bc043d,118,2.1002317290552583,left_foot_index,0.55733263,0.9145726,0.20685783,601.9192457199097,1755.9793853759766,0.91555643
207097ab-74b4-4d93-b84a-2a4660bc043d,118,2.1002317290552583,right_foot_index,0.4943082,0.9395043,-0.27805263,533.8528597354889,1803.8483047485352,0.98375624
207097ab-74b4-4d93-b84a-2a4660bc043d,119,2.118030303030303,nose,0.5493778,0.4424253,-0.11809594,593.3280229568481,849.4565963745117,0.99967736
207097ab-74b4-4d93-b84a-2a4660bc043d,119,2.118030303030303,left_shoulder,0.56750506,0.49973306,0.30076346,612.9054665565491,959.487476348877,0.99377245
207097ab-74b4-4d93-b84a-2a4660bc043d,119,2.118030303030303,right_shoulder,0.48942924,0.49523577,-0.2438661,528.583574295044,950.8526802062988,0.9991214
207097ab-74b4-4d93-b84a-2a4660bc043d,119,2.118030303030303,left_elbow,0.6554285,0.45563504,0.33804476,707.862811088562,874.819278717041,0.5549413
207097ab-74b4-4d93-b84a-2a4660bc043d,119,2.118030303030303,right_elbow,0.58510476,0.44494602,-0.4559686,631.9131445884705,854.2963600158691,0.99730784
207097ab-74b4-4d93-b84a-2a4660bc043d,119,2.118030303030303,left_wrist,0.6701878,0.38983214,0.24722734,723.8027930259705,748.4777069091797,0.76147807
207097ab-74b4-4d93-b84a-2a4660bc043d,119,2.118030303030303,right_wrist,0.6312584,0.38478738,-0.3526601,681.7591023445129,738.7917709350586,0.9949275
207097ab-74b4-4d93-b84a-2a4660bc043d,119,2.118030303030303,left_hip,0.55795497,0.66607255,0.17168367,602.5913643836975,1278.8592910766602,0.99918586
207097ab-74b4-4d93-b84a-2a4660bc043d,119,2.118030303030303,right_hip,0.48786914,0.6600989,-0.17174995,526.8986749649048,1267.389907836914,0.9994921
207097ab-74b4-4d93-b84a-2a4660bc043d,119,2.118030303030303,left_knee,0.56005335,0.7803399,0.15221809,604.8576164245605,1498.2526016235352,0.81211954
207097ab-74b4-4d93-b84a-2a4660bc043d,119,2.118030303030303,right_knee,0.47547317,0.78089166,-0.19314203,513.5110187530518,1499.3119812011719,0.98710924
207097ab-74b4-4d93-b84a-2a4660bc043d,119,2.118030303030303,left_ankle,0.490229,0.87679046,0.30979225,529.4473314285278,1683.4376907348633,0.89068633
207097ab-74b4-4d93-b84a-2a4660bc043d,119,2.118030303030303,right_ankle,0.42542893,0.89874613,-0.07405282,459.4632411003113,1725.5925750732422,0.9902693
207097ab-74b4-4d93-b84a-2a4660bc043d,119,2.118030303030303,left_heel,0.4576042,0.89161307,0.31508264,494.2125356197357,1711.897087097168,0.8580023
207097ab-74b4-4d93-b84a-2a4660bc043d,119,2.118030303030303,right_heel,0.40664262,0.9152372,-0.07537031,439.17402505874634,1757.2554016113281,0.94693863
207097ab-74b4-4d93-b84a-2a4660bc043d,119,2.118030303030303,left_foot_index,0.55627376,0.91473454,0.17751925,600.7756590843201,1756.2903213500977,0.9160613
207097ab-74b4-4d93-b84a-2a4660bc043d,119,2.118030303030303,right_foot_index,0.49411747,0.93949527,-0.28892022,533.6468660831451,1803.830909729004,0.9834844
