run_id,frame_id,timestamp,joint,x_norm,y_norm,z_norm,x_px,y_px,confidence
4f3dc90e-0e11-4fbb-a481-7f0e76f5fa64,0,0.0,nose,0.5,0.5,0.0,540.0,960.0,0.5
4f3dc90e-0e11-4fbb-a481-7f0e76f5fa64,0,0.0,left_shoulder,0.5,0.5,0.0,540.0,960.0,0.5
4f3dc90e-0e11-4fbb-a481-7f0e76f5fa64,0,0.0,right_shoulder,0.5,0.5,0.0,540.0,960.0,0.5
4f3dc90e-0e11-4fbb-a481-7f0e76f5fa64,0,0.0,left_elbow,0.5,0.5,0.0,540.0,960.0,0.5
4f3dc90e-0e11-4fbb-a481-7f0e76f5fa64,0,0.0,right_elbow,0.5,0.5,0.0,540.0,960.0,0.5
4f3dc90e-0e11-4fbb-a481-7f0e76f5fa64,0,0.0,left_wrist,0.5,0.5,0.0,540.0,960.0,0.5
4f3dc90e-0e11-4fbb-a481-7f0e76f5fa64,0,0.0,right_wrist,0.5,0.5,0.0,540.0,960.0,0.5
4f3dc90e-0e11-4fbb-a481-7f0e76f5fa64,0,0.0,left_hip,0.5,0.5,0.0,540.0,960.0,0.5
4f3dc90e-0e11-4fbb-a481-7f0e76f5fa64,0,0.0,right_hip,0.5,0.5,0.0,540.0,960.0,0.5
4f3dc90e-0e11-4fbb-a481-7f0e76f5fa64,0,0.0,left_knee,0.5,0.5,0.0,540.0,960.0,0.5
4f3dc90e-0e11-4fbb-a481-7f0e76f5fa64,0,0.0,right_knee,0.5,0.5,0.0,540.0,960.0,0.5
4f3dc90e-0e11-4fbb-a481-7f0e76f5fa64,0,0.0,left_ankle,0.5,0.5,0.0,540.0,960.0,0.5
4f3dc90e-0e11-4fbb-a481-7f0e76f5fa64,0,0.0,right_ankle,0.5,0.5,0.0,540.0,960.0,0.5
4f3dc90e-0e11-4fbb-a481-7f0e76f5fa64,0,0.0,left_heel,0.5,0.5,0.0,540.0,960.0,0.5
4f3dc90e-0e11-4fbb-a481-7f0e76f5fa64,0,0.0,right_heel,0.5,0.5,0.0,540.0,960.0,0.5
4f3dc90e-0e11-4fbb-a481-7f0e76f5fa64,0,0.0,left_foot_index,0.5,0.5,0.0,540.0,960.0,0.5
4f3dc90e-0e11-4fbb-a481-7f0e76f5fa64,0,0.0,right_foot_index,0.5,0.5,0.0,540.0,960.0,0.5
4f3dc90e-0e11-4fbb-a481-7f0e76f5fa64,1,0.03333333333333333,nose,0.5,0.5,0.0,540.0,960.0,0.5
4f3dc90e-0e11-4fbb-a481-7f0e76f5fa64,1,0.03333333333333333,left_shoulder,0.5,0.5,0.0,540.0,960.0,0.5
4f3dc90e-0e11-4fbb-a481-7f0e76f5fa64,1,0.03333333333333333,right_shoulder,0.5,0.5,0.0,540.0,960.0,0.5
4f3dc90e-0e11-4fbb-a481-7f0e76f5fa64,1,0.03333333333333333,left_elbow,0.5,0.5,0.0,540.0,960.0,0.5
4f3dc90e-0e11-4fbb-a481-7f0e76f5fa64,1,0.03333333333333333,right_elbow,0.5,0.5,0.0,540.0,960.0,0.5
4f3dc90e-0e11-4fbb-a481-7f0e76f5fa64,1,0.03333333333333333,left_wrist,0.5,0.5,0.0,540.0,960.0,0.5
4f3dc90e-0e11-4fbb-a481-7f0e76f5fa64,1,0.03333333333333333,right_wrist,0.5,0.5,0.0,540.0,960.0,0.5
4f3dc90e-0e11-4fbb-a481-7f0e76f5fa64,1,0.03333333333333333,left_hip,0.5,0.5,0.0,540.0,960.0,0.5
4f3dc90e-0e11-4fbb-a481-7f0e76f5fa64,1,0.03333333333333333,right_hip,0.5,0.5,0.0,540.0,960.0,0.5
4f3dc90e-0e11-4fbb-a481-7f0e76f5fa64,1,0.03333333333333333,left_knee,0.5,0.5,0.0,540.0,960.0,0.5
4f3dc90e-0e11-4fbb-a481-7f0e76f5fa64,1,0.03333333333333333,right_knee,0.5,0.5,0.0,540.0,960.0,0.5
4f3dc90e-0e11-4fbb-a481-7f0e76f5fa64,1,0.03333333333333333,left_ankle,0.5,0.5,0.0,540.0,960.0,0.5
4f3dc90e-0e11-4fbb-a481-7f0e76f5fa64,1,0.03333333333333333,right_ankle,0.5,0.5,0.0,540.0,960.0,0.5
4f3dc90e-0e11-4fbb-a481-7f0e76f5fa64,1,0.03333333333333333,left_heel,0.5,0.5,0.0,540.0,960.0,0.5
4f3dc90e-0e11-4fbb-a481-7f0e76f5fa64,1,0.03333333333333333,right_heel,0.5,0.5,0.0,540.0,960.0,0.5
4f3dc90e-0e11-4fbb-a481-7f0e76f5fa64,1,0.03333333333333333,left_foot_index,0.5,0.5,0.0,540.0,960.0,0.5
4f3dc90e-0e11-4fbb-a481-7f0e76f5fa64,1,0.03333333333333333,right_foot_index,0.5,0.5,0.0,540.0,960.0,0.5
4f3dc90e-0e11-4fbb-a481-7f0e76f5fa64,2,0.06666666666666667,nose,0.5,0.5,0.0,540.0,960.0,0.5
4f3dc90e-0e11-4fbb-a481-7f0e76f5fa64,2,0.06666666666666667,left_shoulder,0.5,0.5,0.0,540.0,960.0,0.5
4f3dc90e-0e11-4fbb-a481-7f0e76f5fa64,2,0.06666666666666667,right_shoulder,0.5,0.5,0.0,540.0,960.0,0.5
4f3dc90e-0e11-4fbb-a481-7f0e76f5fa64,2,0.06666666666666667,left_elbow,0.5,0.5,0.0,540.0,960.0,0.5
4f3dc90e-0e11-4fbb-a481-7f0e76f5fa64,2,0.06666666666666667,right_elbow,0.5,0.5,0.0,540.0,960.0,0.5
4f3dc90e-0e11-4fbb-a481-7f0e76f5fa64,2,0.06666666666666667,left_wrist,0.5,0.5,0.0,540.0,960.0,0.5
4f3dc90e-0e11-4fbb-a481-7f0e76f5fa64,2,0.06666666666666667,right_wrist,0.5,0.5,0.0,540.0,960.0,0.5
4f3dc90e-0e11-4fbb-a481-7f0e76f5fa64,2,0.06666666666666667,left_hip,0.5,0.5,0.0,540.0,960.0,0.5
4f3dc90e-0e11-4fbb-a481-7f0e76f5fa64,2,0.06666666666666667,right_hip,0.5,0.5,0.0,540.0,960.0,0.5
4f3dc90e-0e11-4fbb-a481-7f0e76f5fa64,2,0.06666666666666667,left_knee,0.5,0.5,0.0,540.0,960.0,0.5
4f3dc90e-0e11-4fbb-a481-7f0e76f5fa64,2,0.06666666666666667,right_knee,0.5,0.5,0.0,540.0,960.0,0.5
4f3dc90e-0e11-4fbb-a481-7f0e76f5fa64,2,0.06666666666666667,left_ankle,0.5,0.5,0.0,540.0,960.0,0.5
4f3dc90e-0e11-4fbb-a481-7f0e76f5fa64,2,0.06666666666666667,right_ankle,0.5,0.5,0.0,540.0,960.0,0.5
4f3dc90e-0e11-4fbb-a481-7f0e76f5fa64,2,0.06666666666666667,left_heel,0.5,0.5,0.0,540.0,960.0,0.5
4f3dc90e-0e11-4fbb-a481-7f0e76f5fa64,2,0.06666666666666667,right_heel,0.5,0.5,0.0,540.0,960.0,0.5
4f3dc90e-0e11-4fbb-a481-7f0e76f5fa64,2,0.06666666666666667,left_foot_index,0.5,0.5,0.0,540.0,960.0,0.5
4f3dc90e-0e11-4fbb-a481-7f0e76f5fa64,2,0.06666666666666667,right_foot_index,0.5,0.5,0.0,540.0,960.0,0.5
4f3dc90e-0e11-4fbb-a481-7f0e76f5fa64,3,0.1,nose,0.5,0.5,0.0,540.0,960.0,0.5
4f3dc90e-0e11-4fbb-a481-7f0e76f5fa64,3,0.1,left_shoulder,0.5,0.5,0.0,540.0,960.0,0.5
4f3dc90e-0e11-4fbb-a481-7f0e76f5fa64,3,0.1,right_shoulder,0.5,0.5,0.0,540.0,960.0,0.5
4f3dc90e-0e11-4fbb-a481-7f0e76f5fa64,3,0.1,left_elbow,0.5,0.5,0.0,540.0,960.0,0.5
4f3dc90e-0e11-4fbb-a481-7f0e76f5fa64,3,0.1,right_elbow,0.5,0.5,0.0,540.0,960.0,0.5
4f3dc90e-0e11-4fbb-a481-7f0e76f5fa64,3,0.1,left_wrist,0.5,0.5,0.0,540.0,960.0,0.5
4f3dc90e-0e11-4fbb-a481-7f0e76f5fa64,3,0.1,right_wrist,0.5,0.5,0.0,540.0,960.0,0.5
4f3dc90e-0e11-4fbb-a481-7f0e76f5fa64,3,0.1,left_hip,0.5,0.5,0.0,540.0,960.0,0.5
4f3dc90e-0e11-4fbb-a481-7f0e76f5fa64,3,0.1,right_hip,0.5,0.5,0.0,540.0,960.0,0.5
4f3dc90e-0e11-4fbb-a481-7f0e76f5fa64,3,0.1,left_knee,0.5,0.5,0.0,540.0,960.0,0.5
4f3dc90e-0e11-4fbb-a481-7f0e76f5fa64,3,0.1,right_knee,0.5,0.5,0.0,540.0,960.0,0.5
4f3dc90e-0e11-4fbb-a481-7f0e76f5fa64,3,0.1,left_ankle,0.5,0.5,0.0,540.0,960.0,0.5
4f3dc90e-0e11-4fbb-a481-7f0e76f5fa64,3,0.1,right_ankle,0.5,0.5,0.0,540.0,960.0,0.5
4f3dc90e-0e11-4fbb-a481-7f0e76f5fa64,3,0.1,left_heel,0.5,0.5,0.0,540.0,960.0,0.5
4f3dc90e-0e11-4fbb-a481-7f0e76f5fa64,3,0.1,right_heel,0.5,0.5,0.0,540.0,960.0,0.5
4f3dc90e-0e11-4fbb-a481-7f0e76f5fa64,3,0.1,left_foot_index,0.5,0.5,0.0,540.0,960.0,0.5
4f3dc90e-0e11-4fbb-a481-7f0e76f5fa64,3,0.1,right_foot_index,0.5,0.5,0.0,540.0,960.0,0.5
4f3dc90e-0e11-4fbb-a481-7f0e76f5fa64,4,0.13333333333333333,nose,0.5,0.5,0.0,540.0,960.0,0.5
4f3dc90e-0e11-4fbb-a481-7f0e76f5fa64,4,0.13333333333333333,left_shoulder,0.5,0.5,0.0,540.0,960.0,0.5
4f3dc90e-0e11-4fbb-a481-7f0e76f5fa64,4,0.13333333333333333,right_shoulder,0.5,0.5,0.0,540.0,960.0,0.5
4f3dc90e-0e11-4fbb-a481-7f0e76f5fa64,4,0.13333333333333333,left_elbow,0.5,0.5,0.0,540.0,960.0,0.5
4f3dc90e-0e11-4fbb-a481-7f0e76f5fa64,4,0.13333333333333333,right_elbow,0.5,0.5,0.0,540.0,960.0,0.5
4f3dc90e-0e11-4fbb-a481-7f0e76f5fa64,4,0.13333333333333333,left_wrist,0.5,0.5,0.0,540.0,960.0,0.5
4f3dc90e-0e11-4fbb-a481-7f0e76f5fa64,4,0.13333333333333333,right_wrist,0.5,0.5,0.0,540.0,960.0,0.5
4f3dc90e-0e11-4fbb-a481-7f0e76f5fa64,4,0.13333333333333333,left_hip,0.5,0.5,0.0,540.0,960.0,0.5
4f3dc90e-0e11-4fbb-a481-7f0e76f5fa64,4,0.13333333333333333,right_hip,0.5,0.5,0.0,540.0,960.0,0.5
4f3dc90e-0e11-4fbb-a481-7f0e76f5fa64,4,0.13333333333333333,left_knee,0.5,0.5,0.0,540.0,960.0,0.5
4f3dc90e-0e11-4fbb-a481-7f0e76f5fa64,4,0.13333333333333333,right_knee,0.5,0.5,0.0,540.0,960.0,0.5
4f3dc90e-0e11-4fbb-a481-7f0e76f5fa64,4,0.13333333333333333,left_ankle,0.5,0.5,0.0,540.0,960.0,0.5
4f3dc90e-0e11-4fbb-a481-7f0e76f5fa64,4,0.13333333333333333,right_ankle,0.5,0.5,0.0,540.0,960.0,0.5
4f3dc90e-0e11-4fbb-a481-7f0e76f5fa64,4,0.13333333333333333,left_heel,0.5,0.5,0.0,540.0,960.0,0.5
4f3dc90e-0e11-4fbb-a481-7f0e76f5fa64,4,0.13333333333333333,right_heel,0.5,0.5,0.0,540.0,960.0,0.5
4f3dc90e-0e11-4fbb-a481-7f0e76f5fa64,4,0.13333333333333333,left_foot_index,0.5,0.5,0.0,540.0,960.0,0.5
4f3dc90e-0e11-4fbb-a481-7f0e76f5fa64,4,0.13333333333333333,right_foot_index,0.5,0.5,0.0,540.0,960.0,0.5
4f3dc90e-0e11-4fbb-a481-7f0e76f5fa64,5,0.16666666666666666,nose,0.5,0.5,0.0,540.0,960.0,0.5
4f3dc90e-0e11-4fbb-a481-7f0e76f5fa64,5,0.16666666666666666,left_shoulder,0.5,0.5,0.0,540.0,960.0,0.5
4f3dc90e-0e11-4fbb-a481-7f0e76f5fa64,5,0.16666666666666666,right_shoulder,0.5,0.5,0.0,540.0,960.0,0.5
4f3dc90e-0e11-4fbb-a481-7f0e76f5fa64,5,0.16666666666666666,left_elbow,0.5,0.5,0.0,540.0,960.0,0.5
4f3dc90e-0e11-4fbb-a481-7f0e76f5fa64,5,0.16666666666666666,right_elbow,0.5,0.5,0.0,540.0,960.0,0.5
4f3dc90e-0e11-4fbb-a481-7f0e76f5fa64,5,0.16666666666666666,left_wrist,0.5,0.5,0.0,540.0,960.0,0.5
4f3dc90e-0e11-4fbb-a481-7f0e76f5fa64,5,0.16666666666666666,right_wrist,0.5,0.5,0.0,540.0,960.0,0.5
4f3dc90e-0e11-4fbb-a481-7f0e76f5fa64,5,0.16666666666666666,left_hip,0.5,0.5,0.0,540.0,960.0,0.5
4f3dc90e-0e11-4fbb-a481-7f0e76f5fa64,5,0.16666666666666666,right_hip,0.5,0.5,0.0,540.0,960.0,0.5
4f3dc90e-0e11-4fbb-a481-7f0e76f5fa64,5,0.16666666666666666,left_knee,0.5,0.5,0.0,540.0,960.0,0.5
4f3dc90e-0e11-4fbb-a481-7f0e76f5fa64,5,0.16666666666666666,right_knee,0.5,0.5,0.0,540.0,960.0,0.5
4f3dc90e-0e11-4fbb-a481-7f0e76f5fa64,5,0.16666666666666666,left_ankle,0.5,0.5,0.0,540.0,960.0,0.5
4f3dc90e-0e11-4fbb-a481-7f0e76f5fa64,5,0.16666666666666666,right_ankle,0.5,0.5,0.0,540.0,960.0,0.5
4f3dc90e-0e11-4fbb-a481-7f0e76f5fa64,5,0.16666666666666666,left_heel,0.5,0.5,0.0,540.0,960.0,0.5
4f3dc90e-0e11-4fbb-a481-7f0e76f5fa64,5,0.16666666666666666,right_heel,0.5,0.5,0.0,540.0,960.0,0.5
4f3dc90e-0e11-4fbb-a481-7f0e76f5fa64,5,0.16666666666666666,left_foot_index,0.5,0.5,0.0,540.0,960.0,0.5
4f3dc90e-0e11-4fbb-a481-7f0e76f5fa64,5,0.16666666666666666,right_foot_index,0.5,0.5,0.0,540.0,960.0,0.5
4f3dc90e-0e11-4fbb-a481-7f0e76f5fa64,6,0.2,nose,0.5,0.5,0.0,540.0,960.0,0.5
4f3dc90e-0e11-4fbb-a481-7f0e76f5fa64,6,0.2,left_shoulder,0.5,0.5,0.0,540.0,960.0,0.5
4f3dc90e-0e11-4fbb-a481-7f0e76f5fa64,6,0.2,right_shoulder,0.5,0.5,0.0,540.0,960.0,0.5
4f3dc90e-0e11-4fbb-a481-7f0e76f5fa64,6,0.2,left_elbow,0.5,0.5,0.0,540.0,960.0,0.5
4f3dc90e-0e11-4fbb-a481-7f0e76f5fa64,6,0.2,right_elbow,0.5,0.5,0.0,540.0,960.0,0.5
4f3dc90e-0e11-4fbb-a481-7f0e76f5fa64,6,0.2,left_wrist,0.5,0.5,0.0,540.0,960.0,0.5
4f3dc90e-0e11-4fbb-a481-7f0e76f5fa64,6,0.2,right_wrist,0.5,0.5,0.0,540.0,960.0,0.5
4f3dc90e-0e11-4fbb-a481-7f0e76f5fa64,6,0.2,left_hip,0.5,0.5,0.0,540.0,960.0,0.5
4f3dc90e-0e11-4fbb-a481-7f0e76f5fa64,6,0.2,right_hip,0.5,0.5,0.0,540.0,960.0,0.5
4f3dc90e-0e11-4fbb-a481-7f0e76f5fa64,6,0.2,left_knee,0.5,0.5,0.0,540.0,960.0,0.5
4f3dc90e-0e11-4fbb-a481-7f0e76f5fa64,6,0.2,right_knee,0.5,0.5,0.0,540.0,960.0,0.5
4f3dc90e-0e11-4fbb-a481-7f0e76f5fa64,6,0.2,left_ankle,0.5,0.5,0.0,540.0,960.0,0.5
4f3dc90e-0e11-4fbb-a481-7f0e76f5fa64,6,0.2,right_ankle,0.5,0.5,0.0,540.0,960.0,0.5
4f3dc90e-0e11-4fbb-a481-7f0e76f5fa64,6,0.2,left_heel,0.5,0.5,0.0,540.0,960.0,0.5
4f3dc90e-0e11-4fbb-a481-7f0e76f5fa64,6,0.2,right_heel,0.5,0.5,0.0,540.0,960.0,0.5
4f3dc90e-0e11-4fbb-a481-7f0e76f5fa64,6,0.2,left_foot_index,0.5,0.5,0.0,540.0,960.0,0.5
4f3dc90e-0e11-4fbb-a481-7f0e76f5fa64,6,0.2,right_foot_index,0.5,0.5,0.0,540.0,960.0,0.5
4f3dc90e-0e11-4fbb-a481-7f0e76f5fa64,7,0.23333333333333334,nose,0.5,0.5,0.0,540.0,960.0,0.5
4f3dc90e-0e11-4fbb-a481-7f0e76f5fa64,7,0.23333333333333334,left_shoulder,0.5,0.5,0.0,540.0,960.0,0.5
4f3dc90e-0e11-4fbb-a481-7f0e76f5fa64,7,0.23333333333333334,right_shoulder,0.5,0.5,0.0,540.0,960.0,0.5
4f3dc90e-0e11-4fbb-a481-7f0e76f5fa64,7,0.23333333333333334,left_elbow,0.5,0.5,0.0,540.0,960.0,0.5
4f3dc90e-0e11-4fbb-a481-7f0e76f5fa64,7,0.23333333333333334,right_elbow,0.5,0.5,0.0,540.0,960.0,0.5
4f3dc90e-0e11-4fbb-a481-7f0e76f5fa64,7,0.23333333333333334,left_wrist,0.5,0.5,0.0,540.0,960.0,0.5
4f3dc90e-0e11-4fbb-a481-7f0e76f5fa64,7,0.23333333333333334,right_wrist,0.5,0.5,0.0,540.0,960.0,0.5
4f3dc90e-0e11-4fbb-a481-7f0e76f5fa64,7,0.23333333333333334,left_hip,0.5,0.5,0.0,540.0,960.0,0.5
4f3dc90e-0e11-4fbb-a481-7f0e76f5fa64,7,0.23333333333333334,right_hip,0.5,0.5,0.0,540.0,960.0,0.5
4f3dc90e-0e11-4fbb-a481-7f0e76f5fa64,7,0.23333333333333334,left_knee,0.5,0.5,0.0,540.0,960.0,0.5
4f3dc90e-0e11-4fbb-a481-7f0e76f5fa64,7,0.23333333333333334,right_knee,0.5,0.5,0.0,540.0,960.0,0.5
4f3dc90e-0e11-4fbb-a481-7f0e76f5fa64,7,0.23333333333333334,left_ankle,0.5,0.5,0.0,540.0,960.0,0.5
4f3dc90e-0e11-4fbb-a481-7f0e76f5fa64,7,0.23333333333333334,right_ankle,0.5,0.5,0.0,540.0,960.0,0.5
4f3dc90e-0e11-4fbb-a481-7f0e76f5fa64,7,0.23333333333333334,left_heel,0.5,0.5,0.0,540.0,960.0,0.5
4f3dc90e-0e11-4fbb-a481-7f0e76f5fa64,7,0.23333333333333334,right_heel,0.5,0.5,0.0,540.0,960.0,0.5
4f3dc90e-0e11-4fbb-a481-7f0e76f5fa64,7,0.23333333333333334,left_foot_index,0.5,0.5,0.0,540.0,960.0,0.5
4f3dc90e-0e11-4fbb-a481-7f0e76f5fa64,7,0.23333333333333334,right_foot_index,0.5,0.5,0.0,540.0,960.0,0.5
4f3dc90e-0e11-4fbb-a481-7f0e76f5fa64,8,0.26666666666666666,nose,0.5,0.5,0.0,540.0,960.0,0.5
4f3dc90e-0e11-4fbb-a481-7f0e76f5fa64,8,0.26666666666666666,left_shoulder,0.5,0.5,0.0,540.0,960.0,0.5
4f3dc90e-0e11-4fbb-a481-7f0e76f5fa64,8,0.26666666666666666,right_shoulder,0.5,0.5,0.0,540.0,960.0,0.5
4f3dc90e-0e11-4fbb-a481-7f0e76f5fa64,8,0.26666666666666666,left_elbow,0.5,0.5,0.0,540.0,960.0,0.5
4f3dc90e-0e11-4fbb-a481-7f0e76f5fa64,8,0.26666666666666666,right_elbow,0.5,0.5,0.0,540.0,960.0,0.5
4f3dc90e-0e11-4fbb-a481-7f0e76f5fa64,8,0.26666666666666666,left_wrist,0.5,0.5,0.0,540.0,960.0,0.5
4f3dc90e-0e11-4fbb-a481-7f0e76f5fa64,8,0.26666666666666666,right_wrist,0.5,0.5,0.0,540.0,960.0,0.5
4f3dc90e-0e11-4fbb-a481-7f0e76f5fa64,8,0.26666666666666666,left_hip,0.5,0.5,0.0,540.0,960.0,0.5
4f3dc90e-0e11-4fbb-a481-7f0e76f5fa64,8,0.26666666666666666,right_hip,0.5,0.5,0.0,540.0,960.0,0.5
4f3dc90e-0e11-4fbb-a481-7f0e76f5fa64,8,0.26666666666666666,left_knee,0.5,0.5,0.0,540.0,960.0,0.5
4f3dc90e-0e11-4fbb-a481-7f0e76f5fa64,8,0.26666666666666666,right_knee,0.5,0.5,0.0,540.0,960.0,0.5
4f3dc90e-0e11-4fbb-a481-7f0e76f5fa64,8,0.26666666666666666,left_ankle,0.5,0.5,0.0,540.0,960.0,0.5
4f3dc90e-0e11-4fbb-a481-7f0e76f5fa64,8,0.26666666666666666,right_ankle,0.5,0.5,0.0,540.0,960.0,0.5
4f3dc90e-0e11-4fbb-a481-7f0e76f5fa64,8,0.26666666666666666,left_heel,0.5,0.5,0.0,540.0,960.0,0.5
4f3dc90e-0e11-4fbb-a481-7f0e76f5fa64,8,0.26666666666666666,right_heel,0.5,0.5,0.0,540.0,960.0,0.5
4f3dc90e-0e11-4fbb-a481-7f0e76f5fa64,8,0.26666666666666666,left_foot_index,0.5,0.5,0.0,540.0,960.0,0.5
4f3dc90e-0e11-4fbb-a481-7f0e76f5fa64,8,0.26666666666666666,right_foot_index,0.5,0.5,0.0,540.0,960.0,0.5
4f3dc90e-0e11-4fbb-a481-7f0e76f5fa64,9,0.3,nose,0.5,0.5,0.0,540.0,960.0,0.5
4f3dc90e-0e11-4fbb-a481-7f0e76f5fa64,9,0.3,left_shoulder,0.5,0.5,0.0,540.0,960.0,0.5
4f3dc90e-0e11-4fbb-a481-7f0e76f5fa64,9,0.3,right_shoulder,0.5,0.5,0.0,540.0,960.0,0.5
4f3dc90e-0e11-4fbb-a481-7f0e76f5fa64,9,0.3,left_elbow,0.5,0.5,0.0,540.0,960.0,0.5
4f3dc90e-0e11-4fbb-a481-7f0e76f5fa64,9,0.3,right_elbow,0.5,0.5,0.0,540.0,960.0,0.5
4f3dc90e-0e11-4fbb-a481-7f0e76f5fa64,9,0.3,left_wrist,0.5,0.5,0.0,540.0,960.0,0.5
4f3dc90e-0e11-4fbb-a481-7f0e76f5fa64,9,0.3,right_wrist,0.5,0.5,0.0,540.0,960.0,0.5
4f3dc90e-0e11-4fbb-a481-7f0e76f5fa64,9,0.3,left_hip,0.5,0.5,0.0,540.0,960.0,0.5
4f3dc90e-0e11-4fbb-a481-7f0e76f5fa64,9,0.3,right_hip,0.5,0.5,0.0,540.0,960.0,0.5
4f3dc90e-0e11-4fbb-a481-7f0e76f5fa64,9,0.3,left_knee,0.5,0.5,0.0,540.0,960.0,0.5
4f3dc90e-0e11-4fbb-a481-7f0e76f5fa64,9,0.3,right_knee,0.5,0.5,0.0,540.0,960.0,0.5
4f3dc90e-0e11-4fbb-a481-7f0e76f5fa64,9,0.3,left_ankle,0.5,0.5,0.0,540.0,960.0,0.5
4f3dc90e-0e11-4fbb-a481-7f0e76f5fa64,9,0.3,right_ankle,0.5,0.5,0.0,540.0,960.0,0.5
4f3dc90e-0e11-4fbb-a481-7f0e76f5fa64,9,0.3,left_heel,0.5,0.5,0.0,540.0,960.0,0.5
4f3dc90e-0e11-4fbb-a481-7f0e76f5fa64,9,0.3,right_heel,0.5,0.5,0.0,540.0,960.0,0.5
4f3dc90e-0e11-4fbb-a481-7f0e76f5fa64,9,0.3,left_foot_index,0.5,0.5,0.0,540.0,960.0,0.5
4f3dc90e-0e11-4fbb-a481-7f0e76f5fa64,9,0.3,right_foot_index,0.5,0.5,0.0,540.0,960.0,0.5
4f3dc90e-0e11-4fbb-a481-7f0e76f5fa64,10,0.3333333333333333,nose,0.5,0.5,0.0,540.0,960.0,0.5
4f3dc90e-0e11-4fbb-a481-7f0e76f5fa64,10,0.3333333333333333,left_shoulder,0.5,0.5,0.0,540.0,960.0,0.5
4f3dc90e-0e11-4fbb-a481-7f0e76f5fa64,10,0.3333333333333333,right_shoulder,0.5,0.5,0.0,540.0,960.0,0.5
4f3dc90e-0e11-4fbb-a481-7f0e76f5fa64,10,0.3333333333333333,left_elbow,0.5,0.5,0.0,540.0,960.0,0.5
4f3dc90e-0e11-4fbb-a481-7f0e76f5fa64,10,0.3333333333333333,right_elbow,0.5,0.5,0.0,540.0,960.0,0.5
4f3dc90e-0e11-4fbb-a481-7f0e76f5fa64,10,0.3333333333333333,left_wrist,0.5,0.5,0.0,540.0,960.0,0.5
4f3dc90e-0e11-4fbb-a481-7f0e76f5fa64,10,0.3333333333333333,right_wrist,0.5,0.5,0.0,540.0,960.0,0.5
4f3dc90e-0e11-4fbb-a481-7f0e76f5fa64,10,0.3333333333333333,left_hip,0.5,0.5,0.0,540.0,960.0,0.5
4f3dc90e-0e11-4fbb-a481-7f0e76f5fa64,10,0.3333333333333333,right_hip,0.5,0.5,0.0,540.0,960.0,0.5
4f3dc90e-0e11-4fbb-a481-7f0e76f5fa64,10,0.3333333333333333,left_knee,0.5,0.5,0.0,540.0,960.0,0.5
4f3dc90e-0e11-4fbb-a481-7f0e76f5fa64,10,0.3333333333333333,right_knee,0.5,0.5,0.0,540.0,960.0,0.5
4f3dc90e-0e11-4fbb-a481-7f0e76f5fa64,10,0.3333333333333333,left_ankle,0.5,0.5,0.0,540.0,960.0,0.5
4f3dc90e-0e11-4fbb-a481-7f0e76f5fa64,10,0.3333333333333333,right_ankle,0.5,0.5,0.0,540.0,960.0,0.5
4f3dc90e-0e11-4fbb-a481-7f0e76f5fa64,10,0.3333333333333333,left_heel,0.5,0.5,0.0,540.0,960.0,0.5
4f3dc90e-0e11-4fbb-a481-7f0e76f5fa64,10,0.3333333333333333,right_heel,0.5,0.5,0.0,540.0,960.0,0.5
4f3dc90e-0e11-4fbb-a481-7f0e76f5fa64,10,0.3333333333333333,left_foot_index,0.5,0.5,0.0,540.0,960.0,0.5
4f3dc90e-0e11-4fbb-a481-7f0e76f5fa64,10,0.3333333333333333,right_foot_index,0.5,0.5,0.0,540.0,960.0,0.5
4f3dc90e-0e11-4fbb-a481-7f0e76f5fa64,11,0.36666666666666664,nose,0.5,0.5,0.0,540.0,960.0,0.5
4f3dc90e-0e11-4fbb-a481-7f0e76f5fa64,11,0.36666666666666664,left_shoulder,0.5,0.5,0.0,540.0,960.0,0.5
4f3dc90e-0e11-4fbb-a481-7f0e76f5fa64,11,0.36666666666666664,right_shoulder,0.5,0.5,0.0,540.0,960.0,0.5
4f3dc90e-0e11-4fbb-a481-7f0e76f5fa64,11,0.36666666666666664,left_elbow,0.5,0.5,0.0,540.0,960.0,0.5
4f3dc90e-0e11-4fbb-a481-7f0e76f5fa64,11,0.36666666666666664,right_elbow,0.5,0.5,0.0,540.0,960.0,0.5
4f3dc90e-0e11-4fbb-a481-7f0e76f5fa64,11,0.36666666666666664,left_wrist,0.5,0.5,0.0,540.0,960.0,0.5
4f3dc90e-0e11-4fbb-a481-7f0e76f5fa64,11,0.36666666666666664,right_wrist,0.5,0.5,0.0,540.0,960.0,0.5
4f3dc90e-0e11-4fbb-a481-7f0e76f5fa64,11,0.36666666666666664,left_hip,0.5,0.5,0.0,540.0,960.0,0.5
4f3dc90e-0e11-4fbb-a481-7f0e76f5fa64,11,0.36666666666666664,right_hip,0.5,0.5,0.0,540.0,960.0,0.5
4f3dc90e-0e11-4fbb-a481-7f0e76f5fa64,11,0.36666666666666664,left_knee,0.5,0.5,0.0,540.0,960.0,0.5
4f3dc90e-0e11-4fbb-a481-7f0e76f5fa64,11,0.36666666666666664,right_knee,0.5,0.5,0.0,540.0,960.0,0.5
4f3dc90e-0e11-4fbb-a481-7f0e76f5fa64,11,0.36666666666666664,left_ankle,0.5,0.5,0.0,540.0,960.0,0.5
4f3dc90e-0e11-4fbb-a481-7f0e76f5fa64,11,0.36666666666666664,right_ankle,0.5,0.5,0.0,540.0,960.0,0.5
4f3dc90e-0e11-4fbb-a481-7f0e76f5fa64,11,0.36666666666666664,left_heel,0.5,0.5,0.0,540.0,960.0,0.5
4f3dc90e-0e11-4fbb-a481-7f0e76f5fa64,11,0.36666666666666664,right_heel,0.5,0.5,0.0,540.0,960.0,0.5
4f3dc90e-0e11-4fbb-a481-7f0e76f5fa64,11,0.36666666666666664,left_foot_index,0.5,0.5,0.0,540.0,960.0,0.5
4f3dc90e-0e11-4fbb-a481-7f0e76f5fa64,11,0.36666666666666664,right_foot_index,0.5,0.5,0.0,540.0,960.0,0.5
4f3dc90e-0e11-4fbb-a481-7f0e76f5fa64,12,0.4,nose,0.5,0.5,0.0,540.0,960.0,0.5
4f3dc90e-0e11-4fbb-a481-7f0e76f5fa64,12,0.4,left_shoulder,0.5,0.5,0.0,540.0,960.0,0.5
4f3dc90e-0e11-4fbb-a481-7f0e76f5fa64,12,0.4,right_shoulder,0.5,0.5,0.0,540.0,960.0,0.5
4f3dc90e-0e11-4fbb-a481-7f0e76f5fa64,12,0.4,left_elbow,0.5,0.5,0.0,540.0,960.0,0.5
4f3dc90e-0e11-4fbb-a481-7f0e76f5fa64,12,0.4,right_elbow,0.5,0.5,0.0,540.0,960.0,0.5
4f3dc90e-0e11-4fbb-a481-7f0e76f5fa64,12,0.4,left_wrist,0.5,0.5,0.0,540.0,960.0,0.5
4f3dc90e-0e11-4fbb-a481-7f0e76f5fa64,12,0.4,right_wrist,0.5,0.5,0.0,540.0,960.0,0.5
4f3dc90e-0e11-4fbb-a481-7f0e76f5fa64,12,0.4,left_hip,0.5,0.5,0.0,540.0,960.0,0.5
4f3dc90e-0e11-4fbb-a481-7f0e76f5fa64,12,0.4,right_hip,0.5,0.5,0.0,540.0,960.0,0.5
4f3dc90e-0e11-4fbb-a481-7f0e76f5fa64,12,0.4,left_knee,0.5,0.5,0.0,540.0,960.0,0.5
4f3dc90e-0e11-4fbb-a481-7f0e76f5fa64,12,0.4,right_knee,0.5,0.5,0.0,540.0,960.0,0.5
4f3dc90e-0e11-4fbb-a481-7f0e76f5fa64,12,0.4,left_ankle,0.5,0.5,0.0,540.0,960.0,0.5
4f3dc90e-0e11-4fbb-a481-7f0e76f5fa64,12,0.4,right_ankle,0.5,0.5,0.0,540.0,960.0,0.5
4f3dc90e-0e11-4fbb-a481-7f0e76f5fa64,12,0.4,left_heel,0.5,0.5,0.0,540.0,960.0,0.5
4f3dc90e-0e11-4fbb-a481-7f0e76f5fa64,12,0.4,right_heel,0.5,0.5,0.0,540.0,960.0,0.5
4f3dc90e-0e11-4fbb-a481-7f0e76f5fa64,12,0.4,left_foot_index,0.5,0.5,0.0,540.0,960.0,0.5
4f3dc90e-0e11-4fbb-a481-7f0e76f5fa64,12,0.4,right_foot_index,0.5,0.5,0.0,540.0,960.0,0.5
4f3dc90e-0e11-4fbb-a481-7f0e76f5fa64,13,0.43333333333333335,nose,0.5,0.5,0.0,540.0,960.0,0.5
4f3dc90e-0e11-4fbb-a481-7f0e76f5fa64,13,0.43333333333333335,left_shoulder,0.5,0.5,0.0,540.0,960.0,0.5
4f3dc90e-0e11-4fbb-a481-7f0e76f5fa64,13,0.43333333333333335,right_shoulder,0.5,0.5,0.0,540.0,960.0,0.5
4f3dc90e-0e11-4fbb-a481-7f0e76f5fa64,13,0.43333333333333335,left_elbow,0.5,0.5,0.0,540.0,960.0,0.5
4f3dc90e-0e11-4fbb-a481-7f0e76f5fa64,13,0.43333333333333335,right_elbow,0.5,0.5,0.0,540.0,960.0,0.5
4f3dc90e-0e11-4fbb-a481-7f0e76f5fa64,13,0.43333333333333335,left_wrist,0.5,0.5,0.0,540.0,960.0,0.5
4f3dc90e-0e11-4fbb-a481-7f0e76f5fa64,13,0.43333333333333335,right_wrist,0.5,0.5,0.0,540.0,960.0,0.5
4f3dc90e-0e11-4fbb-a481-7f0e76f5fa64,13,0.43333333333333335,left_hip,0.5,0.5,0.0,540.0,960.0,0.5
4f3dc90e-0e11-4fbb-a481-7f0e76f5fa64,13,0.43333333333333335,right_hip,0.5,0.5,0.0,540.0,960.0,0.5
4f3dc90e-0e11-4fbb-a481-7f0e76f5fa64,13,0.43333333333333335,left_knee,0.5,0.5,0.0,540.0,960.0,0.5
4f3dc90e-0e11-4fbb-a481-7f0e76f5fa64,13,0.43333333333333335,right_knee,0.5,0.5,0.0,540.0,960.0,0.5
4f3dc90e-0e11-4fbb-a481-7f0e76f5fa64,13,0.43333333333333335,left_ankle,0.5,0.5,0.0,540.0,960.0,0.5
4f3dc90e-0e11-4fbb-a481-7f0e76f5fa64,13,0.43333333333333335,right_ankle,0.5,0.5,0.0,540.0,960.0,0.5
4f3dc90e-0e11-4fbb-a481-7f0e76f5fa64,13,0.43333333333333335,left_heel,0.5,0.5,0.0,540.0,960.0,0.5
4f3dc90e-0e11-4fbb-a481-7f0e76f5fa64,13,0.43333333333333335,right_heel,0.5,0.5,0.0,540.0,960.0,0.5
4f3dc90e-0e11-4fbb-a481-7f0e76f5fa64,13,0.43333333333333335,left_foot_index,0.5,0.5,0.0,540.0,960.0,0.5
4f3dc90e-0e11-4fbb-a481-7f0e76f5fa64,13,0.43333333333333335,right_foot_index,0.5,0.5,0.0,540.0,960.0,0.5
4f3dc90e-0e11-4fbb-a481-7f0e76f5fa64,14,0.4666666666666667,nose,0.5,0.5,0.0,540.0,960.0,0.5
4f3dc90e-0e11-4fbb-a481-7f0e76f5fa64,14,0.4666666666666667,left_shoulder,0.5,0.5,0.0,540.0,960.0,0.5
4f3dc90e-0e11-4fbb-a481-7f0e76f5fa64,14,0.4666666666666667,right_shoulder,0.5,0.5,0.0,540.0,960.0,0.5
4f3dc90e-0e11-4fbb-a481-7f0e76f5fa64,14,0.4666666666666667,left_elbow,0.5,0.5,0.0,540.0,960.0,0.5
4f3dc90e-0e11-4fbb-a481-7f0e76f5fa64,14,0.4666666666666667,right_elbow,0.5,0.5,0.0,540.0,960.0,0.5
4f3dc90e-0e11-4fbb-a481-7f0e76f5fa64,14,0.4666666666666667,left_wrist,0.5,0.5,0.0,540.0,960.0,0.5
4f3dc90e-0e11-4fbb-a481-7f0e76f5fa64,14,0.4666666666666667,right_wrist,0.5,0.5,0.0,540.0,960.0,0.5
4f3dc90e-0e11-4fbb-a481-7f0e76f5fa64,14,0.4666666666666667,left_hip,0.5,0.5,0.0,540.0,960.0,0.5
4f3dc90e-0e11-4fbb-a481-7f0e76f5fa64,14,0.4666666666666667,right_hip,0.5,0.5,0.0,540.0,960.0,0.5
4f3dc90e-0e11-4fbb-a481-7f0e76f5fa64,14,0.4666666666666667,left_knee,0.5,0.5,0.0,540.0,960.0,0.5
4f3dc90e-0e11-4fbb-a481-7f0e76f5fa64,14,0.4666666666666667,right_knee,0.5,0.5,0.0,540.0,960.0,0.5
4f3dc90e-0e11-4fbb-a481-7f0e76f5fa64,14,0.4666666666666667,left_ankle,0.5,0.5,0.0,540.0,960.0,0.5
4f3dc90e-0e11-4fbb-a481-7f0e76f5fa64,14,0.4666666666666667,right_ankle,0.5,0.5,0.0,540.0,960.0,0.5
4f3dc90e-0e11-4fbb-a481-7f0e76f5fa64,14,0.4666666666666667,left_heel,0.5,0.5,0.0,540.0,960.0,0.5
4f3dc90e-0e11-4fbb-a481-7f0e76f5fa64,14,0.4666666666666667,right_heel,0.5,0.5,0.0,540.0,960.0,0.5
4f3dc90e-0e11-4fbb-a481-7f0e76f5fa64,14,0.4666666666666667,left_foot_index,0.5,0.5,0.0,540.0,960.0,0.5
4f3dc90e-0e11-4fbb-a481-7f0e76f5fa64,14,0.4666666666666667,right_foot_index,0.5,0.5,0.0,540.0,960.0,0.5
4f3dc90e-0e11-4fbb-a481-7f0e76f5fa64,15,0.5,nose,0.5,0.5,0.0,540.0,960.0,0.5
4f3dc90e-0e11-4fbb-a481-7f0e76f5fa64,15,0.5,left_shoulder,0.5,0.5,0.0,540.0,960.0,0.5
4f3dc90e-0e11-4fbb-a481-7f0e76f5fa64,15,0.5,right_shoulder,0.5,0.5,0.0,540.0,960.0,0.5
4f3dc90e-0e11-4fbb-a481-7f0e76f5fa64,15,0.5,left_elbow,0.5,0.5,0.0,540.0,960.0,0.5
4f3dc90e-0e11-4fbb-a481-7f0e76f5fa64,15,0.5,right_elbow,0.5,0.5,0.0,540.0,960.0,0.5
4f3dc90e-0e11-4fbb-a481-7f0e76f5fa64,15,0.5,left_wrist,0.5,0.5,0.0,540.0,960.0,0.5
4f3dc90e-0e11-4fbb-a481-7f0e76f5fa64,15,0.5,right_wrist,0.5,0.5,0.0,540.0,960.0,0.5
4f3dc90e-0e11-4fbb-a481-7f0e76f5fa64,15,0.5,left_hip,0.5,0.5,0.0,540.0,960.0,0.5
4f3dc90e-0e11-4fbb-a481-7f0e76f5fa64,15,0.5,right_hip,0.5,0.5,0.0,540.0,960.0,0.5
4f3dc90e-0e11-4fbb-a481-7f0e76f5fa64,15,0.5,left_knee,0.5,0.5,0.0,540.0,960.0,0.5
4f3dc90e-0e11-4fbb-a481-7f0e76f5fa64,15,0.5,right_knee,0.5,0.5,0.0,540.0,960.0,0.5
4f3dc90e-0e11-4fbb-a481-7f0e76f5fa64,15,0.5,left_ankle,0.5,0.5,0.0,540.0,960.0,0.5
4f3dc90e-0e11-4fbb-a481-7f0e76f5fa64,15,0.5,right_ankle,0.5,0.5,0.0,540.0,960.0,0.5
4f3dc90e-0e11-4fbb-a481-7f0e76f5fa64,15,0.5,left_heel,0.5,0.5,0.0,540.0,960.0,0.5
4f3dc90e-0e11-4fbb-a481-7f0e76f5fa64,15,0.5,right_heel,0.5,0.5,0.0,540.0,960.0,0.5
4f3dc90e-0e11-4fbb-a481-7f0e76f5fa64,15,0.5,left_foot_index,0.5,0.5,0.0,540.0,960.0,0.5
4f3dc90e-0e11-4fbb-a481-7f0e76f5fa64,15,0.5,right_foot_index,0.5,0.5,0.0,540.0,960.0,0.5
4f3dc90e-0e11-4fbb-a481-7f0e76f5fa64,16,0.5333333333333333,nose,0.5,0.5,0.0,540.0,960.0,0.5
4f3dc90e-0e11-4fbb-a481-7f0e76f5fa64,16,0.5333333333333333,left_shoulder,0.5,0.5,0.0,540.0,960.0,0.5
4f3dc90e-0e11-4fbb-a481-7f0e76f5fa64,16,0.5333333333333333,right_shoulder,0.5,0.5,0.0,540.0,960.0,0.5
4f3dc90e-0e11-4fbb-a481-7f0e76f5fa64,16,0.5333333333333333,left_elbow,0.5,0.5,0.0,540.0,960.0,0.5
4f3dc90e-0e11-4fbb-a481-7f0e76f5fa64,16,0.5333333333333333,right_elbow,0.5,0.5,0.0,540.0,960.0,0.5
4f3dc90e-0e11-4fbb-a481-7f0e76f5fa64,16,0.5333333333333333,left_wrist,0.5,0.5,0.0,540.0,960.0,0.5
4f3dc90e-0e11-4fbb-a481-7f0e76f5fa64,16,0.5333333333333333,right_wrist,0.5,0.5,0.0,540.0,960.0,0.5
4f3dc90e-0e11-4fbb-a481-7f0e76f5fa64,16,0.5333333333333333,left_hip,0.5,0.5,0.0,540.0,960.0,0.5
4f3dc90e-0e11-4fbb-a481-7f0e76f5fa64,16,0.5333333333333333,right_hip,0.5,0.5,0.0,540.0,960.0,0.5
4f3dc90e-0e11-4fbb-a481-7f0e76f5fa64,16,0.5333333333333333,left_knee,0.5,0.5,0.0,540.0,960.0,0.5
4f3dc90e-0e11-4fbb-a481-7f0e76f5fa64,16,0.5333333333333333,right_knee,0.5,0.5,0.0,540.0,960.0,0.5
4f3dc90e-0e11-4fbb-a481-7f0e76f5fa64,16,0.5333333333333333,left_ankle,0.5,0.5,0.0,540.0,960.0,0.5
4f3dc90e-0e11-4fbb-a481-7f0e76f5fa64,16,0.5333333333333333,right_ankle,0.5,0.5,0.0,540.0,960.0,0.5
4f3dc90e-0e11-4fbb-a481-7f0e76f5fa64,16,0.5333333333333333,left_heel,0.5,0.5,0.0,540.0,960.0,0.5
4f3dc90e-0e11-4fbb-a481-7f0e76f5fa64,16,0.5333333333333333,right_heel,0.5,0.5,0.0,540.0,960.0,0.5
4f3dc90e-0e11-4fbb-a481-7f0e76f5fa64,16,0.5333333333333333,left_foot_index,0.5,0.5,0.0,540.0,960.0,0.5
4f3dc90e-0e11-4fbb-a481-7f0e76f5fa64,16,0.5333333333333333,right_foot_index,0.5,0.5,0.0,540.0,960.0,0.5
4f3dc90e-0e11-4fbb-a481-7f0e76f5fa64,17,0.5666666666666667,nose,0.5,0.5,0.0,540.0,960.0,0.5
4f3dc90e-0e11-4fbb-a481-7f0e76f5fa64,17,0.5666666666666667,left_shoulder,0.5,0.5,0.0,540.0,960.0,0.5
4f3dc90e-0e11-4fbb-a481-7f0e76f5fa64,17,0.5666666666666667,right_shoulder,0.5,0.5,0.0,540.0,960.0,0.5
4f3dc90e-0e11-4fbb-a481-7f0e76f5fa64,17,0.5666666666666667,left_elbow,0.5,0.5,0.0,540.0,960.0,0.5
4f3dc90e-0e11-4fbb-a481-7f0e76f5fa64,17,0.5666666666666667,right_elbow,0.5,0.5,0.0,540.0,960.0,0.5
4f3dc90e-0e11-4fbb-a481-7f0e76f5fa64,17,0.5666666666666667,left_wrist,0.5,0.5,0.0,540.0,960.0,0.5
4f3dc90e-0e11-4fbb-a481-7f0e76f5fa64,17,0.5666666666666667,right_wrist,0.5,0.5,0.0,540.0,960.0,0.5
4f3dc90e-0e11-4fbb-a481-7f0e76f5fa64,17,0.5666666666666667,left_hip,0.5,0.5,0.0,540.0,960.0,0.5
4f3dc90e-0e11-4fbb-a481-7f0e76f5fa64,17,0.5666666666666667,right_hip,0.5,0.5,0.0,540.0,960.0,0.5
4f3dc90e-0e11-4fbb-a481-7f0e76f5fa64,17,0.5666666666666667,left_knee,0.5,0.5,0.0,540.0,960.0,0.5
4f3dc90e-0e11-4fbb-a481-7f0e76f5fa64,17,0.5666666666666667,right_knee,0.5,0.5,0.0,540.0,960.0,0.5
4f3dc90e-0e11-4fbb-a481-7f0e76f5fa64,17,0.5666666666666667,left_ankle,0.5,0.5,0.0,540.0,960.0,0.5
4f3dc90e-0e11-4fbb-a481-7f0e76f5fa64,17,0.5666666666666667,right_ankle,0.5,0.5,0.0,540.0,960.0,0.5
4f3dc90e-0e11-4fbb-a481-7f0e76f5fa64,17,0.5666666666666667,left_heel,0.5,0.5,0.0,540.0,960.0,0.5
4f3dc90e-0e11-4fbb-a481-7f0e76f5fa64,17,0.5666666666666667,right_heel,0.5,0.5,0.0,540.0,960.0,0.5
4f3dc90e-0e11-4fbb-a481-7f0e76f5fa64,17,0.5666666666666667,left_foot_index,0.5,0.5,0.0,540.0,960.0,0.5
4f3dc90e-0e11-4fbb-a481-7f0e76f5fa64,17,0.5666666666666667,right_foot_index,0.5,0.5,0.0,540.0,960.0,0.5
4f3dc90e-0e11-4fbb-a481-7f0e76f5fa64,18,0.6,nose,0.5,0.5,0.0,540.0,960.0,0.5
4f3dc90e-0e11-4fbb-a481-7f0e76f5fa64,18,0.6,left_shoulder,0.5,0.5,0.0,540.0,960.0,0.5
4f3dc90e-0e11-4fbb-a481-7f0e76f5fa64,18,0.6,right_shoulder,0.5,0.5,0.0,540.0,960.0,0.5
4f3dc90e-0e11-4fbb-a481-7f0e76f5fa64,18,0.6,left_elbow,0.5,0.5,0.0,540.0,960.0,0.5
4f3dc90e-0e11-4fbb-a481-7f0e76f5fa64,18,0.6,right_elbow,0.5,0.5,0.0,540.0,960.0,0.5
4f3dc90e-0e11-4fbb-a481-7f0e76f5fa64,18,0.6,left_wrist,0.5,0.5,0.0,540.0,960.0,0.5
4f3dc90e-0e11-4fbb-a481-7f0e76f5fa64,18,0.6,right_wrist,0.5,0.5,0.0,540.0,960.0,0.5
4f3dc90e-0e11-4fbb-a481-7f0e76f5fa64,18,0.6,left_hip,0.5,0.5,0.0,540.0,960.0,0.5
4f3dc90e-0e11-4fbb-a481-7f0e76f5fa64,18,0.6,right_hip,0.5,0.5,0.0,540.0,960.0,0.5
4f3dc90e-0e11-4fbb-a481-7f0e76f5fa64,18,0.6,left_knee,0.5,0.5,0.0,540.0,960.0,0.5
4f3dc90e-0e11-4fbb-a481-7f0e76f5fa64,18,0.6,right_knee,0.5,0.5,0.0,540.0,960.0,0.5
4f3dc90e-0e11-4fbb-a481-7f0e76f5fa64,18,0.6,left_ankle,0.5,0.5,0.0,540.0,960.0,0.5
4f3dc90e-0e11-4fbb-a481-7f0e76f5fa64,18,0.6,right_ankle,0.5,0.5,0.0,540.0,960.0,0.5
4f3dc90e-0e11-4fbb-a481-7f0e76f5fa64,18,0.6,left_heel,0.5,0.5,0.0,540.0,960.0,0.5
4f3dc90e-0e11-4fbb-a481-7f0e76f5fa64,18,0.6,right_heel,0.5,0.5,0.0,540.0,960.0,0.5
4f3dc90e-0e11-4fbb-a481-7f0e76f5fa64,18,0.6,left_foot_index,0.5,0.5,0.0,540.0,960.0,0.5
4f3dc90e-0e11-4fbb-a481-7f0e76f5fa64,18,0.6,right_foot_index,0.5,0.5,0.0,540.0,960.0,0.5
4f3dc90e-0e11-4fbb-a481-7f0e76f5fa64,19,0.6333333333333333,nose,0.5,0.5,0.0,540.0,960.0,0.5
4f3dc90e-0e11-4fbb-a481-7f0e76f5fa64,19,0.6333333333333333,left_shoulder,0.5,0.5,0.0,540.0,960.0,0.5
4f3dc90e-0e11-4fbb-a481-7f0e76f5fa64,19,0.6333333333333333,right_shoulder,0.5,0.5,0.0,540.0,960.0,0.5
4f3dc90e-0e11-4fbb-a481-7f0e76f5fa64,19,0.6333333333333333,left_elbow,0.5,0.5,0.0,540.0,960.0,0.5
4f3dc90e-0e11-4fbb-a481-7f0e76f5fa64,19,0.6333333333333333,right_elbow,0.5,0.5,0.0,540.0,960.0,0.5
4f3dc90e-0e11-4fbb-a481-7f0e76f5fa64,19,0.6333333333333333,left_wrist,0.5,0.5,0.0,540.0,960.0,0.5
4f3dc90e-0e11-4fbb-a481-7f0e76f5fa64,19,0.6333333333333333,right_wrist,0.5,0.5,0.0,540.0,960.0,0.5
4f3dc90e-0e11-4fbb-a481-7f0e76f5fa64,19,0.6333333333333333,left_hip,0.5,0.5,0.0,540.0,960.0,0.5
4f3dc90e-0e11-4fbb-a481-7f0e76f5fa64,19,0.6333333333333333,right_hip,0.5,0.5,0.0,540.0,960.0,0.5
4f3dc90e-0e11-4fbb-a481-7f0e76f5fa64,19,0.6333333333333333,left_knee,0.5,0.5,0.0,540.0,960.0,0.5
4f3dc90e-0e11-4fbb-a481-7f0e76f5fa64,19,0.6333333333333333,right_knee,0.5,0.5,0.0,540.0,960.0,0.5
4f3dc90e-0e11-4fbb-a481-7f0e76f5fa64,19,0.6333333333333333,left_ankle,0.5,0.5,0.0,540.0,960.0,0.5
4f3dc90e-0e11-4fbb-a481-7f0e76f5fa64,19,0.6333333333333333,right_ankle,0.5,0.5,0.0,540.0,960.0,0.5
4f3dc90e-0e11-4fbb-a481-7f0e76f5fa64,19,0.6333333333333333,left_heel,0.5,0.5,0.0,540.0,960.0,0.5
4f3dc90e-0e11-4fbb-a481-7f0e76f5fa64,19,0.6333333333333333,right_heel,0.5,0.5,0.0,540.0,960.0,0.5
4f3dc90e-0e11-4fbb-a481-7f0e76f5fa64,19,0.6333333333333333,left_foot_index,0.5,0.5,0.0,540.0,960.0,0.5
4f3dc90e-0e11-4fbb-a481-7f0e76f5fa64,19,0.6333333333333333,right_foot_index,0.5,0.5,0.0,540.0,960.0,0.5
4f3dc90e-0e11-4fbb-a481-7f0e76f5fa64,20,0.6666666666666666,nose,0.5,0.5,0.0,540.0,960.0,0.5
4f3dc90e-0e11-4fbb-a481-7f0e76f5fa64,20,0.6666666666666666,left_shoulder,0.5,0.5,0.0,540.0,960.0,0.5
4f3dc90e-0e11-4fbb-a481-7f0e76f5fa64,20,0.6666666666666666,right_shoulder,0.5,0.5,0.0,540.0,960.0,0.5
4f3dc90e-0e11-4fbb-a481-7f0e76f5fa64,20,0.6666666666666666,left_elbow,0.5,0.5,0.0,540.0,960.0,0.5
4f3dc90e-0e11-4fbb-a481-7f0e76f5fa64,20,0.6666666666666666,right_elbow,0.5,0.5,0.0,540.0,960.0,0.5
4f3dc90e-0e11-4fbb-a481-7f0e76f5fa64,20,0.6666666666666666,left_wrist,0.5,0.5,0.0,540.0,960.0,0.5
4f3dc90e-0e11-4fbb-a481-7f0e76f5fa64,20,0.6666666666666666,right_wrist,0.5,0.5,0.0,540.0,960.0,0.5
4f3dc90e-0e11-4fbb-a481-7f0e76f5fa64,20,0.6666666666666666,left_hip,0.5,0.5,0.0,540.0,960.0,0.5
4f3dc90e-0e11-4fbb-a481-7f0e76f5fa64,20,0.6666666666666666,right_hip,0.5,0.5,0.0,540.0,960.0,0.5
4f3dc90e-0e11-4fbb-a481-7f0e76f5fa64,20,0.6666666666666666,left_knee,0.5,0.5,0.0,540.0,960.0,0.5
4f3dc90e-0e11-4fbb-a481-7f0e76f5fa64,20,0.6666666666666666,right_knee,0.5,0.5,0.0,540.0,960.0,0.5
4f3dc90e-0e11-4fbb-a481-7f0e76f5fa64,20,0.6666666666666666,left_ankle,0.5,0.5,0.0,540.0,960.0,0.5
4f3dc90e-0e11-4fbb-a481-7f0e76f5fa64,20,0.6666666666666666,right_ankle,0.5,0.5,0.0,540.0,960.0,0.5
4f3dc90e-0e11-4fbb-a481-7f0e76f5fa64,20,0.6666666666666666,left_heel,0.5,0.5,0.0,540.0,960.0,0.5
4f3dc90e-0e11-4fbb-a481-7f0e76f5fa64,20,0.6666666666666666,right_heel,0.5,0.5,0.0,540.0,960.0,0.5
4f3dc90e-0e11-4fbb-a481-7f0e76f5fa64,20,0.6666666666666666,left_foot_index,0.5,0.5,0.0,540.0,960.0,0.5
4f3dc90e-0e11-4fbb-a481-7f0e76f5fa64,20,0.6666666666666666,right_foot_index,0.5,0.5,0.0,540.0,960.0,0.5
4f3dc90e-0e11-4fbb-a481-7f0e76f5fa64,21,0.7,nose,0.5,0.5,0.0,540.0,960.0,0.5
4f3dc90e-0e11-4fbb-a481-7f0e76f5fa64,21,0.7,left_shoulder,0.5,0.5,0.0,540.0,960.0,0.5
4f3dc90e-0e11-4fbb-a481-7f0e76f5fa64,21,0.7,right_shoulder,0.5,0.5,0.0,540.0,960.0,0.5
4f3dc90e-0e11-4fbb-a481-7f0e76f5fa64,21,0.7,left_elbow,0.5,0.5,0.0,540.0,960.0,0.5
4f3dc90e-0e11-4fbb-a481-7f0e76f5fa64,21,0.7,right_elbow,0.5,0.5,0.0,540.0,960.0,0.5
4f3dc90e-0e11-4fbb-a481-7f0e76f5fa64,21,0.7,left_wrist,0.5,0.5,0.0,540.0,960.0,0.5
4f3dc90e-0e11-4fbb-a481-7f0e76f5fa64,21,0.7,right_wrist,0.5,0.5,0.0,540.0,960.0,0.5
4f3dc90e-0e11-4fbb-a481-7f0e76f5fa64,21,0.7,left_hip,0.5,0.5,0.0,540.0,960.0,0.5
4f3dc90e-0e11-4fbb-a481-7f0e76f5fa64,21,0.7,right_hip,0.5,0.5,0.0,540.0,960.0,0.5
4f3dc90e-0e11-4fbb-a481-7f0e76f5fa64,21,0.7,left_knee,0.5,0.5,0.0,540.0,960.0,0.5
4f3dc90e-0e11-4fbb-a481-7f0e76f5fa64,21,0.7,right_knee,0.5,0.5,0.0,540.0,960.0,0.5
4f3dc90e-0e11-4fbb-a481-7f0e76f5fa64,21,0.7,left_ankle,0.5,0.5,0.0,540.0,960.0,0.5
4f3dc90e-0e11-4fbb-a481-7f0e76f5fa64,21,0.7,right_ankle,0.5,0.5,0.0,540.0,960.0,0.5
4f3dc90e-0e11-4fbb-a481-7f0e76f5fa64,21,0.7,left_heel,0.5,0.5,0.0,540.0,960.0,0.5
4f3dc90e-0e11-4fbb-a481-7f0e76f5fa64,21,0.7,right_heel,0.5,0.5,0.0,540.0,960.0,0.5
4f3dc90e-0e11-4fbb-a481-7f0e76f5fa64,21,0.7,left_foot_index,0.5,0.5,0.0,540.0,960.0,0.5
4f3dc90e-0e11-4fbb-a481-7f0e76f5fa64,21,0.7,right_foot_index,0.5,0.5,0.0,540.0,960.0,0.5
4f3dc90e-0e11-4fbb-a481-7f0e76f5fa64,22,0.7333333333333333,nose,0.5,0.5,0.0,540.0,960.0,0.5
4f3dc90e-0e11-4fbb-a481-7f0e76f5fa64,22,0.7333333333333333,left_shoulder,0.5,0.5,0.0,540.0,960.0,0.5
4f3dc90e-0e11-4fbb-a481-7f0e76f5fa64,22,0.7333333333333333,right_shoulder,0.5,0.5,0.0,540.0,960.0,0.5
4f3dc90e-0e11-4fbb-a481-7f0e76f5fa64,22,0.7333333333333333,left_elbow,0.5,0.5,0.0,540.0,960.0,0.5
4f3dc90e-0e11-4fbb-a481-7f0e76f5fa64,22,0.7333333333333333,right_elbow,0.5,0.5,0.0,540.0,960.0,0.5
4f3dc90e-0e11-4fbb-a481-7f0e76f5fa64,22,0.7333333333333333,left_wrist,0.5,0.5,0.0,540.0,960.0,0.5
4f3dc90e-0e11-4fbb-a481-7f0e76f5fa64,22,0.7333333333333333,right_wrist,0.5,0.5,0.0,540.0,960.0,0.5
4f3dc90e-0e11-4fbb-a481-7f0e76f5fa64,22,0.7333333333333333,left_hip,0.5,0.5,0.0,540.0,960.0,0.5
4f3dc90e-0e11-4fbb-a481-7f0e76f5fa64,22,0.7333333333333333,right_hip,0.5,0.5,0.0,540.0,960.0,0.5
4f3dc90e-0e11-4fbb-a481-7f0e76f5fa64,22,0.7333333333333333,left_knee,0.5,0.5,0.0,540.0,960.0,0.5
4f3dc90e-0e11-4fbb-a481-7f0e76f5fa64,22,0.7333333333333333,right_knee,0.5,0.5,0.0,540.0,960.0,0.5
4f3dc90e-0e11-4fbb-a481-7f0e76f5fa64,22,0.7333333333333333,left_ankle,0.5,0.5,0.0,540.0,960.0,0.5
4f3dc90e-0e11-4fbb-a481-7f0e76f5fa64,22,0.7333333333333333,right_ankle,0.5,0.5,0.0,540.0,960.0,0.5
4f3dc90e-0e11-4fbb-a481-7f0e76f5fa64,22,0.7333333333333333,left_heel,0.5,0.5,0.0,540.0,960.0,0.5
4f3dc90e-0e11-4fbb-a481-7f0e76f5fa64,22,0.7333333333333333,right_heel,0.5,0.5,0.0,540.0,960.0,0.5
4f3dc90e-0e11-4fbb-a481-7f0e76f5fa64,22,0.7333333333333333,left_foot_index,0.5,0.5,0.0,540.0,960.0,0.5
4f3dc90e-0e11-4fbb-a481-7f0e76f5fa64,22,0.7333333333333333,right_foot_index,0.5,0.5,0.0,540.0,960.0,0.5
4f3dc90e-0e11-4fbb-a481-7f0e76f5fa64,23,0.7666666666666667,nose,0.5,0.5,0.0,540.0,960.0,0.5
4f3dc90e-0e11-4fbb-a481-7f0e76f5fa64,23,0.7666666666666667,left_shoulder,0.5,0.5,0.0,540.0,960.0,0.5
4f3dc90e-0e11-4fbb-a481-7f0e76f5fa64,23,0.7666666666666667,right_shoulder,0.5,0.5,0.0,540.0,960.0,0.5
4f3dc90e-0e11-4fbb-a481-7f0e76f5fa64,23,0.7666666666666667,left_elbow,0.5,0.5,0.0,540.0,960.0,0.5
4f3dc90e-0e11-4fbb-a481-7f0e76f5fa64,23,0.7666666666666667,right_elbow,0.5,0.5,0.0,540.0,960.0,0.5
4f3dc90e-0e11-4fbb-a481-7f0e76f5fa64,23,0.7666666666666667,left_wrist,0.5,0.5,0.0,540.0,960.0,0.5
4f3dc90e-0e11-4fbb-a481-7f0e76f5fa64,23,0.7666666666666667,right_wrist,0.5,0.5,0.0,540.0,960.0,0.5
4f3dc90e-0e11-4fbb-a481-7f0e76f5fa64,23,0.7666666666666667,left_hip,0.5,0.5,0.0,540.0,960.0,0.5
4f3dc90e-0e11-4fbb-a481-7f0e76f5fa64,23,0.7666666666666667,right_hip,0.5,0.5,0.0,540.0,960.0,0.5
4f3dc90e-0e11-4fbb-a481-7f0e76f5fa64,23,0.7666666666666667,left_knee,0.5,0.5,0.0,540.0,960.0,0.5
4f3dc90e-0e11-4fbb-a481-7f0e76f5fa64,23,0.7666666666666667,right_knee,0.5,0.5,0.0,540.0,960.0,0.5
4f3dc90e-0e11-4fbb-a481-7f0e76f5fa64,23,0.7666666666666667,left_ankle,0.5,0.5,0.0,540.0,960.0,0.5
4f3dc90e-0e11-4fbb-a481-7f0e76f5fa64,23,0.7666666666666667,right_ankle,0.5,0.5,0.0,540.0,960.0,0.5
4f3dc90e-0e11-4fbb-a481-7f0e76f5fa64,23,0.7666666666666667,left_heel,0.5,0.5,0.0,540.0,960.0,0.5
4f3dc90e-0e11-4fbb-a481-7f0e76f5fa64,23,0.7666666666666667,right_heel,0.5,0.5,0.0,540.0,960.0,0.5
4f3dc90e-0e11-4fbb-a481-7f0e76f5fa64,23,0.7666666666666667,left_foot_index,0.5,0.5,0.0,540.0,960.0,0.5
4f3dc90e-0e11-4fbb-a481-7f0e76f5fa64,23,0.7666666666666667,right_foot_index,0.5,0.5,0.0,540.0,960.0,0.5
4f3dc90e-0e11-4fbb-a481-7f0e76f5fa64,24,0.8,nose,0.5,0.5,0.0,540.0,960.0,0.5
4f3dc90e-0e11-4fbb-a481-7f0e76f5fa64,24,0.8,left_shoulder,0.5,0.5,0.0,540.0,960.0,0.5
4f3dc90e-0e11-4fbb-a481-7f0e76f5fa64,24,0.8,right_shoulder,0.5,0.5,0.0,540.0,960.0,0.5
4f3dc90e-0e11-4fbb-a481-7f0e76f5fa64,24,0.8,left_elbow,0.5,0.5,0.0,540.0,960.0,0.5
4f3dc90e-0e11-4fbb-a481-7f0e76f5fa64,24,0.8,right_elbow,0.5,0.5,0.0,540.0,960.0,0.5
4f3dc90e-0e11-4fbb-a481-7f0e76f5fa64,24,0.8,left_wrist,0.5,0.5,0.0,540.0,960.0,0.5
4f3dc90e-0e11-4fbb-a481-7f0e76f5fa64,24,0.8,right_wrist,0.5,0.5,0.0,540.0,960.0,0.5
4f3dc90e-0e11-4fbb-a481-7f0e76f5fa64,24,0.8,left_hip,0.5,0.5,0.0,540.0,960.0,0.5
4f3dc90e-0e11-4fbb-a481-7f0e76f5fa64,24,0.8,right_hip,0.5,0.5,0.0,540.0,960.0,0.5
4f3dc90e-0e11-4fbb-a481-7f0e76f5fa64,24,0.8,left_knee,0.5,0.5,0.0,540.0,960.0,0.5
4f3dc90e-0e11-4fbb-a481-7f0e76f5fa64,24,0.8,right_knee,0.5,0.5,0.0,540.0,960.0,0.5
4f3dc90e-0e11-4fbb-a481-7f0e76f5fa64,24,0.8,left_ankle,0.5,0.5,0.0,540.0,960.0,0.5
4f3dc90e-0e11-4fbb-a481-7f0e76f5fa64,24,0.8,right_ankle,0.5,0.5,0.0,540.0,960.0,0.5
4f3dc90e-0e11-4fbb-a481-7f0e76f5fa64,24,0.8,left_heel,0.5,0.5,0.0,540.0,960.0,0.5
4f3dc90e-0e11-4fbb-a481-7f0e76f5fa64,24,0.8,right_heel,0.5,0.5,0.0,540.0,960.0,0.5
4f3dc90e-0e11-4fbb-a481-7f0e76f5fa64,24,0.8,left_foot_index,0.5,0.5,0.0,540.0,960.0,0.5
4f3dc90e-0e11-4fbb-a481-7f0e76f5fa64,24,0.8,right_foot_index,0.5,0.5,0.0,540.0,960.0,0.5
4f3dc90e-0e11-4fbb-a481-7f0e76f5fa64,25,0.8333333333333334,nose,0.5,0.5,0.0,540.0,960.0,0.5
4f3dc90e-0e11-4fbb-a481-7f0e76f5fa64,25,0.8333333333333334,left_shoulder,0.5,0.5,0.0,540.0,960.0,0.5
4f3dc90e-0e11-4fbb-a481-7f0e76f5fa64,25,0.8333333333333334,right_shoulder,0.5,0.5,0.0,540.0,960.0,0.5
4f3dc90e-0e11-4fbb-a481-7f0e76f5fa64,25,0.8333333333333334,left_elbow,0.5,0.5,0.0,540.0,960.0,0.5
4f3dc90e-0e11-4fbb-a481-7f0e76f5fa64,25,0.8333333333333334,right_elbow,0.5,0.5,0.0,540.0,960.0,0.5
4f3dc90e-0e11-4fbb-a481-7f0e76f5fa64,25,0.8333333333333334,left_wrist,0.5,0.5,0.0,540.0,960.0,0.5
4f3dc90e-0e11-4fbb-a481-7f0e76f5fa64,25,0.8333333333333334,right_wrist,0.5,0.5,0.0,540.0,960.0,0.5
4f3dc90e-0e11-4fbb-a481-7f0e76f5fa64,25,0.8333333333333334,left_hip,0.5,0.5,0.0,540.0,960.0,0.5
4f3dc90e-0e11-4fbb-a481-7f0e76f5fa64,25,0.8333333333333334,right_hip,0.5,0.5,0.0,540.0,960.0,0.5
4f3dc90e-0e11-4fbb-a481-7f0e76f5fa64,25,0.8333333333333334,left_knee,0.5,0.5,0.0,540.0,960.0,0.5
4f3dc90e-0e11-4fbb-a481-7f0e76f5fa64,25,0.8333333333333334,right_knee,0.5,0.5,0.0,540.0,960.0,0.5
4f3dc90e-0e11-4fbb-a481-7f0e76f5fa64,25,0.8333333333333334,left_ankle,0.5,0.5,0.0,540.0,960.0,0.5
4f3dc90e-0e11-4fbb-a481-7f0e76f5fa64,25,0.8333333333333334,right_ankle,0.5,0.5,0.0,540.0,960.0,0.5
4f3dc90e-0e11-4fbb-a481-7f0e76f5fa64,25,0.8333333333333334,left_heel,0.5,0.5,0.0,540.0,960.0,0.5
4f3dc90e-0e11-4fbb-a481-7f0e76f5fa64,25,0.8333333333333334,right_heel,0.5,0.5,0.0,540.0,960.0,0.5
4f3dc90e-0e11-4fbb-a481-7f0e76f5fa64,25,0.8333333333333334,left_foot_index,0.5,0.5,0.0,540.0,960.0,0.5
4f3dc90e-0e11-4fbb-a481-7f0e76f5fa64,25,0.8333333333333334,right_foot_index,0.5,0.5,0.0,540.0,960.0,0.5
4f3dc90e-0e11-4fbb-a481-7f0e76f5fa64,26,0.8666666666666667,nose,0.5,0.5,0.0,540.0,960.0,0.5
4f3dc90e-0e11-4fbb-a481-7f0e76f5fa64,26,0.8666666666666667,left_shoulder,0.5,0.5,0.0,540.0,960.0,0.5
4f3dc90e-0e11-4fbb-a481-7f0e76f5fa64,26,0.8666666666666667,right_shoulder,0.5,0.5,0.0,540.0,960.0,0.5
4f3dc90e-0e11-4fbb-a481-7f0e76f5fa64,26,0.8666666666666667,left_elbow,0.5,0.5,0.0,540.0,960.0,0.5
4f3dc90e-0e11-4fbb-a481-7f0e76f5fa64,26,0.8666666666666667,right_elbow,0.5,0.5,0.0,540.0,960.0,0.5
4f3dc90e-0e11-4fbb-a481-7f0e76f5fa64,26,0.8666666666666667,left_wrist,0.5,0.5,0.0,540.0,960.0,0.5
4f3dc90e-0e11-4fbb-a481-7f0e76f5fa64,26,0.8666666666666667,right_wrist,0.5,0.5,0.0,540.0,960.0,0.5
4f3dc90e-0e11-4fbb-a481-7f0e76f5fa64,26,0.8666666666666667,left_hip,0.5,0.5,0.0,540.0,960.0,0.5
4f3dc90e-0e11-4fbb-a481-7f0e76f5fa64,26,0.8666666666666667,right_hip,0.5,0.5,0.0,540.0,960.0,0.5
4f3dc90e-0e11-4fbb-a481-7f0e76f5fa64,26,0.8666666666666667,left_knee,0.5,0.5,0.0,540.0,960.0,0.5
4f3dc90e-0e11-4fbb-a481-7f0e76f5fa64,26,0.8666666666666667,right_knee,0.5,0.5,0.0,540.0,960.0,0.5
4f3dc90e-0e11-4fbb-a481-7f0e76f5fa64,26,0.8666666666666667,left_ankle,0.5,0.5,0.0,540.0,960.0,0.5
4f3dc90e-0e11-4fbb-a481-7f0e76f5fa64,26,0.8666666666666667,right_ankle,0.5,0.5,0.0,540.0,960.0,0.5
4f3dc90e-0e11-4fbb-a481-7f0e76f5fa64,26,0.8666666666666667,left_heel,0.5,0.5,0.0,540.0,960.0,0.5
4f3dc90e-0e11-4fbb-a481-7f0e76f5fa64,26,0.8666666666666667,right_heel,0.5,0.5,0.0,540.0,960.0,0.5
4f3dc90e-0e11-4fbb-a481-7f0e76f5fa64,26,0.8666666666666667,left_foot_index,0.5,0.5,0.0,540.0,960.0,0.5
4f3dc90e-0e11-4fbb-a481-7f0e76f5fa64,26,0.8666666666666667,right_foot_index,0.5,0.5,0.0,540.0,960.0,0.5
4f3dc90e-0e11-4fbb-a481-7f0e76f5fa64,27,0.9,nose,0.5,0.5,0.0,540.0,960.0,0.5
4f3dc90e-0e11-4fbb-a481-7f0e76f5fa64,27,0.9,left_shoulder,0.5,0.5,0.0,540.0,960.0,0.5
4f3dc90e-0e11-4fbb-a481-7f0e76f5fa64,27,0.9,right_shoulder,0.5,0.5,0.0,540.0,960.0,0.5
4f3dc90e-0e11-4fbb-a481-7f0e76f5fa64,27,0.9,left_elbow,0.5,0.5,0.0,540.0,960.0,0.5
4f3dc90e-0e11-4fbb-a481-7f0e76f5fa64,27,0.9,right_elbow,0.5,0.5,0.0,540.0,960.0,0.5
4f3dc90e-0e11-4fbb-a481-7f0e76f5fa64,27,0.9,left_wrist,0.5,0.5,0.0,540.0,960.0,0.5
4f3dc90e-0e11-4fbb-a481-7f0e76f5fa64,27,0.9,right_wrist,0.5,0.5,0.0,540.0,960.0,0.5
4f3dc90e-0e11-4fbb-a481-7f0e76f5fa64,27,0.9,left_hip,0.5,0.5,0.0,540.0,960.0,0.5
4f3dc90e-0e11-4fbb-a481-7f0e76f5fa64,27,0.9,right_hip,0.5,0.5,0.0,540.0,960.0,0.5
4f3dc90e-0e11-4fbb-a481-7f0e76f5fa64,27,0.9,left_knee,0.5,0.5,0.0,540.0,960.0,0.5
4f3dc90e-0e11-4fbb-a481-7f0e76f5fa64,27,0.9,right_knee,0.5,0.5,0.0,540.0,960.0,0.5
4f3dc90e-0e11-4fbb-a481-7f0e76f5fa64,27,0.9,left_ankle,0.5,0.5,0.0,540.0,960.0,0.5
4f3dc90e-0e11-4fbb-a481-7f0e76f5fa64,27,0.9,right_ankle,0.5,0.5,0.0,540.0,960.0,0.5
4f3dc90e-0e11-4fbb-a481-7f0e76f5fa64,27,0.9,left_heel,0.5,0.5,0.0,540.0,960.0,0.5
4f3dc90e-0e11-4fbb-a481-7f0e76f5fa64,27,0.9,right_heel,0.5,0.5,0.0,540.0,960.0,0.5
4f3dc90e-0e11-4fbb-a481-7f0e76f5fa64,27,0.9,left_foot_index,0.5,0.5,0.0,540.0,960.0,0.5
4f3dc90e-0e11-4fbb-a481-7f0e76f5fa64,27,0.9,right_foot_index,0.5,0.5,0.0,540.0,960.0,0.5
4f3dc90e-0e11-4fbb-a481-7f0e76f5fa64,28,0.9333333333333333,nose,0.5,0.5,0.0,540.0,960.0,0.5
4f3dc90e-0e11-4fbb-a481-7f0e76f5fa64,28,0.9333333333333333,left_shoulder,0.5,0.5,0.0,540.0,960.0,0.5
4f3dc90e-0e11-4fbb-a481-7f0e76f5fa64,28,0.9333333333333333,right_shoulder,0.5,0.5,0.0,540.0,960.0,0.5
4f3dc90e-0e11-4fbb-a481-7f0e76f5fa64,28,0.9333333333333333,left_elbow,0.5,0.5,0.0,540.0,960.0,0.5
4f3dc90e-0e11-4fbb-a481-7f0e76f5fa64,28,0.9333333333333333,right_elbow,0.5,0.5,0.0,540.0,960.0,0.5
4f3dc90e-0e11-4fbb-a481-7f0e76f5fa64,28,0.9333333333333333,left_wrist,0.5,0.5,0.0,540.0,960.0,0.5
4f3dc90e-0e11-4fbb-a481-7f0e76f5fa64,28,0.9333333333333333,right_wrist,0.5,0.5,0.0,540.0,960.0,0.5
4f3dc90e-0e11-4fbb-a481-7f0e76f5fa64,28,0.9333333333333333,left_hip,0.5,0.5,0.0,540.0,960.0,0.5
4f3dc90e-0e11-4fbb-a481-7f0e76f5fa64,28,0.9333333333333333,right_hip,0.5,0.5,0.0,540.0,960.0,0.5
4f3dc90e-0e11-4fbb-a481-7f0e76f5fa64,28,0.9333333333333333,left_knee,0.5,0.5,0.0,540.0,960.0,0.5
4f3dc90e-0e11-4fbb-a481-7f0e76f5fa64,28,0.9333333333333333,right_knee,0.5,0.5,0.0,540.0,960.0,0.5
4f3dc90e-0e11-4fbb-a481-7f0e76f5fa64,28,0.9333333333333333,left_ankle,0.5,0.5,0.0,540.0,960.0,0.5
4f3dc90e-0e11-4fbb-a481-7f0e76f5fa64,28,0.9333333333333333,right_ankle,0.5,0.5,0.0,540.0,960.0,0.5
4f3dc90e-0e11-4fbb-a481-7f0e76f5fa64,28,0.9333333333333333,left_heel,0.5,0.5,0.0,540.0,960.0,0.5
4f3dc90e-0e11-4fbb-a481-7f0e76f5fa64,28,0.9333333333333333,right_heel,0.5,0.5,0.0,540.0,960.0,0.5
4f3dc90e-0e11-4fbb-a481-7f0e76f5fa64,28,0.9333333333333333,left_foot_index,0.5,0.5,0.0,540.0,960.0,0.5
4f3dc90e-0e11-4fbb-a481-7f0e76f5fa64,28,0.9333333333333333,right_foot_index,0.5,0.5,0.0,540.0,960.0,0.5
4f3dc90e-0e11-4fbb-a481-7f0e76f5fa64,29,0.9666666666666667,nose,0.5,0.5,0.0,540.0,960.0,0.5
4f3dc90e-0e11-4fbb-a481-7f0e76f5fa64,29,0.9666666666666667,left_shoulder,0.5,0.5,0.0,540.0,960.0,0.5
4f3dc90e-0e11-4fbb-a481-7f0e76f5fa64,29,0.9666666666666667,right_shoulder,0.5,0.5,0.0,540.0,960.0,0.5
4f3dc90e-0e11-4fbb-a481-7f0e76f5fa64,29,0.9666666666666667,left_elbow,0.5,0.5,0.0,540.0,960.0,0.5
4f3dc90e-0e11-4fbb-a481-7f0e76f5fa64,29,0.9666666666666667,right_elbow,0.5,0.5,0.0,540.0,960.0,0.5
4f3dc90e-0e11-4fbb-a481-7f0e76f5fa64,29,0.9666666666666667,left_wrist,0.5,0.5,0.0,540.0,960.0,0.5
4f3dc90e-0e11-4fbb-a481-7f0e76f5fa64,29,0.9666666666666667,right_wrist,0.5,0.5,0.0,540.0,960.0,0.5
4f3dc90e-0e11-4fbb-a481-7f0e76f5fa64,29,0.9666666666666667,left_hip,0.5,0.5,0.0,540.0,960.0,0.5
4f3dc90e-0e11-4fbb-a481-7f0e76f5fa64,29,0.9666666666666667,right_hip,0.5,0.5,0.0,540.0,960.0,0.5
4f3dc90e-0e11-4fbb-a481-7f0e76f5fa64,29,0.9666666666666667,left_knee,0.5,0.5,0.0,540.0,960.0,0.5
4f3dc90e-0e11-4fbb-a481-7f0e76f5fa64,29,0.9666666666666667,right_knee,0.5,0.5,0.0,540.0,960.0,0.5
4f3dc90e-0e11-4fbb-a481-7f0e76f5fa64,29,0.9666666666666667,left_ankle,0.5,0.5,0.0,540.0,960.0,0.5
4f3dc90e-0e11-4fbb-a481-7f0e76f5fa64,29,0.9666666666666667,right_ankle,0.5,0.5,0.0,540.0,960.0,0.5
4f3dc90e-0e11-4fbb-a481-7f0e76f5fa64,29,0.9666666666666667,left_heel,0.5,0.5,0.0,540.0,960.0,0.5
4f3dc90e-0e11-4fbb-a481-7f0e76f5fa64,29,0.9666666666666667,right_heel,0.5,0.5,0.0,540.0,960.0,0.5
4f3dc90e-0e11-4fbb-a481-7f0e76f5fa64,29,0.9666666666666667,left_foot_index,0.5,0.5,0.0,540.0,960.0,0.5
4f3dc90e-0e11-4fbb-a481-7f0e76f5fa64,29,0.9666666666666667,right_foot_index,0.5,0.5,0.0,540.0,960.0,0.5
4f3dc90e-0e11-4fbb-a481-7f0e76f5fa64,30,1.0,nose,0.5,0.5,0.0,540.0,960.0,0.5
4f3dc90e-0e11-4fbb-a481-7f0e76f5fa64,30,1.0,left_shoulder,0.5,0.5,0.0,540.0,960.0,0.5
4f3dc90e-0e11-4fbb-a481-7f0e76f5fa64,30,1.0,right_shoulder,0.5,0.5,0.0,540.0,960.0,0.5
4f3dc90e-0e11-4fbb-a481-7f0e76f5fa64,30,1.0,left_elbow,0.5,0.5,0.0,540.0,960.0,0.5
4f3dc90e-0e11-4fbb-a481-7f0e76f5fa64,30,1.0,right_elbow,0.5,0.5,0.0,540.0,960.0,0.5
4f3dc90e-0e11-4fbb-a481-7f0e76f5fa64,30,1.0,left_wrist,0.5,0.5,0.0,540.0,960.0,0.5
4f3dc90e-0e11-4fbb-a481-7f0e76f5fa64,30,1.0,right_wrist,0.5,0.5,0.0,540.0,960.0,0.5
4f3dc90e-0e11-4fbb-a481-7f0e76f5fa64,30,1.0,left_hip,0.5,0.5,0.0,540.0,960.0,0.5
4f3dc90e-0e11-4fbb-a481-7f0e76f5fa64,30,1.0,right_hip,0.5,0.5,0.0,540.0,960.0,0.5
4f3dc90e-0e11-4fbb-a481-7f0e76f5fa64,30,1.0,left_knee,0.5,0.5,0.0,540.0,960.0,0.5
4f3dc90e-0e11-4fbb-a481-7f0e76f5fa64,30,1.0,right_knee,0.5,0.5,0.0,540.0,960.0,0.5
4f3dc90e-0e11-4fbb-a481-7f0e76f5fa64,30,1.0,left_ankle,0.5,0.5,0.0,540.0,960.0,0.5
4f3dc90e-0e11-4fbb-a481-7f0e76f5fa64,30,1.0,right_ankle,0.5,0.5,0.0,540.0,960.0,0.5
4f3dc90e-0e11-4fbb-a481-7f0e76f5fa64,30,1.0,left_heel,0.5,0.5,0.0,540.0,960.0,0.5
4f3dc90e-0e11-4fbb-a481-7f0e76f5fa64,30,1.0,right_heel,0.5,0.5,0.0,540.0,960.0,0.5
4f3dc90e-0e11-4fbb-a481-7f0e76f5fa64,30,1.0,left_foot_index,0.5,0.5,0.0,540.0,960.0,0.5
4f3dc90e-0e11-4fbb-a481-7f0e76f5fa64,30,1.0,right_foot_index,0.5,0.5,0.0,540.0,960.0,0.5
4f3dc90e-0e11-4fbb-a481-7f0e76f5fa64,31,1.0333333333333334,nose,0.5,0.5,0.0,540.0,960.0,0.5
4f3dc90e-0e11-4fbb-a481-7f0e76f5fa64,31,1.0333333333333334,left_shoulder,0.5,0.5,0.0,540.0,960.0,0.5
4f3dc90e-0e11-4fbb-a481-7f0e76f5fa64,31,1.0333333333333334,right_shoulder,0.5,0.5,0.0,540.0,960.0,0.5
4f3dc90e-0e11-4fbb-a481-7f0e76f5fa64,31,1.0333333333333334,left_elbow,0.5,0.5,0.0,540.0,960.0,0.5
4f3dc90e-0e11-4fbb-a481-7f0e76f5fa64,31,1.0333333333333334,right_elbow,0.5,0.5,0.0,540.0,960.0,0.5
4f3dc90e-0e11-4fbb-a481-7f0e76f5fa64,31,1.0333333333333334,left_wrist,0.5,0.5,0.0,540.0,960.0,0.5
4f3dc90e-0e11-4fbb-a481-7f0e76f5fa64,31,1.0333333333333334,right_wrist,0.5,0.5,0.0,540.0,960.0,0.5
4f3dc90e-0e11-4fbb-a481-7f0e76f5fa64,31,1.0333333333333334,left_hip,0.5,0.5,0.0,540.0,960.0,0.5
4f3dc90e-0e11-4fbb-a481-7f0e76f5fa64,31,1.0333333333333334,right_hip,0.5,0.5,0.0,540.0,960.0,0.5
4f3dc90e-0e11-4fbb-a481-7f0e76f5fa64,31,1.0333333333333334,left_knee,0.5,0.5,0.0,540.0,960.0,0.5
4f3dc90e-0e11-4fbb-a481-7f0e76f5fa64,31,1.0333333333333334,right_knee,0.5,0.5,0.0,540.0,960.0,0.5
4f3dc90e-0e11-4fbb-a481-7f0e76f5fa64,31,1.0333333333333334,left_ankle,0.5,0.5,0.0,540.0,960.0,0.5
4f3dc90e-0e11-4fbb-a481-7f0e76f5fa64,31,1.0333333333333334,right_ankle,0.5,0.5,0.0,540.0,960.0,0.5
4f3dc90e-0e11-4fbb-a481-7f0e76f5fa64,31,1.0333333333333334,left_heel,0.5,0.5,0.0,540.0,960.0,0.5
4f3dc90e-0e11-4fbb-a481-7f0e76f5fa64,31,1.0333333333333334,right_heel,0.5,0.5,0.0,540.0,960.0,0.5
4f3dc90e-0e11-4fbb-a481-7f0e76f5fa64,31,1.0333333333333334,left_foot_index,0.5,0.5,0.0,540.0,960.0,0.5
4f3dc90e-0e11-4fbb-a481-7f0e76f5fa64,31,1.0333333333333334,right_foot_index,0.5,0.5,0.0,540.0,960.0,0.5
4f3dc90e-0e11-4fbb-a481-7f0e76f5fa64,32,1.0666666666666667,nose,0.5,0.5,0.0,540.0,960.0,0.5
4f3dc90e-0e11-4fbb-a481-7f0e76f5fa64,32,1.0666666666666667,left_shoulder,0.5,0.5,0.0,540.0,960.0,0.5
4f3dc90e-0e11-4fbb-a481-7f0e76f5fa64,32,1.0666666666666667,right_shoulder,0.5,0.5,0.0,540.0,960.0,0.5
4f3dc90e-0e11-4fbb-a481-7f0e76f5fa64,32,1.0666666666666667,left_elbow,0.5,0.5,0.0,540.0,960.0,0.5
4f3dc90e-0e11-4fbb-a481-7f0e76f5fa64,32,1.0666666666666667,right_elbow,0.5,0.5,0.0,540.0,960.0,0.5
4f3dc90e-0e11-4fbb-a481-7f0e76f5fa64,32,1.0666666666666667,left_wrist,0.5,0.5,0.0,540.0,960.0,0.5
4f3dc90e-0e11-4fbb-a481-7f0e76f5fa64,32,1.0666666666666667,right_wrist,0.5,0.5,0.0,540.0,960.0,0.5
4f3dc90e-0e11-4fbb-a481-7f0e76f5fa64,32,1.0666666666666667,left_hip,0.5,0.5,0.0,540.0,960.0,0.5
4f3dc90e-0e11-4fbb-a481-7f0e76f5fa64,32,1.0666666666666667,right_hip,0.5,0.5,0.0,540.0,960.0,0.5
4f3dc90e-0e11-4fbb-a481-7f0e76f5fa64,32,1.0666666666666667,left_knee,0.5,0.5,0.0,540.0,960.0,0.5
4f3dc90e-0e11-4fbb-a481-7f0e76f5fa64,32,1.0666666666666667,right_knee,0.5,0.5,0.0,540.0,960.0,0.5
4f3dc90e-0e11-4fbb-a481-7f0e76f5fa64,32,1.0666666666666667,left_ankle,0.5,0.5,0.0,540.0,960.0,0.5
4f3dc90e-0e11-4fbb-a481-7f0e76f5fa64,32,1.0666666666666667,right_ankle,0.5,0.5,0.0,540.0,960.0,0.5
4f3dc90e-0e11-4fbb-a481-7f0e76f5fa64,32,1.0666666666666667,left_heel,0.5,0.5,0.0,540.0,960.0,0.5
4f3dc90e-0e11-4fbb-a481-7f0e76f5fa64,32,1.0666666666666667,right_heel,0.5,0.5,0.0,540.0,960.0,0.5
4f3dc90e-0e11-4fbb-a481-7f0e76f5fa64,32,1.0666666666666667,left_foot_index,0.5,0.5,0.0,540.0,960.0,0.5
4f3dc90e-0e11-4fbb-a481-7f0e76f5fa64,32,1.0666666666666667,right_foot_index,0.5,0.5,0.0,540.0,960.0,0.5
4f3dc90e-0e11-4fbb-a481-7f0e76f5fa64,33,1.1,nose,0.5,0.5,0.0,540.0,960.0,0.5
4f3dc90e-0e11-4fbb-a481-7f0e76f5fa64,33,1.1,left_shoulder,0.5,0.5,0.0,540.0,960.0,0.5
4f3dc90e-0e11-4fbb-a481-7f0e76f5fa64,33,1.1,right_shoulder,0.5,0.5,0.0,540.0,960.0,0.5
4f3dc90e-0e11-4fbb-a481-7f0e76f5fa64,33,1.1,left_elbow,0.5,0.5,0.0,540.0,960.0,0.5
4f3dc90e-0e11-4fbb-a481-7f0e76f5fa64,33,1.1,right_elbow,0.5,0.5,0.0,540.0,960.0,0.5
4f3dc90e-0e11-4fbb-a481-7f0e76f5fa64,33,1.1,left_wrist,0.5,0.5,0.0,540.0,960.0,0.5
4f3dc90e-0e11-4fbb-a481-7f0e76f5fa64,33,1.1,right_wrist,0.5,0.5,0.0,540.0,960.0,0.5
4f3dc90e-0e11-4fbb-a481-7f0e76f5fa64,33,1.1,left_hip,0.5,0.5,0.0,540.0,960.0,0.5
4f3dc90e-0e11-4fbb-a481-7f0e76f5fa64,33,1.1,right_hip,0.5,0.5,0.0,540.0,960.0,0.5
4f3dc90e-0e11-4fbb-a481-7f0e76f5fa64,33,1.1,left_knee,0.5,0.5,0.0,540.0,960.0,0.5
4f3dc90e-0e11-4fbb-a481-7f0e76f5fa64,33,1.1,right_knee,0.5,0.5,0.0,540.0,960.0,0.5
4f3dc90e-0e11-4fbb-a481-7f0e76f5fa64,33,1.1,left_ankle,0.5,0.5,0.0,540.0,960.0,0.5
4f3dc90e-0e11-4fbb-a481-7f0e76f5fa64,33,1.1,right_ankle,0.5,0.5,0.0,540.0,960.0,0.5
4f3dc90e-0e11-4fbb-a481-7f0e76f5fa64,33,1.1,left_heel,0.5,0.5,0.0,540.0,960.0,0.5
4f3dc90e-0e11-4fbb-a481-7f0e76f5fa64,33,1.1,right_heel,0.5,0.5,0.0,540.0,960.0,0.5
4f3dc90e-0e11-4fbb-a481-7f0e76f5fa64,33,1.1,left_foot_index,0.5,0.5,0.0,540.0,960.0,0.5
4f3dc90e-0e11-4fbb-a481-7f0e76f5fa64,33,1.1,right_foot_index,0.5,0.5,0.0,540.0,960.0,0.5
4f3dc90e-0e11-4fbb-a481-7f0e76f5fa64,34,1.1333333333333333,nose,0.5,0.5,0.0,540.0,960.0,0.5
4f3dc90e-0e11-4fbb-a481-7f0e76f5fa64,34,1.1333333333333333,left_shoulder,0.5,0.5,0.0,540.0,960.0,0.5
4f3dc90e-0e11-4fbb-a481-7f0e76f5fa64,34,1.1333333333333333,right_shoulder,0.5,0.5,0.0,540.0,960.0,0.5
4f3dc90e-0e11-4fbb-a481-7f0e76f5fa64,34,1.1333333333333333,left_elbow,0.5,0.5,0.0,540.0,960.0,0.5
4f3dc90e-0e11-4fbb-a481-7f0e76f5fa64,34,1.1333333333333333,right_elbow,0.5,0.5,0.0,540.0,960.0,0.5
4f3dc90e-0e11-4fbb-a481-7f0e76f5fa64,34,1.1333333333333333,left_wrist,0.5,0.5,0.0,540.0,960.0,0.5
4f3dc90e-0e11-4fbb-a481-7f0e76f5fa64,34,1.1333333333333333,right_wrist,0.5,0.5,0.0,540.0,960.0,0.5
4f3dc90e-0e11-4fbb-a481-7f0e76f5fa64,34,1.1333333333333333,left_hip,0.5,0.5,0.0,540.0,960.0,0.5
4f3dc90e-0e11-4fbb-a481-7f0e76f5fa64,34,1.1333333333333333,right_hip,0.5,0.5,0.0,540.0,960.0,0.5
4f3dc90e-0e11-4fbb-a481-7f0e76f5fa64,34,1.1333333333333333,left_knee,0.5,0.5,0.0,540.0,960.0,0.5
4f3dc90e-0e11-4fbb-a481-7f0e76f5fa64,34,1.1333333333333333,right_knee,0.5,0.5,0.0,540.0,960.0,0.5
4f3dc90e-0e11-4fbb-a481-7f0e76f5fa64,34,1.1333333333333333,left_ankle,0.5,0.5,0.0,540.0,960.0,0.5
4f3dc90e-0e11-4fbb-a481-7f0e76f5fa64,34,1.1333333333333333,right_ankle,0.5,0.5,0.0,540.0,960.0,0.5
4f3dc90e-0e11-4fbb-a481-7f0e76f5fa64,34,1.1333333333333333,left_heel,0.5,0.5,0.0,540.0,960.0,0.5
4f3dc90e-0e11-4fbb-a481-7f0e76f5fa64,34,1.1333333333333333,right_heel,0.5,0.5,0.0,540.0,960.0,0.5
4f3dc90e-0e11-4fbb-a481-7f0e76f5fa64,34,1.1333333333333333,left_foot_index,0.5,0.5,0.0,540.0,960.0,0.5
4f3dc90e-0e11-4fbb-a481-7f0e76f5fa64,34,1.1333333333333333,right_foot_index,0.5,0.5,0.0,540.0,960.0,0.5
4f3dc90e-0e11-4fbb-a481-7f0e76f5fa64,35,1.1666666666666667,nose,0.5,0.5,0.0,540.0,960.0,0.5
4f3dc90e-0e11-4fbb-a481-7f0e76f5fa64,35,1.1666666666666667,left_shoulder,0.5,0.5,0.0,540.0,960.0,0.5
4f3dc90e-0e11-4fbb-a481-7f0e76f5fa64,35,1.1666666666666667,right_shoulder,0.5,0.5,0.0,540.0,960.0,0.5
4f3dc90e-0e11-4fbb-a481-7f0e76f5fa64,35,1.1666666666666667,left_elbow,0.5,0.5,0.0,540.0,960.0,0.5
4f3dc90e-0e11-4fbb-a481-7f0e76f5fa64,35,1.1666666666666667,right_elbow,0.5,0.5,0.0,540.0,960.0,0.5
4f3dc90e-0e11-4fbb-a481-7f0e76f5fa64,35,1.1666666666666667,left_wrist,0.5,0.5,0.0,540.0,960.0,0.5
4f3dc90e-0e11-4fbb-a481-7f0e76f5fa64,35,1.1666666666666667,right_wrist,0.5,0.5,0.0,540.0,960.0,0.5
4f3dc90e-0e11-4fbb-a481-7f0e76f5fa64,35,1.1666666666666667,left_hip,0.5,0.5,0.0,540.0,960.0,0.5
4f3dc90e-0e11-4fbb-a481-7f0e76f5fa64,35,1.1666666666666667,right_hip,0.5,0.5,0.0,540.0,960.0,0.5
4f3dc90e-0e11-4fbb-a481-7f0e76f5fa64,35,1.1666666666666667,left_knee,0.5,0.5,0.0,540.0,960.0,0.5
4f3dc90e-0e11-4fbb-a481-7f0e76f5fa64,35,1.1666666666666667,right_knee,0.5,0.5,0.0,540.0,960.0,0.5
4f3dc90e-0e11-4fbb-a481-7f0e76f5fa64,35,1.1666666666666667,left_ankle,0.5,0.5,0.0,540.0,960.0,0.5
4f3dc90e-0e11-4fbb-a481-7f0e76f5fa64,35,1.1666666666666667,right_ankle,0.5,0.5,0.0,540.0,960.0,0.5
4f3dc90e-0e11-4fbb-a481-7f0e76f5fa64,35,1.1666666666666667,left_heel,0.5,0.5,0.0,540.0,960.0,0.5
4f3dc90e-0e11-4fbb-a481-7f0e76f5fa64,35,1.1666666666666667,right_heel,0.5,0.5,0.0,540.0,960.0,0.5
4f3dc90e-0e11-4fbb-a481-7f0e76f5fa64,35,1.1666666666666667,left_foot_index,0.5,0.5,0.0,540.0,960.0,0.5
4f3dc90e-0e11-4fbb-a481-7f0e76f5fa64,35,1.1666666666666667,right_foot_index,0.5,0.5,0.0,540.0,960.0,0.5
4f3dc90e-0e11-4fbb-a481-7f0e76f5fa64,36,1.2,nose,0.5,0.5,0.0,540.0,960.0,0.5
4f3dc90e-0e11-4fbb-a481-7f0e76f5fa64,36,1.2,left_shoulder,0.5,0.5,0.0,540.0,960.0,0.5
4f3dc90e-0e11-4fbb-a481-7f0e76f5fa64,36,1.2,right_shoulder,0.5,0.5,0.0,540.0,960.0,0.5
4f3dc90e-0e11-4fbb-a481-7f0e76f5fa64,36,1.2,left_elbow,0.5,0.5,0.0,540.0,960.0,0.5
4f3dc90e-0e11-4fbb-a481-7f0e76f5fa64,36,1.2,right_elbow,0.5,0.5,0.0,540.0,960.0,0.5
4f3dc90e-0e11-4fbb-a481-7f0e76f5fa64,36,1.2,left_wrist,0.5,0.5,0.0,540.0,960.0,0.5
4f3dc90e-0e11-4fbb-a481-7f0e76f5fa64,36,1.2,right_wrist,0.5,0.5,0.0,540.0,960.0,0.5
4f3dc90e-0e11-4fbb-a481-7f0e76f5fa64,36,1.2,left_hip,0.5,0.5,0.0,540.0,960.0,0.5
4f3dc90e-0e11-4fbb-a481-7f0e76f5fa64,36,1.2,right_hip,0.5,0.5,0.0,540.0,960.0,0.5
4f3dc90e-0e11-4fbb-a481-7f0e76f5fa64,36,1.2,left_knee,0.5,0.5,0.0,540.0,960.0,0.5
4f3dc90e-0e11-4fbb-a481-7f0e76f5fa64,36,1.2,right_knee,0.5,0.5,0.0,540.0,960.0,0.5
4f3dc90e-0e11-4fbb-a481-7f0e76f5fa64,36,1.2,left_ankle,0.5,0.5,0.0,540.0,960.0,0.5
4f3dc90e-0e11-4fbb-a481-7f0e76f5fa64,36,1.2,right_ankle,0.5,0.5,0.0,540.0,960.0,0.5
4f3dc90e-0e11-4fbb-a481-7f0e76f5fa64,36,1.2,left_heel,0.5,0.5,0.0,540.0,960.0,0.5
4f3dc90e-0e11-4fbb-a481-7f0e76f5fa64,36,1.2,right_heel,0.5,0.5,0.0,540.0,960.0,0.5
4f3dc90e-0e11-4fbb-a481-7f0e76f5fa64,36,1.2,left_foot_index,0.5,0.5,0.0,540.0,960.0,0.5
4f3dc90e-0e11-4fbb-a481-7f0e76f5fa64,36,1.2,right_foot_index,0.5,0.5,0.0,540.0,960.0,0.5
4f3dc90e-0e11-4fbb-a481-7f0e76f5fa64,37,1.2333333333333334,nose,0.5,0.5,0.0,540.0,960.0,0.5
4f3dc90e-0e11-4fbb-a481-7f0e76f5fa64,37,1.2333333333333334,left_shoulder,0.5,0.5,0.0,540.0,960.0,0.5
4f3dc90e-0e11-4fbb-a481-7f0e76f5fa64,37,1.2333333333333334,right_shoulder,0.5,0.5,0.0,540.0,960.0,0.5
4f3dc90e-0e11-4fbb-a481-7f0e76f5fa64,37,1.2333333333333334,left_elbow,0.5,0.5,0.0,540.0,960.0,0.5
4f3dc90e-0e11-4fbb-a481-7f0e76f5fa64,37,1.2333333333333334,right_elbow,0.5,0.5,0.0,540.0,960.0,0.5
4f3dc90e-0e11-4fbb-a481-7f0e76f5fa64,37,1.2333333333333334,left_wrist,0.5,0.5,0.0,540.0,960.0,0.5
4f3dc90e-0e11-4fbb-a481-7f0e76f5fa64,37,1.2333333333333334,right_wrist,0.5,0.5,0.0,540.0,960.0,0.5
4f3dc90e-0e11-4fbb-a481-7f0e76f5fa64,37,1.2333333333333334,left_hip,0.5,0.5,0.0,540.0,960.0,0.5
4f3dc90e-0e11-4fbb-a481-7f0e76f5fa64,37,1.2333333333333334,right_hip,0.5,0.5,0.0,540.0,960.0,0.5
4f3dc90e-0e11-4fbb-a481-7f0e76f5fa64,37,1.2333333333333334,left_knee,0.5,0.5,0.0,540.0,960.0,0.5
4f3dc90e-0e11-4fbb-a481-7f0e76f5fa64,37,1.2333333333333334,right_knee,0.5,0.5,0.0,540.0,960.0,0.5
4f3dc90e-0e11-4fbb-a481-7f0e76f5fa64,37,1.2333333333333334,left_ankle,0.5,0.5,0.0,540.0,960.0,0.5
4f3dc90e-0e11-4fbb-a481-7f0e76f5fa64,37,1.2333333333333334,right_ankle,0.5,0.5,0.0,540.0,960.0,0.5
4f3dc90e-0e11-4fbb-a481-7f0e76f5fa64,37,1.2333333333333334,left_heel,0.5,0.5,0.0,540.0,960.0,0.5
4f3dc90e-0e11-4fbb-a481-7f0e76f5fa64,37,1.2333333333333334,right_heel,0.5,0.5,0.0,540.0,960.0,0.5
4f3dc90e-0e11-4fbb-a481-7f0e76f5fa64,37,1.2333333333333334,left_foot_index,0.5,0.5,0.0,540.0,960.0,0.5
4f3dc90e-0e11-4fbb-a481-7f0e76f5fa64,37,1.2333333333333334,right_foot_index,0.5,0.5,0.0,540.0,960.0,0.5
4f3dc90e-0e11-4fbb-a481-7f0e76f5fa64,38,1.2666666666666666,nose,0.5,0.5,0.0,540.0,960.0,0.5
4f3dc90e-0e11-4fbb-a481-7f0e76f5fa64,38,1.2666666666666666,left_shoulder,0.5,0.5,0.0,540.0,960.0,0.5
4f3dc90e-0e11-4fbb-a481-7f0e76f5fa64,38,1.2666666666666666,right_shoulder,0.5,0.5,0.0,540.0,960.0,0.5
4f3dc90e-0e11-4fbb-a481-7f0e76f5fa64,38,1.2666666666666666,left_elbow,0.5,0.5,0.0,540.0,960.0,0.5
4f3dc90e-0e11-4fbb-a481-7f0e76f5fa64,38,1.2666666666666666,right_elbow,0.5,0.5,0.0,540.0,960.0,0.5
4f3dc90e-0e11-4fbb-a481-7f0e76f5fa64,38,1.2666666666666666,left_wrist,0.5,0.5,0.0,540.0,960.0,0.5
4f3dc90e-0e11-4fbb-a481-7f0e76f5fa64,38,1.2666666666666666,right_wrist,0.5,0.5,0.0,540.0,960.0,0.5
4f3dc90e-0e11-4fbb-a481-7f0e76f5fa64,38,1.2666666666666666,left_hip,0.5,0.5,0.0,540.0,960.0,0.5
4f3dc90e-0e11-4fbb-a481-7f0e76f5fa64,38,1.2666666666666666,right_hip,0.5,0.5,0.0,540.0,960.0,0.5
4f3dc90e-0e11-4fbb-a481-7f0e76f5fa64,38,1.2666666666666666,left_knee,0.5,0.5,0.0,540.0,960.0,0.5
4f3dc90e-0e11-4fbb-a481-7f0e76f5fa64,38,1.2666666666666666,right_knee,0.5,0.5,0.0,540.0,960.0,0.5
4f3dc90e-0e11-4fbb-a481-7f0e76f5fa64,38,1.2666666666666666,left_ankle,0.5,0.5,0.0,540.0,960.0,0.5
4f3dc90e-0e11-4fbb-a481-7f0e76f5fa64,38,1.2666666666666666,right_ankle,0.5,0.5,0.0,540.0,960.0,0.5
4f3dc90e-0e11-4fbb-a481-7f0e76f5fa64,38,1.2666666666666666,left_heel,0.5,0.5,0.0,540.0,960.0,0.5
4f3dc90e-0e11-4fbb-a481-7f0e76f5fa64,38,1.2666666666666666,right_heel,0.5,0.5,0.0,540.0,960.0,0.5
4f3dc90e-0e11-4fbb-a481-7f0e76f5fa64,38,1.2666666666666666,left_foot_index,0.5,0.5,0.0,540.0,960.0,0.5
4f3dc90e-0e11-4fbb-a481-7f0e76f5fa64,38,1.2666666666666666,right_foot_index,0.5,0.5,0.0,540.0,960.0,0.5
4f3dc90e-0e11-4fbb-a481-7f0e76f5fa64,39,1.3,nose,0.5,0.5,0.0,540.0,960.0,0.5
4f3dc90e-0e11-4fbb-a481-7f0e76f5fa64,39,1.3,left_shoulder,0.5,0.5,0.0,540.0,960.0,0.5
4f3dc90e-0e11-4fbb-a481-7f0e76f5fa64,39,1.3,right_shoulder,0.5,0.5,0.0,540.0,960.0,0.5
4f3dc90e-0e11-4fbb-a481-7f0e76f5fa64,39,1.3,left_elbow,0.5,0.5,0.0,540.0,960.0,0.5
4f3dc90e-0e11-4fbb-a481-7f0e76f5fa64,39,1.3,right_elbow,0.5,0.5,0.0,540.0,960.0,0.5
4f3dc90e-0e11-4fbb-a481-7f0e76f5fa64,39,1.3,left_wrist,0.5,0.5,0.0,540.0,960.0,0.5
4f3dc90e-0e11-4fbb-a481-7f0e76f5fa64,39,1.3,right_wrist,0.5,0.5,0.0,540.0,960.0,0.5
4f3dc90e-0e11-4fbb-a481-7f0e76f5fa64,39,1.3,left_hip,0.5,0.5,0.0,540.0,960.0,0.5
4f3dc90e-0e11-4fbb-a481-7f0e76f5fa64,39,1.3,right_hip,0.5,0.5,0.0,540.0,960.0,0.5
4f3dc90e-0e11-4fbb-a481-7f0e76f5fa64,39,1.3,left_knee,0.5,0.5,0.0,540.0,960.0,0.5
4f3dc90e-0e11-4fbb-a481-7f0e76f5fa64,39,1.3,right_knee,0.5,0.5,0.0,540.0,960.0,0.5
4f3dc90e-0e11-4fbb-a481-7f0e76f5fa64,39,1.3,left_ankle,0.5,0.5,0.0,540.0,960.0,0.5
4f3dc90e-0e11-4fbb-a481-7f0e76f5fa64,39,1.3,right_ankle,0.5,0.5,0.0,540.0,960.0,0.5
4f3dc90e-0e11-4fbb-a481-7f0e76f5fa64,39,1.3,left_heel,0.5,0.5,0.0,540.0,960.0,0.5
4f3dc90e-0e11-4fbb-a481-7f0e76f5fa64,39,1.3,right_heel,0.5,0.5,0.0,540.0,960.0,0.5
4f3dc90e-0e11-4fbb-a481-7f0e76f5fa64,39,1.3,left_foot_index,0.5,0.5,0.0,540.0,960.0,0.5
4f3dc90e-0e11-4fbb-a481-7f0e76f5fa64,39,1.3,right_foot_index,0.5,0.5,0.0,540.0,960.0,0.5
4f3dc90e-0e11-4fbb-a481-7f0e76f5fa64,40,1.3333333333333333,nose,0.5,0.5,0.0,540.0,960.0,0.5
4f3dc90e-0e11-4fbb-a481-7f0e76f5fa64,40,1.3333333333333333,left_shoulder,0.5,0.5,0.0,540.0,960.0,0.5
4f3dc90e-0e11-4fbb-a481-7f0e76f5fa64,40,1.3333333333333333,right_shoulder,0.5,0.5,0.0,540.0,960.0,0.5
4f3dc90e-0e11-4fbb-a481-7f0e76f5fa64,40,1.3333333333333333,left_elbow,0.5,0.5,0.0,540.0,960.0,0.5
4f3dc90e-0e11-4fbb-a481-7f0e76f5fa64,40,1.3333333333333333,right_elbow,0.5,0.5,0.0,540.0,960.0,0.5
4f3dc90e-0e11-4fbb-a481-7f0e76f5fa64,40,1.3333333333333333,left_wrist,0.5,0.5,0.0,540.0,960.0,0.5
4f3dc90e-0e11-4fbb-a481-7f0e76f5fa64,40,1.3333333333333333,right_wrist,0.5,0.5,0.0,540.0,960.0,0.5
4f3dc90e-0e11-4fbb-a481-7f0e76f5fa64,40,1.3333333333333333,left_hip,0.5,0.5,0.0,540.0,960.0,0.5
4f3dc90e-0e11-4fbb-a481-7f0e76f5fa64,40,1.3333333333333333,right_hip,0.5,0.5,0.0,540.0,960.0,0.5
4f3dc90e-0e11-4fbb-a481-7f0e76f5fa64,40,1.3333333333333333,left_knee,0.5,0.5,0.0,540.0,960.0,0.5
4f3dc90e-0e11-4fbb-a481-7f0e76f5fa64,40,1.3333333333333333,right_knee,0.5,0.5,0.0,540.0,960.0,0.5
4f3dc90e-0e11-4fbb-a481-7f0e76f5fa64,40,1.3333333333333333,left_ankle,0.5,0.5,0.0,540.0,960.0,0.5
4f3dc90e-0e11-4fbb-a481-7f0e76f5fa64,40,1.3333333333333333,right_ankle,0.5,0.5,0.0,540.0,960.0,0.5
4f3dc90e-0e11-4fbb-a481-7f0e76f5fa64,40,1.3333333333333333,left_heel,0.5,0.5,0.0,540.0,960.0,0.5
4f3dc90e-0e11-4fbb-a481-7f0e76f5fa64,40,1.3333333333333333,right_heel,0.5,0.5,0.0,540.0,960.0,0.5
4f3dc90e-0e11-4fbb-a481-7f0e76f5fa64,40,1.3333333333333333,left_foot_index,0.5,0.5,0.0,540.0,960.0,0.5
4f3dc90e-0e11-4fbb-a481-7f0e76f5fa64,40,1.3333333333333333,right_foot_index,0.5,0.5,0.0,540.0,960.0,0.5
4f3dc90e-0e11-4fbb-a481-7f0e76f5fa64,41,1.3666666666666667,nose,0.5,0.5,0.0,540.0,960.0,0.5
4f3dc90e-0e11-4fbb-a481-7f0e76f5fa64,41,1.3666666666666667,left_shoulder,0.5,0.5,0.0,540.0,960.0,0.5
4f3dc90e-0e11-4fbb-a481-7f0e76f5fa64,41,1.3666666666666667,right_shoulder,0.5,0.5,0.0,540.0,960.0,0.5
4f3dc90e-0e11-4fbb-a481-7f0e76f5fa64,41,1.3666666666666667,left_elbow,0.5,0.5,0.0,540.0,960.0,0.5
4f3dc90e-0e11-4fbb-a481-7f0e76f5fa64,41,1.3666666666666667,right_elbow,0.5,0.5,0.0,540.0,960.0,0.5
4f3dc90e-0e11-4fbb-a481-7f0e76f5fa64,41,1.3666666666666667,left_wrist,0.5,0.5,0.0,540.0,960.0,0.5
4f3dc90e-0e11-4fbb-a481-7f0e76f5fa64,41,1.3666666666666667,right_wrist,0.5,0.5,0.0,540.0,960.0,0.5
4f3dc90e-0e11-4fbb-a481-7f0e76f5fa64,41,1.3666666666666667,left_hip,0.5,0.5,0.0,540.0,960.0,0.5
4f3dc90e-0e11-4fbb-a481-7f0e76f5fa64,41,1.3666666666666667,right_hip,0.5,0.5,0.0,540.0,960.0,0.5
4f3dc90e-0e11-4fbb-a481-7f0e76f5fa64,41,1.3666666666666667,left_knee,0.5,0.5,0.0,540.0,960.0,0.5
4f3dc90e-0e11-4fbb-a481-7f0e76f5fa64,41,1.3666666666666667,right_knee,0.5,0.5,0.0,540.0,960.0,0.5
4f3dc90e-0e11-4fbb-a481-7f0e76f5fa64,41,1.3666666666666667,left_ankle,0.5,0.5,0.0,540.0,960.0,0.5
4f3dc90e-0e11-4fbb-a481-7f0e76f5fa64,41,1.3666666666666667,right_ankle,0.5,0.5,0.0,540.0,960.0,0.5
4f3dc90e-0e11-4fbb-a481-7f0e76f5fa64,41,1.3666666666666667,left_heel,0.5,0.5,0.0,540.0,960.0,0.5
4f3dc90e-0e11-4fbb-a481-7f0e76f5fa64,41,1.3666666666666667,right_heel,0.5,0.5,0.0,540.0,960.0,0.5
4f3dc90e-0e11-4fbb-a481-7f0e76f5fa64,41,1.3666666666666667,left_foot_index,0.5,0.5,0.0,540.0,960.0,0.5
4f3dc90e-0e11-4fbb-a481-7f0e76f5fa64,41,1.3666666666666667,right_foot_index,0.5,0.5,0.0,540.0,960.0,0.5
4f3dc90e-0e11-4fbb-a481-7f0e76f5fa64,42,1.4,nose,0.5,0.5,0.0,540.0,960.0,0.5
4f3dc90e-0e11-4fbb-a481-7f0e76f5fa64,42,1.4,left_shoulder,0.5,0.5,0.0,540.0,960.0,0.5
4f3dc90e-0e11-4fbb-a481-7f0e76f5fa64,42,1.4,right_shoulder,0.5,0.5,0.0,540.0,960.0,0.5
4f3dc90e-0e11-4fbb-a481-7f0e76f5fa64,42,1.4,left_elbow,0.5,0.5,0.0,540.0,960.0,0.5
4f3dc90e-0e11-4fbb-a481-7f0e76f5fa64,42,1.4,right_elbow,0.5,0.5,0.0,540.0,960.0,0.5
4f3dc90e-0e11-4fbb-a481-7f0e76f5fa64,42,1.4,left_wrist,0.5,0.5,0.0,540.0,960.0,0.5
4f3dc90e-0e11-4fbb-a481-7f0e76f5fa64,42,1.4,right_wrist,0.5,0.5,0.0,540.0,960.0,0.5
4f3dc90e-0e11-4fbb-a481-7f0e76f5fa64,42,1.4,left_hip,0.5,0.5,0.0,540.0,960.0,0.5
4f3dc90e-0e11-4fbb-a481-7f0e76f5fa64,42,1.4,right_hip,0.5,0.5,0.0,540.0,960.0,0.5
4f3dc90e-0e11-4fbb-a481-7f0e76f5fa64,42,1.4,left_knee,0.5,0.5,0.0,540.0,960.0,0.5
4f3dc90e-0e11-4fbb-a481-7f0e76f5fa64,42,1.4,right_knee,0.5,0.5,0.0,540.0,960.0,0.5
4f3dc90e-0e11-4fbb-a481-7f0e76f5fa64,42,1.4,left_ankle,0.5,0.5,0.0,540.0,960.0,0.5
4f3dc90e-0e11-4fbb-a481-7f0e76f5fa64,42,1.4,right_ankle,0.5,0.5,0.0,540.0,960.0,0.5
4f3dc90e-0e11-4fbb-a481-7f0e76f5fa64,42,1.4,left_heel,0.5,0.5,0.0,540.0,960.0,0.5
4f3dc90e-0e11-4fbb-a481-7f0e76f5fa64,42,1.4,right_heel,0.5,0.5,0.0,540.0,960.0,0.5
4f3dc90e-0e11-4fbb-a481-7f0e76f5fa64,42,1.4,left_foot_index,0.5,0.5,0.0,540.0,960.0,0.5
4f3dc90e-0e11-4fbb-a481-7f0e76f5fa64,42,1.4,right_foot_index,0.5,0.5,0.0,540.0,960.0,0.5
4f3dc90e-0e11-4fbb-a481-7f0e76f5fa64,43,1.4333333333333333,nose,0.5,0.5,0.0,540.0,960.0,0.5
4f3dc90e-0e11-4fbb-a481-7f0e76f5fa64,43,1.4333333333333333,left_shoulder,0.5,0.5,0.0,540.0,960.0,0.5
4f3dc90e-0e11-4fbb-a481-7f0e76f5fa64,43,1.4333333333333333,right_shoulder,0.5,0.5,0.0,540.0,960.0,0.5
4f3dc90e-0e11-4fbb-a481-7f0e76f5fa64,43,1.4333333333333333,left_elbow,0.5,0.5,0.0,540.0,960.0,0.5
4f3dc90e-0e11-4fbb-a481-7f0e76f5fa64,43,1.4333333333333333,right_elbow,0.5,0.5,0.0,540.0,960.0,0.5
4f3dc90e-0e11-4fbb-a481-7f0e76f5fa64,43,1.4333333333333333,left_wrist,0.5,0.5,0.0,540.0,960.0,0.5
4f3dc90e-0e11-4fbb-a481-7f0e76f5fa64,43,1.4333333333333333,right_wrist,0.5,0.5,0.0,540.0,960.0,0.5
4f3dc90e-0e11-4fbb-a481-7f0e76f5fa64,43,1.4333333333333333,left_hip,0.5,0.5,0.0,540.0,960.0,0.5
4f3dc90e-0e11-4fbb-a481-7f0e76f5fa64,43,1.4333333333333333,right_hip,0.5,0.5,0.0,540.0,960.0,0.5
4f3dc90e-0e11-4fbb-a481-7f0e76f5fa64,43,1.4333333333333333,left_knee,0.5,0.5,0.0,540.0,960.0,0.5
4f3dc90e-0e11-4fbb-a481-7f0e76f5fa64,43,1.4333333333333333,right_knee,0.5,0.5,0.0,540.0,960.0,0.5
4f3dc90e-0e11-4fbb-a481-7f0e76f5fa64,43,1.4333333333333333,left_ankle,0.5,0.5,0.0,540.0,960.0,0.5
4f3dc90e-0e11-4fbb-a481-7f0e76f5fa64,43,1.4333333333333333,right_ankle,0.5,0.5,0.0,540.0,960.0,0.5
4f3dc90e-0e11-4fbb-a481-7f0e76f5fa64,43,1.4333333333333333,left_heel,0.5,0.5,0.0,540.0,960.0,0.5
4f3dc90e-0e11-4fbb-a481-7f0e76f5fa64,43,1.4333333333333333,right_heel,0.5,0.5,0.0,540.0,960.0,0.5
4f3dc90e-0e11-4fbb-a481-7f0e76f5fa64,43,1.4333333333333333,left_foot_index,0.5,0.5,0.0,540.0,960.0,0.5
4f3dc90e-0e11-4fbb-a481-7f0e76f5fa64,43,1.4333333333333333,right_foot_index,0.5,0.5,0.0,540.0,960.0,0.5
4f3dc90e-0e11-4fbb-a481-7f0e76f5fa64,44,1.4666666666666666,nose,0.5,0.5,0.0,540.0,960.0,0.5
4f3dc90e-0e11-4fbb-a481-7f0e76f5fa64,44,1.4666666666666666,left_shoulder,0.5,0.5,0.0,540.0,960.0,0.5
4f3dc90e-0e11-4fbb-a481-7f0e76f5fa64,44,1.4666666666666666,right_shoulder,0.5,0.5,0.0,540.0,960.0,0.5
4f3dc90e-0e11-4fbb-a481-7f0e76f5fa64,44,1.4666666666666666,left_elbow,0.5,0.5,0.0,540.0,960.0,0.5
4f3dc90e-0e11-4fbb-a481-7f0e76f5fa64,44,1.4666666666666666,right_elbow,0.5,0.5,0.0,540.0,960.0,0.5
4f3dc90e-0e11-4fbb-a481-7f0e76f5fa64,44,1.4666666666666666,left_wrist,0.5,0.5,0.0,540.0,960.0,0.5
4f3dc90e-0e11-4fbb-a481-7f0e76f5fa64,44,1.4666666666666666,right_wrist,0.5,0.5,0.0,540.0,960.0,0.5
4f3dc90e-0e11-4fbb-a481-7f0e76f5fa64,44,1.4666666666666666,left_hip,0.5,0.5,0.0,540.0,960.0,0.5
4f3dc90e-0e11-4fbb-a481-7f0e76f5fa64,44,1.4666666666666666,right_hip,0.5,0.5,0.0,540.0,960.0,0.5
4f3dc90e-0e11-4fbb-a481-7f0e76f5fa64,44,1.4666666666666666,left_knee,0.5,0.5,0.0,540.0,960.0,0.5
4f3dc90e-0e11-4fbb-a481-7f0e76f5fa64,44,1.4666666666666666,right_knee,0.5,0.5,0.0,540.0,960.0,0.5
4f3dc90e-0e11-4fbb-a481-7f0e76f5fa64,44,1.4666666666666666,left_ankle,0.5,0.5,0.0,540.0,960.0,0.5
4f3dc90e-0e11-4fbb-a481-7f0e76f5fa64,44,1.4666666666666666,right_ankle,0.5,0.5,0.0,540.0,960.0,0.5
4f3dc90e-0e11-4fbb-a481-7f0e76f5fa64,44,1.4666666666666666,left_heel,0.5,0.5,0.0,540.0,960.0,0.5
4f3dc90e-0e11-4fbb-a481-7f0e76f5fa64,44,1.4666666666666666,right_heel,0.5,0.5,0.0,540.0,960.0,0.5
4f3dc90e-0e11-4fbb-a481-7f0e76f5fa64,44,1.4666666666666666,left_foot_index,0.5,0.5,0.0,540.0,960.0,0.5
4f3dc90e-0e11-4fbb-a481-7f0e76f5fa64,44,1.4666666666666666,right_foot_index,0.5,0.5,0.0,540.0,960.0,0.5
4f3dc90e-0e11-4fbb-a481-7f0e76f5fa64,45,1.5,nose,0.5,0.5,0.0,540.0,960.0,0.5
4f3dc90e-0e11-4fbb-a481-7f0e76f5fa64,45,1.5,left_shoulder,0.5,0.5,0.0,540.0,960.0,0.5
4f3dc90e-0e11-4fbb-a481-7f0e76f5fa64,45,1.5,right_shoulder,0.5,0.5,0.0,540.0,960.0,0.5
4f3dc90e-0e11-4fbb-a481-7f0e76f5fa64,45,1.5,left_elbow,0.5,0.5,0.0,540.0,960.0,0.5
4f3dc90e-0e11-4fbb-a481-7f0e76f5fa64,45,1.5,right_elbow,0.5,0.5,0.0,540.0,960.0,0.5
4f3dc90e-0e11-4fbb-a481-7f0e76f5fa64,45,1.5,left_wrist,0.5,0.5,0.0,540.0,960.0,0.5
4f3dc90e-0e11-4fbb-a481-7f0e76f5fa64,45,1.5,right_wrist,0.5,0.5,0.0,540.0,960.0,0.5
4f3dc90e-0e11-4fbb-a481-7f0e76f5fa64,45,1.5,left_hip,0.5,0.5,0.0,540.0,960.0,0.5
4f3dc90e-0e11-4fbb-a481-7f0e76f5fa64,45,1.5,right_hip,0.5,0.5,0.0,540.0,960.0,0.5
4f3dc90e-0e11-4fbb-a481-7f0e76f5fa64,45,1.5,left_knee,0.5,0.5,0.0,540.0,960.0,0.5
4f3dc90e-0e11-4fbb-a481-7f0e76f5fa64,45,1.5,right_knee,0.5,0.5,0.0,540.0,960.0,0.5
4f3dc90e-0e11-4fbb-a481-7f0e76f5fa64,45,1.5,left_ankle,0.5,0.5,0.0,540.0,960.0,0.5
4f3dc90e-0e11-4fbb-a481-7f0e76f5fa64,45,1.5,right_ankle,0.5,0.5,0.0,540.0,960.0,0.5
4f3dc90e-0e11-4fbb-a481-7f0e76f5fa64,45,1.5,left_heel,0.5,0.5,0.0,540.0,960.0,0.5
4f3dc90e-0e11-4fbb-a481-7f0e76f5fa64,45,1.5,right_heel,0.5,0.5,0.0,540.0,960.0,0.5
4f3dc90e-0e11-4fbb-a481-7f0e76f5fa64,45,1.5,left_foot_index,0.5,0.5,0.0,540.0,960.0,0.5
4f3dc90e-0e11-4fbb-a481-7f0e76f5fa64,45,1.5,right_foot_index,0.5,0.5,0.0,540.0,960.0,0.5
4f3dc90e-0e11-4fbb-a481-7f0e76f5fa64,46,1.5333333333333334,nose,0.5,0.5,0.0,540.0,960.0,0.5
4f3dc90e-0e11-4fbb-a481-7f0e76f5fa64,46,1.5333333333333334,left_shoulder,0.5,0.5,0.0,540.0,960.0,0.5
4f3dc90e-0e11-4fbb-a481-7f0e76f5fa64,46,1.5333333333333334,right_shoulder,0.5,0.5,0.0,540.0,960.0,0.5
4f3dc90e-0e11-4fbb-a481-7f0e76f5fa64,46,1.5333333333333334,left_elbow,0.5,0.5,0.0,540.0,960.0,0.5
4f3dc90e-0e11-4fbb-a481-7f0e76f5fa64,46,1.5333333333333334,right_elbow,0.5,0.5,0.0,540.0,960.0,0.5
4f3dc90e-0e11-4fbb-a481-7f0e76f5fa64,46,1.5333333333333334,left_wrist,0.5,0.5,0.0,540.0,960.0,0.5
4f3dc90e-0e11-4fbb-a481-7f0e76f5fa64,46,1.5333333333333334,right_wrist,0.5,0.5,0.0,540.0,960.0,0.5
4f3dc90e-0e11-4fbb-a481-7f0e76f5fa64,46,1.5333333333333334,left_hip,0.5,0.5,0.0,540.0,960.0,0.5
4f3dc90e-0e11-4fbb-a481-7f0e76f5fa64,46,1.5333333333333334,right_hip,0.5,0.5,0.0,540.0,960.0,0.5
4f3dc90e-0e11-4fbb-a481-7f0e76f5fa64,46,1.5333333333333334,left_knee,0.5,0.5,0.0,540.0,960.0,0.5
4f3dc90e-0e11-4fbb-a481-7f0e76f5fa64,46,1.5333333333333334,right_knee,0.5,0.5,0.0,540.0,960.0,0.5
4f3dc90e-0e11-4fbb-a481-7f0e76f5fa64,46,1.5333333333333334,left_ankle,0.5,0.5,0.0,540.0,960.0,0.5
4f3dc90e-0e11-4fbb-a481-7f0e76f5fa64,46,1.5333333333333334,right_ankle,0.5,0.5,0.0,540.0,960.0,0.5
4f3dc90e-0e11-4fbb-a481-7f0e76f5fa64,46,1.5333333333333334,left_heel,0.5,0.5,0.0,540.0,960.0,0.5
4f3dc90e-0e11-4fbb-a481-7f0e76f5fa64,46,1.5333333333333334,right_heel,0.5,0.5,0.0,540.0,960.0,0.5
4f3dc90e-0e11-4fbb-a481-7f0e76f5fa64,46,1.5333333333333334,left_foot_index,0.5,0.5,0.0,540.0,960.0,0.5
4f3dc90e-0e11-4fbb-a481-7f0e76f5fa64,46,1.5333333333333334,right_foot_index,0.5,0.5,0.0,540.0,960.0,0.5
4f3dc90e-0e11-4fbb-a481-7f0e76f5fa64,47,1.5666666666666667,nose,0.5,0.5,0.0,540.0,960.0,0.5
4f3dc90e-0e11-4fbb-a481-7f0e76f5fa64,47,1.5666666666666667,left_shoulder,0.5,0.5,0.0,540.0,960.0,0.5
4f3dc90e-0e11-4fbb-a481-7f0e76f5fa64,47,1.5666666666666667,right_shoulder,0.5,0.5,0.0,540.0,960.0,0.5
4f3dc90e-0e11-4fbb-a481-7f0e76f5fa64,47,1.5666666666666667,left_elbow,0.5,0.5,0.0,540.0,960.0,0.5
4f3dc90e-0e11-4fbb-a481-7f0e76f5fa64,47,1.5666666666666667,right_elbow,0.5,0.5,0.0,540.0,960.0,0.5
4f3dc90e-0e11-4fbb-a481-7f0e76f5fa64,47,1.5666666666666667,left_wrist,0.5,0.5,0.0,540.0,960.0,0.5
4f3dc90e-0e11-4fbb-a481-7f0e76f5fa64,47,1.5666666666666667,right_wrist,0.5,0.5,0.0,540.0,960.0,0.5
4f3dc90e-0e11-4fbb-a481-7f0e76f5fa64,47,1.5666666666666667,left_hip,0.5,0.5,0.0,540.0,960.0,0.5
4f3dc90e-0e11-4fbb-a481-7f0e76f5fa64,47,1.5666666666666667,right_hip,0.5,0.5,0.0,540.0,960.0,0.5
4f3dc90e-0e11-4fbb-a481-7f0e76f5fa64,47,1.5666666666666667,left_knee,0.5,0.5,0.0,540.0,960.0,0.5
4f3dc90e-0e11-4fbb-a481-7f0e76f5fa64,47,1.5666666666666667,right_knee,0.5,0.5,0.0,540.0,960.0,0.5
4f3dc90e-0e11-4fbb-a481-7f0e76f5fa64,47,1.5666666666666667,left_ankle,0.5,0.5,0.0,540.0,960.0,0.5
4f3dc90e-0e11-4fbb-a481-7f0e76f5fa64,47,1.5666666666666667,right_ankle,0.5,0.5,0.0,540.0,960.0,0.5
4f3dc90e-0e11-4fbb-a481-7f0e76f5fa64,47,1.5666666666666667,left_heel,0.5,0.5,0.0,540.0,960.0,0.5
4f3dc90e-0e11-4fbb-a481-7f0e76f5fa64,47,1.5666666666666667,right_heel,0.5,0.5,0.0,540.0,960.0,0.5
4f3dc90e-0e11-4fbb-a481-7f0e76f5fa64,47,1.5666666666666667,left_foot_index,0.5,0.5,0.0,540.0,960.0,0.5
4f3dc90e-0e11-4fbb-a481-7f0e76f5fa64,47,1.5666666666666667,right_foot_index,0.5,0.5,0.0,540.0,960.0,0.5
4f3dc90e-0e11-4fbb-a481-7f0e76f5fa64,48,1.6,nose,0.5,0.5,0.0,540.0,960.0,0.5
4f3dc90e-0e11-4fbb-a481-7f0e76f5fa64,48,1.6,left_shoulder,0.5,0.5,0.0,540.0,960.0,0.5
4f3dc90e-0e11-4fbb-a481-7f0e76f5fa64,48,1.6,right_shoulder,0.5,0.5,0.0,540.0,960.0,0.5
4f3dc90e-0e11-4fbb-a481-7f0e76f5fa64,48,1.6,left_elbow,0.5,0.5,0.0,540.0,960.0,0.5
4f3dc90e-0e11-4fbb-a481-7f0e76f5fa64,48,1.6,right_elbow,0.5,0.5,0.0,540.0,960.0,0.5
4f3dc90e-0e11-4fbb-a481-7f0e76f5fa64,48,1.6,left_wrist,0.5,0.5,0.0,540.0,960.0,0.5
4f3dc90e-0e11-4fbb-a481-7f0e76f5fa64,48,1.6,right_wrist,0.5,0.5,0.0,540.0,960.0,0.5
4f3dc90e-0e11-4fbb-a481-7f0e76f5fa64,48,1.6,left_hip,0.5,0.5,0.0,540.0,960.0,0.5
4f3dc90e-0e11-4fbb-a481-7f0e76f5fa64,48,1.6,right_hip,0.5,0.5,0.0,540.0,960.0,0.5
4f3dc90e-0e11-4fbb-a481-7f0e76f5fa64,48,1.6,left_knee,0.5,0.5,0.0,540.0,960.0,0.5
4f3dc90e-0e11-4fbb-a481-7f0e76f5fa64,48,1.6,right_knee,0.5,0.5,0.0,540.0,960.0,0.5
4f3dc90e-0e11-4fbb-a481-7f0e76f5fa64,48,1.6,left_ankle,0.5,0.5,0.0,540.0,960.0,0.5
4f3dc90e-0e11-4fbb-a481-7f0e76f5fa64,48,1.6,right_ankle,0.5,0.5,0.0,540.0,960.0,0.5
4f3dc90e-0e11-4fbb-a481-7f0e76f5fa64,48,1.6,left_heel,0.5,0.5,0.0,540.0,960.0,0.5
4f3dc90e-0e11-4fbb-a481-7f0e76f5fa64,48,1.6,right_heel,0.5,0.5,0.0,540.0,960.0,0.5
4f3dc90e-0e11-4fbb-a481-7f0e76f5fa64,48,1.6,left_foot_index,0.5,0.5,0.0,540.0,960.0,0.5
4f3dc90e-0e11-4fbb-a481-7f0e76f5fa64,48,1.6,right_foot_index,0.5,0.5,0.0,540.0,960.0,0.5
4f3dc90e-0e11-4fbb-a481-7f0e76f5fa64,49,1.6333333333333333,nose,0.5,0.5,0.0,540.0,960.0,0.5
4f3dc90e-0e11-4fbb-a481-7f0e76f5fa64,49,1.6333333333333333,left_shoulder,0.5,0.5,0.0,540.0,960.0,0.5
4f3dc90e-0e11-4fbb-a481-7f0e76f5fa64,49,1.6333333333333333,right_shoulder,0.5,0.5,0.0,540.0,960.0,0.5
4f3dc90e-0e11-4fbb-a481-7f0e76f5fa64,49,1.6333333333333333,left_elbow,0.5,0.5,0.0,540.0,960.0,0.5
4f3dc90e-0e11-4fbb-a481-7f0e76f5fa64,49,1.6333333333333333,right_elbow,0.5,0.5,0.0,540.0,960.0,0.5
4f3dc90e-0e11-4fbb-a481-7f0e76f5fa64,49,1.6333333333333333,left_wrist,0.5,0.5,0.0,540.0,960.0,0.5
4f3dc90e-0e11-4fbb-a481-7f0e76f5fa64,49,1.6333333333333333,right_wrist,0.5,0.5,0.0,540.0,960.0,0.5
4f3dc90e-0e11-4fbb-a481-7f0e76f5fa64,49,1.6333333333333333,left_hip,0.5,0.5,0.0,540.0,960.0,0.5
4f3dc90e-0e11-4fbb-a481-7f0e76f5fa64,49,1.6333333333333333,right_hip,0.5,0.5,0.0,540.0,960.0,0.5
4f3dc90e-0e11-4fbb-a481-7f0e76f5fa64,49,1.6333333333333333,left_knee,0.5,0.5,0.0,540.0,960.0,0.5
4f3dc90e-0e11-4fbb-a481-7f0e76f5fa64,49,1.6333333333333333,right_knee,0.5,0.5,0.0,540.0,960.0,0.5
4f3dc90e-0e11-4fbb-a481-7f0e76f5fa64,49,1.6333333333333333,left_ankle,0.5,0.5,0.0,540.0,960.0,0.5
4f3dc90e-0e11-4fbb-a481-7f0e76f5fa64,49,1.6333333333333333,right_ankle,0.5,0.5,0.0,540.0,960.0,0.5
4f3dc90e-0e11-4fbb-a481-7f0e76f5fa64,49,1.6333333333333333,left_heel,0.5,0.5,0.0,540.0,960.0,0.5
4f3dc90e-0e11-4fbb-a481-7f0e76f5fa64,49,1.6333333333333333,right_heel,0.5,0.5,0.0,540.0,960.0,0.5
4f3dc90e-0e11-4fbb-a481-7f0e76f5fa64,49,1.6333333333333333,left_foot_index,0.5,0.5,0.0,540.0,960.0,0.5
4f3dc90e-0e11-4fbb-a481-7f0e76f5fa64,49,1.6333333333333333,right_foot_index,0.5,0.5,0.0,540.0,960.0,0.5
4f3dc90e-0e11-4fbb-a481-7f0e76f5fa64,50,1.6666666666666667,nose,0.5,0.5,0.0,540.0,960.0,0.5
4f3dc90e-0e11-4fbb-a481-7f0e76f5fa64,50,1.6666666666666667,left_shoulder,0.5,0.5,0.0,540.0,960.0,0.5
4f3dc90e-0e11-4fbb-a481-7f0e76f5fa64,50,1.6666666666666667,right_shoulder,0.5,0.5,0.0,540.0,960.0,0.5
4f3dc90e-0e11-4fbb-a481-7f0e76f5fa64,50,1.6666666666666667,left_elbow,0.5,0.5,0.0,540.0,960.0,0.5
4f3dc90e-0e11-4fbb-a481-7f0e76f5fa64,50,1.6666666666666667,right_elbow,0.5,0.5,0.0,540.0,960.0,0.5
4f3dc90e-0e11-4fbb-a481-7f0e76f5fa64,50,1.6666666666666667,left_wrist,0.5,0.5,0.0,540.0,960.0,0.5
4f3dc90e-0e11-4fbb-a481-7f0e76f5fa64,50,1.6666666666666667,right_wrist,0.5,0.5,0.0,540.0,960.0,0.5
4f3dc90e-0e11-4fbb-a481-7f0e76f5fa64,50,1.6666666666666667,left_hip,0.5,0.5,0.0,540.0,960.0,0.5
4f3dc90e-0e11-4fbb-a481-7f0e76f5fa64,50,1.6666666666666667,right_hip,0.5,0.5,0.0,540.0,960.0,0.5
4f3dc90e-0e11-4fbb-a481-7f0e76f5fa64,50,1.6666666666666667,left_knee,0.5,0.5,0.0,540.0,960.0,0.5
4f3dc90e-0e11-4fbb-a481-7f0e76f5fa64,50,1.6666666666666667,right_knee,0.5,0.5,0.0,540.0,960.0,0.5
4f3dc90e-0e11-4fbb-a481-7f0e76f5fa64,50,1.6666666666666667,left_ankle,0.5,0.5,0.0,540.0,960.0,0.5
4f3dc90e-0e11-4fbb-a481-7f0e76f5fa64,50,1.6666666666666667,right_ankle,0.5,0.5,0.0,540.0,960.0,0.5
4f3dc90e-0e11-4fbb-a481-7f0e76f5fa64,50,1.6666666666666667,left_heel,0.5,0.5,0.0,540.0,960.0,0.5
4f3dc90e-0e11-4fbb-a481-7f0e76f5fa64,50,1.6666666666666667,right_heel,0.5,0.5,0.0,540.0,960.0,0.5
4f3dc90e-0e11-4fbb-a481-7f0e76f5fa64,50,1.6666666666666667,left_foot_index,0.5,0.5,0.0,540.0,960.0,0.5
4f3dc90e-0e11-4fbb-a481-7f0e76f5fa64,50,1.6666666666666667,right_foot_index,0.5,0.5,0.0,540.0,960.0,0.5
4f3dc90e-0e11-4fbb-a481-7f0e76f5fa64,51,1.7,nose,0.5,0.5,0.0,540.0,960.0,0.5
4f3dc90e-0e11-4fbb-a481-7f0e76f5fa64,51,1.7,left_shoulder,0.5,0.5,0.0,540.0,960.0,0.5
4f3dc90e-0e11-4fbb-a481-7f0e76f5fa64,51,1.7,right_shoulder,0.5,0.5,0.0,540.0,960.0,0.5
4f3dc90e-0e11-4fbb-a481-7f0e76f5fa64,51,1.7,left_elbow,0.5,0.5,0.0,540.0,960.0,0.5
4f3dc90e-0e11-4fbb-a481-7f0e76f5fa64,51,1.7,right_elbow,0.5,0.5,0.0,540.0,960.0,0.5
4f3dc90e-0e11-4fbb-a481-7f0e76f5fa64,51,1.7,left_wrist,0.5,0.5,0.0,540.0,960.0,0.5
4f3dc90e-0e11-4fbb-a481-7f0e76f5fa64,51,1.7,right_wrist,0.5,0.5,0.0,540.0,960.0,0.5
4f3dc90e-0e11-4fbb-a481-7f0e76f5fa64,51,1.7,left_hip,0.5,0.5,0.0,540.0,960.0,0.5
4f3dc90e-0e11-4fbb-a481-7f0e76f5fa64,51,1.7,right_hip,0.5,0.5,0.0,540.0,960.0,0.5
4f3dc90e-0e11-4fbb-a481-7f0e76f5fa64,51,1.7,left_knee,0.5,0.5,0.0,540.0,960.0,0.5
4f3dc90e-0e11-4fbb-a481-7f0e76f5fa64,51,1.7,right_knee,0.5,0.5,0.0,540.0,960.0,0.5
4f3dc90e-0e11-4fbb-a481-7f0e76f5fa64,51,1.7,left_ankle,0.5,0.5,0.0,540.0,960.0,0.5
4f3dc90e-0e11-4fbb-a481-7f0e76f5fa64,51,1.7,right_ankle,0.5,0.5,0.0,540.0,960.0,0.5
4f3dc90e-0e11-4fbb-a481-7f0e76f5fa64,51,1.7,left_heel,0.5,0.5,0.0,540.0,960.0,0.5
4f3dc90e-0e11-4fbb-a481-7f0e76f5fa64,51,1.7,right_heel,0.5,0.5,0.0,540.0,960.0,0.5
4f3dc90e-0e11-4fbb-a481-7f0e76f5fa64,51,1.7,left_foot_index,0.5,0.5,0.0,540.0,960.0,0.5
4f3dc90e-0e11-4fbb-a481-7f0e76f5fa64,51,1.7,right_foot_index,0.5,0.5,0.0,540.0,960.0,0.5
4f3dc90e-0e11-4fbb-a481-7f0e76f5fa64,52,1.7333333333333334,nose,0.5,0.5,0.0,540.0,960.0,0.5
4f3dc90e-0e11-4fbb-a481-7f0e76f5fa64,52,1.7333333333333334,left_shoulder,0.5,0.5,0.0,540.0,960.0,0.5
4f3dc90e-0e11-4fbb-a481-7f0e76f5fa64,52,1.7333333333333334,right_shoulder,0.5,0.5,0.0,540.0,960.0,0.5
4f3dc90e-0e11-4fbb-a481-7f0e76f5fa64,52,1.7333333333333334,left_elbow,0.5,0.5,0.0,540.0,960.0,0.5
4f3dc90e-0e11-4fbb-a481-7f0e76f5fa64,52,1.7333333333333334,right_elbow,0.5,0.5,0.0,540.0,960.0,0.5
4f3dc90e-0e11-4fbb-a481-7f0e76f5fa64,52,1.7333333333333334,left_wrist,0.5,0.5,0.0,540.0,960.0,0.5
4f3dc90e-0e11-4fbb-a481-7f0e76f5fa64,52,1.7333333333333334,right_wrist,0.5,0.5,0.0,540.0,960.0,0.5
4f3dc90e-0e11-4fbb-a481-7f0e76f5fa64,52,1.7333333333333334,left_hip,0.5,0.5,0.0,540.0,960.0,0.5
4f3dc90e-0e11-4fbb-a481-7f0e76f5fa64,52,1.7333333333333334,right_hip,0.5,0.5,0.0,540.0,960.0,0.5
4f3dc90e-0e11-4fbb-a481-7f0e76f5fa64,52,1.7333333333333334,left_knee,0.5,0.5,0.0,540.0,960.0,0.5
4f3dc90e-0e11-4fbb-a481-7f0e76f5fa64,52,1.7333333333333334,right_knee,0.5,0.5,0.0,540.0,960.0,0.5
4f3dc90e-0e11-4fbb-a481-7f0e76f5fa64,52,1.7333333333333334,left_ankle,0.5,0.5,0.0,540.0,960.0,0.5
4f3dc90e-0e11-4fbb-a481-7f0e76f5fa64,52,1.7333333333333334,right_ankle,0.5,0.5,0.0,540.0,960.0,0.5
4f3dc90e-0e11-4fbb-a481-7f0e76f5fa64,52,1.7333333333333334,left_heel,0.5,0.5,0.0,540.0,960.0,0.5
4f3dc90e-0e11-4fbb-a481-7f0e76f5fa64,52,1.7333333333333334,right_heel,0.5,0.5,0.0,540.0,960.0,0.5
4f3dc90e-0e11-4fbb-a481-7f0e76f5fa64,52,1.7333333333333334,left_foot_index,0.5,0.5,0.0,540.0,960.0,0.5
4f3dc90e-0e11-4fbb-a481-7f0e76f5fa64,52,1.7333333333333334,right_foot_index,0.5,0.5,0.0,540.0,960.0,0.5
4f3dc90e-0e11-4fbb-a481-7f0e76f5fa64,53,1.7666666666666666,nose,0.5,0.5,0.0,540.0,960.0,0.5
4f3dc90e-0e11-4fbb-a481-7f0e76f5fa64,53,1.7666666666666666,left_shoulder,0.5,0.5,0.0,540.0,960.0,0.5
4f3dc90e-0e11-4fbb-a481-7f0e76f5fa64,53,1.7666666666666666,right_shoulder,0.5,0.5,0.0,540.0,960.0,0.5
4f3dc90e-0e11-4fbb-a481-7f0e76f5fa64,53,1.7666666666666666,left_elbow,0.5,0.5,0.0,540.0,960.0,0.5
4f3dc90e-0e11-4fbb-a481-7f0e76f5fa64,53,1.7666666666666666,right_elbow,0.5,0.5,0.0,540.0,960.0,0.5
4f3dc90e-0e11-4fbb-a481-7f0e76f5fa64,53,1.7666666666666666,left_wrist,0.5,0.5,0.0,540.0,960.0,0.5
4f3dc90e-0e11-4fbb-a481-7f0e76f5fa64,53,1.7666666666666666,right_wrist,0.5,0.5,0.0,540.0,960.0,0.5
4f3dc90e-0e11-4fbb-a481-7f0e76f5fa64,53,1.7666666666666666,left_hip,0.5,0.5,0.0,540.0,960.0,0.5
4f3dc90e-0e11-4fbb-a481-7f0e76f5fa64,53,1.7666666666666666,right_hip,0.5,0.5,0.0,540.0,960.0,0.5
4f3dc90e-0e11-4fbb-a481-7f0e76f5fa64,53,1.7666666666666666,left_knee,0.5,0.5,0.0,540.0,960.0,0.5
4f3dc90e-0e11-4fbb-a481-7f0e76f5fa64,53,1.7666666666666666,right_knee,0.5,0.5,0.0,540.0,960.0,0.5
4f3dc90e-0e11-4fbb-a481-7f0e76f5fa64,53,1.7666666666666666,left_ankle,0.5,0.5,0.0,540.0,960.0,0.5
4f3dc90e-0e11-4fbb-a481-7f0e76f5fa64,53,1.7666666666666666,right_ankle,0.5,0.5,0.0,540.0,960.0,0.5
4f3dc90e-0e11-4fbb-a481-7f0e76f5fa64,53,1.7666666666666666,left_heel,0.5,0.5,0.0,540.0,960.0,0.5
4f3dc90e-0e11-4fbb-a481-7f0e76f5fa64,53,1.7666666666666666,right_heel,0.5,0.5,0.0,540.0,960.0,0.5
4f3dc90e-0e11-4fbb-a481-7f0e76f5fa64,53,1.7666666666666666,left_foot_index,0.5,0.5,0.0,540.0,960.0,0.5
4f3dc90e-0e11-4fbb-a481-7f0e76f5fa64,53,1.7666666666666666,right_foot_index,0.5,0.5,0.0,540.0,960.0,0.5
4f3dc90e-0e11-4fbb-a481-7f0e76f5fa64,54,1.8,nose,0.5,0.5,0.0,540.0,960.0,0.5
4f3dc90e-0e11-4fbb-a481-7f0e76f5fa64,54,1.8,left_shoulder,0.5,0.5,0.0,540.0,960.0,0.5
4f3dc90e-0e11-4fbb-a481-7f0e76f5fa64,54,1.8,right_shoulder,0.5,0.5,0.0,540.0,960.0,0.5
4f3dc90e-0e11-4fbb-a481-7f0e76f5fa64,54,1.8,left_elbow,0.5,0.5,0.0,540.0,960.0,0.5
4f3dc90e-0e11-4fbb-a481-7f0e76f5fa64,54,1.8,right_elbow,0.5,0.5,0.0,540.0,960.0,0.5
4f3dc90e-0e11-4fbb-a481-7f0e76f5fa64,54,1.8,left_wrist,0.5,0.5,0.0,540.0,960.0,0.5
4f3dc90e-0e11-4fbb-a481-7f0e76f5fa64,54,1.8,right_wrist,0.5,0.5,0.0,540.0,960.0,0.5
4f3dc90e-0e11-4fbb-a481-7f0e76f5fa64,54,1.8,left_hip,0.5,0.5,0.0,540.0,960.0,0.5
4f3dc90e-0e11-4fbb-a481-7f0e76f5fa64,54,1.8,right_hip,0.5,0.5,0.0,540.0,960.0,0.5
4f3dc90e-0e11-4fbb-a481-7f0e76f5fa64,54,1.8,left_knee,0.5,0.5,0.0,540.0,960.0,0.5
4f3dc90e-0e11-4fbb-a481-7f0e76f5fa64,54,1.8,right_knee,0.5,0.5,0.0,540.0,960.0,0.5
4f3dc90e-0e11-4fbb-a481-7f0e76f5fa64,54,1.8,left_ankle,0.5,0.5,0.0,540.0,960.0,0.5
4f3dc90e-0e11-4fbb-a481-7f0e76f5fa64,54,1.8,right_ankle,0.5,0.5,0.0,540.0,960.0,0.5
4f3dc90e-0e11-4fbb-a481-7f0e76f5fa64,54,1.8,left_heel,0.5,0.5,0.0,540.0,960.0,0.5
4f3dc90e-0e11-4fbb-a481-7f0e76f5fa64,54,1.8,right_heel,0.5,0.5,0.0,540.0,960.0,0.5
4f3dc90e-0e11-4fbb-a481-7f0e76f5fa64,54,1.8,left_foot_index,0.5,0.5,0.0,540.0,960.0,0.5
4f3dc90e-0e11-4fbb-a481-7f0e76f5fa64,54,1.8,right_foot_index,0.5,0.5,0.0,540.0,960.0,0.5
4f3dc90e-0e11-4fbb-a481-7f0e76f5fa64,55,1.8333333333333333,nose,0.5,0.5,0.0,540.0,960.0,0.5
4f3dc90e-0e11-4fbb-a481-7f0e76f5fa64,55,1.8333333333333333,left_shoulder,0.5,0.5,0.0,540.0,960.0,0.5
4f3dc90e-0e11-4fbb-a481-7f0e76f5fa64,55,1.8333333333333333,right_shoulder,0.5,0.5,0.0,540.0,960.0,0.5
4f3dc90e-0e11-4fbb-a481-7f0e76f5fa64,55,1.8333333333333333,left_elbow,0.5,0.5,0.0,540.0,960.0,0.5
4f3dc90e-0e11-4fbb-a481-7f0e76f5fa64,55,1.8333333333333333,right_elbow,0.5,0.5,0.0,540.0,960.0,0.5
4f3dc90e-0e11-4fbb-a481-7f0e76f5fa64,55,1.8333333333333333,left_wrist,0.5,0.5,0.0,540.0,960.0,0.5
4f3dc90e-0e11-4fbb-a481-7f0e76f5fa64,55,1.8333333333333333,right_wrist,0.5,0.5,0.0,540.0,960.0,0.5
4f3dc90e-0e11-4fbb-a481-7f0e76f5fa64,55,1.8333333333333333,left_hip,0.5,0.5,0.0,540.0,960.0,0.5
4f3dc90e-0e11-4fbb-a481-7f0e76f5fa64,55,1.8333333333333333,right_hip,0.5,0.5,0.0,540.0,960.0,0.5
4f3dc90e-0e11-4fbb-a481-7f0e76f5fa64,55,1.8333333333333333,left_knee,0.5,0.5,0.0,540.0,960.0,0.5
4f3dc90e-0e11-4fbb-a481-7f0e76f5fa64,55,1.8333333333333333,right_knee,0.5,0.5,0.0,540.0,960.0,0.5
4f3dc90e-0e11-4fbb-a481-7f0e76f5fa64,55,1.8333333333333333,left_ankle,0.5,0.5,0.0,540.0,960.0,0.5
4f3dc90e-0e11-4fbb-a481-7f0e76f5fa64,55,1.8333333333333333,right_ankle,0.5,0.5,0.0,540.0,960.0,0.5
4f3dc90e-0e11-4fbb-a481-7f0e76f5fa64,55,1.8333333333333333,left_heel,0.5,0.5,0.0,540.0,960.0,0.5
4f3dc90e-0e11-4fbb-a481-7f0e76f5fa64,55,1.8333333333333333,right_heel,0.5,0.5,0.0,540.0,960.0,0.5
4f3dc90e-0e11-4fbb-a481-7f0e76f5fa64,55,1.8333333333333333,left_foot_index,0.5,0.5,0.0,540.0,960.0,0.5
4f3dc90e-0e11-4fbb-a481-7f0e76f5fa64,55,1.8333333333333333,right_foot_index,0.5,0.5,0.0,540.0,960.0,0.5
4f3dc90e-0e11-4fbb-a481-7f0e76f5fa64,56,1.8666666666666667,nose,0.5,0.5,0.0,540.0,960.0,0.5
4f3dc90e-0e11-4fbb-a481-7f0e76f5fa64,56,1.8666666666666667,left_shoulder,0.5,0.5,0.0,540.0,960.0,0.5
4f3dc90e-0e11-4fbb-a481-7f0e76f5fa64,56,1.8666666666666667,right_shoulder,0.5,0.5,0.0,540.0,960.0,0.5
4f3dc90e-0e11-4fbb-a481-7f0e76f5fa64,56,1.8666666666666667,left_elbow,0.5,0.5,0.0,540.0,960.0,0.5
4f3dc90e-0e11-4fbb-a481-7f0e76f5fa64,56,1.8666666666666667,right_elbow,0.5,0.5,0.0,540.0,960.0,0.5
4f3dc90e-0e11-4fbb-a481-7f0e76f5fa64,56,1.8666666666666667,left_wrist,0.5,0.5,0.0,540.0,960.0,0.5
4f3dc90e-0e11-4fbb-a481-7f0e76f5fa64,56,1.8666666666666667,right_wrist,0.5,0.5,0.0,540.0,960.0,0.5
4f3dc90e-0e11-4fbb-a481-7f0e76f5fa64,56,1.8666666666666667,left_hip,0.5,0.5,0.0,540.0,960.0,0.5
4f3dc90e-0e11-4fbb-a481-7f0e76f5fa64,56,1.8666666666666667,right_hip,0.5,0.5,0.0,540.0,960.0,0.5
4f3dc90e-0e11-4fbb-a481-7f0e76f5fa64,56,1.8666666666666667,left_knee,0.5,0.5,0.0,540.0,960.0,0.5
4f3dc90e-0e11-4fbb-a481-7f0e76f5fa64,56,1.8666666666666667,right_knee,0.5,0.5,0.0,540.0,960.0,0.5
4f3dc90e-0e11-4fbb-a481-7f0e76f5fa64,56,1.8666666666666667,left_ankle,0.5,0.5,0.0,540.0,960.0,0.5
4f3dc90e-0e11-4fbb-a481-7f0e76f5fa64,56,1.8666666666666667,right_ankle,0.5,0.5,0.0,540.0,960.0,0.5
4f3dc90e-0e11-4fbb-a481-7f0e76f5fa64,56,1.8666666666666667,left_heel,0.5,0.5,0.0,540.0,960.0,0.5
4f3dc90e-0e11-4fbb-a481-7f0e76f5fa64,56,1.8666666666666667,right_heel,0.5,0.5,0.0,540.0,960.0,0.5
4f3dc90e-0e11-4fbb-a481-7f0e76f5fa64,56,1.8666666666666667,left_foot_index,0.5,0.5,0.0,540.0,960.0,0.5
4f3dc90e-0e11-4fbb-a481-7f0e76f5fa64,56,1.8666666666666667,right_foot_index,0.5,0.5,0.0,540.0,960.0,0.5
4f3dc90e-0e11-4fbb-a481-7f0e76f5fa64,57,1.9,nose,0.5,0.5,0.0,540.0,960.0,0.5
4f3dc90e-0e11-4fbb-a481-7f0e76f5fa64,57,1.9,left_shoulder,0.5,0.5,0.0,540.0,960.0,0.5
4f3dc90e-0e11-4fbb-a481-7f0e76f5fa64,57,1.9,right_shoulder,0.5,0.5,0.0,540.0,960.0,0.5
4f3dc90e-0e11-4fbb-a481-7f0e76f5fa64,57,1.9,left_elbow,0.5,0.5,0.0,540.0,960.0,0.5
4f3dc90e-0e11-4fbb-a481-7f0e76f5fa64,57,1.9,right_elbow,0.5,0.5,0.0,540.0,960.0,0.5
4f3dc90e-0e11-4fbb-a481-7f0e76f5fa64,57,1.9,left_wrist,0.5,0.5,0.0,540.0,960.0,0.5
4f3dc90e-0e11-4fbb-a481-7f0e76f5fa64,57,1.9,right_wrist,0.5,0.5,0.0,540.0,960.0,0.5
4f3dc90e-0e11-4fbb-a481-7f0e76f5fa64,57,1.9,left_hip,0.5,0.5,0.0,540.0,960.0,0.5
4f3dc90e-0e11-4fbb-a481-7f0e76f5fa64,57,1.9,right_hip,0.5,0.5,0.0,540.0,960.0,0.5
4f3dc90e-0e11-4fbb-a481-7f0e76f5fa64,57,1.9,left_knee,0.5,0.5,0.0,540.0,960.0,0.5
4f3dc90e-0e11-4fbb-a481-7f0e76f5fa64,57,1.9,right_knee,0.5,0.5,0.0,540.0,960.0,0.5
4f3dc90e-0e11-4fbb-a481-7f0e76f5fa64,57,1.9,left_ankle,0.5,0.5,0.0,540.0,960.0,0.5
4f3dc90e-0e11-4fbb-a481-7f0e76f5fa64,57,1.9,right_ankle,0.5,0.5,0.0,540.0,960.0,0.5
4f3dc90e-0e11-4fbb-a481-7f0e76f5fa64,57,1.9,left_heel,0.5,0.5,0.0,540.0,960.0,0.5
4f3dc90e-0e11-4fbb-a481-7f0e76f5fa64,57,1.9,right_heel,0.5,0.5,0.0,540.0,960.0,0.5
4f3dc90e-0e11-4fbb-a481-7f0e76f5fa64,57,1.9,left_foot_index,0.5,0.5,0.0,540.0,960.0,0.5
4f3dc90e-0e11-4fbb-a481-7f0e76f5fa64,57,1.9,right_foot_index,0.5,0.5,0.0,540.0,960.0,0.5
4f3dc90e-0e11-4fbb-a481-7f0e76f5fa64,58,1.9333333333333333,nose,0.5,0.5,0.0,540.0,960.0,0.5
4f3dc90e-0e11-4fbb-a481-7f0e76f5fa64,58,1.9333333333333333,left_shoulder,0.5,0.5,0.0,540.0,960.0,0.5
4f3dc90e-0e11-4fbb-a481-7f0e76f5fa64,58,1.9333333333333333,right_shoulder,0.5,0.5,0.0,540.0,960.0,0.5
4f3dc90e-0e11-4fbb-a481-7f0e76f5fa64,58,1.9333333333333333,left_elbow,0.5,0.5,0.0,540.0,960.0,0.5
4f3dc90e-0e11-4fbb-a481-7f0e76f5fa64,58,1.9333333333333333,right_elbow,0.5,0.5,0.0,540.0,960.0,0.5
4f3dc90e-0e11-4fbb-a481-7f0e76f5fa64,58,1.9333333333333333,left_wrist,0.5,0.5,0.0,540.0,960.0,0.5
4f3dc90e-0e11-4fbb-a481-7f0e76f5fa64,58,1.9333333333333333,right_wrist,0.5,0.5,0.0,540.0,960.0,0.5
4f3dc90e-0e11-4fbb-a481-7f0e76f5fa64,58,1.9333333333333333,left_hip,0.5,0.5,0.0,540.0,960.0,0.5
4f3dc90e-0e11-4fbb-a481-7f0e76f5fa64,58,1.9333333333333333,right_hip,0.5,0.5,0.0,540.0,960.0,0.5
4f3dc90e-0e11-4fbb-a481-7f0e76f5fa64,58,1.9333333333333333,left_knee,0.5,0.5,0.0,540.0,960.0,0.5
4f3dc90e-0e11-4fbb-a481-7f0e76f5fa64,58,1.9333333333333333,right_knee,0.5,0.5,0.0,540.0,960.0,0.5
4f3dc90e-0e11-4fbb-a481-7f0e76f5fa64,58,1.9333333333333333,left_ankle,0.5,0.5,0.0,540.0,960.0,0.5
4f3dc90e-0e11-4fbb-a481-7f0e76f5fa64,58,1.9333333333333333,right_ankle,0.5,0.5,0.0,540.0,960.0,0.5
4f3dc90e-0e11-4fbb-a481-7f0e76f5fa64,58,1.9333333333333333,left_heel,0.5,0.5,0.0,540.0,960.0,0.5
4f3dc90e-0e11-4fbb-a481-7f0e76f5fa64,58,1.9333333333333333,right_heel,0.5,0.5,0.0,540.0,960.0,0.5
4f3dc90e-0e11-4fbb-a481-7f0e76f5fa64,58,1.9333333333333333,left_foot_index,0.5,0.5,0.0,540.0,960.0,0.5
4f3dc90e-0e11-4fbb-a481-7f0e76f5fa64,58,1.9333333333333333,right_foot_index,0.5,0.5,0.0,540.0,960.0,0.5
4f3dc90e-0e11-4fbb-a481-7f0e76f5fa64,59,1.9666666666666666,nose,0.5,0.5,0.0,540.0,960.0,0.5
4f3dc90e-0e11-4fbb-a481-7f0e76f5fa64,59,1.9666666666666666,left_shoulder,0.5,0.5,0.0,540.0,960.0,0.5
4f3dc90e-0e11-4fbb-a481-7f0e76f5fa64,59,1.9666666666666666,right_shoulder,0.5,0.5,0.0,540.0,960.0,0.5
4f3dc90e-0e11-4fbb-a481-7f0e76f5fa64,59,1.9666666666666666,left_elbow,0.5,0.5,0.0,540.0,960.0,0.5
4f3dc90e-0e11-4fbb-a481-7f0e76f5fa64,59,1.9666666666666666,right_elbow,0.5,0.5,0.0,540.0,960.0,0.5
4f3dc90e-0e11-4fbb-a481-7f0e76f5fa64,59,1.9666666666666666,left_wrist,0.5,0.5,0.0,540.0,960.0,0.5
4f3dc90e-0e11-4fbb-a481-7f0e76f5fa64,59,1.9666666666666666,right_wrist,0.5,0.5,0.0,540.0,960.0,0.5
4f3dc90e-0e11-4fbb-a481-7f0e76f5fa64,59,1.9666666666666666,left_hip,0.5,0.5,0.0,540.0,960.0,0.5
4f3dc90e-0e11-4fbb-a481-7f0e76f5fa64,59,1.9666666666666666,right_hip,0.5,0.5,0.0,540.0,960.0,0.5
4f3dc90e-0e11-4fbb-a481-7f0e76f5fa64,59,1.9666666666666666,left_knee,0.5,0.5,0.0,540.0,960.0,0.5
4f3dc90e-0e11-4fbb-a481-7f0e76f5fa64,59,1.9666666666666666,right_knee,0.5,0.5,0.0,540.0,960.0,0.5
4f3dc90e-0e11-4fbb-a481-7f0e76f5fa64,59,1.9666666666666666,left_ankle,0.5,0.5,0.0,540.0,960.0,0.5
4f3dc90e-0e11-4fbb-a481-7f0e76f5fa64,59,1.9666666666666666,right_ankle,0.5,0.5,0.0,540.0,960.0,0.5
4f3dc90e-0e11-4fbb-a481-7f0e76f5fa64,59,1.9666666666666666,left_heel,0.5,0.5,0.0,540.0,960.0,0.5
4f3dc90e-0e11-4fbb-a481-7f0e76f5fa64,59,1.9666666666666666,right_heel,0.5,0.5,0.0,540.0,960.0,0.5
4f3dc90e-0e11-4fbb-a481-7f0e76f5fa64,59,1.9666666666666666,left_foot_index,0.5,0.5,0.0,540.0,960.0,0.5
4f3dc90e-0e11-4fbb-a481-7f0e76f5fa64,59,1.9666666666666666,right_foot_index,0.5,0.5,0.0,540.0,960.0,0.5
4f3dc90e-0e11-4fbb-a481-7f0e76f5fa64,60,2.0,nose,0.5,0.5,0.0,540.0,960.0,0.5
4f3dc90e-0e11-4fbb-a481-7f0e76f5fa64,60,2.0,left_shoulder,0.5,0.5,0.0,540.0,960.0,0.5
4f3dc90e-0e11-4fbb-a481-7f0e76f5fa64,60,2.0,right_shoulder,0.5,0.5,0.0,540.0,960.0,0.5
4f3dc90e-0e11-4fbb-a481-7f0e76f5fa64,60,2.0,left_elbow,0.5,0.5,0.0,540.0,960.0,0.5
4f3dc90e-0e11-4fbb-a481-7f0e76f5fa64,60,2.0,right_elbow,0.5,0.5,0.0,540.0,960.0,0.5
4f3dc90e-0e11-4fbb-a481-7f0e76f5fa64,60,2.0,left_wrist,0.5,0.5,0.0,540.0,960.0,0.5
4f3dc90e-0e11-4fbb-a481-7f0e76f5fa64,60,2.0,right_wrist,0.5,0.5,0.0,540.0,960.0,0.5
4f3dc90e-0e11-4fbb-a481-7f0e76f5fa64,60,2.0,left_hip,0.5,0.5,0.0,540.0,960.0,0.5
4f3dc90e-0e11-4fbb-a481-7f0e76f5fa64,60,2.0,right_hip,0.5,0.5,0.0,540.0,960.0,0.5
4f3dc90e-0e11-4fbb-a481-7f0e76f5fa64,60,2.0,left_knee,0.5,0.5,0.0,540.0,960.0,0.5
4f3dc90e-0e11-4fbb-a481-7f0e76f5fa64,60,2.0,right_knee,0.5,0.5,0.0,540.0,960.0,0.5
4f3dc90e-0e11-4fbb-a481-7f0e76f5fa64,60,2.0,left_ankle,0.5,0.5,0.0,540.0,960.0,0.5
4f3dc90e-0e11-4fbb-a481-7f0e76f5fa64,60,2.0,right_ankle,0.5,0.5,0.0,540.0,960.0,0.5
4f3dc90e-0e11-4fbb-a481-7f0e76f5fa64,60,2.0,left_heel,0.5,0.5,0.0,540.0,960.0,0.5
4f3dc90e-0e11-4fbb-a481-7f0e76f5fa64,60,2.0,right_heel,0.5,0.5,0.0,540.0,960.0,0.5
4f3dc90e-0e11-4fbb-a481-7f0e76f5fa64,60,2.0,left_foot_index,0.5,0.5,0.0,540.0,960.0,0.5
4f3dc90e-0e11-4fbb-a481-7f0e76f5fa64,60,2.0,right_foot_index,0.5,0.5,0.0,540.0,960.0,0.5
4f3dc90e-0e11-4fbb-a481-7f0e76f5fa64,61,2.033333333333333,nose,0.5,0.5,0.0,540.0,960.0,0.5
4f3dc90e-0e11-4fbb-a481-7f0e76f5fa64,61,2.033333333333333,left_shoulder,0.5,0.5,0.0,540.0,960.0,0.5
4f3dc90e-0e11-4fbb-a481-7f0e76f5fa64,61,2.033333333333333,right_shoulder,0.5,0.5,0.0,540.0,960.0,0.5
4f3dc90e-0e11-4fbb-a481-7f0e76f5fa64,61,2.033333333333333,left_elbow,0.5,0.5,0.0,540.0,960.0,0.5
4f3dc90e-0e11-4fbb-a481-7f0e76f5fa64,61,2.033333333333333,right_elbow,0.5,0.5,0.0,540.0,960.0,0.5
4f3dc90e-0e11-4fbb-a481-7f0e76f5fa64,61,2.033333333333333,left_wrist,0.5,0.5,0.0,540.0,960.0,0.5
4f3dc90e-0e11-4fbb-a481-7f0e76f5fa64,61,2.033333333333333,right_wrist,0.5,0.5,0.0,540.0,960.0,0.5
4f3dc90e-0e11-4fbb-a481-7f0e76f5fa64,61,2.033333333333333,left_hip,0.5,0.5,0.0,540.0,960.0,0.5
4f3dc90e-0e11-4fbb-a481-7f0e76f5fa64,61,2.033333333333333,right_hip,0.5,0.5,0.0,540.0,960.0,0.5
4f3dc90e-0e11-4fbb-a481-7f0e76f5fa64,61,2.033333333333333,left_knee,0.5,0.5,0.0,540.0,960.0,0.5
4f3dc90e-0e11-4fbb-a481-7f0e76f5fa64,61,2.033333333333333,right_knee,0.5,0.5,0.0,540.0,960.0,0.5
4f3dc90e-0e11-4fbb-a481-7f0e76f5fa64,61,2.033333333333333,left_ankle,0.5,0.5,0.0,540.0,960.0,0.5
4f3dc90e-0e11-4fbb-a481-7f0e76f5fa64,61,2.033333333333333,right_ankle,0.5,0.5,0.0,540.0,960.0,0.5
4f3dc90e-0e11-4fbb-a481-7f0e76f5fa64,61,2.033333333333333,left_heel,0.5,0.5,0.0,540.0,960.0,0.5
4f3dc90e-0e11-4fbb-a481-7f0e76f5fa64,61,2.033333333333333,right_heel,0.5,0.5,0.0,540.0,960.0,0.5
4f3dc90e-0e11-4fbb-a481-7f0e76f5fa64,61,2.033333333333333,left_foot_index,0.5,0.5,0.0,540.0,960.0,0.5
4f3dc90e-0e11-4fbb-a481-7f0e76f5fa64,61,2.033333333333333,right_foot_index,0.5,0.5,0.0,540.0,960.0,0.5
4f3dc90e-0e11-4fbb-a481-7f0e76f5fa64,62,2.066666666666667,nose,0.5,0.5,0.0,540.0,960.0,0.5
4f3dc90e-0e11-4fbb-a481-7f0e76f5fa64,62,2.066666666666667,left_shoulder,0.5,0.5,0.0,540.0,960.0,0.5
4f3dc90e-0e11-4fbb-a481-7f0e76f5fa64,62,2.066666666666667,right_shoulder,0.5,0.5,0.0,540.0,960.0,0.5
4f3dc90e-0e11-4fbb-a481-7f0e76f5fa64,62,2.066666666666667,left_elbow,0.5,0.5,0.0,540.0,960.0,0.5
4f3dc90e-0e11-4fbb-a481-7f0e76f5fa64,62,2.066666666666667,right_elbow,0.5,0.5,0.0,540.0,960.0,0.5
4f3dc90e-0e11-4fbb-a481-7f0e76f5fa64,62,2.066666666666667,left_wrist,0.5,0.5,0.0,540.0,960.0,0.5
4f3dc90e-0e11-4fbb-a481-7f0e76f5fa64,62,2.066666666666667,right_wrist,0.5,0.5,0.0,540.0,960.0,0.5
4f3dc90e-0e11-4fbb-a481-7f0e76f5fa64,62,2.066666666666667,left_hip,0.5,0.5,0.0,540.0,960.0,0.5
4f3dc90e-0e11-4fbb-a481-7f0e76f5fa64,62,2.066666666666667,right_hip,0.5,0.5,0.0,540.0,960.0,0.5
4f3dc90e-0e11-4fbb-a481-7f0e76f5fa64,62,2.066666666666667,left_knee,0.5,0.5,0.0,540.0,960.0,0.5
4f3dc90e-0e11-4fbb-a481-7f0e76f5fa64,62,2.066666666666667,right_knee,0.5,0.5,0.0,540.0,960.0,0.5
4f3dc90e-0e11-4fbb-a481-7f0e76f5fa64,62,2.066666666666667,left_ankle,0.5,0.5,0.0,540.0,960.0,0.5
4f3dc90e-0e11-4fbb-a481-7f0e76f5fa64,62,2.066666666666667,right_ankle,0.5,0.5,0.0,540.0,960.0,0.5
4f3dc90e-0e11-4fbb-a481-7f0e76f5fa64,62,2.066666666666667,left_heel,0.5,0.5,0.0,540.0,960.0,0.5
4f3dc90e-0e11-4fbb-a481-7f0e76f5fa64,62,2.066666666666667,right_heel,0.5,0.5,0.0,540.0,960.0,0.5
4f3dc90e-0e11-4fbb-a481-7f0e76f5fa64,62,2.066666666666667,left_foot_index,0.5,0.5,0.0,540.0,960.0,0.5
4f3dc90e-0e11-4fbb-a481-7f0e76f5fa64,62,2.066666666666667,right_foot_index,0.5,0.5,0.0,540.0,960.0,0.5
4f3dc90e-0e11-4fbb-a481-7f0e76f5fa64,63,2.1,nose,0.5,0.5,0.0,540.0,960.0,0.5
4f3dc90e-0e11-4fbb-a481-7f0e76f5fa64,63,2.1,left_shoulder,0.5,0.5,0.0,540.0,960.0,0.5
4f3dc90e-0e11-4fbb-a481-7f0e76f5fa64,63,2.1,right_shoulder,0.5,0.5,0.0,540.0,960.0,0.5
4f3dc90e-0e11-4fbb-a481-7f0e76f5fa64,63,2.1,left_elbow,0.5,0.5,0.0,540.0,960.0,0.5
4f3dc90e-0e11-4fbb-a481-7f0e76f5fa64,63,2.1,right_elbow,0.5,0.5,0.0,540.0,960.0,0.5
4f3dc90e-0e11-4fbb-a481-7f0e76f5fa64,63,2.1,left_wrist,0.5,0.5,0.0,540.0,960.0,0.5
4f3dc90e-0e11-4fbb-a481-7f0e76f5fa64,63,2.1,right_wrist,0.5,0.5,0.0,540.0,960.0,0.5
4f3dc90e-0e11-4fbb-a481-7f0e76f5fa64,63,2.1,left_hip,0.5,0.5,0.0,540.0,960.0,0.5
4f3dc90e-0e11-4fbb-a481-7f0e76f5fa64,63,2.1,right_hip,0.5,0.5,0.0,540.0,960.0,0.5
4f3dc90e-0e11-4fbb-a481-7f0e76f5fa64,63,2.1,left_knee,0.5,0.5,0.0,540.0,960.0,0.5
4f3dc90e-0e11-4fbb-a481-7f0e76f5fa64,63,2.1,right_knee,0.5,0.5,0.0,540.0,960.0,0.5
4f3dc90e-0e11-4fbb-a481-7f0e76f5fa64,63,2.1,left_ankle,0.5,0.5,0.0,540.0,960.0,0.5
4f3dc90e-0e11-4fbb-a481-7f0e76f5fa64,63,2.1,right_ankle,0.5,0.5,0.0,540.0,960.0,0.5
4f3dc90e-0e11-4fbb-a481-7f0e76f5fa64,63,2.1,left_heel,0.5,0.5,0.0,540.0,960.0,0.5
4f3dc90e-0e11-4fbb-a481-7f0e76f5fa64,63,2.1,right_heel,0.5,0.5,0.0,540.0,960.0,0.5
4f3dc90e-0e11-4fbb-a481-7f0e76f5fa64,63,2.1,left_foot_index,0.5,0.5,0.0,540.0,960.0,0.5
4f3dc90e-0e11-4fbb-a481-7f0e76f5fa64,63,2.1,right_foot_index,0.5,0.5,0.0,540.0,960.0,0.5
4f3dc90e-0e11-4fbb-a481-7f0e76f5fa64,64,2.1333333333333333,nose,0.5,0.5,0.0,540.0,960.0,0.5
4f3dc90e-0e11-4fbb-a481-7f0e76f5fa64,64,2.1333333333333333,left_shoulder,0.5,0.5,0.0,540.0,960.0,0.5
4f3dc90e-0e11-4fbb-a481-7f0e76f5fa64,64,2.1333333333333333,right_shoulder,0.5,0.5,0.0,540.0,960.0,0.5
4f3dc90e-0e11-4fbb-a481-7f0e76f5fa64,64,2.1333333333333333,left_elbow,0.5,0.5,0.0,540.0,960.0,0.5
4f3dc90e-0e11-4fbb-a481-7f0e76f5fa64,64,2.1333333333333333,right_elbow,0.5,0.5,0.0,540.0,960.0,0.5
4f3dc90e-0e11-4fbb-a481-7f0e76f5fa64,64,2.1333333333333333,left_wrist,0.5,0.5,0.0,540.0,960.0,0.5
4f3dc90e-0e11-4fbb-a481-7f0e76f5fa64,64,2.1333333333333333,right_wrist,0.5,0.5,0.0,540.0,960.0,0.5
4f3dc90e-0e11-4fbb-a481-7f0e76f5fa64,64,2.1333333333333333,left_hip,0.5,0.5,0.0,540.0,960.0,0.5
4f3dc90e-0e11-4fbb-a481-7f0e76f5fa64,64,2.1333333333333333,right_hip,0.5,0.5,0.0,540.0,960.0,0.5
4f3dc90e-0e11-4fbb-a481-7f0e76f5fa64,64,2.1333333333333333,left_knee,0.5,0.5,0.0,540.0,960.0,0.5
4f3dc90e-0e11-4fbb-a481-7f0e76f5fa64,64,2.1333333333333333,right_knee,0.5,0.5,0.0,540.0,960.0,0.5
4f3dc90e-0e11-4fbb-a481-7f0e76f5fa64,64,2.1333333333333333,left_ankle,0.5,0.5,0.0,540.0,960.0,0.5
4f3dc90e-0e11-4fbb-a481-7f0e76f5fa64,64,2.1333333333333333,right_ankle,0.5,0.5,0.0,540.0,960.0,0.5
4f3dc90e-0e11-4fbb-a481-7f0e76f5fa64,64,2.1333333333333333,left_heel,0.5,0.5,0.0,540.0,960.0,0.5
4f3dc90e-0e11-4fbb-a481-7f0e76f5fa64,64,2.1333333333333333,right_heel,0.5,0.5,0.0,540.0,960.0,0.5
4f3dc90e-0e11-4fbb-a481-7f0e76f5fa64,64,2.1333333333333333,left_foot_index,0.5,0.5,0.0,540.0,960.0,0.5
4f3dc90e-0e11-4fbb-a481-7f0e76f5fa64,64,2.1333333333333333,right_foot_index,0.5,0.5,0.0,540.0,960.0,0.5
4f3dc90e-0e11-4fbb-a481-7f0e76f5fa64,65,2.1666666666666665,nose,0.5,0.5,0.0,540.0,960.0,0.5
4f3dc90e-0e11-4fbb-a481-7f0e76f5fa64,65,2.1666666666666665,left_shoulder,0.5,0.5,0.0,540.0,960.0,0.5
4f3dc90e-0e11-4fbb-a481-7f0e76f5fa64,65,2.1666666666666665,right_shoulder,0.5,0.5,0.0,540.0,960.0,0.5
4f3dc90e-0e11-4fbb-a481-7f0e76f5fa64,65,2.1666666666666665,left_elbow,0.5,0.5,0.0,540.0,960.0,0.5
4f3dc90e-0e11-4fbb-a481-7f0e76f5fa64,65,2.1666666666666665,right_elbow,0.5,0.5,0.0,540.0,960.0,0.5
4f3dc90e-0e11-4fbb-a481-7f0e76f5fa64,65,2.1666666666666665,left_wrist,0.5,0.5,0.0,540.0,960.0,0.5
4f3dc90e-0e11-4fbb-a481-7f0e76f5fa64,65,2.1666666666666665,right_wrist,0.5,0.5,0.0,540.0,960.0,0.5
4f3dc90e-0e11-4fbb-a481-7f0e76f5fa64,65,2.1666666666666665,left_hip,0.5,0.5,0.0,540.0,960.0,0.5
4f3dc90e-0e11-4fbb-a481-7f0e76f5fa64,65,2.1666666666666665,right_hip,0.5,0.5,0.0,540.0,960.0,0.5
4f3dc90e-0e11-4fbb-a481-7f0e76f5fa64,65,2.1666666666666665,left_knee,0.5,0.5,0.0,540.0,960.0,0.5
4f3dc90e-0e11-4fbb-a481-7f0e76f5fa64,65,2.1666666666666665,right_knee,0.5,0.5,0.0,540.0,960.0,0.5
4f3dc90e-0e11-4fbb-a481-7f0e76f5fa64,65,2.1666666666666665,left_ankle,0.5,0.5,0.0,540.0,960.0,0.5
4f3dc90e-0e11-4fbb-a481-7f0e76f5fa64,65,2.1666666666666665,right_ankle,0.5,0.5,0.0,540.0,960.0,0.5
4f3dc90e-0e11-4fbb-a481-7f0e76f5fa64,65,2.1666666666666665,left_heel,0.5,0.5,0.0,540.0,960.0,0.5
4f3dc90e-0e11-4fbb-a481-7f0e76f5fa64,65,2.1666666666666665,right_heel,0.5,0.5,0.0,540.0,960.0,0.5
4f3dc90e-0e11-4fbb-a481-7f0e76f5fa64,65,2.1666666666666665,left_foot_index,0.5,0.5,0.0,540.0,960.0,0.5
4f3dc90e-0e11-4fbb-a481-7f0e76f5fa64,65,2.1666666666666665,right_foot_index,0.5,0.5,0.0,540.0,960.0,0.5
4f3dc90e-0e11-4fbb-a481-7f0e76f5fa64,66,2.2,nose,0.5,0.5,0.0,540.0,960.0,0.5
4f3dc90e-0e11-4fbb-a481-7f0e76f5fa64,66,2.2,left_shoulder,0.5,0.5,0.0,540.0,960.0,0.5
4f3dc90e-0e11-4fbb-a481-7f0e76f5fa64,66,2.2,right_shoulder,0.5,0.5,0.0,540.0,960.0,0.5
4f3dc90e-0e11-4fbb-a481-7f0e76f5fa64,66,2.2,left_elbow,0.5,0.5,0.0,540.0,960.0,0.5
4f3dc90e-0e11-4fbb-a481-7f0e76f5fa64,66,2.2,right_elbow,0.5,0.5,0.0,540.0,960.0,0.5
4f3dc90e-0e11-4fbb-a481-7f0e76f5fa64,66,2.2,left_wrist,0.5,0.5,0.0,540.0,960.0,0.5
4f3dc90e-0e11-4fbb-a481-7f0e76f5fa64,66,2.2,right_wrist,0.5,0.5,0.0,540.0,960.0,0.5
4f3dc90e-0e11-4fbb-a481-7f0e76f5fa64,66,2.2,left_hip,0.5,0.5,0.0,540.0,960.0,0.5
4f3dc90e-0e11-4fbb-a481-7f0e76f5fa64,66,2.2,right_hip,0.5,0.5,0.0,540.0,960.0,0.5
4f3dc90e-0e11-4fbb-a481-7f0e76f5fa64,66,2.2,left_knee,0.5,0.5,0.0,540.0,960.0,0.5
4f3dc90e-0e11-4fbb-a481-7f0e76f5fa64,66,2.2,right_knee,0.5,0.5,0.0,540.0,960.0,0.5
4f3dc90e-0e11-4fbb-a481-7f0e76f5fa64,66,2.2,left_ankle,0.5,0.5,0.0,540.0,960.0,0.5
4f3dc90e-0e11-4fbb-a481-7f0e76f5fa64,66,2.2,right_ankle,0.5,0.5,0.0,540.0,960.0,0.5
4f3dc90e-0e11-4fbb-a481-7f0e76f5fa64,66,2.2,left_heel,0.5,0.5,0.0,540.0,960.0,0.5
4f3dc90e-0e11-4fbb-a481-7f0e76f5fa64,66,2.2,right_heel,0.5,0.5,0.0,540.0,960.0,0.5
4f3dc90e-0e11-4fbb-a481-7f0e76f5fa64,66,2.2,left_foot_index,0.5,0.5,0.0,540.0,960.0,0.5
4f3dc90e-0e11-4fbb-a481-7f0e76f5fa64,66,2.2,right_foot_index,0.5,0.5,0.0,540.0,960.0,0.5
4f3dc90e-0e11-4fbb-a481-7f0e76f5fa64,67,2.2333333333333334,nose,0.5,0.5,0.0,540.0,960.0,0.5
4f3dc90e-0e11-4fbb-a481-7f0e76f5fa64,67,2.2333333333333334,left_shoulder,0.5,0.5,0.0,540.0,960.0,0.5
4f3dc90e-0e11-4fbb-a481-7f0e76f5fa64,67,2.2333333333333334,right_shoulder,0.5,0.5,0.0,540.0,960.0,0.5
4f3dc90e-0e11-4fbb-a481-7f0e76f5fa64,67,2.2333333333333334,left_elbow,0.5,0.5,0.0,540.0,960.0,0.5
4f3dc90e-0e11-4fbb-a481-7f0e76f5fa64,67,2.2333333333333334,right_elbow,0.5,0.5,0.0,540.0,960.0,0.5
4f3dc90e-0e11-4fbb-a481-7f0e76f5fa64,67,2.2333333333333334,left_wrist,0.5,0.5,0.0,540.0,960.0,0.5
4f3dc90e-0e11-4fbb-a481-7f0e76f5fa64,67,2.2333333333333334,right_wrist,0.5,0.5,0.0,540.0,960.0,0.5
4f3dc90e-0e11-4fbb-a481-7f0e76f5fa64,67,2.2333333333333334,left_hip,0.5,0.5,0.0,540.0,960.0,0.5
4f3dc90e-0e11-4fbb-a481-7f0e76f5fa64,67,2.2333333333333334,right_hip,0.5,0.5,0.0,540.0,960.0,0.5
4f3dc90e-0e11-4fbb-a481-7f0e76f5fa64,67,2.2333333333333334,left_knee,0.5,0.5,0.0,540.0,960.0,0.5
4f3dc90e-0e11-4fbb-a481-7f0e76f5fa64,67,2.2333333333333334,right_knee,0.5,0.5,0.0,540.0,960.0,0.5
4f3dc90e-0e11-4fbb-a481-7f0e76f5fa64,67,2.2333333333333334,left_ankle,0.5,0.5,0.0,540.0,960.0,0.5
4f3dc90e-0e11-4fbb-a481-7f0e76f5fa64,67,2.2333333333333334,right_ankle,0.5,0.5,0.0,540.0,960.0,0.5
4f3dc90e-0e11-4fbb-a481-7f0e76f5fa64,67,2.2333333333333334,left_heel,0.5,0.5,0.0,540.0,960.0,0.5
4f3dc90e-0e11-4fbb-a481-7f0e76f5fa64,67,2.2333333333333334,right_heel,0.5,0.5,0.0,540.0,960.0,0.5
4f3dc90e-0e11-4fbb-a481-7f0e76f5fa64,67,2.2333333333333334,left_foot_index,0.5,0.5,0.0,540.0,960.0,0.5
4f3dc90e-0e11-4fbb-a481-7f0e76f5fa64,67,2.2333333333333334,right_foot_index,0.5,0.5,0.0,540.0,960.0,0.5
4f3dc90e-0e11-4fbb-a481-7f0e76f5fa64,68,2.2666666666666666,nose,0.5,0.5,0.0,540.0,960.0,0.5
4f3dc90e-0e11-4fbb-a481-7f0e76f5fa64,68,2.2666666666666666,left_shoulder,0.5,0.5,0.0,540.0,960.0,0.5
4f3dc90e-0e11-4fbb-a481-7f0e76f5fa64,68,2.2666666666666666,right_shoulder,0.5,0.5,0.0,540.0,960.0,0.5
4f3dc90e-0e11-4fbb-a481-7f0e76f5fa64,68,2.2666666666666666,left_elbow,0.5,0.5,0.0,540.0,960.0,0.5
4f3dc90e-0e11-4fbb-a481-7f0e76f5fa64,68,2.2666666666666666,right_elbow,0.5,0.5,0.0,540.0,960.0,0.5
4f3dc90e-0e11-4fbb-a481-7f0e76f5fa64,68,2.2666666666666666,left_wrist,0.5,0.5,0.0,540.0,960.0,0.5
4f3dc90e-0e11-4fbb-a481-7f0e76f5fa64,68,2.2666666666666666,right_wrist,0.5,0.5,0.0,540.0,960.0,0.5
4f3dc90e-0e11-4fbb-a481-7f0e76f5fa64,68,2.2666666666666666,left_hip,0.5,0.5,0.0,540.0,960.0,0.5
4f3dc90e-0e11-4fbb-a481-7f0e76f5fa64,68,2.2666666666666666,right_hip,0.5,0.5,0.0,540.0,960.0,0.5
4f3dc90e-0e11-4fbb-a481-7f0e76f5fa64,68,2.2666666666666666,left_knee,0.5,0.5,0.0,540.0,960.0,0.5
4f3dc90e-0e11-4fbb-a481-7f0e76f5fa64,68,2.2666666666666666,right_knee,0.5,0.5,0.0,540.0,960.0,0.5
4f3dc90e-0e11-4fbb-a481-7f0e76f5fa64,68,2.2666666666666666,left_ankle,0.5,0.5,0.0,540.0,960.0,0.5
4f3dc90e-0e11-4fbb-a481-7f0e76f5fa64,68,2.2666666666666666,right_ankle,0.5,0.5,0.0,540.0,960.0,0.5
4f3dc90e-0e11-4fbb-a481-7f0e76f5fa64,68,2.2666666666666666,left_heel,0.5,0.5,0.0,540.0,960.0,0.5
4f3dc90e-0e11-4fbb-a481-7f0e76f5fa64,68,2.2666666666666666,right_heel,0.5,0.5,0.0,540.0,960.0,0.5
4f3dc90e-0e11-4fbb-a481-7f0e76f5fa64,68,2.2666666666666666,left_foot_index,0.5,0.5,0.0,540.0,960.0,0.5
4f3dc90e-0e11-4fbb-a481-7f0e76f5fa64,68,2.2666666666666666,right_foot_index,0.5,0.5,0.0,540.0,960.0,0.5
4f3dc90e-0e11-4fbb-a481-7f0e76f5fa64,69,2.3,nose,0.5,0.5,0.0,540.0,960.0,0.5
4f3dc90e-0e11-4fbb-a481-7f0e76f5fa64,69,2.3,left_shoulder,0.5,0.5,0.0,540.0,960.0,0.5
4f3dc90e-0e11-4fbb-a481-7f0e76f5fa64,69,2.3,right_shoulder,0.5,0.5,0.0,540.0,960.0,0.5
4f3dc90e-0e11-4fbb-a481-7f0e76f5fa64,69,2.3,left_elbow,0.5,0.5,0.0,540.0,960.0,0.5
4f3dc90e-0e11-4fbb-a481-7f0e76f5fa64,69,2.3,right_elbow,0.5,0.5,0.0,540.0,960.0,0.5
4f3dc90e-0e11-4fbb-a481-7f0e76f5fa64,69,2.3,left_wrist,0.5,0.5,0.0,540.0,960.0,0.5
4f3dc90e-0e11-4fbb-a481-7f0e76f5fa64,69,2.3,right_wrist,0.5,0.5,0.0,540.0,960.0,0.5
4f3dc90e-0e11-4fbb-a481-7f0e76f5fa64,69,2.3,left_hip,0.5,0.5,0.0,540.0,960.0,0.5
4f3dc90e-0e11-4fbb-a481-7f0e76f5fa64,69,2.3,right_hip,0.5,0.5,0.0,540.0,960.0,0.5
4f3dc90e-0e11-4fbb-a481-7f0e76f5fa64,69,2.3,left_knee,0.5,0.5,0.0,540.0,960.0,0.5
4f3dc90e-0e11-4fbb-a481-7f0e76f5fa64,69,2.3,right_knee,0.5,0.5,0.0,540.0,960.0,0.5
4f3dc90e-0e11-4fbb-a481-7f0e76f5fa64,69,2.3,left_ankle,0.5,0.5,0.0,540.0,960.0,0.5
4f3dc90e-0e11-4fbb-a481-7f0e76f5fa64,69,2.3,right_ankle,0.5,0.5,0.0,540.0,960.0,0.5
4f3dc90e-0e11-4fbb-a481-7f0e76f5fa64,69,2.3,left_heel,0.5,0.5,0.0,540.0,960.0,0.5
4f3dc90e-0e11-4fbb-a481-7f0e76f5fa64,69,2.3,right_heel,0.5,0.5,0.0,540.0,960.0,0.5
4f3dc90e-0e11-4fbb-a481-7f0e76f5fa64,69,2.3,left_foot_index,0.5,0.5,0.0,540.0,960.0,0.5
4f3dc90e-0e11-4fbb-a481-7f0e76f5fa64,69,2.3,right_foot_index,0.5,0.5,0.0,540.0,960.0,0.5
4f3dc90e-0e11-4fbb-a481-7f0e76f5fa64,70,2.3333333333333335,nose,0.5,0.5,0.0,540.0,960.0,0.5
4f3dc90e-0e11-4fbb-a481-7f0e76f5fa64,70,2.3333333333333335,left_shoulder,0.5,0.5,0.0,540.0,960.0,0.5
4f3dc90e-0e11-4fbb-a481-7f0e76f5fa64,70,2.3333333333333335,right_shoulder,0.5,0.5,0.0,540.0,960.0,0.5
4f3dc90e-0e11-4fbb-a481-7f0e76f5fa64,70,2.3333333333333335,left_elbow,0.5,0.5,0.0,540.0,960.0,0.5
4f3dc90e-0e11-4fbb-a481-7f0e76f5fa64,70,2.3333333333333335,right_elbow,0.5,0.5,0.0,540.0,960.0,0.5
4f3dc90e-0e11-4fbb-a481-7f0e76f5fa64,70,2.3333333333333335,left_wrist,0.5,0.5,0.0,540.0,960.0,0.5
4f3dc90e-0e11-4fbb-a481-7f0e76f5fa64,70,2.3333333333333335,right_wrist,0.5,0.5,0.0,540.0,960.0,0.5
4f3dc90e-0e11-4fbb-a481-7f0e76f5fa64,70,2.3333333333333335,left_hip,0.5,0.5,0.0,540.0,960.0,0.5
4f3dc90e-0e11-4fbb-a481-7f0e76f5fa64,70,2.3333333333333335,right_hip,0.5,0.5,0.0,540.0,960.0,0.5
4f3dc90e-0e11-4fbb-a481-7f0e76f5fa64,70,2.3333333333333335,left_knee,0.5,0.5,0.0,540.0,960.0,0.5
4f3dc90e-0e11-4fbb-a481-7f0e76f5fa64,70,2.3333333333333335,right_knee,0.5,0.5,0.0,540.0,960.0,0.5
4f3dc90e-0e11-4fbb-a481-7f0e76f5fa64,70,2.3333333333333335,left_ankle,0.5,0.5,0.0,540.0,960.0,0.5
4f3dc90e-0e11-4fbb-a481-7f0e76f5fa64,70,2.3333333333333335,right_ankle,0.5,0.5,0.0,540.0,960.0,0.5
4f3dc90e-0e11-4fbb-a481-7f0e76f5fa64,70,2.3333333333333335,left_heel,0.5,0.5,0.0,540.0,960.0,0.5
4f3dc90e-0e11-4fbb-a481-7f0e76f5fa64,70,2.3333333333333335,right_heel,0.5,0.5,0.0,540.0,960.0,0.5
4f3dc90e-0e11-4fbb-a481-7f0e76f5fa64,70,2.3333333333333335,left_foot_index,0.5,0.5,0.0,540.0,960.0,0.5
4f3dc90e-0e11-4fbb-a481-7f0e76f5fa64,70,2.3333333333333335,right_foot_index,0.5,0.5,0.0,540.0,960.0,0.5
4f3dc90e-0e11-4fbb-a481-7f0e76f5fa64,71,2.3666666666666667,nose,0.5,0.5,0.0,540.0,960.0,0.5
4f3dc90e-0e11-4fbb-a481-7f0e76f5fa64,71,2.3666666666666667,left_shoulder,0.5,0.5,0.0,540.0,960.0,0.5
4f3dc90e-0e11-4fbb-a481-7f0e76f5fa64,71,2.3666666666666667,right_shoulder,0.5,0.5,0.0,540.0,960.0,0.5
4f3dc90e-0e11-4fbb-a481-7f0e76f5fa64,71,2.3666666666666667,left_elbow,0.5,0.5,0.0,540.0,960.0,0.5
4f3dc90e-0e11-4fbb-a481-7f0e76f5fa64,71,2.3666666666666667,right_elbow,0.5,0.5,0.0,540.0,960.0,0.5
4f3dc90e-0e11-4fbb-a481-7f0e76f5fa64,71,2.3666666666666667,left_wrist,0.5,0.5,0.0,540.0,960.0,0.5
4f3dc90e-0e11-4fbb-a481-7f0e76f5fa64,71,2.3666666666666667,right_wrist,0.5,0.5,0.0,540.0,960.0,0.5
4f3dc90e-0e11-4fbb-a481-7f0e76f5fa64,71,2.3666666666666667,left_hip,0.5,0.5,0.0,540.0,960.0,0.5
4f3dc90e-0e11-4fbb-a481-7f0e76f5fa64,71,2.3666666666666667,right_hip,0.5,0.5,0.0,540.0,960.0,0.5
4f3dc90e-0e11-4fbb-a481-7f0e76f5fa64,71,2.3666666666666667,left_knee,0.5,0.5,0.0,540.0,960.0,0.5
4f3dc90e-0e11-4fbb-a481-7f0e76f5fa64,71,2.3666666666666667,right_knee,0.5,0.5,0.0,540.0,960.0,0.5
4f3dc90e-0e11-4fbb-a481-7f0e76f5fa64,71,2.3666666666666667,left_ankle,0.5,0.5,0.0,540.0,960.0,0.5
4f3dc90e-0e11-4fbb-a481-7f0e76f5fa64,71,2.3666666666666667,right_ankle,0.5,0.5,0.0,540.0,960.0,0.5
4f3dc90e-0e11-4fbb-a481-7f0e76f5fa64,71,2.3666666666666667,left_heel,0.5,0.5,0.0,540.0,960.0,0.5
4f3dc90e-0e11-4fbb-a481-7f0e76f5fa64,71,2.3666666666666667,right_heel,0.5,0.5,0.0,540.0,960.0,0.5
4f3dc90e-0e11-4fbb-a481-7f0e76f5fa64,71,2.3666666666666667,left_foot_index,0.5,0.5,0.0,540.0,960.0,0.5
4f3dc90e-0e11-4fbb-a481-7f0e76f5fa64,71,2.3666666666666667,right_foot_index,0.5,0.5,0.0,540.0,960.0,0.5
4f3dc90e-0e11-4fbb-a481-7f0e76f5fa64,72,2.4,nose,0.5,0.5,0.0,540.0,960.0,0.5
4f3dc90e-0e11-4fbb-a481-7f0e76f5fa64,72,2.4,left_shoulder,0.5,0.5,0.0,540.0,960.0,0.5
4f3dc90e-0e11-4fbb-a481-7f0e76f5fa64,72,2.4,right_shoulder,0.5,0.5,0.0,540.0,960.0,0.5
4f3dc90e-0e11-4fbb-a481-7f0e76f5fa64,72,2.4,left_elbow,0.5,0.5,0.0,540.0,960.0,0.5
4f3dc90e-0e11-4fbb-a481-7f0e76f5fa64,72,2.4,right_elbow,0.5,0.5,0.0,540.0,960.0,0.5
4f3dc90e-0e11-4fbb-a481-7f0e76f5fa64,72,2.4,left_wrist,0.5,0.5,0.0,540.0,960.0,0.5
4f3dc90e-0e11-4fbb-a481-7f0e76f5fa64,72,2.4,right_wrist,0.5,0.5,0.0,540.0,960.0,0.5
4f3dc90e-0e11-4fbb-a481-7f0e76f5fa64,72,2.4,left_hip,0.5,0.5,0.0,540.0,960.0,0.5
4f3dc90e-0e11-4fbb-a481-7f0e76f5fa64,72,2.4,right_hip,0.5,0.5,0.0,540.0,960.0,0.5
4f3dc90e-0e11-4fbb-a481-7f0e76f5fa64,72,2.4,left_knee,0.5,0.5,0.0,540.0,960.0,0.5
4f3dc90e-0e11-4fbb-a481-7f0e76f5fa64,72,2.4,right_knee,0.5,0.5,0.0,540.0,960.0,0.5
4f3dc90e-0e11-4fbb-a481-7f0e76f5fa64,72,2.4,left_ankle,0.5,0.5,0.0,540.0,960.0,0.5
4f3dc90e-0e11-4fbb-a481-7f0e76f5fa64,72,2.4,right_ankle,0.5,0.5,0.0,540.0,960.0,0.5
4f3dc90e-0e11-4fbb-a481-7f0e76f5fa64,72,2.4,left_heel,0.5,0.5,0.0,540.0,960.0,0.5
4f3dc90e-0e11-4fbb-a481-7f0e76f5fa64,72,2.4,right_heel,0.5,0.5,0.0,540.0,960.0,0.5
4f3dc90e-0e11-4fbb-a481-7f0e76f5fa64,72,2.4,left_foot_index,0.5,0.5,0.0,540.0,960.0,0.5
4f3dc90e-0e11-4fbb-a481-7f0e76f5fa64,72,2.4,right_foot_index,0.5,0.5,0.0,540.0,960.0,0.5
4f3dc90e-0e11-4fbb-a481-7f0e76f5fa64,73,2.433333333333333,nose,0.5,0.5,0.0,540.0,960.0,0.5
4f3dc90e-0e11-4fbb-a481-7f0e76f5fa64,73,2.433333333333333,left_shoulder,0.5,0.5,0.0,540.0,960.0,0.5
4f3dc90e-0e11-4fbb-a481-7f0e76f5fa64,73,2.433333333333333,right_shoulder,0.5,0.5,0.0,540.0,960.0,0.5
4f3dc90e-0e11-4fbb-a481-7f0e76f5fa64,73,2.433333333333333,left_elbow,0.5,0.5,0.0,540.0,960.0,0.5
4f3dc90e-0e11-4fbb-a481-7f0e76f5fa64,73,2.433333333333333,right_elbow,0.5,0.5,0.0,540.0,960.0,0.5
4f3dc90e-0e11-4fbb-a481-7f0e76f5fa64,73,2.433333333333333,left_wrist,0.5,0.5,0.0,540.0,960.0,0.5
4f3dc90e-0e11-4fbb-a481-7f0e76f5fa64,73,2.433333333333333,right_wrist,0.5,0.5,0.0,540.0,960.0,0.5
4f3dc90e-0e11-4fbb-a481-7f0e76f5fa64,73,2.433333333333333,left_hip,0.5,0.5,0.0,540.0,960.0,0.5
4f3dc90e-0e11-4fbb-a481-7f0e76f5fa64,73,2.433333333333333,right_hip,0.5,0.5,0.0,540.0,960.0,0.5
4f3dc90e-0e11-4fbb-a481-7f0e76f5fa64,73,2.433333333333333,left_knee,0.5,0.5,0.0,540.0,960.0,0.5
4f3dc90e-0e11-4fbb-a481-7f0e76f5fa64,73,2.433333333333333,right_knee,0.5,0.5,0.0,540.0,960.0,0.5
4f3dc90e-0e11-4fbb-a481-7f0e76f5fa64,73,2.433333333333333,left_ankle,0.5,0.5,0.0,540.0,960.0,0.5
4f3dc90e-0e11-4fbb-a481-7f0e76f5fa64,73,2.433333333333333,right_ankle,0.5,0.5,0.0,540.0,960.0,0.5
4f3dc90e-0e11-4fbb-a481-7f0e76f5fa64,73,2.433333333333333,left_heel,0.5,0.5,0.0,540.0,960.0,0.5
4f3dc90e-0e11-4fbb-a481-7f0e76f5fa64,73,2.433333333333333,right_heel,0.5,0.5,0.0,540.0,960.0,0.5
4f3dc90e-0e11-4fbb-a481-7f0e76f5fa64,73,2.433333333333333,left_foot_index,0.5,0.5,0.0,540.0,960.0,0.5
4f3dc90e-0e11-4fbb-a481-7f0e76f5fa64,73,2.433333333333333,right_foot_index,0.5,0.5,0.0,540.0,960.0,0.5
4f3dc90e-0e11-4fbb-a481-7f0e76f5fa64,74,2.466666666666667,nose,0.5,0.5,0.0,540.0,960.0,0.5
4f3dc90e-0e11-4fbb-a481-7f0e76f5fa64,74,2.466666666666667,left_shoulder,0.5,0.5,0.0,540.0,960.0,0.5
4f3dc90e-0e11-4fbb-a481-7f0e76f5fa64,74,2.466666666666667,right_shoulder,0.5,0.5,0.0,540.0,960.0,0.5
4f3dc90e-0e11-4fbb-a481-7f0e76f5fa64,74,2.466666666666667,left_elbow,0.5,0.5,0.0,540.0,960.0,0.5
4f3dc90e-0e11-4fbb-a481-7f0e76f5fa64,74,2.466666666666667,right_elbow,0.5,0.5,0.0,540.0,960.0,0.5
4f3dc90e-0e11-4fbb-a481-7f0e76f5fa64,74,2.466666666666667,left_wrist,0.5,0.5,0.0,540.0,960.0,0.5
4f3dc90e-0e11-4fbb-a481-7f0e76f5fa64,74,2.466666666666667,right_wrist,0.5,0.5,0.0,540.0,960.0,0.5
4f3dc90e-0e11-4fbb-a481-7f0e76f5fa64,74,2.466666666666667,left_hip,0.5,0.5,0.0,540.0,960.0,0.5
4f3dc90e-0e11-4fbb-a481-7f0e76f5fa64,74,2.466666666666667,right_hip,0.5,0.5,0.0,540.0,960.0,0.5
4f3dc90e-0e11-4fbb-a481-7f0e76f5fa64,74,2.466666666666667,left_knee,0.5,0.5,0.0,540.0,960.0,0.5
4f3dc90e-0e11-4fbb-a481-7f0e76f5fa64,74,2.466666666666667,right_knee,0.5,0.5,0.0,540.0,960.0,0.5
4f3dc90e-0e11-4fbb-a481-7f0e76f5fa64,74,2.466666666666667,left_ankle,0.5,0.5,0.0,540.0,960.0,0.5
4f3dc90e-0e11-4fbb-a481-7f0e76f5fa64,74,2.466666666666667,right_ankle,0.5,0.5,0.0,540.0,960.0,0.5
4f3dc90e-0e11-4fbb-a481-7f0e76f5fa64,74,2.466666666666667,left_heel,0.5,0.5,0.0,540.0,960.0,0.5
4f3dc90e-0e11-4fbb-a481-7f0e76f5fa64,74,2.466666666666667,right_heel,0.5,0.5,0.0,540.0,960.0,0.5
4f3dc90e-0e11-4fbb-a481-7f0e76f5fa64,74,2.466666666666667,left_foot_index,0.5,0.5,0.0,540.0,960.0,0.5
4f3dc90e-0e11-4fbb-a481-7f0e76f5fa64,74,2.466666666666667,right_foot_index,0.5,0.5,0.0,540.0,960.0,0.5
4f3dc90e-0e11-4fbb-a481-7f0e76f5fa64,75,2.5,nose,0.5,0.5,0.0,540.0,960.0,0.5
4f3dc90e-0e11-4fbb-a481-7f0e76f5fa64,75,2.5,left_shoulder,0.5,0.5,0.0,540.0,960.0,0.5
4f3dc90e-0e11-4fbb-a481-7f0e76f5fa64,75,2.5,right_shoulder,0.5,0.5,0.0,540.0,960.0,0.5
4f3dc90e-0e11-4fbb-a481-7f0e76f5fa64,75,2.5,left_elbow,0.5,0.5,0.0,540.0,960.0,0.5
4f3dc90e-0e11-4fbb-a481-7f0e76f5fa64,75,2.5,right_elbow,0.5,0.5,0.0,540.0,960.0,0.5
4f3dc90e-0e11-4fbb-a481-7f0e76f5fa64,75,2.5,left_wrist,0.5,0.5,0.0,540.0,960.0,0.5
4f3dc90e-0e11-4fbb-a481-7f0e76f5fa64,75,2.5,right_wrist,0.5,0.5,0.0,540.0,960.0,0.5
4f3dc90e-0e11-4fbb-a481-7f0e76f5fa64,75,2.5,left_hip,0.5,0.5,0.0,540.0,960.0,0.5
4f3dc90e-0e11-4fbb-a481-7f0e76f5fa64,75,2.5,right_hip,0.5,0.5,0.0,540.0,960.0,0.5
4f3dc90e-0e11-4fbb-a481-7f0e76f5fa64,75,2.5,left_knee,0.5,0.5,0.0,540.0,960.0,0.5
4f3dc90e-0e11-4fbb-a481-7f0e76f5fa64,75,2.5,right_knee,0.5,0.5,0.0,540.0,960.0,0.5
4f3dc90e-0e11-4fbb-a481-7f0e76f5fa64,75,2.5,left_ankle,0.5,0.5,0.0,540.0,960.0,0.5
4f3dc90e-0e11-4fbb-a481-7f0e76f5fa64,75,2.5,right_ankle,0.5,0.5,0.0,540.0,960.0,0.5
4f3dc90e-0e11-4fbb-a481-7f0e76f5fa64,75,2.5,left_heel,0.5,0.5,0.0,540.0,960.0,0.5
4f3dc90e-0e11-4fbb-a481-7f0e76f5fa64,75,2.5,right_heel,0.5,0.5,0.0,540.0,960.0,0.5
4f3dc90e-0e11-4fbb-a481-7f0e76f5fa64,75,2.5,left_foot_index,0.5,0.5,0.0,540.0,960.0,0.5
4f3dc90e-0e11-4fbb-a481-7f0e76f5fa64,75,2.5,right_foot_index,0.5,0.5,0.0,540.0,960.0,0.5
4f3dc90e-0e11-4fbb-a481-7f0e76f5fa64,76,2.533333333333333,nose,0.5,0.5,0.0,540.0,960.0,0.5
4f3dc90e-0e11-4fbb-a481-7f0e76f5fa64,76,2.533333333333333,left_shoulder,0.5,0.5,0.0,540.0,960.0,0.5
4f3dc90e-0e11-4fbb-a481-7f0e76f5fa64,76,2.533333333333333,right_shoulder,0.5,0.5,0.0,540.0,960.0,0.5
4f3dc90e-0e11-4fbb-a481-7f0e76f5fa64,76,2.533333333333333,left_elbow,0.5,0.5,0.0,540.0,960.0,0.5
4f3dc90e-0e11-4fbb-a481-7f0e76f5fa64,76,2.533333333333333,right_elbow,0.5,0.5,0.0,540.0,960.0,0.5
4f3dc90e-0e11-4fbb-a481-7f0e76f5fa64,76,2.533333333333333,left_wrist,0.5,0.5,0.0,540.0,960.0,0.5
4f3dc90e-0e11-4fbb-a481-7f0e76f5fa64,76,2.533333333333333,right_wrist,0.5,0.5,0.0,540.0,960.0,0.5
4f3dc90e-0e11-4fbb-a481-7f0e76f5fa64,76,2.533333333333333,left_hip,0.5,0.5,0.0,540.0,960.0,0.5
4f3dc90e-0e11-4fbb-a481-7f0e76f5fa64,76,2.533333333333333,right_hip,0.5,0.5,0.0,540.0,960.0,0.5
4f3dc90e-0e11-4fbb-a481-7f0e76f5fa64,76,2.533333333333333,left_knee,0.5,0.5,0.0,540.0,960.0,0.5
4f3dc90e-0e11-4fbb-a481-7f0e76f5fa64,76,2.533333333333333,right_knee,0.5,0.5,0.0,540.0,960.0,0.5
4f3dc90e-0e11-4fbb-a481-7f0e76f5fa64,76,2.533333333333333,left_ankle,0.5,0.5,0.0,540.0,960.0,0.5
4f3dc90e-0e11-4fbb-a481-7f0e76f5fa64,76,2.533333333333333,right_ankle,0.5,0.5,0.0,540.0,960.0,0.5
4f3dc90e-0e11-4fbb-a481-7f0e76f5fa64,76,2.533333333333333,left_heel,0.5,0.5,0.0,540.0,960.0,0.5
4f3dc90e-0e11-4fbb-a481-7f0e76f5fa64,76,2.533333333333333,right_heel,0.5,0.5,0.0,540.0,960.0,0.5
4f3dc90e-0e11-4fbb-a481-7f0e76f5fa64,76,2.533333333333333,left_foot_index,0.5,0.5,0.0,540.0,960.0,0.5
4f3dc90e-0e11-4fbb-a481-7f0e76f5fa64,76,2.533333333333333,right_foot_index,0.5,0.5,0.0,540.0,960.0,0.5
4f3dc90e-0e11-4fbb-a481-7f0e76f5fa64,77,2.566666666666667,nose,0.5,0.5,0.0,540.0,960.0,0.5
4f3dc90e-0e11-4fbb-a481-7f0e76f5fa64,77,2.566666666666667,left_shoulder,0.5,0.5,0.0,540.0,960.0,0.5
4f3dc90e-0e11-4fbb-a481-7f0e76f5fa64,77,2.566666666666667,right_shoulder,0.5,0.5,0.0,540.0,960.0,0.5
4f3dc90e-0e11-4fbb-a481-7f0e76f5fa64,77,2.566666666666667,left_elbow,0.5,0.5,0.0,540.0,960.0,0.5
4f3dc90e-0e11-4fbb-a481-7f0e76f5fa64,77,2.566666666666667,right_elbow,0.5,0.5,0.0,540.0,960.0,0.5
4f3dc90e-0e11-4fbb-a481-7f0e76f5fa64,77,2.566666666666667,left_wrist,0.5,0.5,0.0,540.0,960.0,0.5
4f3dc90e-0e11-4fbb-a481-7f0e76f5fa64,77,2.566666666666667,right_wrist,0.5,0.5,0.0,540.0,960.0,0.5
4f3dc90e-0e11-4fbb-a481-7f0e76f5fa64,77,2.566666666666667,left_hip,0.5,0.5,0.0,540.0,960.0,0.5
4f3dc90e-0e11-4fbb-a481-7f0e76f5fa64,77,2.566666666666667,right_hip,0.5,0.5,0.0,540.0,960.0,0.5
4f3dc90e-0e11-4fbb-a481-7f0e76f5fa64,77,2.566666666666667,left_knee,0.5,0.5,0.0,540.0,960.0,0.5
4f3dc90e-0e11-4fbb-a481-7f0e76f5fa64,77,2.566666666666667,right_knee,0.5,0.5,0.0,540.0,960.0,0.5
4f3dc90e-0e11-4fbb-a481-7f0e76f5fa64,77,2.566666666666667,left_ankle,0.5,0.5,0.0,540.0,960.0,0.5
4f3dc90e-0e11-4fbb-a481-7f0e76f5fa64,77,2.566666666666667,right_ankle,0.5,0.5,0.0,540.0,960.0,0.5
4f3dc90e-0e11-4fbb-a481-7f0e76f5fa64,77,2.566666666666667,left_heel,0.5,0.5,0.0,540.0,960.0,0.5
4f3dc90e-0e11-4fbb-a481-7f0e76f5fa64,77,2.566666666666667,right_heel,0.5,0.5,0.0,540.0,960.0,0.5
4f3dc90e-0e11-4fbb-a481-7f0e76f5fa64,77,2.566666666666667,left_foot_index,0.5,0.5,0.0,540.0,960.0,0.5
4f3dc90e-0e11-4fbb-a481-7f0e76f5fa64,77,2.566666666666667,right_foot_index,0.5,0.5,0.0,540.0,960.0,0.5
4f3dc90e-0e11-4fbb-a481-7f0e76f5fa64,78,2.6,nose,0.5,0.5,0.0,540.0,960.0,0.5
4f3dc90e-0e11-4fbb-a481-7f0e76f5fa64,78,2.6,left_shoulder,0.5,0.5,0.0,540.0,960.0,0.5
4f3dc90e-0e11-4fbb-a481-7f0e76f5fa64,78,2.6,right_shoulder,0.5,0.5,0.0,540.0,960.0,0.5
4f3dc90e-0e11-4fbb-a481-7f0e76f5fa64,78,2.6,left_elbow,0.5,0.5,0.0,540.0,960.0,0.5
4f3dc90e-0e11-4fbb-a481-7f0e76f5fa64,78,2.6,right_elbow,0.5,0.5,0.0,540.0,960.0,0.5
4f3dc90e-0e11-4fbb-a481-7f0e76f5fa64,78,2.6,left_wrist,0.5,0.5,0.0,540.0,960.0,0.5
4f3dc90e-0e11-4fbb-a481-7f0e76f5fa64,78,2.6,right_wrist,0.5,0.5,0.0,540.0,960.0,0.5
4f3dc90e-0e11-4fbb-a481-7f0e76f5fa64,78,2.6,left_hip,0.5,0.5,0.0,540.0,960.0,0.5
4f3dc90e-0e11-4fbb-a481-7f0e76f5fa64,78,2.6,right_hip,0.5,0.5,0.0,540.0,960.0,0.5
4f3dc90e-0e11-4fbb-a481-7f0e76f5fa64,78,2.6,left_knee,0.5,0.5,0.0,540.0,960.0,0.5
4f3dc90e-0e11-4fbb-a481-7f0e76f5fa64,78,2.6,right_knee,0.5,0.5,0.0,540.0,960.0,0.5
4f3dc90e-0e11-4fbb-a481-7f0e76f5fa64,78,2.6,left_ankle,0.5,0.5,0.0,540.0,960.0,0.5
4f3dc90e-0e11-4fbb-a481-7f0e76f5fa64,78,2.6,right_ankle,0.5,0.5,0.0,540.0,960.0,0.5
4f3dc90e-0e11-4fbb-a481-7f0e76f5fa64,78,2.6,left_heel,0.5,0.5,0.0,540.0,960.0,0.5
4f3dc90e-0e11-4fbb-a481-7f0e76f5fa64,78,2.6,right_heel,0.5,0.5,0.0,540.0,960.0,0.5
4f3dc90e-0e11-4fbb-a481-7f0e76f5fa64,78,2.6,left_foot_index,0.5,0.5,0.0,540.0,960.0,0.5
4f3dc90e-0e11-4fbb-a481-7f0e76f5fa64,78,2.6,right_foot_index,0.5,0.5,0.0,540.0,960.0,0.5
4f3dc90e-0e11-4fbb-a481-7f0e76f5fa64,79,2.6333333333333333,nose,0.5,0.5,0.0,540.0,960.0,0.5
4f3dc90e-0e11-4fbb-a481-7f0e76f5fa64,79,2.6333333333333333,left_shoulder,0.5,0.5,0.0,540.0,960.0,0.5
4f3dc90e-0e11-4fbb-a481-7f0e76f5fa64,79,2.6333333333333333,right_shoulder,0.5,0.5,0.0,540.0,960.0,0.5
4f3dc90e-0e11-4fbb-a481-7f0e76f5fa64,79,2.6333333333333333,left_elbow,0.5,0.5,0.0,540.0,960.0,0.5
4f3dc90e-0e11-4fbb-a481-7f0e76f5fa64,79,2.6333333333333333,right_elbow,0.5,0.5,0.0,540.0,960.0,0.5
4f3dc90e-0e11-4fbb-a481-7f0e76f5fa64,79,2.6333333333333333,left_wrist,0.5,0.5,0.0,540.0,960.0,0.5
4f3dc90e-0e11-4fbb-a481-7f0e76f5fa64,79,2.6333333333333333,right_wrist,0.5,0.5,0.0,540.0,960.0,0.5
4f3dc90e-0e11-4fbb-a481-7f0e76f5fa64,79,2.6333333333333333,left_hip,0.5,0.5,0.0,540.0,960.0,0.5
4f3dc90e-0e11-4fbb-a481-7f0e76f5fa64,79,2.6333333333333333,right_hip,0.5,0.5,0.0,540.0,960.0,0.5
4f3dc90e-0e11-4fbb-a481-7f0e76f5fa64,79,2.6333333333333333,left_knee,0.5,0.5,0.0,540.0,960.0,0.5
4f3dc90e-0e11-4fbb-a481-7f0e76f5fa64,79,2.6333333333333333,right_knee,0.5,0.5,0.0,540.0,960.0,0.5
4f3dc90e-0e11-4fbb-a481-7f0e76f5fa64,79,2.6333333333333333,left_ankle,0.5,0.5,0.0,540.0,960.0,0.5
4f3dc90e-0e11-4fbb-a481-7f0e76f5fa64,79,2.6333333333333333,right_ankle,0.5,0.5,0.0,540.0,960.0,0.5
4f3dc90e-0e11-4fbb-a481-7f0e76f5fa64,79,2.6333333333333333,left_heel,0.5,0.5,0.0,540.0,960.0,0.5
4f3dc90e-0e11-4fbb-a481-7f0e76f5fa64,79,2.6333333333333333,right_heel,0.5,0.5,0.0,540.0,960.0,0.5
4f3dc90e-0e11-4fbb-a481-7f0e76f5fa64,79,2.6333333333333333,left_foot_index,0.5,0.5,0.0,540.0,960.0,0.5
4f3dc90e-0e11-4fbb-a481-7f0e76f5fa64,79,2.6333333333333333,right_foot_index,0.5,0.5,0.0,540.0,960.0,0.5
4f3dc90e-0e11-4fbb-a481-7f0e76f5fa64,80,2.6666666666666665,nose,0.5,0.5,0.0,540.0,960.0,0.5
4f3dc90e-0e11-4fbb-a481-7f0e76f5fa64,80,2.6666666666666665,left_shoulder,0.5,0.5,0.0,540.0,960.0,0.5
4f3dc90e-0e11-4fbb-a481-7f0e76f5fa64,80,2.6666666666666665,right_shoulder,0.5,0.5,0.0,540.0,960.0,0.5
4f3dc90e-0e11-4fbb-a481-7f0e76f5fa64,80,2.6666666666666665,left_elbow,0.5,0.5,0.0,540.0,960.0,0.5
4f3dc90e-0e11-4fbb-a481-7f0e76f5fa64,80,2.6666666666666665,right_elbow,0.5,0.5,0.0,540.0,960.0,0.5
4f3dc90e-0e11-4fbb-a481-7f0e76f5fa64,80,2.6666666666666665,left_wrist,0.5,0.5,0.0,540.0,960.0,0.5
4f3dc90e-0e11-4fbb-a481-7f0e76f5fa64,80,2.6666666666666665,right_wrist,0.5,0.5,0.0,540.0,960.0,0.5
4f3dc90e-0e11-4fbb-a481-7f0e76f5fa64,80,2.6666666666666665,left_hip,0.5,0.5,0.0,540.0,960.0,0.5
4f3dc90e-0e11-4fbb-a481-7f0e76f5fa64,80,2.6666666666666665,right_hip,0.5,0.5,0.0,540.0,960.0,0.5
4f3dc90e-0e11-4fbb-a481-7f0e76f5fa64,80,2.6666666666666665,left_knee,0.5,0.5,0.0,540.0,960.0,0.5
4f3dc90e-0e11-4fbb-a481-7f0e76f5fa64,80,2.6666666666666665,right_knee,0.5,0.5,0.0,540.0,960.0,0.5
4f3dc90e-0e11-4fbb-a481-7f0e76f5fa64,80,2.6666666666666665,left_ankle,0.5,0.5,0.0,540.0,960.0,0.5
4f3dc90e-0e11-4fbb-a481-7f0e76f5fa64,80,2.6666666666666665,right_ankle,0.5,0.5,0.0,540.0,960.0,0.5
4f3dc90e-0e11-4fbb-a481-7f0e76f5fa64,80,2.6666666666666665,left_heel,0.5,0.5,0.0,540.0,960.0,0.5
4f3dc90e-0e11-4fbb-a481-7f0e76f5fa64,80,2.6666666666666665,right_heel,0.5,0.5,0.0,540.0,960.0,0.5
4f3dc90e-0e11-4fbb-a481-7f0e76f5fa64,80,2.6666666666666665,left_foot_index,0.5,0.5,0.0,540.0,960.0,0.5
4f3dc90e-0e11-4fbb-a481-7f0e76f5fa64,80,2.6666666666666665,right_foot_index,0.5,0.5,0.0,540.0,960.0,0.5
4f3dc90e-0e11-4fbb-a481-7f0e76f5fa64,81,2.7,nose,0.5,0.5,0.0,540.0,960.0,0.5
4f3dc90e-0e11-4fbb-a481-7f0e76f5fa64,81,2.7,left_shoulder,0.5,0.5,0.0,540.0,960.0,0.5
4f3dc90e-0e11-4fbb-a481-7f0e76f5fa64,81,2.7,right_shoulder,0.5,0.5,0.0,540.0,960.0,0.5
4f3dc90e-0e11-4fbb-a481-7f0e76f5fa64,81,2.7,left_elbow,0.5,0.5,0.0,540.0,960.0,0.5
4f3dc90e-0e11-4fbb-a481-7f0e76f5fa64,81,2.7,right_elbow,0.5,0.5,0.0,540.0,960.0,0.5
4f3dc90e-0e11-4fbb-a481-7f0e76f5fa64,81,2.7,left_wrist,0.5,0.5,0.0,540.0,960.0,0.5
4f3dc90e-0e11-4fbb-a481-7f0e76f5fa64,81,2.7,right_wrist,0.5,0.5,0.0,540.0,960.0,0.5
4f3dc90e-0e11-4fbb-a481-7f0e76f5fa64,81,2.7,left_hip,0.5,0.5,0.0,540.0,960.0,0.5
4f3dc90e-0e11-4fbb-a481-7f0e76f5fa64,81,2.7,right_hip,0.5,0.5,0.0,540.0,960.0,0.5
4f3dc90e-0e11-4fbb-a481-7f0e76f5fa64,81,2.7,left_knee,0.5,0.5,0.0,540.0,960.0,0.5
4f3dc90e-0e11-4fbb-a481-7f0e76f5fa64,81,2.7,right_knee,0.5,0.5,0.0,540.0,960.0,0.5
4f3dc90e-0e11-4fbb-a481-7f0e76f5fa64,81,2.7,left_ankle,0.5,0.5,0.0,540.0,960.0,0.5
4f3dc90e-0e11-4fbb-a481-7f0e76f5fa64,81,2.7,right_ankle,0.5,0.5,0.0,540.0,960.0,0.5
4f3dc90e-0e11-4fbb-a481-7f0e76f5fa64,81,2.7,left_heel,0.5,0.5,0.0,540.0,960.0,0.5
4f3dc90e-0e11-4fbb-a481-7f0e76f5fa64,81,2.7,right_heel,0.5,0.5,0.0,540.0,960.0,0.5
4f3dc90e-0e11-4fbb-a481-7f0e76f5fa64,81,2.7,left_foot_index,0.5,0.5,0.0,540.0,960.0,0.5
4f3dc90e-0e11-4fbb-a481-7f0e76f5fa64,81,2.7,right_foot_index,0.5,0.5,0.0,540.0,960.0,0.5
4f3dc90e-0e11-4fbb-a481-7f0e76f5fa64,82,2.7333333333333334,nose,0.5,0.5,0.0,540.0,960.0,0.5
4f3dc90e-0e11-4fbb-a481-7f0e76f5fa64,82,2.7333333333333334,left_shoulder,0.5,0.5,0.0,540.0,960.0,0.5
4f3dc90e-0e11-4fbb-a481-7f0e76f5fa64,82,2.7333333333333334,right_shoulder,0.5,0.5,0.0,540.0,960.0,0.5
4f3dc90e-0e11-4fbb-a481-7f0e76f5fa64,82,2.7333333333333334,left_elbow,0.5,0.5,0.0,540.0,960.0,0.5
4f3dc90e-0e11-4fbb-a481-7f0e76f5fa64,82,2.7333333333333334,right_elbow,0.5,0.5,0.0,540.0,960.0,0.5
4f3dc90e-0e11-4fbb-a481-7f0e76f5fa64,82,2.7333333333333334,left_wrist,0.5,0.5,0.0,540.0,960.0,0.5
4f3dc90e-0e11-4fbb-a481-7f0e76f5fa64,82,2.7333333333333334,right_wrist,0.5,0.5,0.0,540.0,960.0,0.5
4f3dc90e-0e11-4fbb-a481-7f0e76f5fa64,82,2.7333333333333334,left_hip,0.5,0.5,0.0,540.0,960.0,0.5
4f3dc90e-0e11-4fbb-a481-7f0e76f5fa64,82,2.7333333333333334,right_hip,0.5,0.5,0.0,540.0,960.0,0.5
4f3dc90e-0e11-4fbb-a481-7f0e76f5fa64,82,2.7333333333333334,left_knee,0.5,0.5,0.0,540.0,960.0,0.5
4f3dc90e-0e11-4fbb-a481-7f0e76f5fa64,82,2.7333333333333334,right_knee,0.5,0.5,0.0,540.0,960.0,0.5
4f3dc90e-0e11-4fbb-a481-7f0e76f5fa64,82,2.7333333333333334,left_ankle,0.5,0.5,0.0,540.0,960.0,0.5
4f3dc90e-0e11-4fbb-a481-7f0e76f5fa64,82,2.7333333333333334,right_ankle,0.5,0.5,0.0,540.0,960.0,0.5
4f3dc90e-0e11-4fbb-a481-7f0e76f5fa64,82,2.7333333333333334,left_heel,0.5,0.5,0.0,540.0,960.0,0.5
4f3dc90e-0e11-4fbb-a481-7f0e76f5fa64,82,2.7333333333333334,right_heel,0.5,0.5,0.0,540.0,960.0,0.5
4f3dc90e-0e11-4fbb-a481-7f0e76f5fa64,82,2.7333333333333334,left_foot_index,0.5,0.5,0.0,540.0,960.0,0.5
4f3dc90e-0e11-4fbb-a481-7f0e76f5fa64,82,2.7333333333333334,right_foot_index,0.5,0.5,0.0,540.0,960.0,0.5
4f3dc90e-0e11-4fbb-a481-7f0e76f5fa64,83,2.7666666666666666,nose,0.5,0.5,0.0,540.0,960.0,0.5
4f3dc90e-0e11-4fbb-a481-7f0e76f5fa64,83,2.7666666666666666,left_shoulder,0.5,0.5,0.0,540.0,960.0,0.5
4f3dc90e-0e11-4fbb-a481-7f0e76f5fa64,83,2.7666666666666666,right_shoulder,0.5,0.5,0.0,540.0,960.0,0.5
4f3dc90e-0e11-4fbb-a481-7f0e76f5fa64,83,2.7666666666666666,left_elbow,0.5,0.5,0.0,540.0,960.0,0.5
4f3dc90e-0e11-4fbb-a481-7f0e76f5fa64,83,2.7666666666666666,right_elbow,0.5,0.5,0.0,540.0,960.0,0.5
4f3dc90e-0e11-4fbb-a481-7f0e76f5fa64,83,2.7666666666666666,left_wrist,0.5,0.5,0.0,540.0,960.0,0.5
4f3dc90e-0e11-4fbb-a481-7f0e76f5fa64,83,2.7666666666666666,right_wrist,0.5,0.5,0.0,540.0,960.0,0.5
4f3dc90e-0e11-4fbb-a481-7f0e76f5fa64,83,2.7666666666666666,left_hip,0.5,0.5,0.0,540.0,960.0,0.5
4f3dc90e-0e11-4fbb-a481-7f0e76f5fa64,83,2.7666666666666666,right_hip,0.5,0.5,0.0,540.0,960.0,0.5
4f3dc90e-0e11-4fbb-a481-7f0e76f5fa64,83,2.7666666666666666,left_knee,0.5,0.5,0.0,540.0,960.0,0.5
4f3dc90e-0e11-4fbb-a481-7f0e76f5fa64,83,2.7666666666666666,right_knee,0.5,0.5,0.0,540.0,960.0,0.5
4f3dc90e-0e11-4fbb-a481-7f0e76f5fa64,83,2.7666666666666666,left_ankle,0.5,0.5,0.0,540.0,960.0,0.5
4f3dc90e-0e11-4fbb-a481-7f0e76f5fa64,83,2.7666666666666666,right_ankle,0.5,0.5,0.0,540.0,960.0,0.5
4f3dc90e-0e11-4fbb-a481-7f0e76f5fa64,83,2.7666666666666666,left_heel,0.5,0.5,0.0,540.0,960.0,0.5
4f3dc90e-0e11-4fbb-a481-7f0e76f5fa64,83,2.7666666666666666,right_heel,0.5,0.5,0.0,540.0,960.0,0.5
4f3dc90e-0e11-4fbb-a481-7f0e76f5fa64,83,2.7666666666666666,left_foot_index,0.5,0.5,0.0,540.0,960.0,0.5
4f3dc90e-0e11-4fbb-a481-7f0e76f5fa64,83,2.7666666666666666,right_foot_index,0.5,0.5,0.0,540.0,960.0,0.5
4f3dc90e-0e11-4fbb-a481-7f0e76f5fa64,84,2.8,nose,0.5,0.5,0.0,540.0,960.0,0.5
4f3dc90e-0e11-4fbb-a481-7f0e76f5fa64,84,2.8,left_shoulder,0.5,0.5,0.0,540.0,960.0,0.5
4f3dc90e-0e11-4fbb-a481-7f0e76f5fa64,84,2.8,right_shoulder,0.5,0.5,0.0,540.0,960.0,0.5
4f3dc90e-0e11-4fbb-a481-7f0e76f5fa64,84,2.8,left_elbow,0.5,0.5,0.0,540.0,960.0,0.5
4f3dc90e-0e11-4fbb-a481-7f0e76f5fa64,84,2.8,right_elbow,0.5,0.5,0.0,540.0,960.0,0.5
4f3dc90e-0e11-4fbb-a481-7f0e76f5fa64,84,2.8,left_wrist,0.5,0.5,0.0,540.0,960.0,0.5
4f3dc90e-0e11-4fbb-a481-7f0e76f5fa64,84,2.8,right_wrist,0.5,0.5,0.0,540.0,960.0,0.5
4f3dc90e-0e11-4fbb-a481-7f0e76f5fa64,84,2.8,left_hip,0.5,0.5,0.0,540.0,960.0,0.5
4f3dc90e-0e11-4fbb-a481-7f0e76f5fa64,84,2.8,right_hip,0.5,0.5,0.0,540.0,960.0,0.5
4f3dc90e-0e11-4fbb-a481-7f0e76f5fa64,84,2.8,left_knee,0.5,0.5,0.0,540.0,960.0,0.5
4f3dc90e-0e11-4fbb-a481-7f0e76f5fa64,84,2.8,right_knee,0.5,0.5,0.0,540.0,960.0,0.5
4f3dc90e-0e11-4fbb-a481-7f0e76f5fa64,84,2.8,left_ankle,0.5,0.5,0.0,540.0,960.0,0.5
4f3dc90e-0e11-4fbb-a481-7f0e76f5fa64,84,2.8,right_ankle,0.5,0.5,0.0,540.0,960.0,0.5
4f3dc90e-0e11-4fbb-a481-7f0e76f5fa64,84,2.8,left_heel,0.5,0.5,0.0,540.0,960.0,0.5
4f3dc90e-0e11-4fbb-a481-7f0e76f5fa64,84,2.8,right_heel,0.5,0.5,0.0,540.0,960.0,0.5
4f3dc90e-0e11-4fbb-a481-7f0e76f5fa64,84,2.8,left_foot_index,0.5,0.5,0.0,540.0,960.0,0.5
4f3dc90e-0e11-4fbb-a481-7f0e76f5fa64,84,2.8,right_foot_index,0.5,0.5,0.0,540.0,960.0,0.5
4f3dc90e-0e11-4fbb-a481-7f0e76f5fa64,85,2.8333333333333335,nose,0.5,0.5,0.0,540.0,960.0,0.5
4f3dc90e-0e11-4fbb-a481-7f0e76f5fa64,85,2.8333333333333335,left_shoulder,0.5,0.5,0.0,540.0,960.0,0.5
4f3dc90e-0e11-4fbb-a481-7f0e76f5fa64,85,2.8333333333333335,right_shoulder,0.5,0.5,0.0,540.0,960.0,0.5
4f3dc90e-0e11-4fbb-a481-7f0e76f5fa64,85,2.8333333333333335,left_elbow,0.5,0.5,0.0,540.0,960.0,0.5
4f3dc90e-0e11-4fbb-a481-7f0e76f5fa64,85,2.8333333333333335,right_elbow,0.5,0.5,0.0,540.0,960.0,0.5
4f3dc90e-0e11-4fbb-a481-7f0e76f5fa64,85,2.8333333333333335,left_wrist,0.5,0.5,0.0,540.0,960.0,0.5
4f3dc90e-0e11-4fbb-a481-7f0e76f5fa64,85,2.8333333333333335,right_wrist,0.5,0.5,0.0,540.0,960.0,0.5
4f3dc90e-0e11-4fbb-a481-7f0e76f5fa64,85,2.8333333333333335,left_hip,0.5,0.5,0.0,540.0,960.0,0.5
4f3dc90e-0e11-4fbb-a481-7f0e76f5fa64,85,2.8333333333333335,right_hip,0.5,0.5,0.0,540.0,960.0,0.5
4f3dc90e-0e11-4fbb-a481-7f0e76f5fa64,85,2.8333333333333335,left_knee,0.5,0.5,0.0,540.0,960.0,0.5
4f3dc90e-0e11-4fbb-a481-7f0e76f5fa64,85,2.8333333333333335,right_knee,0.5,0.5,0.0,540.0,960.0,0.5
4f3dc90e-0e11-4fbb-a481-7f0e76f5fa64,85,2.8333333333333335,left_ankle,0.5,0.5,0.0,540.0,960.0,0.5
4f3dc90e-0e11-4fbb-a481-7f0e76f5fa64,85,2.8333333333333335,right_ankle,0.5,0.5,0.0,540.0,960.0,0.5
4f3dc90e-0e11-4fbb-a481-7f0e76f5fa64,85,2.8333333333333335,left_heel,0.5,0.5,0.0,540.0,960.0,0.5
4f3dc90e-0e11-4fbb-a481-7f0e76f5fa64,85,2.8333333333333335,right_heel,0.5,0.5,0.0,540.0,960.0,0.5
4f3dc90e-0e11-4fbb-a481-7f0e76f5fa64,85,2.8333333333333335,left_foot_index,0.5,0.5,0.0,540.0,960.0,0.5
4f3dc90e-0e11-4fbb-a481-7f0e76f5fa64,85,2.8333333333333335,right_foot_index,0.5,0.5,0.0,540.0,960.0,0.5
4f3dc90e-0e11-4fbb-a481-7f0e76f5fa64,86,2.8666666666666667,nose,0.5,0.5,0.0,540.0,960.0,0.5
4f3dc90e-0e11-4fbb-a481-7f0e76f5fa64,86,2.8666666666666667,left_shoulder,0.5,0.5,0.0,540.0,960.0,0.5
4f3dc90e-0e11-4fbb-a481-7f0e76f5fa64,86,2.8666666666666667,right_shoulder,0.5,0.5,0.0,540.0,960.0,0.5
4f3dc90e-0e11-4fbb-a481-7f0e76f5fa64,86,2.8666666666666667,left_elbow,0.5,0.5,0.0,540.0,960.0,0.5
4f3dc90e-0e11-4fbb-a481-7f0e76f5fa64,86,2.8666666666666667,right_elbow,0.5,0.5,0.0,540.0,960.0,0.5
4f3dc90e-0e11-4fbb-a481-7f0e76f5fa64,86,2.8666666666666667,left_wrist,0.5,0.5,0.0,540.0,960.0,0.5
4f3dc90e-0e11-4fbb-a481-7f0e76f5fa64,86,2.8666666666666667,right_wrist,0.5,0.5,0.0,540.0,960.0,0.5
4f3dc90e-0e11-4fbb-a481-7f0e76f5fa64,86,2.8666666666666667,left_hip,0.5,0.5,0.0,540.0,960.0,0.5
4f3dc90e-0e11-4fbb-a481-7f0e76f5fa64,86,2.8666666666666667,right_hip,0.5,0.5,0.0,540.0,960.0,0.5
4f3dc90e-0e11-4fbb-a481-7f0e76f5fa64,86,2.8666666666666667,left_knee,0.5,0.5,0.0,540.0,960.0,0.5
4f3dc90e-0e11-4fbb-a481-7f0e76f5fa64,86,2.8666666666666667,right_knee,0.5,0.5,0.0,540.0,960.0,0.5
4f3dc90e-0e11-4fbb-a481-7f0e76f5fa64,86,2.8666666666666667,left_ankle,0.5,0.5,0.0,540.0,960.0,0.5
4f3dc90e-0e11-4fbb-a481-7f0e76f5fa64,86,2.8666666666666667,right_ankle,0.5,0.5,0.0,540.0,960.0,0.5
4f3dc90e-0e11-4fbb-a481-7f0e76f5fa64,86,2.8666666666666667,left_heel,0.5,0.5,0.0,540.0,960.0,0.5
4f3dc90e-0e11-4fbb-a481-7f0e76f5fa64,86,2.8666666666666667,right_heel,0.5,0.5,0.0,540.0,960.0,0.5
4f3dc90e-0e11-4fbb-a481-7f0e76f5fa64,86,2.8666666666666667,left_foot_index,0.5,0.5,0.0,540.0,960.0,0.5
4f3dc90e-0e11-4fbb-a481-7f0e76f5fa64,86,2.8666666666666667,right_foot_index,0.5,0.5,0.0,540.0,960.0,0.5
4f3dc90e-0e11-4fbb-a481-7f0e76f5fa64,87,2.9,nose,0.5,0.5,0.0,540.0,960.0,0.5
4f3dc90e-0e11-4fbb-a481-7f0e76f5fa64,87,2.9,left_shoulder,0.5,0.5,0.0,540.0,960.0,0.5
4f3dc90e-0e11-4fbb-a481-7f0e76f5fa64,87,2.9,right_shoulder,0.5,0.5,0.0,540.0,960.0,0.5
4f3dc90e-0e11-4fbb-a481-7f0e76f5fa64,87,2.9,left_elbow,0.5,0.5,0.0,540.0,960.0,0.5
4f3dc90e-0e11-4fbb-a481-7f0e76f5fa64,87,2.9,right_elbow,0.5,0.5,0.0,540.0,960.0,0.5
4f3dc90e-0e11-4fbb-a481-7f0e76f5fa64,87,2.9,left_wrist,0.5,0.5,0.0,540.0,960.0,0.5
4f3dc90e-0e11-4fbb-a481-7f0e76f5fa64,87,2.9,right_wrist,0.5,0.5,0.0,540.0,960.0,0.5
4f3dc90e-0e11-4fbb-a481-7f0e76f5fa64,87,2.9,left_hip,0.5,0.5,0.0,540.0,960.0,0.5
4f3dc90e-0e11-4fbb-a481-7f0e76f5fa64,87,2.9,right_hip,0.5,0.5,0.0,540.0,960.0,0.5
4f3dc90e-0e11-4fbb-a481-7f0e76f5fa64,87,2.9,left_knee,0.5,0.5,0.0,540.0,960.0,0.5
4f3dc90e-0e11-4fbb-a481-7f0e76f5fa64,87,2.9,right_knee,0.5,0.5,0.0,540.0,960.0,0.5
4f3dc90e-0e11-4fbb-a481-7f0e76f5fa64,87,2.9,left_ankle,0.5,0.5,0.0,540.0,960.0,0.5
4f3dc90e-0e11-4fbb-a481-7f0e76f5fa64,87,2.9,right_ankle,0.5,0.5,0.0,540.0,960.0,0.5
4f3dc90e-0e11-4fbb-a481-7f0e76f5fa64,87,2.9,left_heel,0.5,0.5,0.0,540.0,960.0,0.5
4f3dc90e-0e11-4fbb-a481-7f0e76f5fa64,87,2.9,right_heel,0.5,0.5,0.0,540.0,960.0,0.5
4f3dc90e-0e11-4fbb-a481-7f0e76f5fa64,87,2.9,left_foot_index,0.5,0.5,0.0,540.0,960.0,0.5
4f3dc90e-0e11-4fbb-a481-7f0e76f5fa64,87,2.9,right_foot_index,0.5,0.5,0.0,540.0,960.0,0.5
4f3dc90e-0e11-4fbb-a481-7f0e76f5fa64,88,2.933333333333333,nose,0.5,0.5,0.0,540.0,960.0,0.5
4f3dc90e-0e11-4fbb-a481-7f0e76f5fa64,88,2.933333333333333,left_shoulder,0.5,0.5,0.0,540.0,960.0,0.5
4f3dc90e-0e11-4fbb-a481-7f0e76f5fa64,88,2.933333333333333,right_shoulder,0.5,0.5,0.0,540.0,960.0,0.5
4f3dc90e-0e11-4fbb-a481-7f0e76f5fa64,88,2.933333333333333,left_elbow,0.5,0.5,0.0,540.0,960.0,0.5
4f3dc90e-0e11-4fbb-a481-7f0e76f5fa64,88,2.933333333333333,right_elbow,0.5,0.5,0.0,540.0,960.0,0.5
4f3dc90e-0e11-4fbb-a481-7f0e76f5fa64,88,2.933333333333333,left_wrist,0.5,0.5,0.0,540.0,960.0,0.5
4f3dc90e-0e11-4fbb-a481-7f0e76f5fa64,88,2.933333333333333,right_wrist,0.5,0.5,0.0,540.0,960.0,0.5
4f3dc90e-0e11-4fbb-a481-7f0e76f5fa64,88,2.933333333333333,left_hip,0.5,0.5,0.0,540.0,960.0,0.5
4f3dc90e-0e11-4fbb-a481-7f0e76f5fa64,88,2.933333333333333,right_hip,0.5,0.5,0.0,540.0,960.0,0.5
4f3dc90e-0e11-4fbb-a481-7f0e76f5fa64,88,2.933333333333333,left_knee,0.5,0.5,0.0,540.0,960.0,0.5
4f3dc90e-0e11-4fbb-a481-7f0e76f5fa64,88,2.933333333333333,right_knee,0.5,0.5,0.0,540.0,960.0,0.5
4f3dc90e-0e11-4fbb-a481-7f0e76f5fa64,88,2.933333333333333,left_ankle,0.5,0.5,0.0,540.0,960.0,0.5
4f3dc90e-0e11-4fbb-a481-7f0e76f5fa64,88,2.933333333333333,right_ankle,0.5,0.5,0.0,540.0,960.0,0.5
4f3dc90e-0e11-4fbb-a481-7f0e76f5fa64,88,2.933333333333333,left_heel,0.5,0.5,0.0,540.0,960.0,0.5
4f3dc90e-0e11-4fbb-a481-7f0e76f5fa64,88,2.933333333333333,right_heel,0.5,0.5,0.0,540.0,960.0,0.5
4f3dc90e-0e11-4fbb-a481-7f0e76f5fa64,88,2.933333333333333,left_foot_index,0.5,0.5,0.0,540.0,960.0,0.5
4f3dc90e-0e11-4fbb-a481-7f0e76f5fa64,88,2.933333333333333,right_foot_index,0.5,0.5,0.0,540.0,960.0,0.5
4f3dc90e-0e11-4fbb-a481-7f0e76f5fa64,89,2.966666666666667,nose,0.5,0.5,0.0,540.0,960.0,0.5
4f3dc90e-0e11-4fbb-a481-7f0e76f5fa64,89,2.966666666666667,left_shoulder,0.5,0.5,0.0,540.0,960.0,0.5
4f3dc90e-0e11-4fbb-a481-7f0e76f5fa64,89,2.966666666666667,right_shoulder,0.5,0.5,0.0,540.0,960.0,0.5
4f3dc90e-0e11-4fbb-a481-7f0e76f5fa64,89,2.966666666666667,left_elbow,0.5,0.5,0.0,540.0,960.0,0.5
4f3dc90e-0e11-4fbb-a481-7f0e76f5fa64,89,2.966666666666667,right_elbow,0.5,0.5,0.0,540.0,960.0,0.5
4f3dc90e-0e11-4fbb-a481-7f0e76f5fa64,89,2.966666666666667,left_wrist,0.5,0.5,0.0,540.0,960.0,0.5
4f3dc90e-0e11-4fbb-a481-7f0e76f5fa64,89,2.966666666666667,right_wrist,0.5,0.5,0.0,540.0,960.0,0.5
4f3dc90e-0e11-4fbb-a481-7f0e76f5fa64,89,2.966666666666667,left_hip,0.5,0.5,0.0,540.0,960.0,0.5
4f3dc90e-0e11-4fbb-a481-7f0e76f5fa64,89,2.966666666666667,right_hip,0.5,0.5,0.0,540.0,960.0,0.5
4f3dc90e-0e11-4fbb-a481-7f0e76f5fa64,89,2.966666666666667,left_knee,0.5,0.5,0.0,540.0,960.0,0.5
4f3dc90e-0e11-4fbb-a481-7f0e76f5fa64,89,2.966666666666667,right_knee,0.5,0.5,0.0,540.0,960.0,0.5
4f3dc90e-0e11-4fbb-a481-7f0e76f5fa64,89,2.966666666666667,left_ankle,0.5,0.5,0.0,540.0,960.0,0.5
4f3dc90e-0e11-4fbb-a481-7f0e76f5fa64,89,2.966666666666667,right_ankle,0.5,0.5,0.0,540.0,960.0,0.5
4f3dc90e-0e11-4fbb-a481-7f0e76f5fa64,89,2.966666666666667,left_heel,0.5,0.5,0.0,540.0,960.0,0.5
4f3dc90e-0e11-4fbb-a481-7f0e76f5fa64,89,2.966666666666667,right_heel,0.5,0.5,0.0,540.0,960.0,0.5
4f3dc90e-0e11-4fbb-a481-7f0e76f5fa64,89,2.966666666666667,left_foot_index,0.5,0.5,0.0,540.0,960.0,0.5
4f3dc90e-0e11-4fbb-a481-7f0e76f5fa64,89,2.966666666666667,right_foot_index,0.5,0.5,0.0,540.0,960.0,0.5
4f3dc90e-0e11-4fbb-a481-7f0e76f5fa64,90,3.0,nose,0.5,0.5,0.0,540.0,960.0,0.5
4f3dc90e-0e11-4fbb-a481-7f0e76f5fa64,90,3.0,left_shoulder,0.5,0.5,0.0,540.0,960.0,0.5
4f3dc90e-0e11-4fbb-a481-7f0e76f5fa64,90,3.0,right_shoulder,0.5,0.5,0.0,540.0,960.0,0.5
4f3dc90e-0e11-4fbb-a481-7f0e76f5fa64,90,3.0,left_elbow,0.5,0.5,0.0,540.0,960.0,0.5
4f3dc90e-0e11-4fbb-a481-7f0e76f5fa64,90,3.0,right_elbow,0.5,0.5,0.0,540.0,960.0,0.5
4f3dc90e-0e11-4fbb-a481-7f0e76f5fa64,90,3.0,left_wrist,0.5,0.5,0.0,540.0,960.0,0.5
4f3dc90e-0e11-4fbb-a481-7f0e76f5fa64,90,3.0,right_wrist,0.5,0.5,0.0,540.0,960.0,0.5
4f3dc90e-0e11-4fbb-a481-7f0e76f5fa64,90,3.0,left_hip,0.5,0.5,0.0,540.0,960.0,0.5
4f3dc90e-0e11-4fbb-a481-7f0e76f5fa64,90,3.0,right_hip,0.5,0.5,0.0,540.0,960.0,0.5
4f3dc90e-0e11-4fbb-a481-7f0e76f5fa64,90,3.0,left_knee,0.5,0.5,0.0,540.0,960.0,0.5
4f3dc90e-0e11-4fbb-a481-7f0e76f5fa64,90,3.0,right_knee,0.5,0.5,0.0,540.0,960.0,0.5
4f3dc90e-0e11-4fbb-a481-7f0e76f5fa64,90,3.0,left_ankle,0.5,0.5,0.0,540.0,960.0,0.5
4f3dc90e-0e11-4fbb-a481-7f0e76f5fa64,90,3.0,right_ankle,0.5,0.5,0.0,540.0,960.0,0.5
4f3dc90e-0e11-4fbb-a481-7f0e76f5fa64,90,3.0,left_heel,0.5,0.5,0.0,540.0,960.0,0.5
4f3dc90e-0e11-4fbb-a481-7f0e76f5fa64,90,3.0,right_heel,0.5,0.5,0.0,540.0,960.0,0.5
4f3dc90e-0e11-4fbb-a481-7f0e76f5fa64,90,3.0,left_foot_index,0.5,0.5,0.0,540.0,960.0,0.5
4f3dc90e-0e11-4fbb-a481-7f0e76f5fa64,90,3.0,right_foot_index,0.5,0.5,0.0,540.0,960.0,0.5
4f3dc90e-0e11-4fbb-a481-7f0e76f5fa64,91,3.033333333333333,nose,0.5,0.5,0.0,540.0,960.0,0.5
4f3dc90e-0e11-4fbb-a481-7f0e76f5fa64,91,3.033333333333333,left_shoulder,0.5,0.5,0.0,540.0,960.0,0.5
4f3dc90e-0e11-4fbb-a481-7f0e76f5fa64,91,3.033333333333333,right_shoulder,0.5,0.5,0.0,540.0,960.0,0.5
4f3dc90e-0e11-4fbb-a481-7f0e76f5fa64,91,3.033333333333333,left_elbow,0.5,0.5,0.0,540.0,960.0,0.5
4f3dc90e-0e11-4fbb-a481-7f0e76f5fa64,91,3.033333333333333,right_elbow,0.5,0.5,0.0,540.0,960.0,0.5
4f3dc90e-0e11-4fbb-a481-7f0e76f5fa64,91,3.033333333333333,left_wrist,0.5,0.5,0.0,540.0,960.0,0.5
4f3dc90e-0e11-4fbb-a481-7f0e76f5fa64,91,3.033333333333333,right_wrist,0.5,0.5,0.0,540.0,960.0,0.5
4f3dc90e-0e11-4fbb-a481-7f0e76f5fa64,91,3.033333333333333,left_hip,0.5,0.5,0.0,540.0,960.0,0.5
4f3dc90e-0e11-4fbb-a481-7f0e76f5fa64,91,3.033333333333333,right_hip,0.5,0.5,0.0,540.0,960.0,0.5
4f3dc90e-0e11-4fbb-a481-7f0e76f5fa64,91,3.033333333333333,left_knee,0.5,0.5,0.0,540.0,960.0,0.5
4f3dc90e-0e11-4fbb-a481-7f0e76f5fa64,91,3.033333333333333,right_knee,0.5,0.5,0.0,540.0,960.0,0.5
4f3dc90e-0e11-4fbb-a481-7f0e76f5fa64,91,3.033333333333333,left_ankle,0.5,0.5,0.0,540.0,960.0,0.5
4f3dc90e-0e11-4fbb-a481-7f0e76f5fa64,91,3.033333333333333,right_ankle,0.5,0.5,0.0,540.0,960.0,0.5
4f3dc90e-0e11-4fbb-a481-7f0e76f5fa64,91,3.033333333333333,left_heel,0.5,0.5,0.0,540.0,960.0,0.5
4f3dc90e-0e11-4fbb-a481-7f0e76f5fa64,91,3.033333333333333,right_heel,0.5,0.5,0.0,540.0,960.0,0.5
4f3dc90e-0e11-4fbb-a481-7f0e76f5fa64,91,3.033333333333333,left_foot_index,0.5,0.5,0.0,540.0,960.0,0.5
4f3dc90e-0e11-4fbb-a481-7f0e76f5fa64,91,3.033333333333333,right_foot_index,0.5,0.5,0.0,540.0,960.0,0.5
4f3dc90e-0e11-4fbb-a481-7f0e76f5fa64,92,3.066666666666667,nose,0.5,0.5,0.0,540.0,960.0,0.5
4f3dc90e-0e11-4fbb-a481-7f0e76f5fa64,92,3.066666666666667,left_shoulder,0.5,0.5,0.0,540.0,960.0,0.5
4f3dc90e-0e11-4fbb-a481-7f0e76f5fa64,92,3.066666666666667,right_shoulder,0.5,0.5,0.0,540.0,960.0,0.5
4f3dc90e-0e11-4fbb-a481-7f0e76f5fa64,92,3.066666666666667,left_elbow,0.5,0.5,0.0,540.0,960.0,0.5
4f3dc90e-0e11-4fbb-a481-7f0e76f5fa64,92,3.066666666666667,right_elbow,0.5,0.5,0.0,540.0,960.0,0.5
4f3dc90e-0e11-4fbb-a481-7f0e76f5fa64,92,3.066666666666667,left_wrist,0.5,0.5,0.0,540.0,960.0,0.5
4f3dc90e-0e11-4fbb-a481-7f0e76f5fa64,92,3.066666666666667,right_wrist,0.5,0.5,0.0,540.0,960.0,0.5
4f3dc90e-0e11-4fbb-a481-7f0e76f5fa64,92,3.066666666666667,left_hip,0.5,0.5,0.0,540.0,960.0,0.5
4f3dc90e-0e11-4fbb-a481-7f0e76f5fa64,92,3.066666666666667,right_hip,0.5,0.5,0.0,540.0,960.0,0.5
4f3dc90e-0e11-4fbb-a481-7f0e76f5fa64,92,3.066666666666667,left_knee,0.5,0.5,0.0,540.0,960.0,0.5
4f3dc90e-0e11-4fbb-a481-7f0e76f5fa64,92,3.066666666666667,right_knee,0.5,0.5,0.0,540.0,960.0,0.5
4f3dc90e-0e11-4fbb-a481-7f0e76f5fa64,92,3.066666666666667,left_ankle,0.5,0.5,0.0,540.0,960.0,0.5
4f3dc90e-0e11-4fbb-a481-7f0e76f5fa64,92,3.066666666666667,right_ankle,0.5,0.5,0.0,540.0,960.0,0.5
4f3dc90e-0e11-4fbb-a481-7f0e76f5fa64,92,3.066666666666667,left_heel,0.5,0.5,0.0,540.0,960.0,0.5
4f3dc90e-0e11-4fbb-a481-7f0e76f5fa64,92,3.066666666666667,right_heel,0.5,0.5,0.0,540.0,960.0,0.5
4f3dc90e-0e11-4fbb-a481-7f0e76f5fa64,92,3.066666666666667,left_foot_index,0.5,0.5,0.0,540.0,960.0,0.5
4f3dc90e-0e11-4fbb-a481-7f0e76f5fa64,92,3.066666666666667,right_foot_index,0.5,0.5,0.0,540.0,960.0,0.5
4f3dc90e-0e11-4fbb-a481-7f0e76f5fa64,93,3.1,nose,0.5,0.5,0.0,540.0,960.0,0.5
4f3dc90e-0e11-4fbb-a481-7f0e76f5fa64,93,3.1,left_shoulder,0.5,0.5,0.0,540.0,960.0,0.5
4f3dc90e-0e11-4fbb-a481-7f0e76f5fa64,93,3.1,right_shoulder,0.5,0.5,0.0,540.0,960.0,0.5
4f3dc90e-0e11-4fbb-a481-7f0e76f5fa64,93,3.1,left_elbow,0.5,0.5,0.0,540.0,960.0,0.5
4f3dc90e-0e11-4fbb-a481-7f0e76f5fa64,93,3.1,right_elbow,0.5,0.5,0.0,540.0,960.0,0.5
4f3dc90e-0e11-4fbb-a481-7f0e76f5fa64,93,3.1,left_wrist,0.5,0.5,0.0,540.0,960.0,0.5
4f3dc90e-0e11-4fbb-a481-7f0e76f5fa64,93,3.1,right_wrist,0.5,0.5,0.0,540.0,960.0,0.5
4f3dc90e-0e11-4fbb-a481-7f0e76f5fa64,93,3.1,left_hip,0.5,0.5,0.0,540.0,960.0,0.5
4f3dc90e-0e11-4fbb-a481-7f0e76f5fa64,93,3.1,right_hip,0.5,0.5,0.0,540.0,960.0,0.5
4f3dc90e-0e11-4fbb-a481-7f0e76f5fa64,93,3.1,left_knee,0.5,0.5,0.0,540.0,960.0,0.5
4f3dc90e-0e11-4fbb-a481-7f0e76f5fa64,93,3.1,right_knee,0.5,0.5,0.0,540.0,960.0,0.5
4f3dc90e-0e11-4fbb-a481-7f0e76f5fa64,93,3.1,left_ankle,0.5,0.5,0.0,540.0,960.0,0.5
4f3dc90e-0e11-4fbb-a481-7f0e76f5fa64,93,3.1,right_ankle,0.5,0.5,0.0,540.0,960.0,0.5
4f3dc90e-0e11-4fbb-a481-7f0e76f5fa64,93,3.1,left_heel,0.5,0.5,0.0,540.0,960.0,0.5
4f3dc90e-0e11-4fbb-a481-7f0e76f5fa64,93,3.1,right_heel,0.5,0.5,0.0,540.0,960.0,0.5
4f3dc90e-0e11-4fbb-a481-7f0e76f5fa64,93,3.1,left_foot_index,0.5,0.5,0.0,540.0,960.0,0.5
4f3dc90e-0e11-4fbb-a481-7f0e76f5fa64,93,3.1,right_foot_index,0.5,0.5,0.0,540.0,960.0,0.5
4f3dc90e-0e11-4fbb-a481-7f0e76f5fa64,94,3.1333333333333333,nose,0.5,0.5,0.0,540.0,960.0,0.5
4f3dc90e-0e11-4fbb-a481-7f0e76f5fa64,94,3.1333333333333333,left_shoulder,0.5,0.5,0.0,540.0,960.0,0.5
4f3dc90e-0e11-4fbb-a481-7f0e76f5fa64,94,3.1333333333333333,right_shoulder,0.5,0.5,0.0,540.0,960.0,0.5
4f3dc90e-0e11-4fbb-a481-7f0e76f5fa64,94,3.1333333333333333,left_elbow,0.5,0.5,0.0,540.0,960.0,0.5
4f3dc90e-0e11-4fbb-a481-7f0e76f5fa64,94,3.1333333333333333,right_elbow,0.5,0.5,0.0,540.0,960.0,0.5
4f3dc90e-0e11-4fbb-a481-7f0e76f5fa64,94,3.1333333333333333,left_wrist,0.5,0.5,0.0,540.0,960.0,0.5
4f3dc90e-0e11-4fbb-a481-7f0e76f5fa64,94,3.1333333333333333,right_wrist,0.5,0.5,0.0,540.0,960.0,0.5
4f3dc90e-0e11-4fbb-a481-7f0e76f5fa64,94,3.1333333333333333,left_hip,0.5,0.5,0.0,540.0,960.0,0.5
4f3dc90e-0e11-4fbb-a481-7f0e76f5fa64,94,3.1333333333333333,right_hip,0.5,0.5,0.0,540.0,960.0,0.5
4f3dc90e-0e11-4fbb-a481-7f0e76f5fa64,94,3.1333333333333333,left_knee,0.5,0.5,0.0,540.0,960.0,0.5
4f3dc90e-0e11-4fbb-a481-7f0e76f5fa64,94,3.1333333333333333,right_knee,0.5,0.5,0.0,540.0,960.0,0.5
4f3dc90e-0e11-4fbb-a481-7f0e76f5fa64,94,3.1333333333333333,left_ankle,0.5,0.5,0.0,540.0,960.0,0.5
4f3dc90e-0e11-4fbb-a481-7f0e76f5fa64,94,3.1333333333333333,right_ankle,0.5,0.5,0.0,540.0,960.0,0.5
4f3dc90e-0e11-4fbb-a481-7f0e76f5fa64,94,3.1333333333333333,left_heel,0.5,0.5,0.0,540.0,960.0,0.5
4f3dc90e-0e11-4fbb-a481-7f0e76f5fa64,94,3.1333333333333333,right_heel,0.5,0.5,0.0,540.0,960.0,0.5
4f3dc90e-0e11-4fbb-a481-7f0e76f5fa64,94,3.1333333333333333,left_foot_index,0.5,0.5,0.0,540.0,960.0,0.5
4f3dc90e-0e11-4fbb-a481-7f0e76f5fa64,94,3.1333333333333333,right_foot_index,0.5,0.5,0.0,540.0,960.0,0.5
4f3dc90e-0e11-4fbb-a481-7f0e76f5fa64,95,3.1666666666666665,nose,0.5,0.5,0.0,540.0,960.0,0.5
4f3dc90e-0e11-4fbb-a481-7f0e76f5fa64,95,3.1666666666666665,left_shoulder,0.5,0.5,0.0,540.0,960.0,0.5
4f3dc90e-0e11-4fbb-a481-7f0e76f5fa64,95,3.1666666666666665,right_shoulder,0.5,0.5,0.0,540.0,960.0,0.5
4f3dc90e-0e11-4fbb-a481-7f0e76f5fa64,95,3.1666666666666665,left_elbow,0.5,0.5,0.0,540.0,960.0,0.5
4f3dc90e-0e11-4fbb-a481-7f0e76f5fa64,95,3.1666666666666665,right_elbow,0.5,0.5,0.0,540.0,960.0,0.5
4f3dc90e-0e11-4fbb-a481-7f0e76f5fa64,95,3.1666666666666665,left_wrist,0.5,0.5,0.0,540.0,960.0,0.5
4f3dc90e-0e11-4fbb-a481-7f0e76f5fa64,95,3.1666666666666665,right_wrist,0.5,0.5,0.0,540.0,960.0,0.5
4f3dc90e-0e11-4fbb-a481-7f0e76f5fa64,95,3.1666666666666665,left_hip,0.5,0.5,0.0,540.0,960.0,0.5
4f3dc90e-0e11-4fbb-a481-7f0e76f5fa64,95,3.1666666666666665,right_hip,0.5,0.5,0.0,540.0,960.0,0.5
4f3dc90e-0e11-4fbb-a481-7f0e76f5fa64,95,3.1666666666666665,left_knee,0.5,0.5,0.0,540.0,960.0,0.5
4f3dc90e-0e11-4fbb-a481-7f0e76f5fa64,95,3.1666666666666665,right_knee,0.5,0.5,0.0,540.0,960.0,0.5
4f3dc90e-0e11-4fbb-a481-7f0e76f5fa64,95,3.1666666666666665,left_ankle,0.5,0.5,0.0,540.0,960.0,0.5
4f3dc90e-0e11-4fbb-a481-7f0e76f5fa64,95,3.1666666666666665,right_ankle,0.5,0.5,0.0,540.0,960.0,0.5
4f3dc90e-0e11-4fbb-a481-7f0e76f5fa64,95,3.1666666666666665,left_heel,0.5,0.5,0.0,540.0,960.0,0.5
4f3dc90e-0e11-4fbb-a481-7f0e76f5fa64,95,3.1666666666666665,right_heel,0.5,0.5,0.0,540.0,960.0,0.5
4f3dc90e-0e11-4fbb-a481-7f0e76f5fa64,95,3.1666666666666665,left_foot_index,0.5,0.5,0.0,540.0,960.0,0.5
4f3dc90e-0e11-4fbb-a481-7f0e76f5fa64,95,3.1666666666666665,right_foot_index,0.5,0.5,0.0,540.0,960.0,0.5
4f3dc90e-0e11-4fbb-a481-7f0e76f5fa64,96,3.2,nose,0.5,0.5,0.0,540.0,960.0,0.5
4f3dc90e-0e11-4fbb-a481-7f0e76f5fa64,96,3.2,left_shoulder,0.5,0.5,0.0,540.0,960.0,0.5
4f3dc90e-0e11-4fbb-a481-7f0e76f5fa64,96,3.2,right_shoulder,0.5,0.5,0.0,540.0,960.0,0.5
4f3dc90e-0e11-4fbb-a481-7f0e76f5fa64,96,3.2,left_elbow,0.5,0.5,0.0,540.0,960.0,0.5
4f3dc90e-0e11-4fbb-a481-7f0e76f5fa64,96,3.2,right_elbow,0.5,0.5,0.0,540.0,960.0,0.5
4f3dc90e-0e11-4fbb-a481-7f0e76f5fa64,96,3.2,left_wrist,0.5,0.5,0.0,540.0,960.0,0.5
4f3dc90e-0e11-4fbb-a481-7f0e76f5fa64,96,3.2,right_wrist,0.5,0.5,0.0,540.0,960.0,0.5
4f3dc90e-0e11-4fbb-a481-7f0e76f5fa64,96,3.2,left_hip,0.5,0.5,0.0,540.0,960.0,0.5
4f3dc90e-0e11-4fbb-a481-7f0e76f5fa64,96,3.2,right_hip,0.5,0.5,0.0,540.0,960.0,0.5
4f3dc90e-0e11-4fbb-a481-7f0e76f5fa64,96,3.2,left_knee,0.5,0.5,0.0,540.0,960.0,0.5
4f3dc90e-0e11-4fbb-a481-7f0e76f5fa64,96,3.2,right_knee,0.5,0.5,0.0,540.0,960.0,0.5
4f3dc90e-0e11-4fbb-a481-7f0e76f5fa64,96,3.2,left_ankle,0.5,0.5,0.0,540.0,960.0,0.5
4f3dc90e-0e11-4fbb-a481-7f0e76f5fa64,96,3.2,right_ankle,0.5,0.5,0.0,540.0,960.0,0.5
4f3dc90e-0e11-4fbb-a481-7f0e76f5fa64,96,3.2,left_heel,0.5,0.5,0.0,540.0,960.0,0.5
4f3dc90e-0e11-4fbb-a481-7f0e76f5fa64,96,3.2,right_heel,0.5,0.5,0.0,540.0,960.0,0.5
4f3dc90e-0e11-4fbb-a481-7f0e76f5fa64,96,3.2,left_foot_index,0.5,0.5,0.0,540.0,960.0,0.5
4f3dc90e-0e11-4fbb-a481-7f0e76f5fa64,96,3.2,right_foot_index,0.5,0.5,0.0,540.0,960.0,0.5
4f3dc90e-0e11-4fbb-a481-7f0e76f5fa64,97,3.2333333333333334,nose,0.5,0.5,0.0,540.0,960.0,0.5
4f3dc90e-0e11-4fbb-a481-7f0e76f5fa64,97,3.2333333333333334,left_shoulder,0.5,0.5,0.0,540.0,960.0,0.5
4f3dc90e-0e11-4fbb-a481-7f0e76f5fa64,97,3.2333333333333334,right_shoulder,0.5,0.5,0.0,540.0,960.0,0.5
4f3dc90e-0e11-4fbb-a481-7f0e76f5fa64,97,3.2333333333333334,left_elbow,0.5,0.5,0.0,540.0,960.0,0.5
4f3dc90e-0e11-4fbb-a481-7f0e76f5fa64,97,3.2333333333333334,right_elbow,0.5,0.5,0.0,540.0,960.0,0.5
4f3dc90e-0e11-4fbb-a481-7f0e76f5fa64,97,3.2333333333333334,left_wrist,0.5,0.5,0.0,540.0,960.0,0.5
4f3dc90e-0e11-4fbb-a481-7f0e76f5fa64,97,3.2333333333333334,right_wrist,0.5,0.5,0.0,540.0,960.0,0.5
4f3dc90e-0e11-4fbb-a481-7f0e76f5fa64,97,3.2333333333333334,left_hip,0.5,0.5,0.0,540.0,960.0,0.5
4f3dc90e-0e11-4fbb-a481-7f0e76f5fa64,97,3.2333333333333334,right_hip,0.5,0.5,0.0,540.0,960.0,0.5
4f3dc90e-0e11-4fbb-a481-7f0e76f5fa64,97,3.2333333333333334,left_knee,0.5,0.5,0.0,540.0,960.0,0.5
4f3dc90e-0e11-4fbb-a481-7f0e76f5fa64,97,3.2333333333333334,right_knee,0.5,0.5,0.0,540.0,960.0,0.5
4f3dc90e-0e11-4fbb-a481-7f0e76f5fa64,97,3.2333333333333334,left_ankle,0.5,0.5,0.0,540.0,960.0,0.5
4f3dc90e-0e11-4fbb-a481-7f0e76f5fa64,97,3.2333333333333334,right_ankle,0.5,0.5,0.0,540.0,960.0,0.5
4f3dc90e-0e11-4fbb-a481-7f0e76f5fa64,97,3.2333333333333334,left_heel,0.5,0.5,0.0,540.0,960.0,0.5
4f3dc90e-0e11-4fbb-a481-7f0e76f5fa64,97,3.2333333333333334,right_heel,0.5,0.5,0.0,540.0,960.0,0.5
4f3dc90e-0e11-4fbb-a481-7f0e76f5fa64,97,3.2333333333333334,left_foot_index,0.5,0.5,0.0,540.0,960.0,0.5
4f3dc90e-0e11-4fbb-a481-7f0e76f5fa64,97,3.2333333333333334,right_foot_index,0.5,0.5,0.0,540.0,960.0,0.5
4f3dc90e-0e11-4fbb-a481-7f0e76f5fa64,98,3.2666666666666666,nose,0.5,0.5,0.0,540.0,960.0,0.5
4f3dc90e-0e11-4fbb-a481-7f0e76f5fa64,98,3.2666666666666666,left_shoulder,0.5,0.5,0.0,540.0,960.0,0.5
4f3dc90e-0e11-4fbb-a481-7f0e76f5fa64,98,3.2666666666666666,right_shoulder,0.5,0.5,0.0,540.0,960.0,0.5
4f3dc90e-0e11-4fbb-a481-7f0e76f5fa64,98,3.2666666666666666,left_elbow,0.5,0.5,0.0,540.0,960.0,0.5
4f3dc90e-0e11-4fbb-a481-7f0e76f5fa64,98,3.2666666666666666,right_elbow,0.5,0.5,0.0,540.0,960.0,0.5
4f3dc90e-0e11-4fbb-a481-7f0e76f5fa64,98,3.2666666666666666,left_wrist,0.5,0.5,0.0,540.0,960.0,0.5
4f3dc90e-0e11-4fbb-a481-7f0e76f5fa64,98,3.2666666666666666,right_wrist,0.5,0.5,0.0,540.0,960.0,0.5
4f3dc90e-0e11-4fbb-a481-7f0e76f5fa64,98,3.2666666666666666,left_hip,0.5,0.5,0.0,540.0,960.0,0.5
4f3dc90e-0e11-4fbb-a481-7f0e76f5fa64,98,3.2666666666666666,right_hip,0.5,0.5,0.0,540.0,960.0,0.5
4f3dc90e-0e11-4fbb-a481-7f0e76f5fa64,98,3.2666666666666666,left_knee,0.5,0.5,0.0,540.0,960.0,0.5
4f3dc90e-0e11-4fbb-a481-7f0e76f5fa64,98,3.2666666666666666,right_knee,0.5,0.5,0.0,540.0,960.0,0.5
4f3dc90e-0e11-4fbb-a481-7f0e76f5fa64,98,3.2666666666666666,left_ankle,0.5,0.5,0.0,540.0,960.0,0.5
4f3dc90e-0e11-4fbb-a481-7f0e76f5fa64,98,3.2666666666666666,right_ankle,0.5,0.5,0.0,540.0,960.0,0.5
4f3dc90e-0e11-4fbb-a481-7f0e76f5fa64,98,3.2666666666666666,left_heel,0.5,0.5,0.0,540.0,960.0,0.5
4f3dc90e-0e11-4fbb-a481-7f0e76f5fa64,98,3.2666666666666666,right_heel,0.5,0.5,0.0,540.0,960.0,0.5
4f3dc90e-0e11-4fbb-a481-7f0e76f5fa64,98,3.2666666666666666,left_foot_index,0.5,0.5,0.0,540.0,960.0,0.5
4f3dc90e-0e11-4fbb-a481-7f0e76f5fa64,98,3.2666666666666666,right_foot_index,0.5,0.5,0.0,540.0,960.0,0.5
4f3dc90e-0e11-4fbb-a481-7f0e76f5fa64,99,3.3,nose,0.5,0.5,0.0,540.0,960.0,0.5
4f3dc90e-0e11-4fbb-a481-7f0e76f5fa64,99,3.3,left_shoulder,0.5,0.5,0.0,540.0,960.0,0.5
4f3dc90e-0e11-4fbb-a481-7f0e76f5fa64,99,3.3,right_shoulder,0.5,0.5,0.0,540.0,960.0,0.5
4f3dc90e-0e11-4fbb-a481-7f0e76f5fa64,99,3.3,left_elbow,0.5,0.5,0.0,540.0,960.0,0.5
4f3dc90e-0e11-4fbb-a481-7f0e76f5fa64,99,3.3,right_elbow,0.5,0.5,0.0,540.0,960.0,0.5
4f3dc90e-0e11-4fbb-a481-7f0e76f5fa64,99,3.3,left_wrist,0.5,0.5,0.0,540.0,960.0,0.5
4f3dc90e-0e11-4fbb-a481-7f0e76f5fa64,99,3.3,right_wrist,0.5,0.5,0.0,540.0,960.0,0.5
4f3dc90e-0e11-4fbb-a481-7f0e76f5fa64,99,3.3,left_hip,0.5,0.5,0.0,540.0,960.0,0.5
4f3dc90e-0e11-4fbb-a481-7f0e76f5fa64,99,3.3,right_hip,0.5,0.5,0.0,540.0,960.0,0.5
4f3dc90e-0e11-4fbb-a481-7f0e76f5fa64,99,3.3,left_knee,0.5,0.5,0.0,540.0,960.0,0.5
4f3dc90e-0e11-4fbb-a481-7f0e76f5fa64,99,3.3,right_knee,0.5,0.5,0.0,540.0,960.0,0.5
4f3dc90e-0e11-4fbb-a481-7f0e76f5fa64,99,3.3,left_ankle,0.5,0.5,0.0,540.0,960.0,0.5
4f3dc90e-0e11-4fbb-a481-7f0e76f5fa64,99,3.3,right_ankle,0.5,0.5,0.0,540.0,960.0,0.5
4f3dc90e-0e11-4fbb-a481-7f0e76f5fa64,99,3.3,left_heel,0.5,0.5,0.0,540.0,960.0,0.5
4f3dc90e-0e11-4fbb-a481-7f0e76f5fa64,99,3.3,right_heel,0.5,0.5,0.0,540.0,960.0,0.5
4f3dc90e-0e11-4fbb-a481-7f0e76f5fa64,99,3.3,left_foot_index,0.5,0.5,0.0,540.0,960.0,0.5
4f3dc90e-0e11-4fbb-a481-7f0e76f5fa64,99,3.3,right_foot_index,0.5,0.5,0.0,540.0,960.0,0.5
4f3dc90e-0e11-4fbb-a481-7f0e76f5fa64,100,3.3333333333333335,nose,0.5,0.5,0.0,540.0,960.0,0.5
4f3dc90e-0e11-4fbb-a481-7f0e76f5fa64,100,3.3333333333333335,left_shoulder,0.5,0.5,0.0,540.0,960.0,0.5
4f3dc90e-0e11-4fbb-a481-7f0e76f5fa64,100,3.3333333333333335,right_shoulder,0.5,0.5,0.0,540.0,960.0,0.5
4f3dc90e-0e11-4fbb-a481-7f0e76f5fa64,100,3.3333333333333335,left_elbow,0.5,0.5,0.0,540.0,960.0,0.5
4f3dc90e-0e11-4fbb-a481-7f0e76f5fa64,100,3.3333333333333335,right_elbow,0.5,0.5,0.0,540.0,960.0,0.5
4f3dc90e-0e11-4fbb-a481-7f0e76f5fa64,100,3.3333333333333335,left_wrist,0.5,0.5,0.0,540.0,960.0,0.5
4f3dc90e-0e11-4fbb-a481-7f0e76f5fa64,100,3.3333333333333335,right_wrist,0.5,0.5,0.0,540.0,960.0,0.5
4f3dc90e-0e11-4fbb-a481-7f0e76f5fa64,100,3.3333333333333335,left_hip,0.5,0.5,0.0,540.0,960.0,0.5
4f3dc90e-0e11-4fbb-a481-7f0e76f5fa64,100,3.3333333333333335,right_hip,0.5,0.5,0.0,540.0,960.0,0.5
4f3dc90e-0e11-4fbb-a481-7f0e76f5fa64,100,3.3333333333333335,left_knee,0.5,0.5,0.0,540.0,960.0,0.5
4f3dc90e-0e11-4fbb-a481-7f0e76f5fa64,100,3.3333333333333335,right_knee,0.5,0.5,0.0,540.0,960.0,0.5
4f3dc90e-0e11-4fbb-a481-7f0e76f5fa64,100,3.3333333333333335,left_ankle,0.5,0.5,0.0,540.0,960.0,0.5
4f3dc90e-0e11-4fbb-a481-7f0e76f5fa64,100,3.3333333333333335,right_ankle,0.5,0.5,0.0,540.0,960.0,0.5
4f3dc90e-0e11-4fbb-a481-7f0e76f5fa64,100,3.3333333333333335,left_heel,0.5,0.5,0.0,540.0,960.0,0.5
4f3dc90e-0e11-4fbb-a481-7f0e76f5fa64,100,3.3333333333333335,right_heel,0.5,0.5,0.0,540.0,960.0,0.5
4f3dc90e-0e11-4fbb-a481-7f0e76f5fa64,100,3.3333333333333335,left_foot_index,0.5,0.5,0.0,540.0,960.0,0.5
4f3dc90e-0e11-4fbb-a481-7f0e76f5fa64,100,3.3333333333333335,right_foot_index,0.5,0.5,0.0,540.0,960.0,0.5
4f3dc90e-0e11-4fbb-a481-7f0e76f5fa64,101,3.3666666666666667,nose,0.5,0.5,0.0,540.0,960.0,0.5
4f3dc90e-0e11-4fbb-a481-7f0e76f5fa64,101,3.3666666666666667,left_shoulder,0.5,0.5,0.0,540.0,960.0,0.5
4f3dc90e-0e11-4fbb-a481-7f0e76f5fa64,101,3.3666666666666667,right_shoulder,0.5,0.5,0.0,540.0,960.0,0.5
4f3dc90e-0e11-4fbb-a481-7f0e76f5fa64,101,3.3666666666666667,left_elbow,0.5,0.5,0.0,540.0,960.0,0.5
4f3dc90e-0e11-4fbb-a481-7f0e76f5fa64,101,3.3666666666666667,right_elbow,0.5,0.5,0.0,540.0,960.0,0.5
4f3dc90e-0e11-4fbb-a481-7f0e76f5fa64,101,3.3666666666666667,left_wrist,0.5,0.5,0.0,540.0,960.0,0.5
4f3dc90e-0e11-4fbb-a481-7f0e76f5fa64,101,3.3666666666666667,right_wrist,0.5,0.5,0.0,540.0,960.0,0.5
4f3dc90e-0e11-4fbb-a481-7f0e76f5fa64,101,3.3666666666666667,left_hip,0.5,0.5,0.0,540.0,960.0,0.5
4f3dc90e-0e11-4fbb-a481-7f0e76f5fa64,101,3.3666666666666667,right_hip,0.5,0.5,0.0,540.0,960.0,0.5
4f3dc90e-0e11-4fbb-a481-7f0e76f5fa64,101,3.3666666666666667,left_knee,0.5,0.5,0.0,540.0,960.0,0.5
4f3dc90e-0e11-4fbb-a481-7f0e76f5fa64,101,3.3666666666666667,right_knee,0.5,0.5,0.0,540.0,960.0,0.5
4f3dc90e-0e11-4fbb-a481-7f0e76f5fa64,101,3.3666666666666667,left_ankle,0.5,0.5,0.0,540.0,960.0,0.5
4f3dc90e-0e11-4fbb-a481-7f0e76f5fa64,101,3.3666666666666667,right_ankle,0.5,0.5,0.0,540.0,960.0,0.5
4f3dc90e-0e11-4fbb-a481-7f0e76f5fa64,101,3.3666666666666667,left_heel,0.5,0.5,0.0,540.0,960.0,0.5
4f3dc90e-0e11-4fbb-a481-7f0e76f5fa64,101,3.3666666666666667,right_heel,0.5,0.5,0.0,540.0,960.0,0.5
4f3dc90e-0e11-4fbb-a481-7f0e76f5fa64,101,3.3666666666666667,left_foot_index,0.5,0.5,0.0,540.0,960.0,0.5
4f3dc90e-0e11-4fbb-a481-7f0e76f5fa64,101,3.3666666666666667,right_foot_index,0.5,0.5,0.0,540.0,960.0,0.5
4f3dc90e-0e11-4fbb-a481-7f0e76f5fa64,102,3.4,nose,0.5,0.5,0.0,540.0,960.0,0.5
4f3dc90e-0e11-4fbb-a481-7f0e76f5fa64,102,3.4,left_shoulder,0.5,0.5,0.0,540.0,960.0,0.5
4f3dc90e-0e11-4fbb-a481-7f0e76f5fa64,102,3.4,right_shoulder,0.5,0.5,0.0,540.0,960.0,0.5
4f3dc90e-0e11-4fbb-a481-7f0e76f5fa64,102,3.4,left_elbow,0.5,0.5,0.0,540.0,960.0,0.5
4f3dc90e-0e11-4fbb-a481-7f0e76f5fa64,102,3.4,right_elbow,0.5,0.5,0.0,540.0,960.0,0.5
4f3dc90e-0e11-4fbb-a481-7f0e76f5fa64,102,3.4,left_wrist,0.5,0.5,0.0,540.0,960.0,0.5
4f3dc90e-0e11-4fbb-a481-7f0e76f5fa64,102,3.4,right_wrist,0.5,0.5,0.0,540.0,960.0,0.5
4f3dc90e-0e11-4fbb-a481-7f0e76f5fa64,102,3.4,left_hip,0.5,0.5,0.0,540.0,960.0,0.5
4f3dc90e-0e11-4fbb-a481-7f0e76f5fa64,102,3.4,right_hip,0.5,0.5,0.0,540.0,960.0,0.5
4f3dc90e-0e11-4fbb-a481-7f0e76f5fa64,102,3.4,left_knee,0.5,0.5,0.0,540.0,960.0,0.5
4f3dc90e-0e11-4fbb-a481-7f0e76f5fa64,102,3.4,right_knee,0.5,0.5,0.0,540.0,960.0,0.5
4f3dc90e-0e11-4fbb-a481-7f0e76f5fa64,102,3.4,left_ankle,0.5,0.5,0.0,540.0,960.0,0.5
4f3dc90e-0e11-4fbb-a481-7f0e76f5fa64,102,3.4,right_ankle,0.5,0.5,0.0,540.0,960.0,0.5
4f3dc90e-0e11-4fbb-a481-7f0e76f5fa64,102,3.4,left_heel,0.5,0.5,0.0,540.0,960.0,0.5
4f3dc90e-0e11-4fbb-a481-7f0e76f5fa64,102,3.4,right_heel,0.5,0.5,0.0,540.0,960.0,0.5
4f3dc90e-0e11-4fbb-a481-7f0e76f5fa64,102,3.4,left_foot_index,0.5,0.5,0.0,540.0,960.0,0.5
4f3dc90e-0e11-4fbb-a481-7f0e76f5fa64,102,3.4,right_foot_index,0.5,0.5,0.0,540.0,960.0,0.5
4f3dc90e-0e11-4fbb-a481-7f0e76f5fa64,103,3.433333333333333,nose,0.5,0.5,0.0,540.0,960.0,0.5
4f3dc90e-0e11-4fbb-a481-7f0e76f5fa64,103,3.433333333333333,left_shoulder,0.5,0.5,0.0,540.0,960.0,0.5
4f3dc90e-0e11-4fbb-a481-7f0e76f5fa64,103,3.433333333333333,right_shoulder,0.5,0.5,0.0,540.0,960.0,0.5
4f3dc90e-0e11-4fbb-a481-7f0e76f5fa64,103,3.433333333333333,left_elbow,0.5,0.5,0.0,540.0,960.0,0.5
4f3dc90e-0e11-4fbb-a481-7f0e76f5fa64,103,3.433333333333333,right_elbow,0.5,0.5,0.0,540.0,960.0,0.5
4f3dc90e-0e11-4fbb-a481-7f0e76f5fa64,103,3.433333333333333,left_wrist,0.5,0.5,0.0,540.0,960.0,0.5
4f3dc90e-0e11-4fbb-a481-7f0e76f5fa64,103,3.433333333333333,right_wrist,0.5,0.5,0.0,540.0,960.0,0.5
4f3dc90e-0e11-4fbb-a481-7f0e76f5fa64,103,3.433333333333333,left_hip,0.5,0.5,0.0,540.0,960.0,0.5
4f3dc90e-0e11-4fbb-a481-7f0e76f5fa64,103,3.433333333333333,right_hip,0.5,0.5,0.0,540.0,960.0,0.5
4f3dc90e-0e11-4fbb-a481-7f0e76f5fa64,103,3.433333333333333,left_knee,0.5,0.5,0.0,540.0,960.0,0.5
4f3dc90e-0e11-4fbb-a481-7f0e76f5fa64,103,3.433333333333333,right_knee,0.5,0.5,0.0,540.0,960.0,0.5
4f3dc90e-0e11-4fbb-a481-7f0e76f5fa64,103,3.433333333333333,left_ankle,0.5,0.5,0.0,540.0,960.0,0.5
4f3dc90e-0e11-4fbb-a481-7f0e76f5fa64,103,3.433333333333333,right_ankle,0.5,0.5,0.0,540.0,960.0,0.5
4f3dc90e-0e11-4fbb-a481-7f0e76f5fa64,103,3.433333333333333,left_heel,0.5,0.5,0.0,540.0,960.0,0.5
4f3dc90e-0e11-4fbb-a481-7f0e76f5fa64,103,3.433333333333333,right_heel,0.5,0.5,0.0,540.0,960.0,0.5
4f3dc90e-0e11-4fbb-a481-7f0e76f5fa64,103,3.433333333333333,left_foot_index,0.5,0.5,0.0,540.0,960.0,0.5
4f3dc90e-0e11-4fbb-a481-7f0e76f5fa64,103,3.433333333333333,right_foot_index,0.5,0.5,0.0,540.0,960.0,0.5
4f3dc90e-0e11-4fbb-a481-7f0e76f5fa64,104,3.466666666666667,nose,0.5,0.5,0.0,540.0,960.0,0.5
4f3dc90e-0e11-4fbb-a481-7f0e76f5fa64,104,3.466666666666667,left_shoulder,0.5,0.5,0.0,540.0,960.0,0.5
4f3dc90e-0e11-4fbb-a481-7f0e76f5fa64,104,3.466666666666667,right_shoulder,0.5,0.5,0.0,540.0,960.0,0.5
4f3dc90e-0e11-4fbb-a481-7f0e76f5fa64,104,3.466666666666667,left_elbow,0.5,0.5,0.0,540.0,960.0,0.5
4f3dc90e-0e11-4fbb-a481-7f0e76f5fa64,104,3.466666666666667,right_elbow,0.5,0.5,0.0,540.0,960.0,0.5
4f3dc90e-0e11-4fbb-a481-7f0e76f5fa64,104,3.466666666666667,left_wrist,0.5,0.5,0.0,540.0,960.0,0.5
4f3dc90e-0e11-4fbb-a481-7f0e76f5fa64,104,3.466666666666667,right_wrist,0.5,0.5,0.0,540.0,960.0,0.5
4f3dc90e-0e11-4fbb-a481-7f0e76f5fa64,104,3.466666666666667,left_hip,0.5,0.5,0.0,540.0,960.0,0.5
4f3dc90e-0e11-4fbb-a481-7f0e76f5fa64,104,3.466666666666667,right_hip,0.5,0.5,0.0,540.0,960.0,0.5
4f3dc90e-0e11-4fbb-a481-7f0e76f5fa64,104,3.466666666666667,left_knee,0.5,0.5,0.0,540.0,960.0,0.5
4f3dc90e-0e11-4fbb-a481-7f0e76f5fa64,104,3.466666666666667,right_knee,0.5,0.5,0.0,540.0,960.0,0.5
4f3dc90e-0e11-4fbb-a481-7f0e76f5fa64,104,3.466666666666667,left_ankle,0.5,0.5,0.0,540.0,960.0,0.5
4f3dc90e-0e11-4fbb-a481-7f0e76f5fa64,104,3.466666666666667,right_ankle,0.5,0.5,0.0,540.0,960.0,0.5
4f3dc90e-0e11-4fbb-a481-7f0e76f5fa64,104,3.466666666666667,left_heel,0.5,0.5,0.0,540.0,960.0,0.5
4f3dc90e-0e11-4fbb-a481-7f0e76f5fa64,104,3.466666666666667,right_heel,0.5,0.5,0.0,540.0,960.0,0.5
4f3dc90e-0e11-4fbb-a481-7f0e76f5fa64,104,3.466666666666667,left_foot_index,0.5,0.5,0.0,540.0,960.0,0.5
4f3dc90e-0e11-4fbb-a481-7f0e76f5fa64,104,3.466666666666667,right_foot_index,0.5,0.5,0.0,540.0,960.0,0.5
4f3dc90e-0e11-4fbb-a481-7f0e76f5fa64,105,3.5,nose,0.5,0.5,0.0,540.0,960.0,0.5
4f3dc90e-0e11-4fbb-a481-7f0e76f5fa64,105,3.5,left_shoulder,0.5,0.5,0.0,540.0,960.0,0.5
4f3dc90e-0e11-4fbb-a481-7f0e76f5fa64,105,3.5,right_shoulder,0.5,0.5,0.0,540.0,960.0,0.5
4f3dc90e-0e11-4fbb-a481-7f0e76f5fa64,105,3.5,left_elbow,0.5,0.5,0.0,540.0,960.0,0.5
4f3dc90e-0e11-4fbb-a481-7f0e76f5fa64,105,3.5,right_elbow,0.5,0.5,0.0,540.0,960.0,0.5
4f3dc90e-0e11-4fbb-a481-7f0e76f5fa64,105,3.5,left_wrist,0.5,0.5,0.0,540.0,960.0,0.5
4f3dc90e-0e11-4fbb-a481-7f0e76f5fa64,105,3.5,right_wrist,0.5,0.5,0.0,540.0,960.0,0.5
4f3dc90e-0e11-4fbb-a481-7f0e76f5fa64,105,3.5,left_hip,0.5,0.5,0.0,540.0,960.0,0.5
4f3dc90e-0e11-4fbb-a481-7f0e76f5fa64,105,3.5,right_hip,0.5,0.5,0.0,540.0,960.0,0.5
4f3dc90e-0e11-4fbb-a481-7f0e76f5fa64,105,3.5,left_knee,0.5,0.5,0.0,540.0,960.0,0.5
4f3dc90e-0e11-4fbb-a481-7f0e76f5fa64,105,3.5,right_knee,0.5,0.5,0.0,540.0,960.0,0.5
4f3dc90e-0e11-4fbb-a481-7f0e76f5fa64,105,3.5,left_ankle,0.5,0.5,0.0,540.0,960.0,0.5
4f3dc90e-0e11-4fbb-a481-7f0e76f5fa64,105,3.5,right_ankle,0.5,0.5,0.0,540.0,960.0,0.5
4f3dc90e-0e11-4fbb-a481-7f0e76f5fa64,105,3.5,left_heel,0.5,0.5,0.0,540.0,960.0,0.5
4f3dc90e-0e11-4fbb-a481-7f0e76f5fa64,105,3.5,right_heel,0.5,0.5,0.0,540.0,960.0,0.5
4f3dc90e-0e11-4fbb-a481-7f0e76f5fa64,105,3.5,left_foot_index,0.5,0.5,0.0,540.0,960.0,0.5
4f3dc90e-0e11-4fbb-a481-7f0e76f5fa64,105,3.5,right_foot_index,0.5,0.5,0.0,540.0,960.0,0.5
4f3dc90e-0e11-4fbb-a481-7f0e76f5fa64,106,3.533333333333333,nose,0.5,0.5,0.0,540.0,960.0,0.5
4f3dc90e-0e11-4fbb-a481-7f0e76f5fa64,106,3.533333333333333,left_shoulder,0.5,0.5,0.0,540.0,960.0,0.5
4f3dc90e-0e11-4fbb-a481-7f0e76f5fa64,106,3.533333333333333,right_shoulder,0.5,0.5,0.0,540.0,960.0,0.5
4f3dc90e-0e11-4fbb-a481-7f0e76f5fa64,106,3.533333333333333,left_elbow,0.5,0.5,0.0,540.0,960.0,0.5
4f3dc90e-0e11-4fbb-a481-7f0e76f5fa64,106,3.533333333333333,right_elbow,0.5,0.5,0.0,540.0,960.0,0.5
4f3dc90e-0e11-4fbb-a481-7f0e76f5fa64,106,3.533333333333333,left_wrist,0.5,0.5,0.0,540.0,960.0,0.5
4f3dc90e-0e11-4fbb-a481-7f0e76f5fa64,106,3.533333333333333,right_wrist,0.5,0.5,0.0,540.0,960.0,0.5
4f3dc90e-0e11-4fbb-a481-7f0e76f5fa64,106,3.533333333333333,left_hip,0.5,0.5,0.0,540.0,960.0,0.5
4f3dc90e-0e11-4fbb-a481-7f0e76f5fa64,106,3.533333333333333,right_hip,0.5,0.5,0.0,540.0,960.0,0.5
4f3dc90e-0e11-4fbb-a481-7f0e76f5fa64,106,3.533333333333333,left_knee,0.5,0.5,0.0,540.0,960.0,0.5
4f3dc90e-0e11-4fbb-a481-7f0e76f5fa64,106,3.533333333333333,right_knee,0.5,0.5,0.0,540.0,960.0,0.5
4f3dc90e-0e11-4fbb-a481-7f0e76f5fa64,106,3.533333333333333,left_ankle,0.5,0.5,0.0,540.0,960.0,0.5
4f3dc90e-0e11-4fbb-a481-7f0e76f5fa64,106,3.533333333333333,right_ankle,0.5,0.5,0.0,540.0,960.0,0.5
4f3dc90e-0e11-4fbb-a481-7f0e76f5fa64,106,3.533333333333333,left_heel,0.5,0.5,0.0,540.0,960.0,0.5
4f3dc90e-0e11-4fbb-a481-7f0e76f5fa64,106,3.533333333333333,right_heel,0.5,0.5,0.0,540.0,960.0,0.5
4f3dc90e-0e11-4fbb-a481-7f0e76f5fa64,106,3.533333333333333,left_foot_index,0.5,0.5,0.0,540.0,960.0,0.5
4f3dc90e-0e11-4fbb-a481-7f0e76f5fa64,106,3.533333333333333,right_foot_index,0.5,0.5,0.0,540.0,960.0,0.5
4f3dc90e-0e11-4fbb-a481-7f0e76f5fa64,107,3.566666666666667,nose,0.5,0.5,0.0,540.0,960.0,0.5
4f3dc90e-0e11-4fbb-a481-7f0e76f5fa64,107,3.566666666666667,left_shoulder,0.5,0.5,0.0,540.0,960.0,0.5
4f3dc90e-0e11-4fbb-a481-7f0e76f5fa64,107,3.566666666666667,right_shoulder,0.5,0.5,0.0,540.0,960.0,0.5
4f3dc90e-0e11-4fbb-a481-7f0e76f5fa64,107,3.566666666666667,left_elbow,0.5,0.5,0.0,540.0,960.0,0.5
4f3dc90e-0e11-4fbb-a481-7f0e76f5fa64,107,3.566666666666667,right_elbow,0.5,0.5,0.0,540.0,960.0,0.5
4f3dc90e-0e11-4fbb-a481-7f0e76f5fa64,107,3.566666666666667,left_wrist,0.5,0.5,0.0,540.0,960.0,0.5
4f3dc90e-0e11-4fbb-a481-7f0e76f5fa64,107,3.566666666666667,right_wrist,0.5,0.5,0.0,540.0,960.0,0.5
4f3dc90e-0e11-4fbb-a481-7f0e76f5fa64,107,3.566666666666667,left_hip,0.5,0.5,0.0,540.0,960.0,0.5
4f3dc90e-0e11-4fbb-a481-7f0e76f5fa64,107,3.566666666666667,right_hip,0.5,0.5,0.0,540.0,960.0,0.5
4f3dc90e-0e11-4fbb-a481-7f0e76f5fa64,107,3.566666666666667,left_knee,0.5,0.5,0.0,540.0,960.0,0.5
4f3dc90e-0e11-4fbb-a481-7f0e76f5fa64,107,3.566666666666667,right_knee,0.5,0.5,0.0,540.0,960.0,0.5
4f3dc90e-0e11-4fbb-a481-7f0e76f5fa64,107,3.566666666666667,left_ankle,0.5,0.5,0.0,540.0,960.0,0.5
4f3dc90e-0e11-4fbb-a481-7f0e76f5fa64,107,3.566666666666667,right_ankle,0.5,0.5,0.0,540.0,960.0,0.5
4f3dc90e-0e11-4fbb-a481-7f0e76f5fa64,107,3.566666666666667,left_heel,0.5,0.5,0.0,540.0,960.0,0.5
4f3dc90e-0e11-4fbb-a481-7f0e76f5fa64,107,3.566666666666667,right_heel,0.5,0.5,0.0,540.0,960.0,0.5
4f3dc90e-0e11-4fbb-a481-7f0e76f5fa64,107,3.566666666666667,left_foot_index,0.5,0.5,0.0,540.0,960.0,0.5
4f3dc90e-0e11-4fbb-a481-7f0e76f5fa64,107,3.566666666666667,right_foot_index,0.5,0.5,0.0,540.0,960.0,0.5
4f3dc90e-0e11-4fbb-a481-7f0e76f5fa64,108,3.6,nose,0.5,0.5,0.0,540.0,960.0,0.5
4f3dc90e-0e11-4fbb-a481-7f0e76f5fa64,108,3.6,left_shoulder,0.5,0.5,0.0,540.0,960.0,0.5
4f3dc90e-0e11-4fbb-a481-7f0e76f5fa64,108,3.6,right_shoulder,0.5,0.5,0.0,540.0,960.0,0.5
4f3dc90e-0e11-4fbb-a481-7f0e76f5fa64,108,3.6,left_elbow,0.5,0.5,0.0,540.0,960.0,0.5
4f3dc90e-0e11-4fbb-a481-7f0e76f5fa64,108,3.6,right_elbow,0.5,0.5,0.0,540.0,960.0,0.5
4f3dc90e-0e11-4fbb-a481-7f0e76f5fa64,108,3.6,left_wrist,0.5,0.5,0.0,540.0,960.0,0.5
4f3dc90e-0e11-4fbb-a481-7f0e76f5fa64,108,3.6,right_wrist,0.5,0.5,0.0,540.0,960.0,0.5
4f3dc90e-0e11-4fbb-a481-7f0e76f5fa64,108,3.6,left_hip,0.5,0.5,0.0,540.0,960.0,0.5
4f3dc90e-0e11-4fbb-a481-7f0e76f5fa64,108,3.6,right_hip,0.5,0.5,0.0,540.0,960.0,0.5
4f3dc90e-0e11-4fbb-a481-7f0e76f5fa64,108,3.6,left_knee,0.5,0.5,0.0,540.0,960.0,0.5
4f3dc90e-0e11-4fbb-a481-7f0e76f5fa64,108,3.6,right_knee,0.5,0.5,0.0,540.0,960.0,0.5
4f3dc90e-0e11-4fbb-a481-7f0e76f5fa64,108,3.6,left_ankle,0.5,0.5,0.0,540.0,960.0,0.5
4f3dc90e-0e11-4fbb-a481-7f0e76f5fa64,108,3.6,right_ankle,0.5,0.5,0.0,540.0,960.0,0.5
4f3dc90e-0e11-4fbb-a481-7f0e76f5fa64,108,3.6,left_heel,0.5,0.5,0.0,540.0,960.0,0.5
4f3dc90e-0e11-4fbb-a481-7f0e76f5fa64,108,3.6,right_heel,0.5,0.5,0.0,540.0,960.0,0.5
4f3dc90e-0e11-4fbb-a481-7f0e76f5fa64,108,3.6,left_foot_index,0.5,0.5,0.0,540.0,960.0,0.5
4f3dc90e-0e11-4fbb-a481-7f0e76f5fa64,108,3.6,right_foot_index,0.5,0.5,0.0,540.0,960.0,0.5
4f3dc90e-0e11-4fbb-a481-7f0e76f5fa64,109,3.6333333333333333,nose,0.5,0.5,0.0,540.0,960.0,0.5
4f3dc90e-0e11-4fbb-a481-7f0e76f5fa64,109,3.6333333333333333,left_shoulder,0.5,0.5,0.0,540.0,960.0,0.5
4f3dc90e-0e11-4fbb-a481-7f0e76f5fa64,109,3.6333333333333333,right_shoulder,0.5,0.5,0.0,540.0,960.0,0.5
4f3dc90e-0e11-4fbb-a481-7f0e76f5fa64,109,3.6333333333333333,left_elbow,0.5,0.5,0.0,540.0,960.0,0.5
4f3dc90e-0e11-4fbb-a481-7f0e76f5fa64,109,3.6333333333333333,right_elbow,0.5,0.5,0.0,540.0,960.0,0.5
4f3dc90e-0e11-4fbb-a481-7f0e76f5fa64,109,3.6333333333333333,left_wrist,0.5,0.5,0.0,540.0,960.0,0.5
4f3dc90e-0e11-4fbb-a481-7f0e76f5fa64,109,3.6333333333333333,right_wrist,0.5,0.5,0.0,540.0,960.0,0.5
4f3dc90e-0e11-4fbb-a481-7f0e76f5fa64,109,3.6333333333333333,left_hip,0.5,0.5,0.0,540.0,960.0,0.5
4f3dc90e-0e11-4fbb-a481-7f0e76f5fa64,109,3.6333333333333333,right_hip,0.5,0.5,0.0,540.0,960.0,0.5
4f3dc90e-0e11-4fbb-a481-7f0e76f5fa64,109,3.6333333333333333,left_knee,0.5,0.5,0.0,540.0,960.0,0.5
4f3dc90e-0e11-4fbb-a481-7f0e76f5fa64,109,3.6333333333333333,right_knee,0.5,0.5,0.0,540.0,960.0,0.5
4f3dc90e-0e11-4fbb-a481-7f0e76f5fa64,109,3.6333333333333333,left_ankle,0.5,0.5,0.0,540.0,960.0,0.5
4f3dc90e-0e11-4fbb-a481-7f0e76f5fa64,109,3.6333333333333333,right_ankle,0.5,0.5,0.0,540.0,960.0,0.5
4f3dc90e-0e11-4fbb-a481-7f0e76f5fa64,109,3.6333333333333333,left_heel,0.5,0.5,0.0,540.0,960.0,0.5
4f3dc90e-0e11-4fbb-a481-7f0e76f5fa64,109,3.6333333333333333,right_heel,0.5,0.5,0.0,540.0,960.0,0.5
4f3dc90e-0e11-4fbb-a481-7f0e76f5fa64,109,3.6333333333333333,left_foot_index,0.5,0.5,0.0,540.0,960.0,0.5
4f3dc90e-0e11-4fbb-a481-7f0e76f5fa64,109,3.6333333333333333,right_foot_index,0.5,0.5,0.0,540.0,960.0,0.5
4f3dc90e-0e11-4fbb-a481-7f0e76f5fa64,110,3.6666666666666665,nose,0.5,0.5,0.0,540.0,960.0,0.5
4f3dc90e-0e11-4fbb-a481-7f0e76f5fa64,110,3.6666666666666665,left_shoulder,0.5,0.5,0.0,540.0,960.0,0.5
4f3dc90e-0e11-4fbb-a481-7f0e76f5fa64,110,3.6666666666666665,right_shoulder,0.5,0.5,0.0,540.0,960.0,0.5
4f3dc90e-0e11-4fbb-a481-7f0e76f5fa64,110,3.6666666666666665,left_elbow,0.5,0.5,0.0,540.0,960.0,0.5
4f3dc90e-0e11-4fbb-a481-7f0e76f5fa64,110,3.6666666666666665,right_elbow,0.5,0.5,0.0,540.0,960.0,0.5
4f3dc90e-0e11-4fbb-a481-7f0e76f5fa64,110,3.6666666666666665,left_wrist,0.5,0.5,0.0,540.0,960.0,0.5
4f3dc90e-0e11-4fbb-a481-7f0e76f5fa64,110,3.6666666666666665,right_wrist,0.5,0.5,0.0,540.0,960.0,0.5
4f3dc90e-0e11-4fbb-a481-7f0e76f5fa64,110,3.6666666666666665,left_hip,0.5,0.5,0.0,540.0,960.0,0.5
4f3dc90e-0e11-4fbb-a481-7f0e76f5fa64,110,3.6666666666666665,right_hip,0.5,0.5,0.0,540.0,960.0,0.5
4f3dc90e-0e11-4fbb-a481-7f0e76f5fa64,110,3.6666666666666665,left_knee,0.5,0.5,0.0,540.0,960.0,0.5
4f3dc90e-0e11-4fbb-a481-7f0e76f5fa64,110,3.6666666666666665,right_knee,0.5,0.5,0.0,540.0,960.0,0.5
4f3dc90e-0e11-4fbb-a481-7f0e76f5fa64,110,3.6666666666666665,left_ankle,0.5,0.5,0.0,540.0,960.0,0.5
4f3dc90e-0e11-4fbb-a481-7f0e76f5fa64,110,3.6666666666666665,right_ankle,0.5,0.5,0.0,540.0,960.0,0.5
4f3dc90e-0e11-4fbb-a481-7f0e76f5fa64,110,3.6666666666666665,left_heel,0.5,0.5,0.0,540.0,960.0,0.5
4f3dc90e-0e11-4fbb-a481-7f0e76f5fa64,110,3.6666666666666665,right_heel,0.5,0.5,0.0,540.0,960.0,0.5
4f3dc90e-0e11-4fbb-a481-7f0e76f5fa64,110,3.6666666666666665,left_foot_index,0.5,0.5,0.0,540.0,960.0,0.5
4f3dc90e-0e11-4fbb-a481-7f0e76f5fa64,110,3.6666666666666665,right_foot_index,0.5,0.5,0.0,540.0,960.0,0.5
4f3dc90e-0e11-4fbb-a481-7f0e76f5fa64,111,3.7,nose,0.5,0.5,0.0,540.0,960.0,0.5
4f3dc90e-0e11-4fbb-a481-7f0e76f5fa64,111,3.7,left_shoulder,0.5,0.5,0.0,540.0,960.0,0.5
4f3dc90e-0e11-4fbb-a481-7f0e76f5fa64,111,3.7,right_shoulder,0.5,0.5,0.0,540.0,960.0,0.5
4f3dc90e-0e11-4fbb-a481-7f0e76f5fa64,111,3.7,left_elbow,0.5,0.5,0.0,540.0,960.0,0.5
4f3dc90e-0e11-4fbb-a481-7f0e76f5fa64,111,3.7,right_elbow,0.5,0.5,0.0,540.0,960.0,0.5
4f3dc90e-0e11-4fbb-a481-7f0e76f5fa64,111,3.7,left_wrist,0.5,0.5,0.0,540.0,960.0,0.5
4f3dc90e-0e11-4fbb-a481-7f0e76f5fa64,111,3.7,right_wrist,0.5,0.5,0.0,540.0,960.0,0.5
4f3dc90e-0e11-4fbb-a481-7f0e76f5fa64,111,3.7,left_hip,0.5,0.5,0.0,540.0,960.0,0.5
4f3dc90e-0e11-4fbb-a481-7f0e76f5fa64,111,3.7,right_hip,0.5,0.5,0.0,540.0,960.0,0.5
4f3dc90e-0e11-4fbb-a481-7f0e76f5fa64,111,3.7,left_knee,0.5,0.5,0.0,540.0,960.0,0.5
4f3dc90e-0e11-4fbb-a481-7f0e76f5fa64,111,3.7,right_knee,0.5,0.5,0.0,540.0,960.0,0.5
4f3dc90e-0e11-4fbb-a481-7f0e76f5fa64,111,3.7,left_ankle,0.5,0.5,0.0,540.0,960.0,0.5
4f3dc90e-0e11-4fbb-a481-7f0e76f5fa64,111,3.7,right_ankle,0.5,0.5,0.0,540.0,960.0,0.5
4f3dc90e-0e11-4fbb-a481-7f0e76f5fa64,111,3.7,left_heel,0.5,0.5,0.0,540.0,960.0,0.5
4f3dc90e-0e11-4fbb-a481-7f0e76f5fa64,111,3.7,right_heel,0.5,0.5,0.0,540.0,960.0,0.5
4f3dc90e-0e11-4fbb-a481-7f0e76f5fa64,111,3.7,left_foot_index,0.5,0.5,0.0,540.0,960.0,0.5
4f3dc90e-0e11-4fbb-a481-7f0e76f5fa64,111,3.7,right_foot_index,0.5,0.5,0.0,540.0,960.0,0.5
4f3dc90e-0e11-4fbb-a481-7f0e76f5fa64,112,3.7333333333333334,nose,0.5,0.5,0.0,540.0,960.0,0.5
4f3dc90e-0e11-4fbb-a481-7f0e76f5fa64,112,3.7333333333333334,left_shoulder,0.5,0.5,0.0,540.0,960.0,0.5
4f3dc90e-0e11-4fbb-a481-7f0e76f5fa64,112,3.7333333333333334,right_shoulder,0.5,0.5,0.0,540.0,960.0,0.5
4f3dc90e-0e11-4fbb-a481-7f0e76f5fa64,112,3.7333333333333334,left_elbow,0.5,0.5,0.0,540.0,960.0,0.5
4f3dc90e-0e11-4fbb-a481-7f0e76f5fa64,112,3.7333333333333334,right_elbow,0.5,0.5,0.0,540.0,960.0,0.5
4f3dc90e-0e11-4fbb-a481-7f0e76f5fa64,112,3.7333333333333334,left_wrist,0.5,0.5,0.0,540.0,960.0,0.5
4f3dc90e-0e11-4fbb-a481-7f0e76f5fa64,112,3.7333333333333334,right_wrist,0.5,0.5,0.0,540.0,960.0,0.5
4f3dc90e-0e11-4fbb-a481-7f0e76f5fa64,112,3.7333333333333334,left_hip,0.5,0.5,0.0,540.0,960.0,0.5
4f3dc90e-0e11-4fbb-a481-7f0e76f5fa64,112,3.7333333333333334,right_hip,0.5,0.5,0.0,540.0,960.0,0.5
4f3dc90e-0e11-4fbb-a481-7f0e76f5fa64,112,3.7333333333333334,left_knee,0.5,0.5,0.0,540.0,960.0,0.5
4f3dc90e-0e11-4fbb-a481-7f0e76f5fa64,112,3.7333333333333334,right_knee,0.5,0.5,0.0,540.0,960.0,0.5
4f3dc90e-0e11-4fbb-a481-7f0e76f5fa64,112,3.7333333333333334,left_ankle,0.5,0.5,0.0,540.0,960.0,0.5
4f3dc90e-0e11-4fbb-a481-7f0e76f5fa64,112,3.7333333333333334,right_ankle,0.5,0.5,0.0,540.0,960.0,0.5
4f3dc90e-0e11-4fbb-a481-7f0e76f5fa64,112,3.7333333333333334,left_heel,0.5,0.5,0.0,540.0,960.0,0.5
4f3dc90e-0e11-4fbb-a481-7f0e76f5fa64,112,3.7333333333333334,right_heel,0.5,0.5,0.0,540.0,960.0,0.5
4f3dc90e-0e11-4fbb-a481-7f0e76f5fa64,112,3.7333333333333334,left_foot_index,0.5,0.5,0.0,540.0,960.0,0.5
4f3dc90e-0e11-4fbb-a481-7f0e76f5fa64,112,3.7333333333333334,right_foot_index,0.5,0.5,0.0,540.0,960.0,0.5
4f3dc90e-0e11-4fbb-a481-7f0e76f5fa64,113,3.7666666666666666,nose,0.5,0.5,0.0,540.0,960.0,0.5
4f3dc90e-0e11-4fbb-a481-7f0e76f5fa64,113,3.7666666666666666,left_shoulder,0.5,0.5,0.0,540.0,960.0,0.5
4f3dc90e-0e11-4fbb-a481-7f0e76f5fa64,113,3.7666666666666666,right_shoulder,0.5,0.5,0.0,540.0,960.0,0.5
4f3dc90e-0e11-4fbb-a481-7f0e76f5fa64,113,3.7666666666666666,left_elbow,0.5,0.5,0.0,540.0,960.0,0.5
4f3dc90e-0e11-4fbb-a481-7f0e76f5fa64,113,3.7666666666666666,right_elbow,0.5,0.5,0.0,540.0,960.0,0.5
4f3dc90e-0e11-4fbb-a481-7f0e76f5fa64,113,3.7666666666666666,left_wrist,0.5,0.5,0.0,540.0,960.0,0.5
4f3dc90e-0e11-4fbb-a481-7f0e76f5fa64,113,3.7666666666666666,right_wrist,0.5,0.5,0.0,540.0,960.0,0.5
4f3dc90e-0e11-4fbb-a481-7f0e76f5fa64,113,3.7666666666666666,left_hip,0.5,0.5,0.0,540.0,960.0,0.5
4f3dc90e-0e11-4fbb-a481-7f0e76f5fa64,113,3.7666666666666666,right_hip,0.5,0.5,0.0,540.0,960.0,0.5
4f3dc90e-0e11-4fbb-a481-7f0e76f5fa64,113,3.7666666666666666,left_knee,0.5,0.5,0.0,540.0,960.0,0.5
4f3dc90e-0e11-4fbb-a481-7f0e76f5fa64,113,3.7666666666666666,right_knee,0.5,0.5,0.0,540.0,960.0,0.5
4f3dc90e-0e11-4fbb-a481-7f0e76f5fa64,113,3.7666666666666666,left_ankle,0.5,0.5,0.0,540.0,960.0,0.5
4f3dc90e-0e11-4fbb-a481-7f0e76f5fa64,113,3.7666666666666666,right_ankle,0.5,0.5,0.0,540.0,960.0,0.5
4f3dc90e-0e11-4fbb-a481-7f0e76f5fa64,113,3.7666666666666666,left_heel,0.5,0.5,0.0,540.0,960.0,0.5
4f3dc90e-0e11-4fbb-a481-7f0e76f5fa64,113,3.7666666666666666,right_heel,0.5,0.5,0.0,540.0,960.0,0.5
4f3dc90e-0e11-4fbb-a481-7f0e76f5fa64,113,3.7666666666666666,left_foot_index,0.5,0.5,0.0,540.0,960.0,0.5
4f3dc90e-0e11-4fbb-a481-7f0e76f5fa64,113,3.7666666666666666,right_foot_index,0.5,0.5,0.0,540.0,960.0,0.5
4f3dc90e-0e11-4fbb-a481-7f0e76f5fa64,114,3.8,nose,0.5,0.5,0.0,540.0,960.0,0.5
4f3dc90e-0e11-4fbb-a481-7f0e76f5fa64,114,3.8,left_shoulder,0.5,0.5,0.0,540.0,960.0,0.5
4f3dc90e-0e11-4fbb-a481-7f0e76f5fa64,114,3.8,right_shoulder,0.5,0.5,0.0,540.0,960.0,0.5
4f3dc90e-0e11-4fbb-a481-7f0e76f5fa64,114,3.8,left_elbow,0.5,0.5,0.0,540.0,960.0,0.5
4f3dc90e-0e11-4fbb-a481-7f0e76f5fa64,114,3.8,right_elbow,0.5,0.5,0.0,540.0,960.0,0.5
4f3dc90e-0e11-4fbb-a481-7f0e76f5fa64,114,3.8,left_wrist,0.5,0.5,0.0,540.0,960.0,0.5
4f3dc90e-0e11-4fbb-a481-7f0e76f5fa64,114,3.8,right_wrist,0.5,0.5,0.0,540.0,960.0,0.5
4f3dc90e-0e11-4fbb-a481-7f0e76f5fa64,114,3.8,left_hip,0.5,0.5,0.0,540.0,960.0,0.5
4f3dc90e-0e11-4fbb-a481-7f0e76f5fa64,114,3.8,right_hip,0.5,0.5,0.0,540.0,960.0,0.5
4f3dc90e-0e11-4fbb-a481-7f0e76f5fa64,114,3.8,left_knee,0.5,0.5,0.0,540.0,960.0,0.5
4f3dc90e-0e11-4fbb-a481-7f0e76f5fa64,114,3.8,right_knee,0.5,0.5,0.0,540.0,960.0,0.5
4f3dc90e-0e11-4fbb-a481-7f0e76f5fa64,114,3.8,left_ankle,0.5,0.5,0.0,540.0,960.0,0.5
4f3dc90e-0e11-4fbb-a481-7f0e76f5fa64,114,3.8,right_ankle,0.5,0.5,0.0,540.0,960.0,0.5
4f3dc90e-0e11-4fbb-a481-7f0e76f5fa64,114,3.8,left_heel,0.5,0.5,0.0,540.0,960.0,0.5
4f3dc90e-0e11-4fbb-a481-7f0e76f5fa64,114,3.8,right_heel,0.5,0.5,0.0,540.0,960.0,0.5
4f3dc90e-0e11-4fbb-a481-7f0e76f5fa64,114,3.8,left_foot_index,0.5,0.5,0.0,540.0,960.0,0.5
4f3dc90e-0e11-4fbb-a481-7f0e76f5fa64,114,3.8,right_foot_index,0.5,0.5,0.0,540.0,960.0,0.5
4f3dc90e-0e11-4fbb-a481-7f0e76f5fa64,115,3.8333333333333335,nose,0.5,0.5,0.0,540.0,960.0,0.5
4f3dc90e-0e11-4fbb-a481-7f0e76f5fa64,115,3.8333333333333335,left_shoulder,0.5,0.5,0.0,540.0,960.0,0.5
4f3dc90e-0e11-4fbb-a481-7f0e76f5fa64,115,3.8333333333333335,right_shoulder,0.5,0.5,0.0,540.0,960.0,0.5
4f3dc90e-0e11-4fbb-a481-7f0e76f5fa64,115,3.8333333333333335,left_elbow,0.5,0.5,0.0,540.0,960.0,0.5
4f3dc90e-0e11-4fbb-a481-7f0e76f5fa64,115,3.8333333333333335,right_elbow,0.5,0.5,0.0,540.0,960.0,0.5
4f3dc90e-0e11-4fbb-a481-7f0e76f5fa64,115,3.8333333333333335,left_wrist,0.5,0.5,0.0,540.0,960.0,0.5
4f3dc90e-0e11-4fbb-a481-7f0e76f5fa64,115,3.8333333333333335,right_wrist,0.5,0.5,0.0,540.0,960.0,0.5
4f3dc90e-0e11-4fbb-a481-7f0e76f5fa64,115,3.8333333333333335,left_hip,0.5,0.5,0.0,540.0,960.0,0.5
4f3dc90e-0e11-4fbb-a481-7f0e76f5fa64,115,3.8333333333333335,right_hip,0.5,0.5,0.0,540.0,960.0,0.5
4f3dc90e-0e11-4fbb-a481-7f0e76f5fa64,115,3.8333333333333335,left_knee,0.5,0.5,0.0,540.0,960.0,0.5
4f3dc90e-0e11-4fbb-a481-7f0e76f5fa64,115,3.8333333333333335,right_knee,0.5,0.5,0.0,540.0,960.0,0.5
4f3dc90e-0e11-4fbb-a481-7f0e76f5fa64,115,3.8333333333333335,left_ankle,0.5,0.5,0.0,540.0,960.0,0.5
4f3dc90e-0e11-4fbb-a481-7f0e76f5fa64,115,3.8333333333333335,right_ankle,0.5,0.5,0.0,540.0,960.0,0.5
4f3dc90e-0e11-4fbb-a481-7f0e76f5fa64,115,3.8333333333333335,left_heel,0.5,0.5,0.0,540.0,960.0,0.5
4f3dc90e-0e11-4fbb-a481-7f0e76f5fa64,115,3.8333333333333335,right_heel,0.5,0.5,0.0,540.0,960.0,0.5
4f3dc90e-0e11-4fbb-a481-7f0e76f5fa64,115,3.8333333333333335,left_foot_index,0.5,0.5,0.0,540.0,960.0,0.5
4f3dc90e-0e11-4fbb-a481-7f0e76f5fa64,115,3.8333333333333335,right_foot_index,0.5,0.5,0.0,540.0,960.0,0.5
4f3dc90e-0e11-4fbb-a481-7f0e76f5fa64,116,3.8666666666666667,nose,0.5,0.5,0.0,540.0,960.0,0.5
4f3dc90e-0e11-4fbb-a481-7f0e76f5fa64,116,3.8666666666666667,left_shoulder,0.5,0.5,0.0,540.0,960.0,0.5
4f3dc90e-0e11-4fbb-a481-7f0e76f5fa64,116,3.8666666666666667,right_shoulder,0.5,0.5,0.0,540.0,960.0,0.5
4f3dc90e-0e11-4fbb-a481-7f0e76f5fa64,116,3.8666666666666667,left_elbow,0.5,0.5,0.0,540.0,960.0,0.5
4f3dc90e-0e11-4fbb-a481-7f0e76f5fa64,116,3.8666666666666667,right_elbow,0.5,0.5,0.0,540.0,960.0,0.5
4f3dc90e-0e11-4fbb-a481-7f0e76f5fa64,116,3.8666666666666667,left_wrist,0.5,0.5,0.0,540.0,960.0,0.5
4f3dc90e-0e11-4fbb-a481-7f0e76f5fa64,116,3.8666666666666667,right_wrist,0.5,0.5,0.0,540.0,960.0,0.5
4f3dc90e-0e11-4fbb-a481-7f0e76f5fa64,116,3.8666666666666667,left_hip,0.5,0.5,0.0,540.0,960.0,0.5
4f3dc90e-0e11-4fbb-a481-7f0e76f5fa64,116,3.8666666666666667,right_hip,0.5,0.5,0.0,540.0,960.0,0.5
4f3dc90e-0e11-4fbb-a481-7f0e76f5fa64,116,3.8666666666666667,left_knee,0.5,0.5,0.0,540.0,960.0,0.5
4f3dc90e-0e11-4fbb-a481-7f0e76f5fa64,116,3.8666666666666667,right_knee,0.5,0.5,0.0,540.0,960.0,0.5
4f3dc90e-0e11-4fbb-a481-7f0e76f5fa64,116,3.8666666666666667,left_ankle,0.5,0.5,0.0,540.0,960.0,0.5
4f3dc90e-0e11-4fbb-a481-7f0e76f5fa64,116,3.8666666666666667,right_ankle,0.5,0.5,0.0,540.0,960.0,0.5
4f3dc90e-0e11-4fbb-a481-7f0e76f5fa64,116,3.8666666666666667,left_heel,0.5,0.5,0.0,540.0,960.0,0.5
4f3dc90e-0e11-4fbb-a481-7f0e76f5fa64,116,3.8666666666666667,right_heel,0.5,0.5,0.0,540.0,960.0,0.5
4f3dc90e-0e11-4fbb-a481-7f0e76f5fa64,116,3.8666666666666667,left_foot_index,0.5,0.5,0.0,540.0,960.0,0.5
4f3dc90e-0e11-4fbb-a481-7f0e76f5fa64,116,3.8666666666666667,right_foot_index,0.5,0.5,0.0,540.0,960.0,0.5
4f3dc90e-0e11-4fbb-a481-7f0e76f5fa64,117,3.9,nose,0.5,0.5,0.0,540.0,960.0,0.5
4f3dc90e-0e11-4fbb-a481-7f0e76f5fa64,117,3.9,left_shoulder,0.5,0.5,0.0,540.0,960.0,0.5
4f3dc90e-0e11-4fbb-a481-7f0e76f5fa64,117,3.9,right_shoulder,0.5,0.5,0.0,540.0,960.0,0.5
4f3dc90e-0e11-4fbb-a481-7f0e76f5fa64,117,3.9,left_elbow,0.5,0.5,0.0,540.0,960.0,0.5
4f3dc90e-0e11-4fbb-a481-7f0e76f5fa64,117,3.9,right_elbow,0.5,0.5,0.0,540.0,960.0,0.5
4f3dc90e-0e11-4fbb-a481-7f0e76f5fa64,117,3.9,left_wrist,0.5,0.5,0.0,540.0,960.0,0.5
4f3dc90e-0e11-4fbb-a481-7f0e76f5fa64,117,3.9,right_wrist,0.5,0.5,0.0,540.0,960.0,0.5
4f3dc90e-0e11-4fbb-a481-7f0e76f5fa64,117,3.9,left_hip,0.5,0.5,0.0,540.0,960.0,0.5
4f3dc90e-0e11-4fbb-a481-7f0e76f5fa64,117,3.9,right_hip,0.5,0.5,0.0,540.0,960.0,0.5
4f3dc90e-0e11-4fbb-a481-7f0e76f5fa64,117,3.9,left_knee,0.5,0.5,0.0,540.0,960.0,0.5
4f3dc90e-0e11-4fbb-a481-7f0e76f5fa64,117,3.9,right_knee,0.5,0.5,0.0,540.0,960.0,0.5
4f3dc90e-0e11-4fbb-a481-7f0e76f5fa64,117,3.9,left_ankle,0.5,0.5,0.0,540.0,960.0,0.5
4f3dc90e-0e11-4fbb-a481-7f0e76f5fa64,117,3.9,right_ankle,0.5,0.5,0.0,540.0,960.0,0.5
4f3dc90e-0e11-4fbb-a481-7f0e76f5fa64,117,3.9,left_heel,0.5,0.5,0.0,540.0,960.0,0.5
4f3dc90e-0e11-4fbb-a481-7f0e76f5fa64,117,3.9,right_heel,0.5,0.5,0.0,540.0,960.0,0.5
4f3dc90e-0e11-4fbb-a481-7f0e76f5fa64,117,3.9,left_foot_index,0.5,0.5,0.0,540.0,960.0,0.5
4f3dc90e-0e11-4fbb-a481-7f0e76f5fa64,117,3.9,right_foot_index,0.5,0.5,0.0,540.0,960.0,0.5
4f3dc90e-0e11-4fbb-a481-7f0e76f5fa64,118,3.933333333333333,nose,0.5,0.5,0.0,540.0,960.0,0.5
4f3dc90e-0e11-4fbb-a481-7f0e76f5fa64,118,3.933333333333333,left_shoulder,0.5,0.5,0.0,540.0,960.0,0.5
4f3dc90e-0e11-4fbb-a481-7f0e76f5fa64,118,3.933333333333333,right_shoulder,0.5,0.5,0.0,540.0,960.0,0.5
4f3dc90e-0e11-4fbb-a481-7f0e76f5fa64,118,3.933333333333333,left_elbow,0.5,0.5,0.0,540.0,960.0,0.5
4f3dc90e-0e11-4fbb-a481-7f0e76f5fa64,118,3.933333333333333,right_elbow,0.5,0.5,0.0,540.0,960.0,0.5
4f3dc90e-0e11-4fbb-a481-7f0e76f5fa64,118,3.933333333333333,left_wrist,0.5,0.5,0.0,540.0,960.0,0.5
4f3dc90e-0e11-4fbb-a481-7f0e76f5fa64,118,3.933333333333333,right_wrist,0.5,0.5,0.0,540.0,960.0,0.5
4f3dc90e-0e11-4fbb-a481-7f0e76f5fa64,118,3.933333333333333,left_hip,0.5,0.5,0.0,540.0,960.0,0.5
4f3dc90e-0e11-4fbb-a481-7f0e76f5fa64,118,3.933333333333333,right_hip,0.5,0.5,0.0,540.0,960.0,0.5
4f3dc90e-0e11-4fbb-a481-7f0e76f5fa64,118,3.933333333333333,left_knee,0.5,0.5,0.0,540.0,960.0,0.5
4f3dc90e-0e11-4fbb-a481-7f0e76f5fa64,118,3.933333333333333,right_knee,0.5,0.5,0.0,540.0,960.0,0.5
4f3dc90e-0e11-4fbb-a481-7f0e76f5fa64,118,3.933333333333333,left_ankle,0.5,0.5,0.0,540.0,960.0,0.5
4f3dc90e-0e11-4fbb-a481-7f0e76f5fa64,118,3.933333333333333,right_ankle,0.5,0.5,0.0,540.0,960.0,0.5
4f3dc90e-0e11-4fbb-a481-7f0e76f5fa64,118,3.933333333333333,left_heel,0.5,0.5,0.0,540.0,960.0,0.5
4f3dc90e-0e11-4fbb-a481-7f0e76f5fa64,118,3.933333333333333,right_heel,0.5,0.5,0.0,540.0,960.0,0.5
4f3dc90e-0e11-4fbb-a481-7f0e76f5fa64,118,3.933333333333333,left_foot_index,0.5,0.5,0.0,540.0,960.0,0.5
4f3dc90e-0e11-4fbb-a481-7f0e76f5fa64,118,3.933333333333333,right_foot_index,0.5,0.5,0.0,540.0,960.0,0.5
4f3dc90e-0e11-4fbb-a481-7f0e76f5fa64,119,3.966666666666667,nose,0.5,0.5,0.0,540.0,960.0,0.5
4f3dc90e-0e11-4fbb-a481-7f0e76f5fa64,119,3.966666666666667,left_shoulder,0.5,0.5,0.0,540.0,960.0,0.5
4f3dc90e-0e11-4fbb-a481-7f0e76f5fa64,119,3.966666666666667,right_shoulder,0.5,0.5,0.0,540.0,960.0,0.5
4f3dc90e-0e11-4fbb-a481-7f0e76f5fa64,119,3.966666666666667,left_elbow,0.5,0.5,0.0,540.0,960.0,0.5
4f3dc90e-0e11-4fbb-a481-7f0e76f5fa64,119,3.966666666666667,right_elbow,0.5,0.5,0.0,540.0,960.0,0.5
4f3dc90e-0e11-4fbb-a481-7f0e76f5fa64,119,3.966666666666667,left_wrist,0.5,0.5,0.0,540.0,960.0,0.5
4f3dc90e-0e11-4fbb-a481-7f0e76f5fa64,119,3.966666666666667,right_wrist,0.5,0.5,0.0,540.0,960.0,0.5
4f3dc90e-0e11-4fbb-a481-7f0e76f5fa64,119,3.966666666666667,left_hip,0.5,0.5,0.0,540.0,960.0,0.5
4f3dc90e-0e11-4fbb-a481-7f0e76f5fa64,119,3.966666666666667,right_hip,0.5,0.5,0.0,540.0,960.0,0.5
4f3dc90e-0e11-4fbb-a481-7f0e76f5fa64,119,3.966666666666667,left_knee,0.5,0.5,0.0,540.0,960.0,0.5
4f3dc90e-0e11-4fbb-a481-7f0e76f5fa64,119,3.966666666666667,right_knee,0.5,0.5,0.0,540.0,960.0,0.5
4f3dc90e-0e11-4fbb-a481-7f0e76f5fa64,119,3.966666666666667,left_ankle,0.5,0.5,0.0,540.0,960.0,0.5
4f3dc90e-0e11-4fbb-a481-7f0e76f5fa64,119,3.966666666666667,right_ankle,0.5,0.5,0.0,540.0,960.0,0.5
4f3dc90e-0e11-4fbb-a481-7f0e76f5fa64,119,3.966666666666667,left_heel,0.5,0.5,0.0,540.0,960.0,0.5
4f3dc90e-0e11-4fbb-a481-7f0e76f5fa64,119,3.966666666666667,right_heel,0.5,0.5,0.0,540.0,960.0,0.5
4f3dc90e-0e11-4fbb-a481-7f0e76f5fa64,119,3.966666666666667,left_foot_index,0.5,0.5,0.0,540.0,960.0,0.5
4f3dc90e-0e11-4fbb-a481-7f0e76f5fa64,119,3.966666666666667,right_foot_index,0.5,0.5,0.0,540.0,960.0,0.5
4f3dc90e-0e11-4fbb-a481-7f0e76f5fa64,120,4.0,nose,0.5,0.5,0.0,540.0,960.0,0.5
4f3dc90e-0e11-4fbb-a481-7f0e76f5fa64,120,4.0,left_shoulder,0.5,0.5,0.0,540.0,960.0,0.5
4f3dc90e-0e11-4fbb-a481-7f0e76f5fa64,120,4.0,right_shoulder,0.5,0.5,0.0,540.0,960.0,0.5
4f3dc90e-0e11-4fbb-a481-7f0e76f5fa64,120,4.0,left_elbow,0.5,0.5,0.0,540.0,960.0,0.5
4f3dc90e-0e11-4fbb-a481-7f0e76f5fa64,120,4.0,right_elbow,0.5,0.5,0.0,540.0,960.0,0.5
4f3dc90e-0e11-4fbb-a481-7f0e76f5fa64,120,4.0,left_wrist,0.5,0.5,0.0,540.0,960.0,0.5
4f3dc90e-0e11-4fbb-a481-7f0e76f5fa64,120,4.0,right_wrist,0.5,0.5,0.0,540.0,960.0,0.5
4f3dc90e-0e11-4fbb-a481-7f0e76f5fa64,120,4.0,left_hip,0.5,0.5,0.0,540.0,960.0,0.5
4f3dc90e-0e11-4fbb-a481-7f0e76f5fa64,120,4.0,right_hip,0.5,0.5,0.0,540.0,960.0,0.5
4f3dc90e-0e11-4fbb-a481-7f0e76f5fa64,120,4.0,left_knee,0.5,0.5,0.0,540.0,960.0,0.5
4f3dc90e-0e11-4fbb-a481-7f0e76f5fa64,120,4.0,right_knee,0.5,0.5,0.0,540.0,960.0,0.5
4f3dc90e-0e11-4fbb-a481-7f0e76f5fa64,120,4.0,left_ankle,0.5,0.5,0.0,540.0,960.0,0.5
4f3dc90e-0e11-4fbb-a481-7f0e76f5fa64,120,4.0,right_ankle,0.5,0.5,0.0,540.0,960.0,0.5
4f3dc90e-0e11-4fbb-a481-7f0e76f5fa64,120,4.0,left_heel,0.5,0.5,0.0,540.0,960.0,0.5
4f3dc90e-0e11-4fbb-a481-7f0e76f5fa64,120,4.0,right_heel,0.5,0.5,0.0,540.0,960.0,0.5
4f3dc90e-0e11-4fbb-a481-7f0e76f5fa64,120,4.0,left_foot_index,0.5,0.5,0.0,540.0,960.0,0.5
4f3dc90e-0e11-4fbb-a481-7f0e76f5fa64,120,4.0,right_foot_index,0.5,0.5,0.0,540.0,960.0,0.5
4f3dc90e-0e11-4fbb-a481-7f0e76f5fa64,121,4.033333333333333,nose,0.5,0.5,0.0,540.0,960.0,0.5
4f3dc90e-0e11-4fbb-a481-7f0e76f5fa64,121,4.033333333333333,left_shoulder,0.5,0.5,0.0,540.0,960.0,0.5
4f3dc90e-0e11-4fbb-a481-7f0e76f5fa64,121,4.033333333333333,right_shoulder,0.5,0.5,0.0,540.0,960.0,0.5
4f3dc90e-0e11-4fbb-a481-7f0e76f5fa64,121,4.033333333333333,left_elbow,0.5,0.5,0.0,540.0,960.0,0.5
4f3dc90e-0e11-4fbb-a481-7f0e76f5fa64,121,4.033333333333333,right_elbow,0.5,0.5,0.0,540.0,960.0,0.5
4f3dc90e-0e11-4fbb-a481-7f0e76f5fa64,121,4.033333333333333,left_wrist,0.5,0.5,0.0,540.0,960.0,0.5
4f3dc90e-0e11-4fbb-a481-7f0e76f5fa64,121,4.033333333333333,right_wrist,0.5,0.5,0.0,540.0,960.0,0.5
4f3dc90e-0e11-4fbb-a481-7f0e76f5fa64,121,4.033333333333333,left_hip,0.5,0.5,0.0,540.0,960.0,0.5
4f3dc90e-0e11-4fbb-a481-7f0e76f5fa64,121,4.033333333333333,right_hip,0.5,0.5,0.0,540.0,960.0,0.5
4f3dc90e-0e11-4fbb-a481-7f0e76f5fa64,121,4.033333333333333,left_knee,0.5,0.5,0.0,540.0,960.0,0.5
4f3dc90e-0e11-4fbb-a481-7f0e76f5fa64,121,4.033333333333333,right_knee,0.5,0.5,0.0,540.0,960.0,0.5
4f3dc90e-0e11-4fbb-a481-7f0e76f5fa64,121,4.033333333333333,left_ankle,0.5,0.5,0.0,540.0,960.0,0.5
4f3dc90e-0e11-4fbb-a481-7f0e76f5fa64,121,4.033333333333333,right_ankle,0.5,0.5,0.0,540.0,960.0,0.5
4f3dc90e-0e11-4fbb-a481-7f0e76f5fa64,121,4.033333333333333,left_heel,0.5,0.5,0.0,540.0,960.0,0.5
4f3dc90e-0e11-4fbb-a481-7f0e76f5fa64,121,4.033333333333333,right_heel,0.5,0.5,0.0,540.0,960.0,0.5
4f3dc90e-0e11-4fbb-a481-7f0e76f5fa64,121,4.033333333333333,left_foot_index,0.5,0.5,0.0,540.0,960.0,0.5
4f3dc90e-0e11-4fbb-a481-7f0e76f5fa64,121,4.033333333333333,right_foot_index,0.5,0.5,0.0,540.0,960.0,0.5
4f3dc90e-0e11-4fbb-a481-7f0e76f5fa64,122,4.066666666666666,nose,0.5,0.5,0.0,540.0,960.0,0.5
4f3dc90e-0e11-4fbb-a481-7f0e76f5fa64,122,4.066666666666666,left_shoulder,0.5,0.5,0.0,540.0,960.0,0.5
4f3dc90e-0e11-4fbb-a481-7f0e76f5fa64,122,4.066666666666666,right_shoulder,0.5,0.5,0.0,540.0,960.0,0.5
4f3dc90e-0e11-4fbb-a481-7f0e76f5fa64,122,4.066666666666666,left_elbow,0.5,0.5,0.0,540.0,960.0,0.5
4f3dc90e-0e11-4fbb-a481-7f0e76f5fa64,122,4.066666666666666,right_elbow,0.5,0.5,0.0,540.0,960.0,0.5
4f3dc90e-0e11-4fbb-a481-7f0e76f5fa64,122,4.066666666666666,left_wrist,0.5,0.5,0.0,540.0,960.0,0.5
4f3dc90e-0e11-4fbb-a481-7f0e76f5fa64,122,4.066666666666666,right_wrist,0.5,0.5,0.0,540.0,960.0,0.5
4f3dc90e-0e11-4fbb-a481-7f0e76f5fa64,122,4.066666666666666,left_hip,0.5,0.5,0.0,540.0,960.0,0.5
4f3dc90e-0e11-4fbb-a481-7f0e76f5fa64,122,4.066666666666666,right_hip,0.5,0.5,0.0,540.0,960.0,0.5
4f3dc90e-0e11-4fbb-a481-7f0e76f5fa64,122,4.066666666666666,left_knee,0.5,0.5,0.0,540.0,960.0,0.5
4f3dc90e-0e11-4fbb-a481-7f0e76f5fa64,122,4.066666666666666,right_knee,0.5,0.5,0.0,540.0,960.0,0.5
4f3dc90e-0e11-4fbb-a481-7f0e76f5fa64,122,4.066666666666666,left_ankle,0.5,0.5,0.0,540.0,960.0,0.5
4f3dc90e-0e11-4fbb-a481-7f0e76f5fa64,122,4.066666666666666,right_ankle,0.5,0.5,0.0,540.0,960.0,0.5
4f3dc90e-0e11-4fbb-a481-7f0e76f5fa64,122,4.066666666666666,left_heel,0.5,0.5,0.0,540.0,960.0,0.5
4f3dc90e-0e11-4fbb-a481-7f0e76f5fa64,122,4.066666666666666,right_heel,0.5,0.5,0.0,540.0,960.0,0.5
4f3dc90e-0e11-4fbb-a481-7f0e76f5fa64,122,4.066666666666666,left_foot_index,0.5,0.5,0.0,540.0,960.0,0.5
4f3dc90e-0e11-4fbb-a481-7f0e76f5fa64,122,4.066666666666666,right_foot_index,0.5,0.5,0.0,540.0,960.0,0.5
4f3dc90e-0e11-4fbb-a481-7f0e76f5fa64,123,4.1,nose,0.5,0.5,0.0,540.0,960.0,0.5
4f3dc90e-0e11-4fbb-a481-7f0e76f5fa64,123,4.1,left_shoulder,0.5,0.5,0.0,540.0,960.0,0.5
4f3dc90e-0e11-4fbb-a481-7f0e76f5fa64,123,4.1,right_shoulder,0.5,0.5,0.0,540.0,960.0,0.5
4f3dc90e-0e11-4fbb-a481-7f0e76f5fa64,123,4.1,left_elbow,0.5,0.5,0.0,540.0,960.0,0.5
4f3dc90e-0e11-4fbb-a481-7f0e76f5fa64,123,4.1,right_elbow,0.5,0.5,0.0,540.0,960.0,0.5
4f3dc90e-0e11-4fbb-a481-7f0e76f5fa64,123,4.1,left_wrist,0.5,0.5,0.0,540.0,960.0,0.5
4f3dc90e-0e11-4fbb-a481-7f0e76f5fa64,123,4.1,right_wrist,0.5,0.5,0.0,540.0,960.0,0.5
4f3dc90e-0e11-4fbb-a481-7f0e76f5fa64,123,4.1,left_hip,0.5,0.5,0.0,540.0,960.0,0.5
4f3dc90e-0e11-4fbb-a481-7f0e76f5fa64,123,4.1,right_hip,0.5,0.5,0.0,540.0,960.0,0.5
4f3dc90e-0e11-4fbb-a481-7f0e76f5fa64,123,4.1,left_knee,0.5,0.5,0.0,540.0,960.0,0.5
4f3dc90e-0e11-4fbb-a481-7f0e76f5fa64,123,4.1,right_knee,0.5,0.5,0.0,540.0,960.0,0.5
4f3dc90e-0e11-4fbb-a481-7f0e76f5fa64,123,4.1,left_ankle,0.5,0.5,0.0,540.0,960.0,0.5
4f3dc90e-0e11-4fbb-a481-7f0e76f5fa64,123,4.1,right_ankle,0.5,0.5,0.0,540.0,960.0,0.5
4f3dc90e-0e11-4fbb-a481-7f0e76f5fa64,123,4.1,left_heel,0.5,0.5,0.0,540.0,960.0,0.5
4f3dc90e-0e11-4fbb-a481-7f0e76f5fa64,123,4.1,right_heel,0.5,0.5,0.0,540.0,960.0,0.5
4f3dc90e-0e11-4fbb-a481-7f0e76f5fa64,123,4.1,left_foot_index,0.5,0.5,0.0,540.0,960.0,0.5
4f3dc90e-0e11-4fbb-a481-7f0e76f5fa64,123,4.1,right_foot_index,0.5,0.5,0.0,540.0,960.0,0.5
4f3dc90e-0e11-4fbb-a481-7f0e76f5fa64,124,4.133333333333334,nose,0.5,0.5,0.0,540.0,960.0,0.5
4f3dc90e-0e11-4fbb-a481-7f0e76f5fa64,124,4.133333333333334,left_shoulder,0.5,0.5,0.0,540.0,960.0,0.5
4f3dc90e-0e11-4fbb-a481-7f0e76f5fa64,124,4.133333333333334,right_shoulder,0.5,0.5,0.0,540.0,960.0,0.5
4f3dc90e-0e11-4fbb-a481-7f0e76f5fa64,124,4.133333333333334,left_elbow,0.5,0.5,0.0,540.0,960.0,0.5
4f3dc90e-0e11-4fbb-a481-7f0e76f5fa64,124,4.133333333333334,right_elbow,0.5,0.5,0.0,540.0,960.0,0.5
4f3dc90e-0e11-4fbb-a481-7f0e76f5fa64,124,4.133333333333334,left_wrist,0.5,0.5,0.0,540.0,960.0,0.5
4f3dc90e-0e11-4fbb-a481-7f0e76f5fa64,124,4.133333333333334,right_wrist,0.5,0.5,0.0,540.0,960.0,0.5
4f3dc90e-0e11-4fbb-a481-7f0e76f5fa64,124,4.133333333333334,left_hip,0.5,0.5,0.0,540.0,960.0,0.5
4f3dc90e-0e11-4fbb-a481-7f0e76f5fa64,124,4.133333333333334,right_hip,0.5,0.5,0.0,540.0,960.0,0.5
4f3dc90e-0e11-4fbb-a481-7f0e76f5fa64,124,4.133333333333334,left_knee,0.5,0.5,0.0,540.0,960.0,0.5
4f3dc90e-0e11-4fbb-a481-7f0e76f5fa64,124,4.133333333333334,right_knee,0.5,0.5,0.0,540.0,960.0,0.5
4f3dc90e-0e11-4fbb-a481-7f0e76f5fa64,124,4.133333333333334,left_ankle,0.5,0.5,0.0,540.0,960.0,0.5
4f3dc90e-0e11-4fbb-a481-7f0e76f5fa64,124,4.133333333333334,right_ankle,0.5,0.5,0.0,540.0,960.0,0.5
4f3dc90e-0e11-4fbb-a481-7f0e76f5fa64,124,4.133333333333334,left_heel,0.5,0.5,0.0,540.0,960.0,0.5
4f3dc90e-0e11-4fbb-a481-7f0e76f5fa64,124,4.133333333333334,right_heel,0.5,0.5,0.0,540.0,960.0,0.5
4f3dc90e-0e11-4fbb-a481-7f0e76f5fa64,124,4.133333333333334,left_foot_index,0.5,0.5,0.0,540.0,960.0,0.5
4f3dc90e-0e11-4fbb-a481-7f0e76f5fa64,124,4.133333333333334,right_foot_index,0.5,0.5,0.0,540.0,960.0,0.5
4f3dc90e-0e11-4fbb-a481-7f0e76f5fa64,125,4.166666666666667,nose,0.5,0.5,0.0,540.0,960.0,0.5
4f3dc90e-0e11-4fbb-a481-7f0e76f5fa64,125,4.166666666666667,left_shoulder,0.5,0.5,0.0,540.0,960.0,0.5
4f3dc90e-0e11-4fbb-a481-7f0e76f5fa64,125,4.166666666666667,right_shoulder,0.5,0.5,0.0,540.0,960.0,0.5
4f3dc90e-0e11-4fbb-a481-7f0e76f5fa64,125,4.166666666666667,left_elbow,0.5,0.5,0.0,540.0,960.0,0.5
4f3dc90e-0e11-4fbb-a481-7f0e76f5fa64,125,4.166666666666667,right_elbow,0.5,0.5,0.0,540.0,960.0,0.5
4f3dc90e-0e11-4fbb-a481-7f0e76f5fa64,125,4.166666666666667,left_wrist,0.5,0.5,0.0,540.0,960.0,0.5
4f3dc90e-0e11-4fbb-a481-7f0e76f5fa64,125,4.166666666666667,right_wrist,0.5,0.5,0.0,540.0,960.0,0.5
4f3dc90e-0e11-4fbb-a481-7f0e76f5fa64,125,4.166666666666667,left_hip,0.5,0.5,0.0,540.0,960.0,0.5
4f3dc90e-0e11-4fbb-a481-7f0e76f5fa64,125,4.166666666666667,right_hip,0.5,0.5,0.0,540.0,960.0,0.5
4f3dc90e-0e11-4fbb-a481-7f0e76f5fa64,125,4.166666666666667,left_knee,0.5,0.5,0.0,540.0,960.0,0.5
4f3dc90e-0e11-4fbb-a481-7f0e76f5fa64,125,4.166666666666667,right_knee,0.5,0.5,0.0,540.0,960.0,0.5
4f3dc90e-0e11-4fbb-a481-7f0e76f5fa64,125,4.166666666666667,left_ankle,0.5,0.5,0.0,540.0,960.0,0.5
4f3dc90e-0e11-4fbb-a481-7f0e76f5fa64,125,4.166666666666667,right_ankle,0.5,0.5,0.0,540.0,960.0,0.5
4f3dc90e-0e11-4fbb-a481-7f0e76f5fa64,125,4.166666666666667,left_heel,0.5,0.5,0.0,540.0,960.0,0.5
4f3dc90e-0e11-4fbb-a481-7f0e76f5fa64,125,4.166666666666667,right_heel,0.5,0.5,0.0,540.0,960.0,0.5
4f3dc90e-0e11-4fbb-a481-7f0e76f5fa64,125,4.166666666666667,left_foot_index,0.5,0.5,0.0,540.0,960.0,0.5
4f3dc90e-0e11-4fbb-a481-7f0e76f5fa64,125,4.166666666666667,right_foot_index,0.5,0.5,0.0,540.0,960.0,0.5
4f3dc90e-0e11-4fbb-a481-7f0e76f5fa64,126,4.2,nose,0.5,0.5,0.0,540.0,960.0,0.5
4f3dc90e-0e11-4fbb-a481-7f0e76f5fa64,126,4.2,left_shoulder,0.5,0.5,0.0,540.0,960.0,0.5
4f3dc90e-0e11-4fbb-a481-7f0e76f5fa64,126,4.2,right_shoulder,0.5,0.5,0.0,540.0,960.0,0.5
4f3dc90e-0e11-4fbb-a481-7f0e76f5fa64,126,4.2,left_elbow,0.5,0.5,0.0,540.0,960.0,0.5
4f3dc90e-0e11-4fbb-a481-7f0e76f5fa64,126,4.2,right_elbow,0.5,0.5,0.0,540.0,960.0,0.5
4f3dc90e-0e11-4fbb-a481-7f0e76f5fa64,126,4.2,left_wrist,0.5,0.5,0.0,540.0,960.0,0.5
4f3dc90e-0e11-4fbb-a481-7f0e76f5fa64,126,4.2,right_wrist,0.5,0.5,0.0,540.0,960.0,0.5
4f3dc90e-0e11-4fbb-a481-7f0e76f5fa64,126,4.2,left_hip,0.5,0.5,0.0,540.0,960.0,0.5
4f3dc90e-0e11-4fbb-a481-7f0e76f5fa64,126,4.2,right_hip,0.5,0.5,0.0,540.0,960.0,0.5
4f3dc90e-0e11-4fbb-a481-7f0e76f5fa64,126,4.2,left_knee,0.5,0.5,0.0,540.0,960.0,0.5
4f3dc90e-0e11-4fbb-a481-7f0e76f5fa64,126,4.2,right_knee,0.5,0.5,0.0,540.0,960.0,0.5
4f3dc90e-0e11-4fbb-a481-7f0e76f5fa64,126,4.2,left_ankle,0.5,0.5,0.0,540.0,960.0,0.5
4f3dc90e-0e11-4fbb-a481-7f0e76f5fa64,126,4.2,right_ankle,0.5,0.5,0.0,540.0,960.0,0.5
4f3dc90e-0e11-4fbb-a481-7f0e76f5fa64,126,4.2,left_heel,0.5,0.5,0.0,540.0,960.0,0.5
4f3dc90e-0e11-4fbb-a481-7f0e76f5fa64,126,4.2,right_heel,0.5,0.5,0.0,540.0,960.0,0.5
4f3dc90e-0e11-4fbb-a481-7f0e76f5fa64,126,4.2,left_foot_index,0.5,0.5,0.0,540.0,960.0,0.5
4f3dc90e-0e11-4fbb-a481-7f0e76f5fa64,126,4.2,right_foot_index,0.5,0.5,0.0,540.0,960.0,0.5
4f3dc90e-0e11-4fbb-a481-7f0e76f5fa64,127,4.233333333333333,nose,0.5,0.5,0.0,540.0,960.0,0.5
4f3dc90e-0e11-4fbb-a481-7f0e76f5fa64,127,4.233333333333333,left_shoulder,0.5,0.5,0.0,540.0,960.0,0.5
4f3dc90e-0e11-4fbb-a481-7f0e76f5fa64,127,4.233333333333333,right_shoulder,0.5,0.5,0.0,540.0,960.0,0.5
4f3dc90e-0e11-4fbb-a481-7f0e76f5fa64,127,4.233333333333333,left_elbow,0.5,0.5,0.0,540.0,960.0,0.5
4f3dc90e-0e11-4fbb-a481-7f0e76f5fa64,127,4.233333333333333,right_elbow,0.5,0.5,0.0,540.0,960.0,0.5
4f3dc90e-0e11-4fbb-a481-7f0e76f5fa64,127,4.233333333333333,left_wrist,0.5,0.5,0.0,540.0,960.0,0.5
4f3dc90e-0e11-4fbb-a481-7f0e76f5fa64,127,4.233333333333333,right_wrist,0.5,0.5,0.0,540.0,960.0,0.5
4f3dc90e-0e11-4fbb-a481-7f0e76f5fa64,127,4.233333333333333,left_hip,0.5,0.5,0.0,540.0,960.0,0.5
4f3dc90e-0e11-4fbb-a481-7f0e76f5fa64,127,4.233333333333333,right_hip,0.5,0.5,0.0,540.0,960.0,0.5
4f3dc90e-0e11-4fbb-a481-7f0e76f5fa64,127,4.233333333333333,left_knee,0.5,0.5,0.0,540.0,960.0,0.5
4f3dc90e-0e11-4fbb-a481-7f0e76f5fa64,127,4.233333333333333,right_knee,0.5,0.5,0.0,540.0,960.0,0.5
4f3dc90e-0e11-4fbb-a481-7f0e76f5fa64,127,4.233333333333333,left_ankle,0.5,0.5,0.0,540.0,960.0,0.5
4f3dc90e-0e11-4fbb-a481-7f0e76f5fa64,127,4.233333333333333,right_ankle,0.5,0.5,0.0,540.0,960.0,0.5
4f3dc90e-0e11-4fbb-a481-7f0e76f5fa64,127,4.233333333333333,left_heel,0.5,0.5,0.0,540.0,960.0,0.5
4f3dc90e-0e11-4fbb-a481-7f0e76f5fa64,127,4.233333333333333,right_heel,0.5,0.5,0.0,540.0,960.0,0.5
4f3dc90e-0e11-4fbb-a481-7f0e76f5fa64,127,4.233333333333333,left_foot_index,0.5,0.5,0.0,540.0,960.0,0.5
4f3dc90e-0e11-4fbb-a481-7f0e76f5fa64,127,4.233333333333333,right_foot_index,0.5,0.5,0.0,540.0,960.0,0.5
4f3dc90e-0e11-4fbb-a481-7f0e76f5fa64,128,4.266666666666667,nose,0.5,0.5,0.0,540.0,960.0,0.5
4f3dc90e-0e11-4fbb-a481-7f0e76f5fa64,128,4.266666666666667,left_shoulder,0.5,0.5,0.0,540.0,960.0,0.5
4f3dc90e-0e11-4fbb-a481-7f0e76f5fa64,128,4.266666666666667,right_shoulder,0.5,0.5,0.0,540.0,960.0,0.5
4f3dc90e-0e11-4fbb-a481-7f0e76f5fa64,128,4.266666666666667,left_elbow,0.5,0.5,0.0,540.0,960.0,0.5
4f3dc90e-0e11-4fbb-a481-7f0e76f5fa64,128,4.266666666666667,right_elbow,0.5,0.5,0.0,540.0,960.0,0.5
4f3dc90e-0e11-4fbb-a481-7f0e76f5fa64,128,4.266666666666667,left_wrist,0.5,0.5,0.0,540.0,960.0,0.5
4f3dc90e-0e11-4fbb-a481-7f0e76f5fa64,128,4.266666666666667,right_wrist,0.5,0.5,0.0,540.0,960.0,0.5
4f3dc90e-0e11-4fbb-a481-7f0e76f5fa64,128,4.266666666666667,left_hip,0.5,0.5,0.0,540.0,960.0,0.5
4f3dc90e-0e11-4fbb-a481-7f0e76f5fa64,128,4.266666666666667,right_hip,0.5,0.5,0.0,540.0,960.0,0.5
4f3dc90e-0e11-4fbb-a481-7f0e76f5fa64,128,4.266666666666667,left_knee,0.5,0.5,0.0,540.0,960.0,0.5
4f3dc90e-0e11-4fbb-a481-7f0e76f5fa64,128,4.266666666666667,right_knee,0.5,0.5,0.0,540.0,960.0,0.5
4f3dc90e-0e11-4fbb-a481-7f0e76f5fa64,128,4.266666666666667,left_ankle,0.5,0.5,0.0,540.0,960.0,0.5
4f3dc90e-0e11-4fbb-a481-7f0e76f5fa64,128,4.266666666666667,right_ankle,0.5,0.5,0.0,540.0,960.0,0.5
4f3dc90e-0e11-4fbb-a481-7f0e76f5fa64,128,4.266666666666667,left_heel,0.5,0.5,0.0,540.0,960.0,0.5
4f3dc90e-0e11-4fbb-a481-7f0e76f5fa64,128,4.266666666666667,right_heel,0.5,0.5,0.0,540.0,960.0,0.5
4f3dc90e-0e11-4fbb-a481-7f0e76f5fa64,128,4.266666666666667,left_foot_index,0.5,0.5,0.0,540.0,960.0,0.5
4f3dc90e-0e11-4fbb-a481-7f0e76f5fa64,128,4.266666666666667,right_foot_index,0.5,0.5,0.0,540.0,960.0,0.5
4f3dc90e-0e11-4fbb-a481-7f0e76f5fa64,129,4.3,nose,0.5,0.5,0.0,540.0,960.0,0.5
4f3dc90e-0e11-4fbb-a481-7f0e76f5fa64,129,4.3,left_shoulder,0.5,0.5,0.0,540.0,960.0,0.5
4f3dc90e-0e11-4fbb-a481-7f0e76f5fa64,129,4.3,right_shoulder,0.5,0.5,0.0,540.0,960.0,0.5
4f3dc90e-0e11-4fbb-a481-7f0e76f5fa64,129,4.3,left_elbow,0.5,0.5,0.0,540.0,960.0,0.5
4f3dc90e-0e11-4fbb-a481-7f0e76f5fa64,129,4.3,right_elbow,0.5,0.5,0.0,540.0,960.0,0.5
4f3dc90e-0e11-4fbb-a481-7f0e76f5fa64,129,4.3,left_wrist,0.5,0.5,0.0,540.0,960.0,0.5
4f3dc90e-0e11-4fbb-a481-7f0e76f5fa64,129,4.3,right_wrist,0.5,0.5,0.0,540.0,960.0,0.5
4f3dc90e-0e11-4fbb-a481-7f0e76f5fa64,129,4.3,left_hip,0.5,0.5,0.0,540.0,960.0,0.5
4f3dc90e-0e11-4fbb-a481-7f0e76f5fa64,129,4.3,right_hip,0.5,0.5,0.0,540.0,960.0,0.5
4f3dc90e-0e11-4fbb-a481-7f0e76f5fa64,129,4.3,left_knee,0.5,0.5,0.0,540.0,960.0,0.5
4f3dc90e-0e11-4fbb-a481-7f0e76f5fa64,129,4.3,right_knee,0.5,0.5,0.0,540.0,960.0,0.5
4f3dc90e-0e11-4fbb-a481-7f0e76f5fa64,129,4.3,left_ankle,0.5,0.5,0.0,540.0,960.0,0.5
4f3dc90e-0e11-4fbb-a481-7f0e76f5fa64,129,4.3,right_ankle,0.5,0.5,0.0,540.0,960.0,0.5
4f3dc90e-0e11-4fbb-a481-7f0e76f5fa64,129,4.3,left_heel,0.5,0.5,0.0,540.0,960.0,0.5
4f3dc90e-0e11-4fbb-a481-7f0e76f5fa64,129,4.3,right_heel,0.5,0.5,0.0,540.0,960.0,0.5
4f3dc90e-0e11-4fbb-a481-7f0e76f5fa64,129,4.3,left_foot_index,0.5,0.5,0.0,540.0,960.0,0.5
4f3dc90e-0e11-4fbb-a481-7f0e76f5fa64,129,4.3,right_foot_index,0.5,0.5,0.0,540.0,960.0,0.5
4f3dc90e-0e11-4fbb-a481-7f0e76f5fa64,130,4.333333333333333,nose,0.5,0.5,0.0,540.0,960.0,0.5
4f3dc90e-0e11-4fbb-a481-7f0e76f5fa64,130,4.333333333333333,left_shoulder,0.5,0.5,0.0,540.0,960.0,0.5
4f3dc90e-0e11-4fbb-a481-7f0e76f5fa64,130,4.333333333333333,right_shoulder,0.5,0.5,0.0,540.0,960.0,0.5
4f3dc90e-0e11-4fbb-a481-7f0e76f5fa64,130,4.333333333333333,left_elbow,0.5,0.5,0.0,540.0,960.0,0.5
4f3dc90e-0e11-4fbb-a481-7f0e76f5fa64,130,4.333333333333333,right_elbow,0.5,0.5,0.0,540.0,960.0,0.5
4f3dc90e-0e11-4fbb-a481-7f0e76f5fa64,130,4.333333333333333,left_wrist,0.5,0.5,0.0,540.0,960.0,0.5
4f3dc90e-0e11-4fbb-a481-7f0e76f5fa64,130,4.333333333333333,right_wrist,0.5,0.5,0.0,540.0,960.0,0.5
4f3dc90e-0e11-4fbb-a481-7f0e76f5fa64,130,4.333333333333333,left_hip,0.5,0.5,0.0,540.0,960.0,0.5
4f3dc90e-0e11-4fbb-a481-7f0e76f5fa64,130,4.333333333333333,right_hip,0.5,0.5,0.0,540.0,960.0,0.5
4f3dc90e-0e11-4fbb-a481-7f0e76f5fa64,130,4.333333333333333,left_knee,0.5,0.5,0.0,540.0,960.0,0.5
4f3dc90e-0e11-4fbb-a481-7f0e76f5fa64,130,4.333333333333333,right_knee,0.5,0.5,0.0,540.0,960.0,0.5
4f3dc90e-0e11-4fbb-a481-7f0e76f5fa64,130,4.333333333333333,left_ankle,0.5,0.5,0.0,540.0,960.0,0.5
4f3dc90e-0e11-4fbb-a481-7f0e76f5fa64,130,4.333333333333333,right_ankle,0.5,0.5,0.0,540.0,960.0,0.5
4f3dc90e-0e11-4fbb-a481-7f0e76f5fa64,130,4.333333333333333,left_heel,0.5,0.5,0.0,540.0,960.0,0.5
4f3dc90e-0e11-4fbb-a481-7f0e76f5fa64,130,4.333333333333333,right_heel,0.5,0.5,0.0,540.0,960.0,0.5
4f3dc90e-0e11-4fbb-a481-7f0e76f5fa64,130,4.333333333333333,left_foot_index,0.5,0.5,0.0,540.0,960.0,0.5
4f3dc90e-0e11-4fbb-a481-7f0e76f5fa64,130,4.333333333333333,right_foot_index,0.5,0.5,0.0,540.0,960.0,0.5
4f3dc90e-0e11-4fbb-a481-7f0e76f5fa64,131,4.366666666666666,nose,0.5,0.5,0.0,540.0,960.0,0.5
4f3dc90e-0e11-4fbb-a481-7f0e76f5fa64,131,4.366666666666666,left_shoulder,0.5,0.5,0.0,540.0,960.0,0.5
4f3dc90e-0e11-4fbb-a481-7f0e76f5fa64,131,4.366666666666666,right_shoulder,0.5,0.5,0.0,540.0,960.0,0.5
4f3dc90e-0e11-4fbb-a481-7f0e76f5fa64,131,4.366666666666666,left_elbow,0.5,0.5,0.0,540.0,960.0,0.5
4f3dc90e-0e11-4fbb-a481-7f0e76f5fa64,131,4.366666666666666,right_elbow,0.5,0.5,0.0,540.0,960.0,0.5
4f3dc90e-0e11-4fbb-a481-7f0e76f5fa64,131,4.366666666666666,left_wrist,0.5,0.5,0.0,540.0,960.0,0.5
4f3dc90e-0e11-4fbb-a481-7f0e76f5fa64,131,4.366666666666666,right_wrist,0.5,0.5,0.0,540.0,960.0,0.5
4f3dc90e-0e11-4fbb-a481-7f0e76f5fa64,131,4.366666666666666,left_hip,0.5,0.5,0.0,540.0,960.0,0.5
4f3dc90e-0e11-4fbb-a481-7f0e76f5fa64,131,4.366666666666666,right_hip,0.5,0.5,0.0,540.0,960.0,0.5
4f3dc90e-0e11-4fbb-a481-7f0e76f5fa64,131,4.366666666666666,left_knee,0.5,0.5,0.0,540.0,960.0,0.5
4f3dc90e-0e11-4fbb-a481-7f0e76f5fa64,131,4.366666666666666,right_knee,0.5,0.5,0.0,540.0,960.0,0.5
4f3dc90e-0e11-4fbb-a481-7f0e76f5fa64,131,4.366666666666666,left_ankle,0.5,0.5,0.0,540.0,960.0,0.5
4f3dc90e-0e11-4fbb-a481-7f0e76f5fa64,131,4.366666666666666,right_ankle,0.5,0.5,0.0,540.0,960.0,0.5
4f3dc90e-0e11-4fbb-a481-7f0e76f5fa64,131,4.366666666666666,left_heel,0.5,0.5,0.0,540.0,960.0,0.5
4f3dc90e-0e11-4fbb-a481-7f0e76f5fa64,131,4.366666666666666,right_heel,0.5,0.5,0.0,540.0,960.0,0.5
4f3dc90e-0e11-4fbb-a481-7f0e76f5fa64,131,4.366666666666666,left_foot_index,0.5,0.5,0.0,540.0,960.0,0.5
4f3dc90e-0e11-4fbb-a481-7f0e76f5fa64,131,4.366666666666666,right_foot_index,0.5,0.5,0.0,540.0,960.0,0.5
4f3dc90e-0e11-4fbb-a481-7f0e76f5fa64,132,4.4,nose,0.5,0.5,0.0,540.0,960.0,0.5
4f3dc90e-0e11-4fbb-a481-7f0e76f5fa64,132,4.4,left_shoulder,0.5,0.5,0.0,540.0,960.0,0.5
4f3dc90e-0e11-4fbb-a481-7f0e76f5fa64,132,4.4,right_shoulder,0.5,0.5,0.0,540.0,960.0,0.5
4f3dc90e-0e11-4fbb-a481-7f0e76f5fa64,132,4.4,left_elbow,0.5,0.5,0.0,540.0,960.0,0.5
4f3dc90e-0e11-4fbb-a481-7f0e76f5fa64,132,4.4,right_elbow,0.5,0.5,0.0,540.0,960.0,0.5
4f3dc90e-0e11-4fbb-a481-7f0e76f5fa64,132,4.4,left_wrist,0.5,0.5,0.0,540.0,960.0,0.5
4f3dc90e-0e11-4fbb-a481-7f0e76f5fa64,132,4.4,right_wrist,0.5,0.5,0.0,540.0,960.0,0.5
4f3dc90e-0e11-4fbb-a481-7f0e76f5fa64,132,4.4,left_hip,0.5,0.5,0.0,540.0,960.0,0.5
4f3dc90e-0e11-4fbb-a481-7f0e76f5fa64,132,4.4,right_hip,0.5,0.5,0.0,540.0,960.0,0.5
4f3dc90e-0e11-4fbb-a481-7f0e76f5fa64,132,4.4,left_knee,0.5,0.5,0.0,540.0,960.0,0.5
4f3dc90e-0e11-4fbb-a481-7f0e76f5fa64,132,4.4,right_knee,0.5,0.5,0.0,540.0,960.0,0.5
4f3dc90e-0e11-4fbb-a481-7f0e76f5fa64,132,4.4,left_ankle,0.5,0.5,0.0,540.0,960.0,0.5
4f3dc90e-0e11-4fbb-a481-7f0e76f5fa64,132,4.4,right_ankle,0.5,0.5,0.0,540.0,960.0,0.5
4f3dc90e-0e11-4fbb-a481-7f0e76f5fa64,132,4.4,left_heel,0.5,0.5,0.0,540.0,960.0,0.5
4f3dc90e-0e11-4fbb-a481-7f0e76f5fa64,132,4.4,right_heel,0.5,0.5,0.0,540.0,960.0,0.5
4f3dc90e-0e11-4fbb-a481-7f0e76f5fa64,132,4.4,left_foot_index,0.5,0.5,0.0,540.0,960.0,0.5
4f3dc90e-0e11-4fbb-a481-7f0e76f5fa64,132,4.4,right_foot_index,0.5,0.5,0.0,540.0,960.0,0.5
4f3dc90e-0e11-4fbb-a481-7f0e76f5fa64,133,4.433333333333334,nose,0.5,0.5,0.0,540.0,960.0,0.5
4f3dc90e-0e11-4fbb-a481-7f0e76f5fa64,133,4.433333333333334,left_shoulder,0.5,0.5,0.0,540.0,960.0,0.5
4f3dc90e-0e11-4fbb-a481-7f0e76f5fa64,133,4.433333333333334,right_shoulder,0.5,0.5,0.0,540.0,960.0,0.5
4f3dc90e-0e11-4fbb-a481-7f0e76f5fa64,133,4.433333333333334,left_elbow,0.5,0.5,0.0,540.0,960.0,0.5
4f3dc90e-0e11-4fbb-a481-7f0e76f5fa64,133,4.433333333333334,right_elbow,0.5,0.5,0.0,540.0,960.0,0.5
4f3dc90e-0e11-4fbb-a481-7f0e76f5fa64,133,4.433333333333334,left_wrist,0.5,0.5,0.0,540.0,960.0,0.5
4f3dc90e-0e11-4fbb-a481-7f0e76f5fa64,133,4.433333333333334,right_wrist,0.5,0.5,0.0,540.0,960.0,0.5
4f3dc90e-0e11-4fbb-a481-7f0e76f5fa64,133,4.433333333333334,left_hip,0.5,0.5,0.0,540.0,960.0,0.5
4f3dc90e-0e11-4fbb-a481-7f0e76f5fa64,133,4.433333333333334,right_hip,0.5,0.5,0.0,540.0,960.0,0.5
4f3dc90e-0e11-4fbb-a481-7f0e76f5fa64,133,4.433333333333334,left_knee,0.5,0.5,0.0,540.0,960.0,0.5
4f3dc90e-0e11-4fbb-a481-7f0e76f5fa64,133,4.433333333333334,right_knee,0.5,0.5,0.0,540.0,960.0,0.5
4f3dc90e-0e11-4fbb-a481-7f0e76f5fa64,133,4.433333333333334,left_ankle,0.5,0.5,0.0,540.0,960.0,0.5
4f3dc90e-0e11-4fbb-a481-7f0e76f5fa64,133,4.433333333333334,right_ankle,0.5,0.5,0.0,540.0,960.0,0.5
4f3dc90e-0e11-4fbb-a481-7f0e76f5fa64,133,4.433333333333334,left_heel,0.5,0.5,0.0,540.0,960.0,0.5
4f3dc90e-0e11-4fbb-a481-7f0e76f5fa64,133,4.433333333333334,right_heel,0.5,0.5,0.0,540.0,960.0,0.5
4f3dc90e-0e11-4fbb-a481-7f0e76f5fa64,133,4.433333333333334,left_foot_index,0.5,0.5,0.0,540.0,960.0,0.5
4f3dc90e-0e11-4fbb-a481-7f0e76f5fa64,133,4.433333333333334,right_foot_index,0.5,0.5,0.0,540.0,960.0,0.5
4f3dc90e-0e11-4fbb-a481-7f0e76f5fa64,134,4.466666666666667,nose,0.5,0.5,0.0,540.0,960.0,0.5
4f3dc90e-0e11-4fbb-a481-7f0e76f5fa64,134,4.466666666666667,left_shoulder,0.5,0.5,0.0,540.0,960.0,0.5
4f3dc90e-0e11-4fbb-a481-7f0e76f5fa64,134,4.466666666666667,right_shoulder,0.5,0.5,0.0,540.0,960.0,0.5
4f3dc90e-0e11-4fbb-a481-7f0e76f5fa64,134,4.466666666666667,left_elbow,0.5,0.5,0.0,540.0,960.0,0.5
4f3dc90e-0e11-4fbb-a481-7f0e76f5fa64,134,4.466666666666667,right_elbow,0.5,0.5,0.0,540.0,960.0,0.5
4f3dc90e-0e11-4fbb-a481-7f0e76f5fa64,134,4.466666666666667,left_wrist,0.5,0.5,0.0,540.0,960.0,0.5
4f3dc90e-0e11-4fbb-a481-7f0e76f5fa64,134,4.466666666666667,right_wrist,0.5,0.5,0.0,540.0,960.0,0.5
4f3dc90e-0e11-4fbb-a481-7f0e76f5fa64,134,4.466666666666667,left_hip,0.5,0.5,0.0,540.0,960.0,0.5
4f3dc90e-0e11-4fbb-a481-7f0e76f5fa64,134,4.466666666666667,right_hip,0.5,0.5,0.0,540.0,960.0,0.5
4f3dc90e-0e11-4fbb-a481-7f0e76f5fa64,134,4.466666666666667,left_knee,0.5,0.5,0.0,540.0,960.0,0.5
4f3dc90e-0e11-4fbb-a481-7f0e76f5fa64,134,4.466666666666667,right_knee,0.5,0.5,0.0,540.0,960.0,0.5
4f3dc90e-0e11-4fbb-a481-7f0e76f5fa64,134,4.466666666666667,left_ankle,0.5,0.5,0.0,540.0,960.0,0.5
4f3dc90e-0e11-4fbb-a481-7f0e76f5fa64,134,4.466666666666667,right_ankle,0.5,0.5,0.0,540.0,960.0,0.5
4f3dc90e-0e11-4fbb-a481-7f0e76f5fa64,134,4.466666666666667,left_heel,0.5,0.5,0.0,540.0,960.0,0.5
4f3dc90e-0e11-4fbb-a481-7f0e76f5fa64,134,4.466666666666667,right_heel,0.5,0.5,0.0,540.0,960.0,0.5
4f3dc90e-0e11-4fbb-a481-7f0e76f5fa64,134,4.466666666666667,left_foot_index,0.5,0.5,0.0,540.0,960.0,0.5
4f3dc90e-0e11-4fbb-a481-7f0e76f5fa64,134,4.466666666666667,right_foot_index,0.5,0.5,0.0,540.0,960.0,0.5
4f3dc90e-0e11-4fbb-a481-7f0e76f5fa64,135,4.5,nose,0.5,0.5,0.0,540.0,960.0,0.5
4f3dc90e-0e11-4fbb-a481-7f0e76f5fa64,135,4.5,left_shoulder,0.5,0.5,0.0,540.0,960.0,0.5
4f3dc90e-0e11-4fbb-a481-7f0e76f5fa64,135,4.5,right_shoulder,0.5,0.5,0.0,540.0,960.0,0.5
4f3dc90e-0e11-4fbb-a481-7f0e76f5fa64,135,4.5,left_elbow,0.5,0.5,0.0,540.0,960.0,0.5
4f3dc90e-0e11-4fbb-a481-7f0e76f5fa64,135,4.5,right_elbow,0.5,0.5,0.0,540.0,960.0,0.5
4f3dc90e-0e11-4fbb-a481-7f0e76f5fa64,135,4.5,left_wrist,0.5,0.5,0.0,540.0,960.0,0.5
4f3dc90e-0e11-4fbb-a481-7f0e76f5fa64,135,4.5,right_wrist,0.5,0.5,0.0,540.0,960.0,0.5
4f3dc90e-0e11-4fbb-a481-7f0e76f5fa64,135,4.5,left_hip,0.5,0.5,0.0,540.0,960.0,0.5
4f3dc90e-0e11-4fbb-a481-7f0e76f5fa64,135,4.5,right_hip,0.5,0.5,0.0,540.0,960.0,0.5
4f3dc90e-0e11-4fbb-a481-7f0e76f5fa64,135,4.5,left_knee,0.5,0.5,0.0,540.0,960.0,0.5
4f3dc90e-0e11-4fbb-a481-7f0e76f5fa64,135,4.5,right_knee,0.5,0.5,0.0,540.0,960.0,0.5
4f3dc90e-0e11-4fbb-a481-7f0e76f5fa64,135,4.5,left_ankle,0.5,0.5,0.0,540.0,960.0,0.5
4f3dc90e-0e11-4fbb-a481-7f0e76f5fa64,135,4.5,right_ankle,0.5,0.5,0.0,540.0,960.0,0.5
4f3dc90e-0e11-4fbb-a481-7f0e76f5fa64,135,4.5,left_heel,0.5,0.5,0.0,540.0,960.0,0.5
4f3dc90e-0e11-4fbb-a481-7f0e76f5fa64,135,4.5,right_heel,0.5,0.5,0.0,540.0,960.0,0.5
4f3dc90e-0e11-4fbb-a481-7f0e76f5fa64,135,4.5,left_foot_index,0.5,0.5,0.0,540.0,960.0,0.5
4f3dc90e-0e11-4fbb-a481-7f0e76f5fa64,135,4.5,right_foot_index,0.5,0.5,0.0,540.0,960.0,0.5
4f3dc90e-0e11-4fbb-a481-7f0e76f5fa64,136,4.533333333333333,nose,0.5,0.5,0.0,540.0,960.0,0.5
4f3dc90e-0e11-4fbb-a481-7f0e76f5fa64,136,4.533333333333333,left_shoulder,0.5,0.5,0.0,540.0,960.0,0.5
4f3dc90e-0e11-4fbb-a481-7f0e76f5fa64,136,4.533333333333333,right_shoulder,0.5,0.5,0.0,540.0,960.0,0.5
4f3dc90e-0e11-4fbb-a481-7f0e76f5fa64,136,4.533333333333333,left_elbow,0.5,0.5,0.0,540.0,960.0,0.5
4f3dc90e-0e11-4fbb-a481-7f0e76f5fa64,136,4.533333333333333,right_elbow,0.5,0.5,0.0,540.0,960.0,0.5
4f3dc90e-0e11-4fbb-a481-7f0e76f5fa64,136,4.533333333333333,left_wrist,0.5,0.5,0.0,540.0,960.0,0.5
4f3dc90e-0e11-4fbb-a481-7f0e76f5fa64,136,4.533333333333333,right_wrist,0.5,0.5,0.0,540.0,960.0,0.5
4f3dc90e-0e11-4fbb-a481-7f0e76f5fa64,136,4.533333333333333,left_hip,0.5,0.5,0.0,540.0,960.0,0.5
4f3dc90e-0e11-4fbb-a481-7f0e76f5fa64,136,4.533333333333333,right_hip,0.5,0.5,0.0,540.0,960.0,0.5
4f3dc90e-0e11-4fbb-a481-7f0e76f5fa64,136,4.533333333333333,left_knee,0.5,0.5,0.0,540.0,960.0,0.5
4f3dc90e-0e11-4fbb-a481-7f0e76f5fa64,136,4.533333333333333,right_knee,0.5,0.5,0.0,540.0,960.0,0.5
4f3dc90e-0e11-4fbb-a481-7f0e76f5fa64,136,4.533333333333333,left_ankle,0.5,0.5,0.0,540.0,960.0,0.5
4f3dc90e-0e11-4fbb-a481-7f0e76f5fa64,136,4.533333333333333,right_ankle,0.5,0.5,0.0,540.0,960.0,0.5
4f3dc90e-0e11-4fbb-a481-7f0e76f5fa64,136,4.533333333333333,left_heel,0.5,0.5,0.0,540.0,960.0,0.5
4f3dc90e-0e11-4fbb-a481-7f0e76f5fa64,136,4.533333333333333,right_heel,0.5,0.5,0.0,540.0,960.0,0.5
4f3dc90e-0e11-4fbb-a481-7f0e76f5fa64,136,4.533333333333333,left_foot_index,0.5,0.5,0.0,540.0,960.0,0.5
4f3dc90e-0e11-4fbb-a481-7f0e76f5fa64,136,4.533333333333333,right_foot_index,0.5,0.5,0.0,540.0,960.0,0.5
4f3dc90e-0e11-4fbb-a481-7f0e76f5fa64,137,4.566666666666666,nose,0.5,0.5,0.0,540.0,960.0,0.5
4f3dc90e-0e11-4fbb-a481-7f0e76f5fa64,137,4.566666666666666,left_shoulder,0.5,0.5,0.0,540.0,960.0,0.5
4f3dc90e-0e11-4fbb-a481-7f0e76f5fa64,137,4.566666666666666,right_shoulder,0.5,0.5,0.0,540.0,960.0,0.5
4f3dc90e-0e11-4fbb-a481-7f0e76f5fa64,137,4.566666666666666,left_elbow,0.5,0.5,0.0,540.0,960.0,0.5
4f3dc90e-0e11-4fbb-a481-7f0e76f5fa64,137,4.566666666666666,right_elbow,0.5,0.5,0.0,540.0,960.0,0.5
4f3dc90e-0e11-4fbb-a481-7f0e76f5fa64,137,4.566666666666666,left_wrist,0.5,0.5,0.0,540.0,960.0,0.5
4f3dc90e-0e11-4fbb-a481-7f0e76f5fa64,137,4.566666666666666,right_wrist,0.5,0.5,0.0,540.0,960.0,0.5
4f3dc90e-0e11-4fbb-a481-7f0e76f5fa64,137,4.566666666666666,left_hip,0.5,0.5,0.0,540.0,960.0,0.5
4f3dc90e-0e11-4fbb-a481-7f0e76f5fa64,137,4.566666666666666,right_hip,0.5,0.5,0.0,540.0,960.0,0.5
4f3dc90e-0e11-4fbb-a481-7f0e76f5fa64,137,4.566666666666666,left_knee,0.5,0.5,0.0,540.0,960.0,0.5
4f3dc90e-0e11-4fbb-a481-7f0e76f5fa64,137,4.566666666666666,right_knee,0.5,0.5,0.0,540.0,960.0,0.5
4f3dc90e-0e11-4fbb-a481-7f0e76f5fa64,137,4.566666666666666,left_ankle,0.5,0.5,0.0,540.0,960.0,0.5
4f3dc90e-0e11-4fbb-a481-7f0e76f5fa64,137,4.566666666666666,right_ankle,0.5,0.5,0.0,540.0,960.0,0.5
4f3dc90e-0e11-4fbb-a481-7f0e76f5fa64,137,4.566666666666666,left_heel,0.5,0.5,0.0,540.0,960.0,0.5
4f3dc90e-0e11-4fbb-a481-7f0e76f5fa64,137,4.566666666666666,right_heel,0.5,0.5,0.0,540.0,960.0,0.5
4f3dc90e-0e11-4fbb-a481-7f0e76f5fa64,137,4.566666666666666,left_foot_index,0.5,0.5,0.0,540.0,960.0,0.5
4f3dc90e-0e11-4fbb-a481-7f0e76f5fa64,137,4.566666666666666,right_foot_index,0.5,0.5,0.0,540.0,960.0,0.5
4f3dc90e-0e11-4fbb-a481-7f0e76f5fa64,138,4.6,nose,0.5,0.5,0.0,540.0,960.0,0.5
4f3dc90e-0e11-4fbb-a481-7f0e76f5fa64,138,4.6,left_shoulder,0.5,0.5,0.0,540.0,960.0,0.5
4f3dc90e-0e11-4fbb-a481-7f0e76f5fa64,138,4.6,right_shoulder,0.5,0.5,0.0,540.0,960.0,0.5
4f3dc90e-0e11-4fbb-a481-7f0e76f5fa64,138,4.6,left_elbow,0.5,0.5,0.0,540.0,960.0,0.5
4f3dc90e-0e11-4fbb-a481-7f0e76f5fa64,138,4.6,right_elbow,0.5,0.5,0.0,540.0,960.0,0.5
4f3dc90e-0e11-4fbb-a481-7f0e76f5fa64,138,4.6,left_wrist,0.5,0.5,0.0,540.0,960.0,0.5
4f3dc90e-0e11-4fbb-a481-7f0e76f5fa64,138,4.6,right_wrist,0.5,0.5,0.0,540.0,960.0,0.5
4f3dc90e-0e11-4fbb-a481-7f0e76f5fa64,138,4.6,left_hip,0.5,0.5,0.0,540.0,960.0,0.5
4f3dc90e-0e11-4fbb-a481-7f0e76f5fa64,138,4.6,right_hip,0.5,0.5,0.0,540.0,960.0,0.5
4f3dc90e-0e11-4fbb-a481-7f0e76f5fa64,138,4.6,left_knee,0.5,0.5,0.0,540.0,960.0,0.5
4f3dc90e-0e11-4fbb-a481-7f0e76f5fa64,138,4.6,right_knee,0.5,0.5,0.0,540.0,960.0,0.5
4f3dc90e-0e11-4fbb-a481-7f0e76f5fa64,138,4.6,left_ankle,0.5,0.5,0.0,540.0,960.0,0.5
4f3dc90e-0e11-4fbb-a481-7f0e76f5fa64,138,4.6,right_ankle,0.5,0.5,0.0,540.0,960.0,0.5
4f3dc90e-0e11-4fbb-a481-7f0e76f5fa64,138,4.6,left_heel,0.5,0.5,0.0,540.0,960.0,0.5
4f3dc90e-0e11-4fbb-a481-7f0e76f5fa64,138,4.6,right_heel,0.5,0.5,0.0,540.0,960.0,0.5
4f3dc90e-0e11-4fbb-a481-7f0e76f5fa64,138,4.6,left_foot_index,0.5,0.5,0.0,540.0,960.0,0.5
4f3dc90e-0e11-4fbb-a481-7f0e76f5fa64,138,4.6,right_foot_index,0.5,0.5,0.0,540.0,960.0,0.5
4f3dc90e-0e11-4fbb-a481-7f0e76f5fa64,139,4.633333333333334,nose,0.5,0.5,0.0,540.0,960.0,0.5
4f3dc90e-0e11-4fbb-a481-7f0e76f5fa64,139,4.633333333333334,left_shoulder,0.5,0.5,0.0,540.0,960.0,0.5
4f3dc90e-0e11-4fbb-a481-7f0e76f5fa64,139,4.633333333333334,right_shoulder,0.5,0.5,0.0,540.0,960.0,0.5
4f3dc90e-0e11-4fbb-a481-7f0e76f5fa64,139,4.633333333333334,left_elbow,0.5,0.5,0.0,540.0,960.0,0.5
4f3dc90e-0e11-4fbb-a481-7f0e76f5fa64,139,4.633333333333334,right_elbow,0.5,0.5,0.0,540.0,960.0,0.5
4f3dc90e-0e11-4fbb-a481-7f0e76f5fa64,139,4.633333333333334,left_wrist,0.5,0.5,0.0,540.0,960.0,0.5
4f3dc90e-0e11-4fbb-a481-7f0e76f5fa64,139,4.633333333333334,right_wrist,0.5,0.5,0.0,540.0,960.0,0.5
4f3dc90e-0e11-4fbb-a481-7f0e76f5fa64,139,4.633333333333334,left_hip,0.5,0.5,0.0,540.0,960.0,0.5
4f3dc90e-0e11-4fbb-a481-7f0e76f5fa64,139,4.633333333333334,right_hip,0.5,0.5,0.0,540.0,960.0,0.5
4f3dc90e-0e11-4fbb-a481-7f0e76f5fa64,139,4.633333333333334,left_knee,0.5,0.5,0.0,540.0,960.0,0.5
4f3dc90e-0e11-4fbb-a481-7f0e76f5fa64,139,4.633333333333334,right_knee,0.5,0.5,0.0,540.0,960.0,0.5
4f3dc90e-0e11-4fbb-a481-7f0e76f5fa64,139,4.633333333333334,left_ankle,0.5,0.5,0.0,540.0,960.0,0.5
4f3dc90e-0e11-4fbb-a481-7f0e76f5fa64,139,4.633333333333334,right_ankle,0.5,0.5,0.0,540.0,960.0,0.5
4f3dc90e-0e11-4fbb-a481-7f0e76f5fa64,139,4.633333333333334,left_heel,0.5,0.5,0.0,540.0,960.0,0.5
4f3dc90e-0e11-4fbb-a481-7f0e76f5fa64,139,4.633333333333334,right_heel,0.5,0.5,0.0,540.0,960.0,0.5
4f3dc90e-0e11-4fbb-a481-7f0e76f5fa64,139,4.633333333333334,left_foot_index,0.5,0.5,0.0,540.0,960.0,0.5
4f3dc90e-0e11-4fbb-a481-7f0e76f5fa64,139,4.633333333333334,right_foot_index,0.5,0.5,0.0,540.0,960.0,0.5
4f3dc90e-0e11-4fbb-a481-7f0e76f5fa64,140,4.666666666666667,nose,0.5,0.5,0.0,540.0,960.0,0.5
4f3dc90e-0e11-4fbb-a481-7f0e76f5fa64,140,4.666666666666667,left_shoulder,0.5,0.5,0.0,540.0,960.0,0.5
4f3dc90e-0e11-4fbb-a481-7f0e76f5fa64,140,4.666666666666667,right_shoulder,0.5,0.5,0.0,540.0,960.0,0.5
4f3dc90e-0e11-4fbb-a481-7f0e76f5fa64,140,4.666666666666667,left_elbow,0.5,0.5,0.0,540.0,960.0,0.5
4f3dc90e-0e11-4fbb-a481-7f0e76f5fa64,140,4.666666666666667,right_elbow,0.5,0.5,0.0,540.0,960.0,0.5
4f3dc90e-0e11-4fbb-a481-7f0e76f5fa64,140,4.666666666666667,left_wrist,0.5,0.5,0.0,540.0,960.0,0.5
4f3dc90e-0e11-4fbb-a481-7f0e76f5fa64,140,4.666666666666667,right_wrist,0.5,0.5,0.0,540.0,960.0,0.5
4f3dc90e-0e11-4fbb-a481-7f0e76f5fa64,140,4.666666666666667,left_hip,0.5,0.5,0.0,540.0,960.0,0.5
4f3dc90e-0e11-4fbb-a481-7f0e76f5fa64,140,4.666666666666667,right_hip,0.5,0.5,0.0,540.0,960.0,0.5
4f3dc90e-0e11-4fbb-a481-7f0e76f5fa64,140,4.666666666666667,left_knee,0.5,0.5,0.0,540.0,960.0,0.5
4f3dc90e-0e11-4fbb-a481-7f0e76f5fa64,140,4.666666666666667,right_knee,0.5,0.5,0.0,540.0,960.0,0.5
4f3dc90e-0e11-4fbb-a481-7f0e76f5fa64,140,4.666666666666667,left_ankle,0.5,0.5,0.0,540.0,960.0,0.5
4f3dc90e-0e11-4fbb-a481-7f0e76f5fa64,140,4.666666666666667,right_ankle,0.5,0.5,0.0,540.0,960.0,0.5
4f3dc90e-0e11-4fbb-a481-7f0e76f5fa64,140,4.666666666666667,left_heel,0.5,0.5,0.0,540.0,960.0,0.5
4f3dc90e-0e11-4fbb-a481-7f0e76f5fa64,140,4.666666666666667,right_heel,0.5,0.5,0.0,540.0,960.0,0.5
4f3dc90e-0e11-4fbb-a481-7f0e76f5fa64,140,4.666666666666667,left_foot_index,0.5,0.5,0.0,540.0,960.0,0.5
4f3dc90e-0e11-4fbb-a481-7f0e76f5fa64,140,4.666666666666667,right_foot_index,0.5,0.5,0.0,540.0,960.0,0.5
4f3dc90e-0e11-4fbb-a481-7f0e76f5fa64,141,4.7,nose,0.5,0.5,0.0,540.0,960.0,0.5
4f3dc90e-0e11-4fbb-a481-7f0e76f5fa64,141,4.7,left_shoulder,0.5,0.5,0.0,540.0,960.0,0.5
4f3dc90e-0e11-4fbb-a481-7f0e76f5fa64,141,4.7,right_shoulder,0.5,0.5,0.0,540.0,960.0,0.5
4f3dc90e-0e11-4fbb-a481-7f0e76f5fa64,141,4.7,left_elbow,0.5,0.5,0.0,540.0,960.0,0.5
4f3dc90e-0e11-4fbb-a481-7f0e76f5fa64,141,4.7,right_elbow,0.5,0.5,0.0,540.0,960.0,0.5
4f3dc90e-0e11-4fbb-a481-7f0e76f5fa64,141,4.7,left_wrist,0.5,0.5,0.0,540.0,960.0,0.5
4f3dc90e-0e11-4fbb-a481-7f0e76f5fa64,141,4.7,right_wrist,0.5,0.5,0.0,540.0,960.0,0.5
4f3dc90e-0e11-4fbb-a481-7f0e76f5fa64,141,4.7,left_hip,0.5,0.5,0.0,540.0,960.0,0.5
4f3dc90e-0e11-4fbb-a481-7f0e76f5fa64,141,4.7,right_hip,0.5,0.5,0.0,540.0,960.0,0.5
4f3dc90e-0e11-4fbb-a481-7f0e76f5fa64,141,4.7,left_knee,0.5,0.5,0.0,540.0,960.0,0.5
4f3dc90e-0e11-4fbb-a481-7f0e76f5fa64,141,4.7,right_knee,0.5,0.5,0.0,540.0,960.0,0.5
4f3dc90e-0e11-4fbb-a481-7f0e76f5fa64,141,4.7,left_ankle,0.5,0.5,0.0,540.0,960.0,0.5
4f3dc90e-0e11-4fbb-a481-7f0e76f5fa64,141,4.7,right_ankle,0.5,0.5,0.0,540.0,960.0,0.5
4f3dc90e-0e11-4fbb-a481-7f0e76f5fa64,141,4.7,left_heel,0.5,0.5,0.0,540.0,960.0,0.5
4f3dc90e-0e11-4fbb-a481-7f0e76f5fa64,141,4.7,right_heel,0.5,0.5,0.0,540.0,960.0,0.5
4f3dc90e-0e11-4fbb-a481-7f0e76f5fa64,141,4.7,left_foot_index,0.5,0.5,0.0,540.0,960.0,0.5
4f3dc90e-0e11-4fbb-a481-7f0e76f5fa64,141,4.7,right_foot_index,0.5,0.5,0.0,540.0,960.0,0.5
4f3dc90e-0e11-4fbb-a481-7f0e76f5fa64,142,4.733333333333333,nose,0.5,0.5,0.0,540.0,960.0,0.5
4f3dc90e-0e11-4fbb-a481-7f0e76f5fa64,142,4.733333333333333,left_shoulder,0.5,0.5,0.0,540.0,960.0,0.5
4f3dc90e-0e11-4fbb-a481-7f0e76f5fa64,142,4.733333333333333,right_shoulder,0.5,0.5,0.0,540.0,960.0,0.5
4f3dc90e-0e11-4fbb-a481-7f0e76f5fa64,142,4.733333333333333,left_elbow,0.5,0.5,0.0,540.0,960.0,0.5
4f3dc90e-0e11-4fbb-a481-7f0e76f5fa64,142,4.733333333333333,right_elbow,0.5,0.5,0.0,540.0,960.0,0.5
4f3dc90e-0e11-4fbb-a481-7f0e76f5fa64,142,4.733333333333333,left_wrist,0.5,0.5,0.0,540.0,960.0,0.5
4f3dc90e-0e11-4fbb-a481-7f0e76f5fa64,142,4.733333333333333,right_wrist,0.5,0.5,0.0,540.0,960.0,0.5
4f3dc90e-0e11-4fbb-a481-7f0e76f5fa64,142,4.733333333333333,left_hip,0.5,0.5,0.0,540.0,960.0,0.5
4f3dc90e-0e11-4fbb-a481-7f0e76f5fa64,142,4.733333333333333,right_hip,0.5,0.5,0.0,540.0,960.0,0.5
4f3dc90e-0e11-4fbb-a481-7f0e76f5fa64,142,4.733333333333333,left_knee,0.5,0.5,0.0,540.0,960.0,0.5
4f3dc90e-0e11-4fbb-a481-7f0e76f5fa64,142,4.733333333333333,right_knee,0.5,0.5,0.0,540.0,960.0,0.5
4f3dc90e-0e11-4fbb-a481-7f0e76f5fa64,142,4.733333333333333,left_ankle,0.5,0.5,0.0,540.0,960.0,0.5
4f3dc90e-0e11-4fbb-a481-7f0e76f5fa64,142,4.733333333333333,right_ankle,0.5,0.5,0.0,540.0,960.0,0.5
4f3dc90e-0e11-4fbb-a481-7f0e76f5fa64,142,4.733333333333333,left_heel,0.5,0.5,0.0,540.0,960.0,0.5
4f3dc90e-0e11-4fbb-a481-7f0e76f5fa64,142,4.733333333333333,right_heel,0.5,0.5,0.0,540.0,960.0,0.5
4f3dc90e-0e11-4fbb-a481-7f0e76f5fa64,142,4.733333333333333,left_foot_index,0.5,0.5,0.0,540.0,960.0,0.5
4f3dc90e-0e11-4fbb-a481-7f0e76f5fa64,142,4.733333333333333,right_foot_index,0.5,0.5,0.0,540.0,960.0,0.5
4f3dc90e-0e11-4fbb-a481-7f0e76f5fa64,143,4.766666666666667,nose,0.5,0.5,0.0,540.0,960.0,0.5
4f3dc90e-0e11-4fbb-a481-7f0e76f5fa64,143,4.766666666666667,left_shoulder,0.5,0.5,0.0,540.0,960.0,0.5
4f3dc90e-0e11-4fbb-a481-7f0e76f5fa64,143,4.766666666666667,right_shoulder,0.5,0.5,0.0,540.0,960.0,0.5
4f3dc90e-0e11-4fbb-a481-7f0e76f5fa64,143,4.766666666666667,left_elbow,0.5,0.5,0.0,540.0,960.0,0.5
4f3dc90e-0e11-4fbb-a481-7f0e76f5fa64,143,4.766666666666667,right_elbow,0.5,0.5,0.0,540.0,960.0,0.5
4f3dc90e-0e11-4fbb-a481-7f0e76f5fa64,143,4.766666666666667,left_wrist,0.5,0.5,0.0,540.0,960.0,0.5
4f3dc90e-0e11-4fbb-a481-7f0e76f5fa64,143,4.766666666666667,right_wrist,0.5,0.5,0.0,540.0,960.0,0.5
4f3dc90e-0e11-4fbb-a481-7f0e76f5fa64,143,4.766666666666667,left_hip,0.5,0.5,0.0,540.0,960.0,0.5
4f3dc90e-0e11-4fbb-a481-7f0e76f5fa64,143,4.766666666666667,right_hip,0.5,0.5,0.0,540.0,960.0,0.5
4f3dc90e-0e11-4fbb-a481-7f0e76f5fa64,143,4.766666666666667,left_knee,0.5,0.5,0.0,540.0,960.0,0.5
4f3dc90e-0e11-4fbb-a481-7f0e76f5fa64,143,4.766666666666667,right_knee,0.5,0.5,0.0,540.0,960.0,0.5
4f3dc90e-0e11-4fbb-a481-7f0e76f5fa64,143,4.766666666666667,left_ankle,0.5,0.5,0.0,540.0,960.0,0.5
4f3dc90e-0e11-4fbb-a481-7f0e76f5fa64,143,4.766666666666667,right_ankle,0.5,0.5,0.0,540.0,960.0,0.5
4f3dc90e-0e11-4fbb-a481-7f0e76f5fa64,143,4.766666666666667,left_heel,0.5,0.5,0.0,540.0,960.0,0.5
4f3dc90e-0e11-4fbb-a481-7f0e76f5fa64,143,4.766666666666667,right_heel,0.5,0.5,0.0,540.0,960.0,0.5
4f3dc90e-0e11-4fbb-a481-7f0e76f5fa64,143,4.766666666666667,left_foot_index,0.5,0.5,0.0,540.0,960.0,0.5
4f3dc90e-0e11-4fbb-a481-7f0e76f5fa64,143,4.766666666666667,right_foot_index,0.5,0.5,0.0,540.0,960.0,0.5
4f3dc90e-0e11-4fbb-a481-7f0e76f5fa64,144,4.8,nose,0.5,0.5,0.0,540.0,960.0,0.5
4f3dc90e-0e11-4fbb-a481-7f0e76f5fa64,144,4.8,left_shoulder,0.5,0.5,0.0,540.0,960.0,0.5
4f3dc90e-0e11-4fbb-a481-7f0e76f5fa64,144,4.8,right_shoulder,0.5,0.5,0.0,540.0,960.0,0.5
4f3dc90e-0e11-4fbb-a481-7f0e76f5fa64,144,4.8,left_elbow,0.5,0.5,0.0,540.0,960.0,0.5
4f3dc90e-0e11-4fbb-a481-7f0e76f5fa64,144,4.8,right_elbow,0.5,0.5,0.0,540.0,960.0,0.5
4f3dc90e-0e11-4fbb-a481-7f0e76f5fa64,144,4.8,left_wrist,0.5,0.5,0.0,540.0,960.0,0.5
4f3dc90e-0e11-4fbb-a481-7f0e76f5fa64,144,4.8,right_wrist,0.5,0.5,0.0,540.0,960.0,0.5
4f3dc90e-0e11-4fbb-a481-7f0e76f5fa64,144,4.8,left_hip,0.5,0.5,0.0,540.0,960.0,0.5
4f3dc90e-0e11-4fbb-a481-7f0e76f5fa64,144,4.8,right_hip,0.5,0.5,0.0,540.0,960.0,0.5
4f3dc90e-0e11-4fbb-a481-7f0e76f5fa64,144,4.8,left_knee,0.5,0.5,0.0,540.0,960.0,0.5
4f3dc90e-0e11-4fbb-a481-7f0e76f5fa64,144,4.8,right_knee,0.5,0.5,0.0,540.0,960.0,0.5
4f3dc90e-0e11-4fbb-a481-7f0e76f5fa64,144,4.8,left_ankle,0.5,0.5,0.0,540.0,960.0,0.5
4f3dc90e-0e11-4fbb-a481-7f0e76f5fa64,144,4.8,right_ankle,0.5,0.5,0.0,540.0,960.0,0.5
4f3dc90e-0e11-4fbb-a481-7f0e76f5fa64,144,4.8,left_heel,0.5,0.5,0.0,540.0,960.0,0.5
4f3dc90e-0e11-4fbb-a481-7f0e76f5fa64,144,4.8,right_heel,0.5,0.5,0.0,540.0,960.0,0.5
4f3dc90e-0e11-4fbb-a481-7f0e76f5fa64,144,4.8,left_foot_index,0.5,0.5,0.0,540.0,960.0,0.5
4f3dc90e-0e11-4fbb-a481-7f0e76f5fa64,144,4.8,right_foot_index,0.5,0.5,0.0,540.0,960.0,0.5
4f3dc90e-0e11-4fbb-a481-7f0e76f5fa64,145,4.833333333333333,nose,0.5,0.5,0.0,540.0,960.0,0.5
4f3dc90e-0e11-4fbb-a481-7f0e76f5fa64,145,4.833333333333333,left_shoulder,0.5,0.5,0.0,540.0,960.0,0.5
4f3dc90e-0e11-4fbb-a481-7f0e76f5fa64,145,4.833333333333333,right_shoulder,0.5,0.5,0.0,540.0,960.0,0.5
4f3dc90e-0e11-4fbb-a481-7f0e76f5fa64,145,4.833333333333333,left_elbow,0.5,0.5,0.0,540.0,960.0,0.5
4f3dc90e-0e11-4fbb-a481-7f0e76f5fa64,145,4.833333333333333,right_elbow,0.5,0.5,0.0,540.0,960.0,0.5
4f3dc90e-0e11-4fbb-a481-7f0e76f5fa64,145,4.833333333333333,left_wrist,0.5,0.5,0.0,540.0,960.0,0.5
4f3dc90e-0e11-4fbb-a481-7f0e76f5fa64,145,4.833333333333333,right_wrist,0.5,0.5,0.0,540.0,960.0,0.5
4f3dc90e-0e11-4fbb-a481-7f0e76f5fa64,145,4.833333333333333,left_hip,0.5,0.5,0.0,540.0,960.0,0.5
4f3dc90e-0e11-4fbb-a481-7f0e76f5fa64,145,4.833333333333333,right_hip,0.5,0.5,0.0,540.0,960.0,0.5
4f3dc90e-0e11-4fbb-a481-7f0e76f5fa64,145,4.833333333333333,left_knee,0.5,0.5,0.0,540.0,960.0,0.5
4f3dc90e-0e11-4fbb-a481-7f0e76f5fa64,145,4.833333333333333,right_knee,0.5,0.5,0.0,540.0,960.0,0.5
4f3dc90e-0e11-4fbb-a481-7f0e76f5fa64,145,4.833333333333333,left_ankle,0.5,0.5,0.0,540.0,960.0,0.5
4f3dc90e-0e11-4fbb-a481-7f0e76f5fa64,145,4.833333333333333,right_ankle,0.5,0.5,0.0,540.0,960.0,0.5
4f3dc90e-0e11-4fbb-a481-7f0e76f5fa64,145,4.833333333333333,left_heel,0.5,0.5,0.0,540.0,960.0,0.5
4f3dc90e-0e11-4fbb-a481-7f0e76f5fa64,145,4.833333333333333,right_heel,0.5,0.5,0.0,540.0,960.0,0.5
4f3dc90e-0e11-4fbb-a481-7f0e76f5fa64,145,4.833333333333333,left_foot_index,0.5,0.5,0.0,540.0,960.0,0.5
4f3dc90e-0e11-4fbb-a481-7f0e76f5fa64,145,4.833333333333333,right_foot_index,0.5,0.5,0.0,540.0,960.0,0.5
4f3dc90e-0e11-4fbb-a481-7f0e76f5fa64,146,4.866666666666666,nose,0.5,0.5,0.0,540.0,960.0,0.5
4f3dc90e-0e11-4fbb-a481-7f0e76f5fa64,146,4.866666666666666,left_shoulder,0.5,0.5,0.0,540.0,960.0,0.5
4f3dc90e-0e11-4fbb-a481-7f0e76f5fa64,146,4.866666666666666,right_shoulder,0.5,0.5,0.0,540.0,960.0,0.5
4f3dc90e-0e11-4fbb-a481-7f0e76f5fa64,146,4.866666666666666,left_elbow,0.5,0.5,0.0,540.0,960.0,0.5
4f3dc90e-0e11-4fbb-a481-7f0e76f5fa64,146,4.866666666666666,right_elbow,0.5,0.5,0.0,540.0,960.0,0.5
4f3dc90e-0e11-4fbb-a481-7f0e76f5fa64,146,4.866666666666666,left_wrist,0.5,0.5,0.0,540.0,960.0,0.5
4f3dc90e-0e11-4fbb-a481-7f0e76f5fa64,146,4.866666666666666,right_wrist,0.5,0.5,0.0,540.0,960.0,0.5
4f3dc90e-0e11-4fbb-a481-7f0e76f5fa64,146,4.866666666666666,left_hip,0.5,0.5,0.0,540.0,960.0,0.5
4f3dc90e-0e11-4fbb-a481-7f0e76f5fa64,146,4.866666666666666,right_hip,0.5,0.5,0.0,540.0,960.0,0.5
4f3dc90e-0e11-4fbb-a481-7f0e76f5fa64,146,4.866666666666666,left_knee,0.5,0.5,0.0,540.0,960.0,0.5
4f3dc90e-0e11-4fbb-a481-7f0e76f5fa64,146,4.866666666666666,right_knee,0.5,0.5,0.0,540.0,960.0,0.5
4f3dc90e-0e11-4fbb-a481-7f0e76f5fa64,146,4.866666666666666,left_ankle,0.5,0.5,0.0,540.0,960.0,0.5
4f3dc90e-0e11-4fbb-a481-7f0e76f5fa64,146,4.866666666666666,right_ankle,0.5,0.5,0.0,540.0,960.0,0.5
4f3dc90e-0e11-4fbb-a481-7f0e76f5fa64,146,4.866666666666666,left_heel,0.5,0.5,0.0,540.0,960.0,0.5
4f3dc90e-0e11-4fbb-a481-7f0e76f5fa64,146,4.866666666666666,right_heel,0.5,0.5,0.0,540.0,960.0,0.5
4f3dc90e-0e11-4fbb-a481-7f0e76f5fa64,146,4.866666666666666,left_foot_index,0.5,0.5,0.0,540.0,960.0,0.5
4f3dc90e-0e11-4fbb-a481-7f0e76f5fa64,146,4.866666666666666,right_foot_index,0.5,0.5,0.0,540.0,960.0,0.5
4f3dc90e-0e11-4fbb-a481-7f0e76f5fa64,147,4.9,nose,0.5,0.5,0.0,540.0,960.0,0.5
4f3dc90e-0e11-4fbb-a481-7f0e76f5fa64,147,4.9,left_shoulder,0.5,0.5,0.0,540.0,960.0,0.5
4f3dc90e-0e11-4fbb-a481-7f0e76f5fa64,147,4.9,right_shoulder,0.5,0.5,0.0,540.0,960.0,0.5
4f3dc90e-0e11-4fbb-a481-7f0e76f5fa64,147,4.9,left_elbow,0.5,0.5,0.0,540.0,960.0,0.5
4f3dc90e-0e11-4fbb-a481-7f0e76f5fa64,147,4.9,right_elbow,0.5,0.5,0.0,540.0,960.0,0.5
4f3dc90e-0e11-4fbb-a481-7f0e76f5fa64,147,4.9,left_wrist,0.5,0.5,0.0,540.0,960.0,0.5
4f3dc90e-0e11-4fbb-a481-7f0e76f5fa64,147,4.9,right_wrist,0.5,0.5,0.0,540.0,960.0,0.5
4f3dc90e-0e11-4fbb-a481-7f0e76f5fa64,147,4.9,left_hip,0.5,0.5,0.0,540.0,960.0,0.5
4f3dc90e-0e11-4fbb-a481-7f0e76f5fa64,147,4.9,right_hip,0.5,0.5,0.0,540.0,960.0,0.5
4f3dc90e-0e11-4fbb-a481-7f0e76f5fa64,147,4.9,left_knee,0.5,0.5,0.0,540.0,960.0,0.5
4f3dc90e-0e11-4fbb-a481-7f0e76f5fa64,147,4.9,right_knee,0.5,0.5,0.0,540.0,960.0,0.5
4f3dc90e-0e11-4fbb-a481-7f0e76f5fa64,147,4.9,left_ankle,0.5,0.5,0.0,540.0,960.0,0.5
4f3dc90e-0e11-4fbb-a481-7f0e76f5fa64,147,4.9,right_ankle,0.5,0.5,0.0,540.0,960.0,0.5
4f3dc90e-0e11-4fbb-a481-7f0e76f5fa64,147,4.9,left_heel,0.5,0.5,0.0,540.0,960.0,0.5
4f3dc90e-0e11-4fbb-a481-7f0e76f5fa64,147,4.9,right_heel,0.5,0.5,0.0,540.0,960.0,0.5
4f3dc90e-0e11-4fbb-a481-7f0e76f5fa64,147,4.9,left_foot_index,0.5,0.5,0.0,540.0,960.0,0.5
4f3dc90e-0e11-4fbb-a481-7f0e76f5fa64,147,4.9,right_foot_index,0.5,0.5,0.0,540.0,960.0,0.5
4f3dc90e-0e11-4fbb-a481-7f0e76f5fa64,148,4.933333333333334,nose,0.5,0.5,0.0,540.0,960.0,0.5
4f3dc90e-0e11-4fbb-a481-7f0e76f5fa64,148,4.933333333333334,left_shoulder,0.5,0.5,0.0,540.0,960.0,0.5
4f3dc90e-0e11-4fbb-a481-7f0e76f5fa64,148,4.933333333333334,right_shoulder,0.5,0.5,0.0,540.0,960.0,0.5
4f3dc90e-0e11-4fbb-a481-7f0e76f5fa64,148,4.933333333333334,left_elbow,0.5,0.5,0.0,540.0,960.0,0.5
4f3dc90e-0e11-4fbb-a481-7f0e76f5fa64,148,4.933333333333334,right_elbow,0.5,0.5,0.0,540.0,960.0,0.5
4f3dc90e-0e11-4fbb-a481-7f0e76f5fa64,148,4.933333333333334,left_wrist,0.5,0.5,0.0,540.0,960.0,0.5
4f3dc90e-0e11-4fbb-a481-7f0e76f5fa64,148,4.933333333333334,right_wrist,0.5,0.5,0.0,540.0,960.0,0.5
4f3dc90e-0e11-4fbb-a481-7f0e76f5fa64,148,4.933333333333334,left_hip,0.5,0.5,0.0,540.0,960.0,0.5
4f3dc90e-0e11-4fbb-a481-7f0e76f5fa64,148,4.933333333333334,right_hip,0.5,0.5,0.0,540.0,960.0,0.5
4f3dc90e-0e11-4fbb-a481-7f0e76f5fa64,148,4.933333333333334,left_knee,0.5,0.5,0.0,540.0,960.0,0.5
4f3dc90e-0e11-4fbb-a481-7f0e76f5fa64,148,4.933333333333334,right_knee,0.5,0.5,0.0,540.0,960.0,0.5
4f3dc90e-0e11-4fbb-a481-7f0e76f5fa64,148,4.933333333333334,left_ankle,0.5,0.5,0.0,540.0,960.0,0.5
4f3dc90e-0e11-4fbb-a481-7f0e76f5fa64,148,4.933333333333334,right_ankle,0.5,0.5,0.0,540.0,960.0,0.5
4f3dc90e-0e11-4fbb-a481-7f0e76f5fa64,148,4.933333333333334,left_heel,0.5,0.5,0.0,540.0,960.0,0.5
4f3dc90e-0e11-4fbb-a481-7f0e76f5fa64,148,4.933333333333334,right_heel,0.5,0.5,0.0,540.0,960.0,0.5
4f3dc90e-0e11-4fbb-a481-7f0e76f5fa64,148,4.933333333333334,left_foot_index,0.5,0.5,0.0,540.0,960.0,0.5
4f3dc90e-0e11-4fbb-a481-7f0e76f5fa64,148,4.933333333333334,right_foot_index,0.5,0.5,0.0,540.0,960.0,0.5
4f3dc90e-0e11-4fbb-a481-7f0e76f5fa64,149,4.966666666666667,nose,0.5,0.5,0.0,540.0,960.0,0.5
4f3dc90e-0e11-4fbb-a481-7f0e76f5fa64,149,4.966666666666667,left_shoulder,0.5,0.5,0.0,540.0,960.0,0.5
4f3dc90e-0e11-4fbb-a481-7f0e76f5fa64,149,4.966666666666667,right_shoulder,0.5,0.5,0.0,540.0,960.0,0.5
4f3dc90e-0e11-4fbb-a481-7f0e76f5fa64,149,4.966666666666667,left_elbow,0.5,0.5,0.0,540.0,960.0,0.5
4f3dc90e-0e11-4fbb-a481-7f0e76f5fa64,149,4.966666666666667,right_elbow,0.5,0.5,0.0,540.0,960.0,0.5
4f3dc90e-0e11-4fbb-a481-7f0e76f5fa64,149,4.966666666666667,left_wrist,0.5,0.5,0.0,540.0,960.0,0.5
4f3dc90e-0e11-4fbb-a481-7f0e76f5fa64,149,4.966666666666667,right_wrist,0.5,0.5,0.0,540.0,960.0,0.5
4f3dc90e-0e11-4fbb-a481-7f0e76f5fa64,149,4.966666666666667,left_hip,0.5,0.5,0.0,540.0,960.0,0.5
4f3dc90e-0e11-4fbb-a481-7f0e76f5fa64,149,4.966666666666667,right_hip,0.5,0.5,0.0,540.0,960.0,0.5
4f3dc90e-0e11-4fbb-a481-7f0e76f5fa64,149,4.966666666666667,left_knee,0.5,0.5,0.0,540.0,960.0,0.5
4f3dc90e-0e11-4fbb-a481-7f0e76f5fa64,149,4.966666666666667,right_knee,0.5,0.5,0.0,540.0,960.0,0.5
4f3dc90e-0e11-4fbb-a481-7f0e76f5fa64,149,4.966666666666667,left_ankle,0.5,0.5,0.0,540.0,960.0,0.5
4f3dc90e-0e11-4fbb-a481-7f0e76f5fa64,149,4.966666666666667,right_ankle,0.5,0.5,0.0,540.0,960.0,0.5
4f3dc90e-0e11-4fbb-a481-7f0e76f5fa64,149,4.966666666666667,left_heel,0.5,0.5,0.0,540.0,960.0,0.5
4f3dc90e-0e11-4fbb-a481-7f0e76f5fa64,149,4.966666666666667,right_heel,0.5,0.5,0.0,540.0,960.0,0.5
4f3dc90e-0e11-4fbb-a481-7f0e76f5fa64,149,4.966666666666667,left_foot_index,0.5,0.5,0.0,540.0,960.0,0.5
4f3dc90e-0e11-4fbb-a481-7f0e76f5fa64,149,4.966666666666667,right_foot_index,0.5,0.5,0.0,540.0,960.0,0.5
4f3dc90e-0e11-4fbb-a481-7f0e76f5fa64,150,5.0,nose,0.5,0.5,0.0,540.0,960.0,0.5
4f3dc90e-0e11-4fbb-a481-7f0e76f5fa64,150,5.0,left_shoulder,0.5,0.5,0.0,540.0,960.0,0.5
4f3dc90e-0e11-4fbb-a481-7f0e76f5fa64,150,5.0,right_shoulder,0.5,0.5,0.0,540.0,960.0,0.5
4f3dc90e-0e11-4fbb-a481-7f0e76f5fa64,150,5.0,left_elbow,0.5,0.5,0.0,540.0,960.0,0.5
4f3dc90e-0e11-4fbb-a481-7f0e76f5fa64,150,5.0,right_elbow,0.5,0.5,0.0,540.0,960.0,0.5
4f3dc90e-0e11-4fbb-a481-7f0e76f5fa64,150,5.0,left_wrist,0.5,0.5,0.0,540.0,960.0,0.5
4f3dc90e-0e11-4fbb-a481-7f0e76f5fa64,150,5.0,right_wrist,0.5,0.5,0.0,540.0,960.0,0.5
4f3dc90e-0e11-4fbb-a481-7f0e76f5fa64,150,5.0,left_hip,0.5,0.5,0.0,540.0,960.0,0.5
4f3dc90e-0e11-4fbb-a481-7f0e76f5fa64,150,5.0,right_hip,0.5,0.5,0.0,540.0,960.0,0.5
4f3dc90e-0e11-4fbb-a481-7f0e76f5fa64,150,5.0,left_knee,0.5,0.5,0.0,540.0,960.0,0.5
4f3dc90e-0e11-4fbb-a481-7f0e76f5fa64,150,5.0,right_knee,0.5,0.5,0.0,540.0,960.0,0.5
4f3dc90e-0e11-4fbb-a481-7f0e76f5fa64,150,5.0,left_ankle,0.5,0.5,0.0,540.0,960.0,0.5
4f3dc90e-0e11-4fbb-a481-7f0e76f5fa64,150,5.0,right_ankle,0.5,0.5,0.0,540.0,960.0,0.5
4f3dc90e-0e11-4fbb-a481-7f0e76f5fa64,150,5.0,left_heel,0.5,0.5,0.0,540.0,960.0,0.5
4f3dc90e-0e11-4fbb-a481-7f0e76f5fa64,150,5.0,right_heel,0.5,0.5,0.0,540.0,960.0,0.5
4f3dc90e-0e11-4fbb-a481-7f0e76f5fa64,150,5.0,left_foot_index,0.5,0.5,0.0,540.0,960.0,0.5
4f3dc90e-0e11-4fbb-a481-7f0e76f5fa64,150,5.0,right_foot_index,0.5,0.5,0.0,540.0,960.0,0.5
4f3dc90e-0e11-4fbb-a481-7f0e76f5fa64,151,5.033333333333333,nose,0.5,0.5,0.0,540.0,960.0,0.5
4f3dc90e-0e11-4fbb-a481-7f0e76f5fa64,151,5.033333333333333,left_shoulder,0.5,0.5,0.0,540.0,960.0,0.5
4f3dc90e-0e11-4fbb-a481-7f0e76f5fa64,151,5.033333333333333,right_shoulder,0.5,0.5,0.0,540.0,960.0,0.5
4f3dc90e-0e11-4fbb-a481-7f0e76f5fa64,151,5.033333333333333,left_elbow,0.5,0.5,0.0,540.0,960.0,0.5
4f3dc90e-0e11-4fbb-a481-7f0e76f5fa64,151,5.033333333333333,right_elbow,0.5,0.5,0.0,540.0,960.0,0.5
4f3dc90e-0e11-4fbb-a481-7f0e76f5fa64,151,5.033333333333333,left_wrist,0.5,0.5,0.0,540.0,960.0,0.5
4f3dc90e-0e11-4fbb-a481-7f0e76f5fa64,151,5.033333333333333,right_wrist,0.5,0.5,0.0,540.0,960.0,0.5
4f3dc90e-0e11-4fbb-a481-7f0e76f5fa64,151,5.033333333333333,left_hip,0.5,0.5,0.0,540.0,960.0,0.5
4f3dc90e-0e11-4fbb-a481-7f0e76f5fa64,151,5.033333333333333,right_hip,0.5,0.5,0.0,540.0,960.0,0.5
4f3dc90e-0e11-4fbb-a481-7f0e76f5fa64,151,5.033333333333333,left_knee,0.5,0.5,0.0,540.0,960.0,0.5
4f3dc90e-0e11-4fbb-a481-7f0e76f5fa64,151,5.033333333333333,right_knee,0.5,0.5,0.0,540.0,960.0,0.5
4f3dc90e-0e11-4fbb-a481-7f0e76f5fa64,151,5.033333333333333,left_ankle,0.5,0.5,0.0,540.0,960.0,0.5
4f3dc90e-0e11-4fbb-a481-7f0e76f5fa64,151,5.033333333333333,right_ankle,0.5,0.5,0.0,540.0,960.0,0.5
4f3dc90e-0e11-4fbb-a481-7f0e76f5fa64,151,5.033333333333333,left_heel,0.5,0.5,0.0,540.0,960.0,0.5
4f3dc90e-0e11-4fbb-a481-7f0e76f5fa64,151,5.033333333333333,right_heel,0.5,0.5,0.0,540.0,960.0,0.5
4f3dc90e-0e11-4fbb-a481-7f0e76f5fa64,151,5.033333333333333,left_foot_index,0.5,0.5,0.0,540.0,960.0,0.5
4f3dc90e-0e11-4fbb-a481-7f0e76f5fa64,151,5.033333333333333,right_foot_index,0.5,0.5,0.0,540.0,960.0,0.5
4f3dc90e-0e11-4fbb-a481-7f0e76f5fa64,152,5.066666666666666,nose,0.5,0.5,0.0,540.0,960.0,0.5
4f3dc90e-0e11-4fbb-a481-7f0e76f5fa64,152,5.066666666666666,left_shoulder,0.5,0.5,0.0,540.0,960.0,0.5
4f3dc90e-0e11-4fbb-a481-7f0e76f5fa64,152,5.066666666666666,right_shoulder,0.5,0.5,0.0,540.0,960.0,0.5
4f3dc90e-0e11-4fbb-a481-7f0e76f5fa64,152,5.066666666666666,left_elbow,0.5,0.5,0.0,540.0,960.0,0.5
4f3dc90e-0e11-4fbb-a481-7f0e76f5fa64,152,5.066666666666666,right_elbow,0.5,0.5,0.0,540.0,960.0,0.5
4f3dc90e-0e11-4fbb-a481-7f0e76f5fa64,152,5.066666666666666,left_wrist,0.5,0.5,0.0,540.0,960.0,0.5
4f3dc90e-0e11-4fbb-a481-7f0e76f5fa64,152,5.066666666666666,right_wrist,0.5,0.5,0.0,540.0,960.0,0.5
4f3dc90e-0e11-4fbb-a481-7f0e76f5fa64,152,5.066666666666666,left_hip,0.5,0.5,0.0,540.0,960.0,0.5
4f3dc90e-0e11-4fbb-a481-7f0e76f5fa64,152,5.066666666666666,right_hip,0.5,0.5,0.0,540.0,960.0,0.5
4f3dc90e-0e11-4fbb-a481-7f0e76f5fa64,152,5.066666666666666,left_knee,0.5,0.5,0.0,540.0,960.0,0.5
4f3dc90e-0e11-4fbb-a481-7f0e76f5fa64,152,5.066666666666666,right_knee,0.5,0.5,0.0,540.0,960.0,0.5
4f3dc90e-0e11-4fbb-a481-7f0e76f5fa64,152,5.066666666666666,left_ankle,0.5,0.5,0.0,540.0,960.0,0.5
4f3dc90e-0e11-4fbb-a481-7f0e76f5fa64,152,5.066666666666666,right_ankle,0.5,0.5,0.0,540.0,960.0,0.5
4f3dc90e-0e11-4fbb-a481-7f0e76f5fa64,152,5.066666666666666,left_heel,0.5,0.5,0.0,540.0,960.0,0.5
4f3dc90e-0e11-4fbb-a481-7f0e76f5fa64,152,5.066666666666666,right_heel,0.5,0.5,0.0,540.0,960.0,0.5
4f3dc90e-0e11-4fbb-a481-7f0e76f5fa64,152,5.066666666666666,left_foot_index,0.5,0.5,0.0,540.0,960.0,0.5
4f3dc90e-0e11-4fbb-a481-7f0e76f5fa64,152,5.066666666666666,right_foot_index,0.5,0.5,0.0,540.0,960.0,0.5
4f3dc90e-0e11-4fbb-a481-7f0e76f5fa64,153,5.1,nose,0.5,0.5,0.0,540.0,960.0,0.5
4f3dc90e-0e11-4fbb-a481-7f0e76f5fa64,153,5.1,left_shoulder,0.5,0.5,0.0,540.0,960.0,0.5
4f3dc90e-0e11-4fbb-a481-7f0e76f5fa64,153,5.1,right_shoulder,0.5,0.5,0.0,540.0,960.0,0.5
4f3dc90e-0e11-4fbb-a481-7f0e76f5fa64,153,5.1,left_elbow,0.5,0.5,0.0,540.0,960.0,0.5
4f3dc90e-0e11-4fbb-a481-7f0e76f5fa64,153,5.1,right_elbow,0.5,0.5,0.0,540.0,960.0,0.5
4f3dc90e-0e11-4fbb-a481-7f0e76f5fa64,153,5.1,left_wrist,0.5,0.5,0.0,540.0,960.0,0.5
4f3dc90e-0e11-4fbb-a481-7f0e76f5fa64,153,5.1,right_wrist,0.5,0.5,0.0,540.0,960.0,0.5
4f3dc90e-0e11-4fbb-a481-7f0e76f5fa64,153,5.1,left_hip,0.5,0.5,0.0,540.0,960.0,0.5
4f3dc90e-0e11-4fbb-a481-7f0e76f5fa64,153,5.1,right_hip,0.5,0.5,0.0,540.0,960.0,0.5
4f3dc90e-0e11-4fbb-a481-7f0e76f5fa64,153,5.1,left_knee,0.5,0.5,0.0,540.0,960.0,0.5
4f3dc90e-0e11-4fbb-a481-7f0e76f5fa64,153,5.1,right_knee,0.5,0.5,0.0,540.0,960.0,0.5
4f3dc90e-0e11-4fbb-a481-7f0e76f5fa64,153,5.1,left_ankle,0.5,0.5,0.0,540.0,960.0,0.5
4f3dc90e-0e11-4fbb-a481-7f0e76f5fa64,153,5.1,right_ankle,0.5,0.5,0.0,540.0,960.0,0.5
4f3dc90e-0e11-4fbb-a481-7f0e76f5fa64,153,5.1,left_heel,0.5,0.5,0.0,540.0,960.0,0.5
4f3dc90e-0e11-4fbb-a481-7f0e76f5fa64,153,5.1,right_heel,0.5,0.5,0.0,540.0,960.0,0.5
4f3dc90e-0e11-4fbb-a481-7f0e76f5fa64,153,5.1,left_foot_index,0.5,0.5,0.0,540.0,960.0,0.5
4f3dc90e-0e11-4fbb-a481-7f0e76f5fa64,153,5.1,right_foot_index,0.5,0.5,0.0,540.0,960.0,0.5
4f3dc90e-0e11-4fbb-a481-7f0e76f5fa64,154,5.133333333333334,nose,0.5,0.5,0.0,540.0,960.0,0.5
4f3dc90e-0e11-4fbb-a481-7f0e76f5fa64,154,5.133333333333334,left_shoulder,0.5,0.5,0.0,540.0,960.0,0.5
4f3dc90e-0e11-4fbb-a481-7f0e76f5fa64,154,5.133333333333334,right_shoulder,0.5,0.5,0.0,540.0,960.0,0.5
4f3dc90e-0e11-4fbb-a481-7f0e76f5fa64,154,5.133333333333334,left_elbow,0.5,0.5,0.0,540.0,960.0,0.5
4f3dc90e-0e11-4fbb-a481-7f0e76f5fa64,154,5.133333333333334,right_elbow,0.5,0.5,0.0,540.0,960.0,0.5
4f3dc90e-0e11-4fbb-a481-7f0e76f5fa64,154,5.133333333333334,left_wrist,0.5,0.5,0.0,540.0,960.0,0.5
4f3dc90e-0e11-4fbb-a481-7f0e76f5fa64,154,5.133333333333334,right_wrist,0.5,0.5,0.0,540.0,960.0,0.5
4f3dc90e-0e11-4fbb-a481-7f0e76f5fa64,154,5.133333333333334,left_hip,0.5,0.5,0.0,540.0,960.0,0.5
4f3dc90e-0e11-4fbb-a481-7f0e76f5fa64,154,5.133333333333334,right_hip,0.5,0.5,0.0,540.0,960.0,0.5
4f3dc90e-0e11-4fbb-a481-7f0e76f5fa64,154,5.133333333333334,left_knee,0.5,0.5,0.0,540.0,960.0,0.5
4f3dc90e-0e11-4fbb-a481-7f0e76f5fa64,154,5.133333333333334,right_knee,0.5,0.5,0.0,540.0,960.0,0.5
4f3dc90e-0e11-4fbb-a481-7f0e76f5fa64,154,5.133333333333334,left_ankle,0.5,0.5,0.0,540.0,960.0,0.5
4f3dc90e-0e11-4fbb-a481-7f0e76f5fa64,154,5.133333333333334,right_ankle,0.5,0.5,0.0,540.0,960.0,0.5
4f3dc90e-0e11-4fbb-a481-7f0e76f5fa64,154,5.133333333333334,left_heel,0.5,0.5,0.0,540.0,960.0,0.5
4f3dc90e-0e11-4fbb-a481-7f0e76f5fa64,154,5.133333333333334,right_heel,0.5,0.5,0.0,540.0,960.0,0.5
4f3dc90e-0e11-4fbb-a481-7f0e76f5fa64,154,5.133333333333334,left_foot_index,0.5,0.5,0.0,540.0,960.0,0.5
4f3dc90e-0e11-4fbb-a481-7f0e76f5fa64,154,5.133333333333334,right_foot_index,0.5,0.5,0.0,540.0,960.0,0.5
4f3dc90e-0e11-4fbb-a481-7f0e76f5fa64,155,5.166666666666667,nose,0.5,0.5,0.0,540.0,960.0,0.5
4f3dc90e-0e11-4fbb-a481-7f0e76f5fa64,155,5.166666666666667,left_shoulder,0.5,0.5,0.0,540.0,960.0,0.5
4f3dc90e-0e11-4fbb-a481-7f0e76f5fa64,155,5.166666666666667,right_shoulder,0.5,0.5,0.0,540.0,960.0,0.5
4f3dc90e-0e11-4fbb-a481-7f0e76f5fa64,155,5.166666666666667,left_elbow,0.5,0.5,0.0,540.0,960.0,0.5
4f3dc90e-0e11-4fbb-a481-7f0e76f5fa64,155,5.166666666666667,right_elbow,0.5,0.5,0.0,540.0,960.0,0.5
4f3dc90e-0e11-4fbb-a481-7f0e76f5fa64,155,5.166666666666667,left_wrist,0.5,0.5,0.0,540.0,960.0,0.5
4f3dc90e-0e11-4fbb-a481-7f0e76f5fa64,155,5.166666666666667,right_wrist,0.5,0.5,0.0,540.0,960.0,0.5
4f3dc90e-0e11-4fbb-a481-7f0e76f5fa64,155,5.166666666666667,left_hip,0.5,0.5,0.0,540.0,960.0,0.5
4f3dc90e-0e11-4fbb-a481-7f0e76f5fa64,155,5.166666666666667,right_hip,0.5,0.5,0.0,540.0,960.0,0.5
4f3dc90e-0e11-4fbb-a481-7f0e76f5fa64,155,5.166666666666667,left_knee,0.5,0.5,0.0,540.0,960.0,0.5
4f3dc90e-0e11-4fbb-a481-7f0e76f5fa64,155,5.166666666666667,right_knee,0.5,0.5,0.0,540.0,960.0,0.5
4f3dc90e-0e11-4fbb-a481-7f0e76f5fa64,155,5.166666666666667,left_ankle,0.5,0.5,0.0,540.0,960.0,0.5
4f3dc90e-0e11-4fbb-a481-7f0e76f5fa64,155,5.166666666666667,right_ankle,0.5,0.5,0.0,540.0,960.0,0.5
4f3dc90e-0e11-4fbb-a481-7f0e76f5fa64,155,5.166666666666667,left_heel,0.5,0.5,0.0,540.0,960.0,0.5
4f3dc90e-0e11-4fbb-a481-7f0e76f5fa64,155,5.166666666666667,right_heel,0.5,0.5,0.0,540.0,960.0,0.5
4f3dc90e-0e11-4fbb-a481-7f0e76f5fa64,155,5.166666666666667,left_foot_index,0.5,0.5,0.0,540.0,960.0,0.5
4f3dc90e-0e11-4fbb-a481-7f0e76f5fa64,155,5.166666666666667,right_foot_index,0.5,0.5,0.0,540.0,960.0,0.5
4f3dc90e-0e11-4fbb-a481-7f0e76f5fa64,156,5.2,nose,0.5,0.5,0.0,540.0,960.0,0.5
4f3dc90e-0e11-4fbb-a481-7f0e76f5fa64,156,5.2,left_shoulder,0.5,0.5,0.0,540.0,960.0,0.5
4f3dc90e-0e11-4fbb-a481-7f0e76f5fa64,156,5.2,right_shoulder,0.5,0.5,0.0,540.0,960.0,0.5
4f3dc90e-0e11-4fbb-a481-7f0e76f5fa64,156,5.2,left_elbow,0.5,0.5,0.0,540.0,960.0,0.5
4f3dc90e-0e11-4fbb-a481-7f0e76f5fa64,156,5.2,right_elbow,0.5,0.5,0.0,540.0,960.0,0.5
4f3dc90e-0e11-4fbb-a481-7f0e76f5fa64,156,5.2,left_wrist,0.5,0.5,0.0,540.0,960.0,0.5
4f3dc90e-0e11-4fbb-a481-7f0e76f5fa64,156,5.2,right_wrist,0.5,0.5,0.0,540.0,960.0,0.5
4f3dc90e-0e11-4fbb-a481-7f0e76f5fa64,156,5.2,left_hip,0.5,0.5,0.0,540.0,960.0,0.5
4f3dc90e-0e11-4fbb-a481-7f0e76f5fa64,156,5.2,right_hip,0.5,0.5,0.0,540.0,960.0,0.5
4f3dc90e-0e11-4fbb-a481-7f0e76f5fa64,156,5.2,left_knee,0.5,0.5,0.0,540.0,960.0,0.5
4f3dc90e-0e11-4fbb-a481-7f0e76f5fa64,156,5.2,right_knee,0.5,0.5,0.0,540.0,960.0,0.5
4f3dc90e-0e11-4fbb-a481-7f0e76f5fa64,156,5.2,left_ankle,0.5,0.5,0.0,540.0,960.0,0.5
4f3dc90e-0e11-4fbb-a481-7f0e76f5fa64,156,5.2,right_ankle,0.5,0.5,0.0,540.0,960.0,0.5
4f3dc90e-0e11-4fbb-a481-7f0e76f5fa64,156,5.2,left_heel,0.5,0.5,0.0,540.0,960.0,0.5
4f3dc90e-0e11-4fbb-a481-7f0e76f5fa64,156,5.2,right_heel,0.5,0.5,0.0,540.0,960.0,0.5
4f3dc90e-0e11-4fbb-a481-7f0e76f5fa64,156,5.2,left_foot_index,0.5,0.5,0.0,540.0,960.0,0.5
4f3dc90e-0e11-4fbb-a481-7f0e76f5fa64,156,5.2,right_foot_index,0.5,0.5,0.0,540.0,960.0,0.5
4f3dc90e-0e11-4fbb-a481-7f0e76f5fa64,157,5.233333333333333,nose,0.5,0.5,0.0,540.0,960.0,0.5
4f3dc90e-0e11-4fbb-a481-7f0e76f5fa64,157,5.233333333333333,left_shoulder,0.5,0.5,0.0,540.0,960.0,0.5
4f3dc90e-0e11-4fbb-a481-7f0e76f5fa64,157,5.233333333333333,right_shoulder,0.5,0.5,0.0,540.0,960.0,0.5
4f3dc90e-0e11-4fbb-a481-7f0e76f5fa64,157,5.233333333333333,left_elbow,0.5,0.5,0.0,540.0,960.0,0.5
4f3dc90e-0e11-4fbb-a481-7f0e76f5fa64,157,5.233333333333333,right_elbow,0.5,0.5,0.0,540.0,960.0,0.5
4f3dc90e-0e11-4fbb-a481-7f0e76f5fa64,157,5.233333333333333,left_wrist,0.5,0.5,0.0,540.0,960.0,0.5
4f3dc90e-0e11-4fbb-a481-7f0e76f5fa64,157,5.233333333333333,right_wrist,0.5,0.5,0.0,540.0,960.0,0.5
4f3dc90e-0e11-4fbb-a481-7f0e76f5fa64,157,5.233333333333333,left_hip,0.5,0.5,0.0,540.0,960.0,0.5
4f3dc90e-0e11-4fbb-a481-7f0e76f5fa64,157,5.233333333333333,right_hip,0.5,0.5,0.0,540.0,960.0,0.5
4f3dc90e-0e11-4fbb-a481-7f0e76f5fa64,157,5.233333333333333,left_knee,0.5,0.5,0.0,540.0,960.0,0.5
4f3dc90e-0e11-4fbb-a481-7f0e76f5fa64,157,5.233333333333333,right_knee,0.5,0.5,0.0,540.0,960.0,0.5
4f3dc90e-0e11-4fbb-a481-7f0e76f5fa64,157,5.233333333333333,left_ankle,0.5,0.5,0.0,540.0,960.0,0.5
4f3dc90e-0e11-4fbb-a481-7f0e76f5fa64,157,5.233333333333333,right_ankle,0.5,0.5,0.0,540.0,960.0,0.5
4f3dc90e-0e11-4fbb-a481-7f0e76f5fa64,157,5.233333333333333,left_heel,0.5,0.5,0.0,540.0,960.0,0.5
4f3dc90e-0e11-4fbb-a481-7f0e76f5fa64,157,5.233333333333333,right_heel,0.5,0.5,0.0,540.0,960.0,0.5
4f3dc90e-0e11-4fbb-a481-7f0e76f5fa64,157,5.233333333333333,left_foot_index,0.5,0.5,0.0,540.0,960.0,0.5
4f3dc90e-0e11-4fbb-a481-7f0e76f5fa64,157,5.233333333333333,right_foot_index,0.5,0.5,0.0,540.0,960.0,0.5
4f3dc90e-0e11-4fbb-a481-7f0e76f5fa64,158,5.266666666666667,nose,0.5,0.5,0.0,540.0,960.0,0.5
4f3dc90e-0e11-4fbb-a481-7f0e76f5fa64,158,5.266666666666667,left_shoulder,0.5,0.5,0.0,540.0,960.0,0.5
4f3dc90e-0e11-4fbb-a481-7f0e76f5fa64,158,5.266666666666667,right_shoulder,0.5,0.5,0.0,540.0,960.0,0.5
4f3dc90e-0e11-4fbb-a481-7f0e76f5fa64,158,5.266666666666667,left_elbow,0.5,0.5,0.0,540.0,960.0,0.5
4f3dc90e-0e11-4fbb-a481-7f0e76f5fa64,158,5.266666666666667,right_elbow,0.5,0.5,0.0,540.0,960.0,0.5
4f3dc90e-0e11-4fbb-a481-7f0e76f5fa64,158,5.266666666666667,left_wrist,0.5,0.5,0.0,540.0,960.0,0.5
4f3dc90e-0e11-4fbb-a481-7f0e76f5fa64,158,5.266666666666667,right_wrist,0.5,0.5,0.0,540.0,960.0,0.5
4f3dc90e-0e11-4fbb-a481-7f0e76f5fa64,158,5.266666666666667,left_hip,0.5,0.5,0.0,540.0,960.0,0.5
4f3dc90e-0e11-4fbb-a481-7f0e76f5fa64,158,5.266666666666667,right_hip,0.5,0.5,0.0,540.0,960.0,0.5
4f3dc90e-0e11-4fbb-a481-7f0e76f5fa64,158,5.266666666666667,left_knee,0.5,0.5,0.0,540.0,960.0,0.5
4f3dc90e-0e11-4fbb-a481-7f0e76f5fa64,158,5.266666666666667,right_knee,0.5,0.5,0.0,540.0,960.0,0.5
4f3dc90e-0e11-4fbb-a481-7f0e76f5fa64,158,5.266666666666667,left_ankle,0.5,0.5,0.0,540.0,960.0,0.5
4f3dc90e-0e11-4fbb-a481-7f0e76f5fa64,158,5.266666666666667,right_ankle,0.5,0.5,0.0,540.0,960.0,0.5
4f3dc90e-0e11-4fbb-a481-7f0e76f5fa64,158,5.266666666666667,left_heel,0.5,0.5,0.0,540.0,960.0,0.5
4f3dc90e-0e11-4fbb-a481-7f0e76f5fa64,158,5.266666666666667,right_heel,0.5,0.5,0.0,540.0,960.0,0.5
4f3dc90e-0e11-4fbb-a481-7f0e76f5fa64,158,5.266666666666667,left_foot_index,0.5,0.5,0.0,540.0,960.0,0.5
4f3dc90e-0e11-4fbb-a481-7f0e76f5fa64,158,5.266666666666667,right_foot_index,0.5,0.5,0.0,540.0,960.0,0.5
4f3dc90e-0e11-4fbb-a481-7f0e76f5fa64,159,5.3,nose,0.5,0.5,0.0,540.0,960.0,0.5
4f3dc90e-0e11-4fbb-a481-7f0e76f5fa64,159,5.3,left_shoulder,0.5,0.5,0.0,540.0,960.0,0.5
4f3dc90e-0e11-4fbb-a481-7f0e76f5fa64,159,5.3,right_shoulder,0.5,0.5,0.0,540.0,960.0,0.5
4f3dc90e-0e11-4fbb-a481-7f0e76f5fa64,159,5.3,left_elbow,0.5,0.5,0.0,540.0,960.0,0.5
4f3dc90e-0e11-4fbb-a481-7f0e76f5fa64,159,5.3,right_elbow,0.5,0.5,0.0,540.0,960.0,0.5
4f3dc90e-0e11-4fbb-a481-7f0e76f5fa64,159,5.3,left_wrist,0.5,0.5,0.0,540.0,960.0,0.5
4f3dc90e-0e11-4fbb-a481-7f0e76f5fa64,159,5.3,right_wrist,0.5,0.5,0.0,540.0,960.0,0.5
4f3dc90e-0e11-4fbb-a481-7f0e76f5fa64,159,5.3,left_hip,0.5,0.5,0.0,540.0,960.0,0.5
4f3dc90e-0e11-4fbb-a481-7f0e76f5fa64,159,5.3,right_hip,0.5,0.5,0.0,540.0,960.0,0.5
4f3dc90e-0e11-4fbb-a481-7f0e76f5fa64,159,5.3,left_knee,0.5,0.5,0.0,540.0,960.0,0.5
4f3dc90e-0e11-4fbb-a481-7f0e76f5fa64,159,5.3,right_knee,0.5,0.5,0.0,540.0,960.0,0.5
4f3dc90e-0e11-4fbb-a481-7f0e76f5fa64,159,5.3,left_ankle,0.5,0.5,0.0,540.0,960.0,0.5
4f3dc90e-0e11-4fbb-a481-7f0e76f5fa64,159,5.3,right_ankle,0.5,0.5,0.0,540.0,960.0,0.5
4f3dc90e-0e11-4fbb-a481-7f0e76f5fa64,159,5.3,left_heel,0.5,0.5,0.0,540.0,960.0,0.5
4f3dc90e-0e11-4fbb-a481-7f0e76f5fa64,159,5.3,right_heel,0.5,0.5,0.0,540.0,960.0,0.5
4f3dc90e-0e11-4fbb-a481-7f0e76f5fa64,159,5.3,left_foot_index,0.5,0.5,0.0,540.0,960.0,0.5
4f3dc90e-0e11-4fbb-a481-7f0e76f5fa64,159,5.3,right_foot_index,0.5,0.5,0.0,540.0,960.0,0.5
4f3dc90e-0e11-4fbb-a481-7f0e76f5fa64,160,5.333333333333333,nose,0.5,0.5,0.0,540.0,960.0,0.5
4f3dc90e-0e11-4fbb-a481-7f0e76f5fa64,160,5.333333333333333,left_shoulder,0.5,0.5,0.0,540.0,960.0,0.5
4f3dc90e-0e11-4fbb-a481-7f0e76f5fa64,160,5.333333333333333,right_shoulder,0.5,0.5,0.0,540.0,960.0,0.5
4f3dc90e-0e11-4fbb-a481-7f0e76f5fa64,160,5.333333333333333,left_elbow,0.5,0.5,0.0,540.0,960.0,0.5
4f3dc90e-0e11-4fbb-a481-7f0e76f5fa64,160,5.333333333333333,right_elbow,0.5,0.5,0.0,540.0,960.0,0.5
4f3dc90e-0e11-4fbb-a481-7f0e76f5fa64,160,5.333333333333333,left_wrist,0.5,0.5,0.0,540.0,960.0,0.5
4f3dc90e-0e11-4fbb-a481-7f0e76f5fa64,160,5.333333333333333,right_wrist,0.5,0.5,0.0,540.0,960.0,0.5
4f3dc90e-0e11-4fbb-a481-7f0e76f5fa64,160,5.333333333333333,left_hip,0.5,0.5,0.0,540.0,960.0,0.5
4f3dc90e-0e11-4fbb-a481-7f0e76f5fa64,160,5.333333333333333,right_hip,0.5,0.5,0.0,540.0,960.0,0.5
4f3dc90e-0e11-4fbb-a481-7f0e76f5fa64,160,5.333333333333333,left_knee,0.5,0.5,0.0,540.0,960.0,0.5
4f3dc90e-0e11-4fbb-a481-7f0e76f5fa64,160,5.333333333333333,right_knee,0.5,0.5,0.0,540.0,960.0,0.5
4f3dc90e-0e11-4fbb-a481-7f0e76f5fa64,160,5.333333333333333,left_ankle,0.5,0.5,0.0,540.0,960.0,0.5
4f3dc90e-0e11-4fbb-a481-7f0e76f5fa64,160,5.333333333333333,right_ankle,0.5,0.5,0.0,540.0,960.0,0.5
4f3dc90e-0e11-4fbb-a481-7f0e76f5fa64,160,5.333333333333333,left_heel,0.5,0.5,0.0,540.0,960.0,0.5
4f3dc90e-0e11-4fbb-a481-7f0e76f5fa64,160,5.333333333333333,right_heel,0.5,0.5,0.0,540.0,960.0,0.5
4f3dc90e-0e11-4fbb-a481-7f0e76f5fa64,160,5.333333333333333,left_foot_index,0.5,0.5,0.0,540.0,960.0,0.5
4f3dc90e-0e11-4fbb-a481-7f0e76f5fa64,160,5.333333333333333,right_foot_index,0.5,0.5,0.0,540.0,960.0,0.5
4f3dc90e-0e11-4fbb-a481-7f0e76f5fa64,161,5.366666666666666,nose,0.5,0.5,0.0,540.0,960.0,0.5
4f3dc90e-0e11-4fbb-a481-7f0e76f5fa64,161,5.366666666666666,left_shoulder,0.5,0.5,0.0,540.0,960.0,0.5
4f3dc90e-0e11-4fbb-a481-7f0e76f5fa64,161,5.366666666666666,right_shoulder,0.5,0.5,0.0,540.0,960.0,0.5
4f3dc90e-0e11-4fbb-a481-7f0e76f5fa64,161,5.366666666666666,left_elbow,0.5,0.5,0.0,540.0,960.0,0.5
4f3dc90e-0e11-4fbb-a481-7f0e76f5fa64,161,5.366666666666666,right_elbow,0.5,0.5,0.0,540.0,960.0,0.5
4f3dc90e-0e11-4fbb-a481-7f0e76f5fa64,161,5.366666666666666,left_wrist,0.5,0.5,0.0,540.0,960.0,0.5
4f3dc90e-0e11-4fbb-a481-7f0e76f5fa64,161,5.366666666666666,right_wrist,0.5,0.5,0.0,540.0,960.0,0.5
4f3dc90e-0e11-4fbb-a481-7f0e76f5fa64,161,5.366666666666666,left_hip,0.5,0.5,0.0,540.0,960.0,0.5
4f3dc90e-0e11-4fbb-a481-7f0e76f5fa64,161,5.366666666666666,right_hip,0.5,0.5,0.0,540.0,960.0,0.5
4f3dc90e-0e11-4fbb-a481-7f0e76f5fa64,161,5.366666666666666,left_knee,0.5,0.5,0.0,540.0,960.0,0.5
4f3dc90e-0e11-4fbb-a481-7f0e76f5fa64,161,5.366666666666666,right_knee,0.5,0.5,0.0,540.0,960.0,0.5
4f3dc90e-0e11-4fbb-a481-7f0e76f5fa64,161,5.366666666666666,left_ankle,0.5,0.5,0.0,540.0,960.0,0.5
4f3dc90e-0e11-4fbb-a481-7f0e76f5fa64,161,5.366666666666666,right_ankle,0.5,0.5,0.0,540.0,960.0,0.5
4f3dc90e-0e11-4fbb-a481-7f0e76f5fa64,161,5.366666666666666,left_heel,0.5,0.5,0.0,540.0,960.0,0.5
4f3dc90e-0e11-4fbb-a481-7f0e76f5fa64,161,5.366666666666666,right_heel,0.5,0.5,0.0,540.0,960.0,0.5
4f3dc90e-0e11-4fbb-a481-7f0e76f5fa64,161,5.366666666666666,left_foot_index,0.5,0.5,0.0,540.0,960.0,0.5
4f3dc90e-0e11-4fbb-a481-7f0e76f5fa64,161,5.366666666666666,right_foot_index,0.5,0.5,0.0,540.0,960.0,0.5
4f3dc90e-0e11-4fbb-a481-7f0e76f5fa64,162,5.4,nose,0.5,0.5,0.0,540.0,960.0,0.5
4f3dc90e-0e11-4fbb-a481-7f0e76f5fa64,162,5.4,left_shoulder,0.5,0.5,0.0,540.0,960.0,0.5
4f3dc90e-0e11-4fbb-a481-7f0e76f5fa64,162,5.4,right_shoulder,0.5,0.5,0.0,540.0,960.0,0.5
4f3dc90e-0e11-4fbb-a481-7f0e76f5fa64,162,5.4,left_elbow,0.5,0.5,0.0,540.0,960.0,0.5
4f3dc90e-0e11-4fbb-a481-7f0e76f5fa64,162,5.4,right_elbow,0.5,0.5,0.0,540.0,960.0,0.5
4f3dc90e-0e11-4fbb-a481-7f0e76f5fa64,162,5.4,left_wrist,0.5,0.5,0.0,540.0,960.0,0.5
4f3dc90e-0e11-4fbb-a481-7f0e76f5fa64,162,5.4,right_wrist,0.5,0.5,0.0,540.0,960.0,0.5
4f3dc90e-0e11-4fbb-a481-7f0e76f5fa64,162,5.4,left_hip,0.5,0.5,0.0,540.0,960.0,0.5
4f3dc90e-0e11-4fbb-a481-7f0e76f5fa64,162,5.4,right_hip,0.5,0.5,0.0,540.0,960.0,0.5
4f3dc90e-0e11-4fbb-a481-7f0e76f5fa64,162,5.4,left_knee,0.5,0.5,0.0,540.0,960.0,0.5
4f3dc90e-0e11-4fbb-a481-7f0e76f5fa64,162,5.4,right_knee,0.5,0.5,0.0,540.0,960.0,0.5
4f3dc90e-0e11-4fbb-a481-7f0e76f5fa64,162,5.4,left_ankle,0.5,0.5,0.0,540.0,960.0,0.5
4f3dc90e-0e11-4fbb-a481-7f0e76f5fa64,162,5.4,right_ankle,0.5,0.5,0.0,540.0,960.0,0.5
4f3dc90e-0e11-4fbb-a481-7f0e76f5fa64,162,5.4,left_heel,0.5,0.5,0.0,540.0,960.0,0.5
4f3dc90e-0e11-4fbb-a481-7f0e76f5fa64,162,5.4,right_heel,0.5,0.5,0.0,540.0,960.0,0.5
4f3dc90e-0e11-4fbb-a481-7f0e76f5fa64,162,5.4,left_foot_index,0.5,0.5,0.0,540.0,960.0,0.5
4f3dc90e-0e11-4fbb-a481-7f0e76f5fa64,162,5.4,right_foot_index,0.5,0.5,0.0,540.0,960.0,0.5
4f3dc90e-0e11-4fbb-a481-7f0e76f5fa64,163,5.433333333333334,nose,0.5,0.5,0.0,540.0,960.0,0.5
4f3dc90e-0e11-4fbb-a481-7f0e76f5fa64,163,5.433333333333334,left_shoulder,0.5,0.5,0.0,540.0,960.0,0.5
4f3dc90e-0e11-4fbb-a481-7f0e76f5fa64,163,5.433333333333334,right_shoulder,0.5,0.5,0.0,540.0,960.0,0.5
4f3dc90e-0e11-4fbb-a481-7f0e76f5fa64,163,5.433333333333334,left_elbow,0.5,0.5,0.0,540.0,960.0,0.5
4f3dc90e-0e11-4fbb-a481-7f0e76f5fa64,163,5.433333333333334,right_elbow,0.5,0.5,0.0,540.0,960.0,0.5
4f3dc90e-0e11-4fbb-a481-7f0e76f5fa64,163,5.433333333333334,left_wrist,0.5,0.5,0.0,540.0,960.0,0.5
4f3dc90e-0e11-4fbb-a481-7f0e76f5fa64,163,5.433333333333334,right_wrist,0.5,0.5,0.0,540.0,960.0,0.5
4f3dc90e-0e11-4fbb-a481-7f0e76f5fa64,163,5.433333333333334,left_hip,0.5,0.5,0.0,540.0,960.0,0.5
4f3dc90e-0e11-4fbb-a481-7f0e76f5fa64,163,5.433333333333334,right_hip,0.5,0.5,0.0,540.0,960.0,0.5
4f3dc90e-0e11-4fbb-a481-7f0e76f5fa64,163,5.433333333333334,left_knee,0.5,0.5,0.0,540.0,960.0,0.5
4f3dc90e-0e11-4fbb-a481-7f0e76f5fa64,163,5.433333333333334,right_knee,0.5,0.5,0.0,540.0,960.0,0.5
4f3dc90e-0e11-4fbb-a481-7f0e76f5fa64,163,5.433333333333334,left_ankle,0.5,0.5,0.0,540.0,960.0,0.5
4f3dc90e-0e11-4fbb-a481-7f0e76f5fa64,163,5.433333333333334,right_ankle,0.5,0.5,0.0,540.0,960.0,0.5
4f3dc90e-0e11-4fbb-a481-7f0e76f5fa64,163,5.433333333333334,left_heel,0.5,0.5,0.0,540.0,960.0,0.5
4f3dc90e-0e11-4fbb-a481-7f0e76f5fa64,163,5.433333333333334,right_heel,0.5,0.5,0.0,540.0,960.0,0.5
4f3dc90e-0e11-4fbb-a481-7f0e76f5fa64,163,5.433333333333334,left_foot_index,0.5,0.5,0.0,540.0,960.0,0.5
4f3dc90e-0e11-4fbb-a481-7f0e76f5fa64,163,5.433333333333334,right_foot_index,0.5,0.5,0.0,540.0,960.0,0.5
4f3dc90e-0e11-4fbb-a481-7f0e76f5fa64,164,5.466666666666667,nose,0.5,0.5,0.0,540.0,960.0,0.5
4f3dc90e-0e11-4fbb-a481-7f0e76f5fa64,164,5.466666666666667,left_shoulder,0.5,0.5,0.0,540.0,960.0,0.5
4f3dc90e-0e11-4fbb-a481-7f0e76f5fa64,164,5.466666666666667,right_shoulder,0.5,0.5,0.0,540.0,960.0,0.5
4f3dc90e-0e11-4fbb-a481-7f0e76f5fa64,164,5.466666666666667,left_elbow,0.5,0.5,0.0,540.0,960.0,0.5
4f3dc90e-0e11-4fbb-a481-7f0e76f5fa64,164,5.466666666666667,right_elbow,0.5,0.5,0.0,540.0,960.0,0.5
4f3dc90e-0e11-4fbb-a481-7f0e76f5fa64,164,5.466666666666667,left_wrist,0.5,0.5,0.0,540.0,960.0,0.5
4f3dc90e-0e11-4fbb-a481-7f0e76f5fa64,164,5.466666666666667,right_wrist,0.5,0.5,0.0,540.0,960.0,0.5
4f3dc90e-0e11-4fbb-a481-7f0e76f5fa64,164,5.466666666666667,left_hip,0.5,0.5,0.0,540.0,960.0,0.5
4f3dc90e-0e11-4fbb-a481-7f0e76f5fa64,164,5.466666666666667,right_hip,0.5,0.5,0.0,540.0,960.0,0.5
4f3dc90e-0e11-4fbb-a481-7f0e76f5fa64,164,5.466666666666667,left_knee,0.5,0.5,0.0,540.0,960.0,0.5
4f3dc90e-0e11-4fbb-a481-7f0e76f5fa64,164,5.466666666666667,right_knee,0.5,0.5,0.0,540.0,960.0,0.5
4f3dc90e-0e11-4fbb-a481-7f0e76f5fa64,164,5.466666666666667,left_ankle,0.5,0.5,0.0,540.0,960.0,0.5
4f3dc90e-0e11-4fbb-a481-7f0e76f5fa64,164,5.466666666666667,right_ankle,0.5,0.5,0.0,540.0,960.0,0.5
4f3dc90e-0e11-4fbb-a481-7f0e76f5fa64,164,5.466666666666667,left_heel,0.5,0.5,0.0,540.0,960.0,0.5
4f3dc90e-0e11-4fbb-a481-7f0e76f5fa64,164,5.466666666666667,right_heel,0.5,0.5,0.0,540.0,960.0,0.5
4f3dc90e-0e11-4fbb-a481-7f0e76f5fa64,164,5.466666666666667,left_foot_index,0.5,0.5,0.0,540.0,960.0,0.5
4f3dc90e-0e11-4fbb-a481-7f0e76f5fa64,164,5.466666666666667,right_foot_index,0.5,0.5,0.0,540.0,960.0,0.5
4f3dc90e-0e11-4fbb-a481-7f0e76f5fa64,165,5.5,nose,0.5,0.5,0.0,540.0,960.0,0.5
4f3dc90e-0e11-4fbb-a481-7f0e76f5fa64,165,5.5,left_shoulder,0.5,0.5,0.0,540.0,960.0,0.5
4f3dc90e-0e11-4fbb-a481-7f0e76f5fa64,165,5.5,right_shoulder,0.5,0.5,0.0,540.0,960.0,0.5
4f3dc90e-0e11-4fbb-a481-7f0e76f5fa64,165,5.5,left_elbow,0.5,0.5,0.0,540.0,960.0,0.5
4f3dc90e-0e11-4fbb-a481-7f0e76f5fa64,165,5.5,right_elbow,0.5,0.5,0.0,540.0,960.0,0.5
4f3dc90e-0e11-4fbb-a481-7f0e76f5fa64,165,5.5,left_wrist,0.5,0.5,0.0,540.0,960.0,0.5
4f3dc90e-0e11-4fbb-a481-7f0e76f5fa64,165,5.5,right_wrist,0.5,0.5,0.0,540.0,960.0,0.5
4f3dc90e-0e11-4fbb-a481-7f0e76f5fa64,165,5.5,left_hip,0.5,0.5,0.0,540.0,960.0,0.5
4f3dc90e-0e11-4fbb-a481-7f0e76f5fa64,165,5.5,right_hip,0.5,0.5,0.0,540.0,960.0,0.5
4f3dc90e-0e11-4fbb-a481-7f0e76f5fa64,165,5.5,left_knee,0.5,0.5,0.0,540.0,960.0,0.5
4f3dc90e-0e11-4fbb-a481-7f0e76f5fa64,165,5.5,right_knee,0.5,0.5,0.0,540.0,960.0,0.5
4f3dc90e-0e11-4fbb-a481-7f0e76f5fa64,165,5.5,left_ankle,0.5,0.5,0.0,540.0,960.0,0.5
4f3dc90e-0e11-4fbb-a481-7f0e76f5fa64,165,5.5,right_ankle,0.5,0.5,0.0,540.0,960.0,0.5
4f3dc90e-0e11-4fbb-a481-7f0e76f5fa64,165,5.5,left_heel,0.5,0.5,0.0,540.0,960.0,0.5
4f3dc90e-0e11-4fbb-a481-7f0e76f5fa64,165,5.5,right_heel,0.5,0.5,0.0,540.0,960.0,0.5
4f3dc90e-0e11-4fbb-a481-7f0e76f5fa64,165,5.5,left_foot_index,0.5,0.5,0.0,540.0,960.0,0.5
4f3dc90e-0e11-4fbb-a481-7f0e76f5fa64,165,5.5,right_foot_index,0.5,0.5,0.0,540.0,960.0,0.5
4f3dc90e-0e11-4fbb-a481-7f0e76f5fa64,166,5.533333333333333,nose,0.5,0.5,0.0,540.0,960.0,0.5
4f3dc90e-0e11-4fbb-a481-7f0e76f5fa64,166,5.533333333333333,left_shoulder,0.5,0.5,0.0,540.0,960.0,0.5
4f3dc90e-0e11-4fbb-a481-7f0e76f5fa64,166,5.533333333333333,right_shoulder,0.5,0.5,0.0,540.0,960.0,0.5
4f3dc90e-0e11-4fbb-a481-7f0e76f5fa64,166,5.533333333333333,left_elbow,0.5,0.5,0.0,540.0,960.0,0.5
4f3dc90e-0e11-4fbb-a481-7f0e76f5fa64,166,5.533333333333333,right_elbow,0.5,0.5,0.0,540.0,960.0,0.5
4f3dc90e-0e11-4fbb-a481-7f0e76f5fa64,166,5.533333333333333,left_wrist,0.5,0.5,0.0,540.0,960.0,0.5
4f3dc90e-0e11-4fbb-a481-7f0e76f5fa64,166,5.533333333333333,right_wrist,0.5,0.5,0.0,540.0,960.0,0.5
4f3dc90e-0e11-4fbb-a481-7f0e76f5fa64,166,5.533333333333333,left_hip,0.5,0.5,0.0,540.0,960.0,0.5
4f3dc90e-0e11-4fbb-a481-7f0e76f5fa64,166,5.533333333333333,right_hip,0.5,0.5,0.0,540.0,960.0,0.5
4f3dc90e-0e11-4fbb-a481-7f0e76f5fa64,166,5.533333333333333,left_knee,0.5,0.5,0.0,540.0,960.0,0.5
4f3dc90e-0e11-4fbb-a481-7f0e76f5fa64,166,5.533333333333333,right_knee,0.5,0.5,0.0,540.0,960.0,0.5
4f3dc90e-0e11-4fbb-a481-7f0e76f5fa64,166,5.533333333333333,left_ankle,0.5,0.5,0.0,540.0,960.0,0.5
4f3dc90e-0e11-4fbb-a481-7f0e76f5fa64,166,5.533333333333333,right_ankle,0.5,0.5,0.0,540.0,960.0,0.5
4f3dc90e-0e11-4fbb-a481-7f0e76f5fa64,166,5.533333333333333,left_heel,0.5,0.5,0.0,540.0,960.0,0.5
4f3dc90e-0e11-4fbb-a481-7f0e76f5fa64,166,5.533333333333333,right_heel,0.5,0.5,0.0,540.0,960.0,0.5
4f3dc90e-0e11-4fbb-a481-7f0e76f5fa64,166,5.533333333333333,left_foot_index,0.5,0.5,0.0,540.0,960.0,0.5
4f3dc90e-0e11-4fbb-a481-7f0e76f5fa64,166,5.533333333333333,right_foot_index,0.5,0.5,0.0,540.0,960.0,0.5
4f3dc90e-0e11-4fbb-a481-7f0e76f5fa64,167,5.566666666666666,nose,0.5,0.5,0.0,540.0,960.0,0.5
4f3dc90e-0e11-4fbb-a481-7f0e76f5fa64,167,5.566666666666666,left_shoulder,0.5,0.5,0.0,540.0,960.0,0.5
4f3dc90e-0e11-4fbb-a481-7f0e76f5fa64,167,5.566666666666666,right_shoulder,0.5,0.5,0.0,540.0,960.0,0.5
4f3dc90e-0e11-4fbb-a481-7f0e76f5fa64,167,5.566666666666666,left_elbow,0.5,0.5,0.0,540.0,960.0,0.5
4f3dc90e-0e11-4fbb-a481-7f0e76f5fa64,167,5.566666666666666,right_elbow,0.5,0.5,0.0,540.0,960.0,0.5
4f3dc90e-0e11-4fbb-a481-7f0e76f5fa64,167,5.566666666666666,left_wrist,0.5,0.5,0.0,540.0,960.0,0.5
4f3dc90e-0e11-4fbb-a481-7f0e76f5fa64,167,5.566666666666666,right_wrist,0.5,0.5,0.0,540.0,960.0,0.5
4f3dc90e-0e11-4fbb-a481-7f0e76f5fa64,167,5.566666666666666,left_hip,0.5,0.5,0.0,540.0,960.0,0.5
4f3dc90e-0e11-4fbb-a481-7f0e76f5fa64,167,5.566666666666666,right_hip,0.5,0.5,0.0,540.0,960.0,0.5
4f3dc90e-0e11-4fbb-a481-7f0e76f5fa64,167,5.566666666666666,left_knee,0.5,0.5,0.0,540.0,960.0,0.5
4f3dc90e-0e11-4fbb-a481-7f0e76f5fa64,167,5.566666666666666,right_knee,0.5,0.5,0.0,540.0,960.0,0.5
4f3dc90e-0e11-4fbb-a481-7f0e76f5fa64,167,5.566666666666666,left_ankle,0.5,0.5,0.0,540.0,960.0,0.5
4f3dc90e-0e11-4fbb-a481-7f0e76f5fa64,167,5.566666666666666,right_ankle,0.5,0.5,0.0,540.0,960.0,0.5
4f3dc90e-0e11-4fbb-a481-7f0e76f5fa64,167,5.566666666666666,left_heel,0.5,0.5,0.0,540.0,960.0,0.5
4f3dc90e-0e11-4fbb-a481-7f0e76f5fa64,167,5.566666666666666,right_heel,0.5,0.5,0.0,540.0,960.0,0.5
4f3dc90e-0e11-4fbb-a481-7f0e76f5fa64,167,5.566666666666666,left_foot_index,0.5,0.5,0.0,540.0,960.0,0.5
4f3dc90e-0e11-4fbb-a481-7f0e76f5fa64,167,5.566666666666666,right_foot_index,0.5,0.5,0.0,540.0,960.0,0.5
4f3dc90e-0e11-4fbb-a481-7f0e76f5fa64,168,5.6,nose,0.5,0.5,0.0,540.0,960.0,0.5
4f3dc90e-0e11-4fbb-a481-7f0e76f5fa64,168,5.6,left_shoulder,0.5,0.5,0.0,540.0,960.0,0.5
4f3dc90e-0e11-4fbb-a481-7f0e76f5fa64,168,5.6,right_shoulder,0.5,0.5,0.0,540.0,960.0,0.5
4f3dc90e-0e11-4fbb-a481-7f0e76f5fa64,168,5.6,left_elbow,0.5,0.5,0.0,540.0,960.0,0.5
4f3dc90e-0e11-4fbb-a481-7f0e76f5fa64,168,5.6,right_elbow,0.5,0.5,0.0,540.0,960.0,0.5
4f3dc90e-0e11-4fbb-a481-7f0e76f5fa64,168,5.6,left_wrist,0.5,0.5,0.0,540.0,960.0,0.5
4f3dc90e-0e11-4fbb-a481-7f0e76f5fa64,168,5.6,right_wrist,0.5,0.5,0.0,540.0,960.0,0.5
4f3dc90e-0e11-4fbb-a481-7f0e76f5fa64,168,5.6,left_hip,0.5,0.5,0.0,540.0,960.0,0.5
4f3dc90e-0e11-4fbb-a481-7f0e76f5fa64,168,5.6,right_hip,0.5,0.5,0.0,540.0,960.0,0.5
4f3dc90e-0e11-4fbb-a481-7f0e76f5fa64,168,5.6,left_knee,0.5,0.5,0.0,540.0,960.0,0.5
4f3dc90e-0e11-4fbb-a481-7f0e76f5fa64,168,5.6,right_knee,0.5,0.5,0.0,540.0,960.0,0.5
4f3dc90e-0e11-4fbb-a481-7f0e76f5fa64,168,5.6,left_ankle,0.5,0.5,0.0,540.0,960.0,0.5
4f3dc90e-0e11-4fbb-a481-7f0e76f5fa64,168,5.6,right_ankle,0.5,0.5,0.0,540.0,960.0,0.5
4f3dc90e-0e11-4fbb-a481-7f0e76f5fa64,168,5.6,left_heel,0.5,0.5,0.0,540.0,960.0,0.5
4f3dc90e-0e11-4fbb-a481-7f0e76f5fa64,168,5.6,right_heel,0.5,0.5,0.0,540.0,960.0,0.5
4f3dc90e-0e11-4fbb-a481-7f0e76f5fa64,168,5.6,left_foot_index,0.5,0.5,0.0,540.0,960.0,0.5
4f3dc90e-0e11-4fbb-a481-7f0e76f5fa64,168,5.6,right_foot_index,0.5,0.5,0.0,540.0,960.0,0.5
4f3dc90e-0e11-4fbb-a481-7f0e76f5fa64,169,5.633333333333334,nose,0.5,0.5,0.0,540.0,960.0,0.5
4f3dc90e-0e11-4fbb-a481-7f0e76f5fa64,169,5.633333333333334,left_shoulder,0.5,0.5,0.0,540.0,960.0,0.5
4f3dc90e-0e11-4fbb-a481-7f0e76f5fa64,169,5.633333333333334,right_shoulder,0.5,0.5,0.0,540.0,960.0,0.5
4f3dc90e-0e11-4fbb-a481-7f0e76f5fa64,169,5.633333333333334,left_elbow,0.5,0.5,0.0,540.0,960.0,0.5
4f3dc90e-0e11-4fbb-a481-7f0e76f5fa64,169,5.633333333333334,right_elbow,0.5,0.5,0.0,540.0,960.0,0.5
4f3dc90e-0e11-4fbb-a481-7f0e76f5fa64,169,5.633333333333334,left_wrist,0.5,0.5,0.0,540.0,960.0,0.5
4f3dc90e-0e11-4fbb-a481-7f0e76f5fa64,169,5.633333333333334,right_wrist,0.5,0.5,0.0,540.0,960.0,0.5
4f3dc90e-0e11-4fbb-a481-7f0e76f5fa64,169,5.633333333333334,left_hip,0.5,0.5,0.0,540.0,960.0,0.5
4f3dc90e-0e11-4fbb-a481-7f0e76f5fa64,169,5.633333333333334,right_hip,0.5,0.5,0.0,540.0,960.0,0.5
4f3dc90e-0e11-4fbb-a481-7f0e76f5fa64,169,5.633333333333334,left_knee,0.5,0.5,0.0,540.0,960.0,0.5
4f3dc90e-0e11-4fbb-a481-7f0e76f5fa64,169,5.633333333333334,right_knee,0.5,0.5,0.0,540.0,960.0,0.5
4f3dc90e-0e11-4fbb-a481-7f0e76f5fa64,169,5.633333333333334,left_ankle,0.5,0.5,0.0,540.0,960.0,0.5
4f3dc90e-0e11-4fbb-a481-7f0e76f5fa64,169,5.633333333333334,right_ankle,0.5,0.5,0.0,540.0,960.0,0.5
4f3dc90e-0e11-4fbb-a481-7f0e76f5fa64,169,5.633333333333334,left_heel,0.5,0.5,0.0,540.0,960.0,0.5
4f3dc90e-0e11-4fbb-a481-7f0e76f5fa64,169,5.633333333333334,right_heel,0.5,0.5,0.0,540.0,960.0,0.5
4f3dc90e-0e11-4fbb-a481-7f0e76f5fa64,169,5.633333333333334,left_foot_index,0.5,0.5,0.0,540.0,960.0,0.5
4f3dc90e-0e11-4fbb-a481-7f0e76f5fa64,169,5.633333333333334,right_foot_index,0.5,0.5,0.0,540.0,960.0,0.5
4f3dc90e-0e11-4fbb-a481-7f0e76f5fa64,170,5.666666666666667,nose,0.5,0.5,0.0,540.0,960.0,0.5
4f3dc90e-0e11-4fbb-a481-7f0e76f5fa64,170,5.666666666666667,left_shoulder,0.5,0.5,0.0,540.0,960.0,0.5
4f3dc90e-0e11-4fbb-a481-7f0e76f5fa64,170,5.666666666666667,right_shoulder,0.5,0.5,0.0,540.0,960.0,0.5
4f3dc90e-0e11-4fbb-a481-7f0e76f5fa64,170,5.666666666666667,left_elbow,0.5,0.5,0.0,540.0,960.0,0.5
4f3dc90e-0e11-4fbb-a481-7f0e76f5fa64,170,5.666666666666667,right_elbow,0.5,0.5,0.0,540.0,960.0,0.5
4f3dc90e-0e11-4fbb-a481-7f0e76f5fa64,170,5.666666666666667,left_wrist,0.5,0.5,0.0,540.0,960.0,0.5
4f3dc90e-0e11-4fbb-a481-7f0e76f5fa64,170,5.666666666666667,right_wrist,0.5,0.5,0.0,540.0,960.0,0.5
4f3dc90e-0e11-4fbb-a481-7f0e76f5fa64,170,5.666666666666667,left_hip,0.5,0.5,0.0,540.0,960.0,0.5
4f3dc90e-0e11-4fbb-a481-7f0e76f5fa64,170,5.666666666666667,right_hip,0.5,0.5,0.0,540.0,960.0,0.5
4f3dc90e-0e11-4fbb-a481-7f0e76f5fa64,170,5.666666666666667,left_knee,0.5,0.5,0.0,540.0,960.0,0.5
4f3dc90e-0e11-4fbb-a481-7f0e76f5fa64,170,5.666666666666667,right_knee,0.5,0.5,0.0,540.0,960.0,0.5
4f3dc90e-0e11-4fbb-a481-7f0e76f5fa64,170,5.666666666666667,left_ankle,0.5,0.5,0.0,540.0,960.0,0.5
4f3dc90e-0e11-4fbb-a481-7f0e76f5fa64,170,5.666666666666667,right_ankle,0.5,0.5,0.0,540.0,960.0,0.5
4f3dc90e-0e11-4fbb-a481-7f0e76f5fa64,170,5.666666666666667,left_heel,0.5,0.5,0.0,540.0,960.0,0.5
4f3dc90e-0e11-4fbb-a481-7f0e76f5fa64,170,5.666666666666667,right_heel,0.5,0.5,0.0,540.0,960.0,0.5
4f3dc90e-0e11-4fbb-a481-7f0e76f5fa64,170,5.666666666666667,left_foot_index,0.5,0.5,0.0,540.0,960.0,0.5
4f3dc90e-0e11-4fbb-a481-7f0e76f5fa64,170,5.666666666666667,right_foot_index,0.5,0.5,0.0,540.0,960.0,0.5
4f3dc90e-0e11-4fbb-a481-7f0e76f5fa64,171,5.7,nose,0.5,0.5,0.0,540.0,960.0,0.5
4f3dc90e-0e11-4fbb-a481-7f0e76f5fa64,171,5.7,left_shoulder,0.5,0.5,0.0,540.0,960.0,0.5
4f3dc90e-0e11-4fbb-a481-7f0e76f5fa64,171,5.7,right_shoulder,0.5,0.5,0.0,540.0,960.0,0.5
4f3dc90e-0e11-4fbb-a481-7f0e76f5fa64,171,5.7,left_elbow,0.5,0.5,0.0,540.0,960.0,0.5
4f3dc90e-0e11-4fbb-a481-7f0e76f5fa64,171,5.7,right_elbow,0.5,0.5,0.0,540.0,960.0,0.5
4f3dc90e-0e11-4fbb-a481-7f0e76f5fa64,171,5.7,left_wrist,0.5,0.5,0.0,540.0,960.0,0.5
4f3dc90e-0e11-4fbb-a481-7f0e76f5fa64,171,5.7,right_wrist,0.5,0.5,0.0,540.0,960.0,0.5
4f3dc90e-0e11-4fbb-a481-7f0e76f5fa64,171,5.7,left_hip,0.5,0.5,0.0,540.0,960.0,0.5
4f3dc90e-0e11-4fbb-a481-7f0e76f5fa64,171,5.7,right_hip,0.5,0.5,0.0,540.0,960.0,0.5
4f3dc90e-0e11-4fbb-a481-7f0e76f5fa64,171,5.7,left_knee,0.5,0.5,0.0,540.0,960.0,0.5
4f3dc90e-0e11-4fbb-a481-7f0e76f5fa64,171,5.7,right_knee,0.5,0.5,0.0,540.0,960.0,0.5
4f3dc90e-0e11-4fbb-a481-7f0e76f5fa64,171,5.7,left_ankle,0.5,0.5,0.0,540.0,960.0,0.5
4f3dc90e-0e11-4fbb-a481-7f0e76f5fa64,171,5.7,right_ankle,0.5,0.5,0.0,540.0,960.0,0.5
4f3dc90e-0e11-4fbb-a481-7f0e76f5fa64,171,5.7,left_heel,0.5,0.5,0.0,540.0,960.0,0.5
4f3dc90e-0e11-4fbb-a481-7f0e76f5fa64,171,5.7,right_heel,0.5,0.5,0.0,540.0,960.0,0.5
4f3dc90e-0e11-4fbb-a481-7f0e76f5fa64,171,5.7,left_foot_index,0.5,0.5,0.0,540.0,960.0,0.5
4f3dc90e-0e11-4fbb-a481-7f0e76f5fa64,171,5.7,right_foot_index,0.5,0.5,0.0,540.0,960.0,0.5
4f3dc90e-0e11-4fbb-a481-7f0e76f5fa64,172,5.733333333333333,nose,0.5,0.5,0.0,540.0,960.0,0.5
4f3dc90e-0e11-4fbb-a481-7f0e76f5fa64,172,5.733333333333333,left_shoulder,0.5,0.5,0.0,540.0,960.0,0.5
4f3dc90e-0e11-4fbb-a481-7f0e76f5fa64,172,5.733333333333333,right_shoulder,0.5,0.5,0.0,540.0,960.0,0.5
4f3dc90e-0e11-4fbb-a481-7f0e76f5fa64,172,5.733333333333333,left_elbow,0.5,0.5,0.0,540.0,960.0,0.5
4f3dc90e-0e11-4fbb-a481-7f0e76f5fa64,172,5.733333333333333,right_elbow,0.5,0.5,0.0,540.0,960.0,0.5
4f3dc90e-0e11-4fbb-a481-7f0e76f5fa64,172,5.733333333333333,left_wrist,0.5,0.5,0.0,540.0,960.0,0.5
4f3dc90e-0e11-4fbb-a481-7f0e76f5fa64,172,5.733333333333333,right_wrist,0.5,0.5,0.0,540.0,960.0,0.5
4f3dc90e-0e11-4fbb-a481-7f0e76f5fa64,172,5.733333333333333,left_hip,0.5,0.5,0.0,540.0,960.0,0.5
4f3dc90e-0e11-4fbb-a481-7f0e76f5fa64,172,5.733333333333333,right_hip,0.5,0.5,0.0,540.0,960.0,0.5
4f3dc90e-0e11-4fbb-a481-7f0e76f5fa64,172,5.733333333333333,left_knee,0.5,0.5,0.0,540.0,960.0,0.5
4f3dc90e-0e11-4fbb-a481-7f0e76f5fa64,172,5.733333333333333,right_knee,0.5,0.5,0.0,540.0,960.0,0.5
4f3dc90e-0e11-4fbb-a481-7f0e76f5fa64,172,5.733333333333333,left_ankle,0.5,0.5,0.0,540.0,960.0,0.5
4f3dc90e-0e11-4fbb-a481-7f0e76f5fa64,172,5.733333333333333,right_ankle,0.5,0.5,0.0,540.0,960.0,0.5
4f3dc90e-0e11-4fbb-a481-7f0e76f5fa64,172,5.733333333333333,left_heel,0.5,0.5,0.0,540.0,960.0,0.5
4f3dc90e-0e11-4fbb-a481-7f0e76f5fa64,172,5.733333333333333,right_heel,0.5,0.5,0.0,540.0,960.0,0.5
4f3dc90e-0e11-4fbb-a481-7f0e76f5fa64,172,5.733333333333333,left_foot_index,0.5,0.5,0.0,540.0,960.0,0.5
4f3dc90e-0e11-4fbb-a481-7f0e76f5fa64,172,5.733333333333333,right_foot_index,0.5,0.5,0.0,540.0,960.0,0.5
4f3dc90e-0e11-4fbb-a481-7f0e76f5fa64,173,5.766666666666667,nose,0.5,0.5,0.0,540.0,960.0,0.5
4f3dc90e-0e11-4fbb-a481-7f0e76f5fa64,173,5.766666666666667,left_shoulder,0.5,0.5,0.0,540.0,960.0,0.5
4f3dc90e-0e11-4fbb-a481-7f0e76f5fa64,173,5.766666666666667,right_shoulder,0.5,0.5,0.0,540.0,960.0,0.5
4f3dc90e-0e11-4fbb-a481-7f0e76f5fa64,173,5.766666666666667,left_elbow,0.5,0.5,0.0,540.0,960.0,0.5
4f3dc90e-0e11-4fbb-a481-7f0e76f5fa64,173,5.766666666666667,right_elbow,0.5,0.5,0.0,540.0,960.0,0.5
4f3dc90e-0e11-4fbb-a481-7f0e76f5fa64,173,5.766666666666667,left_wrist,0.5,0.5,0.0,540.0,960.0,0.5
4f3dc90e-0e11-4fbb-a481-7f0e76f5fa64,173,5.766666666666667,right_wrist,0.5,0.5,0.0,540.0,960.0,0.5
4f3dc90e-0e11-4fbb-a481-7f0e76f5fa64,173,5.766666666666667,left_hip,0.5,0.5,0.0,540.0,960.0,0.5
4f3dc90e-0e11-4fbb-a481-7f0e76f5fa64,173,5.766666666666667,right_hip,0.5,0.5,0.0,540.0,960.0,0.5
4f3dc90e-0e11-4fbb-a481-7f0e76f5fa64,173,5.766666666666667,left_knee,0.5,0.5,0.0,540.0,960.0,0.5
4f3dc90e-0e11-4fbb-a481-7f0e76f5fa64,173,5.766666666666667,right_knee,0.5,0.5,0.0,540.0,960.0,0.5
4f3dc90e-0e11-4fbb-a481-7f0e76f5fa64,173,5.766666666666667,left_ankle,0.5,0.5,0.0,540.0,960.0,0.5
4f3dc90e-0e11-4fbb-a481-7f0e76f5fa64,173,5.766666666666667,right_ankle,0.5,0.5,0.0,540.0,960.0,0.5
4f3dc90e-0e11-4fbb-a481-7f0e76f5fa64,173,5.766666666666667,left_heel,0.5,0.5,0.0,540.0,960.0,0.5
4f3dc90e-0e11-4fbb-a481-7f0e76f5fa64,173,5.766666666666667,right_heel,0.5,0.5,0.0,540.0,960.0,0.5
4f3dc90e-0e11-4fbb-a481-7f0e76f5fa64,173,5.766666666666667,left_foot_index,0.5,0.5,0.0,540.0,960.0,0.5
4f3dc90e-0e11-4fbb-a481-7f0e76f5fa64,173,5.766666666666667,right_foot_index,0.5,0.5,0.0,540.0,960.0,0.5
4f3dc90e-0e11-4fbb-a481-7f0e76f5fa64,174,5.8,nose,0.5,0.5,0.0,540.0,960.0,0.5
4f3dc90e-0e11-4fbb-a481-7f0e76f5fa64,174,5.8,left_shoulder,0.5,0.5,0.0,540.0,960.0,0.5
4f3dc90e-0e11-4fbb-a481-7f0e76f5fa64,174,5.8,right_shoulder,0.5,0.5,0.0,540.0,960.0,0.5
4f3dc90e-0e11-4fbb-a481-7f0e76f5fa64,174,5.8,left_elbow,0.5,0.5,0.0,540.0,960.0,0.5
4f3dc90e-0e11-4fbb-a481-7f0e76f5fa64,174,5.8,right_elbow,0.5,0.5,0.0,540.0,960.0,0.5
4f3dc90e-0e11-4fbb-a481-7f0e76f5fa64,174,5.8,left_wrist,0.5,0.5,0.0,540.0,960.0,0.5
4f3dc90e-0e11-4fbb-a481-7f0e76f5fa64,174,5.8,right_wrist,0.5,0.5,0.0,540.0,960.0,0.5
4f3dc90e-0e11-4fbb-a481-7f0e76f5fa64,174,5.8,left_hip,0.5,0.5,0.0,540.0,960.0,0.5
4f3dc90e-0e11-4fbb-a481-7f0e76f5fa64,174,5.8,right_hip,0.5,0.5,0.0,540.0,960.0,0.5
4f3dc90e-0e11-4fbb-a481-7f0e76f5fa64,174,5.8,left_knee,0.5,0.5,0.0,540.0,960.0,0.5
4f3dc90e-0e11-4fbb-a481-7f0e76f5fa64,174,5.8,right_knee,0.5,0.5,0.0,540.0,960.0,0.5
4f3dc90e-0e11-4fbb-a481-7f0e76f5fa64,174,5.8,left_ankle,0.5,0.5,0.0,540.0,960.0,0.5
4f3dc90e-0e11-4fbb-a481-7f0e76f5fa64,174,5.8,right_ankle,0.5,0.5,0.0,540.0,960.0,0.5
4f3dc90e-0e11-4fbb-a481-7f0e76f5fa64,174,5.8,left_heel,0.5,0.5,0.0,540.0,960.0,0.5
4f3dc90e-0e11-4fbb-a481-7f0e76f5fa64,174,5.8,right_heel,0.5,0.5,0.0,540.0,960.0,0.5
4f3dc90e-0e11-4fbb-a481-7f0e76f5fa64,174,5.8,left_foot_index,0.5,0.5,0.0,540.0,960.0,0.5
4f3dc90e-0e11-4fbb-a481-7f0e76f5fa64,174,5.8,right_foot_index,0.5,0.5,0.0,540.0,960.0,0.5
4f3dc90e-0e11-4fbb-a481-7f0e76f5fa64,175,5.833333333333333,nose,0.5,0.5,0.0,540.0,960.0,0.5
4f3dc90e-0e11-4fbb-a481-7f0e76f5fa64,175,5.833333333333333,left_shoulder,0.5,0.5,0.0,540.0,960.0,0.5
4f3dc90e-0e11-4fbb-a481-7f0e76f5fa64,175,5.833333333333333,right_shoulder,0.5,0.5,0.0,540.0,960.0,0.5
4f3dc90e-0e11-4fbb-a481-7f0e76f5fa64,175,5.833333333333333,left_elbow,0.5,0.5,0.0,540.0,960.0,0.5
4f3dc90e-0e11-4fbb-a481-7f0e76f5fa64,175,5.833333333333333,right_elbow,0.5,0.5,0.0,540.0,960.0,0.5
4f3dc90e-0e11-4fbb-a481-7f0e76f5fa64,175,5.833333333333333,left_wrist,0.5,0.5,0.0,540.0,960.0,0.5
4f3dc90e-0e11-4fbb-a481-7f0e76f5fa64,175,5.833333333333333,right_wrist,0.5,0.5,0.0,540.0,960.0,0.5
4f3dc90e-0e11-4fbb-a481-7f0e76f5fa64,175,5.833333333333333,left_hip,0.5,0.5,0.0,540.0,960.0,0.5
4f3dc90e-0e11-4fbb-a481-7f0e76f5fa64,175,5.833333333333333,right_hip,0.5,0.5,0.0,540.0,960.0,0.5
4f3dc90e-0e11-4fbb-a481-7f0e76f5fa64,175,5.833333333333333,left_knee,0.5,0.5,0.0,540.0,960.0,0.5
4f3dc90e-0e11-4fbb-a481-7f0e76f5fa64,175,5.833333333333333,right_knee,0.5,0.5,0.0,540.0,960.0,0.5
4f3dc90e-0e11-4fbb-a481-7f0e76f5fa64,175,5.833333333333333,left_ankle,0.5,0.5,0.0,540.0,960.0,0.5
4f3dc90e-0e11-4fbb-a481-7f0e76f5fa64,175,5.833333333333333,right_ankle,0.5,0.5,0.0,540.0,960.0,0.5
4f3dc90e-0e11-4fbb-a481-7f0e76f5fa64,175,5.833333333333333,left_heel,0.5,0.5,0.0,540.0,960.0,0.5
4f3dc90e-0e11-4fbb-a481-7f0e76f5fa64,175,5.833333333333333,right_heel,0.5,0.5,0.0,540.0,960.0,0.5
4f3dc90e-0e11-4fbb-a481-7f0e76f5fa64,175,5.833333333333333,left_foot_index,0.5,0.5,0.0,540.0,960.0,0.5
4f3dc90e-0e11-4fbb-a481-7f0e76f5fa64,175,5.833333333333333,right_foot_index,0.5,0.5,0.0,540.0,960.0,0.5
4f3dc90e-0e11-4fbb-a481-7f0e76f5fa64,176,5.866666666666666,nose,0.5,0.5,0.0,540.0,960.0,0.5
4f3dc90e-0e11-4fbb-a481-7f0e76f5fa64,176,5.866666666666666,left_shoulder,0.5,0.5,0.0,540.0,960.0,0.5
4f3dc90e-0e11-4fbb-a481-7f0e76f5fa64,176,5.866666666666666,right_shoulder,0.5,0.5,0.0,540.0,960.0,0.5
4f3dc90e-0e11-4fbb-a481-7f0e76f5fa64,176,5.866666666666666,left_elbow,0.5,0.5,0.0,540.0,960.0,0.5
4f3dc90e-0e11-4fbb-a481-7f0e76f5fa64,176,5.866666666666666,right_elbow,0.5,0.5,0.0,540.0,960.0,0.5
4f3dc90e-0e11-4fbb-a481-7f0e76f5fa64,176,5.866666666666666,left_wrist,0.5,0.5,0.0,540.0,960.0,0.5
4f3dc90e-0e11-4fbb-a481-7f0e76f5fa64,176,5.866666666666666,right_wrist,0.5,0.5,0.0,540.0,960.0,0.5
4f3dc90e-0e11-4fbb-a481-7f0e76f5fa64,176,5.866666666666666,left_hip,0.5,0.5,0.0,540.0,960.0,0.5
4f3dc90e-0e11-4fbb-a481-7f0e76f5fa64,176,5.866666666666666,right_hip,0.5,0.5,0.0,540.0,960.0,0.5
4f3dc90e-0e11-4fbb-a481-7f0e76f5fa64,176,5.866666666666666,left_knee,0.5,0.5,0.0,540.0,960.0,0.5
4f3dc90e-0e11-4fbb-a481-7f0e76f5fa64,176,5.866666666666666,right_knee,0.5,0.5,0.0,540.0,960.0,0.5
4f3dc90e-0e11-4fbb-a481-7f0e76f5fa64,176,5.866666666666666,left_ankle,0.5,0.5,0.0,540.0,960.0,0.5
4f3dc90e-0e11-4fbb-a481-7f0e76f5fa64,176,5.866666666666666,right_ankle,0.5,0.5,0.0,540.0,960.0,0.5
4f3dc90e-0e11-4fbb-a481-7f0e76f5fa64,176,5.866666666666666,left_heel,0.5,0.5,0.0,540.0,960.0,0.5
4f3dc90e-0e11-4fbb-a481-7f0e76f5fa64,176,5.866666666666666,right_heel,0.5,0.5,0.0,540.0,960.0,0.5
4f3dc90e-0e11-4fbb-a481-7f0e76f5fa64,176,5.866666666666666,left_foot_index,0.5,0.5,0.0,540.0,960.0,0.5
4f3dc90e-0e11-4fbb-a481-7f0e76f5fa64,176,5.866666666666666,right_foot_index,0.5,0.5,0.0,540.0,960.0,0.5
4f3dc90e-0e11-4fbb-a481-7f0e76f5fa64,177,5.9,nose,0.5,0.5,0.0,540.0,960.0,0.5
4f3dc90e-0e11-4fbb-a481-7f0e76f5fa64,177,5.9,left_shoulder,0.5,0.5,0.0,540.0,960.0,0.5
4f3dc90e-0e11-4fbb-a481-7f0e76f5fa64,177,5.9,right_shoulder,0.5,0.5,0.0,540.0,960.0,0.5
4f3dc90e-0e11-4fbb-a481-7f0e76f5fa64,177,5.9,left_elbow,0.5,0.5,0.0,540.0,960.0,0.5
4f3dc90e-0e11-4fbb-a481-7f0e76f5fa64,177,5.9,right_elbow,0.5,0.5,0.0,540.0,960.0,0.5
4f3dc90e-0e11-4fbb-a481-7f0e76f5fa64,177,5.9,left_wrist,0.5,0.5,0.0,540.0,960.0,0.5
4f3dc90e-0e11-4fbb-a481-7f0e76f5fa64,177,5.9,right_wrist,0.5,0.5,0.0,540.0,960.0,0.5
4f3dc90e-0e11-4fbb-a481-7f0e76f5fa64,177,5.9,left_hip,0.5,0.5,0.0,540.0,960.0,0.5
4f3dc90e-0e11-4fbb-a481-7f0e76f5fa64,177,5.9,right_hip,0.5,0.5,0.0,540.0,960.0,0.5
4f3dc90e-0e11-4fbb-a481-7f0e76f5fa64,177,5.9,left_knee,0.5,0.5,0.0,540.0,960.0,0.5
4f3dc90e-0e11-4fbb-a481-7f0e76f5fa64,177,5.9,right_knee,0.5,0.5,0.0,540.0,960.0,0.5
4f3dc90e-0e11-4fbb-a481-7f0e76f5fa64,177,5.9,left_ankle,0.5,0.5,0.0,540.0,960.0,0.5
4f3dc90e-0e11-4fbb-a481-7f0e76f5fa64,177,5.9,right_ankle,0.5,0.5,0.0,540.0,960.0,0.5
4f3dc90e-0e11-4fbb-a481-7f0e76f5fa64,177,5.9,left_heel,0.5,0.5,0.0,540.0,960.0,0.5
4f3dc90e-0e11-4fbb-a481-7f0e76f5fa64,177,5.9,right_heel,0.5,0.5,0.0,540.0,960.0,0.5
4f3dc90e-0e11-4fbb-a481-7f0e76f5fa64,177,5.9,left_foot_index,0.5,0.5,0.0,540.0,960.0,0.5
4f3dc90e-0e11-4fbb-a481-7f0e76f5fa64,177,5.9,right_foot_index,0.5,0.5,0.0,540.0,960.0,0.5
4f3dc90e-0e11-4fbb-a481-7f0e76f5fa64,178,5.933333333333334,nose,0.5,0.5,0.0,540.0,960.0,0.5
4f3dc90e-0e11-4fbb-a481-7f0e76f5fa64,178,5.933333333333334,left_shoulder,0.5,0.5,0.0,540.0,960.0,0.5
4f3dc90e-0e11-4fbb-a481-7f0e76f5fa64,178,5.933333333333334,right_shoulder,0.5,0.5,0.0,540.0,960.0,0.5
4f3dc90e-0e11-4fbb-a481-7f0e76f5fa64,178,5.933333333333334,left_elbow,0.5,0.5,0.0,540.0,960.0,0.5
4f3dc90e-0e11-4fbb-a481-7f0e76f5fa64,178,5.933333333333334,right_elbow,0.5,0.5,0.0,540.0,960.0,0.5
4f3dc90e-0e11-4fbb-a481-7f0e76f5fa64,178,5.933333333333334,left_wrist,0.5,0.5,0.0,540.0,960.0,0.5
4f3dc90e-0e11-4fbb-a481-7f0e76f5fa64,178,5.933333333333334,right_wrist,0.5,0.5,0.0,540.0,960.0,0.5
4f3dc90e-0e11-4fbb-a481-7f0e76f5fa64,178,5.933333333333334,left_hip,0.5,0.5,0.0,540.0,960.0,0.5
4f3dc90e-0e11-4fbb-a481-7f0e76f5fa64,178,5.933333333333334,right_hip,0.5,0.5,0.0,540.0,960.0,0.5
4f3dc90e-0e11-4fbb-a481-7f0e76f5fa64,178,5.933333333333334,left_knee,0.5,0.5,0.0,540.0,960.0,0.5
4f3dc90e-0e11-4fbb-a481-7f0e76f5fa64,178,5.933333333333334,right_knee,0.5,0.5,0.0,540.0,960.0,0.5
4f3dc90e-0e11-4fbb-a481-7f0e76f5fa64,178,5.933333333333334,left_ankle,0.5,0.5,0.0,540.0,960.0,0.5
4f3dc90e-0e11-4fbb-a481-7f0e76f5fa64,178,5.933333333333334,right_ankle,0.5,0.5,0.0,540.0,960.0,0.5
4f3dc90e-0e11-4fbb-a481-7f0e76f5fa64,178,5.933333333333334,left_heel,0.5,0.5,0.0,540.0,960.0,0.5
4f3dc90e-0e11-4fbb-a481-7f0e76f5fa64,178,5.933333333333334,right_heel,0.5,0.5,0.0,540.0,960.0,0.5
4f3dc90e-0e11-4fbb-a481-7f0e76f5fa64,178,5.933333333333334,left_foot_index,0.5,0.5,0.0,540.0,960.0,0.5
4f3dc90e-0e11-4fbb-a481-7f0e76f5fa64,178,5.933333333333334,right_foot_index,0.5,0.5,0.0,540.0,960.0,0.5
4f3dc90e-0e11-4fbb-a481-7f0e76f5fa64,179,5.966666666666667,nose,0.5,0.5,0.0,540.0,960.0,0.5
4f3dc90e-0e11-4fbb-a481-7f0e76f5fa64,179,5.966666666666667,left_shoulder,0.5,0.5,0.0,540.0,960.0,0.5
4f3dc90e-0e11-4fbb-a481-7f0e76f5fa64,179,5.966666666666667,right_shoulder,0.5,0.5,0.0,540.0,960.0,0.5
4f3dc90e-0e11-4fbb-a481-7f0e76f5fa64,179,5.966666666666667,left_elbow,0.5,0.5,0.0,540.0,960.0,0.5
4f3dc90e-0e11-4fbb-a481-7f0e76f5fa64,179,5.966666666666667,right_elbow,0.5,0.5,0.0,540.0,960.0,0.5
4f3dc90e-0e11-4fbb-a481-7f0e76f5fa64,179,5.966666666666667,left_wrist,0.5,0.5,0.0,540.0,960.0,0.5
4f3dc90e-0e11-4fbb-a481-7f0e76f5fa64,179,5.966666666666667,right_wrist,0.5,0.5,0.0,540.0,960.0,0.5
4f3dc90e-0e11-4fbb-a481-7f0e76f5fa64,179,5.966666666666667,left_hip,0.5,0.5,0.0,540.0,960.0,0.5
4f3dc90e-0e11-4fbb-a481-7f0e76f5fa64,179,5.966666666666667,right_hip,0.5,0.5,0.0,540.0,960.0,0.5
4f3dc90e-0e11-4fbb-a481-7f0e76f5fa64,179,5.966666666666667,left_knee,0.5,0.5,0.0,540.0,960.0,0.5
4f3dc90e-0e11-4fbb-a481-7f0e76f5fa64,179,5.966666666666667,right_knee,0.5,0.5,0.0,540.0,960.0,0.5
4f3dc90e-0e11-4fbb-a481-7f0e76f5fa64,179,5.966666666666667,left_ankle,0.5,0.5,0.0,540.0,960.0,0.5
4f3dc90e-0e11-4fbb-a481-7f0e76f5fa64,179,5.966666666666667,right_ankle,0.5,0.5,0.0,540.0,960.0,0.5
4f3dc90e-0e11-4fbb-a481-7f0e76f5fa64,179,5.966666666666667,left_heel,0.5,0.5,0.0,540.0,960.0,0.5
4f3dc90e-0e11-4fbb-a481-7f0e76f5fa64,179,5.966666666666667,right_heel,0.5,0.5,0.0,540.0,960.0,0.5
4f3dc90e-0e11-4fbb-a481-7f0e76f5fa64,179,5.966666666666667,left_foot_index,0.5,0.5,0.0,540.0,960.0,0.5
4f3dc90e-0e11-4fbb-a481-7f0e76f5fa64,179,5.966666666666667,right_foot_index,0.5,0.5,0.0,540.0,960.0,0.5
4f3dc90e-0e11-4fbb-a481-7f0e76f5fa64,180,6.0,nose,0.5,0.5,0.0,540.0,960.0,0.5
4f3dc90e-0e11-4fbb-a481-7f0e76f5fa64,180,6.0,left_shoulder,0.5,0.5,0.0,540.0,960.0,0.5
4f3dc90e-0e11-4fbb-a481-7f0e76f5fa64,180,6.0,right_shoulder,0.5,0.5,0.0,540.0,960.0,0.5
4f3dc90e-0e11-4fbb-a481-7f0e76f5fa64,180,6.0,left_elbow,0.5,0.5,0.0,540.0,960.0,0.5
4f3dc90e-0e11-4fbb-a481-7f0e76f5fa64,180,6.0,right_elbow,0.5,0.5,0.0,540.0,960.0,0.5
4f3dc90e-0e11-4fbb-a481-7f0e76f5fa64,180,6.0,left_wrist,0.5,0.5,0.0,540.0,960.0,0.5
4f3dc90e-0e11-4fbb-a481-7f0e76f5fa64,180,6.0,right_wrist,0.5,0.5,0.0,540.0,960.0,0.5
4f3dc90e-0e11-4fbb-a481-7f0e76f5fa64,180,6.0,left_hip,0.5,0.5,0.0,540.0,960.0,0.5
4f3dc90e-0e11-4fbb-a481-7f0e76f5fa64,180,6.0,right_hip,0.5,0.5,0.0,540.0,960.0,0.5
4f3dc90e-0e11-4fbb-a481-7f0e76f5fa64,180,6.0,left_knee,0.5,0.5,0.0,540.0,960.0,0.5
4f3dc90e-0e11-4fbb-a481-7f0e76f5fa64,180,6.0,right_knee,0.5,0.5,0.0,540.0,960.0,0.5
4f3dc90e-0e11-4fbb-a481-7f0e76f5fa64,180,6.0,left_ankle,0.5,0.5,0.0,540.0,960.0,0.5
4f3dc90e-0e11-4fbb-a481-7f0e76f5fa64,180,6.0,right_ankle,0.5,0.5,0.0,540.0,960.0,0.5
4f3dc90e-0e11-4fbb-a481-7f0e76f5fa64,180,6.0,left_heel,0.5,0.5,0.0,540.0,960.0,0.5
4f3dc90e-0e11-4fbb-a481-7f0e76f5fa64,180,6.0,right_heel,0.5,0.5,0.0,540.0,960.0,0.5
4f3dc90e-0e11-4fbb-a481-7f0e76f5fa64,180,6.0,left_foot_index,0.5,0.5,0.0,540.0,960.0,0.5
4f3dc90e-0e11-4fbb-a481-7f0e76f5fa64,180,6.0,right_foot_index,0.5,0.5,0.0,540.0,960.0,0.5
4f3dc90e-0e11-4fbb-a481-7f0e76f5fa64,181,6.033333333333333,nose,0.5,0.5,0.0,540.0,960.0,0.5
4f3dc90e-0e11-4fbb-a481-7f0e76f5fa64,181,6.033333333333333,left_shoulder,0.5,0.5,0.0,540.0,960.0,0.5
4f3dc90e-0e11-4fbb-a481-7f0e76f5fa64,181,6.033333333333333,right_shoulder,0.5,0.5,0.0,540.0,960.0,0.5
4f3dc90e-0e11-4fbb-a481-7f0e76f5fa64,181,6.033333333333333,left_elbow,0.5,0.5,0.0,540.0,960.0,0.5
4f3dc90e-0e11-4fbb-a481-7f0e76f5fa64,181,6.033333333333333,right_elbow,0.5,0.5,0.0,540.0,960.0,0.5
4f3dc90e-0e11-4fbb-a481-7f0e76f5fa64,181,6.033333333333333,left_wrist,0.5,0.5,0.0,540.0,960.0,0.5
4f3dc90e-0e11-4fbb-a481-7f0e76f5fa64,181,6.033333333333333,right_wrist,0.5,0.5,0.0,540.0,960.0,0.5
4f3dc90e-0e11-4fbb-a481-7f0e76f5fa64,181,6.033333333333333,left_hip,0.5,0.5,0.0,540.0,960.0,0.5
4f3dc90e-0e11-4fbb-a481-7f0e76f5fa64,181,6.033333333333333,right_hip,0.5,0.5,0.0,540.0,960.0,0.5
4f3dc90e-0e11-4fbb-a481-7f0e76f5fa64,181,6.033333333333333,left_knee,0.5,0.5,0.0,540.0,960.0,0.5
4f3dc90e-0e11-4fbb-a481-7f0e76f5fa64,181,6.033333333333333,right_knee,0.5,0.5,0.0,540.0,960.0,0.5
4f3dc90e-0e11-4fbb-a481-7f0e76f5fa64,181,6.033333333333333,left_ankle,0.5,0.5,0.0,540.0,960.0,0.5
4f3dc90e-0e11-4fbb-a481-7f0e76f5fa64,181,6.033333333333333,right_ankle,0.5,0.5,0.0,540.0,960.0,0.5
4f3dc90e-0e11-4fbb-a481-7f0e76f5fa64,181,6.033333333333333,left_heel,0.5,0.5,0.0,540.0,960.0,0.5
4f3dc90e-0e11-4fbb-a481-7f0e76f5fa64,181,6.033333333333333,right_heel,0.5,0.5,0.0,540.0,960.0,0.5
4f3dc90e-0e11-4fbb-a481-7f0e76f5fa64,181,6.033333333333333,left_foot_index,0.5,0.5,0.0,540.0,960.0,0.5
4f3dc90e-0e11-4fbb-a481-7f0e76f5fa64,181,6.033333333333333,right_foot_index,0.5,0.5,0.0,540.0,960.0,0.5
4f3dc90e-0e11-4fbb-a481-7f0e76f5fa64,182,6.066666666666666,nose,0.5,0.5,0.0,540.0,960.0,0.5
4f3dc90e-0e11-4fbb-a481-7f0e76f5fa64,182,6.066666666666666,left_shoulder,0.5,0.5,0.0,540.0,960.0,0.5
4f3dc90e-0e11-4fbb-a481-7f0e76f5fa64,182,6.066666666666666,right_shoulder,0.5,0.5,0.0,540.0,960.0,0.5
4f3dc90e-0e11-4fbb-a481-7f0e76f5fa64,182,6.066666666666666,left_elbow,0.5,0.5,0.0,540.0,960.0,0.5
4f3dc90e-0e11-4fbb-a481-7f0e76f5fa64,182,6.066666666666666,right_elbow,0.5,0.5,0.0,540.0,960.0,0.5
4f3dc90e-0e11-4fbb-a481-7f0e76f5fa64,182,6.066666666666666,left_wrist,0.5,0.5,0.0,540.0,960.0,0.5
4f3dc90e-0e11-4fbb-a481-7f0e76f5fa64,182,6.066666666666666,right_wrist,0.5,0.5,0.0,540.0,960.0,0.5
4f3dc90e-0e11-4fbb-a481-7f0e76f5fa64,182,6.066666666666666,left_hip,0.5,0.5,0.0,540.0,960.0,0.5
4f3dc90e-0e11-4fbb-a481-7f0e76f5fa64,182,6.066666666666666,right_hip,0.5,0.5,0.0,540.0,960.0,0.5
4f3dc90e-0e11-4fbb-a481-7f0e76f5fa64,182,6.066666666666666,left_knee,0.5,0.5,0.0,540.0,960.0,0.5
4f3dc90e-0e11-4fbb-a481-7f0e76f5fa64,182,6.066666666666666,right_knee,0.5,0.5,0.0,540.0,960.0,0.5
4f3dc90e-0e11-4fbb-a481-7f0e76f5fa64,182,6.066666666666666,left_ankle,0.5,0.5,0.0,540.0,960.0,0.5
4f3dc90e-0e11-4fbb-a481-7f0e76f5fa64,182,6.066666666666666,right_ankle,0.5,0.5,0.0,540.0,960.0,0.5
4f3dc90e-0e11-4fbb-a481-7f0e76f5fa64,182,6.066666666666666,left_heel,0.5,0.5,0.0,540.0,960.0,0.5
4f3dc90e-0e11-4fbb-a481-7f0e76f5fa64,182,6.066666666666666,right_heel,0.5,0.5,0.0,540.0,960.0,0.5
4f3dc90e-0e11-4fbb-a481-7f0e76f5fa64,182,6.066666666666666,left_foot_index,0.5,0.5,0.0,540.0,960.0,0.5
4f3dc90e-0e11-4fbb-a481-7f0e76f5fa64,182,6.066666666666666,right_foot_index,0.5,0.5,0.0,540.0,960.0,0.5
4f3dc90e-0e11-4fbb-a481-7f0e76f5fa64,183,6.1,nose,0.5,0.5,0.0,540.0,960.0,0.5
4f3dc90e-0e11-4fbb-a481-7f0e76f5fa64,183,6.1,left_shoulder,0.5,0.5,0.0,540.0,960.0,0.5
4f3dc90e-0e11-4fbb-a481-7f0e76f5fa64,183,6.1,right_shoulder,0.5,0.5,0.0,540.0,960.0,0.5
4f3dc90e-0e11-4fbb-a481-7f0e76f5fa64,183,6.1,left_elbow,0.5,0.5,0.0,540.0,960.0,0.5
4f3dc90e-0e11-4fbb-a481-7f0e76f5fa64,183,6.1,right_elbow,0.5,0.5,0.0,540.0,960.0,0.5
4f3dc90e-0e11-4fbb-a481-7f0e76f5fa64,183,6.1,left_wrist,0.5,0.5,0.0,540.0,960.0,0.5
4f3dc90e-0e11-4fbb-a481-7f0e76f5fa64,183,6.1,right_wrist,0.5,0.5,0.0,540.0,960.0,0.5
4f3dc90e-0e11-4fbb-a481-7f0e76f5fa64,183,6.1,left_hip,0.5,0.5,0.0,540.0,960.0,0.5
4f3dc90e-0e11-4fbb-a481-7f0e76f5fa64,183,6.1,right_hip,0.5,0.5,0.0,540.0,960.0,0.5
4f3dc90e-0e11-4fbb-a481-7f0e76f5fa64,183,6.1,left_knee,0.5,0.5,0.0,540.0,960.0,0.5
4f3dc90e-0e11-4fbb-a481-7f0e76f5fa64,183,6.1,right_knee,0.5,0.5,0.0,540.0,960.0,0.5
4f3dc90e-0e11-4fbb-a481-7f0e76f5fa64,183,6.1,left_ankle,0.5,0.5,0.0,540.0,960.0,0.5
4f3dc90e-0e11-4fbb-a481-7f0e76f5fa64,183,6.1,right_ankle,0.5,0.5,0.0,540.0,960.0,0.5
4f3dc90e-0e11-4fbb-a481-7f0e76f5fa64,183,6.1,left_heel,0.5,0.5,0.0,540.0,960.0,0.5
4f3dc90e-0e11-4fbb-a481-7f0e76f5fa64,183,6.1,right_heel,0.5,0.5,0.0,540.0,960.0,0.5
4f3dc90e-0e11-4fbb-a481-7f0e76f5fa64,183,6.1,left_foot_index,0.5,0.5,0.0,540.0,960.0,0.5
4f3dc90e-0e11-4fbb-a481-7f0e76f5fa64,183,6.1,right_foot_index,0.5,0.5,0.0,540.0,960.0,0.5
4f3dc90e-0e11-4fbb-a481-7f0e76f5fa64,184,6.133333333333334,nose,0.5,0.5,0.0,540.0,960.0,0.5
4f3dc90e-0e11-4fbb-a481-7f0e76f5fa64,184,6.133333333333334,left_shoulder,0.5,0.5,0.0,540.0,960.0,0.5
4f3dc90e-0e11-4fbb-a481-7f0e76f5fa64,184,6.133333333333334,right_shoulder,0.5,0.5,0.0,540.0,960.0,0.5
4f3dc90e-0e11-4fbb-a481-7f0e76f5fa64,184,6.133333333333334,left_elbow,0.5,0.5,0.0,540.0,960.0,0.5
4f3dc90e-0e11-4fbb-a481-7f0e76f5fa64,184,6.133333333333334,right_elbow,0.5,0.5,0.0,540.0,960.0,0.5
4f3dc90e-0e11-4fbb-a481-7f0e76f5fa64,184,6.133333333333334,left_wrist,0.5,0.5,0.0,540.0,960.0,0.5
4f3dc90e-0e11-4fbb-a481-7f0e76f5fa64,184,6.133333333333334,right_wrist,0.5,0.5,0.0,540.0,960.0,0.5
4f3dc90e-0e11-4fbb-a481-7f0e76f5fa64,184,6.133333333333334,left_hip,0.5,0.5,0.0,540.0,960.0,0.5
4f3dc90e-0e11-4fbb-a481-7f0e76f5fa64,184,6.133333333333334,right_hip,0.5,0.5,0.0,540.0,960.0,0.5
4f3dc90e-0e11-4fbb-a481-7f0e76f5fa64,184,6.133333333333334,left_knee,0.5,0.5,0.0,540.0,960.0,0.5
4f3dc90e-0e11-4fbb-a481-7f0e76f5fa64,184,6.133333333333334,right_knee,0.5,0.5,0.0,540.0,960.0,0.5
4f3dc90e-0e11-4fbb-a481-7f0e76f5fa64,184,6.133333333333334,left_ankle,0.5,0.5,0.0,540.0,960.0,0.5
4f3dc90e-0e11-4fbb-a481-7f0e76f5fa64,184,6.133333333333334,right_ankle,0.5,0.5,0.0,540.0,960.0,0.5
4f3dc90e-0e11-4fbb-a481-7f0e76f5fa64,184,6.133333333333334,left_heel,0.5,0.5,0.0,540.0,960.0,0.5
4f3dc90e-0e11-4fbb-a481-7f0e76f5fa64,184,6.133333333333334,right_heel,0.5,0.5,0.0,540.0,960.0,0.5
4f3dc90e-0e11-4fbb-a481-7f0e76f5fa64,184,6.133333333333334,left_foot_index,0.5,0.5,0.0,540.0,960.0,0.5
4f3dc90e-0e11-4fbb-a481-7f0e76f5fa64,184,6.133333333333334,right_foot_index,0.5,0.5,0.0,540.0,960.0,0.5
4f3dc90e-0e11-4fbb-a481-7f0e76f5fa64,185,6.166666666666667,nose,0.5,0.5,0.0,540.0,960.0,0.5
4f3dc90e-0e11-4fbb-a481-7f0e76f5fa64,185,6.166666666666667,left_shoulder,0.5,0.5,0.0,540.0,960.0,0.5
4f3dc90e-0e11-4fbb-a481-7f0e76f5fa64,185,6.166666666666667,right_shoulder,0.5,0.5,0.0,540.0,960.0,0.5
4f3dc90e-0e11-4fbb-a481-7f0e76f5fa64,185,6.166666666666667,left_elbow,0.5,0.5,0.0,540.0,960.0,0.5
4f3dc90e-0e11-4fbb-a481-7f0e76f5fa64,185,6.166666666666667,right_elbow,0.5,0.5,0.0,540.0,960.0,0.5
4f3dc90e-0e11-4fbb-a481-7f0e76f5fa64,185,6.166666666666667,left_wrist,0.5,0.5,0.0,540.0,960.0,0.5
4f3dc90e-0e11-4fbb-a481-7f0e76f5fa64,185,6.166666666666667,right_wrist,0.5,0.5,0.0,540.0,960.0,0.5
4f3dc90e-0e11-4fbb-a481-7f0e76f5fa64,185,6.166666666666667,left_hip,0.5,0.5,0.0,540.0,960.0,0.5
4f3dc90e-0e11-4fbb-a481-7f0e76f5fa64,185,6.166666666666667,right_hip,0.5,0.5,0.0,540.0,960.0,0.5
4f3dc90e-0e11-4fbb-a481-7f0e76f5fa64,185,6.166666666666667,left_knee,0.5,0.5,0.0,540.0,960.0,0.5
4f3dc90e-0e11-4fbb-a481-7f0e76f5fa64,185,6.166666666666667,right_knee,0.5,0.5,0.0,540.0,960.0,0.5
4f3dc90e-0e11-4fbb-a481-7f0e76f5fa64,185,6.166666666666667,left_ankle,0.5,0.5,0.0,540.0,960.0,0.5
4f3dc90e-0e11-4fbb-a481-7f0e76f5fa64,185,6.166666666666667,right_ankle,0.5,0.5,0.0,540.0,960.0,0.5
4f3dc90e-0e11-4fbb-a481-7f0e76f5fa64,185,6.166666666666667,left_heel,0.5,0.5,0.0,540.0,960.0,0.5
4f3dc90e-0e11-4fbb-a481-7f0e76f5fa64,185,6.166666666666667,right_heel,0.5,0.5,0.0,540.0,960.0,0.5
4f3dc90e-0e11-4fbb-a481-7f0e76f5fa64,185,6.166666666666667,left_foot_index,0.5,0.5,0.0,540.0,960.0,0.5
4f3dc90e-0e11-4fbb-a481-7f0e76f5fa64,185,6.166666666666667,right_foot_index,0.5,0.5,0.0,540.0,960.0,0.5
4f3dc90e-0e11-4fbb-a481-7f0e76f5fa64,186,6.2,nose,0.5,0.5,0.0,540.0,960.0,0.5
4f3dc90e-0e11-4fbb-a481-7f0e76f5fa64,186,6.2,left_shoulder,0.5,0.5,0.0,540.0,960.0,0.5
4f3dc90e-0e11-4fbb-a481-7f0e76f5fa64,186,6.2,right_shoulder,0.5,0.5,0.0,540.0,960.0,0.5
4f3dc90e-0e11-4fbb-a481-7f0e76f5fa64,186,6.2,left_elbow,0.5,0.5,0.0,540.0,960.0,0.5
4f3dc90e-0e11-4fbb-a481-7f0e76f5fa64,186,6.2,right_elbow,0.5,0.5,0.0,540.0,960.0,0.5
4f3dc90e-0e11-4fbb-a481-7f0e76f5fa64,186,6.2,left_wrist,0.5,0.5,0.0,540.0,960.0,0.5
4f3dc90e-0e11-4fbb-a481-7f0e76f5fa64,186,6.2,right_wrist,0.5,0.5,0.0,540.0,960.0,0.5
4f3dc90e-0e11-4fbb-a481-7f0e76f5fa64,186,6.2,left_hip,0.5,0.5,0.0,540.0,960.0,0.5
4f3dc90e-0e11-4fbb-a481-7f0e76f5fa64,186,6.2,right_hip,0.5,0.5,0.0,540.0,960.0,0.5
4f3dc90e-0e11-4fbb-a481-7f0e76f5fa64,186,6.2,left_knee,0.5,0.5,0.0,540.0,960.0,0.5
4f3dc90e-0e11-4fbb-a481-7f0e76f5fa64,186,6.2,right_knee,0.5,0.5,0.0,540.0,960.0,0.5
4f3dc90e-0e11-4fbb-a481-7f0e76f5fa64,186,6.2,left_ankle,0.5,0.5,0.0,540.0,960.0,0.5
4f3dc90e-0e11-4fbb-a481-7f0e76f5fa64,186,6.2,right_ankle,0.5,0.5,0.0,540.0,960.0,0.5
4f3dc90e-0e11-4fbb-a481-7f0e76f5fa64,186,6.2,left_heel,0.5,0.5,0.0,540.0,960.0,0.5
4f3dc90e-0e11-4fbb-a481-7f0e76f5fa64,186,6.2,right_heel,0.5,0.5,0.0,540.0,960.0,0.5
4f3dc90e-0e11-4fbb-a481-7f0e76f5fa64,186,6.2,left_foot_index,0.5,0.5,0.0,540.0,960.0,0.5
4f3dc90e-0e11-4fbb-a481-7f0e76f5fa64,186,6.2,right_foot_index,0.5,0.5,0.0,540.0,960.0,0.5
4f3dc90e-0e11-4fbb-a481-7f0e76f5fa64,187,6.233333333333333,nose,0.5,0.5,0.0,540.0,960.0,0.5
4f3dc90e-0e11-4fbb-a481-7f0e76f5fa64,187,6.233333333333333,left_shoulder,0.5,0.5,0.0,540.0,960.0,0.5
4f3dc90e-0e11-4fbb-a481-7f0e76f5fa64,187,6.233333333333333,right_shoulder,0.5,0.5,0.0,540.0,960.0,0.5
4f3dc90e-0e11-4fbb-a481-7f0e76f5fa64,187,6.233333333333333,left_elbow,0.5,0.5,0.0,540.0,960.0,0.5
4f3dc90e-0e11-4fbb-a481-7f0e76f5fa64,187,6.233333333333333,right_elbow,0.5,0.5,0.0,540.0,960.0,0.5
4f3dc90e-0e11-4fbb-a481-7f0e76f5fa64,187,6.233333333333333,left_wrist,0.5,0.5,0.0,540.0,960.0,0.5
4f3dc90e-0e11-4fbb-a481-7f0e76f5fa64,187,6.233333333333333,right_wrist,0.5,0.5,0.0,540.0,960.0,0.5
4f3dc90e-0e11-4fbb-a481-7f0e76f5fa64,187,6.233333333333333,left_hip,0.5,0.5,0.0,540.0,960.0,0.5
4f3dc90e-0e11-4fbb-a481-7f0e76f5fa64,187,6.233333333333333,right_hip,0.5,0.5,0.0,540.0,960.0,0.5
4f3dc90e-0e11-4fbb-a481-7f0e76f5fa64,187,6.233333333333333,left_knee,0.5,0.5,0.0,540.0,960.0,0.5
4f3dc90e-0e11-4fbb-a481-7f0e76f5fa64,187,6.233333333333333,right_knee,0.5,0.5,0.0,540.0,960.0,0.5
4f3dc90e-0e11-4fbb-a481-7f0e76f5fa64,187,6.233333333333333,left_ankle,0.5,0.5,0.0,540.0,960.0,0.5
4f3dc90e-0e11-4fbb-a481-7f0e76f5fa64,187,6.233333333333333,right_ankle,0.5,0.5,0.0,540.0,960.0,0.5
4f3dc90e-0e11-4fbb-a481-7f0e76f5fa64,187,6.233333333333333,left_heel,0.5,0.5,0.0,540.0,960.0,0.5
4f3dc90e-0e11-4fbb-a481-7f0e76f5fa64,187,6.233333333333333,right_heel,0.5,0.5,0.0,540.0,960.0,0.5
4f3dc90e-0e11-4fbb-a481-7f0e76f5fa64,187,6.233333333333333,left_foot_index,0.5,0.5,0.0,540.0,960.0,0.5
4f3dc90e-0e11-4fbb-a481-7f0e76f5fa64,187,6.233333333333333,right_foot_index,0.5,0.5,0.0,540.0,960.0,0.5
4f3dc90e-0e11-4fbb-a481-7f0e76f5fa64,188,6.266666666666667,nose,0.5,0.5,0.0,540.0,960.0,0.5
4f3dc90e-0e11-4fbb-a481-7f0e76f5fa64,188,6.266666666666667,left_shoulder,0.5,0.5,0.0,540.0,960.0,0.5
4f3dc90e-0e11-4fbb-a481-7f0e76f5fa64,188,6.266666666666667,right_shoulder,0.5,0.5,0.0,540.0,960.0,0.5
4f3dc90e-0e11-4fbb-a481-7f0e76f5fa64,188,6.266666666666667,left_elbow,0.5,0.5,0.0,540.0,960.0,0.5
4f3dc90e-0e11-4fbb-a481-7f0e76f5fa64,188,6.266666666666667,right_elbow,0.5,0.5,0.0,540.0,960.0,0.5
4f3dc90e-0e11-4fbb-a481-7f0e76f5fa64,188,6.266666666666667,left_wrist,0.5,0.5,0.0,540.0,960.0,0.5
4f3dc90e-0e11-4fbb-a481-7f0e76f5fa64,188,6.266666666666667,right_wrist,0.5,0.5,0.0,540.0,960.0,0.5
4f3dc90e-0e11-4fbb-a481-7f0e76f5fa64,188,6.266666666666667,left_hip,0.5,0.5,0.0,540.0,960.0,0.5
4f3dc90e-0e11-4fbb-a481-7f0e76f5fa64,188,6.266666666666667,right_hip,0.5,0.5,0.0,540.0,960.0,0.5
4f3dc90e-0e11-4fbb-a481-7f0e76f5fa64,188,6.266666666666667,left_knee,0.5,0.5,0.0,540.0,960.0,0.5
4f3dc90e-0e11-4fbb-a481-7f0e76f5fa64,188,6.266666666666667,right_knee,0.5,0.5,0.0,540.0,960.0,0.5
4f3dc90e-0e11-4fbb-a481-7f0e76f5fa64,188,6.266666666666667,left_ankle,0.5,0.5,0.0,540.0,960.0,0.5
4f3dc90e-0e11-4fbb-a481-7f0e76f5fa64,188,6.266666666666667,right_ankle,0.5,0.5,0.0,540.0,960.0,0.5
4f3dc90e-0e11-4fbb-a481-7f0e76f5fa64,188,6.266666666666667,left_heel,0.5,0.5,0.0,540.0,960.0,0.5
4f3dc90e-0e11-4fbb-a481-7f0e76f5fa64,188,6.266666666666667,right_heel,0.5,0.5,0.0,540.0,960.0,0.5
4f3dc90e-0e11-4fbb-a481-7f0e76f5fa64,188,6.266666666666667,left_foot_index,0.5,0.5,0.0,540.0,960.0,0.5
4f3dc90e-0e11-4fbb-a481-7f0e76f5fa64,188,6.266666666666667,right_foot_index,0.5,0.5,0.0,540.0,960.0,0.5
4f3dc90e-0e11-4fbb-a481-7f0e76f5fa64,189,6.3,nose,0.5,0.5,0.0,540.0,960.0,0.5
4f3dc90e-0e11-4fbb-a481-7f0e76f5fa64,189,6.3,left_shoulder,0.5,0.5,0.0,540.0,960.0,0.5
4f3dc90e-0e11-4fbb-a481-7f0e76f5fa64,189,6.3,right_shoulder,0.5,0.5,0.0,540.0,960.0,0.5
4f3dc90e-0e11-4fbb-a481-7f0e76f5fa64,189,6.3,left_elbow,0.5,0.5,0.0,540.0,960.0,0.5
4f3dc90e-0e11-4fbb-a481-7f0e76f5fa64,189,6.3,right_elbow,0.5,0.5,0.0,540.0,960.0,0.5
4f3dc90e-0e11-4fbb-a481-7f0e76f5fa64,189,6.3,left_wrist,0.5,0.5,0.0,540.0,960.0,0.5
4f3dc90e-0e11-4fbb-a481-7f0e76f5fa64,189,6.3,right_wrist,0.5,0.5,0.0,540.0,960.0,0.5
4f3dc90e-0e11-4fbb-a481-7f0e76f5fa64,189,6.3,left_hip,0.5,0.5,0.0,540.0,960.0,0.5
4f3dc90e-0e11-4fbb-a481-7f0e76f5fa64,189,6.3,right_hip,0.5,0.5,0.0,540.0,960.0,0.5
4f3dc90e-0e11-4fbb-a481-7f0e76f5fa64,189,6.3,left_knee,0.5,0.5,0.0,540.0,960.0,0.5
4f3dc90e-0e11-4fbb-a481-7f0e76f5fa64,189,6.3,right_knee,0.5,0.5,0.0,540.0,960.0,0.5
4f3dc90e-0e11-4fbb-a481-7f0e76f5fa64,189,6.3,left_ankle,0.5,0.5,0.0,540.0,960.0,0.5
4f3dc90e-0e11-4fbb-a481-7f0e76f5fa64,189,6.3,right_ankle,0.5,0.5,0.0,540.0,960.0,0.5
4f3dc90e-0e11-4fbb-a481-7f0e76f5fa64,189,6.3,left_heel,0.5,0.5,0.0,540.0,960.0,0.5
4f3dc90e-0e11-4fbb-a481-7f0e76f5fa64,189,6.3,right_heel,0.5,0.5,0.0,540.0,960.0,0.5
4f3dc90e-0e11-4fbb-a481-7f0e76f5fa64,189,6.3,left_foot_index,0.5,0.5,0.0,540.0,960.0,0.5
4f3dc90e-0e11-4fbb-a481-7f0e76f5fa64,189,6.3,right_foot_index,0.5,0.5,0.0,540.0,960.0,0.5
4f3dc90e-0e11-4fbb-a481-7f0e76f5fa64,190,6.333333333333333,nose,0.5,0.5,0.0,540.0,960.0,0.5
4f3dc90e-0e11-4fbb-a481-7f0e76f5fa64,190,6.333333333333333,left_shoulder,0.5,0.5,0.0,540.0,960.0,0.5
4f3dc90e-0e11-4fbb-a481-7f0e76f5fa64,190,6.333333333333333,right_shoulder,0.5,0.5,0.0,540.0,960.0,0.5
4f3dc90e-0e11-4fbb-a481-7f0e76f5fa64,190,6.333333333333333,left_elbow,0.5,0.5,0.0,540.0,960.0,0.5
4f3dc90e-0e11-4fbb-a481-7f0e76f5fa64,190,6.333333333333333,right_elbow,0.5,0.5,0.0,540.0,960.0,0.5
4f3dc90e-0e11-4fbb-a481-7f0e76f5fa64,190,6.333333333333333,left_wrist,0.5,0.5,0.0,540.0,960.0,0.5
4f3dc90e-0e11-4fbb-a481-7f0e76f5fa64,190,6.333333333333333,right_wrist,0.5,0.5,0.0,540.0,960.0,0.5
4f3dc90e-0e11-4fbb-a481-7f0e76f5fa64,190,6.333333333333333,left_hip,0.5,0.5,0.0,540.0,960.0,0.5
4f3dc90e-0e11-4fbb-a481-7f0e76f5fa64,190,6.333333333333333,right_hip,0.5,0.5,0.0,540.0,960.0,0.5
4f3dc90e-0e11-4fbb-a481-7f0e76f5fa64,190,6.333333333333333,left_knee,0.5,0.5,0.0,540.0,960.0,0.5
4f3dc90e-0e11-4fbb-a481-7f0e76f5fa64,190,6.333333333333333,right_knee,0.5,0.5,0.0,540.0,960.0,0.5
4f3dc90e-0e11-4fbb-a481-7f0e76f5fa64,190,6.333333333333333,left_ankle,0.5,0.5,0.0,540.0,960.0,0.5
4f3dc90e-0e11-4fbb-a481-7f0e76f5fa64,190,6.333333333333333,right_ankle,0.5,0.5,0.0,540.0,960.0,0.5
4f3dc90e-0e11-4fbb-a481-7f0e76f5fa64,190,6.333333333333333,left_heel,0.5,0.5,0.0,540.0,960.0,0.5
4f3dc90e-0e11-4fbb-a481-7f0e76f5fa64,190,6.333333333333333,right_heel,0.5,0.5,0.0,540.0,960.0,0.5
4f3dc90e-0e11-4fbb-a481-7f0e76f5fa64,190,6.333333333333333,left_foot_index,0.5,0.5,0.0,540.0,960.0,0.5
4f3dc90e-0e11-4fbb-a481-7f0e76f5fa64,190,6.333333333333333,right_foot_index,0.5,0.5,0.0,540.0,960.0,0.5
4f3dc90e-0e11-4fbb-a481-7f0e76f5fa64,191,6.366666666666666,nose,0.5,0.5,0.0,540.0,960.0,0.5
4f3dc90e-0e11-4fbb-a481-7f0e76f5fa64,191,6.366666666666666,left_shoulder,0.5,0.5,0.0,540.0,960.0,0.5
4f3dc90e-0e11-4fbb-a481-7f0e76f5fa64,191,6.366666666666666,right_shoulder,0.5,0.5,0.0,540.0,960.0,0.5
4f3dc90e-0e11-4fbb-a481-7f0e76f5fa64,191,6.366666666666666,left_elbow,0.5,0.5,0.0,540.0,960.0,0.5
4f3dc90e-0e11-4fbb-a481-7f0e76f5fa64,191,6.366666666666666,right_elbow,0.5,0.5,0.0,540.0,960.0,0.5
4f3dc90e-0e11-4fbb-a481-7f0e76f5fa64,191,6.366666666666666,left_wrist,0.5,0.5,0.0,540.0,960.0,0.5
4f3dc90e-0e11-4fbb-a481-7f0e76f5fa64,191,6.366666666666666,right_wrist,0.5,0.5,0.0,540.0,960.0,0.5
4f3dc90e-0e11-4fbb-a481-7f0e76f5fa64,191,6.366666666666666,left_hip,0.5,0.5,0.0,540.0,960.0,0.5
4f3dc90e-0e11-4fbb-a481-7f0e76f5fa64,191,6.366666666666666,right_hip,0.5,0.5,0.0,540.0,960.0,0.5
4f3dc90e-0e11-4fbb-a481-7f0e76f5fa64,191,6.366666666666666,left_knee,0.5,0.5,0.0,540.0,960.0,0.5
4f3dc90e-0e11-4fbb-a481-7f0e76f5fa64,191,6.366666666666666,right_knee,0.5,0.5,0.0,540.0,960.0,0.5
4f3dc90e-0e11-4fbb-a481-7f0e76f5fa64,191,6.366666666666666,left_ankle,0.5,0.5,0.0,540.0,960.0,0.5
4f3dc90e-0e11-4fbb-a481-7f0e76f5fa64,191,6.366666666666666,right_ankle,0.5,0.5,0.0,540.0,960.0,0.5
4f3dc90e-0e11-4fbb-a481-7f0e76f5fa64,191,6.366666666666666,left_heel,0.5,0.5,0.0,540.0,960.0,0.5
4f3dc90e-0e11-4fbb-a481-7f0e76f5fa64,191,6.366666666666666,right_heel,0.5,0.5,0.0,540.0,960.0,0.5
4f3dc90e-0e11-4fbb-a481-7f0e76f5fa64,191,6.366666666666666,left_foot_index,0.5,0.5,0.0,540.0,960.0,0.5
4f3dc90e-0e11-4fbb-a481-7f0e76f5fa64,191,6.366666666666666,right_foot_index,0.5,0.5,0.0,540.0,960.0,0.5
4f3dc90e-0e11-4fbb-a481-7f0e76f5fa64,192,6.4,nose,0.5,0.5,0.0,540.0,960.0,0.5
4f3dc90e-0e11-4fbb-a481-7f0e76f5fa64,192,6.4,left_shoulder,0.5,0.5,0.0,540.0,960.0,0.5
4f3dc90e-0e11-4fbb-a481-7f0e76f5fa64,192,6.4,right_shoulder,0.5,0.5,0.0,540.0,960.0,0.5
4f3dc90e-0e11-4fbb-a481-7f0e76f5fa64,192,6.4,left_elbow,0.5,0.5,0.0,540.0,960.0,0.5
4f3dc90e-0e11-4fbb-a481-7f0e76f5fa64,192,6.4,right_elbow,0.5,0.5,0.0,540.0,960.0,0.5
4f3dc90e-0e11-4fbb-a481-7f0e76f5fa64,192,6.4,left_wrist,0.5,0.5,0.0,540.0,960.0,0.5
4f3dc90e-0e11-4fbb-a481-7f0e76f5fa64,192,6.4,right_wrist,0.5,0.5,0.0,540.0,960.0,0.5
4f3dc90e-0e11-4fbb-a481-7f0e76f5fa64,192,6.4,left_hip,0.5,0.5,0.0,540.0,960.0,0.5
4f3dc90e-0e11-4fbb-a481-7f0e76f5fa64,192,6.4,right_hip,0.5,0.5,0.0,540.0,960.0,0.5
4f3dc90e-0e11-4fbb-a481-7f0e76f5fa64,192,6.4,left_knee,0.5,0.5,0.0,540.0,960.0,0.5
4f3dc90e-0e11-4fbb-a481-7f0e76f5fa64,192,6.4,right_knee,0.5,0.5,0.0,540.0,960.0,0.5
4f3dc90e-0e11-4fbb-a481-7f0e76f5fa64,192,6.4,left_ankle,0.5,0.5,0.0,540.0,960.0,0.5
4f3dc90e-0e11-4fbb-a481-7f0e76f5fa64,192,6.4,right_ankle,0.5,0.5,0.0,540.0,960.0,0.5
4f3dc90e-0e11-4fbb-a481-7f0e76f5fa64,192,6.4,left_heel,0.5,0.5,0.0,540.0,960.0,0.5
4f3dc90e-0e11-4fbb-a481-7f0e76f5fa64,192,6.4,right_heel,0.5,0.5,0.0,540.0,960.0,0.5
4f3dc90e-0e11-4fbb-a481-7f0e76f5fa64,192,6.4,left_foot_index,0.5,0.5,0.0,540.0,960.0,0.5
4f3dc90e-0e11-4fbb-a481-7f0e76f5fa64,192,6.4,right_foot_index,0.5,0.5,0.0,540.0,960.0,0.5
4f3dc90e-0e11-4fbb-a481-7f0e76f5fa64,193,6.433333333333334,nose,0.5,0.5,0.0,540.0,960.0,0.5
4f3dc90e-0e11-4fbb-a481-7f0e76f5fa64,193,6.433333333333334,left_shoulder,0.5,0.5,0.0,540.0,960.0,0.5
4f3dc90e-0e11-4fbb-a481-7f0e76f5fa64,193,6.433333333333334,right_shoulder,0.5,0.5,0.0,540.0,960.0,0.5
4f3dc90e-0e11-4fbb-a481-7f0e76f5fa64,193,6.433333333333334,left_elbow,0.5,0.5,0.0,540.0,960.0,0.5
4f3dc90e-0e11-4fbb-a481-7f0e76f5fa64,193,6.433333333333334,right_elbow,0.5,0.5,0.0,540.0,960.0,0.5
4f3dc90e-0e11-4fbb-a481-7f0e76f5fa64,193,6.433333333333334,left_wrist,0.5,0.5,0.0,540.0,960.0,0.5
4f3dc90e-0e11-4fbb-a481-7f0e76f5fa64,193,6.433333333333334,right_wrist,0.5,0.5,0.0,540.0,960.0,0.5
4f3dc90e-0e11-4fbb-a481-7f0e76f5fa64,193,6.433333333333334,left_hip,0.5,0.5,0.0,540.0,960.0,0.5
4f3dc90e-0e11-4fbb-a481-7f0e76f5fa64,193,6.433333333333334,right_hip,0.5,0.5,0.0,540.0,960.0,0.5
4f3dc90e-0e11-4fbb-a481-7f0e76f5fa64,193,6.433333333333334,left_knee,0.5,0.5,0.0,540.0,960.0,0.5
4f3dc90e-0e11-4fbb-a481-7f0e76f5fa64,193,6.433333333333334,right_knee,0.5,0.5,0.0,540.0,960.0,0.5
4f3dc90e-0e11-4fbb-a481-7f0e76f5fa64,193,6.433333333333334,left_ankle,0.5,0.5,0.0,540.0,960.0,0.5
4f3dc90e-0e11-4fbb-a481-7f0e76f5fa64,193,6.433333333333334,right_ankle,0.5,0.5,0.0,540.0,960.0,0.5
4f3dc90e-0e11-4fbb-a481-7f0e76f5fa64,193,6.433333333333334,left_heel,0.5,0.5,0.0,540.0,960.0,0.5
4f3dc90e-0e11-4fbb-a481-7f0e76f5fa64,193,6.433333333333334,right_heel,0.5,0.5,0.0,540.0,960.0,0.5
4f3dc90e-0e11-4fbb-a481-7f0e76f5fa64,193,6.433333333333334,left_foot_index,0.5,0.5,0.0,540.0,960.0,0.5
4f3dc90e-0e11-4fbb-a481-7f0e76f5fa64,193,6.433333333333334,right_foot_index,0.5,0.5,0.0,540.0,960.0,0.5
4f3dc90e-0e11-4fbb-a481-7f0e76f5fa64,194,6.466666666666667,nose,0.5,0.5,0.0,540.0,960.0,0.5
4f3dc90e-0e11-4fbb-a481-7f0e76f5fa64,194,6.466666666666667,left_shoulder,0.5,0.5,0.0,540.0,960.0,0.5
4f3dc90e-0e11-4fbb-a481-7f0e76f5fa64,194,6.466666666666667,right_shoulder,0.5,0.5,0.0,540.0,960.0,0.5
4f3dc90e-0e11-4fbb-a481-7f0e76f5fa64,194,6.466666666666667,left_elbow,0.5,0.5,0.0,540.0,960.0,0.5
4f3dc90e-0e11-4fbb-a481-7f0e76f5fa64,194,6.466666666666667,right_elbow,0.5,0.5,0.0,540.0,960.0,0.5
4f3dc90e-0e11-4fbb-a481-7f0e76f5fa64,194,6.466666666666667,left_wrist,0.5,0.5,0.0,540.0,960.0,0.5
4f3dc90e-0e11-4fbb-a481-7f0e76f5fa64,194,6.466666666666667,right_wrist,0.5,0.5,0.0,540.0,960.0,0.5
4f3dc90e-0e11-4fbb-a481-7f0e76f5fa64,194,6.466666666666667,left_hip,0.5,0.5,0.0,540.0,960.0,0.5
4f3dc90e-0e11-4fbb-a481-7f0e76f5fa64,194,6.466666666666667,right_hip,0.5,0.5,0.0,540.0,960.0,0.5
4f3dc90e-0e11-4fbb-a481-7f0e76f5fa64,194,6.466666666666667,left_knee,0.5,0.5,0.0,540.0,960.0,0.5
4f3dc90e-0e11-4fbb-a481-7f0e76f5fa64,194,6.466666666666667,right_knee,0.5,0.5,0.0,540.0,960.0,0.5
4f3dc90e-0e11-4fbb-a481-7f0e76f5fa64,194,6.466666666666667,left_ankle,0.5,0.5,0.0,540.0,960.0,0.5
4f3dc90e-0e11-4fbb-a481-7f0e76f5fa64,194,6.466666666666667,right_ankle,0.5,0.5,0.0,540.0,960.0,0.5
4f3dc90e-0e11-4fbb-a481-7f0e76f5fa64,194,6.466666666666667,left_heel,0.5,0.5,0.0,540.0,960.0,0.5
4f3dc90e-0e11-4fbb-a481-7f0e76f5fa64,194,6.466666666666667,right_heel,0.5,0.5,0.0,540.0,960.0,0.5
4f3dc90e-0e11-4fbb-a481-7f0e76f5fa64,194,6.466666666666667,left_foot_index,0.5,0.5,0.0,540.0,960.0,0.5
4f3dc90e-0e11-4fbb-a481-7f0e76f5fa64,194,6.466666666666667,right_foot_index,0.5,0.5,0.0,540.0,960.0,0.5
4f3dc90e-0e11-4fbb-a481-7f0e76f5fa64,195,6.5,nose,0.5,0.5,0.0,540.0,960.0,0.5
4f3dc90e-0e11-4fbb-a481-7f0e76f5fa64,195,6.5,left_shoulder,0.5,0.5,0.0,540.0,960.0,0.5
4f3dc90e-0e11-4fbb-a481-7f0e76f5fa64,195,6.5,right_shoulder,0.5,0.5,0.0,540.0,960.0,0.5
4f3dc90e-0e11-4fbb-a481-7f0e76f5fa64,195,6.5,left_elbow,0.5,0.5,0.0,540.0,960.0,0.5
4f3dc90e-0e11-4fbb-a481-7f0e76f5fa64,195,6.5,right_elbow,0.5,0.5,0.0,540.0,960.0,0.5
4f3dc90e-0e11-4fbb-a481-7f0e76f5fa64,195,6.5,left_wrist,0.5,0.5,0.0,540.0,960.0,0.5
4f3dc90e-0e11-4fbb-a481-7f0e76f5fa64,195,6.5,right_wrist,0.5,0.5,0.0,540.0,960.0,0.5
4f3dc90e-0e11-4fbb-a481-7f0e76f5fa64,195,6.5,left_hip,0.5,0.5,0.0,540.0,960.0,0.5
4f3dc90e-0e11-4fbb-a481-7f0e76f5fa64,195,6.5,right_hip,0.5,0.5,0.0,540.0,960.0,0.5
4f3dc90e-0e11-4fbb-a481-7f0e76f5fa64,195,6.5,left_knee,0.5,0.5,0.0,540.0,960.0,0.5
4f3dc90e-0e11-4fbb-a481-7f0e76f5fa64,195,6.5,right_knee,0.5,0.5,0.0,540.0,960.0,0.5
4f3dc90e-0e11-4fbb-a481-7f0e76f5fa64,195,6.5,left_ankle,0.5,0.5,0.0,540.0,960.0,0.5
4f3dc90e-0e11-4fbb-a481-7f0e76f5fa64,195,6.5,right_ankle,0.5,0.5,0.0,540.0,960.0,0.5
4f3dc90e-0e11-4fbb-a481-7f0e76f5fa64,195,6.5,left_heel,0.5,0.5,0.0,540.0,960.0,0.5
4f3dc90e-0e11-4fbb-a481-7f0e76f5fa64,195,6.5,right_heel,0.5,0.5,0.0,540.0,960.0,0.5
4f3dc90e-0e11-4fbb-a481-7f0e76f5fa64,195,6.5,left_foot_index,0.5,0.5,0.0,540.0,960.0,0.5
4f3dc90e-0e11-4fbb-a481-7f0e76f5fa64,195,6.5,right_foot_index,0.5,0.5,0.0,540.0,960.0,0.5
4f3dc90e-0e11-4fbb-a481-7f0e76f5fa64,196,6.533333333333333,nose,0.5,0.5,0.0,540.0,960.0,0.5
4f3dc90e-0e11-4fbb-a481-7f0e76f5fa64,196,6.533333333333333,left_shoulder,0.5,0.5,0.0,540.0,960.0,0.5
4f3dc90e-0e11-4fbb-a481-7f0e76f5fa64,196,6.533333333333333,right_shoulder,0.5,0.5,0.0,540.0,960.0,0.5
4f3dc90e-0e11-4fbb-a481-7f0e76f5fa64,196,6.533333333333333,left_elbow,0.5,0.5,0.0,540.0,960.0,0.5
4f3dc90e-0e11-4fbb-a481-7f0e76f5fa64,196,6.533333333333333,right_elbow,0.5,0.5,0.0,540.0,960.0,0.5
4f3dc90e-0e11-4fbb-a481-7f0e76f5fa64,196,6.533333333333333,left_wrist,0.5,0.5,0.0,540.0,960.0,0.5
4f3dc90e-0e11-4fbb-a481-7f0e76f5fa64,196,6.533333333333333,right_wrist,0.5,0.5,0.0,540.0,960.0,0.5
4f3dc90e-0e11-4fbb-a481-7f0e76f5fa64,196,6.533333333333333,left_hip,0.5,0.5,0.0,540.0,960.0,0.5
4f3dc90e-0e11-4fbb-a481-7f0e76f5fa64,196,6.533333333333333,right_hip,0.5,0.5,0.0,540.0,960.0,0.5
4f3dc90e-0e11-4fbb-a481-7f0e76f5fa64,196,6.533333333333333,left_knee,0.5,0.5,0.0,540.0,960.0,0.5
4f3dc90e-0e11-4fbb-a481-7f0e76f5fa64,196,6.533333333333333,right_knee,0.5,0.5,0.0,540.0,960.0,0.5
4f3dc90e-0e11-4fbb-a481-7f0e76f5fa64,196,6.533333333333333,left_ankle,0.5,0.5,0.0,540.0,960.0,0.5
4f3dc90e-0e11-4fbb-a481-7f0e76f5fa64,196,6.533333333333333,right_ankle,0.5,0.5,0.0,540.0,960.0,0.5
4f3dc90e-0e11-4fbb-a481-7f0e76f5fa64,196,6.533333333333333,left_heel,0.5,0.5,0.0,540.0,960.0,0.5
4f3dc90e-0e11-4fbb-a481-7f0e76f5fa64,196,6.533333333333333,right_heel,0.5,0.5,0.0,540.0,960.0,0.5
4f3dc90e-0e11-4fbb-a481-7f0e76f5fa64,196,6.533333333333333,left_foot_index,0.5,0.5,0.0,540.0,960.0,0.5
4f3dc90e-0e11-4fbb-a481-7f0e76f5fa64,196,6.533333333333333,right_foot_index,0.5,0.5,0.0,540.0,960.0,0.5
4f3dc90e-0e11-4fbb-a481-7f0e76f5fa64,197,6.566666666666666,nose,0.5,0.5,0.0,540.0,960.0,0.5
4f3dc90e-0e11-4fbb-a481-7f0e76f5fa64,197,6.566666666666666,left_shoulder,0.5,0.5,0.0,540.0,960.0,0.5
4f3dc90e-0e11-4fbb-a481-7f0e76f5fa64,197,6.566666666666666,right_shoulder,0.5,0.5,0.0,540.0,960.0,0.5
4f3dc90e-0e11-4fbb-a481-7f0e76f5fa64,197,6.566666666666666,left_elbow,0.5,0.5,0.0,540.0,960.0,0.5
4f3dc90e-0e11-4fbb-a481-7f0e76f5fa64,197,6.566666666666666,right_elbow,0.5,0.5,0.0,540.0,960.0,0.5
4f3dc90e-0e11-4fbb-a481-7f0e76f5fa64,197,6.566666666666666,left_wrist,0.5,0.5,0.0,540.0,960.0,0.5
4f3dc90e-0e11-4fbb-a481-7f0e76f5fa64,197,6.566666666666666,right_wrist,0.5,0.5,0.0,540.0,960.0,0.5
4f3dc90e-0e11-4fbb-a481-7f0e76f5fa64,197,6.566666666666666,left_hip,0.5,0.5,0.0,540.0,960.0,0.5
4f3dc90e-0e11-4fbb-a481-7f0e76f5fa64,197,6.566666666666666,right_hip,0.5,0.5,0.0,540.0,960.0,0.5
4f3dc90e-0e11-4fbb-a481-7f0e76f5fa64,197,6.566666666666666,left_knee,0.5,0.5,0.0,540.0,960.0,0.5
4f3dc90e-0e11-4fbb-a481-7f0e76f5fa64,197,6.566666666666666,right_knee,0.5,0.5,0.0,540.0,960.0,0.5
4f3dc90e-0e11-4fbb-a481-7f0e76f5fa64,197,6.566666666666666,left_ankle,0.5,0.5,0.0,540.0,960.0,0.5
4f3dc90e-0e11-4fbb-a481-7f0e76f5fa64,197,6.566666666666666,right_ankle,0.5,0.5,0.0,540.0,960.0,0.5
4f3dc90e-0e11-4fbb-a481-7f0e76f5fa64,197,6.566666666666666,left_heel,0.5,0.5,0.0,540.0,960.0,0.5
4f3dc90e-0e11-4fbb-a481-7f0e76f5fa64,197,6.566666666666666,right_heel,0.5,0.5,0.0,540.0,960.0,0.5
4f3dc90e-0e11-4fbb-a481-7f0e76f5fa64,197,6.566666666666666,left_foot_index,0.5,0.5,0.0,540.0,960.0,0.5
4f3dc90e-0e11-4fbb-a481-7f0e76f5fa64,197,6.566666666666666,right_foot_index,0.5,0.5,0.0,540.0,960.0,0.5
4f3dc90e-0e11-4fbb-a481-7f0e76f5fa64,198,6.6,nose,0.5,0.5,0.0,540.0,960.0,0.5
4f3dc90e-0e11-4fbb-a481-7f0e76f5fa64,198,6.6,left_shoulder,0.5,0.5,0.0,540.0,960.0,0.5
4f3dc90e-0e11-4fbb-a481-7f0e76f5fa64,198,6.6,right_shoulder,0.5,0.5,0.0,540.0,960.0,0.5
4f3dc90e-0e11-4fbb-a481-7f0e76f5fa64,198,6.6,left_elbow,0.5,0.5,0.0,540.0,960.0,0.5
4f3dc90e-0e11-4fbb-a481-7f0e76f5fa64,198,6.6,right_elbow,0.5,0.5,0.0,540.0,960.0,0.5
4f3dc90e-0e11-4fbb-a481-7f0e76f5fa64,198,6.6,left_wrist,0.5,0.5,0.0,540.0,960.0,0.5
4f3dc90e-0e11-4fbb-a481-7f0e76f5fa64,198,6.6,right_wrist,0.5,0.5,0.0,540.0,960.0,0.5
4f3dc90e-0e11-4fbb-a481-7f0e76f5fa64,198,6.6,left_hip,0.5,0.5,0.0,540.0,960.0,0.5
4f3dc90e-0e11-4fbb-a481-7f0e76f5fa64,198,6.6,right_hip,0.5,0.5,0.0,540.0,960.0,0.5
4f3dc90e-0e11-4fbb-a481-7f0e76f5fa64,198,6.6,left_knee,0.5,0.5,0.0,540.0,960.0,0.5
4f3dc90e-0e11-4fbb-a481-7f0e76f5fa64,198,6.6,right_knee,0.5,0.5,0.0,540.0,960.0,0.5
4f3dc90e-0e11-4fbb-a481-7f0e76f5fa64,198,6.6,left_ankle,0.5,0.5,0.0,540.0,960.0,0.5
4f3dc90e-0e11-4fbb-a481-7f0e76f5fa64,198,6.6,right_ankle,0.5,0.5,0.0,540.0,960.0,0.5
4f3dc90e-0e11-4fbb-a481-7f0e76f5fa64,198,6.6,left_heel,0.5,0.5,0.0,540.0,960.0,0.5
4f3dc90e-0e11-4fbb-a481-7f0e76f5fa64,198,6.6,right_heel,0.5,0.5,0.0,540.0,960.0,0.5
4f3dc90e-0e11-4fbb-a481-7f0e76f5fa64,198,6.6,left_foot_index,0.5,0.5,0.0,540.0,960.0,0.5
4f3dc90e-0e11-4fbb-a481-7f0e76f5fa64,198,6.6,right_foot_index,0.5,0.5,0.0,540.0,960.0,0.5
4f3dc90e-0e11-4fbb-a481-7f0e76f5fa64,199,6.633333333333334,nose,0.5,0.5,0.0,540.0,960.0,0.5
4f3dc90e-0e11-4fbb-a481-7f0e76f5fa64,199,6.633333333333334,left_shoulder,0.5,0.5,0.0,540.0,960.0,0.5
4f3dc90e-0e11-4fbb-a481-7f0e76f5fa64,199,6.633333333333334,right_shoulder,0.5,0.5,0.0,540.0,960.0,0.5
4f3dc90e-0e11-4fbb-a481-7f0e76f5fa64,199,6.633333333333334,left_elbow,0.5,0.5,0.0,540.0,960.0,0.5
4f3dc90e-0e11-4fbb-a481-7f0e76f5fa64,199,6.633333333333334,right_elbow,0.5,0.5,0.0,540.0,960.0,0.5
4f3dc90e-0e11-4fbb-a481-7f0e76f5fa64,199,6.633333333333334,left_wrist,0.5,0.5,0.0,540.0,960.0,0.5
4f3dc90e-0e11-4fbb-a481-7f0e76f5fa64,199,6.633333333333334,right_wrist,0.5,0.5,0.0,540.0,960.0,0.5
4f3dc90e-0e11-4fbb-a481-7f0e76f5fa64,199,6.633333333333334,left_hip,0.5,0.5,0.0,540.0,960.0,0.5
4f3dc90e-0e11-4fbb-a481-7f0e76f5fa64,199,6.633333333333334,right_hip,0.5,0.5,0.0,540.0,960.0,0.5
4f3dc90e-0e11-4fbb-a481-7f0e76f5fa64,199,6.633333333333334,left_knee,0.5,0.5,0.0,540.0,960.0,0.5
4f3dc90e-0e11-4fbb-a481-7f0e76f5fa64,199,6.633333333333334,right_knee,0.5,0.5,0.0,540.0,960.0,0.5
4f3dc90e-0e11-4fbb-a481-7f0e76f5fa64,199,6.633333333333334,left_ankle,0.5,0.5,0.0,540.0,960.0,0.5
4f3dc90e-0e11-4fbb-a481-7f0e76f5fa64,199,6.633333333333334,right_ankle,0.5,0.5,0.0,540.0,960.0,0.5
4f3dc90e-0e11-4fbb-a481-7f0e76f5fa64,199,6.633333333333334,left_heel,0.5,0.5,0.0,540.0,960.0,0.5
4f3dc90e-0e11-4fbb-a481-7f0e76f5fa64,199,6.633333333333334,right_heel,0.5,0.5,0.0,540.0,960.0,0.5
4f3dc90e-0e11-4fbb-a481-7f0e76f5fa64,199,6.633333333333334,left_foot_index,0.5,0.5,0.0,540.0,960.0,0.5
4f3dc90e-0e11-4fbb-a481-7f0e76f5fa64,199,6.633333333333334,right_foot_index,0.5,0.5,0.0,540.0,960.0,0.5
4f3dc90e-0e11-4fbb-a481-7f0e76f5fa64,200,6.666666666666667,nose,0.5,0.5,0.0,540.0,960.0,0.5
4f3dc90e-0e11-4fbb-a481-7f0e76f5fa64,200,6.666666666666667,left_shoulder,0.5,0.5,0.0,540.0,960.0,0.5
4f3dc90e-0e11-4fbb-a481-7f0e76f5fa64,200,6.666666666666667,right_shoulder,0.5,0.5,0.0,540.0,960.0,0.5
4f3dc90e-0e11-4fbb-a481-7f0e76f5fa64,200,6.666666666666667,left_elbow,0.5,0.5,0.0,540.0,960.0,0.5
4f3dc90e-0e11-4fbb-a481-7f0e76f5fa64,200,6.666666666666667,right_elbow,0.5,0.5,0.0,540.0,960.0,0.5
4f3dc90e-0e11-4fbb-a481-7f0e76f5fa64,200,6.666666666666667,left_wrist,0.5,0.5,0.0,540.0,960.0,0.5
4f3dc90e-0e11-4fbb-a481-7f0e76f5fa64,200,6.666666666666667,right_wrist,0.5,0.5,0.0,540.0,960.0,0.5
4f3dc90e-0e11-4fbb-a481-7f0e76f5fa64,200,6.666666666666667,left_hip,0.5,0.5,0.0,540.0,960.0,0.5
4f3dc90e-0e11-4fbb-a481-7f0e76f5fa64,200,6.666666666666667,right_hip,0.5,0.5,0.0,540.0,960.0,0.5
4f3dc90e-0e11-4fbb-a481-7f0e76f5fa64,200,6.666666666666667,left_knee,0.5,0.5,0.0,540.0,960.0,0.5
4f3dc90e-0e11-4fbb-a481-7f0e76f5fa64,200,6.666666666666667,right_knee,0.5,0.5,0.0,540.0,960.0,0.5
4f3dc90e-0e11-4fbb-a481-7f0e76f5fa64,200,6.666666666666667,left_ankle,0.5,0.5,0.0,540.0,960.0,0.5
4f3dc90e-0e11-4fbb-a481-7f0e76f5fa64,200,6.666666666666667,right_ankle,0.5,0.5,0.0,540.0,960.0,0.5
4f3dc90e-0e11-4fbb-a481-7f0e76f5fa64,200,6.666666666666667,left_heel,0.5,0.5,0.0,540.0,960.0,0.5
4f3dc90e-0e11-4fbb-a481-7f0e76f5fa64,200,6.666666666666667,right_heel,0.5,0.5,0.0,540.0,960.0,0.5
4f3dc90e-0e11-4fbb-a481-7f0e76f5fa64,200,6.666666666666667,left_foot_index,0.5,0.5,0.0,540.0,960.0,0.5
4f3dc90e-0e11-4fbb-a481-7f0e76f5fa64,200,6.666666666666667,right_foot_index,0.5,0.5,0.0,540.0,960.0,0.5
4f3dc90e-0e11-4fbb-a481-7f0e76f5fa64,201,6.7,nose,0.5,0.5,0.0,540.0,960.0,0.5
4f3dc90e-0e11-4fbb-a481-7f0e76f5fa64,201,6.7,left_shoulder,0.5,0.5,0.0,540.0,960.0,0.5
4f3dc90e-0e11-4fbb-a481-7f0e76f5fa64,201,6.7,right_shoulder,0.5,0.5,0.0,540.0,960.0,0.5
4f3dc90e-0e11-4fbb-a481-7f0e76f5fa64,201,6.7,left_elbow,0.5,0.5,0.0,540.0,960.0,0.5
4f3dc90e-0e11-4fbb-a481-7f0e76f5fa64,201,6.7,right_elbow,0.5,0.5,0.0,540.0,960.0,0.5
4f3dc90e-0e11-4fbb-a481-7f0e76f5fa64,201,6.7,left_wrist,0.5,0.5,0.0,540.0,960.0,0.5
4f3dc90e-0e11-4fbb-a481-7f0e76f5fa64,201,6.7,right_wrist,0.5,0.5,0.0,540.0,960.0,0.5
4f3dc90e-0e11-4fbb-a481-7f0e76f5fa64,201,6.7,left_hip,0.5,0.5,0.0,540.0,960.0,0.5
4f3dc90e-0e11-4fbb-a481-7f0e76f5fa64,201,6.7,right_hip,0.5,0.5,0.0,540.0,960.0,0.5
4f3dc90e-0e11-4fbb-a481-7f0e76f5fa64,201,6.7,left_knee,0.5,0.5,0.0,540.0,960.0,0.5
4f3dc90e-0e11-4fbb-a481-7f0e76f5fa64,201,6.7,right_knee,0.5,0.5,0.0,540.0,960.0,0.5
4f3dc90e-0e11-4fbb-a481-7f0e76f5fa64,201,6.7,left_ankle,0.5,0.5,0.0,540.0,960.0,0.5
4f3dc90e-0e11-4fbb-a481-7f0e76f5fa64,201,6.7,right_ankle,0.5,0.5,0.0,540.0,960.0,0.5
4f3dc90e-0e11-4fbb-a481-7f0e76f5fa64,201,6.7,left_heel,0.5,0.5,0.0,540.0,960.0,0.5
4f3dc90e-0e11-4fbb-a481-7f0e76f5fa64,201,6.7,right_heel,0.5,0.5,0.0,540.0,960.0,0.5
4f3dc90e-0e11-4fbb-a481-7f0e76f5fa64,201,6.7,left_foot_index,0.5,0.5,0.0,540.0,960.0,0.5
4f3dc90e-0e11-4fbb-a481-7f0e76f5fa64,201,6.7,right_foot_index,0.5,0.5,0.0,540.0,960.0,0.5
4f3dc90e-0e11-4fbb-a481-7f0e76f5fa64,202,6.733333333333333,nose,0.5,0.5,0.0,540.0,960.0,0.5
4f3dc90e-0e11-4fbb-a481-7f0e76f5fa64,202,6.733333333333333,left_shoulder,0.5,0.5,0.0,540.0,960.0,0.5
4f3dc90e-0e11-4fbb-a481-7f0e76f5fa64,202,6.733333333333333,right_shoulder,0.5,0.5,0.0,540.0,960.0,0.5
4f3dc90e-0e11-4fbb-a481-7f0e76f5fa64,202,6.733333333333333,left_elbow,0.5,0.5,0.0,540.0,960.0,0.5
4f3dc90e-0e11-4fbb-a481-7f0e76f5fa64,202,6.733333333333333,right_elbow,0.5,0.5,0.0,540.0,960.0,0.5
4f3dc90e-0e11-4fbb-a481-7f0e76f5fa64,202,6.733333333333333,left_wrist,0.5,0.5,0.0,540.0,960.0,0.5
4f3dc90e-0e11-4fbb-a481-7f0e76f5fa64,202,6.733333333333333,right_wrist,0.5,0.5,0.0,540.0,960.0,0.5
4f3dc90e-0e11-4fbb-a481-7f0e76f5fa64,202,6.733333333333333,left_hip,0.5,0.5,0.0,540.0,960.0,0.5
4f3dc90e-0e11-4fbb-a481-7f0e76f5fa64,202,6.733333333333333,right_hip,0.5,0.5,0.0,540.0,960.0,0.5
4f3dc90e-0e11-4fbb-a481-7f0e76f5fa64,202,6.733333333333333,left_knee,0.5,0.5,0.0,540.0,960.0,0.5
4f3dc90e-0e11-4fbb-a481-7f0e76f5fa64,202,6.733333333333333,right_knee,0.5,0.5,0.0,540.0,960.0,0.5
4f3dc90e-0e11-4fbb-a481-7f0e76f5fa64,202,6.733333333333333,left_ankle,0.5,0.5,0.0,540.0,960.0,0.5
4f3dc90e-0e11-4fbb-a481-7f0e76f5fa64,202,6.733333333333333,right_ankle,0.5,0.5,0.0,540.0,960.0,0.5
4f3dc90e-0e11-4fbb-a481-7f0e76f5fa64,202,6.733333333333333,left_heel,0.5,0.5,0.0,540.0,960.0,0.5
4f3dc90e-0e11-4fbb-a481-7f0e76f5fa64,202,6.733333333333333,right_heel,0.5,0.5,0.0,540.0,960.0,0.5
4f3dc90e-0e11-4fbb-a481-7f0e76f5fa64,202,6.733333333333333,left_foot_index,0.5,0.5,0.0,540.0,960.0,0.5
4f3dc90e-0e11-4fbb-a481-7f0e76f5fa64,202,6.733333333333333,right_foot_index,0.5,0.5,0.0,540.0,960.0,0.5
4f3dc90e-0e11-4fbb-a481-7f0e76f5fa64,203,6.766666666666667,nose,0.5,0.5,0.0,540.0,960.0,0.5
4f3dc90e-0e11-4fbb-a481-7f0e76f5fa64,203,6.766666666666667,left_shoulder,0.5,0.5,0.0,540.0,960.0,0.5
4f3dc90e-0e11-4fbb-a481-7f0e76f5fa64,203,6.766666666666667,right_shoulder,0.5,0.5,0.0,540.0,960.0,0.5
4f3dc90e-0e11-4fbb-a481-7f0e76f5fa64,203,6.766666666666667,left_elbow,0.5,0.5,0.0,540.0,960.0,0.5
4f3dc90e-0e11-4fbb-a481-7f0e76f5fa64,203,6.766666666666667,right_elbow,0.5,0.5,0.0,540.0,960.0,0.5
4f3dc90e-0e11-4fbb-a481-7f0e76f5fa64,203,6.766666666666667,left_wrist,0.5,0.5,0.0,540.0,960.0,0.5
4f3dc90e-0e11-4fbb-a481-7f0e76f5fa64,203,6.766666666666667,right_wrist,0.5,0.5,0.0,540.0,960.0,0.5
4f3dc90e-0e11-4fbb-a481-7f0e76f5fa64,203,6.766666666666667,left_hip,0.5,0.5,0.0,540.0,960.0,0.5
4f3dc90e-0e11-4fbb-a481-7f0e76f5fa64,203,6.766666666666667,right_hip,0.5,0.5,0.0,540.0,960.0,0.5
4f3dc90e-0e11-4fbb-a481-7f0e76f5fa64,203,6.766666666666667,left_knee,0.5,0.5,0.0,540.0,960.0,0.5
4f3dc90e-0e11-4fbb-a481-7f0e76f5fa64,203,6.766666666666667,right_knee,0.5,0.5,0.0,540.0,960.0,0.5
4f3dc90e-0e11-4fbb-a481-7f0e76f5fa64,203,6.766666666666667,left_ankle,0.5,0.5,0.0,540.0,960.0,0.5
4f3dc90e-0e11-4fbb-a481-7f0e76f5fa64,203,6.766666666666667,right_ankle,0.5,0.5,0.0,540.0,960.0,0.5
4f3dc90e-0e11-4fbb-a481-7f0e76f5fa64,203,6.766666666666667,left_heel,0.5,0.5,0.0,540.0,960.0,0.5
4f3dc90e-0e11-4fbb-a481-7f0e76f5fa64,203,6.766666666666667,right_heel,0.5,0.5,0.0,540.0,960.0,0.5
4f3dc90e-0e11-4fbb-a481-7f0e76f5fa64,203,6.766666666666667,left_foot_index,0.5,0.5,0.0,540.0,960.0,0.5
4f3dc90e-0e11-4fbb-a481-7f0e76f5fa64,203,6.766666666666667,right_foot_index,0.5,0.5,0.0,540.0,960.0,0.5
4f3dc90e-0e11-4fbb-a481-7f0e76f5fa64,204,6.8,nose,0.5,0.5,0.0,540.0,960.0,0.5
4f3dc90e-0e11-4fbb-a481-7f0e76f5fa64,204,6.8,left_shoulder,0.5,0.5,0.0,540.0,960.0,0.5
4f3dc90e-0e11-4fbb-a481-7f0e76f5fa64,204,6.8,right_shoulder,0.5,0.5,0.0,540.0,960.0,0.5
4f3dc90e-0e11-4fbb-a481-7f0e76f5fa64,204,6.8,left_elbow,0.5,0.5,0.0,540.0,960.0,0.5
4f3dc90e-0e11-4fbb-a481-7f0e76f5fa64,204,6.8,right_elbow,0.5,0.5,0.0,540.0,960.0,0.5
4f3dc90e-0e11-4fbb-a481-7f0e76f5fa64,204,6.8,left_wrist,0.5,0.5,0.0,540.0,960.0,0.5
4f3dc90e-0e11-4fbb-a481-7f0e76f5fa64,204,6.8,right_wrist,0.5,0.5,0.0,540.0,960.0,0.5
4f3dc90e-0e11-4fbb-a481-7f0e76f5fa64,204,6.8,left_hip,0.5,0.5,0.0,540.0,960.0,0.5
4f3dc90e-0e11-4fbb-a481-7f0e76f5fa64,204,6.8,right_hip,0.5,0.5,0.0,540.0,960.0,0.5
4f3dc90e-0e11-4fbb-a481-7f0e76f5fa64,204,6.8,left_knee,0.5,0.5,0.0,540.0,960.0,0.5
4f3dc90e-0e11-4fbb-a481-7f0e76f5fa64,204,6.8,right_knee,0.5,0.5,0.0,540.0,960.0,0.5
4f3dc90e-0e11-4fbb-a481-7f0e76f5fa64,204,6.8,left_ankle,0.5,0.5,0.0,540.0,960.0,0.5
4f3dc90e-0e11-4fbb-a481-7f0e76f5fa64,204,6.8,right_ankle,0.5,0.5,0.0,540.0,960.0,0.5
4f3dc90e-0e11-4fbb-a481-7f0e76f5fa64,204,6.8,left_heel,0.5,0.5,0.0,540.0,960.0,0.5
4f3dc90e-0e11-4fbb-a481-7f0e76f5fa64,204,6.8,right_heel,0.5,0.5,0.0,540.0,960.0,0.5
4f3dc90e-0e11-4fbb-a481-7f0e76f5fa64,204,6.8,left_foot_index,0.5,0.5,0.0,540.0,960.0,0.5
4f3dc90e-0e11-4fbb-a481-7f0e76f5fa64,204,6.8,right_foot_index,0.5,0.5,0.0,540.0,960.0,0.5
4f3dc90e-0e11-4fbb-a481-7f0e76f5fa64,205,6.833333333333333,nose,0.5,0.5,0.0,540.0,960.0,0.5
4f3dc90e-0e11-4fbb-a481-7f0e76f5fa64,205,6.833333333333333,left_shoulder,0.5,0.5,0.0,540.0,960.0,0.5
4f3dc90e-0e11-4fbb-a481-7f0e76f5fa64,205,6.833333333333333,right_shoulder,0.5,0.5,0.0,540.0,960.0,0.5
4f3dc90e-0e11-4fbb-a481-7f0e76f5fa64,205,6.833333333333333,left_elbow,0.5,0.5,0.0,540.0,960.0,0.5
4f3dc90e-0e11-4fbb-a481-7f0e76f5fa64,205,6.833333333333333,right_elbow,0.5,0.5,0.0,540.0,960.0,0.5
4f3dc90e-0e11-4fbb-a481-7f0e76f5fa64,205,6.833333333333333,left_wrist,0.5,0.5,0.0,540.0,960.0,0.5
4f3dc90e-0e11-4fbb-a481-7f0e76f5fa64,205,6.833333333333333,right_wrist,0.5,0.5,0.0,540.0,960.0,0.5
4f3dc90e-0e11-4fbb-a481-7f0e76f5fa64,205,6.833333333333333,left_hip,0.5,0.5,0.0,540.0,960.0,0.5
4f3dc90e-0e11-4fbb-a481-7f0e76f5fa64,205,6.833333333333333,right_hip,0.5,0.5,0.0,540.0,960.0,0.5
4f3dc90e-0e11-4fbb-a481-7f0e76f5fa64,205,6.833333333333333,left_knee,0.5,0.5,0.0,540.0,960.0,0.5
4f3dc90e-0e11-4fbb-a481-7f0e76f5fa64,205,6.833333333333333,right_knee,0.5,0.5,0.0,540.0,960.0,0.5
4f3dc90e-0e11-4fbb-a481-7f0e76f5fa64,205,6.833333333333333,left_ankle,0.5,0.5,0.0,540.0,960.0,0.5
4f3dc90e-0e11-4fbb-a481-7f0e76f5fa64,205,6.833333333333333,right_ankle,0.5,0.5,0.0,540.0,960.0,0.5
4f3dc90e-0e11-4fbb-a481-7f0e76f5fa64,205,6.833333333333333,left_heel,0.5,0.5,0.0,540.0,960.0,0.5
4f3dc90e-0e11-4fbb-a481-7f0e76f5fa64,205,6.833333333333333,right_heel,0.5,0.5,0.0,540.0,960.0,0.5
4f3dc90e-0e11-4fbb-a481-7f0e76f5fa64,205,6.833333333333333,left_foot_index,0.5,0.5,0.0,540.0,960.0,0.5
4f3dc90e-0e11-4fbb-a481-7f0e76f5fa64,205,6.833333333333333,right_foot_index,0.5,0.5,0.0,540.0,960.0,0.5
4f3dc90e-0e11-4fbb-a481-7f0e76f5fa64,206,6.866666666666666,nose,0.5,0.5,0.0,540.0,960.0,0.5
4f3dc90e-0e11-4fbb-a481-7f0e76f5fa64,206,6.866666666666666,left_shoulder,0.5,0.5,0.0,540.0,960.0,0.5
4f3dc90e-0e11-4fbb-a481-7f0e76f5fa64,206,6.866666666666666,right_shoulder,0.5,0.5,0.0,540.0,960.0,0.5
4f3dc90e-0e11-4fbb-a481-7f0e76f5fa64,206,6.866666666666666,left_elbow,0.5,0.5,0.0,540.0,960.0,0.5
4f3dc90e-0e11-4fbb-a481-7f0e76f5fa64,206,6.866666666666666,right_elbow,0.5,0.5,0.0,540.0,960.0,0.5
4f3dc90e-0e11-4fbb-a481-7f0e76f5fa64,206,6.866666666666666,left_wrist,0.5,0.5,0.0,540.0,960.0,0.5
4f3dc90e-0e11-4fbb-a481-7f0e76f5fa64,206,6.866666666666666,right_wrist,0.5,0.5,0.0,540.0,960.0,0.5
4f3dc90e-0e11-4fbb-a481-7f0e76f5fa64,206,6.866666666666666,left_hip,0.5,0.5,0.0,540.0,960.0,0.5
4f3dc90e-0e11-4fbb-a481-7f0e76f5fa64,206,6.866666666666666,right_hip,0.5,0.5,0.0,540.0,960.0,0.5
4f3dc90e-0e11-4fbb-a481-7f0e76f5fa64,206,6.866666666666666,left_knee,0.5,0.5,0.0,540.0,960.0,0.5
4f3dc90e-0e11-4fbb-a481-7f0e76f5fa64,206,6.866666666666666,right_knee,0.5,0.5,0.0,540.0,960.0,0.5
4f3dc90e-0e11-4fbb-a481-7f0e76f5fa64,206,6.866666666666666,left_ankle,0.5,0.5,0.0,540.0,960.0,0.5
4f3dc90e-0e11-4fbb-a481-7f0e76f5fa64,206,6.866666666666666,right_ankle,0.5,0.5,0.0,540.0,960.0,0.5
4f3dc90e-0e11-4fbb-a481-7f0e76f5fa64,206,6.866666666666666,left_heel,0.5,0.5,0.0,540.0,960.0,0.5
4f3dc90e-0e11-4fbb-a481-7f0e76f5fa64,206,6.866666666666666,right_heel,0.5,0.5,0.0,540.0,960.0,0.5
4f3dc90e-0e11-4fbb-a481-7f0e76f5fa64,206,6.866666666666666,left_foot_index,0.5,0.5,0.0,540.0,960.0,0.5
4f3dc90e-0e11-4fbb-a481-7f0e76f5fa64,206,6.866666666666666,right_foot_index,0.5,0.5,0.0,540.0,960.0,0.5
4f3dc90e-0e11-4fbb-a481-7f0e76f5fa64,207,6.9,nose,0.5,0.5,0.0,540.0,960.0,0.5
4f3dc90e-0e11-4fbb-a481-7f0e76f5fa64,207,6.9,left_shoulder,0.5,0.5,0.0,540.0,960.0,0.5
4f3dc90e-0e11-4fbb-a481-7f0e76f5fa64,207,6.9,right_shoulder,0.5,0.5,0.0,540.0,960.0,0.5
4f3dc90e-0e11-4fbb-a481-7f0e76f5fa64,207,6.9,left_elbow,0.5,0.5,0.0,540.0,960.0,0.5
4f3dc90e-0e11-4fbb-a481-7f0e76f5fa64,207,6.9,right_elbow,0.5,0.5,0.0,540.0,960.0,0.5
4f3dc90e-0e11-4fbb-a481-7f0e76f5fa64,207,6.9,left_wrist,0.5,0.5,0.0,540.0,960.0,0.5
4f3dc90e-0e11-4fbb-a481-7f0e76f5fa64,207,6.9,right_wrist,0.5,0.5,0.0,540.0,960.0,0.5
4f3dc90e-0e11-4fbb-a481-7f0e76f5fa64,207,6.9,left_hip,0.5,0.5,0.0,540.0,960.0,0.5
4f3dc90e-0e11-4fbb-a481-7f0e76f5fa64,207,6.9,right_hip,0.5,0.5,0.0,540.0,960.0,0.5
4f3dc90e-0e11-4fbb-a481-7f0e76f5fa64,207,6.9,left_knee,0.5,0.5,0.0,540.0,960.0,0.5
4f3dc90e-0e11-4fbb-a481-7f0e76f5fa64,207,6.9,right_knee,0.5,0.5,0.0,540.0,960.0,0.5
4f3dc90e-0e11-4fbb-a481-7f0e76f5fa64,207,6.9,left_ankle,0.5,0.5,0.0,540.0,960.0,0.5
4f3dc90e-0e11-4fbb-a481-7f0e76f5fa64,207,6.9,right_ankle,0.5,0.5,0.0,540.0,960.0,0.5
4f3dc90e-0e11-4fbb-a481-7f0e76f5fa64,207,6.9,left_heel,0.5,0.5,0.0,540.0,960.0,0.5
4f3dc90e-0e11-4fbb-a481-7f0e76f5fa64,207,6.9,right_heel,0.5,0.5,0.0,540.0,960.0,0.5
4f3dc90e-0e11-4fbb-a481-7f0e76f5fa64,207,6.9,left_foot_index,0.5,0.5,0.0,540.0,960.0,0.5
4f3dc90e-0e11-4fbb-a481-7f0e76f5fa64,207,6.9,right_foot_index,0.5,0.5,0.0,540.0,960.0,0.5
4f3dc90e-0e11-4fbb-a481-7f0e76f5fa64,208,6.933333333333334,nose,0.5,0.5,0.0,540.0,960.0,0.5
4f3dc90e-0e11-4fbb-a481-7f0e76f5fa64,208,6.933333333333334,left_shoulder,0.5,0.5,0.0,540.0,960.0,0.5
4f3dc90e-0e11-4fbb-a481-7f0e76f5fa64,208,6.933333333333334,right_shoulder,0.5,0.5,0.0,540.0,960.0,0.5
4f3dc90e-0e11-4fbb-a481-7f0e76f5fa64,208,6.933333333333334,left_elbow,0.5,0.5,0.0,540.0,960.0,0.5
4f3dc90e-0e11-4fbb-a481-7f0e76f5fa64,208,6.933333333333334,right_elbow,0.5,0.5,0.0,540.0,960.0,0.5
4f3dc90e-0e11-4fbb-a481-7f0e76f5fa64,208,6.933333333333334,left_wrist,0.5,0.5,0.0,540.0,960.0,0.5
4f3dc90e-0e11-4fbb-a481-7f0e76f5fa64,208,6.933333333333334,right_wrist,0.5,0.5,0.0,540.0,960.0,0.5
4f3dc90e-0e11-4fbb-a481-7f0e76f5fa64,208,6.933333333333334,left_hip,0.5,0.5,0.0,540.0,960.0,0.5
4f3dc90e-0e11-4fbb-a481-7f0e76f5fa64,208,6.933333333333334,right_hip,0.5,0.5,0.0,540.0,960.0,0.5
4f3dc90e-0e11-4fbb-a481-7f0e76f5fa64,208,6.933333333333334,left_knee,0.5,0.5,0.0,540.0,960.0,0.5
4f3dc90e-0e11-4fbb-a481-7f0e76f5fa64,208,6.933333333333334,right_knee,0.5,0.5,0.0,540.0,960.0,0.5
4f3dc90e-0e11-4fbb-a481-7f0e76f5fa64,208,6.933333333333334,left_ankle,0.5,0.5,0.0,540.0,960.0,0.5
4f3dc90e-0e11-4fbb-a481-7f0e76f5fa64,208,6.933333333333334,right_ankle,0.5,0.5,0.0,540.0,960.0,0.5
4f3dc90e-0e11-4fbb-a481-7f0e76f5fa64,208,6.933333333333334,left_heel,0.5,0.5,0.0,540.0,960.0,0.5
4f3dc90e-0e11-4fbb-a481-7f0e76f5fa64,208,6.933333333333334,right_heel,0.5,0.5,0.0,540.0,960.0,0.5
4f3dc90e-0e11-4fbb-a481-7f0e76f5fa64,208,6.933333333333334,left_foot_index,0.5,0.5,0.0,540.0,960.0,0.5
4f3dc90e-0e11-4fbb-a481-7f0e76f5fa64,208,6.933333333333334,right_foot_index,0.5,0.5,0.0,540.0,960.0,0.5
4f3dc90e-0e11-4fbb-a481-7f0e76f5fa64,209,6.966666666666667,nose,0.5,0.5,0.0,540.0,960.0,0.5
4f3dc90e-0e11-4fbb-a481-7f0e76f5fa64,209,6.966666666666667,left_shoulder,0.5,0.5,0.0,540.0,960.0,0.5
4f3dc90e-0e11-4fbb-a481-7f0e76f5fa64,209,6.966666666666667,right_shoulder,0.5,0.5,0.0,540.0,960.0,0.5
4f3dc90e-0e11-4fbb-a481-7f0e76f5fa64,209,6.966666666666667,left_elbow,0.5,0.5,0.0,540.0,960.0,0.5
4f3dc90e-0e11-4fbb-a481-7f0e76f5fa64,209,6.966666666666667,right_elbow,0.5,0.5,0.0,540.0,960.0,0.5
4f3dc90e-0e11-4fbb-a481-7f0e76f5fa64,209,6.966666666666667,left_wrist,0.5,0.5,0.0,540.0,960.0,0.5
4f3dc90e-0e11-4fbb-a481-7f0e76f5fa64,209,6.966666666666667,right_wrist,0.5,0.5,0.0,540.0,960.0,0.5
4f3dc90e-0e11-4fbb-a481-7f0e76f5fa64,209,6.966666666666667,left_hip,0.5,0.5,0.0,540.0,960.0,0.5
4f3dc90e-0e11-4fbb-a481-7f0e76f5fa64,209,6.966666666666667,right_hip,0.5,0.5,0.0,540.0,960.0,0.5
4f3dc90e-0e11-4fbb-a481-7f0e76f5fa64,209,6.966666666666667,left_knee,0.5,0.5,0.0,540.0,960.0,0.5
4f3dc90e-0e11-4fbb-a481-7f0e76f5fa64,209,6.966666666666667,right_knee,0.5,0.5,0.0,540.0,960.0,0.5
4f3dc90e-0e11-4fbb-a481-7f0e76f5fa64,209,6.966666666666667,left_ankle,0.5,0.5,0.0,540.0,960.0,0.5
4f3dc90e-0e11-4fbb-a481-7f0e76f5fa64,209,6.966666666666667,right_ankle,0.5,0.5,0.0,540.0,960.0,0.5
4f3dc90e-0e11-4fbb-a481-7f0e76f5fa64,209,6.966666666666667,left_heel,0.5,0.5,0.0,540.0,960.0,0.5
4f3dc90e-0e11-4fbb-a481-7f0e76f5fa64,209,6.966666666666667,right_heel,0.5,0.5,0.0,540.0,960.0,0.5
4f3dc90e-0e11-4fbb-a481-7f0e76f5fa64,209,6.966666666666667,left_foot_index,0.5,0.5,0.0,540.0,960.0,0.5
4f3dc90e-0e11-4fbb-a481-7f0e76f5fa64,209,6.966666666666667,right_foot_index,0.5,0.5,0.0,540.0,960.0,0.5
4f3dc90e-0e11-4fbb-a481-7f0e76f5fa64,210,7.0,nose,0.5,0.5,0.0,540.0,960.0,0.5
4f3dc90e-0e11-4fbb-a481-7f0e76f5fa64,210,7.0,left_shoulder,0.5,0.5,0.0,540.0,960.0,0.5
4f3dc90e-0e11-4fbb-a481-7f0e76f5fa64,210,7.0,right_shoulder,0.5,0.5,0.0,540.0,960.0,0.5
4f3dc90e-0e11-4fbb-a481-7f0e76f5fa64,210,7.0,left_elbow,0.5,0.5,0.0,540.0,960.0,0.5
4f3dc90e-0e11-4fbb-a481-7f0e76f5fa64,210,7.0,right_elbow,0.5,0.5,0.0,540.0,960.0,0.5
4f3dc90e-0e11-4fbb-a481-7f0e76f5fa64,210,7.0,left_wrist,0.5,0.5,0.0,540.0,960.0,0.5
4f3dc90e-0e11-4fbb-a481-7f0e76f5fa64,210,7.0,right_wrist,0.5,0.5,0.0,540.0,960.0,0.5
4f3dc90e-0e11-4fbb-a481-7f0e76f5fa64,210,7.0,left_hip,0.5,0.5,0.0,540.0,960.0,0.5
4f3dc90e-0e11-4fbb-a481-7f0e76f5fa64,210,7.0,right_hip,0.5,0.5,0.0,540.0,960.0,0.5
4f3dc90e-0e11-4fbb-a481-7f0e76f5fa64,210,7.0,left_knee,0.5,0.5,0.0,540.0,960.0,0.5
4f3dc90e-0e11-4fbb-a481-7f0e76f5fa64,210,7.0,right_knee,0.5,0.5,0.0,540.0,960.0,0.5
4f3dc90e-0e11-4fbb-a481-7f0e76f5fa64,210,7.0,left_ankle,0.5,0.5,0.0,540.0,960.0,0.5
4f3dc90e-0e11-4fbb-a481-7f0e76f5fa64,210,7.0,right_ankle,0.5,0.5,0.0,540.0,960.0,0.5
4f3dc90e-0e11-4fbb-a481-7f0e76f5fa64,210,7.0,left_heel,0.5,0.5,0.0,540.0,960.0,0.5
4f3dc90e-0e11-4fbb-a481-7f0e76f5fa64,210,7.0,right_heel,0.5,0.5,0.0,540.0,960.0,0.5
4f3dc90e-0e11-4fbb-a481-7f0e76f5fa64,210,7.0,left_foot_index,0.5,0.5,0.0,540.0,960.0,0.5
4f3dc90e-0e11-4fbb-a481-7f0e76f5fa64,210,7.0,right_foot_index,0.5,0.5,0.0,540.0,960.0,0.5
4f3dc90e-0e11-4fbb-a481-7f0e76f5fa64,211,7.033333333333333,nose,0.5,0.5,0.0,540.0,960.0,0.5
4f3dc90e-0e11-4fbb-a481-7f0e76f5fa64,211,7.033333333333333,left_shoulder,0.5,0.5,0.0,540.0,960.0,0.5
4f3dc90e-0e11-4fbb-a481-7f0e76f5fa64,211,7.033333333333333,right_shoulder,0.5,0.5,0.0,540.0,960.0,0.5
4f3dc90e-0e11-4fbb-a481-7f0e76f5fa64,211,7.033333333333333,left_elbow,0.5,0.5,0.0,540.0,960.0,0.5
4f3dc90e-0e11-4fbb-a481-7f0e76f5fa64,211,7.033333333333333,right_elbow,0.5,0.5,0.0,540.0,960.0,0.5
4f3dc90e-0e11-4fbb-a481-7f0e76f5fa64,211,7.033333333333333,left_wrist,0.5,0.5,0.0,540.0,960.0,0.5
4f3dc90e-0e11-4fbb-a481-7f0e76f5fa64,211,7.033333333333333,right_wrist,0.5,0.5,0.0,540.0,960.0,0.5
4f3dc90e-0e11-4fbb-a481-7f0e76f5fa64,211,7.033333333333333,left_hip,0.5,0.5,0.0,540.0,960.0,0.5
4f3dc90e-0e11-4fbb-a481-7f0e76f5fa64,211,7.033333333333333,right_hip,0.5,0.5,0.0,540.0,960.0,0.5
4f3dc90e-0e11-4fbb-a481-7f0e76f5fa64,211,7.033333333333333,left_knee,0.5,0.5,0.0,540.0,960.0,0.5
4f3dc90e-0e11-4fbb-a481-7f0e76f5fa64,211,7.033333333333333,right_knee,0.5,0.5,0.0,540.0,960.0,0.5
4f3dc90e-0e11-4fbb-a481-7f0e76f5fa64,211,7.033333333333333,left_ankle,0.5,0.5,0.0,540.0,960.0,0.5
4f3dc90e-0e11-4fbb-a481-7f0e76f5fa64,211,7.033333333333333,right_ankle,0.5,0.5,0.0,540.0,960.0,0.5
4f3dc90e-0e11-4fbb-a481-7f0e76f5fa64,211,7.033333333333333,left_heel,0.5,0.5,0.0,540.0,960.0,0.5
4f3dc90e-0e11-4fbb-a481-7f0e76f5fa64,211,7.033333333333333,right_heel,0.5,0.5,0.0,540.0,960.0,0.5
4f3dc90e-0e11-4fbb-a481-7f0e76f5fa64,211,7.033333333333333,left_foot_index,0.5,0.5,0.0,540.0,960.0,0.5
4f3dc90e-0e11-4fbb-a481-7f0e76f5fa64,211,7.033333333333333,right_foot_index,0.5,0.5,0.0,540.0,960.0,0.5
4f3dc90e-0e11-4fbb-a481-7f0e76f5fa64,212,7.066666666666666,nose,0.5,0.5,0.0,540.0,960.0,0.5
4f3dc90e-0e11-4fbb-a481-7f0e76f5fa64,212,7.066666666666666,left_shoulder,0.5,0.5,0.0,540.0,960.0,0.5
4f3dc90e-0e11-4fbb-a481-7f0e76f5fa64,212,7.066666666666666,right_shoulder,0.5,0.5,0.0,540.0,960.0,0.5
4f3dc90e-0e11-4fbb-a481-7f0e76f5fa64,212,7.066666666666666,left_elbow,0.5,0.5,0.0,540.0,960.0,0.5
4f3dc90e-0e11-4fbb-a481-7f0e76f5fa64,212,7.066666666666666,right_elbow,0.5,0.5,0.0,540.0,960.0,0.5
4f3dc90e-0e11-4fbb-a481-7f0e76f5fa64,212,7.066666666666666,left_wrist,0.5,0.5,0.0,540.0,960.0,0.5
4f3dc90e-0e11-4fbb-a481-7f0e76f5fa64,212,7.066666666666666,right_wrist,0.5,0.5,0.0,540.0,960.0,0.5
4f3dc90e-0e11-4fbb-a481-7f0e76f5fa64,212,7.066666666666666,left_hip,0.5,0.5,0.0,540.0,960.0,0.5
4f3dc90e-0e11-4fbb-a481-7f0e76f5fa64,212,7.066666666666666,right_hip,0.5,0.5,0.0,540.0,960.0,0.5
4f3dc90e-0e11-4fbb-a481-7f0e76f5fa64,212,7.066666666666666,left_knee,0.5,0.5,0.0,540.0,960.0,0.5
4f3dc90e-0e11-4fbb-a481-7f0e76f5fa64,212,7.066666666666666,right_knee,0.5,0.5,0.0,540.0,960.0,0.5
4f3dc90e-0e11-4fbb-a481-7f0e76f5fa64,212,7.066666666666666,left_ankle,0.5,0.5,0.0,540.0,960.0,0.5
4f3dc90e-0e11-4fbb-a481-7f0e76f5fa64,212,7.066666666666666,right_ankle,0.5,0.5,0.0,540.0,960.0,0.5
4f3dc90e-0e11-4fbb-a481-7f0e76f5fa64,212,7.066666666666666,left_heel,0.5,0.5,0.0,540.0,960.0,0.5
4f3dc90e-0e11-4fbb-a481-7f0e76f5fa64,212,7.066666666666666,right_heel,0.5,0.5,0.0,540.0,960.0,0.5
4f3dc90e-0e11-4fbb-a481-7f0e76f5fa64,212,7.066666666666666,left_foot_index,0.5,0.5,0.0,540.0,960.0,0.5
4f3dc90e-0e11-4fbb-a481-7f0e76f5fa64,212,7.066666666666666,right_foot_index,0.5,0.5,0.0,540.0,960.0,0.5
4f3dc90e-0e11-4fbb-a481-7f0e76f5fa64,213,7.1,nose,0.5,0.5,0.0,540.0,960.0,0.5
4f3dc90e-0e11-4fbb-a481-7f0e76f5fa64,213,7.1,left_shoulder,0.5,0.5,0.0,540.0,960.0,0.5
4f3dc90e-0e11-4fbb-a481-7f0e76f5fa64,213,7.1,right_shoulder,0.5,0.5,0.0,540.0,960.0,0.5
4f3dc90e-0e11-4fbb-a481-7f0e76f5fa64,213,7.1,left_elbow,0.5,0.5,0.0,540.0,960.0,0.5
4f3dc90e-0e11-4fbb-a481-7f0e76f5fa64,213,7.1,right_elbow,0.5,0.5,0.0,540.0,960.0,0.5
4f3dc90e-0e11-4fbb-a481-7f0e76f5fa64,213,7.1,left_wrist,0.5,0.5,0.0,540.0,960.0,0.5
4f3dc90e-0e11-4fbb-a481-7f0e76f5fa64,213,7.1,right_wrist,0.5,0.5,0.0,540.0,960.0,0.5
4f3dc90e-0e11-4fbb-a481-7f0e76f5fa64,213,7.1,left_hip,0.5,0.5,0.0,540.0,960.0,0.5
4f3dc90e-0e11-4fbb-a481-7f0e76f5fa64,213,7.1,right_hip,0.5,0.5,0.0,540.0,960.0,0.5
4f3dc90e-0e11-4fbb-a481-7f0e76f5fa64,213,7.1,left_knee,0.5,0.5,0.0,540.0,960.0,0.5
4f3dc90e-0e11-4fbb-a481-7f0e76f5fa64,213,7.1,right_knee,0.5,0.5,0.0,540.0,960.0,0.5
4f3dc90e-0e11-4fbb-a481-7f0e76f5fa64,213,7.1,left_ankle,0.5,0.5,0.0,540.0,960.0,0.5
4f3dc90e-0e11-4fbb-a481-7f0e76f5fa64,213,7.1,right_ankle,0.5,0.5,0.0,540.0,960.0,0.5
4f3dc90e-0e11-4fbb-a481-7f0e76f5fa64,213,7.1,left_heel,0.5,0.5,0.0,540.0,960.0,0.5
4f3dc90e-0e11-4fbb-a481-7f0e76f5fa64,213,7.1,right_heel,0.5,0.5,0.0,540.0,960.0,0.5
4f3dc90e-0e11-4fbb-a481-7f0e76f5fa64,213,7.1,left_foot_index,0.5,0.5,0.0,540.0,960.0,0.5
4f3dc90e-0e11-4fbb-a481-7f0e76f5fa64,213,7.1,right_foot_index,0.5,0.5,0.0,540.0,960.0,0.5
4f3dc90e-0e11-4fbb-a481-7f0e76f5fa64,214,7.133333333333334,nose,0.5,0.5,0.0,540.0,960.0,0.5
4f3dc90e-0e11-4fbb-a481-7f0e76f5fa64,214,7.133333333333334,left_shoulder,0.5,0.5,0.0,540.0,960.0,0.5
4f3dc90e-0e11-4fbb-a481-7f0e76f5fa64,214,7.133333333333334,right_shoulder,0.5,0.5,0.0,540.0,960.0,0.5
4f3dc90e-0e11-4fbb-a481-7f0e76f5fa64,214,7.133333333333334,left_elbow,0.5,0.5,0.0,540.0,960.0,0.5
4f3dc90e-0e11-4fbb-a481-7f0e76f5fa64,214,7.133333333333334,right_elbow,0.5,0.5,0.0,540.0,960.0,0.5
4f3dc90e-0e11-4fbb-a481-7f0e76f5fa64,214,7.133333333333334,left_wrist,0.5,0.5,0.0,540.0,960.0,0.5
4f3dc90e-0e11-4fbb-a481-7f0e76f5fa64,214,7.133333333333334,right_wrist,0.5,0.5,0.0,540.0,960.0,0.5
4f3dc90e-0e11-4fbb-a481-7f0e76f5fa64,214,7.133333333333334,left_hip,0.5,0.5,0.0,540.0,960.0,0.5
4f3dc90e-0e11-4fbb-a481-7f0e76f5fa64,214,7.133333333333334,right_hip,0.5,0.5,0.0,540.0,960.0,0.5
4f3dc90e-0e11-4fbb-a481-7f0e76f5fa64,214,7.133333333333334,left_knee,0.5,0.5,0.0,540.0,960.0,0.5
4f3dc90e-0e11-4fbb-a481-7f0e76f5fa64,214,7.133333333333334,right_knee,0.5,0.5,0.0,540.0,960.0,0.5
4f3dc90e-0e11-4fbb-a481-7f0e76f5fa64,214,7.133333333333334,left_ankle,0.5,0.5,0.0,540.0,960.0,0.5
4f3dc90e-0e11-4fbb-a481-7f0e76f5fa64,214,7.133333333333334,right_ankle,0.5,0.5,0.0,540.0,960.0,0.5
4f3dc90e-0e11-4fbb-a481-7f0e76f5fa64,214,7.133333333333334,left_heel,0.5,0.5,0.0,540.0,960.0,0.5
4f3dc90e-0e11-4fbb-a481-7f0e76f5fa64,214,7.133333333333334,right_heel,0.5,0.5,0.0,540.0,960.0,0.5
4f3dc90e-0e11-4fbb-a481-7f0e76f5fa64,214,7.133333333333334,left_foot_index,0.5,0.5,0.0,540.0,960.0,0.5
4f3dc90e-0e11-4fbb-a481-7f0e76f5fa64,214,7.133333333333334,right_foot_index,0.5,0.5,0.0,540.0,960.0,0.5
4f3dc90e-0e11-4fbb-a481-7f0e76f5fa64,215,7.166666666666667,nose,0.5,0.5,0.0,540.0,960.0,0.5
4f3dc90e-0e11-4fbb-a481-7f0e76f5fa64,215,7.166666666666667,left_shoulder,0.5,0.5,0.0,540.0,960.0,0.5
4f3dc90e-0e11-4fbb-a481-7f0e76f5fa64,215,7.166666666666667,right_shoulder,0.5,0.5,0.0,540.0,960.0,0.5
4f3dc90e-0e11-4fbb-a481-7f0e76f5fa64,215,7.166666666666667,left_elbow,0.5,0.5,0.0,540.0,960.0,0.5
4f3dc90e-0e11-4fbb-a481-7f0e76f5fa64,215,7.166666666666667,right_elbow,0.5,0.5,0.0,540.0,960.0,0.5
4f3dc90e-0e11-4fbb-a481-7f0e76f5fa64,215,7.166666666666667,left_wrist,0.5,0.5,0.0,540.0,960.0,0.5
4f3dc90e-0e11-4fbb-a481-7f0e76f5fa64,215,7.166666666666667,right_wrist,0.5,0.5,0.0,540.0,960.0,0.5
4f3dc90e-0e11-4fbb-a481-7f0e76f5fa64,215,7.166666666666667,left_hip,0.5,0.5,0.0,540.0,960.0,0.5
4f3dc90e-0e11-4fbb-a481-7f0e76f5fa64,215,7.166666666666667,right_hip,0.5,0.5,0.0,540.0,960.0,0.5
4f3dc90e-0e11-4fbb-a481-7f0e76f5fa64,215,7.166666666666667,left_knee,0.5,0.5,0.0,540.0,960.0,0.5
4f3dc90e-0e11-4fbb-a481-7f0e76f5fa64,215,7.166666666666667,right_knee,0.5,0.5,0.0,540.0,960.0,0.5
4f3dc90e-0e11-4fbb-a481-7f0e76f5fa64,215,7.166666666666667,left_ankle,0.5,0.5,0.0,540.0,960.0,0.5
4f3dc90e-0e11-4fbb-a481-7f0e76f5fa64,215,7.166666666666667,right_ankle,0.5,0.5,0.0,540.0,960.0,0.5
4f3dc90e-0e11-4fbb-a481-7f0e76f5fa64,215,7.166666666666667,left_heel,0.5,0.5,0.0,540.0,960.0,0.5
4f3dc90e-0e11-4fbb-a481-7f0e76f5fa64,215,7.166666666666667,right_heel,0.5,0.5,0.0,540.0,960.0,0.5
4f3dc90e-0e11-4fbb-a481-7f0e76f5fa64,215,7.166666666666667,left_foot_index,0.5,0.5,0.0,540.0,960.0,0.5
4f3dc90e-0e11-4fbb-a481-7f0e76f5fa64,215,7.166666666666667,right_foot_index,0.5,0.5,0.0,540.0,960.0,0.5
4f3dc90e-0e11-4fbb-a481-7f0e76f5fa64,216,7.2,nose,0.5,0.5,0.0,540.0,960.0,0.5
4f3dc90e-0e11-4fbb-a481-7f0e76f5fa64,216,7.2,left_shoulder,0.5,0.5,0.0,540.0,960.0,0.5
4f3dc90e-0e11-4fbb-a481-7f0e76f5fa64,216,7.2,right_shoulder,0.5,0.5,0.0,540.0,960.0,0.5
4f3dc90e-0e11-4fbb-a481-7f0e76f5fa64,216,7.2,left_elbow,0.5,0.5,0.0,540.0,960.0,0.5
4f3dc90e-0e11-4fbb-a481-7f0e76f5fa64,216,7.2,right_elbow,0.5,0.5,0.0,540.0,960.0,0.5
4f3dc90e-0e11-4fbb-a481-7f0e76f5fa64,216,7.2,left_wrist,0.5,0.5,0.0,540.0,960.0,0.5
4f3dc90e-0e11-4fbb-a481-7f0e76f5fa64,216,7.2,right_wrist,0.5,0.5,0.0,540.0,960.0,0.5
4f3dc90e-0e11-4fbb-a481-7f0e76f5fa64,216,7.2,left_hip,0.5,0.5,0.0,540.0,960.0,0.5
4f3dc90e-0e11-4fbb-a481-7f0e76f5fa64,216,7.2,right_hip,0.5,0.5,0.0,540.0,960.0,0.5
4f3dc90e-0e11-4fbb-a481-7f0e76f5fa64,216,7.2,left_knee,0.5,0.5,0.0,540.0,960.0,0.5
4f3dc90e-0e11-4fbb-a481-7f0e76f5fa64,216,7.2,right_knee,0.5,0.5,0.0,540.0,960.0,0.5
4f3dc90e-0e11-4fbb-a481-7f0e76f5fa64,216,7.2,left_ankle,0.5,0.5,0.0,540.0,960.0,0.5
4f3dc90e-0e11-4fbb-a481-7f0e76f5fa64,216,7.2,right_ankle,0.5,0.5,0.0,540.0,960.0,0.5
4f3dc90e-0e11-4fbb-a481-7f0e76f5fa64,216,7.2,left_heel,0.5,0.5,0.0,540.0,960.0,0.5
4f3dc90e-0e11-4fbb-a481-7f0e76f5fa64,216,7.2,right_heel,0.5,0.5,0.0,540.0,960.0,0.5
4f3dc90e-0e11-4fbb-a481-7f0e76f5fa64,216,7.2,left_foot_index,0.5,0.5,0.0,540.0,960.0,0.5
4f3dc90e-0e11-4fbb-a481-7f0e76f5fa64,216,7.2,right_foot_index,0.5,0.5,0.0,540.0,960.0,0.5
4f3dc90e-0e11-4fbb-a481-7f0e76f5fa64,217,7.233333333333333,nose,0.5,0.5,0.0,540.0,960.0,0.5
4f3dc90e-0e11-4fbb-a481-7f0e76f5fa64,217,7.233333333333333,left_shoulder,0.5,0.5,0.0,540.0,960.0,0.5
4f3dc90e-0e11-4fbb-a481-7f0e76f5fa64,217,7.233333333333333,right_shoulder,0.5,0.5,0.0,540.0,960.0,0.5
4f3dc90e-0e11-4fbb-a481-7f0e76f5fa64,217,7.233333333333333,left_elbow,0.5,0.5,0.0,540.0,960.0,0.5
4f3dc90e-0e11-4fbb-a481-7f0e76f5fa64,217,7.233333333333333,right_elbow,0.5,0.5,0.0,540.0,960.0,0.5
4f3dc90e-0e11-4fbb-a481-7f0e76f5fa64,217,7.233333333333333,left_wrist,0.5,0.5,0.0,540.0,960.0,0.5
4f3dc90e-0e11-4fbb-a481-7f0e76f5fa64,217,7.233333333333333,right_wrist,0.5,0.5,0.0,540.0,960.0,0.5
4f3dc90e-0e11-4fbb-a481-7f0e76f5fa64,217,7.233333333333333,left_hip,0.5,0.5,0.0,540.0,960.0,0.5
4f3dc90e-0e11-4fbb-a481-7f0e76f5fa64,217,7.233333333333333,right_hip,0.5,0.5,0.0,540.0,960.0,0.5
4f3dc90e-0e11-4fbb-a481-7f0e76f5fa64,217,7.233333333333333,left_knee,0.5,0.5,0.0,540.0,960.0,0.5
4f3dc90e-0e11-4fbb-a481-7f0e76f5fa64,217,7.233333333333333,right_knee,0.5,0.5,0.0,540.0,960.0,0.5
4f3dc90e-0e11-4fbb-a481-7f0e76f5fa64,217,7.233333333333333,left_ankle,0.5,0.5,0.0,540.0,960.0,0.5
4f3dc90e-0e11-4fbb-a481-7f0e76f5fa64,217,7.233333333333333,right_ankle,0.5,0.5,0.0,540.0,960.0,0.5
4f3dc90e-0e11-4fbb-a481-7f0e76f5fa64,217,7.233333333333333,left_heel,0.5,0.5,0.0,540.0,960.0,0.5
4f3dc90e-0e11-4fbb-a481-7f0e76f5fa64,217,7.233333333333333,right_heel,0.5,0.5,0.0,540.0,960.0,0.5
4f3dc90e-0e11-4fbb-a481-7f0e76f5fa64,217,7.233333333333333,left_foot_index,0.5,0.5,0.0,540.0,960.0,0.5
4f3dc90e-0e11-4fbb-a481-7f0e76f5fa64,217,7.233333333333333,right_foot_index,0.5,0.5,0.0,540.0,960.0,0.5
4f3dc90e-0e11-4fbb-a481-7f0e76f5fa64,218,7.266666666666667,nose,0.5,0.5,0.0,540.0,960.0,0.5
4f3dc90e-0e11-4fbb-a481-7f0e76f5fa64,218,7.266666666666667,left_shoulder,0.5,0.5,0.0,540.0,960.0,0.5
4f3dc90e-0e11-4fbb-a481-7f0e76f5fa64,218,7.266666666666667,right_shoulder,0.5,0.5,0.0,540.0,960.0,0.5
4f3dc90e-0e11-4fbb-a481-7f0e76f5fa64,218,7.266666666666667,left_elbow,0.5,0.5,0.0,540.0,960.0,0.5
4f3dc90e-0e11-4fbb-a481-7f0e76f5fa64,218,7.266666666666667,right_elbow,0.5,0.5,0.0,540.0,960.0,0.5
4f3dc90e-0e11-4fbb-a481-7f0e76f5fa64,218,7.266666666666667,left_wrist,0.5,0.5,0.0,540.0,960.0,0.5
4f3dc90e-0e11-4fbb-a481-7f0e76f5fa64,218,7.266666666666667,right_wrist,0.5,0.5,0.0,540.0,960.0,0.5
4f3dc90e-0e11-4fbb-a481-7f0e76f5fa64,218,7.266666666666667,left_hip,0.5,0.5,0.0,540.0,960.0,0.5
4f3dc90e-0e11-4fbb-a481-7f0e76f5fa64,218,7.266666666666667,right_hip,0.5,0.5,0.0,540.0,960.0,0.5
4f3dc90e-0e11-4fbb-a481-7f0e76f5fa64,218,7.266666666666667,left_knee,0.5,0.5,0.0,540.0,960.0,0.5
4f3dc90e-0e11-4fbb-a481-7f0e76f5fa64,218,7.266666666666667,right_knee,0.5,0.5,0.0,540.0,960.0,0.5
4f3dc90e-0e11-4fbb-a481-7f0e76f5fa64,218,7.266666666666667,left_ankle,0.5,0.5,0.0,540.0,960.0,0.5
4f3dc90e-0e11-4fbb-a481-7f0e76f5fa64,218,7.266666666666667,right_ankle,0.5,0.5,0.0,540.0,960.0,0.5
4f3dc90e-0e11-4fbb-a481-7f0e76f5fa64,218,7.266666666666667,left_heel,0.5,0.5,0.0,540.0,960.0,0.5
4f3dc90e-0e11-4fbb-a481-7f0e76f5fa64,218,7.266666666666667,right_heel,0.5,0.5,0.0,540.0,960.0,0.5
4f3dc90e-0e11-4fbb-a481-7f0e76f5fa64,218,7.266666666666667,left_foot_index,0.5,0.5,0.0,540.0,960.0,0.5
4f3dc90e-0e11-4fbb-a481-7f0e76f5fa64,218,7.266666666666667,right_foot_index,0.5,0.5,0.0,540.0,960.0,0.5
4f3dc90e-0e11-4fbb-a481-7f0e76f5fa64,219,7.3,nose,0.5,0.5,0.0,540.0,960.0,0.5
4f3dc90e-0e11-4fbb-a481-7f0e76f5fa64,219,7.3,left_shoulder,0.5,0.5,0.0,540.0,960.0,0.5
4f3dc90e-0e11-4fbb-a481-7f0e76f5fa64,219,7.3,right_shoulder,0.5,0.5,0.0,540.0,960.0,0.5
4f3dc90e-0e11-4fbb-a481-7f0e76f5fa64,219,7.3,left_elbow,0.5,0.5,0.0,540.0,960.0,0.5
4f3dc90e-0e11-4fbb-a481-7f0e76f5fa64,219,7.3,right_elbow,0.5,0.5,0.0,540.0,960.0,0.5
4f3dc90e-0e11-4fbb-a481-7f0e76f5fa64,219,7.3,left_wrist,0.5,0.5,0.0,540.0,960.0,0.5
4f3dc90e-0e11-4fbb-a481-7f0e76f5fa64,219,7.3,right_wrist,0.5,0.5,0.0,540.0,960.0,0.5
4f3dc90e-0e11-4fbb-a481-7f0e76f5fa64,219,7.3,left_hip,0.5,0.5,0.0,540.0,960.0,0.5
4f3dc90e-0e11-4fbb-a481-7f0e76f5fa64,219,7.3,right_hip,0.5,0.5,0.0,540.0,960.0,0.5
4f3dc90e-0e11-4fbb-a481-7f0e76f5fa64,219,7.3,left_knee,0.5,0.5,0.0,540.0,960.0,0.5
4f3dc90e-0e11-4fbb-a481-7f0e76f5fa64,219,7.3,right_knee,0.5,0.5,0.0,540.0,960.0,0.5
4f3dc90e-0e11-4fbb-a481-7f0e76f5fa64,219,7.3,left_ankle,0.5,0.5,0.0,540.0,960.0,0.5
4f3dc90e-0e11-4fbb-a481-7f0e76f5fa64,219,7.3,right_ankle,0.5,0.5,0.0,540.0,960.0,0.5
4f3dc90e-0e11-4fbb-a481-7f0e76f5fa64,219,7.3,left_heel,0.5,0.5,0.0,540.0,960.0,0.5
4f3dc90e-0e11-4fbb-a481-7f0e76f5fa64,219,7.3,right_heel,0.5,0.5,0.0,540.0,960.0,0.5
4f3dc90e-0e11-4fbb-a481-7f0e76f5fa64,219,7.3,left_foot_index,0.5,0.5,0.0,540.0,960.0,0.5
4f3dc90e-0e11-4fbb-a481-7f0e76f5fa64,219,7.3,right_foot_index,0.5,0.5,0.0,540.0,960.0,0.5
4f3dc90e-0e11-4fbb-a481-7f0e76f5fa64,220,7.333333333333333,nose,0.5,0.5,0.0,540.0,960.0,0.5
4f3dc90e-0e11-4fbb-a481-7f0e76f5fa64,220,7.333333333333333,left_shoulder,0.5,0.5,0.0,540.0,960.0,0.5
4f3dc90e-0e11-4fbb-a481-7f0e76f5fa64,220,7.333333333333333,right_shoulder,0.5,0.5,0.0,540.0,960.0,0.5
4f3dc90e-0e11-4fbb-a481-7f0e76f5fa64,220,7.333333333333333,left_elbow,0.5,0.5,0.0,540.0,960.0,0.5
4f3dc90e-0e11-4fbb-a481-7f0e76f5fa64,220,7.333333333333333,right_elbow,0.5,0.5,0.0,540.0,960.0,0.5
4f3dc90e-0e11-4fbb-a481-7f0e76f5fa64,220,7.333333333333333,left_wrist,0.5,0.5,0.0,540.0,960.0,0.5
4f3dc90e-0e11-4fbb-a481-7f0e76f5fa64,220,7.333333333333333,right_wrist,0.5,0.5,0.0,540.0,960.0,0.5
4f3dc90e-0e11-4fbb-a481-7f0e76f5fa64,220,7.333333333333333,left_hip,0.5,0.5,0.0,540.0,960.0,0.5
4f3dc90e-0e11-4fbb-a481-7f0e76f5fa64,220,7.333333333333333,right_hip,0.5,0.5,0.0,540.0,960.0,0.5
4f3dc90e-0e11-4fbb-a481-7f0e76f5fa64,220,7.333333333333333,left_knee,0.5,0.5,0.0,540.0,960.0,0.5
4f3dc90e-0e11-4fbb-a481-7f0e76f5fa64,220,7.333333333333333,right_knee,0.5,0.5,0.0,540.0,960.0,0.5
4f3dc90e-0e11-4fbb-a481-7f0e76f5fa64,220,7.333333333333333,left_ankle,0.5,0.5,0.0,540.0,960.0,0.5
4f3dc90e-0e11-4fbb-a481-7f0e76f5fa64,220,7.333333333333333,right_ankle,0.5,0.5,0.0,540.0,960.0,0.5
4f3dc90e-0e11-4fbb-a481-7f0e76f5fa64,220,7.333333333333333,left_heel,0.5,0.5,0.0,540.0,960.0,0.5
4f3dc90e-0e11-4fbb-a481-7f0e76f5fa64,220,7.333333333333333,right_heel,0.5,0.5,0.0,540.0,960.0,0.5
4f3dc90e-0e11-4fbb-a481-7f0e76f5fa64,220,7.333333333333333,left_foot_index,0.5,0.5,0.0,540.0,960.0,0.5
4f3dc90e-0e11-4fbb-a481-7f0e76f5fa64,220,7.333333333333333,right_foot_index,0.5,0.5,0.0,540.0,960.0,0.5
4f3dc90e-0e11-4fbb-a481-7f0e76f5fa64,221,7.366666666666666,nose,0.5,0.5,0.0,540.0,960.0,0.5
4f3dc90e-0e11-4fbb-a481-7f0e76f5fa64,221,7.366666666666666,left_shoulder,0.5,0.5,0.0,540.0,960.0,0.5
4f3dc90e-0e11-4fbb-a481-7f0e76f5fa64,221,7.366666666666666,right_shoulder,0.5,0.5,0.0,540.0,960.0,0.5
4f3dc90e-0e11-4fbb-a481-7f0e76f5fa64,221,7.366666666666666,left_elbow,0.5,0.5,0.0,540.0,960.0,0.5
4f3dc90e-0e11-4fbb-a481-7f0e76f5fa64,221,7.366666666666666,right_elbow,0.5,0.5,0.0,540.0,960.0,0.5
4f3dc90e-0e11-4fbb-a481-7f0e76f5fa64,221,7.366666666666666,left_wrist,0.5,0.5,0.0,540.0,960.0,0.5
4f3dc90e-0e11-4fbb-a481-7f0e76f5fa64,221,7.366666666666666,right_wrist,0.5,0.5,0.0,540.0,960.0,0.5
4f3dc90e-0e11-4fbb-a481-7f0e76f5fa64,221,7.366666666666666,left_hip,0.5,0.5,0.0,540.0,960.0,0.5
4f3dc90e-0e11-4fbb-a481-7f0e76f5fa64,221,7.366666666666666,right_hip,0.5,0.5,0.0,540.0,960.0,0.5
4f3dc90e-0e11-4fbb-a481-7f0e76f5fa64,221,7.366666666666666,left_knee,0.5,0.5,0.0,540.0,960.0,0.5
4f3dc90e-0e11-4fbb-a481-7f0e76f5fa64,221,7.366666666666666,right_knee,0.5,0.5,0.0,540.0,960.0,0.5
4f3dc90e-0e11-4fbb-a481-7f0e76f5fa64,221,7.366666666666666,left_ankle,0.5,0.5,0.0,540.0,960.0,0.5
4f3dc90e-0e11-4fbb-a481-7f0e76f5fa64,221,7.366666666666666,right_ankle,0.5,0.5,0.0,540.0,960.0,0.5
4f3dc90e-0e11-4fbb-a481-7f0e76f5fa64,221,7.366666666666666,left_heel,0.5,0.5,0.0,540.0,960.0,0.5
4f3dc90e-0e11-4fbb-a481-7f0e76f5fa64,221,7.366666666666666,right_heel,0.5,0.5,0.0,540.0,960.0,0.5
4f3dc90e-0e11-4fbb-a481-7f0e76f5fa64,221,7.366666666666666,left_foot_index,0.5,0.5,0.0,540.0,960.0,0.5
4f3dc90e-0e11-4fbb-a481-7f0e76f5fa64,221,7.366666666666666,right_foot_index,0.5,0.5,0.0,540.0,960.0,0.5
4f3dc90e-0e11-4fbb-a481-7f0e76f5fa64,222,7.4,nose,0.5,0.5,0.0,540.0,960.0,0.5
4f3dc90e-0e11-4fbb-a481-7f0e76f5fa64,222,7.4,left_shoulder,0.5,0.5,0.0,540.0,960.0,0.5
4f3dc90e-0e11-4fbb-a481-7f0e76f5fa64,222,7.4,right_shoulder,0.5,0.5,0.0,540.0,960.0,0.5
4f3dc90e-0e11-4fbb-a481-7f0e76f5fa64,222,7.4,left_elbow,0.5,0.5,0.0,540.0,960.0,0.5
4f3dc90e-0e11-4fbb-a481-7f0e76f5fa64,222,7.4,right_elbow,0.5,0.5,0.0,540.0,960.0,0.5
4f3dc90e-0e11-4fbb-a481-7f0e76f5fa64,222,7.4,left_wrist,0.5,0.5,0.0,540.0,960.0,0.5
4f3dc90e-0e11-4fbb-a481-7f0e76f5fa64,222,7.4,right_wrist,0.5,0.5,0.0,540.0,960.0,0.5
4f3dc90e-0e11-4fbb-a481-7f0e76f5fa64,222,7.4,left_hip,0.5,0.5,0.0,540.0,960.0,0.5
4f3dc90e-0e11-4fbb-a481-7f0e76f5fa64,222,7.4,right_hip,0.5,0.5,0.0,540.0,960.0,0.5
4f3dc90e-0e11-4fbb-a481-7f0e76f5fa64,222,7.4,left_knee,0.5,0.5,0.0,540.0,960.0,0.5
4f3dc90e-0e11-4fbb-a481-7f0e76f5fa64,222,7.4,right_knee,0.5,0.5,0.0,540.0,960.0,0.5
4f3dc90e-0e11-4fbb-a481-7f0e76f5fa64,222,7.4,left_ankle,0.5,0.5,0.0,540.0,960.0,0.5
4f3dc90e-0e11-4fbb-a481-7f0e76f5fa64,222,7.4,right_ankle,0.5,0.5,0.0,540.0,960.0,0.5
4f3dc90e-0e11-4fbb-a481-7f0e76f5fa64,222,7.4,left_heel,0.5,0.5,0.0,540.0,960.0,0.5
4f3dc90e-0e11-4fbb-a481-7f0e76f5fa64,222,7.4,right_heel,0.5,0.5,0.0,540.0,960.0,0.5
4f3dc90e-0e11-4fbb-a481-7f0e76f5fa64,222,7.4,left_foot_index,0.5,0.5,0.0,540.0,960.0,0.5
4f3dc90e-0e11-4fbb-a481-7f0e76f5fa64,222,7.4,right_foot_index,0.5,0.5,0.0,540.0,960.0,0.5
4f3dc90e-0e11-4fbb-a481-7f0e76f5fa64,223,7.433333333333334,nose,0.5,0.5,0.0,540.0,960.0,0.5
4f3dc90e-0e11-4fbb-a481-7f0e76f5fa64,223,7.433333333333334,left_shoulder,0.5,0.5,0.0,540.0,960.0,0.5
4f3dc90e-0e11-4fbb-a481-7f0e76f5fa64,223,7.433333333333334,right_shoulder,0.5,0.5,0.0,540.0,960.0,0.5
4f3dc90e-0e11-4fbb-a481-7f0e76f5fa64,223,7.433333333333334,left_elbow,0.5,0.5,0.0,540.0,960.0,0.5
4f3dc90e-0e11-4fbb-a481-7f0e76f5fa64,223,7.433333333333334,right_elbow,0.5,0.5,0.0,540.0,960.0,0.5
4f3dc90e-0e11-4fbb-a481-7f0e76f5fa64,223,7.433333333333334,left_wrist,0.5,0.5,0.0,540.0,960.0,0.5
4f3dc90e-0e11-4fbb-a481-7f0e76f5fa64,223,7.433333333333334,right_wrist,0.5,0.5,0.0,540.0,960.0,0.5
4f3dc90e-0e11-4fbb-a481-7f0e76f5fa64,223,7.433333333333334,left_hip,0.5,0.5,0.0,540.0,960.0,0.5
4f3dc90e-0e11-4fbb-a481-7f0e76f5fa64,223,7.433333333333334,right_hip,0.5,0.5,0.0,540.0,960.0,0.5
4f3dc90e-0e11-4fbb-a481-7f0e76f5fa64,223,7.433333333333334,left_knee,0.5,0.5,0.0,540.0,960.0,0.5
4f3dc90e-0e11-4fbb-a481-7f0e76f5fa64,223,7.433333333333334,right_knee,0.5,0.5,0.0,540.0,960.0,0.5
4f3dc90e-0e11-4fbb-a481-7f0e76f5fa64,223,7.433333333333334,left_ankle,0.5,0.5,0.0,540.0,960.0,0.5
4f3dc90e-0e11-4fbb-a481-7f0e76f5fa64,223,7.433333333333334,right_ankle,0.5,0.5,0.0,540.0,960.0,0.5
4f3dc90e-0e11-4fbb-a481-7f0e76f5fa64,223,7.433333333333334,left_heel,0.5,0.5,0.0,540.0,960.0,0.5
4f3dc90e-0e11-4fbb-a481-7f0e76f5fa64,223,7.433333333333334,right_heel,0.5,0.5,0.0,540.0,960.0,0.5
4f3dc90e-0e11-4fbb-a481-7f0e76f5fa64,223,7.433333333333334,left_foot_index,0.5,0.5,0.0,540.0,960.0,0.5
4f3dc90e-0e11-4fbb-a481-7f0e76f5fa64,223,7.433333333333334,right_foot_index,0.5,0.5,0.0,540.0,960.0,0.5
4f3dc90e-0e11-4fbb-a481-7f0e76f5fa64,224,7.466666666666667,nose,0.5,0.5,0.0,540.0,960.0,0.5
4f3dc90e-0e11-4fbb-a481-7f0e76f5fa64,224,7.466666666666667,left_shoulder,0.5,0.5,0.0,540.0,960.0,0.5
4f3dc90e-0e11-4fbb-a481-7f0e76f5fa64,224,7.466666666666667,right_shoulder,0.5,0.5,0.0,540.0,960.0,0.5
4f3dc90e-0e11-4fbb-a481-7f0e76f5fa64,224,7.466666666666667,left_elbow,0.5,0.5,0.0,540.0,960.0,0.5
4f3dc90e-0e11-4fbb-a481-7f0e76f5fa64,224,7.466666666666667,right_elbow,0.5,0.5,0.0,540.0,960.0,0.5
4f3dc90e-0e11-4fbb-a481-7f0e76f5fa64,224,7.466666666666667,left_wrist,0.5,0.5,0.0,540.0,960.0,0.5
4f3dc90e-0e11-4fbb-a481-7f0e76f5fa64,224,7.466666666666667,right_wrist,0.5,0.5,0.0,540.0,960.0,0.5
4f3dc90e-0e11-4fbb-a481-7f0e76f5fa64,224,7.466666666666667,left_hip,0.5,0.5,0.0,540.0,960.0,0.5
4f3dc90e-0e11-4fbb-a481-7f0e76f5fa64,224,7.466666666666667,right_hip,0.5,0.5,0.0,540.0,960.0,0.5
4f3dc90e-0e11-4fbb-a481-7f0e76f5fa64,224,7.466666666666667,left_knee,0.5,0.5,0.0,540.0,960.0,0.5
4f3dc90e-0e11-4fbb-a481-7f0e76f5fa64,224,7.466666666666667,right_knee,0.5,0.5,0.0,540.0,960.0,0.5
4f3dc90e-0e11-4fbb-a481-7f0e76f5fa64,224,7.466666666666667,left_ankle,0.5,0.5,0.0,540.0,960.0,0.5
4f3dc90e-0e11-4fbb-a481-7f0e76f5fa64,224,7.466666666666667,right_ankle,0.5,0.5,0.0,540.0,960.0,0.5
4f3dc90e-0e11-4fbb-a481-7f0e76f5fa64,224,7.466666666666667,left_heel,0.5,0.5,0.0,540.0,960.0,0.5
4f3dc90e-0e11-4fbb-a481-7f0e76f5fa64,224,7.466666666666667,right_heel,0.5,0.5,0.0,540.0,960.0,0.5
4f3dc90e-0e11-4fbb-a481-7f0e76f5fa64,224,7.466666666666667,left_foot_index,0.5,0.5,0.0,540.0,960.0,0.5
4f3dc90e-0e11-4fbb-a481-7f0e76f5fa64,224,7.466666666666667,right_foot_index,0.5,0.5,0.0,540.0,960.0,0.5
4f3dc90e-0e11-4fbb-a481-7f0e76f5fa64,225,7.5,nose,0.5,0.5,0.0,540.0,960.0,0.5
4f3dc90e-0e11-4fbb-a481-7f0e76f5fa64,225,7.5,left_shoulder,0.5,0.5,0.0,540.0,960.0,0.5
4f3dc90e-0e11-4fbb-a481-7f0e76f5fa64,225,7.5,right_shoulder,0.5,0.5,0.0,540.0,960.0,0.5
4f3dc90e-0e11-4fbb-a481-7f0e76f5fa64,225,7.5,left_elbow,0.5,0.5,0.0,540.0,960.0,0.5
4f3dc90e-0e11-4fbb-a481-7f0e76f5fa64,225,7.5,right_elbow,0.5,0.5,0.0,540.0,960.0,0.5
4f3dc90e-0e11-4fbb-a481-7f0e76f5fa64,225,7.5,left_wrist,0.5,0.5,0.0,540.0,960.0,0.5
4f3dc90e-0e11-4fbb-a481-7f0e76f5fa64,225,7.5,right_wrist,0.5,0.5,0.0,540.0,960.0,0.5
4f3dc90e-0e11-4fbb-a481-7f0e76f5fa64,225,7.5,left_hip,0.5,0.5,0.0,540.0,960.0,0.5
4f3dc90e-0e11-4fbb-a481-7f0e76f5fa64,225,7.5,right_hip,0.5,0.5,0.0,540.0,960.0,0.5
4f3dc90e-0e11-4fbb-a481-7f0e76f5fa64,225,7.5,left_knee,0.5,0.5,0.0,540.0,960.0,0.5
4f3dc90e-0e11-4fbb-a481-7f0e76f5fa64,225,7.5,right_knee,0.5,0.5,0.0,540.0,960.0,0.5
4f3dc90e-0e11-4fbb-a481-7f0e76f5fa64,225,7.5,left_ankle,0.5,0.5,0.0,540.0,960.0,0.5
4f3dc90e-0e11-4fbb-a481-7f0e76f5fa64,225,7.5,right_ankle,0.5,0.5,0.0,540.0,960.0,0.5
4f3dc90e-0e11-4fbb-a481-7f0e76f5fa64,225,7.5,left_heel,0.5,0.5,0.0,540.0,960.0,0.5
4f3dc90e-0e11-4fbb-a481-7f0e76f5fa64,225,7.5,right_heel,0.5,0.5,0.0,540.0,960.0,0.5
4f3dc90e-0e11-4fbb-a481-7f0e76f5fa64,225,7.5,left_foot_index,0.5,0.5,0.0,540.0,960.0,0.5
4f3dc90e-0e11-4fbb-a481-7f0e76f5fa64,225,7.5,right_foot_index,0.5,0.5,0.0,540.0,960.0,0.5
4f3dc90e-0e11-4fbb-a481-7f0e76f5fa64,226,7.533333333333333,nose,0.5,0.5,0.0,540.0,960.0,0.5
4f3dc90e-0e11-4fbb-a481-7f0e76f5fa64,226,7.533333333333333,left_shoulder,0.5,0.5,0.0,540.0,960.0,0.5
4f3dc90e-0e11-4fbb-a481-7f0e76f5fa64,226,7.533333333333333,right_shoulder,0.5,0.5,0.0,540.0,960.0,0.5
4f3dc90e-0e11-4fbb-a481-7f0e76f5fa64,226,7.533333333333333,left_elbow,0.5,0.5,0.0,540.0,960.0,0.5
4f3dc90e-0e11-4fbb-a481-7f0e76f5fa64,226,7.533333333333333,right_elbow,0.5,0.5,0.0,540.0,960.0,0.5
4f3dc90e-0e11-4fbb-a481-7f0e76f5fa64,226,7.533333333333333,left_wrist,0.5,0.5,0.0,540.0,960.0,0.5
4f3dc90e-0e11-4fbb-a481-7f0e76f5fa64,226,7.533333333333333,right_wrist,0.5,0.5,0.0,540.0,960.0,0.5
4f3dc90e-0e11-4fbb-a481-7f0e76f5fa64,226,7.533333333333333,left_hip,0.5,0.5,0.0,540.0,960.0,0.5
4f3dc90e-0e11-4fbb-a481-7f0e76f5fa64,226,7.533333333333333,right_hip,0.5,0.5,0.0,540.0,960.0,0.5
4f3dc90e-0e11-4fbb-a481-7f0e76f5fa64,226,7.533333333333333,left_knee,0.5,0.5,0.0,540.0,960.0,0.5
4f3dc90e-0e11-4fbb-a481-7f0e76f5fa64,226,7.533333333333333,right_knee,0.5,0.5,0.0,540.0,960.0,0.5
4f3dc90e-0e11-4fbb-a481-7f0e76f5fa64,226,7.533333333333333,left_ankle,0.5,0.5,0.0,540.0,960.0,0.5
4f3dc90e-0e11-4fbb-a481-7f0e76f5fa64,226,7.533333333333333,right_ankle,0.5,0.5,0.0,540.0,960.0,0.5
4f3dc90e-0e11-4fbb-a481-7f0e76f5fa64,226,7.533333333333333,left_heel,0.5,0.5,0.0,540.0,960.0,0.5
4f3dc90e-0e11-4fbb-a481-7f0e76f5fa64,226,7.533333333333333,right_heel,0.5,0.5,0.0,540.0,960.0,0.5
4f3dc90e-0e11-4fbb-a481-7f0e76f5fa64,226,7.533333333333333,left_foot_index,0.5,0.5,0.0,540.0,960.0,0.5
4f3dc90e-0e11-4fbb-a481-7f0e76f5fa64,226,7.533333333333333,right_foot_index,0.5,0.5,0.0,540.0,960.0,0.5
4f3dc90e-0e11-4fbb-a481-7f0e76f5fa64,227,7.566666666666666,nose,0.5,0.5,0.0,540.0,960.0,0.5
4f3dc90e-0e11-4fbb-a481-7f0e76f5fa64,227,7.566666666666666,left_shoulder,0.5,0.5,0.0,540.0,960.0,0.5
4f3dc90e-0e11-4fbb-a481-7f0e76f5fa64,227,7.566666666666666,right_shoulder,0.5,0.5,0.0,540.0,960.0,0.5
4f3dc90e-0e11-4fbb-a481-7f0e76f5fa64,227,7.566666666666666,left_elbow,0.5,0.5,0.0,540.0,960.0,0.5
4f3dc90e-0e11-4fbb-a481-7f0e76f5fa64,227,7.566666666666666,right_elbow,0.5,0.5,0.0,540.0,960.0,0.5
4f3dc90e-0e11-4fbb-a481-7f0e76f5fa64,227,7.566666666666666,left_wrist,0.5,0.5,0.0,540.0,960.0,0.5
4f3dc90e-0e11-4fbb-a481-7f0e76f5fa64,227,7.566666666666666,right_wrist,0.5,0.5,0.0,540.0,960.0,0.5
4f3dc90e-0e11-4fbb-a481-7f0e76f5fa64,227,7.566666666666666,left_hip,0.5,0.5,0.0,540.0,960.0,0.5
4f3dc90e-0e11-4fbb-a481-7f0e76f5fa64,227,7.566666666666666,right_hip,0.5,0.5,0.0,540.0,960.0,0.5
4f3dc90e-0e11-4fbb-a481-7f0e76f5fa64,227,7.566666666666666,left_knee,0.5,0.5,0.0,540.0,960.0,0.5
4f3dc90e-0e11-4fbb-a481-7f0e76f5fa64,227,7.566666666666666,right_knee,0.5,0.5,0.0,540.0,960.0,0.5
4f3dc90e-0e11-4fbb-a481-7f0e76f5fa64,227,7.566666666666666,left_ankle,0.5,0.5,0.0,540.0,960.0,0.5
4f3dc90e-0e11-4fbb-a481-7f0e76f5fa64,227,7.566666666666666,right_ankle,0.5,0.5,0.0,540.0,960.0,0.5
4f3dc90e-0e11-4fbb-a481-7f0e76f5fa64,227,7.566666666666666,left_heel,0.5,0.5,0.0,540.0,960.0,0.5
4f3dc90e-0e11-4fbb-a481-7f0e76f5fa64,227,7.566666666666666,right_heel,0.5,0.5,0.0,540.0,960.0,0.5
4f3dc90e-0e11-4fbb-a481-7f0e76f5fa64,227,7.566666666666666,left_foot_index,0.5,0.5,0.0,540.0,960.0,0.5
4f3dc90e-0e11-4fbb-a481-7f0e76f5fa64,227,7.566666666666666,right_foot_index,0.5,0.5,0.0,540.0,960.0,0.5
4f3dc90e-0e11-4fbb-a481-7f0e76f5fa64,228,7.6,nose,0.5,0.5,0.0,540.0,960.0,0.5
4f3dc90e-0e11-4fbb-a481-7f0e76f5fa64,228,7.6,left_shoulder,0.5,0.5,0.0,540.0,960.0,0.5
4f3dc90e-0e11-4fbb-a481-7f0e76f5fa64,228,7.6,right_shoulder,0.5,0.5,0.0,540.0,960.0,0.5
4f3dc90e-0e11-4fbb-a481-7f0e76f5fa64,228,7.6,left_elbow,0.5,0.5,0.0,540.0,960.0,0.5
4f3dc90e-0e11-4fbb-a481-7f0e76f5fa64,228,7.6,right_elbow,0.5,0.5,0.0,540.0,960.0,0.5
4f3dc90e-0e11-4fbb-a481-7f0e76f5fa64,228,7.6,left_wrist,0.5,0.5,0.0,540.0,960.0,0.5
4f3dc90e-0e11-4fbb-a481-7f0e76f5fa64,228,7.6,right_wrist,0.5,0.5,0.0,540.0,960.0,0.5
4f3dc90e-0e11-4fbb-a481-7f0e76f5fa64,228,7.6,left_hip,0.5,0.5,0.0,540.0,960.0,0.5
4f3dc90e-0e11-4fbb-a481-7f0e76f5fa64,228,7.6,right_hip,0.5,0.5,0.0,540.0,960.0,0.5
4f3dc90e-0e11-4fbb-a481-7f0e76f5fa64,228,7.6,left_knee,0.5,0.5,0.0,540.0,960.0,0.5
4f3dc90e-0e11-4fbb-a481-7f0e76f5fa64,228,7.6,right_knee,0.5,0.5,0.0,540.0,960.0,0.5
4f3dc90e-0e11-4fbb-a481-7f0e76f5fa64,228,7.6,left_ankle,0.5,0.5,0.0,540.0,960.0,0.5
4f3dc90e-0e11-4fbb-a481-7f0e76f5fa64,228,7.6,right_ankle,0.5,0.5,0.0,540.0,960.0,0.5
4f3dc90e-0e11-4fbb-a481-7f0e76f5fa64,228,7.6,left_heel,0.5,0.5,0.0,540.0,960.0,0.5
4f3dc90e-0e11-4fbb-a481-7f0e76f5fa64,228,7.6,right_heel,0.5,0.5,0.0,540.0,960.0,0.5
4f3dc90e-0e11-4fbb-a481-7f0e76f5fa64,228,7.6,left_foot_index,0.5,0.5,0.0,540.0,960.0,0.5
4f3dc90e-0e11-4fbb-a481-7f0e76f5fa64,228,7.6,right_foot_index,0.5,0.5,0.0,540.0,960.0,0.5
4f3dc90e-0e11-4fbb-a481-7f0e76f5fa64,229,7.633333333333334,nose,0.5,0.5,0.0,540.0,960.0,0.5
4f3dc90e-0e11-4fbb-a481-7f0e76f5fa64,229,7.633333333333334,left_shoulder,0.5,0.5,0.0,540.0,960.0,0.5
4f3dc90e-0e11-4fbb-a481-7f0e76f5fa64,229,7.633333333333334,right_shoulder,0.5,0.5,0.0,540.0,960.0,0.5
4f3dc90e-0e11-4fbb-a481-7f0e76f5fa64,229,7.633333333333334,left_elbow,0.5,0.5,0.0,540.0,960.0,0.5
4f3dc90e-0e11-4fbb-a481-7f0e76f5fa64,229,7.633333333333334,right_elbow,0.5,0.5,0.0,540.0,960.0,0.5
4f3dc90e-0e11-4fbb-a481-7f0e76f5fa64,229,7.633333333333334,left_wrist,0.5,0.5,0.0,540.0,960.0,0.5
4f3dc90e-0e11-4fbb-a481-7f0e76f5fa64,229,7.633333333333334,right_wrist,0.5,0.5,0.0,540.0,960.0,0.5
4f3dc90e-0e11-4fbb-a481-7f0e76f5fa64,229,7.633333333333334,left_hip,0.5,0.5,0.0,540.0,960.0,0.5
4f3dc90e-0e11-4fbb-a481-7f0e76f5fa64,229,7.633333333333334,right_hip,0.5,0.5,0.0,540.0,960.0,0.5
4f3dc90e-0e11-4fbb-a481-7f0e76f5fa64,229,7.633333333333334,left_knee,0.5,0.5,0.0,540.0,960.0,0.5
4f3dc90e-0e11-4fbb-a481-7f0e76f5fa64,229,7.633333333333334,right_knee,0.5,0.5,0.0,540.0,960.0,0.5
4f3dc90e-0e11-4fbb-a481-7f0e76f5fa64,229,7.633333333333334,left_ankle,0.5,0.5,0.0,540.0,960.0,0.5
4f3dc90e-0e11-4fbb-a481-7f0e76f5fa64,229,7.633333333333334,right_ankle,0.5,0.5,0.0,540.0,960.0,0.5
4f3dc90e-0e11-4fbb-a481-7f0e76f5fa64,229,7.633333333333334,left_heel,0.5,0.5,0.0,540.0,960.0,0.5
4f3dc90e-0e11-4fbb-a481-7f0e76f5fa64,229,7.633333333333334,right_heel,0.5,0.5,0.0,540.0,960.0,0.5
4f3dc90e-0e11-4fbb-a481-7f0e76f5fa64,229,7.633333333333334,left_foot_index,0.5,0.5,0.0,540.0,960.0,0.5
4f3dc90e-0e11-4fbb-a481-7f0e76f5fa64,229,7.633333333333334,right_foot_index,0.5,0.5,0.0,540.0,960.0,0.5
4f3dc90e-0e11-4fbb-a481-7f0e76f5fa64,230,7.666666666666667,nose,0.5,0.5,0.0,540.0,960.0,0.5
4f3dc90e-0e11-4fbb-a481-7f0e76f5fa64,230,7.666666666666667,left_shoulder,0.5,0.5,0.0,540.0,960.0,0.5
4f3dc90e-0e11-4fbb-a481-7f0e76f5fa64,230,7.666666666666667,right_shoulder,0.5,0.5,0.0,540.0,960.0,0.5
4f3dc90e-0e11-4fbb-a481-7f0e76f5fa64,230,7.666666666666667,left_elbow,0.5,0.5,0.0,540.0,960.0,0.5
4f3dc90e-0e11-4fbb-a481-7f0e76f5fa64,230,7.666666666666667,right_elbow,0.5,0.5,0.0,540.0,960.0,0.5
4f3dc90e-0e11-4fbb-a481-7f0e76f5fa64,230,7.666666666666667,left_wrist,0.5,0.5,0.0,540.0,960.0,0.5
4f3dc90e-0e11-4fbb-a481-7f0e76f5fa64,230,7.666666666666667,right_wrist,0.5,0.5,0.0,540.0,960.0,0.5
4f3dc90e-0e11-4fbb-a481-7f0e76f5fa64,230,7.666666666666667,left_hip,0.5,0.5,0.0,540.0,960.0,0.5
4f3dc90e-0e11-4fbb-a481-7f0e76f5fa64,230,7.666666666666667,right_hip,0.5,0.5,0.0,540.0,960.0,0.5
4f3dc90e-0e11-4fbb-a481-7f0e76f5fa64,230,7.666666666666667,left_knee,0.5,0.5,0.0,540.0,960.0,0.5
4f3dc90e-0e11-4fbb-a481-7f0e76f5fa64,230,7.666666666666667,right_knee,0.5,0.5,0.0,540.0,960.0,0.5
4f3dc90e-0e11-4fbb-a481-7f0e76f5fa64,230,7.666666666666667,left_ankle,0.5,0.5,0.0,540.0,960.0,0.5
4f3dc90e-0e11-4fbb-a481-7f0e76f5fa64,230,7.666666666666667,right_ankle,0.5,0.5,0.0,540.0,960.0,0.5
4f3dc90e-0e11-4fbb-a481-7f0e76f5fa64,230,7.666666666666667,left_heel,0.5,0.5,0.0,540.0,960.0,0.5
4f3dc90e-0e11-4fbb-a481-7f0e76f5fa64,230,7.666666666666667,right_heel,0.5,0.5,0.0,540.0,960.0,0.5
4f3dc90e-0e11-4fbb-a481-7f0e76f5fa64,230,7.666666666666667,left_foot_index,0.5,0.5,0.0,540.0,960.0,0.5
4f3dc90e-0e11-4fbb-a481-7f0e76f5fa64,230,7.666666666666667,right_foot_index,0.5,0.5,0.0,540.0,960.0,0.5
4f3dc90e-0e11-4fbb-a481-7f0e76f5fa64,231,7.7,nose,0.5,0.5,0.0,540.0,960.0,0.5
4f3dc90e-0e11-4fbb-a481-7f0e76f5fa64,231,7.7,left_shoulder,0.5,0.5,0.0,540.0,960.0,0.5
4f3dc90e-0e11-4fbb-a481-7f0e76f5fa64,231,7.7,right_shoulder,0.5,0.5,0.0,540.0,960.0,0.5
4f3dc90e-0e11-4fbb-a481-7f0e76f5fa64,231,7.7,left_elbow,0.5,0.5,0.0,540.0,960.0,0.5
4f3dc90e-0e11-4fbb-a481-7f0e76f5fa64,231,7.7,right_elbow,0.5,0.5,0.0,540.0,960.0,0.5
4f3dc90e-0e11-4fbb-a481-7f0e76f5fa64,231,7.7,left_wrist,0.5,0.5,0.0,540.0,960.0,0.5
4f3dc90e-0e11-4fbb-a481-7f0e76f5fa64,231,7.7,right_wrist,0.5,0.5,0.0,540.0,960.0,0.5
4f3dc90e-0e11-4fbb-a481-7f0e76f5fa64,231,7.7,left_hip,0.5,0.5,0.0,540.0,960.0,0.5
4f3dc90e-0e11-4fbb-a481-7f0e76f5fa64,231,7.7,right_hip,0.5,0.5,0.0,540.0,960.0,0.5
4f3dc90e-0e11-4fbb-a481-7f0e76f5fa64,231,7.7,left_knee,0.5,0.5,0.0,540.0,960.0,0.5
4f3dc90e-0e11-4fbb-a481-7f0e76f5fa64,231,7.7,right_knee,0.5,0.5,0.0,540.0,960.0,0.5
4f3dc90e-0e11-4fbb-a481-7f0e76f5fa64,231,7.7,left_ankle,0.5,0.5,0.0,540.0,960.0,0.5
4f3dc90e-0e11-4fbb-a481-7f0e76f5fa64,231,7.7,right_ankle,0.5,0.5,0.0,540.0,960.0,0.5
4f3dc90e-0e11-4fbb-a481-7f0e76f5fa64,231,7.7,left_heel,0.5,0.5,0.0,540.0,960.0,0.5
4f3dc90e-0e11-4fbb-a481-7f0e76f5fa64,231,7.7,right_heel,0.5,0.5,0.0,540.0,960.0,0.5
4f3dc90e-0e11-4fbb-a481-7f0e76f5fa64,231,7.7,left_foot_index,0.5,0.5,0.0,540.0,960.0,0.5
4f3dc90e-0e11-4fbb-a481-7f0e76f5fa64,231,7.7,right_foot_index,0.5,0.5,0.0,540.0,960.0,0.5
4f3dc90e-0e11-4fbb-a481-7f0e76f5fa64,232,7.733333333333333,nose,0.5,0.5,0.0,540.0,960.0,0.5
4f3dc90e-0e11-4fbb-a481-7f0e76f5fa64,232,7.733333333333333,left_shoulder,0.5,0.5,0.0,540.0,960.0,0.5
4f3dc90e-0e11-4fbb-a481-7f0e76f5fa64,232,7.733333333333333,right_shoulder,0.5,0.5,0.0,540.0,960.0,0.5
4f3dc90e-0e11-4fbb-a481-7f0e76f5fa64,232,7.733333333333333,left_elbow,0.5,0.5,0.0,540.0,960.0,0.5
4f3dc90e-0e11-4fbb-a481-7f0e76f5fa64,232,7.733333333333333,right_elbow,0.5,0.5,0.0,540.0,960.0,0.5
4f3dc90e-0e11-4fbb-a481-7f0e76f5fa64,232,7.733333333333333,left_wrist,0.5,0.5,0.0,540.0,960.0,0.5
4f3dc90e-0e11-4fbb-a481-7f0e76f5fa64,232,7.733333333333333,right_wrist,0.5,0.5,0.0,540.0,960.0,0.5
4f3dc90e-0e11-4fbb-a481-7f0e76f5fa64,232,7.733333333333333,left_hip,0.5,0.5,0.0,540.0,960.0,0.5
4f3dc90e-0e11-4fbb-a481-7f0e76f5fa64,232,7.733333333333333,right_hip,0.5,0.5,0.0,540.0,960.0,0.5
4f3dc90e-0e11-4fbb-a481-7f0e76f5fa64,232,7.733333333333333,left_knee,0.5,0.5,0.0,540.0,960.0,0.5
4f3dc90e-0e11-4fbb-a481-7f0e76f5fa64,232,7.733333333333333,right_knee,0.5,0.5,0.0,540.0,960.0,0.5
4f3dc90e-0e11-4fbb-a481-7f0e76f5fa64,232,7.733333333333333,left_ankle,0.5,0.5,0.0,540.0,960.0,0.5
4f3dc90e-0e11-4fbb-a481-7f0e76f5fa64,232,7.733333333333333,right_ankle,0.5,0.5,0.0,540.0,960.0,0.5
4f3dc90e-0e11-4fbb-a481-7f0e76f5fa64,232,7.733333333333333,left_heel,0.5,0.5,0.0,540.0,960.0,0.5
4f3dc90e-0e11-4fbb-a481-7f0e76f5fa64,232,7.733333333333333,right_heel,0.5,0.5,0.0,540.0,960.0,0.5
4f3dc90e-0e11-4fbb-a481-7f0e76f5fa64,232,7.733333333333333,left_foot_index,0.5,0.5,0.0,540.0,960.0,0.5
4f3dc90e-0e11-4fbb-a481-7f0e76f5fa64,232,7.733333333333333,right_foot_index,0.5,0.5,0.0,540.0,960.0,0.5
4f3dc90e-0e11-4fbb-a481-7f0e76f5fa64,233,7.766666666666667,nose,0.5,0.5,0.0,540.0,960.0,0.5
4f3dc90e-0e11-4fbb-a481-7f0e76f5fa64,233,7.766666666666667,left_shoulder,0.5,0.5,0.0,540.0,960.0,0.5
4f3dc90e-0e11-4fbb-a481-7f0e76f5fa64,233,7.766666666666667,right_shoulder,0.5,0.5,0.0,540.0,960.0,0.5
4f3dc90e-0e11-4fbb-a481-7f0e76f5fa64,233,7.766666666666667,left_elbow,0.5,0.5,0.0,540.0,960.0,0.5
4f3dc90e-0e11-4fbb-a481-7f0e76f5fa64,233,7.766666666666667,right_elbow,0.5,0.5,0.0,540.0,960.0,0.5
4f3dc90e-0e11-4fbb-a481-7f0e76f5fa64,233,7.766666666666667,left_wrist,0.5,0.5,0.0,540.0,960.0,0.5
4f3dc90e-0e11-4fbb-a481-7f0e76f5fa64,233,7.766666666666667,right_wrist,0.5,0.5,0.0,540.0,960.0,0.5
4f3dc90e-0e11-4fbb-a481-7f0e76f5fa64,233,7.766666666666667,left_hip,0.5,0.5,0.0,540.0,960.0,0.5
4f3dc90e-0e11-4fbb-a481-7f0e76f5fa64,233,7.766666666666667,right_hip,0.5,0.5,0.0,540.0,960.0,0.5
4f3dc90e-0e11-4fbb-a481-7f0e76f5fa64,233,7.766666666666667,left_knee,0.5,0.5,0.0,540.0,960.0,0.5
4f3dc90e-0e11-4fbb-a481-7f0e76f5fa64,233,7.766666666666667,right_knee,0.5,0.5,0.0,540.0,960.0,0.5
4f3dc90e-0e11-4fbb-a481-7f0e76f5fa64,233,7.766666666666667,left_ankle,0.5,0.5,0.0,540.0,960.0,0.5
4f3dc90e-0e11-4fbb-a481-7f0e76f5fa64,233,7.766666666666667,right_ankle,0.5,0.5,0.0,540.0,960.0,0.5
4f3dc90e-0e11-4fbb-a481-7f0e76f5fa64,233,7.766666666666667,left_heel,0.5,0.5,0.0,540.0,960.0,0.5
4f3dc90e-0e11-4fbb-a481-7f0e76f5fa64,233,7.766666666666667,right_heel,0.5,0.5,0.0,540.0,960.0,0.5
4f3dc90e-0e11-4fbb-a481-7f0e76f5fa64,233,7.766666666666667,left_foot_index,0.5,0.5,0.0,540.0,960.0,0.5
4f3dc90e-0e11-4fbb-a481-7f0e76f5fa64,233,7.766666666666667,right_foot_index,0.5,0.5,0.0,540.0,960.0,0.5
4f3dc90e-0e11-4fbb-a481-7f0e76f5fa64,234,7.8,nose,0.5,0.5,0.0,540.0,960.0,0.5
4f3dc90e-0e11-4fbb-a481-7f0e76f5fa64,234,7.8,left_shoulder,0.5,0.5,0.0,540.0,960.0,0.5
4f3dc90e-0e11-4fbb-a481-7f0e76f5fa64,234,7.8,right_shoulder,0.5,0.5,0.0,540.0,960.0,0.5
4f3dc90e-0e11-4fbb-a481-7f0e76f5fa64,234,7.8,left_elbow,0.5,0.5,0.0,540.0,960.0,0.5
4f3dc90e-0e11-4fbb-a481-7f0e76f5fa64,234,7.8,right_elbow,0.5,0.5,0.0,540.0,960.0,0.5
4f3dc90e-0e11-4fbb-a481-7f0e76f5fa64,234,7.8,left_wrist,0.5,0.5,0.0,540.0,960.0,0.5
4f3dc90e-0e11-4fbb-a481-7f0e76f5fa64,234,7.8,right_wrist,0.5,0.5,0.0,540.0,960.0,0.5
4f3dc90e-0e11-4fbb-a481-7f0e76f5fa64,234,7.8,left_hip,0.5,0.5,0.0,540.0,960.0,0.5
4f3dc90e-0e11-4fbb-a481-7f0e76f5fa64,234,7.8,right_hip,0.5,0.5,0.0,540.0,960.0,0.5
4f3dc90e-0e11-4fbb-a481-7f0e76f5fa64,234,7.8,left_knee,0.5,0.5,0.0,540.0,960.0,0.5
4f3dc90e-0e11-4fbb-a481-7f0e76f5fa64,234,7.8,right_knee,0.5,0.5,0.0,540.0,960.0,0.5
4f3dc90e-0e11-4fbb-a481-7f0e76f5fa64,234,7.8,left_ankle,0.5,0.5,0.0,540.0,960.0,0.5
4f3dc90e-0e11-4fbb-a481-7f0e76f5fa64,234,7.8,right_ankle,0.5,0.5,0.0,540.0,960.0,0.5
4f3dc90e-0e11-4fbb-a481-7f0e76f5fa64,234,7.8,left_heel,0.5,0.5,0.0,540.0,960.0,0.5
4f3dc90e-0e11-4fbb-a481-7f0e76f5fa64,234,7.8,right_heel,0.5,0.5,0.0,540.0,960.0,0.5
4f3dc90e-0e11-4fbb-a481-7f0e76f5fa64,234,7.8,left_foot_index,0.5,0.5,0.0,540.0,960.0,0.5
4f3dc90e-0e11-4fbb-a481-7f0e76f5fa64,234,7.8,right_foot_index,0.5,0.5,0.0,540.0,960.0,0.5
4f3dc90e-0e11-4fbb-a481-7f0e76f5fa64,235,7.833333333333333,nose,0.5,0.5,0.0,540.0,960.0,0.5
4f3dc90e-0e11-4fbb-a481-7f0e76f5fa64,235,7.833333333333333,left_shoulder,0.5,0.5,0.0,540.0,960.0,0.5
4f3dc90e-0e11-4fbb-a481-7f0e76f5fa64,235,7.833333333333333,right_shoulder,0.5,0.5,0.0,540.0,960.0,0.5
4f3dc90e-0e11-4fbb-a481-7f0e76f5fa64,235,7.833333333333333,left_elbow,0.5,0.5,0.0,540.0,960.0,0.5
4f3dc90e-0e11-4fbb-a481-7f0e76f5fa64,235,7.833333333333333,right_elbow,0.5,0.5,0.0,540.0,960.0,0.5
4f3dc90e-0e11-4fbb-a481-7f0e76f5fa64,235,7.833333333333333,left_wrist,0.5,0.5,0.0,540.0,960.0,0.5
4f3dc90e-0e11-4fbb-a481-7f0e76f5fa64,235,7.833333333333333,right_wrist,0.5,0.5,0.0,540.0,960.0,0.5
4f3dc90e-0e11-4fbb-a481-7f0e76f5fa64,235,7.833333333333333,left_hip,0.5,0.5,0.0,540.0,960.0,0.5
4f3dc90e-0e11-4fbb-a481-7f0e76f5fa64,235,7.833333333333333,right_hip,0.5,0.5,0.0,540.0,960.0,0.5
4f3dc90e-0e11-4fbb-a481-7f0e76f5fa64,235,7.833333333333333,left_knee,0.5,0.5,0.0,540.0,960.0,0.5
4f3dc90e-0e11-4fbb-a481-7f0e76f5fa64,235,7.833333333333333,right_knee,0.5,0.5,0.0,540.0,960.0,0.5
4f3dc90e-0e11-4fbb-a481-7f0e76f5fa64,235,7.833333333333333,left_ankle,0.5,0.5,0.0,540.0,960.0,0.5
4f3dc90e-0e11-4fbb-a481-7f0e76f5fa64,235,7.833333333333333,right_ankle,0.5,0.5,0.0,540.0,960.0,0.5
4f3dc90e-0e11-4fbb-a481-7f0e76f5fa64,235,7.833333333333333,left_heel,0.5,0.5,0.0,540.0,960.0,0.5
4f3dc90e-0e11-4fbb-a481-7f0e76f5fa64,235,7.833333333333333,right_heel,0.5,0.5,0.0,540.0,960.0,0.5
4f3dc90e-0e11-4fbb-a481-7f0e76f5fa64,235,7.833333333333333,left_foot_index,0.5,0.5,0.0,540.0,960.0,0.5
4f3dc90e-0e11-4fbb-a481-7f0e76f5fa64,235,7.833333333333333,right_foot_index,0.5,0.5,0.0,540.0,960.0,0.5
4f3dc90e-0e11-4fbb-a481-7f0e76f5fa64,236,7.866666666666666,nose,0.5,0.5,0.0,540.0,960.0,0.5
4f3dc90e-0e11-4fbb-a481-7f0e76f5fa64,236,7.866666666666666,left_shoulder,0.5,0.5,0.0,540.0,960.0,0.5
4f3dc90e-0e11-4fbb-a481-7f0e76f5fa64,236,7.866666666666666,right_shoulder,0.5,0.5,0.0,540.0,960.0,0.5
4f3dc90e-0e11-4fbb-a481-7f0e76f5fa64,236,7.866666666666666,left_elbow,0.5,0.5,0.0,540.0,960.0,0.5
4f3dc90e-0e11-4fbb-a481-7f0e76f5fa64,236,7.866666666666666,right_elbow,0.5,0.5,0.0,540.0,960.0,0.5
4f3dc90e-0e11-4fbb-a481-7f0e76f5fa64,236,7.866666666666666,left_wrist,0.5,0.5,0.0,540.0,960.0,0.5
4f3dc90e-0e11-4fbb-a481-7f0e76f5fa64,236,7.866666666666666,right_wrist,0.5,0.5,0.0,540.0,960.0,0.5
4f3dc90e-0e11-4fbb-a481-7f0e76f5fa64,236,7.866666666666666,left_hip,0.5,0.5,0.0,540.0,960.0,0.5
4f3dc90e-0e11-4fbb-a481-7f0e76f5fa64,236,7.866666666666666,right_hip,0.5,0.5,0.0,540.0,960.0,0.5
4f3dc90e-0e11-4fbb-a481-7f0e76f5fa64,236,7.866666666666666,left_knee,0.5,0.5,0.0,540.0,960.0,0.5
4f3dc90e-0e11-4fbb-a481-7f0e76f5fa64,236,7.866666666666666,right_knee,0.5,0.5,0.0,540.0,960.0,0.5
4f3dc90e-0e11-4fbb-a481-7f0e76f5fa64,236,7.866666666666666,left_ankle,0.5,0.5,0.0,540.0,960.0,0.5
4f3dc90e-0e11-4fbb-a481-7f0e76f5fa64,236,7.866666666666666,right_ankle,0.5,0.5,0.0,540.0,960.0,0.5
4f3dc90e-0e11-4fbb-a481-7f0e76f5fa64,236,7.866666666666666,left_heel,0.5,0.5,0.0,540.0,960.0,0.5
4f3dc90e-0e11-4fbb-a481-7f0e76f5fa64,236,7.866666666666666,right_heel,0.5,0.5,0.0,540.0,960.0,0.5
4f3dc90e-0e11-4fbb-a481-7f0e76f5fa64,236,7.866666666666666,left_foot_index,0.5,0.5,0.0,540.0,960.0,0.5
4f3dc90e-0e11-4fbb-a481-7f0e76f5fa64,236,7.866666666666666,right_foot_index,0.5,0.5,0.0,540.0,960.0,0.5
4f3dc90e-0e11-4fbb-a481-7f0e76f5fa64,237,7.9,nose,0.5,0.5,0.0,540.0,960.0,0.5
4f3dc90e-0e11-4fbb-a481-7f0e76f5fa64,237,7.9,left_shoulder,0.5,0.5,0.0,540.0,960.0,0.5
4f3dc90e-0e11-4fbb-a481-7f0e76f5fa64,237,7.9,right_shoulder,0.5,0.5,0.0,540.0,960.0,0.5
4f3dc90e-0e11-4fbb-a481-7f0e76f5fa64,237,7.9,left_elbow,0.5,0.5,0.0,540.0,960.0,0.5
4f3dc90e-0e11-4fbb-a481-7f0e76f5fa64,237,7.9,right_elbow,0.5,0.5,0.0,540.0,960.0,0.5
4f3dc90e-0e11-4fbb-a481-7f0e76f5fa64,237,7.9,left_wrist,0.5,0.5,0.0,540.0,960.0,0.5
4f3dc90e-0e11-4fbb-a481-7f0e76f5fa64,237,7.9,right_wrist,0.5,0.5,0.0,540.0,960.0,0.5
4f3dc90e-0e11-4fbb-a481-7f0e76f5fa64,237,7.9,left_hip,0.5,0.5,0.0,540.0,960.0,0.5
4f3dc90e-0e11-4fbb-a481-7f0e76f5fa64,237,7.9,right_hip,0.5,0.5,0.0,540.0,960.0,0.5
4f3dc90e-0e11-4fbb-a481-7f0e76f5fa64,237,7.9,left_knee,0.5,0.5,0.0,540.0,960.0,0.5
4f3dc90e-0e11-4fbb-a481-7f0e76f5fa64,237,7.9,right_knee,0.5,0.5,0.0,540.0,960.0,0.5
4f3dc90e-0e11-4fbb-a481-7f0e76f5fa64,237,7.9,left_ankle,0.5,0.5,0.0,540.0,960.0,0.5
4f3dc90e-0e11-4fbb-a481-7f0e76f5fa64,237,7.9,right_ankle,0.5,0.5,0.0,540.0,960.0,0.5
4f3dc90e-0e11-4fbb-a481-7f0e76f5fa64,237,7.9,left_heel,0.5,0.5,0.0,540.0,960.0,0.5
4f3dc90e-0e11-4fbb-a481-7f0e76f5fa64,237,7.9,right_heel,0.5,0.5,0.0,540.0,960.0,0.5
4f3dc90e-0e11-4fbb-a481-7f0e76f5fa64,237,7.9,left_foot_index,0.5,0.5,0.0,540.0,960.0,0.5
4f3dc90e-0e11-4fbb-a481-7f0e76f5fa64,237,7.9,right_foot_index,0.5,0.5,0.0,540.0,960.0,0.5
4f3dc90e-0e11-4fbb-a481-7f0e76f5fa64,238,7.933333333333334,nose,0.5,0.5,0.0,540.0,960.0,0.5
4f3dc90e-0e11-4fbb-a481-7f0e76f5fa64,238,7.933333333333334,left_shoulder,0.5,0.5,0.0,540.0,960.0,0.5
4f3dc90e-0e11-4fbb-a481-7f0e76f5fa64,238,7.933333333333334,right_shoulder,0.5,0.5,0.0,540.0,960.0,0.5
4f3dc90e-0e11-4fbb-a481-7f0e76f5fa64,238,7.933333333333334,left_elbow,0.5,0.5,0.0,540.0,960.0,0.5
4f3dc90e-0e11-4fbb-a481-7f0e76f5fa64,238,7.933333333333334,right_elbow,0.5,0.5,0.0,540.0,960.0,0.5
4f3dc90e-0e11-4fbb-a481-7f0e76f5fa64,238,7.933333333333334,left_wrist,0.5,0.5,0.0,540.0,960.0,0.5
4f3dc90e-0e11-4fbb-a481-7f0e76f5fa64,238,7.933333333333334,right_wrist,0.5,0.5,0.0,540.0,960.0,0.5
4f3dc90e-0e11-4fbb-a481-7f0e76f5fa64,238,7.933333333333334,left_hip,0.5,0.5,0.0,540.0,960.0,0.5
4f3dc90e-0e11-4fbb-a481-7f0e76f5fa64,238,7.933333333333334,right_hip,0.5,0.5,0.0,540.0,960.0,0.5
4f3dc90e-0e11-4fbb-a481-7f0e76f5fa64,238,7.933333333333334,left_knee,0.5,0.5,0.0,540.0,960.0,0.5
4f3dc90e-0e11-4fbb-a481-7f0e76f5fa64,238,7.933333333333334,right_knee,0.5,0.5,0.0,540.0,960.0,0.5
4f3dc90e-0e11-4fbb-a481-7f0e76f5fa64,238,7.933333333333334,left_ankle,0.5,0.5,0.0,540.0,960.0,0.5
4f3dc90e-0e11-4fbb-a481-7f0e76f5fa64,238,7.933333333333334,right_ankle,0.5,0.5,0.0,540.0,960.0,0.5
4f3dc90e-0e11-4fbb-a481-7f0e76f5fa64,238,7.933333333333334,left_heel,0.5,0.5,0.0,540.0,960.0,0.5
4f3dc90e-0e11-4fbb-a481-7f0e76f5fa64,238,7.933333333333334,right_heel,0.5,0.5,0.0,540.0,960.0,0.5
4f3dc90e-0e11-4fbb-a481-7f0e76f5fa64,238,7.933333333333334,left_foot_index,0.5,0.5,0.0,540.0,960.0,0.5
4f3dc90e-0e11-4fbb-a481-7f0e76f5fa64,238,7.933333333333334,right_foot_index,0.5,0.5,0.0,540.0,960.0,0.5
4f3dc90e-0e11-4fbb-a481-7f0e76f5fa64,239,7.966666666666667,nose,0.5,0.5,0.0,540.0,960.0,0.5
4f3dc90e-0e11-4fbb-a481-7f0e76f5fa64,239,7.966666666666667,left_shoulder,0.5,0.5,0.0,540.0,960.0,0.5
4f3dc90e-0e11-4fbb-a481-7f0e76f5fa64,239,7.966666666666667,right_shoulder,0.5,0.5,0.0,540.0,960.0,0.5
4f3dc90e-0e11-4fbb-a481-7f0e76f5fa64,239,7.966666666666667,left_elbow,0.5,0.5,0.0,540.0,960.0,0.5
4f3dc90e-0e11-4fbb-a481-7f0e76f5fa64,239,7.966666666666667,right_elbow,0.5,0.5,0.0,540.0,960.0,0.5
4f3dc90e-0e11-4fbb-a481-7f0e76f5fa64,239,7.966666666666667,left_wrist,0.5,0.5,0.0,540.0,960.0,0.5
4f3dc90e-0e11-4fbb-a481-7f0e76f5fa64,239,7.966666666666667,right_wrist,0.5,0.5,0.0,540.0,960.0,0.5
4f3dc90e-0e11-4fbb-a481-7f0e76f5fa64,239,7.966666666666667,left_hip,0.5,0.5,0.0,540.0,960.0,0.5
4f3dc90e-0e11-4fbb-a481-7f0e76f5fa64,239,7.966666666666667,right_hip,0.5,0.5,0.0,540.0,960.0,0.5
4f3dc90e-0e11-4fbb-a481-7f0e76f5fa64,239,7.966666666666667,left_knee,0.5,0.5,0.0,540.0,960.0,0.5
4f3dc90e-0e11-4fbb-a481-7f0e76f5fa64,239,7.966666666666667,right_knee,0.5,0.5,0.0,540.0,960.0,0.5
4f3dc90e-0e11-4fbb-a481-7f0e76f5fa64,239,7.966666666666667,left_ankle,0.5,0.5,0.0,540.0,960.0,0.5
4f3dc90e-0e11-4fbb-a481-7f0e76f5fa64,239,7.966666666666667,right_ankle,0.5,0.5,0.0,540.0,960.0,0.5
4f3dc90e-0e11-4fbb-a481-7f0e76f5fa64,239,7.966666666666667,left_heel,0.5,0.5,0.0,540.0,960.0,0.5
4f3dc90e-0e11-4fbb-a481-7f0e76f5fa64,239,7.966666666666667,right_heel,0.5,0.5,0.0,540.0,960.0,0.5
4f3dc90e-0e11-4fbb-a481-7f0e76f5fa64,239,7.966666666666667,left_foot_index,0.5,0.5,0.0,540.0,960.0,0.5
4f3dc90e-0e11-4fbb-a481-7f0e76f5fa64,239,7.966666666666667,right_foot_index,0.5,0.5,0.0,540.0,960.0,0.5
4f3dc90e-0e11-4fbb-a481-7f0e76f5fa64,240,8.0,nose,0.5,0.5,0.0,540.0,960.0,0.5
4f3dc90e-0e11-4fbb-a481-7f0e76f5fa64,240,8.0,left_shoulder,0.5,0.5,0.0,540.0,960.0,0.5
4f3dc90e-0e11-4fbb-a481-7f0e76f5fa64,240,8.0,right_shoulder,0.5,0.5,0.0,540.0,960.0,0.5
4f3dc90e-0e11-4fbb-a481-7f0e76f5fa64,240,8.0,left_elbow,0.5,0.5,0.0,540.0,960.0,0.5
4f3dc90e-0e11-4fbb-a481-7f0e76f5fa64,240,8.0,right_elbow,0.5,0.5,0.0,540.0,960.0,0.5
4f3dc90e-0e11-4fbb-a481-7f0e76f5fa64,240,8.0,left_wrist,0.5,0.5,0.0,540.0,960.0,0.5
4f3dc90e-0e11-4fbb-a481-7f0e76f5fa64,240,8.0,right_wrist,0.5,0.5,0.0,540.0,960.0,0.5
4f3dc90e-0e11-4fbb-a481-7f0e76f5fa64,240,8.0,left_hip,0.5,0.5,0.0,540.0,960.0,0.5
4f3dc90e-0e11-4fbb-a481-7f0e76f5fa64,240,8.0,right_hip,0.5,0.5,0.0,540.0,960.0,0.5
4f3dc90e-0e11-4fbb-a481-7f0e76f5fa64,240,8.0,left_knee,0.5,0.5,0.0,540.0,960.0,0.5
4f3dc90e-0e11-4fbb-a481-7f0e76f5fa64,240,8.0,right_knee,0.5,0.5,0.0,540.0,960.0,0.5
4f3dc90e-0e11-4fbb-a481-7f0e76f5fa64,240,8.0,left_ankle,0.5,0.5,0.0,540.0,960.0,0.5
4f3dc90e-0e11-4fbb-a481-7f0e76f5fa64,240,8.0,right_ankle,0.5,0.5,0.0,540.0,960.0,0.5
4f3dc90e-0e11-4fbb-a481-7f0e76f5fa64,240,8.0,left_heel,0.5,0.5,0.0,540.0,960.0,0.5
4f3dc90e-0e11-4fbb-a481-7f0e76f5fa64,240,8.0,right_heel,0.5,0.5,0.0,540.0,960.0,0.5
4f3dc90e-0e11-4fbb-a481-7f0e76f5fa64,240,8.0,left_foot_index,0.5,0.5,0.0,540.0,960.0,0.5
4f3dc90e-0e11-4fbb-a481-7f0e76f5fa64,240,8.0,right_foot_index,0.5,0.5,0.0,540.0,960.0,0.5
4f3dc90e-0e11-4fbb-a481-7f0e76f5fa64,241,8.033333333333333,nose,0.5,0.5,0.0,540.0,960.0,0.5
4f3dc90e-0e11-4fbb-a481-7f0e76f5fa64,241,8.033333333333333,left_shoulder,0.5,0.5,0.0,540.0,960.0,0.5
4f3dc90e-0e11-4fbb-a481-7f0e76f5fa64,241,8.033333333333333,right_shoulder,0.5,0.5,0.0,540.0,960.0,0.5
4f3dc90e-0e11-4fbb-a481-7f0e76f5fa64,241,8.033333333333333,left_elbow,0.5,0.5,0.0,540.0,960.0,0.5
4f3dc90e-0e11-4fbb-a481-7f0e76f5fa64,241,8.033333333333333,right_elbow,0.5,0.5,0.0,540.0,960.0,0.5
4f3dc90e-0e11-4fbb-a481-7f0e76f5fa64,241,8.033333333333333,left_wrist,0.5,0.5,0.0,540.0,960.0,0.5
4f3dc90e-0e11-4fbb-a481-7f0e76f5fa64,241,8.033333333333333,right_wrist,0.5,0.5,0.0,540.0,960.0,0.5
4f3dc90e-0e11-4fbb-a481-7f0e76f5fa64,241,8.033333333333333,left_hip,0.5,0.5,0.0,540.0,960.0,0.5
4f3dc90e-0e11-4fbb-a481-7f0e76f5fa64,241,8.033333333333333,right_hip,0.5,0.5,0.0,540.0,960.0,0.5
4f3dc90e-0e11-4fbb-a481-7f0e76f5fa64,241,8.033333333333333,left_knee,0.5,0.5,0.0,540.0,960.0,0.5
4f3dc90e-0e11-4fbb-a481-7f0e76f5fa64,241,8.033333333333333,right_knee,0.5,0.5,0.0,540.0,960.0,0.5
4f3dc90e-0e11-4fbb-a481-7f0e76f5fa64,241,8.033333333333333,left_ankle,0.5,0.5,0.0,540.0,960.0,0.5
4f3dc90e-0e11-4fbb-a481-7f0e76f5fa64,241,8.033333333333333,right_ankle,0.5,0.5,0.0,540.0,960.0,0.5
4f3dc90e-0e11-4fbb-a481-7f0e76f5fa64,241,8.033333333333333,left_heel,0.5,0.5,0.0,540.0,960.0,0.5
4f3dc90e-0e11-4fbb-a481-7f0e76f5fa64,241,8.033333333333333,right_heel,0.5,0.5,0.0,540.0,960.0,0.5
4f3dc90e-0e11-4fbb-a481-7f0e76f5fa64,241,8.033333333333333,left_foot_index,0.5,0.5,0.0,540.0,960.0,0.5
4f3dc90e-0e11-4fbb-a481-7f0e76f5fa64,241,8.033333333333333,right_foot_index,0.5,0.5,0.0,540.0,960.0,0.5
4f3dc90e-0e11-4fbb-a481-7f0e76f5fa64,242,8.066666666666666,nose,0.5,0.5,0.0,540.0,960.0,0.5
4f3dc90e-0e11-4fbb-a481-7f0e76f5fa64,242,8.066666666666666,left_shoulder,0.5,0.5,0.0,540.0,960.0,0.5
4f3dc90e-0e11-4fbb-a481-7f0e76f5fa64,242,8.066666666666666,right_shoulder,0.5,0.5,0.0,540.0,960.0,0.5
4f3dc90e-0e11-4fbb-a481-7f0e76f5fa64,242,8.066666666666666,left_elbow,0.5,0.5,0.0,540.0,960.0,0.5
4f3dc90e-0e11-4fbb-a481-7f0e76f5fa64,242,8.066666666666666,right_elbow,0.5,0.5,0.0,540.0,960.0,0.5
4f3dc90e-0e11-4fbb-a481-7f0e76f5fa64,242,8.066666666666666,left_wrist,0.5,0.5,0.0,540.0,960.0,0.5
4f3dc90e-0e11-4fbb-a481-7f0e76f5fa64,242,8.066666666666666,right_wrist,0.5,0.5,0.0,540.0,960.0,0.5
4f3dc90e-0e11-4fbb-a481-7f0e76f5fa64,242,8.066666666666666,left_hip,0.5,0.5,0.0,540.0,960.0,0.5
4f3dc90e-0e11-4fbb-a481-7f0e76f5fa64,242,8.066666666666666,right_hip,0.5,0.5,0.0,540.0,960.0,0.5
4f3dc90e-0e11-4fbb-a481-7f0e76f5fa64,242,8.066666666666666,left_knee,0.5,0.5,0.0,540.0,960.0,0.5
4f3dc90e-0e11-4fbb-a481-7f0e76f5fa64,242,8.066666666666666,right_knee,0.5,0.5,0.0,540.0,960.0,0.5
4f3dc90e-0e11-4fbb-a481-7f0e76f5fa64,242,8.066666666666666,left_ankle,0.5,0.5,0.0,540.0,960.0,0.5
4f3dc90e-0e11-4fbb-a481-7f0e76f5fa64,242,8.066666666666666,right_ankle,0.5,0.5,0.0,540.0,960.0,0.5
4f3dc90e-0e11-4fbb-a481-7f0e76f5fa64,242,8.066666666666666,left_heel,0.5,0.5,0.0,540.0,960.0,0.5
4f3dc90e-0e11-4fbb-a481-7f0e76f5fa64,242,8.066666666666666,right_heel,0.5,0.5,0.0,540.0,960.0,0.5
4f3dc90e-0e11-4fbb-a481-7f0e76f5fa64,242,8.066666666666666,left_foot_index,0.5,0.5,0.0,540.0,960.0,0.5
4f3dc90e-0e11-4fbb-a481-7f0e76f5fa64,242,8.066666666666666,right_foot_index,0.5,0.5,0.0,540.0,960.0,0.5
4f3dc90e-0e11-4fbb-a481-7f0e76f5fa64,243,8.1,nose,0.5,0.5,0.0,540.0,960.0,0.5
4f3dc90e-0e11-4fbb-a481-7f0e76f5fa64,243,8.1,left_shoulder,0.5,0.5,0.0,540.0,960.0,0.5
4f3dc90e-0e11-4fbb-a481-7f0e76f5fa64,243,8.1,right_shoulder,0.5,0.5,0.0,540.0,960.0,0.5
4f3dc90e-0e11-4fbb-a481-7f0e76f5fa64,243,8.1,left_elbow,0.5,0.5,0.0,540.0,960.0,0.5
4f3dc90e-0e11-4fbb-a481-7f0e76f5fa64,243,8.1,right_elbow,0.5,0.5,0.0,540.0,960.0,0.5
4f3dc90e-0e11-4fbb-a481-7f0e76f5fa64,243,8.1,left_wrist,0.5,0.5,0.0,540.0,960.0,0.5
4f3dc90e-0e11-4fbb-a481-7f0e76f5fa64,243,8.1,right_wrist,0.5,0.5,0.0,540.0,960.0,0.5
4f3dc90e-0e11-4fbb-a481-7f0e76f5fa64,243,8.1,left_hip,0.5,0.5,0.0,540.0,960.0,0.5
4f3dc90e-0e11-4fbb-a481-7f0e76f5fa64,243,8.1,right_hip,0.5,0.5,0.0,540.0,960.0,0.5
4f3dc90e-0e11-4fbb-a481-7f0e76f5fa64,243,8.1,left_knee,0.5,0.5,0.0,540.0,960.0,0.5
4f3dc90e-0e11-4fbb-a481-7f0e76f5fa64,243,8.1,right_knee,0.5,0.5,0.0,540.0,960.0,0.5
4f3dc90e-0e11-4fbb-a481-7f0e76f5fa64,243,8.1,left_ankle,0.5,0.5,0.0,540.0,960.0,0.5
4f3dc90e-0e11-4fbb-a481-7f0e76f5fa64,243,8.1,right_ankle,0.5,0.5,0.0,540.0,960.0,0.5
4f3dc90e-0e11-4fbb-a481-7f0e76f5fa64,243,8.1,left_heel,0.5,0.5,0.0,540.0,960.0,0.5
4f3dc90e-0e11-4fbb-a481-7f0e76f5fa64,243,8.1,right_heel,0.5,0.5,0.0,540.0,960.0,0.5
4f3dc90e-0e11-4fbb-a481-7f0e76f5fa64,243,8.1,left_foot_index,0.5,0.5,0.0,540.0,960.0,0.5
4f3dc90e-0e11-4fbb-a481-7f0e76f5fa64,243,8.1,right_foot_index,0.5,0.5,0.0,540.0,960.0,0.5
4f3dc90e-0e11-4fbb-a481-7f0e76f5fa64,244,8.133333333333333,nose,0.5,0.5,0.0,540.0,960.0,0.5
4f3dc90e-0e11-4fbb-a481-7f0e76f5fa64,244,8.133333333333333,left_shoulder,0.5,0.5,0.0,540.0,960.0,0.5
4f3dc90e-0e11-4fbb-a481-7f0e76f5fa64,244,8.133333333333333,right_shoulder,0.5,0.5,0.0,540.0,960.0,0.5
4f3dc90e-0e11-4fbb-a481-7f0e76f5fa64,244,8.133333333333333,left_elbow,0.5,0.5,0.0,540.0,960.0,0.5
4f3dc90e-0e11-4fbb-a481-7f0e76f5fa64,244,8.133333333333333,right_elbow,0.5,0.5,0.0,540.0,960.0,0.5
4f3dc90e-0e11-4fbb-a481-7f0e76f5fa64,244,8.133333333333333,left_wrist,0.5,0.5,0.0,540.0,960.0,0.5
4f3dc90e-0e11-4fbb-a481-7f0e76f5fa64,244,8.133333333333333,right_wrist,0.5,0.5,0.0,540.0,960.0,0.5
4f3dc90e-0e11-4fbb-a481-7f0e76f5fa64,244,8.133333333333333,left_hip,0.5,0.5,0.0,540.0,960.0,0.5
4f3dc90e-0e11-4fbb-a481-7f0e76f5fa64,244,8.133333333333333,right_hip,0.5,0.5,0.0,540.0,960.0,0.5
4f3dc90e-0e11-4fbb-a481-7f0e76f5fa64,244,8.133333333333333,left_knee,0.5,0.5,0.0,540.0,960.0,0.5
4f3dc90e-0e11-4fbb-a481-7f0e76f5fa64,244,8.133333333333333,right_knee,0.5,0.5,0.0,540.0,960.0,0.5
4f3dc90e-0e11-4fbb-a481-7f0e76f5fa64,244,8.133333333333333,left_ankle,0.5,0.5,0.0,540.0,960.0,0.5
4f3dc90e-0e11-4fbb-a481-7f0e76f5fa64,244,8.133333333333333,right_ankle,0.5,0.5,0.0,540.0,960.0,0.5
4f3dc90e-0e11-4fbb-a481-7f0e76f5fa64,244,8.133333333333333,left_heel,0.5,0.5,0.0,540.0,960.0,0.5
4f3dc90e-0e11-4fbb-a481-7f0e76f5fa64,244,8.133333333333333,right_heel,0.5,0.5,0.0,540.0,960.0,0.5
4f3dc90e-0e11-4fbb-a481-7f0e76f5fa64,244,8.133333333333333,left_foot_index,0.5,0.5,0.0,540.0,960.0,0.5
4f3dc90e-0e11-4fbb-a481-7f0e76f5fa64,244,8.133333333333333,right_foot_index,0.5,0.5,0.0,540.0,960.0,0.5
4f3dc90e-0e11-4fbb-a481-7f0e76f5fa64,245,8.166666666666666,nose,0.5,0.5,0.0,540.0,960.0,0.5
4f3dc90e-0e11-4fbb-a481-7f0e76f5fa64,245,8.166666666666666,left_shoulder,0.5,0.5,0.0,540.0,960.0,0.5
4f3dc90e-0e11-4fbb-a481-7f0e76f5fa64,245,8.166666666666666,right_shoulder,0.5,0.5,0.0,540.0,960.0,0.5
4f3dc90e-0e11-4fbb-a481-7f0e76f5fa64,245,8.166666666666666,left_elbow,0.5,0.5,0.0,540.0,960.0,0.5
4f3dc90e-0e11-4fbb-a481-7f0e76f5fa64,245,8.166666666666666,right_elbow,0.5,0.5,0.0,540.0,960.0,0.5
4f3dc90e-0e11-4fbb-a481-7f0e76f5fa64,245,8.166666666666666,left_wrist,0.5,0.5,0.0,540.0,960.0,0.5
4f3dc90e-0e11-4fbb-a481-7f0e76f5fa64,245,8.166666666666666,right_wrist,0.5,0.5,0.0,540.0,960.0,0.5
4f3dc90e-0e11-4fbb-a481-7f0e76f5fa64,245,8.166666666666666,left_hip,0.5,0.5,0.0,540.0,960.0,0.5
4f3dc90e-0e11-4fbb-a481-7f0e76f5fa64,245,8.166666666666666,right_hip,0.5,0.5,0.0,540.0,960.0,0.5
4f3dc90e-0e11-4fbb-a481-7f0e76f5fa64,245,8.166666666666666,left_knee,0.5,0.5,0.0,540.0,960.0,0.5
4f3dc90e-0e11-4fbb-a481-7f0e76f5fa64,245,8.166666666666666,right_knee,0.5,0.5,0.0,540.0,960.0,0.5
4f3dc90e-0e11-4fbb-a481-7f0e76f5fa64,245,8.166666666666666,left_ankle,0.5,0.5,0.0,540.0,960.0,0.5
4f3dc90e-0e11-4fbb-a481-7f0e76f5fa64,245,8.166666666666666,right_ankle,0.5,0.5,0.0,540.0,960.0,0.5
4f3dc90e-0e11-4fbb-a481-7f0e76f5fa64,245,8.166666666666666,left_heel,0.5,0.5,0.0,540.0,960.0,0.5
4f3dc90e-0e11-4fbb-a481-7f0e76f5fa64,245,8.166666666666666,right_heel,0.5,0.5,0.0,540.0,960.0,0.5
4f3dc90e-0e11-4fbb-a481-7f0e76f5fa64,245,8.166666666666666,left_foot_index,0.5,0.5,0.0,540.0,960.0,0.5
4f3dc90e-0e11-4fbb-a481-7f0e76f5fa64,245,8.166666666666666,right_foot_index,0.5,0.5,0.0,540.0,960.0,0.5
4f3dc90e-0e11-4fbb-a481-7f0e76f5fa64,246,8.2,nose,0.5,0.5,0.0,540.0,960.0,0.5
4f3dc90e-0e11-4fbb-a481-7f0e76f5fa64,246,8.2,left_shoulder,0.5,0.5,0.0,540.0,960.0,0.5
4f3dc90e-0e11-4fbb-a481-7f0e76f5fa64,246,8.2,right_shoulder,0.5,0.5,0.0,540.0,960.0,0.5
4f3dc90e-0e11-4fbb-a481-7f0e76f5fa64,246,8.2,left_elbow,0.5,0.5,0.0,540.0,960.0,0.5
4f3dc90e-0e11-4fbb-a481-7f0e76f5fa64,246,8.2,right_elbow,0.5,0.5,0.0,540.0,960.0,0.5
4f3dc90e-0e11-4fbb-a481-7f0e76f5fa64,246,8.2,left_wrist,0.5,0.5,0.0,540.0,960.0,0.5
4f3dc90e-0e11-4fbb-a481-7f0e76f5fa64,246,8.2,right_wrist,0.5,0.5,0.0,540.0,960.0,0.5
4f3dc90e-0e11-4fbb-a481-7f0e76f5fa64,246,8.2,left_hip,0.5,0.5,0.0,540.0,960.0,0.5
4f3dc90e-0e11-4fbb-a481-7f0e76f5fa64,246,8.2,right_hip,0.5,0.5,0.0,540.0,960.0,0.5
4f3dc90e-0e11-4fbb-a481-7f0e76f5fa64,246,8.2,left_knee,0.5,0.5,0.0,540.0,960.0,0.5
4f3dc90e-0e11-4fbb-a481-7f0e76f5fa64,246,8.2,right_knee,0.5,0.5,0.0,540.0,960.0,0.5
4f3dc90e-0e11-4fbb-a481-7f0e76f5fa64,246,8.2,left_ankle,0.5,0.5,0.0,540.0,960.0,0.5
4f3dc90e-0e11-4fbb-a481-7f0e76f5fa64,246,8.2,right_ankle,0.5,0.5,0.0,540.0,960.0,0.5
4f3dc90e-0e11-4fbb-a481-7f0e76f5fa64,246,8.2,left_heel,0.5,0.5,0.0,540.0,960.0,0.5
4f3dc90e-0e11-4fbb-a481-7f0e76f5fa64,246,8.2,right_heel,0.5,0.5,0.0,540.0,960.0,0.5
4f3dc90e-0e11-4fbb-a481-7f0e76f5fa64,246,8.2,left_foot_index,0.5,0.5,0.0,540.0,960.0,0.5
4f3dc90e-0e11-4fbb-a481-7f0e76f5fa64,246,8.2,right_foot_index,0.5,0.5,0.0,540.0,960.0,0.5
4f3dc90e-0e11-4fbb-a481-7f0e76f5fa64,247,8.233333333333333,nose,0.5,0.5,0.0,540.0,960.0,0.5
4f3dc90e-0e11-4fbb-a481-7f0e76f5fa64,247,8.233333333333333,left_shoulder,0.5,0.5,0.0,540.0,960.0,0.5
4f3dc90e-0e11-4fbb-a481-7f0e76f5fa64,247,8.233333333333333,right_shoulder,0.5,0.5,0.0,540.0,960.0,0.5
4f3dc90e-0e11-4fbb-a481-7f0e76f5fa64,247,8.233333333333333,left_elbow,0.5,0.5,0.0,540.0,960.0,0.5
4f3dc90e-0e11-4fbb-a481-7f0e76f5fa64,247,8.233333333333333,right_elbow,0.5,0.5,0.0,540.0,960.0,0.5
4f3dc90e-0e11-4fbb-a481-7f0e76f5fa64,247,8.233333333333333,left_wrist,0.5,0.5,0.0,540.0,960.0,0.5
4f3dc90e-0e11-4fbb-a481-7f0e76f5fa64,247,8.233333333333333,right_wrist,0.5,0.5,0.0,540.0,960.0,0.5
4f3dc90e-0e11-4fbb-a481-7f0e76f5fa64,247,8.233333333333333,left_hip,0.5,0.5,0.0,540.0,960.0,0.5
4f3dc90e-0e11-4fbb-a481-7f0e76f5fa64,247,8.233333333333333,right_hip,0.5,0.5,0.0,540.0,960.0,0.5
4f3dc90e-0e11-4fbb-a481-7f0e76f5fa64,247,8.233333333333333,left_knee,0.5,0.5,0.0,540.0,960.0,0.5
4f3dc90e-0e11-4fbb-a481-7f0e76f5fa64,247,8.233333333333333,right_knee,0.5,0.5,0.0,540.0,960.0,0.5
4f3dc90e-0e11-4fbb-a481-7f0e76f5fa64,247,8.233333333333333,left_ankle,0.5,0.5,0.0,540.0,960.0,0.5
4f3dc90e-0e11-4fbb-a481-7f0e76f5fa64,247,8.233333333333333,right_ankle,0.5,0.5,0.0,540.0,960.0,0.5
4f3dc90e-0e11-4fbb-a481-7f0e76f5fa64,247,8.233333333333333,left_heel,0.5,0.5,0.0,540.0,960.0,0.5
4f3dc90e-0e11-4fbb-a481-7f0e76f5fa64,247,8.233333333333333,right_heel,0.5,0.5,0.0,540.0,960.0,0.5
4f3dc90e-0e11-4fbb-a481-7f0e76f5fa64,247,8.233333333333333,left_foot_index,0.5,0.5,0.0,540.0,960.0,0.5
4f3dc90e-0e11-4fbb-a481-7f0e76f5fa64,247,8.233333333333333,right_foot_index,0.5,0.5,0.0,540.0,960.0,0.5
4f3dc90e-0e11-4fbb-a481-7f0e76f5fa64,248,8.266666666666667,nose,0.5,0.5,0.0,540.0,960.0,0.5
4f3dc90e-0e11-4fbb-a481-7f0e76f5fa64,248,8.266666666666667,left_shoulder,0.5,0.5,0.0,540.0,960.0,0.5
4f3dc90e-0e11-4fbb-a481-7f0e76f5fa64,248,8.266666666666667,right_shoulder,0.5,0.5,0.0,540.0,960.0,0.5
4f3dc90e-0e11-4fbb-a481-7f0e76f5fa64,248,8.266666666666667,left_elbow,0.5,0.5,0.0,540.0,960.0,0.5
4f3dc90e-0e11-4fbb-a481-7f0e76f5fa64,248,8.266666666666667,right_elbow,0.5,0.5,0.0,540.0,960.0,0.5
4f3dc90e-0e11-4fbb-a481-7f0e76f5fa64,248,8.266666666666667,left_wrist,0.5,0.5,0.0,540.0,960.0,0.5
4f3dc90e-0e11-4fbb-a481-7f0e76f5fa64,248,8.266666666666667,right_wrist,0.5,0.5,0.0,540.0,960.0,0.5
4f3dc90e-0e11-4fbb-a481-7f0e76f5fa64,248,8.266666666666667,left_hip,0.5,0.5,0.0,540.0,960.0,0.5
4f3dc90e-0e11-4fbb-a481-7f0e76f5fa64,248,8.266666666666667,right_hip,0.5,0.5,0.0,540.0,960.0,0.5
4f3dc90e-0e11-4fbb-a481-7f0e76f5fa64,248,8.266666666666667,left_knee,0.5,0.5,0.0,540.0,960.0,0.5
4f3dc90e-0e11-4fbb-a481-7f0e76f5fa64,248,8.266666666666667,right_knee,0.5,0.5,0.0,540.0,960.0,0.5
4f3dc90e-0e11-4fbb-a481-7f0e76f5fa64,248,8.266666666666667,left_ankle,0.5,0.5,0.0,540.0,960.0,0.5
4f3dc90e-0e11-4fbb-a481-7f0e76f5fa64,248,8.266666666666667,right_ankle,0.5,0.5,0.0,540.0,960.0,0.5
4f3dc90e-0e11-4fbb-a481-7f0e76f5fa64,248,8.266666666666667,left_heel,0.5,0.5,0.0,540.0,960.0,0.5
4f3dc90e-0e11-4fbb-a481-7f0e76f5fa64,248,8.266666666666667,right_heel,0.5,0.5,0.0,540.0,960.0,0.5
4f3dc90e-0e11-4fbb-a481-7f0e76f5fa64,248,8.266666666666667,left_foot_index,0.5,0.5,0.0,540.0,960.0,0.5
4f3dc90e-0e11-4fbb-a481-7f0e76f5fa64,248,8.266666666666667,right_foot_index,0.5,0.5,0.0,540.0,960.0,0.5
4f3dc90e-0e11-4fbb-a481-7f0e76f5fa64,249,8.3,nose,0.5,0.5,0.0,540.0,960.0,0.5
4f3dc90e-0e11-4fbb-a481-7f0e76f5fa64,249,8.3,left_shoulder,0.5,0.5,0.0,540.0,960.0,0.5
4f3dc90e-0e11-4fbb-a481-7f0e76f5fa64,249,8.3,right_shoulder,0.5,0.5,0.0,540.0,960.0,0.5
4f3dc90e-0e11-4fbb-a481-7f0e76f5fa64,249,8.3,left_elbow,0.5,0.5,0.0,540.0,960.0,0.5
4f3dc90e-0e11-4fbb-a481-7f0e76f5fa64,249,8.3,right_elbow,0.5,0.5,0.0,540.0,960.0,0.5
4f3dc90e-0e11-4fbb-a481-7f0e76f5fa64,249,8.3,left_wrist,0.5,0.5,0.0,540.0,960.0,0.5
4f3dc90e-0e11-4fbb-a481-7f0e76f5fa64,249,8.3,right_wrist,0.5,0.5,0.0,540.0,960.0,0.5
4f3dc90e-0e11-4fbb-a481-7f0e76f5fa64,249,8.3,left_hip,0.5,0.5,0.0,540.0,960.0,0.5
4f3dc90e-0e11-4fbb-a481-7f0e76f5fa64,249,8.3,right_hip,0.5,0.5,0.0,540.0,960.0,0.5
4f3dc90e-0e11-4fbb-a481-7f0e76f5fa64,249,8.3,left_knee,0.5,0.5,0.0,540.0,960.0,0.5
4f3dc90e-0e11-4fbb-a481-7f0e76f5fa64,249,8.3,right_knee,0.5,0.5,0.0,540.0,960.0,0.5
4f3dc90e-0e11-4fbb-a481-7f0e76f5fa64,249,8.3,left_ankle,0.5,0.5,0.0,540.0,960.0,0.5
4f3dc90e-0e11-4fbb-a481-7f0e76f5fa64,249,8.3,right_ankle,0.5,0.5,0.0,540.0,960.0,0.5
4f3dc90e-0e11-4fbb-a481-7f0e76f5fa64,249,8.3,left_heel,0.5,0.5,0.0,540.0,960.0,0.5
4f3dc90e-0e11-4fbb-a481-7f0e76f5fa64,249,8.3,right_heel,0.5,0.5,0.0,540.0,960.0,0.5
4f3dc90e-0e11-4fbb-a481-7f0e76f5fa64,249,8.3,left_foot_index,0.5,0.5,0.0,540.0,960.0,0.5
4f3dc90e-0e11-4fbb-a481-7f0e76f5fa64,249,8.3,right_foot_index,0.5,0.5,0.0,540.0,960.0,0.5
4f3dc90e-0e11-4fbb-a481-7f0e76f5fa64,250,8.333333333333334,nose,0.5,0.5,0.0,540.0,960.0,0.5
4f3dc90e-0e11-4fbb-a481-7f0e76f5fa64,250,8.333333333333334,left_shoulder,0.5,0.5,0.0,540.0,960.0,0.5
4f3dc90e-0e11-4fbb-a481-7f0e76f5fa64,250,8.333333333333334,right_shoulder,0.5,0.5,0.0,540.0,960.0,0.5
4f3dc90e-0e11-4fbb-a481-7f0e76f5fa64,250,8.333333333333334,left_elbow,0.5,0.5,0.0,540.0,960.0,0.5
4f3dc90e-0e11-4fbb-a481-7f0e76f5fa64,250,8.333333333333334,right_elbow,0.5,0.5,0.0,540.0,960.0,0.5
4f3dc90e-0e11-4fbb-a481-7f0e76f5fa64,250,8.333333333333334,left_wrist,0.5,0.5,0.0,540.0,960.0,0.5
4f3dc90e-0e11-4fbb-a481-7f0e76f5fa64,250,8.333333333333334,right_wrist,0.5,0.5,0.0,540.0,960.0,0.5
4f3dc90e-0e11-4fbb-a481-7f0e76f5fa64,250,8.333333333333334,left_hip,0.5,0.5,0.0,540.0,960.0,0.5
4f3dc90e-0e11-4fbb-a481-7f0e76f5fa64,250,8.333333333333334,right_hip,0.5,0.5,0.0,540.0,960.0,0.5
4f3dc90e-0e11-4fbb-a481-7f0e76f5fa64,250,8.333333333333334,left_knee,0.5,0.5,0.0,540.0,960.0,0.5
4f3dc90e-0e11-4fbb-a481-7f0e76f5fa64,250,8.333333333333334,right_knee,0.5,0.5,0.0,540.0,960.0,0.5
4f3dc90e-0e11-4fbb-a481-7f0e76f5fa64,250,8.333333333333334,left_ankle,0.5,0.5,0.0,540.0,960.0,0.5
4f3dc90e-0e11-4fbb-a481-7f0e76f5fa64,250,8.333333333333334,right_ankle,0.5,0.5,0.0,540.0,960.0,0.5
4f3dc90e-0e11-4fbb-a481-7f0e76f5fa64,250,8.333333333333334,left_heel,0.5,0.5,0.0,540.0,960.0,0.5
4f3dc90e-0e11-4fbb-a481-7f0e76f5fa64,250,8.333333333333334,right_heel,0.5,0.5,0.0,540.0,960.0,0.5
4f3dc90e-0e11-4fbb-a481-7f0e76f5fa64,250,8.333333333333334,left_foot_index,0.5,0.5,0.0,540.0,960.0,0.5
4f3dc90e-0e11-4fbb-a481-7f0e76f5fa64,250,8.333333333333334,right_foot_index,0.5,0.5,0.0,540.0,960.0,0.5
4f3dc90e-0e11-4fbb-a481-7f0e76f5fa64,251,8.366666666666667,nose,0.5,0.5,0.0,540.0,960.0,0.5
4f3dc90e-0e11-4fbb-a481-7f0e76f5fa64,251,8.366666666666667,left_shoulder,0.5,0.5,0.0,540.0,960.0,0.5
4f3dc90e-0e11-4fbb-a481-7f0e76f5fa64,251,8.366666666666667,right_shoulder,0.5,0.5,0.0,540.0,960.0,0.5
4f3dc90e-0e11-4fbb-a481-7f0e76f5fa64,251,8.366666666666667,left_elbow,0.5,0.5,0.0,540.0,960.0,0.5
4f3dc90e-0e11-4fbb-a481-7f0e76f5fa64,251,8.366666666666667,right_elbow,0.5,0.5,0.0,540.0,960.0,0.5
4f3dc90e-0e11-4fbb-a481-7f0e76f5fa64,251,8.366666666666667,left_wrist,0.5,0.5,0.0,540.0,960.0,0.5
4f3dc90e-0e11-4fbb-a481-7f0e76f5fa64,251,8.366666666666667,right_wrist,0.5,0.5,0.0,540.0,960.0,0.5
4f3dc90e-0e11-4fbb-a481-7f0e76f5fa64,251,8.366666666666667,left_hip,0.5,0.5,0.0,540.0,960.0,0.5
4f3dc90e-0e11-4fbb-a481-7f0e76f5fa64,251,8.366666666666667,right_hip,0.5,0.5,0.0,540.0,960.0,0.5
4f3dc90e-0e11-4fbb-a481-7f0e76f5fa64,251,8.366666666666667,left_knee,0.5,0.5,0.0,540.0,960.0,0.5
4f3dc90e-0e11-4fbb-a481-7f0e76f5fa64,251,8.366666666666667,right_knee,0.5,0.5,0.0,540.0,960.0,0.5
4f3dc90e-0e11-4fbb-a481-7f0e76f5fa64,251,8.366666666666667,left_ankle,0.5,0.5,0.0,540.0,960.0,0.5
4f3dc90e-0e11-4fbb-a481-7f0e76f5fa64,251,8.366666666666667,right_ankle,0.5,0.5,0.0,540.0,960.0,0.5
4f3dc90e-0e11-4fbb-a481-7f0e76f5fa64,251,8.366666666666667,left_heel,0.5,0.5,0.0,540.0,960.0,0.5
4f3dc90e-0e11-4fbb-a481-7f0e76f5fa64,251,8.366666666666667,right_heel,0.5,0.5,0.0,540.0,960.0,0.5
4f3dc90e-0e11-4fbb-a481-7f0e76f5fa64,251,8.366666666666667,left_foot_index,0.5,0.5,0.0,540.0,960.0,0.5
4f3dc90e-0e11-4fbb-a481-7f0e76f5fa64,251,8.366666666666667,right_foot_index,0.5,0.5,0.0,540.0,960.0,0.5
4f3dc90e-0e11-4fbb-a481-7f0e76f5fa64,252,8.4,nose,0.5,0.5,0.0,540.0,960.0,0.5
4f3dc90e-0e11-4fbb-a481-7f0e76f5fa64,252,8.4,left_shoulder,0.5,0.5,0.0,540.0,960.0,0.5
4f3dc90e-0e11-4fbb-a481-7f0e76f5fa64,252,8.4,right_shoulder,0.5,0.5,0.0,540.0,960.0,0.5
4f3dc90e-0e11-4fbb-a481-7f0e76f5fa64,252,8.4,left_elbow,0.5,0.5,0.0,540.0,960.0,0.5
4f3dc90e-0e11-4fbb-a481-7f0e76f5fa64,252,8.4,right_elbow,0.5,0.5,0.0,540.0,960.0,0.5
4f3dc90e-0e11-4fbb-a481-7f0e76f5fa64,252,8.4,left_wrist,0.5,0.5,0.0,540.0,960.0,0.5
4f3dc90e-0e11-4fbb-a481-7f0e76f5fa64,252,8.4,right_wrist,0.5,0.5,0.0,540.0,960.0,0.5
4f3dc90e-0e11-4fbb-a481-7f0e76f5fa64,252,8.4,left_hip,0.5,0.5,0.0,540.0,960.0,0.5
4f3dc90e-0e11-4fbb-a481-7f0e76f5fa64,252,8.4,right_hip,0.5,0.5,0.0,540.0,960.0,0.5
4f3dc90e-0e11-4fbb-a481-7f0e76f5fa64,252,8.4,left_knee,0.5,0.5,0.0,540.0,960.0,0.5
4f3dc90e-0e11-4fbb-a481-7f0e76f5fa64,252,8.4,right_knee,0.5,0.5,0.0,540.0,960.0,0.5
4f3dc90e-0e11-4fbb-a481-7f0e76f5fa64,252,8.4,left_ankle,0.5,0.5,0.0,540.0,960.0,0.5
4f3dc90e-0e11-4fbb-a481-7f0e76f5fa64,252,8.4,right_ankle,0.5,0.5,0.0,540.0,960.0,0.5
4f3dc90e-0e11-4fbb-a481-7f0e76f5fa64,252,8.4,left_heel,0.5,0.5,0.0,540.0,960.0,0.5
4f3dc90e-0e11-4fbb-a481-7f0e76f5fa64,252,8.4,right_heel,0.5,0.5,0.0,540.0,960.0,0.5
4f3dc90e-0e11-4fbb-a481-7f0e76f5fa64,252,8.4,left_foot_index,0.5,0.5,0.0,540.0,960.0,0.5
4f3dc90e-0e11-4fbb-a481-7f0e76f5fa64,252,8.4,right_foot_index,0.5,0.5,0.0,540.0,960.0,0.5
4f3dc90e-0e11-4fbb-a481-7f0e76f5fa64,253,8.433333333333334,nose,0.5,0.5,0.0,540.0,960.0,0.5
4f3dc90e-0e11-4fbb-a481-7f0e76f5fa64,253,8.433333333333334,left_shoulder,0.5,0.5,0.0,540.0,960.0,0.5
4f3dc90e-0e11-4fbb-a481-7f0e76f5fa64,253,8.433333333333334,right_shoulder,0.5,0.5,0.0,540.0,960.0,0.5
4f3dc90e-0e11-4fbb-a481-7f0e76f5fa64,253,8.433333333333334,left_elbow,0.5,0.5,0.0,540.0,960.0,0.5
4f3dc90e-0e11-4fbb-a481-7f0e76f5fa64,253,8.433333333333334,right_elbow,0.5,0.5,0.0,540.0,960.0,0.5
4f3dc90e-0e11-4fbb-a481-7f0e76f5fa64,253,8.433333333333334,left_wrist,0.5,0.5,0.0,540.0,960.0,0.5
4f3dc90e-0e11-4fbb-a481-7f0e76f5fa64,253,8.433333333333334,right_wrist,0.5,0.5,0.0,540.0,960.0,0.5
4f3dc90e-0e11-4fbb-a481-7f0e76f5fa64,253,8.433333333333334,left_hip,0.5,0.5,0.0,540.0,960.0,0.5
4f3dc90e-0e11-4fbb-a481-7f0e76f5fa64,253,8.433333333333334,right_hip,0.5,0.5,0.0,540.0,960.0,0.5
4f3dc90e-0e11-4fbb-a481-7f0e76f5fa64,253,8.433333333333334,left_knee,0.5,0.5,0.0,540.0,960.0,0.5
4f3dc90e-0e11-4fbb-a481-7f0e76f5fa64,253,8.433333333333334,right_knee,0.5,0.5,0.0,540.0,960.0,0.5
4f3dc90e-0e11-4fbb-a481-7f0e76f5fa64,253,8.433333333333334,left_ankle,0.5,0.5,0.0,540.0,960.0,0.5
4f3dc90e-0e11-4fbb-a481-7f0e76f5fa64,253,8.433333333333334,right_ankle,0.5,0.5,0.0,540.0,960.0,0.5
4f3dc90e-0e11-4fbb-a481-7f0e76f5fa64,253,8.433333333333334,left_heel,0.5,0.5,0.0,540.0,960.0,0.5
4f3dc90e-0e11-4fbb-a481-7f0e76f5fa64,253,8.433333333333334,right_heel,0.5,0.5,0.0,540.0,960.0,0.5
4f3dc90e-0e11-4fbb-a481-7f0e76f5fa64,253,8.433333333333334,left_foot_index,0.5,0.5,0.0,540.0,960.0,0.5
4f3dc90e-0e11-4fbb-a481-7f0e76f5fa64,253,8.433333333333334,right_foot_index,0.5,0.5,0.0,540.0,960.0,0.5
4f3dc90e-0e11-4fbb-a481-7f0e76f5fa64,254,8.466666666666667,nose,0.5,0.5,0.0,540.0,960.0,0.5
4f3dc90e-0e11-4fbb-a481-7f0e76f5fa64,254,8.466666666666667,left_shoulder,0.5,0.5,0.0,540.0,960.0,0.5
4f3dc90e-0e11-4fbb-a481-7f0e76f5fa64,254,8.466666666666667,right_shoulder,0.5,0.5,0.0,540.0,960.0,0.5
4f3dc90e-0e11-4fbb-a481-7f0e76f5fa64,254,8.466666666666667,left_elbow,0.5,0.5,0.0,540.0,960.0,0.5
4f3dc90e-0e11-4fbb-a481-7f0e76f5fa64,254,8.466666666666667,right_elbow,0.5,0.5,0.0,540.0,960.0,0.5
4f3dc90e-0e11-4fbb-a481-7f0e76f5fa64,254,8.466666666666667,left_wrist,0.5,0.5,0.0,540.0,960.0,0.5
4f3dc90e-0e11-4fbb-a481-7f0e76f5fa64,254,8.466666666666667,right_wrist,0.5,0.5,0.0,540.0,960.0,0.5
4f3dc90e-0e11-4fbb-a481-7f0e76f5fa64,254,8.466666666666667,left_hip,0.5,0.5,0.0,540.0,960.0,0.5
4f3dc90e-0e11-4fbb-a481-7f0e76f5fa64,254,8.466666666666667,right_hip,0.5,0.5,0.0,540.0,960.0,0.5
4f3dc90e-0e11-4fbb-a481-7f0e76f5fa64,254,8.466666666666667,left_knee,0.5,0.5,0.0,540.0,960.0,0.5
4f3dc90e-0e11-4fbb-a481-7f0e76f5fa64,254,8.466666666666667,right_knee,0.5,0.5,0.0,540.0,960.0,0.5
4f3dc90e-0e11-4fbb-a481-7f0e76f5fa64,254,8.466666666666667,left_ankle,0.5,0.5,0.0,540.0,960.0,0.5
4f3dc90e-0e11-4fbb-a481-7f0e76f5fa64,254,8.466666666666667,right_ankle,0.5,0.5,0.0,540.0,960.0,0.5
4f3dc90e-0e11-4fbb-a481-7f0e76f5fa64,254,8.466666666666667,left_heel,0.5,0.5,0.0,540.0,960.0,0.5
4f3dc90e-0e11-4fbb-a481-7f0e76f5fa64,254,8.466666666666667,right_heel,0.5,0.5,0.0,540.0,960.0,0.5
4f3dc90e-0e11-4fbb-a481-7f0e76f5fa64,254,8.466666666666667,left_foot_index,0.5,0.5,0.0,540.0,960.0,0.5
4f3dc90e-0e11-4fbb-a481-7f0e76f5fa64,254,8.466666666666667,right_foot_index,0.5,0.5,0.0,540.0,960.0,0.5
4f3dc90e-0e11-4fbb-a481-7f0e76f5fa64,255,8.5,nose,0.5,0.5,0.0,540.0,960.0,0.5
4f3dc90e-0e11-4fbb-a481-7f0e76f5fa64,255,8.5,left_shoulder,0.5,0.5,0.0,540.0,960.0,0.5
4f3dc90e-0e11-4fbb-a481-7f0e76f5fa64,255,8.5,right_shoulder,0.5,0.5,0.0,540.0,960.0,0.5
4f3dc90e-0e11-4fbb-a481-7f0e76f5fa64,255,8.5,left_elbow,0.5,0.5,0.0,540.0,960.0,0.5
4f3dc90e-0e11-4fbb-a481-7f0e76f5fa64,255,8.5,right_elbow,0.5,0.5,0.0,540.0,960.0,0.5
4f3dc90e-0e11-4fbb-a481-7f0e76f5fa64,255,8.5,left_wrist,0.5,0.5,0.0,540.0,960.0,0.5
4f3dc90e-0e11-4fbb-a481-7f0e76f5fa64,255,8.5,right_wrist,0.5,0.5,0.0,540.0,960.0,0.5
4f3dc90e-0e11-4fbb-a481-7f0e76f5fa64,255,8.5,left_hip,0.5,0.5,0.0,540.0,960.0,0.5
4f3dc90e-0e11-4fbb-a481-7f0e76f5fa64,255,8.5,right_hip,0.5,0.5,0.0,540.0,960.0,0.5
4f3dc90e-0e11-4fbb-a481-7f0e76f5fa64,255,8.5,left_knee,0.5,0.5,0.0,540.0,960.0,0.5
4f3dc90e-0e11-4fbb-a481-7f0e76f5fa64,255,8.5,right_knee,0.5,0.5,0.0,540.0,960.0,0.5
4f3dc90e-0e11-4fbb-a481-7f0e76f5fa64,255,8.5,left_ankle,0.5,0.5,0.0,540.0,960.0,0.5
4f3dc90e-0e11-4fbb-a481-7f0e76f5fa64,255,8.5,right_ankle,0.5,0.5,0.0,540.0,960.0,0.5
4f3dc90e-0e11-4fbb-a481-7f0e76f5fa64,255,8.5,left_heel,0.5,0.5,0.0,540.0,960.0,0.5
4f3dc90e-0e11-4fbb-a481-7f0e76f5fa64,255,8.5,right_heel,0.5,0.5,0.0,540.0,960.0,0.5
4f3dc90e-0e11-4fbb-a481-7f0e76f5fa64,255,8.5,left_foot_index,0.5,0.5,0.0,540.0,960.0,0.5
4f3dc90e-0e11-4fbb-a481-7f0e76f5fa64,255,8.5,right_foot_index,0.5,0.5,0.0,540.0,960.0,0.5
4f3dc90e-0e11-4fbb-a481-7f0e76f5fa64,256,8.533333333333333,nose,0.5,0.5,0.0,540.0,960.0,0.5
4f3dc90e-0e11-4fbb-a481-7f0e76f5fa64,256,8.533333333333333,left_shoulder,0.5,0.5,0.0,540.0,960.0,0.5
4f3dc90e-0e11-4fbb-a481-7f0e76f5fa64,256,8.533333333333333,right_shoulder,0.5,0.5,0.0,540.0,960.0,0.5
4f3dc90e-0e11-4fbb-a481-7f0e76f5fa64,256,8.533333333333333,left_elbow,0.5,0.5,0.0,540.0,960.0,0.5
4f3dc90e-0e11-4fbb-a481-7f0e76f5fa64,256,8.533333333333333,right_elbow,0.5,0.5,0.0,540.0,960.0,0.5
4f3dc90e-0e11-4fbb-a481-7f0e76f5fa64,256,8.533333333333333,left_wrist,0.5,0.5,0.0,540.0,960.0,0.5
4f3dc90e-0e11-4fbb-a481-7f0e76f5fa64,256,8.533333333333333,right_wrist,0.5,0.5,0.0,540.0,960.0,0.5
4f3dc90e-0e11-4fbb-a481-7f0e76f5fa64,256,8.533333333333333,left_hip,0.5,0.5,0.0,540.0,960.0,0.5
4f3dc90e-0e11-4fbb-a481-7f0e76f5fa64,256,8.533333333333333,right_hip,0.5,0.5,0.0,540.0,960.0,0.5
4f3dc90e-0e11-4fbb-a481-7f0e76f5fa64,256,8.533333333333333,left_knee,0.5,0.5,0.0,540.0,960.0,0.5
4f3dc90e-0e11-4fbb-a481-7f0e76f5fa64,256,8.533333333333333,right_knee,0.5,0.5,0.0,540.0,960.0,0.5
4f3dc90e-0e11-4fbb-a481-7f0e76f5fa64,256,8.533333333333333,left_ankle,0.5,0.5,0.0,540.0,960.0,0.5
4f3dc90e-0e11-4fbb-a481-7f0e76f5fa64,256,8.533333333333333,right_ankle,0.5,0.5,0.0,540.0,960.0,0.5
4f3dc90e-0e11-4fbb-a481-7f0e76f5fa64,256,8.533333333333333,left_heel,0.5,0.5,0.0,540.0,960.0,0.5
4f3dc90e-0e11-4fbb-a481-7f0e76f5fa64,256,8.533333333333333,right_heel,0.5,0.5,0.0,540.0,960.0,0.5
4f3dc90e-0e11-4fbb-a481-7f0e76f5fa64,256,8.533333333333333,left_foot_index,0.5,0.5,0.0,540.0,960.0,0.5
4f3dc90e-0e11-4fbb-a481-7f0e76f5fa64,256,8.533333333333333,right_foot_index,0.5,0.5,0.0,540.0,960.0,0.5
4f3dc90e-0e11-4fbb-a481-7f0e76f5fa64,257,8.566666666666666,nose,0.5,0.5,0.0,540.0,960.0,0.5
4f3dc90e-0e11-4fbb-a481-7f0e76f5fa64,257,8.566666666666666,left_shoulder,0.5,0.5,0.0,540.0,960.0,0.5
4f3dc90e-0e11-4fbb-a481-7f0e76f5fa64,257,8.566666666666666,right_shoulder,0.5,0.5,0.0,540.0,960.0,0.5
4f3dc90e-0e11-4fbb-a481-7f0e76f5fa64,257,8.566666666666666,left_elbow,0.5,0.5,0.0,540.0,960.0,0.5
4f3dc90e-0e11-4fbb-a481-7f0e76f5fa64,257,8.566666666666666,right_elbow,0.5,0.5,0.0,540.0,960.0,0.5
4f3dc90e-0e11-4fbb-a481-7f0e76f5fa64,257,8.566666666666666,left_wrist,0.5,0.5,0.0,540.0,960.0,0.5
4f3dc90e-0e11-4fbb-a481-7f0e76f5fa64,257,8.566666666666666,right_wrist,0.5,0.5,0.0,540.0,960.0,0.5
4f3dc90e-0e11-4fbb-a481-7f0e76f5fa64,257,8.566666666666666,left_hip,0.5,0.5,0.0,540.0,960.0,0.5
4f3dc90e-0e11-4fbb-a481-7f0e76f5fa64,257,8.566666666666666,right_hip,0.5,0.5,0.0,540.0,960.0,0.5
4f3dc90e-0e11-4fbb-a481-7f0e76f5fa64,257,8.566666666666666,left_knee,0.5,0.5,0.0,540.0,960.0,0.5
4f3dc90e-0e11-4fbb-a481-7f0e76f5fa64,257,8.566666666666666,right_knee,0.5,0.5,0.0,540.0,960.0,0.5
4f3dc90e-0e11-4fbb-a481-7f0e76f5fa64,257,8.566666666666666,left_ankle,0.5,0.5,0.0,540.0,960.0,0.5
4f3dc90e-0e11-4fbb-a481-7f0e76f5fa64,257,8.566666666666666,right_ankle,0.5,0.5,0.0,540.0,960.0,0.5
4f3dc90e-0e11-4fbb-a481-7f0e76f5fa64,257,8.566666666666666,left_heel,0.5,0.5,0.0,540.0,960.0,0.5
4f3dc90e-0e11-4fbb-a481-7f0e76f5fa64,257,8.566666666666666,right_heel,0.5,0.5,0.0,540.0,960.0,0.5
4f3dc90e-0e11-4fbb-a481-7f0e76f5fa64,257,8.566666666666666,left_foot_index,0.5,0.5,0.0,540.0,960.0,0.5
4f3dc90e-0e11-4fbb-a481-7f0e76f5fa64,257,8.566666666666666,right_foot_index,0.5,0.5,0.0,540.0,960.0,0.5
4f3dc90e-0e11-4fbb-a481-7f0e76f5fa64,258,8.6,nose,0.5,0.5,0.0,540.0,960.0,0.5
4f3dc90e-0e11-4fbb-a481-7f0e76f5fa64,258,8.6,left_shoulder,0.5,0.5,0.0,540.0,960.0,0.5
4f3dc90e-0e11-4fbb-a481-7f0e76f5fa64,258,8.6,right_shoulder,0.5,0.5,0.0,540.0,960.0,0.5
4f3dc90e-0e11-4fbb-a481-7f0e76f5fa64,258,8.6,left_elbow,0.5,0.5,0.0,540.0,960.0,0.5
4f3dc90e-0e11-4fbb-a481-7f0e76f5fa64,258,8.6,right_elbow,0.5,0.5,0.0,540.0,960.0,0.5
4f3dc90e-0e11-4fbb-a481-7f0e76f5fa64,258,8.6,left_wrist,0.5,0.5,0.0,540.0,960.0,0.5
4f3dc90e-0e11-4fbb-a481-7f0e76f5fa64,258,8.6,right_wrist,0.5,0.5,0.0,540.0,960.0,0.5
4f3dc90e-0e11-4fbb-a481-7f0e76f5fa64,258,8.6,left_hip,0.5,0.5,0.0,540.0,960.0,0.5
4f3dc90e-0e11-4fbb-a481-7f0e76f5fa64,258,8.6,right_hip,0.5,0.5,0.0,540.0,960.0,0.5
4f3dc90e-0e11-4fbb-a481-7f0e76f5fa64,258,8.6,left_knee,0.5,0.5,0.0,540.0,960.0,0.5
4f3dc90e-0e11-4fbb-a481-7f0e76f5fa64,258,8.6,right_knee,0.5,0.5,0.0,540.0,960.0,0.5
4f3dc90e-0e11-4fbb-a481-7f0e76f5fa64,258,8.6,left_ankle,0.5,0.5,0.0,540.0,960.0,0.5
4f3dc90e-0e11-4fbb-a481-7f0e76f5fa64,258,8.6,right_ankle,0.5,0.5,0.0,540.0,960.0,0.5
4f3dc90e-0e11-4fbb-a481-7f0e76f5fa64,258,8.6,left_heel,0.5,0.5,0.0,540.0,960.0,0.5
4f3dc90e-0e11-4fbb-a481-7f0e76f5fa64,258,8.6,right_heel,0.5,0.5,0.0,540.0,960.0,0.5
4f3dc90e-0e11-4fbb-a481-7f0e76f5fa64,258,8.6,left_foot_index,0.5,0.5,0.0,540.0,960.0,0.5
4f3dc90e-0e11-4fbb-a481-7f0e76f5fa64,258,8.6,right_foot_index,0.5,0.5,0.0,540.0,960.0,0.5
4f3dc90e-0e11-4fbb-a481-7f0e76f5fa64,259,8.633333333333333,nose,0.5,0.5,0.0,540.0,960.0,0.5
4f3dc90e-0e11-4fbb-a481-7f0e76f5fa64,259,8.633333333333333,left_shoulder,0.5,0.5,0.0,540.0,960.0,0.5
4f3dc90e-0e11-4fbb-a481-7f0e76f5fa64,259,8.633333333333333,right_shoulder,0.5,0.5,0.0,540.0,960.0,0.5
4f3dc90e-0e11-4fbb-a481-7f0e76f5fa64,259,8.633333333333333,left_elbow,0.5,0.5,0.0,540.0,960.0,0.5
4f3dc90e-0e11-4fbb-a481-7f0e76f5fa64,259,8.633333333333333,right_elbow,0.5,0.5,0.0,540.0,960.0,0.5
4f3dc90e-0e11-4fbb-a481-7f0e76f5fa64,259,8.633333333333333,left_wrist,0.5,0.5,0.0,540.0,960.0,0.5
4f3dc90e-0e11-4fbb-a481-7f0e76f5fa64,259,8.633333333333333,right_wrist,0.5,0.5,0.0,540.0,960.0,0.5
4f3dc90e-0e11-4fbb-a481-7f0e76f5fa64,259,8.633333333333333,left_hip,0.5,0.5,0.0,540.0,960.0,0.5
4f3dc90e-0e11-4fbb-a481-7f0e76f5fa64,259,8.633333333333333,right_hip,0.5,0.5,0.0,540.0,960.0,0.5
4f3dc90e-0e11-4fbb-a481-7f0e76f5fa64,259,8.633333333333333,left_knee,0.5,0.5,0.0,540.0,960.0,0.5
4f3dc90e-0e11-4fbb-a481-7f0e76f5fa64,259,8.633333333333333,right_knee,0.5,0.5,0.0,540.0,960.0,0.5
4f3dc90e-0e11-4fbb-a481-7f0e76f5fa64,259,8.633333333333333,left_ankle,0.5,0.5,0.0,540.0,960.0,0.5
4f3dc90e-0e11-4fbb-a481-7f0e76f5fa64,259,8.633333333333333,right_ankle,0.5,0.5,0.0,540.0,960.0,0.5
4f3dc90e-0e11-4fbb-a481-7f0e76f5fa64,259,8.633333333333333,left_heel,0.5,0.5,0.0,540.0,960.0,0.5
4f3dc90e-0e11-4fbb-a481-7f0e76f5fa64,259,8.633333333333333,right_heel,0.5,0.5,0.0,540.0,960.0,0.5
4f3dc90e-0e11-4fbb-a481-7f0e76f5fa64,259,8.633333333333333,left_foot_index,0.5,0.5,0.0,540.0,960.0,0.5
4f3dc90e-0e11-4fbb-a481-7f0e76f5fa64,259,8.633333333333333,right_foot_index,0.5,0.5,0.0,540.0,960.0,0.5
4f3dc90e-0e11-4fbb-a481-7f0e76f5fa64,260,8.666666666666666,nose,0.5,0.5,0.0,540.0,960.0,0.5
4f3dc90e-0e11-4fbb-a481-7f0e76f5fa64,260,8.666666666666666,left_shoulder,0.5,0.5,0.0,540.0,960.0,0.5
4f3dc90e-0e11-4fbb-a481-7f0e76f5fa64,260,8.666666666666666,right_shoulder,0.5,0.5,0.0,540.0,960.0,0.5
4f3dc90e-0e11-4fbb-a481-7f0e76f5fa64,260,8.666666666666666,left_elbow,0.5,0.5,0.0,540.0,960.0,0.5
4f3dc90e-0e11-4fbb-a481-7f0e76f5fa64,260,8.666666666666666,right_elbow,0.5,0.5,0.0,540.0,960.0,0.5
4f3dc90e-0e11-4fbb-a481-7f0e76f5fa64,260,8.666666666666666,left_wrist,0.5,0.5,0.0,540.0,960.0,0.5
4f3dc90e-0e11-4fbb-a481-7f0e76f5fa64,260,8.666666666666666,right_wrist,0.5,0.5,0.0,540.0,960.0,0.5
4f3dc90e-0e11-4fbb-a481-7f0e76f5fa64,260,8.666666666666666,left_hip,0.5,0.5,0.0,540.0,960.0,0.5
4f3dc90e-0e11-4fbb-a481-7f0e76f5fa64,260,8.666666666666666,right_hip,0.5,0.5,0.0,540.0,960.0,0.5
4f3dc90e-0e11-4fbb-a481-7f0e76f5fa64,260,8.666666666666666,left_knee,0.5,0.5,0.0,540.0,960.0,0.5
4f3dc90e-0e11-4fbb-a481-7f0e76f5fa64,260,8.666666666666666,right_knee,0.5,0.5,0.0,540.0,960.0,0.5
4f3dc90e-0e11-4fbb-a481-7f0e76f5fa64,260,8.666666666666666,left_ankle,0.5,0.5,0.0,540.0,960.0,0.5
4f3dc90e-0e11-4fbb-a481-7f0e76f5fa64,260,8.666666666666666,right_ankle,0.5,0.5,0.0,540.0,960.0,0.5
4f3dc90e-0e11-4fbb-a481-7f0e76f5fa64,260,8.666666666666666,left_heel,0.5,0.5,0.0,540.0,960.0,0.5
4f3dc90e-0e11-4fbb-a481-7f0e76f5fa64,260,8.666666666666666,right_heel,0.5,0.5,0.0,540.0,960.0,0.5
4f3dc90e-0e11-4fbb-a481-7f0e76f5fa64,260,8.666666666666666,left_foot_index,0.5,0.5,0.0,540.0,960.0,0.5
4f3dc90e-0e11-4fbb-a481-7f0e76f5fa64,260,8.666666666666666,right_foot_index,0.5,0.5,0.0,540.0,960.0,0.5
4f3dc90e-0e11-4fbb-a481-7f0e76f5fa64,261,8.7,nose,0.5,0.5,0.0,540.0,960.0,0.5
4f3dc90e-0e11-4fbb-a481-7f0e76f5fa64,261,8.7,left_shoulder,0.5,0.5,0.0,540.0,960.0,0.5
4f3dc90e-0e11-4fbb-a481-7f0e76f5fa64,261,8.7,right_shoulder,0.5,0.5,0.0,540.0,960.0,0.5
4f3dc90e-0e11-4fbb-a481-7f0e76f5fa64,261,8.7,left_elbow,0.5,0.5,0.0,540.0,960.0,0.5
4f3dc90e-0e11-4fbb-a481-7f0e76f5fa64,261,8.7,right_elbow,0.5,0.5,0.0,540.0,960.0,0.5
4f3dc90e-0e11-4fbb-a481-7f0e76f5fa64,261,8.7,left_wrist,0.5,0.5,0.0,540.0,960.0,0.5
4f3dc90e-0e11-4fbb-a481-7f0e76f5fa64,261,8.7,right_wrist,0.5,0.5,0.0,540.0,960.0,0.5
4f3dc90e-0e11-4fbb-a481-7f0e76f5fa64,261,8.7,left_hip,0.5,0.5,0.0,540.0,960.0,0.5
4f3dc90e-0e11-4fbb-a481-7f0e76f5fa64,261,8.7,right_hip,0.5,0.5,0.0,540.0,960.0,0.5
4f3dc90e-0e11-4fbb-a481-7f0e76f5fa64,261,8.7,left_knee,0.5,0.5,0.0,540.0,960.0,0.5
4f3dc90e-0e11-4fbb-a481-7f0e76f5fa64,261,8.7,right_knee,0.5,0.5,0.0,540.0,960.0,0.5
4f3dc90e-0e11-4fbb-a481-7f0e76f5fa64,261,8.7,left_ankle,0.5,0.5,0.0,540.0,960.0,0.5
4f3dc90e-0e11-4fbb-a481-7f0e76f5fa64,261,8.7,right_ankle,0.5,0.5,0.0,540.0,960.0,0.5
4f3dc90e-0e11-4fbb-a481-7f0e76f5fa64,261,8.7,left_heel,0.5,0.5,0.0,540.0,960.0,0.5
4f3dc90e-0e11-4fbb-a481-7f0e76f5fa64,261,8.7,right_heel,0.5,0.5,0.0,540.0,960.0,0.5
4f3dc90e-0e11-4fbb-a481-7f0e76f5fa64,261,8.7,left_foot_index,0.5,0.5,0.0,540.0,960.0,0.5
4f3dc90e-0e11-4fbb-a481-7f0e76f5fa64,261,8.7,right_foot_index,0.5,0.5,0.0,540.0,960.0,0.5
4f3dc90e-0e11-4fbb-a481-7f0e76f5fa64,262,8.733333333333333,nose,0.5,0.5,0.0,540.0,960.0,0.5
4f3dc90e-0e11-4fbb-a481-7f0e76f5fa64,262,8.733333333333333,left_shoulder,0.5,0.5,0.0,540.0,960.0,0.5
4f3dc90e-0e11-4fbb-a481-7f0e76f5fa64,262,8.733333333333333,right_shoulder,0.5,0.5,0.0,540.0,960.0,0.5
4f3dc90e-0e11-4fbb-a481-7f0e76f5fa64,262,8.733333333333333,left_elbow,0.5,0.5,0.0,540.0,960.0,0.5
4f3dc90e-0e11-4fbb-a481-7f0e76f5fa64,262,8.733333333333333,right_elbow,0.5,0.5,0.0,540.0,960.0,0.5
4f3dc90e-0e11-4fbb-a481-7f0e76f5fa64,262,8.733333333333333,left_wrist,0.5,0.5,0.0,540.0,960.0,0.5
4f3dc90e-0e11-4fbb-a481-7f0e76f5fa64,262,8.733333333333333,right_wrist,0.5,0.5,0.0,540.0,960.0,0.5
4f3dc90e-0e11-4fbb-a481-7f0e76f5fa64,262,8.733333333333333,left_hip,0.5,0.5,0.0,540.0,960.0,0.5
4f3dc90e-0e11-4fbb-a481-7f0e76f5fa64,262,8.733333333333333,right_hip,0.5,0.5,0.0,540.0,960.0,0.5
4f3dc90e-0e11-4fbb-a481-7f0e76f5fa64,262,8.733333333333333,left_knee,0.5,0.5,0.0,540.0,960.0,0.5
4f3dc90e-0e11-4fbb-a481-7f0e76f5fa64,262,8.733333333333333,right_knee,0.5,0.5,0.0,540.0,960.0,0.5
4f3dc90e-0e11-4fbb-a481-7f0e76f5fa64,262,8.733333333333333,left_ankle,0.5,0.5,0.0,540.0,960.0,0.5
4f3dc90e-0e11-4fbb-a481-7f0e76f5fa64,262,8.733333333333333,right_ankle,0.5,0.5,0.0,540.0,960.0,0.5
4f3dc90e-0e11-4fbb-a481-7f0e76f5fa64,262,8.733333333333333,left_heel,0.5,0.5,0.0,540.0,960.0,0.5
4f3dc90e-0e11-4fbb-a481-7f0e76f5fa64,262,8.733333333333333,right_heel,0.5,0.5,0.0,540.0,960.0,0.5
4f3dc90e-0e11-4fbb-a481-7f0e76f5fa64,262,8.733333333333333,left_foot_index,0.5,0.5,0.0,540.0,960.0,0.5
4f3dc90e-0e11-4fbb-a481-7f0e76f5fa64,262,8.733333333333333,right_foot_index,0.5,0.5,0.0,540.0,960.0,0.5
4f3dc90e-0e11-4fbb-a481-7f0e76f5fa64,263,8.766666666666667,nose,0.5,0.5,0.0,540.0,960.0,0.5
4f3dc90e-0e11-4fbb-a481-7f0e76f5fa64,263,8.766666666666667,left_shoulder,0.5,0.5,0.0,540.0,960.0,0.5
4f3dc90e-0e11-4fbb-a481-7f0e76f5fa64,263,8.766666666666667,right_shoulder,0.5,0.5,0.0,540.0,960.0,0.5
4f3dc90e-0e11-4fbb-a481-7f0e76f5fa64,263,8.766666666666667,left_elbow,0.5,0.5,0.0,540.0,960.0,0.5
4f3dc90e-0e11-4fbb-a481-7f0e76f5fa64,263,8.766666666666667,right_elbow,0.5,0.5,0.0,540.0,960.0,0.5
4f3dc90e-0e11-4fbb-a481-7f0e76f5fa64,263,8.766666666666667,left_wrist,0.5,0.5,0.0,540.0,960.0,0.5
4f3dc90e-0e11-4fbb-a481-7f0e76f5fa64,263,8.766666666666667,right_wrist,0.5,0.5,0.0,540.0,960.0,0.5
4f3dc90e-0e11-4fbb-a481-7f0e76f5fa64,263,8.766666666666667,left_hip,0.5,0.5,0.0,540.0,960.0,0.5
4f3dc90e-0e11-4fbb-a481-7f0e76f5fa64,263,8.766666666666667,right_hip,0.5,0.5,0.0,540.0,960.0,0.5
4f3dc90e-0e11-4fbb-a481-7f0e76f5fa64,263,8.766666666666667,left_knee,0.5,0.5,0.0,540.0,960.0,0.5
4f3dc90e-0e11-4fbb-a481-7f0e76f5fa64,263,8.766666666666667,right_knee,0.5,0.5,0.0,540.0,960.0,0.5
4f3dc90e-0e11-4fbb-a481-7f0e76f5fa64,263,8.766666666666667,left_ankle,0.5,0.5,0.0,540.0,960.0,0.5
4f3dc90e-0e11-4fbb-a481-7f0e76f5fa64,263,8.766666666666667,right_ankle,0.5,0.5,0.0,540.0,960.0,0.5
4f3dc90e-0e11-4fbb-a481-7f0e76f5fa64,263,8.766666666666667,left_heel,0.5,0.5,0.0,540.0,960.0,0.5
4f3dc90e-0e11-4fbb-a481-7f0e76f5fa64,263,8.766666666666667,right_heel,0.5,0.5,0.0,540.0,960.0,0.5
4f3dc90e-0e11-4fbb-a481-7f0e76f5fa64,263,8.766666666666667,left_foot_index,0.5,0.5,0.0,540.0,960.0,0.5
4f3dc90e-0e11-4fbb-a481-7f0e76f5fa64,263,8.766666666666667,right_foot_index,0.5,0.5,0.0,540.0,960.0,0.5
4f3dc90e-0e11-4fbb-a481-7f0e76f5fa64,264,8.8,nose,0.5,0.5,0.0,540.0,960.0,0.5
4f3dc90e-0e11-4fbb-a481-7f0e76f5fa64,264,8.8,left_shoulder,0.5,0.5,0.0,540.0,960.0,0.5
4f3dc90e-0e11-4fbb-a481-7f0e76f5fa64,264,8.8,right_shoulder,0.5,0.5,0.0,540.0,960.0,0.5
4f3dc90e-0e11-4fbb-a481-7f0e76f5fa64,264,8.8,left_elbow,0.5,0.5,0.0,540.0,960.0,0.5
4f3dc90e-0e11-4fbb-a481-7f0e76f5fa64,264,8.8,right_elbow,0.5,0.5,0.0,540.0,960.0,0.5
4f3dc90e-0e11-4fbb-a481-7f0e76f5fa64,264,8.8,left_wrist,0.5,0.5,0.0,540.0,960.0,0.5
4f3dc90e-0e11-4fbb-a481-7f0e76f5fa64,264,8.8,right_wrist,0.5,0.5,0.0,540.0,960.0,0.5
4f3dc90e-0e11-4fbb-a481-7f0e76f5fa64,264,8.8,left_hip,0.5,0.5,0.0,540.0,960.0,0.5
4f3dc90e-0e11-4fbb-a481-7f0e76f5fa64,264,8.8,right_hip,0.5,0.5,0.0,540.0,960.0,0.5
4f3dc90e-0e11-4fbb-a481-7f0e76f5fa64,264,8.8,left_knee,0.5,0.5,0.0,540.0,960.0,0.5
4f3dc90e-0e11-4fbb-a481-7f0e76f5fa64,264,8.8,right_knee,0.5,0.5,0.0,540.0,960.0,0.5
4f3dc90e-0e11-4fbb-a481-7f0e76f5fa64,264,8.8,left_ankle,0.5,0.5,0.0,540.0,960.0,0.5
4f3dc90e-0e11-4fbb-a481-7f0e76f5fa64,264,8.8,right_ankle,0.5,0.5,0.0,540.0,960.0,0.5
4f3dc90e-0e11-4fbb-a481-7f0e76f5fa64,264,8.8,left_heel,0.5,0.5,0.0,540.0,960.0,0.5
4f3dc90e-0e11-4fbb-a481-7f0e76f5fa64,264,8.8,right_heel,0.5,0.5,0.0,540.0,960.0,0.5
4f3dc90e-0e11-4fbb-a481-7f0e76f5fa64,264,8.8,left_foot_index,0.5,0.5,0.0,540.0,960.0,0.5
4f3dc90e-0e11-4fbb-a481-7f0e76f5fa64,264,8.8,right_foot_index,0.5,0.5,0.0,540.0,960.0,0.5
4f3dc90e-0e11-4fbb-a481-7f0e76f5fa64,265,8.833333333333334,nose,0.5,0.5,0.0,540.0,960.0,0.5
4f3dc90e-0e11-4fbb-a481-7f0e76f5fa64,265,8.833333333333334,left_shoulder,0.5,0.5,0.0,540.0,960.0,0.5
4f3dc90e-0e11-4fbb-a481-7f0e76f5fa64,265,8.833333333333334,right_shoulder,0.5,0.5,0.0,540.0,960.0,0.5
4f3dc90e-0e11-4fbb-a481-7f0e76f5fa64,265,8.833333333333334,left_elbow,0.5,0.5,0.0,540.0,960.0,0.5
4f3dc90e-0e11-4fbb-a481-7f0e76f5fa64,265,8.833333333333334,right_elbow,0.5,0.5,0.0,540.0,960.0,0.5
4f3dc90e-0e11-4fbb-a481-7f0e76f5fa64,265,8.833333333333334,left_wrist,0.5,0.5,0.0,540.0,960.0,0.5
4f3dc90e-0e11-4fbb-a481-7f0e76f5fa64,265,8.833333333333334,right_wrist,0.5,0.5,0.0,540.0,960.0,0.5
4f3dc90e-0e11-4fbb-a481-7f0e76f5fa64,265,8.833333333333334,left_hip,0.5,0.5,0.0,540.0,960.0,0.5
4f3dc90e-0e11-4fbb-a481-7f0e76f5fa64,265,8.833333333333334,right_hip,0.5,0.5,0.0,540.0,960.0,0.5
4f3dc90e-0e11-4fbb-a481-7f0e76f5fa64,265,8.833333333333334,left_knee,0.5,0.5,0.0,540.0,960.0,0.5
4f3dc90e-0e11-4fbb-a481-7f0e76f5fa64,265,8.833333333333334,right_knee,0.5,0.5,0.0,540.0,960.0,0.5
4f3dc90e-0e11-4fbb-a481-7f0e76f5fa64,265,8.833333333333334,left_ankle,0.5,0.5,0.0,540.0,960.0,0.5
4f3dc90e-0e11-4fbb-a481-7f0e76f5fa64,265,8.833333333333334,right_ankle,0.5,0.5,0.0,540.0,960.0,0.5
4f3dc90e-0e11-4fbb-a481-7f0e76f5fa64,265,8.833333333333334,left_heel,0.5,0.5,0.0,540.0,960.0,0.5
4f3dc90e-0e11-4fbb-a481-7f0e76f5fa64,265,8.833333333333334,right_heel,0.5,0.5,0.0,540.0,960.0,0.5
4f3dc90e-0e11-4fbb-a481-7f0e76f5fa64,265,8.833333333333334,left_foot_index,0.5,0.5,0.0,540.0,960.0,0.5
4f3dc90e-0e11-4fbb-a481-7f0e76f5fa64,265,8.833333333333334,right_foot_index,0.5,0.5,0.0,540.0,960.0,0.5
4f3dc90e-0e11-4fbb-a481-7f0e76f5fa64,266,8.866666666666667,nose,0.5,0.5,0.0,540.0,960.0,0.5
4f3dc90e-0e11-4fbb-a481-7f0e76f5fa64,266,8.866666666666667,left_shoulder,0.5,0.5,0.0,540.0,960.0,0.5
4f3dc90e-0e11-4fbb-a481-7f0e76f5fa64,266,8.866666666666667,right_shoulder,0.5,0.5,0.0,540.0,960.0,0.5
4f3dc90e-0e11-4fbb-a481-7f0e76f5fa64,266,8.866666666666667,left_elbow,0.5,0.5,0.0,540.0,960.0,0.5
4f3dc90e-0e11-4fbb-a481-7f0e76f5fa64,266,8.866666666666667,right_elbow,0.5,0.5,0.0,540.0,960.0,0.5
4f3dc90e-0e11-4fbb-a481-7f0e76f5fa64,266,8.866666666666667,left_wrist,0.5,0.5,0.0,540.0,960.0,0.5
4f3dc90e-0e11-4fbb-a481-7f0e76f5fa64,266,8.866666666666667,right_wrist,0.5,0.5,0.0,540.0,960.0,0.5
4f3dc90e-0e11-4fbb-a481-7f0e76f5fa64,266,8.866666666666667,left_hip,0.5,0.5,0.0,540.0,960.0,0.5
4f3dc90e-0e11-4fbb-a481-7f0e76f5fa64,266,8.866666666666667,right_hip,0.5,0.5,0.0,540.0,960.0,0.5
4f3dc90e-0e11-4fbb-a481-7f0e76f5fa64,266,8.866666666666667,left_knee,0.5,0.5,0.0,540.0,960.0,0.5
4f3dc90e-0e11-4fbb-a481-7f0e76f5fa64,266,8.866666666666667,right_knee,0.5,0.5,0.0,540.0,960.0,0.5
4f3dc90e-0e11-4fbb-a481-7f0e76f5fa64,266,8.866666666666667,left_ankle,0.5,0.5,0.0,540.0,960.0,0.5
4f3dc90e-0e11-4fbb-a481-7f0e76f5fa64,266,8.866666666666667,right_ankle,0.5,0.5,0.0,540.0,960.0,0.5
4f3dc90e-0e11-4fbb-a481-7f0e76f5fa64,266,8.866666666666667,left_heel,0.5,0.5,0.0,540.0,960.0,0.5
4f3dc90e-0e11-4fbb-a481-7f0e76f5fa64,266,8.866666666666667,right_heel,0.5,0.5,0.0,540.0,960.0,0.5
4f3dc90e-0e11-4fbb-a481-7f0e76f5fa64,266,8.866666666666667,left_foot_index,0.5,0.5,0.0,540.0,960.0,0.5
4f3dc90e-0e11-4fbb-a481-7f0e76f5fa64,266,8.866666666666667,right_foot_index,0.5,0.5,0.0,540.0,960.0,0.5
4f3dc90e-0e11-4fbb-a481-7f0e76f5fa64,267,8.9,nose,0.5,0.5,0.0,540.0,960.0,0.5
4f3dc90e-0e11-4fbb-a481-7f0e76f5fa64,267,8.9,left_shoulder,0.5,0.5,0.0,540.0,960.0,0.5
4f3dc90e-0e11-4fbb-a481-7f0e76f5fa64,267,8.9,right_shoulder,0.5,0.5,0.0,540.0,960.0,0.5
4f3dc90e-0e11-4fbb-a481-7f0e76f5fa64,267,8.9,left_elbow,0.5,0.5,0.0,540.0,960.0,0.5
4f3dc90e-0e11-4fbb-a481-7f0e76f5fa64,267,8.9,right_elbow,0.5,0.5,0.0,540.0,960.0,0.5
4f3dc90e-0e11-4fbb-a481-7f0e76f5fa64,267,8.9,left_wrist,0.5,0.5,0.0,540.0,960.0,0.5
4f3dc90e-0e11-4fbb-a481-7f0e76f5fa64,267,8.9,right_wrist,0.5,0.5,0.0,540.0,960.0,0.5
4f3dc90e-0e11-4fbb-a481-7f0e76f5fa64,267,8.9,left_hip,0.5,0.5,0.0,540.0,960.0,0.5
4f3dc90e-0e11-4fbb-a481-7f0e76f5fa64,267,8.9,right_hip,0.5,0.5,0.0,540.0,960.0,0.5
4f3dc90e-0e11-4fbb-a481-7f0e76f5fa64,267,8.9,left_knee,0.5,0.5,0.0,540.0,960.0,0.5
4f3dc90e-0e11-4fbb-a481-7f0e76f5fa64,267,8.9,right_knee,0.5,0.5,0.0,540.0,960.0,0.5
4f3dc90e-0e11-4fbb-a481-7f0e76f5fa64,267,8.9,left_ankle,0.5,0.5,0.0,540.0,960.0,0.5
4f3dc90e-0e11-4fbb-a481-7f0e76f5fa64,267,8.9,right_ankle,0.5,0.5,0.0,540.0,960.0,0.5
4f3dc90e-0e11-4fbb-a481-7f0e76f5fa64,267,8.9,left_heel,0.5,0.5,0.0,540.0,960.0,0.5
4f3dc90e-0e11-4fbb-a481-7f0e76f5fa64,267,8.9,right_heel,0.5,0.5,0.0,540.0,960.0,0.5
4f3dc90e-0e11-4fbb-a481-7f0e76f5fa64,267,8.9,left_foot_index,0.5,0.5,0.0,540.0,960.0,0.5
4f3dc90e-0e11-4fbb-a481-7f0e76f5fa64,267,8.9,right_foot_index,0.5,0.5,0.0,540.0,960.0,0.5
4f3dc90e-0e11-4fbb-a481-7f0e76f5fa64,268,8.933333333333334,nose,0.5,0.5,0.0,540.0,960.0,0.5
4f3dc90e-0e11-4fbb-a481-7f0e76f5fa64,268,8.933333333333334,left_shoulder,0.5,0.5,0.0,540.0,960.0,0.5
4f3dc90e-0e11-4fbb-a481-7f0e76f5fa64,268,8.933333333333334,right_shoulder,0.5,0.5,0.0,540.0,960.0,0.5
4f3dc90e-0e11-4fbb-a481-7f0e76f5fa64,268,8.933333333333334,left_elbow,0.5,0.5,0.0,540.0,960.0,0.5
4f3dc90e-0e11-4fbb-a481-7f0e76f5fa64,268,8.933333333333334,right_elbow,0.5,0.5,0.0,540.0,960.0,0.5
4f3dc90e-0e11-4fbb-a481-7f0e76f5fa64,268,8.933333333333334,left_wrist,0.5,0.5,0.0,540.0,960.0,0.5
4f3dc90e-0e11-4fbb-a481-7f0e76f5fa64,268,8.933333333333334,right_wrist,0.5,0.5,0.0,540.0,960.0,0.5
4f3dc90e-0e11-4fbb-a481-7f0e76f5fa64,268,8.933333333333334,left_hip,0.5,0.5,0.0,540.0,960.0,0.5
4f3dc90e-0e11-4fbb-a481-7f0e76f5fa64,268,8.933333333333334,right_hip,0.5,0.5,0.0,540.0,960.0,0.5
4f3dc90e-0e11-4fbb-a481-7f0e76f5fa64,268,8.933333333333334,left_knee,0.5,0.5,0.0,540.0,960.0,0.5
4f3dc90e-0e11-4fbb-a481-7f0e76f5fa64,268,8.933333333333334,right_knee,0.5,0.5,0.0,540.0,960.0,0.5
4f3dc90e-0e11-4fbb-a481-7f0e76f5fa64,268,8.933333333333334,left_ankle,0.5,0.5,0.0,540.0,960.0,0.5
4f3dc90e-0e11-4fbb-a481-7f0e76f5fa64,268,8.933333333333334,right_ankle,0.5,0.5,0.0,540.0,960.0,0.5
4f3dc90e-0e11-4fbb-a481-7f0e76f5fa64,268,8.933333333333334,left_heel,0.5,0.5,0.0,540.0,960.0,0.5
4f3dc90e-0e11-4fbb-a481-7f0e76f5fa64,268,8.933333333333334,right_heel,0.5,0.5,0.0,540.0,960.0,0.5
4f3dc90e-0e11-4fbb-a481-7f0e76f5fa64,268,8.933333333333334,left_foot_index,0.5,0.5,0.0,540.0,960.0,0.5
4f3dc90e-0e11-4fbb-a481-7f0e76f5fa64,268,8.933333333333334,right_foot_index,0.5,0.5,0.0,540.0,960.0,0.5
4f3dc90e-0e11-4fbb-a481-7f0e76f5fa64,269,8.966666666666667,nose,0.5,0.5,0.0,540.0,960.0,0.5
4f3dc90e-0e11-4fbb-a481-7f0e76f5fa64,269,8.966666666666667,left_shoulder,0.5,0.5,0.0,540.0,960.0,0.5
4f3dc90e-0e11-4fbb-a481-7f0e76f5fa64,269,8.966666666666667,right_shoulder,0.5,0.5,0.0,540.0,960.0,0.5
4f3dc90e-0e11-4fbb-a481-7f0e76f5fa64,269,8.966666666666667,left_elbow,0.5,0.5,0.0,540.0,960.0,0.5
4f3dc90e-0e11-4fbb-a481-7f0e76f5fa64,269,8.966666666666667,right_elbow,0.5,0.5,0.0,540.0,960.0,0.5
4f3dc90e-0e11-4fbb-a481-7f0e76f5fa64,269,8.966666666666667,left_wrist,0.5,0.5,0.0,540.0,960.0,0.5
4f3dc90e-0e11-4fbb-a481-7f0e76f5fa64,269,8.966666666666667,right_wrist,0.5,0.5,0.0,540.0,960.0,0.5
4f3dc90e-0e11-4fbb-a481-7f0e76f5fa64,269,8.966666666666667,left_hip,0.5,0.5,0.0,540.0,960.0,0.5
4f3dc90e-0e11-4fbb-a481-7f0e76f5fa64,269,8.966666666666667,right_hip,0.5,0.5,0.0,540.0,960.0,0.5
4f3dc90e-0e11-4fbb-a481-7f0e76f5fa64,269,8.966666666666667,left_knee,0.5,0.5,0.0,540.0,960.0,0.5
4f3dc90e-0e11-4fbb-a481-7f0e76f5fa64,269,8.966666666666667,right_knee,0.5,0.5,0.0,540.0,960.0,0.5
4f3dc90e-0e11-4fbb-a481-7f0e76f5fa64,269,8.966666666666667,left_ankle,0.5,0.5,0.0,540.0,960.0,0.5
4f3dc90e-0e11-4fbb-a481-7f0e76f5fa64,269,8.966666666666667,right_ankle,0.5,0.5,0.0,540.0,960.0,0.5
4f3dc90e-0e11-4fbb-a481-7f0e76f5fa64,269,8.966666666666667,left_heel,0.5,0.5,0.0,540.0,960.0,0.5
4f3dc90e-0e11-4fbb-a481-7f0e76f5fa64,269,8.966666666666667,right_heel,0.5,0.5,0.0,540.0,960.0,0.5
4f3dc90e-0e11-4fbb-a481-7f0e76f5fa64,269,8.966666666666667,left_foot_index,0.5,0.5,0.0,540.0,960.0,0.5
4f3dc90e-0e11-4fbb-a481-7f0e76f5fa64,269,8.966666666666667,right_foot_index,0.5,0.5,0.0,540.0,960.0,0.5
4f3dc90e-0e11-4fbb-a481-7f0e76f5fa64,270,9.0,nose,0.5,0.5,0.0,540.0,960.0,0.5
4f3dc90e-0e11-4fbb-a481-7f0e76f5fa64,270,9.0,left_shoulder,0.5,0.5,0.0,540.0,960.0,0.5
4f3dc90e-0e11-4fbb-a481-7f0e76f5fa64,270,9.0,right_shoulder,0.5,0.5,0.0,540.0,960.0,0.5
4f3dc90e-0e11-4fbb-a481-7f0e76f5fa64,270,9.0,left_elbow,0.5,0.5,0.0,540.0,960.0,0.5
4f3dc90e-0e11-4fbb-a481-7f0e76f5fa64,270,9.0,right_elbow,0.5,0.5,0.0,540.0,960.0,0.5
4f3dc90e-0e11-4fbb-a481-7f0e76f5fa64,270,9.0,left_wrist,0.5,0.5,0.0,540.0,960.0,0.5
4f3dc90e-0e11-4fbb-a481-7f0e76f5fa64,270,9.0,right_wrist,0.5,0.5,0.0,540.0,960.0,0.5
4f3dc90e-0e11-4fbb-a481-7f0e76f5fa64,270,9.0,left_hip,0.5,0.5,0.0,540.0,960.0,0.5
4f3dc90e-0e11-4fbb-a481-7f0e76f5fa64,270,9.0,right_hip,0.5,0.5,0.0,540.0,960.0,0.5
4f3dc90e-0e11-4fbb-a481-7f0e76f5fa64,270,9.0,left_knee,0.5,0.5,0.0,540.0,960.0,0.5
4f3dc90e-0e11-4fbb-a481-7f0e76f5fa64,270,9.0,right_knee,0.5,0.5,0.0,540.0,960.0,0.5
4f3dc90e-0e11-4fbb-a481-7f0e76f5fa64,270,9.0,left_ankle,0.5,0.5,0.0,540.0,960.0,0.5
4f3dc90e-0e11-4fbb-a481-7f0e76f5fa64,270,9.0,right_ankle,0.5,0.5,0.0,540.0,960.0,0.5
4f3dc90e-0e11-4fbb-a481-7f0e76f5fa64,270,9.0,left_heel,0.5,0.5,0.0,540.0,960.0,0.5
4f3dc90e-0e11-4fbb-a481-7f0e76f5fa64,270,9.0,right_heel,0.5,0.5,0.0,540.0,960.0,0.5
4f3dc90e-0e11-4fbb-a481-7f0e76f5fa64,270,9.0,left_foot_index,0.5,0.5,0.0,540.0,960.0,0.5
4f3dc90e-0e11-4fbb-a481-7f0e76f5fa64,270,9.0,right_foot_index,0.5,0.5,0.0,540.0,960.0,0.5
4f3dc90e-0e11-4fbb-a481-7f0e76f5fa64,271,9.033333333333333,nose,0.5,0.5,0.0,540.0,960.0,0.5
4f3dc90e-0e11-4fbb-a481-7f0e76f5fa64,271,9.033333333333333,left_shoulder,0.5,0.5,0.0,540.0,960.0,0.5
4f3dc90e-0e11-4fbb-a481-7f0e76f5fa64,271,9.033333333333333,right_shoulder,0.5,0.5,0.0,540.0,960.0,0.5
4f3dc90e-0e11-4fbb-a481-7f0e76f5fa64,271,9.033333333333333,left_elbow,0.5,0.5,0.0,540.0,960.0,0.5
4f3dc90e-0e11-4fbb-a481-7f0e76f5fa64,271,9.033333333333333,right_elbow,0.5,0.5,0.0,540.0,960.0,0.5
4f3dc90e-0e11-4fbb-a481-7f0e76f5fa64,271,9.033333333333333,left_wrist,0.5,0.5,0.0,540.0,960.0,0.5
4f3dc90e-0e11-4fbb-a481-7f0e76f5fa64,271,9.033333333333333,right_wrist,0.5,0.5,0.0,540.0,960.0,0.5
4f3dc90e-0e11-4fbb-a481-7f0e76f5fa64,271,9.033333333333333,left_hip,0.5,0.5,0.0,540.0,960.0,0.5
4f3dc90e-0e11-4fbb-a481-7f0e76f5fa64,271,9.033333333333333,right_hip,0.5,0.5,0.0,540.0,960.0,0.5
4f3dc90e-0e11-4fbb-a481-7f0e76f5fa64,271,9.033333333333333,left_knee,0.5,0.5,0.0,540.0,960.0,0.5
4f3dc90e-0e11-4fbb-a481-7f0e76f5fa64,271,9.033333333333333,right_knee,0.5,0.5,0.0,540.0,960.0,0.5
4f3dc90e-0e11-4fbb-a481-7f0e76f5fa64,271,9.033333333333333,left_ankle,0.5,0.5,0.0,540.0,960.0,0.5
4f3dc90e-0e11-4fbb-a481-7f0e76f5fa64,271,9.033333333333333,right_ankle,0.5,0.5,0.0,540.0,960.0,0.5
4f3dc90e-0e11-4fbb-a481-7f0e76f5fa64,271,9.033333333333333,left_heel,0.5,0.5,0.0,540.0,960.0,0.5
4f3dc90e-0e11-4fbb-a481-7f0e76f5fa64,271,9.033333333333333,right_heel,0.5,0.5,0.0,540.0,960.0,0.5
4f3dc90e-0e11-4fbb-a481-7f0e76f5fa64,271,9.033333333333333,left_foot_index,0.5,0.5,0.0,540.0,960.0,0.5
4f3dc90e-0e11-4fbb-a481-7f0e76f5fa64,271,9.033333333333333,right_foot_index,0.5,0.5,0.0,540.0,960.0,0.5
4f3dc90e-0e11-4fbb-a481-7f0e76f5fa64,272,9.066666666666666,nose,0.5,0.5,0.0,540.0,960.0,0.5
4f3dc90e-0e11-4fbb-a481-7f0e76f5fa64,272,9.066666666666666,left_shoulder,0.5,0.5,0.0,540.0,960.0,0.5
4f3dc90e-0e11-4fbb-a481-7f0e76f5fa64,272,9.066666666666666,right_shoulder,0.5,0.5,0.0,540.0,960.0,0.5
4f3dc90e-0e11-4fbb-a481-7f0e76f5fa64,272,9.066666666666666,left_elbow,0.5,0.5,0.0,540.0,960.0,0.5
4f3dc90e-0e11-4fbb-a481-7f0e76f5fa64,272,9.066666666666666,right_elbow,0.5,0.5,0.0,540.0,960.0,0.5
4f3dc90e-0e11-4fbb-a481-7f0e76f5fa64,272,9.066666666666666,left_wrist,0.5,0.5,0.0,540.0,960.0,0.5
4f3dc90e-0e11-4fbb-a481-7f0e76f5fa64,272,9.066666666666666,right_wrist,0.5,0.5,0.0,540.0,960.0,0.5
4f3dc90e-0e11-4fbb-a481-7f0e76f5fa64,272,9.066666666666666,left_hip,0.5,0.5,0.0,540.0,960.0,0.5
4f3dc90e-0e11-4fbb-a481-7f0e76f5fa64,272,9.066666666666666,right_hip,0.5,0.5,0.0,540.0,960.0,0.5
4f3dc90e-0e11-4fbb-a481-7f0e76f5fa64,272,9.066666666666666,left_knee,0.5,0.5,0.0,540.0,960.0,0.5
4f3dc90e-0e11-4fbb-a481-7f0e76f5fa64,272,9.066666666666666,right_knee,0.5,0.5,0.0,540.0,960.0,0.5
4f3dc90e-0e11-4fbb-a481-7f0e76f5fa64,272,9.066666666666666,left_ankle,0.5,0.5,0.0,540.0,960.0,0.5
4f3dc90e-0e11-4fbb-a481-7f0e76f5fa64,272,9.066666666666666,right_ankle,0.5,0.5,0.0,540.0,960.0,0.5
4f3dc90e-0e11-4fbb-a481-7f0e76f5fa64,272,9.066666666666666,left_heel,0.5,0.5,0.0,540.0,960.0,0.5
4f3dc90e-0e11-4fbb-a481-7f0e76f5fa64,272,9.066666666666666,right_heel,0.5,0.5,0.0,540.0,960.0,0.5
4f3dc90e-0e11-4fbb-a481-7f0e76f5fa64,272,9.066666666666666,left_foot_index,0.5,0.5,0.0,540.0,960.0,0.5
4f3dc90e-0e11-4fbb-a481-7f0e76f5fa64,272,9.066666666666666,right_foot_index,0.5,0.5,0.0,540.0,960.0,0.5
4f3dc90e-0e11-4fbb-a481-7f0e76f5fa64,273,9.1,nose,0.5,0.5,0.0,540.0,960.0,0.5
4f3dc90e-0e11-4fbb-a481-7f0e76f5fa64,273,9.1,left_shoulder,0.5,0.5,0.0,540.0,960.0,0.5
4f3dc90e-0e11-4fbb-a481-7f0e76f5fa64,273,9.1,right_shoulder,0.5,0.5,0.0,540.0,960.0,0.5
4f3dc90e-0e11-4fbb-a481-7f0e76f5fa64,273,9.1,left_elbow,0.5,0.5,0.0,540.0,960.0,0.5
4f3dc90e-0e11-4fbb-a481-7f0e76f5fa64,273,9.1,right_elbow,0.5,0.5,0.0,540.0,960.0,0.5
4f3dc90e-0e11-4fbb-a481-7f0e76f5fa64,273,9.1,left_wrist,0.5,0.5,0.0,540.0,960.0,0.5
4f3dc90e-0e11-4fbb-a481-7f0e76f5fa64,273,9.1,right_wrist,0.5,0.5,0.0,540.0,960.0,0.5
4f3dc90e-0e11-4fbb-a481-7f0e76f5fa64,273,9.1,left_hip,0.5,0.5,0.0,540.0,960.0,0.5
4f3dc90e-0e11-4fbb-a481-7f0e76f5fa64,273,9.1,right_hip,0.5,0.5,0.0,540.0,960.0,0.5
4f3dc90e-0e11-4fbb-a481-7f0e76f5fa64,273,9.1,left_knee,0.5,0.5,0.0,540.0,960.0,0.5
4f3dc90e-0e11-4fbb-a481-7f0e76f5fa64,273,9.1,right_knee,0.5,0.5,0.0,540.0,960.0,0.5
4f3dc90e-0e11-4fbb-a481-7f0e76f5fa64,273,9.1,left_ankle,0.5,0.5,0.0,540.0,960.0,0.5
4f3dc90e-0e11-4fbb-a481-7f0e76f5fa64,273,9.1,right_ankle,0.5,0.5,0.0,540.0,960.0,0.5
4f3dc90e-0e11-4fbb-a481-7f0e76f5fa64,273,9.1,left_heel,0.5,0.5,0.0,540.0,960.0,0.5
4f3dc90e-0e11-4fbb-a481-7f0e76f5fa64,273,9.1,right_heel,0.5,0.5,0.0,540.0,960.0,0.5
4f3dc90e-0e11-4fbb-a481-7f0e76f5fa64,273,9.1,left_foot_index,0.5,0.5,0.0,540.0,960.0,0.5
4f3dc90e-0e11-4fbb-a481-7f0e76f5fa64,273,9.1,right_foot_index,0.5,0.5,0.0,540.0,960.0,0.5
4f3dc90e-0e11-4fbb-a481-7f0e76f5fa64,274,9.133333333333333,nose,0.5,0.5,0.0,540.0,960.0,0.5
4f3dc90e-0e11-4fbb-a481-7f0e76f5fa64,274,9.133333333333333,left_shoulder,0.5,0.5,0.0,540.0,960.0,0.5
4f3dc90e-0e11-4fbb-a481-7f0e76f5fa64,274,9.133333333333333,right_shoulder,0.5,0.5,0.0,540.0,960.0,0.5
4f3dc90e-0e11-4fbb-a481-7f0e76f5fa64,274,9.133333333333333,left_elbow,0.5,0.5,0.0,540.0,960.0,0.5
4f3dc90e-0e11-4fbb-a481-7f0e76f5fa64,274,9.133333333333333,right_elbow,0.5,0.5,0.0,540.0,960.0,0.5
4f3dc90e-0e11-4fbb-a481-7f0e76f5fa64,274,9.133333333333333,left_wrist,0.5,0.5,0.0,540.0,960.0,0.5
4f3dc90e-0e11-4fbb-a481-7f0e76f5fa64,274,9.133333333333333,right_wrist,0.5,0.5,0.0,540.0,960.0,0.5
4f3dc90e-0e11-4fbb-a481-7f0e76f5fa64,274,9.133333333333333,left_hip,0.5,0.5,0.0,540.0,960.0,0.5
4f3dc90e-0e11-4fbb-a481-7f0e76f5fa64,274,9.133333333333333,right_hip,0.5,0.5,0.0,540.0,960.0,0.5
4f3dc90e-0e11-4fbb-a481-7f0e76f5fa64,274,9.133333333333333,left_knee,0.5,0.5,0.0,540.0,960.0,0.5
4f3dc90e-0e11-4fbb-a481-7f0e76f5fa64,274,9.133333333333333,right_knee,0.5,0.5,0.0,540.0,960.0,0.5
4f3dc90e-0e11-4fbb-a481-7f0e76f5fa64,274,9.133333333333333,left_ankle,0.5,0.5,0.0,540.0,960.0,0.5
4f3dc90e-0e11-4fbb-a481-7f0e76f5fa64,274,9.133333333333333,right_ankle,0.5,0.5,0.0,540.0,960.0,0.5
4f3dc90e-0e11-4fbb-a481-7f0e76f5fa64,274,9.133333333333333,left_heel,0.5,0.5,0.0,540.0,960.0,0.5
4f3dc90e-0e11-4fbb-a481-7f0e76f5fa64,274,9.133333333333333,right_heel,0.5,0.5,0.0,540.0,960.0,0.5
4f3dc90e-0e11-4fbb-a481-7f0e76f5fa64,274,9.133333333333333,left_foot_index,0.5,0.5,0.0,540.0,960.0,0.5
4f3dc90e-0e11-4fbb-a481-7f0e76f5fa64,274,9.133333333333333,right_foot_index,0.5,0.5,0.0,540.0,960.0,0.5
4f3dc90e-0e11-4fbb-a481-7f0e76f5fa64,275,9.166666666666666,nose,0.5,0.5,0.0,540.0,960.0,0.5
4f3dc90e-0e11-4fbb-a481-7f0e76f5fa64,275,9.166666666666666,left_shoulder,0.5,0.5,0.0,540.0,960.0,0.5
4f3dc90e-0e11-4fbb-a481-7f0e76f5fa64,275,9.166666666666666,right_shoulder,0.5,0.5,0.0,540.0,960.0,0.5
4f3dc90e-0e11-4fbb-a481-7f0e76f5fa64,275,9.166666666666666,left_elbow,0.5,0.5,0.0,540.0,960.0,0.5
4f3dc90e-0e11-4fbb-a481-7f0e76f5fa64,275,9.166666666666666,right_elbow,0.5,0.5,0.0,540.0,960.0,0.5
4f3dc90e-0e11-4fbb-a481-7f0e76f5fa64,275,9.166666666666666,left_wrist,0.5,0.5,0.0,540.0,960.0,0.5
4f3dc90e-0e11-4fbb-a481-7f0e76f5fa64,275,9.166666666666666,right_wrist,0.5,0.5,0.0,540.0,960.0,0.5
4f3dc90e-0e11-4fbb-a481-7f0e76f5fa64,275,9.166666666666666,left_hip,0.5,0.5,0.0,540.0,960.0,0.5
4f3dc90e-0e11-4fbb-a481-7f0e76f5fa64,275,9.166666666666666,right_hip,0.5,0.5,0.0,540.0,960.0,0.5
4f3dc90e-0e11-4fbb-a481-7f0e76f5fa64,275,9.166666666666666,left_knee,0.5,0.5,0.0,540.0,960.0,0.5
4f3dc90e-0e11-4fbb-a481-7f0e76f5fa64,275,9.166666666666666,right_knee,0.5,0.5,0.0,540.0,960.0,0.5
4f3dc90e-0e11-4fbb-a481-7f0e76f5fa64,275,9.166666666666666,left_ankle,0.5,0.5,0.0,540.0,960.0,0.5
4f3dc90e-0e11-4fbb-a481-7f0e76f5fa64,275,9.166666666666666,right_ankle,0.5,0.5,0.0,540.0,960.0,0.5
4f3dc90e-0e11-4fbb-a481-7f0e76f5fa64,275,9.166666666666666,left_heel,0.5,0.5,0.0,540.0,960.0,0.5
4f3dc90e-0e11-4fbb-a481-7f0e76f5fa64,275,9.166666666666666,right_heel,0.5,0.5,0.0,540.0,960.0,0.5
4f3dc90e-0e11-4fbb-a481-7f0e76f5fa64,275,9.166666666666666,left_foot_index,0.5,0.5,0.0,540.0,960.0,0.5
4f3dc90e-0e11-4fbb-a481-7f0e76f5fa64,275,9.166666666666666,right_foot_index,0.5,0.5,0.0,540.0,960.0,0.5
4f3dc90e-0e11-4fbb-a481-7f0e76f5fa64,276,9.2,nose,0.5,0.5,0.0,540.0,960.0,0.5
4f3dc90e-0e11-4fbb-a481-7f0e76f5fa64,276,9.2,left_shoulder,0.5,0.5,0.0,540.0,960.0,0.5
4f3dc90e-0e11-4fbb-a481-7f0e76f5fa64,276,9.2,right_shoulder,0.5,0.5,0.0,540.0,960.0,0.5
4f3dc90e-0e11-4fbb-a481-7f0e76f5fa64,276,9.2,left_elbow,0.5,0.5,0.0,540.0,960.0,0.5
4f3dc90e-0e11-4fbb-a481-7f0e76f5fa64,276,9.2,right_elbow,0.5,0.5,0.0,540.0,960.0,0.5
4f3dc90e-0e11-4fbb-a481-7f0e76f5fa64,276,9.2,left_wrist,0.5,0.5,0.0,540.0,960.0,0.5
4f3dc90e-0e11-4fbb-a481-7f0e76f5fa64,276,9.2,right_wrist,0.5,0.5,0.0,540.0,960.0,0.5
4f3dc90e-0e11-4fbb-a481-7f0e76f5fa64,276,9.2,left_hip,0.5,0.5,0.0,540.0,960.0,0.5
4f3dc90e-0e11-4fbb-a481-7f0e76f5fa64,276,9.2,right_hip,0.5,0.5,0.0,540.0,960.0,0.5
4f3dc90e-0e11-4fbb-a481-7f0e76f5fa64,276,9.2,left_knee,0.5,0.5,0.0,540.0,960.0,0.5
4f3dc90e-0e11-4fbb-a481-7f0e76f5fa64,276,9.2,right_knee,0.5,0.5,0.0,540.0,960.0,0.5
4f3dc90e-0e11-4fbb-a481-7f0e76f5fa64,276,9.2,left_ankle,0.5,0.5,0.0,540.0,960.0,0.5
4f3dc90e-0e11-4fbb-a481-7f0e76f5fa64,276,9.2,right_ankle,0.5,0.5,0.0,540.0,960.0,0.5
4f3dc90e-0e11-4fbb-a481-7f0e76f5fa64,276,9.2,left_heel,0.5,0.5,0.0,540.0,960.0,0.5
4f3dc90e-0e11-4fbb-a481-7f0e76f5fa64,276,9.2,right_heel,0.5,0.5,0.0,540.0,960.0,0.5
4f3dc90e-0e11-4fbb-a481-7f0e76f5fa64,276,9.2,left_foot_index,0.5,0.5,0.0,540.0,960.0,0.5
4f3dc90e-0e11-4fbb-a481-7f0e76f5fa64,276,9.2,right_foot_index,0.5,0.5,0.0,540.0,960.0,0.5
4f3dc90e-0e11-4fbb-a481-7f0e76f5fa64,277,9.233333333333333,nose,0.5,0.5,0.0,540.0,960.0,0.5
4f3dc90e-0e11-4fbb-a481-7f0e76f5fa64,277,9.233333333333333,left_shoulder,0.5,0.5,0.0,540.0,960.0,0.5
4f3dc90e-0e11-4fbb-a481-7f0e76f5fa64,277,9.233333333333333,right_shoulder,0.5,0.5,0.0,540.0,960.0,0.5
4f3dc90e-0e11-4fbb-a481-7f0e76f5fa64,277,9.233333333333333,left_elbow,0.5,0.5,0.0,540.0,960.0,0.5
4f3dc90e-0e11-4fbb-a481-7f0e76f5fa64,277,9.233333333333333,right_elbow,0.5,0.5,0.0,540.0,960.0,0.5
4f3dc90e-0e11-4fbb-a481-7f0e76f5fa64,277,9.233333333333333,left_wrist,0.5,0.5,0.0,540.0,960.0,0.5
4f3dc90e-0e11-4fbb-a481-7f0e76f5fa64,277,9.233333333333333,right_wrist,0.5,0.5,0.0,540.0,960.0,0.5
4f3dc90e-0e11-4fbb-a481-7f0e76f5fa64,277,9.233333333333333,left_hip,0.5,0.5,0.0,540.0,960.0,0.5
4f3dc90e-0e11-4fbb-a481-7f0e76f5fa64,277,9.233333333333333,right_hip,0.5,0.5,0.0,540.0,960.0,0.5
4f3dc90e-0e11-4fbb-a481-7f0e76f5fa64,277,9.233333333333333,left_knee,0.5,0.5,0.0,540.0,960.0,0.5
4f3dc90e-0e11-4fbb-a481-7f0e76f5fa64,277,9.233333333333333,right_knee,0.5,0.5,0.0,540.0,960.0,0.5
4f3dc90e-0e11-4fbb-a481-7f0e76f5fa64,277,9.233333333333333,left_ankle,0.5,0.5,0.0,540.0,960.0,0.5
4f3dc90e-0e11-4fbb-a481-7f0e76f5fa64,277,9.233333333333333,right_ankle,0.5,0.5,0.0,540.0,960.0,0.5
4f3dc90e-0e11-4fbb-a481-7f0e76f5fa64,277,9.233333333333333,left_heel,0.5,0.5,0.0,540.0,960.0,0.5
4f3dc90e-0e11-4fbb-a481-7f0e76f5fa64,277,9.233333333333333,right_heel,0.5,0.5,0.0,540.0,960.0,0.5
4f3dc90e-0e11-4fbb-a481-7f0e76f5fa64,277,9.233333333333333,left_foot_index,0.5,0.5,0.0,540.0,960.0,0.5
4f3dc90e-0e11-4fbb-a481-7f0e76f5fa64,277,9.233333333333333,right_foot_index,0.5,0.5,0.0,540.0,960.0,0.5
4f3dc90e-0e11-4fbb-a481-7f0e76f5fa64,278,9.266666666666667,nose,0.5,0.5,0.0,540.0,960.0,0.5
4f3dc90e-0e11-4fbb-a481-7f0e76f5fa64,278,9.266666666666667,left_shoulder,0.5,0.5,0.0,540.0,960.0,0.5
4f3dc90e-0e11-4fbb-a481-7f0e76f5fa64,278,9.266666666666667,right_shoulder,0.5,0.5,0.0,540.0,960.0,0.5
4f3dc90e-0e11-4fbb-a481-7f0e76f5fa64,278,9.266666666666667,left_elbow,0.5,0.5,0.0,540.0,960.0,0.5
4f3dc90e-0e11-4fbb-a481-7f0e76f5fa64,278,9.266666666666667,right_elbow,0.5,0.5,0.0,540.0,960.0,0.5
4f3dc90e-0e11-4fbb-a481-7f0e76f5fa64,278,9.266666666666667,left_wrist,0.5,0.5,0.0,540.0,960.0,0.5
4f3dc90e-0e11-4fbb-a481-7f0e76f5fa64,278,9.266666666666667,right_wrist,0.5,0.5,0.0,540.0,960.0,0.5
4f3dc90e-0e11-4fbb-a481-7f0e76f5fa64,278,9.266666666666667,left_hip,0.5,0.5,0.0,540.0,960.0,0.5
4f3dc90e-0e11-4fbb-a481-7f0e76f5fa64,278,9.266666666666667,right_hip,0.5,0.5,0.0,540.0,960.0,0.5
4f3dc90e-0e11-4fbb-a481-7f0e76f5fa64,278,9.266666666666667,left_knee,0.5,0.5,0.0,540.0,960.0,0.5
4f3dc90e-0e11-4fbb-a481-7f0e76f5fa64,278,9.266666666666667,right_knee,0.5,0.5,0.0,540.0,960.0,0.5
4f3dc90e-0e11-4fbb-a481-7f0e76f5fa64,278,9.266666666666667,left_ankle,0.5,0.5,0.0,540.0,960.0,0.5
4f3dc90e-0e11-4fbb-a481-7f0e76f5fa64,278,9.266666666666667,right_ankle,0.5,0.5,0.0,540.0,960.0,0.5
4f3dc90e-0e11-4fbb-a481-7f0e76f5fa64,278,9.266666666666667,left_heel,0.5,0.5,0.0,540.0,960.0,0.5
4f3dc90e-0e11-4fbb-a481-7f0e76f5fa64,278,9.266666666666667,right_heel,0.5,0.5,0.0,540.0,960.0,0.5
4f3dc90e-0e11-4fbb-a481-7f0e76f5fa64,278,9.266666666666667,left_foot_index,0.5,0.5,0.0,540.0,960.0,0.5
4f3dc90e-0e11-4fbb-a481-7f0e76f5fa64,278,9.266666666666667,right_foot_index,0.5,0.5,0.0,540.0,960.0,0.5
4f3dc90e-0e11-4fbb-a481-7f0e76f5fa64,279,9.3,nose,0.5,0.5,0.0,540.0,960.0,0.5
4f3dc90e-0e11-4fbb-a481-7f0e76f5fa64,279,9.3,left_shoulder,0.5,0.5,0.0,540.0,960.0,0.5
4f3dc90e-0e11-4fbb-a481-7f0e76f5fa64,279,9.3,right_shoulder,0.5,0.5,0.0,540.0,960.0,0.5
4f3dc90e-0e11-4fbb-a481-7f0e76f5fa64,279,9.3,left_elbow,0.5,0.5,0.0,540.0,960.0,0.5
4f3dc90e-0e11-4fbb-a481-7f0e76f5fa64,279,9.3,right_elbow,0.5,0.5,0.0,540.0,960.0,0.5
4f3dc90e-0e11-4fbb-a481-7f0e76f5fa64,279,9.3,left_wrist,0.5,0.5,0.0,540.0,960.0,0.5
4f3dc90e-0e11-4fbb-a481-7f0e76f5fa64,279,9.3,right_wrist,0.5,0.5,0.0,540.0,960.0,0.5
4f3dc90e-0e11-4fbb-a481-7f0e76f5fa64,279,9.3,left_hip,0.5,0.5,0.0,540.0,960.0,0.5
4f3dc90e-0e11-4fbb-a481-7f0e76f5fa64,279,9.3,right_hip,0.5,0.5,0.0,540.0,960.0,0.5
4f3dc90e-0e11-4fbb-a481-7f0e76f5fa64,279,9.3,left_knee,0.5,0.5,0.0,540.0,960.0,0.5
4f3dc90e-0e11-4fbb-a481-7f0e76f5fa64,279,9.3,right_knee,0.5,0.5,0.0,540.0,960.0,0.5
4f3dc90e-0e11-4fbb-a481-7f0e76f5fa64,279,9.3,left_ankle,0.5,0.5,0.0,540.0,960.0,0.5
4f3dc90e-0e11-4fbb-a481-7f0e76f5fa64,279,9.3,right_ankle,0.5,0.5,0.0,540.0,960.0,0.5
4f3dc90e-0e11-4fbb-a481-7f0e76f5fa64,279,9.3,left_heel,0.5,0.5,0.0,540.0,960.0,0.5
4f3dc90e-0e11-4fbb-a481-7f0e76f5fa64,279,9.3,right_heel,0.5,0.5,0.0,540.0,960.0,0.5
4f3dc90e-0e11-4fbb-a481-7f0e76f5fa64,279,9.3,left_foot_index,0.5,0.5,0.0,540.0,960.0,0.5
4f3dc90e-0e11-4fbb-a481-7f0e76f5fa64,279,9.3,right_foot_index,0.5,0.5,0.0,540.0,960.0,0.5
4f3dc90e-0e11-4fbb-a481-7f0e76f5fa64,280,9.333333333333334,nose,0.5,0.5,0.0,540.0,960.0,0.5
4f3dc90e-0e11-4fbb-a481-7f0e76f5fa64,280,9.333333333333334,left_shoulder,0.5,0.5,0.0,540.0,960.0,0.5
4f3dc90e-0e11-4fbb-a481-7f0e76f5fa64,280,9.333333333333334,right_shoulder,0.5,0.5,0.0,540.0,960.0,0.5
4f3dc90e-0e11-4fbb-a481-7f0e76f5fa64,280,9.333333333333334,left_elbow,0.5,0.5,0.0,540.0,960.0,0.5
4f3dc90e-0e11-4fbb-a481-7f0e76f5fa64,280,9.333333333333334,right_elbow,0.5,0.5,0.0,540.0,960.0,0.5
4f3dc90e-0e11-4fbb-a481-7f0e76f5fa64,280,9.333333333333334,left_wrist,0.5,0.5,0.0,540.0,960.0,0.5
4f3dc90e-0e11-4fbb-a481-7f0e76f5fa64,280,9.333333333333334,right_wrist,0.5,0.5,0.0,540.0,960.0,0.5
4f3dc90e-0e11-4fbb-a481-7f0e76f5fa64,280,9.333333333333334,left_hip,0.5,0.5,0.0,540.0,960.0,0.5
4f3dc90e-0e11-4fbb-a481-7f0e76f5fa64,280,9.333333333333334,right_hip,0.5,0.5,0.0,540.0,960.0,0.5
4f3dc90e-0e11-4fbb-a481-7f0e76f5fa64,280,9.333333333333334,left_knee,0.5,0.5,0.0,540.0,960.0,0.5
4f3dc90e-0e11-4fbb-a481-7f0e76f5fa64,280,9.333333333333334,right_knee,0.5,0.5,0.0,540.0,960.0,0.5
4f3dc90e-0e11-4fbb-a481-7f0e76f5fa64,280,9.333333333333334,left_ankle,0.5,0.5,0.0,540.0,960.0,0.5
4f3dc90e-0e11-4fbb-a481-7f0e76f5fa64,280,9.333333333333334,right_ankle,0.5,0.5,0.0,540.0,960.0,0.5
4f3dc90e-0e11-4fbb-a481-7f0e76f5fa64,280,9.333333333333334,left_heel,0.5,0.5,0.0,540.0,960.0,0.5
4f3dc90e-0e11-4fbb-a481-7f0e76f5fa64,280,9.333333333333334,right_heel,0.5,0.5,0.0,540.0,960.0,0.5
4f3dc90e-0e11-4fbb-a481-7f0e76f5fa64,280,9.333333333333334,left_foot_index,0.5,0.5,0.0,540.0,960.0,0.5
4f3dc90e-0e11-4fbb-a481-7f0e76f5fa64,280,9.333333333333334,right_foot_index,0.5,0.5,0.0,540.0,960.0,0.5
4f3dc90e-0e11-4fbb-a481-7f0e76f5fa64,281,9.366666666666667,nose,0.5,0.5,0.0,540.0,960.0,0.5
4f3dc90e-0e11-4fbb-a481-7f0e76f5fa64,281,9.366666666666667,left_shoulder,0.5,0.5,0.0,540.0,960.0,0.5
4f3dc90e-0e11-4fbb-a481-7f0e76f5fa64,281,9.366666666666667,right_shoulder,0.5,0.5,0.0,540.0,960.0,0.5
4f3dc90e-0e11-4fbb-a481-7f0e76f5fa64,281,9.366666666666667,left_elbow,0.5,0.5,0.0,540.0,960.0,0.5
4f3dc90e-0e11-4fbb-a481-7f0e76f5fa64,281,9.366666666666667,right_elbow,0.5,0.5,0.0,540.0,960.0,0.5
4f3dc90e-0e11-4fbb-a481-7f0e76f5fa64,281,9.366666666666667,left_wrist,0.5,0.5,0.0,540.0,960.0,0.5
4f3dc90e-0e11-4fbb-a481-7f0e76f5fa64,281,9.366666666666667,right_wrist,0.5,0.5,0.0,540.0,960.0,0.5
4f3dc90e-0e11-4fbb-a481-7f0e76f5fa64,281,9.366666666666667,left_hip,0.5,0.5,0.0,540.0,960.0,0.5
4f3dc90e-0e11-4fbb-a481-7f0e76f5fa64,281,9.366666666666667,right_hip,0.5,0.5,0.0,540.0,960.0,0.5
4f3dc90e-0e11-4fbb-a481-7f0e76f5fa64,281,9.366666666666667,left_knee,0.5,0.5,0.0,540.0,960.0,0.5
4f3dc90e-0e11-4fbb-a481-7f0e76f5fa64,281,9.366666666666667,right_knee,0.5,0.5,0.0,540.0,960.0,0.5
4f3dc90e-0e11-4fbb-a481-7f0e76f5fa64,281,9.366666666666667,left_ankle,0.5,0.5,0.0,540.0,960.0,0.5
4f3dc90e-0e11-4fbb-a481-7f0e76f5fa64,281,9.366666666666667,right_ankle,0.5,0.5,0.0,540.0,960.0,0.5
4f3dc90e-0e11-4fbb-a481-7f0e76f5fa64,281,9.366666666666667,left_heel,0.5,0.5,0.0,540.0,960.0,0.5
4f3dc90e-0e11-4fbb-a481-7f0e76f5fa64,281,9.366666666666667,right_heel,0.5,0.5,0.0,540.0,960.0,0.5
4f3dc90e-0e11-4fbb-a481-7f0e76f5fa64,281,9.366666666666667,left_foot_index,0.5,0.5,0.0,540.0,960.0,0.5
4f3dc90e-0e11-4fbb-a481-7f0e76f5fa64,281,9.366666666666667,right_foot_index,0.5,0.5,0.0,540.0,960.0,0.5
4f3dc90e-0e11-4fbb-a481-7f0e76f5fa64,282,9.4,nose,0.5,0.5,0.0,540.0,960.0,0.5
4f3dc90e-0e11-4fbb-a481-7f0e76f5fa64,282,9.4,left_shoulder,0.5,0.5,0.0,540.0,960.0,0.5
4f3dc90e-0e11-4fbb-a481-7f0e76f5fa64,282,9.4,right_shoulder,0.5,0.5,0.0,540.0,960.0,0.5
4f3dc90e-0e11-4fbb-a481-7f0e76f5fa64,282,9.4,left_elbow,0.5,0.5,0.0,540.0,960.0,0.5
4f3dc90e-0e11-4fbb-a481-7f0e76f5fa64,282,9.4,right_elbow,0.5,0.5,0.0,540.0,960.0,0.5
4f3dc90e-0e11-4fbb-a481-7f0e76f5fa64,282,9.4,left_wrist,0.5,0.5,0.0,540.0,960.0,0.5
4f3dc90e-0e11-4fbb-a481-7f0e76f5fa64,282,9.4,right_wrist,0.5,0.5,0.0,540.0,960.0,0.5
4f3dc90e-0e11-4fbb-a481-7f0e76f5fa64,282,9.4,left_hip,0.5,0.5,0.0,540.0,960.0,0.5
4f3dc90e-0e11-4fbb-a481-7f0e76f5fa64,282,9.4,right_hip,0.5,0.5,0.0,540.0,960.0,0.5
4f3dc90e-0e11-4fbb-a481-7f0e76f5fa64,282,9.4,left_knee,0.5,0.5,0.0,540.0,960.0,0.5
4f3dc90e-0e11-4fbb-a481-7f0e76f5fa64,282,9.4,right_knee,0.5,0.5,0.0,540.0,960.0,0.5
4f3dc90e-0e11-4fbb-a481-7f0e76f5fa64,282,9.4,left_ankle,0.5,0.5,0.0,540.0,960.0,0.5
4f3dc90e-0e11-4fbb-a481-7f0e76f5fa64,282,9.4,right_ankle,0.5,0.5,0.0,540.0,960.0,0.5
4f3dc90e-0e11-4fbb-a481-7f0e76f5fa64,282,9.4,left_heel,0.5,0.5,0.0,540.0,960.0,0.5
4f3dc90e-0e11-4fbb-a481-7f0e76f5fa64,282,9.4,right_heel,0.5,0.5,0.0,540.0,960.0,0.5
4f3dc90e-0e11-4fbb-a481-7f0e76f5fa64,282,9.4,left_foot_index,0.5,0.5,0.0,540.0,960.0,0.5
4f3dc90e-0e11-4fbb-a481-7f0e76f5fa64,282,9.4,right_foot_index,0.5,0.5,0.0,540.0,960.0,0.5
4f3dc90e-0e11-4fbb-a481-7f0e76f5fa64,283,9.433333333333334,nose,0.5,0.5,0.0,540.0,960.0,0.5
4f3dc90e-0e11-4fbb-a481-7f0e76f5fa64,283,9.433333333333334,left_shoulder,0.5,0.5,0.0,540.0,960.0,0.5
4f3dc90e-0e11-4fbb-a481-7f0e76f5fa64,283,9.433333333333334,right_shoulder,0.5,0.5,0.0,540.0,960.0,0.5
4f3dc90e-0e11-4fbb-a481-7f0e76f5fa64,283,9.433333333333334,left_elbow,0.5,0.5,0.0,540.0,960.0,0.5
4f3dc90e-0e11-4fbb-a481-7f0e76f5fa64,283,9.433333333333334,right_elbow,0.5,0.5,0.0,540.0,960.0,0.5
4f3dc90e-0e11-4fbb-a481-7f0e76f5fa64,283,9.433333333333334,left_wrist,0.5,0.5,0.0,540.0,960.0,0.5
4f3dc90e-0e11-4fbb-a481-7f0e76f5fa64,283,9.433333333333334,right_wrist,0.5,0.5,0.0,540.0,960.0,0.5
4f3dc90e-0e11-4fbb-a481-7f0e76f5fa64,283,9.433333333333334,left_hip,0.5,0.5,0.0,540.0,960.0,0.5
4f3dc90e-0e11-4fbb-a481-7f0e76f5fa64,283,9.433333333333334,right_hip,0.5,0.5,0.0,540.0,960.0,0.5
4f3dc90e-0e11-4fbb-a481-7f0e76f5fa64,283,9.433333333333334,left_knee,0.5,0.5,0.0,540.0,960.0,0.5
4f3dc90e-0e11-4fbb-a481-7f0e76f5fa64,283,9.433333333333334,right_knee,0.5,0.5,0.0,540.0,960.0,0.5
4f3dc90e-0e11-4fbb-a481-7f0e76f5fa64,283,9.433333333333334,left_ankle,0.5,0.5,0.0,540.0,960.0,0.5
4f3dc90e-0e11-4fbb-a481-7f0e76f5fa64,283,9.433333333333334,right_ankle,0.5,0.5,0.0,540.0,960.0,0.5
4f3dc90e-0e11-4fbb-a481-7f0e76f5fa64,283,9.433333333333334,left_heel,0.5,0.5,0.0,540.0,960.0,0.5
4f3dc90e-0e11-4fbb-a481-7f0e76f5fa64,283,9.433333333333334,right_heel,0.5,0.5,0.0,540.0,960.0,0.5
4f3dc90e-0e11-4fbb-a481-7f0e76f5fa64,283,9.433333333333334,left_foot_index,0.5,0.5,0.0,540.0,960.0,0.5
4f3dc90e-0e11-4fbb-a481-7f0e76f5fa64,283,9.433333333333334,right_foot_index,0.5,0.5,0.0,540.0,960.0,0.5
4f3dc90e-0e11-4fbb-a481-7f0e76f5fa64,284,9.466666666666667,nose,0.5,0.5,0.0,540.0,960.0,0.5
4f3dc90e-0e11-4fbb-a481-7f0e76f5fa64,284,9.466666666666667,left_shoulder,0.5,0.5,0.0,540.0,960.0,0.5
4f3dc90e-0e11-4fbb-a481-7f0e76f5fa64,284,9.466666666666667,right_shoulder,0.5,0.5,0.0,540.0,960.0,0.5
4f3dc90e-0e11-4fbb-a481-7f0e76f5fa64,284,9.466666666666667,left_elbow,0.5,0.5,0.0,540.0,960.0,0.5
4f3dc90e-0e11-4fbb-a481-7f0e76f5fa64,284,9.466666666666667,right_elbow,0.5,0.5,0.0,540.0,960.0,0.5
4f3dc90e-0e11-4fbb-a481-7f0e76f5fa64,284,9.466666666666667,left_wrist,0.5,0.5,0.0,540.0,960.0,0.5
4f3dc90e-0e11-4fbb-a481-7f0e76f5fa64,284,9.466666666666667,right_wrist,0.5,0.5,0.0,540.0,960.0,0.5
4f3dc90e-0e11-4fbb-a481-7f0e76f5fa64,284,9.466666666666667,left_hip,0.5,0.5,0.0,540.0,960.0,0.5
4f3dc90e-0e11-4fbb-a481-7f0e76f5fa64,284,9.466666666666667,right_hip,0.5,0.5,0.0,540.0,960.0,0.5
4f3dc90e-0e11-4fbb-a481-7f0e76f5fa64,284,9.466666666666667,left_knee,0.5,0.5,0.0,540.0,960.0,0.5
4f3dc90e-0e11-4fbb-a481-7f0e76f5fa64,284,9.466666666666667,right_knee,0.5,0.5,0.0,540.0,960.0,0.5
4f3dc90e-0e11-4fbb-a481-7f0e76f5fa64,284,9.466666666666667,left_ankle,0.5,0.5,0.0,540.0,960.0,0.5
4f3dc90e-0e11-4fbb-a481-7f0e76f5fa64,284,9.466666666666667,right_ankle,0.5,0.5,0.0,540.0,960.0,0.5
4f3dc90e-0e11-4fbb-a481-7f0e76f5fa64,284,9.466666666666667,left_heel,0.5,0.5,0.0,540.0,960.0,0.5
4f3dc90e-0e11-4fbb-a481-7f0e76f5fa64,284,9.466666666666667,right_heel,0.5,0.5,0.0,540.0,960.0,0.5
4f3dc90e-0e11-4fbb-a481-7f0e76f5fa64,284,9.466666666666667,left_foot_index,0.5,0.5,0.0,540.0,960.0,0.5
4f3dc90e-0e11-4fbb-a481-7f0e76f5fa64,284,9.466666666666667,right_foot_index,0.5,0.5,0.0,540.0,960.0,0.5
4f3dc90e-0e11-4fbb-a481-7f0e76f5fa64,285,9.5,nose,0.5,0.5,0.0,540.0,960.0,0.5
4f3dc90e-0e11-4fbb-a481-7f0e76f5fa64,285,9.5,left_shoulder,0.5,0.5,0.0,540.0,960.0,0.5
4f3dc90e-0e11-4fbb-a481-7f0e76f5fa64,285,9.5,right_shoulder,0.5,0.5,0.0,540.0,960.0,0.5
4f3dc90e-0e11-4fbb-a481-7f0e76f5fa64,285,9.5,left_elbow,0.5,0.5,0.0,540.0,960.0,0.5
4f3dc90e-0e11-4fbb-a481-7f0e76f5fa64,285,9.5,right_elbow,0.5,0.5,0.0,540.0,960.0,0.5
4f3dc90e-0e11-4fbb-a481-7f0e76f5fa64,285,9.5,left_wrist,0.5,0.5,0.0,540.0,960.0,0.5
4f3dc90e-0e11-4fbb-a481-7f0e76f5fa64,285,9.5,right_wrist,0.5,0.5,0.0,540.0,960.0,0.5
4f3dc90e-0e11-4fbb-a481-7f0e76f5fa64,285,9.5,left_hip,0.5,0.5,0.0,540.0,960.0,0.5
4f3dc90e-0e11-4fbb-a481-7f0e76f5fa64,285,9.5,right_hip,0.5,0.5,0.0,540.0,960.0,0.5
4f3dc90e-0e11-4fbb-a481-7f0e76f5fa64,285,9.5,left_knee,0.5,0.5,0.0,540.0,960.0,0.5
4f3dc90e-0e11-4fbb-a481-7f0e76f5fa64,285,9.5,right_knee,0.5,0.5,0.0,540.0,960.0,0.5
4f3dc90e-0e11-4fbb-a481-7f0e76f5fa64,285,9.5,left_ankle,0.5,0.5,0.0,540.0,960.0,0.5
4f3dc90e-0e11-4fbb-a481-7f0e76f5fa64,285,9.5,right_ankle,0.5,0.5,0.0,540.0,960.0,0.5
4f3dc90e-0e11-4fbb-a481-7f0e76f5fa64,285,9.5,left_heel,0.5,0.5,0.0,540.0,960.0,0.5
4f3dc90e-0e11-4fbb-a481-7f0e76f5fa64,285,9.5,right_heel,0.5,0.5,0.0,540.0,960.0,0.5
4f3dc90e-0e11-4fbb-a481-7f0e76f5fa64,285,9.5,left_foot_index,0.5,0.5,0.0,540.0,960.0,0.5
4f3dc90e-0e11-4fbb-a481-7f0e76f5fa64,285,9.5,right_foot_index,0.5,0.5,0.0,540.0,960.0,0.5
4f3dc90e-0e11-4fbb-a481-7f0e76f5fa64,286,9.533333333333333,nose,0.5,0.5,0.0,540.0,960.0,0.5
4f3dc90e-0e11-4fbb-a481-7f0e76f5fa64,286,9.533333333333333,left_shoulder,0.5,0.5,0.0,540.0,960.0,0.5
4f3dc90e-0e11-4fbb-a481-7f0e76f5fa64,286,9.533333333333333,right_shoulder,0.5,0.5,0.0,540.0,960.0,0.5
4f3dc90e-0e11-4fbb-a481-7f0e76f5fa64,286,9.533333333333333,left_elbow,0.5,0.5,0.0,540.0,960.0,0.5
4f3dc90e-0e11-4fbb-a481-7f0e76f5fa64,286,9.533333333333333,right_elbow,0.5,0.5,0.0,540.0,960.0,0.5
4f3dc90e-0e11-4fbb-a481-7f0e76f5fa64,286,9.533333333333333,left_wrist,0.5,0.5,0.0,540.0,960.0,0.5
4f3dc90e-0e11-4fbb-a481-7f0e76f5fa64,286,9.533333333333333,right_wrist,0.5,0.5,0.0,540.0,960.0,0.5
4f3dc90e-0e11-4fbb-a481-7f0e76f5fa64,286,9.533333333333333,left_hip,0.5,0.5,0.0,540.0,960.0,0.5
4f3dc90e-0e11-4fbb-a481-7f0e76f5fa64,286,9.533333333333333,right_hip,0.5,0.5,0.0,540.0,960.0,0.5
4f3dc90e-0e11-4fbb-a481-7f0e76f5fa64,286,9.533333333333333,left_knee,0.5,0.5,0.0,540.0,960.0,0.5
4f3dc90e-0e11-4fbb-a481-7f0e76f5fa64,286,9.533333333333333,right_knee,0.5,0.5,0.0,540.0,960.0,0.5
4f3dc90e-0e11-4fbb-a481-7f0e76f5fa64,286,9.533333333333333,left_ankle,0.5,0.5,0.0,540.0,960.0,0.5
4f3dc90e-0e11-4fbb-a481-7f0e76f5fa64,286,9.533333333333333,right_ankle,0.5,0.5,0.0,540.0,960.0,0.5
4f3dc90e-0e11-4fbb-a481-7f0e76f5fa64,286,9.533333333333333,left_heel,0.5,0.5,0.0,540.0,960.0,0.5
4f3dc90e-0e11-4fbb-a481-7f0e76f5fa64,286,9.533333333333333,right_heel,0.5,0.5,0.0,540.0,960.0,0.5
4f3dc90e-0e11-4fbb-a481-7f0e76f5fa64,286,9.533333333333333,left_foot_index,0.5,0.5,0.0,540.0,960.0,0.5
4f3dc90e-0e11-4fbb-a481-7f0e76f5fa64,286,9.533333333333333,right_foot_index,0.5,0.5,0.0,540.0,960.0,0.5
4f3dc90e-0e11-4fbb-a481-7f0e76f5fa64,287,9.566666666666666,nose,0.5,0.5,0.0,540.0,960.0,0.5
4f3dc90e-0e11-4fbb-a481-7f0e76f5fa64,287,9.566666666666666,left_shoulder,0.5,0.5,0.0,540.0,960.0,0.5
4f3dc90e-0e11-4fbb-a481-7f0e76f5fa64,287,9.566666666666666,right_shoulder,0.5,0.5,0.0,540.0,960.0,0.5
4f3dc90e-0e11-4fbb-a481-7f0e76f5fa64,287,9.566666666666666,left_elbow,0.5,0.5,0.0,540.0,960.0,0.5
4f3dc90e-0e11-4fbb-a481-7f0e76f5fa64,287,9.566666666666666,right_elbow,0.5,0.5,0.0,540.0,960.0,0.5
4f3dc90e-0e11-4fbb-a481-7f0e76f5fa64,287,9.566666666666666,left_wrist,0.5,0.5,0.0,540.0,960.0,0.5
4f3dc90e-0e11-4fbb-a481-7f0e76f5fa64,287,9.566666666666666,right_wrist,0.5,0.5,0.0,540.0,960.0,0.5
4f3dc90e-0e11-4fbb-a481-7f0e76f5fa64,287,9.566666666666666,left_hip,0.5,0.5,0.0,540.0,960.0,0.5
4f3dc90e-0e11-4fbb-a481-7f0e76f5fa64,287,9.566666666666666,right_hip,0.5,0.5,0.0,540.0,960.0,0.5
4f3dc90e-0e11-4fbb-a481-7f0e76f5fa64,287,9.566666666666666,left_knee,0.5,0.5,0.0,540.0,960.0,0.5
4f3dc90e-0e11-4fbb-a481-7f0e76f5fa64,287,9.566666666666666,right_knee,0.5,0.5,0.0,540.0,960.0,0.5
4f3dc90e-0e11-4fbb-a481-7f0e76f5fa64,287,9.566666666666666,left_ankle,0.5,0.5,0.0,540.0,960.0,0.5
4f3dc90e-0e11-4fbb-a481-7f0e76f5fa64,287,9.566666666666666,right_ankle,0.5,0.5,0.0,540.0,960.0,0.5
4f3dc90e-0e11-4fbb-a481-7f0e76f5fa64,287,9.566666666666666,left_heel,0.5,0.5,0.0,540.0,960.0,0.5
4f3dc90e-0e11-4fbb-a481-7f0e76f5fa64,287,9.566666666666666,right_heel,0.5,0.5,0.0,540.0,960.0,0.5
4f3dc90e-0e11-4fbb-a481-7f0e76f5fa64,287,9.566666666666666,left_foot_index,0.5,0.5,0.0,540.0,960.0,0.5
4f3dc90e-0e11-4fbb-a481-7f0e76f5fa64,287,9.566666666666666,right_foot_index,0.5,0.5,0.0,540.0,960.0,0.5
4f3dc90e-0e11-4fbb-a481-7f0e76f5fa64,288,9.6,nose,0.5,0.5,0.0,540.0,960.0,0.5
4f3dc90e-0e11-4fbb-a481-7f0e76f5fa64,288,9.6,left_shoulder,0.5,0.5,0.0,540.0,960.0,0.5
4f3dc90e-0e11-4fbb-a481-7f0e76f5fa64,288,9.6,right_shoulder,0.5,0.5,0.0,540.0,960.0,0.5
4f3dc90e-0e11-4fbb-a481-7f0e76f5fa64,288,9.6,left_elbow,0.5,0.5,0.0,540.0,960.0,0.5
4f3dc90e-0e11-4fbb-a481-7f0e76f5fa64,288,9.6,right_elbow,0.5,0.5,0.0,540.0,960.0,0.5
4f3dc90e-0e11-4fbb-a481-7f0e76f5fa64,288,9.6,left_wrist,0.5,0.5,0.0,540.0,960.0,0.5
4f3dc90e-0e11-4fbb-a481-7f0e76f5fa64,288,9.6,right_wrist,0.5,0.5,0.0,540.0,960.0,0.5
4f3dc90e-0e11-4fbb-a481-7f0e76f5fa64,288,9.6,left_hip,0.5,0.5,0.0,540.0,960.0,0.5
4f3dc90e-0e11-4fbb-a481-7f0e76f5fa64,288,9.6,right_hip,0.5,0.5,0.0,540.0,960.0,0.5
4f3dc90e-0e11-4fbb-a481-7f0e76f5fa64,288,9.6,left_knee,0.5,0.5,0.0,540.0,960.0,0.5
4f3dc90e-0e11-4fbb-a481-7f0e76f5fa64,288,9.6,right_knee,0.5,0.5,0.0,540.0,960.0,0.5
4f3dc90e-0e11-4fbb-a481-7f0e76f5fa64,288,9.6,left_ankle,0.5,0.5,0.0,540.0,960.0,0.5
4f3dc90e-0e11-4fbb-a481-7f0e76f5fa64,288,9.6,right_ankle,0.5,0.5,0.0,540.0,960.0,0.5
4f3dc90e-0e11-4fbb-a481-7f0e76f5fa64,288,9.6,left_heel,0.5,0.5,0.0,540.0,960.0,0.5
4f3dc90e-0e11-4fbb-a481-7f0e76f5fa64,288,9.6,right_heel,0.5,0.5,0.0,540.0,960.0,0.5
4f3dc90e-0e11-4fbb-a481-7f0e76f5fa64,288,9.6,left_foot_index,0.5,0.5,0.0,540.0,960.0,0.5
4f3dc90e-0e11-4fbb-a481-7f0e76f5fa64,288,9.6,right_foot_index,0.5,0.5,0.0,540.0,960.0,0.5
4f3dc90e-0e11-4fbb-a481-7f0e76f5fa64,289,9.633333333333333,nose,0.5,0.5,0.0,540.0,960.0,0.5
4f3dc90e-0e11-4fbb-a481-7f0e76f5fa64,289,9.633333333333333,left_shoulder,0.5,0.5,0.0,540.0,960.0,0.5
4f3dc90e-0e11-4fbb-a481-7f0e76f5fa64,289,9.633333333333333,right_shoulder,0.5,0.5,0.0,540.0,960.0,0.5
4f3dc90e-0e11-4fbb-a481-7f0e76f5fa64,289,9.633333333333333,left_elbow,0.5,0.5,0.0,540.0,960.0,0.5
4f3dc90e-0e11-4fbb-a481-7f0e76f5fa64,289,9.633333333333333,right_elbow,0.5,0.5,0.0,540.0,960.0,0.5
4f3dc90e-0e11-4fbb-a481-7f0e76f5fa64,289,9.633333333333333,left_wrist,0.5,0.5,0.0,540.0,960.0,0.5
4f3dc90e-0e11-4fbb-a481-7f0e76f5fa64,289,9.633333333333333,right_wrist,0.5,0.5,0.0,540.0,960.0,0.5
4f3dc90e-0e11-4fbb-a481-7f0e76f5fa64,289,9.633333333333333,left_hip,0.5,0.5,0.0,540.0,960.0,0.5
4f3dc90e-0e11-4fbb-a481-7f0e76f5fa64,289,9.633333333333333,right_hip,0.5,0.5,0.0,540.0,960.0,0.5
4f3dc90e-0e11-4fbb-a481-7f0e76f5fa64,289,9.633333333333333,left_knee,0.5,0.5,0.0,540.0,960.0,0.5
4f3dc90e-0e11-4fbb-a481-7f0e76f5fa64,289,9.633333333333333,right_knee,0.5,0.5,0.0,540.0,960.0,0.5
4f3dc90e-0e11-4fbb-a481-7f0e76f5fa64,289,9.633333333333333,left_ankle,0.5,0.5,0.0,540.0,960.0,0.5
4f3dc90e-0e11-4fbb-a481-7f0e76f5fa64,289,9.633333333333333,right_ankle,0.5,0.5,0.0,540.0,960.0,0.5
4f3dc90e-0e11-4fbb-a481-7f0e76f5fa64,289,9.633333333333333,left_heel,0.5,0.5,0.0,540.0,960.0,0.5
4f3dc90e-0e11-4fbb-a481-7f0e76f5fa64,289,9.633333333333333,right_heel,0.5,0.5,0.0,540.0,960.0,0.5
4f3dc90e-0e11-4fbb-a481-7f0e76f5fa64,289,9.633333333333333,left_foot_index,0.5,0.5,0.0,540.0,960.0,0.5
4f3dc90e-0e11-4fbb-a481-7f0e76f5fa64,289,9.633333333333333,right_foot_index,0.5,0.5,0.0,540.0,960.0,0.5
4f3dc90e-0e11-4fbb-a481-7f0e76f5fa64,290,9.666666666666666,nose,0.5,0.5,0.0,540.0,960.0,0.5
4f3dc90e-0e11-4fbb-a481-7f0e76f5fa64,290,9.666666666666666,left_shoulder,0.5,0.5,0.0,540.0,960.0,0.5
4f3dc90e-0e11-4fbb-a481-7f0e76f5fa64,290,9.666666666666666,right_shoulder,0.5,0.5,0.0,540.0,960.0,0.5
4f3dc90e-0e11-4fbb-a481-7f0e76f5fa64,290,9.666666666666666,left_elbow,0.5,0.5,0.0,540.0,960.0,0.5
4f3dc90e-0e11-4fbb-a481-7f0e76f5fa64,290,9.666666666666666,right_elbow,0.5,0.5,0.0,540.0,960.0,0.5
4f3dc90e-0e11-4fbb-a481-7f0e76f5fa64,290,9.666666666666666,left_wrist,0.5,0.5,0.0,540.0,960.0,0.5
4f3dc90e-0e11-4fbb-a481-7f0e76f5fa64,290,9.666666666666666,right_wrist,0.5,0.5,0.0,540.0,960.0,0.5
4f3dc90e-0e11-4fbb-a481-7f0e76f5fa64,290,9.666666666666666,left_hip,0.5,0.5,0.0,540.0,960.0,0.5
4f3dc90e-0e11-4fbb-a481-7f0e76f5fa64,290,9.666666666666666,right_hip,0.5,0.5,0.0,540.0,960.0,0.5
4f3dc90e-0e11-4fbb-a481-7f0e76f5fa64,290,9.666666666666666,left_knee,0.5,0.5,0.0,540.0,960.0,0.5
4f3dc90e-0e11-4fbb-a481-7f0e76f5fa64,290,9.666666666666666,right_knee,0.5,0.5,0.0,540.0,960.0,0.5
4f3dc90e-0e11-4fbb-a481-7f0e76f5fa64,290,9.666666666666666,left_ankle,0.5,0.5,0.0,540.0,960.0,0.5
4f3dc90e-0e11-4fbb-a481-7f0e76f5fa64,290,9.666666666666666,right_ankle,0.5,0.5,0.0,540.0,960.0,0.5
4f3dc90e-0e11-4fbb-a481-7f0e76f5fa64,290,9.666666666666666,left_heel,0.5,0.5,0.0,540.0,960.0,0.5
4f3dc90e-0e11-4fbb-a481-7f0e76f5fa64,290,9.666666666666666,right_heel,0.5,0.5,0.0,540.0,960.0,0.5
4f3dc90e-0e11-4fbb-a481-7f0e76f5fa64,290,9.666666666666666,left_foot_index,0.5,0.5,0.0,540.0,960.0,0.5
4f3dc90e-0e11-4fbb-a481-7f0e76f5fa64,290,9.666666666666666,right_foot_index,0.5,0.5,0.0,540.0,960.0,0.5
4f3dc90e-0e11-4fbb-a481-7f0e76f5fa64,291,9.7,nose,0.5,0.5,0.0,540.0,960.0,0.5
4f3dc90e-0e11-4fbb-a481-7f0e76f5fa64,291,9.7,left_shoulder,0.5,0.5,0.0,540.0,960.0,0.5
4f3dc90e-0e11-4fbb-a481-7f0e76f5fa64,291,9.7,right_shoulder,0.5,0.5,0.0,540.0,960.0,0.5
4f3dc90e-0e11-4fbb-a481-7f0e76f5fa64,291,9.7,left_elbow,0.5,0.5,0.0,540.0,960.0,0.5
4f3dc90e-0e11-4fbb-a481-7f0e76f5fa64,291,9.7,right_elbow,0.5,0.5,0.0,540.0,960.0,0.5
4f3dc90e-0e11-4fbb-a481-7f0e76f5fa64,291,9.7,left_wrist,0.5,0.5,0.0,540.0,960.0,0.5
4f3dc90e-0e11-4fbb-a481-7f0e76f5fa64,291,9.7,right_wrist,0.5,0.5,0.0,540.0,960.0,0.5
4f3dc90e-0e11-4fbb-a481-7f0e76f5fa64,291,9.7,left_hip,0.5,0.5,0.0,540.0,960.0,0.5
4f3dc90e-0e11-4fbb-a481-7f0e76f5fa64,291,9.7,right_hip,0.5,0.5,0.0,540.0,960.0,0.5
4f3dc90e-0e11-4fbb-a481-7f0e76f5fa64,291,9.7,left_knee,0.5,0.5,0.0,540.0,960.0,0.5
4f3dc90e-0e11-4fbb-a481-7f0e76f5fa64,291,9.7,right_knee,0.5,0.5,0.0,540.0,960.0,0.5
4f3dc90e-0e11-4fbb-a481-7f0e76f5fa64,291,9.7,left_ankle,0.5,0.5,0.0,540.0,960.0,0.5
4f3dc90e-0e11-4fbb-a481-7f0e76f5fa64,291,9.7,right_ankle,0.5,0.5,0.0,540.0,960.0,0.5
4f3dc90e-0e11-4fbb-a481-7f0e76f5fa64,291,9.7,left_heel,0.5,0.5,0.0,540.0,960.0,0.5
4f3dc90e-0e11-4fbb-a481-7f0e76f5fa64,291,9.7,right_heel,0.5,0.5,0.0,540.0,960.0,0.5
4f3dc90e-0e11-4fbb-a481-7f0e76f5fa64,291,9.7,left_foot_index,0.5,0.5,0.0,540.0,960.0,0.5
4f3dc90e-0e11-4fbb-a481-7f0e76f5fa64,291,9.7,right_foot_index,0.5,0.5,0.0,540.0,960.0,0.5
4f3dc90e-0e11-4fbb-a481-7f0e76f5fa64,292,9.733333333333333,nose,0.5,0.5,0.0,540.0,960.0,0.5
4f3dc90e-0e11-4fbb-a481-7f0e76f5fa64,292,9.733333333333333,left_shoulder,0.5,0.5,0.0,540.0,960.0,0.5
4f3dc90e-0e11-4fbb-a481-7f0e76f5fa64,292,9.733333333333333,right_shoulder,0.5,0.5,0.0,540.0,960.0,0.5
4f3dc90e-0e11-4fbb-a481-7f0e76f5fa64,292,9.733333333333333,left_elbow,0.5,0.5,0.0,540.0,960.0,0.5
4f3dc90e-0e11-4fbb-a481-7f0e76f5fa64,292,9.733333333333333,right_elbow,0.5,0.5,0.0,540.0,960.0,0.5
4f3dc90e-0e11-4fbb-a481-7f0e76f5fa64,292,9.733333333333333,left_wrist,0.5,0.5,0.0,540.0,960.0,0.5
4f3dc90e-0e11-4fbb-a481-7f0e76f5fa64,292,9.733333333333333,right_wrist,0.5,0.5,0.0,540.0,960.0,0.5
4f3dc90e-0e11-4fbb-a481-7f0e76f5fa64,292,9.733333333333333,left_hip,0.5,0.5,0.0,540.0,960.0,0.5
4f3dc90e-0e11-4fbb-a481-7f0e76f5fa64,292,9.733333333333333,right_hip,0.5,0.5,0.0,540.0,960.0,0.5
4f3dc90e-0e11-4fbb-a481-7f0e76f5fa64,292,9.733333333333333,left_knee,0.5,0.5,0.0,540.0,960.0,0.5
4f3dc90e-0e11-4fbb-a481-7f0e76f5fa64,292,9.733333333333333,right_knee,0.5,0.5,0.0,540.0,960.0,0.5
4f3dc90e-0e11-4fbb-a481-7f0e76f5fa64,292,9.733333333333333,left_ankle,0.5,0.5,0.0,540.0,960.0,0.5
4f3dc90e-0e11-4fbb-a481-7f0e76f5fa64,292,9.733333333333333,right_ankle,0.5,0.5,0.0,540.0,960.0,0.5
4f3dc90e-0e11-4fbb-a481-7f0e76f5fa64,292,9.733333333333333,left_heel,0.5,0.5,0.0,540.0,960.0,0.5
4f3dc90e-0e11-4fbb-a481-7f0e76f5fa64,292,9.733333333333333,right_heel,0.5,0.5,0.0,540.0,960.0,0.5
4f3dc90e-0e11-4fbb-a481-7f0e76f5fa64,292,9.733333333333333,left_foot_index,0.5,0.5,0.0,540.0,960.0,0.5
4f3dc90e-0e11-4fbb-a481-7f0e76f5fa64,292,9.733333333333333,right_foot_index,0.5,0.5,0.0,540.0,960.0,0.5
4f3dc90e-0e11-4fbb-a481-7f0e76f5fa64,293,9.766666666666667,nose,0.5,0.5,0.0,540.0,960.0,0.5
4f3dc90e-0e11-4fbb-a481-7f0e76f5fa64,293,9.766666666666667,left_shoulder,0.5,0.5,0.0,540.0,960.0,0.5
4f3dc90e-0e11-4fbb-a481-7f0e76f5fa64,293,9.766666666666667,right_shoulder,0.5,0.5,0.0,540.0,960.0,0.5
4f3dc90e-0e11-4fbb-a481-7f0e76f5fa64,293,9.766666666666667,left_elbow,0.5,0.5,0.0,540.0,960.0,0.5
4f3dc90e-0e11-4fbb-a481-7f0e76f5fa64,293,9.766666666666667,right_elbow,0.5,0.5,0.0,540.0,960.0,0.5
4f3dc90e-0e11-4fbb-a481-7f0e76f5fa64,293,9.766666666666667,left_wrist,0.5,0.5,0.0,540.0,960.0,0.5
4f3dc90e-0e11-4fbb-a481-7f0e76f5fa64,293,9.766666666666667,right_wrist,0.5,0.5,0.0,540.0,960.0,0.5
4f3dc90e-0e11-4fbb-a481-7f0e76f5fa64,293,9.766666666666667,left_hip,0.5,0.5,0.0,540.0,960.0,0.5
4f3dc90e-0e11-4fbb-a481-7f0e76f5fa64,293,9.766666666666667,right_hip,0.5,0.5,0.0,540.0,960.0,0.5
4f3dc90e-0e11-4fbb-a481-7f0e76f5fa64,293,9.766666666666667,left_knee,0.5,0.5,0.0,540.0,960.0,0.5
4f3dc90e-0e11-4fbb-a481-7f0e76f5fa64,293,9.766666666666667,right_knee,0.5,0.5,0.0,540.0,960.0,0.5
4f3dc90e-0e11-4fbb-a481-7f0e76f5fa64,293,9.766666666666667,left_ankle,0.5,0.5,0.0,540.0,960.0,0.5
4f3dc90e-0e11-4fbb-a481-7f0e76f5fa64,293,9.766666666666667,right_ankle,0.5,0.5,0.0,540.0,960.0,0.5
4f3dc90e-0e11-4fbb-a481-7f0e76f5fa64,293,9.766666666666667,left_heel,0.5,0.5,0.0,540.0,960.0,0.5
4f3dc90e-0e11-4fbb-a481-7f0e76f5fa64,293,9.766666666666667,right_heel,0.5,0.5,0.0,540.0,960.0,0.5
4f3dc90e-0e11-4fbb-a481-7f0e76f5fa64,293,9.766666666666667,left_foot_index,0.5,0.5,0.0,540.0,960.0,0.5
4f3dc90e-0e11-4fbb-a481-7f0e76f5fa64,293,9.766666666666667,right_foot_index,0.5,0.5,0.0,540.0,960.0,0.5
4f3dc90e-0e11-4fbb-a481-7f0e76f5fa64,294,9.8,nose,0.5,0.5,0.0,540.0,960.0,0.5
4f3dc90e-0e11-4fbb-a481-7f0e76f5fa64,294,9.8,left_shoulder,0.5,0.5,0.0,540.0,960.0,0.5
4f3dc90e-0e11-4fbb-a481-7f0e76f5fa64,294,9.8,right_shoulder,0.5,0.5,0.0,540.0,960.0,0.5
4f3dc90e-0e11-4fbb-a481-7f0e76f5fa64,294,9.8,left_elbow,0.5,0.5,0.0,540.0,960.0,0.5
4f3dc90e-0e11-4fbb-a481-7f0e76f5fa64,294,9.8,right_elbow,0.5,0.5,0.0,540.0,960.0,0.5
4f3dc90e-0e11-4fbb-a481-7f0e76f5fa64,294,9.8,left_wrist,0.5,0.5,0.0,540.0,960.0,0.5
4f3dc90e-0e11-4fbb-a481-7f0e76f5fa64,294,9.8,right_wrist,0.5,0.5,0.0,540.0,960.0,0.5
4f3dc90e-0e11-4fbb-a481-7f0e76f5fa64,294,9.8,left_hip,0.5,0.5,0.0,540.0,960.0,0.5
4f3dc90e-0e11-4fbb-a481-7f0e76f5fa64,294,9.8,right_hip,0.5,0.5,0.0,540.0,960.0,0.5
4f3dc90e-0e11-4fbb-a481-7f0e76f5fa64,294,9.8,left_knee,0.5,0.5,0.0,540.0,960.0,0.5
4f3dc90e-0e11-4fbb-a481-7f0e76f5fa64,294,9.8,right_knee,0.5,0.5,0.0,540.0,960.0,0.5
4f3dc90e-0e11-4fbb-a481-7f0e76f5fa64,294,9.8,left_ankle,0.5,0.5,0.0,540.0,960.0,0.5
4f3dc90e-0e11-4fbb-a481-7f0e76f5fa64,294,9.8,right_ankle,0.5,0.5,0.0,540.0,960.0,0.5
4f3dc90e-0e11-4fbb-a481-7f0e76f5fa64,294,9.8,left_heel,0.5,0.5,0.0,540.0,960.0,0.5
4f3dc90e-0e11-4fbb-a481-7f0e76f5fa64,294,9.8,right_heel,0.5,0.5,0.0,540.0,960.0,0.5
4f3dc90e-0e11-4fbb-a481-7f0e76f5fa64,294,9.8,left_foot_index,0.5,0.5,0.0,540.0,960.0,0.5
4f3dc90e-0e11-4fbb-a481-7f0e76f5fa64,294,9.8,right_foot_index,0.5,0.5,0.0,540.0,960.0,0.5
4f3dc90e-0e11-4fbb-a481-7f0e76f5fa64,295,9.833333333333334,nose,0.5,0.5,0.0,540.0,960.0,0.5
4f3dc90e-0e11-4fbb-a481-7f0e76f5fa64,295,9.833333333333334,left_shoulder,0.5,0.5,0.0,540.0,960.0,0.5
4f3dc90e-0e11-4fbb-a481-7f0e76f5fa64,295,9.833333333333334,right_shoulder,0.5,0.5,0.0,540.0,960.0,0.5
4f3dc90e-0e11-4fbb-a481-7f0e76f5fa64,295,9.833333333333334,left_elbow,0.5,0.5,0.0,540.0,960.0,0.5
4f3dc90e-0e11-4fbb-a481-7f0e76f5fa64,295,9.833333333333334,right_elbow,0.5,0.5,0.0,540.0,960.0,0.5
4f3dc90e-0e11-4fbb-a481-7f0e76f5fa64,295,9.833333333333334,left_wrist,0.5,0.5,0.0,540.0,960.0,0.5
4f3dc90e-0e11-4fbb-a481-7f0e76f5fa64,295,9.833333333333334,right_wrist,0.5,0.5,0.0,540.0,960.0,0.5
4f3dc90e-0e11-4fbb-a481-7f0e76f5fa64,295,9.833333333333334,left_hip,0.5,0.5,0.0,540.0,960.0,0.5
4f3dc90e-0e11-4fbb-a481-7f0e76f5fa64,295,9.833333333333334,right_hip,0.5,0.5,0.0,540.0,960.0,0.5
4f3dc90e-0e11-4fbb-a481-7f0e76f5fa64,295,9.833333333333334,left_knee,0.5,0.5,0.0,540.0,960.0,0.5
4f3dc90e-0e11-4fbb-a481-7f0e76f5fa64,295,9.833333333333334,right_knee,0.5,0.5,0.0,540.0,960.0,0.5
4f3dc90e-0e11-4fbb-a481-7f0e76f5fa64,295,9.833333333333334,left_ankle,0.5,0.5,0.0,540.0,960.0,0.5
4f3dc90e-0e11-4fbb-a481-7f0e76f5fa64,295,9.833333333333334,right_ankle,0.5,0.5,0.0,540.0,960.0,0.5
4f3dc90e-0e11-4fbb-a481-7f0e76f5fa64,295,9.833333333333334,left_heel,0.5,0.5,0.0,540.0,960.0,0.5
4f3dc90e-0e11-4fbb-a481-7f0e76f5fa64,295,9.833333333333334,right_heel,0.5,0.5,0.0,540.0,960.0,0.5
4f3dc90e-0e11-4fbb-a481-7f0e76f5fa64,295,9.833333333333334,left_foot_index,0.5,0.5,0.0,540.0,960.0,0.5
4f3dc90e-0e11-4fbb-a481-7f0e76f5fa64,295,9.833333333333334,right_foot_index,0.5,0.5,0.0,540.0,960.0,0.5
4f3dc90e-0e11-4fbb-a481-7f0e76f5fa64,296,9.866666666666667,nose,0.5,0.5,0.0,540.0,960.0,0.5
4f3dc90e-0e11-4fbb-a481-7f0e76f5fa64,296,9.866666666666667,left_shoulder,0.5,0.5,0.0,540.0,960.0,0.5
4f3dc90e-0e11-4fbb-a481-7f0e76f5fa64,296,9.866666666666667,right_shoulder,0.5,0.5,0.0,540.0,960.0,0.5
4f3dc90e-0e11-4fbb-a481-7f0e76f5fa64,296,9.866666666666667,left_elbow,0.5,0.5,0.0,540.0,960.0,0.5
4f3dc90e-0e11-4fbb-a481-7f0e76f5fa64,296,9.866666666666667,right_elbow,0.5,0.5,0.0,540.0,960.0,0.5
4f3dc90e-0e11-4fbb-a481-7f0e76f5fa64,296,9.866666666666667,left_wrist,0.5,0.5,0.0,540.0,960.0,0.5
4f3dc90e-0e11-4fbb-a481-7f0e76f5fa64,296,9.866666666666667,right_wrist,0.5,0.5,0.0,540.0,960.0,0.5
4f3dc90e-0e11-4fbb-a481-7f0e76f5fa64,296,9.866666666666667,left_hip,0.5,0.5,0.0,540.0,960.0,0.5
4f3dc90e-0e11-4fbb-a481-7f0e76f5fa64,296,9.866666666666667,right_hip,0.5,0.5,0.0,540.0,960.0,0.5
4f3dc90e-0e11-4fbb-a481-7f0e76f5fa64,296,9.866666666666667,left_knee,0.5,0.5,0.0,540.0,960.0,0.5
4f3dc90e-0e11-4fbb-a481-7f0e76f5fa64,296,9.866666666666667,right_knee,0.5,0.5,0.0,540.0,960.0,0.5
4f3dc90e-0e11-4fbb-a481-7f0e76f5fa64,296,9.866666666666667,left_ankle,0.5,0.5,0.0,540.0,960.0,0.5
4f3dc90e-0e11-4fbb-a481-7f0e76f5fa64,296,9.866666666666667,right_ankle,0.5,0.5,0.0,540.0,960.0,0.5
4f3dc90e-0e11-4fbb-a481-7f0e76f5fa64,296,9.866666666666667,left_heel,0.5,0.5,0.0,540.0,960.0,0.5
4f3dc90e-0e11-4fbb-a481-7f0e76f5fa64,296,9.866666666666667,right_heel,0.5,0.5,0.0,540.0,960.0,0.5
4f3dc90e-0e11-4fbb-a481-7f0e76f5fa64,296,9.866666666666667,left_foot_index,0.5,0.5,0.0,540.0,960.0,0.5
4f3dc90e-0e11-4fbb-a481-7f0e76f5fa64,296,9.866666666666667,right_foot_index,0.5,0.5,0.0,540.0,960.0,0.5
4f3dc90e-0e11-4fbb-a481-7f0e76f5fa64,297,9.9,nose,0.5,0.5,0.0,540.0,960.0,0.5
4f3dc90e-0e11-4fbb-a481-7f0e76f5fa64,297,9.9,left_shoulder,0.5,0.5,0.0,540.0,960.0,0.5
4f3dc90e-0e11-4fbb-a481-7f0e76f5fa64,297,9.9,right_shoulder,0.5,0.5,0.0,540.0,960.0,0.5
4f3dc90e-0e11-4fbb-a481-7f0e76f5fa64,297,9.9,left_elbow,0.5,0.5,0.0,540.0,960.0,0.5
4f3dc90e-0e11-4fbb-a481-7f0e76f5fa64,297,9.9,right_elbow,0.5,0.5,0.0,540.0,960.0,0.5
4f3dc90e-0e11-4fbb-a481-7f0e76f5fa64,297,9.9,left_wrist,0.5,0.5,0.0,540.0,960.0,0.5
4f3dc90e-0e11-4fbb-a481-7f0e76f5fa64,297,9.9,right_wrist,0.5,0.5,0.0,540.0,960.0,0.5
4f3dc90e-0e11-4fbb-a481-7f0e76f5fa64,297,9.9,left_hip,0.5,0.5,0.0,540.0,960.0,0.5
4f3dc90e-0e11-4fbb-a481-7f0e76f5fa64,297,9.9,right_hip,0.5,0.5,0.0,540.0,960.0,0.5
4f3dc90e-0e11-4fbb-a481-7f0e76f5fa64,297,9.9,left_knee,0.5,0.5,0.0,540.0,960.0,0.5
4f3dc90e-0e11-4fbb-a481-7f0e76f5fa64,297,9.9,right_knee,0.5,0.5,0.0,540.0,960.0,0.5
4f3dc90e-0e11-4fbb-a481-7f0e76f5fa64,297,9.9,left_ankle,0.5,0.5,0.0,540.0,960.0,0.5
4f3dc90e-0e11-4fbb-a481-7f0e76f5fa64,297,9.9,right_ankle,0.5,0.5,0.0,540.0,960.0,0.5
4f3dc90e-0e11-4fbb-a481-7f0e76f5fa64,297,9.9,left_heel,0.5,0.5,0.0,540.0,960.0,0.5
4f3dc90e-0e11-4fbb-a481-7f0e76f5fa64,297,9.9,right_heel,0.5,0.5,0.0,540.0,960.0,0.5
4f3dc90e-0e11-4fbb-a481-7f0e76f5fa64,297,9.9,left_foot_index,0.5,0.5,0.0,540.0,960.0,0.5
4f3dc90e-0e11-4fbb-a481-7f0e76f5fa64,297,9.9,right_foot_index,0.5,0.5,0.0,540.0,960.0,0.5
4f3dc90e-0e11-4fbb-a481-7f0e76f5fa64,298,9.933333333333334,nose,0.5,0.5,0.0,540.0,960.0,0.5
4f3dc90e-0e11-4fbb-a481-7f0e76f5fa64,298,9.933333333333334,left_shoulder,0.5,0.5,0.0,540.0,960.0,0.5
4f3dc90e-0e11-4fbb-a481-7f0e76f5fa64,298,9.933333333333334,right_shoulder,0.5,0.5,0.0,540.0,960.0,0.5
4f3dc90e-0e11-4fbb-a481-7f0e76f5fa64,298,9.933333333333334,left_elbow,0.5,0.5,0.0,540.0,960.0,0.5
4f3dc90e-0e11-4fbb-a481-7f0e76f5fa64,298,9.933333333333334,right_elbow,0.5,0.5,0.0,540.0,960.0,0.5
4f3dc90e-0e11-4fbb-a481-7f0e76f5fa64,298,9.933333333333334,left_wrist,0.5,0.5,0.0,540.0,960.0,0.5
4f3dc90e-0e11-4fbb-a481-7f0e76f5fa64,298,9.933333333333334,right_wrist,0.5,0.5,0.0,540.0,960.0,0.5
4f3dc90e-0e11-4fbb-a481-7f0e76f5fa64,298,9.933333333333334,left_hip,0.5,0.5,0.0,540.0,960.0,0.5
4f3dc90e-0e11-4fbb-a481-7f0e76f5fa64,298,9.933333333333334,right_hip,0.5,0.5,0.0,540.0,960.0,0.5
4f3dc90e-0e11-4fbb-a481-7f0e76f5fa64,298,9.933333333333334,left_knee,0.5,0.5,0.0,540.0,960.0,0.5
4f3dc90e-0e11-4fbb-a481-7f0e76f5fa64,298,9.933333333333334,right_knee,0.5,0.5,0.0,540.0,960.0,0.5
4f3dc90e-0e11-4fbb-a481-7f0e76f5fa64,298,9.933333333333334,left_ankle,0.5,0.5,0.0,540.0,960.0,0.5
4f3dc90e-0e11-4fbb-a481-7f0e76f5fa64,298,9.933333333333334,right_ankle,0.5,0.5,0.0,540.0,960.0,0.5
4f3dc90e-0e11-4fbb-a481-7f0e76f5fa64,298,9.933333333333334,left_heel,0.5,0.5,0.0,540.0,960.0,0.5
4f3dc90e-0e11-4fbb-a481-7f0e76f5fa64,298,9.933333333333334,right_heel,0.5,0.5,0.0,540.0,960.0,0.5
4f3dc90e-0e11-4fbb-a481-7f0e76f5fa64,298,9.933333333333334,left_foot_index,0.5,0.5,0.0,540.0,960.0,0.5
4f3dc90e-0e11-4fbb-a481-7f0e76f5fa64,298,9.933333333333334,right_foot_index,0.5,0.5,0.0,540.0,960.0,0.5
4f3dc90e-0e11-4fbb-a481-7f0e76f5fa64,299,9.966666666666667,nose,0.5,0.5,0.0,540.0,960.0,0.5
4f3dc90e-0e11-4fbb-a481-7f0e76f5fa64,299,9.966666666666667,left_shoulder,0.5,0.5,0.0,540.0,960.0,0.5
4f3dc90e-0e11-4fbb-a481-7f0e76f5fa64,299,9.966666666666667,right_shoulder,0.5,0.5,0.0,540.0,960.0,0.5
4f3dc90e-0e11-4fbb-a481-7f0e76f5fa64,299,9.966666666666667,left_elbow,0.5,0.5,0.0,540.0,960.0,0.5
4f3dc90e-0e11-4fbb-a481-7f0e76f5fa64,299,9.966666666666667,right_elbow,0.5,0.5,0.0,540.0,960.0,0.5
4f3dc90e-0e11-4fbb-a481-7f0e76f5fa64,299,9.966666666666667,left_wrist,0.5,0.5,0.0,540.0,960.0,0.5
4f3dc90e-0e11-4fbb-a481-7f0e76f5fa64,299,9.966666666666667,right_wrist,0.5,0.5,0.0,540.0,960.0,0.5
4f3dc90e-0e11-4fbb-a481-7f0e76f5fa64,299,9.966666666666667,left_hip,0.5,0.5,0.0,540.0,960.0,0.5
4f3dc90e-0e11-4fbb-a481-7f0e76f5fa64,299,9.966666666666667,right_hip,0.5,0.5,0.0,540.0,960.0,0.5
4f3dc90e-0e11-4fbb-a481-7f0e76f5fa64,299,9.966666666666667,left_knee,0.5,0.5,0.0,540.0,960.0,0.5
4f3dc90e-0e11-4fbb-a481-7f0e76f5fa64,299,9.966666666666667,right_knee,0.5,0.5,0.0,540.0,960.0,0.5
4f3dc90e-0e11-4fbb-a481-7f0e76f5fa64,299,9.966666666666667,left_ankle,0.5,0.5,0.0,540.0,960.0,0.5
4f3dc90e-0e11-4fbb-a481-7f0e76f5fa64,299,9.966666666666667,right_ankle,0.5,0.5,0.0,540.0,960.0,0.5
4f3dc90e-0e11-4fbb-a481-7f0e76f5fa64,299,9.966666666666667,left_heel,0.5,0.5,0.0,540.0,960.0,0.5
4f3dc90e-0e11-4fbb-a481-7f0e76f5fa64,299,9.966666666666667,right_heel,0.5,0.5,0.0,540.0,960.0,0.5
4f3dc90e-0e11-4fbb-a481-7f0e76f5fa64,299,9.966666666666667,left_foot_index,0.5,0.5,0.0,540.0,960.0,0.5
4f3dc90e-0e11-4fbb-a481-7f0e76f5fa64,299,9.966666666666667,right_foot_index,0.5,0.5,0.0,540.0,960.0,0.5
4f3dc90e-0e11-4fbb-a481-7f0e76f5fa64,300,10.0,nose,0.5,0.5,0.0,540.0,960.0,0.5
4f3dc90e-0e11-4fbb-a481-7f0e76f5fa64,300,10.0,left_shoulder,0.5,0.5,0.0,540.0,960.0,0.5
4f3dc90e-0e11-4fbb-a481-7f0e76f5fa64,300,10.0,right_shoulder,0.5,0.5,0.0,540.0,960.0,0.5
4f3dc90e-0e11-4fbb-a481-7f0e76f5fa64,300,10.0,left_elbow,0.5,0.5,0.0,540.0,960.0,0.5
4f3dc90e-0e11-4fbb-a481-7f0e76f5fa64,300,10.0,right_elbow,0.5,0.5,0.0,540.0,960.0,0.5
4f3dc90e-0e11-4fbb-a481-7f0e76f5fa64,300,10.0,left_wrist,0.5,0.5,0.0,540.0,960.0,0.5
4f3dc90e-0e11-4fbb-a481-7f0e76f5fa64,300,10.0,right_wrist,0.5,0.5,0.0,540.0,960.0,0.5
4f3dc90e-0e11-4fbb-a481-7f0e76f5fa64,300,10.0,left_hip,0.5,0.5,0.0,540.0,960.0,0.5
4f3dc90e-0e11-4fbb-a481-7f0e76f5fa64,300,10.0,right_hip,0.5,0.5,0.0,540.0,960.0,0.5
4f3dc90e-0e11-4fbb-a481-7f0e76f5fa64,300,10.0,left_knee,0.5,0.5,0.0,540.0,960.0,0.5
4f3dc90e-0e11-4fbb-a481-7f0e76f5fa64,300,10.0,right_knee,0.5,0.5,0.0,540.0,960.0,0.5
4f3dc90e-0e11-4fbb-a481-7f0e76f5fa64,300,10.0,left_ankle,0.5,0.5,0.0,540.0,960.0,0.5
4f3dc90e-0e11-4fbb-a481-7f0e76f5fa64,300,10.0,right_ankle,0.5,0.5,0.0,540.0,960.0,0.5
4f3dc90e-0e11-4fbb-a481-7f0e76f5fa64,300,10.0,left_heel,0.5,0.5,0.0,540.0,960.0,0.5
4f3dc90e-0e11-4fbb-a481-7f0e76f5fa64,300,10.0,right_heel,0.5,0.5,0.0,540.0,960.0,0.5
4f3dc90e-0e11-4fbb-a481-7f0e76f5fa64,300,10.0,left_foot_index,0.5,0.5,0.0,540.0,960.0,0.5
4f3dc90e-0e11-4fbb-a481-7f0e76f5fa64,300,10.0,right_foot_index,0.5,0.5,0.0,540.0,960.0,0.5
4f3dc90e-0e11-4fbb-a481-7f0e76f5fa64,301,10.033333333333333,nose,0.5,0.5,0.0,540.0,960.0,0.5
4f3dc90e-0e11-4fbb-a481-7f0e76f5fa64,301,10.033333333333333,left_shoulder,0.5,0.5,0.0,540.0,960.0,0.5
4f3dc90e-0e11-4fbb-a481-7f0e76f5fa64,301,10.033333333333333,right_shoulder,0.5,0.5,0.0,540.0,960.0,0.5
4f3dc90e-0e11-4fbb-a481-7f0e76f5fa64,301,10.033333333333333,left_elbow,0.5,0.5,0.0,540.0,960.0,0.5
4f3dc90e-0e11-4fbb-a481-7f0e76f5fa64,301,10.033333333333333,right_elbow,0.5,0.5,0.0,540.0,960.0,0.5
4f3dc90e-0e11-4fbb-a481-7f0e76f5fa64,301,10.033333333333333,left_wrist,0.5,0.5,0.0,540.0,960.0,0.5
4f3dc90e-0e11-4fbb-a481-7f0e76f5fa64,301,10.033333333333333,right_wrist,0.5,0.5,0.0,540.0,960.0,0.5
4f3dc90e-0e11-4fbb-a481-7f0e76f5fa64,301,10.033333333333333,left_hip,0.5,0.5,0.0,540.0,960.0,0.5
4f3dc90e-0e11-4fbb-a481-7f0e76f5fa64,301,10.033333333333333,right_hip,0.5,0.5,0.0,540.0,960.0,0.5
4f3dc90e-0e11-4fbb-a481-7f0e76f5fa64,301,10.033333333333333,left_knee,0.5,0.5,0.0,540.0,960.0,0.5
4f3dc90e-0e11-4fbb-a481-7f0e76f5fa64,301,10.033333333333333,right_knee,0.5,0.5,0.0,540.0,960.0,0.5
4f3dc90e-0e11-4fbb-a481-7f0e76f5fa64,301,10.033333333333333,left_ankle,0.5,0.5,0.0,540.0,960.0,0.5
4f3dc90e-0e11-4fbb-a481-7f0e76f5fa64,301,10.033333333333333,right_ankle,0.5,0.5,0.0,540.0,960.0,0.5
4f3dc90e-0e11-4fbb-a481-7f0e76f5fa64,301,10.033333333333333,left_heel,0.5,0.5,0.0,540.0,960.0,0.5
4f3dc90e-0e11-4fbb-a481-7f0e76f5fa64,301,10.033333333333333,right_heel,0.5,0.5,0.0,540.0,960.0,0.5
4f3dc90e-0e11-4fbb-a481-7f0e76f5fa64,301,10.033333333333333,left_foot_index,0.5,0.5,0.0,540.0,960.0,0.5
4f3dc90e-0e11-4fbb-a481-7f0e76f5fa64,301,10.033333333333333,right_foot_index,0.5,0.5,0.0,540.0,960.0,0.5
4f3dc90e-0e11-4fbb-a481-7f0e76f5fa64,302,10.066666666666666,nose,0.5,0.5,0.0,540.0,960.0,0.5
4f3dc90e-0e11-4fbb-a481-7f0e76f5fa64,302,10.066666666666666,left_shoulder,0.5,0.5,0.0,540.0,960.0,0.5
4f3dc90e-0e11-4fbb-a481-7f0e76f5fa64,302,10.066666666666666,right_shoulder,0.5,0.5,0.0,540.0,960.0,0.5
4f3dc90e-0e11-4fbb-a481-7f0e76f5fa64,302,10.066666666666666,left_elbow,0.5,0.5,0.0,540.0,960.0,0.5
4f3dc90e-0e11-4fbb-a481-7f0e76f5fa64,302,10.066666666666666,right_elbow,0.5,0.5,0.0,540.0,960.0,0.5
4f3dc90e-0e11-4fbb-a481-7f0e76f5fa64,302,10.066666666666666,left_wrist,0.5,0.5,0.0,540.0,960.0,0.5
4f3dc90e-0e11-4fbb-a481-7f0e76f5fa64,302,10.066666666666666,right_wrist,0.5,0.5,0.0,540.0,960.0,0.5
4f3dc90e-0e11-4fbb-a481-7f0e76f5fa64,302,10.066666666666666,left_hip,0.5,0.5,0.0,540.0,960.0,0.5
4f3dc90e-0e11-4fbb-a481-7f0e76f5fa64,302,10.066666666666666,right_hip,0.5,0.5,0.0,540.0,960.0,0.5
4f3dc90e-0e11-4fbb-a481-7f0e76f5fa64,302,10.066666666666666,left_knee,0.5,0.5,0.0,540.0,960.0,0.5
4f3dc90e-0e11-4fbb-a481-7f0e76f5fa64,302,10.066666666666666,right_knee,0.5,0.5,0.0,540.0,960.0,0.5
4f3dc90e-0e11-4fbb-a481-7f0e76f5fa64,302,10.066666666666666,left_ankle,0.5,0.5,0.0,540.0,960.0,0.5
4f3dc90e-0e11-4fbb-a481-7f0e76f5fa64,302,10.066666666666666,right_ankle,0.5,0.5,0.0,540.0,960.0,0.5
4f3dc90e-0e11-4fbb-a481-7f0e76f5fa64,302,10.066666666666666,left_heel,0.5,0.5,0.0,540.0,960.0,0.5
4f3dc90e-0e11-4fbb-a481-7f0e76f5fa64,302,10.066666666666666,right_heel,0.5,0.5,0.0,540.0,960.0,0.5
4f3dc90e-0e11-4fbb-a481-7f0e76f5fa64,302,10.066666666666666,left_foot_index,0.5,0.5,0.0,540.0,960.0,0.5
4f3dc90e-0e11-4fbb-a481-7f0e76f5fa64,302,10.066666666666666,right_foot_index,0.5,0.5,0.0,540.0,960.0,0.5
4f3dc90e-0e11-4fbb-a481-7f0e76f5fa64,303,10.1,nose,0.5,0.5,0.0,540.0,960.0,0.5
4f3dc90e-0e11-4fbb-a481-7f0e76f5fa64,303,10.1,left_shoulder,0.5,0.5,0.0,540.0,960.0,0.5
4f3dc90e-0e11-4fbb-a481-7f0e76f5fa64,303,10.1,right_shoulder,0.5,0.5,0.0,540.0,960.0,0.5
4f3dc90e-0e11-4fbb-a481-7f0e76f5fa64,303,10.1,left_elbow,0.5,0.5,0.0,540.0,960.0,0.5
4f3dc90e-0e11-4fbb-a481-7f0e76f5fa64,303,10.1,right_elbow,0.5,0.5,0.0,540.0,960.0,0.5
4f3dc90e-0e11-4fbb-a481-7f0e76f5fa64,303,10.1,left_wrist,0.5,0.5,0.0,540.0,960.0,0.5
4f3dc90e-0e11-4fbb-a481-7f0e76f5fa64,303,10.1,right_wrist,0.5,0.5,0.0,540.0,960.0,0.5
4f3dc90e-0e11-4fbb-a481-7f0e76f5fa64,303,10.1,left_hip,0.5,0.5,0.0,540.0,960.0,0.5
4f3dc90e-0e11-4fbb-a481-7f0e76f5fa64,303,10.1,right_hip,0.5,0.5,0.0,540.0,960.0,0.5
4f3dc90e-0e11-4fbb-a481-7f0e76f5fa64,303,10.1,left_knee,0.5,0.5,0.0,540.0,960.0,0.5
4f3dc90e-0e11-4fbb-a481-7f0e76f5fa64,303,10.1,right_knee,0.5,0.5,0.0,540.0,960.0,0.5
4f3dc90e-0e11-4fbb-a481-7f0e76f5fa64,303,10.1,left_ankle,0.5,0.5,0.0,540.0,960.0,0.5
4f3dc90e-0e11-4fbb-a481-7f0e76f5fa64,303,10.1,right_ankle,0.5,0.5,0.0,540.0,960.0,0.5
4f3dc90e-0e11-4fbb-a481-7f0e76f5fa64,303,10.1,left_heel,0.5,0.5,0.0,540.0,960.0,0.5
4f3dc90e-0e11-4fbb-a481-7f0e76f5fa64,303,10.1,right_heel,0.5,0.5,0.0,540.0,960.0,0.5
4f3dc90e-0e11-4fbb-a481-7f0e76f5fa64,303,10.1,left_foot_index,0.5,0.5,0.0,540.0,960.0,0.5
4f3dc90e-0e11-4fbb-a481-7f0e76f5fa64,303,10.1,right_foot_index,0.5,0.5,0.0,540.0,960.0,0.5
4f3dc90e-0e11-4fbb-a481-7f0e76f5fa64,304,10.133333333333333,nose,0.5,0.5,0.0,540.0,960.0,0.5
4f3dc90e-0e11-4fbb-a481-7f0e76f5fa64,304,10.133333333333333,left_shoulder,0.5,0.5,0.0,540.0,960.0,0.5
4f3dc90e-0e11-4fbb-a481-7f0e76f5fa64,304,10.133333333333333,right_shoulder,0.5,0.5,0.0,540.0,960.0,0.5
4f3dc90e-0e11-4fbb-a481-7f0e76f5fa64,304,10.133333333333333,left_elbow,0.5,0.5,0.0,540.0,960.0,0.5
4f3dc90e-0e11-4fbb-a481-7f0e76f5fa64,304,10.133333333333333,right_elbow,0.5,0.5,0.0,540.0,960.0,0.5
4f3dc90e-0e11-4fbb-a481-7f0e76f5fa64,304,10.133333333333333,left_wrist,0.5,0.5,0.0,540.0,960.0,0.5
4f3dc90e-0e11-4fbb-a481-7f0e76f5fa64,304,10.133333333333333,right_wrist,0.5,0.5,0.0,540.0,960.0,0.5
4f3dc90e-0e11-4fbb-a481-7f0e76f5fa64,304,10.133333333333333,left_hip,0.5,0.5,0.0,540.0,960.0,0.5
4f3dc90e-0e11-4fbb-a481-7f0e76f5fa64,304,10.133333333333333,right_hip,0.5,0.5,0.0,540.0,960.0,0.5
4f3dc90e-0e11-4fbb-a481-7f0e76f5fa64,304,10.133333333333333,left_knee,0.5,0.5,0.0,540.0,960.0,0.5
4f3dc90e-0e11-4fbb-a481-7f0e76f5fa64,304,10.133333333333333,right_knee,0.5,0.5,0.0,540.0,960.0,0.5
4f3dc90e-0e11-4fbb-a481-7f0e76f5fa64,304,10.133333333333333,left_ankle,0.5,0.5,0.0,540.0,960.0,0.5
4f3dc90e-0e11-4fbb-a481-7f0e76f5fa64,304,10.133333333333333,right_ankle,0.5,0.5,0.0,540.0,960.0,0.5
4f3dc90e-0e11-4fbb-a481-7f0e76f5fa64,304,10.133333333333333,left_heel,0.5,0.5,0.0,540.0,960.0,0.5
4f3dc90e-0e11-4fbb-a481-7f0e76f5fa64,304,10.133333333333333,right_heel,0.5,0.5,0.0,540.0,960.0,0.5
4f3dc90e-0e11-4fbb-a481-7f0e76f5fa64,304,10.133333333333333,left_foot_index,0.5,0.5,0.0,540.0,960.0,0.5
4f3dc90e-0e11-4fbb-a481-7f0e76f5fa64,304,10.133333333333333,right_foot_index,0.5,0.5,0.0,540.0,960.0,0.5
4f3dc90e-0e11-4fbb-a481-7f0e76f5fa64,305,10.166666666666666,nose,0.5,0.5,0.0,540.0,960.0,0.5
4f3dc90e-0e11-4fbb-a481-7f0e76f5fa64,305,10.166666666666666,left_shoulder,0.5,0.5,0.0,540.0,960.0,0.5
4f3dc90e-0e11-4fbb-a481-7f0e76f5fa64,305,10.166666666666666,right_shoulder,0.5,0.5,0.0,540.0,960.0,0.5
4f3dc90e-0e11-4fbb-a481-7f0e76f5fa64,305,10.166666666666666,left_elbow,0.5,0.5,0.0,540.0,960.0,0.5
4f3dc90e-0e11-4fbb-a481-7f0e76f5fa64,305,10.166666666666666,right_elbow,0.5,0.5,0.0,540.0,960.0,0.5
4f3dc90e-0e11-4fbb-a481-7f0e76f5fa64,305,10.166666666666666,left_wrist,0.5,0.5,0.0,540.0,960.0,0.5
4f3dc90e-0e11-4fbb-a481-7f0e76f5fa64,305,10.166666666666666,right_wrist,0.5,0.5,0.0,540.0,960.0,0.5
4f3dc90e-0e11-4fbb-a481-7f0e76f5fa64,305,10.166666666666666,left_hip,0.5,0.5,0.0,540.0,960.0,0.5
4f3dc90e-0e11-4fbb-a481-7f0e76f5fa64,305,10.166666666666666,right_hip,0.5,0.5,0.0,540.0,960.0,0.5
4f3dc90e-0e11-4fbb-a481-7f0e76f5fa64,305,10.166666666666666,left_knee,0.5,0.5,0.0,540.0,960.0,0.5
4f3dc90e-0e11-4fbb-a481-7f0e76f5fa64,305,10.166666666666666,right_knee,0.5,0.5,0.0,540.0,960.0,0.5
4f3dc90e-0e11-4fbb-a481-7f0e76f5fa64,305,10.166666666666666,left_ankle,0.5,0.5,0.0,540.0,960.0,0.5
4f3dc90e-0e11-4fbb-a481-7f0e76f5fa64,305,10.166666666666666,right_ankle,0.5,0.5,0.0,540.0,960.0,0.5
4f3dc90e-0e11-4fbb-a481-7f0e76f5fa64,305,10.166666666666666,left_heel,0.5,0.5,0.0,540.0,960.0,0.5
4f3dc90e-0e11-4fbb-a481-7f0e76f5fa64,305,10.166666666666666,right_heel,0.5,0.5,0.0,540.0,960.0,0.5
4f3dc90e-0e11-4fbb-a481-7f0e76f5fa64,305,10.166666666666666,left_foot_index,0.5,0.5,0.0,540.0,960.0,0.5
4f3dc90e-0e11-4fbb-a481-7f0e76f5fa64,305,10.166666666666666,right_foot_index,0.5,0.5,0.0,540.0,960.0,0.5
4f3dc90e-0e11-4fbb-a481-7f0e76f5fa64,306,10.2,nose,0.5,0.5,0.0,540.0,960.0,0.5
4f3dc90e-0e11-4fbb-a481-7f0e76f5fa64,306,10.2,left_shoulder,0.5,0.5,0.0,540.0,960.0,0.5
4f3dc90e-0e11-4fbb-a481-7f0e76f5fa64,306,10.2,right_shoulder,0.5,0.5,0.0,540.0,960.0,0.5
4f3dc90e-0e11-4fbb-a481-7f0e76f5fa64,306,10.2,left_elbow,0.5,0.5,0.0,540.0,960.0,0.5
4f3dc90e-0e11-4fbb-a481-7f0e76f5fa64,306,10.2,right_elbow,0.5,0.5,0.0,540.0,960.0,0.5
4f3dc90e-0e11-4fbb-a481-7f0e76f5fa64,306,10.2,left_wrist,0.5,0.5,0.0,540.0,960.0,0.5
4f3dc90e-0e11-4fbb-a481-7f0e76f5fa64,306,10.2,right_wrist,0.5,0.5,0.0,540.0,960.0,0.5
4f3dc90e-0e11-4fbb-a481-7f0e76f5fa64,306,10.2,left_hip,0.5,0.5,0.0,540.0,960.0,0.5
4f3dc90e-0e11-4fbb-a481-7f0e76f5fa64,306,10.2,right_hip,0.5,0.5,0.0,540.0,960.0,0.5
4f3dc90e-0e11-4fbb-a481-7f0e76f5fa64,306,10.2,left_knee,0.5,0.5,0.0,540.0,960.0,0.5
4f3dc90e-0e11-4fbb-a481-7f0e76f5fa64,306,10.2,right_knee,0.5,0.5,0.0,540.0,960.0,0.5
4f3dc90e-0e11-4fbb-a481-7f0e76f5fa64,306,10.2,left_ankle,0.5,0.5,0.0,540.0,960.0,0.5
4f3dc90e-0e11-4fbb-a481-7f0e76f5fa64,306,10.2,right_ankle,0.5,0.5,0.0,540.0,960.0,0.5
4f3dc90e-0e11-4fbb-a481-7f0e76f5fa64,306,10.2,left_heel,0.5,0.5,0.0,540.0,960.0,0.5
4f3dc90e-0e11-4fbb-a481-7f0e76f5fa64,306,10.2,right_heel,0.5,0.5,0.0,540.0,960.0,0.5
4f3dc90e-0e11-4fbb-a481-7f0e76f5fa64,306,10.2,left_foot_index,0.5,0.5,0.0,540.0,960.0,0.5
4f3dc90e-0e11-4fbb-a481-7f0e76f5fa64,306,10.2,right_foot_index,0.5,0.5,0.0,540.0,960.0,0.5
4f3dc90e-0e11-4fbb-a481-7f0e76f5fa64,307,10.233333333333333,nose,0.5,0.5,0.0,540.0,960.0,0.5
4f3dc90e-0e11-4fbb-a481-7f0e76f5fa64,307,10.233333333333333,left_shoulder,0.5,0.5,0.0,540.0,960.0,0.5
4f3dc90e-0e11-4fbb-a481-7f0e76f5fa64,307,10.233333333333333,right_shoulder,0.5,0.5,0.0,540.0,960.0,0.5
4f3dc90e-0e11-4fbb-a481-7f0e76f5fa64,307,10.233333333333333,left_elbow,0.5,0.5,0.0,540.0,960.0,0.5
4f3dc90e-0e11-4fbb-a481-7f0e76f5fa64,307,10.233333333333333,right_elbow,0.5,0.5,0.0,540.0,960.0,0.5
4f3dc90e-0e11-4fbb-a481-7f0e76f5fa64,307,10.233333333333333,left_wrist,0.5,0.5,0.0,540.0,960.0,0.5
4f3dc90e-0e11-4fbb-a481-7f0e76f5fa64,307,10.233333333333333,right_wrist,0.5,0.5,0.0,540.0,960.0,0.5
4f3dc90e-0e11-4fbb-a481-7f0e76f5fa64,307,10.233333333333333,left_hip,0.5,0.5,0.0,540.0,960.0,0.5
4f3dc90e-0e11-4fbb-a481-7f0e76f5fa64,307,10.233333333333333,right_hip,0.5,0.5,0.0,540.0,960.0,0.5
4f3dc90e-0e11-4fbb-a481-7f0e76f5fa64,307,10.233333333333333,left_knee,0.5,0.5,0.0,540.0,960.0,0.5
4f3dc90e-0e11-4fbb-a481-7f0e76f5fa64,307,10.233333333333333,right_knee,0.5,0.5,0.0,540.0,960.0,0.5
4f3dc90e-0e11-4fbb-a481-7f0e76f5fa64,307,10.233333333333333,left_ankle,0.5,0.5,0.0,540.0,960.0,0.5
4f3dc90e-0e11-4fbb-a481-7f0e76f5fa64,307,10.233333333333333,right_ankle,0.5,0.5,0.0,540.0,960.0,0.5
4f3dc90e-0e11-4fbb-a481-7f0e76f5fa64,307,10.233333333333333,left_heel,0.5,0.5,0.0,540.0,960.0,0.5
4f3dc90e-0e11-4fbb-a481-7f0e76f5fa64,307,10.233333333333333,right_heel,0.5,0.5,0.0,540.0,960.0,0.5
4f3dc90e-0e11-4fbb-a481-7f0e76f5fa64,307,10.233333333333333,left_foot_index,0.5,0.5,0.0,540.0,960.0,0.5
4f3dc90e-0e11-4fbb-a481-7f0e76f5fa64,307,10.233333333333333,right_foot_index,0.5,0.5,0.0,540.0,960.0,0.5
4f3dc90e-0e11-4fbb-a481-7f0e76f5fa64,308,10.266666666666667,nose,0.5,0.5,0.0,540.0,960.0,0.5
4f3dc90e-0e11-4fbb-a481-7f0e76f5fa64,308,10.266666666666667,left_shoulder,0.5,0.5,0.0,540.0,960.0,0.5
4f3dc90e-0e11-4fbb-a481-7f0e76f5fa64,308,10.266666666666667,right_shoulder,0.5,0.5,0.0,540.0,960.0,0.5
4f3dc90e-0e11-4fbb-a481-7f0e76f5fa64,308,10.266666666666667,left_elbow,0.5,0.5,0.0,540.0,960.0,0.5
4f3dc90e-0e11-4fbb-a481-7f0e76f5fa64,308,10.266666666666667,right_elbow,0.5,0.5,0.0,540.0,960.0,0.5
4f3dc90e-0e11-4fbb-a481-7f0e76f5fa64,308,10.266666666666667,left_wrist,0.5,0.5,0.0,540.0,960.0,0.5
4f3dc90e-0e11-4fbb-a481-7f0e76f5fa64,308,10.266666666666667,right_wrist,0.5,0.5,0.0,540.0,960.0,0.5
4f3dc90e-0e11-4fbb-a481-7f0e76f5fa64,308,10.266666666666667,left_hip,0.5,0.5,0.0,540.0,960.0,0.5
4f3dc90e-0e11-4fbb-a481-7f0e76f5fa64,308,10.266666666666667,right_hip,0.5,0.5,0.0,540.0,960.0,0.5
4f3dc90e-0e11-4fbb-a481-7f0e76f5fa64,308,10.266666666666667,left_knee,0.5,0.5,0.0,540.0,960.0,0.5
4f3dc90e-0e11-4fbb-a481-7f0e76f5fa64,308,10.266666666666667,right_knee,0.5,0.5,0.0,540.0,960.0,0.5
4f3dc90e-0e11-4fbb-a481-7f0e76f5fa64,308,10.266666666666667,left_ankle,0.5,0.5,0.0,540.0,960.0,0.5
4f3dc90e-0e11-4fbb-a481-7f0e76f5fa64,308,10.266666666666667,right_ankle,0.5,0.5,0.0,540.0,960.0,0.5
4f3dc90e-0e11-4fbb-a481-7f0e76f5fa64,308,10.266666666666667,left_heel,0.5,0.5,0.0,540.0,960.0,0.5
4f3dc90e-0e11-4fbb-a481-7f0e76f5fa64,308,10.266666666666667,right_heel,0.5,0.5,0.0,540.0,960.0,0.5
4f3dc90e-0e11-4fbb-a481-7f0e76f5fa64,308,10.266666666666667,left_foot_index,0.5,0.5,0.0,540.0,960.0,0.5
4f3dc90e-0e11-4fbb-a481-7f0e76f5fa64,308,10.266666666666667,right_foot_index,0.5,0.5,0.0,540.0,960.0,0.5
4f3dc90e-0e11-4fbb-a481-7f0e76f5fa64,309,10.3,nose,0.5,0.5,0.0,540.0,960.0,0.5
4f3dc90e-0e11-4fbb-a481-7f0e76f5fa64,309,10.3,left_shoulder,0.5,0.5,0.0,540.0,960.0,0.5
4f3dc90e-0e11-4fbb-a481-7f0e76f5fa64,309,10.3,right_shoulder,0.5,0.5,0.0,540.0,960.0,0.5
4f3dc90e-0e11-4fbb-a481-7f0e76f5fa64,309,10.3,left_elbow,0.5,0.5,0.0,540.0,960.0,0.5
4f3dc90e-0e11-4fbb-a481-7f0e76f5fa64,309,10.3,right_elbow,0.5,0.5,0.0,540.0,960.0,0.5
4f3dc90e-0e11-4fbb-a481-7f0e76f5fa64,309,10.3,left_wrist,0.5,0.5,0.0,540.0,960.0,0.5
4f3dc90e-0e11-4fbb-a481-7f0e76f5fa64,309,10.3,right_wrist,0.5,0.5,0.0,540.0,960.0,0.5
4f3dc90e-0e11-4fbb-a481-7f0e76f5fa64,309,10.3,left_hip,0.5,0.5,0.0,540.0,960.0,0.5
4f3dc90e-0e11-4fbb-a481-7f0e76f5fa64,309,10.3,right_hip,0.5,0.5,0.0,540.0,960.0,0.5
4f3dc90e-0e11-4fbb-a481-7f0e76f5fa64,309,10.3,left_knee,0.5,0.5,0.0,540.0,960.0,0.5
4f3dc90e-0e11-4fbb-a481-7f0e76f5fa64,309,10.3,right_knee,0.5,0.5,0.0,540.0,960.0,0.5
4f3dc90e-0e11-4fbb-a481-7f0e76f5fa64,309,10.3,left_ankle,0.5,0.5,0.0,540.0,960.0,0.5
4f3dc90e-0e11-4fbb-a481-7f0e76f5fa64,309,10.3,right_ankle,0.5,0.5,0.0,540.0,960.0,0.5
4f3dc90e-0e11-4fbb-a481-7f0e76f5fa64,309,10.3,left_heel,0.5,0.5,0.0,540.0,960.0,0.5
4f3dc90e-0e11-4fbb-a481-7f0e76f5fa64,309,10.3,right_heel,0.5,0.5,0.0,540.0,960.0,0.5
4f3dc90e-0e11-4fbb-a481-7f0e76f5fa64,309,10.3,left_foot_index,0.5,0.5,0.0,540.0,960.0,0.5
4f3dc90e-0e11-4fbb-a481-7f0e76f5fa64,309,10.3,right_foot_index,0.5,0.5,0.0,540.0,960.0,0.5
4f3dc90e-0e11-4fbb-a481-7f0e76f5fa64,310,10.333333333333334,nose,0.5,0.5,0.0,540.0,960.0,0.5
4f3dc90e-0e11-4fbb-a481-7f0e76f5fa64,310,10.333333333333334,left_shoulder,0.5,0.5,0.0,540.0,960.0,0.5
4f3dc90e-0e11-4fbb-a481-7f0e76f5fa64,310,10.333333333333334,right_shoulder,0.5,0.5,0.0,540.0,960.0,0.5
4f3dc90e-0e11-4fbb-a481-7f0e76f5fa64,310,10.333333333333334,left_elbow,0.5,0.5,0.0,540.0,960.0,0.5
4f3dc90e-0e11-4fbb-a481-7f0e76f5fa64,310,10.333333333333334,right_elbow,0.5,0.5,0.0,540.0,960.0,0.5
4f3dc90e-0e11-4fbb-a481-7f0e76f5fa64,310,10.333333333333334,left_wrist,0.5,0.5,0.0,540.0,960.0,0.5
4f3dc90e-0e11-4fbb-a481-7f0e76f5fa64,310,10.333333333333334,right_wrist,0.5,0.5,0.0,540.0,960.0,0.5
4f3dc90e-0e11-4fbb-a481-7f0e76f5fa64,310,10.333333333333334,left_hip,0.5,0.5,0.0,540.0,960.0,0.5
4f3dc90e-0e11-4fbb-a481-7f0e76f5fa64,310,10.333333333333334,right_hip,0.5,0.5,0.0,540.0,960.0,0.5
4f3dc90e-0e11-4fbb-a481-7f0e76f5fa64,310,10.333333333333334,left_knee,0.5,0.5,0.0,540.0,960.0,0.5
4f3dc90e-0e11-4fbb-a481-7f0e76f5fa64,310,10.333333333333334,right_knee,0.5,0.5,0.0,540.0,960.0,0.5
4f3dc90e-0e11-4fbb-a481-7f0e76f5fa64,310,10.333333333333334,left_ankle,0.5,0.5,0.0,540.0,960.0,0.5
4f3dc90e-0e11-4fbb-a481-7f0e76f5fa64,310,10.333333333333334,right_ankle,0.5,0.5,0.0,540.0,960.0,0.5
4f3dc90e-0e11-4fbb-a481-7f0e76f5fa64,310,10.333333333333334,left_heel,0.5,0.5,0.0,540.0,960.0,0.5
4f3dc90e-0e11-4fbb-a481-7f0e76f5fa64,310,10.333333333333334,right_heel,0.5,0.5,0.0,540.0,960.0,0.5
4f3dc90e-0e11-4fbb-a481-7f0e76f5fa64,310,10.333333333333334,left_foot_index,0.5,0.5,0.0,540.0,960.0,0.5
4f3dc90e-0e11-4fbb-a481-7f0e76f5fa64,310,10.333333333333334,right_foot_index,0.5,0.5,0.0,540.0,960.0,0.5
4f3dc90e-0e11-4fbb-a481-7f0e76f5fa64,311,10.366666666666667,nose,0.5,0.5,0.0,540.0,960.0,0.5
4f3dc90e-0e11-4fbb-a481-7f0e76f5fa64,311,10.366666666666667,left_shoulder,0.5,0.5,0.0,540.0,960.0,0.5
4f3dc90e-0e11-4fbb-a481-7f0e76f5fa64,311,10.366666666666667,right_shoulder,0.5,0.5,0.0,540.0,960.0,0.5
4f3dc90e-0e11-4fbb-a481-7f0e76f5fa64,311,10.366666666666667,left_elbow,0.5,0.5,0.0,540.0,960.0,0.5
4f3dc90e-0e11-4fbb-a481-7f0e76f5fa64,311,10.366666666666667,right_elbow,0.5,0.5,0.0,540.0,960.0,0.5
4f3dc90e-0e11-4fbb-a481-7f0e76f5fa64,311,10.366666666666667,left_wrist,0.5,0.5,0.0,540.0,960.0,0.5
4f3dc90e-0e11-4fbb-a481-7f0e76f5fa64,311,10.366666666666667,right_wrist,0.5,0.5,0.0,540.0,960.0,0.5
4f3dc90e-0e11-4fbb-a481-7f0e76f5fa64,311,10.366666666666667,left_hip,0.5,0.5,0.0,540.0,960.0,0.5
4f3dc90e-0e11-4fbb-a481-7f0e76f5fa64,311,10.366666666666667,right_hip,0.5,0.5,0.0,540.0,960.0,0.5
4f3dc90e-0e11-4fbb-a481-7f0e76f5fa64,311,10.366666666666667,left_knee,0.5,0.5,0.0,540.0,960.0,0.5
4f3dc90e-0e11-4fbb-a481-7f0e76f5fa64,311,10.366666666666667,right_knee,0.5,0.5,0.0,540.0,960.0,0.5
4f3dc90e-0e11-4fbb-a481-7f0e76f5fa64,311,10.366666666666667,left_ankle,0.5,0.5,0.0,540.0,960.0,0.5
4f3dc90e-0e11-4fbb-a481-7f0e76f5fa64,311,10.366666666666667,right_ankle,0.5,0.5,0.0,540.0,960.0,0.5
4f3dc90e-0e11-4fbb-a481-7f0e76f5fa64,311,10.366666666666667,left_heel,0.5,0.5,0.0,540.0,960.0,0.5
4f3dc90e-0e11-4fbb-a481-7f0e76f5fa64,311,10.366666666666667,right_heel,0.5,0.5,0.0,540.0,960.0,0.5
4f3dc90e-0e11-4fbb-a481-7f0e76f5fa64,311,10.366666666666667,left_foot_index,0.5,0.5,0.0,540.0,960.0,0.5
4f3dc90e-0e11-4fbb-a481-7f0e76f5fa64,311,10.366666666666667,right_foot_index,0.5,0.5,0.0,540.0,960.0,0.5
4f3dc90e-0e11-4fbb-a481-7f0e76f5fa64,312,10.4,nose,0.5,0.5,0.0,540.0,960.0,0.5
4f3dc90e-0e11-4fbb-a481-7f0e76f5fa64,312,10.4,left_shoulder,0.5,0.5,0.0,540.0,960.0,0.5
4f3dc90e-0e11-4fbb-a481-7f0e76f5fa64,312,10.4,right_shoulder,0.5,0.5,0.0,540.0,960.0,0.5
4f3dc90e-0e11-4fbb-a481-7f0e76f5fa64,312,10.4,left_elbow,0.5,0.5,0.0,540.0,960.0,0.5
4f3dc90e-0e11-4fbb-a481-7f0e76f5fa64,312,10.4,right_elbow,0.5,0.5,0.0,540.0,960.0,0.5
4f3dc90e-0e11-4fbb-a481-7f0e76f5fa64,312,10.4,left_wrist,0.5,0.5,0.0,540.0,960.0,0.5
4f3dc90e-0e11-4fbb-a481-7f0e76f5fa64,312,10.4,right_wrist,0.5,0.5,0.0,540.0,960.0,0.5
4f3dc90e-0e11-4fbb-a481-7f0e76f5fa64,312,10.4,left_hip,0.5,0.5,0.0,540.0,960.0,0.5
4f3dc90e-0e11-4fbb-a481-7f0e76f5fa64,312,10.4,right_hip,0.5,0.5,0.0,540.0,960.0,0.5
4f3dc90e-0e11-4fbb-a481-7f0e76f5fa64,312,10.4,left_knee,0.5,0.5,0.0,540.0,960.0,0.5
4f3dc90e-0e11-4fbb-a481-7f0e76f5fa64,312,10.4,right_knee,0.5,0.5,0.0,540.0,960.0,0.5
4f3dc90e-0e11-4fbb-a481-7f0e76f5fa64,312,10.4,left_ankle,0.5,0.5,0.0,540.0,960.0,0.5
4f3dc90e-0e11-4fbb-a481-7f0e76f5fa64,312,10.4,right_ankle,0.5,0.5,0.0,540.0,960.0,0.5
4f3dc90e-0e11-4fbb-a481-7f0e76f5fa64,312,10.4,left_heel,0.5,0.5,0.0,540.0,960.0,0.5
4f3dc90e-0e11-4fbb-a481-7f0e76f5fa64,312,10.4,right_heel,0.5,0.5,0.0,540.0,960.0,0.5
4f3dc90e-0e11-4fbb-a481-7f0e76f5fa64,312,10.4,left_foot_index,0.5,0.5,0.0,540.0,960.0,0.5
4f3dc90e-0e11-4fbb-a481-7f0e76f5fa64,312,10.4,right_foot_index,0.5,0.5,0.0,540.0,960.0,0.5
4f3dc90e-0e11-4fbb-a481-7f0e76f5fa64,313,10.433333333333334,nose,0.5,0.5,0.0,540.0,960.0,0.5
4f3dc90e-0e11-4fbb-a481-7f0e76f5fa64,313,10.433333333333334,left_shoulder,0.5,0.5,0.0,540.0,960.0,0.5
4f3dc90e-0e11-4fbb-a481-7f0e76f5fa64,313,10.433333333333334,right_shoulder,0.5,0.5,0.0,540.0,960.0,0.5
4f3dc90e-0e11-4fbb-a481-7f0e76f5fa64,313,10.433333333333334,left_elbow,0.5,0.5,0.0,540.0,960.0,0.5
4f3dc90e-0e11-4fbb-a481-7f0e76f5fa64,313,10.433333333333334,right_elbow,0.5,0.5,0.0,540.0,960.0,0.5
4f3dc90e-0e11-4fbb-a481-7f0e76f5fa64,313,10.433333333333334,left_wrist,0.5,0.5,0.0,540.0,960.0,0.5
4f3dc90e-0e11-4fbb-a481-7f0e76f5fa64,313,10.433333333333334,right_wrist,0.5,0.5,0.0,540.0,960.0,0.5
4f3dc90e-0e11-4fbb-a481-7f0e76f5fa64,313,10.433333333333334,left_hip,0.5,0.5,0.0,540.0,960.0,0.5
4f3dc90e-0e11-4fbb-a481-7f0e76f5fa64,313,10.433333333333334,right_hip,0.5,0.5,0.0,540.0,960.0,0.5
4f3dc90e-0e11-4fbb-a481-7f0e76f5fa64,313,10.433333333333334,left_knee,0.5,0.5,0.0,540.0,960.0,0.5
4f3dc90e-0e11-4fbb-a481-7f0e76f5fa64,313,10.433333333333334,right_knee,0.5,0.5,0.0,540.0,960.0,0.5
4f3dc90e-0e11-4fbb-a481-7f0e76f5fa64,313,10.433333333333334,left_ankle,0.5,0.5,0.0,540.0,960.0,0.5
4f3dc90e-0e11-4fbb-a481-7f0e76f5fa64,313,10.433333333333334,right_ankle,0.5,0.5,0.0,540.0,960.0,0.5
4f3dc90e-0e11-4fbb-a481-7f0e76f5fa64,313,10.433333333333334,left_heel,0.5,0.5,0.0,540.0,960.0,0.5
4f3dc90e-0e11-4fbb-a481-7f0e76f5fa64,313,10.433333333333334,right_heel,0.5,0.5,0.0,540.0,960.0,0.5
4f3dc90e-0e11-4fbb-a481-7f0e76f5fa64,313,10.433333333333334,left_foot_index,0.5,0.5,0.0,540.0,960.0,0.5
4f3dc90e-0e11-4fbb-a481-7f0e76f5fa64,313,10.433333333333334,right_foot_index,0.5,0.5,0.0,540.0,960.0,0.5
4f3dc90e-0e11-4fbb-a481-7f0e76f5fa64,314,10.466666666666667,nose,0.5,0.5,0.0,540.0,960.0,0.5
4f3dc90e-0e11-4fbb-a481-7f0e76f5fa64,314,10.466666666666667,left_shoulder,0.5,0.5,0.0,540.0,960.0,0.5
4f3dc90e-0e11-4fbb-a481-7f0e76f5fa64,314,10.466666666666667,right_shoulder,0.5,0.5,0.0,540.0,960.0,0.5
4f3dc90e-0e11-4fbb-a481-7f0e76f5fa64,314,10.466666666666667,left_elbow,0.5,0.5,0.0,540.0,960.0,0.5
4f3dc90e-0e11-4fbb-a481-7f0e76f5fa64,314,10.466666666666667,right_elbow,0.5,0.5,0.0,540.0,960.0,0.5
4f3dc90e-0e11-4fbb-a481-7f0e76f5fa64,314,10.466666666666667,left_wrist,0.5,0.5,0.0,540.0,960.0,0.5
4f3dc90e-0e11-4fbb-a481-7f0e76f5fa64,314,10.466666666666667,right_wrist,0.5,0.5,0.0,540.0,960.0,0.5
4f3dc90e-0e11-4fbb-a481-7f0e76f5fa64,314,10.466666666666667,left_hip,0.5,0.5,0.0,540.0,960.0,0.5
4f3dc90e-0e11-4fbb-a481-7f0e76f5fa64,314,10.466666666666667,right_hip,0.5,0.5,0.0,540.0,960.0,0.5
4f3dc90e-0e11-4fbb-a481-7f0e76f5fa64,314,10.466666666666667,left_knee,0.5,0.5,0.0,540.0,960.0,0.5
4f3dc90e-0e11-4fbb-a481-7f0e76f5fa64,314,10.466666666666667,right_knee,0.5,0.5,0.0,540.0,960.0,0.5
4f3dc90e-0e11-4fbb-a481-7f0e76f5fa64,314,10.466666666666667,left_ankle,0.5,0.5,0.0,540.0,960.0,0.5
4f3dc90e-0e11-4fbb-a481-7f0e76f5fa64,314,10.466666666666667,right_ankle,0.5,0.5,0.0,540.0,960.0,0.5
4f3dc90e-0e11-4fbb-a481-7f0e76f5fa64,314,10.466666666666667,left_heel,0.5,0.5,0.0,540.0,960.0,0.5
4f3dc90e-0e11-4fbb-a481-7f0e76f5fa64,314,10.466666666666667,right_heel,0.5,0.5,0.0,540.0,960.0,0.5
4f3dc90e-0e11-4fbb-a481-7f0e76f5fa64,314,10.466666666666667,left_foot_index,0.5,0.5,0.0,540.0,960.0,0.5
4f3dc90e-0e11-4fbb-a481-7f0e76f5fa64,314,10.466666666666667,right_foot_index,0.5,0.5,0.0,540.0,960.0,0.5
4f3dc90e-0e11-4fbb-a481-7f0e76f5fa64,315,10.5,nose,0.5,0.5,0.0,540.0,960.0,0.5
4f3dc90e-0e11-4fbb-a481-7f0e76f5fa64,315,10.5,left_shoulder,0.5,0.5,0.0,540.0,960.0,0.5
4f3dc90e-0e11-4fbb-a481-7f0e76f5fa64,315,10.5,right_shoulder,0.5,0.5,0.0,540.0,960.0,0.5
4f3dc90e-0e11-4fbb-a481-7f0e76f5fa64,315,10.5,left_elbow,0.5,0.5,0.0,540.0,960.0,0.5
4f3dc90e-0e11-4fbb-a481-7f0e76f5fa64,315,10.5,right_elbow,0.5,0.5,0.0,540.0,960.0,0.5
4f3dc90e-0e11-4fbb-a481-7f0e76f5fa64,315,10.5,left_wrist,0.5,0.5,0.0,540.0,960.0,0.5
4f3dc90e-0e11-4fbb-a481-7f0e76f5fa64,315,10.5,right_wrist,0.5,0.5,0.0,540.0,960.0,0.5
4f3dc90e-0e11-4fbb-a481-7f0e76f5fa64,315,10.5,left_hip,0.5,0.5,0.0,540.0,960.0,0.5
4f3dc90e-0e11-4fbb-a481-7f0e76f5fa64,315,10.5,right_hip,0.5,0.5,0.0,540.0,960.0,0.5
4f3dc90e-0e11-4fbb-a481-7f0e76f5fa64,315,10.5,left_knee,0.5,0.5,0.0,540.0,960.0,0.5
4f3dc90e-0e11-4fbb-a481-7f0e76f5fa64,315,10.5,right_knee,0.5,0.5,0.0,540.0,960.0,0.5
4f3dc90e-0e11-4fbb-a481-7f0e76f5fa64,315,10.5,left_ankle,0.5,0.5,0.0,540.0,960.0,0.5
4f3dc90e-0e11-4fbb-a481-7f0e76f5fa64,315,10.5,right_ankle,0.5,0.5,0.0,540.0,960.0,0.5
4f3dc90e-0e11-4fbb-a481-7f0e76f5fa64,315,10.5,left_heel,0.5,0.5,0.0,540.0,960.0,0.5
4f3dc90e-0e11-4fbb-a481-7f0e76f5fa64,315,10.5,right_heel,0.5,0.5,0.0,540.0,960.0,0.5
4f3dc90e-0e11-4fbb-a481-7f0e76f5fa64,315,10.5,left_foot_index,0.5,0.5,0.0,540.0,960.0,0.5
4f3dc90e-0e11-4fbb-a481-7f0e76f5fa64,315,10.5,right_foot_index,0.5,0.5,0.0,540.0,960.0,0.5
4f3dc90e-0e11-4fbb-a481-7f0e76f5fa64,316,10.533333333333333,nose,0.5,0.5,0.0,540.0,960.0,0.5
4f3dc90e-0e11-4fbb-a481-7f0e76f5fa64,316,10.533333333333333,left_shoulder,0.5,0.5,0.0,540.0,960.0,0.5
4f3dc90e-0e11-4fbb-a481-7f0e76f5fa64,316,10.533333333333333,right_shoulder,0.5,0.5,0.0,540.0,960.0,0.5
4f3dc90e-0e11-4fbb-a481-7f0e76f5fa64,316,10.533333333333333,left_elbow,0.5,0.5,0.0,540.0,960.0,0.5
4f3dc90e-0e11-4fbb-a481-7f0e76f5fa64,316,10.533333333333333,right_elbow,0.5,0.5,0.0,540.0,960.0,0.5
4f3dc90e-0e11-4fbb-a481-7f0e76f5fa64,316,10.533333333333333,left_wrist,0.5,0.5,0.0,540.0,960.0,0.5
4f3dc90e-0e11-4fbb-a481-7f0e76f5fa64,316,10.533333333333333,right_wrist,0.5,0.5,0.0,540.0,960.0,0.5
4f3dc90e-0e11-4fbb-a481-7f0e76f5fa64,316,10.533333333333333,left_hip,0.5,0.5,0.0,540.0,960.0,0.5
4f3dc90e-0e11-4fbb-a481-7f0e76f5fa64,316,10.533333333333333,right_hip,0.5,0.5,0.0,540.0,960.0,0.5
4f3dc90e-0e11-4fbb-a481-7f0e76f5fa64,316,10.533333333333333,left_knee,0.5,0.5,0.0,540.0,960.0,0.5
4f3dc90e-0e11-4fbb-a481-7f0e76f5fa64,316,10.533333333333333,right_knee,0.5,0.5,0.0,540.0,960.0,0.5
4f3dc90e-0e11-4fbb-a481-7f0e76f5fa64,316,10.533333333333333,left_ankle,0.5,0.5,0.0,540.0,960.0,0.5
4f3dc90e-0e11-4fbb-a481-7f0e76f5fa64,316,10.533333333333333,right_ankle,0.5,0.5,0.0,540.0,960.0,0.5
4f3dc90e-0e11-4fbb-a481-7f0e76f5fa64,316,10.533333333333333,left_heel,0.5,0.5,0.0,540.0,960.0,0.5
4f3dc90e-0e11-4fbb-a481-7f0e76f5fa64,316,10.533333333333333,right_heel,0.5,0.5,0.0,540.0,960.0,0.5
4f3dc90e-0e11-4fbb-a481-7f0e76f5fa64,316,10.533333333333333,left_foot_index,0.5,0.5,0.0,540.0,960.0,0.5
4f3dc90e-0e11-4fbb-a481-7f0e76f5fa64,316,10.533333333333333,right_foot_index,0.5,0.5,0.0,540.0,960.0,0.5
4f3dc90e-0e11-4fbb-a481-7f0e76f5fa64,317,10.566666666666666,nose,0.5,0.5,0.0,540.0,960.0,0.5
4f3dc90e-0e11-4fbb-a481-7f0e76f5fa64,317,10.566666666666666,left_shoulder,0.5,0.5,0.0,540.0,960.0,0.5
4f3dc90e-0e11-4fbb-a481-7f0e76f5fa64,317,10.566666666666666,right_shoulder,0.5,0.5,0.0,540.0,960.0,0.5
4f3dc90e-0e11-4fbb-a481-7f0e76f5fa64,317,10.566666666666666,left_elbow,0.5,0.5,0.0,540.0,960.0,0.5
4f3dc90e-0e11-4fbb-a481-7f0e76f5fa64,317,10.566666666666666,right_elbow,0.5,0.5,0.0,540.0,960.0,0.5
4f3dc90e-0e11-4fbb-a481-7f0e76f5fa64,317,10.566666666666666,left_wrist,0.5,0.5,0.0,540.0,960.0,0.5
4f3dc90e-0e11-4fbb-a481-7f0e76f5fa64,317,10.566666666666666,right_wrist,0.5,0.5,0.0,540.0,960.0,0.5
4f3dc90e-0e11-4fbb-a481-7f0e76f5fa64,317,10.566666666666666,left_hip,0.5,0.5,0.0,540.0,960.0,0.5
4f3dc90e-0e11-4fbb-a481-7f0e76f5fa64,317,10.566666666666666,right_hip,0.5,0.5,0.0,540.0,960.0,0.5
4f3dc90e-0e11-4fbb-a481-7f0e76f5fa64,317,10.566666666666666,left_knee,0.5,0.5,0.0,540.0,960.0,0.5
4f3dc90e-0e11-4fbb-a481-7f0e76f5fa64,317,10.566666666666666,right_knee,0.5,0.5,0.0,540.0,960.0,0.5
4f3dc90e-0e11-4fbb-a481-7f0e76f5fa64,317,10.566666666666666,left_ankle,0.5,0.5,0.0,540.0,960.0,0.5
4f3dc90e-0e11-4fbb-a481-7f0e76f5fa64,317,10.566666666666666,right_ankle,0.5,0.5,0.0,540.0,960.0,0.5
4f3dc90e-0e11-4fbb-a481-7f0e76f5fa64,317,10.566666666666666,left_heel,0.5,0.5,0.0,540.0,960.0,0.5
4f3dc90e-0e11-4fbb-a481-7f0e76f5fa64,317,10.566666666666666,right_heel,0.5,0.5,0.0,540.0,960.0,0.5
4f3dc90e-0e11-4fbb-a481-7f0e76f5fa64,317,10.566666666666666,left_foot_index,0.5,0.5,0.0,540.0,960.0,0.5
4f3dc90e-0e11-4fbb-a481-7f0e76f5fa64,317,10.566666666666666,right_foot_index,0.5,0.5,0.0,540.0,960.0,0.5
4f3dc90e-0e11-4fbb-a481-7f0e76f5fa64,318,10.6,nose,0.5,0.5,0.0,540.0,960.0,0.5
4f3dc90e-0e11-4fbb-a481-7f0e76f5fa64,318,10.6,left_shoulder,0.5,0.5,0.0,540.0,960.0,0.5
4f3dc90e-0e11-4fbb-a481-7f0e76f5fa64,318,10.6,right_shoulder,0.5,0.5,0.0,540.0,960.0,0.5
4f3dc90e-0e11-4fbb-a481-7f0e76f5fa64,318,10.6,left_elbow,0.5,0.5,0.0,540.0,960.0,0.5
4f3dc90e-0e11-4fbb-a481-7f0e76f5fa64,318,10.6,right_elbow,0.5,0.5,0.0,540.0,960.0,0.5
4f3dc90e-0e11-4fbb-a481-7f0e76f5fa64,318,10.6,left_wrist,0.5,0.5,0.0,540.0,960.0,0.5
4f3dc90e-0e11-4fbb-a481-7f0e76f5fa64,318,10.6,right_wrist,0.5,0.5,0.0,540.0,960.0,0.5
4f3dc90e-0e11-4fbb-a481-7f0e76f5fa64,318,10.6,left_hip,0.5,0.5,0.0,540.0,960.0,0.5
4f3dc90e-0e11-4fbb-a481-7f0e76f5fa64,318,10.6,right_hip,0.5,0.5,0.0,540.0,960.0,0.5
4f3dc90e-0e11-4fbb-a481-7f0e76f5fa64,318,10.6,left_knee,0.5,0.5,0.0,540.0,960.0,0.5
4f3dc90e-0e11-4fbb-a481-7f0e76f5fa64,318,10.6,right_knee,0.5,0.5,0.0,540.0,960.0,0.5
4f3dc90e-0e11-4fbb-a481-7f0e76f5fa64,318,10.6,left_ankle,0.5,0.5,0.0,540.0,960.0,0.5
4f3dc90e-0e11-4fbb-a481-7f0e76f5fa64,318,10.6,right_ankle,0.5,0.5,0.0,540.0,960.0,0.5
4f3dc90e-0e11-4fbb-a481-7f0e76f5fa64,318,10.6,left_heel,0.5,0.5,0.0,540.0,960.0,0.5
4f3dc90e-0e11-4fbb-a481-7f0e76f5fa64,318,10.6,right_heel,0.5,0.5,0.0,540.0,960.0,0.5
4f3dc90e-0e11-4fbb-a481-7f0e76f5fa64,318,10.6,left_foot_index,0.5,0.5,0.0,540.0,960.0,0.5
4f3dc90e-0e11-4fbb-a481-7f0e76f5fa64,318,10.6,right_foot_index,0.5,0.5,0.0,540.0,960.0,0.5
4f3dc90e-0e11-4fbb-a481-7f0e76f5fa64,319,10.633333333333333,nose,0.5,0.5,0.0,540.0,960.0,0.5
4f3dc90e-0e11-4fbb-a481-7f0e76f5fa64,319,10.633333333333333,left_shoulder,0.5,0.5,0.0,540.0,960.0,0.5
4f3dc90e-0e11-4fbb-a481-7f0e76f5fa64,319,10.633333333333333,right_shoulder,0.5,0.5,0.0,540.0,960.0,0.5
4f3dc90e-0e11-4fbb-a481-7f0e76f5fa64,319,10.633333333333333,left_elbow,0.5,0.5,0.0,540.0,960.0,0.5
4f3dc90e-0e11-4fbb-a481-7f0e76f5fa64,319,10.633333333333333,right_elbow,0.5,0.5,0.0,540.0,960.0,0.5
4f3dc90e-0e11-4fbb-a481-7f0e76f5fa64,319,10.633333333333333,left_wrist,0.5,0.5,0.0,540.0,960.0,0.5
4f3dc90e-0e11-4fbb-a481-7f0e76f5fa64,319,10.633333333333333,right_wrist,0.5,0.5,0.0,540.0,960.0,0.5
4f3dc90e-0e11-4fbb-a481-7f0e76f5fa64,319,10.633333333333333,left_hip,0.5,0.5,0.0,540.0,960.0,0.5
4f3dc90e-0e11-4fbb-a481-7f0e76f5fa64,319,10.633333333333333,right_hip,0.5,0.5,0.0,540.0,960.0,0.5
4f3dc90e-0e11-4fbb-a481-7f0e76f5fa64,319,10.633333333333333,left_knee,0.5,0.5,0.0,540.0,960.0,0.5
4f3dc90e-0e11-4fbb-a481-7f0e76f5fa64,319,10.633333333333333,right_knee,0.5,0.5,0.0,540.0,960.0,0.5
4f3dc90e-0e11-4fbb-a481-7f0e76f5fa64,319,10.633333333333333,left_ankle,0.5,0.5,0.0,540.0,960.0,0.5
4f3dc90e-0e11-4fbb-a481-7f0e76f5fa64,319,10.633333333333333,right_ankle,0.5,0.5,0.0,540.0,960.0,0.5
4f3dc90e-0e11-4fbb-a481-7f0e76f5fa64,319,10.633333333333333,left_heel,0.5,0.5,0.0,540.0,960.0,0.5
4f3dc90e-0e11-4fbb-a481-7f0e76f5fa64,319,10.633333333333333,right_heel,0.5,0.5,0.0,540.0,960.0,0.5
4f3dc90e-0e11-4fbb-a481-7f0e76f5fa64,319,10.633333333333333,left_foot_index,0.5,0.5,0.0,540.0,960.0,0.5
4f3dc90e-0e11-4fbb-a481-7f0e76f5fa64,319,10.633333333333333,right_foot_index,0.5,0.5,0.0,540.0,960.0,0.5
4f3dc90e-0e11-4fbb-a481-7f0e76f5fa64,320,10.666666666666666,nose,0.5,0.5,0.0,540.0,960.0,0.5
4f3dc90e-0e11-4fbb-a481-7f0e76f5fa64,320,10.666666666666666,left_shoulder,0.5,0.5,0.0,540.0,960.0,0.5
4f3dc90e-0e11-4fbb-a481-7f0e76f5fa64,320,10.666666666666666,right_shoulder,0.5,0.5,0.0,540.0,960.0,0.5
4f3dc90e-0e11-4fbb-a481-7f0e76f5fa64,320,10.666666666666666,left_elbow,0.5,0.5,0.0,540.0,960.0,0.5
4f3dc90e-0e11-4fbb-a481-7f0e76f5fa64,320,10.666666666666666,right_elbow,0.5,0.5,0.0,540.0,960.0,0.5
4f3dc90e-0e11-4fbb-a481-7f0e76f5fa64,320,10.666666666666666,left_wrist,0.5,0.5,0.0,540.0,960.0,0.5
4f3dc90e-0e11-4fbb-a481-7f0e76f5fa64,320,10.666666666666666,right_wrist,0.5,0.5,0.0,540.0,960.0,0.5
4f3dc90e-0e11-4fbb-a481-7f0e76f5fa64,320,10.666666666666666,left_hip,0.5,0.5,0.0,540.0,960.0,0.5
4f3dc90e-0e11-4fbb-a481-7f0e76f5fa64,320,10.666666666666666,right_hip,0.5,0.5,0.0,540.0,960.0,0.5
4f3dc90e-0e11-4fbb-a481-7f0e76f5fa64,320,10.666666666666666,left_knee,0.5,0.5,0.0,540.0,960.0,0.5
4f3dc90e-0e11-4fbb-a481-7f0e76f5fa64,320,10.666666666666666,right_knee,0.5,0.5,0.0,540.0,960.0,0.5
4f3dc90e-0e11-4fbb-a481-7f0e76f5fa64,320,10.666666666666666,left_ankle,0.5,0.5,0.0,540.0,960.0,0.5
4f3dc90e-0e11-4fbb-a481-7f0e76f5fa64,320,10.666666666666666,right_ankle,0.5,0.5,0.0,540.0,960.0,0.5
4f3dc90e-0e11-4fbb-a481-7f0e76f5fa64,320,10.666666666666666,left_heel,0.5,0.5,0.0,540.0,960.0,0.5
4f3dc90e-0e11-4fbb-a481-7f0e76f5fa64,320,10.666666666666666,right_heel,0.5,0.5,0.0,540.0,960.0,0.5
4f3dc90e-0e11-4fbb-a481-7f0e76f5fa64,320,10.666666666666666,left_foot_index,0.5,0.5,0.0,540.0,960.0,0.5
4f3dc90e-0e11-4fbb-a481-7f0e76f5fa64,320,10.666666666666666,right_foot_index,0.5,0.5,0.0,540.0,960.0,0.5
4f3dc90e-0e11-4fbb-a481-7f0e76f5fa64,321,10.7,nose,0.5,0.5,0.0,540.0,960.0,0.5
4f3dc90e-0e11-4fbb-a481-7f0e76f5fa64,321,10.7,left_shoulder,0.5,0.5,0.0,540.0,960.0,0.5
4f3dc90e-0e11-4fbb-a481-7f0e76f5fa64,321,10.7,right_shoulder,0.5,0.5,0.0,540.0,960.0,0.5
4f3dc90e-0e11-4fbb-a481-7f0e76f5fa64,321,10.7,left_elbow,0.5,0.5,0.0,540.0,960.0,0.5
4f3dc90e-0e11-4fbb-a481-7f0e76f5fa64,321,10.7,right_elbow,0.5,0.5,0.0,540.0,960.0,0.5
4f3dc90e-0e11-4fbb-a481-7f0e76f5fa64,321,10.7,left_wrist,0.5,0.5,0.0,540.0,960.0,0.5
4f3dc90e-0e11-4fbb-a481-7f0e76f5fa64,321,10.7,right_wrist,0.5,0.5,0.0,540.0,960.0,0.5
4f3dc90e-0e11-4fbb-a481-7f0e76f5fa64,321,10.7,left_hip,0.5,0.5,0.0,540.0,960.0,0.5
4f3dc90e-0e11-4fbb-a481-7f0e76f5fa64,321,10.7,right_hip,0.5,0.5,0.0,540.0,960.0,0.5
4f3dc90e-0e11-4fbb-a481-7f0e76f5fa64,321,10.7,left_knee,0.5,0.5,0.0,540.0,960.0,0.5
4f3dc90e-0e11-4fbb-a481-7f0e76f5fa64,321,10.7,right_knee,0.5,0.5,0.0,540.0,960.0,0.5
4f3dc90e-0e11-4fbb-a481-7f0e76f5fa64,321,10.7,left_ankle,0.5,0.5,0.0,540.0,960.0,0.5
4f3dc90e-0e11-4fbb-a481-7f0e76f5fa64,321,10.7,right_ankle,0.5,0.5,0.0,540.0,960.0,0.5
4f3dc90e-0e11-4fbb-a481-7f0e76f5fa64,321,10.7,left_heel,0.5,0.5,0.0,540.0,960.0,0.5
4f3dc90e-0e11-4fbb-a481-7f0e76f5fa64,321,10.7,right_heel,0.5,0.5,0.0,540.0,960.0,0.5
4f3dc90e-0e11-4fbb-a481-7f0e76f5fa64,321,10.7,left_foot_index,0.5,0.5,0.0,540.0,960.0,0.5
4f3dc90e-0e11-4fbb-a481-7f0e76f5fa64,321,10.7,right_foot_index,0.5,0.5,0.0,540.0,960.0,0.5
4f3dc90e-0e11-4fbb-a481-7f0e76f5fa64,322,10.733333333333333,nose,0.5,0.5,0.0,540.0,960.0,0.5
4f3dc90e-0e11-4fbb-a481-7f0e76f5fa64,322,10.733333333333333,left_shoulder,0.5,0.5,0.0,540.0,960.0,0.5
4f3dc90e-0e11-4fbb-a481-7f0e76f5fa64,322,10.733333333333333,right_shoulder,0.5,0.5,0.0,540.0,960.0,0.5
4f3dc90e-0e11-4fbb-a481-7f0e76f5fa64,322,10.733333333333333,left_elbow,0.5,0.5,0.0,540.0,960.0,0.5
4f3dc90e-0e11-4fbb-a481-7f0e76f5fa64,322,10.733333333333333,right_elbow,0.5,0.5,0.0,540.0,960.0,0.5
4f3dc90e-0e11-4fbb-a481-7f0e76f5fa64,322,10.733333333333333,left_wrist,0.5,0.5,0.0,540.0,960.0,0.5
4f3dc90e-0e11-4fbb-a481-7f0e76f5fa64,322,10.733333333333333,right_wrist,0.5,0.5,0.0,540.0,960.0,0.5
4f3dc90e-0e11-4fbb-a481-7f0e76f5fa64,322,10.733333333333333,left_hip,0.5,0.5,0.0,540.0,960.0,0.5
4f3dc90e-0e11-4fbb-a481-7f0e76f5fa64,322,10.733333333333333,right_hip,0.5,0.5,0.0,540.0,960.0,0.5
4f3dc90e-0e11-4fbb-a481-7f0e76f5fa64,322,10.733333333333333,left_knee,0.5,0.5,0.0,540.0,960.0,0.5
4f3dc90e-0e11-4fbb-a481-7f0e76f5fa64,322,10.733333333333333,right_knee,0.5,0.5,0.0,540.0,960.0,0.5
4f3dc90e-0e11-4fbb-a481-7f0e76f5fa64,322,10.733333333333333,left_ankle,0.5,0.5,0.0,540.0,960.0,0.5
4f3dc90e-0e11-4fbb-a481-7f0e76f5fa64,322,10.733333333333333,right_ankle,0.5,0.5,0.0,540.0,960.0,0.5
4f3dc90e-0e11-4fbb-a481-7f0e76f5fa64,322,10.733333333333333,left_heel,0.5,0.5,0.0,540.0,960.0,0.5
4f3dc90e-0e11-4fbb-a481-7f0e76f5fa64,322,10.733333333333333,right_heel,0.5,0.5,0.0,540.0,960.0,0.5
4f3dc90e-0e11-4fbb-a481-7f0e76f5fa64,322,10.733333333333333,left_foot_index,0.5,0.5,0.0,540.0,960.0,0.5
4f3dc90e-0e11-4fbb-a481-7f0e76f5fa64,322,10.733333333333333,right_foot_index,0.5,0.5,0.0,540.0,960.0,0.5
4f3dc90e-0e11-4fbb-a481-7f0e76f5fa64,323,10.766666666666667,nose,0.5,0.5,0.0,540.0,960.0,0.5
4f3dc90e-0e11-4fbb-a481-7f0e76f5fa64,323,10.766666666666667,left_shoulder,0.5,0.5,0.0,540.0,960.0,0.5
4f3dc90e-0e11-4fbb-a481-7f0e76f5fa64,323,10.766666666666667,right_shoulder,0.5,0.5,0.0,540.0,960.0,0.5
4f3dc90e-0e11-4fbb-a481-7f0e76f5fa64,323,10.766666666666667,left_elbow,0.5,0.5,0.0,540.0,960.0,0.5
4f3dc90e-0e11-4fbb-a481-7f0e76f5fa64,323,10.766666666666667,right_elbow,0.5,0.5,0.0,540.0,960.0,0.5
4f3dc90e-0e11-4fbb-a481-7f0e76f5fa64,323,10.766666666666667,left_wrist,0.5,0.5,0.0,540.0,960.0,0.5
4f3dc90e-0e11-4fbb-a481-7f0e76f5fa64,323,10.766666666666667,right_wrist,0.5,0.5,0.0,540.0,960.0,0.5
4f3dc90e-0e11-4fbb-a481-7f0e76f5fa64,323,10.766666666666667,left_hip,0.5,0.5,0.0,540.0,960.0,0.5
4f3dc90e-0e11-4fbb-a481-7f0e76f5fa64,323,10.766666666666667,right_hip,0.5,0.5,0.0,540.0,960.0,0.5
4f3dc90e-0e11-4fbb-a481-7f0e76f5fa64,323,10.766666666666667,left_knee,0.5,0.5,0.0,540.0,960.0,0.5
4f3dc90e-0e11-4fbb-a481-7f0e76f5fa64,323,10.766666666666667,right_knee,0.5,0.5,0.0,540.0,960.0,0.5
4f3dc90e-0e11-4fbb-a481-7f0e76f5fa64,323,10.766666666666667,left_ankle,0.5,0.5,0.0,540.0,960.0,0.5
4f3dc90e-0e11-4fbb-a481-7f0e76f5fa64,323,10.766666666666667,right_ankle,0.5,0.5,0.0,540.0,960.0,0.5
4f3dc90e-0e11-4fbb-a481-7f0e76f5fa64,323,10.766666666666667,left_heel,0.5,0.5,0.0,540.0,960.0,0.5
4f3dc90e-0e11-4fbb-a481-7f0e76f5fa64,323,10.766666666666667,right_heel,0.5,0.5,0.0,540.0,960.0,0.5
4f3dc90e-0e11-4fbb-a481-7f0e76f5fa64,323,10.766666666666667,left_foot_index,0.5,0.5,0.0,540.0,960.0,0.5
4f3dc90e-0e11-4fbb-a481-7f0e76f5fa64,323,10.766666666666667,right_foot_index,0.5,0.5,0.0,540.0,960.0,0.5
4f3dc90e-0e11-4fbb-a481-7f0e76f5fa64,324,10.8,nose,0.5,0.5,0.0,540.0,960.0,0.5
4f3dc90e-0e11-4fbb-a481-7f0e76f5fa64,324,10.8,left_shoulder,0.5,0.5,0.0,540.0,960.0,0.5
4f3dc90e-0e11-4fbb-a481-7f0e76f5fa64,324,10.8,right_shoulder,0.5,0.5,0.0,540.0,960.0,0.5
4f3dc90e-0e11-4fbb-a481-7f0e76f5fa64,324,10.8,left_elbow,0.5,0.5,0.0,540.0,960.0,0.5
4f3dc90e-0e11-4fbb-a481-7f0e76f5fa64,324,10.8,right_elbow,0.5,0.5,0.0,540.0,960.0,0.5
4f3dc90e-0e11-4fbb-a481-7f0e76f5fa64,324,10.8,left_wrist,0.5,0.5,0.0,540.0,960.0,0.5
4f3dc90e-0e11-4fbb-a481-7f0e76f5fa64,324,10.8,right_wrist,0.5,0.5,0.0,540.0,960.0,0.5
4f3dc90e-0e11-4fbb-a481-7f0e76f5fa64,324,10.8,left_hip,0.5,0.5,0.0,540.0,960.0,0.5
4f3dc90e-0e11-4fbb-a481-7f0e76f5fa64,324,10.8,right_hip,0.5,0.5,0.0,540.0,960.0,0.5
4f3dc90e-0e11-4fbb-a481-7f0e76f5fa64,324,10.8,left_knee,0.5,0.5,0.0,540.0,960.0,0.5
4f3dc90e-0e11-4fbb-a481-7f0e76f5fa64,324,10.8,right_knee,0.5,0.5,0.0,540.0,960.0,0.5
4f3dc90e-0e11-4fbb-a481-7f0e76f5fa64,324,10.8,left_ankle,0.5,0.5,0.0,540.0,960.0,0.5
4f3dc90e-0e11-4fbb-a481-7f0e76f5fa64,324,10.8,right_ankle,0.5,0.5,0.0,540.0,960.0,0.5
4f3dc90e-0e11-4fbb-a481-7f0e76f5fa64,324,10.8,left_heel,0.5,0.5,0.0,540.0,960.0,0.5
4f3dc90e-0e11-4fbb-a481-7f0e76f5fa64,324,10.8,right_heel,0.5,0.5,0.0,540.0,960.0,0.5
4f3dc90e-0e11-4fbb-a481-7f0e76f5fa64,324,10.8,left_foot_index,0.5,0.5,0.0,540.0,960.0,0.5
4f3dc90e-0e11-4fbb-a481-7f0e76f5fa64,324,10.8,right_foot_index,0.5,0.5,0.0,540.0,960.0,0.5
4f3dc90e-0e11-4fbb-a481-7f0e76f5fa64,325,10.833333333333334,nose,0.5,0.5,0.0,540.0,960.0,0.5
4f3dc90e-0e11-4fbb-a481-7f0e76f5fa64,325,10.833333333333334,left_shoulder,0.5,0.5,0.0,540.0,960.0,0.5
4f3dc90e-0e11-4fbb-a481-7f0e76f5fa64,325,10.833333333333334,right_shoulder,0.5,0.5,0.0,540.0,960.0,0.5
4f3dc90e-0e11-4fbb-a481-7f0e76f5fa64,325,10.833333333333334,left_elbow,0.5,0.5,0.0,540.0,960.0,0.5
4f3dc90e-0e11-4fbb-a481-7f0e76f5fa64,325,10.833333333333334,right_elbow,0.5,0.5,0.0,540.0,960.0,0.5
4f3dc90e-0e11-4fbb-a481-7f0e76f5fa64,325,10.833333333333334,left_wrist,0.5,0.5,0.0,540.0,960.0,0.5
4f3dc90e-0e11-4fbb-a481-7f0e76f5fa64,325,10.833333333333334,right_wrist,0.5,0.5,0.0,540.0,960.0,0.5
4f3dc90e-0e11-4fbb-a481-7f0e76f5fa64,325,10.833333333333334,left_hip,0.5,0.5,0.0,540.0,960.0,0.5
4f3dc90e-0e11-4fbb-a481-7f0e76f5fa64,325,10.833333333333334,right_hip,0.5,0.5,0.0,540.0,960.0,0.5
4f3dc90e-0e11-4fbb-a481-7f0e76f5fa64,325,10.833333333333334,left_knee,0.5,0.5,0.0,540.0,960.0,0.5
4f3dc90e-0e11-4fbb-a481-7f0e76f5fa64,325,10.833333333333334,right_knee,0.5,0.5,0.0,540.0,960.0,0.5
4f3dc90e-0e11-4fbb-a481-7f0e76f5fa64,325,10.833333333333334,left_ankle,0.5,0.5,0.0,540.0,960.0,0.5
4f3dc90e-0e11-4fbb-a481-7f0e76f5fa64,325,10.833333333333334,right_ankle,0.5,0.5,0.0,540.0,960.0,0.5
4f3dc90e-0e11-4fbb-a481-7f0e76f5fa64,325,10.833333333333334,left_heel,0.5,0.5,0.0,540.0,960.0,0.5
4f3dc90e-0e11-4fbb-a481-7f0e76f5fa64,325,10.833333333333334,right_heel,0.5,0.5,0.0,540.0,960.0,0.5
4f3dc90e-0e11-4fbb-a481-7f0e76f5fa64,325,10.833333333333334,left_foot_index,0.5,0.5,0.0,540.0,960.0,0.5
4f3dc90e-0e11-4fbb-a481-7f0e76f5fa64,325,10.833333333333334,right_foot_index,0.5,0.5,0.0,540.0,960.0,0.5
4f3dc90e-0e11-4fbb-a481-7f0e76f5fa64,326,10.866666666666667,nose,0.5,0.5,0.0,540.0,960.0,0.5
4f3dc90e-0e11-4fbb-a481-7f0e76f5fa64,326,10.866666666666667,left_shoulder,0.5,0.5,0.0,540.0,960.0,0.5
4f3dc90e-0e11-4fbb-a481-7f0e76f5fa64,326,10.866666666666667,right_shoulder,0.5,0.5,0.0,540.0,960.0,0.5
4f3dc90e-0e11-4fbb-a481-7f0e76f5fa64,326,10.866666666666667,left_elbow,0.5,0.5,0.0,540.0,960.0,0.5
4f3dc90e-0e11-4fbb-a481-7f0e76f5fa64,326,10.866666666666667,right_elbow,0.5,0.5,0.0,540.0,960.0,0.5
4f3dc90e-0e11-4fbb-a481-7f0e76f5fa64,326,10.866666666666667,left_wrist,0.5,0.5,0.0,540.0,960.0,0.5
4f3dc90e-0e11-4fbb-a481-7f0e76f5fa64,326,10.866666666666667,right_wrist,0.5,0.5,0.0,540.0,960.0,0.5
4f3dc90e-0e11-4fbb-a481-7f0e76f5fa64,326,10.866666666666667,left_hip,0.5,0.5,0.0,540.0,960.0,0.5
4f3dc90e-0e11-4fbb-a481-7f0e76f5fa64,326,10.866666666666667,right_hip,0.5,0.5,0.0,540.0,960.0,0.5
4f3dc90e-0e11-4fbb-a481-7f0e76f5fa64,326,10.866666666666667,left_knee,0.5,0.5,0.0,540.0,960.0,0.5
4f3dc90e-0e11-4fbb-a481-7f0e76f5fa64,326,10.866666666666667,right_knee,0.5,0.5,0.0,540.0,960.0,0.5
4f3dc90e-0e11-4fbb-a481-7f0e76f5fa64,326,10.866666666666667,left_ankle,0.5,0.5,0.0,540.0,960.0,0.5
4f3dc90e-0e11-4fbb-a481-7f0e76f5fa64,326,10.866666666666667,right_ankle,0.5,0.5,0.0,540.0,960.0,0.5
4f3dc90e-0e11-4fbb-a481-7f0e76f5fa64,326,10.866666666666667,left_heel,0.5,0.5,0.0,540.0,960.0,0.5
4f3dc90e-0e11-4fbb-a481-7f0e76f5fa64,326,10.866666666666667,right_heel,0.5,0.5,0.0,540.0,960.0,0.5
4f3dc90e-0e11-4fbb-a481-7f0e76f5fa64,326,10.866666666666667,left_foot_index,0.5,0.5,0.0,540.0,960.0,0.5
4f3dc90e-0e11-4fbb-a481-7f0e76f5fa64,326,10.866666666666667,right_foot_index,0.5,0.5,0.0,540.0,960.0,0.5
4f3dc90e-0e11-4fbb-a481-7f0e76f5fa64,327,10.9,nose,0.5,0.5,0.0,540.0,960.0,0.5
4f3dc90e-0e11-4fbb-a481-7f0e76f5fa64,327,10.9,left_shoulder,0.5,0.5,0.0,540.0,960.0,0.5
4f3dc90e-0e11-4fbb-a481-7f0e76f5fa64,327,10.9,right_shoulder,0.5,0.5,0.0,540.0,960.0,0.5
4f3dc90e-0e11-4fbb-a481-7f0e76f5fa64,327,10.9,left_elbow,0.5,0.5,0.0,540.0,960.0,0.5
4f3dc90e-0e11-4fbb-a481-7f0e76f5fa64,327,10.9,right_elbow,0.5,0.5,0.0,540.0,960.0,0.5
4f3dc90e-0e11-4fbb-a481-7f0e76f5fa64,327,10.9,left_wrist,0.5,0.5,0.0,540.0,960.0,0.5
4f3dc90e-0e11-4fbb-a481-7f0e76f5fa64,327,10.9,right_wrist,0.5,0.5,0.0,540.0,960.0,0.5
4f3dc90e-0e11-4fbb-a481-7f0e76f5fa64,327,10.9,left_hip,0.5,0.5,0.0,540.0,960.0,0.5
4f3dc90e-0e11-4fbb-a481-7f0e76f5fa64,327,10.9,right_hip,0.5,0.5,0.0,540.0,960.0,0.5
4f3dc90e-0e11-4fbb-a481-7f0e76f5fa64,327,10.9,left_knee,0.5,0.5,0.0,540.0,960.0,0.5
4f3dc90e-0e11-4fbb-a481-7f0e76f5fa64,327,10.9,right_knee,0.5,0.5,0.0,540.0,960.0,0.5
4f3dc90e-0e11-4fbb-a481-7f0e76f5fa64,327,10.9,left_ankle,0.5,0.5,0.0,540.0,960.0,0.5
4f3dc90e-0e11-4fbb-a481-7f0e76f5fa64,327,10.9,right_ankle,0.5,0.5,0.0,540.0,960.0,0.5
4f3dc90e-0e11-4fbb-a481-7f0e76f5fa64,327,10.9,left_heel,0.5,0.5,0.0,540.0,960.0,0.5
4f3dc90e-0e11-4fbb-a481-7f0e76f5fa64,327,10.9,right_heel,0.5,0.5,0.0,540.0,960.0,0.5
4f3dc90e-0e11-4fbb-a481-7f0e76f5fa64,327,10.9,left_foot_index,0.5,0.5,0.0,540.0,960.0,0.5
4f3dc90e-0e11-4fbb-a481-7f0e76f5fa64,327,10.9,right_foot_index,0.5,0.5,0.0,540.0,960.0,0.5
4f3dc90e-0e11-4fbb-a481-7f0e76f5fa64,328,10.933333333333334,nose,0.5,0.5,0.0,540.0,960.0,0.5
4f3dc90e-0e11-4fbb-a481-7f0e76f5fa64,328,10.933333333333334,left_shoulder,0.5,0.5,0.0,540.0,960.0,0.5
4f3dc90e-0e11-4fbb-a481-7f0e76f5fa64,328,10.933333333333334,right_shoulder,0.5,0.5,0.0,540.0,960.0,0.5
4f3dc90e-0e11-4fbb-a481-7f0e76f5fa64,328,10.933333333333334,left_elbow,0.5,0.5,0.0,540.0,960.0,0.5
4f3dc90e-0e11-4fbb-a481-7f0e76f5fa64,328,10.933333333333334,right_elbow,0.5,0.5,0.0,540.0,960.0,0.5
4f3dc90e-0e11-4fbb-a481-7f0e76f5fa64,328,10.933333333333334,left_wrist,0.5,0.5,0.0,540.0,960.0,0.5
4f3dc90e-0e11-4fbb-a481-7f0e76f5fa64,328,10.933333333333334,right_wrist,0.5,0.5,0.0,540.0,960.0,0.5
4f3dc90e-0e11-4fbb-a481-7f0e76f5fa64,328,10.933333333333334,left_hip,0.5,0.5,0.0,540.0,960.0,0.5
4f3dc90e-0e11-4fbb-a481-7f0e76f5fa64,328,10.933333333333334,right_hip,0.5,0.5,0.0,540.0,960.0,0.5
4f3dc90e-0e11-4fbb-a481-7f0e76f5fa64,328,10.933333333333334,left_knee,0.5,0.5,0.0,540.0,960.0,0.5
4f3dc90e-0e11-4fbb-a481-7f0e76f5fa64,328,10.933333333333334,right_knee,0.5,0.5,0.0,540.0,960.0,0.5
4f3dc90e-0e11-4fbb-a481-7f0e76f5fa64,328,10.933333333333334,left_ankle,0.5,0.5,0.0,540.0,960.0,0.5
4f3dc90e-0e11-4fbb-a481-7f0e76f5fa64,328,10.933333333333334,right_ankle,0.5,0.5,0.0,540.0,960.0,0.5
4f3dc90e-0e11-4fbb-a481-7f0e76f5fa64,328,10.933333333333334,left_heel,0.5,0.5,0.0,540.0,960.0,0.5
4f3dc90e-0e11-4fbb-a481-7f0e76f5fa64,328,10.933333333333334,right_heel,0.5,0.5,0.0,540.0,960.0,0.5
4f3dc90e-0e11-4fbb-a481-7f0e76f5fa64,328,10.933333333333334,left_foot_index,0.5,0.5,0.0,540.0,960.0,0.5
4f3dc90e-0e11-4fbb-a481-7f0e76f5fa64,328,10.933333333333334,right_foot_index,0.5,0.5,0.0,540.0,960.0,0.5
4f3dc90e-0e11-4fbb-a481-7f0e76f5fa64,329,10.966666666666667,nose,0.5,0.5,0.0,540.0,960.0,0.5
4f3dc90e-0e11-4fbb-a481-7f0e76f5fa64,329,10.966666666666667,left_shoulder,0.5,0.5,0.0,540.0,960.0,0.5
4f3dc90e-0e11-4fbb-a481-7f0e76f5fa64,329,10.966666666666667,right_shoulder,0.5,0.5,0.0,540.0,960.0,0.5
4f3dc90e-0e11-4fbb-a481-7f0e76f5fa64,329,10.966666666666667,left_elbow,0.5,0.5,0.0,540.0,960.0,0.5
4f3dc90e-0e11-4fbb-a481-7f0e76f5fa64,329,10.966666666666667,right_elbow,0.5,0.5,0.0,540.0,960.0,0.5
4f3dc90e-0e11-4fbb-a481-7f0e76f5fa64,329,10.966666666666667,left_wrist,0.5,0.5,0.0,540.0,960.0,0.5
4f3dc90e-0e11-4fbb-a481-7f0e76f5fa64,329,10.966666666666667,right_wrist,0.5,0.5,0.0,540.0,960.0,0.5
4f3dc90e-0e11-4fbb-a481-7f0e76f5fa64,329,10.966666666666667,left_hip,0.5,0.5,0.0,540.0,960.0,0.5
4f3dc90e-0e11-4fbb-a481-7f0e76f5fa64,329,10.966666666666667,right_hip,0.5,0.5,0.0,540.0,960.0,0.5
4f3dc90e-0e11-4fbb-a481-7f0e76f5fa64,329,10.966666666666667,left_knee,0.5,0.5,0.0,540.0,960.0,0.5
4f3dc90e-0e11-4fbb-a481-7f0e76f5fa64,329,10.966666666666667,right_knee,0.5,0.5,0.0,540.0,960.0,0.5
4f3dc90e-0e11-4fbb-a481-7f0e76f5fa64,329,10.966666666666667,left_ankle,0.5,0.5,0.0,540.0,960.0,0.5
4f3dc90e-0e11-4fbb-a481-7f0e76f5fa64,329,10.966666666666667,right_ankle,0.5,0.5,0.0,540.0,960.0,0.5
4f3dc90e-0e11-4fbb-a481-7f0e76f5fa64,329,10.966666666666667,left_heel,0.5,0.5,0.0,540.0,960.0,0.5
4f3dc90e-0e11-4fbb-a481-7f0e76f5fa64,329,10.966666666666667,right_heel,0.5,0.5,0.0,540.0,960.0,0.5
4f3dc90e-0e11-4fbb-a481-7f0e76f5fa64,329,10.966666666666667,left_foot_index,0.5,0.5,0.0,540.0,960.0,0.5
4f3dc90e-0e11-4fbb-a481-7f0e76f5fa64,329,10.966666666666667,right_foot_index,0.5,0.5,0.0,540.0,960.0,0.5
4f3dc90e-0e11-4fbb-a481-7f0e76f5fa64,330,11.0,nose,0.5,0.5,0.0,540.0,960.0,0.5
4f3dc90e-0e11-4fbb-a481-7f0e76f5fa64,330,11.0,left_shoulder,0.5,0.5,0.0,540.0,960.0,0.5
4f3dc90e-0e11-4fbb-a481-7f0e76f5fa64,330,11.0,right_shoulder,0.5,0.5,0.0,540.0,960.0,0.5
4f3dc90e-0e11-4fbb-a481-7f0e76f5fa64,330,11.0,left_elbow,0.5,0.5,0.0,540.0,960.0,0.5
4f3dc90e-0e11-4fbb-a481-7f0e76f5fa64,330,11.0,right_elbow,0.5,0.5,0.0,540.0,960.0,0.5
4f3dc90e-0e11-4fbb-a481-7f0e76f5fa64,330,11.0,left_wrist,0.5,0.5,0.0,540.0,960.0,0.5
4f3dc90e-0e11-4fbb-a481-7f0e76f5fa64,330,11.0,right_wrist,0.5,0.5,0.0,540.0,960.0,0.5
4f3dc90e-0e11-4fbb-a481-7f0e76f5fa64,330,11.0,left_hip,0.5,0.5,0.0,540.0,960.0,0.5
4f3dc90e-0e11-4fbb-a481-7f0e76f5fa64,330,11.0,right_hip,0.5,0.5,0.0,540.0,960.0,0.5
4f3dc90e-0e11-4fbb-a481-7f0e76f5fa64,330,11.0,left_knee,0.5,0.5,0.0,540.0,960.0,0.5
4f3dc90e-0e11-4fbb-a481-7f0e76f5fa64,330,11.0,right_knee,0.5,0.5,0.0,540.0,960.0,0.5
4f3dc90e-0e11-4fbb-a481-7f0e76f5fa64,330,11.0,left_ankle,0.5,0.5,0.0,540.0,960.0,0.5
4f3dc90e-0e11-4fbb-a481-7f0e76f5fa64,330,11.0,right_ankle,0.5,0.5,0.0,540.0,960.0,0.5
4f3dc90e-0e11-4fbb-a481-7f0e76f5fa64,330,11.0,left_heel,0.5,0.5,0.0,540.0,960.0,0.5
4f3dc90e-0e11-4fbb-a481-7f0e76f5fa64,330,11.0,right_heel,0.5,0.5,0.0,540.0,960.0,0.5
4f3dc90e-0e11-4fbb-a481-7f0e76f5fa64,330,11.0,left_foot_index,0.5,0.5,0.0,540.0,960.0,0.5
4f3dc90e-0e11-4fbb-a481-7f0e76f5fa64,330,11.0,right_foot_index,0.5,0.5,0.0,540.0,960.0,0.5
4f3dc90e-0e11-4fbb-a481-7f0e76f5fa64,331,11.033333333333333,nose,0.5,0.5,0.0,540.0,960.0,0.5
4f3dc90e-0e11-4fbb-a481-7f0e76f5fa64,331,11.033333333333333,left_shoulder,0.5,0.5,0.0,540.0,960.0,0.5
4f3dc90e-0e11-4fbb-a481-7f0e76f5fa64,331,11.033333333333333,right_shoulder,0.5,0.5,0.0,540.0,960.0,0.5
4f3dc90e-0e11-4fbb-a481-7f0e76f5fa64,331,11.033333333333333,left_elbow,0.5,0.5,0.0,540.0,960.0,0.5
4f3dc90e-0e11-4fbb-a481-7f0e76f5fa64,331,11.033333333333333,right_elbow,0.5,0.5,0.0,540.0,960.0,0.5
4f3dc90e-0e11-4fbb-a481-7f0e76f5fa64,331,11.033333333333333,left_wrist,0.5,0.5,0.0,540.0,960.0,0.5
4f3dc90e-0e11-4fbb-a481-7f0e76f5fa64,331,11.033333333333333,right_wrist,0.5,0.5,0.0,540.0,960.0,0.5
4f3dc90e-0e11-4fbb-a481-7f0e76f5fa64,331,11.033333333333333,left_hip,0.5,0.5,0.0,540.0,960.0,0.5
4f3dc90e-0e11-4fbb-a481-7f0e76f5fa64,331,11.033333333333333,right_hip,0.5,0.5,0.0,540.0,960.0,0.5
4f3dc90e-0e11-4fbb-a481-7f0e76f5fa64,331,11.033333333333333,left_knee,0.5,0.5,0.0,540.0,960.0,0.5
4f3dc90e-0e11-4fbb-a481-7f0e76f5fa64,331,11.033333333333333,right_knee,0.5,0.5,0.0,540.0,960.0,0.5
4f3dc90e-0e11-4fbb-a481-7f0e76f5fa64,331,11.033333333333333,left_ankle,0.5,0.5,0.0,540.0,960.0,0.5
4f3dc90e-0e11-4fbb-a481-7f0e76f5fa64,331,11.033333333333333,right_ankle,0.5,0.5,0.0,540.0,960.0,0.5
4f3dc90e-0e11-4fbb-a481-7f0e76f5fa64,331,11.033333333333333,left_heel,0.5,0.5,0.0,540.0,960.0,0.5
4f3dc90e-0e11-4fbb-a481-7f0e76f5fa64,331,11.033333333333333,right_heel,0.5,0.5,0.0,540.0,960.0,0.5
4f3dc90e-0e11-4fbb-a481-7f0e76f5fa64,331,11.033333333333333,left_foot_index,0.5,0.5,0.0,540.0,960.0,0.5
4f3dc90e-0e11-4fbb-a481-7f0e76f5fa64,331,11.033333333333333,right_foot_index,0.5,0.5,0.0,540.0,960.0,0.5
4f3dc90e-0e11-4fbb-a481-7f0e76f5fa64,332,11.066666666666666,nose,0.5,0.5,0.0,540.0,960.0,0.5
4f3dc90e-0e11-4fbb-a481-7f0e76f5fa64,332,11.066666666666666,left_shoulder,0.5,0.5,0.0,540.0,960.0,0.5
4f3dc90e-0e11-4fbb-a481-7f0e76f5fa64,332,11.066666666666666,right_shoulder,0.5,0.5,0.0,540.0,960.0,0.5
4f3dc90e-0e11-4fbb-a481-7f0e76f5fa64,332,11.066666666666666,left_elbow,0.5,0.5,0.0,540.0,960.0,0.5
4f3dc90e-0e11-4fbb-a481-7f0e76f5fa64,332,11.066666666666666,right_elbow,0.5,0.5,0.0,540.0,960.0,0.5
4f3dc90e-0e11-4fbb-a481-7f0e76f5fa64,332,11.066666666666666,left_wrist,0.5,0.5,0.0,540.0,960.0,0.5
4f3dc90e-0e11-4fbb-a481-7f0e76f5fa64,332,11.066666666666666,right_wrist,0.5,0.5,0.0,540.0,960.0,0.5
4f3dc90e-0e11-4fbb-a481-7f0e76f5fa64,332,11.066666666666666,left_hip,0.5,0.5,0.0,540.0,960.0,0.5
4f3dc90e-0e11-4fbb-a481-7f0e76f5fa64,332,11.066666666666666,right_hip,0.5,0.5,0.0,540.0,960.0,0.5
4f3dc90e-0e11-4fbb-a481-7f0e76f5fa64,332,11.066666666666666,left_knee,0.5,0.5,0.0,540.0,960.0,0.5
4f3dc90e-0e11-4fbb-a481-7f0e76f5fa64,332,11.066666666666666,right_knee,0.5,0.5,0.0,540.0,960.0,0.5
4f3dc90e-0e11-4fbb-a481-7f0e76f5fa64,332,11.066666666666666,left_ankle,0.5,0.5,0.0,540.0,960.0,0.5
4f3dc90e-0e11-4fbb-a481-7f0e76f5fa64,332,11.066666666666666,right_ankle,0.5,0.5,0.0,540.0,960.0,0.5
4f3dc90e-0e11-4fbb-a481-7f0e76f5fa64,332,11.066666666666666,left_heel,0.5,0.5,0.0,540.0,960.0,0.5
4f3dc90e-0e11-4fbb-a481-7f0e76f5fa64,332,11.066666666666666,right_heel,0.5,0.5,0.0,540.0,960.0,0.5
4f3dc90e-0e11-4fbb-a481-7f0e76f5fa64,332,11.066666666666666,left_foot_index,0.5,0.5,0.0,540.0,960.0,0.5
4f3dc90e-0e11-4fbb-a481-7f0e76f5fa64,332,11.066666666666666,right_foot_index,0.5,0.5,0.0,540.0,960.0,0.5
4f3dc90e-0e11-4fbb-a481-7f0e76f5fa64,333,11.1,nose,0.5,0.5,0.0,540.0,960.0,0.5
4f3dc90e-0e11-4fbb-a481-7f0e76f5fa64,333,11.1,left_shoulder,0.5,0.5,0.0,540.0,960.0,0.5
4f3dc90e-0e11-4fbb-a481-7f0e76f5fa64,333,11.1,right_shoulder,0.5,0.5,0.0,540.0,960.0,0.5
4f3dc90e-0e11-4fbb-a481-7f0e76f5fa64,333,11.1,left_elbow,0.5,0.5,0.0,540.0,960.0,0.5
4f3dc90e-0e11-4fbb-a481-7f0e76f5fa64,333,11.1,right_elbow,0.5,0.5,0.0,540.0,960.0,0.5
4f3dc90e-0e11-4fbb-a481-7f0e76f5fa64,333,11.1,left_wrist,0.5,0.5,0.0,540.0,960.0,0.5
4f3dc90e-0e11-4fbb-a481-7f0e76f5fa64,333,11.1,right_wrist,0.5,0.5,0.0,540.0,960.0,0.5
4f3dc90e-0e11-4fbb-a481-7f0e76f5fa64,333,11.1,left_hip,0.5,0.5,0.0,540.0,960.0,0.5
4f3dc90e-0e11-4fbb-a481-7f0e76f5fa64,333,11.1,right_hip,0.5,0.5,0.0,540.0,960.0,0.5
4f3dc90e-0e11-4fbb-a481-7f0e76f5fa64,333,11.1,left_knee,0.5,0.5,0.0,540.0,960.0,0.5
4f3dc90e-0e11-4fbb-a481-7f0e76f5fa64,333,11.1,right_knee,0.5,0.5,0.0,540.0,960.0,0.5
4f3dc90e-0e11-4fbb-a481-7f0e76f5fa64,333,11.1,left_ankle,0.5,0.5,0.0,540.0,960.0,0.5
4f3dc90e-0e11-4fbb-a481-7f0e76f5fa64,333,11.1,right_ankle,0.5,0.5,0.0,540.0,960.0,0.5
4f3dc90e-0e11-4fbb-a481-7f0e76f5fa64,333,11.1,left_heel,0.5,0.5,0.0,540.0,960.0,0.5
4f3dc90e-0e11-4fbb-a481-7f0e76f5fa64,333,11.1,right_heel,0.5,0.5,0.0,540.0,960.0,0.5
4f3dc90e-0e11-4fbb-a481-7f0e76f5fa64,333,11.1,left_foot_index,0.5,0.5,0.0,540.0,960.0,0.5
4f3dc90e-0e11-4fbb-a481-7f0e76f5fa64,333,11.1,right_foot_index,0.5,0.5,0.0,540.0,960.0,0.5
4f3dc90e-0e11-4fbb-a481-7f0e76f5fa64,334,11.133333333333333,nose,0.5,0.5,0.0,540.0,960.0,0.5
4f3dc90e-0e11-4fbb-a481-7f0e76f5fa64,334,11.133333333333333,left_shoulder,0.5,0.5,0.0,540.0,960.0,0.5
4f3dc90e-0e11-4fbb-a481-7f0e76f5fa64,334,11.133333333333333,right_shoulder,0.5,0.5,0.0,540.0,960.0,0.5
4f3dc90e-0e11-4fbb-a481-7f0e76f5fa64,334,11.133333333333333,left_elbow,0.5,0.5,0.0,540.0,960.0,0.5
4f3dc90e-0e11-4fbb-a481-7f0e76f5fa64,334,11.133333333333333,right_elbow,0.5,0.5,0.0,540.0,960.0,0.5
4f3dc90e-0e11-4fbb-a481-7f0e76f5fa64,334,11.133333333333333,left_wrist,0.5,0.5,0.0,540.0,960.0,0.5
4f3dc90e-0e11-4fbb-a481-7f0e76f5fa64,334,11.133333333333333,right_wrist,0.5,0.5,0.0,540.0,960.0,0.5
4f3dc90e-0e11-4fbb-a481-7f0e76f5fa64,334,11.133333333333333,left_hip,0.5,0.5,0.0,540.0,960.0,0.5
4f3dc90e-0e11-4fbb-a481-7f0e76f5fa64,334,11.133333333333333,right_hip,0.5,0.5,0.0,540.0,960.0,0.5
4f3dc90e-0e11-4fbb-a481-7f0e76f5fa64,334,11.133333333333333,left_knee,0.5,0.5,0.0,540.0,960.0,0.5
4f3dc90e-0e11-4fbb-a481-7f0e76f5fa64,334,11.133333333333333,right_knee,0.5,0.5,0.0,540.0,960.0,0.5
4f3dc90e-0e11-4fbb-a481-7f0e76f5fa64,334,11.133333333333333,left_ankle,0.5,0.5,0.0,540.0,960.0,0.5
4f3dc90e-0e11-4fbb-a481-7f0e76f5fa64,334,11.133333333333333,right_ankle,0.5,0.5,0.0,540.0,960.0,0.5
4f3dc90e-0e11-4fbb-a481-7f0e76f5fa64,334,11.133333333333333,left_heel,0.5,0.5,0.0,540.0,960.0,0.5
4f3dc90e-0e11-4fbb-a481-7f0e76f5fa64,334,11.133333333333333,right_heel,0.5,0.5,0.0,540.0,960.0,0.5
4f3dc90e-0e11-4fbb-a481-7f0e76f5fa64,334,11.133333333333333,left_foot_index,0.5,0.5,0.0,540.0,960.0,0.5
4f3dc90e-0e11-4fbb-a481-7f0e76f5fa64,334,11.133333333333333,right_foot_index,0.5,0.5,0.0,540.0,960.0,0.5
4f3dc90e-0e11-4fbb-a481-7f0e76f5fa64,335,11.166666666666666,nose,0.5,0.5,0.0,540.0,960.0,0.5
4f3dc90e-0e11-4fbb-a481-7f0e76f5fa64,335,11.166666666666666,left_shoulder,0.5,0.5,0.0,540.0,960.0,0.5
4f3dc90e-0e11-4fbb-a481-7f0e76f5fa64,335,11.166666666666666,right_shoulder,0.5,0.5,0.0,540.0,960.0,0.5
4f3dc90e-0e11-4fbb-a481-7f0e76f5fa64,335,11.166666666666666,left_elbow,0.5,0.5,0.0,540.0,960.0,0.5
4f3dc90e-0e11-4fbb-a481-7f0e76f5fa64,335,11.166666666666666,right_elbow,0.5,0.5,0.0,540.0,960.0,0.5
4f3dc90e-0e11-4fbb-a481-7f0e76f5fa64,335,11.166666666666666,left_wrist,0.5,0.5,0.0,540.0,960.0,0.5
4f3dc90e-0e11-4fbb-a481-7f0e76f5fa64,335,11.166666666666666,right_wrist,0.5,0.5,0.0,540.0,960.0,0.5
4f3dc90e-0e11-4fbb-a481-7f0e76f5fa64,335,11.166666666666666,left_hip,0.5,0.5,0.0,540.0,960.0,0.5
4f3dc90e-0e11-4fbb-a481-7f0e76f5fa64,335,11.166666666666666,right_hip,0.5,0.5,0.0,540.0,960.0,0.5
4f3dc90e-0e11-4fbb-a481-7f0e76f5fa64,335,11.166666666666666,left_knee,0.5,0.5,0.0,540.0,960.0,0.5
4f3dc90e-0e11-4fbb-a481-7f0e76f5fa64,335,11.166666666666666,right_knee,0.5,0.5,0.0,540.0,960.0,0.5
4f3dc90e-0e11-4fbb-a481-7f0e76f5fa64,335,11.166666666666666,left_ankle,0.5,0.5,0.0,540.0,960.0,0.5
4f3dc90e-0e11-4fbb-a481-7f0e76f5fa64,335,11.166666666666666,right_ankle,0.5,0.5,0.0,540.0,960.0,0.5
4f3dc90e-0e11-4fbb-a481-7f0e76f5fa64,335,11.166666666666666,left_heel,0.5,0.5,0.0,540.0,960.0,0.5
4f3dc90e-0e11-4fbb-a481-7f0e76f5fa64,335,11.166666666666666,right_heel,0.5,0.5,0.0,540.0,960.0,0.5
4f3dc90e-0e11-4fbb-a481-7f0e76f5fa64,335,11.166666666666666,left_foot_index,0.5,0.5,0.0,540.0,960.0,0.5
4f3dc90e-0e11-4fbb-a481-7f0e76f5fa64,335,11.166666666666666,right_foot_index,0.5,0.5,0.0,540.0,960.0,0.5
4f3dc90e-0e11-4fbb-a481-7f0e76f5fa64,336,11.2,nose,0.5,0.5,0.0,540.0,960.0,0.5
4f3dc90e-0e11-4fbb-a481-7f0e76f5fa64,336,11.2,left_shoulder,0.5,0.5,0.0,540.0,960.0,0.5
4f3dc90e-0e11-4fbb-a481-7f0e76f5fa64,336,11.2,right_shoulder,0.5,0.5,0.0,540.0,960.0,0.5
4f3dc90e-0e11-4fbb-a481-7f0e76f5fa64,336,11.2,left_elbow,0.5,0.5,0.0,540.0,960.0,0.5
4f3dc90e-0e11-4fbb-a481-7f0e76f5fa64,336,11.2,right_elbow,0.5,0.5,0.0,540.0,960.0,0.5
4f3dc90e-0e11-4fbb-a481-7f0e76f5fa64,336,11.2,left_wrist,0.5,0.5,0.0,540.0,960.0,0.5
4f3dc90e-0e11-4fbb-a481-7f0e76f5fa64,336,11.2,right_wrist,0.5,0.5,0.0,540.0,960.0,0.5
4f3dc90e-0e11-4fbb-a481-7f0e76f5fa64,336,11.2,left_hip,0.5,0.5,0.0,540.0,960.0,0.5
4f3dc90e-0e11-4fbb-a481-7f0e76f5fa64,336,11.2,right_hip,0.5,0.5,0.0,540.0,960.0,0.5
4f3dc90e-0e11-4fbb-a481-7f0e76f5fa64,336,11.2,left_knee,0.5,0.5,0.0,540.0,960.0,0.5
4f3dc90e-0e11-4fbb-a481-7f0e76f5fa64,336,11.2,right_knee,0.5,0.5,0.0,540.0,960.0,0.5
4f3dc90e-0e11-4fbb-a481-7f0e76f5fa64,336,11.2,left_ankle,0.5,0.5,0.0,540.0,960.0,0.5
4f3dc90e-0e11-4fbb-a481-7f0e76f5fa64,336,11.2,right_ankle,0.5,0.5,0.0,540.0,960.0,0.5
4f3dc90e-0e11-4fbb-a481-7f0e76f5fa64,336,11.2,left_heel,0.5,0.5,0.0,540.0,960.0,0.5
4f3dc90e-0e11-4fbb-a481-7f0e76f5fa64,336,11.2,right_heel,0.5,0.5,0.0,540.0,960.0,0.5
4f3dc90e-0e11-4fbb-a481-7f0e76f5fa64,336,11.2,left_foot_index,0.5,0.5,0.0,540.0,960.0,0.5
4f3dc90e-0e11-4fbb-a481-7f0e76f5fa64,336,11.2,right_foot_index,0.5,0.5,0.0,540.0,960.0,0.5
4f3dc90e-0e11-4fbb-a481-7f0e76f5fa64,337,11.233333333333333,nose,0.5,0.5,0.0,540.0,960.0,0.5
4f3dc90e-0e11-4fbb-a481-7f0e76f5fa64,337,11.233333333333333,left_shoulder,0.5,0.5,0.0,540.0,960.0,0.5
4f3dc90e-0e11-4fbb-a481-7f0e76f5fa64,337,11.233333333333333,right_shoulder,0.5,0.5,0.0,540.0,960.0,0.5
4f3dc90e-0e11-4fbb-a481-7f0e76f5fa64,337,11.233333333333333,left_elbow,0.5,0.5,0.0,540.0,960.0,0.5
4f3dc90e-0e11-4fbb-a481-7f0e76f5fa64,337,11.233333333333333,right_elbow,0.5,0.5,0.0,540.0,960.0,0.5
4f3dc90e-0e11-4fbb-a481-7f0e76f5fa64,337,11.233333333333333,left_wrist,0.5,0.5,0.0,540.0,960.0,0.5
4f3dc90e-0e11-4fbb-a481-7f0e76f5fa64,337,11.233333333333333,right_wrist,0.5,0.5,0.0,540.0,960.0,0.5
4f3dc90e-0e11-4fbb-a481-7f0e76f5fa64,337,11.233333333333333,left_hip,0.5,0.5,0.0,540.0,960.0,0.5
4f3dc90e-0e11-4fbb-a481-7f0e76f5fa64,337,11.233333333333333,right_hip,0.5,0.5,0.0,540.0,960.0,0.5
4f3dc90e-0e11-4fbb-a481-7f0e76f5fa64,337,11.233333333333333,left_knee,0.5,0.5,0.0,540.0,960.0,0.5
4f3dc90e-0e11-4fbb-a481-7f0e76f5fa64,337,11.233333333333333,right_knee,0.5,0.5,0.0,540.0,960.0,0.5
4f3dc90e-0e11-4fbb-a481-7f0e76f5fa64,337,11.233333333333333,left_ankle,0.5,0.5,0.0,540.0,960.0,0.5
4f3dc90e-0e11-4fbb-a481-7f0e76f5fa64,337,11.233333333333333,right_ankle,0.5,0.5,0.0,540.0,960.0,0.5
4f3dc90e-0e11-4fbb-a481-7f0e76f5fa64,337,11.233333333333333,left_heel,0.5,0.5,0.0,540.0,960.0,0.5
4f3dc90e-0e11-4fbb-a481-7f0e76f5fa64,337,11.233333333333333,right_heel,0.5,0.5,0.0,540.0,960.0,0.5
4f3dc90e-0e11-4fbb-a481-7f0e76f5fa64,337,11.233333333333333,left_foot_index,0.5,0.5,0.0,540.0,960.0,0.5
4f3dc90e-0e11-4fbb-a481-7f0e76f5fa64,337,11.233333333333333,right_foot_index,0.5,0.5,0.0,540.0,960.0,0.5
4f3dc90e-0e11-4fbb-a481-7f0e76f5fa64,338,11.266666666666667,nose,0.5,0.5,0.0,540.0,960.0,0.5
4f3dc90e-0e11-4fbb-a481-7f0e76f5fa64,338,11.266666666666667,left_shoulder,0.5,0.5,0.0,540.0,960.0,0.5
4f3dc90e-0e11-4fbb-a481-7f0e76f5fa64,338,11.266666666666667,right_shoulder,0.5,0.5,0.0,540.0,960.0,0.5
4f3dc90e-0e11-4fbb-a481-7f0e76f5fa64,338,11.266666666666667,left_elbow,0.5,0.5,0.0,540.0,960.0,0.5
4f3dc90e-0e11-4fbb-a481-7f0e76f5fa64,338,11.266666666666667,right_elbow,0.5,0.5,0.0,540.0,960.0,0.5
4f3dc90e-0e11-4fbb-a481-7f0e76f5fa64,338,11.266666666666667,left_wrist,0.5,0.5,0.0,540.0,960.0,0.5
4f3dc90e-0e11-4fbb-a481-7f0e76f5fa64,338,11.266666666666667,right_wrist,0.5,0.5,0.0,540.0,960.0,0.5
4f3dc90e-0e11-4fbb-a481-7f0e76f5fa64,338,11.266666666666667,left_hip,0.5,0.5,0.0,540.0,960.0,0.5
4f3dc90e-0e11-4fbb-a481-7f0e76f5fa64,338,11.266666666666667,right_hip,0.5,0.5,0.0,540.0,960.0,0.5
4f3dc90e-0e11-4fbb-a481-7f0e76f5fa64,338,11.266666666666667,left_knee,0.5,0.5,0.0,540.0,960.0,0.5
4f3dc90e-0e11-4fbb-a481-7f0e76f5fa64,338,11.266666666666667,right_knee,0.5,0.5,0.0,540.0,960.0,0.5
4f3dc90e-0e11-4fbb-a481-7f0e76f5fa64,338,11.266666666666667,left_ankle,0.5,0.5,0.0,540.0,960.0,0.5
4f3dc90e-0e11-4fbb-a481-7f0e76f5fa64,338,11.266666666666667,right_ankle,0.5,0.5,0.0,540.0,960.0,0.5
4f3dc90e-0e11-4fbb-a481-7f0e76f5fa64,338,11.266666666666667,left_heel,0.5,0.5,0.0,540.0,960.0,0.5
4f3dc90e-0e11-4fbb-a481-7f0e76f5fa64,338,11.266666666666667,right_heel,0.5,0.5,0.0,540.0,960.0,0.5
4f3dc90e-0e11-4fbb-a481-7f0e76f5fa64,338,11.266666666666667,left_foot_index,0.5,0.5,0.0,540.0,960.0,0.5
4f3dc90e-0e11-4fbb-a481-7f0e76f5fa64,338,11.266666666666667,right_foot_index,0.5,0.5,0.0,540.0,960.0,0.5
4f3dc90e-0e11-4fbb-a481-7f0e76f5fa64,339,11.3,nose,0.5,0.5,0.0,540.0,960.0,0.5
4f3dc90e-0e11-4fbb-a481-7f0e76f5fa64,339,11.3,left_shoulder,0.5,0.5,0.0,540.0,960.0,0.5
4f3dc90e-0e11-4fbb-a481-7f0e76f5fa64,339,11.3,right_shoulder,0.5,0.5,0.0,540.0,960.0,0.5
4f3dc90e-0e11-4fbb-a481-7f0e76f5fa64,339,11.3,left_elbow,0.5,0.5,0.0,540.0,960.0,0.5
4f3dc90e-0e11-4fbb-a481-7f0e76f5fa64,339,11.3,right_elbow,0.5,0.5,0.0,540.0,960.0,0.5
4f3dc90e-0e11-4fbb-a481-7f0e76f5fa64,339,11.3,left_wrist,0.5,0.5,0.0,540.0,960.0,0.5
4f3dc90e-0e11-4fbb-a481-7f0e76f5fa64,339,11.3,right_wrist,0.5,0.5,0.0,540.0,960.0,0.5
4f3dc90e-0e11-4fbb-a481-7f0e76f5fa64,339,11.3,left_hip,0.5,0.5,0.0,540.0,960.0,0.5
4f3dc90e-0e11-4fbb-a481-7f0e76f5fa64,339,11.3,right_hip,0.5,0.5,0.0,540.0,960.0,0.5
4f3dc90e-0e11-4fbb-a481-7f0e76f5fa64,339,11.3,left_knee,0.5,0.5,0.0,540.0,960.0,0.5
4f3dc90e-0e11-4fbb-a481-7f0e76f5fa64,339,11.3,right_knee,0.5,0.5,0.0,540.0,960.0,0.5
4f3dc90e-0e11-4fbb-a481-7f0e76f5fa64,339,11.3,left_ankle,0.5,0.5,0.0,540.0,960.0,0.5
4f3dc90e-0e11-4fbb-a481-7f0e76f5fa64,339,11.3,right_ankle,0.5,0.5,0.0,540.0,960.0,0.5
4f3dc90e-0e11-4fbb-a481-7f0e76f5fa64,339,11.3,left_heel,0.5,0.5,0.0,540.0,960.0,0.5
4f3dc90e-0e11-4fbb-a481-7f0e76f5fa64,339,11.3,right_heel,0.5,0.5,0.0,540.0,960.0,0.5
4f3dc90e-0e11-4fbb-a481-7f0e76f5fa64,339,11.3,left_foot_index,0.5,0.5,0.0,540.0,960.0,0.5
4f3dc90e-0e11-4fbb-a481-7f0e76f5fa64,339,11.3,right_foot_index,0.5,0.5,0.0,540.0,960.0,0.5
4f3dc90e-0e11-4fbb-a481-7f0e76f5fa64,340,11.333333333333334,nose,0.5,0.5,0.0,540.0,960.0,0.5
4f3dc90e-0e11-4fbb-a481-7f0e76f5fa64,340,11.333333333333334,left_shoulder,0.5,0.5,0.0,540.0,960.0,0.5
4f3dc90e-0e11-4fbb-a481-7f0e76f5fa64,340,11.333333333333334,right_shoulder,0.5,0.5,0.0,540.0,960.0,0.5
4f3dc90e-0e11-4fbb-a481-7f0e76f5fa64,340,11.333333333333334,left_elbow,0.5,0.5,0.0,540.0,960.0,0.5
4f3dc90e-0e11-4fbb-a481-7f0e76f5fa64,340,11.333333333333334,right_elbow,0.5,0.5,0.0,540.0,960.0,0.5
4f3dc90e-0e11-4fbb-a481-7f0e76f5fa64,340,11.333333333333334,left_wrist,0.5,0.5,0.0,540.0,960.0,0.5
4f3dc90e-0e11-4fbb-a481-7f0e76f5fa64,340,11.333333333333334,right_wrist,0.5,0.5,0.0,540.0,960.0,0.5
4f3dc90e-0e11-4fbb-a481-7f0e76f5fa64,340,11.333333333333334,left_hip,0.5,0.5,0.0,540.0,960.0,0.5
4f3dc90e-0e11-4fbb-a481-7f0e76f5fa64,340,11.333333333333334,right_hip,0.5,0.5,0.0,540.0,960.0,0.5
4f3dc90e-0e11-4fbb-a481-7f0e76f5fa64,340,11.333333333333334,left_knee,0.5,0.5,0.0,540.0,960.0,0.5
4f3dc90e-0e11-4fbb-a481-7f0e76f5fa64,340,11.333333333333334,right_knee,0.5,0.5,0.0,540.0,960.0,0.5
4f3dc90e-0e11-4fbb-a481-7f0e76f5fa64,340,11.333333333333334,left_ankle,0.5,0.5,0.0,540.0,960.0,0.5
4f3dc90e-0e11-4fbb-a481-7f0e76f5fa64,340,11.333333333333334,right_ankle,0.5,0.5,0.0,540.0,960.0,0.5
4f3dc90e-0e11-4fbb-a481-7f0e76f5fa64,340,11.333333333333334,left_heel,0.5,0.5,0.0,540.0,960.0,0.5
4f3dc90e-0e11-4fbb-a481-7f0e76f5fa64,340,11.333333333333334,right_heel,0.5,0.5,0.0,540.0,960.0,0.5
4f3dc90e-0e11-4fbb-a481-7f0e76f5fa64,340,11.333333333333334,left_foot_index,0.5,0.5,0.0,540.0,960.0,0.5
4f3dc90e-0e11-4fbb-a481-7f0e76f5fa64,340,11.333333333333334,right_foot_index,0.5,0.5,0.0,540.0,960.0,0.5
4f3dc90e-0e11-4fbb-a481-7f0e76f5fa64,341,11.366666666666667,nose,0.5,0.5,0.0,540.0,960.0,0.5
4f3dc90e-0e11-4fbb-a481-7f0e76f5fa64,341,11.366666666666667,left_shoulder,0.5,0.5,0.0,540.0,960.0,0.5
4f3dc90e-0e11-4fbb-a481-7f0e76f5fa64,341,11.366666666666667,right_shoulder,0.5,0.5,0.0,540.0,960.0,0.5
4f3dc90e-0e11-4fbb-a481-7f0e76f5fa64,341,11.366666666666667,left_elbow,0.5,0.5,0.0,540.0,960.0,0.5
4f3dc90e-0e11-4fbb-a481-7f0e76f5fa64,341,11.366666666666667,right_elbow,0.5,0.5,0.0,540.0,960.0,0.5
4f3dc90e-0e11-4fbb-a481-7f0e76f5fa64,341,11.366666666666667,left_wrist,0.5,0.5,0.0,540.0,960.0,0.5
4f3dc90e-0e11-4fbb-a481-7f0e76f5fa64,341,11.366666666666667,right_wrist,0.5,0.5,0.0,540.0,960.0,0.5
4f3dc90e-0e11-4fbb-a481-7f0e76f5fa64,341,11.366666666666667,left_hip,0.5,0.5,0.0,540.0,960.0,0.5
4f3dc90e-0e11-4fbb-a481-7f0e76f5fa64,341,11.366666666666667,right_hip,0.5,0.5,0.0,540.0,960.0,0.5
4f3dc90e-0e11-4fbb-a481-7f0e76f5fa64,341,11.366666666666667,left_knee,0.5,0.5,0.0,540.0,960.0,0.5
4f3dc90e-0e11-4fbb-a481-7f0e76f5fa64,341,11.366666666666667,right_knee,0.5,0.5,0.0,540.0,960.0,0.5
4f3dc90e-0e11-4fbb-a481-7f0e76f5fa64,341,11.366666666666667,left_ankle,0.5,0.5,0.0,540.0,960.0,0.5
4f3dc90e-0e11-4fbb-a481-7f0e76f5fa64,341,11.366666666666667,right_ankle,0.5,0.5,0.0,540.0,960.0,0.5
4f3dc90e-0e11-4fbb-a481-7f0e76f5fa64,341,11.366666666666667,left_heel,0.5,0.5,0.0,540.0,960.0,0.5
4f3dc90e-0e11-4fbb-a481-7f0e76f5fa64,341,11.366666666666667,right_heel,0.5,0.5,0.0,540.0,960.0,0.5
4f3dc90e-0e11-4fbb-a481-7f0e76f5fa64,341,11.366666666666667,left_foot_index,0.5,0.5,0.0,540.0,960.0,0.5
4f3dc90e-0e11-4fbb-a481-7f0e76f5fa64,341,11.366666666666667,right_foot_index,0.5,0.5,0.0,540.0,960.0,0.5
4f3dc90e-0e11-4fbb-a481-7f0e76f5fa64,342,11.4,nose,0.5,0.5,0.0,540.0,960.0,0.5
4f3dc90e-0e11-4fbb-a481-7f0e76f5fa64,342,11.4,left_shoulder,0.5,0.5,0.0,540.0,960.0,0.5
4f3dc90e-0e11-4fbb-a481-7f0e76f5fa64,342,11.4,right_shoulder,0.5,0.5,0.0,540.0,960.0,0.5
4f3dc90e-0e11-4fbb-a481-7f0e76f5fa64,342,11.4,left_elbow,0.5,0.5,0.0,540.0,960.0,0.5
4f3dc90e-0e11-4fbb-a481-7f0e76f5fa64,342,11.4,right_elbow,0.5,0.5,0.0,540.0,960.0,0.5
4f3dc90e-0e11-4fbb-a481-7f0e76f5fa64,342,11.4,left_wrist,0.5,0.5,0.0,540.0,960.0,0.5
4f3dc90e-0e11-4fbb-a481-7f0e76f5fa64,342,11.4,right_wrist,0.5,0.5,0.0,540.0,960.0,0.5
4f3dc90e-0e11-4fbb-a481-7f0e76f5fa64,342,11.4,left_hip,0.5,0.5,0.0,540.0,960.0,0.5
4f3dc90e-0e11-4fbb-a481-7f0e76f5fa64,342,11.4,right_hip,0.5,0.5,0.0,540.0,960.0,0.5
4f3dc90e-0e11-4fbb-a481-7f0e76f5fa64,342,11.4,left_knee,0.5,0.5,0.0,540.0,960.0,0.5
4f3dc90e-0e11-4fbb-a481-7f0e76f5fa64,342,11.4,right_knee,0.5,0.5,0.0,540.0,960.0,0.5
4f3dc90e-0e11-4fbb-a481-7f0e76f5fa64,342,11.4,left_ankle,0.5,0.5,0.0,540.0,960.0,0.5
4f3dc90e-0e11-4fbb-a481-7f0e76f5fa64,342,11.4,right_ankle,0.5,0.5,0.0,540.0,960.0,0.5
4f3dc90e-0e11-4fbb-a481-7f0e76f5fa64,342,11.4,left_heel,0.5,0.5,0.0,540.0,960.0,0.5
4f3dc90e-0e11-4fbb-a481-7f0e76f5fa64,342,11.4,right_heel,0.5,0.5,0.0,540.0,960.0,0.5
4f3dc90e-0e11-4fbb-a481-7f0e76f5fa64,342,11.4,left_foot_index,0.5,0.5,0.0,540.0,960.0,0.5
4f3dc90e-0e11-4fbb-a481-7f0e76f5fa64,342,11.4,right_foot_index,0.5,0.5,0.0,540.0,960.0,0.5
4f3dc90e-0e11-4fbb-a481-7f0e76f5fa64,343,11.433333333333334,nose,0.5,0.5,0.0,540.0,960.0,0.5
4f3dc90e-0e11-4fbb-a481-7f0e76f5fa64,343,11.433333333333334,left_shoulder,0.5,0.5,0.0,540.0,960.0,0.5
4f3dc90e-0e11-4fbb-a481-7f0e76f5fa64,343,11.433333333333334,right_shoulder,0.5,0.5,0.0,540.0,960.0,0.5
4f3dc90e-0e11-4fbb-a481-7f0e76f5fa64,343,11.433333333333334,left_elbow,0.5,0.5,0.0,540.0,960.0,0.5
4f3dc90e-0e11-4fbb-a481-7f0e76f5fa64,343,11.433333333333334,right_elbow,0.5,0.5,0.0,540.0,960.0,0.5
4f3dc90e-0e11-4fbb-a481-7f0e76f5fa64,343,11.433333333333334,left_wrist,0.5,0.5,0.0,540.0,960.0,0.5
4f3dc90e-0e11-4fbb-a481-7f0e76f5fa64,343,11.433333333333334,right_wrist,0.5,0.5,0.0,540.0,960.0,0.5
4f3dc90e-0e11-4fbb-a481-7f0e76f5fa64,343,11.433333333333334,left_hip,0.5,0.5,0.0,540.0,960.0,0.5
4f3dc90e-0e11-4fbb-a481-7f0e76f5fa64,343,11.433333333333334,right_hip,0.5,0.5,0.0,540.0,960.0,0.5
4f3dc90e-0e11-4fbb-a481-7f0e76f5fa64,343,11.433333333333334,left_knee,0.5,0.5,0.0,540.0,960.0,0.5
4f3dc90e-0e11-4fbb-a481-7f0e76f5fa64,343,11.433333333333334,right_knee,0.5,0.5,0.0,540.0,960.0,0.5
4f3dc90e-0e11-4fbb-a481-7f0e76f5fa64,343,11.433333333333334,left_ankle,0.5,0.5,0.0,540.0,960.0,0.5
4f3dc90e-0e11-4fbb-a481-7f0e76f5fa64,343,11.433333333333334,right_ankle,0.5,0.5,0.0,540.0,960.0,0.5
4f3dc90e-0e11-4fbb-a481-7f0e76f5fa64,343,11.433333333333334,left_heel,0.5,0.5,0.0,540.0,960.0,0.5
4f3dc90e-0e11-4fbb-a481-7f0e76f5fa64,343,11.433333333333334,right_heel,0.5,0.5,0.0,540.0,960.0,0.5
4f3dc90e-0e11-4fbb-a481-7f0e76f5fa64,343,11.433333333333334,left_foot_index,0.5,0.5,0.0,540.0,960.0,0.5
4f3dc90e-0e11-4fbb-a481-7f0e76f5fa64,343,11.433333333333334,right_foot_index,0.5,0.5,0.0,540.0,960.0,0.5
4f3dc90e-0e11-4fbb-a481-7f0e76f5fa64,344,11.466666666666667,nose,0.5,0.5,0.0,540.0,960.0,0.5
4f3dc90e-0e11-4fbb-a481-7f0e76f5fa64,344,11.466666666666667,left_shoulder,0.5,0.5,0.0,540.0,960.0,0.5
4f3dc90e-0e11-4fbb-a481-7f0e76f5fa64,344,11.466666666666667,right_shoulder,0.5,0.5,0.0,540.0,960.0,0.5
4f3dc90e-0e11-4fbb-a481-7f0e76f5fa64,344,11.466666666666667,left_elbow,0.5,0.5,0.0,540.0,960.0,0.5
4f3dc90e-0e11-4fbb-a481-7f0e76f5fa64,344,11.466666666666667,right_elbow,0.5,0.5,0.0,540.0,960.0,0.5
4f3dc90e-0e11-4fbb-a481-7f0e76f5fa64,344,11.466666666666667,left_wrist,0.5,0.5,0.0,540.0,960.0,0.5
4f3dc90e-0e11-4fbb-a481-7f0e76f5fa64,344,11.466666666666667,right_wrist,0.5,0.5,0.0,540.0,960.0,0.5
4f3dc90e-0e11-4fbb-a481-7f0e76f5fa64,344,11.466666666666667,left_hip,0.5,0.5,0.0,540.0,960.0,0.5
4f3dc90e-0e11-4fbb-a481-7f0e76f5fa64,344,11.466666666666667,right_hip,0.5,0.5,0.0,540.0,960.0,0.5
4f3dc90e-0e11-4fbb-a481-7f0e76f5fa64,344,11.466666666666667,left_knee,0.5,0.5,0.0,540.0,960.0,0.5
4f3dc90e-0e11-4fbb-a481-7f0e76f5fa64,344,11.466666666666667,right_knee,0.5,0.5,0.0,540.0,960.0,0.5
4f3dc90e-0e11-4fbb-a481-7f0e76f5fa64,344,11.466666666666667,left_ankle,0.5,0.5,0.0,540.0,960.0,0.5
4f3dc90e-0e11-4fbb-a481-7f0e76f5fa64,344,11.466666666666667,right_ankle,0.5,0.5,0.0,540.0,960.0,0.5
4f3dc90e-0e11-4fbb-a481-7f0e76f5fa64,344,11.466666666666667,left_heel,0.5,0.5,0.0,540.0,960.0,0.5
4f3dc90e-0e11-4fbb-a481-7f0e76f5fa64,344,11.466666666666667,right_heel,0.5,0.5,0.0,540.0,960.0,0.5
4f3dc90e-0e11-4fbb-a481-7f0e76f5fa64,344,11.466666666666667,left_foot_index,0.5,0.5,0.0,540.0,960.0,0.5
4f3dc90e-0e11-4fbb-a481-7f0e76f5fa64,344,11.466666666666667,right_foot_index,0.5,0.5,0.0,540.0,960.0,0.5
4f3dc90e-0e11-4fbb-a481-7f0e76f5fa64,345,11.5,nose,0.5,0.5,0.0,540.0,960.0,0.5
4f3dc90e-0e11-4fbb-a481-7f0e76f5fa64,345,11.5,left_shoulder,0.5,0.5,0.0,540.0,960.0,0.5
4f3dc90e-0e11-4fbb-a481-7f0e76f5fa64,345,11.5,right_shoulder,0.5,0.5,0.0,540.0,960.0,0.5
4f3dc90e-0e11-4fbb-a481-7f0e76f5fa64,345,11.5,left_elbow,0.5,0.5,0.0,540.0,960.0,0.5
4f3dc90e-0e11-4fbb-a481-7f0e76f5fa64,345,11.5,right_elbow,0.5,0.5,0.0,540.0,960.0,0.5
4f3dc90e-0e11-4fbb-a481-7f0e76f5fa64,345,11.5,left_wrist,0.5,0.5,0.0,540.0,960.0,0.5
4f3dc90e-0e11-4fbb-a481-7f0e76f5fa64,345,11.5,right_wrist,0.5,0.5,0.0,540.0,960.0,0.5
4f3dc90e-0e11-4fbb-a481-7f0e76f5fa64,345,11.5,left_hip,0.5,0.5,0.0,540.0,960.0,0.5
4f3dc90e-0e11-4fbb-a481-7f0e76f5fa64,345,11.5,right_hip,0.5,0.5,0.0,540.0,960.0,0.5
4f3dc90e-0e11-4fbb-a481-7f0e76f5fa64,345,11.5,left_knee,0.5,0.5,0.0,540.0,960.0,0.5
4f3dc90e-0e11-4fbb-a481-7f0e76f5fa64,345,11.5,right_knee,0.5,0.5,0.0,540.0,960.0,0.5
4f3dc90e-0e11-4fbb-a481-7f0e76f5fa64,345,11.5,left_ankle,0.5,0.5,0.0,540.0,960.0,0.5
4f3dc90e-0e11-4fbb-a481-7f0e76f5fa64,345,11.5,right_ankle,0.5,0.5,0.0,540.0,960.0,0.5
4f3dc90e-0e11-4fbb-a481-7f0e76f5fa64,345,11.5,left_heel,0.5,0.5,0.0,540.0,960.0,0.5
4f3dc90e-0e11-4fbb-a481-7f0e76f5fa64,345,11.5,right_heel,0.5,0.5,0.0,540.0,960.0,0.5
4f3dc90e-0e11-4fbb-a481-7f0e76f5fa64,345,11.5,left_foot_index,0.5,0.5,0.0,540.0,960.0,0.5
4f3dc90e-0e11-4fbb-a481-7f0e76f5fa64,345,11.5,right_foot_index,0.5,0.5,0.0,540.0,960.0,0.5
4f3dc90e-0e11-4fbb-a481-7f0e76f5fa64,346,11.533333333333333,nose,0.5,0.5,0.0,540.0,960.0,0.5
4f3dc90e-0e11-4fbb-a481-7f0e76f5fa64,346,11.533333333333333,left_shoulder,0.5,0.5,0.0,540.0,960.0,0.5
4f3dc90e-0e11-4fbb-a481-7f0e76f5fa64,346,11.533333333333333,right_shoulder,0.5,0.5,0.0,540.0,960.0,0.5
4f3dc90e-0e11-4fbb-a481-7f0e76f5fa64,346,11.533333333333333,left_elbow,0.5,0.5,0.0,540.0,960.0,0.5
4f3dc90e-0e11-4fbb-a481-7f0e76f5fa64,346,11.533333333333333,right_elbow,0.5,0.5,0.0,540.0,960.0,0.5
4f3dc90e-0e11-4fbb-a481-7f0e76f5fa64,346,11.533333333333333,left_wrist,0.5,0.5,0.0,540.0,960.0,0.5
4f3dc90e-0e11-4fbb-a481-7f0e76f5fa64,346,11.533333333333333,right_wrist,0.5,0.5,0.0,540.0,960.0,0.5
4f3dc90e-0e11-4fbb-a481-7f0e76f5fa64,346,11.533333333333333,left_hip,0.5,0.5,0.0,540.0,960.0,0.5
4f3dc90e-0e11-4fbb-a481-7f0e76f5fa64,346,11.533333333333333,right_hip,0.5,0.5,0.0,540.0,960.0,0.5
4f3dc90e-0e11-4fbb-a481-7f0e76f5fa64,346,11.533333333333333,left_knee,0.5,0.5,0.0,540.0,960.0,0.5
4f3dc90e-0e11-4fbb-a481-7f0e76f5fa64,346,11.533333333333333,right_knee,0.5,0.5,0.0,540.0,960.0,0.5
4f3dc90e-0e11-4fbb-a481-7f0e76f5fa64,346,11.533333333333333,left_ankle,0.5,0.5,0.0,540.0,960.0,0.5
4f3dc90e-0e11-4fbb-a481-7f0e76f5fa64,346,11.533333333333333,right_ankle,0.5,0.5,0.0,540.0,960.0,0.5
4f3dc90e-0e11-4fbb-a481-7f0e76f5fa64,346,11.533333333333333,left_heel,0.5,0.5,0.0,540.0,960.0,0.5
4f3dc90e-0e11-4fbb-a481-7f0e76f5fa64,346,11.533333333333333,right_heel,0.5,0.5,0.0,540.0,960.0,0.5
4f3dc90e-0e11-4fbb-a481-7f0e76f5fa64,346,11.533333333333333,left_foot_index,0.5,0.5,0.0,540.0,960.0,0.5
4f3dc90e-0e11-4fbb-a481-7f0e76f5fa64,346,11.533333333333333,right_foot_index,0.5,0.5,0.0,540.0,960.0,0.5
4f3dc90e-0e11-4fbb-a481-7f0e76f5fa64,347,11.566666666666666,nose,0.5,0.5,0.0,540.0,960.0,0.5
4f3dc90e-0e11-4fbb-a481-7f0e76f5fa64,347,11.566666666666666,left_shoulder,0.5,0.5,0.0,540.0,960.0,0.5
4f3dc90e-0e11-4fbb-a481-7f0e76f5fa64,347,11.566666666666666,right_shoulder,0.5,0.5,0.0,540.0,960.0,0.5
4f3dc90e-0e11-4fbb-a481-7f0e76f5fa64,347,11.566666666666666,left_elbow,0.5,0.5,0.0,540.0,960.0,0.5
4f3dc90e-0e11-4fbb-a481-7f0e76f5fa64,347,11.566666666666666,right_elbow,0.5,0.5,0.0,540.0,960.0,0.5
4f3dc90e-0e11-4fbb-a481-7f0e76f5fa64,347,11.566666666666666,left_wrist,0.5,0.5,0.0,540.0,960.0,0.5
4f3dc90e-0e11-4fbb-a481-7f0e76f5fa64,347,11.566666666666666,right_wrist,0.5,0.5,0.0,540.0,960.0,0.5
4f3dc90e-0e11-4fbb-a481-7f0e76f5fa64,347,11.566666666666666,left_hip,0.5,0.5,0.0,540.0,960.0,0.5
4f3dc90e-0e11-4fbb-a481-7f0e76f5fa64,347,11.566666666666666,right_hip,0.5,0.5,0.0,540.0,960.0,0.5
4f3dc90e-0e11-4fbb-a481-7f0e76f5fa64,347,11.566666666666666,left_knee,0.5,0.5,0.0,540.0,960.0,0.5
4f3dc90e-0e11-4fbb-a481-7f0e76f5fa64,347,11.566666666666666,right_knee,0.5,0.5,0.0,540.0,960.0,0.5
4f3dc90e-0e11-4fbb-a481-7f0e76f5fa64,347,11.566666666666666,left_ankle,0.5,0.5,0.0,540.0,960.0,0.5
4f3dc90e-0e11-4fbb-a481-7f0e76f5fa64,347,11.566666666666666,right_ankle,0.5,0.5,0.0,540.0,960.0,0.5
4f3dc90e-0e11-4fbb-a481-7f0e76f5fa64,347,11.566666666666666,left_heel,0.5,0.5,0.0,540.0,960.0,0.5
4f3dc90e-0e11-4fbb-a481-7f0e76f5fa64,347,11.566666666666666,right_heel,0.5,0.5,0.0,540.0,960.0,0.5
4f3dc90e-0e11-4fbb-a481-7f0e76f5fa64,347,11.566666666666666,left_foot_index,0.5,0.5,0.0,540.0,960.0,0.5
4f3dc90e-0e11-4fbb-a481-7f0e76f5fa64,347,11.566666666666666,right_foot_index,0.5,0.5,0.0,540.0,960.0,0.5
4f3dc90e-0e11-4fbb-a481-7f0e76f5fa64,348,11.6,nose,0.5,0.5,0.0,540.0,960.0,0.5
4f3dc90e-0e11-4fbb-a481-7f0e76f5fa64,348,11.6,left_shoulder,0.5,0.5,0.0,540.0,960.0,0.5
4f3dc90e-0e11-4fbb-a481-7f0e76f5fa64,348,11.6,right_shoulder,0.5,0.5,0.0,540.0,960.0,0.5
4f3dc90e-0e11-4fbb-a481-7f0e76f5fa64,348,11.6,left_elbow,0.5,0.5,0.0,540.0,960.0,0.5
4f3dc90e-0e11-4fbb-a481-7f0e76f5fa64,348,11.6,right_elbow,0.5,0.5,0.0,540.0,960.0,0.5
4f3dc90e-0e11-4fbb-a481-7f0e76f5fa64,348,11.6,left_wrist,0.5,0.5,0.0,540.0,960.0,0.5
4f3dc90e-0e11-4fbb-a481-7f0e76f5fa64,348,11.6,right_wrist,0.5,0.5,0.0,540.0,960.0,0.5
4f3dc90e-0e11-4fbb-a481-7f0e76f5fa64,348,11.6,left_hip,0.5,0.5,0.0,540.0,960.0,0.5
4f3dc90e-0e11-4fbb-a481-7f0e76f5fa64,348,11.6,right_hip,0.5,0.5,0.0,540.0,960.0,0.5
4f3dc90e-0e11-4fbb-a481-7f0e76f5fa64,348,11.6,left_knee,0.5,0.5,0.0,540.0,960.0,0.5
4f3dc90e-0e11-4fbb-a481-7f0e76f5fa64,348,11.6,right_knee,0.5,0.5,0.0,540.0,960.0,0.5
4f3dc90e-0e11-4fbb-a481-7f0e76f5fa64,348,11.6,left_ankle,0.5,0.5,0.0,540.0,960.0,0.5
4f3dc90e-0e11-4fbb-a481-7f0e76f5fa64,348,11.6,right_ankle,0.5,0.5,0.0,540.0,960.0,0.5
4f3dc90e-0e11-4fbb-a481-7f0e76f5fa64,348,11.6,left_heel,0.5,0.5,0.0,540.0,960.0,0.5
4f3dc90e-0e11-4fbb-a481-7f0e76f5fa64,348,11.6,right_heel,0.5,0.5,0.0,540.0,960.0,0.5
4f3dc90e-0e11-4fbb-a481-7f0e76f5fa64,348,11.6,left_foot_index,0.5,0.5,0.0,540.0,960.0,0.5
4f3dc90e-0e11-4fbb-a481-7f0e76f5fa64,348,11.6,right_foot_index,0.5,0.5,0.0,540.0,960.0,0.5
4f3dc90e-0e11-4fbb-a481-7f0e76f5fa64,349,11.633333333333333,nose,0.5,0.5,0.0,540.0,960.0,0.5
4f3dc90e-0e11-4fbb-a481-7f0e76f5fa64,349,11.633333333333333,left_shoulder,0.5,0.5,0.0,540.0,960.0,0.5
4f3dc90e-0e11-4fbb-a481-7f0e76f5fa64,349,11.633333333333333,right_shoulder,0.5,0.5,0.0,540.0,960.0,0.5
4f3dc90e-0e11-4fbb-a481-7f0e76f5fa64,349,11.633333333333333,left_elbow,0.5,0.5,0.0,540.0,960.0,0.5
4f3dc90e-0e11-4fbb-a481-7f0e76f5fa64,349,11.633333333333333,right_elbow,0.5,0.5,0.0,540.0,960.0,0.5
4f3dc90e-0e11-4fbb-a481-7f0e76f5fa64,349,11.633333333333333,left_wrist,0.5,0.5,0.0,540.0,960.0,0.5
4f3dc90e-0e11-4fbb-a481-7f0e76f5fa64,349,11.633333333333333,right_wrist,0.5,0.5,0.0,540.0,960.0,0.5
4f3dc90e-0e11-4fbb-a481-7f0e76f5fa64,349,11.633333333333333,left_hip,0.5,0.5,0.0,540.0,960.0,0.5
4f3dc90e-0e11-4fbb-a481-7f0e76f5fa64,349,11.633333333333333,right_hip,0.5,0.5,0.0,540.0,960.0,0.5
4f3dc90e-0e11-4fbb-a481-7f0e76f5fa64,349,11.633333333333333,left_knee,0.5,0.5,0.0,540.0,960.0,0.5
4f3dc90e-0e11-4fbb-a481-7f0e76f5fa64,349,11.633333333333333,right_knee,0.5,0.5,0.0,540.0,960.0,0.5
4f3dc90e-0e11-4fbb-a481-7f0e76f5fa64,349,11.633333333333333,left_ankle,0.5,0.5,0.0,540.0,960.0,0.5
4f3dc90e-0e11-4fbb-a481-7f0e76f5fa64,349,11.633333333333333,right_ankle,0.5,0.5,0.0,540.0,960.0,0.5
4f3dc90e-0e11-4fbb-a481-7f0e76f5fa64,349,11.633333333333333,left_heel,0.5,0.5,0.0,540.0,960.0,0.5
4f3dc90e-0e11-4fbb-a481-7f0e76f5fa64,349,11.633333333333333,right_heel,0.5,0.5,0.0,540.0,960.0,0.5
4f3dc90e-0e11-4fbb-a481-7f0e76f5fa64,349,11.633333333333333,left_foot_index,0.5,0.5,0.0,540.0,960.0,0.5
4f3dc90e-0e11-4fbb-a481-7f0e76f5fa64,349,11.633333333333333,right_foot_index,0.5,0.5,0.0,540.0,960.0,0.5
4f3dc90e-0e11-4fbb-a481-7f0e76f5fa64,350,11.666666666666666,nose,0.5,0.5,0.0,540.0,960.0,0.5
4f3dc90e-0e11-4fbb-a481-7f0e76f5fa64,350,11.666666666666666,left_shoulder,0.5,0.5,0.0,540.0,960.0,0.5
4f3dc90e-0e11-4fbb-a481-7f0e76f5fa64,350,11.666666666666666,right_shoulder,0.5,0.5,0.0,540.0,960.0,0.5
4f3dc90e-0e11-4fbb-a481-7f0e76f5fa64,350,11.666666666666666,left_elbow,0.5,0.5,0.0,540.0,960.0,0.5
4f3dc90e-0e11-4fbb-a481-7f0e76f5fa64,350,11.666666666666666,right_elbow,0.5,0.5,0.0,540.0,960.0,0.5
4f3dc90e-0e11-4fbb-a481-7f0e76f5fa64,350,11.666666666666666,left_wrist,0.5,0.5,0.0,540.0,960.0,0.5
4f3dc90e-0e11-4fbb-a481-7f0e76f5fa64,350,11.666666666666666,right_wrist,0.5,0.5,0.0,540.0,960.0,0.5
4f3dc90e-0e11-4fbb-a481-7f0e76f5fa64,350,11.666666666666666,left_hip,0.5,0.5,0.0,540.0,960.0,0.5
4f3dc90e-0e11-4fbb-a481-7f0e76f5fa64,350,11.666666666666666,right_hip,0.5,0.5,0.0,540.0,960.0,0.5
4f3dc90e-0e11-4fbb-a481-7f0e76f5fa64,350,11.666666666666666,left_knee,0.5,0.5,0.0,540.0,960.0,0.5
4f3dc90e-0e11-4fbb-a481-7f0e76f5fa64,350,11.666666666666666,right_knee,0.5,0.5,0.0,540.0,960.0,0.5
4f3dc90e-0e11-4fbb-a481-7f0e76f5fa64,350,11.666666666666666,left_ankle,0.5,0.5,0.0,540.0,960.0,0.5
4f3dc90e-0e11-4fbb-a481-7f0e76f5fa64,350,11.666666666666666,right_ankle,0.5,0.5,0.0,540.0,960.0,0.5
4f3dc90e-0e11-4fbb-a481-7f0e76f5fa64,350,11.666666666666666,left_heel,0.5,0.5,0.0,540.0,960.0,0.5
4f3dc90e-0e11-4fbb-a481-7f0e76f5fa64,350,11.666666666666666,right_heel,0.5,0.5,0.0,540.0,960.0,0.5
4f3dc90e-0e11-4fbb-a481-7f0e76f5fa64,350,11.666666666666666,left_foot_index,0.5,0.5,0.0,540.0,960.0,0.5
4f3dc90e-0e11-4fbb-a481-7f0e76f5fa64,350,11.666666666666666,right_foot_index,0.5,0.5,0.0,540.0,960.0,0.5
4f3dc90e-0e11-4fbb-a481-7f0e76f5fa64,351,11.7,nose,0.5,0.5,0.0,540.0,960.0,0.5
4f3dc90e-0e11-4fbb-a481-7f0e76f5fa64,351,11.7,left_shoulder,0.5,0.5,0.0,540.0,960.0,0.5
4f3dc90e-0e11-4fbb-a481-7f0e76f5fa64,351,11.7,right_shoulder,0.5,0.5,0.0,540.0,960.0,0.5
4f3dc90e-0e11-4fbb-a481-7f0e76f5fa64,351,11.7,left_elbow,0.5,0.5,0.0,540.0,960.0,0.5
4f3dc90e-0e11-4fbb-a481-7f0e76f5fa64,351,11.7,right_elbow,0.5,0.5,0.0,540.0,960.0,0.5
4f3dc90e-0e11-4fbb-a481-7f0e76f5fa64,351,11.7,left_wrist,0.5,0.5,0.0,540.0,960.0,0.5
4f3dc90e-0e11-4fbb-a481-7f0e76f5fa64,351,11.7,right_wrist,0.5,0.5,0.0,540.0,960.0,0.5
4f3dc90e-0e11-4fbb-a481-7f0e76f5fa64,351,11.7,left_hip,0.5,0.5,0.0,540.0,960.0,0.5
4f3dc90e-0e11-4fbb-a481-7f0e76f5fa64,351,11.7,right_hip,0.5,0.5,0.0,540.0,960.0,0.5
4f3dc90e-0e11-4fbb-a481-7f0e76f5fa64,351,11.7,left_knee,0.5,0.5,0.0,540.0,960.0,0.5
4f3dc90e-0e11-4fbb-a481-7f0e76f5fa64,351,11.7,right_knee,0.5,0.5,0.0,540.0,960.0,0.5
4f3dc90e-0e11-4fbb-a481-7f0e76f5fa64,351,11.7,left_ankle,0.5,0.5,0.0,540.0,960.0,0.5
4f3dc90e-0e11-4fbb-a481-7f0e76f5fa64,351,11.7,right_ankle,0.5,0.5,0.0,540.0,960.0,0.5
4f3dc90e-0e11-4fbb-a481-7f0e76f5fa64,351,11.7,left_heel,0.5,0.5,0.0,540.0,960.0,0.5
4f3dc90e-0e11-4fbb-a481-7f0e76f5fa64,351,11.7,right_heel,0.5,0.5,0.0,540.0,960.0,0.5
4f3dc90e-0e11-4fbb-a481-7f0e76f5fa64,351,11.7,left_foot_index,0.5,0.5,0.0,540.0,960.0,0.5
4f3dc90e-0e11-4fbb-a481-7f0e76f5fa64,351,11.7,right_foot_index,0.5,0.5,0.0,540.0,960.0,0.5
4f3dc90e-0e11-4fbb-a481-7f0e76f5fa64,352,11.733333333333333,nose,0.5,0.5,0.0,540.0,960.0,0.5
4f3dc90e-0e11-4fbb-a481-7f0e76f5fa64,352,11.733333333333333,left_shoulder,0.5,0.5,0.0,540.0,960.0,0.5
4f3dc90e-0e11-4fbb-a481-7f0e76f5fa64,352,11.733333333333333,right_shoulder,0.5,0.5,0.0,540.0,960.0,0.5
4f3dc90e-0e11-4fbb-a481-7f0e76f5fa64,352,11.733333333333333,left_elbow,0.5,0.5,0.0,540.0,960.0,0.5
4f3dc90e-0e11-4fbb-a481-7f0e76f5fa64,352,11.733333333333333,right_elbow,0.5,0.5,0.0,540.0,960.0,0.5
4f3dc90e-0e11-4fbb-a481-7f0e76f5fa64,352,11.733333333333333,left_wrist,0.5,0.5,0.0,540.0,960.0,0.5
4f3dc90e-0e11-4fbb-a481-7f0e76f5fa64,352,11.733333333333333,right_wrist,0.5,0.5,0.0,540.0,960.0,0.5
4f3dc90e-0e11-4fbb-a481-7f0e76f5fa64,352,11.733333333333333,left_hip,0.5,0.5,0.0,540.0,960.0,0.5
4f3dc90e-0e11-4fbb-a481-7f0e76f5fa64,352,11.733333333333333,right_hip,0.5,0.5,0.0,540.0,960.0,0.5
4f3dc90e-0e11-4fbb-a481-7f0e76f5fa64,352,11.733333333333333,left_knee,0.5,0.5,0.0,540.0,960.0,0.5
4f3dc90e-0e11-4fbb-a481-7f0e76f5fa64,352,11.733333333333333,right_knee,0.5,0.5,0.0,540.0,960.0,0.5
4f3dc90e-0e11-4fbb-a481-7f0e76f5fa64,352,11.733333333333333,left_ankle,0.5,0.5,0.0,540.0,960.0,0.5
4f3dc90e-0e11-4fbb-a481-7f0e76f5fa64,352,11.733333333333333,right_ankle,0.5,0.5,0.0,540.0,960.0,0.5
4f3dc90e-0e11-4fbb-a481-7f0e76f5fa64,352,11.733333333333333,left_heel,0.5,0.5,0.0,540.0,960.0,0.5
4f3dc90e-0e11-4fbb-a481-7f0e76f5fa64,352,11.733333333333333,right_heel,0.5,0.5,0.0,540.0,960.0,0.5
4f3dc90e-0e11-4fbb-a481-7f0e76f5fa64,352,11.733333333333333,left_foot_index,0.5,0.5,0.0,540.0,960.0,0.5
4f3dc90e-0e11-4fbb-a481-7f0e76f5fa64,352,11.733333333333333,right_foot_index,0.5,0.5,0.0,540.0,960.0,0.5
4f3dc90e-0e11-4fbb-a481-7f0e76f5fa64,353,11.766666666666667,nose,0.5,0.5,0.0,540.0,960.0,0.5
4f3dc90e-0e11-4fbb-a481-7f0e76f5fa64,353,11.766666666666667,left_shoulder,0.5,0.5,0.0,540.0,960.0,0.5
4f3dc90e-0e11-4fbb-a481-7f0e76f5fa64,353,11.766666666666667,right_shoulder,0.5,0.5,0.0,540.0,960.0,0.5
4f3dc90e-0e11-4fbb-a481-7f0e76f5fa64,353,11.766666666666667,left_elbow,0.5,0.5,0.0,540.0,960.0,0.5
4f3dc90e-0e11-4fbb-a481-7f0e76f5fa64,353,11.766666666666667,right_elbow,0.5,0.5,0.0,540.0,960.0,0.5
4f3dc90e-0e11-4fbb-a481-7f0e76f5fa64,353,11.766666666666667,left_wrist,0.5,0.5,0.0,540.0,960.0,0.5
4f3dc90e-0e11-4fbb-a481-7f0e76f5fa64,353,11.766666666666667,right_wrist,0.5,0.5,0.0,540.0,960.0,0.5
4f3dc90e-0e11-4fbb-a481-7f0e76f5fa64,353,11.766666666666667,left_hip,0.5,0.5,0.0,540.0,960.0,0.5
4f3dc90e-0e11-4fbb-a481-7f0e76f5fa64,353,11.766666666666667,right_hip,0.5,0.5,0.0,540.0,960.0,0.5
4f3dc90e-0e11-4fbb-a481-7f0e76f5fa64,353,11.766666666666667,left_knee,0.5,0.5,0.0,540.0,960.0,0.5
4f3dc90e-0e11-4fbb-a481-7f0e76f5fa64,353,11.766666666666667,right_knee,0.5,0.5,0.0,540.0,960.0,0.5
4f3dc90e-0e11-4fbb-a481-7f0e76f5fa64,353,11.766666666666667,left_ankle,0.5,0.5,0.0,540.0,960.0,0.5
4f3dc90e-0e11-4fbb-a481-7f0e76f5fa64,353,11.766666666666667,right_ankle,0.5,0.5,0.0,540.0,960.0,0.5
4f3dc90e-0e11-4fbb-a481-7f0e76f5fa64,353,11.766666666666667,left_heel,0.5,0.5,0.0,540.0,960.0,0.5
4f3dc90e-0e11-4fbb-a481-7f0e76f5fa64,353,11.766666666666667,right_heel,0.5,0.5,0.0,540.0,960.0,0.5
4f3dc90e-0e11-4fbb-a481-7f0e76f5fa64,353,11.766666666666667,left_foot_index,0.5,0.5,0.0,540.0,960.0,0.5
4f3dc90e-0e11-4fbb-a481-7f0e76f5fa64,353,11.766666666666667,right_foot_index,0.5,0.5,0.0,540.0,960.0,0.5
4f3dc90e-0e11-4fbb-a481-7f0e76f5fa64,354,11.8,nose,0.5,0.5,0.0,540.0,960.0,0.5
4f3dc90e-0e11-4fbb-a481-7f0e76f5fa64,354,11.8,left_shoulder,0.5,0.5,0.0,540.0,960.0,0.5
4f3dc90e-0e11-4fbb-a481-7f0e76f5fa64,354,11.8,right_shoulder,0.5,0.5,0.0,540.0,960.0,0.5
4f3dc90e-0e11-4fbb-a481-7f0e76f5fa64,354,11.8,left_elbow,0.5,0.5,0.0,540.0,960.0,0.5
4f3dc90e-0e11-4fbb-a481-7f0e76f5fa64,354,11.8,right_elbow,0.5,0.5,0.0,540.0,960.0,0.5
4f3dc90e-0e11-4fbb-a481-7f0e76f5fa64,354,11.8,left_wrist,0.5,0.5,0.0,540.0,960.0,0.5
4f3dc90e-0e11-4fbb-a481-7f0e76f5fa64,354,11.8,right_wrist,0.5,0.5,0.0,540.0,960.0,0.5
4f3dc90e-0e11-4fbb-a481-7f0e76f5fa64,354,11.8,left_hip,0.5,0.5,0.0,540.0,960.0,0.5
4f3dc90e-0e11-4fbb-a481-7f0e76f5fa64,354,11.8,right_hip,0.5,0.5,0.0,540.0,960.0,0.5
4f3dc90e-0e11-4fbb-a481-7f0e76f5fa64,354,11.8,left_knee,0.5,0.5,0.0,540.0,960.0,0.5
4f3dc90e-0e11-4fbb-a481-7f0e76f5fa64,354,11.8,right_knee,0.5,0.5,0.0,540.0,960.0,0.5
4f3dc90e-0e11-4fbb-a481-7f0e76f5fa64,354,11.8,left_ankle,0.5,0.5,0.0,540.0,960.0,0.5
4f3dc90e-0e11-4fbb-a481-7f0e76f5fa64,354,11.8,right_ankle,0.5,0.5,0.0,540.0,960.0,0.5
4f3dc90e-0e11-4fbb-a481-7f0e76f5fa64,354,11.8,left_heel,0.5,0.5,0.0,540.0,960.0,0.5
4f3dc90e-0e11-4fbb-a481-7f0e76f5fa64,354,11.8,right_heel,0.5,0.5,0.0,540.0,960.0,0.5
4f3dc90e-0e11-4fbb-a481-7f0e76f5fa64,354,11.8,left_foot_index,0.5,0.5,0.0,540.0,960.0,0.5
4f3dc90e-0e11-4fbb-a481-7f0e76f5fa64,354,11.8,right_foot_index,0.5,0.5,0.0,540.0,960.0,0.5
4f3dc90e-0e11-4fbb-a481-7f0e76f5fa64,355,11.833333333333334,nose,0.5,0.5,0.0,540.0,960.0,0.5
4f3dc90e-0e11-4fbb-a481-7f0e76f5fa64,355,11.833333333333334,left_shoulder,0.5,0.5,0.0,540.0,960.0,0.5
4f3dc90e-0e11-4fbb-a481-7f0e76f5fa64,355,11.833333333333334,right_shoulder,0.5,0.5,0.0,540.0,960.0,0.5
4f3dc90e-0e11-4fbb-a481-7f0e76f5fa64,355,11.833333333333334,left_elbow,0.5,0.5,0.0,540.0,960.0,0.5
4f3dc90e-0e11-4fbb-a481-7f0e76f5fa64,355,11.833333333333334,right_elbow,0.5,0.5,0.0,540.0,960.0,0.5
4f3dc90e-0e11-4fbb-a481-7f0e76f5fa64,355,11.833333333333334,left_wrist,0.5,0.5,0.0,540.0,960.0,0.5
4f3dc90e-0e11-4fbb-a481-7f0e76f5fa64,355,11.833333333333334,right_wrist,0.5,0.5,0.0,540.0,960.0,0.5
4f3dc90e-0e11-4fbb-a481-7f0e76f5fa64,355,11.833333333333334,left_hip,0.5,0.5,0.0,540.0,960.0,0.5
4f3dc90e-0e11-4fbb-a481-7f0e76f5fa64,355,11.833333333333334,right_hip,0.5,0.5,0.0,540.0,960.0,0.5
4f3dc90e-0e11-4fbb-a481-7f0e76f5fa64,355,11.833333333333334,left_knee,0.5,0.5,0.0,540.0,960.0,0.5
4f3dc90e-0e11-4fbb-a481-7f0e76f5fa64,355,11.833333333333334,right_knee,0.5,0.5,0.0,540.0,960.0,0.5
4f3dc90e-0e11-4fbb-a481-7f0e76f5fa64,355,11.833333333333334,left_ankle,0.5,0.5,0.0,540.0,960.0,0.5
4f3dc90e-0e11-4fbb-a481-7f0e76f5fa64,355,11.833333333333334,right_ankle,0.5,0.5,0.0,540.0,960.0,0.5
4f3dc90e-0e11-4fbb-a481-7f0e76f5fa64,355,11.833333333333334,left_heel,0.5,0.5,0.0,540.0,960.0,0.5
4f3dc90e-0e11-4fbb-a481-7f0e76f5fa64,355,11.833333333333334,right_heel,0.5,0.5,0.0,540.0,960.0,0.5
4f3dc90e-0e11-4fbb-a481-7f0e76f5fa64,355,11.833333333333334,left_foot_index,0.5,0.5,0.0,540.0,960.0,0.5
4f3dc90e-0e11-4fbb-a481-7f0e76f5fa64,355,11.833333333333334,right_foot_index,0.5,0.5,0.0,540.0,960.0,0.5
4f3dc90e-0e11-4fbb-a481-7f0e76f5fa64,356,11.866666666666667,nose,0.5,0.5,0.0,540.0,960.0,0.5
4f3dc90e-0e11-4fbb-a481-7f0e76f5fa64,356,11.866666666666667,left_shoulder,0.5,0.5,0.0,540.0,960.0,0.5
4f3dc90e-0e11-4fbb-a481-7f0e76f5fa64,356,11.866666666666667,right_shoulder,0.5,0.5,0.0,540.0,960.0,0.5
4f3dc90e-0e11-4fbb-a481-7f0e76f5fa64,356,11.866666666666667,left_elbow,0.5,0.5,0.0,540.0,960.0,0.5
4f3dc90e-0e11-4fbb-a481-7f0e76f5fa64,356,11.866666666666667,right_elbow,0.5,0.5,0.0,540.0,960.0,0.5
4f3dc90e-0e11-4fbb-a481-7f0e76f5fa64,356,11.866666666666667,left_wrist,0.5,0.5,0.0,540.0,960.0,0.5
4f3dc90e-0e11-4fbb-a481-7f0e76f5fa64,356,11.866666666666667,right_wrist,0.5,0.5,0.0,540.0,960.0,0.5
4f3dc90e-0e11-4fbb-a481-7f0e76f5fa64,356,11.866666666666667,left_hip,0.5,0.5,0.0,540.0,960.0,0.5
4f3dc90e-0e11-4fbb-a481-7f0e76f5fa64,356,11.866666666666667,right_hip,0.5,0.5,0.0,540.0,960.0,0.5
4f3dc90e-0e11-4fbb-a481-7f0e76f5fa64,356,11.866666666666667,left_knee,0.5,0.5,0.0,540.0,960.0,0.5
4f3dc90e-0e11-4fbb-a481-7f0e76f5fa64,356,11.866666666666667,right_knee,0.5,0.5,0.0,540.0,960.0,0.5
4f3dc90e-0e11-4fbb-a481-7f0e76f5fa64,356,11.866666666666667,left_ankle,0.5,0.5,0.0,540.0,960.0,0.5
4f3dc90e-0e11-4fbb-a481-7f0e76f5fa64,356,11.866666666666667,right_ankle,0.5,0.5,0.0,540.0,960.0,0.5
4f3dc90e-0e11-4fbb-a481-7f0e76f5fa64,356,11.866666666666667,left_heel,0.5,0.5,0.0,540.0,960.0,0.5
4f3dc90e-0e11-4fbb-a481-7f0e76f5fa64,356,11.866666666666667,right_heel,0.5,0.5,0.0,540.0,960.0,0.5
4f3dc90e-0e11-4fbb-a481-7f0e76f5fa64,356,11.866666666666667,left_foot_index,0.5,0.5,0.0,540.0,960.0,0.5
4f3dc90e-0e11-4fbb-a481-7f0e76f5fa64,356,11.866666666666667,right_foot_index,0.5,0.5,0.0,540.0,960.0,0.5
4f3dc90e-0e11-4fbb-a481-7f0e76f5fa64,357,11.9,nose,0.5,0.5,0.0,540.0,960.0,0.5
4f3dc90e-0e11-4fbb-a481-7f0e76f5fa64,357,11.9,left_shoulder,0.5,0.5,0.0,540.0,960.0,0.5
4f3dc90e-0e11-4fbb-a481-7f0e76f5fa64,357,11.9,right_shoulder,0.5,0.5,0.0,540.0,960.0,0.5
4f3dc90e-0e11-4fbb-a481-7f0e76f5fa64,357,11.9,left_elbow,0.5,0.5,0.0,540.0,960.0,0.5
4f3dc90e-0e11-4fbb-a481-7f0e76f5fa64,357,11.9,right_elbow,0.5,0.5,0.0,540.0,960.0,0.5
4f3dc90e-0e11-4fbb-a481-7f0e76f5fa64,357,11.9,left_wrist,0.5,0.5,0.0,540.0,960.0,0.5
4f3dc90e-0e11-4fbb-a481-7f0e76f5fa64,357,11.9,right_wrist,0.5,0.5,0.0,540.0,960.0,0.5
4f3dc90e-0e11-4fbb-a481-7f0e76f5fa64,357,11.9,left_hip,0.5,0.5,0.0,540.0,960.0,0.5
4f3dc90e-0e11-4fbb-a481-7f0e76f5fa64,357,11.9,right_hip,0.5,0.5,0.0,540.0,960.0,0.5
4f3dc90e-0e11-4fbb-a481-7f0e76f5fa64,357,11.9,left_knee,0.5,0.5,0.0,540.0,960.0,0.5
4f3dc90e-0e11-4fbb-a481-7f0e76f5fa64,357,11.9,right_knee,0.5,0.5,0.0,540.0,960.0,0.5
4f3dc90e-0e11-4fbb-a481-7f0e76f5fa64,357,11.9,left_ankle,0.5,0.5,0.0,540.0,960.0,0.5
4f3dc90e-0e11-4fbb-a481-7f0e76f5fa64,357,11.9,right_ankle,0.5,0.5,0.0,540.0,960.0,0.5
4f3dc90e-0e11-4fbb-a481-7f0e76f5fa64,357,11.9,left_heel,0.5,0.5,0.0,540.0,960.0,0.5
4f3dc90e-0e11-4fbb-a481-7f0e76f5fa64,357,11.9,right_heel,0.5,0.5,0.0,540.0,960.0,0.5
4f3dc90e-0e11-4fbb-a481-7f0e76f5fa64,357,11.9,left_foot_index,0.5,0.5,0.0,540.0,960.0,0.5
4f3dc90e-0e11-4fbb-a481-7f0e76f5fa64,357,11.9,right_foot_index,0.5,0.5,0.0,540.0,960.0,0.5
4f3dc90e-0e11-4fbb-a481-7f0e76f5fa64,358,11.933333333333334,nose,0.5,0.5,0.0,540.0,960.0,0.5
4f3dc90e-0e11-4fbb-a481-7f0e76f5fa64,358,11.933333333333334,left_shoulder,0.5,0.5,0.0,540.0,960.0,0.5
4f3dc90e-0e11-4fbb-a481-7f0e76f5fa64,358,11.933333333333334,right_shoulder,0.5,0.5,0.0,540.0,960.0,0.5
4f3dc90e-0e11-4fbb-a481-7f0e76f5fa64,358,11.933333333333334,left_elbow,0.5,0.5,0.0,540.0,960.0,0.5
4f3dc90e-0e11-4fbb-a481-7f0e76f5fa64,358,11.933333333333334,right_elbow,0.5,0.5,0.0,540.0,960.0,0.5
4f3dc90e-0e11-4fbb-a481-7f0e76f5fa64,358,11.933333333333334,left_wrist,0.5,0.5,0.0,540.0,960.0,0.5
4f3dc90e-0e11-4fbb-a481-7f0e76f5fa64,358,11.933333333333334,right_wrist,0.5,0.5,0.0,540.0,960.0,0.5
4f3dc90e-0e11-4fbb-a481-7f0e76f5fa64,358,11.933333333333334,left_hip,0.5,0.5,0.0,540.0,960.0,0.5
4f3dc90e-0e11-4fbb-a481-7f0e76f5fa64,358,11.933333333333334,right_hip,0.5,0.5,0.0,540.0,960.0,0.5
4f3dc90e-0e11-4fbb-a481-7f0e76f5fa64,358,11.933333333333334,left_knee,0.5,0.5,0.0,540.0,960.0,0.5
4f3dc90e-0e11-4fbb-a481-7f0e76f5fa64,358,11.933333333333334,right_knee,0.5,0.5,0.0,540.0,960.0,0.5
4f3dc90e-0e11-4fbb-a481-7f0e76f5fa64,358,11.933333333333334,left_ankle,0.5,0.5,0.0,540.0,960.0,0.5
4f3dc90e-0e11-4fbb-a481-7f0e76f5fa64,358,11.933333333333334,right_ankle,0.5,0.5,0.0,540.0,960.0,0.5
4f3dc90e-0e11-4fbb-a481-7f0e76f5fa64,358,11.933333333333334,left_heel,0.5,0.5,0.0,540.0,960.0,0.5
4f3dc90e-0e11-4fbb-a481-7f0e76f5fa64,358,11.933333333333334,right_heel,0.5,0.5,0.0,540.0,960.0,0.5
4f3dc90e-0e11-4fbb-a481-7f0e76f5fa64,358,11.933333333333334,left_foot_index,0.5,0.5,0.0,540.0,960.0,0.5
4f3dc90e-0e11-4fbb-a481-7f0e76f5fa64,358,11.933333333333334,right_foot_index,0.5,0.5,0.0,540.0,960.0,0.5
4f3dc90e-0e11-4fbb-a481-7f0e76f5fa64,359,11.966666666666667,nose,0.5,0.5,0.0,540.0,960.0,0.5
4f3dc90e-0e11-4fbb-a481-7f0e76f5fa64,359,11.966666666666667,left_shoulder,0.5,0.5,0.0,540.0,960.0,0.5
4f3dc90e-0e11-4fbb-a481-7f0e76f5fa64,359,11.966666666666667,right_shoulder,0.5,0.5,0.0,540.0,960.0,0.5
4f3dc90e-0e11-4fbb-a481-7f0e76f5fa64,359,11.966666666666667,left_elbow,0.5,0.5,0.0,540.0,960.0,0.5
4f3dc90e-0e11-4fbb-a481-7f0e76f5fa64,359,11.966666666666667,right_elbow,0.5,0.5,0.0,540.0,960.0,0.5
4f3dc90e-0e11-4fbb-a481-7f0e76f5fa64,359,11.966666666666667,left_wrist,0.5,0.5,0.0,540.0,960.0,0.5
4f3dc90e-0e11-4fbb-a481-7f0e76f5fa64,359,11.966666666666667,right_wrist,0.5,0.5,0.0,540.0,960.0,0.5
4f3dc90e-0e11-4fbb-a481-7f0e76f5fa64,359,11.966666666666667,left_hip,0.5,0.5,0.0,540.0,960.0,0.5
4f3dc90e-0e11-4fbb-a481-7f0e76f5fa64,359,11.966666666666667,right_hip,0.5,0.5,0.0,540.0,960.0,0.5
4f3dc90e-0e11-4fbb-a481-7f0e76f5fa64,359,11.966666666666667,left_knee,0.5,0.5,0.0,540.0,960.0,0.5
4f3dc90e-0e11-4fbb-a481-7f0e76f5fa64,359,11.966666666666667,right_knee,0.5,0.5,0.0,540.0,960.0,0.5
4f3dc90e-0e11-4fbb-a481-7f0e76f5fa64,359,11.966666666666667,left_ankle,0.5,0.5,0.0,540.0,960.0,0.5
4f3dc90e-0e11-4fbb-a481-7f0e76f5fa64,359,11.966666666666667,right_ankle,0.5,0.5,0.0,540.0,960.0,0.5
4f3dc90e-0e11-4fbb-a481-7f0e76f5fa64,359,11.966666666666667,left_heel,0.5,0.5,0.0,540.0,960.0,0.5
4f3dc90e-0e11-4fbb-a481-7f0e76f5fa64,359,11.966666666666667,right_heel,0.5,0.5,0.0,540.0,960.0,0.5
4f3dc90e-0e11-4fbb-a481-7f0e76f5fa64,359,11.966666666666667,left_foot_index,0.5,0.5,0.0,540.0,960.0,0.5
4f3dc90e-0e11-4fbb-a481-7f0e76f5fa64,359,11.966666666666667,right_foot_index,0.5,0.5,0.0,540.0,960.0,0.5
4f3dc90e-0e11-4fbb-a481-7f0e76f5fa64,360,12.0,nose,0.5,0.5,0.0,540.0,960.0,0.5
4f3dc90e-0e11-4fbb-a481-7f0e76f5fa64,360,12.0,left_shoulder,0.5,0.5,0.0,540.0,960.0,0.5
4f3dc90e-0e11-4fbb-a481-7f0e76f5fa64,360,12.0,right_shoulder,0.5,0.5,0.0,540.0,960.0,0.5
4f3dc90e-0e11-4fbb-a481-7f0e76f5fa64,360,12.0,left_elbow,0.5,0.5,0.0,540.0,960.0,0.5
4f3dc90e-0e11-4fbb-a481-7f0e76f5fa64,360,12.0,right_elbow,0.5,0.5,0.0,540.0,960.0,0.5
4f3dc90e-0e11-4fbb-a481-7f0e76f5fa64,360,12.0,left_wrist,0.5,0.5,0.0,540.0,960.0,0.5
4f3dc90e-0e11-4fbb-a481-7f0e76f5fa64,360,12.0,right_wrist,0.5,0.5,0.0,540.0,960.0,0.5
4f3dc90e-0e11-4fbb-a481-7f0e76f5fa64,360,12.0,left_hip,0.5,0.5,0.0,540.0,960.0,0.5
4f3dc90e-0e11-4fbb-a481-7f0e76f5fa64,360,12.0,right_hip,0.5,0.5,0.0,540.0,960.0,0.5
4f3dc90e-0e11-4fbb-a481-7f0e76f5fa64,360,12.0,left_knee,0.5,0.5,0.0,540.0,960.0,0.5
4f3dc90e-0e11-4fbb-a481-7f0e76f5fa64,360,12.0,right_knee,0.5,0.5,0.0,540.0,960.0,0.5
4f3dc90e-0e11-4fbb-a481-7f0e76f5fa64,360,12.0,left_ankle,0.5,0.5,0.0,540.0,960.0,0.5
4f3dc90e-0e11-4fbb-a481-7f0e76f5fa64,360,12.0,right_ankle,0.5,0.5,0.0,540.0,960.0,0.5
4f3dc90e-0e11-4fbb-a481-7f0e76f5fa64,360,12.0,left_heel,0.5,0.5,0.0,540.0,960.0,0.5
4f3dc90e-0e11-4fbb-a481-7f0e76f5fa64,360,12.0,right_heel,0.5,0.5,0.0,540.0,960.0,0.5
4f3dc90e-0e11-4fbb-a481-7f0e76f5fa64,360,12.0,left_foot_index,0.5,0.5,0.0,540.0,960.0,0.5
4f3dc90e-0e11-4fbb-a481-7f0e76f5fa64,360,12.0,right_foot_index,0.5,0.5,0.0,540.0,960.0,0.5
4f3dc90e-0e11-4fbb-a481-7f0e76f5fa64,361,12.033333333333333,nose,0.5,0.5,0.0,540.0,960.0,0.5
4f3dc90e-0e11-4fbb-a481-7f0e76f5fa64,361,12.033333333333333,left_shoulder,0.5,0.5,0.0,540.0,960.0,0.5
4f3dc90e-0e11-4fbb-a481-7f0e76f5fa64,361,12.033333333333333,right_shoulder,0.5,0.5,0.0,540.0,960.0,0.5
4f3dc90e-0e11-4fbb-a481-7f0e76f5fa64,361,12.033333333333333,left_elbow,0.5,0.5,0.0,540.0,960.0,0.5
4f3dc90e-0e11-4fbb-a481-7f0e76f5fa64,361,12.033333333333333,right_elbow,0.5,0.5,0.0,540.0,960.0,0.5
4f3dc90e-0e11-4fbb-a481-7f0e76f5fa64,361,12.033333333333333,left_wrist,0.5,0.5,0.0,540.0,960.0,0.5
4f3dc90e-0e11-4fbb-a481-7f0e76f5fa64,361,12.033333333333333,right_wrist,0.5,0.5,0.0,540.0,960.0,0.5
4f3dc90e-0e11-4fbb-a481-7f0e76f5fa64,361,12.033333333333333,left_hip,0.5,0.5,0.0,540.0,960.0,0.5
4f3dc90e-0e11-4fbb-a481-7f0e76f5fa64,361,12.033333333333333,right_hip,0.5,0.5,0.0,540.0,960.0,0.5
4f3dc90e-0e11-4fbb-a481-7f0e76f5fa64,361,12.033333333333333,left_knee,0.5,0.5,0.0,540.0,960.0,0.5
4f3dc90e-0e11-4fbb-a481-7f0e76f5fa64,361,12.033333333333333,right_knee,0.5,0.5,0.0,540.0,960.0,0.5
4f3dc90e-0e11-4fbb-a481-7f0e76f5fa64,361,12.033333333333333,left_ankle,0.5,0.5,0.0,540.0,960.0,0.5
4f3dc90e-0e11-4fbb-a481-7f0e76f5fa64,361,12.033333333333333,right_ankle,0.5,0.5,0.0,540.0,960.0,0.5
4f3dc90e-0e11-4fbb-a481-7f0e76f5fa64,361,12.033333333333333,left_heel,0.5,0.5,0.0,540.0,960.0,0.5
4f3dc90e-0e11-4fbb-a481-7f0e76f5fa64,361,12.033333333333333,right_heel,0.5,0.5,0.0,540.0,960.0,0.5
4f3dc90e-0e11-4fbb-a481-7f0e76f5fa64,361,12.033333333333333,left_foot_index,0.5,0.5,0.0,540.0,960.0,0.5
4f3dc90e-0e11-4fbb-a481-7f0e76f5fa64,361,12.033333333333333,right_foot_index,0.5,0.5,0.0,540.0,960.0,0.5
4f3dc90e-0e11-4fbb-a481-7f0e76f5fa64,362,12.066666666666666,nose,0.5,0.5,0.0,540.0,960.0,0.5
4f3dc90e-0e11-4fbb-a481-7f0e76f5fa64,362,12.066666666666666,left_shoulder,0.5,0.5,0.0,540.0,960.0,0.5
4f3dc90e-0e11-4fbb-a481-7f0e76f5fa64,362,12.066666666666666,right_shoulder,0.5,0.5,0.0,540.0,960.0,0.5
4f3dc90e-0e11-4fbb-a481-7f0e76f5fa64,362,12.066666666666666,left_elbow,0.5,0.5,0.0,540.0,960.0,0.5
4f3dc90e-0e11-4fbb-a481-7f0e76f5fa64,362,12.066666666666666,right_elbow,0.5,0.5,0.0,540.0,960.0,0.5
4f3dc90e-0e11-4fbb-a481-7f0e76f5fa64,362,12.066666666666666,left_wrist,0.5,0.5,0.0,540.0,960.0,0.5
4f3dc90e-0e11-4fbb-a481-7f0e76f5fa64,362,12.066666666666666,right_wrist,0.5,0.5,0.0,540.0,960.0,0.5
4f3dc90e-0e11-4fbb-a481-7f0e76f5fa64,362,12.066666666666666,left_hip,0.5,0.5,0.0,540.0,960.0,0.5
4f3dc90e-0e11-4fbb-a481-7f0e76f5fa64,362,12.066666666666666,right_hip,0.5,0.5,0.0,540.0,960.0,0.5
4f3dc90e-0e11-4fbb-a481-7f0e76f5fa64,362,12.066666666666666,left_knee,0.5,0.5,0.0,540.0,960.0,0.5
4f3dc90e-0e11-4fbb-a481-7f0e76f5fa64,362,12.066666666666666,right_knee,0.5,0.5,0.0,540.0,960.0,0.5
4f3dc90e-0e11-4fbb-a481-7f0e76f5fa64,362,12.066666666666666,left_ankle,0.5,0.5,0.0,540.0,960.0,0.5
4f3dc90e-0e11-4fbb-a481-7f0e76f5fa64,362,12.066666666666666,right_ankle,0.5,0.5,0.0,540.0,960.0,0.5
4f3dc90e-0e11-4fbb-a481-7f0e76f5fa64,362,12.066666666666666,left_heel,0.5,0.5,0.0,540.0,960.0,0.5
4f3dc90e-0e11-4fbb-a481-7f0e76f5fa64,362,12.066666666666666,right_heel,0.5,0.5,0.0,540.0,960.0,0.5
4f3dc90e-0e11-4fbb-a481-7f0e76f5fa64,362,12.066666666666666,left_foot_index,0.5,0.5,0.0,540.0,960.0,0.5
4f3dc90e-0e11-4fbb-a481-7f0e76f5fa64,362,12.066666666666666,right_foot_index,0.5,0.5,0.0,540.0,960.0,0.5
4f3dc90e-0e11-4fbb-a481-7f0e76f5fa64,363,12.1,nose,0.5,0.5,0.0,540.0,960.0,0.5
4f3dc90e-0e11-4fbb-a481-7f0e76f5fa64,363,12.1,left_shoulder,0.5,0.5,0.0,540.0,960.0,0.5
4f3dc90e-0e11-4fbb-a481-7f0e76f5fa64,363,12.1,right_shoulder,0.5,0.5,0.0,540.0,960.0,0.5
4f3dc90e-0e11-4fbb-a481-7f0e76f5fa64,363,12.1,left_elbow,0.5,0.5,0.0,540.0,960.0,0.5
4f3dc90e-0e11-4fbb-a481-7f0e76f5fa64,363,12.1,right_elbow,0.5,0.5,0.0,540.0,960.0,0.5
4f3dc90e-0e11-4fbb-a481-7f0e76f5fa64,363,12.1,left_wrist,0.5,0.5,0.0,540.0,960.0,0.5
4f3dc90e-0e11-4fbb-a481-7f0e76f5fa64,363,12.1,right_wrist,0.5,0.5,0.0,540.0,960.0,0.5
4f3dc90e-0e11-4fbb-a481-7f0e76f5fa64,363,12.1,left_hip,0.5,0.5,0.0,540.0,960.0,0.5
4f3dc90e-0e11-4fbb-a481-7f0e76f5fa64,363,12.1,right_hip,0.5,0.5,0.0,540.0,960.0,0.5
4f3dc90e-0e11-4fbb-a481-7f0e76f5fa64,363,12.1,left_knee,0.5,0.5,0.0,540.0,960.0,0.5
4f3dc90e-0e11-4fbb-a481-7f0e76f5fa64,363,12.1,right_knee,0.5,0.5,0.0,540.0,960.0,0.5
4f3dc90e-0e11-4fbb-a481-7f0e76f5fa64,363,12.1,left_ankle,0.5,0.5,0.0,540.0,960.0,0.5
4f3dc90e-0e11-4fbb-a481-7f0e76f5fa64,363,12.1,right_ankle,0.5,0.5,0.0,540.0,960.0,0.5
4f3dc90e-0e11-4fbb-a481-7f0e76f5fa64,363,12.1,left_heel,0.5,0.5,0.0,540.0,960.0,0.5
4f3dc90e-0e11-4fbb-a481-7f0e76f5fa64,363,12.1,right_heel,0.5,0.5,0.0,540.0,960.0,0.5
4f3dc90e-0e11-4fbb-a481-7f0e76f5fa64,363,12.1,left_foot_index,0.5,0.5,0.0,540.0,960.0,0.5
4f3dc90e-0e11-4fbb-a481-7f0e76f5fa64,363,12.1,right_foot_index,0.5,0.5,0.0,540.0,960.0,0.5
4f3dc90e-0e11-4fbb-a481-7f0e76f5fa64,364,12.133333333333333,nose,0.5,0.5,0.0,540.0,960.0,0.5
4f3dc90e-0e11-4fbb-a481-7f0e76f5fa64,364,12.133333333333333,left_shoulder,0.5,0.5,0.0,540.0,960.0,0.5
4f3dc90e-0e11-4fbb-a481-7f0e76f5fa64,364,12.133333333333333,right_shoulder,0.5,0.5,0.0,540.0,960.0,0.5
4f3dc90e-0e11-4fbb-a481-7f0e76f5fa64,364,12.133333333333333,left_elbow,0.5,0.5,0.0,540.0,960.0,0.5
4f3dc90e-0e11-4fbb-a481-7f0e76f5fa64,364,12.133333333333333,right_elbow,0.5,0.5,0.0,540.0,960.0,0.5
4f3dc90e-0e11-4fbb-a481-7f0e76f5fa64,364,12.133333333333333,left_wrist,0.5,0.5,0.0,540.0,960.0,0.5
4f3dc90e-0e11-4fbb-a481-7f0e76f5fa64,364,12.133333333333333,right_wrist,0.5,0.5,0.0,540.0,960.0,0.5
4f3dc90e-0e11-4fbb-a481-7f0e76f5fa64,364,12.133333333333333,left_hip,0.5,0.5,0.0,540.0,960.0,0.5
4f3dc90e-0e11-4fbb-a481-7f0e76f5fa64,364,12.133333333333333,right_hip,0.5,0.5,0.0,540.0,960.0,0.5
4f3dc90e-0e11-4fbb-a481-7f0e76f5fa64,364,12.133333333333333,left_knee,0.5,0.5,0.0,540.0,960.0,0.5
4f3dc90e-0e11-4fbb-a481-7f0e76f5fa64,364,12.133333333333333,right_knee,0.5,0.5,0.0,540.0,960.0,0.5
4f3dc90e-0e11-4fbb-a481-7f0e76f5fa64,364,12.133333333333333,left_ankle,0.5,0.5,0.0,540.0,960.0,0.5
4f3dc90e-0e11-4fbb-a481-7f0e76f5fa64,364,12.133333333333333,right_ankle,0.5,0.5,0.0,540.0,960.0,0.5
4f3dc90e-0e11-4fbb-a481-7f0e76f5fa64,364,12.133333333333333,left_heel,0.5,0.5,0.0,540.0,960.0,0.5
4f3dc90e-0e11-4fbb-a481-7f0e76f5fa64,364,12.133333333333333,right_heel,0.5,0.5,0.0,540.0,960.0,0.5
4f3dc90e-0e11-4fbb-a481-7f0e76f5fa64,364,12.133333333333333,left_foot_index,0.5,0.5,0.0,540.0,960.0,0.5
4f3dc90e-0e11-4fbb-a481-7f0e76f5fa64,364,12.133333333333333,right_foot_index,0.5,0.5,0.0,540.0,960.0,0.5
4f3dc90e-0e11-4fbb-a481-7f0e76f5fa64,365,12.166666666666666,nose,0.5,0.5,0.0,540.0,960.0,0.5
4f3dc90e-0e11-4fbb-a481-7f0e76f5fa64,365,12.166666666666666,left_shoulder,0.5,0.5,0.0,540.0,960.0,0.5
4f3dc90e-0e11-4fbb-a481-7f0e76f5fa64,365,12.166666666666666,right_shoulder,0.5,0.5,0.0,540.0,960.0,0.5
4f3dc90e-0e11-4fbb-a481-7f0e76f5fa64,365,12.166666666666666,left_elbow,0.5,0.5,0.0,540.0,960.0,0.5
4f3dc90e-0e11-4fbb-a481-7f0e76f5fa64,365,12.166666666666666,right_elbow,0.5,0.5,0.0,540.0,960.0,0.5
4f3dc90e-0e11-4fbb-a481-7f0e76f5fa64,365,12.166666666666666,left_wrist,0.5,0.5,0.0,540.0,960.0,0.5
4f3dc90e-0e11-4fbb-a481-7f0e76f5fa64,365,12.166666666666666,right_wrist,0.5,0.5,0.0,540.0,960.0,0.5
4f3dc90e-0e11-4fbb-a481-7f0e76f5fa64,365,12.166666666666666,left_hip,0.5,0.5,0.0,540.0,960.0,0.5
4f3dc90e-0e11-4fbb-a481-7f0e76f5fa64,365,12.166666666666666,right_hip,0.5,0.5,0.0,540.0,960.0,0.5
4f3dc90e-0e11-4fbb-a481-7f0e76f5fa64,365,12.166666666666666,left_knee,0.5,0.5,0.0,540.0,960.0,0.5
4f3dc90e-0e11-4fbb-a481-7f0e76f5fa64,365,12.166666666666666,right_knee,0.5,0.5,0.0,540.0,960.0,0.5
4f3dc90e-0e11-4fbb-a481-7f0e76f5fa64,365,12.166666666666666,left_ankle,0.5,0.5,0.0,540.0,960.0,0.5
4f3dc90e-0e11-4fbb-a481-7f0e76f5fa64,365,12.166666666666666,right_ankle,0.5,0.5,0.0,540.0,960.0,0.5
4f3dc90e-0e11-4fbb-a481-7f0e76f5fa64,365,12.166666666666666,left_heel,0.5,0.5,0.0,540.0,960.0,0.5
4f3dc90e-0e11-4fbb-a481-7f0e76f5fa64,365,12.166666666666666,right_heel,0.5,0.5,0.0,540.0,960.0,0.5
4f3dc90e-0e11-4fbb-a481-7f0e76f5fa64,365,12.166666666666666,left_foot_index,0.5,0.5,0.0,540.0,960.0,0.5
4f3dc90e-0e11-4fbb-a481-7f0e76f5fa64,365,12.166666666666666,right_foot_index,0.5,0.5,0.0,540.0,960.0,0.5
4f3dc90e-0e11-4fbb-a481-7f0e76f5fa64,366,12.2,nose,0.5,0.5,0.0,540.0,960.0,0.5
4f3dc90e-0e11-4fbb-a481-7f0e76f5fa64,366,12.2,left_shoulder,0.5,0.5,0.0,540.0,960.0,0.5
4f3dc90e-0e11-4fbb-a481-7f0e76f5fa64,366,12.2,right_shoulder,0.5,0.5,0.0,540.0,960.0,0.5
4f3dc90e-0e11-4fbb-a481-7f0e76f5fa64,366,12.2,left_elbow,0.5,0.5,0.0,540.0,960.0,0.5
4f3dc90e-0e11-4fbb-a481-7f0e76f5fa64,366,12.2,right_elbow,0.5,0.5,0.0,540.0,960.0,0.5
4f3dc90e-0e11-4fbb-a481-7f0e76f5fa64,366,12.2,left_wrist,0.5,0.5,0.0,540.0,960.0,0.5
4f3dc90e-0e11-4fbb-a481-7f0e76f5fa64,366,12.2,right_wrist,0.5,0.5,0.0,540.0,960.0,0.5
4f3dc90e-0e11-4fbb-a481-7f0e76f5fa64,366,12.2,left_hip,0.5,0.5,0.0,540.0,960.0,0.5
4f3dc90e-0e11-4fbb-a481-7f0e76f5fa64,366,12.2,right_hip,0.5,0.5,0.0,540.0,960.0,0.5
4f3dc90e-0e11-4fbb-a481-7f0e76f5fa64,366,12.2,left_knee,0.5,0.5,0.0,540.0,960.0,0.5
4f3dc90e-0e11-4fbb-a481-7f0e76f5fa64,366,12.2,right_knee,0.5,0.5,0.0,540.0,960.0,0.5
4f3dc90e-0e11-4fbb-a481-7f0e76f5fa64,366,12.2,left_ankle,0.5,0.5,0.0,540.0,960.0,0.5
4f3dc90e-0e11-4fbb-a481-7f0e76f5fa64,366,12.2,right_ankle,0.5,0.5,0.0,540.0,960.0,0.5
4f3dc90e-0e11-4fbb-a481-7f0e76f5fa64,366,12.2,left_heel,0.5,0.5,0.0,540.0,960.0,0.5
4f3dc90e-0e11-4fbb-a481-7f0e76f5fa64,366,12.2,right_heel,0.5,0.5,0.0,540.0,960.0,0.5
4f3dc90e-0e11-4fbb-a481-7f0e76f5fa64,366,12.2,left_foot_index,0.5,0.5,0.0,540.0,960.0,0.5
4f3dc90e-0e11-4fbb-a481-7f0e76f5fa64,366,12.2,right_foot_index,0.5,0.5,0.0,540.0,960.0,0.5
4f3dc90e-0e11-4fbb-a481-7f0e76f5fa64,367,12.233333333333333,nose,0.5,0.5,0.0,540.0,960.0,0.5
4f3dc90e-0e11-4fbb-a481-7f0e76f5fa64,367,12.233333333333333,left_shoulder,0.5,0.5,0.0,540.0,960.0,0.5
4f3dc90e-0e11-4fbb-a481-7f0e76f5fa64,367,12.233333333333333,right_shoulder,0.5,0.5,0.0,540.0,960.0,0.5
4f3dc90e-0e11-4fbb-a481-7f0e76f5fa64,367,12.233333333333333,left_elbow,0.5,0.5,0.0,540.0,960.0,0.5
4f3dc90e-0e11-4fbb-a481-7f0e76f5fa64,367,12.233333333333333,right_elbow,0.5,0.5,0.0,540.0,960.0,0.5
4f3dc90e-0e11-4fbb-a481-7f0e76f5fa64,367,12.233333333333333,left_wrist,0.5,0.5,0.0,540.0,960.0,0.5
4f3dc90e-0e11-4fbb-a481-7f0e76f5fa64,367,12.233333333333333,right_wrist,0.5,0.5,0.0,540.0,960.0,0.5
4f3dc90e-0e11-4fbb-a481-7f0e76f5fa64,367,12.233333333333333,left_hip,0.5,0.5,0.0,540.0,960.0,0.5
4f3dc90e-0e11-4fbb-a481-7f0e76f5fa64,367,12.233333333333333,right_hip,0.5,0.5,0.0,540.0,960.0,0.5
4f3dc90e-0e11-4fbb-a481-7f0e76f5fa64,367,12.233333333333333,left_knee,0.5,0.5,0.0,540.0,960.0,0.5
4f3dc90e-0e11-4fbb-a481-7f0e76f5fa64,367,12.233333333333333,right_knee,0.5,0.5,0.0,540.0,960.0,0.5
4f3dc90e-0e11-4fbb-a481-7f0e76f5fa64,367,12.233333333333333,left_ankle,0.5,0.5,0.0,540.0,960.0,0.5
4f3dc90e-0e11-4fbb-a481-7f0e76f5fa64,367,12.233333333333333,right_ankle,0.5,0.5,0.0,540.0,960.0,0.5
4f3dc90e-0e11-4fbb-a481-7f0e76f5fa64,367,12.233333333333333,left_heel,0.5,0.5,0.0,540.0,960.0,0.5
4f3dc90e-0e11-4fbb-a481-7f0e76f5fa64,367,12.233333333333333,right_heel,0.5,0.5,0.0,540.0,960.0,0.5
4f3dc90e-0e11-4fbb-a481-7f0e76f5fa64,367,12.233333333333333,left_foot_index,0.5,0.5,0.0,540.0,960.0,0.5
4f3dc90e-0e11-4fbb-a481-7f0e76f5fa64,367,12.233333333333333,right_foot_index,0.5,0.5,0.0,540.0,960.0,0.5
4f3dc90e-0e11-4fbb-a481-7f0e76f5fa64,368,12.266666666666667,nose,0.5,0.5,0.0,540.0,960.0,0.5
4f3dc90e-0e11-4fbb-a481-7f0e76f5fa64,368,12.266666666666667,left_shoulder,0.5,0.5,0.0,540.0,960.0,0.5
4f3dc90e-0e11-4fbb-a481-7f0e76f5fa64,368,12.266666666666667,right_shoulder,0.5,0.5,0.0,540.0,960.0,0.5
4f3dc90e-0e11-4fbb-a481-7f0e76f5fa64,368,12.266666666666667,left_elbow,0.5,0.5,0.0,540.0,960.0,0.5
4f3dc90e-0e11-4fbb-a481-7f0e76f5fa64,368,12.266666666666667,right_elbow,0.5,0.5,0.0,540.0,960.0,0.5
4f3dc90e-0e11-4fbb-a481-7f0e76f5fa64,368,12.266666666666667,left_wrist,0.5,0.5,0.0,540.0,960.0,0.5
4f3dc90e-0e11-4fbb-a481-7f0e76f5fa64,368,12.266666666666667,right_wrist,0.5,0.5,0.0,540.0,960.0,0.5
4f3dc90e-0e11-4fbb-a481-7f0e76f5fa64,368,12.266666666666667,left_hip,0.5,0.5,0.0,540.0,960.0,0.5
4f3dc90e-0e11-4fbb-a481-7f0e76f5fa64,368,12.266666666666667,right_hip,0.5,0.5,0.0,540.0,960.0,0.5
4f3dc90e-0e11-4fbb-a481-7f0e76f5fa64,368,12.266666666666667,left_knee,0.5,0.5,0.0,540.0,960.0,0.5
4f3dc90e-0e11-4fbb-a481-7f0e76f5fa64,368,12.266666666666667,right_knee,0.5,0.5,0.0,540.0,960.0,0.5
4f3dc90e-0e11-4fbb-a481-7f0e76f5fa64,368,12.266666666666667,left_ankle,0.5,0.5,0.0,540.0,960.0,0.5
4f3dc90e-0e11-4fbb-a481-7f0e76f5fa64,368,12.266666666666667,right_ankle,0.5,0.5,0.0,540.0,960.0,0.5
4f3dc90e-0e11-4fbb-a481-7f0e76f5fa64,368,12.266666666666667,left_heel,0.5,0.5,0.0,540.0,960.0,0.5
4f3dc90e-0e11-4fbb-a481-7f0e76f5fa64,368,12.266666666666667,right_heel,0.5,0.5,0.0,540.0,960.0,0.5
4f3dc90e-0e11-4fbb-a481-7f0e76f5fa64,368,12.266666666666667,left_foot_index,0.5,0.5,0.0,540.0,960.0,0.5
4f3dc90e-0e11-4fbb-a481-7f0e76f5fa64,368,12.266666666666667,right_foot_index,0.5,0.5,0.0,540.0,960.0,0.5
4f3dc90e-0e11-4fbb-a481-7f0e76f5fa64,369,12.3,nose,0.5,0.5,0.0,540.0,960.0,0.5
4f3dc90e-0e11-4fbb-a481-7f0e76f5fa64,369,12.3,left_shoulder,0.5,0.5,0.0,540.0,960.0,0.5
4f3dc90e-0e11-4fbb-a481-7f0e76f5fa64,369,12.3,right_shoulder,0.5,0.5,0.0,540.0,960.0,0.5
4f3dc90e-0e11-4fbb-a481-7f0e76f5fa64,369,12.3,left_elbow,0.5,0.5,0.0,540.0,960.0,0.5
4f3dc90e-0e11-4fbb-a481-7f0e76f5fa64,369,12.3,right_elbow,0.5,0.5,0.0,540.0,960.0,0.5
4f3dc90e-0e11-4fbb-a481-7f0e76f5fa64,369,12.3,left_wrist,0.5,0.5,0.0,540.0,960.0,0.5
4f3dc90e-0e11-4fbb-a481-7f0e76f5fa64,369,12.3,right_wrist,0.5,0.5,0.0,540.0,960.0,0.5
4f3dc90e-0e11-4fbb-a481-7f0e76f5fa64,369,12.3,left_hip,0.5,0.5,0.0,540.0,960.0,0.5
4f3dc90e-0e11-4fbb-a481-7f0e76f5fa64,369,12.3,right_hip,0.5,0.5,0.0,540.0,960.0,0.5
4f3dc90e-0e11-4fbb-a481-7f0e76f5fa64,369,12.3,left_knee,0.5,0.5,0.0,540.0,960.0,0.5
4f3dc90e-0e11-4fbb-a481-7f0e76f5fa64,369,12.3,right_knee,0.5,0.5,0.0,540.0,960.0,0.5
4f3dc90e-0e11-4fbb-a481-7f0e76f5fa64,369,12.3,left_ankle,0.5,0.5,0.0,540.0,960.0,0.5
4f3dc90e-0e11-4fbb-a481-7f0e76f5fa64,369,12.3,right_ankle,0.5,0.5,0.0,540.0,960.0,0.5
4f3dc90e-0e11-4fbb-a481-7f0e76f5fa64,369,12.3,left_heel,0.5,0.5,0.0,540.0,960.0,0.5
4f3dc90e-0e11-4fbb-a481-7f0e76f5fa64,369,12.3,right_heel,0.5,0.5,0.0,540.0,960.0,0.5
4f3dc90e-0e11-4fbb-a481-7f0e76f5fa64,369,12.3,left_foot_index,0.5,0.5,0.0,540.0,960.0,0.5
4f3dc90e-0e11-4fbb-a481-7f0e76f5fa64,369,12.3,right_foot_index,0.5,0.5,0.0,540.0,960.0,0.5
4f3dc90e-0e11-4fbb-a481-7f0e76f5fa64,370,12.333333333333334,nose,0.5,0.5,0.0,540.0,960.0,0.5
4f3dc90e-0e11-4fbb-a481-7f0e76f5fa64,370,12.333333333333334,left_shoulder,0.5,0.5,0.0,540.0,960.0,0.5
4f3dc90e-0e11-4fbb-a481-7f0e76f5fa64,370,12.333333333333334,right_shoulder,0.5,0.5,0.0,540.0,960.0,0.5
4f3dc90e-0e11-4fbb-a481-7f0e76f5fa64,370,12.333333333333334,left_elbow,0.5,0.5,0.0,540.0,960.0,0.5
4f3dc90e-0e11-4fbb-a481-7f0e76f5fa64,370,12.333333333333334,right_elbow,0.5,0.5,0.0,540.0,960.0,0.5
4f3dc90e-0e11-4fbb-a481-7f0e76f5fa64,370,12.333333333333334,left_wrist,0.5,0.5,0.0,540.0,960.0,0.5
4f3dc90e-0e11-4fbb-a481-7f0e76f5fa64,370,12.333333333333334,right_wrist,0.5,0.5,0.0,540.0,960.0,0.5
4f3dc90e-0e11-4fbb-a481-7f0e76f5fa64,370,12.333333333333334,left_hip,0.5,0.5,0.0,540.0,960.0,0.5
4f3dc90e-0e11-4fbb-a481-7f0e76f5fa64,370,12.333333333333334,right_hip,0.5,0.5,0.0,540.0,960.0,0.5
4f3dc90e-0e11-4fbb-a481-7f0e76f5fa64,370,12.333333333333334,left_knee,0.5,0.5,0.0,540.0,960.0,0.5
4f3dc90e-0e11-4fbb-a481-7f0e76f5fa64,370,12.333333333333334,right_knee,0.5,0.5,0.0,540.0,960.0,0.5
4f3dc90e-0e11-4fbb-a481-7f0e76f5fa64,370,12.333333333333334,left_ankle,0.5,0.5,0.0,540.0,960.0,0.5
4f3dc90e-0e11-4fbb-a481-7f0e76f5fa64,370,12.333333333333334,right_ankle,0.5,0.5,0.0,540.0,960.0,0.5
4f3dc90e-0e11-4fbb-a481-7f0e76f5fa64,370,12.333333333333334,left_heel,0.5,0.5,0.0,540.0,960.0,0.5
4f3dc90e-0e11-4fbb-a481-7f0e76f5fa64,370,12.333333333333334,right_heel,0.5,0.5,0.0,540.0,960.0,0.5
4f3dc90e-0e11-4fbb-a481-7f0e76f5fa64,370,12.333333333333334,left_foot_index,0.5,0.5,0.0,540.0,960.0,0.5
4f3dc90e-0e11-4fbb-a481-7f0e76f5fa64,370,12.333333333333334,right_foot_index,0.5,0.5,0.0,540.0,960.0,0.5
4f3dc90e-0e11-4fbb-a481-7f0e76f5fa64,371,12.366666666666667,nose,0.5,0.5,0.0,540.0,960.0,0.5
4f3dc90e-0e11-4fbb-a481-7f0e76f5fa64,371,12.366666666666667,left_shoulder,0.5,0.5,0.0,540.0,960.0,0.5
4f3dc90e-0e11-4fbb-a481-7f0e76f5fa64,371,12.366666666666667,right_shoulder,0.5,0.5,0.0,540.0,960.0,0.5
4f3dc90e-0e11-4fbb-a481-7f0e76f5fa64,371,12.366666666666667,left_elbow,0.5,0.5,0.0,540.0,960.0,0.5
4f3dc90e-0e11-4fbb-a481-7f0e76f5fa64,371,12.366666666666667,right_elbow,0.5,0.5,0.0,540.0,960.0,0.5
4f3dc90e-0e11-4fbb-a481-7f0e76f5fa64,371,12.366666666666667,left_wrist,0.5,0.5,0.0,540.0,960.0,0.5
4f3dc90e-0e11-4fbb-a481-7f0e76f5fa64,371,12.366666666666667,right_wrist,0.5,0.5,0.0,540.0,960.0,0.5
4f3dc90e-0e11-4fbb-a481-7f0e76f5fa64,371,12.366666666666667,left_hip,0.5,0.5,0.0,540.0,960.0,0.5
4f3dc90e-0e11-4fbb-a481-7f0e76f5fa64,371,12.366666666666667,right_hip,0.5,0.5,0.0,540.0,960.0,0.5
4f3dc90e-0e11-4fbb-a481-7f0e76f5fa64,371,12.366666666666667,left_knee,0.5,0.5,0.0,540.0,960.0,0.5
4f3dc90e-0e11-4fbb-a481-7f0e76f5fa64,371,12.366666666666667,right_knee,0.5,0.5,0.0,540.0,960.0,0.5
4f3dc90e-0e11-4fbb-a481-7f0e76f5fa64,371,12.366666666666667,left_ankle,0.5,0.5,0.0,540.0,960.0,0.5
4f3dc90e-0e11-4fbb-a481-7f0e76f5fa64,371,12.366666666666667,right_ankle,0.5,0.5,0.0,540.0,960.0,0.5
4f3dc90e-0e11-4fbb-a481-7f0e76f5fa64,371,12.366666666666667,left_heel,0.5,0.5,0.0,540.0,960.0,0.5
4f3dc90e-0e11-4fbb-a481-7f0e76f5fa64,371,12.366666666666667,right_heel,0.5,0.5,0.0,540.0,960.0,0.5
4f3dc90e-0e11-4fbb-a481-7f0e76f5fa64,371,12.366666666666667,left_foot_index,0.5,0.5,0.0,540.0,960.0,0.5
4f3dc90e-0e11-4fbb-a481-7f0e76f5fa64,371,12.366666666666667,right_foot_index,0.5,0.5,0.0,540.0,960.0,0.5
4f3dc90e-0e11-4fbb-a481-7f0e76f5fa64,372,12.4,nose,0.5,0.5,0.0,540.0,960.0,0.5
4f3dc90e-0e11-4fbb-a481-7f0e76f5fa64,372,12.4,left_shoulder,0.5,0.5,0.0,540.0,960.0,0.5
4f3dc90e-0e11-4fbb-a481-7f0e76f5fa64,372,12.4,right_shoulder,0.5,0.5,0.0,540.0,960.0,0.5
4f3dc90e-0e11-4fbb-a481-7f0e76f5fa64,372,12.4,left_elbow,0.5,0.5,0.0,540.0,960.0,0.5
4f3dc90e-0e11-4fbb-a481-7f0e76f5fa64,372,12.4,right_elbow,0.5,0.5,0.0,540.0,960.0,0.5
4f3dc90e-0e11-4fbb-a481-7f0e76f5fa64,372,12.4,left_wrist,0.5,0.5,0.0,540.0,960.0,0.5
4f3dc90e-0e11-4fbb-a481-7f0e76f5fa64,372,12.4,right_wrist,0.5,0.5,0.0,540.0,960.0,0.5
4f3dc90e-0e11-4fbb-a481-7f0e76f5fa64,372,12.4,left_hip,0.5,0.5,0.0,540.0,960.0,0.5
4f3dc90e-0e11-4fbb-a481-7f0e76f5fa64,372,12.4,right_hip,0.5,0.5,0.0,540.0,960.0,0.5
4f3dc90e-0e11-4fbb-a481-7f0e76f5fa64,372,12.4,left_knee,0.5,0.5,0.0,540.0,960.0,0.5
4f3dc90e-0e11-4fbb-a481-7f0e76f5fa64,372,12.4,right_knee,0.5,0.5,0.0,540.0,960.0,0.5
4f3dc90e-0e11-4fbb-a481-7f0e76f5fa64,372,12.4,left_ankle,0.5,0.5,0.0,540.0,960.0,0.5
4f3dc90e-0e11-4fbb-a481-7f0e76f5fa64,372,12.4,right_ankle,0.5,0.5,0.0,540.0,960.0,0.5
4f3dc90e-0e11-4fbb-a481-7f0e76f5fa64,372,12.4,left_heel,0.5,0.5,0.0,540.0,960.0,0.5
4f3dc90e-0e11-4fbb-a481-7f0e76f5fa64,372,12.4,right_heel,0.5,0.5,0.0,540.0,960.0,0.5
4f3dc90e-0e11-4fbb-a481-7f0e76f5fa64,372,12.4,left_foot_index,0.5,0.5,0.0,540.0,960.0,0.5
4f3dc90e-0e11-4fbb-a481-7f0e76f5fa64,372,12.4,right_foot_index,0.5,0.5,0.0,540.0,960.0,0.5
4f3dc90e-0e11-4fbb-a481-7f0e76f5fa64,373,12.433333333333334,nose,0.5,0.5,0.0,540.0,960.0,0.5
4f3dc90e-0e11-4fbb-a481-7f0e76f5fa64,373,12.433333333333334,left_shoulder,0.5,0.5,0.0,540.0,960.0,0.5
4f3dc90e-0e11-4fbb-a481-7f0e76f5fa64,373,12.433333333333334,right_shoulder,0.5,0.5,0.0,540.0,960.0,0.5
4f3dc90e-0e11-4fbb-a481-7f0e76f5fa64,373,12.433333333333334,left_elbow,0.5,0.5,0.0,540.0,960.0,0.5
4f3dc90e-0e11-4fbb-a481-7f0e76f5fa64,373,12.433333333333334,right_elbow,0.5,0.5,0.0,540.0,960.0,0.5
4f3dc90e-0e11-4fbb-a481-7f0e76f5fa64,373,12.433333333333334,left_wrist,0.5,0.5,0.0,540.0,960.0,0.5
4f3dc90e-0e11-4fbb-a481-7f0e76f5fa64,373,12.433333333333334,right_wrist,0.5,0.5,0.0,540.0,960.0,0.5
4f3dc90e-0e11-4fbb-a481-7f0e76f5fa64,373,12.433333333333334,left_hip,0.5,0.5,0.0,540.0,960.0,0.5
4f3dc90e-0e11-4fbb-a481-7f0e76f5fa64,373,12.433333333333334,right_hip,0.5,0.5,0.0,540.0,960.0,0.5
4f3dc90e-0e11-4fbb-a481-7f0e76f5fa64,373,12.433333333333334,left_knee,0.5,0.5,0.0,540.0,960.0,0.5
4f3dc90e-0e11-4fbb-a481-7f0e76f5fa64,373,12.433333333333334,right_knee,0.5,0.5,0.0,540.0,960.0,0.5
4f3dc90e-0e11-4fbb-a481-7f0e76f5fa64,373,12.433333333333334,left_ankle,0.5,0.5,0.0,540.0,960.0,0.5
4f3dc90e-0e11-4fbb-a481-7f0e76f5fa64,373,12.433333333333334,right_ankle,0.5,0.5,0.0,540.0,960.0,0.5
4f3dc90e-0e11-4fbb-a481-7f0e76f5fa64,373,12.433333333333334,left_heel,0.5,0.5,0.0,540.0,960.0,0.5
4f3dc90e-0e11-4fbb-a481-7f0e76f5fa64,373,12.433333333333334,right_heel,0.5,0.5,0.0,540.0,960.0,0.5
4f3dc90e-0e11-4fbb-a481-7f0e76f5fa64,373,12.433333333333334,left_foot_index,0.5,0.5,0.0,540.0,960.0,0.5
4f3dc90e-0e11-4fbb-a481-7f0e76f5fa64,373,12.433333333333334,right_foot_index,0.5,0.5,0.0,540.0,960.0,0.5
4f3dc90e-0e11-4fbb-a481-7f0e76f5fa64,374,12.466666666666667,nose,0.5,0.5,0.0,540.0,960.0,0.5
4f3dc90e-0e11-4fbb-a481-7f0e76f5fa64,374,12.466666666666667,left_shoulder,0.5,0.5,0.0,540.0,960.0,0.5
4f3dc90e-0e11-4fbb-a481-7f0e76f5fa64,374,12.466666666666667,right_shoulder,0.5,0.5,0.0,540.0,960.0,0.5
4f3dc90e-0e11-4fbb-a481-7f0e76f5fa64,374,12.466666666666667,left_elbow,0.5,0.5,0.0,540.0,960.0,0.5
4f3dc90e-0e11-4fbb-a481-7f0e76f5fa64,374,12.466666666666667,right_elbow,0.5,0.5,0.0,540.0,960.0,0.5
4f3dc90e-0e11-4fbb-a481-7f0e76f5fa64,374,12.466666666666667,left_wrist,0.5,0.5,0.0,540.0,960.0,0.5
4f3dc90e-0e11-4fbb-a481-7f0e76f5fa64,374,12.466666666666667,right_wrist,0.5,0.5,0.0,540.0,960.0,0.5
4f3dc90e-0e11-4fbb-a481-7f0e76f5fa64,374,12.466666666666667,left_hip,0.5,0.5,0.0,540.0,960.0,0.5
4f3dc90e-0e11-4fbb-a481-7f0e76f5fa64,374,12.466666666666667,right_hip,0.5,0.5,0.0,540.0,960.0,0.5
4f3dc90e-0e11-4fbb-a481-7f0e76f5fa64,374,12.466666666666667,left_knee,0.5,0.5,0.0,540.0,960.0,0.5
4f3dc90e-0e11-4fbb-a481-7f0e76f5fa64,374,12.466666666666667,right_knee,0.5,0.5,0.0,540.0,960.0,0.5
4f3dc90e-0e11-4fbb-a481-7f0e76f5fa64,374,12.466666666666667,left_ankle,0.5,0.5,0.0,540.0,960.0,0.5
4f3dc90e-0e11-4fbb-a481-7f0e76f5fa64,374,12.466666666666667,right_ankle,0.5,0.5,0.0,540.0,960.0,0.5
4f3dc90e-0e11-4fbb-a481-7f0e76f5fa64,374,12.466666666666667,left_heel,0.5,0.5,0.0,540.0,960.0,0.5
4f3dc90e-0e11-4fbb-a481-7f0e76f5fa64,374,12.466666666666667,right_heel,0.5,0.5,0.0,540.0,960.0,0.5
4f3dc90e-0e11-4fbb-a481-7f0e76f5fa64,374,12.466666666666667,left_foot_index,0.5,0.5,0.0,540.0,960.0,0.5
4f3dc90e-0e11-4fbb-a481-7f0e76f5fa64,374,12.466666666666667,right_foot_index,0.5,0.5,0.0,540.0,960.0,0.5
4f3dc90e-0e11-4fbb-a481-7f0e76f5fa64,375,12.5,nose,0.5,0.5,0.0,540.0,960.0,0.5
4f3dc90e-0e11-4fbb-a481-7f0e76f5fa64,375,12.5,left_shoulder,0.5,0.5,0.0,540.0,960.0,0.5
4f3dc90e-0e11-4fbb-a481-7f0e76f5fa64,375,12.5,right_shoulder,0.5,0.5,0.0,540.0,960.0,0.5
4f3dc90e-0e11-4fbb-a481-7f0e76f5fa64,375,12.5,left_elbow,0.5,0.5,0.0,540.0,960.0,0.5
4f3dc90e-0e11-4fbb-a481-7f0e76f5fa64,375,12.5,right_elbow,0.5,0.5,0.0,540.0,960.0,0.5
4f3dc90e-0e11-4fbb-a481-7f0e76f5fa64,375,12.5,left_wrist,0.5,0.5,0.0,540.0,960.0,0.5
4f3dc90e-0e11-4fbb-a481-7f0e76f5fa64,375,12.5,right_wrist,0.5,0.5,0.0,540.0,960.0,0.5
4f3dc90e-0e11-4fbb-a481-7f0e76f5fa64,375,12.5,left_hip,0.5,0.5,0.0,540.0,960.0,0.5
4f3dc90e-0e11-4fbb-a481-7f0e76f5fa64,375,12.5,right_hip,0.5,0.5,0.0,540.0,960.0,0.5
4f3dc90e-0e11-4fbb-a481-7f0e76f5fa64,375,12.5,left_knee,0.5,0.5,0.0,540.0,960.0,0.5
4f3dc90e-0e11-4fbb-a481-7f0e76f5fa64,375,12.5,right_knee,0.5,0.5,0.0,540.0,960.0,0.5
4f3dc90e-0e11-4fbb-a481-7f0e76f5fa64,375,12.5,left_ankle,0.5,0.5,0.0,540.0,960.0,0.5
4f3dc90e-0e11-4fbb-a481-7f0e76f5fa64,375,12.5,right_ankle,0.5,0.5,0.0,540.0,960.0,0.5
4f3dc90e-0e11-4fbb-a481-7f0e76f5fa64,375,12.5,left_heel,0.5,0.5,0.0,540.0,960.0,0.5
4f3dc90e-0e11-4fbb-a481-7f0e76f5fa64,375,12.5,right_heel,0.5,0.5,0.0,540.0,960.0,0.5
4f3dc90e-0e11-4fbb-a481-7f0e76f5fa64,375,12.5,left_foot_index,0.5,0.5,0.0,540.0,960.0,0.5
4f3dc90e-0e11-4fbb-a481-7f0e76f5fa64,375,12.5,right_foot_index,0.5,0.5,0.0,540.0,960.0,0.5
4f3dc90e-0e11-4fbb-a481-7f0e76f5fa64,376,12.533333333333333,nose,0.5,0.5,0.0,540.0,960.0,0.5
4f3dc90e-0e11-4fbb-a481-7f0e76f5fa64,376,12.533333333333333,left_shoulder,0.5,0.5,0.0,540.0,960.0,0.5
4f3dc90e-0e11-4fbb-a481-7f0e76f5fa64,376,12.533333333333333,right_shoulder,0.5,0.5,0.0,540.0,960.0,0.5
4f3dc90e-0e11-4fbb-a481-7f0e76f5fa64,376,12.533333333333333,left_elbow,0.5,0.5,0.0,540.0,960.0,0.5
4f3dc90e-0e11-4fbb-a481-7f0e76f5fa64,376,12.533333333333333,right_elbow,0.5,0.5,0.0,540.0,960.0,0.5
4f3dc90e-0e11-4fbb-a481-7f0e76f5fa64,376,12.533333333333333,left_wrist,0.5,0.5,0.0,540.0,960.0,0.5
4f3dc90e-0e11-4fbb-a481-7f0e76f5fa64,376,12.533333333333333,right_wrist,0.5,0.5,0.0,540.0,960.0,0.5
4f3dc90e-0e11-4fbb-a481-7f0e76f5fa64,376,12.533333333333333,left_hip,0.5,0.5,0.0,540.0,960.0,0.5
4f3dc90e-0e11-4fbb-a481-7f0e76f5fa64,376,12.533333333333333,right_hip,0.5,0.5,0.0,540.0,960.0,0.5
4f3dc90e-0e11-4fbb-a481-7f0e76f5fa64,376,12.533333333333333,left_knee,0.5,0.5,0.0,540.0,960.0,0.5
4f3dc90e-0e11-4fbb-a481-7f0e76f5fa64,376,12.533333333333333,right_knee,0.5,0.5,0.0,540.0,960.0,0.5
4f3dc90e-0e11-4fbb-a481-7f0e76f5fa64,376,12.533333333333333,left_ankle,0.5,0.5,0.0,540.0,960.0,0.5
4f3dc90e-0e11-4fbb-a481-7f0e76f5fa64,376,12.533333333333333,right_ankle,0.5,0.5,0.0,540.0,960.0,0.5
4f3dc90e-0e11-4fbb-a481-7f0e76f5fa64,376,12.533333333333333,left_heel,0.5,0.5,0.0,540.0,960.0,0.5
4f3dc90e-0e11-4fbb-a481-7f0e76f5fa64,376,12.533333333333333,right_heel,0.5,0.5,0.0,540.0,960.0,0.5
4f3dc90e-0e11-4fbb-a481-7f0e76f5fa64,376,12.533333333333333,left_foot_index,0.5,0.5,0.0,540.0,960.0,0.5
4f3dc90e-0e11-4fbb-a481-7f0e76f5fa64,376,12.533333333333333,right_foot_index,0.5,0.5,0.0,540.0,960.0,0.5
4f3dc90e-0e11-4fbb-a481-7f0e76f5fa64,377,12.566666666666666,nose,0.5,0.5,0.0,540.0,960.0,0.5
4f3dc90e-0e11-4fbb-a481-7f0e76f5fa64,377,12.566666666666666,left_shoulder,0.5,0.5,0.0,540.0,960.0,0.5
4f3dc90e-0e11-4fbb-a481-7f0e76f5fa64,377,12.566666666666666,right_shoulder,0.5,0.5,0.0,540.0,960.0,0.5
4f3dc90e-0e11-4fbb-a481-7f0e76f5fa64,377,12.566666666666666,left_elbow,0.5,0.5,0.0,540.0,960.0,0.5
4f3dc90e-0e11-4fbb-a481-7f0e76f5fa64,377,12.566666666666666,right_elbow,0.5,0.5,0.0,540.0,960.0,0.5
4f3dc90e-0e11-4fbb-a481-7f0e76f5fa64,377,12.566666666666666,left_wrist,0.5,0.5,0.0,540.0,960.0,0.5
4f3dc90e-0e11-4fbb-a481-7f0e76f5fa64,377,12.566666666666666,right_wrist,0.5,0.5,0.0,540.0,960.0,0.5
4f3dc90e-0e11-4fbb-a481-7f0e76f5fa64,377,12.566666666666666,left_hip,0.5,0.5,0.0,540.0,960.0,0.5
4f3dc90e-0e11-4fbb-a481-7f0e76f5fa64,377,12.566666666666666,right_hip,0.5,0.5,0.0,540.0,960.0,0.5
4f3dc90e-0e11-4fbb-a481-7f0e76f5fa64,377,12.566666666666666,left_knee,0.5,0.5,0.0,540.0,960.0,0.5
4f3dc90e-0e11-4fbb-a481-7f0e76f5fa64,377,12.566666666666666,right_knee,0.5,0.5,0.0,540.0,960.0,0.5
4f3dc90e-0e11-4fbb-a481-7f0e76f5fa64,377,12.566666666666666,left_ankle,0.5,0.5,0.0,540.0,960.0,0.5
4f3dc90e-0e11-4fbb-a481-7f0e76f5fa64,377,12.566666666666666,right_ankle,0.5,0.5,0.0,540.0,960.0,0.5
4f3dc90e-0e11-4fbb-a481-7f0e76f5fa64,377,12.566666666666666,left_heel,0.5,0.5,0.0,540.0,960.0,0.5
4f3dc90e-0e11-4fbb-a481-7f0e76f5fa64,377,12.566666666666666,right_heel,0.5,0.5,0.0,540.0,960.0,0.5
4f3dc90e-0e11-4fbb-a481-7f0e76f5fa64,377,12.566666666666666,left_foot_index,0.5,0.5,0.0,540.0,960.0,0.5
4f3dc90e-0e11-4fbb-a481-7f0e76f5fa64,377,12.566666666666666,right_foot_index,0.5,0.5,0.0,540.0,960.0,0.5
4f3dc90e-0e11-4fbb-a481-7f0e76f5fa64,378,12.6,nose,0.5,0.5,0.0,540.0,960.0,0.5
4f3dc90e-0e11-4fbb-a481-7f0e76f5fa64,378,12.6,left_shoulder,0.5,0.5,0.0,540.0,960.0,0.5
4f3dc90e-0e11-4fbb-a481-7f0e76f5fa64,378,12.6,right_shoulder,0.5,0.5,0.0,540.0,960.0,0.5
4f3dc90e-0e11-4fbb-a481-7f0e76f5fa64,378,12.6,left_elbow,0.5,0.5,0.0,540.0,960.0,0.5
4f3dc90e-0e11-4fbb-a481-7f0e76f5fa64,378,12.6,right_elbow,0.5,0.5,0.0,540.0,960.0,0.5
4f3dc90e-0e11-4fbb-a481-7f0e76f5fa64,378,12.6,left_wrist,0.5,0.5,0.0,540.0,960.0,0.5
4f3dc90e-0e11-4fbb-a481-7f0e76f5fa64,378,12.6,right_wrist,0.5,0.5,0.0,540.0,960.0,0.5
4f3dc90e-0e11-4fbb-a481-7f0e76f5fa64,378,12.6,left_hip,0.5,0.5,0.0,540.0,960.0,0.5
4f3dc90e-0e11-4fbb-a481-7f0e76f5fa64,378,12.6,right_hip,0.5,0.5,0.0,540.0,960.0,0.5
4f3dc90e-0e11-4fbb-a481-7f0e76f5fa64,378,12.6,left_knee,0.5,0.5,0.0,540.0,960.0,0.5
4f3dc90e-0e11-4fbb-a481-7f0e76f5fa64,378,12.6,right_knee,0.5,0.5,0.0,540.0,960.0,0.5
4f3dc90e-0e11-4fbb-a481-7f0e76f5fa64,378,12.6,left_ankle,0.5,0.5,0.0,540.0,960.0,0.5
4f3dc90e-0e11-4fbb-a481-7f0e76f5fa64,378,12.6,right_ankle,0.5,0.5,0.0,540.0,960.0,0.5
4f3dc90e-0e11-4fbb-a481-7f0e76f5fa64,378,12.6,left_heel,0.5,0.5,0.0,540.0,960.0,0.5
4f3dc90e-0e11-4fbb-a481-7f0e76f5fa64,378,12.6,right_heel,0.5,0.5,0.0,540.0,960.0,0.5
4f3dc90e-0e11-4fbb-a481-7f0e76f5fa64,378,12.6,left_foot_index,0.5,0.5,0.0,540.0,960.0,0.5
4f3dc90e-0e11-4fbb-a481-7f0e76f5fa64,378,12.6,right_foot_index,0.5,0.5,0.0,540.0,960.0,0.5
4f3dc90e-0e11-4fbb-a481-7f0e76f5fa64,379,12.633333333333333,nose,0.5,0.5,0.0,540.0,960.0,0.5
4f3dc90e-0e11-4fbb-a481-7f0e76f5fa64,379,12.633333333333333,left_shoulder,0.5,0.5,0.0,540.0,960.0,0.5
4f3dc90e-0e11-4fbb-a481-7f0e76f5fa64,379,12.633333333333333,right_shoulder,0.5,0.5,0.0,540.0,960.0,0.5
4f3dc90e-0e11-4fbb-a481-7f0e76f5fa64,379,12.633333333333333,left_elbow,0.5,0.5,0.0,540.0,960.0,0.5
4f3dc90e-0e11-4fbb-a481-7f0e76f5fa64,379,12.633333333333333,right_elbow,0.5,0.5,0.0,540.0,960.0,0.5
4f3dc90e-0e11-4fbb-a481-7f0e76f5fa64,379,12.633333333333333,left_wrist,0.5,0.5,0.0,540.0,960.0,0.5
4f3dc90e-0e11-4fbb-a481-7f0e76f5fa64,379,12.633333333333333,right_wrist,0.5,0.5,0.0,540.0,960.0,0.5
4f3dc90e-0e11-4fbb-a481-7f0e76f5fa64,379,12.633333333333333,left_hip,0.5,0.5,0.0,540.0,960.0,0.5
4f3dc90e-0e11-4fbb-a481-7f0e76f5fa64,379,12.633333333333333,right_hip,0.5,0.5,0.0,540.0,960.0,0.5
4f3dc90e-0e11-4fbb-a481-7f0e76f5fa64,379,12.633333333333333,left_knee,0.5,0.5,0.0,540.0,960.0,0.5
4f3dc90e-0e11-4fbb-a481-7f0e76f5fa64,379,12.633333333333333,right_knee,0.5,0.5,0.0,540.0,960.0,0.5
4f3dc90e-0e11-4fbb-a481-7f0e76f5fa64,379,12.633333333333333,left_ankle,0.5,0.5,0.0,540.0,960.0,0.5
4f3dc90e-0e11-4fbb-a481-7f0e76f5fa64,379,12.633333333333333,right_ankle,0.5,0.5,0.0,540.0,960.0,0.5
4f3dc90e-0e11-4fbb-a481-7f0e76f5fa64,379,12.633333333333333,left_heel,0.5,0.5,0.0,540.0,960.0,0.5
4f3dc90e-0e11-4fbb-a481-7f0e76f5fa64,379,12.633333333333333,right_heel,0.5,0.5,0.0,540.0,960.0,0.5
4f3dc90e-0e11-4fbb-a481-7f0e76f5fa64,379,12.633333333333333,left_foot_index,0.5,0.5,0.0,540.0,960.0,0.5
4f3dc90e-0e11-4fbb-a481-7f0e76f5fa64,379,12.633333333333333,right_foot_index,0.5,0.5,0.0,540.0,960.0,0.5
4f3dc90e-0e11-4fbb-a481-7f0e76f5fa64,380,12.666666666666666,nose,0.5,0.5,0.0,540.0,960.0,0.5
4f3dc90e-0e11-4fbb-a481-7f0e76f5fa64,380,12.666666666666666,left_shoulder,0.5,0.5,0.0,540.0,960.0,0.5
4f3dc90e-0e11-4fbb-a481-7f0e76f5fa64,380,12.666666666666666,right_shoulder,0.5,0.5,0.0,540.0,960.0,0.5
4f3dc90e-0e11-4fbb-a481-7f0e76f5fa64,380,12.666666666666666,left_elbow,0.5,0.5,0.0,540.0,960.0,0.5
4f3dc90e-0e11-4fbb-a481-7f0e76f5fa64,380,12.666666666666666,right_elbow,0.5,0.5,0.0,540.0,960.0,0.5
4f3dc90e-0e11-4fbb-a481-7f0e76f5fa64,380,12.666666666666666,left_wrist,0.5,0.5,0.0,540.0,960.0,0.5
4f3dc90e-0e11-4fbb-a481-7f0e76f5fa64,380,12.666666666666666,right_wrist,0.5,0.5,0.0,540.0,960.0,0.5
4f3dc90e-0e11-4fbb-a481-7f0e76f5fa64,380,12.666666666666666,left_hip,0.5,0.5,0.0,540.0,960.0,0.5
4f3dc90e-0e11-4fbb-a481-7f0e76f5fa64,380,12.666666666666666,right_hip,0.5,0.5,0.0,540.0,960.0,0.5
4f3dc90e-0e11-4fbb-a481-7f0e76f5fa64,380,12.666666666666666,left_knee,0.5,0.5,0.0,540.0,960.0,0.5
4f3dc90e-0e11-4fbb-a481-7f0e76f5fa64,380,12.666666666666666,right_knee,0.5,0.5,0.0,540.0,960.0,0.5
4f3dc90e-0e11-4fbb-a481-7f0e76f5fa64,380,12.666666666666666,left_ankle,0.5,0.5,0.0,540.0,960.0,0.5
4f3dc90e-0e11-4fbb-a481-7f0e76f5fa64,380,12.666666666666666,right_ankle,0.5,0.5,0.0,540.0,960.0,0.5
4f3dc90e-0e11-4fbb-a481-7f0e76f5fa64,380,12.666666666666666,left_heel,0.5,0.5,0.0,540.0,960.0,0.5
4f3dc90e-0e11-4fbb-a481-7f0e76f5fa64,380,12.666666666666666,right_heel,0.5,0.5,0.0,540.0,960.0,0.5
4f3dc90e-0e11-4fbb-a481-7f0e76f5fa64,380,12.666666666666666,left_foot_index,0.5,0.5,0.0,540.0,960.0,0.5
4f3dc90e-0e11-4fbb-a481-7f0e76f5fa64,380,12.666666666666666,right_foot_index,0.5,0.5,0.0,540.0,960.0,0.5
4f3dc90e-0e11-4fbb-a481-7f0e76f5fa64,381,12.7,nose,0.5,0.5,0.0,540.0,960.0,0.5
4f3dc90e-0e11-4fbb-a481-7f0e76f5fa64,381,12.7,left_shoulder,0.5,0.5,0.0,540.0,960.0,0.5
4f3dc90e-0e11-4fbb-a481-7f0e76f5fa64,381,12.7,right_shoulder,0.5,0.5,0.0,540.0,960.0,0.5
4f3dc90e-0e11-4fbb-a481-7f0e76f5fa64,381,12.7,left_elbow,0.5,0.5,0.0,540.0,960.0,0.5
4f3dc90e-0e11-4fbb-a481-7f0e76f5fa64,381,12.7,right_elbow,0.5,0.5,0.0,540.0,960.0,0.5
4f3dc90e-0e11-4fbb-a481-7f0e76f5fa64,381,12.7,left_wrist,0.5,0.5,0.0,540.0,960.0,0.5
4f3dc90e-0e11-4fbb-a481-7f0e76f5fa64,381,12.7,right_wrist,0.5,0.5,0.0,540.0,960.0,0.5
4f3dc90e-0e11-4fbb-a481-7f0e76f5fa64,381,12.7,left_hip,0.5,0.5,0.0,540.0,960.0,0.5
4f3dc90e-0e11-4fbb-a481-7f0e76f5fa64,381,12.7,right_hip,0.5,0.5,0.0,540.0,960.0,0.5
4f3dc90e-0e11-4fbb-a481-7f0e76f5fa64,381,12.7,left_knee,0.5,0.5,0.0,540.0,960.0,0.5
4f3dc90e-0e11-4fbb-a481-7f0e76f5fa64,381,12.7,right_knee,0.5,0.5,0.0,540.0,960.0,0.5
4f3dc90e-0e11-4fbb-a481-7f0e76f5fa64,381,12.7,left_ankle,0.5,0.5,0.0,540.0,960.0,0.5
4f3dc90e-0e11-4fbb-a481-7f0e76f5fa64,381,12.7,right_ankle,0.5,0.5,0.0,540.0,960.0,0.5
4f3dc90e-0e11-4fbb-a481-7f0e76f5fa64,381,12.7,left_heel,0.5,0.5,0.0,540.0,960.0,0.5
4f3dc90e-0e11-4fbb-a481-7f0e76f5fa64,381,12.7,right_heel,0.5,0.5,0.0,540.0,960.0,0.5
4f3dc90e-0e11-4fbb-a481-7f0e76f5fa64,381,12.7,left_foot_index,0.5,0.5,0.0,540.0,960.0,0.5
4f3dc90e-0e11-4fbb-a481-7f0e76f5fa64,381,12.7,right_foot_index,0.5,0.5,0.0,540.0,960.0,0.5
4f3dc90e-0e11-4fbb-a481-7f0e76f5fa64,382,12.733333333333333,nose,0.5,0.5,0.0,540.0,960.0,0.5
4f3dc90e-0e11-4fbb-a481-7f0e76f5fa64,382,12.733333333333333,left_shoulder,0.5,0.5,0.0,540.0,960.0,0.5
4f3dc90e-0e11-4fbb-a481-7f0e76f5fa64,382,12.733333333333333,right_shoulder,0.5,0.5,0.0,540.0,960.0,0.5
4f3dc90e-0e11-4fbb-a481-7f0e76f5fa64,382,12.733333333333333,left_elbow,0.5,0.5,0.0,540.0,960.0,0.5
4f3dc90e-0e11-4fbb-a481-7f0e76f5fa64,382,12.733333333333333,right_elbow,0.5,0.5,0.0,540.0,960.0,0.5
4f3dc90e-0e11-4fbb-a481-7f0e76f5fa64,382,12.733333333333333,left_wrist,0.5,0.5,0.0,540.0,960.0,0.5
4f3dc90e-0e11-4fbb-a481-7f0e76f5fa64,382,12.733333333333333,right_wrist,0.5,0.5,0.0,540.0,960.0,0.5
4f3dc90e-0e11-4fbb-a481-7f0e76f5fa64,382,12.733333333333333,left_hip,0.5,0.5,0.0,540.0,960.0,0.5
4f3dc90e-0e11-4fbb-a481-7f0e76f5fa64,382,12.733333333333333,right_hip,0.5,0.5,0.0,540.0,960.0,0.5
4f3dc90e-0e11-4fbb-a481-7f0e76f5fa64,382,12.733333333333333,left_knee,0.5,0.5,0.0,540.0,960.0,0.5
4f3dc90e-0e11-4fbb-a481-7f0e76f5fa64,382,12.733333333333333,right_knee,0.5,0.5,0.0,540.0,960.0,0.5
4f3dc90e-0e11-4fbb-a481-7f0e76f5fa64,382,12.733333333333333,left_ankle,0.5,0.5,0.0,540.0,960.0,0.5
4f3dc90e-0e11-4fbb-a481-7f0e76f5fa64,382,12.733333333333333,right_ankle,0.5,0.5,0.0,540.0,960.0,0.5
4f3dc90e-0e11-4fbb-a481-7f0e76f5fa64,382,12.733333333333333,left_heel,0.5,0.5,0.0,540.0,960.0,0.5
4f3dc90e-0e11-4fbb-a481-7f0e76f5fa64,382,12.733333333333333,right_heel,0.5,0.5,0.0,540.0,960.0,0.5
4f3dc90e-0e11-4fbb-a481-7f0e76f5fa64,382,12.733333333333333,left_foot_index,0.5,0.5,0.0,540.0,960.0,0.5
4f3dc90e-0e11-4fbb-a481-7f0e76f5fa64,382,12.733333333333333,right_foot_index,0.5,0.5,0.0,540.0,960.0,0.5
4f3dc90e-0e11-4fbb-a481-7f0e76f5fa64,383,12.766666666666667,nose,0.5,0.5,0.0,540.0,960.0,0.5
4f3dc90e-0e11-4fbb-a481-7f0e76f5fa64,383,12.766666666666667,left_shoulder,0.5,0.5,0.0,540.0,960.0,0.5
4f3dc90e-0e11-4fbb-a481-7f0e76f5fa64,383,12.766666666666667,right_shoulder,0.5,0.5,0.0,540.0,960.0,0.5
4f3dc90e-0e11-4fbb-a481-7f0e76f5fa64,383,12.766666666666667,left_elbow,0.5,0.5,0.0,540.0,960.0,0.5
4f3dc90e-0e11-4fbb-a481-7f0e76f5fa64,383,12.766666666666667,right_elbow,0.5,0.5,0.0,540.0,960.0,0.5
4f3dc90e-0e11-4fbb-a481-7f0e76f5fa64,383,12.766666666666667,left_wrist,0.5,0.5,0.0,540.0,960.0,0.5
4f3dc90e-0e11-4fbb-a481-7f0e76f5fa64,383,12.766666666666667,right_wrist,0.5,0.5,0.0,540.0,960.0,0.5
4f3dc90e-0e11-4fbb-a481-7f0e76f5fa64,383,12.766666666666667,left_hip,0.5,0.5,0.0,540.0,960.0,0.5
4f3dc90e-0e11-4fbb-a481-7f0e76f5fa64,383,12.766666666666667,right_hip,0.5,0.5,0.0,540.0,960.0,0.5
4f3dc90e-0e11-4fbb-a481-7f0e76f5fa64,383,12.766666666666667,left_knee,0.5,0.5,0.0,540.0,960.0,0.5
4f3dc90e-0e11-4fbb-a481-7f0e76f5fa64,383,12.766666666666667,right_knee,0.5,0.5,0.0,540.0,960.0,0.5
4f3dc90e-0e11-4fbb-a481-7f0e76f5fa64,383,12.766666666666667,left_ankle,0.5,0.5,0.0,540.0,960.0,0.5
4f3dc90e-0e11-4fbb-a481-7f0e76f5fa64,383,12.766666666666667,right_ankle,0.5,0.5,0.0,540.0,960.0,0.5
4f3dc90e-0e11-4fbb-a481-7f0e76f5fa64,383,12.766666666666667,left_heel,0.5,0.5,0.0,540.0,960.0,0.5
4f3dc90e-0e11-4fbb-a481-7f0e76f5fa64,383,12.766666666666667,right_heel,0.5,0.5,0.0,540.0,960.0,0.5
4f3dc90e-0e11-4fbb-a481-7f0e76f5fa64,383,12.766666666666667,left_foot_index,0.5,0.5,0.0,540.0,960.0,0.5
4f3dc90e-0e11-4fbb-a481-7f0e76f5fa64,383,12.766666666666667,right_foot_index,0.5,0.5,0.0,540.0,960.0,0.5
4f3dc90e-0e11-4fbb-a481-7f0e76f5fa64,384,12.8,nose,0.5,0.5,0.0,540.0,960.0,0.5
4f3dc90e-0e11-4fbb-a481-7f0e76f5fa64,384,12.8,left_shoulder,0.5,0.5,0.0,540.0,960.0,0.5
4f3dc90e-0e11-4fbb-a481-7f0e76f5fa64,384,12.8,right_shoulder,0.5,0.5,0.0,540.0,960.0,0.5
4f3dc90e-0e11-4fbb-a481-7f0e76f5fa64,384,12.8,left_elbow,0.5,0.5,0.0,540.0,960.0,0.5
4f3dc90e-0e11-4fbb-a481-7f0e76f5fa64,384,12.8,right_elbow,0.5,0.5,0.0,540.0,960.0,0.5
4f3dc90e-0e11-4fbb-a481-7f0e76f5fa64,384,12.8,left_wrist,0.5,0.5,0.0,540.0,960.0,0.5
4f3dc90e-0e11-4fbb-a481-7f0e76f5fa64,384,12.8,right_wrist,0.5,0.5,0.0,540.0,960.0,0.5
4f3dc90e-0e11-4fbb-a481-7f0e76f5fa64,384,12.8,left_hip,0.5,0.5,0.0,540.0,960.0,0.5
4f3dc90e-0e11-4fbb-a481-7f0e76f5fa64,384,12.8,right_hip,0.5,0.5,0.0,540.0,960.0,0.5
4f3dc90e-0e11-4fbb-a481-7f0e76f5fa64,384,12.8,left_knee,0.5,0.5,0.0,540.0,960.0,0.5
4f3dc90e-0e11-4fbb-a481-7f0e76f5fa64,384,12.8,right_knee,0.5,0.5,0.0,540.0,960.0,0.5
4f3dc90e-0e11-4fbb-a481-7f0e76f5fa64,384,12.8,left_ankle,0.5,0.5,0.0,540.0,960.0,0.5
4f3dc90e-0e11-4fbb-a481-7f0e76f5fa64,384,12.8,right_ankle,0.5,0.5,0.0,540.0,960.0,0.5
4f3dc90e-0e11-4fbb-a481-7f0e76f5fa64,384,12.8,left_heel,0.5,0.5,0.0,540.0,960.0,0.5
4f3dc90e-0e11-4fbb-a481-7f0e76f5fa64,384,12.8,right_heel,0.5,0.5,0.0,540.0,960.0,0.5
4f3dc90e-0e11-4fbb-a481-7f0e76f5fa64,384,12.8,left_foot_index,0.5,0.5,0.0,540.0,960.0,0.5
4f3dc90e-0e11-4fbb-a481-7f0e76f5fa64,384,12.8,right_foot_index,0.5,0.5,0.0,540.0,960.0,0.5
4f3dc90e-0e11-4fbb-a481-7f0e76f5fa64,385,12.833333333333334,nose,0.5,0.5,0.0,540.0,960.0,0.5
4f3dc90e-0e11-4fbb-a481-7f0e76f5fa64,385,12.833333333333334,left_shoulder,0.5,0.5,0.0,540.0,960.0,0.5
4f3dc90e-0e11-4fbb-a481-7f0e76f5fa64,385,12.833333333333334,right_shoulder,0.5,0.5,0.0,540.0,960.0,0.5
4f3dc90e-0e11-4fbb-a481-7f0e76f5fa64,385,12.833333333333334,left_elbow,0.5,0.5,0.0,540.0,960.0,0.5
4f3dc90e-0e11-4fbb-a481-7f0e76f5fa64,385,12.833333333333334,right_elbow,0.5,0.5,0.0,540.0,960.0,0.5
4f3dc90e-0e11-4fbb-a481-7f0e76f5fa64,385,12.833333333333334,left_wrist,0.5,0.5,0.0,540.0,960.0,0.5
4f3dc90e-0e11-4fbb-a481-7f0e76f5fa64,385,12.833333333333334,right_wrist,0.5,0.5,0.0,540.0,960.0,0.5
4f3dc90e-0e11-4fbb-a481-7f0e76f5fa64,385,12.833333333333334,left_hip,0.5,0.5,0.0,540.0,960.0,0.5
4f3dc90e-0e11-4fbb-a481-7f0e76f5fa64,385,12.833333333333334,right_hip,0.5,0.5,0.0,540.0,960.0,0.5
4f3dc90e-0e11-4fbb-a481-7f0e76f5fa64,385,12.833333333333334,left_knee,0.5,0.5,0.0,540.0,960.0,0.5
4f3dc90e-0e11-4fbb-a481-7f0e76f5fa64,385,12.833333333333334,right_knee,0.5,0.5,0.0,540.0,960.0,0.5
4f3dc90e-0e11-4fbb-a481-7f0e76f5fa64,385,12.833333333333334,left_ankle,0.5,0.5,0.0,540.0,960.0,0.5
4f3dc90e-0e11-4fbb-a481-7f0e76f5fa64,385,12.833333333333334,right_ankle,0.5,0.5,0.0,540.0,960.0,0.5
4f3dc90e-0e11-4fbb-a481-7f0e76f5fa64,385,12.833333333333334,left_heel,0.5,0.5,0.0,540.0,960.0,0.5
4f3dc90e-0e11-4fbb-a481-7f0e76f5fa64,385,12.833333333333334,right_heel,0.5,0.5,0.0,540.0,960.0,0.5
4f3dc90e-0e11-4fbb-a481-7f0e76f5fa64,385,12.833333333333334,left_foot_index,0.5,0.5,0.0,540.0,960.0,0.5
4f3dc90e-0e11-4fbb-a481-7f0e76f5fa64,385,12.833333333333334,right_foot_index,0.5,0.5,0.0,540.0,960.0,0.5
4f3dc90e-0e11-4fbb-a481-7f0e76f5fa64,386,12.866666666666667,nose,0.5,0.5,0.0,540.0,960.0,0.5
4f3dc90e-0e11-4fbb-a481-7f0e76f5fa64,386,12.866666666666667,left_shoulder,0.5,0.5,0.0,540.0,960.0,0.5
4f3dc90e-0e11-4fbb-a481-7f0e76f5fa64,386,12.866666666666667,right_shoulder,0.5,0.5,0.0,540.0,960.0,0.5
4f3dc90e-0e11-4fbb-a481-7f0e76f5fa64,386,12.866666666666667,left_elbow,0.5,0.5,0.0,540.0,960.0,0.5
4f3dc90e-0e11-4fbb-a481-7f0e76f5fa64,386,12.866666666666667,right_elbow,0.5,0.5,0.0,540.0,960.0,0.5
4f3dc90e-0e11-4fbb-a481-7f0e76f5fa64,386,12.866666666666667,left_wrist,0.5,0.5,0.0,540.0,960.0,0.5
4f3dc90e-0e11-4fbb-a481-7f0e76f5fa64,386,12.866666666666667,right_wrist,0.5,0.5,0.0,540.0,960.0,0.5
4f3dc90e-0e11-4fbb-a481-7f0e76f5fa64,386,12.866666666666667,left_hip,0.5,0.5,0.0,540.0,960.0,0.5
4f3dc90e-0e11-4fbb-a481-7f0e76f5fa64,386,12.866666666666667,right_hip,0.5,0.5,0.0,540.0,960.0,0.5
4f3dc90e-0e11-4fbb-a481-7f0e76f5fa64,386,12.866666666666667,left_knee,0.5,0.5,0.0,540.0,960.0,0.5
4f3dc90e-0e11-4fbb-a481-7f0e76f5fa64,386,12.866666666666667,right_knee,0.5,0.5,0.0,540.0,960.0,0.5
4f3dc90e-0e11-4fbb-a481-7f0e76f5fa64,386,12.866666666666667,left_ankle,0.5,0.5,0.0,540.0,960.0,0.5
4f3dc90e-0e11-4fbb-a481-7f0e76f5fa64,386,12.866666666666667,right_ankle,0.5,0.5,0.0,540.0,960.0,0.5
4f3dc90e-0e11-4fbb-a481-7f0e76f5fa64,386,12.866666666666667,left_heel,0.5,0.5,0.0,540.0,960.0,0.5
4f3dc90e-0e11-4fbb-a481-7f0e76f5fa64,386,12.866666666666667,right_heel,0.5,0.5,0.0,540.0,960.0,0.5
4f3dc90e-0e11-4fbb-a481-7f0e76f5fa64,386,12.866666666666667,left_foot_index,0.5,0.5,0.0,540.0,960.0,0.5
4f3dc90e-0e11-4fbb-a481-7f0e76f5fa64,386,12.866666666666667,right_foot_index,0.5,0.5,0.0,540.0,960.0,0.5
4f3dc90e-0e11-4fbb-a481-7f0e76f5fa64,387,12.9,nose,0.5,0.5,0.0,540.0,960.0,0.5
4f3dc90e-0e11-4fbb-a481-7f0e76f5fa64,387,12.9,left_shoulder,0.5,0.5,0.0,540.0,960.0,0.5
4f3dc90e-0e11-4fbb-a481-7f0e76f5fa64,387,12.9,right_shoulder,0.5,0.5,0.0,540.0,960.0,0.5
4f3dc90e-0e11-4fbb-a481-7f0e76f5fa64,387,12.9,left_elbow,0.5,0.5,0.0,540.0,960.0,0.5
4f3dc90e-0e11-4fbb-a481-7f0e76f5fa64,387,12.9,right_elbow,0.5,0.5,0.0,540.0,960.0,0.5
4f3dc90e-0e11-4fbb-a481-7f0e76f5fa64,387,12.9,left_wrist,0.5,0.5,0.0,540.0,960.0,0.5
4f3dc90e-0e11-4fbb-a481-7f0e76f5fa64,387,12.9,right_wrist,0.5,0.5,0.0,540.0,960.0,0.5
4f3dc90e-0e11-4fbb-a481-7f0e76f5fa64,387,12.9,left_hip,0.5,0.5,0.0,540.0,960.0,0.5
4f3dc90e-0e11-4fbb-a481-7f0e76f5fa64,387,12.9,right_hip,0.5,0.5,0.0,540.0,960.0,0.5
4f3dc90e-0e11-4fbb-a481-7f0e76f5fa64,387,12.9,left_knee,0.5,0.5,0.0,540.0,960.0,0.5
4f3dc90e-0e11-4fbb-a481-7f0e76f5fa64,387,12.9,right_knee,0.5,0.5,0.0,540.0,960.0,0.5
4f3dc90e-0e11-4fbb-a481-7f0e76f5fa64,387,12.9,left_ankle,0.5,0.5,0.0,540.0,960.0,0.5
4f3dc90e-0e11-4fbb-a481-7f0e76f5fa64,387,12.9,right_ankle,0.5,0.5,0.0,540.0,960.0,0.5
4f3dc90e-0e11-4fbb-a481-7f0e76f5fa64,387,12.9,left_heel,0.5,0.5,0.0,540.0,960.0,0.5
4f3dc90e-0e11-4fbb-a481-7f0e76f5fa64,387,12.9,right_heel,0.5,0.5,0.0,540.0,960.0,0.5
4f3dc90e-0e11-4fbb-a481-7f0e76f5fa64,387,12.9,left_foot_index,0.5,0.5,0.0,540.0,960.0,0.5
4f3dc90e-0e11-4fbb-a481-7f0e76f5fa64,387,12.9,right_foot_index,0.5,0.5,0.0,540.0,960.0,0.5
4f3dc90e-0e11-4fbb-a481-7f0e76f5fa64,388,12.933333333333334,nose,0.5,0.5,0.0,540.0,960.0,0.5
4f3dc90e-0e11-4fbb-a481-7f0e76f5fa64,388,12.933333333333334,left_shoulder,0.5,0.5,0.0,540.0,960.0,0.5
4f3dc90e-0e11-4fbb-a481-7f0e76f5fa64,388,12.933333333333334,right_shoulder,0.5,0.5,0.0,540.0,960.0,0.5
4f3dc90e-0e11-4fbb-a481-7f0e76f5fa64,388,12.933333333333334,left_elbow,0.5,0.5,0.0,540.0,960.0,0.5
4f3dc90e-0e11-4fbb-a481-7f0e76f5fa64,388,12.933333333333334,right_elbow,0.5,0.5,0.0,540.0,960.0,0.5
4f3dc90e-0e11-4fbb-a481-7f0e76f5fa64,388,12.933333333333334,left_wrist,0.5,0.5,0.0,540.0,960.0,0.5
4f3dc90e-0e11-4fbb-a481-7f0e76f5fa64,388,12.933333333333334,right_wrist,0.5,0.5,0.0,540.0,960.0,0.5
4f3dc90e-0e11-4fbb-a481-7f0e76f5fa64,388,12.933333333333334,left_hip,0.5,0.5,0.0,540.0,960.0,0.5
4f3dc90e-0e11-4fbb-a481-7f0e76f5fa64,388,12.933333333333334,right_hip,0.5,0.5,0.0,540.0,960.0,0.5
4f3dc90e-0e11-4fbb-a481-7f0e76f5fa64,388,12.933333333333334,left_knee,0.5,0.5,0.0,540.0,960.0,0.5
4f3dc90e-0e11-4fbb-a481-7f0e76f5fa64,388,12.933333333333334,right_knee,0.5,0.5,0.0,540.0,960.0,0.5
4f3dc90e-0e11-4fbb-a481-7f0e76f5fa64,388,12.933333333333334,left_ankle,0.5,0.5,0.0,540.0,960.0,0.5
4f3dc90e-0e11-4fbb-a481-7f0e76f5fa64,388,12.933333333333334,right_ankle,0.5,0.5,0.0,540.0,960.0,0.5
4f3dc90e-0e11-4fbb-a481-7f0e76f5fa64,388,12.933333333333334,left_heel,0.5,0.5,0.0,540.0,960.0,0.5
4f3dc90e-0e11-4fbb-a481-7f0e76f5fa64,388,12.933333333333334,right_heel,0.5,0.5,0.0,540.0,960.0,0.5
4f3dc90e-0e11-4fbb-a481-7f0e76f5fa64,388,12.933333333333334,left_foot_index,0.5,0.5,0.0,540.0,960.0,0.5
4f3dc90e-0e11-4fbb-a481-7f0e76f5fa64,388,12.933333333333334,right_foot_index,0.5,0.5,0.0,540.0,960.0,0.5
4f3dc90e-0e11-4fbb-a481-7f0e76f5fa64,389,12.966666666666667,nose,0.5,0.5,0.0,540.0,960.0,0.5
4f3dc90e-0e11-4fbb-a481-7f0e76f5fa64,389,12.966666666666667,left_shoulder,0.5,0.5,0.0,540.0,960.0,0.5
4f3dc90e-0e11-4fbb-a481-7f0e76f5fa64,389,12.966666666666667,right_shoulder,0.5,0.5,0.0,540.0,960.0,0.5
4f3dc90e-0e11-4fbb-a481-7f0e76f5fa64,389,12.966666666666667,left_elbow,0.5,0.5,0.0,540.0,960.0,0.5
4f3dc90e-0e11-4fbb-a481-7f0e76f5fa64,389,12.966666666666667,right_elbow,0.5,0.5,0.0,540.0,960.0,0.5
4f3dc90e-0e11-4fbb-a481-7f0e76f5fa64,389,12.966666666666667,left_wrist,0.5,0.5,0.0,540.0,960.0,0.5
4f3dc90e-0e11-4fbb-a481-7f0e76f5fa64,389,12.966666666666667,right_wrist,0.5,0.5,0.0,540.0,960.0,0.5
4f3dc90e-0e11-4fbb-a481-7f0e76f5fa64,389,12.966666666666667,left_hip,0.5,0.5,0.0,540.0,960.0,0.5
4f3dc90e-0e11-4fbb-a481-7f0e76f5fa64,389,12.966666666666667,right_hip,0.5,0.5,0.0,540.0,960.0,0.5
4f3dc90e-0e11-4fbb-a481-7f0e76f5fa64,389,12.966666666666667,left_knee,0.5,0.5,0.0,540.0,960.0,0.5
4f3dc90e-0e11-4fbb-a481-7f0e76f5fa64,389,12.966666666666667,right_knee,0.5,0.5,0.0,540.0,960.0,0.5
4f3dc90e-0e11-4fbb-a481-7f0e76f5fa64,389,12.966666666666667,left_ankle,0.5,0.5,0.0,540.0,960.0,0.5
4f3dc90e-0e11-4fbb-a481-7f0e76f5fa64,389,12.966666666666667,right_ankle,0.5,0.5,0.0,540.0,960.0,0.5
4f3dc90e-0e11-4fbb-a481-7f0e76f5fa64,389,12.966666666666667,left_heel,0.5,0.5,0.0,540.0,960.0,0.5
4f3dc90e-0e11-4fbb-a481-7f0e76f5fa64,389,12.966666666666667,right_heel,0.5,0.5,0.0,540.0,960.0,0.5
4f3dc90e-0e11-4fbb-a481-7f0e76f5fa64,389,12.966666666666667,left_foot_index,0.5,0.5,0.0,540.0,960.0,0.5
4f3dc90e-0e11-4fbb-a481-7f0e76f5fa64,389,12.966666666666667,right_foot_index,0.5,0.5,0.0,540.0,960.0,0.5
4f3dc90e-0e11-4fbb-a481-7f0e76f5fa64,390,13.0,nose,0.5,0.5,0.0,540.0,960.0,0.5
4f3dc90e-0e11-4fbb-a481-7f0e76f5fa64,390,13.0,left_shoulder,0.5,0.5,0.0,540.0,960.0,0.5
4f3dc90e-0e11-4fbb-a481-7f0e76f5fa64,390,13.0,right_shoulder,0.5,0.5,0.0,540.0,960.0,0.5
4f3dc90e-0e11-4fbb-a481-7f0e76f5fa64,390,13.0,left_elbow,0.5,0.5,0.0,540.0,960.0,0.5
4f3dc90e-0e11-4fbb-a481-7f0e76f5fa64,390,13.0,right_elbow,0.5,0.5,0.0,540.0,960.0,0.5
4f3dc90e-0e11-4fbb-a481-7f0e76f5fa64,390,13.0,left_wrist,0.5,0.5,0.0,540.0,960.0,0.5
4f3dc90e-0e11-4fbb-a481-7f0e76f5fa64,390,13.0,right_wrist,0.5,0.5,0.0,540.0,960.0,0.5
4f3dc90e-0e11-4fbb-a481-7f0e76f5fa64,390,13.0,left_hip,0.5,0.5,0.0,540.0,960.0,0.5
4f3dc90e-0e11-4fbb-a481-7f0e76f5fa64,390,13.0,right_hip,0.5,0.5,0.0,540.0,960.0,0.5
4f3dc90e-0e11-4fbb-a481-7f0e76f5fa64,390,13.0,left_knee,0.5,0.5,0.0,540.0,960.0,0.5
4f3dc90e-0e11-4fbb-a481-7f0e76f5fa64,390,13.0,right_knee,0.5,0.5,0.0,540.0,960.0,0.5
4f3dc90e-0e11-4fbb-a481-7f0e76f5fa64,390,13.0,left_ankle,0.5,0.5,0.0,540.0,960.0,0.5
4f3dc90e-0e11-4fbb-a481-7f0e76f5fa64,390,13.0,right_ankle,0.5,0.5,0.0,540.0,960.0,0.5
4f3dc90e-0e11-4fbb-a481-7f0e76f5fa64,390,13.0,left_heel,0.5,0.5,0.0,540.0,960.0,0.5
4f3dc90e-0e11-4fbb-a481-7f0e76f5fa64,390,13.0,right_heel,0.5,0.5,0.0,540.0,960.0,0.5
4f3dc90e-0e11-4fbb-a481-7f0e76f5fa64,390,13.0,left_foot_index,0.5,0.5,0.0,540.0,960.0,0.5
4f3dc90e-0e11-4fbb-a481-7f0e76f5fa64,390,13.0,right_foot_index,0.5,0.5,0.0,540.0,960.0,0.5
4f3dc90e-0e11-4fbb-a481-7f0e76f5fa64,391,13.033333333333333,nose,0.5,0.5,0.0,540.0,960.0,0.5
4f3dc90e-0e11-4fbb-a481-7f0e76f5fa64,391,13.033333333333333,left_shoulder,0.5,0.5,0.0,540.0,960.0,0.5
4f3dc90e-0e11-4fbb-a481-7f0e76f5fa64,391,13.033333333333333,right_shoulder,0.5,0.5,0.0,540.0,960.0,0.5
4f3dc90e-0e11-4fbb-a481-7f0e76f5fa64,391,13.033333333333333,left_elbow,0.5,0.5,0.0,540.0,960.0,0.5
4f3dc90e-0e11-4fbb-a481-7f0e76f5fa64,391,13.033333333333333,right_elbow,0.5,0.5,0.0,540.0,960.0,0.5
4f3dc90e-0e11-4fbb-a481-7f0e76f5fa64,391,13.033333333333333,left_wrist,0.5,0.5,0.0,540.0,960.0,0.5
4f3dc90e-0e11-4fbb-a481-7f0e76f5fa64,391,13.033333333333333,right_wrist,0.5,0.5,0.0,540.0,960.0,0.5
4f3dc90e-0e11-4fbb-a481-7f0e76f5fa64,391,13.033333333333333,left_hip,0.5,0.5,0.0,540.0,960.0,0.5
4f3dc90e-0e11-4fbb-a481-7f0e76f5fa64,391,13.033333333333333,right_hip,0.5,0.5,0.0,540.0,960.0,0.5
4f3dc90e-0e11-4fbb-a481-7f0e76f5fa64,391,13.033333333333333,left_knee,0.5,0.5,0.0,540.0,960.0,0.5
4f3dc90e-0e11-4fbb-a481-7f0e76f5fa64,391,13.033333333333333,right_knee,0.5,0.5,0.0,540.0,960.0,0.5
4f3dc90e-0e11-4fbb-a481-7f0e76f5fa64,391,13.033333333333333,left_ankle,0.5,0.5,0.0,540.0,960.0,0.5
4f3dc90e-0e11-4fbb-a481-7f0e76f5fa64,391,13.033333333333333,right_ankle,0.5,0.5,0.0,540.0,960.0,0.5
4f3dc90e-0e11-4fbb-a481-7f0e76f5fa64,391,13.033333333333333,left_heel,0.5,0.5,0.0,540.0,960.0,0.5
4f3dc90e-0e11-4fbb-a481-7f0e76f5fa64,391,13.033333333333333,right_heel,0.5,0.5,0.0,540.0,960.0,0.5
4f3dc90e-0e11-4fbb-a481-7f0e76f5fa64,391,13.033333333333333,left_foot_index,0.5,0.5,0.0,540.0,960.0,0.5
4f3dc90e-0e11-4fbb-a481-7f0e76f5fa64,391,13.033333333333333,right_foot_index,0.5,0.5,0.0,540.0,960.0,0.5
4f3dc90e-0e11-4fbb-a481-7f0e76f5fa64,392,13.066666666666666,nose,0.5,0.5,0.0,540.0,960.0,0.5
4f3dc90e-0e11-4fbb-a481-7f0e76f5fa64,392,13.066666666666666,left_shoulder,0.5,0.5,0.0,540.0,960.0,0.5
4f3dc90e-0e11-4fbb-a481-7f0e76f5fa64,392,13.066666666666666,right_shoulder,0.5,0.5,0.0,540.0,960.0,0.5
4f3dc90e-0e11-4fbb-a481-7f0e76f5fa64,392,13.066666666666666,left_elbow,0.5,0.5,0.0,540.0,960.0,0.5
4f3dc90e-0e11-4fbb-a481-7f0e76f5fa64,392,13.066666666666666,right_elbow,0.5,0.5,0.0,540.0,960.0,0.5
4f3dc90e-0e11-4fbb-a481-7f0e76f5fa64,392,13.066666666666666,left_wrist,0.5,0.5,0.0,540.0,960.0,0.5
4f3dc90e-0e11-4fbb-a481-7f0e76f5fa64,392,13.066666666666666,right_wrist,0.5,0.5,0.0,540.0,960.0,0.5
4f3dc90e-0e11-4fbb-a481-7f0e76f5fa64,392,13.066666666666666,left_hip,0.5,0.5,0.0,540.0,960.0,0.5
4f3dc90e-0e11-4fbb-a481-7f0e76f5fa64,392,13.066666666666666,right_hip,0.5,0.5,0.0,540.0,960.0,0.5
4f3dc90e-0e11-4fbb-a481-7f0e76f5fa64,392,13.066666666666666,left_knee,0.5,0.5,0.0,540.0,960.0,0.5
4f3dc90e-0e11-4fbb-a481-7f0e76f5fa64,392,13.066666666666666,right_knee,0.5,0.5,0.0,540.0,960.0,0.5
4f3dc90e-0e11-4fbb-a481-7f0e76f5fa64,392,13.066666666666666,left_ankle,0.5,0.5,0.0,540.0,960.0,0.5
4f3dc90e-0e11-4fbb-a481-7f0e76f5fa64,392,13.066666666666666,right_ankle,0.5,0.5,0.0,540.0,960.0,0.5
4f3dc90e-0e11-4fbb-a481-7f0e76f5fa64,392,13.066666666666666,left_heel,0.5,0.5,0.0,540.0,960.0,0.5
4f3dc90e-0e11-4fbb-a481-7f0e76f5fa64,392,13.066666666666666,right_heel,0.5,0.5,0.0,540.0,960.0,0.5
4f3dc90e-0e11-4fbb-a481-7f0e76f5fa64,392,13.066666666666666,left_foot_index,0.5,0.5,0.0,540.0,960.0,0.5
4f3dc90e-0e11-4fbb-a481-7f0e76f5fa64,392,13.066666666666666,right_foot_index,0.5,0.5,0.0,540.0,960.0,0.5
4f3dc90e-0e11-4fbb-a481-7f0e76f5fa64,393,13.1,nose,0.5,0.5,0.0,540.0,960.0,0.5
4f3dc90e-0e11-4fbb-a481-7f0e76f5fa64,393,13.1,left_shoulder,0.5,0.5,0.0,540.0,960.0,0.5
4f3dc90e-0e11-4fbb-a481-7f0e76f5fa64,393,13.1,right_shoulder,0.5,0.5,0.0,540.0,960.0,0.5
4f3dc90e-0e11-4fbb-a481-7f0e76f5fa64,393,13.1,left_elbow,0.5,0.5,0.0,540.0,960.0,0.5
4f3dc90e-0e11-4fbb-a481-7f0e76f5fa64,393,13.1,right_elbow,0.5,0.5,0.0,540.0,960.0,0.5
4f3dc90e-0e11-4fbb-a481-7f0e76f5fa64,393,13.1,left_wrist,0.5,0.5,0.0,540.0,960.0,0.5
4f3dc90e-0e11-4fbb-a481-7f0e76f5fa64,393,13.1,right_wrist,0.5,0.5,0.0,540.0,960.0,0.5
4f3dc90e-0e11-4fbb-a481-7f0e76f5fa64,393,13.1,left_hip,0.5,0.5,0.0,540.0,960.0,0.5
4f3dc90e-0e11-4fbb-a481-7f0e76f5fa64,393,13.1,right_hip,0.5,0.5,0.0,540.0,960.0,0.5
4f3dc90e-0e11-4fbb-a481-7f0e76f5fa64,393,13.1,left_knee,0.5,0.5,0.0,540.0,960.0,0.5
4f3dc90e-0e11-4fbb-a481-7f0e76f5fa64,393,13.1,right_knee,0.5,0.5,0.0,540.0,960.0,0.5
4f3dc90e-0e11-4fbb-a481-7f0e76f5fa64,393,13.1,left_ankle,0.5,0.5,0.0,540.0,960.0,0.5
4f3dc90e-0e11-4fbb-a481-7f0e76f5fa64,393,13.1,right_ankle,0.5,0.5,0.0,540.0,960.0,0.5
4f3dc90e-0e11-4fbb-a481-7f0e76f5fa64,393,13.1,left_heel,0.5,0.5,0.0,540.0,960.0,0.5
4f3dc90e-0e11-4fbb-a481-7f0e76f5fa64,393,13.1,right_heel,0.5,0.5,0.0,540.0,960.0,0.5
4f3dc90e-0e11-4fbb-a481-7f0e76f5fa64,393,13.1,left_foot_index,0.5,0.5,0.0,540.0,960.0,0.5
4f3dc90e-0e11-4fbb-a481-7f0e76f5fa64,393,13.1,right_foot_index,0.5,0.5,0.0,540.0,960.0,0.5
4f3dc90e-0e11-4fbb-a481-7f0e76f5fa64,394,13.133333333333333,nose,0.5,0.5,0.0,540.0,960.0,0.5
4f3dc90e-0e11-4fbb-a481-7f0e76f5fa64,394,13.133333333333333,left_shoulder,0.5,0.5,0.0,540.0,960.0,0.5
4f3dc90e-0e11-4fbb-a481-7f0e76f5fa64,394,13.133333333333333,right_shoulder,0.5,0.5,0.0,540.0,960.0,0.5
4f3dc90e-0e11-4fbb-a481-7f0e76f5fa64,394,13.133333333333333,left_elbow,0.5,0.5,0.0,540.0,960.0,0.5
4f3dc90e-0e11-4fbb-a481-7f0e76f5fa64,394,13.133333333333333,right_elbow,0.5,0.5,0.0,540.0,960.0,0.5
4f3dc90e-0e11-4fbb-a481-7f0e76f5fa64,394,13.133333333333333,left_wrist,0.5,0.5,0.0,540.0,960.0,0.5
4f3dc90e-0e11-4fbb-a481-7f0e76f5fa64,394,13.133333333333333,right_wrist,0.5,0.5,0.0,540.0,960.0,0.5
4f3dc90e-0e11-4fbb-a481-7f0e76f5fa64,394,13.133333333333333,left_hip,0.5,0.5,0.0,540.0,960.0,0.5
4f3dc90e-0e11-4fbb-a481-7f0e76f5fa64,394,13.133333333333333,right_hip,0.5,0.5,0.0,540.0,960.0,0.5
4f3dc90e-0e11-4fbb-a481-7f0e76f5fa64,394,13.133333333333333,left_knee,0.5,0.5,0.0,540.0,960.0,0.5
4f3dc90e-0e11-4fbb-a481-7f0e76f5fa64,394,13.133333333333333,right_knee,0.5,0.5,0.0,540.0,960.0,0.5
4f3dc90e-0e11-4fbb-a481-7f0e76f5fa64,394,13.133333333333333,left_ankle,0.5,0.5,0.0,540.0,960.0,0.5
4f3dc90e-0e11-4fbb-a481-7f0e76f5fa64,394,13.133333333333333,right_ankle,0.5,0.5,0.0,540.0,960.0,0.5
4f3dc90e-0e11-4fbb-a481-7f0e76f5fa64,394,13.133333333333333,left_heel,0.5,0.5,0.0,540.0,960.0,0.5
4f3dc90e-0e11-4fbb-a481-7f0e76f5fa64,394,13.133333333333333,right_heel,0.5,0.5,0.0,540.0,960.0,0.5
4f3dc90e-0e11-4fbb-a481-7f0e76f5fa64,394,13.133333333333333,left_foot_index,0.5,0.5,0.0,540.0,960.0,0.5
4f3dc90e-0e11-4fbb-a481-7f0e76f5fa64,394,13.133333333333333,right_foot_index,0.5,0.5,0.0,540.0,960.0,0.5
4f3dc90e-0e11-4fbb-a481-7f0e76f5fa64,395,13.166666666666666,nose,0.5,0.5,0.0,540.0,960.0,0.5
4f3dc90e-0e11-4fbb-a481-7f0e76f5fa64,395,13.166666666666666,left_shoulder,0.5,0.5,0.0,540.0,960.0,0.5
4f3dc90e-0e11-4fbb-a481-7f0e76f5fa64,395,13.166666666666666,right_shoulder,0.5,0.5,0.0,540.0,960.0,0.5
4f3dc90e-0e11-4fbb-a481-7f0e76f5fa64,395,13.166666666666666,left_elbow,0.5,0.5,0.0,540.0,960.0,0.5
4f3dc90e-0e11-4fbb-a481-7f0e76f5fa64,395,13.166666666666666,right_elbow,0.5,0.5,0.0,540.0,960.0,0.5
4f3dc90e-0e11-4fbb-a481-7f0e76f5fa64,395,13.166666666666666,left_wrist,0.5,0.5,0.0,540.0,960.0,0.5
4f3dc90e-0e11-4fbb-a481-7f0e76f5fa64,395,13.166666666666666,right_wrist,0.5,0.5,0.0,540.0,960.0,0.5
4f3dc90e-0e11-4fbb-a481-7f0e76f5fa64,395,13.166666666666666,left_hip,0.5,0.5,0.0,540.0,960.0,0.5
4f3dc90e-0e11-4fbb-a481-7f0e76f5fa64,395,13.166666666666666,right_hip,0.5,0.5,0.0,540.0,960.0,0.5
4f3dc90e-0e11-4fbb-a481-7f0e76f5fa64,395,13.166666666666666,left_knee,0.5,0.5,0.0,540.0,960.0,0.5
4f3dc90e-0e11-4fbb-a481-7f0e76f5fa64,395,13.166666666666666,right_knee,0.5,0.5,0.0,540.0,960.0,0.5
4f3dc90e-0e11-4fbb-a481-7f0e76f5fa64,395,13.166666666666666,left_ankle,0.5,0.5,0.0,540.0,960.0,0.5
4f3dc90e-0e11-4fbb-a481-7f0e76f5fa64,395,13.166666666666666,right_ankle,0.5,0.5,0.0,540.0,960.0,0.5
4f3dc90e-0e11-4fbb-a481-7f0e76f5fa64,395,13.166666666666666,left_heel,0.5,0.5,0.0,540.0,960.0,0.5
4f3dc90e-0e11-4fbb-a481-7f0e76f5fa64,395,13.166666666666666,right_heel,0.5,0.5,0.0,540.0,960.0,0.5
4f3dc90e-0e11-4fbb-a481-7f0e76f5fa64,395,13.166666666666666,left_foot_index,0.5,0.5,0.0,540.0,960.0,0.5
4f3dc90e-0e11-4fbb-a481-7f0e76f5fa64,395,13.166666666666666,right_foot_index,0.5,0.5,0.0,540.0,960.0,0.5
4f3dc90e-0e11-4fbb-a481-7f0e76f5fa64,396,13.2,nose,0.5,0.5,0.0,540.0,960.0,0.5
4f3dc90e-0e11-4fbb-a481-7f0e76f5fa64,396,13.2,left_shoulder,0.5,0.5,0.0,540.0,960.0,0.5
4f3dc90e-0e11-4fbb-a481-7f0e76f5fa64,396,13.2,right_shoulder,0.5,0.5,0.0,540.0,960.0,0.5
4f3dc90e-0e11-4fbb-a481-7f0e76f5fa64,396,13.2,left_elbow,0.5,0.5,0.0,540.0,960.0,0.5
4f3dc90e-0e11-4fbb-a481-7f0e76f5fa64,396,13.2,right_elbow,0.5,0.5,0.0,540.0,960.0,0.5
4f3dc90e-0e11-4fbb-a481-7f0e76f5fa64,396,13.2,left_wrist,0.5,0.5,0.0,540.0,960.0,0.5
4f3dc90e-0e11-4fbb-a481-7f0e76f5fa64,396,13.2,right_wrist,0.5,0.5,0.0,540.0,960.0,0.5
4f3dc90e-0e11-4fbb-a481-7f0e76f5fa64,396,13.2,left_hip,0.5,0.5,0.0,540.0,960.0,0.5
4f3dc90e-0e11-4fbb-a481-7f0e76f5fa64,396,13.2,right_hip,0.5,0.5,0.0,540.0,960.0,0.5
4f3dc90e-0e11-4fbb-a481-7f0e76f5fa64,396,13.2,left_knee,0.5,0.5,0.0,540.0,960.0,0.5
4f3dc90e-0e11-4fbb-a481-7f0e76f5fa64,396,13.2,right_knee,0.5,0.5,0.0,540.0,960.0,0.5
4f3dc90e-0e11-4fbb-a481-7f0e76f5fa64,396,13.2,left_ankle,0.5,0.5,0.0,540.0,960.0,0.5
4f3dc90e-0e11-4fbb-a481-7f0e76f5fa64,396,13.2,right_ankle,0.5,0.5,0.0,540.0,960.0,0.5
4f3dc90e-0e11-4fbb-a481-7f0e76f5fa64,396,13.2,left_heel,0.5,0.5,0.0,540.0,960.0,0.5
4f3dc90e-0e11-4fbb-a481-7f0e76f5fa64,396,13.2,right_heel,0.5,0.5,0.0,540.0,960.0,0.5
4f3dc90e-0e11-4fbb-a481-7f0e76f5fa64,396,13.2,left_foot_index,0.5,0.5,0.0,540.0,960.0,0.5
4f3dc90e-0e11-4fbb-a481-7f0e76f5fa64,396,13.2,right_foot_index,0.5,0.5,0.0,540.0,960.0,0.5
4f3dc90e-0e11-4fbb-a481-7f0e76f5fa64,397,13.233333333333333,nose,0.5,0.5,0.0,540.0,960.0,0.5
4f3dc90e-0e11-4fbb-a481-7f0e76f5fa64,397,13.233333333333333,left_shoulder,0.5,0.5,0.0,540.0,960.0,0.5
4f3dc90e-0e11-4fbb-a481-7f0e76f5fa64,397,13.233333333333333,right_shoulder,0.5,0.5,0.0,540.0,960.0,0.5
4f3dc90e-0e11-4fbb-a481-7f0e76f5fa64,397,13.233333333333333,left_elbow,0.5,0.5,0.0,540.0,960.0,0.5
4f3dc90e-0e11-4fbb-a481-7f0e76f5fa64,397,13.233333333333333,right_elbow,0.5,0.5,0.0,540.0,960.0,0.5
4f3dc90e-0e11-4fbb-a481-7f0e76f5fa64,397,13.233333333333333,left_wrist,0.5,0.5,0.0,540.0,960.0,0.5
4f3dc90e-0e11-4fbb-a481-7f0e76f5fa64,397,13.233333333333333,right_wrist,0.5,0.5,0.0,540.0,960.0,0.5
4f3dc90e-0e11-4fbb-a481-7f0e76f5fa64,397,13.233333333333333,left_hip,0.5,0.5,0.0,540.0,960.0,0.5
4f3dc90e-0e11-4fbb-a481-7f0e76f5fa64,397,13.233333333333333,right_hip,0.5,0.5,0.0,540.0,960.0,0.5
4f3dc90e-0e11-4fbb-a481-7f0e76f5fa64,397,13.233333333333333,left_knee,0.5,0.5,0.0,540.0,960.0,0.5
4f3dc90e-0e11-4fbb-a481-7f0e76f5fa64,397,13.233333333333333,right_knee,0.5,0.5,0.0,540.0,960.0,0.5
4f3dc90e-0e11-4fbb-a481-7f0e76f5fa64,397,13.233333333333333,left_ankle,0.5,0.5,0.0,540.0,960.0,0.5
4f3dc90e-0e11-4fbb-a481-7f0e76f5fa64,397,13.233333333333333,right_ankle,0.5,0.5,0.0,540.0,960.0,0.5
4f3dc90e-0e11-4fbb-a481-7f0e76f5fa64,397,13.233333333333333,left_heel,0.5,0.5,0.0,540.0,960.0,0.5
4f3dc90e-0e11-4fbb-a481-7f0e76f5fa64,397,13.233333333333333,right_heel,0.5,0.5,0.0,540.0,960.0,0.5
4f3dc90e-0e11-4fbb-a481-7f0e76f5fa64,397,13.233333333333333,left_foot_index,0.5,0.5,0.0,540.0,960.0,0.5
4f3dc90e-0e11-4fbb-a481-7f0e76f5fa64,397,13.233333333333333,right_foot_index,0.5,0.5,0.0,540.0,960.0,0.5
4f3dc90e-0e11-4fbb-a481-7f0e76f5fa64,398,13.266666666666667,nose,0.5,0.5,0.0,540.0,960.0,0.5
4f3dc90e-0e11-4fbb-a481-7f0e76f5fa64,398,13.266666666666667,left_shoulder,0.5,0.5,0.0,540.0,960.0,0.5
4f3dc90e-0e11-4fbb-a481-7f0e76f5fa64,398,13.266666666666667,right_shoulder,0.5,0.5,0.0,540.0,960.0,0.5
4f3dc90e-0e11-4fbb-a481-7f0e76f5fa64,398,13.266666666666667,left_elbow,0.5,0.5,0.0,540.0,960.0,0.5
4f3dc90e-0e11-4fbb-a481-7f0e76f5fa64,398,13.266666666666667,right_elbow,0.5,0.5,0.0,540.0,960.0,0.5
4f3dc90e-0e11-4fbb-a481-7f0e76f5fa64,398,13.266666666666667,left_wrist,0.5,0.5,0.0,540.0,960.0,0.5
4f3dc90e-0e11-4fbb-a481-7f0e76f5fa64,398,13.266666666666667,right_wrist,0.5,0.5,0.0,540.0,960.0,0.5
4f3dc90e-0e11-4fbb-a481-7f0e76f5fa64,398,13.266666666666667,left_hip,0.5,0.5,0.0,540.0,960.0,0.5
4f3dc90e-0e11-4fbb-a481-7f0e76f5fa64,398,13.266666666666667,right_hip,0.5,0.5,0.0,540.0,960.0,0.5
4f3dc90e-0e11-4fbb-a481-7f0e76f5fa64,398,13.266666666666667,left_knee,0.5,0.5,0.0,540.0,960.0,0.5
4f3dc90e-0e11-4fbb-a481-7f0e76f5fa64,398,13.266666666666667,right_knee,0.5,0.5,0.0,540.0,960.0,0.5
4f3dc90e-0e11-4fbb-a481-7f0e76f5fa64,398,13.266666666666667,left_ankle,0.5,0.5,0.0,540.0,960.0,0.5
4f3dc90e-0e11-4fbb-a481-7f0e76f5fa64,398,13.266666666666667,right_ankle,0.5,0.5,0.0,540.0,960.0,0.5
4f3dc90e-0e11-4fbb-a481-7f0e76f5fa64,398,13.266666666666667,left_heel,0.5,0.5,0.0,540.0,960.0,0.5
4f3dc90e-0e11-4fbb-a481-7f0e76f5fa64,398,13.266666666666667,right_heel,0.5,0.5,0.0,540.0,960.0,0.5
4f3dc90e-0e11-4fbb-a481-7f0e76f5fa64,398,13.266666666666667,left_foot_index,0.5,0.5,0.0,540.0,960.0,0.5
4f3dc90e-0e11-4fbb-a481-7f0e76f5fa64,398,13.266666666666667,right_foot_index,0.5,0.5,0.0,540.0,960.0,0.5
4f3dc90e-0e11-4fbb-a481-7f0e76f5fa64,399,13.3,nose,0.5,0.5,0.0,540.0,960.0,0.5
4f3dc90e-0e11-4fbb-a481-7f0e76f5fa64,399,13.3,left_shoulder,0.5,0.5,0.0,540.0,960.0,0.5
4f3dc90e-0e11-4fbb-a481-7f0e76f5fa64,399,13.3,right_shoulder,0.5,0.5,0.0,540.0,960.0,0.5
4f3dc90e-0e11-4fbb-a481-7f0e76f5fa64,399,13.3,left_elbow,0.5,0.5,0.0,540.0,960.0,0.5
4f3dc90e-0e11-4fbb-a481-7f0e76f5fa64,399,13.3,right_elbow,0.5,0.5,0.0,540.0,960.0,0.5
4f3dc90e-0e11-4fbb-a481-7f0e76f5fa64,399,13.3,left_wrist,0.5,0.5,0.0,540.0,960.0,0.5
4f3dc90e-0e11-4fbb-a481-7f0e76f5fa64,399,13.3,right_wrist,0.5,0.5,0.0,540.0,960.0,0.5
4f3dc90e-0e11-4fbb-a481-7f0e76f5fa64,399,13.3,left_hip,0.5,0.5,0.0,540.0,960.0,0.5
4f3dc90e-0e11-4fbb-a481-7f0e76f5fa64,399,13.3,right_hip,0.5,0.5,0.0,540.0,960.0,0.5
4f3dc90e-0e11-4fbb-a481-7f0e76f5fa64,399,13.3,left_knee,0.5,0.5,0.0,540.0,960.0,0.5
4f3dc90e-0e11-4fbb-a481-7f0e76f5fa64,399,13.3,right_knee,0.5,0.5,0.0,540.0,960.0,0.5
4f3dc90e-0e11-4fbb-a481-7f0e76f5fa64,399,13.3,left_ankle,0.5,0.5,0.0,540.0,960.0,0.5
4f3dc90e-0e11-4fbb-a481-7f0e76f5fa64,399,13.3,right_ankle,0.5,0.5,0.0,540.0,960.0,0.5
4f3dc90e-0e11-4fbb-a481-7f0e76f5fa64,399,13.3,left_heel,0.5,0.5,0.0,540.0,960.0,0.5
4f3dc90e-0e11-4fbb-a481-7f0e76f5fa64,399,13.3,right_heel,0.5,0.5,0.0,540.0,960.0,0.5
4f3dc90e-0e11-4fbb-a481-7f0e76f5fa64,399,13.3,left_foot_index,0.5,0.5,0.0,540.0,960.0,0.5
4f3dc90e-0e11-4fbb-a481-7f0e76f5fa64,399,13.3,right_foot_index,0.5,0.5,0.0,540.0,960.0,0.5
4f3dc90e-0e11-4fbb-a481-7f0e76f5fa64,400,13.333333333333334,nose,0.5,0.5,0.0,540.0,960.0,0.5
4f3dc90e-0e11-4fbb-a481-7f0e76f5fa64,400,13.333333333333334,left_shoulder,0.5,0.5,0.0,540.0,960.0,0.5
4f3dc90e-0e11-4fbb-a481-7f0e76f5fa64,400,13.333333333333334,right_shoulder,0.5,0.5,0.0,540.0,960.0,0.5
4f3dc90e-0e11-4fbb-a481-7f0e76f5fa64,400,13.333333333333334,left_elbow,0.5,0.5,0.0,540.0,960.0,0.5
4f3dc90e-0e11-4fbb-a481-7f0e76f5fa64,400,13.333333333333334,right_elbow,0.5,0.5,0.0,540.0,960.0,0.5
4f3dc90e-0e11-4fbb-a481-7f0e76f5fa64,400,13.333333333333334,left_wrist,0.5,0.5,0.0,540.0,960.0,0.5
4f3dc90e-0e11-4fbb-a481-7f0e76f5fa64,400,13.333333333333334,right_wrist,0.5,0.5,0.0,540.0,960.0,0.5
4f3dc90e-0e11-4fbb-a481-7f0e76f5fa64,400,13.333333333333334,left_hip,0.5,0.5,0.0,540.0,960.0,0.5
4f3dc90e-0e11-4fbb-a481-7f0e76f5fa64,400,13.333333333333334,right_hip,0.5,0.5,0.0,540.0,960.0,0.5
4f3dc90e-0e11-4fbb-a481-7f0e76f5fa64,400,13.333333333333334,left_knee,0.5,0.5,0.0,540.0,960.0,0.5
4f3dc90e-0e11-4fbb-a481-7f0e76f5fa64,400,13.333333333333334,right_knee,0.5,0.5,0.0,540.0,960.0,0.5
4f3dc90e-0e11-4fbb-a481-7f0e76f5fa64,400,13.333333333333334,left_ankle,0.5,0.5,0.0,540.0,960.0,0.5
4f3dc90e-0e11-4fbb-a481-7f0e76f5fa64,400,13.333333333333334,right_ankle,0.5,0.5,0.0,540.0,960.0,0.5
4f3dc90e-0e11-4fbb-a481-7f0e76f5fa64,400,13.333333333333334,left_heel,0.5,0.5,0.0,540.0,960.0,0.5
4f3dc90e-0e11-4fbb-a481-7f0e76f5fa64,400,13.333333333333334,right_heel,0.5,0.5,0.0,540.0,960.0,0.5
4f3dc90e-0e11-4fbb-a481-7f0e76f5fa64,400,13.333333333333334,left_foot_index,0.5,0.5,0.0,540.0,960.0,0.5
4f3dc90e-0e11-4fbb-a481-7f0e76f5fa64,400,13.333333333333334,right_foot_index,0.5,0.5,0.0,540.0,960.0,0.5
4f3dc90e-0e11-4fbb-a481-7f0e76f5fa64,401,13.366666666666667,nose,0.5,0.5,0.0,540.0,960.0,0.5
4f3dc90e-0e11-4fbb-a481-7f0e76f5fa64,401,13.366666666666667,left_shoulder,0.5,0.5,0.0,540.0,960.0,0.5
4f3dc90e-0e11-4fbb-a481-7f0e76f5fa64,401,13.366666666666667,right_shoulder,0.5,0.5,0.0,540.0,960.0,0.5
4f3dc90e-0e11-4fbb-a481-7f0e76f5fa64,401,13.366666666666667,left_elbow,0.5,0.5,0.0,540.0,960.0,0.5
4f3dc90e-0e11-4fbb-a481-7f0e76f5fa64,401,13.366666666666667,right_elbow,0.5,0.5,0.0,540.0,960.0,0.5
4f3dc90e-0e11-4fbb-a481-7f0e76f5fa64,401,13.366666666666667,left_wrist,0.5,0.5,0.0,540.0,960.0,0.5
4f3dc90e-0e11-4fbb-a481-7f0e76f5fa64,401,13.366666666666667,right_wrist,0.5,0.5,0.0,540.0,960.0,0.5
4f3dc90e-0e11-4fbb-a481-7f0e76f5fa64,401,13.366666666666667,left_hip,0.5,0.5,0.0,540.0,960.0,0.5
4f3dc90e-0e11-4fbb-a481-7f0e76f5fa64,401,13.366666666666667,right_hip,0.5,0.5,0.0,540.0,960.0,0.5
4f3dc90e-0e11-4fbb-a481-7f0e76f5fa64,401,13.366666666666667,left_knee,0.5,0.5,0.0,540.0,960.0,0.5
4f3dc90e-0e11-4fbb-a481-7f0e76f5fa64,401,13.366666666666667,right_knee,0.5,0.5,0.0,540.0,960.0,0.5
4f3dc90e-0e11-4fbb-a481-7f0e76f5fa64,401,13.366666666666667,left_ankle,0.5,0.5,0.0,540.0,960.0,0.5
4f3dc90e-0e11-4fbb-a481-7f0e76f5fa64,401,13.366666666666667,right_ankle,0.5,0.5,0.0,540.0,960.0,0.5
4f3dc90e-0e11-4fbb-a481-7f0e76f5fa64,401,13.366666666666667,left_heel,0.5,0.5,0.0,540.0,960.0,0.5
4f3dc90e-0e11-4fbb-a481-7f0e76f5fa64,401,13.366666666666667,right_heel,0.5,0.5,0.0,540.0,960.0,0.5
4f3dc90e-0e11-4fbb-a481-7f0e76f5fa64,401,13.366666666666667,left_foot_index,0.5,0.5,0.0,540.0,960.0,0.5
4f3dc90e-0e11-4fbb-a481-7f0e76f5fa64,401,13.366666666666667,right_foot_index,0.5,0.5,0.0,540.0,960.0,0.5
4f3dc90e-0e11-4fbb-a481-7f0e76f5fa64,402,13.4,nose,0.5,0.5,0.0,540.0,960.0,0.5
4f3dc90e-0e11-4fbb-a481-7f0e76f5fa64,402,13.4,left_shoulder,0.5,0.5,0.0,540.0,960.0,0.5
4f3dc90e-0e11-4fbb-a481-7f0e76f5fa64,402,13.4,right_shoulder,0.5,0.5,0.0,540.0,960.0,0.5
4f3dc90e-0e11-4fbb-a481-7f0e76f5fa64,402,13.4,left_elbow,0.5,0.5,0.0,540.0,960.0,0.5
4f3dc90e-0e11-4fbb-a481-7f0e76f5fa64,402,13.4,right_elbow,0.5,0.5,0.0,540.0,960.0,0.5
4f3dc90e-0e11-4fbb-a481-7f0e76f5fa64,402,13.4,left_wrist,0.5,0.5,0.0,540.0,960.0,0.5
4f3dc90e-0e11-4fbb-a481-7f0e76f5fa64,402,13.4,right_wrist,0.5,0.5,0.0,540.0,960.0,0.5
4f3dc90e-0e11-4fbb-a481-7f0e76f5fa64,402,13.4,left_hip,0.5,0.5,0.0,540.0,960.0,0.5
4f3dc90e-0e11-4fbb-a481-7f0e76f5fa64,402,13.4,right_hip,0.5,0.5,0.0,540.0,960.0,0.5
4f3dc90e-0e11-4fbb-a481-7f0e76f5fa64,402,13.4,left_knee,0.5,0.5,0.0,540.0,960.0,0.5
4f3dc90e-0e11-4fbb-a481-7f0e76f5fa64,402,13.4,right_knee,0.5,0.5,0.0,540.0,960.0,0.5
4f3dc90e-0e11-4fbb-a481-7f0e76f5fa64,402,13.4,left_ankle,0.5,0.5,0.0,540.0,960.0,0.5
4f3dc90e-0e11-4fbb-a481-7f0e76f5fa64,402,13.4,right_ankle,0.5,0.5,0.0,540.0,960.0,0.5
4f3dc90e-0e11-4fbb-a481-7f0e76f5fa64,402,13.4,left_heel,0.5,0.5,0.0,540.0,960.0,0.5
4f3dc90e-0e11-4fbb-a481-7f0e76f5fa64,402,13.4,right_heel,0.5,0.5,0.0,540.0,960.0,0.5
4f3dc90e-0e11-4fbb-a481-7f0e76f5fa64,402,13.4,left_foot_index,0.5,0.5,0.0,540.0,960.0,0.5
4f3dc90e-0e11-4fbb-a481-7f0e76f5fa64,402,13.4,right_foot_index,0.5,0.5,0.0,540.0,960.0,0.5
4f3dc90e-0e11-4fbb-a481-7f0e76f5fa64,403,13.433333333333334,nose,0.5,0.5,0.0,540.0,960.0,0.5
4f3dc90e-0e11-4fbb-a481-7f0e76f5fa64,403,13.433333333333334,left_shoulder,0.5,0.5,0.0,540.0,960.0,0.5
4f3dc90e-0e11-4fbb-a481-7f0e76f5fa64,403,13.433333333333334,right_shoulder,0.5,0.5,0.0,540.0,960.0,0.5
4f3dc90e-0e11-4fbb-a481-7f0e76f5fa64,403,13.433333333333334,left_elbow,0.5,0.5,0.0,540.0,960.0,0.5
4f3dc90e-0e11-4fbb-a481-7f0e76f5fa64,403,13.433333333333334,right_elbow,0.5,0.5,0.0,540.0,960.0,0.5
4f3dc90e-0e11-4fbb-a481-7f0e76f5fa64,403,13.433333333333334,left_wrist,0.5,0.5,0.0,540.0,960.0,0.5
4f3dc90e-0e11-4fbb-a481-7f0e76f5fa64,403,13.433333333333334,right_wrist,0.5,0.5,0.0,540.0,960.0,0.5
4f3dc90e-0e11-4fbb-a481-7f0e76f5fa64,403,13.433333333333334,left_hip,0.5,0.5,0.0,540.0,960.0,0.5
4f3dc90e-0e11-4fbb-a481-7f0e76f5fa64,403,13.433333333333334,right_hip,0.5,0.5,0.0,540.0,960.0,0.5
4f3dc90e-0e11-4fbb-a481-7f0e76f5fa64,403,13.433333333333334,left_knee,0.5,0.5,0.0,540.0,960.0,0.5
4f3dc90e-0e11-4fbb-a481-7f0e76f5fa64,403,13.433333333333334,right_knee,0.5,0.5,0.0,540.0,960.0,0.5
4f3dc90e-0e11-4fbb-a481-7f0e76f5fa64,403,13.433333333333334,left_ankle,0.5,0.5,0.0,540.0,960.0,0.5
4f3dc90e-0e11-4fbb-a481-7f0e76f5fa64,403,13.433333333333334,right_ankle,0.5,0.5,0.0,540.0,960.0,0.5
4f3dc90e-0e11-4fbb-a481-7f0e76f5fa64,403,13.433333333333334,left_heel,0.5,0.5,0.0,540.0,960.0,0.5
4f3dc90e-0e11-4fbb-a481-7f0e76f5fa64,403,13.433333333333334,right_heel,0.5,0.5,0.0,540.0,960.0,0.5
4f3dc90e-0e11-4fbb-a481-7f0e76f5fa64,403,13.433333333333334,left_foot_index,0.5,0.5,0.0,540.0,960.0,0.5
4f3dc90e-0e11-4fbb-a481-7f0e76f5fa64,403,13.433333333333334,right_foot_index,0.5,0.5,0.0,540.0,960.0,0.5
4f3dc90e-0e11-4fbb-a481-7f0e76f5fa64,404,13.466666666666667,nose,0.5,0.5,0.0,540.0,960.0,0.5
4f3dc90e-0e11-4fbb-a481-7f0e76f5fa64,404,13.466666666666667,left_shoulder,0.5,0.5,0.0,540.0,960.0,0.5
4f3dc90e-0e11-4fbb-a481-7f0e76f5fa64,404,13.466666666666667,right_shoulder,0.5,0.5,0.0,540.0,960.0,0.5
4f3dc90e-0e11-4fbb-a481-7f0e76f5fa64,404,13.466666666666667,left_elbow,0.5,0.5,0.0,540.0,960.0,0.5
4f3dc90e-0e11-4fbb-a481-7f0e76f5fa64,404,13.466666666666667,right_elbow,0.5,0.5,0.0,540.0,960.0,0.5
4f3dc90e-0e11-4fbb-a481-7f0e76f5fa64,404,13.466666666666667,left_wrist,0.5,0.5,0.0,540.0,960.0,0.5
4f3dc90e-0e11-4fbb-a481-7f0e76f5fa64,404,13.466666666666667,right_wrist,0.5,0.5,0.0,540.0,960.0,0.5
4f3dc90e-0e11-4fbb-a481-7f0e76f5fa64,404,13.466666666666667,left_hip,0.5,0.5,0.0,540.0,960.0,0.5
4f3dc90e-0e11-4fbb-a481-7f0e76f5fa64,404,13.466666666666667,right_hip,0.5,0.5,0.0,540.0,960.0,0.5
4f3dc90e-0e11-4fbb-a481-7f0e76f5fa64,404,13.466666666666667,left_knee,0.5,0.5,0.0,540.0,960.0,0.5
4f3dc90e-0e11-4fbb-a481-7f0e76f5fa64,404,13.466666666666667,right_knee,0.5,0.5,0.0,540.0,960.0,0.5
4f3dc90e-0e11-4fbb-a481-7f0e76f5fa64,404,13.466666666666667,left_ankle,0.5,0.5,0.0,540.0,960.0,0.5
4f3dc90e-0e11-4fbb-a481-7f0e76f5fa64,404,13.466666666666667,right_ankle,0.5,0.5,0.0,540.0,960.0,0.5
4f3dc90e-0e11-4fbb-a481-7f0e76f5fa64,404,13.466666666666667,left_heel,0.5,0.5,0.0,540.0,960.0,0.5
4f3dc90e-0e11-4fbb-a481-7f0e76f5fa64,404,13.466666666666667,right_heel,0.5,0.5,0.0,540.0,960.0,0.5
4f3dc90e-0e11-4fbb-a481-7f0e76f5fa64,404,13.466666666666667,left_foot_index,0.5,0.5,0.0,540.0,960.0,0.5
4f3dc90e-0e11-4fbb-a481-7f0e76f5fa64,404,13.466666666666667,right_foot_index,0.5,0.5,0.0,540.0,960.0,0.5
4f3dc90e-0e11-4fbb-a481-7f0e76f5fa64,405,13.5,nose,0.5,0.5,0.0,540.0,960.0,0.5
4f3dc90e-0e11-4fbb-a481-7f0e76f5fa64,405,13.5,left_shoulder,0.5,0.5,0.0,540.0,960.0,0.5
4f3dc90e-0e11-4fbb-a481-7f0e76f5fa64,405,13.5,right_shoulder,0.5,0.5,0.0,540.0,960.0,0.5
4f3dc90e-0e11-4fbb-a481-7f0e76f5fa64,405,13.5,left_elbow,0.5,0.5,0.0,540.0,960.0,0.5
4f3dc90e-0e11-4fbb-a481-7f0e76f5fa64,405,13.5,right_elbow,0.5,0.5,0.0,540.0,960.0,0.5
4f3dc90e-0e11-4fbb-a481-7f0e76f5fa64,405,13.5,left_wrist,0.5,0.5,0.0,540.0,960.0,0.5
4f3dc90e-0e11-4fbb-a481-7f0e76f5fa64,405,13.5,right_wrist,0.5,0.5,0.0,540.0,960.0,0.5
4f3dc90e-0e11-4fbb-a481-7f0e76f5fa64,405,13.5,left_hip,0.5,0.5,0.0,540.0,960.0,0.5
4f3dc90e-0e11-4fbb-a481-7f0e76f5fa64,405,13.5,right_hip,0.5,0.5,0.0,540.0,960.0,0.5
4f3dc90e-0e11-4fbb-a481-7f0e76f5fa64,405,13.5,left_knee,0.5,0.5,0.0,540.0,960.0,0.5
4f3dc90e-0e11-4fbb-a481-7f0e76f5fa64,405,13.5,right_knee,0.5,0.5,0.0,540.0,960.0,0.5
4f3dc90e-0e11-4fbb-a481-7f0e76f5fa64,405,13.5,left_ankle,0.5,0.5,0.0,540.0,960.0,0.5
4f3dc90e-0e11-4fbb-a481-7f0e76f5fa64,405,13.5,right_ankle,0.5,0.5,0.0,540.0,960.0,0.5
4f3dc90e-0e11-4fbb-a481-7f0e76f5fa64,405,13.5,left_heel,0.5,0.5,0.0,540.0,960.0,0.5
4f3dc90e-0e11-4fbb-a481-7f0e76f5fa64,405,13.5,right_heel,0.5,0.5,0.0,540.0,960.0,0.5
4f3dc90e-0e11-4fbb-a481-7f0e76f5fa64,405,13.5,left_foot_index,0.5,0.5,0.0,540.0,960.0,0.5
4f3dc90e-0e11-4fbb-a481-7f0e76f5fa64,405,13.5,right_foot_index,0.5,0.5,0.0,540.0,960.0,0.5
4f3dc90e-0e11-4fbb-a481-7f0e76f5fa64,406,13.533333333333333,nose,0.5,0.5,0.0,540.0,960.0,0.5
4f3dc90e-0e11-4fbb-a481-7f0e76f5fa64,406,13.533333333333333,left_shoulder,0.5,0.5,0.0,540.0,960.0,0.5
4f3dc90e-0e11-4fbb-a481-7f0e76f5fa64,406,13.533333333333333,right_shoulder,0.5,0.5,0.0,540.0,960.0,0.5
4f3dc90e-0e11-4fbb-a481-7f0e76f5fa64,406,13.533333333333333,left_elbow,0.5,0.5,0.0,540.0,960.0,0.5
4f3dc90e-0e11-4fbb-a481-7f0e76f5fa64,406,13.533333333333333,right_elbow,0.5,0.5,0.0,540.0,960.0,0.5
4f3dc90e-0e11-4fbb-a481-7f0e76f5fa64,406,13.533333333333333,left_wrist,0.5,0.5,0.0,540.0,960.0,0.5
4f3dc90e-0e11-4fbb-a481-7f0e76f5fa64,406,13.533333333333333,right_wrist,0.5,0.5,0.0,540.0,960.0,0.5
4f3dc90e-0e11-4fbb-a481-7f0e76f5fa64,406,13.533333333333333,left_hip,0.5,0.5,0.0,540.0,960.0,0.5
4f3dc90e-0e11-4fbb-a481-7f0e76f5fa64,406,13.533333333333333,right_hip,0.5,0.5,0.0,540.0,960.0,0.5
4f3dc90e-0e11-4fbb-a481-7f0e76f5fa64,406,13.533333333333333,left_knee,0.5,0.5,0.0,540.0,960.0,0.5
4f3dc90e-0e11-4fbb-a481-7f0e76f5fa64,406,13.533333333333333,right_knee,0.5,0.5,0.0,540.0,960.0,0.5
4f3dc90e-0e11-4fbb-a481-7f0e76f5fa64,406,13.533333333333333,left_ankle,0.5,0.5,0.0,540.0,960.0,0.5
4f3dc90e-0e11-4fbb-a481-7f0e76f5fa64,406,13.533333333333333,right_ankle,0.5,0.5,0.0,540.0,960.0,0.5
4f3dc90e-0e11-4fbb-a481-7f0e76f5fa64,406,13.533333333333333,left_heel,0.5,0.5,0.0,540.0,960.0,0.5
4f3dc90e-0e11-4fbb-a481-7f0e76f5fa64,406,13.533333333333333,right_heel,0.5,0.5,0.0,540.0,960.0,0.5
4f3dc90e-0e11-4fbb-a481-7f0e76f5fa64,406,13.533333333333333,left_foot_index,0.5,0.5,0.0,540.0,960.0,0.5
4f3dc90e-0e11-4fbb-a481-7f0e76f5fa64,406,13.533333333333333,right_foot_index,0.5,0.5,0.0,540.0,960.0,0.5
4f3dc90e-0e11-4fbb-a481-7f0e76f5fa64,407,13.566666666666666,nose,0.5,0.5,0.0,540.0,960.0,0.5
4f3dc90e-0e11-4fbb-a481-7f0e76f5fa64,407,13.566666666666666,left_shoulder,0.5,0.5,0.0,540.0,960.0,0.5
4f3dc90e-0e11-4fbb-a481-7f0e76f5fa64,407,13.566666666666666,right_shoulder,0.5,0.5,0.0,540.0,960.0,0.5
4f3dc90e-0e11-4fbb-a481-7f0e76f5fa64,407,13.566666666666666,left_elbow,0.5,0.5,0.0,540.0,960.0,0.5
4f3dc90e-0e11-4fbb-a481-7f0e76f5fa64,407,13.566666666666666,right_elbow,0.5,0.5,0.0,540.0,960.0,0.5
4f3dc90e-0e11-4fbb-a481-7f0e76f5fa64,407,13.566666666666666,left_wrist,0.5,0.5,0.0,540.0,960.0,0.5
4f3dc90e-0e11-4fbb-a481-7f0e76f5fa64,407,13.566666666666666,right_wrist,0.5,0.5,0.0,540.0,960.0,0.5
4f3dc90e-0e11-4fbb-a481-7f0e76f5fa64,407,13.566666666666666,left_hip,0.5,0.5,0.0,540.0,960.0,0.5
4f3dc90e-0e11-4fbb-a481-7f0e76f5fa64,407,13.566666666666666,right_hip,0.5,0.5,0.0,540.0,960.0,0.5
4f3dc90e-0e11-4fbb-a481-7f0e76f5fa64,407,13.566666666666666,left_knee,0.5,0.5,0.0,540.0,960.0,0.5
4f3dc90e-0e11-4fbb-a481-7f0e76f5fa64,407,13.566666666666666,right_knee,0.5,0.5,0.0,540.0,960.0,0.5
4f3dc90e-0e11-4fbb-a481-7f0e76f5fa64,407,13.566666666666666,left_ankle,0.5,0.5,0.0,540.0,960.0,0.5
4f3dc90e-0e11-4fbb-a481-7f0e76f5fa64,407,13.566666666666666,right_ankle,0.5,0.5,0.0,540.0,960.0,0.5
4f3dc90e-0e11-4fbb-a481-7f0e76f5fa64,407,13.566666666666666,left_heel,0.5,0.5,0.0,540.0,960.0,0.5
4f3dc90e-0e11-4fbb-a481-7f0e76f5fa64,407,13.566666666666666,right_heel,0.5,0.5,0.0,540.0,960.0,0.5
4f3dc90e-0e11-4fbb-a481-7f0e76f5fa64,407,13.566666666666666,left_foot_index,0.5,0.5,0.0,540.0,960.0,0.5
4f3dc90e-0e11-4fbb-a481-7f0e76f5fa64,407,13.566666666666666,right_foot_index,0.5,0.5,0.0,540.0,960.0,0.5
4f3dc90e-0e11-4fbb-a481-7f0e76f5fa64,408,13.6,nose,0.5,0.5,0.0,540.0,960.0,0.5
4f3dc90e-0e11-4fbb-a481-7f0e76f5fa64,408,13.6,left_shoulder,0.5,0.5,0.0,540.0,960.0,0.5
4f3dc90e-0e11-4fbb-a481-7f0e76f5fa64,408,13.6,right_shoulder,0.5,0.5,0.0,540.0,960.0,0.5
4f3dc90e-0e11-4fbb-a481-7f0e76f5fa64,408,13.6,left_elbow,0.5,0.5,0.0,540.0,960.0,0.5
4f3dc90e-0e11-4fbb-a481-7f0e76f5fa64,408,13.6,right_elbow,0.5,0.5,0.0,540.0,960.0,0.5
4f3dc90e-0e11-4fbb-a481-7f0e76f5fa64,408,13.6,left_wrist,0.5,0.5,0.0,540.0,960.0,0.5
4f3dc90e-0e11-4fbb-a481-7f0e76f5fa64,408,13.6,right_wrist,0.5,0.5,0.0,540.0,960.0,0.5
4f3dc90e-0e11-4fbb-a481-7f0e76f5fa64,408,13.6,left_hip,0.5,0.5,0.0,540.0,960.0,0.5
4f3dc90e-0e11-4fbb-a481-7f0e76f5fa64,408,13.6,right_hip,0.5,0.5,0.0,540.0,960.0,0.5
4f3dc90e-0e11-4fbb-a481-7f0e76f5fa64,408,13.6,left_knee,0.5,0.5,0.0,540.0,960.0,0.5
4f3dc90e-0e11-4fbb-a481-7f0e76f5fa64,408,13.6,right_knee,0.5,0.5,0.0,540.0,960.0,0.5
4f3dc90e-0e11-4fbb-a481-7f0e76f5fa64,408,13.6,left_ankle,0.5,0.5,0.0,540.0,960.0,0.5
4f3dc90e-0e11-4fbb-a481-7f0e76f5fa64,408,13.6,right_ankle,0.5,0.5,0.0,540.0,960.0,0.5
4f3dc90e-0e11-4fbb-a481-7f0e76f5fa64,408,13.6,left_heel,0.5,0.5,0.0,540.0,960.0,0.5
4f3dc90e-0e11-4fbb-a481-7f0e76f5fa64,408,13.6,right_heel,0.5,0.5,0.0,540.0,960.0,0.5
4f3dc90e-0e11-4fbb-a481-7f0e76f5fa64,408,13.6,left_foot_index,0.5,0.5,0.0,540.0,960.0,0.5
4f3dc90e-0e11-4fbb-a481-7f0e76f5fa64,408,13.6,right_foot_index,0.5,0.5,0.0,540.0,960.0,0.5
4f3dc90e-0e11-4fbb-a481-7f0e76f5fa64,409,13.633333333333333,nose,0.5,0.5,0.0,540.0,960.0,0.5
4f3dc90e-0e11-4fbb-a481-7f0e76f5fa64,409,13.633333333333333,left_shoulder,0.5,0.5,0.0,540.0,960.0,0.5
4f3dc90e-0e11-4fbb-a481-7f0e76f5fa64,409,13.633333333333333,right_shoulder,0.5,0.5,0.0,540.0,960.0,0.5
4f3dc90e-0e11-4fbb-a481-7f0e76f5fa64,409,13.633333333333333,left_elbow,0.5,0.5,0.0,540.0,960.0,0.5
4f3dc90e-0e11-4fbb-a481-7f0e76f5fa64,409,13.633333333333333,right_elbow,0.5,0.5,0.0,540.0,960.0,0.5
4f3dc90e-0e11-4fbb-a481-7f0e76f5fa64,409,13.633333333333333,left_wrist,0.5,0.5,0.0,540.0,960.0,0.5
4f3dc90e-0e11-4fbb-a481-7f0e76f5fa64,409,13.633333333333333,right_wrist,0.5,0.5,0.0,540.0,960.0,0.5
4f3dc90e-0e11-4fbb-a481-7f0e76f5fa64,409,13.633333333333333,left_hip,0.5,0.5,0.0,540.0,960.0,0.5
4f3dc90e-0e11-4fbb-a481-7f0e76f5fa64,409,13.633333333333333,right_hip,0.5,0.5,0.0,540.0,960.0,0.5
4f3dc90e-0e11-4fbb-a481-7f0e76f5fa64,409,13.633333333333333,left_knee,0.5,0.5,0.0,540.0,960.0,0.5
4f3dc90e-0e11-4fbb-a481-7f0e76f5fa64,409,13.633333333333333,right_knee,0.5,0.5,0.0,540.0,960.0,0.5
4f3dc90e-0e11-4fbb-a481-7f0e76f5fa64,409,13.633333333333333,left_ankle,0.5,0.5,0.0,540.0,960.0,0.5
4f3dc90e-0e11-4fbb-a481-7f0e76f5fa64,409,13.633333333333333,right_ankle,0.5,0.5,0.0,540.0,960.0,0.5
4f3dc90e-0e11-4fbb-a481-7f0e76f5fa64,409,13.633333333333333,left_heel,0.5,0.5,0.0,540.0,960.0,0.5
4f3dc90e-0e11-4fbb-a481-7f0e76f5fa64,409,13.633333333333333,right_heel,0.5,0.5,0.0,540.0,960.0,0.5
4f3dc90e-0e11-4fbb-a481-7f0e76f5fa64,409,13.633333333333333,left_foot_index,0.5,0.5,0.0,540.0,960.0,0.5
4f3dc90e-0e11-4fbb-a481-7f0e76f5fa64,409,13.633333333333333,right_foot_index,0.5,0.5,0.0,540.0,960.0,0.5
4f3dc90e-0e11-4fbb-a481-7f0e76f5fa64,410,13.666666666666666,nose,0.5,0.5,0.0,540.0,960.0,0.5
4f3dc90e-0e11-4fbb-a481-7f0e76f5fa64,410,13.666666666666666,left_shoulder,0.5,0.5,0.0,540.0,960.0,0.5
4f3dc90e-0e11-4fbb-a481-7f0e76f5fa64,410,13.666666666666666,right_shoulder,0.5,0.5,0.0,540.0,960.0,0.5
4f3dc90e-0e11-4fbb-a481-7f0e76f5fa64,410,13.666666666666666,left_elbow,0.5,0.5,0.0,540.0,960.0,0.5
4f3dc90e-0e11-4fbb-a481-7f0e76f5fa64,410,13.666666666666666,right_elbow,0.5,0.5,0.0,540.0,960.0,0.5
4f3dc90e-0e11-4fbb-a481-7f0e76f5fa64,410,13.666666666666666,left_wrist,0.5,0.5,0.0,540.0,960.0,0.5
4f3dc90e-0e11-4fbb-a481-7f0e76f5fa64,410,13.666666666666666,right_wrist,0.5,0.5,0.0,540.0,960.0,0.5
4f3dc90e-0e11-4fbb-a481-7f0e76f5fa64,410,13.666666666666666,left_hip,0.5,0.5,0.0,540.0,960.0,0.5
4f3dc90e-0e11-4fbb-a481-7f0e76f5fa64,410,13.666666666666666,right_hip,0.5,0.5,0.0,540.0,960.0,0.5
4f3dc90e-0e11-4fbb-a481-7f0e76f5fa64,410,13.666666666666666,left_knee,0.5,0.5,0.0,540.0,960.0,0.5
4f3dc90e-0e11-4fbb-a481-7f0e76f5fa64,410,13.666666666666666,right_knee,0.5,0.5,0.0,540.0,960.0,0.5
4f3dc90e-0e11-4fbb-a481-7f0e76f5fa64,410,13.666666666666666,left_ankle,0.5,0.5,0.0,540.0,960.0,0.5
4f3dc90e-0e11-4fbb-a481-7f0e76f5fa64,410,13.666666666666666,right_ankle,0.5,0.5,0.0,540.0,960.0,0.5
4f3dc90e-0e11-4fbb-a481-7f0e76f5fa64,410,13.666666666666666,left_heel,0.5,0.5,0.0,540.0,960.0,0.5
4f3dc90e-0e11-4fbb-a481-7f0e76f5fa64,410,13.666666666666666,right_heel,0.5,0.5,0.0,540.0,960.0,0.5
4f3dc90e-0e11-4fbb-a481-7f0e76f5fa64,410,13.666666666666666,left_foot_index,0.5,0.5,0.0,540.0,960.0,0.5
4f3dc90e-0e11-4fbb-a481-7f0e76f5fa64,410,13.666666666666666,right_foot_index,0.5,0.5,0.0,540.0,960.0,0.5
