run_id,frame_id,timestamp,joint,x_norm,y_norm,z_norm,x_px,y_px,confidence
bfa33ea4-cce2-475a-94ba-a9400c5113b3,0,0.0,nose,0.5,0.5,0.0,540.0,960.0,0.5
bfa33ea4-cce2-475a-94ba-a9400c5113b3,0,0.0,left_shoulder,0.5,0.5,0.0,540.0,960.0,0.5
bfa33ea4-cce2-475a-94ba-a9400c5113b3,0,0.0,right_shoulder,0.5,0.5,0.0,540.0,960.0,0.5
bfa33ea4-cce2-475a-94ba-a9400c5113b3,0,0.0,left_elbow,0.5,0.5,0.0,540.0,960.0,0.5
bfa33ea4-cce2-475a-94ba-a9400c5113b3,0,0.0,right_elbow,0.5,0.5,0.0,540.0,960.0,0.5
bfa33ea4-cce2-475a-94ba-a9400c5113b3,0,0.0,left_wrist,0.5,0.5,0.0,540.0,960.0,0.5
bfa33ea4-cce2-475a-94ba-a9400c5113b3,0,0.0,right_wrist,0.5,0.5,0.0,540.0,960.0,0.5
bfa33ea4-cce2-475a-94ba-a9400c5113b3,0,0.0,left_hip,0.5,0.5,0.0,540.0,960.0,0.5
bfa33ea4-cce2-475a-94ba-a9400c5113b3,0,0.0,right_hip,0.5,0.5,0.0,540.0,960.0,0.5
bfa33ea4-cce2-475a-94ba-a9400c5113b3,0,0.0,left_knee,0.5,0.5,0.0,540.0,960.0,0.5
bfa33ea4-cce2-475a-94ba-a9400c5113b3,0,0.0,right_knee,0.5,0.5,0.0,540.0,960.0,0.5
bfa33ea4-cce2-475a-94ba-a9400c5113b3,0,0.0,left_ankle,0.5,0.5,0.0,540.0,960.0,0.5
bfa33ea4-cce2-475a-94ba-a9400c5113b3,0,0.0,right_ankle,0.5,0.5,0.0,540.0,960.0,0.5
bfa33ea4-cce2-475a-94ba-a9400c5113b3,0,0.0,left_heel,0.5,0.5,0.0,540.0,960.0,0.5
bfa33ea4-cce2-475a-94ba-a9400c5113b3,0,0.0,right_heel,0.5,0.5,0.0,540.0,960.0,0.5
bfa33ea4-cce2-475a-94ba-a9400c5113b3,0,0.0,left_foot_index,0.5,0.5,0.0,540.0,960.0,0.5
bfa33ea4-cce2-475a-94ba-a9400c5113b3,0,0.0,right_foot_index,0.5,0.5,0.0,540.0,960.0,0.5
bfa33ea4-cce2-475a-94ba-a9400c5113b3,1,0.03333333333333333,nose,0.5,0.5,0.0,540.0,960.0,0.5
bfa33ea4-cce2-475a-94ba-a9400c5113b3,1,0.03333333333333333,left_shoulder,0.5,0.5,0.0,540.0,960.0,0.5
bfa33ea4-cce2-475a-94ba-a9400c5113b3,1,0.03333333333333333,right_shoulder,0.5,0.5,0.0,540.0,960.0,0.5
bfa33ea4-cce2-475a-94ba-a9400c5113b3,1,0.03333333333333333,left_elbow,0.5,0.5,0.0,540.0,960.0,0.5
bfa33ea4-cce2-475a-94ba-a9400c5113b3,1,0.03333333333333333,right_elbow,0.5,0.5,0.0,540.0,960.0,0.5
bfa33ea4-cce2-475a-94ba-a9400c5113b3,1,0.03333333333333333,left_wrist,0.5,0.5,0.0,540.0,960.0,0.5
bfa33ea4-cce2-475a-94ba-a9400c5113b3,1,0.03333333333333333,right_wrist,0.5,0.5,0.0,540.0,960.0,0.5
bfa33ea4-cce2-475a-94ba-a9400c5113b3,1,0.03333333333333333,left_hip,0.5,0.5,0.0,540.0,960.0,0.5
bfa33ea4-cce2-475a-94ba-a9400c5113b3,1,0.03333333333333333,right_hip,0.5,0.5,0.0,540.0,960.0,0.5
bfa33ea4-cce2-475a-94ba-a9400c5113b3,1,0.03333333333333333,left_knee,0.5,0.5,0.0,540.0,960.0,0.5
bfa33ea4-cce2-475a-94ba-a9400c5113b3,1,0.03333333333333333,right_knee,0.5,0.5,0.0,540.0,960.0,0.5
bfa33ea4-cce2-475a-94ba-a9400c5113b3,1,0.03333333333333333,left_ankle,0.5,0.5,0.0,540.0,960.0,0.5
bfa33ea4-cce2-475a-94ba-a9400c5113b3,1,0.03333333333333333,right_ankle,0.5,0.5,0.0,540.0,960.0,0.5
bfa33ea4-cce2-475a-94ba-a9400c5113b3,1,0.03333333333333333,left_heel,0.5,0.5,0.0,540.0,960.0,0.5
bfa33ea4-cce2-475a-94ba-a9400c5113b3,1,0.03333333333333333,right_heel,0.5,0.5,0.0,540.0,960.0,0.5
bfa33ea4-cce2-475a-94ba-a9400c5113b3,1,0.03333333333333333,left_foot_index,0.5,0.5,0.0,540.0,960.0,0.5
bfa33ea4-cce2-475a-94ba-a9400c5113b3,1,0.03333333333333333,right_foot_index,0.5,0.5,0.0,540.0,960.0,0.5
bfa33ea4-cce2-475a-94ba-a9400c5113b3,2,0.06666666666666667,nose,0.5,0.5,0.0,540.0,960.0,0.5
bfa33ea4-cce2-475a-94ba-a9400c5113b3,2,0.06666666666666667,left_shoulder,0.5,0.5,0.0,540.0,960.0,0.5
bfa33ea4-cce2-475a-94ba-a9400c5113b3,2,0.06666666666666667,right_shoulder,0.5,0.5,0.0,540.0,960.0,0.5
bfa33ea4-cce2-475a-94ba-a9400c5113b3,2,0.06666666666666667,left_elbow,0.5,0.5,0.0,540.0,960.0,0.5
bfa33ea4-cce2-475a-94ba-a9400c5113b3,2,0.06666666666666667,right_elbow,0.5,0.5,0.0,540.0,960.0,0.5
bfa33ea4-cce2-475a-94ba-a9400c5113b3,2,0.06666666666666667,left_wrist,0.5,0.5,0.0,540.0,960.0,0.5
bfa33ea4-cce2-475a-94ba-a9400c5113b3,2,0.06666666666666667,right_wrist,0.5,0.5,0.0,540.0,960.0,0.5
bfa33ea4-cce2-475a-94ba-a9400c5113b3,2,0.06666666666666667,left_hip,0.5,0.5,0.0,540.0,960.0,0.5
bfa33ea4-cce2-475a-94ba-a9400c5113b3,2,0.06666666666666667,right_hip,0.5,0.5,0.0,540.0,960.0,0.5
bfa33ea4-cce2-475a-94ba-a9400c5113b3,2,0.06666666666666667,left_knee,0.5,0.5,0.0,540.0,960.0,0.5
bfa33ea4-cce2-475a-94ba-a9400c5113b3,2,0.06666666666666667,right_knee,0.5,0.5,0.0,540.0,960.0,0.5
bfa33ea4-cce2-475a-94ba-a9400c5113b3,2,0.06666666666666667,left_ankle,0.5,0.5,0.0,540.0,960.0,0.5
bfa33ea4-cce2-475a-94ba-a9400c5113b3,2,0.06666666666666667,right_ankle,0.5,0.5,0.0,540.0,960.0,0.5
bfa33ea4-cce2-475a-94ba-a9400c5113b3,2,0.06666666666666667,left_heel,0.5,0.5,0.0,540.0,960.0,0.5
bfa33ea4-cce2-475a-94ba-a9400c5113b3,2,0.06666666666666667,right_heel,0.5,0.5,0.0,540.0,960.0,0.5
bfa33ea4-cce2-475a-94ba-a9400c5113b3,2,0.06666666666666667,left_foot_index,0.5,0.5,0.0,540.0,960.0,0.5
bfa33ea4-cce2-475a-94ba-a9400c5113b3,2,0.06666666666666667,right_foot_index,0.5,0.5,0.0,540.0,960.0,0.5
bfa33ea4-cce2-475a-94ba-a9400c5113b3,3,0.1,nose,0.5,0.5,0.0,540.0,960.0,0.5
bfa33ea4-cce2-475a-94ba-a9400c5113b3,3,0.1,left_shoulder,0.5,0.5,0.0,540.0,960.0,0.5
bfa33ea4-cce2-475a-94ba-a9400c5113b3,3,0.1,right_shoulder,0.5,0.5,0.0,540.0,960.0,0.5
bfa33ea4-cce2-475a-94ba-a9400c5113b3,3,0.1,left_elbow,0.5,0.5,0.0,540.0,960.0,0.5
bfa33ea4-cce2-475a-94ba-a9400c5113b3,3,0.1,right_elbow,0.5,0.5,0.0,540.0,960.0,0.5
bfa33ea4-cce2-475a-94ba-a9400c5113b3,3,0.1,left_wrist,0.5,0.5,0.0,540.0,960.0,0.5
bfa33ea4-cce2-475a-94ba-a9400c5113b3,3,0.1,right_wrist,0.5,0.5,0.0,540.0,960.0,0.5
bfa33ea4-cce2-475a-94ba-a9400c5113b3,3,0.1,left_hip,0.5,0.5,0.0,540.0,960.0,0.5
bfa33ea4-cce2-475a-94ba-a9400c5113b3,3,0.1,right_hip,0.5,0.5,0.0,540.0,960.0,0.5
bfa33ea4-cce2-475a-94ba-a9400c5113b3,3,0.1,left_knee,0.5,0.5,0.0,540.0,960.0,0.5
bfa33ea4-cce2-475a-94ba-a9400c5113b3,3,0.1,right_knee,0.5,0.5,0.0,540.0,960.0,0.5
bfa33ea4-cce2-475a-94ba-a9400c5113b3,3,0.1,left_ankle,0.5,0.5,0.0,540.0,960.0,0.5
bfa33ea4-cce2-475a-94ba-a9400c5113b3,3,0.1,right_ankle,0.5,0.5,0.0,540.0,960.0,0.5
bfa33ea4-cce2-475a-94ba-a9400c5113b3,3,0.1,left_heel,0.5,0.5,0.0,540.0,960.0,0.5
bfa33ea4-cce2-475a-94ba-a9400c5113b3,3,0.1,right_heel,0.5,0.5,0.0,540.0,960.0,0.5
bfa33ea4-cce2-475a-94ba-a9400c5113b3,3,0.1,left_foot_index,0.5,0.5,0.0,540.0,960.0,0.5
bfa33ea4-cce2-475a-94ba-a9400c5113b3,3,0.1,right_foot_index,0.5,0.5,0.0,540.0,960.0,0.5
bfa33ea4-cce2-475a-94ba-a9400c5113b3,4,0.13333333333333333,nose,0.5,0.5,0.0,540.0,960.0,0.5
bfa33ea4-cce2-475a-94ba-a9400c5113b3,4,0.13333333333333333,left_shoulder,0.5,0.5,0.0,540.0,960.0,0.5
bfa33ea4-cce2-475a-94ba-a9400c5113b3,4,0.13333333333333333,right_shoulder,0.5,0.5,0.0,540.0,960.0,0.5
bfa33ea4-cce2-475a-94ba-a9400c5113b3,4,0.13333333333333333,left_elbow,0.5,0.5,0.0,540.0,960.0,0.5
bfa33ea4-cce2-475a-94ba-a9400c5113b3,4,0.13333333333333333,right_elbow,0.5,0.5,0.0,540.0,960.0,0.5
bfa33ea4-cce2-475a-94ba-a9400c5113b3,4,0.13333333333333333,left_wrist,0.5,0.5,0.0,540.0,960.0,0.5
bfa33ea4-cce2-475a-94ba-a9400c5113b3,4,0.13333333333333333,right_wrist,0.5,0.5,0.0,540.0,960.0,0.5
bfa33ea4-cce2-475a-94ba-a9400c5113b3,4,0.13333333333333333,left_hip,0.5,0.5,0.0,540.0,960.0,0.5
bfa33ea4-cce2-475a-94ba-a9400c5113b3,4,0.13333333333333333,right_hip,0.5,0.5,0.0,540.0,960.0,0.5
bfa33ea4-cce2-475a-94ba-a9400c5113b3,4,0.13333333333333333,left_knee,0.5,0.5,0.0,540.0,960.0,0.5
bfa33ea4-cce2-475a-94ba-a9400c5113b3,4,0.13333333333333333,right_knee,0.5,0.5,0.0,540.0,960.0,0.5
bfa33ea4-cce2-475a-94ba-a9400c5113b3,4,0.13333333333333333,left_ankle,0.5,0.5,0.0,540.0,960.0,0.5
bfa33ea4-cce2-475a-94ba-a9400c5113b3,4,0.13333333333333333,right_ankle,0.5,0.5,0.0,540.0,960.0,0.5
bfa33ea4-cce2-475a-94ba-a9400c5113b3,4,0.13333333333333333,left_heel,0.5,0.5,0.0,540.0,960.0,0.5
bfa33ea4-cce2-475a-94ba-a9400c5113b3,4,0.13333333333333333,right_heel,0.5,0.5,0.0,540.0,960.0,0.5
bfa33ea4-cce2-475a-94ba-a9400c5113b3,4,0.13333333333333333,left_foot_index,0.5,0.5,0.0,540.0,960.0,0.5
bfa33ea4-cce2-475a-94ba-a9400c5113b3,4,0.13333333333333333,right_foot_index,0.5,0.5,0.0,540.0,960.0,0.5
bfa33ea4-cce2-475a-94ba-a9400c5113b3,5,0.16666666666666666,nose,0.5,0.5,0.0,540.0,960.0,0.5
bfa33ea4-cce2-475a-94ba-a9400c5113b3,5,0.16666666666666666,left_shoulder,0.5,0.5,0.0,540.0,960.0,0.5
bfa33ea4-cce2-475a-94ba-a9400c5113b3,5,0.16666666666666666,right_shoulder,0.5,0.5,0.0,540.0,960.0,0.5
bfa33ea4-cce2-475a-94ba-a9400c5113b3,5,0.16666666666666666,left_elbow,0.5,0.5,0.0,540.0,960.0,0.5
bfa33ea4-cce2-475a-94ba-a9400c5113b3,5,0.16666666666666666,right_elbow,0.5,0.5,0.0,540.0,960.0,0.5
bfa33ea4-cce2-475a-94ba-a9400c5113b3,5,0.16666666666666666,left_wrist,0.5,0.5,0.0,540.0,960.0,0.5
bfa33ea4-cce2-475a-94ba-a9400c5113b3,5,0.16666666666666666,right_wrist,0.5,0.5,0.0,540.0,960.0,0.5
bfa33ea4-cce2-475a-94ba-a9400c5113b3,5,0.16666666666666666,left_hip,0.5,0.5,0.0,540.0,960.0,0.5
bfa33ea4-cce2-475a-94ba-a9400c5113b3,5,0.16666666666666666,right_hip,0.5,0.5,0.0,540.0,960.0,0.5
bfa33ea4-cce2-475a-94ba-a9400c5113b3,5,0.16666666666666666,left_knee,0.5,0.5,0.0,540.0,960.0,0.5
bfa33ea4-cce2-475a-94ba-a9400c5113b3,5,0.16666666666666666,right_knee,0.5,0.5,0.0,540.0,960.0,0.5
bfa33ea4-cce2-475a-94ba-a9400c5113b3,5,0.16666666666666666,left_ankle,0.5,0.5,0.0,540.0,960.0,0.5
bfa33ea4-cce2-475a-94ba-a9400c5113b3,5,0.16666666666666666,right_ankle,0.5,0.5,0.0,540.0,960.0,0.5
bfa33ea4-cce2-475a-94ba-a9400c5113b3,5,0.16666666666666666,left_heel,0.5,0.5,0.0,540.0,960.0,0.5
bfa33ea4-cce2-475a-94ba-a9400c5113b3,5,0.16666666666666666,right_heel,0.5,0.5,0.0,540.0,960.0,0.5
bfa33ea4-cce2-475a-94ba-a9400c5113b3,5,0.16666666666666666,left_foot_index,0.5,0.5,0.0,540.0,960.0,0.5
bfa33ea4-cce2-475a-94ba-a9400c5113b3,5,0.16666666666666666,right_foot_index,0.5,0.5,0.0,540.0,960.0,0.5
bfa33ea4-cce2-475a-94ba-a9400c5113b3,6,0.2,nose,0.5,0.5,0.0,540.0,960.0,0.5
bfa33ea4-cce2-475a-94ba-a9400c5113b3,6,0.2,left_shoulder,0.5,0.5,0.0,540.0,960.0,0.5
bfa33ea4-cce2-475a-94ba-a9400c5113b3,6,0.2,right_shoulder,0.5,0.5,0.0,540.0,960.0,0.5
bfa33ea4-cce2-475a-94ba-a9400c5113b3,6,0.2,left_elbow,0.5,0.5,0.0,540.0,960.0,0.5
bfa33ea4-cce2-475a-94ba-a9400c5113b3,6,0.2,right_elbow,0.5,0.5,0.0,540.0,960.0,0.5
bfa33ea4-cce2-475a-94ba-a9400c5113b3,6,0.2,left_wrist,0.5,0.5,0.0,540.0,960.0,0.5
bfa33ea4-cce2-475a-94ba-a9400c5113b3,6,0.2,right_wrist,0.5,0.5,0.0,540.0,960.0,0.5
bfa33ea4-cce2-475a-94ba-a9400c5113b3,6,0.2,left_hip,0.5,0.5,0.0,540.0,960.0,0.5
bfa33ea4-cce2-475a-94ba-a9400c5113b3,6,0.2,right_hip,0.5,0.5,0.0,540.0,960.0,0.5
bfa33ea4-cce2-475a-94ba-a9400c5113b3,6,0.2,left_knee,0.5,0.5,0.0,540.0,960.0,0.5
bfa33ea4-cce2-475a-94ba-a9400c5113b3,6,0.2,right_knee,0.5,0.5,0.0,540.0,960.0,0.5
bfa33ea4-cce2-475a-94ba-a9400c5113b3,6,0.2,left_ankle,0.5,0.5,0.0,540.0,960.0,0.5
bfa33ea4-cce2-475a-94ba-a9400c5113b3,6,0.2,right_ankle,0.5,0.5,0.0,540.0,960.0,0.5
bfa33ea4-cce2-475a-94ba-a9400c5113b3,6,0.2,left_heel,0.5,0.5,0.0,540.0,960.0,0.5
bfa33ea4-cce2-475a-94ba-a9400c5113b3,6,0.2,right_heel,0.5,0.5,0.0,540.0,960.0,0.5
bfa33ea4-cce2-475a-94ba-a9400c5113b3,6,0.2,left_foot_index,0.5,0.5,0.0,540.0,960.0,0.5
bfa33ea4-cce2-475a-94ba-a9400c5113b3,6,0.2,right_foot_index,0.5,0.5,0.0,540.0,960.0,0.5
bfa33ea4-cce2-475a-94ba-a9400c5113b3,7,0.23333333333333334,nose,0.5,0.5,0.0,540.0,960.0,0.5
bfa33ea4-cce2-475a-94ba-a9400c5113b3,7,0.23333333333333334,left_shoulder,0.5,0.5,0.0,540.0,960.0,0.5
bfa33ea4-cce2-475a-94ba-a9400c5113b3,7,0.23333333333333334,right_shoulder,0.5,0.5,0.0,540.0,960.0,0.5
bfa33ea4-cce2-475a-94ba-a9400c5113b3,7,0.23333333333333334,left_elbow,0.5,0.5,0.0,540.0,960.0,0.5
bfa33ea4-cce2-475a-94ba-a9400c5113b3,7,0.23333333333333334,right_elbow,0.5,0.5,0.0,540.0,960.0,0.5
bfa33ea4-cce2-475a-94ba-a9400c5113b3,7,0.23333333333333334,left_wrist,0.5,0.5,0.0,540.0,960.0,0.5
bfa33ea4-cce2-475a-94ba-a9400c5113b3,7,0.23333333333333334,right_wrist,0.5,0.5,0.0,540.0,960.0,0.5
bfa33ea4-cce2-475a-94ba-a9400c5113b3,7,0.23333333333333334,left_hip,0.5,0.5,0.0,540.0,960.0,0.5
bfa33ea4-cce2-475a-94ba-a9400c5113b3,7,0.23333333333333334,right_hip,0.5,0.5,0.0,540.0,960.0,0.5
bfa33ea4-cce2-475a-94ba-a9400c5113b3,7,0.23333333333333334,left_knee,0.5,0.5,0.0,540.0,960.0,0.5
bfa33ea4-cce2-475a-94ba-a9400c5113b3,7,0.23333333333333334,right_knee,0.5,0.5,0.0,540.0,960.0,0.5
bfa33ea4-cce2-475a-94ba-a9400c5113b3,7,0.23333333333333334,left_ankle,0.5,0.5,0.0,540.0,960.0,0.5
bfa33ea4-cce2-475a-94ba-a9400c5113b3,7,0.23333333333333334,right_ankle,0.5,0.5,0.0,540.0,960.0,0.5
bfa33ea4-cce2-475a-94ba-a9400c5113b3,7,0.23333333333333334,left_heel,0.5,0.5,0.0,540.0,960.0,0.5
bfa33ea4-cce2-475a-94ba-a9400c5113b3,7,0.23333333333333334,right_heel,0.5,0.5,0.0,540.0,960.0,0.5
bfa33ea4-cce2-475a-94ba-a9400c5113b3,7,0.23333333333333334,left_foot_index,0.5,0.5,0.0,540.0,960.0,0.5
bfa33ea4-cce2-475a-94ba-a9400c5113b3,7,0.23333333333333334,right_foot_index,0.5,0.5,0.0,540.0,960.0,0.5
bfa33ea4-cce2-475a-94ba-a9400c5113b3,8,0.26666666666666666,nose,0.5,0.5,0.0,540.0,960.0,0.5
bfa33ea4-cce2-475a-94ba-a9400c5113b3,8,0.26666666666666666,left_shoulder,0.5,0.5,0.0,540.0,960.0,0.5
bfa33ea4-cce2-475a-94ba-a9400c5113b3,8,0.26666666666666666,right_shoulder,0.5,0.5,0.0,540.0,960.0,0.5
bfa33ea4-cce2-475a-94ba-a9400c5113b3,8,0.26666666666666666,left_elbow,0.5,0.5,0.0,540.0,960.0,0.5
bfa33ea4-cce2-475a-94ba-a9400c5113b3,8,0.26666666666666666,right_elbow,0.5,0.5,0.0,540.0,960.0,0.5
bfa33ea4-cce2-475a-94ba-a9400c5113b3,8,0.26666666666666666,left_wrist,0.5,0.5,0.0,540.0,960.0,0.5
bfa33ea4-cce2-475a-94ba-a9400c5113b3,8,0.26666666666666666,right_wrist,0.5,0.5,0.0,540.0,960.0,0.5
bfa33ea4-cce2-475a-94ba-a9400c5113b3,8,0.26666666666666666,left_hip,0.5,0.5,0.0,540.0,960.0,0.5
bfa33ea4-cce2-475a-94ba-a9400c5113b3,8,0.26666666666666666,right_hip,0.5,0.5,0.0,540.0,960.0,0.5
bfa33ea4-cce2-475a-94ba-a9400c5113b3,8,0.26666666666666666,left_knee,0.5,0.5,0.0,540.0,960.0,0.5
bfa33ea4-cce2-475a-94ba-a9400c5113b3,8,0.26666666666666666,right_knee,0.5,0.5,0.0,540.0,960.0,0.5
bfa33ea4-cce2-475a-94ba-a9400c5113b3,8,0.26666666666666666,left_ankle,0.5,0.5,0.0,540.0,960.0,0.5
bfa33ea4-cce2-475a-94ba-a9400c5113b3,8,0.26666666666666666,right_ankle,0.5,0.5,0.0,540.0,960.0,0.5
bfa33ea4-cce2-475a-94ba-a9400c5113b3,8,0.26666666666666666,left_heel,0.5,0.5,0.0,540.0,960.0,0.5
bfa33ea4-cce2-475a-94ba-a9400c5113b3,8,0.26666666666666666,right_heel,0.5,0.5,0.0,540.0,960.0,0.5
bfa33ea4-cce2-475a-94ba-a9400c5113b3,8,0.26666666666666666,left_foot_index,0.5,0.5,0.0,540.0,960.0,0.5
bfa33ea4-cce2-475a-94ba-a9400c5113b3,8,0.26666666666666666,right_foot_index,0.5,0.5,0.0,540.0,960.0,0.5
bfa33ea4-cce2-475a-94ba-a9400c5113b3,9,0.3,nose,0.5,0.5,0.0,540.0,960.0,0.5
bfa33ea4-cce2-475a-94ba-a9400c5113b3,9,0.3,left_shoulder,0.5,0.5,0.0,540.0,960.0,0.5
bfa33ea4-cce2-475a-94ba-a9400c5113b3,9,0.3,right_shoulder,0.5,0.5,0.0,540.0,960.0,0.5
bfa33ea4-cce2-475a-94ba-a9400c5113b3,9,0.3,left_elbow,0.5,0.5,0.0,540.0,960.0,0.5
bfa33ea4-cce2-475a-94ba-a9400c5113b3,9,0.3,right_elbow,0.5,0.5,0.0,540.0,960.0,0.5
bfa33ea4-cce2-475a-94ba-a9400c5113b3,9,0.3,left_wrist,0.5,0.5,0.0,540.0,960.0,0.5
bfa33ea4-cce2-475a-94ba-a9400c5113b3,9,0.3,right_wrist,0.5,0.5,0.0,540.0,960.0,0.5
bfa33ea4-cce2-475a-94ba-a9400c5113b3,9,0.3,left_hip,0.5,0.5,0.0,540.0,960.0,0.5
bfa33ea4-cce2-475a-94ba-a9400c5113b3,9,0.3,right_hip,0.5,0.5,0.0,540.0,960.0,0.5
bfa33ea4-cce2-475a-94ba-a9400c5113b3,9,0.3,left_knee,0.5,0.5,0.0,540.0,960.0,0.5
bfa33ea4-cce2-475a-94ba-a9400c5113b3,9,0.3,right_knee,0.5,0.5,0.0,540.0,960.0,0.5
bfa33ea4-cce2-475a-94ba-a9400c5113b3,9,0.3,left_ankle,0.5,0.5,0.0,540.0,960.0,0.5
bfa33ea4-cce2-475a-94ba-a9400c5113b3,9,0.3,right_ankle,0.5,0.5,0.0,540.0,960.0,0.5
bfa33ea4-cce2-475a-94ba-a9400c5113b3,9,0.3,left_heel,0.5,0.5,0.0,540.0,960.0,0.5
bfa33ea4-cce2-475a-94ba-a9400c5113b3,9,0.3,right_heel,0.5,0.5,0.0,540.0,960.0,0.5
bfa33ea4-cce2-475a-94ba-a9400c5113b3,9,0.3,left_foot_index,0.5,0.5,0.0,540.0,960.0,0.5
bfa33ea4-cce2-475a-94ba-a9400c5113b3,9,0.3,right_foot_index,0.5,0.5,0.0,540.0,960.0,0.5
bfa33ea4-cce2-475a-94ba-a9400c5113b3,10,0.3333333333333333,nose,0.5,0.5,0.0,540.0,960.0,0.5
bfa33ea4-cce2-475a-94ba-a9400c5113b3,10,0.3333333333333333,left_shoulder,0.5,0.5,0.0,540.0,960.0,0.5
bfa33ea4-cce2-475a-94ba-a9400c5113b3,10,0.3333333333333333,right_shoulder,0.5,0.5,0.0,540.0,960.0,0.5
bfa33ea4-cce2-475a-94ba-a9400c5113b3,10,0.3333333333333333,left_elbow,0.5,0.5,0.0,540.0,960.0,0.5
bfa33ea4-cce2-475a-94ba-a9400c5113b3,10,0.3333333333333333,right_elbow,0.5,0.5,0.0,540.0,960.0,0.5
bfa33ea4-cce2-475a-94ba-a9400c5113b3,10,0.3333333333333333,left_wrist,0.5,0.5,0.0,540.0,960.0,0.5
bfa33ea4-cce2-475a-94ba-a9400c5113b3,10,0.3333333333333333,right_wrist,0.5,0.5,0.0,540.0,960.0,0.5
bfa33ea4-cce2-475a-94ba-a9400c5113b3,10,0.3333333333333333,left_hip,0.5,0.5,0.0,540.0,960.0,0.5
bfa33ea4-cce2-475a-94ba-a9400c5113b3,10,0.3333333333333333,right_hip,0.5,0.5,0.0,540.0,960.0,0.5
bfa33ea4-cce2-475a-94ba-a9400c5113b3,10,0.3333333333333333,left_knee,0.5,0.5,0.0,540.0,960.0,0.5
bfa33ea4-cce2-475a-94ba-a9400c5113b3,10,0.3333333333333333,right_knee,0.5,0.5,0.0,540.0,960.0,0.5
bfa33ea4-cce2-475a-94ba-a9400c5113b3,10,0.3333333333333333,left_ankle,0.5,0.5,0.0,540.0,960.0,0.5
bfa33ea4-cce2-475a-94ba-a9400c5113b3,10,0.3333333333333333,right_ankle,0.5,0.5,0.0,540.0,960.0,0.5
bfa33ea4-cce2-475a-94ba-a9400c5113b3,10,0.3333333333333333,left_heel,0.5,0.5,0.0,540.0,960.0,0.5
bfa33ea4-cce2-475a-94ba-a9400c5113b3,10,0.3333333333333333,right_heel,0.5,0.5,0.0,540.0,960.0,0.5
bfa33ea4-cce2-475a-94ba-a9400c5113b3,10,0.3333333333333333,left_foot_index,0.5,0.5,0.0,540.0,960.0,0.5
bfa33ea4-cce2-475a-94ba-a9400c5113b3,10,0.3333333333333333,right_foot_index,0.5,0.5,0.0,540.0,960.0,0.5
bfa33ea4-cce2-475a-94ba-a9400c5113b3,11,0.36666666666666664,nose,0.5,0.5,0.0,540.0,960.0,0.5
bfa33ea4-cce2-475a-94ba-a9400c5113b3,11,0.36666666666666664,left_shoulder,0.5,0.5,0.0,540.0,960.0,0.5
bfa33ea4-cce2-475a-94ba-a9400c5113b3,11,0.36666666666666664,right_shoulder,0.5,0.5,0.0,540.0,960.0,0.5
bfa33ea4-cce2-475a-94ba-a9400c5113b3,11,0.36666666666666664,left_elbow,0.5,0.5,0.0,540.0,960.0,0.5
bfa33ea4-cce2-475a-94ba-a9400c5113b3,11,0.36666666666666664,right_elbow,0.5,0.5,0.0,540.0,960.0,0.5
bfa33ea4-cce2-475a-94ba-a9400c5113b3,11,0.36666666666666664,left_wrist,0.5,0.5,0.0,540.0,960.0,0.5
bfa33ea4-cce2-475a-94ba-a9400c5113b3,11,0.36666666666666664,right_wrist,0.5,0.5,0.0,540.0,960.0,0.5
bfa33ea4-cce2-475a-94ba-a9400c5113b3,11,0.36666666666666664,left_hip,0.5,0.5,0.0,540.0,960.0,0.5
bfa33ea4-cce2-475a-94ba-a9400c5113b3,11,0.36666666666666664,right_hip,0.5,0.5,0.0,540.0,960.0,0.5
bfa33ea4-cce2-475a-94ba-a9400c5113b3,11,0.36666666666666664,left_knee,0.5,0.5,0.0,540.0,960.0,0.5
bfa33ea4-cce2-475a-94ba-a9400c5113b3,11,0.36666666666666664,right_knee,0.5,0.5,0.0,540.0,960.0,0.5
bfa33ea4-cce2-475a-94ba-a9400c5113b3,11,0.36666666666666664,left_ankle,0.5,0.5,0.0,540.0,960.0,0.5
bfa33ea4-cce2-475a-94ba-a9400c5113b3,11,0.36666666666666664,right_ankle,0.5,0.5,0.0,540.0,960.0,0.5
bfa33ea4-cce2-475a-94ba-a9400c5113b3,11,0.36666666666666664,left_heel,0.5,0.5,0.0,540.0,960.0,0.5
bfa33ea4-cce2-475a-94ba-a9400c5113b3,11,0.36666666666666664,right_heel,0.5,0.5,0.0,540.0,960.0,0.5
bfa33ea4-cce2-475a-94ba-a9400c5113b3,11,0.36666666666666664,left_foot_index,0.5,0.5,0.0,540.0,960.0,0.5
bfa33ea4-cce2-475a-94ba-a9400c5113b3,11,0.36666666666666664,right_foot_index,0.5,0.5,0.0,540.0,960.0,0.5
bfa33ea4-cce2-475a-94ba-a9400c5113b3,12,0.4,nose,0.5,0.5,0.0,540.0,960.0,0.5
bfa33ea4-cce2-475a-94ba-a9400c5113b3,12,0.4,left_shoulder,0.5,0.5,0.0,540.0,960.0,0.5
bfa33ea4-cce2-475a-94ba-a9400c5113b3,12,0.4,right_shoulder,0.5,0.5,0.0,540.0,960.0,0.5
bfa33ea4-cce2-475a-94ba-a9400c5113b3,12,0.4,left_elbow,0.5,0.5,0.0,540.0,960.0,0.5
bfa33ea4-cce2-475a-94ba-a9400c5113b3,12,0.4,right_elbow,0.5,0.5,0.0,540.0,960.0,0.5
bfa33ea4-cce2-475a-94ba-a9400c5113b3,12,0.4,left_wrist,0.5,0.5,0.0,540.0,960.0,0.5
bfa33ea4-cce2-475a-94ba-a9400c5113b3,12,0.4,right_wrist,0.5,0.5,0.0,540.0,960.0,0.5
bfa33ea4-cce2-475a-94ba-a9400c5113b3,12,0.4,left_hip,0.5,0.5,0.0,540.0,960.0,0.5
bfa33ea4-cce2-475a-94ba-a9400c5113b3,12,0.4,right_hip,0.5,0.5,0.0,540.0,960.0,0.5
bfa33ea4-cce2-475a-94ba-a9400c5113b3,12,0.4,left_knee,0.5,0.5,0.0,540.0,960.0,0.5
bfa33ea4-cce2-475a-94ba-a9400c5113b3,12,0.4,right_knee,0.5,0.5,0.0,540.0,960.0,0.5
bfa33ea4-cce2-475a-94ba-a9400c5113b3,12,0.4,left_ankle,0.5,0.5,0.0,540.0,960.0,0.5
bfa33ea4-cce2-475a-94ba-a9400c5113b3,12,0.4,right_ankle,0.5,0.5,0.0,540.0,960.0,0.5
bfa33ea4-cce2-475a-94ba-a9400c5113b3,12,0.4,left_heel,0.5,0.5,0.0,540.0,960.0,0.5
bfa33ea4-cce2-475a-94ba-a9400c5113b3,12,0.4,right_heel,0.5,0.5,0.0,540.0,960.0,0.5
bfa33ea4-cce2-475a-94ba-a9400c5113b3,12,0.4,left_foot_index,0.5,0.5,0.0,540.0,960.0,0.5
bfa33ea4-cce2-475a-94ba-a9400c5113b3,12,0.4,right_foot_index,0.5,0.5,0.0,540.0,960.0,0.5
bfa33ea4-cce2-475a-94ba-a9400c5113b3,13,0.43333333333333335,nose,0.5,0.5,0.0,540.0,960.0,0.5
bfa33ea4-cce2-475a-94ba-a9400c5113b3,13,0.43333333333333335,left_shoulder,0.5,0.5,0.0,540.0,960.0,0.5
bfa33ea4-cce2-475a-94ba-a9400c5113b3,13,0.43333333333333335,right_shoulder,0.5,0.5,0.0,540.0,960.0,0.5
bfa33ea4-cce2-475a-94ba-a9400c5113b3,13,0.43333333333333335,left_elbow,0.5,0.5,0.0,540.0,960.0,0.5
bfa33ea4-cce2-475a-94ba-a9400c5113b3,13,0.43333333333333335,right_elbow,0.5,0.5,0.0,540.0,960.0,0.5
bfa33ea4-cce2-475a-94ba-a9400c5113b3,13,0.43333333333333335,left_wrist,0.5,0.5,0.0,540.0,960.0,0.5
bfa33ea4-cce2-475a-94ba-a9400c5113b3,13,0.43333333333333335,right_wrist,0.5,0.5,0.0,540.0,960.0,0.5
bfa33ea4-cce2-475a-94ba-a9400c5113b3,13,0.43333333333333335,left_hip,0.5,0.5,0.0,540.0,960.0,0.5
bfa33ea4-cce2-475a-94ba-a9400c5113b3,13,0.43333333333333335,right_hip,0.5,0.5,0.0,540.0,960.0,0.5
bfa33ea4-cce2-475a-94ba-a9400c5113b3,13,0.43333333333333335,left_knee,0.5,0.5,0.0,540.0,960.0,0.5
bfa33ea4-cce2-475a-94ba-a9400c5113b3,13,0.43333333333333335,right_knee,0.5,0.5,0.0,540.0,960.0,0.5
bfa33ea4-cce2-475a-94ba-a9400c5113b3,13,0.43333333333333335,left_ankle,0.5,0.5,0.0,540.0,960.0,0.5
bfa33ea4-cce2-475a-94ba-a9400c5113b3,13,0.43333333333333335,right_ankle,0.5,0.5,0.0,540.0,960.0,0.5
bfa33ea4-cce2-475a-94ba-a9400c5113b3,13,0.43333333333333335,left_heel,0.5,0.5,0.0,540.0,960.0,0.5
bfa33ea4-cce2-475a-94ba-a9400c5113b3,13,0.43333333333333335,right_heel,0.5,0.5,0.0,540.0,960.0,0.5
bfa33ea4-cce2-475a-94ba-a9400c5113b3,13,0.43333333333333335,left_foot_index,0.5,0.5,0.0,540.0,960.0,0.5
bfa33ea4-cce2-475a-94ba-a9400c5113b3,13,0.43333333333333335,right_foot_index,0.5,0.5,0.0,540.0,960.0,0.5
bfa33ea4-cce2-475a-94ba-a9400c5113b3,14,0.4666666666666667,nose,0.5,0.5,0.0,540.0,960.0,0.5
bfa33ea4-cce2-475a-94ba-a9400c5113b3,14,0.4666666666666667,left_shoulder,0.5,0.5,0.0,540.0,960.0,0.5
bfa33ea4-cce2-475a-94ba-a9400c5113b3,14,0.4666666666666667,right_shoulder,0.5,0.5,0.0,540.0,960.0,0.5
bfa33ea4-cce2-475a-94ba-a9400c5113b3,14,0.4666666666666667,left_elbow,0.5,0.5,0.0,540.0,960.0,0.5
bfa33ea4-cce2-475a-94ba-a9400c5113b3,14,0.4666666666666667,right_elbow,0.5,0.5,0.0,540.0,960.0,0.5
bfa33ea4-cce2-475a-94ba-a9400c5113b3,14,0.4666666666666667,left_wrist,0.5,0.5,0.0,540.0,960.0,0.5
bfa33ea4-cce2-475a-94ba-a9400c5113b3,14,0.4666666666666667,right_wrist,0.5,0.5,0.0,540.0,960.0,0.5
bfa33ea4-cce2-475a-94ba-a9400c5113b3,14,0.4666666666666667,left_hip,0.5,0.5,0.0,540.0,960.0,0.5
bfa33ea4-cce2-475a-94ba-a9400c5113b3,14,0.4666666666666667,right_hip,0.5,0.5,0.0,540.0,960.0,0.5
bfa33ea4-cce2-475a-94ba-a9400c5113b3,14,0.4666666666666667,left_knee,0.5,0.5,0.0,540.0,960.0,0.5
bfa33ea4-cce2-475a-94ba-a9400c5113b3,14,0.4666666666666667,right_knee,0.5,0.5,0.0,540.0,960.0,0.5
bfa33ea4-cce2-475a-94ba-a9400c5113b3,14,0.4666666666666667,left_ankle,0.5,0.5,0.0,540.0,960.0,0.5
bfa33ea4-cce2-475a-94ba-a9400c5113b3,14,0.4666666666666667,right_ankle,0.5,0.5,0.0,540.0,960.0,0.5
bfa33ea4-cce2-475a-94ba-a9400c5113b3,14,0.4666666666666667,left_heel,0.5,0.5,0.0,540.0,960.0,0.5
bfa33ea4-cce2-475a-94ba-a9400c5113b3,14,0.4666666666666667,right_heel,0.5,0.5,0.0,540.0,960.0,0.5
bfa33ea4-cce2-475a-94ba-a9400c5113b3,14,0.4666666666666667,left_foot_index,0.5,0.5,0.0,540.0,960.0,0.5
bfa33ea4-cce2-475a-94ba-a9400c5113b3,14,0.4666666666666667,right_foot_index,0.5,0.5,0.0,540.0,960.0,0.5
bfa33ea4-cce2-475a-94ba-a9400c5113b3,15,0.5,nose,0.5,0.5,0.0,540.0,960.0,0.5
bfa33ea4-cce2-475a-94ba-a9400c5113b3,15,0.5,left_shoulder,0.5,0.5,0.0,540.0,960.0,0.5
bfa33ea4-cce2-475a-94ba-a9400c5113b3,15,0.5,right_shoulder,0.5,0.5,0.0,540.0,960.0,0.5
bfa33ea4-cce2-475a-94ba-a9400c5113b3,15,0.5,left_elbow,0.5,0.5,0.0,540.0,960.0,0.5
bfa33ea4-cce2-475a-94ba-a9400c5113b3,15,0.5,right_elbow,0.5,0.5,0.0,540.0,960.0,0.5
bfa33ea4-cce2-475a-94ba-a9400c5113b3,15,0.5,left_wrist,0.5,0.5,0.0,540.0,960.0,0.5
bfa33ea4-cce2-475a-94ba-a9400c5113b3,15,0.5,right_wrist,0.5,0.5,0.0,540.0,960.0,0.5
bfa33ea4-cce2-475a-94ba-a9400c5113b3,15,0.5,left_hip,0.5,0.5,0.0,540.0,960.0,0.5
bfa33ea4-cce2-475a-94ba-a9400c5113b3,15,0.5,right_hip,0.5,0.5,0.0,540.0,960.0,0.5
bfa33ea4-cce2-475a-94ba-a9400c5113b3,15,0.5,left_knee,0.5,0.5,0.0,540.0,960.0,0.5
bfa33ea4-cce2-475a-94ba-a9400c5113b3,15,0.5,right_knee,0.5,0.5,0.0,540.0,960.0,0.5
bfa33ea4-cce2-475a-94ba-a9400c5113b3,15,0.5,left_ankle,0.5,0.5,0.0,540.0,960.0,0.5
bfa33ea4-cce2-475a-94ba-a9400c5113b3,15,0.5,right_ankle,0.5,0.5,0.0,540.0,960.0,0.5
bfa33ea4-cce2-475a-94ba-a9400c5113b3,15,0.5,left_heel,0.5,0.5,0.0,540.0,960.0,0.5
bfa33ea4-cce2-475a-94ba-a9400c5113b3,15,0.5,right_heel,0.5,0.5,0.0,540.0,960.0,0.5
bfa33ea4-cce2-475a-94ba-a9400c5113b3,15,0.5,left_foot_index,0.5,0.5,0.0,540.0,960.0,0.5
bfa33ea4-cce2-475a-94ba-a9400c5113b3,15,0.5,right_foot_index,0.5,0.5,0.0,540.0,960.0,0.5
bfa33ea4-cce2-475a-94ba-a9400c5113b3,16,0.5333333333333333,nose,0.5,0.5,0.0,540.0,960.0,0.5
bfa33ea4-cce2-475a-94ba-a9400c5113b3,16,0.5333333333333333,left_shoulder,0.5,0.5,0.0,540.0,960.0,0.5
bfa33ea4-cce2-475a-94ba-a9400c5113b3,16,0.5333333333333333,right_shoulder,0.5,0.5,0.0,540.0,960.0,0.5
bfa33ea4-cce2-475a-94ba-a9400c5113b3,16,0.5333333333333333,left_elbow,0.5,0.5,0.0,540.0,960.0,0.5
bfa33ea4-cce2-475a-94ba-a9400c5113b3,16,0.5333333333333333,right_elbow,0.5,0.5,0.0,540.0,960.0,0.5
bfa33ea4-cce2-475a-94ba-a9400c5113b3,16,0.5333333333333333,left_wrist,0.5,0.5,0.0,540.0,960.0,0.5
bfa33ea4-cce2-475a-94ba-a9400c5113b3,16,0.5333333333333333,right_wrist,0.5,0.5,0.0,540.0,960.0,0.5
bfa33ea4-cce2-475a-94ba-a9400c5113b3,16,0.5333333333333333,left_hip,0.5,0.5,0.0,540.0,960.0,0.5
bfa33ea4-cce2-475a-94ba-a9400c5113b3,16,0.5333333333333333,right_hip,0.5,0.5,0.0,540.0,960.0,0.5
bfa33ea4-cce2-475a-94ba-a9400c5113b3,16,0.5333333333333333,left_knee,0.5,0.5,0.0,540.0,960.0,0.5
bfa33ea4-cce2-475a-94ba-a9400c5113b3,16,0.5333333333333333,right_knee,0.5,0.5,0.0,540.0,960.0,0.5
bfa33ea4-cce2-475a-94ba-a9400c5113b3,16,0.5333333333333333,left_ankle,0.5,0.5,0.0,540.0,960.0,0.5
bfa33ea4-cce2-475a-94ba-a9400c5113b3,16,0.5333333333333333,right_ankle,0.5,0.5,0.0,540.0,960.0,0.5
bfa33ea4-cce2-475a-94ba-a9400c5113b3,16,0.5333333333333333,left_heel,0.5,0.5,0.0,540.0,960.0,0.5
bfa33ea4-cce2-475a-94ba-a9400c5113b3,16,0.5333333333333333,right_heel,0.5,0.5,0.0,540.0,960.0,0.5
bfa33ea4-cce2-475a-94ba-a9400c5113b3,16,0.5333333333333333,left_foot_index,0.5,0.5,0.0,540.0,960.0,0.5
bfa33ea4-cce2-475a-94ba-a9400c5113b3,16,0.5333333333333333,right_foot_index,0.5,0.5,0.0,540.0,960.0,0.5
bfa33ea4-cce2-475a-94ba-a9400c5113b3,17,0.5666666666666667,nose,0.5,0.5,0.0,540.0,960.0,0.5
bfa33ea4-cce2-475a-94ba-a9400c5113b3,17,0.5666666666666667,left_shoulder,0.5,0.5,0.0,540.0,960.0,0.5
bfa33ea4-cce2-475a-94ba-a9400c5113b3,17,0.5666666666666667,right_shoulder,0.5,0.5,0.0,540.0,960.0,0.5
bfa33ea4-cce2-475a-94ba-a9400c5113b3,17,0.5666666666666667,left_elbow,0.5,0.5,0.0,540.0,960.0,0.5
bfa33ea4-cce2-475a-94ba-a9400c5113b3,17,0.5666666666666667,right_elbow,0.5,0.5,0.0,540.0,960.0,0.5
bfa33ea4-cce2-475a-94ba-a9400c5113b3,17,0.5666666666666667,left_wrist,0.5,0.5,0.0,540.0,960.0,0.5
bfa33ea4-cce2-475a-94ba-a9400c5113b3,17,0.5666666666666667,right_wrist,0.5,0.5,0.0,540.0,960.0,0.5
bfa33ea4-cce2-475a-94ba-a9400c5113b3,17,0.5666666666666667,left_hip,0.5,0.5,0.0,540.0,960.0,0.5
bfa33ea4-cce2-475a-94ba-a9400c5113b3,17,0.5666666666666667,right_hip,0.5,0.5,0.0,540.0,960.0,0.5
bfa33ea4-cce2-475a-94ba-a9400c5113b3,17,0.5666666666666667,left_knee,0.5,0.5,0.0,540.0,960.0,0.5
bfa33ea4-cce2-475a-94ba-a9400c5113b3,17,0.5666666666666667,right_knee,0.5,0.5,0.0,540.0,960.0,0.5
bfa33ea4-cce2-475a-94ba-a9400c5113b3,17,0.5666666666666667,left_ankle,0.5,0.5,0.0,540.0,960.0,0.5
bfa33ea4-cce2-475a-94ba-a9400c5113b3,17,0.5666666666666667,right_ankle,0.5,0.5,0.0,540.0,960.0,0.5
bfa33ea4-cce2-475a-94ba-a9400c5113b3,17,0.5666666666666667,left_heel,0.5,0.5,0.0,540.0,960.0,0.5
bfa33ea4-cce2-475a-94ba-a9400c5113b3,17,0.5666666666666667,right_heel,0.5,0.5,0.0,540.0,960.0,0.5
bfa33ea4-cce2-475a-94ba-a9400c5113b3,17,0.5666666666666667,left_foot_index,0.5,0.5,0.0,540.0,960.0,0.5
bfa33ea4-cce2-475a-94ba-a9400c5113b3,17,0.5666666666666667,right_foot_index,0.5,0.5,0.0,540.0,960.0,0.5
bfa33ea4-cce2-475a-94ba-a9400c5113b3,18,0.6,nose,0.5,0.5,0.0,540.0,960.0,0.5
bfa33ea4-cce2-475a-94ba-a9400c5113b3,18,0.6,left_shoulder,0.5,0.5,0.0,540.0,960.0,0.5
bfa33ea4-cce2-475a-94ba-a9400c5113b3,18,0.6,right_shoulder,0.5,0.5,0.0,540.0,960.0,0.5
bfa33ea4-cce2-475a-94ba-a9400c5113b3,18,0.6,left_elbow,0.5,0.5,0.0,540.0,960.0,0.5
bfa33ea4-cce2-475a-94ba-a9400c5113b3,18,0.6,right_elbow,0.5,0.5,0.0,540.0,960.0,0.5
bfa33ea4-cce2-475a-94ba-a9400c5113b3,18,0.6,left_wrist,0.5,0.5,0.0,540.0,960.0,0.5
bfa33ea4-cce2-475a-94ba-a9400c5113b3,18,0.6,right_wrist,0.5,0.5,0.0,540.0,960.0,0.5
bfa33ea4-cce2-475a-94ba-a9400c5113b3,18,0.6,left_hip,0.5,0.5,0.0,540.0,960.0,0.5
bfa33ea4-cce2-475a-94ba-a9400c5113b3,18,0.6,right_hip,0.5,0.5,0.0,540.0,960.0,0.5
bfa33ea4-cce2-475a-94ba-a9400c5113b3,18,0.6,left_knee,0.5,0.5,0.0,540.0,960.0,0.5
bfa33ea4-cce2-475a-94ba-a9400c5113b3,18,0.6,right_knee,0.5,0.5,0.0,540.0,960.0,0.5
bfa33ea4-cce2-475a-94ba-a9400c5113b3,18,0.6,left_ankle,0.5,0.5,0.0,540.0,960.0,0.5
bfa33ea4-cce2-475a-94ba-a9400c5113b3,18,0.6,right_ankle,0.5,0.5,0.0,540.0,960.0,0.5
bfa33ea4-cce2-475a-94ba-a9400c5113b3,18,0.6,left_heel,0.5,0.5,0.0,540.0,960.0,0.5
bfa33ea4-cce2-475a-94ba-a9400c5113b3,18,0.6,right_heel,0.5,0.5,0.0,540.0,960.0,0.5
bfa33ea4-cce2-475a-94ba-a9400c5113b3,18,0.6,left_foot_index,0.5,0.5,0.0,540.0,960.0,0.5
bfa33ea4-cce2-475a-94ba-a9400c5113b3,18,0.6,right_foot_index,0.5,0.5,0.0,540.0,960.0,0.5
bfa33ea4-cce2-475a-94ba-a9400c5113b3,19,0.6333333333333333,nose,0.5,0.5,0.0,540.0,960.0,0.5
bfa33ea4-cce2-475a-94ba-a9400c5113b3,19,0.6333333333333333,left_shoulder,0.5,0.5,0.0,540.0,960.0,0.5
bfa33ea4-cce2-475a-94ba-a9400c5113b3,19,0.6333333333333333,right_shoulder,0.5,0.5,0.0,540.0,960.0,0.5
bfa33ea4-cce2-475a-94ba-a9400c5113b3,19,0.6333333333333333,left_elbow,0.5,0.5,0.0,540.0,960.0,0.5
bfa33ea4-cce2-475a-94ba-a9400c5113b3,19,0.6333333333333333,right_elbow,0.5,0.5,0.0,540.0,960.0,0.5
bfa33ea4-cce2-475a-94ba-a9400c5113b3,19,0.6333333333333333,left_wrist,0.5,0.5,0.0,540.0,960.0,0.5
bfa33ea4-cce2-475a-94ba-a9400c5113b3,19,0.6333333333333333,right_wrist,0.5,0.5,0.0,540.0,960.0,0.5
bfa33ea4-cce2-475a-94ba-a9400c5113b3,19,0.6333333333333333,left_hip,0.5,0.5,0.0,540.0,960.0,0.5
bfa33ea4-cce2-475a-94ba-a9400c5113b3,19,0.6333333333333333,right_hip,0.5,0.5,0.0,540.0,960.0,0.5
bfa33ea4-cce2-475a-94ba-a9400c5113b3,19,0.6333333333333333,left_knee,0.5,0.5,0.0,540.0,960.0,0.5
bfa33ea4-cce2-475a-94ba-a9400c5113b3,19,0.6333333333333333,right_knee,0.5,0.5,0.0,540.0,960.0,0.5
bfa33ea4-cce2-475a-94ba-a9400c5113b3,19,0.6333333333333333,left_ankle,0.5,0.5,0.0,540.0,960.0,0.5
bfa33ea4-cce2-475a-94ba-a9400c5113b3,19,0.6333333333333333,right_ankle,0.5,0.5,0.0,540.0,960.0,0.5
bfa33ea4-cce2-475a-94ba-a9400c5113b3,19,0.6333333333333333,left_heel,0.5,0.5,0.0,540.0,960.0,0.5
bfa33ea4-cce2-475a-94ba-a9400c5113b3,19,0.6333333333333333,right_heel,0.5,0.5,0.0,540.0,960.0,0.5
bfa33ea4-cce2-475a-94ba-a9400c5113b3,19,0.6333333333333333,left_foot_index,0.5,0.5,0.0,540.0,960.0,0.5
bfa33ea4-cce2-475a-94ba-a9400c5113b3,19,0.6333333333333333,right_foot_index,0.5,0.5,0.0,540.0,960.0,0.5
bfa33ea4-cce2-475a-94ba-a9400c5113b3,20,0.6666666666666666,nose,0.5,0.5,0.0,540.0,960.0,0.5
bfa33ea4-cce2-475a-94ba-a9400c5113b3,20,0.6666666666666666,left_shoulder,0.5,0.5,0.0,540.0,960.0,0.5
bfa33ea4-cce2-475a-94ba-a9400c5113b3,20,0.6666666666666666,right_shoulder,0.5,0.5,0.0,540.0,960.0,0.5
bfa33ea4-cce2-475a-94ba-a9400c5113b3,20,0.6666666666666666,left_elbow,0.5,0.5,0.0,540.0,960.0,0.5
bfa33ea4-cce2-475a-94ba-a9400c5113b3,20,0.6666666666666666,right_elbow,0.5,0.5,0.0,540.0,960.0,0.5
bfa33ea4-cce2-475a-94ba-a9400c5113b3,20,0.6666666666666666,left_wrist,0.5,0.5,0.0,540.0,960.0,0.5
bfa33ea4-cce2-475a-94ba-a9400c5113b3,20,0.6666666666666666,right_wrist,0.5,0.5,0.0,540.0,960.0,0.5
bfa33ea4-cce2-475a-94ba-a9400c5113b3,20,0.6666666666666666,left_hip,0.5,0.5,0.0,540.0,960.0,0.5
bfa33ea4-cce2-475a-94ba-a9400c5113b3,20,0.6666666666666666,right_hip,0.5,0.5,0.0,540.0,960.0,0.5
bfa33ea4-cce2-475a-94ba-a9400c5113b3,20,0.6666666666666666,left_knee,0.5,0.5,0.0,540.0,960.0,0.5
bfa33ea4-cce2-475a-94ba-a9400c5113b3,20,0.6666666666666666,right_knee,0.5,0.5,0.0,540.0,960.0,0.5
bfa33ea4-cce2-475a-94ba-a9400c5113b3,20,0.6666666666666666,left_ankle,0.5,0.5,0.0,540.0,960.0,0.5
bfa33ea4-cce2-475a-94ba-a9400c5113b3,20,0.6666666666666666,right_ankle,0.5,0.5,0.0,540.0,960.0,0.5
bfa33ea4-cce2-475a-94ba-a9400c5113b3,20,0.6666666666666666,left_heel,0.5,0.5,0.0,540.0,960.0,0.5
bfa33ea4-cce2-475a-94ba-a9400c5113b3,20,0.6666666666666666,right_heel,0.5,0.5,0.0,540.0,960.0,0.5
bfa33ea4-cce2-475a-94ba-a9400c5113b3,20,0.6666666666666666,left_foot_index,0.5,0.5,0.0,540.0,960.0,0.5
bfa33ea4-cce2-475a-94ba-a9400c5113b3,20,0.6666666666666666,right_foot_index,0.5,0.5,0.0,540.0,960.0,0.5
bfa33ea4-cce2-475a-94ba-a9400c5113b3,21,0.7,nose,0.5,0.5,0.0,540.0,960.0,0.5
bfa33ea4-cce2-475a-94ba-a9400c5113b3,21,0.7,left_shoulder,0.5,0.5,0.0,540.0,960.0,0.5
bfa33ea4-cce2-475a-94ba-a9400c5113b3,21,0.7,right_shoulder,0.5,0.5,0.0,540.0,960.0,0.5
bfa33ea4-cce2-475a-94ba-a9400c5113b3,21,0.7,left_elbow,0.5,0.5,0.0,540.0,960.0,0.5
bfa33ea4-cce2-475a-94ba-a9400c5113b3,21,0.7,right_elbow,0.5,0.5,0.0,540.0,960.0,0.5
bfa33ea4-cce2-475a-94ba-a9400c5113b3,21,0.7,left_wrist,0.5,0.5,0.0,540.0,960.0,0.5
bfa33ea4-cce2-475a-94ba-a9400c5113b3,21,0.7,right_wrist,0.5,0.5,0.0,540.0,960.0,0.5
bfa33ea4-cce2-475a-94ba-a9400c5113b3,21,0.7,left_hip,0.5,0.5,0.0,540.0,960.0,0.5
bfa33ea4-cce2-475a-94ba-a9400c5113b3,21,0.7,right_hip,0.5,0.5,0.0,540.0,960.0,0.5
bfa33ea4-cce2-475a-94ba-a9400c5113b3,21,0.7,left_knee,0.5,0.5,0.0,540.0,960.0,0.5
bfa33ea4-cce2-475a-94ba-a9400c5113b3,21,0.7,right_knee,0.5,0.5,0.0,540.0,960.0,0.5
bfa33ea4-cce2-475a-94ba-a9400c5113b3,21,0.7,left_ankle,0.5,0.5,0.0,540.0,960.0,0.5
bfa33ea4-cce2-475a-94ba-a9400c5113b3,21,0.7,right_ankle,0.5,0.5,0.0,540.0,960.0,0.5
bfa33ea4-cce2-475a-94ba-a9400c5113b3,21,0.7,left_heel,0.5,0.5,0.0,540.0,960.0,0.5
bfa33ea4-cce2-475a-94ba-a9400c5113b3,21,0.7,right_heel,0.5,0.5,0.0,540.0,960.0,0.5
bfa33ea4-cce2-475a-94ba-a9400c5113b3,21,0.7,left_foot_index,0.5,0.5,0.0,540.0,960.0,0.5
bfa33ea4-cce2-475a-94ba-a9400c5113b3,21,0.7,right_foot_index,0.5,0.5,0.0,540.0,960.0,0.5
bfa33ea4-cce2-475a-94ba-a9400c5113b3,22,0.7333333333333333,nose,0.5,0.5,0.0,540.0,960.0,0.5
bfa33ea4-cce2-475a-94ba-a9400c5113b3,22,0.7333333333333333,left_shoulder,0.5,0.5,0.0,540.0,960.0,0.5
bfa33ea4-cce2-475a-94ba-a9400c5113b3,22,0.7333333333333333,right_shoulder,0.5,0.5,0.0,540.0,960.0,0.5
bfa33ea4-cce2-475a-94ba-a9400c5113b3,22,0.7333333333333333,left_elbow,0.5,0.5,0.0,540.0,960.0,0.5
bfa33ea4-cce2-475a-94ba-a9400c5113b3,22,0.7333333333333333,right_elbow,0.5,0.5,0.0,540.0,960.0,0.5
bfa33ea4-cce2-475a-94ba-a9400c5113b3,22,0.7333333333333333,left_wrist,0.5,0.5,0.0,540.0,960.0,0.5
bfa33ea4-cce2-475a-94ba-a9400c5113b3,22,0.7333333333333333,right_wrist,0.5,0.5,0.0,540.0,960.0,0.5
bfa33ea4-cce2-475a-94ba-a9400c5113b3,22,0.7333333333333333,left_hip,0.5,0.5,0.0,540.0,960.0,0.5
bfa33ea4-cce2-475a-94ba-a9400c5113b3,22,0.7333333333333333,right_hip,0.5,0.5,0.0,540.0,960.0,0.5
bfa33ea4-cce2-475a-94ba-a9400c5113b3,22,0.7333333333333333,left_knee,0.5,0.5,0.0,540.0,960.0,0.5
bfa33ea4-cce2-475a-94ba-a9400c5113b3,22,0.7333333333333333,right_knee,0.5,0.5,0.0,540.0,960.0,0.5
bfa33ea4-cce2-475a-94ba-a9400c5113b3,22,0.7333333333333333,left_ankle,0.5,0.5,0.0,540.0,960.0,0.5
bfa33ea4-cce2-475a-94ba-a9400c5113b3,22,0.7333333333333333,right_ankle,0.5,0.5,0.0,540.0,960.0,0.5
bfa33ea4-cce2-475a-94ba-a9400c5113b3,22,0.7333333333333333,left_heel,0.5,0.5,0.0,540.0,960.0,0.5
bfa33ea4-cce2-475a-94ba-a9400c5113b3,22,0.7333333333333333,right_heel,0.5,0.5,0.0,540.0,960.0,0.5
bfa33ea4-cce2-475a-94ba-a9400c5113b3,22,0.7333333333333333,left_foot_index,0.5,0.5,0.0,540.0,960.0,0.5
bfa33ea4-cce2-475a-94ba-a9400c5113b3,22,0.7333333333333333,right_foot_index,0.5,0.5,0.0,540.0,960.0,0.5
bfa33ea4-cce2-475a-94ba-a9400c5113b3,23,0.7666666666666667,nose,0.5,0.5,0.0,540.0,960.0,0.5
bfa33ea4-cce2-475a-94ba-a9400c5113b3,23,0.7666666666666667,left_shoulder,0.5,0.5,0.0,540.0,960.0,0.5
bfa33ea4-cce2-475a-94ba-a9400c5113b3,23,0.7666666666666667,right_shoulder,0.5,0.5,0.0,540.0,960.0,0.5
bfa33ea4-cce2-475a-94ba-a9400c5113b3,23,0.7666666666666667,left_elbow,0.5,0.5,0.0,540.0,960.0,0.5
bfa33ea4-cce2-475a-94ba-a9400c5113b3,23,0.7666666666666667,right_elbow,0.5,0.5,0.0,540.0,960.0,0.5
bfa33ea4-cce2-475a-94ba-a9400c5113b3,23,0.7666666666666667,left_wrist,0.5,0.5,0.0,540.0,960.0,0.5
bfa33ea4-cce2-475a-94ba-a9400c5113b3,23,0.7666666666666667,right_wrist,0.5,0.5,0.0,540.0,960.0,0.5
bfa33ea4-cce2-475a-94ba-a9400c5113b3,23,0.7666666666666667,left_hip,0.5,0.5,0.0,540.0,960.0,0.5
bfa33ea4-cce2-475a-94ba-a9400c5113b3,23,0.7666666666666667,right_hip,0.5,0.5,0.0,540.0,960.0,0.5
bfa33ea4-cce2-475a-94ba-a9400c5113b3,23,0.7666666666666667,left_knee,0.5,0.5,0.0,540.0,960.0,0.5
bfa33ea4-cce2-475a-94ba-a9400c5113b3,23,0.7666666666666667,right_knee,0.5,0.5,0.0,540.0,960.0,0.5
bfa33ea4-cce2-475a-94ba-a9400c5113b3,23,0.7666666666666667,left_ankle,0.5,0.5,0.0,540.0,960.0,0.5
bfa33ea4-cce2-475a-94ba-a9400c5113b3,23,0.7666666666666667,right_ankle,0.5,0.5,0.0,540.0,960.0,0.5
bfa33ea4-cce2-475a-94ba-a9400c5113b3,23,0.7666666666666667,left_heel,0.5,0.5,0.0,540.0,960.0,0.5
bfa33ea4-cce2-475a-94ba-a9400c5113b3,23,0.7666666666666667,right_heel,0.5,0.5,0.0,540.0,960.0,0.5
bfa33ea4-cce2-475a-94ba-a9400c5113b3,23,0.7666666666666667,left_foot_index,0.5,0.5,0.0,540.0,960.0,0.5
bfa33ea4-cce2-475a-94ba-a9400c5113b3,23,0.7666666666666667,right_foot_index,0.5,0.5,0.0,540.0,960.0,0.5
bfa33ea4-cce2-475a-94ba-a9400c5113b3,24,0.8,nose,0.5,0.5,0.0,540.0,960.0,0.5
bfa33ea4-cce2-475a-94ba-a9400c5113b3,24,0.8,left_shoulder,0.5,0.5,0.0,540.0,960.0,0.5
bfa33ea4-cce2-475a-94ba-a9400c5113b3,24,0.8,right_shoulder,0.5,0.5,0.0,540.0,960.0,0.5
bfa33ea4-cce2-475a-94ba-a9400c5113b3,24,0.8,left_elbow,0.5,0.5,0.0,540.0,960.0,0.5
bfa33ea4-cce2-475a-94ba-a9400c5113b3,24,0.8,right_elbow,0.5,0.5,0.0,540.0,960.0,0.5
bfa33ea4-cce2-475a-94ba-a9400c5113b3,24,0.8,left_wrist,0.5,0.5,0.0,540.0,960.0,0.5
bfa33ea4-cce2-475a-94ba-a9400c5113b3,24,0.8,right_wrist,0.5,0.5,0.0,540.0,960.0,0.5
bfa33ea4-cce2-475a-94ba-a9400c5113b3,24,0.8,left_hip,0.5,0.5,0.0,540.0,960.0,0.5
bfa33ea4-cce2-475a-94ba-a9400c5113b3,24,0.8,right_hip,0.5,0.5,0.0,540.0,960.0,0.5
bfa33ea4-cce2-475a-94ba-a9400c5113b3,24,0.8,left_knee,0.5,0.5,0.0,540.0,960.0,0.5
bfa33ea4-cce2-475a-94ba-a9400c5113b3,24,0.8,right_knee,0.5,0.5,0.0,540.0,960.0,0.5
bfa33ea4-cce2-475a-94ba-a9400c5113b3,24,0.8,left_ankle,0.5,0.5,0.0,540.0,960.0,0.5
bfa33ea4-cce2-475a-94ba-a9400c5113b3,24,0.8,right_ankle,0.5,0.5,0.0,540.0,960.0,0.5
bfa33ea4-cce2-475a-94ba-a9400c5113b3,24,0.8,left_heel,0.5,0.5,0.0,540.0,960.0,0.5
bfa33ea4-cce2-475a-94ba-a9400c5113b3,24,0.8,right_heel,0.5,0.5,0.0,540.0,960.0,0.5
bfa33ea4-cce2-475a-94ba-a9400c5113b3,24,0.8,left_foot_index,0.5,0.5,0.0,540.0,960.0,0.5
bfa33ea4-cce2-475a-94ba-a9400c5113b3,24,0.8,right_foot_index,0.5,0.5,0.0,540.0,960.0,0.5
bfa33ea4-cce2-475a-94ba-a9400c5113b3,25,0.8333333333333334,nose,0.5,0.5,0.0,540.0,960.0,0.5
bfa33ea4-cce2-475a-94ba-a9400c5113b3,25,0.8333333333333334,left_shoulder,0.5,0.5,0.0,540.0,960.0,0.5
bfa33ea4-cce2-475a-94ba-a9400c5113b3,25,0.8333333333333334,right_shoulder,0.5,0.5,0.0,540.0,960.0,0.5
bfa33ea4-cce2-475a-94ba-a9400c5113b3,25,0.8333333333333334,left_elbow,0.5,0.5,0.0,540.0,960.0,0.5
bfa33ea4-cce2-475a-94ba-a9400c5113b3,25,0.8333333333333334,right_elbow,0.5,0.5,0.0,540.0,960.0,0.5
bfa33ea4-cce2-475a-94ba-a9400c5113b3,25,0.8333333333333334,left_wrist,0.5,0.5,0.0,540.0,960.0,0.5
bfa33ea4-cce2-475a-94ba-a9400c5113b3,25,0.8333333333333334,right_wrist,0.5,0.5,0.0,540.0,960.0,0.5
bfa33ea4-cce2-475a-94ba-a9400c5113b3,25,0.8333333333333334,left_hip,0.5,0.5,0.0,540.0,960.0,0.5
bfa33ea4-cce2-475a-94ba-a9400c5113b3,25,0.8333333333333334,right_hip,0.5,0.5,0.0,540.0,960.0,0.5
bfa33ea4-cce2-475a-94ba-a9400c5113b3,25,0.8333333333333334,left_knee,0.5,0.5,0.0,540.0,960.0,0.5
bfa33ea4-cce2-475a-94ba-a9400c5113b3,25,0.8333333333333334,right_knee,0.5,0.5,0.0,540.0,960.0,0.5
bfa33ea4-cce2-475a-94ba-a9400c5113b3,25,0.8333333333333334,left_ankle,0.5,0.5,0.0,540.0,960.0,0.5
bfa33ea4-cce2-475a-94ba-a9400c5113b3,25,0.8333333333333334,right_ankle,0.5,0.5,0.0,540.0,960.0,0.5
bfa33ea4-cce2-475a-94ba-a9400c5113b3,25,0.8333333333333334,left_heel,0.5,0.5,0.0,540.0,960.0,0.5
bfa33ea4-cce2-475a-94ba-a9400c5113b3,25,0.8333333333333334,right_heel,0.5,0.5,0.0,540.0,960.0,0.5
bfa33ea4-cce2-475a-94ba-a9400c5113b3,25,0.8333333333333334,left_foot_index,0.5,0.5,0.0,540.0,960.0,0.5
bfa33ea4-cce2-475a-94ba-a9400c5113b3,25,0.8333333333333334,right_foot_index,0.5,0.5,0.0,540.0,960.0,0.5
bfa33ea4-cce2-475a-94ba-a9400c5113b3,26,0.8666666666666667,nose,0.5,0.5,0.0,540.0,960.0,0.5
bfa33ea4-cce2-475a-94ba-a9400c5113b3,26,0.8666666666666667,left_shoulder,0.5,0.5,0.0,540.0,960.0,0.5
bfa33ea4-cce2-475a-94ba-a9400c5113b3,26,0.8666666666666667,right_shoulder,0.5,0.5,0.0,540.0,960.0,0.5
bfa33ea4-cce2-475a-94ba-a9400c5113b3,26,0.8666666666666667,left_elbow,0.5,0.5,0.0,540.0,960.0,0.5
bfa33ea4-cce2-475a-94ba-a9400c5113b3,26,0.8666666666666667,right_elbow,0.5,0.5,0.0,540.0,960.0,0.5
bfa33ea4-cce2-475a-94ba-a9400c5113b3,26,0.8666666666666667,left_wrist,0.5,0.5,0.0,540.0,960.0,0.5
bfa33ea4-cce2-475a-94ba-a9400c5113b3,26,0.8666666666666667,right_wrist,0.5,0.5,0.0,540.0,960.0,0.5
bfa33ea4-cce2-475a-94ba-a9400c5113b3,26,0.8666666666666667,left_hip,0.5,0.5,0.0,540.0,960.0,0.5
bfa33ea4-cce2-475a-94ba-a9400c5113b3,26,0.8666666666666667,right_hip,0.5,0.5,0.0,540.0,960.0,0.5
bfa33ea4-cce2-475a-94ba-a9400c5113b3,26,0.8666666666666667,left_knee,0.5,0.5,0.0,540.0,960.0,0.5
bfa33ea4-cce2-475a-94ba-a9400c5113b3,26,0.8666666666666667,right_knee,0.5,0.5,0.0,540.0,960.0,0.5
bfa33ea4-cce2-475a-94ba-a9400c5113b3,26,0.8666666666666667,left_ankle,0.5,0.5,0.0,540.0,960.0,0.5
bfa33ea4-cce2-475a-94ba-a9400c5113b3,26,0.8666666666666667,right_ankle,0.5,0.5,0.0,540.0,960.0,0.5
bfa33ea4-cce2-475a-94ba-a9400c5113b3,26,0.8666666666666667,left_heel,0.5,0.5,0.0,540.0,960.0,0.5
bfa33ea4-cce2-475a-94ba-a9400c5113b3,26,0.8666666666666667,right_heel,0.5,0.5,0.0,540.0,960.0,0.5
bfa33ea4-cce2-475a-94ba-a9400c5113b3,26,0.8666666666666667,left_foot_index,0.5,0.5,0.0,540.0,960.0,0.5
bfa33ea4-cce2-475a-94ba-a9400c5113b3,26,0.8666666666666667,right_foot_index,0.5,0.5,0.0,540.0,960.0,0.5
bfa33ea4-cce2-475a-94ba-a9400c5113b3,27,0.9,nose,0.5,0.5,0.0,540.0,960.0,0.5
bfa33ea4-cce2-475a-94ba-a9400c5113b3,27,0.9,left_shoulder,0.5,0.5,0.0,540.0,960.0,0.5
bfa33ea4-cce2-475a-94ba-a9400c5113b3,27,0.9,right_shoulder,0.5,0.5,0.0,540.0,960.0,0.5
bfa33ea4-cce2-475a-94ba-a9400c5113b3,27,0.9,left_elbow,0.5,0.5,0.0,540.0,960.0,0.5
bfa33ea4-cce2-475a-94ba-a9400c5113b3,27,0.9,right_elbow,0.5,0.5,0.0,540.0,960.0,0.5
bfa33ea4-cce2-475a-94ba-a9400c5113b3,27,0.9,left_wrist,0.5,0.5,0.0,540.0,960.0,0.5
bfa33ea4-cce2-475a-94ba-a9400c5113b3,27,0.9,right_wrist,0.5,0.5,0.0,540.0,960.0,0.5
bfa33ea4-cce2-475a-94ba-a9400c5113b3,27,0.9,left_hip,0.5,0.5,0.0,540.0,960.0,0.5
bfa33ea4-cce2-475a-94ba-a9400c5113b3,27,0.9,right_hip,0.5,0.5,0.0,540.0,960.0,0.5
bfa33ea4-cce2-475a-94ba-a9400c5113b3,27,0.9,left_knee,0.5,0.5,0.0,540.0,960.0,0.5
bfa33ea4-cce2-475a-94ba-a9400c5113b3,27,0.9,right_knee,0.5,0.5,0.0,540.0,960.0,0.5
bfa33ea4-cce2-475a-94ba-a9400c5113b3,27,0.9,left_ankle,0.5,0.5,0.0,540.0,960.0,0.5
bfa33ea4-cce2-475a-94ba-a9400c5113b3,27,0.9,right_ankle,0.5,0.5,0.0,540.0,960.0,0.5
bfa33ea4-cce2-475a-94ba-a9400c5113b3,27,0.9,left_heel,0.5,0.5,0.0,540.0,960.0,0.5
bfa33ea4-cce2-475a-94ba-a9400c5113b3,27,0.9,right_heel,0.5,0.5,0.0,540.0,960.0,0.5
bfa33ea4-cce2-475a-94ba-a9400c5113b3,27,0.9,left_foot_index,0.5,0.5,0.0,540.0,960.0,0.5
bfa33ea4-cce2-475a-94ba-a9400c5113b3,27,0.9,right_foot_index,0.5,0.5,0.0,540.0,960.0,0.5
bfa33ea4-cce2-475a-94ba-a9400c5113b3,28,0.9333333333333333,nose,0.5,0.5,0.0,540.0,960.0,0.5
bfa33ea4-cce2-475a-94ba-a9400c5113b3,28,0.9333333333333333,left_shoulder,0.5,0.5,0.0,540.0,960.0,0.5
bfa33ea4-cce2-475a-94ba-a9400c5113b3,28,0.9333333333333333,right_shoulder,0.5,0.5,0.0,540.0,960.0,0.5
bfa33ea4-cce2-475a-94ba-a9400c5113b3,28,0.9333333333333333,left_elbow,0.5,0.5,0.0,540.0,960.0,0.5
bfa33ea4-cce2-475a-94ba-a9400c5113b3,28,0.9333333333333333,right_elbow,0.5,0.5,0.0,540.0,960.0,0.5
bfa33ea4-cce2-475a-94ba-a9400c5113b3,28,0.9333333333333333,left_wrist,0.5,0.5,0.0,540.0,960.0,0.5
bfa33ea4-cce2-475a-94ba-a9400c5113b3,28,0.9333333333333333,right_wrist,0.5,0.5,0.0,540.0,960.0,0.5
bfa33ea4-cce2-475a-94ba-a9400c5113b3,28,0.9333333333333333,left_hip,0.5,0.5,0.0,540.0,960.0,0.5
bfa33ea4-cce2-475a-94ba-a9400c5113b3,28,0.9333333333333333,right_hip,0.5,0.5,0.0,540.0,960.0,0.5
bfa33ea4-cce2-475a-94ba-a9400c5113b3,28,0.9333333333333333,left_knee,0.5,0.5,0.0,540.0,960.0,0.5
bfa33ea4-cce2-475a-94ba-a9400c5113b3,28,0.9333333333333333,right_knee,0.5,0.5,0.0,540.0,960.0,0.5
bfa33ea4-cce2-475a-94ba-a9400c5113b3,28,0.9333333333333333,left_ankle,0.5,0.5,0.0,540.0,960.0,0.5
bfa33ea4-cce2-475a-94ba-a9400c5113b3,28,0.9333333333333333,right_ankle,0.5,0.5,0.0,540.0,960.0,0.5
bfa33ea4-cce2-475a-94ba-a9400c5113b3,28,0.9333333333333333,left_heel,0.5,0.5,0.0,540.0,960.0,0.5
bfa33ea4-cce2-475a-94ba-a9400c5113b3,28,0.9333333333333333,right_heel,0.5,0.5,0.0,540.0,960.0,0.5
bfa33ea4-cce2-475a-94ba-a9400c5113b3,28,0.9333333333333333,left_foot_index,0.5,0.5,0.0,540.0,960.0,0.5
bfa33ea4-cce2-475a-94ba-a9400c5113b3,28,0.9333333333333333,right_foot_index,0.5,0.5,0.0,540.0,960.0,0.5
bfa33ea4-cce2-475a-94ba-a9400c5113b3,29,0.9666666666666667,nose,0.5,0.5,0.0,540.0,960.0,0.5
bfa33ea4-cce2-475a-94ba-a9400c5113b3,29,0.9666666666666667,left_shoulder,0.5,0.5,0.0,540.0,960.0,0.5
bfa33ea4-cce2-475a-94ba-a9400c5113b3,29,0.9666666666666667,right_shoulder,0.5,0.5,0.0,540.0,960.0,0.5
bfa33ea4-cce2-475a-94ba-a9400c5113b3,29,0.9666666666666667,left_elbow,0.5,0.5,0.0,540.0,960.0,0.5
bfa33ea4-cce2-475a-94ba-a9400c5113b3,29,0.9666666666666667,right_elbow,0.5,0.5,0.0,540.0,960.0,0.5
bfa33ea4-cce2-475a-94ba-a9400c5113b3,29,0.9666666666666667,left_wrist,0.5,0.5,0.0,540.0,960.0,0.5
bfa33ea4-cce2-475a-94ba-a9400c5113b3,29,0.9666666666666667,right_wrist,0.5,0.5,0.0,540.0,960.0,0.5
bfa33ea4-cce2-475a-94ba-a9400c5113b3,29,0.9666666666666667,left_hip,0.5,0.5,0.0,540.0,960.0,0.5
bfa33ea4-cce2-475a-94ba-a9400c5113b3,29,0.9666666666666667,right_hip,0.5,0.5,0.0,540.0,960.0,0.5
bfa33ea4-cce2-475a-94ba-a9400c5113b3,29,0.9666666666666667,left_knee,0.5,0.5,0.0,540.0,960.0,0.5
bfa33ea4-cce2-475a-94ba-a9400c5113b3,29,0.9666666666666667,right_knee,0.5,0.5,0.0,540.0,960.0,0.5
bfa33ea4-cce2-475a-94ba-a9400c5113b3,29,0.9666666666666667,left_ankle,0.5,0.5,0.0,540.0,960.0,0.5
bfa33ea4-cce2-475a-94ba-a9400c5113b3,29,0.9666666666666667,right_ankle,0.5,0.5,0.0,540.0,960.0,0.5
bfa33ea4-cce2-475a-94ba-a9400c5113b3,29,0.9666666666666667,left_heel,0.5,0.5,0.0,540.0,960.0,0.5
bfa33ea4-cce2-475a-94ba-a9400c5113b3,29,0.9666666666666667,right_heel,0.5,0.5,0.0,540.0,960.0,0.5
bfa33ea4-cce2-475a-94ba-a9400c5113b3,29,0.9666666666666667,left_foot_index,0.5,0.5,0.0,540.0,960.0,0.5
bfa33ea4-cce2-475a-94ba-a9400c5113b3,29,0.9666666666666667,right_foot_index,0.5,0.5,0.0,540.0,960.0,0.5
bfa33ea4-cce2-475a-94ba-a9400c5113b3,30,1.0,nose,0.5,0.5,0.0,540.0,960.0,0.5
bfa33ea4-cce2-475a-94ba-a9400c5113b3,30,1.0,left_shoulder,0.5,0.5,0.0,540.0,960.0,0.5
bfa33ea4-cce2-475a-94ba-a9400c5113b3,30,1.0,right_shoulder,0.5,0.5,0.0,540.0,960.0,0.5
bfa33ea4-cce2-475a-94ba-a9400c5113b3,30,1.0,left_elbow,0.5,0.5,0.0,540.0,960.0,0.5
bfa33ea4-cce2-475a-94ba-a9400c5113b3,30,1.0,right_elbow,0.5,0.5,0.0,540.0,960.0,0.5
bfa33ea4-cce2-475a-94ba-a9400c5113b3,30,1.0,left_wrist,0.5,0.5,0.0,540.0,960.0,0.5
bfa33ea4-cce2-475a-94ba-a9400c5113b3,30,1.0,right_wrist,0.5,0.5,0.0,540.0,960.0,0.5
bfa33ea4-cce2-475a-94ba-a9400c5113b3,30,1.0,left_hip,0.5,0.5,0.0,540.0,960.0,0.5
bfa33ea4-cce2-475a-94ba-a9400c5113b3,30,1.0,right_hip,0.5,0.5,0.0,540.0,960.0,0.5
bfa33ea4-cce2-475a-94ba-a9400c5113b3,30,1.0,left_knee,0.5,0.5,0.0,540.0,960.0,0.5
bfa33ea4-cce2-475a-94ba-a9400c5113b3,30,1.0,right_knee,0.5,0.5,0.0,540.0,960.0,0.5
bfa33ea4-cce2-475a-94ba-a9400c5113b3,30,1.0,left_ankle,0.5,0.5,0.0,540.0,960.0,0.5
bfa33ea4-cce2-475a-94ba-a9400c5113b3,30,1.0,right_ankle,0.5,0.5,0.0,540.0,960.0,0.5
bfa33ea4-cce2-475a-94ba-a9400c5113b3,30,1.0,left_heel,0.5,0.5,0.0,540.0,960.0,0.5
bfa33ea4-cce2-475a-94ba-a9400c5113b3,30,1.0,right_heel,0.5,0.5,0.0,540.0,960.0,0.5
bfa33ea4-cce2-475a-94ba-a9400c5113b3,30,1.0,left_foot_index,0.5,0.5,0.0,540.0,960.0,0.5
bfa33ea4-cce2-475a-94ba-a9400c5113b3,30,1.0,right_foot_index,0.5,0.5,0.0,540.0,960.0,0.5
bfa33ea4-cce2-475a-94ba-a9400c5113b3,31,1.0333333333333334,nose,0.5,0.5,0.0,540.0,960.0,0.5
bfa33ea4-cce2-475a-94ba-a9400c5113b3,31,1.0333333333333334,left_shoulder,0.5,0.5,0.0,540.0,960.0,0.5
bfa33ea4-cce2-475a-94ba-a9400c5113b3,31,1.0333333333333334,right_shoulder,0.5,0.5,0.0,540.0,960.0,0.5
bfa33ea4-cce2-475a-94ba-a9400c5113b3,31,1.0333333333333334,left_elbow,0.5,0.5,0.0,540.0,960.0,0.5
bfa33ea4-cce2-475a-94ba-a9400c5113b3,31,1.0333333333333334,right_elbow,0.5,0.5,0.0,540.0,960.0,0.5
bfa33ea4-cce2-475a-94ba-a9400c5113b3,31,1.0333333333333334,left_wrist,0.5,0.5,0.0,540.0,960.0,0.5
bfa33ea4-cce2-475a-94ba-a9400c5113b3,31,1.0333333333333334,right_wrist,0.5,0.5,0.0,540.0,960.0,0.5
bfa33ea4-cce2-475a-94ba-a9400c5113b3,31,1.0333333333333334,left_hip,0.5,0.5,0.0,540.0,960.0,0.5
bfa33ea4-cce2-475a-94ba-a9400c5113b3,31,1.0333333333333334,right_hip,0.5,0.5,0.0,540.0,960.0,0.5
bfa33ea4-cce2-475a-94ba-a9400c5113b3,31,1.0333333333333334,left_knee,0.5,0.5,0.0,540.0,960.0,0.5
bfa33ea4-cce2-475a-94ba-a9400c5113b3,31,1.0333333333333334,right_knee,0.5,0.5,0.0,540.0,960.0,0.5
bfa33ea4-cce2-475a-94ba-a9400c5113b3,31,1.0333333333333334,left_ankle,0.5,0.5,0.0,540.0,960.0,0.5
bfa33ea4-cce2-475a-94ba-a9400c5113b3,31,1.0333333333333334,right_ankle,0.5,0.5,0.0,540.0,960.0,0.5
bfa33ea4-cce2-475a-94ba-a9400c5113b3,31,1.0333333333333334,left_heel,0.5,0.5,0.0,540.0,960.0,0.5
bfa33ea4-cce2-475a-94ba-a9400c5113b3,31,1.0333333333333334,right_heel,0.5,0.5,0.0,540.0,960.0,0.5
bfa33ea4-cce2-475a-94ba-a9400c5113b3,31,1.0333333333333334,left_foot_index,0.5,0.5,0.0,540.0,960.0,0.5
bfa33ea4-cce2-475a-94ba-a9400c5113b3,31,1.0333333333333334,right_foot_index,0.5,0.5,0.0,540.0,960.0,0.5
bfa33ea4-cce2-475a-94ba-a9400c5113b3,32,1.0666666666666667,nose,0.5,0.5,0.0,540.0,960.0,0.5
bfa33ea4-cce2-475a-94ba-a9400c5113b3,32,1.0666666666666667,left_shoulder,0.5,0.5,0.0,540.0,960.0,0.5
bfa33ea4-cce2-475a-94ba-a9400c5113b3,32,1.0666666666666667,right_shoulder,0.5,0.5,0.0,540.0,960.0,0.5
bfa33ea4-cce2-475a-94ba-a9400c5113b3,32,1.0666666666666667,left_elbow,0.5,0.5,0.0,540.0,960.0,0.5
bfa33ea4-cce2-475a-94ba-a9400c5113b3,32,1.0666666666666667,right_elbow,0.5,0.5,0.0,540.0,960.0,0.5
bfa33ea4-cce2-475a-94ba-a9400c5113b3,32,1.0666666666666667,left_wrist,0.5,0.5,0.0,540.0,960.0,0.5
bfa33ea4-cce2-475a-94ba-a9400c5113b3,32,1.0666666666666667,right_wrist,0.5,0.5,0.0,540.0,960.0,0.5
bfa33ea4-cce2-475a-94ba-a9400c5113b3,32,1.0666666666666667,left_hip,0.5,0.5,0.0,540.0,960.0,0.5
bfa33ea4-cce2-475a-94ba-a9400c5113b3,32,1.0666666666666667,right_hip,0.5,0.5,0.0,540.0,960.0,0.5
bfa33ea4-cce2-475a-94ba-a9400c5113b3,32,1.0666666666666667,left_knee,0.5,0.5,0.0,540.0,960.0,0.5
bfa33ea4-cce2-475a-94ba-a9400c5113b3,32,1.0666666666666667,right_knee,0.5,0.5,0.0,540.0,960.0,0.5
bfa33ea4-cce2-475a-94ba-a9400c5113b3,32,1.0666666666666667,left_ankle,0.5,0.5,0.0,540.0,960.0,0.5
bfa33ea4-cce2-475a-94ba-a9400c5113b3,32,1.0666666666666667,right_ankle,0.5,0.5,0.0,540.0,960.0,0.5
bfa33ea4-cce2-475a-94ba-a9400c5113b3,32,1.0666666666666667,left_heel,0.5,0.5,0.0,540.0,960.0,0.5
bfa33ea4-cce2-475a-94ba-a9400c5113b3,32,1.0666666666666667,right_heel,0.5,0.5,0.0,540.0,960.0,0.5
bfa33ea4-cce2-475a-94ba-a9400c5113b3,32,1.0666666666666667,left_foot_index,0.5,0.5,0.0,540.0,960.0,0.5
bfa33ea4-cce2-475a-94ba-a9400c5113b3,32,1.0666666666666667,right_foot_index,0.5,0.5,0.0,540.0,960.0,0.5
bfa33ea4-cce2-475a-94ba-a9400c5113b3,33,1.1,nose,0.5,0.5,0.0,540.0,960.0,0.5
bfa33ea4-cce2-475a-94ba-a9400c5113b3,33,1.1,left_shoulder,0.5,0.5,0.0,540.0,960.0,0.5
bfa33ea4-cce2-475a-94ba-a9400c5113b3,33,1.1,right_shoulder,0.5,0.5,0.0,540.0,960.0,0.5
bfa33ea4-cce2-475a-94ba-a9400c5113b3,33,1.1,left_elbow,0.5,0.5,0.0,540.0,960.0,0.5
bfa33ea4-cce2-475a-94ba-a9400c5113b3,33,1.1,right_elbow,0.5,0.5,0.0,540.0,960.0,0.5
bfa33ea4-cce2-475a-94ba-a9400c5113b3,33,1.1,left_wrist,0.5,0.5,0.0,540.0,960.0,0.5
bfa33ea4-cce2-475a-94ba-a9400c5113b3,33,1.1,right_wrist,0.5,0.5,0.0,540.0,960.0,0.5
bfa33ea4-cce2-475a-94ba-a9400c5113b3,33,1.1,left_hip,0.5,0.5,0.0,540.0,960.0,0.5
bfa33ea4-cce2-475a-94ba-a9400c5113b3,33,1.1,right_hip,0.5,0.5,0.0,540.0,960.0,0.5
bfa33ea4-cce2-475a-94ba-a9400c5113b3,33,1.1,left_knee,0.5,0.5,0.0,540.0,960.0,0.5
bfa33ea4-cce2-475a-94ba-a9400c5113b3,33,1.1,right_knee,0.5,0.5,0.0,540.0,960.0,0.5
bfa33ea4-cce2-475a-94ba-a9400c5113b3,33,1.1,left_ankle,0.5,0.5,0.0,540.0,960.0,0.5
bfa33ea4-cce2-475a-94ba-a9400c5113b3,33,1.1,right_ankle,0.5,0.5,0.0,540.0,960.0,0.5
bfa33ea4-cce2-475a-94ba-a9400c5113b3,33,1.1,left_heel,0.5,0.5,0.0,540.0,960.0,0.5
bfa33ea4-cce2-475a-94ba-a9400c5113b3,33,1.1,right_heel,0.5,0.5,0.0,540.0,960.0,0.5
bfa33ea4-cce2-475a-94ba-a9400c5113b3,33,1.1,left_foot_index,0.5,0.5,0.0,540.0,960.0,0.5
bfa33ea4-cce2-475a-94ba-a9400c5113b3,33,1.1,right_foot_index,0.5,0.5,0.0,540.0,960.0,0.5
bfa33ea4-cce2-475a-94ba-a9400c5113b3,34,1.1333333333333333,nose,0.5,0.5,0.0,540.0,960.0,0.5
bfa33ea4-cce2-475a-94ba-a9400c5113b3,34,1.1333333333333333,left_shoulder,0.5,0.5,0.0,540.0,960.0,0.5
bfa33ea4-cce2-475a-94ba-a9400c5113b3,34,1.1333333333333333,right_shoulder,0.5,0.5,0.0,540.0,960.0,0.5
bfa33ea4-cce2-475a-94ba-a9400c5113b3,34,1.1333333333333333,left_elbow,0.5,0.5,0.0,540.0,960.0,0.5
bfa33ea4-cce2-475a-94ba-a9400c5113b3,34,1.1333333333333333,right_elbow,0.5,0.5,0.0,540.0,960.0,0.5
bfa33ea4-cce2-475a-94ba-a9400c5113b3,34,1.1333333333333333,left_wrist,0.5,0.5,0.0,540.0,960.0,0.5
bfa33ea4-cce2-475a-94ba-a9400c5113b3,34,1.1333333333333333,right_wrist,0.5,0.5,0.0,540.0,960.0,0.5
bfa33ea4-cce2-475a-94ba-a9400c5113b3,34,1.1333333333333333,left_hip,0.5,0.5,0.0,540.0,960.0,0.5
bfa33ea4-cce2-475a-94ba-a9400c5113b3,34,1.1333333333333333,right_hip,0.5,0.5,0.0,540.0,960.0,0.5
bfa33ea4-cce2-475a-94ba-a9400c5113b3,34,1.1333333333333333,left_knee,0.5,0.5,0.0,540.0,960.0,0.5
bfa33ea4-cce2-475a-94ba-a9400c5113b3,34,1.1333333333333333,right_knee,0.5,0.5,0.0,540.0,960.0,0.5
bfa33ea4-cce2-475a-94ba-a9400c5113b3,34,1.1333333333333333,left_ankle,0.5,0.5,0.0,540.0,960.0,0.5
bfa33ea4-cce2-475a-94ba-a9400c5113b3,34,1.1333333333333333,right_ankle,0.5,0.5,0.0,540.0,960.0,0.5
bfa33ea4-cce2-475a-94ba-a9400c5113b3,34,1.1333333333333333,left_heel,0.5,0.5,0.0,540.0,960.0,0.5
bfa33ea4-cce2-475a-94ba-a9400c5113b3,34,1.1333333333333333,right_heel,0.5,0.5,0.0,540.0,960.0,0.5
bfa33ea4-cce2-475a-94ba-a9400c5113b3,34,1.1333333333333333,left_foot_index,0.5,0.5,0.0,540.0,960.0,0.5
bfa33ea4-cce2-475a-94ba-a9400c5113b3,34,1.1333333333333333,right_foot_index,0.5,0.5,0.0,540.0,960.0,0.5
bfa33ea4-cce2-475a-94ba-a9400c5113b3,35,1.1666666666666667,nose,0.5,0.5,0.0,540.0,960.0,0.5
bfa33ea4-cce2-475a-94ba-a9400c5113b3,35,1.1666666666666667,left_shoulder,0.5,0.5,0.0,540.0,960.0,0.5
bfa33ea4-cce2-475a-94ba-a9400c5113b3,35,1.1666666666666667,right_shoulder,0.5,0.5,0.0,540.0,960.0,0.5
bfa33ea4-cce2-475a-94ba-a9400c5113b3,35,1.1666666666666667,left_elbow,0.5,0.5,0.0,540.0,960.0,0.5
bfa33ea4-cce2-475a-94ba-a9400c5113b3,35,1.1666666666666667,right_elbow,0.5,0.5,0.0,540.0,960.0,0.5
bfa33ea4-cce2-475a-94ba-a9400c5113b3,35,1.1666666666666667,left_wrist,0.5,0.5,0.0,540.0,960.0,0.5
bfa33ea4-cce2-475a-94ba-a9400c5113b3,35,1.1666666666666667,right_wrist,0.5,0.5,0.0,540.0,960.0,0.5
bfa33ea4-cce2-475a-94ba-a9400c5113b3,35,1.1666666666666667,left_hip,0.5,0.5,0.0,540.0,960.0,0.5
bfa33ea4-cce2-475a-94ba-a9400c5113b3,35,1.1666666666666667,right_hip,0.5,0.5,0.0,540.0,960.0,0.5
bfa33ea4-cce2-475a-94ba-a9400c5113b3,35,1.1666666666666667,left_knee,0.5,0.5,0.0,540.0,960.0,0.5
bfa33ea4-cce2-475a-94ba-a9400c5113b3,35,1.1666666666666667,right_knee,0.5,0.5,0.0,540.0,960.0,0.5
bfa33ea4-cce2-475a-94ba-a9400c5113b3,35,1.1666666666666667,left_ankle,0.5,0.5,0.0,540.0,960.0,0.5
bfa33ea4-cce2-475a-94ba-a9400c5113b3,35,1.1666666666666667,right_ankle,0.5,0.5,0.0,540.0,960.0,0.5
bfa33ea4-cce2-475a-94ba-a9400c5113b3,35,1.1666666666666667,left_heel,0.5,0.5,0.0,540.0,960.0,0.5
bfa33ea4-cce2-475a-94ba-a9400c5113b3,35,1.1666666666666667,right_heel,0.5,0.5,0.0,540.0,960.0,0.5
bfa33ea4-cce2-475a-94ba-a9400c5113b3,35,1.1666666666666667,left_foot_index,0.5,0.5,0.0,540.0,960.0,0.5
bfa33ea4-cce2-475a-94ba-a9400c5113b3,35,1.1666666666666667,right_foot_index,0.5,0.5,0.0,540.0,960.0,0.5
bfa33ea4-cce2-475a-94ba-a9400c5113b3,36,1.2,nose,0.5,0.5,0.0,540.0,960.0,0.5
bfa33ea4-cce2-475a-94ba-a9400c5113b3,36,1.2,left_shoulder,0.5,0.5,0.0,540.0,960.0,0.5
bfa33ea4-cce2-475a-94ba-a9400c5113b3,36,1.2,right_shoulder,0.5,0.5,0.0,540.0,960.0,0.5
bfa33ea4-cce2-475a-94ba-a9400c5113b3,36,1.2,left_elbow,0.5,0.5,0.0,540.0,960.0,0.5
bfa33ea4-cce2-475a-94ba-a9400c5113b3,36,1.2,right_elbow,0.5,0.5,0.0,540.0,960.0,0.5
bfa33ea4-cce2-475a-94ba-a9400c5113b3,36,1.2,left_wrist,0.5,0.5,0.0,540.0,960.0,0.5
bfa33ea4-cce2-475a-94ba-a9400c5113b3,36,1.2,right_wrist,0.5,0.5,0.0,540.0,960.0,0.5
bfa33ea4-cce2-475a-94ba-a9400c5113b3,36,1.2,left_hip,0.5,0.5,0.0,540.0,960.0,0.5
bfa33ea4-cce2-475a-94ba-a9400c5113b3,36,1.2,right_hip,0.5,0.5,0.0,540.0,960.0,0.5
bfa33ea4-cce2-475a-94ba-a9400c5113b3,36,1.2,left_knee,0.5,0.5,0.0,540.0,960.0,0.5
bfa33ea4-cce2-475a-94ba-a9400c5113b3,36,1.2,right_knee,0.5,0.5,0.0,540.0,960.0,0.5
bfa33ea4-cce2-475a-94ba-a9400c5113b3,36,1.2,left_ankle,0.5,0.5,0.0,540.0,960.0,0.5
bfa33ea4-cce2-475a-94ba-a9400c5113b3,36,1.2,right_ankle,0.5,0.5,0.0,540.0,960.0,0.5
bfa33ea4-cce2-475a-94ba-a9400c5113b3,36,1.2,left_heel,0.5,0.5,0.0,540.0,960.0,0.5
bfa33ea4-cce2-475a-94ba-a9400c5113b3,36,1.2,right_heel,0.5,0.5,0.0,540.0,960.0,0.5
bfa33ea4-cce2-475a-94ba-a9400c5113b3,36,1.2,left_foot_index,0.5,0.5,0.0,540.0,960.0,0.5
bfa33ea4-cce2-475a-94ba-a9400c5113b3,36,1.2,right_foot_index,0.5,0.5,0.0,540.0,960.0,0.5
bfa33ea4-cce2-475a-94ba-a9400c5113b3,37,1.2333333333333334,nose,0.5,0.5,0.0,540.0,960.0,0.5
bfa33ea4-cce2-475a-94ba-a9400c5113b3,37,1.2333333333333334,left_shoulder,0.5,0.5,0.0,540.0,960.0,0.5
bfa33ea4-cce2-475a-94ba-a9400c5113b3,37,1.2333333333333334,right_shoulder,0.5,0.5,0.0,540.0,960.0,0.5
bfa33ea4-cce2-475a-94ba-a9400c5113b3,37,1.2333333333333334,left_elbow,0.5,0.5,0.0,540.0,960.0,0.5
bfa33ea4-cce2-475a-94ba-a9400c5113b3,37,1.2333333333333334,right_elbow,0.5,0.5,0.0,540.0,960.0,0.5
bfa33ea4-cce2-475a-94ba-a9400c5113b3,37,1.2333333333333334,left_wrist,0.5,0.5,0.0,540.0,960.0,0.5
bfa33ea4-cce2-475a-94ba-a9400c5113b3,37,1.2333333333333334,right_wrist,0.5,0.5,0.0,540.0,960.0,0.5
bfa33ea4-cce2-475a-94ba-a9400c5113b3,37,1.2333333333333334,left_hip,0.5,0.5,0.0,540.0,960.0,0.5
bfa33ea4-cce2-475a-94ba-a9400c5113b3,37,1.2333333333333334,right_hip,0.5,0.5,0.0,540.0,960.0,0.5
bfa33ea4-cce2-475a-94ba-a9400c5113b3,37,1.2333333333333334,left_knee,0.5,0.5,0.0,540.0,960.0,0.5
bfa33ea4-cce2-475a-94ba-a9400c5113b3,37,1.2333333333333334,right_knee,0.5,0.5,0.0,540.0,960.0,0.5
bfa33ea4-cce2-475a-94ba-a9400c5113b3,37,1.2333333333333334,left_ankle,0.5,0.5,0.0,540.0,960.0,0.5
bfa33ea4-cce2-475a-94ba-a9400c5113b3,37,1.2333333333333334,right_ankle,0.5,0.5,0.0,540.0,960.0,0.5
bfa33ea4-cce2-475a-94ba-a9400c5113b3,37,1.2333333333333334,left_heel,0.5,0.5,0.0,540.0,960.0,0.5
bfa33ea4-cce2-475a-94ba-a9400c5113b3,37,1.2333333333333334,right_heel,0.5,0.5,0.0,540.0,960.0,0.5
bfa33ea4-cce2-475a-94ba-a9400c5113b3,37,1.2333333333333334,left_foot_index,0.5,0.5,0.0,540.0,960.0,0.5
bfa33ea4-cce2-475a-94ba-a9400c5113b3,37,1.2333333333333334,right_foot_index,0.5,0.5,0.0,540.0,960.0,0.5
bfa33ea4-cce2-475a-94ba-a9400c5113b3,38,1.2666666666666666,nose,0.5,0.5,0.0,540.0,960.0,0.5
bfa33ea4-cce2-475a-94ba-a9400c5113b3,38,1.2666666666666666,left_shoulder,0.5,0.5,0.0,540.0,960.0,0.5
bfa33ea4-cce2-475a-94ba-a9400c5113b3,38,1.2666666666666666,right_shoulder,0.5,0.5,0.0,540.0,960.0,0.5
bfa33ea4-cce2-475a-94ba-a9400c5113b3,38,1.2666666666666666,left_elbow,0.5,0.5,0.0,540.0,960.0,0.5
bfa33ea4-cce2-475a-94ba-a9400c5113b3,38,1.2666666666666666,right_elbow,0.5,0.5,0.0,540.0,960.0,0.5
bfa33ea4-cce2-475a-94ba-a9400c5113b3,38,1.2666666666666666,left_wrist,0.5,0.5,0.0,540.0,960.0,0.5
bfa33ea4-cce2-475a-94ba-a9400c5113b3,38,1.2666666666666666,right_wrist,0.5,0.5,0.0,540.0,960.0,0.5
bfa33ea4-cce2-475a-94ba-a9400c5113b3,38,1.2666666666666666,left_hip,0.5,0.5,0.0,540.0,960.0,0.5
bfa33ea4-cce2-475a-94ba-a9400c5113b3,38,1.2666666666666666,right_hip,0.5,0.5,0.0,540.0,960.0,0.5
bfa33ea4-cce2-475a-94ba-a9400c5113b3,38,1.2666666666666666,left_knee,0.5,0.5,0.0,540.0,960.0,0.5
bfa33ea4-cce2-475a-94ba-a9400c5113b3,38,1.2666666666666666,right_knee,0.5,0.5,0.0,540.0,960.0,0.5
bfa33ea4-cce2-475a-94ba-a9400c5113b3,38,1.2666666666666666,left_ankle,0.5,0.5,0.0,540.0,960.0,0.5
bfa33ea4-cce2-475a-94ba-a9400c5113b3,38,1.2666666666666666,right_ankle,0.5,0.5,0.0,540.0,960.0,0.5
bfa33ea4-cce2-475a-94ba-a9400c5113b3,38,1.2666666666666666,left_heel,0.5,0.5,0.0,540.0,960.0,0.5
bfa33ea4-cce2-475a-94ba-a9400c5113b3,38,1.2666666666666666,right_heel,0.5,0.5,0.0,540.0,960.0,0.5
bfa33ea4-cce2-475a-94ba-a9400c5113b3,38,1.2666666666666666,left_foot_index,0.5,0.5,0.0,540.0,960.0,0.5
bfa33ea4-cce2-475a-94ba-a9400c5113b3,38,1.2666666666666666,right_foot_index,0.5,0.5,0.0,540.0,960.0,0.5
bfa33ea4-cce2-475a-94ba-a9400c5113b3,39,1.3,nose,0.5,0.5,0.0,540.0,960.0,0.5
bfa33ea4-cce2-475a-94ba-a9400c5113b3,39,1.3,left_shoulder,0.5,0.5,0.0,540.0,960.0,0.5
bfa33ea4-cce2-475a-94ba-a9400c5113b3,39,1.3,right_shoulder,0.5,0.5,0.0,540.0,960.0,0.5
bfa33ea4-cce2-475a-94ba-a9400c5113b3,39,1.3,left_elbow,0.5,0.5,0.0,540.0,960.0,0.5
bfa33ea4-cce2-475a-94ba-a9400c5113b3,39,1.3,right_elbow,0.5,0.5,0.0,540.0,960.0,0.5
bfa33ea4-cce2-475a-94ba-a9400c5113b3,39,1.3,left_wrist,0.5,0.5,0.0,540.0,960.0,0.5
bfa33ea4-cce2-475a-94ba-a9400c5113b3,39,1.3,right_wrist,0.5,0.5,0.0,540.0,960.0,0.5
bfa33ea4-cce2-475a-94ba-a9400c5113b3,39,1.3,left_hip,0.5,0.5,0.0,540.0,960.0,0.5
bfa33ea4-cce2-475a-94ba-a9400c5113b3,39,1.3,right_hip,0.5,0.5,0.0,540.0,960.0,0.5
bfa33ea4-cce2-475a-94ba-a9400c5113b3,39,1.3,left_knee,0.5,0.5,0.0,540.0,960.0,0.5
bfa33ea4-cce2-475a-94ba-a9400c5113b3,39,1.3,right_knee,0.5,0.5,0.0,540.0,960.0,0.5
bfa33ea4-cce2-475a-94ba-a9400c5113b3,39,1.3,left_ankle,0.5,0.5,0.0,540.0,960.0,0.5
bfa33ea4-cce2-475a-94ba-a9400c5113b3,39,1.3,right_ankle,0.5,0.5,0.0,540.0,960.0,0.5
bfa33ea4-cce2-475a-94ba-a9400c5113b3,39,1.3,left_heel,0.5,0.5,0.0,540.0,960.0,0.5
bfa33ea4-cce2-475a-94ba-a9400c5113b3,39,1.3,right_heel,0.5,0.5,0.0,540.0,960.0,0.5
bfa33ea4-cce2-475a-94ba-a9400c5113b3,39,1.3,left_foot_index,0.5,0.5,0.0,540.0,960.0,0.5
bfa33ea4-cce2-475a-94ba-a9400c5113b3,39,1.3,right_foot_index,0.5,0.5,0.0,540.0,960.0,0.5
bfa33ea4-cce2-475a-94ba-a9400c5113b3,40,1.3333333333333333,nose,0.5,0.5,0.0,540.0,960.0,0.5
bfa33ea4-cce2-475a-94ba-a9400c5113b3,40,1.3333333333333333,left_shoulder,0.5,0.5,0.0,540.0,960.0,0.5
bfa33ea4-cce2-475a-94ba-a9400c5113b3,40,1.3333333333333333,right_shoulder,0.5,0.5,0.0,540.0,960.0,0.5
bfa33ea4-cce2-475a-94ba-a9400c5113b3,40,1.3333333333333333,left_elbow,0.5,0.5,0.0,540.0,960.0,0.5
bfa33ea4-cce2-475a-94ba-a9400c5113b3,40,1.3333333333333333,right_elbow,0.5,0.5,0.0,540.0,960.0,0.5
bfa33ea4-cce2-475a-94ba-a9400c5113b3,40,1.3333333333333333,left_wrist,0.5,0.5,0.0,540.0,960.0,0.5
bfa33ea4-cce2-475a-94ba-a9400c5113b3,40,1.3333333333333333,right_wrist,0.5,0.5,0.0,540.0,960.0,0.5
bfa33ea4-cce2-475a-94ba-a9400c5113b3,40,1.3333333333333333,left_hip,0.5,0.5,0.0,540.0,960.0,0.5
bfa33ea4-cce2-475a-94ba-a9400c5113b3,40,1.3333333333333333,right_hip,0.5,0.5,0.0,540.0,960.0,0.5
bfa33ea4-cce2-475a-94ba-a9400c5113b3,40,1.3333333333333333,left_knee,0.5,0.5,0.0,540.0,960.0,0.5
bfa33ea4-cce2-475a-94ba-a9400c5113b3,40,1.3333333333333333,right_knee,0.5,0.5,0.0,540.0,960.0,0.5
bfa33ea4-cce2-475a-94ba-a9400c5113b3,40,1.3333333333333333,left_ankle,0.5,0.5,0.0,540.0,960.0,0.5
bfa33ea4-cce2-475a-94ba-a9400c5113b3,40,1.3333333333333333,right_ankle,0.5,0.5,0.0,540.0,960.0,0.5
bfa33ea4-cce2-475a-94ba-a9400c5113b3,40,1.3333333333333333,left_heel,0.5,0.5,0.0,540.0,960.0,0.5
bfa33ea4-cce2-475a-94ba-a9400c5113b3,40,1.3333333333333333,right_heel,0.5,0.5,0.0,540.0,960.0,0.5
bfa33ea4-cce2-475a-94ba-a9400c5113b3,40,1.3333333333333333,left_foot_index,0.5,0.5,0.0,540.0,960.0,0.5
bfa33ea4-cce2-475a-94ba-a9400c5113b3,40,1.3333333333333333,right_foot_index,0.5,0.5,0.0,540.0,960.0,0.5
bfa33ea4-cce2-475a-94ba-a9400c5113b3,41,1.3666666666666667,nose,0.5,0.5,0.0,540.0,960.0,0.5
bfa33ea4-cce2-475a-94ba-a9400c5113b3,41,1.3666666666666667,left_shoulder,0.5,0.5,0.0,540.0,960.0,0.5
bfa33ea4-cce2-475a-94ba-a9400c5113b3,41,1.3666666666666667,right_shoulder,0.5,0.5,0.0,540.0,960.0,0.5
bfa33ea4-cce2-475a-94ba-a9400c5113b3,41,1.3666666666666667,left_elbow,0.5,0.5,0.0,540.0,960.0,0.5
bfa33ea4-cce2-475a-94ba-a9400c5113b3,41,1.3666666666666667,right_elbow,0.5,0.5,0.0,540.0,960.0,0.5
bfa33ea4-cce2-475a-94ba-a9400c5113b3,41,1.3666666666666667,left_wrist,0.5,0.5,0.0,540.0,960.0,0.5
bfa33ea4-cce2-475a-94ba-a9400c5113b3,41,1.3666666666666667,right_wrist,0.5,0.5,0.0,540.0,960.0,0.5
bfa33ea4-cce2-475a-94ba-a9400c5113b3,41,1.3666666666666667,left_hip,0.5,0.5,0.0,540.0,960.0,0.5
bfa33ea4-cce2-475a-94ba-a9400c5113b3,41,1.3666666666666667,right_hip,0.5,0.5,0.0,540.0,960.0,0.5
bfa33ea4-cce2-475a-94ba-a9400c5113b3,41,1.3666666666666667,left_knee,0.5,0.5,0.0,540.0,960.0,0.5
bfa33ea4-cce2-475a-94ba-a9400c5113b3,41,1.3666666666666667,right_knee,0.5,0.5,0.0,540.0,960.0,0.5
bfa33ea4-cce2-475a-94ba-a9400c5113b3,41,1.3666666666666667,left_ankle,0.5,0.5,0.0,540.0,960.0,0.5
bfa33ea4-cce2-475a-94ba-a9400c5113b3,41,1.3666666666666667,right_ankle,0.5,0.5,0.0,540.0,960.0,0.5
bfa33ea4-cce2-475a-94ba-a9400c5113b3,41,1.3666666666666667,left_heel,0.5,0.5,0.0,540.0,960.0,0.5
bfa33ea4-cce2-475a-94ba-a9400c5113b3,41,1.3666666666666667,right_heel,0.5,0.5,0.0,540.0,960.0,0.5
bfa33ea4-cce2-475a-94ba-a9400c5113b3,41,1.3666666666666667,left_foot_index,0.5,0.5,0.0,540.0,960.0,0.5
bfa33ea4-cce2-475a-94ba-a9400c5113b3,41,1.3666666666666667,right_foot_index,0.5,0.5,0.0,540.0,960.0,0.5
bfa33ea4-cce2-475a-94ba-a9400c5113b3,42,1.4,nose,0.5,0.5,0.0,540.0,960.0,0.5
bfa33ea4-cce2-475a-94ba-a9400c5113b3,42,1.4,left_shoulder,0.5,0.5,0.0,540.0,960.0,0.5
bfa33ea4-cce2-475a-94ba-a9400c5113b3,42,1.4,right_shoulder,0.5,0.5,0.0,540.0,960.0,0.5
bfa33ea4-cce2-475a-94ba-a9400c5113b3,42,1.4,left_elbow,0.5,0.5,0.0,540.0,960.0,0.5
bfa33ea4-cce2-475a-94ba-a9400c5113b3,42,1.4,right_elbow,0.5,0.5,0.0,540.0,960.0,0.5
bfa33ea4-cce2-475a-94ba-a9400c5113b3,42,1.4,left_wrist,0.5,0.5,0.0,540.0,960.0,0.5
bfa33ea4-cce2-475a-94ba-a9400c5113b3,42,1.4,right_wrist,0.5,0.5,0.0,540.0,960.0,0.5
bfa33ea4-cce2-475a-94ba-a9400c5113b3,42,1.4,left_hip,0.5,0.5,0.0,540.0,960.0,0.5
bfa33ea4-cce2-475a-94ba-a9400c5113b3,42,1.4,right_hip,0.5,0.5,0.0,540.0,960.0,0.5
bfa33ea4-cce2-475a-94ba-a9400c5113b3,42,1.4,left_knee,0.5,0.5,0.0,540.0,960.0,0.5
bfa33ea4-cce2-475a-94ba-a9400c5113b3,42,1.4,right_knee,0.5,0.5,0.0,540.0,960.0,0.5
bfa33ea4-cce2-475a-94ba-a9400c5113b3,42,1.4,left_ankle,0.5,0.5,0.0,540.0,960.0,0.5
bfa33ea4-cce2-475a-94ba-a9400c5113b3,42,1.4,right_ankle,0.5,0.5,0.0,540.0,960.0,0.5
bfa33ea4-cce2-475a-94ba-a9400c5113b3,42,1.4,left_heel,0.5,0.5,0.0,540.0,960.0,0.5
bfa33ea4-cce2-475a-94ba-a9400c5113b3,42,1.4,right_heel,0.5,0.5,0.0,540.0,960.0,0.5
bfa33ea4-cce2-475a-94ba-a9400c5113b3,42,1.4,left_foot_index,0.5,0.5,0.0,540.0,960.0,0.5
bfa33ea4-cce2-475a-94ba-a9400c5113b3,42,1.4,right_foot_index,0.5,0.5,0.0,540.0,960.0,0.5
bfa33ea4-cce2-475a-94ba-a9400c5113b3,43,1.4333333333333333,nose,0.5,0.5,0.0,540.0,960.0,0.5
bfa33ea4-cce2-475a-94ba-a9400c5113b3,43,1.4333333333333333,left_shoulder,0.5,0.5,0.0,540.0,960.0,0.5
bfa33ea4-cce2-475a-94ba-a9400c5113b3,43,1.4333333333333333,right_shoulder,0.5,0.5,0.0,540.0,960.0,0.5
bfa33ea4-cce2-475a-94ba-a9400c5113b3,43,1.4333333333333333,left_elbow,0.5,0.5,0.0,540.0,960.0,0.5
bfa33ea4-cce2-475a-94ba-a9400c5113b3,43,1.4333333333333333,right_elbow,0.5,0.5,0.0,540.0,960.0,0.5
bfa33ea4-cce2-475a-94ba-a9400c5113b3,43,1.4333333333333333,left_wrist,0.5,0.5,0.0,540.0,960.0,0.5
bfa33ea4-cce2-475a-94ba-a9400c5113b3,43,1.4333333333333333,right_wrist,0.5,0.5,0.0,540.0,960.0,0.5
bfa33ea4-cce2-475a-94ba-a9400c5113b3,43,1.4333333333333333,left_hip,0.5,0.5,0.0,540.0,960.0,0.5
bfa33ea4-cce2-475a-94ba-a9400c5113b3,43,1.4333333333333333,right_hip,0.5,0.5,0.0,540.0,960.0,0.5
bfa33ea4-cce2-475a-94ba-a9400c5113b3,43,1.4333333333333333,left_knee,0.5,0.5,0.0,540.0,960.0,0.5
bfa33ea4-cce2-475a-94ba-a9400c5113b3,43,1.4333333333333333,right_knee,0.5,0.5,0.0,540.0,960.0,0.5
bfa33ea4-cce2-475a-94ba-a9400c5113b3,43,1.4333333333333333,left_ankle,0.5,0.5,0.0,540.0,960.0,0.5
bfa33ea4-cce2-475a-94ba-a9400c5113b3,43,1.4333333333333333,right_ankle,0.5,0.5,0.0,540.0,960.0,0.5
bfa33ea4-cce2-475a-94ba-a9400c5113b3,43,1.4333333333333333,left_heel,0.5,0.5,0.0,540.0,960.0,0.5
bfa33ea4-cce2-475a-94ba-a9400c5113b3,43,1.4333333333333333,right_heel,0.5,0.5,0.0,540.0,960.0,0.5
bfa33ea4-cce2-475a-94ba-a9400c5113b3,43,1.4333333333333333,left_foot_index,0.5,0.5,0.0,540.0,960.0,0.5
bfa33ea4-cce2-475a-94ba-a9400c5113b3,43,1.4333333333333333,right_foot_index,0.5,0.5,0.0,540.0,960.0,0.5
bfa33ea4-cce2-475a-94ba-a9400c5113b3,44,1.4666666666666666,nose,0.5,0.5,0.0,540.0,960.0,0.5
bfa33ea4-cce2-475a-94ba-a9400c5113b3,44,1.4666666666666666,left_shoulder,0.5,0.5,0.0,540.0,960.0,0.5
bfa33ea4-cce2-475a-94ba-a9400c5113b3,44,1.4666666666666666,right_shoulder,0.5,0.5,0.0,540.0,960.0,0.5
bfa33ea4-cce2-475a-94ba-a9400c5113b3,44,1.4666666666666666,left_elbow,0.5,0.5,0.0,540.0,960.0,0.5
bfa33ea4-cce2-475a-94ba-a9400c5113b3,44,1.4666666666666666,right_elbow,0.5,0.5,0.0,540.0,960.0,0.5
bfa33ea4-cce2-475a-94ba-a9400c5113b3,44,1.4666666666666666,left_wrist,0.5,0.5,0.0,540.0,960.0,0.5
bfa33ea4-cce2-475a-94ba-a9400c5113b3,44,1.4666666666666666,right_wrist,0.5,0.5,0.0,540.0,960.0,0.5
bfa33ea4-cce2-475a-94ba-a9400c5113b3,44,1.4666666666666666,left_hip,0.5,0.5,0.0,540.0,960.0,0.5
bfa33ea4-cce2-475a-94ba-a9400c5113b3,44,1.4666666666666666,right_hip,0.5,0.5,0.0,540.0,960.0,0.5
bfa33ea4-cce2-475a-94ba-a9400c5113b3,44,1.4666666666666666,left_knee,0.5,0.5,0.0,540.0,960.0,0.5
bfa33ea4-cce2-475a-94ba-a9400c5113b3,44,1.4666666666666666,right_knee,0.5,0.5,0.0,540.0,960.0,0.5
bfa33ea4-cce2-475a-94ba-a9400c5113b3,44,1.4666666666666666,left_ankle,0.5,0.5,0.0,540.0,960.0,0.5
bfa33ea4-cce2-475a-94ba-a9400c5113b3,44,1.4666666666666666,right_ankle,0.5,0.5,0.0,540.0,960.0,0.5
bfa33ea4-cce2-475a-94ba-a9400c5113b3,44,1.4666666666666666,left_heel,0.5,0.5,0.0,540.0,960.0,0.5
bfa33ea4-cce2-475a-94ba-a9400c5113b3,44,1.4666666666666666,right_heel,0.5,0.5,0.0,540.0,960.0,0.5
bfa33ea4-cce2-475a-94ba-a9400c5113b3,44,1.4666666666666666,left_foot_index,0.5,0.5,0.0,540.0,960.0,0.5
bfa33ea4-cce2-475a-94ba-a9400c5113b3,44,1.4666666666666666,right_foot_index,0.5,0.5,0.0,540.0,960.0,0.5
bfa33ea4-cce2-475a-94ba-a9400c5113b3,45,1.5,nose,0.5,0.5,0.0,540.0,960.0,0.5
bfa33ea4-cce2-475a-94ba-a9400c5113b3,45,1.5,left_shoulder,0.5,0.5,0.0,540.0,960.0,0.5
bfa33ea4-cce2-475a-94ba-a9400c5113b3,45,1.5,right_shoulder,0.5,0.5,0.0,540.0,960.0,0.5
bfa33ea4-cce2-475a-94ba-a9400c5113b3,45,1.5,left_elbow,0.5,0.5,0.0,540.0,960.0,0.5
bfa33ea4-cce2-475a-94ba-a9400c5113b3,45,1.5,right_elbow,0.5,0.5,0.0,540.0,960.0,0.5
bfa33ea4-cce2-475a-94ba-a9400c5113b3,45,1.5,left_wrist,0.5,0.5,0.0,540.0,960.0,0.5
bfa33ea4-cce2-475a-94ba-a9400c5113b3,45,1.5,right_wrist,0.5,0.5,0.0,540.0,960.0,0.5
bfa33ea4-cce2-475a-94ba-a9400c5113b3,45,1.5,left_hip,0.5,0.5,0.0,540.0,960.0,0.5
bfa33ea4-cce2-475a-94ba-a9400c5113b3,45,1.5,right_hip,0.5,0.5,0.0,540.0,960.0,0.5
bfa33ea4-cce2-475a-94ba-a9400c5113b3,45,1.5,left_knee,0.5,0.5,0.0,540.0,960.0,0.5
bfa33ea4-cce2-475a-94ba-a9400c5113b3,45,1.5,right_knee,0.5,0.5,0.0,540.0,960.0,0.5
bfa33ea4-cce2-475a-94ba-a9400c5113b3,45,1.5,left_ankle,0.5,0.5,0.0,540.0,960.0,0.5
bfa33ea4-cce2-475a-94ba-a9400c5113b3,45,1.5,right_ankle,0.5,0.5,0.0,540.0,960.0,0.5
bfa33ea4-cce2-475a-94ba-a9400c5113b3,45,1.5,left_heel,0.5,0.5,0.0,540.0,960.0,0.5
bfa33ea4-cce2-475a-94ba-a9400c5113b3,45,1.5,right_heel,0.5,0.5,0.0,540.0,960.0,0.5
bfa33ea4-cce2-475a-94ba-a9400c5113b3,45,1.5,left_foot_index,0.5,0.5,0.0,540.0,960.0,0.5
bfa33ea4-cce2-475a-94ba-a9400c5113b3,45,1.5,right_foot_index,0.5,0.5,0.0,540.0,960.0,0.5
bfa33ea4-cce2-475a-94ba-a9400c5113b3,46,1.5333333333333334,nose,0.5,0.5,0.0,540.0,960.0,0.5
bfa33ea4-cce2-475a-94ba-a9400c5113b3,46,1.5333333333333334,left_shoulder,0.5,0.5,0.0,540.0,960.0,0.5
bfa33ea4-cce2-475a-94ba-a9400c5113b3,46,1.5333333333333334,right_shoulder,0.5,0.5,0.0,540.0,960.0,0.5
bfa33ea4-cce2-475a-94ba-a9400c5113b3,46,1.5333333333333334,left_elbow,0.5,0.5,0.0,540.0,960.0,0.5
bfa33ea4-cce2-475a-94ba-a9400c5113b3,46,1.5333333333333334,right_elbow,0.5,0.5,0.0,540.0,960.0,0.5
bfa33ea4-cce2-475a-94ba-a9400c5113b3,46,1.5333333333333334,left_wrist,0.5,0.5,0.0,540.0,960.0,0.5
bfa33ea4-cce2-475a-94ba-a9400c5113b3,46,1.5333333333333334,right_wrist,0.5,0.5,0.0,540.0,960.0,0.5
bfa33ea4-cce2-475a-94ba-a9400c5113b3,46,1.5333333333333334,left_hip,0.5,0.5,0.0,540.0,960.0,0.5
bfa33ea4-cce2-475a-94ba-a9400c5113b3,46,1.5333333333333334,right_hip,0.5,0.5,0.0,540.0,960.0,0.5
bfa33ea4-cce2-475a-94ba-a9400c5113b3,46,1.5333333333333334,left_knee,0.5,0.5,0.0,540.0,960.0,0.5
bfa33ea4-cce2-475a-94ba-a9400c5113b3,46,1.5333333333333334,right_knee,0.5,0.5,0.0,540.0,960.0,0.5
bfa33ea4-cce2-475a-94ba-a9400c5113b3,46,1.5333333333333334,left_ankle,0.5,0.5,0.0,540.0,960.0,0.5
bfa33ea4-cce2-475a-94ba-a9400c5113b3,46,1.5333333333333334,right_ankle,0.5,0.5,0.0,540.0,960.0,0.5
bfa33ea4-cce2-475a-94ba-a9400c5113b3,46,1.5333333333333334,left_heel,0.5,0.5,0.0,540.0,960.0,0.5
bfa33ea4-cce2-475a-94ba-a9400c5113b3,46,1.5333333333333334,right_heel,0.5,0.5,0.0,540.0,960.0,0.5
bfa33ea4-cce2-475a-94ba-a9400c5113b3,46,1.5333333333333334,left_foot_index,0.5,0.5,0.0,540.0,960.0,0.5
bfa33ea4-cce2-475a-94ba-a9400c5113b3,46,1.5333333333333334,right_foot_index,0.5,0.5,0.0,540.0,960.0,0.5
bfa33ea4-cce2-475a-94ba-a9400c5113b3,47,1.5666666666666667,nose,0.5,0.5,0.0,540.0,960.0,0.5
bfa33ea4-cce2-475a-94ba-a9400c5113b3,47,1.5666666666666667,left_shoulder,0.5,0.5,0.0,540.0,960.0,0.5
bfa33ea4-cce2-475a-94ba-a9400c5113b3,47,1.5666666666666667,right_shoulder,0.5,0.5,0.0,540.0,960.0,0.5
bfa33ea4-cce2-475a-94ba-a9400c5113b3,47,1.5666666666666667,left_elbow,0.5,0.5,0.0,540.0,960.0,0.5
bfa33ea4-cce2-475a-94ba-a9400c5113b3,47,1.5666666666666667,right_elbow,0.5,0.5,0.0,540.0,960.0,0.5
bfa33ea4-cce2-475a-94ba-a9400c5113b3,47,1.5666666666666667,left_wrist,0.5,0.5,0.0,540.0,960.0,0.5
bfa33ea4-cce2-475a-94ba-a9400c5113b3,47,1.5666666666666667,right_wrist,0.5,0.5,0.0,540.0,960.0,0.5
bfa33ea4-cce2-475a-94ba-a9400c5113b3,47,1.5666666666666667,left_hip,0.5,0.5,0.0,540.0,960.0,0.5
bfa33ea4-cce2-475a-94ba-a9400c5113b3,47,1.5666666666666667,right_hip,0.5,0.5,0.0,540.0,960.0,0.5
bfa33ea4-cce2-475a-94ba-a9400c5113b3,47,1.5666666666666667,left_knee,0.5,0.5,0.0,540.0,960.0,0.5
bfa33ea4-cce2-475a-94ba-a9400c5113b3,47,1.5666666666666667,right_knee,0.5,0.5,0.0,540.0,960.0,0.5
bfa33ea4-cce2-475a-94ba-a9400c5113b3,47,1.5666666666666667,left_ankle,0.5,0.5,0.0,540.0,960.0,0.5
bfa33ea4-cce2-475a-94ba-a9400c5113b3,47,1.5666666666666667,right_ankle,0.5,0.5,0.0,540.0,960.0,0.5
bfa33ea4-cce2-475a-94ba-a9400c5113b3,47,1.5666666666666667,left_heel,0.5,0.5,0.0,540.0,960.0,0.5
bfa33ea4-cce2-475a-94ba-a9400c5113b3,47,1.5666666666666667,right_heel,0.5,0.5,0.0,540.0,960.0,0.5
bfa33ea4-cce2-475a-94ba-a9400c5113b3,47,1.5666666666666667,left_foot_index,0.5,0.5,0.0,540.0,960.0,0.5
bfa33ea4-cce2-475a-94ba-a9400c5113b3,47,1.5666666666666667,right_foot_index,0.5,0.5,0.0,540.0,960.0,0.5
bfa33ea4-cce2-475a-94ba-a9400c5113b3,48,1.6,nose,0.5,0.5,0.0,540.0,960.0,0.5
bfa33ea4-cce2-475a-94ba-a9400c5113b3,48,1.6,left_shoulder,0.5,0.5,0.0,540.0,960.0,0.5
bfa33ea4-cce2-475a-94ba-a9400c5113b3,48,1.6,right_shoulder,0.5,0.5,0.0,540.0,960.0,0.5
bfa33ea4-cce2-475a-94ba-a9400c5113b3,48,1.6,left_elbow,0.5,0.5,0.0,540.0,960.0,0.5
bfa33ea4-cce2-475a-94ba-a9400c5113b3,48,1.6,right_elbow,0.5,0.5,0.0,540.0,960.0,0.5
bfa33ea4-cce2-475a-94ba-a9400c5113b3,48,1.6,left_wrist,0.5,0.5,0.0,540.0,960.0,0.5
bfa33ea4-cce2-475a-94ba-a9400c5113b3,48,1.6,right_wrist,0.5,0.5,0.0,540.0,960.0,0.5
bfa33ea4-cce2-475a-94ba-a9400c5113b3,48,1.6,left_hip,0.5,0.5,0.0,540.0,960.0,0.5
bfa33ea4-cce2-475a-94ba-a9400c5113b3,48,1.6,right_hip,0.5,0.5,0.0,540.0,960.0,0.5
bfa33ea4-cce2-475a-94ba-a9400c5113b3,48,1.6,left_knee,0.5,0.5,0.0,540.0,960.0,0.5
bfa33ea4-cce2-475a-94ba-a9400c5113b3,48,1.6,right_knee,0.5,0.5,0.0,540.0,960.0,0.5
bfa33ea4-cce2-475a-94ba-a9400c5113b3,48,1.6,left_ankle,0.5,0.5,0.0,540.0,960.0,0.5
bfa33ea4-cce2-475a-94ba-a9400c5113b3,48,1.6,right_ankle,0.5,0.5,0.0,540.0,960.0,0.5
bfa33ea4-cce2-475a-94ba-a9400c5113b3,48,1.6,left_heel,0.5,0.5,0.0,540.0,960.0,0.5
bfa33ea4-cce2-475a-94ba-a9400c5113b3,48,1.6,right_heel,0.5,0.5,0.0,540.0,960.0,0.5
bfa33ea4-cce2-475a-94ba-a9400c5113b3,48,1.6,left_foot_index,0.5,0.5,0.0,540.0,960.0,0.5
bfa33ea4-cce2-475a-94ba-a9400c5113b3,48,1.6,right_foot_index,0.5,0.5,0.0,540.0,960.0,0.5
bfa33ea4-cce2-475a-94ba-a9400c5113b3,49,1.6333333333333333,nose,0.5,0.5,0.0,540.0,960.0,0.5
bfa33ea4-cce2-475a-94ba-a9400c5113b3,49,1.6333333333333333,left_shoulder,0.5,0.5,0.0,540.0,960.0,0.5
bfa33ea4-cce2-475a-94ba-a9400c5113b3,49,1.6333333333333333,right_shoulder,0.5,0.5,0.0,540.0,960.0,0.5
bfa33ea4-cce2-475a-94ba-a9400c5113b3,49,1.6333333333333333,left_elbow,0.5,0.5,0.0,540.0,960.0,0.5
bfa33ea4-cce2-475a-94ba-a9400c5113b3,49,1.6333333333333333,right_elbow,0.5,0.5,0.0,540.0,960.0,0.5
bfa33ea4-cce2-475a-94ba-a9400c5113b3,49,1.6333333333333333,left_wrist,0.5,0.5,0.0,540.0,960.0,0.5
bfa33ea4-cce2-475a-94ba-a9400c5113b3,49,1.6333333333333333,right_wrist,0.5,0.5,0.0,540.0,960.0,0.5
bfa33ea4-cce2-475a-94ba-a9400c5113b3,49,1.6333333333333333,left_hip,0.5,0.5,0.0,540.0,960.0,0.5
bfa33ea4-cce2-475a-94ba-a9400c5113b3,49,1.6333333333333333,right_hip,0.5,0.5,0.0,540.0,960.0,0.5
bfa33ea4-cce2-475a-94ba-a9400c5113b3,49,1.6333333333333333,left_knee,0.5,0.5,0.0,540.0,960.0,0.5
bfa33ea4-cce2-475a-94ba-a9400c5113b3,49,1.6333333333333333,right_knee,0.5,0.5,0.0,540.0,960.0,0.5
bfa33ea4-cce2-475a-94ba-a9400c5113b3,49,1.6333333333333333,left_ankle,0.5,0.5,0.0,540.0,960.0,0.5
bfa33ea4-cce2-475a-94ba-a9400c5113b3,49,1.6333333333333333,right_ankle,0.5,0.5,0.0,540.0,960.0,0.5
bfa33ea4-cce2-475a-94ba-a9400c5113b3,49,1.6333333333333333,left_heel,0.5,0.5,0.0,540.0,960.0,0.5
bfa33ea4-cce2-475a-94ba-a9400c5113b3,49,1.6333333333333333,right_heel,0.5,0.5,0.0,540.0,960.0,0.5
bfa33ea4-cce2-475a-94ba-a9400c5113b3,49,1.6333333333333333,left_foot_index,0.5,0.5,0.0,540.0,960.0,0.5
bfa33ea4-cce2-475a-94ba-a9400c5113b3,49,1.6333333333333333,right_foot_index,0.5,0.5,0.0,540.0,960.0,0.5
bfa33ea4-cce2-475a-94ba-a9400c5113b3,50,1.6666666666666667,nose,0.5,0.5,0.0,540.0,960.0,0.5
bfa33ea4-cce2-475a-94ba-a9400c5113b3,50,1.6666666666666667,left_shoulder,0.5,0.5,0.0,540.0,960.0,0.5
bfa33ea4-cce2-475a-94ba-a9400c5113b3,50,1.6666666666666667,right_shoulder,0.5,0.5,0.0,540.0,960.0,0.5
bfa33ea4-cce2-475a-94ba-a9400c5113b3,50,1.6666666666666667,left_elbow,0.5,0.5,0.0,540.0,960.0,0.5
bfa33ea4-cce2-475a-94ba-a9400c5113b3,50,1.6666666666666667,right_elbow,0.5,0.5,0.0,540.0,960.0,0.5
bfa33ea4-cce2-475a-94ba-a9400c5113b3,50,1.6666666666666667,left_wrist,0.5,0.5,0.0,540.0,960.0,0.5
bfa33ea4-cce2-475a-94ba-a9400c5113b3,50,1.6666666666666667,right_wrist,0.5,0.5,0.0,540.0,960.0,0.5
bfa33ea4-cce2-475a-94ba-a9400c5113b3,50,1.6666666666666667,left_hip,0.5,0.5,0.0,540.0,960.0,0.5
bfa33ea4-cce2-475a-94ba-a9400c5113b3,50,1.6666666666666667,right_hip,0.5,0.5,0.0,540.0,960.0,0.5
bfa33ea4-cce2-475a-94ba-a9400c5113b3,50,1.6666666666666667,left_knee,0.5,0.5,0.0,540.0,960.0,0.5
bfa33ea4-cce2-475a-94ba-a9400c5113b3,50,1.6666666666666667,right_knee,0.5,0.5,0.0,540.0,960.0,0.5
bfa33ea4-cce2-475a-94ba-a9400c5113b3,50,1.6666666666666667,left_ankle,0.5,0.5,0.0,540.0,960.0,0.5
bfa33ea4-cce2-475a-94ba-a9400c5113b3,50,1.6666666666666667,right_ankle,0.5,0.5,0.0,540.0,960.0,0.5
bfa33ea4-cce2-475a-94ba-a9400c5113b3,50,1.6666666666666667,left_heel,0.5,0.5,0.0,540.0,960.0,0.5
bfa33ea4-cce2-475a-94ba-a9400c5113b3,50,1.6666666666666667,right_heel,0.5,0.5,0.0,540.0,960.0,0.5
bfa33ea4-cce2-475a-94ba-a9400c5113b3,50,1.6666666666666667,left_foot_index,0.5,0.5,0.0,540.0,960.0,0.5
bfa33ea4-cce2-475a-94ba-a9400c5113b3,50,1.6666666666666667,right_foot_index,0.5,0.5,0.0,540.0,960.0,0.5
bfa33ea4-cce2-475a-94ba-a9400c5113b3,51,1.7,nose,0.5,0.5,0.0,540.0,960.0,0.5
bfa33ea4-cce2-475a-94ba-a9400c5113b3,51,1.7,left_shoulder,0.5,0.5,0.0,540.0,960.0,0.5
bfa33ea4-cce2-475a-94ba-a9400c5113b3,51,1.7,right_shoulder,0.5,0.5,0.0,540.0,960.0,0.5
bfa33ea4-cce2-475a-94ba-a9400c5113b3,51,1.7,left_elbow,0.5,0.5,0.0,540.0,960.0,0.5
bfa33ea4-cce2-475a-94ba-a9400c5113b3,51,1.7,right_elbow,0.5,0.5,0.0,540.0,960.0,0.5
bfa33ea4-cce2-475a-94ba-a9400c5113b3,51,1.7,left_wrist,0.5,0.5,0.0,540.0,960.0,0.5
bfa33ea4-cce2-475a-94ba-a9400c5113b3,51,1.7,right_wrist,0.5,0.5,0.0,540.0,960.0,0.5
bfa33ea4-cce2-475a-94ba-a9400c5113b3,51,1.7,left_hip,0.5,0.5,0.0,540.0,960.0,0.5
bfa33ea4-cce2-475a-94ba-a9400c5113b3,51,1.7,right_hip,0.5,0.5,0.0,540.0,960.0,0.5
bfa33ea4-cce2-475a-94ba-a9400c5113b3,51,1.7,left_knee,0.5,0.5,0.0,540.0,960.0,0.5
bfa33ea4-cce2-475a-94ba-a9400c5113b3,51,1.7,right_knee,0.5,0.5,0.0,540.0,960.0,0.5
bfa33ea4-cce2-475a-94ba-a9400c5113b3,51,1.7,left_ankle,0.5,0.5,0.0,540.0,960.0,0.5
bfa33ea4-cce2-475a-94ba-a9400c5113b3,51,1.7,right_ankle,0.5,0.5,0.0,540.0,960.0,0.5
bfa33ea4-cce2-475a-94ba-a9400c5113b3,51,1.7,left_heel,0.5,0.5,0.0,540.0,960.0,0.5
bfa33ea4-cce2-475a-94ba-a9400c5113b3,51,1.7,right_heel,0.5,0.5,0.0,540.0,960.0,0.5
bfa33ea4-cce2-475a-94ba-a9400c5113b3,51,1.7,left_foot_index,0.5,0.5,0.0,540.0,960.0,0.5
bfa33ea4-cce2-475a-94ba-a9400c5113b3,51,1.7,right_foot_index,0.5,0.5,0.0,540.0,960.0,0.5
bfa33ea4-cce2-475a-94ba-a9400c5113b3,52,1.7333333333333334,nose,0.5,0.5,0.0,540.0,960.0,0.5
bfa33ea4-cce2-475a-94ba-a9400c5113b3,52,1.7333333333333334,left_shoulder,0.5,0.5,0.0,540.0,960.0,0.5
bfa33ea4-cce2-475a-94ba-a9400c5113b3,52,1.7333333333333334,right_shoulder,0.5,0.5,0.0,540.0,960.0,0.5
bfa33ea4-cce2-475a-94ba-a9400c5113b3,52,1.7333333333333334,left_elbow,0.5,0.5,0.0,540.0,960.0,0.5
bfa33ea4-cce2-475a-94ba-a9400c5113b3,52,1.7333333333333334,right_elbow,0.5,0.5,0.0,540.0,960.0,0.5
bfa33ea4-cce2-475a-94ba-a9400c5113b3,52,1.7333333333333334,left_wrist,0.5,0.5,0.0,540.0,960.0,0.5
bfa33ea4-cce2-475a-94ba-a9400c5113b3,52,1.7333333333333334,right_wrist,0.5,0.5,0.0,540.0,960.0,0.5
bfa33ea4-cce2-475a-94ba-a9400c5113b3,52,1.7333333333333334,left_hip,0.5,0.5,0.0,540.0,960.0,0.5
bfa33ea4-cce2-475a-94ba-a9400c5113b3,52,1.7333333333333334,right_hip,0.5,0.5,0.0,540.0,960.0,0.5
bfa33ea4-cce2-475a-94ba-a9400c5113b3,52,1.7333333333333334,left_knee,0.5,0.5,0.0,540.0,960.0,0.5
bfa33ea4-cce2-475a-94ba-a9400c5113b3,52,1.7333333333333334,right_knee,0.5,0.5,0.0,540.0,960.0,0.5
bfa33ea4-cce2-475a-94ba-a9400c5113b3,52,1.7333333333333334,left_ankle,0.5,0.5,0.0,540.0,960.0,0.5
bfa33ea4-cce2-475a-94ba-a9400c5113b3,52,1.7333333333333334,right_ankle,0.5,0.5,0.0,540.0,960.0,0.5
bfa33ea4-cce2-475a-94ba-a9400c5113b3,52,1.7333333333333334,left_heel,0.5,0.5,0.0,540.0,960.0,0.5
bfa33ea4-cce2-475a-94ba-a9400c5113b3,52,1.7333333333333334,right_heel,0.5,0.5,0.0,540.0,960.0,0.5
bfa33ea4-cce2-475a-94ba-a9400c5113b3,52,1.7333333333333334,left_foot_index,0.5,0.5,0.0,540.0,960.0,0.5
bfa33ea4-cce2-475a-94ba-a9400c5113b3,52,1.7333333333333334,right_foot_index,0.5,0.5,0.0,540.0,960.0,0.5
bfa33ea4-cce2-475a-94ba-a9400c5113b3,53,1.7666666666666666,nose,0.5,0.5,0.0,540.0,960.0,0.5
bfa33ea4-cce2-475a-94ba-a9400c5113b3,53,1.7666666666666666,left_shoulder,0.5,0.5,0.0,540.0,960.0,0.5
bfa33ea4-cce2-475a-94ba-a9400c5113b3,53,1.7666666666666666,right_shoulder,0.5,0.5,0.0,540.0,960.0,0.5
bfa33ea4-cce2-475a-94ba-a9400c5113b3,53,1.7666666666666666,left_elbow,0.5,0.5,0.0,540.0,960.0,0.5
bfa33ea4-cce2-475a-94ba-a9400c5113b3,53,1.7666666666666666,right_elbow,0.5,0.5,0.0,540.0,960.0,0.5
bfa33ea4-cce2-475a-94ba-a9400c5113b3,53,1.7666666666666666,left_wrist,0.5,0.5,0.0,540.0,960.0,0.5
bfa33ea4-cce2-475a-94ba-a9400c5113b3,53,1.7666666666666666,right_wrist,0.5,0.5,0.0,540.0,960.0,0.5
bfa33ea4-cce2-475a-94ba-a9400c5113b3,53,1.7666666666666666,left_hip,0.5,0.5,0.0,540.0,960.0,0.5
bfa33ea4-cce2-475a-94ba-a9400c5113b3,53,1.7666666666666666,right_hip,0.5,0.5,0.0,540.0,960.0,0.5
bfa33ea4-cce2-475a-94ba-a9400c5113b3,53,1.7666666666666666,left_knee,0.5,0.5,0.0,540.0,960.0,0.5
bfa33ea4-cce2-475a-94ba-a9400c5113b3,53,1.7666666666666666,right_knee,0.5,0.5,0.0,540.0,960.0,0.5
bfa33ea4-cce2-475a-94ba-a9400c5113b3,53,1.7666666666666666,left_ankle,0.5,0.5,0.0,540.0,960.0,0.5
bfa33ea4-cce2-475a-94ba-a9400c5113b3,53,1.7666666666666666,right_ankle,0.5,0.5,0.0,540.0,960.0,0.5
bfa33ea4-cce2-475a-94ba-a9400c5113b3,53,1.7666666666666666,left_heel,0.5,0.5,0.0,540.0,960.0,0.5
bfa33ea4-cce2-475a-94ba-a9400c5113b3,53,1.7666666666666666,right_heel,0.5,0.5,0.0,540.0,960.0,0.5
bfa33ea4-cce2-475a-94ba-a9400c5113b3,53,1.7666666666666666,left_foot_index,0.5,0.5,0.0,540.0,960.0,0.5
bfa33ea4-cce2-475a-94ba-a9400c5113b3,53,1.7666666666666666,right_foot_index,0.5,0.5,0.0,540.0,960.0,0.5
bfa33ea4-cce2-475a-94ba-a9400c5113b3,54,1.8,nose,0.5,0.5,0.0,540.0,960.0,0.5
bfa33ea4-cce2-475a-94ba-a9400c5113b3,54,1.8,left_shoulder,0.5,0.5,0.0,540.0,960.0,0.5
bfa33ea4-cce2-475a-94ba-a9400c5113b3,54,1.8,right_shoulder,0.5,0.5,0.0,540.0,960.0,0.5
bfa33ea4-cce2-475a-94ba-a9400c5113b3,54,1.8,left_elbow,0.5,0.5,0.0,540.0,960.0,0.5
bfa33ea4-cce2-475a-94ba-a9400c5113b3,54,1.8,right_elbow,0.5,0.5,0.0,540.0,960.0,0.5
bfa33ea4-cce2-475a-94ba-a9400c5113b3,54,1.8,left_wrist,0.5,0.5,0.0,540.0,960.0,0.5
bfa33ea4-cce2-475a-94ba-a9400c5113b3,54,1.8,right_wrist,0.5,0.5,0.0,540.0,960.0,0.5
bfa33ea4-cce2-475a-94ba-a9400c5113b3,54,1.8,left_hip,0.5,0.5,0.0,540.0,960.0,0.5
bfa33ea4-cce2-475a-94ba-a9400c5113b3,54,1.8,right_hip,0.5,0.5,0.0,540.0,960.0,0.5
bfa33ea4-cce2-475a-94ba-a9400c5113b3,54,1.8,left_knee,0.5,0.5,0.0,540.0,960.0,0.5
bfa33ea4-cce2-475a-94ba-a9400c5113b3,54,1.8,right_knee,0.5,0.5,0.0,540.0,960.0,0.5
bfa33ea4-cce2-475a-94ba-a9400c5113b3,54,1.8,left_ankle,0.5,0.5,0.0,540.0,960.0,0.5
bfa33ea4-cce2-475a-94ba-a9400c5113b3,54,1.8,right_ankle,0.5,0.5,0.0,540.0,960.0,0.5
bfa33ea4-cce2-475a-94ba-a9400c5113b3,54,1.8,left_heel,0.5,0.5,0.0,540.0,960.0,0.5
bfa33ea4-cce2-475a-94ba-a9400c5113b3,54,1.8,right_heel,0.5,0.5,0.0,540.0,960.0,0.5
bfa33ea4-cce2-475a-94ba-a9400c5113b3,54,1.8,left_foot_index,0.5,0.5,0.0,540.0,960.0,0.5
bfa33ea4-cce2-475a-94ba-a9400c5113b3,54,1.8,right_foot_index,0.5,0.5,0.0,540.0,960.0,0.5
bfa33ea4-cce2-475a-94ba-a9400c5113b3,55,1.8333333333333333,nose,0.5,0.5,0.0,540.0,960.0,0.5
bfa33ea4-cce2-475a-94ba-a9400c5113b3,55,1.8333333333333333,left_shoulder,0.5,0.5,0.0,540.0,960.0,0.5
bfa33ea4-cce2-475a-94ba-a9400c5113b3,55,1.8333333333333333,right_shoulder,0.5,0.5,0.0,540.0,960.0,0.5
bfa33ea4-cce2-475a-94ba-a9400c5113b3,55,1.8333333333333333,left_elbow,0.5,0.5,0.0,540.0,960.0,0.5
bfa33ea4-cce2-475a-94ba-a9400c5113b3,55,1.8333333333333333,right_elbow,0.5,0.5,0.0,540.0,960.0,0.5
bfa33ea4-cce2-475a-94ba-a9400c5113b3,55,1.8333333333333333,left_wrist,0.5,0.5,0.0,540.0,960.0,0.5
bfa33ea4-cce2-475a-94ba-a9400c5113b3,55,1.8333333333333333,right_wrist,0.5,0.5,0.0,540.0,960.0,0.5
bfa33ea4-cce2-475a-94ba-a9400c5113b3,55,1.8333333333333333,left_hip,0.5,0.5,0.0,540.0,960.0,0.5
bfa33ea4-cce2-475a-94ba-a9400c5113b3,55,1.8333333333333333,right_hip,0.5,0.5,0.0,540.0,960.0,0.5
bfa33ea4-cce2-475a-94ba-a9400c5113b3,55,1.8333333333333333,left_knee,0.5,0.5,0.0,540.0,960.0,0.5
bfa33ea4-cce2-475a-94ba-a9400c5113b3,55,1.8333333333333333,right_knee,0.5,0.5,0.0,540.0,960.0,0.5
bfa33ea4-cce2-475a-94ba-a9400c5113b3,55,1.8333333333333333,left_ankle,0.5,0.5,0.0,540.0,960.0,0.5
bfa33ea4-cce2-475a-94ba-a9400c5113b3,55,1.8333333333333333,right_ankle,0.5,0.5,0.0,540.0,960.0,0.5
bfa33ea4-cce2-475a-94ba-a9400c5113b3,55,1.8333333333333333,left_heel,0.5,0.5,0.0,540.0,960.0,0.5
bfa33ea4-cce2-475a-94ba-a9400c5113b3,55,1.8333333333333333,right_heel,0.5,0.5,0.0,540.0,960.0,0.5
bfa33ea4-cce2-475a-94ba-a9400c5113b3,55,1.8333333333333333,left_foot_index,0.5,0.5,0.0,540.0,960.0,0.5
bfa33ea4-cce2-475a-94ba-a9400c5113b3,55,1.8333333333333333,right_foot_index,0.5,0.5,0.0,540.0,960.0,0.5
bfa33ea4-cce2-475a-94ba-a9400c5113b3,56,1.8666666666666667,nose,0.5,0.5,0.0,540.0,960.0,0.5
bfa33ea4-cce2-475a-94ba-a9400c5113b3,56,1.8666666666666667,left_shoulder,0.5,0.5,0.0,540.0,960.0,0.5
bfa33ea4-cce2-475a-94ba-a9400c5113b3,56,1.8666666666666667,right_shoulder,0.5,0.5,0.0,540.0,960.0,0.5
bfa33ea4-cce2-475a-94ba-a9400c5113b3,56,1.8666666666666667,left_elbow,0.5,0.5,0.0,540.0,960.0,0.5
bfa33ea4-cce2-475a-94ba-a9400c5113b3,56,1.8666666666666667,right_elbow,0.5,0.5,0.0,540.0,960.0,0.5
bfa33ea4-cce2-475a-94ba-a9400c5113b3,56,1.8666666666666667,left_wrist,0.5,0.5,0.0,540.0,960.0,0.5
bfa33ea4-cce2-475a-94ba-a9400c5113b3,56,1.8666666666666667,right_wrist,0.5,0.5,0.0,540.0,960.0,0.5
bfa33ea4-cce2-475a-94ba-a9400c5113b3,56,1.8666666666666667,left_hip,0.5,0.5,0.0,540.0,960.0,0.5
bfa33ea4-cce2-475a-94ba-a9400c5113b3,56,1.8666666666666667,right_hip,0.5,0.5,0.0,540.0,960.0,0.5
bfa33ea4-cce2-475a-94ba-a9400c5113b3,56,1.8666666666666667,left_knee,0.5,0.5,0.0,540.0,960.0,0.5
bfa33ea4-cce2-475a-94ba-a9400c5113b3,56,1.8666666666666667,right_knee,0.5,0.5,0.0,540.0,960.0,0.5
bfa33ea4-cce2-475a-94ba-a9400c5113b3,56,1.8666666666666667,left_ankle,0.5,0.5,0.0,540.0,960.0,0.5
bfa33ea4-cce2-475a-94ba-a9400c5113b3,56,1.8666666666666667,right_ankle,0.5,0.5,0.0,540.0,960.0,0.5
bfa33ea4-cce2-475a-94ba-a9400c5113b3,56,1.8666666666666667,left_heel,0.5,0.5,0.0,540.0,960.0,0.5
bfa33ea4-cce2-475a-94ba-a9400c5113b3,56,1.8666666666666667,right_heel,0.5,0.5,0.0,540.0,960.0,0.5
bfa33ea4-cce2-475a-94ba-a9400c5113b3,56,1.8666666666666667,left_foot_index,0.5,0.5,0.0,540.0,960.0,0.5
bfa33ea4-cce2-475a-94ba-a9400c5113b3,56,1.8666666666666667,right_foot_index,0.5,0.5,0.0,540.0,960.0,0.5
bfa33ea4-cce2-475a-94ba-a9400c5113b3,57,1.9,nose,0.5,0.5,0.0,540.0,960.0,0.5
bfa33ea4-cce2-475a-94ba-a9400c5113b3,57,1.9,left_shoulder,0.5,0.5,0.0,540.0,960.0,0.5
bfa33ea4-cce2-475a-94ba-a9400c5113b3,57,1.9,right_shoulder,0.5,0.5,0.0,540.0,960.0,0.5
bfa33ea4-cce2-475a-94ba-a9400c5113b3,57,1.9,left_elbow,0.5,0.5,0.0,540.0,960.0,0.5
bfa33ea4-cce2-475a-94ba-a9400c5113b3,57,1.9,right_elbow,0.5,0.5,0.0,540.0,960.0,0.5
bfa33ea4-cce2-475a-94ba-a9400c5113b3,57,1.9,left_wrist,0.5,0.5,0.0,540.0,960.0,0.5
bfa33ea4-cce2-475a-94ba-a9400c5113b3,57,1.9,right_wrist,0.5,0.5,0.0,540.0,960.0,0.5
bfa33ea4-cce2-475a-94ba-a9400c5113b3,57,1.9,left_hip,0.5,0.5,0.0,540.0,960.0,0.5
bfa33ea4-cce2-475a-94ba-a9400c5113b3,57,1.9,right_hip,0.5,0.5,0.0,540.0,960.0,0.5
bfa33ea4-cce2-475a-94ba-a9400c5113b3,57,1.9,left_knee,0.5,0.5,0.0,540.0,960.0,0.5
bfa33ea4-cce2-475a-94ba-a9400c5113b3,57,1.9,right_knee,0.5,0.5,0.0,540.0,960.0,0.5
bfa33ea4-cce2-475a-94ba-a9400c5113b3,57,1.9,left_ankle,0.5,0.5,0.0,540.0,960.0,0.5
bfa33ea4-cce2-475a-94ba-a9400c5113b3,57,1.9,right_ankle,0.5,0.5,0.0,540.0,960.0,0.5
bfa33ea4-cce2-475a-94ba-a9400c5113b3,57,1.9,left_heel,0.5,0.5,0.0,540.0,960.0,0.5
bfa33ea4-cce2-475a-94ba-a9400c5113b3,57,1.9,right_heel,0.5,0.5,0.0,540.0,960.0,0.5
bfa33ea4-cce2-475a-94ba-a9400c5113b3,57,1.9,left_foot_index,0.5,0.5,0.0,540.0,960.0,0.5
bfa33ea4-cce2-475a-94ba-a9400c5113b3,57,1.9,right_foot_index,0.5,0.5,0.0,540.0,960.0,0.5
bfa33ea4-cce2-475a-94ba-a9400c5113b3,58,1.9333333333333333,nose,0.5,0.5,0.0,540.0,960.0,0.5
bfa33ea4-cce2-475a-94ba-a9400c5113b3,58,1.9333333333333333,left_shoulder,0.5,0.5,0.0,540.0,960.0,0.5
bfa33ea4-cce2-475a-94ba-a9400c5113b3,58,1.9333333333333333,right_shoulder,0.5,0.5,0.0,540.0,960.0,0.5
bfa33ea4-cce2-475a-94ba-a9400c5113b3,58,1.9333333333333333,left_elbow,0.5,0.5,0.0,540.0,960.0,0.5
bfa33ea4-cce2-475a-94ba-a9400c5113b3,58,1.9333333333333333,right_elbow,0.5,0.5,0.0,540.0,960.0,0.5
bfa33ea4-cce2-475a-94ba-a9400c5113b3,58,1.9333333333333333,left_wrist,0.5,0.5,0.0,540.0,960.0,0.5
bfa33ea4-cce2-475a-94ba-a9400c5113b3,58,1.9333333333333333,right_wrist,0.5,0.5,0.0,540.0,960.0,0.5
bfa33ea4-cce2-475a-94ba-a9400c5113b3,58,1.9333333333333333,left_hip,0.5,0.5,0.0,540.0,960.0,0.5
bfa33ea4-cce2-475a-94ba-a9400c5113b3,58,1.9333333333333333,right_hip,0.5,0.5,0.0,540.0,960.0,0.5
bfa33ea4-cce2-475a-94ba-a9400c5113b3,58,1.9333333333333333,left_knee,0.5,0.5,0.0,540.0,960.0,0.5
bfa33ea4-cce2-475a-94ba-a9400c5113b3,58,1.9333333333333333,right_knee,0.5,0.5,0.0,540.0,960.0,0.5
bfa33ea4-cce2-475a-94ba-a9400c5113b3,58,1.9333333333333333,left_ankle,0.5,0.5,0.0,540.0,960.0,0.5
bfa33ea4-cce2-475a-94ba-a9400c5113b3,58,1.9333333333333333,right_ankle,0.5,0.5,0.0,540.0,960.0,0.5
bfa33ea4-cce2-475a-94ba-a9400c5113b3,58,1.9333333333333333,left_heel,0.5,0.5,0.0,540.0,960.0,0.5
bfa33ea4-cce2-475a-94ba-a9400c5113b3,58,1.9333333333333333,right_heel,0.5,0.5,0.0,540.0,960.0,0.5
bfa33ea4-cce2-475a-94ba-a9400c5113b3,58,1.9333333333333333,left_foot_index,0.5,0.5,0.0,540.0,960.0,0.5
bfa33ea4-cce2-475a-94ba-a9400c5113b3,58,1.9333333333333333,right_foot_index,0.5,0.5,0.0,540.0,960.0,0.5
bfa33ea4-cce2-475a-94ba-a9400c5113b3,59,1.9666666666666666,nose,0.5,0.5,0.0,540.0,960.0,0.5
bfa33ea4-cce2-475a-94ba-a9400c5113b3,59,1.9666666666666666,left_shoulder,0.5,0.5,0.0,540.0,960.0,0.5
bfa33ea4-cce2-475a-94ba-a9400c5113b3,59,1.9666666666666666,right_shoulder,0.5,0.5,0.0,540.0,960.0,0.5
bfa33ea4-cce2-475a-94ba-a9400c5113b3,59,1.9666666666666666,left_elbow,0.5,0.5,0.0,540.0,960.0,0.5
bfa33ea4-cce2-475a-94ba-a9400c5113b3,59,1.9666666666666666,right_elbow,0.5,0.5,0.0,540.0,960.0,0.5
bfa33ea4-cce2-475a-94ba-a9400c5113b3,59,1.9666666666666666,left_wrist,0.5,0.5,0.0,540.0,960.0,0.5
bfa33ea4-cce2-475a-94ba-a9400c5113b3,59,1.9666666666666666,right_wrist,0.5,0.5,0.0,540.0,960.0,0.5
bfa33ea4-cce2-475a-94ba-a9400c5113b3,59,1.9666666666666666,left_hip,0.5,0.5,0.0,540.0,960.0,0.5
bfa33ea4-cce2-475a-94ba-a9400c5113b3,59,1.9666666666666666,right_hip,0.5,0.5,0.0,540.0,960.0,0.5
bfa33ea4-cce2-475a-94ba-a9400c5113b3,59,1.9666666666666666,left_knee,0.5,0.5,0.0,540.0,960.0,0.5
bfa33ea4-cce2-475a-94ba-a9400c5113b3,59,1.9666666666666666,right_knee,0.5,0.5,0.0,540.0,960.0,0.5
bfa33ea4-cce2-475a-94ba-a9400c5113b3,59,1.9666666666666666,left_ankle,0.5,0.5,0.0,540.0,960.0,0.5
bfa33ea4-cce2-475a-94ba-a9400c5113b3,59,1.9666666666666666,right_ankle,0.5,0.5,0.0,540.0,960.0,0.5
bfa33ea4-cce2-475a-94ba-a9400c5113b3,59,1.9666666666666666,left_heel,0.5,0.5,0.0,540.0,960.0,0.5
bfa33ea4-cce2-475a-94ba-a9400c5113b3,59,1.9666666666666666,right_heel,0.5,0.5,0.0,540.0,960.0,0.5
bfa33ea4-cce2-475a-94ba-a9400c5113b3,59,1.9666666666666666,left_foot_index,0.5,0.5,0.0,540.0,960.0,0.5
bfa33ea4-cce2-475a-94ba-a9400c5113b3,59,1.9666666666666666,right_foot_index,0.5,0.5,0.0,540.0,960.0,0.5
bfa33ea4-cce2-475a-94ba-a9400c5113b3,60,2.0,nose,0.5,0.5,0.0,540.0,960.0,0.5
bfa33ea4-cce2-475a-94ba-a9400c5113b3,60,2.0,left_shoulder,0.5,0.5,0.0,540.0,960.0,0.5
bfa33ea4-cce2-475a-94ba-a9400c5113b3,60,2.0,right_shoulder,0.5,0.5,0.0,540.0,960.0,0.5
bfa33ea4-cce2-475a-94ba-a9400c5113b3,60,2.0,left_elbow,0.5,0.5,0.0,540.0,960.0,0.5
bfa33ea4-cce2-475a-94ba-a9400c5113b3,60,2.0,right_elbow,0.5,0.5,0.0,540.0,960.0,0.5
bfa33ea4-cce2-475a-94ba-a9400c5113b3,60,2.0,left_wrist,0.5,0.5,0.0,540.0,960.0,0.5
bfa33ea4-cce2-475a-94ba-a9400c5113b3,60,2.0,right_wrist,0.5,0.5,0.0,540.0,960.0,0.5
bfa33ea4-cce2-475a-94ba-a9400c5113b3,60,2.0,left_hip,0.5,0.5,0.0,540.0,960.0,0.5
bfa33ea4-cce2-475a-94ba-a9400c5113b3,60,2.0,right_hip,0.5,0.5,0.0,540.0,960.0,0.5
bfa33ea4-cce2-475a-94ba-a9400c5113b3,60,2.0,left_knee,0.5,0.5,0.0,540.0,960.0,0.5
bfa33ea4-cce2-475a-94ba-a9400c5113b3,60,2.0,right_knee,0.5,0.5,0.0,540.0,960.0,0.5
bfa33ea4-cce2-475a-94ba-a9400c5113b3,60,2.0,left_ankle,0.5,0.5,0.0,540.0,960.0,0.5
bfa33ea4-cce2-475a-94ba-a9400c5113b3,60,2.0,right_ankle,0.5,0.5,0.0,540.0,960.0,0.5
bfa33ea4-cce2-475a-94ba-a9400c5113b3,60,2.0,left_heel,0.5,0.5,0.0,540.0,960.0,0.5
bfa33ea4-cce2-475a-94ba-a9400c5113b3,60,2.0,right_heel,0.5,0.5,0.0,540.0,960.0,0.5
bfa33ea4-cce2-475a-94ba-a9400c5113b3,60,2.0,left_foot_index,0.5,0.5,0.0,540.0,960.0,0.5
bfa33ea4-cce2-475a-94ba-a9400c5113b3,60,2.0,right_foot_index,0.5,0.5,0.0,540.0,960.0,0.5
bfa33ea4-cce2-475a-94ba-a9400c5113b3,61,2.033333333333333,nose,0.5,0.5,0.0,540.0,960.0,0.5
bfa33ea4-cce2-475a-94ba-a9400c5113b3,61,2.033333333333333,left_shoulder,0.5,0.5,0.0,540.0,960.0,0.5
bfa33ea4-cce2-475a-94ba-a9400c5113b3,61,2.033333333333333,right_shoulder,0.5,0.5,0.0,540.0,960.0,0.5
bfa33ea4-cce2-475a-94ba-a9400c5113b3,61,2.033333333333333,left_elbow,0.5,0.5,0.0,540.0,960.0,0.5
bfa33ea4-cce2-475a-94ba-a9400c5113b3,61,2.033333333333333,right_elbow,0.5,0.5,0.0,540.0,960.0,0.5
bfa33ea4-cce2-475a-94ba-a9400c5113b3,61,2.033333333333333,left_wrist,0.5,0.5,0.0,540.0,960.0,0.5
bfa33ea4-cce2-475a-94ba-a9400c5113b3,61,2.033333333333333,right_wrist,0.5,0.5,0.0,540.0,960.0,0.5
bfa33ea4-cce2-475a-94ba-a9400c5113b3,61,2.033333333333333,left_hip,0.5,0.5,0.0,540.0,960.0,0.5
bfa33ea4-cce2-475a-94ba-a9400c5113b3,61,2.033333333333333,right_hip,0.5,0.5,0.0,540.0,960.0,0.5
bfa33ea4-cce2-475a-94ba-a9400c5113b3,61,2.033333333333333,left_knee,0.5,0.5,0.0,540.0,960.0,0.5
bfa33ea4-cce2-475a-94ba-a9400c5113b3,61,2.033333333333333,right_knee,0.5,0.5,0.0,540.0,960.0,0.5
bfa33ea4-cce2-475a-94ba-a9400c5113b3,61,2.033333333333333,left_ankle,0.5,0.5,0.0,540.0,960.0,0.5
bfa33ea4-cce2-475a-94ba-a9400c5113b3,61,2.033333333333333,right_ankle,0.5,0.5,0.0,540.0,960.0,0.5
bfa33ea4-cce2-475a-94ba-a9400c5113b3,61,2.033333333333333,left_heel,0.5,0.5,0.0,540.0,960.0,0.5
bfa33ea4-cce2-475a-94ba-a9400c5113b3,61,2.033333333333333,right_heel,0.5,0.5,0.0,540.0,960.0,0.5
bfa33ea4-cce2-475a-94ba-a9400c5113b3,61,2.033333333333333,left_foot_index,0.5,0.5,0.0,540.0,960.0,0.5
bfa33ea4-cce2-475a-94ba-a9400c5113b3,61,2.033333333333333,right_foot_index,0.5,0.5,0.0,540.0,960.0,0.5
bfa33ea4-cce2-475a-94ba-a9400c5113b3,62,2.066666666666667,nose,0.5,0.5,0.0,540.0,960.0,0.5
bfa33ea4-cce2-475a-94ba-a9400c5113b3,62,2.066666666666667,left_shoulder,0.5,0.5,0.0,540.0,960.0,0.5
bfa33ea4-cce2-475a-94ba-a9400c5113b3,62,2.066666666666667,right_shoulder,0.5,0.5,0.0,540.0,960.0,0.5
bfa33ea4-cce2-475a-94ba-a9400c5113b3,62,2.066666666666667,left_elbow,0.5,0.5,0.0,540.0,960.0,0.5
bfa33ea4-cce2-475a-94ba-a9400c5113b3,62,2.066666666666667,right_elbow,0.5,0.5,0.0,540.0,960.0,0.5
bfa33ea4-cce2-475a-94ba-a9400c5113b3,62,2.066666666666667,left_wrist,0.5,0.5,0.0,540.0,960.0,0.5
bfa33ea4-cce2-475a-94ba-a9400c5113b3,62,2.066666666666667,right_wrist,0.5,0.5,0.0,540.0,960.0,0.5
bfa33ea4-cce2-475a-94ba-a9400c5113b3,62,2.066666666666667,left_hip,0.5,0.5,0.0,540.0,960.0,0.5
bfa33ea4-cce2-475a-94ba-a9400c5113b3,62,2.066666666666667,right_hip,0.5,0.5,0.0,540.0,960.0,0.5
bfa33ea4-cce2-475a-94ba-a9400c5113b3,62,2.066666666666667,left_knee,0.5,0.5,0.0,540.0,960.0,0.5
bfa33ea4-cce2-475a-94ba-a9400c5113b3,62,2.066666666666667,right_knee,0.5,0.5,0.0,540.0,960.0,0.5
bfa33ea4-cce2-475a-94ba-a9400c5113b3,62,2.066666666666667,left_ankle,0.5,0.5,0.0,540.0,960.0,0.5
bfa33ea4-cce2-475a-94ba-a9400c5113b3,62,2.066666666666667,right_ankle,0.5,0.5,0.0,540.0,960.0,0.5
bfa33ea4-cce2-475a-94ba-a9400c5113b3,62,2.066666666666667,left_heel,0.5,0.5,0.0,540.0,960.0,0.5
bfa33ea4-cce2-475a-94ba-a9400c5113b3,62,2.066666666666667,right_heel,0.5,0.5,0.0,540.0,960.0,0.5
bfa33ea4-cce2-475a-94ba-a9400c5113b3,62,2.066666666666667,left_foot_index,0.5,0.5,0.0,540.0,960.0,0.5
bfa33ea4-cce2-475a-94ba-a9400c5113b3,62,2.066666666666667,right_foot_index,0.5,0.5,0.0,540.0,960.0,0.5
bfa33ea4-cce2-475a-94ba-a9400c5113b3,63,2.1,nose,0.5,0.5,0.0,540.0,960.0,0.5
bfa33ea4-cce2-475a-94ba-a9400c5113b3,63,2.1,left_shoulder,0.5,0.5,0.0,540.0,960.0,0.5
bfa33ea4-cce2-475a-94ba-a9400c5113b3,63,2.1,right_shoulder,0.5,0.5,0.0,540.0,960.0,0.5
bfa33ea4-cce2-475a-94ba-a9400c5113b3,63,2.1,left_elbow,0.5,0.5,0.0,540.0,960.0,0.5
bfa33ea4-cce2-475a-94ba-a9400c5113b3,63,2.1,right_elbow,0.5,0.5,0.0,540.0,960.0,0.5
bfa33ea4-cce2-475a-94ba-a9400c5113b3,63,2.1,left_wrist,0.5,0.5,0.0,540.0,960.0,0.5
bfa33ea4-cce2-475a-94ba-a9400c5113b3,63,2.1,right_wrist,0.5,0.5,0.0,540.0,960.0,0.5
bfa33ea4-cce2-475a-94ba-a9400c5113b3,63,2.1,left_hip,0.5,0.5,0.0,540.0,960.0,0.5
bfa33ea4-cce2-475a-94ba-a9400c5113b3,63,2.1,right_hip,0.5,0.5,0.0,540.0,960.0,0.5
bfa33ea4-cce2-475a-94ba-a9400c5113b3,63,2.1,left_knee,0.5,0.5,0.0,540.0,960.0,0.5
bfa33ea4-cce2-475a-94ba-a9400c5113b3,63,2.1,right_knee,0.5,0.5,0.0,540.0,960.0,0.5
bfa33ea4-cce2-475a-94ba-a9400c5113b3,63,2.1,left_ankle,0.5,0.5,0.0,540.0,960.0,0.5
bfa33ea4-cce2-475a-94ba-a9400c5113b3,63,2.1,right_ankle,0.5,0.5,0.0,540.0,960.0,0.5
bfa33ea4-cce2-475a-94ba-a9400c5113b3,63,2.1,left_heel,0.5,0.5,0.0,540.0,960.0,0.5
bfa33ea4-cce2-475a-94ba-a9400c5113b3,63,2.1,right_heel,0.5,0.5,0.0,540.0,960.0,0.5
bfa33ea4-cce2-475a-94ba-a9400c5113b3,63,2.1,left_foot_index,0.5,0.5,0.0,540.0,960.0,0.5
bfa33ea4-cce2-475a-94ba-a9400c5113b3,63,2.1,right_foot_index,0.5,0.5,0.0,540.0,960.0,0.5
bfa33ea4-cce2-475a-94ba-a9400c5113b3,64,2.1333333333333333,nose,0.5,0.5,0.0,540.0,960.0,0.5
bfa33ea4-cce2-475a-94ba-a9400c5113b3,64,2.1333333333333333,left_shoulder,0.5,0.5,0.0,540.0,960.0,0.5
bfa33ea4-cce2-475a-94ba-a9400c5113b3,64,2.1333333333333333,right_shoulder,0.5,0.5,0.0,540.0,960.0,0.5
bfa33ea4-cce2-475a-94ba-a9400c5113b3,64,2.1333333333333333,left_elbow,0.5,0.5,0.0,540.0,960.0,0.5
bfa33ea4-cce2-475a-94ba-a9400c5113b3,64,2.1333333333333333,right_elbow,0.5,0.5,0.0,540.0,960.0,0.5
bfa33ea4-cce2-475a-94ba-a9400c5113b3,64,2.1333333333333333,left_wrist,0.5,0.5,0.0,540.0,960.0,0.5
bfa33ea4-cce2-475a-94ba-a9400c5113b3,64,2.1333333333333333,right_wrist,0.5,0.5,0.0,540.0,960.0,0.5
bfa33ea4-cce2-475a-94ba-a9400c5113b3,64,2.1333333333333333,left_hip,0.5,0.5,0.0,540.0,960.0,0.5
bfa33ea4-cce2-475a-94ba-a9400c5113b3,64,2.1333333333333333,right_hip,0.5,0.5,0.0,540.0,960.0,0.5
bfa33ea4-cce2-475a-94ba-a9400c5113b3,64,2.1333333333333333,left_knee,0.5,0.5,0.0,540.0,960.0,0.5
bfa33ea4-cce2-475a-94ba-a9400c5113b3,64,2.1333333333333333,right_knee,0.5,0.5,0.0,540.0,960.0,0.5
bfa33ea4-cce2-475a-94ba-a9400c5113b3,64,2.1333333333333333,left_ankle,0.5,0.5,0.0,540.0,960.0,0.5
bfa33ea4-cce2-475a-94ba-a9400c5113b3,64,2.1333333333333333,right_ankle,0.5,0.5,0.0,540.0,960.0,0.5
bfa33ea4-cce2-475a-94ba-a9400c5113b3,64,2.1333333333333333,left_heel,0.5,0.5,0.0,540.0,960.0,0.5
bfa33ea4-cce2-475a-94ba-a9400c5113b3,64,2.1333333333333333,right_heel,0.5,0.5,0.0,540.0,960.0,0.5
bfa33ea4-cce2-475a-94ba-a9400c5113b3,64,2.1333333333333333,left_foot_index,0.5,0.5,0.0,540.0,960.0,0.5
bfa33ea4-cce2-475a-94ba-a9400c5113b3,64,2.1333333333333333,right_foot_index,0.5,0.5,0.0,540.0,960.0,0.5
bfa33ea4-cce2-475a-94ba-a9400c5113b3,65,2.1666666666666665,nose,0.5,0.5,0.0,540.0,960.0,0.5
bfa33ea4-cce2-475a-94ba-a9400c5113b3,65,2.1666666666666665,left_shoulder,0.5,0.5,0.0,540.0,960.0,0.5
bfa33ea4-cce2-475a-94ba-a9400c5113b3,65,2.1666666666666665,right_shoulder,0.5,0.5,0.0,540.0,960.0,0.5
bfa33ea4-cce2-475a-94ba-a9400c5113b3,65,2.1666666666666665,left_elbow,0.5,0.5,0.0,540.0,960.0,0.5
bfa33ea4-cce2-475a-94ba-a9400c5113b3,65,2.1666666666666665,right_elbow,0.5,0.5,0.0,540.0,960.0,0.5
bfa33ea4-cce2-475a-94ba-a9400c5113b3,65,2.1666666666666665,left_wrist,0.5,0.5,0.0,540.0,960.0,0.5
bfa33ea4-cce2-475a-94ba-a9400c5113b3,65,2.1666666666666665,right_wrist,0.5,0.5,0.0,540.0,960.0,0.5
bfa33ea4-cce2-475a-94ba-a9400c5113b3,65,2.1666666666666665,left_hip,0.5,0.5,0.0,540.0,960.0,0.5
bfa33ea4-cce2-475a-94ba-a9400c5113b3,65,2.1666666666666665,right_hip,0.5,0.5,0.0,540.0,960.0,0.5
bfa33ea4-cce2-475a-94ba-a9400c5113b3,65,2.1666666666666665,left_knee,0.5,0.5,0.0,540.0,960.0,0.5
bfa33ea4-cce2-475a-94ba-a9400c5113b3,65,2.1666666666666665,right_knee,0.5,0.5,0.0,540.0,960.0,0.5
bfa33ea4-cce2-475a-94ba-a9400c5113b3,65,2.1666666666666665,left_ankle,0.5,0.5,0.0,540.0,960.0,0.5
bfa33ea4-cce2-475a-94ba-a9400c5113b3,65,2.1666666666666665,right_ankle,0.5,0.5,0.0,540.0,960.0,0.5
bfa33ea4-cce2-475a-94ba-a9400c5113b3,65,2.1666666666666665,left_heel,0.5,0.5,0.0,540.0,960.0,0.5
bfa33ea4-cce2-475a-94ba-a9400c5113b3,65,2.1666666666666665,right_heel,0.5,0.5,0.0,540.0,960.0,0.5
bfa33ea4-cce2-475a-94ba-a9400c5113b3,65,2.1666666666666665,left_foot_index,0.5,0.5,0.0,540.0,960.0,0.5
bfa33ea4-cce2-475a-94ba-a9400c5113b3,65,2.1666666666666665,right_foot_index,0.5,0.5,0.0,540.0,960.0,0.5
bfa33ea4-cce2-475a-94ba-a9400c5113b3,66,2.2,nose,0.5,0.5,0.0,540.0,960.0,0.5
bfa33ea4-cce2-475a-94ba-a9400c5113b3,66,2.2,left_shoulder,0.5,0.5,0.0,540.0,960.0,0.5
bfa33ea4-cce2-475a-94ba-a9400c5113b3,66,2.2,right_shoulder,0.5,0.5,0.0,540.0,960.0,0.5
bfa33ea4-cce2-475a-94ba-a9400c5113b3,66,2.2,left_elbow,0.5,0.5,0.0,540.0,960.0,0.5
bfa33ea4-cce2-475a-94ba-a9400c5113b3,66,2.2,right_elbow,0.5,0.5,0.0,540.0,960.0,0.5
bfa33ea4-cce2-475a-94ba-a9400c5113b3,66,2.2,left_wrist,0.5,0.5,0.0,540.0,960.0,0.5
bfa33ea4-cce2-475a-94ba-a9400c5113b3,66,2.2,right_wrist,0.5,0.5,0.0,540.0,960.0,0.5
bfa33ea4-cce2-475a-94ba-a9400c5113b3,66,2.2,left_hip,0.5,0.5,0.0,540.0,960.0,0.5
bfa33ea4-cce2-475a-94ba-a9400c5113b3,66,2.2,right_hip,0.5,0.5,0.0,540.0,960.0,0.5
bfa33ea4-cce2-475a-94ba-a9400c5113b3,66,2.2,left_knee,0.5,0.5,0.0,540.0,960.0,0.5
bfa33ea4-cce2-475a-94ba-a9400c5113b3,66,2.2,right_knee,0.5,0.5,0.0,540.0,960.0,0.5
bfa33ea4-cce2-475a-94ba-a9400c5113b3,66,2.2,left_ankle,0.5,0.5,0.0,540.0,960.0,0.5
bfa33ea4-cce2-475a-94ba-a9400c5113b3,66,2.2,right_ankle,0.5,0.5,0.0,540.0,960.0,0.5
bfa33ea4-cce2-475a-94ba-a9400c5113b3,66,2.2,left_heel,0.5,0.5,0.0,540.0,960.0,0.5
bfa33ea4-cce2-475a-94ba-a9400c5113b3,66,2.2,right_heel,0.5,0.5,0.0,540.0,960.0,0.5
bfa33ea4-cce2-475a-94ba-a9400c5113b3,66,2.2,left_foot_index,0.5,0.5,0.0,540.0,960.0,0.5
bfa33ea4-cce2-475a-94ba-a9400c5113b3,66,2.2,right_foot_index,0.5,0.5,0.0,540.0,960.0,0.5
bfa33ea4-cce2-475a-94ba-a9400c5113b3,67,2.2333333333333334,nose,0.5,0.5,0.0,540.0,960.0,0.5
bfa33ea4-cce2-475a-94ba-a9400c5113b3,67,2.2333333333333334,left_shoulder,0.5,0.5,0.0,540.0,960.0,0.5
bfa33ea4-cce2-475a-94ba-a9400c5113b3,67,2.2333333333333334,right_shoulder,0.5,0.5,0.0,540.0,960.0,0.5
bfa33ea4-cce2-475a-94ba-a9400c5113b3,67,2.2333333333333334,left_elbow,0.5,0.5,0.0,540.0,960.0,0.5
bfa33ea4-cce2-475a-94ba-a9400c5113b3,67,2.2333333333333334,right_elbow,0.5,0.5,0.0,540.0,960.0,0.5
bfa33ea4-cce2-475a-94ba-a9400c5113b3,67,2.2333333333333334,left_wrist,0.5,0.5,0.0,540.0,960.0,0.5
bfa33ea4-cce2-475a-94ba-a9400c5113b3,67,2.2333333333333334,right_wrist,0.5,0.5,0.0,540.0,960.0,0.5
bfa33ea4-cce2-475a-94ba-a9400c5113b3,67,2.2333333333333334,left_hip,0.5,0.5,0.0,540.0,960.0,0.5
bfa33ea4-cce2-475a-94ba-a9400c5113b3,67,2.2333333333333334,right_hip,0.5,0.5,0.0,540.0,960.0,0.5
bfa33ea4-cce2-475a-94ba-a9400c5113b3,67,2.2333333333333334,left_knee,0.5,0.5,0.0,540.0,960.0,0.5
bfa33ea4-cce2-475a-94ba-a9400c5113b3,67,2.2333333333333334,right_knee,0.5,0.5,0.0,540.0,960.0,0.5
bfa33ea4-cce2-475a-94ba-a9400c5113b3,67,2.2333333333333334,left_ankle,0.5,0.5,0.0,540.0,960.0,0.5
bfa33ea4-cce2-475a-94ba-a9400c5113b3,67,2.2333333333333334,right_ankle,0.5,0.5,0.0,540.0,960.0,0.5
bfa33ea4-cce2-475a-94ba-a9400c5113b3,67,2.2333333333333334,left_heel,0.5,0.5,0.0,540.0,960.0,0.5
bfa33ea4-cce2-475a-94ba-a9400c5113b3,67,2.2333333333333334,right_heel,0.5,0.5,0.0,540.0,960.0,0.5
bfa33ea4-cce2-475a-94ba-a9400c5113b3,67,2.2333333333333334,left_foot_index,0.5,0.5,0.0,540.0,960.0,0.5
bfa33ea4-cce2-475a-94ba-a9400c5113b3,67,2.2333333333333334,right_foot_index,0.5,0.5,0.0,540.0,960.0,0.5
bfa33ea4-cce2-475a-94ba-a9400c5113b3,68,2.2666666666666666,nose,0.5,0.5,0.0,540.0,960.0,0.5
bfa33ea4-cce2-475a-94ba-a9400c5113b3,68,2.2666666666666666,left_shoulder,0.5,0.5,0.0,540.0,960.0,0.5
bfa33ea4-cce2-475a-94ba-a9400c5113b3,68,2.2666666666666666,right_shoulder,0.5,0.5,0.0,540.0,960.0,0.5
bfa33ea4-cce2-475a-94ba-a9400c5113b3,68,2.2666666666666666,left_elbow,0.5,0.5,0.0,540.0,960.0,0.5
bfa33ea4-cce2-475a-94ba-a9400c5113b3,68,2.2666666666666666,right_elbow,0.5,0.5,0.0,540.0,960.0,0.5
bfa33ea4-cce2-475a-94ba-a9400c5113b3,68,2.2666666666666666,left_wrist,0.5,0.5,0.0,540.0,960.0,0.5
bfa33ea4-cce2-475a-94ba-a9400c5113b3,68,2.2666666666666666,right_wrist,0.5,0.5,0.0,540.0,960.0,0.5
bfa33ea4-cce2-475a-94ba-a9400c5113b3,68,2.2666666666666666,left_hip,0.5,0.5,0.0,540.0,960.0,0.5
bfa33ea4-cce2-475a-94ba-a9400c5113b3,68,2.2666666666666666,right_hip,0.5,0.5,0.0,540.0,960.0,0.5
bfa33ea4-cce2-475a-94ba-a9400c5113b3,68,2.2666666666666666,left_knee,0.5,0.5,0.0,540.0,960.0,0.5
bfa33ea4-cce2-475a-94ba-a9400c5113b3,68,2.2666666666666666,right_knee,0.5,0.5,0.0,540.0,960.0,0.5
bfa33ea4-cce2-475a-94ba-a9400c5113b3,68,2.2666666666666666,left_ankle,0.5,0.5,0.0,540.0,960.0,0.5
bfa33ea4-cce2-475a-94ba-a9400c5113b3,68,2.2666666666666666,right_ankle,0.5,0.5,0.0,540.0,960.0,0.5
bfa33ea4-cce2-475a-94ba-a9400c5113b3,68,2.2666666666666666,left_heel,0.5,0.5,0.0,540.0,960.0,0.5
bfa33ea4-cce2-475a-94ba-a9400c5113b3,68,2.2666666666666666,right_heel,0.5,0.5,0.0,540.0,960.0,0.5
bfa33ea4-cce2-475a-94ba-a9400c5113b3,68,2.2666666666666666,left_foot_index,0.5,0.5,0.0,540.0,960.0,0.5
bfa33ea4-cce2-475a-94ba-a9400c5113b3,68,2.2666666666666666,right_foot_index,0.5,0.5,0.0,540.0,960.0,0.5
bfa33ea4-cce2-475a-94ba-a9400c5113b3,69,2.3,nose,0.5,0.5,0.0,540.0,960.0,0.5
bfa33ea4-cce2-475a-94ba-a9400c5113b3,69,2.3,left_shoulder,0.5,0.5,0.0,540.0,960.0,0.5
bfa33ea4-cce2-475a-94ba-a9400c5113b3,69,2.3,right_shoulder,0.5,0.5,0.0,540.0,960.0,0.5
bfa33ea4-cce2-475a-94ba-a9400c5113b3,69,2.3,left_elbow,0.5,0.5,0.0,540.0,960.0,0.5
bfa33ea4-cce2-475a-94ba-a9400c5113b3,69,2.3,right_elbow,0.5,0.5,0.0,540.0,960.0,0.5
bfa33ea4-cce2-475a-94ba-a9400c5113b3,69,2.3,left_wrist,0.5,0.5,0.0,540.0,960.0,0.5
bfa33ea4-cce2-475a-94ba-a9400c5113b3,69,2.3,right_wrist,0.5,0.5,0.0,540.0,960.0,0.5
bfa33ea4-cce2-475a-94ba-a9400c5113b3,69,2.3,left_hip,0.5,0.5,0.0,540.0,960.0,0.5
bfa33ea4-cce2-475a-94ba-a9400c5113b3,69,2.3,right_hip,0.5,0.5,0.0,540.0,960.0,0.5
bfa33ea4-cce2-475a-94ba-a9400c5113b3,69,2.3,left_knee,0.5,0.5,0.0,540.0,960.0,0.5
bfa33ea4-cce2-475a-94ba-a9400c5113b3,69,2.3,right_knee,0.5,0.5,0.0,540.0,960.0,0.5
bfa33ea4-cce2-475a-94ba-a9400c5113b3,69,2.3,left_ankle,0.5,0.5,0.0,540.0,960.0,0.5
bfa33ea4-cce2-475a-94ba-a9400c5113b3,69,2.3,right_ankle,0.5,0.5,0.0,540.0,960.0,0.5
bfa33ea4-cce2-475a-94ba-a9400c5113b3,69,2.3,left_heel,0.5,0.5,0.0,540.0,960.0,0.5
bfa33ea4-cce2-475a-94ba-a9400c5113b3,69,2.3,right_heel,0.5,0.5,0.0,540.0,960.0,0.5
bfa33ea4-cce2-475a-94ba-a9400c5113b3,69,2.3,left_foot_index,0.5,0.5,0.0,540.0,960.0,0.5
bfa33ea4-cce2-475a-94ba-a9400c5113b3,69,2.3,right_foot_index,0.5,0.5,0.0,540.0,960.0,0.5
bfa33ea4-cce2-475a-94ba-a9400c5113b3,70,2.3333333333333335,nose,0.5,0.5,0.0,540.0,960.0,0.5
bfa33ea4-cce2-475a-94ba-a9400c5113b3,70,2.3333333333333335,left_shoulder,0.5,0.5,0.0,540.0,960.0,0.5
bfa33ea4-cce2-475a-94ba-a9400c5113b3,70,2.3333333333333335,right_shoulder,0.5,0.5,0.0,540.0,960.0,0.5
bfa33ea4-cce2-475a-94ba-a9400c5113b3,70,2.3333333333333335,left_elbow,0.5,0.5,0.0,540.0,960.0,0.5
bfa33ea4-cce2-475a-94ba-a9400c5113b3,70,2.3333333333333335,right_elbow,0.5,0.5,0.0,540.0,960.0,0.5
bfa33ea4-cce2-475a-94ba-a9400c5113b3,70,2.3333333333333335,left_wrist,0.5,0.5,0.0,540.0,960.0,0.5
bfa33ea4-cce2-475a-94ba-a9400c5113b3,70,2.3333333333333335,right_wrist,0.5,0.5,0.0,540.0,960.0,0.5
bfa33ea4-cce2-475a-94ba-a9400c5113b3,70,2.3333333333333335,left_hip,0.5,0.5,0.0,540.0,960.0,0.5
bfa33ea4-cce2-475a-94ba-a9400c5113b3,70,2.3333333333333335,right_hip,0.5,0.5,0.0,540.0,960.0,0.5
bfa33ea4-cce2-475a-94ba-a9400c5113b3,70,2.3333333333333335,left_knee,0.5,0.5,0.0,540.0,960.0,0.5
bfa33ea4-cce2-475a-94ba-a9400c5113b3,70,2.3333333333333335,right_knee,0.5,0.5,0.0,540.0,960.0,0.5
bfa33ea4-cce2-475a-94ba-a9400c5113b3,70,2.3333333333333335,left_ankle,0.5,0.5,0.0,540.0,960.0,0.5
bfa33ea4-cce2-475a-94ba-a9400c5113b3,70,2.3333333333333335,right_ankle,0.5,0.5,0.0,540.0,960.0,0.5
bfa33ea4-cce2-475a-94ba-a9400c5113b3,70,2.3333333333333335,left_heel,0.5,0.5,0.0,540.0,960.0,0.5
bfa33ea4-cce2-475a-94ba-a9400c5113b3,70,2.3333333333333335,right_heel,0.5,0.5,0.0,540.0,960.0,0.5
bfa33ea4-cce2-475a-94ba-a9400c5113b3,70,2.3333333333333335,left_foot_index,0.5,0.5,0.0,540.0,960.0,0.5
bfa33ea4-cce2-475a-94ba-a9400c5113b3,70,2.3333333333333335,right_foot_index,0.5,0.5,0.0,540.0,960.0,0.5
bfa33ea4-cce2-475a-94ba-a9400c5113b3,71,2.3666666666666667,nose,0.5,0.5,0.0,540.0,960.0,0.5
bfa33ea4-cce2-475a-94ba-a9400c5113b3,71,2.3666666666666667,left_shoulder,0.5,0.5,0.0,540.0,960.0,0.5
bfa33ea4-cce2-475a-94ba-a9400c5113b3,71,2.3666666666666667,right_shoulder,0.5,0.5,0.0,540.0,960.0,0.5
bfa33ea4-cce2-475a-94ba-a9400c5113b3,71,2.3666666666666667,left_elbow,0.5,0.5,0.0,540.0,960.0,0.5
bfa33ea4-cce2-475a-94ba-a9400c5113b3,71,2.3666666666666667,right_elbow,0.5,0.5,0.0,540.0,960.0,0.5
bfa33ea4-cce2-475a-94ba-a9400c5113b3,71,2.3666666666666667,left_wrist,0.5,0.5,0.0,540.0,960.0,0.5
bfa33ea4-cce2-475a-94ba-a9400c5113b3,71,2.3666666666666667,right_wrist,0.5,0.5,0.0,540.0,960.0,0.5
bfa33ea4-cce2-475a-94ba-a9400c5113b3,71,2.3666666666666667,left_hip,0.5,0.5,0.0,540.0,960.0,0.5
bfa33ea4-cce2-475a-94ba-a9400c5113b3,71,2.3666666666666667,right_hip,0.5,0.5,0.0,540.0,960.0,0.5
bfa33ea4-cce2-475a-94ba-a9400c5113b3,71,2.3666666666666667,left_knee,0.5,0.5,0.0,540.0,960.0,0.5
bfa33ea4-cce2-475a-94ba-a9400c5113b3,71,2.3666666666666667,right_knee,0.5,0.5,0.0,540.0,960.0,0.5
bfa33ea4-cce2-475a-94ba-a9400c5113b3,71,2.3666666666666667,left_ankle,0.5,0.5,0.0,540.0,960.0,0.5
bfa33ea4-cce2-475a-94ba-a9400c5113b3,71,2.3666666666666667,right_ankle,0.5,0.5,0.0,540.0,960.0,0.5
bfa33ea4-cce2-475a-94ba-a9400c5113b3,71,2.3666666666666667,left_heel,0.5,0.5,0.0,540.0,960.0,0.5
bfa33ea4-cce2-475a-94ba-a9400c5113b3,71,2.3666666666666667,right_heel,0.5,0.5,0.0,540.0,960.0,0.5
bfa33ea4-cce2-475a-94ba-a9400c5113b3,71,2.3666666666666667,left_foot_index,0.5,0.5,0.0,540.0,960.0,0.5
bfa33ea4-cce2-475a-94ba-a9400c5113b3,71,2.3666666666666667,right_foot_index,0.5,0.5,0.0,540.0,960.0,0.5
bfa33ea4-cce2-475a-94ba-a9400c5113b3,72,2.4,nose,0.5,0.5,0.0,540.0,960.0,0.5
bfa33ea4-cce2-475a-94ba-a9400c5113b3,72,2.4,left_shoulder,0.5,0.5,0.0,540.0,960.0,0.5
bfa33ea4-cce2-475a-94ba-a9400c5113b3,72,2.4,right_shoulder,0.5,0.5,0.0,540.0,960.0,0.5
bfa33ea4-cce2-475a-94ba-a9400c5113b3,72,2.4,left_elbow,0.5,0.5,0.0,540.0,960.0,0.5
bfa33ea4-cce2-475a-94ba-a9400c5113b3,72,2.4,right_elbow,0.5,0.5,0.0,540.0,960.0,0.5
bfa33ea4-cce2-475a-94ba-a9400c5113b3,72,2.4,left_wrist,0.5,0.5,0.0,540.0,960.0,0.5
bfa33ea4-cce2-475a-94ba-a9400c5113b3,72,2.4,right_wrist,0.5,0.5,0.0,540.0,960.0,0.5
bfa33ea4-cce2-475a-94ba-a9400c5113b3,72,2.4,left_hip,0.5,0.5,0.0,540.0,960.0,0.5
bfa33ea4-cce2-475a-94ba-a9400c5113b3,72,2.4,right_hip,0.5,0.5,0.0,540.0,960.0,0.5
bfa33ea4-cce2-475a-94ba-a9400c5113b3,72,2.4,left_knee,0.5,0.5,0.0,540.0,960.0,0.5
bfa33ea4-cce2-475a-94ba-a9400c5113b3,72,2.4,right_knee,0.5,0.5,0.0,540.0,960.0,0.5
bfa33ea4-cce2-475a-94ba-a9400c5113b3,72,2.4,left_ankle,0.5,0.5,0.0,540.0,960.0,0.5
bfa33ea4-cce2-475a-94ba-a9400c5113b3,72,2.4,right_ankle,0.5,0.5,0.0,540.0,960.0,0.5
bfa33ea4-cce2-475a-94ba-a9400c5113b3,72,2.4,left_heel,0.5,0.5,0.0,540.0,960.0,0.5
bfa33ea4-cce2-475a-94ba-a9400c5113b3,72,2.4,right_heel,0.5,0.5,0.0,540.0,960.0,0.5
bfa33ea4-cce2-475a-94ba-a9400c5113b3,72,2.4,left_foot_index,0.5,0.5,0.0,540.0,960.0,0.5
bfa33ea4-cce2-475a-94ba-a9400c5113b3,72,2.4,right_foot_index,0.5,0.5,0.0,540.0,960.0,0.5
bfa33ea4-cce2-475a-94ba-a9400c5113b3,73,2.433333333333333,nose,0.5,0.5,0.0,540.0,960.0,0.5
bfa33ea4-cce2-475a-94ba-a9400c5113b3,73,2.433333333333333,left_shoulder,0.5,0.5,0.0,540.0,960.0,0.5
bfa33ea4-cce2-475a-94ba-a9400c5113b3,73,2.433333333333333,right_shoulder,0.5,0.5,0.0,540.0,960.0,0.5
bfa33ea4-cce2-475a-94ba-a9400c5113b3,73,2.433333333333333,left_elbow,0.5,0.5,0.0,540.0,960.0,0.5
bfa33ea4-cce2-475a-94ba-a9400c5113b3,73,2.433333333333333,right_elbow,0.5,0.5,0.0,540.0,960.0,0.5
bfa33ea4-cce2-475a-94ba-a9400c5113b3,73,2.433333333333333,left_wrist,0.5,0.5,0.0,540.0,960.0,0.5
bfa33ea4-cce2-475a-94ba-a9400c5113b3,73,2.433333333333333,right_wrist,0.5,0.5,0.0,540.0,960.0,0.5
bfa33ea4-cce2-475a-94ba-a9400c5113b3,73,2.433333333333333,left_hip,0.5,0.5,0.0,540.0,960.0,0.5
bfa33ea4-cce2-475a-94ba-a9400c5113b3,73,2.433333333333333,right_hip,0.5,0.5,0.0,540.0,960.0,0.5
bfa33ea4-cce2-475a-94ba-a9400c5113b3,73,2.433333333333333,left_knee,0.5,0.5,0.0,540.0,960.0,0.5
bfa33ea4-cce2-475a-94ba-a9400c5113b3,73,2.433333333333333,right_knee,0.5,0.5,0.0,540.0,960.0,0.5
bfa33ea4-cce2-475a-94ba-a9400c5113b3,73,2.433333333333333,left_ankle,0.5,0.5,0.0,540.0,960.0,0.5
bfa33ea4-cce2-475a-94ba-a9400c5113b3,73,2.433333333333333,right_ankle,0.5,0.5,0.0,540.0,960.0,0.5
bfa33ea4-cce2-475a-94ba-a9400c5113b3,73,2.433333333333333,left_heel,0.5,0.5,0.0,540.0,960.0,0.5
bfa33ea4-cce2-475a-94ba-a9400c5113b3,73,2.433333333333333,right_heel,0.5,0.5,0.0,540.0,960.0,0.5
bfa33ea4-cce2-475a-94ba-a9400c5113b3,73,2.433333333333333,left_foot_index,0.5,0.5,0.0,540.0,960.0,0.5
bfa33ea4-cce2-475a-94ba-a9400c5113b3,73,2.433333333333333,right_foot_index,0.5,0.5,0.0,540.0,960.0,0.5
bfa33ea4-cce2-475a-94ba-a9400c5113b3,74,2.466666666666667,nose,0.5,0.5,0.0,540.0,960.0,0.5
bfa33ea4-cce2-475a-94ba-a9400c5113b3,74,2.466666666666667,left_shoulder,0.5,0.5,0.0,540.0,960.0,0.5
bfa33ea4-cce2-475a-94ba-a9400c5113b3,74,2.466666666666667,right_shoulder,0.5,0.5,0.0,540.0,960.0,0.5
bfa33ea4-cce2-475a-94ba-a9400c5113b3,74,2.466666666666667,left_elbow,0.5,0.5,0.0,540.0,960.0,0.5
bfa33ea4-cce2-475a-94ba-a9400c5113b3,74,2.466666666666667,right_elbow,0.5,0.5,0.0,540.0,960.0,0.5
bfa33ea4-cce2-475a-94ba-a9400c5113b3,74,2.466666666666667,left_wrist,0.5,0.5,0.0,540.0,960.0,0.5
bfa33ea4-cce2-475a-94ba-a9400c5113b3,74,2.466666666666667,right_wrist,0.5,0.5,0.0,540.0,960.0,0.5
bfa33ea4-cce2-475a-94ba-a9400c5113b3,74,2.466666666666667,left_hip,0.5,0.5,0.0,540.0,960.0,0.5
bfa33ea4-cce2-475a-94ba-a9400c5113b3,74,2.466666666666667,right_hip,0.5,0.5,0.0,540.0,960.0,0.5
bfa33ea4-cce2-475a-94ba-a9400c5113b3,74,2.466666666666667,left_knee,0.5,0.5,0.0,540.0,960.0,0.5
bfa33ea4-cce2-475a-94ba-a9400c5113b3,74,2.466666666666667,right_knee,0.5,0.5,0.0,540.0,960.0,0.5
bfa33ea4-cce2-475a-94ba-a9400c5113b3,74,2.466666666666667,left_ankle,0.5,0.5,0.0,540.0,960.0,0.5
bfa33ea4-cce2-475a-94ba-a9400c5113b3,74,2.466666666666667,right_ankle,0.5,0.5,0.0,540.0,960.0,0.5
bfa33ea4-cce2-475a-94ba-a9400c5113b3,74,2.466666666666667,left_heel,0.5,0.5,0.0,540.0,960.0,0.5
bfa33ea4-cce2-475a-94ba-a9400c5113b3,74,2.466666666666667,right_heel,0.5,0.5,0.0,540.0,960.0,0.5
bfa33ea4-cce2-475a-94ba-a9400c5113b3,74,2.466666666666667,left_foot_index,0.5,0.5,0.0,540.0,960.0,0.5
bfa33ea4-cce2-475a-94ba-a9400c5113b3,74,2.466666666666667,right_foot_index,0.5,0.5,0.0,540.0,960.0,0.5
bfa33ea4-cce2-475a-94ba-a9400c5113b3,75,2.5,nose,0.5,0.5,0.0,540.0,960.0,0.5
bfa33ea4-cce2-475a-94ba-a9400c5113b3,75,2.5,left_shoulder,0.5,0.5,0.0,540.0,960.0,0.5
bfa33ea4-cce2-475a-94ba-a9400c5113b3,75,2.5,right_shoulder,0.5,0.5,0.0,540.0,960.0,0.5
bfa33ea4-cce2-475a-94ba-a9400c5113b3,75,2.5,left_elbow,0.5,0.5,0.0,540.0,960.0,0.5
bfa33ea4-cce2-475a-94ba-a9400c5113b3,75,2.5,right_elbow,0.5,0.5,0.0,540.0,960.0,0.5
bfa33ea4-cce2-475a-94ba-a9400c5113b3,75,2.5,left_wrist,0.5,0.5,0.0,540.0,960.0,0.5
bfa33ea4-cce2-475a-94ba-a9400c5113b3,75,2.5,right_wrist,0.5,0.5,0.0,540.0,960.0,0.5
bfa33ea4-cce2-475a-94ba-a9400c5113b3,75,2.5,left_hip,0.5,0.5,0.0,540.0,960.0,0.5
bfa33ea4-cce2-475a-94ba-a9400c5113b3,75,2.5,right_hip,0.5,0.5,0.0,540.0,960.0,0.5
bfa33ea4-cce2-475a-94ba-a9400c5113b3,75,2.5,left_knee,0.5,0.5,0.0,540.0,960.0,0.5
bfa33ea4-cce2-475a-94ba-a9400c5113b3,75,2.5,right_knee,0.5,0.5,0.0,540.0,960.0,0.5
bfa33ea4-cce2-475a-94ba-a9400c5113b3,75,2.5,left_ankle,0.5,0.5,0.0,540.0,960.0,0.5
bfa33ea4-cce2-475a-94ba-a9400c5113b3,75,2.5,right_ankle,0.5,0.5,0.0,540.0,960.0,0.5
bfa33ea4-cce2-475a-94ba-a9400c5113b3,75,2.5,left_heel,0.5,0.5,0.0,540.0,960.0,0.5
bfa33ea4-cce2-475a-94ba-a9400c5113b3,75,2.5,right_heel,0.5,0.5,0.0,540.0,960.0,0.5
bfa33ea4-cce2-475a-94ba-a9400c5113b3,75,2.5,left_foot_index,0.5,0.5,0.0,540.0,960.0,0.5
bfa33ea4-cce2-475a-94ba-a9400c5113b3,75,2.5,right_foot_index,0.5,0.5,0.0,540.0,960.0,0.5
bfa33ea4-cce2-475a-94ba-a9400c5113b3,76,2.533333333333333,nose,0.5,0.5,0.0,540.0,960.0,0.5
bfa33ea4-cce2-475a-94ba-a9400c5113b3,76,2.533333333333333,left_shoulder,0.5,0.5,0.0,540.0,960.0,0.5
bfa33ea4-cce2-475a-94ba-a9400c5113b3,76,2.533333333333333,right_shoulder,0.5,0.5,0.0,540.0,960.0,0.5
bfa33ea4-cce2-475a-94ba-a9400c5113b3,76,2.533333333333333,left_elbow,0.5,0.5,0.0,540.0,960.0,0.5
bfa33ea4-cce2-475a-94ba-a9400c5113b3,76,2.533333333333333,right_elbow,0.5,0.5,0.0,540.0,960.0,0.5
bfa33ea4-cce2-475a-94ba-a9400c5113b3,76,2.533333333333333,left_wrist,0.5,0.5,0.0,540.0,960.0,0.5
bfa33ea4-cce2-475a-94ba-a9400c5113b3,76,2.533333333333333,right_wrist,0.5,0.5,0.0,540.0,960.0,0.5
bfa33ea4-cce2-475a-94ba-a9400c5113b3,76,2.533333333333333,left_hip,0.5,0.5,0.0,540.0,960.0,0.5
bfa33ea4-cce2-475a-94ba-a9400c5113b3,76,2.533333333333333,right_hip,0.5,0.5,0.0,540.0,960.0,0.5
bfa33ea4-cce2-475a-94ba-a9400c5113b3,76,2.533333333333333,left_knee,0.5,0.5,0.0,540.0,960.0,0.5
bfa33ea4-cce2-475a-94ba-a9400c5113b3,76,2.533333333333333,right_knee,0.5,0.5,0.0,540.0,960.0,0.5
bfa33ea4-cce2-475a-94ba-a9400c5113b3,76,2.533333333333333,left_ankle,0.5,0.5,0.0,540.0,960.0,0.5
bfa33ea4-cce2-475a-94ba-a9400c5113b3,76,2.533333333333333,right_ankle,0.5,0.5,0.0,540.0,960.0,0.5
bfa33ea4-cce2-475a-94ba-a9400c5113b3,76,2.533333333333333,left_heel,0.5,0.5,0.0,540.0,960.0,0.5
bfa33ea4-cce2-475a-94ba-a9400c5113b3,76,2.533333333333333,right_heel,0.5,0.5,0.0,540.0,960.0,0.5
bfa33ea4-cce2-475a-94ba-a9400c5113b3,76,2.533333333333333,left_foot_index,0.5,0.5,0.0,540.0,960.0,0.5
bfa33ea4-cce2-475a-94ba-a9400c5113b3,76,2.533333333333333,right_foot_index,0.5,0.5,0.0,540.0,960.0,0.5
bfa33ea4-cce2-475a-94ba-a9400c5113b3,77,2.566666666666667,nose,0.5,0.5,0.0,540.0,960.0,0.5
bfa33ea4-cce2-475a-94ba-a9400c5113b3,77,2.566666666666667,left_shoulder,0.5,0.5,0.0,540.0,960.0,0.5
bfa33ea4-cce2-475a-94ba-a9400c5113b3,77,2.566666666666667,right_shoulder,0.5,0.5,0.0,540.0,960.0,0.5
bfa33ea4-cce2-475a-94ba-a9400c5113b3,77,2.566666666666667,left_elbow,0.5,0.5,0.0,540.0,960.0,0.5
bfa33ea4-cce2-475a-94ba-a9400c5113b3,77,2.566666666666667,right_elbow,0.5,0.5,0.0,540.0,960.0,0.5
bfa33ea4-cce2-475a-94ba-a9400c5113b3,77,2.566666666666667,left_wrist,0.5,0.5,0.0,540.0,960.0,0.5
bfa33ea4-cce2-475a-94ba-a9400c5113b3,77,2.566666666666667,right_wrist,0.5,0.5,0.0,540.0,960.0,0.5
bfa33ea4-cce2-475a-94ba-a9400c5113b3,77,2.566666666666667,left_hip,0.5,0.5,0.0,540.0,960.0,0.5
bfa33ea4-cce2-475a-94ba-a9400c5113b3,77,2.566666666666667,right_hip,0.5,0.5,0.0,540.0,960.0,0.5
bfa33ea4-cce2-475a-94ba-a9400c5113b3,77,2.566666666666667,left_knee,0.5,0.5,0.0,540.0,960.0,0.5
bfa33ea4-cce2-475a-94ba-a9400c5113b3,77,2.566666666666667,right_knee,0.5,0.5,0.0,540.0,960.0,0.5
bfa33ea4-cce2-475a-94ba-a9400c5113b3,77,2.566666666666667,left_ankle,0.5,0.5,0.0,540.0,960.0,0.5
bfa33ea4-cce2-475a-94ba-a9400c5113b3,77,2.566666666666667,right_ankle,0.5,0.5,0.0,540.0,960.0,0.5
bfa33ea4-cce2-475a-94ba-a9400c5113b3,77,2.566666666666667,left_heel,0.5,0.5,0.0,540.0,960.0,0.5
bfa33ea4-cce2-475a-94ba-a9400c5113b3,77,2.566666666666667,right_heel,0.5,0.5,0.0,540.0,960.0,0.5
bfa33ea4-cce2-475a-94ba-a9400c5113b3,77,2.566666666666667,left_foot_index,0.5,0.5,0.0,540.0,960.0,0.5
bfa33ea4-cce2-475a-94ba-a9400c5113b3,77,2.566666666666667,right_foot_index,0.5,0.5,0.0,540.0,960.0,0.5
bfa33ea4-cce2-475a-94ba-a9400c5113b3,78,2.6,nose,0.5,0.5,0.0,540.0,960.0,0.5
bfa33ea4-cce2-475a-94ba-a9400c5113b3,78,2.6,left_shoulder,0.5,0.5,0.0,540.0,960.0,0.5
bfa33ea4-cce2-475a-94ba-a9400c5113b3,78,2.6,right_shoulder,0.5,0.5,0.0,540.0,960.0,0.5
bfa33ea4-cce2-475a-94ba-a9400c5113b3,78,2.6,left_elbow,0.5,0.5,0.0,540.0,960.0,0.5
bfa33ea4-cce2-475a-94ba-a9400c5113b3,78,2.6,right_elbow,0.5,0.5,0.0,540.0,960.0,0.5
bfa33ea4-cce2-475a-94ba-a9400c5113b3,78,2.6,left_wrist,0.5,0.5,0.0,540.0,960.0,0.5
bfa33ea4-cce2-475a-94ba-a9400c5113b3,78,2.6,right_wrist,0.5,0.5,0.0,540.0,960.0,0.5
bfa33ea4-cce2-475a-94ba-a9400c5113b3,78,2.6,left_hip,0.5,0.5,0.0,540.0,960.0,0.5
bfa33ea4-cce2-475a-94ba-a9400c5113b3,78,2.6,right_hip,0.5,0.5,0.0,540.0,960.0,0.5
bfa33ea4-cce2-475a-94ba-a9400c5113b3,78,2.6,left_knee,0.5,0.5,0.0,540.0,960.0,0.5
bfa33ea4-cce2-475a-94ba-a9400c5113b3,78,2.6,right_knee,0.5,0.5,0.0,540.0,960.0,0.5
bfa33ea4-cce2-475a-94ba-a9400c5113b3,78,2.6,left_ankle,0.5,0.5,0.0,540.0,960.0,0.5
bfa33ea4-cce2-475a-94ba-a9400c5113b3,78,2.6,right_ankle,0.5,0.5,0.0,540.0,960.0,0.5
bfa33ea4-cce2-475a-94ba-a9400c5113b3,78,2.6,left_heel,0.5,0.5,0.0,540.0,960.0,0.5
bfa33ea4-cce2-475a-94ba-a9400c5113b3,78,2.6,right_heel,0.5,0.5,0.0,540.0,960.0,0.5
bfa33ea4-cce2-475a-94ba-a9400c5113b3,78,2.6,left_foot_index,0.5,0.5,0.0,540.0,960.0,0.5
bfa33ea4-cce2-475a-94ba-a9400c5113b3,78,2.6,right_foot_index,0.5,0.5,0.0,540.0,960.0,0.5
bfa33ea4-cce2-475a-94ba-a9400c5113b3,79,2.6333333333333333,nose,0.5,0.5,0.0,540.0,960.0,0.5
bfa33ea4-cce2-475a-94ba-a9400c5113b3,79,2.6333333333333333,left_shoulder,0.5,0.5,0.0,540.0,960.0,0.5
bfa33ea4-cce2-475a-94ba-a9400c5113b3,79,2.6333333333333333,right_shoulder,0.5,0.5,0.0,540.0,960.0,0.5
bfa33ea4-cce2-475a-94ba-a9400c5113b3,79,2.6333333333333333,left_elbow,0.5,0.5,0.0,540.0,960.0,0.5
bfa33ea4-cce2-475a-94ba-a9400c5113b3,79,2.6333333333333333,right_elbow,0.5,0.5,0.0,540.0,960.0,0.5
bfa33ea4-cce2-475a-94ba-a9400c5113b3,79,2.6333333333333333,left_wrist,0.5,0.5,0.0,540.0,960.0,0.5
bfa33ea4-cce2-475a-94ba-a9400c5113b3,79,2.6333333333333333,right_wrist,0.5,0.5,0.0,540.0,960.0,0.5
bfa33ea4-cce2-475a-94ba-a9400c5113b3,79,2.6333333333333333,left_hip,0.5,0.5,0.0,540.0,960.0,0.5
bfa33ea4-cce2-475a-94ba-a9400c5113b3,79,2.6333333333333333,right_hip,0.5,0.5,0.0,540.0,960.0,0.5
bfa33ea4-cce2-475a-94ba-a9400c5113b3,79,2.6333333333333333,left_knee,0.5,0.5,0.0,540.0,960.0,0.5
bfa33ea4-cce2-475a-94ba-a9400c5113b3,79,2.6333333333333333,right_knee,0.5,0.5,0.0,540.0,960.0,0.5
bfa33ea4-cce2-475a-94ba-a9400c5113b3,79,2.6333333333333333,left_ankle,0.5,0.5,0.0,540.0,960.0,0.5
bfa33ea4-cce2-475a-94ba-a9400c5113b3,79,2.6333333333333333,right_ankle,0.5,0.5,0.0,540.0,960.0,0.5
bfa33ea4-cce2-475a-94ba-a9400c5113b3,79,2.6333333333333333,left_heel,0.5,0.5,0.0,540.0,960.0,0.5
bfa33ea4-cce2-475a-94ba-a9400c5113b3,79,2.6333333333333333,right_heel,0.5,0.5,0.0,540.0,960.0,0.5
bfa33ea4-cce2-475a-94ba-a9400c5113b3,79,2.6333333333333333,left_foot_index,0.5,0.5,0.0,540.0,960.0,0.5
bfa33ea4-cce2-475a-94ba-a9400c5113b3,79,2.6333333333333333,right_foot_index,0.5,0.5,0.0,540.0,960.0,0.5
bfa33ea4-cce2-475a-94ba-a9400c5113b3,80,2.6666666666666665,nose,0.5,0.5,0.0,540.0,960.0,0.5
bfa33ea4-cce2-475a-94ba-a9400c5113b3,80,2.6666666666666665,left_shoulder,0.5,0.5,0.0,540.0,960.0,0.5
bfa33ea4-cce2-475a-94ba-a9400c5113b3,80,2.6666666666666665,right_shoulder,0.5,0.5,0.0,540.0,960.0,0.5
bfa33ea4-cce2-475a-94ba-a9400c5113b3,80,2.6666666666666665,left_elbow,0.5,0.5,0.0,540.0,960.0,0.5
bfa33ea4-cce2-475a-94ba-a9400c5113b3,80,2.6666666666666665,right_elbow,0.5,0.5,0.0,540.0,960.0,0.5
bfa33ea4-cce2-475a-94ba-a9400c5113b3,80,2.6666666666666665,left_wrist,0.5,0.5,0.0,540.0,960.0,0.5
bfa33ea4-cce2-475a-94ba-a9400c5113b3,80,2.6666666666666665,right_wrist,0.5,0.5,0.0,540.0,960.0,0.5
bfa33ea4-cce2-475a-94ba-a9400c5113b3,80,2.6666666666666665,left_hip,0.5,0.5,0.0,540.0,960.0,0.5
bfa33ea4-cce2-475a-94ba-a9400c5113b3,80,2.6666666666666665,right_hip,0.5,0.5,0.0,540.0,960.0,0.5
bfa33ea4-cce2-475a-94ba-a9400c5113b3,80,2.6666666666666665,left_knee,0.5,0.5,0.0,540.0,960.0,0.5
bfa33ea4-cce2-475a-94ba-a9400c5113b3,80,2.6666666666666665,right_knee,0.5,0.5,0.0,540.0,960.0,0.5
bfa33ea4-cce2-475a-94ba-a9400c5113b3,80,2.6666666666666665,left_ankle,0.5,0.5,0.0,540.0,960.0,0.5
bfa33ea4-cce2-475a-94ba-a9400c5113b3,80,2.6666666666666665,right_ankle,0.5,0.5,0.0,540.0,960.0,0.5
bfa33ea4-cce2-475a-94ba-a9400c5113b3,80,2.6666666666666665,left_heel,0.5,0.5,0.0,540.0,960.0,0.5
bfa33ea4-cce2-475a-94ba-a9400c5113b3,80,2.6666666666666665,right_heel,0.5,0.5,0.0,540.0,960.0,0.5
bfa33ea4-cce2-475a-94ba-a9400c5113b3,80,2.6666666666666665,left_foot_index,0.5,0.5,0.0,540.0,960.0,0.5
bfa33ea4-cce2-475a-94ba-a9400c5113b3,80,2.6666666666666665,right_foot_index,0.5,0.5,0.0,540.0,960.0,0.5
bfa33ea4-cce2-475a-94ba-a9400c5113b3,81,2.7,nose,0.5,0.5,0.0,540.0,960.0,0.5
bfa33ea4-cce2-475a-94ba-a9400c5113b3,81,2.7,left_shoulder,0.5,0.5,0.0,540.0,960.0,0.5
bfa33ea4-cce2-475a-94ba-a9400c5113b3,81,2.7,right_shoulder,0.5,0.5,0.0,540.0,960.0,0.5
bfa33ea4-cce2-475a-94ba-a9400c5113b3,81,2.7,left_elbow,0.5,0.5,0.0,540.0,960.0,0.5
bfa33ea4-cce2-475a-94ba-a9400c5113b3,81,2.7,right_elbow,0.5,0.5,0.0,540.0,960.0,0.5
bfa33ea4-cce2-475a-94ba-a9400c5113b3,81,2.7,left_wrist,0.5,0.5,0.0,540.0,960.0,0.5
bfa33ea4-cce2-475a-94ba-a9400c5113b3,81,2.7,right_wrist,0.5,0.5,0.0,540.0,960.0,0.5
bfa33ea4-cce2-475a-94ba-a9400c5113b3,81,2.7,left_hip,0.5,0.5,0.0,540.0,960.0,0.5
bfa33ea4-cce2-475a-94ba-a9400c5113b3,81,2.7,right_hip,0.5,0.5,0.0,540.0,960.0,0.5
bfa33ea4-cce2-475a-94ba-a9400c5113b3,81,2.7,left_knee,0.5,0.5,0.0,540.0,960.0,0.5
bfa33ea4-cce2-475a-94ba-a9400c5113b3,81,2.7,right_knee,0.5,0.5,0.0,540.0,960.0,0.5
bfa33ea4-cce2-475a-94ba-a9400c5113b3,81,2.7,left_ankle,0.5,0.5,0.0,540.0,960.0,0.5
bfa33ea4-cce2-475a-94ba-a9400c5113b3,81,2.7,right_ankle,0.5,0.5,0.0,540.0,960.0,0.5
bfa33ea4-cce2-475a-94ba-a9400c5113b3,81,2.7,left_heel,0.5,0.5,0.0,540.0,960.0,0.5
bfa33ea4-cce2-475a-94ba-a9400c5113b3,81,2.7,right_heel,0.5,0.5,0.0,540.0,960.0,0.5
bfa33ea4-cce2-475a-94ba-a9400c5113b3,81,2.7,left_foot_index,0.5,0.5,0.0,540.0,960.0,0.5
bfa33ea4-cce2-475a-94ba-a9400c5113b3,81,2.7,right_foot_index,0.5,0.5,0.0,540.0,960.0,0.5
bfa33ea4-cce2-475a-94ba-a9400c5113b3,82,2.7333333333333334,nose,0.5,0.5,0.0,540.0,960.0,0.5
bfa33ea4-cce2-475a-94ba-a9400c5113b3,82,2.7333333333333334,left_shoulder,0.5,0.5,0.0,540.0,960.0,0.5
bfa33ea4-cce2-475a-94ba-a9400c5113b3,82,2.7333333333333334,right_shoulder,0.5,0.5,0.0,540.0,960.0,0.5
bfa33ea4-cce2-475a-94ba-a9400c5113b3,82,2.7333333333333334,left_elbow,0.5,0.5,0.0,540.0,960.0,0.5
bfa33ea4-cce2-475a-94ba-a9400c5113b3,82,2.7333333333333334,right_elbow,0.5,0.5,0.0,540.0,960.0,0.5
bfa33ea4-cce2-475a-94ba-a9400c5113b3,82,2.7333333333333334,left_wrist,0.5,0.5,0.0,540.0,960.0,0.5
bfa33ea4-cce2-475a-94ba-a9400c5113b3,82,2.7333333333333334,right_wrist,0.5,0.5,0.0,540.0,960.0,0.5
bfa33ea4-cce2-475a-94ba-a9400c5113b3,82,2.7333333333333334,left_hip,0.5,0.5,0.0,540.0,960.0,0.5
bfa33ea4-cce2-475a-94ba-a9400c5113b3,82,2.7333333333333334,right_hip,0.5,0.5,0.0,540.0,960.0,0.5
bfa33ea4-cce2-475a-94ba-a9400c5113b3,82,2.7333333333333334,left_knee,0.5,0.5,0.0,540.0,960.0,0.5
bfa33ea4-cce2-475a-94ba-a9400c5113b3,82,2.7333333333333334,right_knee,0.5,0.5,0.0,540.0,960.0,0.5
bfa33ea4-cce2-475a-94ba-a9400c5113b3,82,2.7333333333333334,left_ankle,0.5,0.5,0.0,540.0,960.0,0.5
bfa33ea4-cce2-475a-94ba-a9400c5113b3,82,2.7333333333333334,right_ankle,0.5,0.5,0.0,540.0,960.0,0.5
bfa33ea4-cce2-475a-94ba-a9400c5113b3,82,2.7333333333333334,left_heel,0.5,0.5,0.0,540.0,960.0,0.5
bfa33ea4-cce2-475a-94ba-a9400c5113b3,82,2.7333333333333334,right_heel,0.5,0.5,0.0,540.0,960.0,0.5
bfa33ea4-cce2-475a-94ba-a9400c5113b3,82,2.7333333333333334,left_foot_index,0.5,0.5,0.0,540.0,960.0,0.5
bfa33ea4-cce2-475a-94ba-a9400c5113b3,82,2.7333333333333334,right_foot_index,0.5,0.5,0.0,540.0,960.0,0.5
bfa33ea4-cce2-475a-94ba-a9400c5113b3,83,2.7666666666666666,nose,0.5,0.5,0.0,540.0,960.0,0.5
bfa33ea4-cce2-475a-94ba-a9400c5113b3,83,2.7666666666666666,left_shoulder,0.5,0.5,0.0,540.0,960.0,0.5
bfa33ea4-cce2-475a-94ba-a9400c5113b3,83,2.7666666666666666,right_shoulder,0.5,0.5,0.0,540.0,960.0,0.5
bfa33ea4-cce2-475a-94ba-a9400c5113b3,83,2.7666666666666666,left_elbow,0.5,0.5,0.0,540.0,960.0,0.5
bfa33ea4-cce2-475a-94ba-a9400c5113b3,83,2.7666666666666666,right_elbow,0.5,0.5,0.0,540.0,960.0,0.5
bfa33ea4-cce2-475a-94ba-a9400c5113b3,83,2.7666666666666666,left_wrist,0.5,0.5,0.0,540.0,960.0,0.5
bfa33ea4-cce2-475a-94ba-a9400c5113b3,83,2.7666666666666666,right_wrist,0.5,0.5,0.0,540.0,960.0,0.5
bfa33ea4-cce2-475a-94ba-a9400c5113b3,83,2.7666666666666666,left_hip,0.5,0.5,0.0,540.0,960.0,0.5
bfa33ea4-cce2-475a-94ba-a9400c5113b3,83,2.7666666666666666,right_hip,0.5,0.5,0.0,540.0,960.0,0.5
bfa33ea4-cce2-475a-94ba-a9400c5113b3,83,2.7666666666666666,left_knee,0.5,0.5,0.0,540.0,960.0,0.5
bfa33ea4-cce2-475a-94ba-a9400c5113b3,83,2.7666666666666666,right_knee,0.5,0.5,0.0,540.0,960.0,0.5
bfa33ea4-cce2-475a-94ba-a9400c5113b3,83,2.7666666666666666,left_ankle,0.5,0.5,0.0,540.0,960.0,0.5
bfa33ea4-cce2-475a-94ba-a9400c5113b3,83,2.7666666666666666,right_ankle,0.5,0.5,0.0,540.0,960.0,0.5
bfa33ea4-cce2-475a-94ba-a9400c5113b3,83,2.7666666666666666,left_heel,0.5,0.5,0.0,540.0,960.0,0.5
bfa33ea4-cce2-475a-94ba-a9400c5113b3,83,2.7666666666666666,right_heel,0.5,0.5,0.0,540.0,960.0,0.5
bfa33ea4-cce2-475a-94ba-a9400c5113b3,83,2.7666666666666666,left_foot_index,0.5,0.5,0.0,540.0,960.0,0.5
bfa33ea4-cce2-475a-94ba-a9400c5113b3,83,2.7666666666666666,right_foot_index,0.5,0.5,0.0,540.0,960.0,0.5
bfa33ea4-cce2-475a-94ba-a9400c5113b3,84,2.8,nose,0.5,0.5,0.0,540.0,960.0,0.5
bfa33ea4-cce2-475a-94ba-a9400c5113b3,84,2.8,left_shoulder,0.5,0.5,0.0,540.0,960.0,0.5
bfa33ea4-cce2-475a-94ba-a9400c5113b3,84,2.8,right_shoulder,0.5,0.5,0.0,540.0,960.0,0.5
bfa33ea4-cce2-475a-94ba-a9400c5113b3,84,2.8,left_elbow,0.5,0.5,0.0,540.0,960.0,0.5
bfa33ea4-cce2-475a-94ba-a9400c5113b3,84,2.8,right_elbow,0.5,0.5,0.0,540.0,960.0,0.5
bfa33ea4-cce2-475a-94ba-a9400c5113b3,84,2.8,left_wrist,0.5,0.5,0.0,540.0,960.0,0.5
bfa33ea4-cce2-475a-94ba-a9400c5113b3,84,2.8,right_wrist,0.5,0.5,0.0,540.0,960.0,0.5
bfa33ea4-cce2-475a-94ba-a9400c5113b3,84,2.8,left_hip,0.5,0.5,0.0,540.0,960.0,0.5
bfa33ea4-cce2-475a-94ba-a9400c5113b3,84,2.8,right_hip,0.5,0.5,0.0,540.0,960.0,0.5
bfa33ea4-cce2-475a-94ba-a9400c5113b3,84,2.8,left_knee,0.5,0.5,0.0,540.0,960.0,0.5
bfa33ea4-cce2-475a-94ba-a9400c5113b3,84,2.8,right_knee,0.5,0.5,0.0,540.0,960.0,0.5
bfa33ea4-cce2-475a-94ba-a9400c5113b3,84,2.8,left_ankle,0.5,0.5,0.0,540.0,960.0,0.5
bfa33ea4-cce2-475a-94ba-a9400c5113b3,84,2.8,right_ankle,0.5,0.5,0.0,540.0,960.0,0.5
bfa33ea4-cce2-475a-94ba-a9400c5113b3,84,2.8,left_heel,0.5,0.5,0.0,540.0,960.0,0.5
bfa33ea4-cce2-475a-94ba-a9400c5113b3,84,2.8,right_heel,0.5,0.5,0.0,540.0,960.0,0.5
bfa33ea4-cce2-475a-94ba-a9400c5113b3,84,2.8,left_foot_index,0.5,0.5,0.0,540.0,960.0,0.5
bfa33ea4-cce2-475a-94ba-a9400c5113b3,84,2.8,right_foot_index,0.5,0.5,0.0,540.0,960.0,0.5
bfa33ea4-cce2-475a-94ba-a9400c5113b3,85,2.8333333333333335,nose,0.5,0.5,0.0,540.0,960.0,0.5
bfa33ea4-cce2-475a-94ba-a9400c5113b3,85,2.8333333333333335,left_shoulder,0.5,0.5,0.0,540.0,960.0,0.5
bfa33ea4-cce2-475a-94ba-a9400c5113b3,85,2.8333333333333335,right_shoulder,0.5,0.5,0.0,540.0,960.0,0.5
bfa33ea4-cce2-475a-94ba-a9400c5113b3,85,2.8333333333333335,left_elbow,0.5,0.5,0.0,540.0,960.0,0.5
bfa33ea4-cce2-475a-94ba-a9400c5113b3,85,2.8333333333333335,right_elbow,0.5,0.5,0.0,540.0,960.0,0.5
bfa33ea4-cce2-475a-94ba-a9400c5113b3,85,2.8333333333333335,left_wrist,0.5,0.5,0.0,540.0,960.0,0.5
bfa33ea4-cce2-475a-94ba-a9400c5113b3,85,2.8333333333333335,right_wrist,0.5,0.5,0.0,540.0,960.0,0.5
bfa33ea4-cce2-475a-94ba-a9400c5113b3,85,2.8333333333333335,left_hip,0.5,0.5,0.0,540.0,960.0,0.5
bfa33ea4-cce2-475a-94ba-a9400c5113b3,85,2.8333333333333335,right_hip,0.5,0.5,0.0,540.0,960.0,0.5
bfa33ea4-cce2-475a-94ba-a9400c5113b3,85,2.8333333333333335,left_knee,0.5,0.5,0.0,540.0,960.0,0.5
bfa33ea4-cce2-475a-94ba-a9400c5113b3,85,2.8333333333333335,right_knee,0.5,0.5,0.0,540.0,960.0,0.5
bfa33ea4-cce2-475a-94ba-a9400c5113b3,85,2.8333333333333335,left_ankle,0.5,0.5,0.0,540.0,960.0,0.5
bfa33ea4-cce2-475a-94ba-a9400c5113b3,85,2.8333333333333335,right_ankle,0.5,0.5,0.0,540.0,960.0,0.5
bfa33ea4-cce2-475a-94ba-a9400c5113b3,85,2.8333333333333335,left_heel,0.5,0.5,0.0,540.0,960.0,0.5
bfa33ea4-cce2-475a-94ba-a9400c5113b3,85,2.8333333333333335,right_heel,0.5,0.5,0.0,540.0,960.0,0.5
bfa33ea4-cce2-475a-94ba-a9400c5113b3,85,2.8333333333333335,left_foot_index,0.5,0.5,0.0,540.0,960.0,0.5
bfa33ea4-cce2-475a-94ba-a9400c5113b3,85,2.8333333333333335,right_foot_index,0.5,0.5,0.0,540.0,960.0,0.5
bfa33ea4-cce2-475a-94ba-a9400c5113b3,86,2.8666666666666667,nose,0.5,0.5,0.0,540.0,960.0,0.5
bfa33ea4-cce2-475a-94ba-a9400c5113b3,86,2.8666666666666667,left_shoulder,0.5,0.5,0.0,540.0,960.0,0.5
bfa33ea4-cce2-475a-94ba-a9400c5113b3,86,2.8666666666666667,right_shoulder,0.5,0.5,0.0,540.0,960.0,0.5
bfa33ea4-cce2-475a-94ba-a9400c5113b3,86,2.8666666666666667,left_elbow,0.5,0.5,0.0,540.0,960.0,0.5
bfa33ea4-cce2-475a-94ba-a9400c5113b3,86,2.8666666666666667,right_elbow,0.5,0.5,0.0,540.0,960.0,0.5
bfa33ea4-cce2-475a-94ba-a9400c5113b3,86,2.8666666666666667,left_wrist,0.5,0.5,0.0,540.0,960.0,0.5
bfa33ea4-cce2-475a-94ba-a9400c5113b3,86,2.8666666666666667,right_wrist,0.5,0.5,0.0,540.0,960.0,0.5
bfa33ea4-cce2-475a-94ba-a9400c5113b3,86,2.8666666666666667,left_hip,0.5,0.5,0.0,540.0,960.0,0.5
bfa33ea4-cce2-475a-94ba-a9400c5113b3,86,2.8666666666666667,right_hip,0.5,0.5,0.0,540.0,960.0,0.5
bfa33ea4-cce2-475a-94ba-a9400c5113b3,86,2.8666666666666667,left_knee,0.5,0.5,0.0,540.0,960.0,0.5
bfa33ea4-cce2-475a-94ba-a9400c5113b3,86,2.8666666666666667,right_knee,0.5,0.5,0.0,540.0,960.0,0.5
bfa33ea4-cce2-475a-94ba-a9400c5113b3,86,2.8666666666666667,left_ankle,0.5,0.5,0.0,540.0,960.0,0.5
bfa33ea4-cce2-475a-94ba-a9400c5113b3,86,2.8666666666666667,right_ankle,0.5,0.5,0.0,540.0,960.0,0.5
bfa33ea4-cce2-475a-94ba-a9400c5113b3,86,2.8666666666666667,left_heel,0.5,0.5,0.0,540.0,960.0,0.5
bfa33ea4-cce2-475a-94ba-a9400c5113b3,86,2.8666666666666667,right_heel,0.5,0.5,0.0,540.0,960.0,0.5
bfa33ea4-cce2-475a-94ba-a9400c5113b3,86,2.8666666666666667,left_foot_index,0.5,0.5,0.0,540.0,960.0,0.5
bfa33ea4-cce2-475a-94ba-a9400c5113b3,86,2.8666666666666667,right_foot_index,0.5,0.5,0.0,540.0,960.0,0.5
bfa33ea4-cce2-475a-94ba-a9400c5113b3,87,2.9,nose,0.5,0.5,0.0,540.0,960.0,0.5
bfa33ea4-cce2-475a-94ba-a9400c5113b3,87,2.9,left_shoulder,0.5,0.5,0.0,540.0,960.0,0.5
bfa33ea4-cce2-475a-94ba-a9400c5113b3,87,2.9,right_shoulder,0.5,0.5,0.0,540.0,960.0,0.5
bfa33ea4-cce2-475a-94ba-a9400c5113b3,87,2.9,left_elbow,0.5,0.5,0.0,540.0,960.0,0.5
bfa33ea4-cce2-475a-94ba-a9400c5113b3,87,2.9,right_elbow,0.5,0.5,0.0,540.0,960.0,0.5
bfa33ea4-cce2-475a-94ba-a9400c5113b3,87,2.9,left_wrist,0.5,0.5,0.0,540.0,960.0,0.5
bfa33ea4-cce2-475a-94ba-a9400c5113b3,87,2.9,right_wrist,0.5,0.5,0.0,540.0,960.0,0.5
bfa33ea4-cce2-475a-94ba-a9400c5113b3,87,2.9,left_hip,0.5,0.5,0.0,540.0,960.0,0.5
bfa33ea4-cce2-475a-94ba-a9400c5113b3,87,2.9,right_hip,0.5,0.5,0.0,540.0,960.0,0.5
bfa33ea4-cce2-475a-94ba-a9400c5113b3,87,2.9,left_knee,0.5,0.5,0.0,540.0,960.0,0.5
bfa33ea4-cce2-475a-94ba-a9400c5113b3,87,2.9,right_knee,0.5,0.5,0.0,540.0,960.0,0.5
bfa33ea4-cce2-475a-94ba-a9400c5113b3,87,2.9,left_ankle,0.5,0.5,0.0,540.0,960.0,0.5
bfa33ea4-cce2-475a-94ba-a9400c5113b3,87,2.9,right_ankle,0.5,0.5,0.0,540.0,960.0,0.5
bfa33ea4-cce2-475a-94ba-a9400c5113b3,87,2.9,left_heel,0.5,0.5,0.0,540.0,960.0,0.5
bfa33ea4-cce2-475a-94ba-a9400c5113b3,87,2.9,right_heel,0.5,0.5,0.0,540.0,960.0,0.5
bfa33ea4-cce2-475a-94ba-a9400c5113b3,87,2.9,left_foot_index,0.5,0.5,0.0,540.0,960.0,0.5
bfa33ea4-cce2-475a-94ba-a9400c5113b3,87,2.9,right_foot_index,0.5,0.5,0.0,540.0,960.0,0.5
bfa33ea4-cce2-475a-94ba-a9400c5113b3,88,2.933333333333333,nose,0.5,0.5,0.0,540.0,960.0,0.5
bfa33ea4-cce2-475a-94ba-a9400c5113b3,88,2.933333333333333,left_shoulder,0.5,0.5,0.0,540.0,960.0,0.5
bfa33ea4-cce2-475a-94ba-a9400c5113b3,88,2.933333333333333,right_shoulder,0.5,0.5,0.0,540.0,960.0,0.5
bfa33ea4-cce2-475a-94ba-a9400c5113b3,88,2.933333333333333,left_elbow,0.5,0.5,0.0,540.0,960.0,0.5
bfa33ea4-cce2-475a-94ba-a9400c5113b3,88,2.933333333333333,right_elbow,0.5,0.5,0.0,540.0,960.0,0.5
bfa33ea4-cce2-475a-94ba-a9400c5113b3,88,2.933333333333333,left_wrist,0.5,0.5,0.0,540.0,960.0,0.5
bfa33ea4-cce2-475a-94ba-a9400c5113b3,88,2.933333333333333,right_wrist,0.5,0.5,0.0,540.0,960.0,0.5
bfa33ea4-cce2-475a-94ba-a9400c5113b3,88,2.933333333333333,left_hip,0.5,0.5,0.0,540.0,960.0,0.5
bfa33ea4-cce2-475a-94ba-a9400c5113b3,88,2.933333333333333,right_hip,0.5,0.5,0.0,540.0,960.0,0.5
bfa33ea4-cce2-475a-94ba-a9400c5113b3,88,2.933333333333333,left_knee,0.5,0.5,0.0,540.0,960.0,0.5
bfa33ea4-cce2-475a-94ba-a9400c5113b3,88,2.933333333333333,right_knee,0.5,0.5,0.0,540.0,960.0,0.5
bfa33ea4-cce2-475a-94ba-a9400c5113b3,88,2.933333333333333,left_ankle,0.5,0.5,0.0,540.0,960.0,0.5
bfa33ea4-cce2-475a-94ba-a9400c5113b3,88,2.933333333333333,right_ankle,0.5,0.5,0.0,540.0,960.0,0.5
bfa33ea4-cce2-475a-94ba-a9400c5113b3,88,2.933333333333333,left_heel,0.5,0.5,0.0,540.0,960.0,0.5
bfa33ea4-cce2-475a-94ba-a9400c5113b3,88,2.933333333333333,right_heel,0.5,0.5,0.0,540.0,960.0,0.5
bfa33ea4-cce2-475a-94ba-a9400c5113b3,88,2.933333333333333,left_foot_index,0.5,0.5,0.0,540.0,960.0,0.5
bfa33ea4-cce2-475a-94ba-a9400c5113b3,88,2.933333333333333,right_foot_index,0.5,0.5,0.0,540.0,960.0,0.5
bfa33ea4-cce2-475a-94ba-a9400c5113b3,89,2.966666666666667,nose,0.5,0.5,0.0,540.0,960.0,0.5
bfa33ea4-cce2-475a-94ba-a9400c5113b3,89,2.966666666666667,left_shoulder,0.5,0.5,0.0,540.0,960.0,0.5
bfa33ea4-cce2-475a-94ba-a9400c5113b3,89,2.966666666666667,right_shoulder,0.5,0.5,0.0,540.0,960.0,0.5
bfa33ea4-cce2-475a-94ba-a9400c5113b3,89,2.966666666666667,left_elbow,0.5,0.5,0.0,540.0,960.0,0.5
bfa33ea4-cce2-475a-94ba-a9400c5113b3,89,2.966666666666667,right_elbow,0.5,0.5,0.0,540.0,960.0,0.5
bfa33ea4-cce2-475a-94ba-a9400c5113b3,89,2.966666666666667,left_wrist,0.5,0.5,0.0,540.0,960.0,0.5
bfa33ea4-cce2-475a-94ba-a9400c5113b3,89,2.966666666666667,right_wrist,0.5,0.5,0.0,540.0,960.0,0.5
bfa33ea4-cce2-475a-94ba-a9400c5113b3,89,2.966666666666667,left_hip,0.5,0.5,0.0,540.0,960.0,0.5
bfa33ea4-cce2-475a-94ba-a9400c5113b3,89,2.966666666666667,right_hip,0.5,0.5,0.0,540.0,960.0,0.5
bfa33ea4-cce2-475a-94ba-a9400c5113b3,89,2.966666666666667,left_knee,0.5,0.5,0.0,540.0,960.0,0.5
bfa33ea4-cce2-475a-94ba-a9400c5113b3,89,2.966666666666667,right_knee,0.5,0.5,0.0,540.0,960.0,0.5
bfa33ea4-cce2-475a-94ba-a9400c5113b3,89,2.966666666666667,left_ankle,0.5,0.5,0.0,540.0,960.0,0.5
bfa33ea4-cce2-475a-94ba-a9400c5113b3,89,2.966666666666667,right_ankle,0.5,0.5,0.0,540.0,960.0,0.5
bfa33ea4-cce2-475a-94ba-a9400c5113b3,89,2.966666666666667,left_heel,0.5,0.5,0.0,540.0,960.0,0.5
bfa33ea4-cce2-475a-94ba-a9400c5113b3,89,2.966666666666667,right_heel,0.5,0.5,0.0,540.0,960.0,0.5
bfa33ea4-cce2-475a-94ba-a9400c5113b3,89,2.966666666666667,left_foot_index,0.5,0.5,0.0,540.0,960.0,0.5
bfa33ea4-cce2-475a-94ba-a9400c5113b3,89,2.966666666666667,right_foot_index,0.5,0.5,0.0,540.0,960.0,0.5
bfa33ea4-cce2-475a-94ba-a9400c5113b3,90,3.0,nose,0.5,0.5,0.0,540.0,960.0,0.5
bfa33ea4-cce2-475a-94ba-a9400c5113b3,90,3.0,left_shoulder,0.5,0.5,0.0,540.0,960.0,0.5
bfa33ea4-cce2-475a-94ba-a9400c5113b3,90,3.0,right_shoulder,0.5,0.5,0.0,540.0,960.0,0.5
bfa33ea4-cce2-475a-94ba-a9400c5113b3,90,3.0,left_elbow,0.5,0.5,0.0,540.0,960.0,0.5
bfa33ea4-cce2-475a-94ba-a9400c5113b3,90,3.0,right_elbow,0.5,0.5,0.0,540.0,960.0,0.5
bfa33ea4-cce2-475a-94ba-a9400c5113b3,90,3.0,left_wrist,0.5,0.5,0.0,540.0,960.0,0.5
bfa33ea4-cce2-475a-94ba-a9400c5113b3,90,3.0,right_wrist,0.5,0.5,0.0,540.0,960.0,0.5
bfa33ea4-cce2-475a-94ba-a9400c5113b3,90,3.0,left_hip,0.5,0.5,0.0,540.0,960.0,0.5
bfa33ea4-cce2-475a-94ba-a9400c5113b3,90,3.0,right_hip,0.5,0.5,0.0,540.0,960.0,0.5
bfa33ea4-cce2-475a-94ba-a9400c5113b3,90,3.0,left_knee,0.5,0.5,0.0,540.0,960.0,0.5
bfa33ea4-cce2-475a-94ba-a9400c5113b3,90,3.0,right_knee,0.5,0.5,0.0,540.0,960.0,0.5
bfa33ea4-cce2-475a-94ba-a9400c5113b3,90,3.0,left_ankle,0.5,0.5,0.0,540.0,960.0,0.5
bfa33ea4-cce2-475a-94ba-a9400c5113b3,90,3.0,right_ankle,0.5,0.5,0.0,540.0,960.0,0.5
bfa33ea4-cce2-475a-94ba-a9400c5113b3,90,3.0,left_heel,0.5,0.5,0.0,540.0,960.0,0.5
bfa33ea4-cce2-475a-94ba-a9400c5113b3,90,3.0,right_heel,0.5,0.5,0.0,540.0,960.0,0.5
bfa33ea4-cce2-475a-94ba-a9400c5113b3,90,3.0,left_foot_index,0.5,0.5,0.0,540.0,960.0,0.5
bfa33ea4-cce2-475a-94ba-a9400c5113b3,90,3.0,right_foot_index,0.5,0.5,0.0,540.0,960.0,0.5
bfa33ea4-cce2-475a-94ba-a9400c5113b3,91,3.033333333333333,nose,0.5,0.5,0.0,540.0,960.0,0.5
bfa33ea4-cce2-475a-94ba-a9400c5113b3,91,3.033333333333333,left_shoulder,0.5,0.5,0.0,540.0,960.0,0.5
bfa33ea4-cce2-475a-94ba-a9400c5113b3,91,3.033333333333333,right_shoulder,0.5,0.5,0.0,540.0,960.0,0.5
bfa33ea4-cce2-475a-94ba-a9400c5113b3,91,3.033333333333333,left_elbow,0.5,0.5,0.0,540.0,960.0,0.5
bfa33ea4-cce2-475a-94ba-a9400c5113b3,91,3.033333333333333,right_elbow,0.5,0.5,0.0,540.0,960.0,0.5
bfa33ea4-cce2-475a-94ba-a9400c5113b3,91,3.033333333333333,left_wrist,0.5,0.5,0.0,540.0,960.0,0.5
bfa33ea4-cce2-475a-94ba-a9400c5113b3,91,3.033333333333333,right_wrist,0.5,0.5,0.0,540.0,960.0,0.5
bfa33ea4-cce2-475a-94ba-a9400c5113b3,91,3.033333333333333,left_hip,0.5,0.5,0.0,540.0,960.0,0.5
bfa33ea4-cce2-475a-94ba-a9400c5113b3,91,3.033333333333333,right_hip,0.5,0.5,0.0,540.0,960.0,0.5
bfa33ea4-cce2-475a-94ba-a9400c5113b3,91,3.033333333333333,left_knee,0.5,0.5,0.0,540.0,960.0,0.5
bfa33ea4-cce2-475a-94ba-a9400c5113b3,91,3.033333333333333,right_knee,0.5,0.5,0.0,540.0,960.0,0.5
bfa33ea4-cce2-475a-94ba-a9400c5113b3,91,3.033333333333333,left_ankle,0.5,0.5,0.0,540.0,960.0,0.5
bfa33ea4-cce2-475a-94ba-a9400c5113b3,91,3.033333333333333,right_ankle,0.5,0.5,0.0,540.0,960.0,0.5
bfa33ea4-cce2-475a-94ba-a9400c5113b3,91,3.033333333333333,left_heel,0.5,0.5,0.0,540.0,960.0,0.5
bfa33ea4-cce2-475a-94ba-a9400c5113b3,91,3.033333333333333,right_heel,0.5,0.5,0.0,540.0,960.0,0.5
bfa33ea4-cce2-475a-94ba-a9400c5113b3,91,3.033333333333333,left_foot_index,0.5,0.5,0.0,540.0,960.0,0.5
bfa33ea4-cce2-475a-94ba-a9400c5113b3,91,3.033333333333333,right_foot_index,0.5,0.5,0.0,540.0,960.0,0.5
bfa33ea4-cce2-475a-94ba-a9400c5113b3,92,3.066666666666667,nose,0.5,0.5,0.0,540.0,960.0,0.5
bfa33ea4-cce2-475a-94ba-a9400c5113b3,92,3.066666666666667,left_shoulder,0.5,0.5,0.0,540.0,960.0,0.5
bfa33ea4-cce2-475a-94ba-a9400c5113b3,92,3.066666666666667,right_shoulder,0.5,0.5,0.0,540.0,960.0,0.5
bfa33ea4-cce2-475a-94ba-a9400c5113b3,92,3.066666666666667,left_elbow,0.5,0.5,0.0,540.0,960.0,0.5
bfa33ea4-cce2-475a-94ba-a9400c5113b3,92,3.066666666666667,right_elbow,0.5,0.5,0.0,540.0,960.0,0.5
bfa33ea4-cce2-475a-94ba-a9400c5113b3,92,3.066666666666667,left_wrist,0.5,0.5,0.0,540.0,960.0,0.5
bfa33ea4-cce2-475a-94ba-a9400c5113b3,92,3.066666666666667,right_wrist,0.5,0.5,0.0,540.0,960.0,0.5
bfa33ea4-cce2-475a-94ba-a9400c5113b3,92,3.066666666666667,left_hip,0.5,0.5,0.0,540.0,960.0,0.5
bfa33ea4-cce2-475a-94ba-a9400c5113b3,92,3.066666666666667,right_hip,0.5,0.5,0.0,540.0,960.0,0.5
bfa33ea4-cce2-475a-94ba-a9400c5113b3,92,3.066666666666667,left_knee,0.5,0.5,0.0,540.0,960.0,0.5
bfa33ea4-cce2-475a-94ba-a9400c5113b3,92,3.066666666666667,right_knee,0.5,0.5,0.0,540.0,960.0,0.5
bfa33ea4-cce2-475a-94ba-a9400c5113b3,92,3.066666666666667,left_ankle,0.5,0.5,0.0,540.0,960.0,0.5
bfa33ea4-cce2-475a-94ba-a9400c5113b3,92,3.066666666666667,right_ankle,0.5,0.5,0.0,540.0,960.0,0.5
bfa33ea4-cce2-475a-94ba-a9400c5113b3,92,3.066666666666667,left_heel,0.5,0.5,0.0,540.0,960.0,0.5
bfa33ea4-cce2-475a-94ba-a9400c5113b3,92,3.066666666666667,right_heel,0.5,0.5,0.0,540.0,960.0,0.5
bfa33ea4-cce2-475a-94ba-a9400c5113b3,92,3.066666666666667,left_foot_index,0.5,0.5,0.0,540.0,960.0,0.5
bfa33ea4-cce2-475a-94ba-a9400c5113b3,92,3.066666666666667,right_foot_index,0.5,0.5,0.0,540.0,960.0,0.5
bfa33ea4-cce2-475a-94ba-a9400c5113b3,93,3.1,nose,0.5,0.5,0.0,540.0,960.0,0.5
bfa33ea4-cce2-475a-94ba-a9400c5113b3,93,3.1,left_shoulder,0.5,0.5,0.0,540.0,960.0,0.5
bfa33ea4-cce2-475a-94ba-a9400c5113b3,93,3.1,right_shoulder,0.5,0.5,0.0,540.0,960.0,0.5
bfa33ea4-cce2-475a-94ba-a9400c5113b3,93,3.1,left_elbow,0.5,0.5,0.0,540.0,960.0,0.5
bfa33ea4-cce2-475a-94ba-a9400c5113b3,93,3.1,right_elbow,0.5,0.5,0.0,540.0,960.0,0.5
bfa33ea4-cce2-475a-94ba-a9400c5113b3,93,3.1,left_wrist,0.5,0.5,0.0,540.0,960.0,0.5
bfa33ea4-cce2-475a-94ba-a9400c5113b3,93,3.1,right_wrist,0.5,0.5,0.0,540.0,960.0,0.5
bfa33ea4-cce2-475a-94ba-a9400c5113b3,93,3.1,left_hip,0.5,0.5,0.0,540.0,960.0,0.5
bfa33ea4-cce2-475a-94ba-a9400c5113b3,93,3.1,right_hip,0.5,0.5,0.0,540.0,960.0,0.5
bfa33ea4-cce2-475a-94ba-a9400c5113b3,93,3.1,left_knee,0.5,0.5,0.0,540.0,960.0,0.5
bfa33ea4-cce2-475a-94ba-a9400c5113b3,93,3.1,right_knee,0.5,0.5,0.0,540.0,960.0,0.5
bfa33ea4-cce2-475a-94ba-a9400c5113b3,93,3.1,left_ankle,0.5,0.5,0.0,540.0,960.0,0.5
bfa33ea4-cce2-475a-94ba-a9400c5113b3,93,3.1,right_ankle,0.5,0.5,0.0,540.0,960.0,0.5
bfa33ea4-cce2-475a-94ba-a9400c5113b3,93,3.1,left_heel,0.5,0.5,0.0,540.0,960.0,0.5
bfa33ea4-cce2-475a-94ba-a9400c5113b3,93,3.1,right_heel,0.5,0.5,0.0,540.0,960.0,0.5
bfa33ea4-cce2-475a-94ba-a9400c5113b3,93,3.1,left_foot_index,0.5,0.5,0.0,540.0,960.0,0.5
bfa33ea4-cce2-475a-94ba-a9400c5113b3,93,3.1,right_foot_index,0.5,0.5,0.0,540.0,960.0,0.5
bfa33ea4-cce2-475a-94ba-a9400c5113b3,94,3.1333333333333333,nose,0.5,0.5,0.0,540.0,960.0,0.5
bfa33ea4-cce2-475a-94ba-a9400c5113b3,94,3.1333333333333333,left_shoulder,0.5,0.5,0.0,540.0,960.0,0.5
bfa33ea4-cce2-475a-94ba-a9400c5113b3,94,3.1333333333333333,right_shoulder,0.5,0.5,0.0,540.0,960.0,0.5
bfa33ea4-cce2-475a-94ba-a9400c5113b3,94,3.1333333333333333,left_elbow,0.5,0.5,0.0,540.0,960.0,0.5
bfa33ea4-cce2-475a-94ba-a9400c5113b3,94,3.1333333333333333,right_elbow,0.5,0.5,0.0,540.0,960.0,0.5
bfa33ea4-cce2-475a-94ba-a9400c5113b3,94,3.1333333333333333,left_wrist,0.5,0.5,0.0,540.0,960.0,0.5
bfa33ea4-cce2-475a-94ba-a9400c5113b3,94,3.1333333333333333,right_wrist,0.5,0.5,0.0,540.0,960.0,0.5
bfa33ea4-cce2-475a-94ba-a9400c5113b3,94,3.1333333333333333,left_hip,0.5,0.5,0.0,540.0,960.0,0.5
bfa33ea4-cce2-475a-94ba-a9400c5113b3,94,3.1333333333333333,right_hip,0.5,0.5,0.0,540.0,960.0,0.5
bfa33ea4-cce2-475a-94ba-a9400c5113b3,94,3.1333333333333333,left_knee,0.5,0.5,0.0,540.0,960.0,0.5
bfa33ea4-cce2-475a-94ba-a9400c5113b3,94,3.1333333333333333,right_knee,0.5,0.5,0.0,540.0,960.0,0.5
bfa33ea4-cce2-475a-94ba-a9400c5113b3,94,3.1333333333333333,left_ankle,0.5,0.5,0.0,540.0,960.0,0.5
bfa33ea4-cce2-475a-94ba-a9400c5113b3,94,3.1333333333333333,right_ankle,0.5,0.5,0.0,540.0,960.0,0.5
bfa33ea4-cce2-475a-94ba-a9400c5113b3,94,3.1333333333333333,left_heel,0.5,0.5,0.0,540.0,960.0,0.5
bfa33ea4-cce2-475a-94ba-a9400c5113b3,94,3.1333333333333333,right_heel,0.5,0.5,0.0,540.0,960.0,0.5
bfa33ea4-cce2-475a-94ba-a9400c5113b3,94,3.1333333333333333,left_foot_index,0.5,0.5,0.0,540.0,960.0,0.5
bfa33ea4-cce2-475a-94ba-a9400c5113b3,94,3.1333333333333333,right_foot_index,0.5,0.5,0.0,540.0,960.0,0.5
bfa33ea4-cce2-475a-94ba-a9400c5113b3,95,3.1666666666666665,nose,0.5,0.5,0.0,540.0,960.0,0.5
bfa33ea4-cce2-475a-94ba-a9400c5113b3,95,3.1666666666666665,left_shoulder,0.5,0.5,0.0,540.0,960.0,0.5
bfa33ea4-cce2-475a-94ba-a9400c5113b3,95,3.1666666666666665,right_shoulder,0.5,0.5,0.0,540.0,960.0,0.5
bfa33ea4-cce2-475a-94ba-a9400c5113b3,95,3.1666666666666665,left_elbow,0.5,0.5,0.0,540.0,960.0,0.5
bfa33ea4-cce2-475a-94ba-a9400c5113b3,95,3.1666666666666665,right_elbow,0.5,0.5,0.0,540.0,960.0,0.5
bfa33ea4-cce2-475a-94ba-a9400c5113b3,95,3.1666666666666665,left_wrist,0.5,0.5,0.0,540.0,960.0,0.5
bfa33ea4-cce2-475a-94ba-a9400c5113b3,95,3.1666666666666665,right_wrist,0.5,0.5,0.0,540.0,960.0,0.5
bfa33ea4-cce2-475a-94ba-a9400c5113b3,95,3.1666666666666665,left_hip,0.5,0.5,0.0,540.0,960.0,0.5
bfa33ea4-cce2-475a-94ba-a9400c5113b3,95,3.1666666666666665,right_hip,0.5,0.5,0.0,540.0,960.0,0.5
bfa33ea4-cce2-475a-94ba-a9400c5113b3,95,3.1666666666666665,left_knee,0.5,0.5,0.0,540.0,960.0,0.5
bfa33ea4-cce2-475a-94ba-a9400c5113b3,95,3.1666666666666665,right_knee,0.5,0.5,0.0,540.0,960.0,0.5
bfa33ea4-cce2-475a-94ba-a9400c5113b3,95,3.1666666666666665,left_ankle,0.5,0.5,0.0,540.0,960.0,0.5
bfa33ea4-cce2-475a-94ba-a9400c5113b3,95,3.1666666666666665,right_ankle,0.5,0.5,0.0,540.0,960.0,0.5
bfa33ea4-cce2-475a-94ba-a9400c5113b3,95,3.1666666666666665,left_heel,0.5,0.5,0.0,540.0,960.0,0.5
bfa33ea4-cce2-475a-94ba-a9400c5113b3,95,3.1666666666666665,right_heel,0.5,0.5,0.0,540.0,960.0,0.5
bfa33ea4-cce2-475a-94ba-a9400c5113b3,95,3.1666666666666665,left_foot_index,0.5,0.5,0.0,540.0,960.0,0.5
bfa33ea4-cce2-475a-94ba-a9400c5113b3,95,3.1666666666666665,right_foot_index,0.5,0.5,0.0,540.0,960.0,0.5
bfa33ea4-cce2-475a-94ba-a9400c5113b3,96,3.2,nose,0.5,0.5,0.0,540.0,960.0,0.5
bfa33ea4-cce2-475a-94ba-a9400c5113b3,96,3.2,left_shoulder,0.5,0.5,0.0,540.0,960.0,0.5
bfa33ea4-cce2-475a-94ba-a9400c5113b3,96,3.2,right_shoulder,0.5,0.5,0.0,540.0,960.0,0.5
bfa33ea4-cce2-475a-94ba-a9400c5113b3,96,3.2,left_elbow,0.5,0.5,0.0,540.0,960.0,0.5
bfa33ea4-cce2-475a-94ba-a9400c5113b3,96,3.2,right_elbow,0.5,0.5,0.0,540.0,960.0,0.5
bfa33ea4-cce2-475a-94ba-a9400c5113b3,96,3.2,left_wrist,0.5,0.5,0.0,540.0,960.0,0.5
bfa33ea4-cce2-475a-94ba-a9400c5113b3,96,3.2,right_wrist,0.5,0.5,0.0,540.0,960.0,0.5
bfa33ea4-cce2-475a-94ba-a9400c5113b3,96,3.2,left_hip,0.5,0.5,0.0,540.0,960.0,0.5
bfa33ea4-cce2-475a-94ba-a9400c5113b3,96,3.2,right_hip,0.5,0.5,0.0,540.0,960.0,0.5
bfa33ea4-cce2-475a-94ba-a9400c5113b3,96,3.2,left_knee,0.5,0.5,0.0,540.0,960.0,0.5
bfa33ea4-cce2-475a-94ba-a9400c5113b3,96,3.2,right_knee,0.5,0.5,0.0,540.0,960.0,0.5
bfa33ea4-cce2-475a-94ba-a9400c5113b3,96,3.2,left_ankle,0.5,0.5,0.0,540.0,960.0,0.5
bfa33ea4-cce2-475a-94ba-a9400c5113b3,96,3.2,right_ankle,0.5,0.5,0.0,540.0,960.0,0.5
bfa33ea4-cce2-475a-94ba-a9400c5113b3,96,3.2,left_heel,0.5,0.5,0.0,540.0,960.0,0.5
bfa33ea4-cce2-475a-94ba-a9400c5113b3,96,3.2,right_heel,0.5,0.5,0.0,540.0,960.0,0.5
bfa33ea4-cce2-475a-94ba-a9400c5113b3,96,3.2,left_foot_index,0.5,0.5,0.0,540.0,960.0,0.5
bfa33ea4-cce2-475a-94ba-a9400c5113b3,96,3.2,right_foot_index,0.5,0.5,0.0,540.0,960.0,0.5
bfa33ea4-cce2-475a-94ba-a9400c5113b3,97,3.2333333333333334,nose,0.5,0.5,0.0,540.0,960.0,0.5
bfa33ea4-cce2-475a-94ba-a9400c5113b3,97,3.2333333333333334,left_shoulder,0.5,0.5,0.0,540.0,960.0,0.5
bfa33ea4-cce2-475a-94ba-a9400c5113b3,97,3.2333333333333334,right_shoulder,0.5,0.5,0.0,540.0,960.0,0.5
bfa33ea4-cce2-475a-94ba-a9400c5113b3,97,3.2333333333333334,left_elbow,0.5,0.5,0.0,540.0,960.0,0.5
bfa33ea4-cce2-475a-94ba-a9400c5113b3,97,3.2333333333333334,right_elbow,0.5,0.5,0.0,540.0,960.0,0.5
bfa33ea4-cce2-475a-94ba-a9400c5113b3,97,3.2333333333333334,left_wrist,0.5,0.5,0.0,540.0,960.0,0.5
bfa33ea4-cce2-475a-94ba-a9400c5113b3,97,3.2333333333333334,right_wrist,0.5,0.5,0.0,540.0,960.0,0.5
bfa33ea4-cce2-475a-94ba-a9400c5113b3,97,3.2333333333333334,left_hip,0.5,0.5,0.0,540.0,960.0,0.5
bfa33ea4-cce2-475a-94ba-a9400c5113b3,97,3.2333333333333334,right_hip,0.5,0.5,0.0,540.0,960.0,0.5
bfa33ea4-cce2-475a-94ba-a9400c5113b3,97,3.2333333333333334,left_knee,0.5,0.5,0.0,540.0,960.0,0.5
bfa33ea4-cce2-475a-94ba-a9400c5113b3,97,3.2333333333333334,right_knee,0.5,0.5,0.0,540.0,960.0,0.5
bfa33ea4-cce2-475a-94ba-a9400c5113b3,97,3.2333333333333334,left_ankle,0.5,0.5,0.0,540.0,960.0,0.5
bfa33ea4-cce2-475a-94ba-a9400c5113b3,97,3.2333333333333334,right_ankle,0.5,0.5,0.0,540.0,960.0,0.5
bfa33ea4-cce2-475a-94ba-a9400c5113b3,97,3.2333333333333334,left_heel,0.5,0.5,0.0,540.0,960.0,0.5
bfa33ea4-cce2-475a-94ba-a9400c5113b3,97,3.2333333333333334,right_heel,0.5,0.5,0.0,540.0,960.0,0.5
bfa33ea4-cce2-475a-94ba-a9400c5113b3,97,3.2333333333333334,left_foot_index,0.5,0.5,0.0,540.0,960.0,0.5
bfa33ea4-cce2-475a-94ba-a9400c5113b3,97,3.2333333333333334,right_foot_index,0.5,0.5,0.0,540.0,960.0,0.5
bfa33ea4-cce2-475a-94ba-a9400c5113b3,98,3.2666666666666666,nose,0.5,0.5,0.0,540.0,960.0,0.5
bfa33ea4-cce2-475a-94ba-a9400c5113b3,98,3.2666666666666666,left_shoulder,0.5,0.5,0.0,540.0,960.0,0.5
bfa33ea4-cce2-475a-94ba-a9400c5113b3,98,3.2666666666666666,right_shoulder,0.5,0.5,0.0,540.0,960.0,0.5
bfa33ea4-cce2-475a-94ba-a9400c5113b3,98,3.2666666666666666,left_elbow,0.5,0.5,0.0,540.0,960.0,0.5
bfa33ea4-cce2-475a-94ba-a9400c5113b3,98,3.2666666666666666,right_elbow,0.5,0.5,0.0,540.0,960.0,0.5
bfa33ea4-cce2-475a-94ba-a9400c5113b3,98,3.2666666666666666,left_wrist,0.5,0.5,0.0,540.0,960.0,0.5
bfa33ea4-cce2-475a-94ba-a9400c5113b3,98,3.2666666666666666,right_wrist,0.5,0.5,0.0,540.0,960.0,0.5
bfa33ea4-cce2-475a-94ba-a9400c5113b3,98,3.2666666666666666,left_hip,0.5,0.5,0.0,540.0,960.0,0.5
bfa33ea4-cce2-475a-94ba-a9400c5113b3,98,3.2666666666666666,right_hip,0.5,0.5,0.0,540.0,960.0,0.5
bfa33ea4-cce2-475a-94ba-a9400c5113b3,98,3.2666666666666666,left_knee,0.5,0.5,0.0,540.0,960.0,0.5
bfa33ea4-cce2-475a-94ba-a9400c5113b3,98,3.2666666666666666,right_knee,0.5,0.5,0.0,540.0,960.0,0.5
bfa33ea4-cce2-475a-94ba-a9400c5113b3,98,3.2666666666666666,left_ankle,0.5,0.5,0.0,540.0,960.0,0.5
bfa33ea4-cce2-475a-94ba-a9400c5113b3,98,3.2666666666666666,right_ankle,0.5,0.5,0.0,540.0,960.0,0.5
bfa33ea4-cce2-475a-94ba-a9400c5113b3,98,3.2666666666666666,left_heel,0.5,0.5,0.0,540.0,960.0,0.5
bfa33ea4-cce2-475a-94ba-a9400c5113b3,98,3.2666666666666666,right_heel,0.5,0.5,0.0,540.0,960.0,0.5
bfa33ea4-cce2-475a-94ba-a9400c5113b3,98,3.2666666666666666,left_foot_index,0.5,0.5,0.0,540.0,960.0,0.5
bfa33ea4-cce2-475a-94ba-a9400c5113b3,98,3.2666666666666666,right_foot_index,0.5,0.5,0.0,540.0,960.0,0.5
bfa33ea4-cce2-475a-94ba-a9400c5113b3,99,3.3,nose,0.5,0.5,0.0,540.0,960.0,0.5
bfa33ea4-cce2-475a-94ba-a9400c5113b3,99,3.3,left_shoulder,0.5,0.5,0.0,540.0,960.0,0.5
bfa33ea4-cce2-475a-94ba-a9400c5113b3,99,3.3,right_shoulder,0.5,0.5,0.0,540.0,960.0,0.5
bfa33ea4-cce2-475a-94ba-a9400c5113b3,99,3.3,left_elbow,0.5,0.5,0.0,540.0,960.0,0.5
bfa33ea4-cce2-475a-94ba-a9400c5113b3,99,3.3,right_elbow,0.5,0.5,0.0,540.0,960.0,0.5
bfa33ea4-cce2-475a-94ba-a9400c5113b3,99,3.3,left_wrist,0.5,0.5,0.0,540.0,960.0,0.5
bfa33ea4-cce2-475a-94ba-a9400c5113b3,99,3.3,right_wrist,0.5,0.5,0.0,540.0,960.0,0.5
bfa33ea4-cce2-475a-94ba-a9400c5113b3,99,3.3,left_hip,0.5,0.5,0.0,540.0,960.0,0.5
bfa33ea4-cce2-475a-94ba-a9400c5113b3,99,3.3,right_hip,0.5,0.5,0.0,540.0,960.0,0.5
bfa33ea4-cce2-475a-94ba-a9400c5113b3,99,3.3,left_knee,0.5,0.5,0.0,540.0,960.0,0.5
bfa33ea4-cce2-475a-94ba-a9400c5113b3,99,3.3,right_knee,0.5,0.5,0.0,540.0,960.0,0.5
bfa33ea4-cce2-475a-94ba-a9400c5113b3,99,3.3,left_ankle,0.5,0.5,0.0,540.0,960.0,0.5
bfa33ea4-cce2-475a-94ba-a9400c5113b3,99,3.3,right_ankle,0.5,0.5,0.0,540.0,960.0,0.5
bfa33ea4-cce2-475a-94ba-a9400c5113b3,99,3.3,left_heel,0.5,0.5,0.0,540.0,960.0,0.5
bfa33ea4-cce2-475a-94ba-a9400c5113b3,99,3.3,right_heel,0.5,0.5,0.0,540.0,960.0,0.5
bfa33ea4-cce2-475a-94ba-a9400c5113b3,99,3.3,left_foot_index,0.5,0.5,0.0,540.0,960.0,0.5
bfa33ea4-cce2-475a-94ba-a9400c5113b3,99,3.3,right_foot_index,0.5,0.5,0.0,540.0,960.0,0.5
bfa33ea4-cce2-475a-94ba-a9400c5113b3,100,3.3333333333333335,nose,0.5,0.5,0.0,540.0,960.0,0.5
bfa33ea4-cce2-475a-94ba-a9400c5113b3,100,3.3333333333333335,left_shoulder,0.5,0.5,0.0,540.0,960.0,0.5
bfa33ea4-cce2-475a-94ba-a9400c5113b3,100,3.3333333333333335,right_shoulder,0.5,0.5,0.0,540.0,960.0,0.5
bfa33ea4-cce2-475a-94ba-a9400c5113b3,100,3.3333333333333335,left_elbow,0.5,0.5,0.0,540.0,960.0,0.5
bfa33ea4-cce2-475a-94ba-a9400c5113b3,100,3.3333333333333335,right_elbow,0.5,0.5,0.0,540.0,960.0,0.5
bfa33ea4-cce2-475a-94ba-a9400c5113b3,100,3.3333333333333335,left_wrist,0.5,0.5,0.0,540.0,960.0,0.5
bfa33ea4-cce2-475a-94ba-a9400c5113b3,100,3.3333333333333335,right_wrist,0.5,0.5,0.0,540.0,960.0,0.5
bfa33ea4-cce2-475a-94ba-a9400c5113b3,100,3.3333333333333335,left_hip,0.5,0.5,0.0,540.0,960.0,0.5
bfa33ea4-cce2-475a-94ba-a9400c5113b3,100,3.3333333333333335,right_hip,0.5,0.5,0.0,540.0,960.0,0.5
bfa33ea4-cce2-475a-94ba-a9400c5113b3,100,3.3333333333333335,left_knee,0.5,0.5,0.0,540.0,960.0,0.5
bfa33ea4-cce2-475a-94ba-a9400c5113b3,100,3.3333333333333335,right_knee,0.5,0.5,0.0,540.0,960.0,0.5
bfa33ea4-cce2-475a-94ba-a9400c5113b3,100,3.3333333333333335,left_ankle,0.5,0.5,0.0,540.0,960.0,0.5
bfa33ea4-cce2-475a-94ba-a9400c5113b3,100,3.3333333333333335,right_ankle,0.5,0.5,0.0,540.0,960.0,0.5
bfa33ea4-cce2-475a-94ba-a9400c5113b3,100,3.3333333333333335,left_heel,0.5,0.5,0.0,540.0,960.0,0.5
bfa33ea4-cce2-475a-94ba-a9400c5113b3,100,3.3333333333333335,right_heel,0.5,0.5,0.0,540.0,960.0,0.5
bfa33ea4-cce2-475a-94ba-a9400c5113b3,100,3.3333333333333335,left_foot_index,0.5,0.5,0.0,540.0,960.0,0.5
bfa33ea4-cce2-475a-94ba-a9400c5113b3,100,3.3333333333333335,right_foot_index,0.5,0.5,0.0,540.0,960.0,0.5
bfa33ea4-cce2-475a-94ba-a9400c5113b3,101,3.3666666666666667,nose,0.5,0.5,0.0,540.0,960.0,0.5
bfa33ea4-cce2-475a-94ba-a9400c5113b3,101,3.3666666666666667,left_shoulder,0.5,0.5,0.0,540.0,960.0,0.5
bfa33ea4-cce2-475a-94ba-a9400c5113b3,101,3.3666666666666667,right_shoulder,0.5,0.5,0.0,540.0,960.0,0.5
bfa33ea4-cce2-475a-94ba-a9400c5113b3,101,3.3666666666666667,left_elbow,0.5,0.5,0.0,540.0,960.0,0.5
bfa33ea4-cce2-475a-94ba-a9400c5113b3,101,3.3666666666666667,right_elbow,0.5,0.5,0.0,540.0,960.0,0.5
bfa33ea4-cce2-475a-94ba-a9400c5113b3,101,3.3666666666666667,left_wrist,0.5,0.5,0.0,540.0,960.0,0.5
bfa33ea4-cce2-475a-94ba-a9400c5113b3,101,3.3666666666666667,right_wrist,0.5,0.5,0.0,540.0,960.0,0.5
bfa33ea4-cce2-475a-94ba-a9400c5113b3,101,3.3666666666666667,left_hip,0.5,0.5,0.0,540.0,960.0,0.5
bfa33ea4-cce2-475a-94ba-a9400c5113b3,101,3.3666666666666667,right_hip,0.5,0.5,0.0,540.0,960.0,0.5
bfa33ea4-cce2-475a-94ba-a9400c5113b3,101,3.3666666666666667,left_knee,0.5,0.5,0.0,540.0,960.0,0.5
bfa33ea4-cce2-475a-94ba-a9400c5113b3,101,3.3666666666666667,right_knee,0.5,0.5,0.0,540.0,960.0,0.5
bfa33ea4-cce2-475a-94ba-a9400c5113b3,101,3.3666666666666667,left_ankle,0.5,0.5,0.0,540.0,960.0,0.5
bfa33ea4-cce2-475a-94ba-a9400c5113b3,101,3.3666666666666667,right_ankle,0.5,0.5,0.0,540.0,960.0,0.5
bfa33ea4-cce2-475a-94ba-a9400c5113b3,101,3.3666666666666667,left_heel,0.5,0.5,0.0,540.0,960.0,0.5
bfa33ea4-cce2-475a-94ba-a9400c5113b3,101,3.3666666666666667,right_heel,0.5,0.5,0.0,540.0,960.0,0.5
bfa33ea4-cce2-475a-94ba-a9400c5113b3,101,3.3666666666666667,left_foot_index,0.5,0.5,0.0,540.0,960.0,0.5
bfa33ea4-cce2-475a-94ba-a9400c5113b3,101,3.3666666666666667,right_foot_index,0.5,0.5,0.0,540.0,960.0,0.5
bfa33ea4-cce2-475a-94ba-a9400c5113b3,102,3.4,nose,0.5,0.5,0.0,540.0,960.0,0.5
bfa33ea4-cce2-475a-94ba-a9400c5113b3,102,3.4,left_shoulder,0.5,0.5,0.0,540.0,960.0,0.5
bfa33ea4-cce2-475a-94ba-a9400c5113b3,102,3.4,right_shoulder,0.5,0.5,0.0,540.0,960.0,0.5
bfa33ea4-cce2-475a-94ba-a9400c5113b3,102,3.4,left_elbow,0.5,0.5,0.0,540.0,960.0,0.5
bfa33ea4-cce2-475a-94ba-a9400c5113b3,102,3.4,right_elbow,0.5,0.5,0.0,540.0,960.0,0.5
bfa33ea4-cce2-475a-94ba-a9400c5113b3,102,3.4,left_wrist,0.5,0.5,0.0,540.0,960.0,0.5
bfa33ea4-cce2-475a-94ba-a9400c5113b3,102,3.4,right_wrist,0.5,0.5,0.0,540.0,960.0,0.5
bfa33ea4-cce2-475a-94ba-a9400c5113b3,102,3.4,left_hip,0.5,0.5,0.0,540.0,960.0,0.5
bfa33ea4-cce2-475a-94ba-a9400c5113b3,102,3.4,right_hip,0.5,0.5,0.0,540.0,960.0,0.5
bfa33ea4-cce2-475a-94ba-a9400c5113b3,102,3.4,left_knee,0.5,0.5,0.0,540.0,960.0,0.5
bfa33ea4-cce2-475a-94ba-a9400c5113b3,102,3.4,right_knee,0.5,0.5,0.0,540.0,960.0,0.5
bfa33ea4-cce2-475a-94ba-a9400c5113b3,102,3.4,left_ankle,0.5,0.5,0.0,540.0,960.0,0.5
bfa33ea4-cce2-475a-94ba-a9400c5113b3,102,3.4,right_ankle,0.5,0.5,0.0,540.0,960.0,0.5
bfa33ea4-cce2-475a-94ba-a9400c5113b3,102,3.4,left_heel,0.5,0.5,0.0,540.0,960.0,0.5
bfa33ea4-cce2-475a-94ba-a9400c5113b3,102,3.4,right_heel,0.5,0.5,0.0,540.0,960.0,0.5
bfa33ea4-cce2-475a-94ba-a9400c5113b3,102,3.4,left_foot_index,0.5,0.5,0.0,540.0,960.0,0.5
bfa33ea4-cce2-475a-94ba-a9400c5113b3,102,3.4,right_foot_index,0.5,0.5,0.0,540.0,960.0,0.5
bfa33ea4-cce2-475a-94ba-a9400c5113b3,103,3.433333333333333,nose,0.5,0.5,0.0,540.0,960.0,0.5
bfa33ea4-cce2-475a-94ba-a9400c5113b3,103,3.433333333333333,left_shoulder,0.5,0.5,0.0,540.0,960.0,0.5
bfa33ea4-cce2-475a-94ba-a9400c5113b3,103,3.433333333333333,right_shoulder,0.5,0.5,0.0,540.0,960.0,0.5
bfa33ea4-cce2-475a-94ba-a9400c5113b3,103,3.433333333333333,left_elbow,0.5,0.5,0.0,540.0,960.0,0.5
bfa33ea4-cce2-475a-94ba-a9400c5113b3,103,3.433333333333333,right_elbow,0.5,0.5,0.0,540.0,960.0,0.5
bfa33ea4-cce2-475a-94ba-a9400c5113b3,103,3.433333333333333,left_wrist,0.5,0.5,0.0,540.0,960.0,0.5
bfa33ea4-cce2-475a-94ba-a9400c5113b3,103,3.433333333333333,right_wrist,0.5,0.5,0.0,540.0,960.0,0.5
bfa33ea4-cce2-475a-94ba-a9400c5113b3,103,3.433333333333333,left_hip,0.5,0.5,0.0,540.0,960.0,0.5
bfa33ea4-cce2-475a-94ba-a9400c5113b3,103,3.433333333333333,right_hip,0.5,0.5,0.0,540.0,960.0,0.5
bfa33ea4-cce2-475a-94ba-a9400c5113b3,103,3.433333333333333,left_knee,0.5,0.5,0.0,540.0,960.0,0.5
bfa33ea4-cce2-475a-94ba-a9400c5113b3,103,3.433333333333333,right_knee,0.5,0.5,0.0,540.0,960.0,0.5
bfa33ea4-cce2-475a-94ba-a9400c5113b3,103,3.433333333333333,left_ankle,0.5,0.5,0.0,540.0,960.0,0.5
bfa33ea4-cce2-475a-94ba-a9400c5113b3,103,3.433333333333333,right_ankle,0.5,0.5,0.0,540.0,960.0,0.5
bfa33ea4-cce2-475a-94ba-a9400c5113b3,103,3.433333333333333,left_heel,0.5,0.5,0.0,540.0,960.0,0.5
bfa33ea4-cce2-475a-94ba-a9400c5113b3,103,3.433333333333333,right_heel,0.5,0.5,0.0,540.0,960.0,0.5
bfa33ea4-cce2-475a-94ba-a9400c5113b3,103,3.433333333333333,left_foot_index,0.5,0.5,0.0,540.0,960.0,0.5
bfa33ea4-cce2-475a-94ba-a9400c5113b3,103,3.433333333333333,right_foot_index,0.5,0.5,0.0,540.0,960.0,0.5
bfa33ea4-cce2-475a-94ba-a9400c5113b3,104,3.466666666666667,nose,0.5,0.5,0.0,540.0,960.0,0.5
bfa33ea4-cce2-475a-94ba-a9400c5113b3,104,3.466666666666667,left_shoulder,0.5,0.5,0.0,540.0,960.0,0.5
bfa33ea4-cce2-475a-94ba-a9400c5113b3,104,3.466666666666667,right_shoulder,0.5,0.5,0.0,540.0,960.0,0.5
bfa33ea4-cce2-475a-94ba-a9400c5113b3,104,3.466666666666667,left_elbow,0.5,0.5,0.0,540.0,960.0,0.5
bfa33ea4-cce2-475a-94ba-a9400c5113b3,104,3.466666666666667,right_elbow,0.5,0.5,0.0,540.0,960.0,0.5
bfa33ea4-cce2-475a-94ba-a9400c5113b3,104,3.466666666666667,left_wrist,0.5,0.5,0.0,540.0,960.0,0.5
bfa33ea4-cce2-475a-94ba-a9400c5113b3,104,3.466666666666667,right_wrist,0.5,0.5,0.0,540.0,960.0,0.5
bfa33ea4-cce2-475a-94ba-a9400c5113b3,104,3.466666666666667,left_hip,0.5,0.5,0.0,540.0,960.0,0.5
bfa33ea4-cce2-475a-94ba-a9400c5113b3,104,3.466666666666667,right_hip,0.5,0.5,0.0,540.0,960.0,0.5
bfa33ea4-cce2-475a-94ba-a9400c5113b3,104,3.466666666666667,left_knee,0.5,0.5,0.0,540.0,960.0,0.5
bfa33ea4-cce2-475a-94ba-a9400c5113b3,104,3.466666666666667,right_knee,0.5,0.5,0.0,540.0,960.0,0.5
bfa33ea4-cce2-475a-94ba-a9400c5113b3,104,3.466666666666667,left_ankle,0.5,0.5,0.0,540.0,960.0,0.5
bfa33ea4-cce2-475a-94ba-a9400c5113b3,104,3.466666666666667,right_ankle,0.5,0.5,0.0,540.0,960.0,0.5
bfa33ea4-cce2-475a-94ba-a9400c5113b3,104,3.466666666666667,left_heel,0.5,0.5,0.0,540.0,960.0,0.5
bfa33ea4-cce2-475a-94ba-a9400c5113b3,104,3.466666666666667,right_heel,0.5,0.5,0.0,540.0,960.0,0.5
bfa33ea4-cce2-475a-94ba-a9400c5113b3,104,3.466666666666667,left_foot_index,0.5,0.5,0.0,540.0,960.0,0.5
bfa33ea4-cce2-475a-94ba-a9400c5113b3,104,3.466666666666667,right_foot_index,0.5,0.5,0.0,540.0,960.0,0.5
bfa33ea4-cce2-475a-94ba-a9400c5113b3,105,3.5,nose,0.5,0.5,0.0,540.0,960.0,0.5
bfa33ea4-cce2-475a-94ba-a9400c5113b3,105,3.5,left_shoulder,0.5,0.5,0.0,540.0,960.0,0.5
bfa33ea4-cce2-475a-94ba-a9400c5113b3,105,3.5,right_shoulder,0.5,0.5,0.0,540.0,960.0,0.5
bfa33ea4-cce2-475a-94ba-a9400c5113b3,105,3.5,left_elbow,0.5,0.5,0.0,540.0,960.0,0.5
bfa33ea4-cce2-475a-94ba-a9400c5113b3,105,3.5,right_elbow,0.5,0.5,0.0,540.0,960.0,0.5
bfa33ea4-cce2-475a-94ba-a9400c5113b3,105,3.5,left_wrist,0.5,0.5,0.0,540.0,960.0,0.5
bfa33ea4-cce2-475a-94ba-a9400c5113b3,105,3.5,right_wrist,0.5,0.5,0.0,540.0,960.0,0.5
bfa33ea4-cce2-475a-94ba-a9400c5113b3,105,3.5,left_hip,0.5,0.5,0.0,540.0,960.0,0.5
bfa33ea4-cce2-475a-94ba-a9400c5113b3,105,3.5,right_hip,0.5,0.5,0.0,540.0,960.0,0.5
bfa33ea4-cce2-475a-94ba-a9400c5113b3,105,3.5,left_knee,0.5,0.5,0.0,540.0,960.0,0.5
bfa33ea4-cce2-475a-94ba-a9400c5113b3,105,3.5,right_knee,0.5,0.5,0.0,540.0,960.0,0.5
bfa33ea4-cce2-475a-94ba-a9400c5113b3,105,3.5,left_ankle,0.5,0.5,0.0,540.0,960.0,0.5
bfa33ea4-cce2-475a-94ba-a9400c5113b3,105,3.5,right_ankle,0.5,0.5,0.0,540.0,960.0,0.5
bfa33ea4-cce2-475a-94ba-a9400c5113b3,105,3.5,left_heel,0.5,0.5,0.0,540.0,960.0,0.5
bfa33ea4-cce2-475a-94ba-a9400c5113b3,105,3.5,right_heel,0.5,0.5,0.0,540.0,960.0,0.5
bfa33ea4-cce2-475a-94ba-a9400c5113b3,105,3.5,left_foot_index,0.5,0.5,0.0,540.0,960.0,0.5
bfa33ea4-cce2-475a-94ba-a9400c5113b3,105,3.5,right_foot_index,0.5,0.5,0.0,540.0,960.0,0.5
bfa33ea4-cce2-475a-94ba-a9400c5113b3,106,3.533333333333333,nose,0.5,0.5,0.0,540.0,960.0,0.5
bfa33ea4-cce2-475a-94ba-a9400c5113b3,106,3.533333333333333,left_shoulder,0.5,0.5,0.0,540.0,960.0,0.5
bfa33ea4-cce2-475a-94ba-a9400c5113b3,106,3.533333333333333,right_shoulder,0.5,0.5,0.0,540.0,960.0,0.5
bfa33ea4-cce2-475a-94ba-a9400c5113b3,106,3.533333333333333,left_elbow,0.5,0.5,0.0,540.0,960.0,0.5
bfa33ea4-cce2-475a-94ba-a9400c5113b3,106,3.533333333333333,right_elbow,0.5,0.5,0.0,540.0,960.0,0.5
bfa33ea4-cce2-475a-94ba-a9400c5113b3,106,3.533333333333333,left_wrist,0.5,0.5,0.0,540.0,960.0,0.5
bfa33ea4-cce2-475a-94ba-a9400c5113b3,106,3.533333333333333,right_wrist,0.5,0.5,0.0,540.0,960.0,0.5
bfa33ea4-cce2-475a-94ba-a9400c5113b3,106,3.533333333333333,left_hip,0.5,0.5,0.0,540.0,960.0,0.5
bfa33ea4-cce2-475a-94ba-a9400c5113b3,106,3.533333333333333,right_hip,0.5,0.5,0.0,540.0,960.0,0.5
bfa33ea4-cce2-475a-94ba-a9400c5113b3,106,3.533333333333333,left_knee,0.5,0.5,0.0,540.0,960.0,0.5
bfa33ea4-cce2-475a-94ba-a9400c5113b3,106,3.533333333333333,right_knee,0.5,0.5,0.0,540.0,960.0,0.5
bfa33ea4-cce2-475a-94ba-a9400c5113b3,106,3.533333333333333,left_ankle,0.5,0.5,0.0,540.0,960.0,0.5
bfa33ea4-cce2-475a-94ba-a9400c5113b3,106,3.533333333333333,right_ankle,0.5,0.5,0.0,540.0,960.0,0.5
bfa33ea4-cce2-475a-94ba-a9400c5113b3,106,3.533333333333333,left_heel,0.5,0.5,0.0,540.0,960.0,0.5
bfa33ea4-cce2-475a-94ba-a9400c5113b3,106,3.533333333333333,right_heel,0.5,0.5,0.0,540.0,960.0,0.5
bfa33ea4-cce2-475a-94ba-a9400c5113b3,106,3.533333333333333,left_foot_index,0.5,0.5,0.0,540.0,960.0,0.5
bfa33ea4-cce2-475a-94ba-a9400c5113b3,106,3.533333333333333,right_foot_index,0.5,0.5,0.0,540.0,960.0,0.5
bfa33ea4-cce2-475a-94ba-a9400c5113b3,107,3.566666666666667,nose,0.5,0.5,0.0,540.0,960.0,0.5
bfa33ea4-cce2-475a-94ba-a9400c5113b3,107,3.566666666666667,left_shoulder,0.5,0.5,0.0,540.0,960.0,0.5
bfa33ea4-cce2-475a-94ba-a9400c5113b3,107,3.566666666666667,right_shoulder,0.5,0.5,0.0,540.0,960.0,0.5
bfa33ea4-cce2-475a-94ba-a9400c5113b3,107,3.566666666666667,left_elbow,0.5,0.5,0.0,540.0,960.0,0.5
bfa33ea4-cce2-475a-94ba-a9400c5113b3,107,3.566666666666667,right_elbow,0.5,0.5,0.0,540.0,960.0,0.5
bfa33ea4-cce2-475a-94ba-a9400c5113b3,107,3.566666666666667,left_wrist,0.5,0.5,0.0,540.0,960.0,0.5
bfa33ea4-cce2-475a-94ba-a9400c5113b3,107,3.566666666666667,right_wrist,0.5,0.5,0.0,540.0,960.0,0.5
bfa33ea4-cce2-475a-94ba-a9400c5113b3,107,3.566666666666667,left_hip,0.5,0.5,0.0,540.0,960.0,0.5
bfa33ea4-cce2-475a-94ba-a9400c5113b3,107,3.566666666666667,right_hip,0.5,0.5,0.0,540.0,960.0,0.5
bfa33ea4-cce2-475a-94ba-a9400c5113b3,107,3.566666666666667,left_knee,0.5,0.5,0.0,540.0,960.0,0.5
bfa33ea4-cce2-475a-94ba-a9400c5113b3,107,3.566666666666667,right_knee,0.5,0.5,0.0,540.0,960.0,0.5
bfa33ea4-cce2-475a-94ba-a9400c5113b3,107,3.566666666666667,left_ankle,0.5,0.5,0.0,540.0,960.0,0.5
bfa33ea4-cce2-475a-94ba-a9400c5113b3,107,3.566666666666667,right_ankle,0.5,0.5,0.0,540.0,960.0,0.5
bfa33ea4-cce2-475a-94ba-a9400c5113b3,107,3.566666666666667,left_heel,0.5,0.5,0.0,540.0,960.0,0.5
bfa33ea4-cce2-475a-94ba-a9400c5113b3,107,3.566666666666667,right_heel,0.5,0.5,0.0,540.0,960.0,0.5
bfa33ea4-cce2-475a-94ba-a9400c5113b3,107,3.566666666666667,left_foot_index,0.5,0.5,0.0,540.0,960.0,0.5
bfa33ea4-cce2-475a-94ba-a9400c5113b3,107,3.566666666666667,right_foot_index,0.5,0.5,0.0,540.0,960.0,0.5
bfa33ea4-cce2-475a-94ba-a9400c5113b3,108,3.6,nose,0.5,0.5,0.0,540.0,960.0,0.5
bfa33ea4-cce2-475a-94ba-a9400c5113b3,108,3.6,left_shoulder,0.5,0.5,0.0,540.0,960.0,0.5
bfa33ea4-cce2-475a-94ba-a9400c5113b3,108,3.6,right_shoulder,0.5,0.5,0.0,540.0,960.0,0.5
bfa33ea4-cce2-475a-94ba-a9400c5113b3,108,3.6,left_elbow,0.5,0.5,0.0,540.0,960.0,0.5
bfa33ea4-cce2-475a-94ba-a9400c5113b3,108,3.6,right_elbow,0.5,0.5,0.0,540.0,960.0,0.5
bfa33ea4-cce2-475a-94ba-a9400c5113b3,108,3.6,left_wrist,0.5,0.5,0.0,540.0,960.0,0.5
bfa33ea4-cce2-475a-94ba-a9400c5113b3,108,3.6,right_wrist,0.5,0.5,0.0,540.0,960.0,0.5
bfa33ea4-cce2-475a-94ba-a9400c5113b3,108,3.6,left_hip,0.5,0.5,0.0,540.0,960.0,0.5
bfa33ea4-cce2-475a-94ba-a9400c5113b3,108,3.6,right_hip,0.5,0.5,0.0,540.0,960.0,0.5
bfa33ea4-cce2-475a-94ba-a9400c5113b3,108,3.6,left_knee,0.5,0.5,0.0,540.0,960.0,0.5
bfa33ea4-cce2-475a-94ba-a9400c5113b3,108,3.6,right_knee,0.5,0.5,0.0,540.0,960.0,0.5
bfa33ea4-cce2-475a-94ba-a9400c5113b3,108,3.6,left_ankle,0.5,0.5,0.0,540.0,960.0,0.5
bfa33ea4-cce2-475a-94ba-a9400c5113b3,108,3.6,right_ankle,0.5,0.5,0.0,540.0,960.0,0.5
bfa33ea4-cce2-475a-94ba-a9400c5113b3,108,3.6,left_heel,0.5,0.5,0.0,540.0,960.0,0.5
bfa33ea4-cce2-475a-94ba-a9400c5113b3,108,3.6,right_heel,0.5,0.5,0.0,540.0,960.0,0.5
bfa33ea4-cce2-475a-94ba-a9400c5113b3,108,3.6,left_foot_index,0.5,0.5,0.0,540.0,960.0,0.5
bfa33ea4-cce2-475a-94ba-a9400c5113b3,108,3.6,right_foot_index,0.5,0.5,0.0,540.0,960.0,0.5
bfa33ea4-cce2-475a-94ba-a9400c5113b3,109,3.6333333333333333,nose,0.5,0.5,0.0,540.0,960.0,0.5
bfa33ea4-cce2-475a-94ba-a9400c5113b3,109,3.6333333333333333,left_shoulder,0.5,0.5,0.0,540.0,960.0,0.5
bfa33ea4-cce2-475a-94ba-a9400c5113b3,109,3.6333333333333333,right_shoulder,0.5,0.5,0.0,540.0,960.0,0.5
bfa33ea4-cce2-475a-94ba-a9400c5113b3,109,3.6333333333333333,left_elbow,0.5,0.5,0.0,540.0,960.0,0.5
bfa33ea4-cce2-475a-94ba-a9400c5113b3,109,3.6333333333333333,right_elbow,0.5,0.5,0.0,540.0,960.0,0.5
bfa33ea4-cce2-475a-94ba-a9400c5113b3,109,3.6333333333333333,left_wrist,0.5,0.5,0.0,540.0,960.0,0.5
bfa33ea4-cce2-475a-94ba-a9400c5113b3,109,3.6333333333333333,right_wrist,0.5,0.5,0.0,540.0,960.0,0.5
bfa33ea4-cce2-475a-94ba-a9400c5113b3,109,3.6333333333333333,left_hip,0.5,0.5,0.0,540.0,960.0,0.5
bfa33ea4-cce2-475a-94ba-a9400c5113b3,109,3.6333333333333333,right_hip,0.5,0.5,0.0,540.0,960.0,0.5
bfa33ea4-cce2-475a-94ba-a9400c5113b3,109,3.6333333333333333,left_knee,0.5,0.5,0.0,540.0,960.0,0.5
bfa33ea4-cce2-475a-94ba-a9400c5113b3,109,3.6333333333333333,right_knee,0.5,0.5,0.0,540.0,960.0,0.5
bfa33ea4-cce2-475a-94ba-a9400c5113b3,109,3.6333333333333333,left_ankle,0.5,0.5,0.0,540.0,960.0,0.5
bfa33ea4-cce2-475a-94ba-a9400c5113b3,109,3.6333333333333333,right_ankle,0.5,0.5,0.0,540.0,960.0,0.5
bfa33ea4-cce2-475a-94ba-a9400c5113b3,109,3.6333333333333333,left_heel,0.5,0.5,0.0,540.0,960.0,0.5
bfa33ea4-cce2-475a-94ba-a9400c5113b3,109,3.6333333333333333,right_heel,0.5,0.5,0.0,540.0,960.0,0.5
bfa33ea4-cce2-475a-94ba-a9400c5113b3,109,3.6333333333333333,left_foot_index,0.5,0.5,0.0,540.0,960.0,0.5
bfa33ea4-cce2-475a-94ba-a9400c5113b3,109,3.6333333333333333,right_foot_index,0.5,0.5,0.0,540.0,960.0,0.5
bfa33ea4-cce2-475a-94ba-a9400c5113b3,110,3.6666666666666665,nose,0.5,0.5,0.0,540.0,960.0,0.5
bfa33ea4-cce2-475a-94ba-a9400c5113b3,110,3.6666666666666665,left_shoulder,0.5,0.5,0.0,540.0,960.0,0.5
bfa33ea4-cce2-475a-94ba-a9400c5113b3,110,3.6666666666666665,right_shoulder,0.5,0.5,0.0,540.0,960.0,0.5
bfa33ea4-cce2-475a-94ba-a9400c5113b3,110,3.6666666666666665,left_elbow,0.5,0.5,0.0,540.0,960.0,0.5
bfa33ea4-cce2-475a-94ba-a9400c5113b3,110,3.6666666666666665,right_elbow,0.5,0.5,0.0,540.0,960.0,0.5
bfa33ea4-cce2-475a-94ba-a9400c5113b3,110,3.6666666666666665,left_wrist,0.5,0.5,0.0,540.0,960.0,0.5
bfa33ea4-cce2-475a-94ba-a9400c5113b3,110,3.6666666666666665,right_wrist,0.5,0.5,0.0,540.0,960.0,0.5
bfa33ea4-cce2-475a-94ba-a9400c5113b3,110,3.6666666666666665,left_hip,0.5,0.5,0.0,540.0,960.0,0.5
bfa33ea4-cce2-475a-94ba-a9400c5113b3,110,3.6666666666666665,right_hip,0.5,0.5,0.0,540.0,960.0,0.5
bfa33ea4-cce2-475a-94ba-a9400c5113b3,110,3.6666666666666665,left_knee,0.5,0.5,0.0,540.0,960.0,0.5
bfa33ea4-cce2-475a-94ba-a9400c5113b3,110,3.6666666666666665,right_knee,0.5,0.5,0.0,540.0,960.0,0.5
bfa33ea4-cce2-475a-94ba-a9400c5113b3,110,3.6666666666666665,left_ankle,0.5,0.5,0.0,540.0,960.0,0.5
bfa33ea4-cce2-475a-94ba-a9400c5113b3,110,3.6666666666666665,right_ankle,0.5,0.5,0.0,540.0,960.0,0.5
bfa33ea4-cce2-475a-94ba-a9400c5113b3,110,3.6666666666666665,left_heel,0.5,0.5,0.0,540.0,960.0,0.5
bfa33ea4-cce2-475a-94ba-a9400c5113b3,110,3.6666666666666665,right_heel,0.5,0.5,0.0,540.0,960.0,0.5
bfa33ea4-cce2-475a-94ba-a9400c5113b3,110,3.6666666666666665,left_foot_index,0.5,0.5,0.0,540.0,960.0,0.5
bfa33ea4-cce2-475a-94ba-a9400c5113b3,110,3.6666666666666665,right_foot_index,0.5,0.5,0.0,540.0,960.0,0.5
bfa33ea4-cce2-475a-94ba-a9400c5113b3,111,3.7,nose,0.5,0.5,0.0,540.0,960.0,0.5
bfa33ea4-cce2-475a-94ba-a9400c5113b3,111,3.7,left_shoulder,0.5,0.5,0.0,540.0,960.0,0.5
bfa33ea4-cce2-475a-94ba-a9400c5113b3,111,3.7,right_shoulder,0.5,0.5,0.0,540.0,960.0,0.5
bfa33ea4-cce2-475a-94ba-a9400c5113b3,111,3.7,left_elbow,0.5,0.5,0.0,540.0,960.0,0.5
bfa33ea4-cce2-475a-94ba-a9400c5113b3,111,3.7,right_elbow,0.5,0.5,0.0,540.0,960.0,0.5
bfa33ea4-cce2-475a-94ba-a9400c5113b3,111,3.7,left_wrist,0.5,0.5,0.0,540.0,960.0,0.5
bfa33ea4-cce2-475a-94ba-a9400c5113b3,111,3.7,right_wrist,0.5,0.5,0.0,540.0,960.0,0.5
bfa33ea4-cce2-475a-94ba-a9400c5113b3,111,3.7,left_hip,0.5,0.5,0.0,540.0,960.0,0.5
bfa33ea4-cce2-475a-94ba-a9400c5113b3,111,3.7,right_hip,0.5,0.5,0.0,540.0,960.0,0.5
bfa33ea4-cce2-475a-94ba-a9400c5113b3,111,3.7,left_knee,0.5,0.5,0.0,540.0,960.0,0.5
bfa33ea4-cce2-475a-94ba-a9400c5113b3,111,3.7,right_knee,0.5,0.5,0.0,540.0,960.0,0.5
bfa33ea4-cce2-475a-94ba-a9400c5113b3,111,3.7,left_ankle,0.5,0.5,0.0,540.0,960.0,0.5
bfa33ea4-cce2-475a-94ba-a9400c5113b3,111,3.7,right_ankle,0.5,0.5,0.0,540.0,960.0,0.5
bfa33ea4-cce2-475a-94ba-a9400c5113b3,111,3.7,left_heel,0.5,0.5,0.0,540.0,960.0,0.5
bfa33ea4-cce2-475a-94ba-a9400c5113b3,111,3.7,right_heel,0.5,0.5,0.0,540.0,960.0,0.5
bfa33ea4-cce2-475a-94ba-a9400c5113b3,111,3.7,left_foot_index,0.5,0.5,0.0,540.0,960.0,0.5
bfa33ea4-cce2-475a-94ba-a9400c5113b3,111,3.7,right_foot_index,0.5,0.5,0.0,540.0,960.0,0.5
bfa33ea4-cce2-475a-94ba-a9400c5113b3,112,3.7333333333333334,nose,0.5,0.5,0.0,540.0,960.0,0.5
bfa33ea4-cce2-475a-94ba-a9400c5113b3,112,3.7333333333333334,left_shoulder,0.5,0.5,0.0,540.0,960.0,0.5
bfa33ea4-cce2-475a-94ba-a9400c5113b3,112,3.7333333333333334,right_shoulder,0.5,0.5,0.0,540.0,960.0,0.5
bfa33ea4-cce2-475a-94ba-a9400c5113b3,112,3.7333333333333334,left_elbow,0.5,0.5,0.0,540.0,960.0,0.5
bfa33ea4-cce2-475a-94ba-a9400c5113b3,112,3.7333333333333334,right_elbow,0.5,0.5,0.0,540.0,960.0,0.5
bfa33ea4-cce2-475a-94ba-a9400c5113b3,112,3.7333333333333334,left_wrist,0.5,0.5,0.0,540.0,960.0,0.5
bfa33ea4-cce2-475a-94ba-a9400c5113b3,112,3.7333333333333334,right_wrist,0.5,0.5,0.0,540.0,960.0,0.5
bfa33ea4-cce2-475a-94ba-a9400c5113b3,112,3.7333333333333334,left_hip,0.5,0.5,0.0,540.0,960.0,0.5
bfa33ea4-cce2-475a-94ba-a9400c5113b3,112,3.7333333333333334,right_hip,0.5,0.5,0.0,540.0,960.0,0.5
bfa33ea4-cce2-475a-94ba-a9400c5113b3,112,3.7333333333333334,left_knee,0.5,0.5,0.0,540.0,960.0,0.5
bfa33ea4-cce2-475a-94ba-a9400c5113b3,112,3.7333333333333334,right_knee,0.5,0.5,0.0,540.0,960.0,0.5
bfa33ea4-cce2-475a-94ba-a9400c5113b3,112,3.7333333333333334,left_ankle,0.5,0.5,0.0,540.0,960.0,0.5
bfa33ea4-cce2-475a-94ba-a9400c5113b3,112,3.7333333333333334,right_ankle,0.5,0.5,0.0,540.0,960.0,0.5
bfa33ea4-cce2-475a-94ba-a9400c5113b3,112,3.7333333333333334,left_heel,0.5,0.5,0.0,540.0,960.0,0.5
bfa33ea4-cce2-475a-94ba-a9400c5113b3,112,3.7333333333333334,right_heel,0.5,0.5,0.0,540.0,960.0,0.5
bfa33ea4-cce2-475a-94ba-a9400c5113b3,112,3.7333333333333334,left_foot_index,0.5,0.5,0.0,540.0,960.0,0.5
bfa33ea4-cce2-475a-94ba-a9400c5113b3,112,3.7333333333333334,right_foot_index,0.5,0.5,0.0,540.0,960.0,0.5
bfa33ea4-cce2-475a-94ba-a9400c5113b3,113,3.7666666666666666,nose,0.5,0.5,0.0,540.0,960.0,0.5
bfa33ea4-cce2-475a-94ba-a9400c5113b3,113,3.7666666666666666,left_shoulder,0.5,0.5,0.0,540.0,960.0,0.5
bfa33ea4-cce2-475a-94ba-a9400c5113b3,113,3.7666666666666666,right_shoulder,0.5,0.5,0.0,540.0,960.0,0.5
bfa33ea4-cce2-475a-94ba-a9400c5113b3,113,3.7666666666666666,left_elbow,0.5,0.5,0.0,540.0,960.0,0.5
bfa33ea4-cce2-475a-94ba-a9400c5113b3,113,3.7666666666666666,right_elbow,0.5,0.5,0.0,540.0,960.0,0.5
bfa33ea4-cce2-475a-94ba-a9400c5113b3,113,3.7666666666666666,left_wrist,0.5,0.5,0.0,540.0,960.0,0.5
bfa33ea4-cce2-475a-94ba-a9400c5113b3,113,3.7666666666666666,right_wrist,0.5,0.5,0.0,540.0,960.0,0.5
bfa33ea4-cce2-475a-94ba-a9400c5113b3,113,3.7666666666666666,left_hip,0.5,0.5,0.0,540.0,960.0,0.5
bfa33ea4-cce2-475a-94ba-a9400c5113b3,113,3.7666666666666666,right_hip,0.5,0.5,0.0,540.0,960.0,0.5
bfa33ea4-cce2-475a-94ba-a9400c5113b3,113,3.7666666666666666,left_knee,0.5,0.5,0.0,540.0,960.0,0.5
bfa33ea4-cce2-475a-94ba-a9400c5113b3,113,3.7666666666666666,right_knee,0.5,0.5,0.0,540.0,960.0,0.5
bfa33ea4-cce2-475a-94ba-a9400c5113b3,113,3.7666666666666666,left_ankle,0.5,0.5,0.0,540.0,960.0,0.5
bfa33ea4-cce2-475a-94ba-a9400c5113b3,113,3.7666666666666666,right_ankle,0.5,0.5,0.0,540.0,960.0,0.5
bfa33ea4-cce2-475a-94ba-a9400c5113b3,113,3.7666666666666666,left_heel,0.5,0.5,0.0,540.0,960.0,0.5
bfa33ea4-cce2-475a-94ba-a9400c5113b3,113,3.7666666666666666,right_heel,0.5,0.5,0.0,540.0,960.0,0.5
bfa33ea4-cce2-475a-94ba-a9400c5113b3,113,3.7666666666666666,left_foot_index,0.5,0.5,0.0,540.0,960.0,0.5
bfa33ea4-cce2-475a-94ba-a9400c5113b3,113,3.7666666666666666,right_foot_index,0.5,0.5,0.0,540.0,960.0,0.5
bfa33ea4-cce2-475a-94ba-a9400c5113b3,114,3.8,nose,0.5,0.5,0.0,540.0,960.0,0.5
bfa33ea4-cce2-475a-94ba-a9400c5113b3,114,3.8,left_shoulder,0.5,0.5,0.0,540.0,960.0,0.5
bfa33ea4-cce2-475a-94ba-a9400c5113b3,114,3.8,right_shoulder,0.5,0.5,0.0,540.0,960.0,0.5
bfa33ea4-cce2-475a-94ba-a9400c5113b3,114,3.8,left_elbow,0.5,0.5,0.0,540.0,960.0,0.5
bfa33ea4-cce2-475a-94ba-a9400c5113b3,114,3.8,right_elbow,0.5,0.5,0.0,540.0,960.0,0.5
bfa33ea4-cce2-475a-94ba-a9400c5113b3,114,3.8,left_wrist,0.5,0.5,0.0,540.0,960.0,0.5
bfa33ea4-cce2-475a-94ba-a9400c5113b3,114,3.8,right_wrist,0.5,0.5,0.0,540.0,960.0,0.5
bfa33ea4-cce2-475a-94ba-a9400c5113b3,114,3.8,left_hip,0.5,0.5,0.0,540.0,960.0,0.5
bfa33ea4-cce2-475a-94ba-a9400c5113b3,114,3.8,right_hip,0.5,0.5,0.0,540.0,960.0,0.5
bfa33ea4-cce2-475a-94ba-a9400c5113b3,114,3.8,left_knee,0.5,0.5,0.0,540.0,960.0,0.5
bfa33ea4-cce2-475a-94ba-a9400c5113b3,114,3.8,right_knee,0.5,0.5,0.0,540.0,960.0,0.5
bfa33ea4-cce2-475a-94ba-a9400c5113b3,114,3.8,left_ankle,0.5,0.5,0.0,540.0,960.0,0.5
bfa33ea4-cce2-475a-94ba-a9400c5113b3,114,3.8,right_ankle,0.5,0.5,0.0,540.0,960.0,0.5
bfa33ea4-cce2-475a-94ba-a9400c5113b3,114,3.8,left_heel,0.5,0.5,0.0,540.0,960.0,0.5
bfa33ea4-cce2-475a-94ba-a9400c5113b3,114,3.8,right_heel,0.5,0.5,0.0,540.0,960.0,0.5
bfa33ea4-cce2-475a-94ba-a9400c5113b3,114,3.8,left_foot_index,0.5,0.5,0.0,540.0,960.0,0.5
bfa33ea4-cce2-475a-94ba-a9400c5113b3,114,3.8,right_foot_index,0.5,0.5,0.0,540.0,960.0,0.5
bfa33ea4-cce2-475a-94ba-a9400c5113b3,115,3.8333333333333335,nose,0.5,0.5,0.0,540.0,960.0,0.5
bfa33ea4-cce2-475a-94ba-a9400c5113b3,115,3.8333333333333335,left_shoulder,0.5,0.5,0.0,540.0,960.0,0.5
bfa33ea4-cce2-475a-94ba-a9400c5113b3,115,3.8333333333333335,right_shoulder,0.5,0.5,0.0,540.0,960.0,0.5
bfa33ea4-cce2-475a-94ba-a9400c5113b3,115,3.8333333333333335,left_elbow,0.5,0.5,0.0,540.0,960.0,0.5
bfa33ea4-cce2-475a-94ba-a9400c5113b3,115,3.8333333333333335,right_elbow,0.5,0.5,0.0,540.0,960.0,0.5
bfa33ea4-cce2-475a-94ba-a9400c5113b3,115,3.8333333333333335,left_wrist,0.5,0.5,0.0,540.0,960.0,0.5
bfa33ea4-cce2-475a-94ba-a9400c5113b3,115,3.8333333333333335,right_wrist,0.5,0.5,0.0,540.0,960.0,0.5
bfa33ea4-cce2-475a-94ba-a9400c5113b3,115,3.8333333333333335,left_hip,0.5,0.5,0.0,540.0,960.0,0.5
bfa33ea4-cce2-475a-94ba-a9400c5113b3,115,3.8333333333333335,right_hip,0.5,0.5,0.0,540.0,960.0,0.5
bfa33ea4-cce2-475a-94ba-a9400c5113b3,115,3.8333333333333335,left_knee,0.5,0.5,0.0,540.0,960.0,0.5
bfa33ea4-cce2-475a-94ba-a9400c5113b3,115,3.8333333333333335,right_knee,0.5,0.5,0.0,540.0,960.0,0.5
bfa33ea4-cce2-475a-94ba-a9400c5113b3,115,3.8333333333333335,left_ankle,0.5,0.5,0.0,540.0,960.0,0.5
bfa33ea4-cce2-475a-94ba-a9400c5113b3,115,3.8333333333333335,right_ankle,0.5,0.5,0.0,540.0,960.0,0.5
bfa33ea4-cce2-475a-94ba-a9400c5113b3,115,3.8333333333333335,left_heel,0.5,0.5,0.0,540.0,960.0,0.5
bfa33ea4-cce2-475a-94ba-a9400c5113b3,115,3.8333333333333335,right_heel,0.5,0.5,0.0,540.0,960.0,0.5
bfa33ea4-cce2-475a-94ba-a9400c5113b3,115,3.8333333333333335,left_foot_index,0.5,0.5,0.0,540.0,960.0,0.5
bfa33ea4-cce2-475a-94ba-a9400c5113b3,115,3.8333333333333335,right_foot_index,0.5,0.5,0.0,540.0,960.0,0.5
bfa33ea4-cce2-475a-94ba-a9400c5113b3,116,3.8666666666666667,nose,0.5,0.5,0.0,540.0,960.0,0.5
bfa33ea4-cce2-475a-94ba-a9400c5113b3,116,3.8666666666666667,left_shoulder,0.5,0.5,0.0,540.0,960.0,0.5
bfa33ea4-cce2-475a-94ba-a9400c5113b3,116,3.8666666666666667,right_shoulder,0.5,0.5,0.0,540.0,960.0,0.5
bfa33ea4-cce2-475a-94ba-a9400c5113b3,116,3.8666666666666667,left_elbow,0.5,0.5,0.0,540.0,960.0,0.5
bfa33ea4-cce2-475a-94ba-a9400c5113b3,116,3.8666666666666667,right_elbow,0.5,0.5,0.0,540.0,960.0,0.5
bfa33ea4-cce2-475a-94ba-a9400c5113b3,116,3.8666666666666667,left_wrist,0.5,0.5,0.0,540.0,960.0,0.5
bfa33ea4-cce2-475a-94ba-a9400c5113b3,116,3.8666666666666667,right_wrist,0.5,0.5,0.0,540.0,960.0,0.5
bfa33ea4-cce2-475a-94ba-a9400c5113b3,116,3.8666666666666667,left_hip,0.5,0.5,0.0,540.0,960.0,0.5
bfa33ea4-cce2-475a-94ba-a9400c5113b3,116,3.8666666666666667,right_hip,0.5,0.5,0.0,540.0,960.0,0.5
bfa33ea4-cce2-475a-94ba-a9400c5113b3,116,3.8666666666666667,left_knee,0.5,0.5,0.0,540.0,960.0,0.5
bfa33ea4-cce2-475a-94ba-a9400c5113b3,116,3.8666666666666667,right_knee,0.5,0.5,0.0,540.0,960.0,0.5
bfa33ea4-cce2-475a-94ba-a9400c5113b3,116,3.8666666666666667,left_ankle,0.5,0.5,0.0,540.0,960.0,0.5
bfa33ea4-cce2-475a-94ba-a9400c5113b3,116,3.8666666666666667,right_ankle,0.5,0.5,0.0,540.0,960.0,0.5
bfa33ea4-cce2-475a-94ba-a9400c5113b3,116,3.8666666666666667,left_heel,0.5,0.5,0.0,540.0,960.0,0.5
bfa33ea4-cce2-475a-94ba-a9400c5113b3,116,3.8666666666666667,right_heel,0.5,0.5,0.0,540.0,960.0,0.5
bfa33ea4-cce2-475a-94ba-a9400c5113b3,116,3.8666666666666667,left_foot_index,0.5,0.5,0.0,540.0,960.0,0.5
bfa33ea4-cce2-475a-94ba-a9400c5113b3,116,3.8666666666666667,right_foot_index,0.5,0.5,0.0,540.0,960.0,0.5
bfa33ea4-cce2-475a-94ba-a9400c5113b3,117,3.9,nose,0.5,0.5,0.0,540.0,960.0,0.5
bfa33ea4-cce2-475a-94ba-a9400c5113b3,117,3.9,left_shoulder,0.5,0.5,0.0,540.0,960.0,0.5
bfa33ea4-cce2-475a-94ba-a9400c5113b3,117,3.9,right_shoulder,0.5,0.5,0.0,540.0,960.0,0.5
bfa33ea4-cce2-475a-94ba-a9400c5113b3,117,3.9,left_elbow,0.5,0.5,0.0,540.0,960.0,0.5
bfa33ea4-cce2-475a-94ba-a9400c5113b3,117,3.9,right_elbow,0.5,0.5,0.0,540.0,960.0,0.5
bfa33ea4-cce2-475a-94ba-a9400c5113b3,117,3.9,left_wrist,0.5,0.5,0.0,540.0,960.0,0.5
bfa33ea4-cce2-475a-94ba-a9400c5113b3,117,3.9,right_wrist,0.5,0.5,0.0,540.0,960.0,0.5
bfa33ea4-cce2-475a-94ba-a9400c5113b3,117,3.9,left_hip,0.5,0.5,0.0,540.0,960.0,0.5
bfa33ea4-cce2-475a-94ba-a9400c5113b3,117,3.9,right_hip,0.5,0.5,0.0,540.0,960.0,0.5
bfa33ea4-cce2-475a-94ba-a9400c5113b3,117,3.9,left_knee,0.5,0.5,0.0,540.0,960.0,0.5
bfa33ea4-cce2-475a-94ba-a9400c5113b3,117,3.9,right_knee,0.5,0.5,0.0,540.0,960.0,0.5
bfa33ea4-cce2-475a-94ba-a9400c5113b3,117,3.9,left_ankle,0.5,0.5,0.0,540.0,960.0,0.5
bfa33ea4-cce2-475a-94ba-a9400c5113b3,117,3.9,right_ankle,0.5,0.5,0.0,540.0,960.0,0.5
bfa33ea4-cce2-475a-94ba-a9400c5113b3,117,3.9,left_heel,0.5,0.5,0.0,540.0,960.0,0.5
bfa33ea4-cce2-475a-94ba-a9400c5113b3,117,3.9,right_heel,0.5,0.5,0.0,540.0,960.0,0.5
bfa33ea4-cce2-475a-94ba-a9400c5113b3,117,3.9,left_foot_index,0.5,0.5,0.0,540.0,960.0,0.5
bfa33ea4-cce2-475a-94ba-a9400c5113b3,117,3.9,right_foot_index,0.5,0.5,0.0,540.0,960.0,0.5
bfa33ea4-cce2-475a-94ba-a9400c5113b3,118,3.933333333333333,nose,0.5,0.5,0.0,540.0,960.0,0.5
bfa33ea4-cce2-475a-94ba-a9400c5113b3,118,3.933333333333333,left_shoulder,0.5,0.5,0.0,540.0,960.0,0.5
bfa33ea4-cce2-475a-94ba-a9400c5113b3,118,3.933333333333333,right_shoulder,0.5,0.5,0.0,540.0,960.0,0.5
bfa33ea4-cce2-475a-94ba-a9400c5113b3,118,3.933333333333333,left_elbow,0.5,0.5,0.0,540.0,960.0,0.5
bfa33ea4-cce2-475a-94ba-a9400c5113b3,118,3.933333333333333,right_elbow,0.5,0.5,0.0,540.0,960.0,0.5
bfa33ea4-cce2-475a-94ba-a9400c5113b3,118,3.933333333333333,left_wrist,0.5,0.5,0.0,540.0,960.0,0.5
bfa33ea4-cce2-475a-94ba-a9400c5113b3,118,3.933333333333333,right_wrist,0.5,0.5,0.0,540.0,960.0,0.5
bfa33ea4-cce2-475a-94ba-a9400c5113b3,118,3.933333333333333,left_hip,0.5,0.5,0.0,540.0,960.0,0.5
bfa33ea4-cce2-475a-94ba-a9400c5113b3,118,3.933333333333333,right_hip,0.5,0.5,0.0,540.0,960.0,0.5
bfa33ea4-cce2-475a-94ba-a9400c5113b3,118,3.933333333333333,left_knee,0.5,0.5,0.0,540.0,960.0,0.5
bfa33ea4-cce2-475a-94ba-a9400c5113b3,118,3.933333333333333,right_knee,0.5,0.5,0.0,540.0,960.0,0.5
bfa33ea4-cce2-475a-94ba-a9400c5113b3,118,3.933333333333333,left_ankle,0.5,0.5,0.0,540.0,960.0,0.5
bfa33ea4-cce2-475a-94ba-a9400c5113b3,118,3.933333333333333,right_ankle,0.5,0.5,0.0,540.0,960.0,0.5
bfa33ea4-cce2-475a-94ba-a9400c5113b3,118,3.933333333333333,left_heel,0.5,0.5,0.0,540.0,960.0,0.5
bfa33ea4-cce2-475a-94ba-a9400c5113b3,118,3.933333333333333,right_heel,0.5,0.5,0.0,540.0,960.0,0.5
bfa33ea4-cce2-475a-94ba-a9400c5113b3,118,3.933333333333333,left_foot_index,0.5,0.5,0.0,540.0,960.0,0.5
bfa33ea4-cce2-475a-94ba-a9400c5113b3,118,3.933333333333333,right_foot_index,0.5,0.5,0.0,540.0,960.0,0.5
bfa33ea4-cce2-475a-94ba-a9400c5113b3,119,3.966666666666667,nose,0.5,0.5,0.0,540.0,960.0,0.5
bfa33ea4-cce2-475a-94ba-a9400c5113b3,119,3.966666666666667,left_shoulder,0.5,0.5,0.0,540.0,960.0,0.5
bfa33ea4-cce2-475a-94ba-a9400c5113b3,119,3.966666666666667,right_shoulder,0.5,0.5,0.0,540.0,960.0,0.5
bfa33ea4-cce2-475a-94ba-a9400c5113b3,119,3.966666666666667,left_elbow,0.5,0.5,0.0,540.0,960.0,0.5
bfa33ea4-cce2-475a-94ba-a9400c5113b3,119,3.966666666666667,right_elbow,0.5,0.5,0.0,540.0,960.0,0.5
bfa33ea4-cce2-475a-94ba-a9400c5113b3,119,3.966666666666667,left_wrist,0.5,0.5,0.0,540.0,960.0,0.5
bfa33ea4-cce2-475a-94ba-a9400c5113b3,119,3.966666666666667,right_wrist,0.5,0.5,0.0,540.0,960.0,0.5
bfa33ea4-cce2-475a-94ba-a9400c5113b3,119,3.966666666666667,left_hip,0.5,0.5,0.0,540.0,960.0,0.5
bfa33ea4-cce2-475a-94ba-a9400c5113b3,119,3.966666666666667,right_hip,0.5,0.5,0.0,540.0,960.0,0.5
bfa33ea4-cce2-475a-94ba-a9400c5113b3,119,3.966666666666667,left_knee,0.5,0.5,0.0,540.0,960.0,0.5
bfa33ea4-cce2-475a-94ba-a9400c5113b3,119,3.966666666666667,right_knee,0.5,0.5,0.0,540.0,960.0,0.5
bfa33ea4-cce2-475a-94ba-a9400c5113b3,119,3.966666666666667,left_ankle,0.5,0.5,0.0,540.0,960.0,0.5
bfa33ea4-cce2-475a-94ba-a9400c5113b3,119,3.966666666666667,right_ankle,0.5,0.5,0.0,540.0,960.0,0.5
bfa33ea4-cce2-475a-94ba-a9400c5113b3,119,3.966666666666667,left_heel,0.5,0.5,0.0,540.0,960.0,0.5
bfa33ea4-cce2-475a-94ba-a9400c5113b3,119,3.966666666666667,right_heel,0.5,0.5,0.0,540.0,960.0,0.5
bfa33ea4-cce2-475a-94ba-a9400c5113b3,119,3.966666666666667,left_foot_index,0.5,0.5,0.0,540.0,960.0,0.5
bfa33ea4-cce2-475a-94ba-a9400c5113b3,119,3.966666666666667,right_foot_index,0.5,0.5,0.0,540.0,960.0,0.5
bfa33ea4-cce2-475a-94ba-a9400c5113b3,120,4.0,nose,0.5,0.5,0.0,540.0,960.0,0.5
bfa33ea4-cce2-475a-94ba-a9400c5113b3,120,4.0,left_shoulder,0.5,0.5,0.0,540.0,960.0,0.5
bfa33ea4-cce2-475a-94ba-a9400c5113b3,120,4.0,right_shoulder,0.5,0.5,0.0,540.0,960.0,0.5
bfa33ea4-cce2-475a-94ba-a9400c5113b3,120,4.0,left_elbow,0.5,0.5,0.0,540.0,960.0,0.5
bfa33ea4-cce2-475a-94ba-a9400c5113b3,120,4.0,right_elbow,0.5,0.5,0.0,540.0,960.0,0.5
bfa33ea4-cce2-475a-94ba-a9400c5113b3,120,4.0,left_wrist,0.5,0.5,0.0,540.0,960.0,0.5
bfa33ea4-cce2-475a-94ba-a9400c5113b3,120,4.0,right_wrist,0.5,0.5,0.0,540.0,960.0,0.5
bfa33ea4-cce2-475a-94ba-a9400c5113b3,120,4.0,left_hip,0.5,0.5,0.0,540.0,960.0,0.5
bfa33ea4-cce2-475a-94ba-a9400c5113b3,120,4.0,right_hip,0.5,0.5,0.0,540.0,960.0,0.5
bfa33ea4-cce2-475a-94ba-a9400c5113b3,120,4.0,left_knee,0.5,0.5,0.0,540.0,960.0,0.5
bfa33ea4-cce2-475a-94ba-a9400c5113b3,120,4.0,right_knee,0.5,0.5,0.0,540.0,960.0,0.5
bfa33ea4-cce2-475a-94ba-a9400c5113b3,120,4.0,left_ankle,0.5,0.5,0.0,540.0,960.0,0.5
bfa33ea4-cce2-475a-94ba-a9400c5113b3,120,4.0,right_ankle,0.5,0.5,0.0,540.0,960.0,0.5
bfa33ea4-cce2-475a-94ba-a9400c5113b3,120,4.0,left_heel,0.5,0.5,0.0,540.0,960.0,0.5
bfa33ea4-cce2-475a-94ba-a9400c5113b3,120,4.0,right_heel,0.5,0.5,0.0,540.0,960.0,0.5
bfa33ea4-cce2-475a-94ba-a9400c5113b3,120,4.0,left_foot_index,0.5,0.5,0.0,540.0,960.0,0.5
bfa33ea4-cce2-475a-94ba-a9400c5113b3,120,4.0,right_foot_index,0.5,0.5,0.0,540.0,960.0,0.5
bfa33ea4-cce2-475a-94ba-a9400c5113b3,121,4.033333333333333,nose,0.5,0.5,0.0,540.0,960.0,0.5
bfa33ea4-cce2-475a-94ba-a9400c5113b3,121,4.033333333333333,left_shoulder,0.5,0.5,0.0,540.0,960.0,0.5
bfa33ea4-cce2-475a-94ba-a9400c5113b3,121,4.033333333333333,right_shoulder,0.5,0.5,0.0,540.0,960.0,0.5
bfa33ea4-cce2-475a-94ba-a9400c5113b3,121,4.033333333333333,left_elbow,0.5,0.5,0.0,540.0,960.0,0.5
bfa33ea4-cce2-475a-94ba-a9400c5113b3,121,4.033333333333333,right_elbow,0.5,0.5,0.0,540.0,960.0,0.5
bfa33ea4-cce2-475a-94ba-a9400c5113b3,121,4.033333333333333,left_wrist,0.5,0.5,0.0,540.0,960.0,0.5
bfa33ea4-cce2-475a-94ba-a9400c5113b3,121,4.033333333333333,right_wrist,0.5,0.5,0.0,540.0,960.0,0.5
bfa33ea4-cce2-475a-94ba-a9400c5113b3,121,4.033333333333333,left_hip,0.5,0.5,0.0,540.0,960.0,0.5
bfa33ea4-cce2-475a-94ba-a9400c5113b3,121,4.033333333333333,right_hip,0.5,0.5,0.0,540.0,960.0,0.5
bfa33ea4-cce2-475a-94ba-a9400c5113b3,121,4.033333333333333,left_knee,0.5,0.5,0.0,540.0,960.0,0.5
bfa33ea4-cce2-475a-94ba-a9400c5113b3,121,4.033333333333333,right_knee,0.5,0.5,0.0,540.0,960.0,0.5
bfa33ea4-cce2-475a-94ba-a9400c5113b3,121,4.033333333333333,left_ankle,0.5,0.5,0.0,540.0,960.0,0.5
bfa33ea4-cce2-475a-94ba-a9400c5113b3,121,4.033333333333333,right_ankle,0.5,0.5,0.0,540.0,960.0,0.5
bfa33ea4-cce2-475a-94ba-a9400c5113b3,121,4.033333333333333,left_heel,0.5,0.5,0.0,540.0,960.0,0.5
bfa33ea4-cce2-475a-94ba-a9400c5113b3,121,4.033333333333333,right_heel,0.5,0.5,0.0,540.0,960.0,0.5
bfa33ea4-cce2-475a-94ba-a9400c5113b3,121,4.033333333333333,left_foot_index,0.5,0.5,0.0,540.0,960.0,0.5
bfa33ea4-cce2-475a-94ba-a9400c5113b3,121,4.033333333333333,right_foot_index,0.5,0.5,0.0,540.0,960.0,0.5
bfa33ea4-cce2-475a-94ba-a9400c5113b3,122,4.066666666666666,nose,0.5,0.5,0.0,540.0,960.0,0.5
bfa33ea4-cce2-475a-94ba-a9400c5113b3,122,4.066666666666666,left_shoulder,0.5,0.5,0.0,540.0,960.0,0.5
bfa33ea4-cce2-475a-94ba-a9400c5113b3,122,4.066666666666666,right_shoulder,0.5,0.5,0.0,540.0,960.0,0.5
bfa33ea4-cce2-475a-94ba-a9400c5113b3,122,4.066666666666666,left_elbow,0.5,0.5,0.0,540.0,960.0,0.5
bfa33ea4-cce2-475a-94ba-a9400c5113b3,122,4.066666666666666,right_elbow,0.5,0.5,0.0,540.0,960.0,0.5
bfa33ea4-cce2-475a-94ba-a9400c5113b3,122,4.066666666666666,left_wrist,0.5,0.5,0.0,540.0,960.0,0.5
bfa33ea4-cce2-475a-94ba-a9400c5113b3,122,4.066666666666666,right_wrist,0.5,0.5,0.0,540.0,960.0,0.5
bfa33ea4-cce2-475a-94ba-a9400c5113b3,122,4.066666666666666,left_hip,0.5,0.5,0.0,540.0,960.0,0.5
bfa33ea4-cce2-475a-94ba-a9400c5113b3,122,4.066666666666666,right_hip,0.5,0.5,0.0,540.0,960.0,0.5
bfa33ea4-cce2-475a-94ba-a9400c5113b3,122,4.066666666666666,left_knee,0.5,0.5,0.0,540.0,960.0,0.5
bfa33ea4-cce2-475a-94ba-a9400c5113b3,122,4.066666666666666,right_knee,0.5,0.5,0.0,540.0,960.0,0.5
bfa33ea4-cce2-475a-94ba-a9400c5113b3,122,4.066666666666666,left_ankle,0.5,0.5,0.0,540.0,960.0,0.5
bfa33ea4-cce2-475a-94ba-a9400c5113b3,122,4.066666666666666,right_ankle,0.5,0.5,0.0,540.0,960.0,0.5
bfa33ea4-cce2-475a-94ba-a9400c5113b3,122,4.066666666666666,left_heel,0.5,0.5,0.0,540.0,960.0,0.5
bfa33ea4-cce2-475a-94ba-a9400c5113b3,122,4.066666666666666,right_heel,0.5,0.5,0.0,540.0,960.0,0.5
bfa33ea4-cce2-475a-94ba-a9400c5113b3,122,4.066666666666666,left_foot_index,0.5,0.5,0.0,540.0,960.0,0.5
bfa33ea4-cce2-475a-94ba-a9400c5113b3,122,4.066666666666666,right_foot_index,0.5,0.5,0.0,540.0,960.0,0.5
bfa33ea4-cce2-475a-94ba-a9400c5113b3,123,4.1,nose,0.5,0.5,0.0,540.0,960.0,0.5
bfa33ea4-cce2-475a-94ba-a9400c5113b3,123,4.1,left_shoulder,0.5,0.5,0.0,540.0,960.0,0.5
bfa33ea4-cce2-475a-94ba-a9400c5113b3,123,4.1,right_shoulder,0.5,0.5,0.0,540.0,960.0,0.5
bfa33ea4-cce2-475a-94ba-a9400c5113b3,123,4.1,left_elbow,0.5,0.5,0.0,540.0,960.0,0.5
bfa33ea4-cce2-475a-94ba-a9400c5113b3,123,4.1,right_elbow,0.5,0.5,0.0,540.0,960.0,0.5
bfa33ea4-cce2-475a-94ba-a9400c5113b3,123,4.1,left_wrist,0.5,0.5,0.0,540.0,960.0,0.5
bfa33ea4-cce2-475a-94ba-a9400c5113b3,123,4.1,right_wrist,0.5,0.5,0.0,540.0,960.0,0.5
bfa33ea4-cce2-475a-94ba-a9400c5113b3,123,4.1,left_hip,0.5,0.5,0.0,540.0,960.0,0.5
bfa33ea4-cce2-475a-94ba-a9400c5113b3,123,4.1,right_hip,0.5,0.5,0.0,540.0,960.0,0.5
bfa33ea4-cce2-475a-94ba-a9400c5113b3,123,4.1,left_knee,0.5,0.5,0.0,540.0,960.0,0.5
bfa33ea4-cce2-475a-94ba-a9400c5113b3,123,4.1,right_knee,0.5,0.5,0.0,540.0,960.0,0.5
bfa33ea4-cce2-475a-94ba-a9400c5113b3,123,4.1,left_ankle,0.5,0.5,0.0,540.0,960.0,0.5
bfa33ea4-cce2-475a-94ba-a9400c5113b3,123,4.1,right_ankle,0.5,0.5,0.0,540.0,960.0,0.5
bfa33ea4-cce2-475a-94ba-a9400c5113b3,123,4.1,left_heel,0.5,0.5,0.0,540.0,960.0,0.5
bfa33ea4-cce2-475a-94ba-a9400c5113b3,123,4.1,right_heel,0.5,0.5,0.0,540.0,960.0,0.5
bfa33ea4-cce2-475a-94ba-a9400c5113b3,123,4.1,left_foot_index,0.5,0.5,0.0,540.0,960.0,0.5
bfa33ea4-cce2-475a-94ba-a9400c5113b3,123,4.1,right_foot_index,0.5,0.5,0.0,540.0,960.0,0.5
bfa33ea4-cce2-475a-94ba-a9400c5113b3,124,4.133333333333334,nose,0.5,0.5,0.0,540.0,960.0,0.5
bfa33ea4-cce2-475a-94ba-a9400c5113b3,124,4.133333333333334,left_shoulder,0.5,0.5,0.0,540.0,960.0,0.5
bfa33ea4-cce2-475a-94ba-a9400c5113b3,124,4.133333333333334,right_shoulder,0.5,0.5,0.0,540.0,960.0,0.5
bfa33ea4-cce2-475a-94ba-a9400c5113b3,124,4.133333333333334,left_elbow,0.5,0.5,0.0,540.0,960.0,0.5
bfa33ea4-cce2-475a-94ba-a9400c5113b3,124,4.133333333333334,right_elbow,0.5,0.5,0.0,540.0,960.0,0.5
bfa33ea4-cce2-475a-94ba-a9400c5113b3,124,4.133333333333334,left_wrist,0.5,0.5,0.0,540.0,960.0,0.5
bfa33ea4-cce2-475a-94ba-a9400c5113b3,124,4.133333333333334,right_wrist,0.5,0.5,0.0,540.0,960.0,0.5
bfa33ea4-cce2-475a-94ba-a9400c5113b3,124,4.133333333333334,left_hip,0.5,0.5,0.0,540.0,960.0,0.5
bfa33ea4-cce2-475a-94ba-a9400c5113b3,124,4.133333333333334,right_hip,0.5,0.5,0.0,540.0,960.0,0.5
bfa33ea4-cce2-475a-94ba-a9400c5113b3,124,4.133333333333334,left_knee,0.5,0.5,0.0,540.0,960.0,0.5
bfa33ea4-cce2-475a-94ba-a9400c5113b3,124,4.133333333333334,right_knee,0.5,0.5,0.0,540.0,960.0,0.5
bfa33ea4-cce2-475a-94ba-a9400c5113b3,124,4.133333333333334,left_ankle,0.5,0.5,0.0,540.0,960.0,0.5
bfa33ea4-cce2-475a-94ba-a9400c5113b3,124,4.133333333333334,right_ankle,0.5,0.5,0.0,540.0,960.0,0.5
bfa33ea4-cce2-475a-94ba-a9400c5113b3,124,4.133333333333334,left_heel,0.5,0.5,0.0,540.0,960.0,0.5
bfa33ea4-cce2-475a-94ba-a9400c5113b3,124,4.133333333333334,right_heel,0.5,0.5,0.0,540.0,960.0,0.5
bfa33ea4-cce2-475a-94ba-a9400c5113b3,124,4.133333333333334,left_foot_index,0.5,0.5,0.0,540.0,960.0,0.5
bfa33ea4-cce2-475a-94ba-a9400c5113b3,124,4.133333333333334,right_foot_index,0.5,0.5,0.0,540.0,960.0,0.5
bfa33ea4-cce2-475a-94ba-a9400c5113b3,125,4.166666666666667,nose,0.5,0.5,0.0,540.0,960.0,0.5
bfa33ea4-cce2-475a-94ba-a9400c5113b3,125,4.166666666666667,left_shoulder,0.5,0.5,0.0,540.0,960.0,0.5
bfa33ea4-cce2-475a-94ba-a9400c5113b3,125,4.166666666666667,right_shoulder,0.5,0.5,0.0,540.0,960.0,0.5
bfa33ea4-cce2-475a-94ba-a9400c5113b3,125,4.166666666666667,left_elbow,0.5,0.5,0.0,540.0,960.0,0.5
bfa33ea4-cce2-475a-94ba-a9400c5113b3,125,4.166666666666667,right_elbow,0.5,0.5,0.0,540.0,960.0,0.5
bfa33ea4-cce2-475a-94ba-a9400c5113b3,125,4.166666666666667,left_wrist,0.5,0.5,0.0,540.0,960.0,0.5
bfa33ea4-cce2-475a-94ba-a9400c5113b3,125,4.166666666666667,right_wrist,0.5,0.5,0.0,540.0,960.0,0.5
bfa33ea4-cce2-475a-94ba-a9400c5113b3,125,4.166666666666667,left_hip,0.5,0.5,0.0,540.0,960.0,0.5
bfa33ea4-cce2-475a-94ba-a9400c5113b3,125,4.166666666666667,right_hip,0.5,0.5,0.0,540.0,960.0,0.5
bfa33ea4-cce2-475a-94ba-a9400c5113b3,125,4.166666666666667,left_knee,0.5,0.5,0.0,540.0,960.0,0.5
bfa33ea4-cce2-475a-94ba-a9400c5113b3,125,4.166666666666667,right_knee,0.5,0.5,0.0,540.0,960.0,0.5
bfa33ea4-cce2-475a-94ba-a9400c5113b3,125,4.166666666666667,left_ankle,0.5,0.5,0.0,540.0,960.0,0.5
bfa33ea4-cce2-475a-94ba-a9400c5113b3,125,4.166666666666667,right_ankle,0.5,0.5,0.0,540.0,960.0,0.5
bfa33ea4-cce2-475a-94ba-a9400c5113b3,125,4.166666666666667,left_heel,0.5,0.5,0.0,540.0,960.0,0.5
bfa33ea4-cce2-475a-94ba-a9400c5113b3,125,4.166666666666667,right_heel,0.5,0.5,0.0,540.0,960.0,0.5
bfa33ea4-cce2-475a-94ba-a9400c5113b3,125,4.166666666666667,left_foot_index,0.5,0.5,0.0,540.0,960.0,0.5
bfa33ea4-cce2-475a-94ba-a9400c5113b3,125,4.166666666666667,right_foot_index,0.5,0.5,0.0,540.0,960.0,0.5
bfa33ea4-cce2-475a-94ba-a9400c5113b3,126,4.2,nose,0.5,0.5,0.0,540.0,960.0,0.5
bfa33ea4-cce2-475a-94ba-a9400c5113b3,126,4.2,left_shoulder,0.5,0.5,0.0,540.0,960.0,0.5
bfa33ea4-cce2-475a-94ba-a9400c5113b3,126,4.2,right_shoulder,0.5,0.5,0.0,540.0,960.0,0.5
bfa33ea4-cce2-475a-94ba-a9400c5113b3,126,4.2,left_elbow,0.5,0.5,0.0,540.0,960.0,0.5
bfa33ea4-cce2-475a-94ba-a9400c5113b3,126,4.2,right_elbow,0.5,0.5,0.0,540.0,960.0,0.5
bfa33ea4-cce2-475a-94ba-a9400c5113b3,126,4.2,left_wrist,0.5,0.5,0.0,540.0,960.0,0.5
bfa33ea4-cce2-475a-94ba-a9400c5113b3,126,4.2,right_wrist,0.5,0.5,0.0,540.0,960.0,0.5
bfa33ea4-cce2-475a-94ba-a9400c5113b3,126,4.2,left_hip,0.5,0.5,0.0,540.0,960.0,0.5
bfa33ea4-cce2-475a-94ba-a9400c5113b3,126,4.2,right_hip,0.5,0.5,0.0,540.0,960.0,0.5
bfa33ea4-cce2-475a-94ba-a9400c5113b3,126,4.2,left_knee,0.5,0.5,0.0,540.0,960.0,0.5
bfa33ea4-cce2-475a-94ba-a9400c5113b3,126,4.2,right_knee,0.5,0.5,0.0,540.0,960.0,0.5
bfa33ea4-cce2-475a-94ba-a9400c5113b3,126,4.2,left_ankle,0.5,0.5,0.0,540.0,960.0,0.5
bfa33ea4-cce2-475a-94ba-a9400c5113b3,126,4.2,right_ankle,0.5,0.5,0.0,540.0,960.0,0.5
bfa33ea4-cce2-475a-94ba-a9400c5113b3,126,4.2,left_heel,0.5,0.5,0.0,540.0,960.0,0.5
bfa33ea4-cce2-475a-94ba-a9400c5113b3,126,4.2,right_heel,0.5,0.5,0.0,540.0,960.0,0.5
bfa33ea4-cce2-475a-94ba-a9400c5113b3,126,4.2,left_foot_index,0.5,0.5,0.0,540.0,960.0,0.5
bfa33ea4-cce2-475a-94ba-a9400c5113b3,126,4.2,right_foot_index,0.5,0.5,0.0,540.0,960.0,0.5
bfa33ea4-cce2-475a-94ba-a9400c5113b3,127,4.233333333333333,nose,0.5,0.5,0.0,540.0,960.0,0.5
bfa33ea4-cce2-475a-94ba-a9400c5113b3,127,4.233333333333333,left_shoulder,0.5,0.5,0.0,540.0,960.0,0.5
bfa33ea4-cce2-475a-94ba-a9400c5113b3,127,4.233333333333333,right_shoulder,0.5,0.5,0.0,540.0,960.0,0.5
bfa33ea4-cce2-475a-94ba-a9400c5113b3,127,4.233333333333333,left_elbow,0.5,0.5,0.0,540.0,960.0,0.5
bfa33ea4-cce2-475a-94ba-a9400c5113b3,127,4.233333333333333,right_elbow,0.5,0.5,0.0,540.0,960.0,0.5
bfa33ea4-cce2-475a-94ba-a9400c5113b3,127,4.233333333333333,left_wrist,0.5,0.5,0.0,540.0,960.0,0.5
bfa33ea4-cce2-475a-94ba-a9400c5113b3,127,4.233333333333333,right_wrist,0.5,0.5,0.0,540.0,960.0,0.5
bfa33ea4-cce2-475a-94ba-a9400c5113b3,127,4.233333333333333,left_hip,0.5,0.5,0.0,540.0,960.0,0.5
bfa33ea4-cce2-475a-94ba-a9400c5113b3,127,4.233333333333333,right_hip,0.5,0.5,0.0,540.0,960.0,0.5
bfa33ea4-cce2-475a-94ba-a9400c5113b3,127,4.233333333333333,left_knee,0.5,0.5,0.0,540.0,960.0,0.5
bfa33ea4-cce2-475a-94ba-a9400c5113b3,127,4.233333333333333,right_knee,0.5,0.5,0.0,540.0,960.0,0.5
bfa33ea4-cce2-475a-94ba-a9400c5113b3,127,4.233333333333333,left_ankle,0.5,0.5,0.0,540.0,960.0,0.5
bfa33ea4-cce2-475a-94ba-a9400c5113b3,127,4.233333333333333,right_ankle,0.5,0.5,0.0,540.0,960.0,0.5
bfa33ea4-cce2-475a-94ba-a9400c5113b3,127,4.233333333333333,left_heel,0.5,0.5,0.0,540.0,960.0,0.5
bfa33ea4-cce2-475a-94ba-a9400c5113b3,127,4.233333333333333,right_heel,0.5,0.5,0.0,540.0,960.0,0.5
bfa33ea4-cce2-475a-94ba-a9400c5113b3,127,4.233333333333333,left_foot_index,0.5,0.5,0.0,540.0,960.0,0.5
bfa33ea4-cce2-475a-94ba-a9400c5113b3,127,4.233333333333333,right_foot_index,0.5,0.5,0.0,540.0,960.0,0.5
bfa33ea4-cce2-475a-94ba-a9400c5113b3,128,4.266666666666667,nose,0.5,0.5,0.0,540.0,960.0,0.5
bfa33ea4-cce2-475a-94ba-a9400c5113b3,128,4.266666666666667,left_shoulder,0.5,0.5,0.0,540.0,960.0,0.5
bfa33ea4-cce2-475a-94ba-a9400c5113b3,128,4.266666666666667,right_shoulder,0.5,0.5,0.0,540.0,960.0,0.5
bfa33ea4-cce2-475a-94ba-a9400c5113b3,128,4.266666666666667,left_elbow,0.5,0.5,0.0,540.0,960.0,0.5
bfa33ea4-cce2-475a-94ba-a9400c5113b3,128,4.266666666666667,right_elbow,0.5,0.5,0.0,540.0,960.0,0.5
bfa33ea4-cce2-475a-94ba-a9400c5113b3,128,4.266666666666667,left_wrist,0.5,0.5,0.0,540.0,960.0,0.5
bfa33ea4-cce2-475a-94ba-a9400c5113b3,128,4.266666666666667,right_wrist,0.5,0.5,0.0,540.0,960.0,0.5
bfa33ea4-cce2-475a-94ba-a9400c5113b3,128,4.266666666666667,left_hip,0.5,0.5,0.0,540.0,960.0,0.5
bfa33ea4-cce2-475a-94ba-a9400c5113b3,128,4.266666666666667,right_hip,0.5,0.5,0.0,540.0,960.0,0.5
bfa33ea4-cce2-475a-94ba-a9400c5113b3,128,4.266666666666667,left_knee,0.5,0.5,0.0,540.0,960.0,0.5
bfa33ea4-cce2-475a-94ba-a9400c5113b3,128,4.266666666666667,right_knee,0.5,0.5,0.0,540.0,960.0,0.5
bfa33ea4-cce2-475a-94ba-a9400c5113b3,128,4.266666666666667,left_ankle,0.5,0.5,0.0,540.0,960.0,0.5
bfa33ea4-cce2-475a-94ba-a9400c5113b3,128,4.266666666666667,right_ankle,0.5,0.5,0.0,540.0,960.0,0.5
bfa33ea4-cce2-475a-94ba-a9400c5113b3,128,4.266666666666667,left_heel,0.5,0.5,0.0,540.0,960.0,0.5
bfa33ea4-cce2-475a-94ba-a9400c5113b3,128,4.266666666666667,right_heel,0.5,0.5,0.0,540.0,960.0,0.5
bfa33ea4-cce2-475a-94ba-a9400c5113b3,128,4.266666666666667,left_foot_index,0.5,0.5,0.0,540.0,960.0,0.5
bfa33ea4-cce2-475a-94ba-a9400c5113b3,128,4.266666666666667,right_foot_index,0.5,0.5,0.0,540.0,960.0,0.5
bfa33ea4-cce2-475a-94ba-a9400c5113b3,129,4.3,nose,0.5,0.5,0.0,540.0,960.0,0.5
bfa33ea4-cce2-475a-94ba-a9400c5113b3,129,4.3,left_shoulder,0.5,0.5,0.0,540.0,960.0,0.5
bfa33ea4-cce2-475a-94ba-a9400c5113b3,129,4.3,right_shoulder,0.5,0.5,0.0,540.0,960.0,0.5
bfa33ea4-cce2-475a-94ba-a9400c5113b3,129,4.3,left_elbow,0.5,0.5,0.0,540.0,960.0,0.5
bfa33ea4-cce2-475a-94ba-a9400c5113b3,129,4.3,right_elbow,0.5,0.5,0.0,540.0,960.0,0.5
bfa33ea4-cce2-475a-94ba-a9400c5113b3,129,4.3,left_wrist,0.5,0.5,0.0,540.0,960.0,0.5
bfa33ea4-cce2-475a-94ba-a9400c5113b3,129,4.3,right_wrist,0.5,0.5,0.0,540.0,960.0,0.5
bfa33ea4-cce2-475a-94ba-a9400c5113b3,129,4.3,left_hip,0.5,0.5,0.0,540.0,960.0,0.5
bfa33ea4-cce2-475a-94ba-a9400c5113b3,129,4.3,right_hip,0.5,0.5,0.0,540.0,960.0,0.5
bfa33ea4-cce2-475a-94ba-a9400c5113b3,129,4.3,left_knee,0.5,0.5,0.0,540.0,960.0,0.5
bfa33ea4-cce2-475a-94ba-a9400c5113b3,129,4.3,right_knee,0.5,0.5,0.0,540.0,960.0,0.5
bfa33ea4-cce2-475a-94ba-a9400c5113b3,129,4.3,left_ankle,0.5,0.5,0.0,540.0,960.0,0.5
bfa33ea4-cce2-475a-94ba-a9400c5113b3,129,4.3,right_ankle,0.5,0.5,0.0,540.0,960.0,0.5
bfa33ea4-cce2-475a-94ba-a9400c5113b3,129,4.3,left_heel,0.5,0.5,0.0,540.0,960.0,0.5
bfa33ea4-cce2-475a-94ba-a9400c5113b3,129,4.3,right_heel,0.5,0.5,0.0,540.0,960.0,0.5
bfa33ea4-cce2-475a-94ba-a9400c5113b3,129,4.3,left_foot_index,0.5,0.5,0.0,540.0,960.0,0.5
bfa33ea4-cce2-475a-94ba-a9400c5113b3,129,4.3,right_foot_index,0.5,0.5,0.0,540.0,960.0,0.5
bfa33ea4-cce2-475a-94ba-a9400c5113b3,130,4.333333333333333,nose,0.5,0.5,0.0,540.0,960.0,0.5
bfa33ea4-cce2-475a-94ba-a9400c5113b3,130,4.333333333333333,left_shoulder,0.5,0.5,0.0,540.0,960.0,0.5
bfa33ea4-cce2-475a-94ba-a9400c5113b3,130,4.333333333333333,right_shoulder,0.5,0.5,0.0,540.0,960.0,0.5
bfa33ea4-cce2-475a-94ba-a9400c5113b3,130,4.333333333333333,left_elbow,0.5,0.5,0.0,540.0,960.0,0.5
bfa33ea4-cce2-475a-94ba-a9400c5113b3,130,4.333333333333333,right_elbow,0.5,0.5,0.0,540.0,960.0,0.5
bfa33ea4-cce2-475a-94ba-a9400c5113b3,130,4.333333333333333,left_wrist,0.5,0.5,0.0,540.0,960.0,0.5
bfa33ea4-cce2-475a-94ba-a9400c5113b3,130,4.333333333333333,right_wrist,0.5,0.5,0.0,540.0,960.0,0.5
bfa33ea4-cce2-475a-94ba-a9400c5113b3,130,4.333333333333333,left_hip,0.5,0.5,0.0,540.0,960.0,0.5
bfa33ea4-cce2-475a-94ba-a9400c5113b3,130,4.333333333333333,right_hip,0.5,0.5,0.0,540.0,960.0,0.5
bfa33ea4-cce2-475a-94ba-a9400c5113b3,130,4.333333333333333,left_knee,0.5,0.5,0.0,540.0,960.0,0.5
bfa33ea4-cce2-475a-94ba-a9400c5113b3,130,4.333333333333333,right_knee,0.5,0.5,0.0,540.0,960.0,0.5
bfa33ea4-cce2-475a-94ba-a9400c5113b3,130,4.333333333333333,left_ankle,0.5,0.5,0.0,540.0,960.0,0.5
bfa33ea4-cce2-475a-94ba-a9400c5113b3,130,4.333333333333333,right_ankle,0.5,0.5,0.0,540.0,960.0,0.5
bfa33ea4-cce2-475a-94ba-a9400c5113b3,130,4.333333333333333,left_heel,0.5,0.5,0.0,540.0,960.0,0.5
bfa33ea4-cce2-475a-94ba-a9400c5113b3,130,4.333333333333333,right_heel,0.5,0.5,0.0,540.0,960.0,0.5
bfa33ea4-cce2-475a-94ba-a9400c5113b3,130,4.333333333333333,left_foot_index,0.5,0.5,0.0,540.0,960.0,0.5
bfa33ea4-cce2-475a-94ba-a9400c5113b3,130,4.333333333333333,right_foot_index,0.5,0.5,0.0,540.0,960.0,0.5
bfa33ea4-cce2-475a-94ba-a9400c5113b3,131,4.366666666666666,nose,0.5,0.5,0.0,540.0,960.0,0.5
bfa33ea4-cce2-475a-94ba-a9400c5113b3,131,4.366666666666666,left_shoulder,0.5,0.5,0.0,540.0,960.0,0.5
bfa33ea4-cce2-475a-94ba-a9400c5113b3,131,4.366666666666666,right_shoulder,0.5,0.5,0.0,540.0,960.0,0.5
bfa33ea4-cce2-475a-94ba-a9400c5113b3,131,4.366666666666666,left_elbow,0.5,0.5,0.0,540.0,960.0,0.5
bfa33ea4-cce2-475a-94ba-a9400c5113b3,131,4.366666666666666,right_elbow,0.5,0.5,0.0,540.0,960.0,0.5
bfa33ea4-cce2-475a-94ba-a9400c5113b3,131,4.366666666666666,left_wrist,0.5,0.5,0.0,540.0,960.0,0.5
bfa33ea4-cce2-475a-94ba-a9400c5113b3,131,4.366666666666666,right_wrist,0.5,0.5,0.0,540.0,960.0,0.5
bfa33ea4-cce2-475a-94ba-a9400c5113b3,131,4.366666666666666,left_hip,0.5,0.5,0.0,540.0,960.0,0.5
bfa33ea4-cce2-475a-94ba-a9400c5113b3,131,4.366666666666666,right_hip,0.5,0.5,0.0,540.0,960.0,0.5
bfa33ea4-cce2-475a-94ba-a9400c5113b3,131,4.366666666666666,left_knee,0.5,0.5,0.0,540.0,960.0,0.5
bfa33ea4-cce2-475a-94ba-a9400c5113b3,131,4.366666666666666,right_knee,0.5,0.5,0.0,540.0,960.0,0.5
bfa33ea4-cce2-475a-94ba-a9400c5113b3,131,4.366666666666666,left_ankle,0.5,0.5,0.0,540.0,960.0,0.5
bfa33ea4-cce2-475a-94ba-a9400c5113b3,131,4.366666666666666,right_ankle,0.5,0.5,0.0,540.0,960.0,0.5
bfa33ea4-cce2-475a-94ba-a9400c5113b3,131,4.366666666666666,left_heel,0.5,0.5,0.0,540.0,960.0,0.5
bfa33ea4-cce2-475a-94ba-a9400c5113b3,131,4.366666666666666,right_heel,0.5,0.5,0.0,540.0,960.0,0.5
bfa33ea4-cce2-475a-94ba-a9400c5113b3,131,4.366666666666666,left_foot_index,0.5,0.5,0.0,540.0,960.0,0.5
bfa33ea4-cce2-475a-94ba-a9400c5113b3,131,4.366666666666666,right_foot_index,0.5,0.5,0.0,540.0,960.0,0.5
bfa33ea4-cce2-475a-94ba-a9400c5113b3,132,4.4,nose,0.5,0.5,0.0,540.0,960.0,0.5
bfa33ea4-cce2-475a-94ba-a9400c5113b3,132,4.4,left_shoulder,0.5,0.5,0.0,540.0,960.0,0.5
bfa33ea4-cce2-475a-94ba-a9400c5113b3,132,4.4,right_shoulder,0.5,0.5,0.0,540.0,960.0,0.5
bfa33ea4-cce2-475a-94ba-a9400c5113b3,132,4.4,left_elbow,0.5,0.5,0.0,540.0,960.0,0.5
bfa33ea4-cce2-475a-94ba-a9400c5113b3,132,4.4,right_elbow,0.5,0.5,0.0,540.0,960.0,0.5
bfa33ea4-cce2-475a-94ba-a9400c5113b3,132,4.4,left_wrist,0.5,0.5,0.0,540.0,960.0,0.5
bfa33ea4-cce2-475a-94ba-a9400c5113b3,132,4.4,right_wrist,0.5,0.5,0.0,540.0,960.0,0.5
bfa33ea4-cce2-475a-94ba-a9400c5113b3,132,4.4,left_hip,0.5,0.5,0.0,540.0,960.0,0.5
bfa33ea4-cce2-475a-94ba-a9400c5113b3,132,4.4,right_hip,0.5,0.5,0.0,540.0,960.0,0.5
bfa33ea4-cce2-475a-94ba-a9400c5113b3,132,4.4,left_knee,0.5,0.5,0.0,540.0,960.0,0.5
bfa33ea4-cce2-475a-94ba-a9400c5113b3,132,4.4,right_knee,0.5,0.5,0.0,540.0,960.0,0.5
bfa33ea4-cce2-475a-94ba-a9400c5113b3,132,4.4,left_ankle,0.5,0.5,0.0,540.0,960.0,0.5
bfa33ea4-cce2-475a-94ba-a9400c5113b3,132,4.4,right_ankle,0.5,0.5,0.0,540.0,960.0,0.5
bfa33ea4-cce2-475a-94ba-a9400c5113b3,132,4.4,left_heel,0.5,0.5,0.0,540.0,960.0,0.5
bfa33ea4-cce2-475a-94ba-a9400c5113b3,132,4.4,right_heel,0.5,0.5,0.0,540.0,960.0,0.5
bfa33ea4-cce2-475a-94ba-a9400c5113b3,132,4.4,left_foot_index,0.5,0.5,0.0,540.0,960.0,0.5
bfa33ea4-cce2-475a-94ba-a9400c5113b3,132,4.4,right_foot_index,0.5,0.5,0.0,540.0,960.0,0.5
bfa33ea4-cce2-475a-94ba-a9400c5113b3,133,4.433333333333334,nose,0.5,0.5,0.0,540.0,960.0,0.5
bfa33ea4-cce2-475a-94ba-a9400c5113b3,133,4.433333333333334,left_shoulder,0.5,0.5,0.0,540.0,960.0,0.5
bfa33ea4-cce2-475a-94ba-a9400c5113b3,133,4.433333333333334,right_shoulder,0.5,0.5,0.0,540.0,960.0,0.5
bfa33ea4-cce2-475a-94ba-a9400c5113b3,133,4.433333333333334,left_elbow,0.5,0.5,0.0,540.0,960.0,0.5
bfa33ea4-cce2-475a-94ba-a9400c5113b3,133,4.433333333333334,right_elbow,0.5,0.5,0.0,540.0,960.0,0.5
bfa33ea4-cce2-475a-94ba-a9400c5113b3,133,4.433333333333334,left_wrist,0.5,0.5,0.0,540.0,960.0,0.5
bfa33ea4-cce2-475a-94ba-a9400c5113b3,133,4.433333333333334,right_wrist,0.5,0.5,0.0,540.0,960.0,0.5
bfa33ea4-cce2-475a-94ba-a9400c5113b3,133,4.433333333333334,left_hip,0.5,0.5,0.0,540.0,960.0,0.5
bfa33ea4-cce2-475a-94ba-a9400c5113b3,133,4.433333333333334,right_hip,0.5,0.5,0.0,540.0,960.0,0.5
bfa33ea4-cce2-475a-94ba-a9400c5113b3,133,4.433333333333334,left_knee,0.5,0.5,0.0,540.0,960.0,0.5
bfa33ea4-cce2-475a-94ba-a9400c5113b3,133,4.433333333333334,right_knee,0.5,0.5,0.0,540.0,960.0,0.5
bfa33ea4-cce2-475a-94ba-a9400c5113b3,133,4.433333333333334,left_ankle,0.5,0.5,0.0,540.0,960.0,0.5
bfa33ea4-cce2-475a-94ba-a9400c5113b3,133,4.433333333333334,right_ankle,0.5,0.5,0.0,540.0,960.0,0.5
bfa33ea4-cce2-475a-94ba-a9400c5113b3,133,4.433333333333334,left_heel,0.5,0.5,0.0,540.0,960.0,0.5
bfa33ea4-cce2-475a-94ba-a9400c5113b3,133,4.433333333333334,right_heel,0.5,0.5,0.0,540.0,960.0,0.5
bfa33ea4-cce2-475a-94ba-a9400c5113b3,133,4.433333333333334,left_foot_index,0.5,0.5,0.0,540.0,960.0,0.5
bfa33ea4-cce2-475a-94ba-a9400c5113b3,133,4.433333333333334,right_foot_index,0.5,0.5,0.0,540.0,960.0,0.5
bfa33ea4-cce2-475a-94ba-a9400c5113b3,134,4.466666666666667,nose,0.5,0.5,0.0,540.0,960.0,0.5
bfa33ea4-cce2-475a-94ba-a9400c5113b3,134,4.466666666666667,left_shoulder,0.5,0.5,0.0,540.0,960.0,0.5
bfa33ea4-cce2-475a-94ba-a9400c5113b3,134,4.466666666666667,right_shoulder,0.5,0.5,0.0,540.0,960.0,0.5
bfa33ea4-cce2-475a-94ba-a9400c5113b3,134,4.466666666666667,left_elbow,0.5,0.5,0.0,540.0,960.0,0.5
bfa33ea4-cce2-475a-94ba-a9400c5113b3,134,4.466666666666667,right_elbow,0.5,0.5,0.0,540.0,960.0,0.5
bfa33ea4-cce2-475a-94ba-a9400c5113b3,134,4.466666666666667,left_wrist,0.5,0.5,0.0,540.0,960.0,0.5
bfa33ea4-cce2-475a-94ba-a9400c5113b3,134,4.466666666666667,right_wrist,0.5,0.5,0.0,540.0,960.0,0.5
bfa33ea4-cce2-475a-94ba-a9400c5113b3,134,4.466666666666667,left_hip,0.5,0.5,0.0,540.0,960.0,0.5
bfa33ea4-cce2-475a-94ba-a9400c5113b3,134,4.466666666666667,right_hip,0.5,0.5,0.0,540.0,960.0,0.5
bfa33ea4-cce2-475a-94ba-a9400c5113b3,134,4.466666666666667,left_knee,0.5,0.5,0.0,540.0,960.0,0.5
bfa33ea4-cce2-475a-94ba-a9400c5113b3,134,4.466666666666667,right_knee,0.5,0.5,0.0,540.0,960.0,0.5
bfa33ea4-cce2-475a-94ba-a9400c5113b3,134,4.466666666666667,left_ankle,0.5,0.5,0.0,540.0,960.0,0.5
bfa33ea4-cce2-475a-94ba-a9400c5113b3,134,4.466666666666667,right_ankle,0.5,0.5,0.0,540.0,960.0,0.5
bfa33ea4-cce2-475a-94ba-a9400c5113b3,134,4.466666666666667,left_heel,0.5,0.5,0.0,540.0,960.0,0.5
bfa33ea4-cce2-475a-94ba-a9400c5113b3,134,4.466666666666667,right_heel,0.5,0.5,0.0,540.0,960.0,0.5
bfa33ea4-cce2-475a-94ba-a9400c5113b3,134,4.466666666666667,left_foot_index,0.5,0.5,0.0,540.0,960.0,0.5
bfa33ea4-cce2-475a-94ba-a9400c5113b3,134,4.466666666666667,right_foot_index,0.5,0.5,0.0,540.0,960.0,0.5
bfa33ea4-cce2-475a-94ba-a9400c5113b3,135,4.5,nose,0.5,0.5,0.0,540.0,960.0,0.5
bfa33ea4-cce2-475a-94ba-a9400c5113b3,135,4.5,left_shoulder,0.5,0.5,0.0,540.0,960.0,0.5
bfa33ea4-cce2-475a-94ba-a9400c5113b3,135,4.5,right_shoulder,0.5,0.5,0.0,540.0,960.0,0.5
bfa33ea4-cce2-475a-94ba-a9400c5113b3,135,4.5,left_elbow,0.5,0.5,0.0,540.0,960.0,0.5
bfa33ea4-cce2-475a-94ba-a9400c5113b3,135,4.5,right_elbow,0.5,0.5,0.0,540.0,960.0,0.5
bfa33ea4-cce2-475a-94ba-a9400c5113b3,135,4.5,left_wrist,0.5,0.5,0.0,540.0,960.0,0.5
bfa33ea4-cce2-475a-94ba-a9400c5113b3,135,4.5,right_wrist,0.5,0.5,0.0,540.0,960.0,0.5
bfa33ea4-cce2-475a-94ba-a9400c5113b3,135,4.5,left_hip,0.5,0.5,0.0,540.0,960.0,0.5
bfa33ea4-cce2-475a-94ba-a9400c5113b3,135,4.5,right_hip,0.5,0.5,0.0,540.0,960.0,0.5
bfa33ea4-cce2-475a-94ba-a9400c5113b3,135,4.5,left_knee,0.5,0.5,0.0,540.0,960.0,0.5
bfa33ea4-cce2-475a-94ba-a9400c5113b3,135,4.5,right_knee,0.5,0.5,0.0,540.0,960.0,0.5
bfa33ea4-cce2-475a-94ba-a9400c5113b3,135,4.5,left_ankle,0.5,0.5,0.0,540.0,960.0,0.5
bfa33ea4-cce2-475a-94ba-a9400c5113b3,135,4.5,right_ankle,0.5,0.5,0.0,540.0,960.0,0.5
bfa33ea4-cce2-475a-94ba-a9400c5113b3,135,4.5,left_heel,0.5,0.5,0.0,540.0,960.0,0.5
bfa33ea4-cce2-475a-94ba-a9400c5113b3,135,4.5,right_heel,0.5,0.5,0.0,540.0,960.0,0.5
bfa33ea4-cce2-475a-94ba-a9400c5113b3,135,4.5,left_foot_index,0.5,0.5,0.0,540.0,960.0,0.5
bfa33ea4-cce2-475a-94ba-a9400c5113b3,135,4.5,right_foot_index,0.5,0.5,0.0,540.0,960.0,0.5
bfa33ea4-cce2-475a-94ba-a9400c5113b3,136,4.533333333333333,nose,0.5,0.5,0.0,540.0,960.0,0.5
bfa33ea4-cce2-475a-94ba-a9400c5113b3,136,4.533333333333333,left_shoulder,0.5,0.5,0.0,540.0,960.0,0.5
bfa33ea4-cce2-475a-94ba-a9400c5113b3,136,4.533333333333333,right_shoulder,0.5,0.5,0.0,540.0,960.0,0.5
bfa33ea4-cce2-475a-94ba-a9400c5113b3,136,4.533333333333333,left_elbow,0.5,0.5,0.0,540.0,960.0,0.5
bfa33ea4-cce2-475a-94ba-a9400c5113b3,136,4.533333333333333,right_elbow,0.5,0.5,0.0,540.0,960.0,0.5
bfa33ea4-cce2-475a-94ba-a9400c5113b3,136,4.533333333333333,left_wrist,0.5,0.5,0.0,540.0,960.0,0.5
bfa33ea4-cce2-475a-94ba-a9400c5113b3,136,4.533333333333333,right_wrist,0.5,0.5,0.0,540.0,960.0,0.5
bfa33ea4-cce2-475a-94ba-a9400c5113b3,136,4.533333333333333,left_hip,0.5,0.5,0.0,540.0,960.0,0.5
bfa33ea4-cce2-475a-94ba-a9400c5113b3,136,4.533333333333333,right_hip,0.5,0.5,0.0,540.0,960.0,0.5
bfa33ea4-cce2-475a-94ba-a9400c5113b3,136,4.533333333333333,left_knee,0.5,0.5,0.0,540.0,960.0,0.5
bfa33ea4-cce2-475a-94ba-a9400c5113b3,136,4.533333333333333,right_knee,0.5,0.5,0.0,540.0,960.0,0.5
bfa33ea4-cce2-475a-94ba-a9400c5113b3,136,4.533333333333333,left_ankle,0.5,0.5,0.0,540.0,960.0,0.5
bfa33ea4-cce2-475a-94ba-a9400c5113b3,136,4.533333333333333,right_ankle,0.5,0.5,0.0,540.0,960.0,0.5
bfa33ea4-cce2-475a-94ba-a9400c5113b3,136,4.533333333333333,left_heel,0.5,0.5,0.0,540.0,960.0,0.5
bfa33ea4-cce2-475a-94ba-a9400c5113b3,136,4.533333333333333,right_heel,0.5,0.5,0.0,540.0,960.0,0.5
bfa33ea4-cce2-475a-94ba-a9400c5113b3,136,4.533333333333333,left_foot_index,0.5,0.5,0.0,540.0,960.0,0.5
bfa33ea4-cce2-475a-94ba-a9400c5113b3,136,4.533333333333333,right_foot_index,0.5,0.5,0.0,540.0,960.0,0.5
bfa33ea4-cce2-475a-94ba-a9400c5113b3,137,4.566666666666666,nose,0.5,0.5,0.0,540.0,960.0,0.5
bfa33ea4-cce2-475a-94ba-a9400c5113b3,137,4.566666666666666,left_shoulder,0.5,0.5,0.0,540.0,960.0,0.5
bfa33ea4-cce2-475a-94ba-a9400c5113b3,137,4.566666666666666,right_shoulder,0.5,0.5,0.0,540.0,960.0,0.5
bfa33ea4-cce2-475a-94ba-a9400c5113b3,137,4.566666666666666,left_elbow,0.5,0.5,0.0,540.0,960.0,0.5
bfa33ea4-cce2-475a-94ba-a9400c5113b3,137,4.566666666666666,right_elbow,0.5,0.5,0.0,540.0,960.0,0.5
bfa33ea4-cce2-475a-94ba-a9400c5113b3,137,4.566666666666666,left_wrist,0.5,0.5,0.0,540.0,960.0,0.5
bfa33ea4-cce2-475a-94ba-a9400c5113b3,137,4.566666666666666,right_wrist,0.5,0.5,0.0,540.0,960.0,0.5
bfa33ea4-cce2-475a-94ba-a9400c5113b3,137,4.566666666666666,left_hip,0.5,0.5,0.0,540.0,960.0,0.5
bfa33ea4-cce2-475a-94ba-a9400c5113b3,137,4.566666666666666,right_hip,0.5,0.5,0.0,540.0,960.0,0.5
bfa33ea4-cce2-475a-94ba-a9400c5113b3,137,4.566666666666666,left_knee,0.5,0.5,0.0,540.0,960.0,0.5
bfa33ea4-cce2-475a-94ba-a9400c5113b3,137,4.566666666666666,right_knee,0.5,0.5,0.0,540.0,960.0,0.5
bfa33ea4-cce2-475a-94ba-a9400c5113b3,137,4.566666666666666,left_ankle,0.5,0.5,0.0,540.0,960.0,0.5
bfa33ea4-cce2-475a-94ba-a9400c5113b3,137,4.566666666666666,right_ankle,0.5,0.5,0.0,540.0,960.0,0.5
bfa33ea4-cce2-475a-94ba-a9400c5113b3,137,4.566666666666666,left_heel,0.5,0.5,0.0,540.0,960.0,0.5
bfa33ea4-cce2-475a-94ba-a9400c5113b3,137,4.566666666666666,right_heel,0.5,0.5,0.0,540.0,960.0,0.5
bfa33ea4-cce2-475a-94ba-a9400c5113b3,137,4.566666666666666,left_foot_index,0.5,0.5,0.0,540.0,960.0,0.5
bfa33ea4-cce2-475a-94ba-a9400c5113b3,137,4.566666666666666,right_foot_index,0.5,0.5,0.0,540.0,960.0,0.5
bfa33ea4-cce2-475a-94ba-a9400c5113b3,138,4.6,nose,0.5,0.5,0.0,540.0,960.0,0.5
bfa33ea4-cce2-475a-94ba-a9400c5113b3,138,4.6,left_shoulder,0.5,0.5,0.0,540.0,960.0,0.5
bfa33ea4-cce2-475a-94ba-a9400c5113b3,138,4.6,right_shoulder,0.5,0.5,0.0,540.0,960.0,0.5
bfa33ea4-cce2-475a-94ba-a9400c5113b3,138,4.6,left_elbow,0.5,0.5,0.0,540.0,960.0,0.5
bfa33ea4-cce2-475a-94ba-a9400c5113b3,138,4.6,right_elbow,0.5,0.5,0.0,540.0,960.0,0.5
bfa33ea4-cce2-475a-94ba-a9400c5113b3,138,4.6,left_wrist,0.5,0.5,0.0,540.0,960.0,0.5
bfa33ea4-cce2-475a-94ba-a9400c5113b3,138,4.6,right_wrist,0.5,0.5,0.0,540.0,960.0,0.5
bfa33ea4-cce2-475a-94ba-a9400c5113b3,138,4.6,left_hip,0.5,0.5,0.0,540.0,960.0,0.5
bfa33ea4-cce2-475a-94ba-a9400c5113b3,138,4.6,right_hip,0.5,0.5,0.0,540.0,960.0,0.5
bfa33ea4-cce2-475a-94ba-a9400c5113b3,138,4.6,left_knee,0.5,0.5,0.0,540.0,960.0,0.5
bfa33ea4-cce2-475a-94ba-a9400c5113b3,138,4.6,right_knee,0.5,0.5,0.0,540.0,960.0,0.5
bfa33ea4-cce2-475a-94ba-a9400c5113b3,138,4.6,left_ankle,0.5,0.5,0.0,540.0,960.0,0.5
bfa33ea4-cce2-475a-94ba-a9400c5113b3,138,4.6,right_ankle,0.5,0.5,0.0,540.0,960.0,0.5
bfa33ea4-cce2-475a-94ba-a9400c5113b3,138,4.6,left_heel,0.5,0.5,0.0,540.0,960.0,0.5
bfa33ea4-cce2-475a-94ba-a9400c5113b3,138,4.6,right_heel,0.5,0.5,0.0,540.0,960.0,0.5
bfa33ea4-cce2-475a-94ba-a9400c5113b3,138,4.6,left_foot_index,0.5,0.5,0.0,540.0,960.0,0.5
bfa33ea4-cce2-475a-94ba-a9400c5113b3,138,4.6,right_foot_index,0.5,0.5,0.0,540.0,960.0,0.5
bfa33ea4-cce2-475a-94ba-a9400c5113b3,139,4.633333333333334,nose,0.5,0.5,0.0,540.0,960.0,0.5
bfa33ea4-cce2-475a-94ba-a9400c5113b3,139,4.633333333333334,left_shoulder,0.5,0.5,0.0,540.0,960.0,0.5
bfa33ea4-cce2-475a-94ba-a9400c5113b3,139,4.633333333333334,right_shoulder,0.5,0.5,0.0,540.0,960.0,0.5
bfa33ea4-cce2-475a-94ba-a9400c5113b3,139,4.633333333333334,left_elbow,0.5,0.5,0.0,540.0,960.0,0.5
bfa33ea4-cce2-475a-94ba-a9400c5113b3,139,4.633333333333334,right_elbow,0.5,0.5,0.0,540.0,960.0,0.5
bfa33ea4-cce2-475a-94ba-a9400c5113b3,139,4.633333333333334,left_wrist,0.5,0.5,0.0,540.0,960.0,0.5
bfa33ea4-cce2-475a-94ba-a9400c5113b3,139,4.633333333333334,right_wrist,0.5,0.5,0.0,540.0,960.0,0.5
bfa33ea4-cce2-475a-94ba-a9400c5113b3,139,4.633333333333334,left_hip,0.5,0.5,0.0,540.0,960.0,0.5
bfa33ea4-cce2-475a-94ba-a9400c5113b3,139,4.633333333333334,right_hip,0.5,0.5,0.0,540.0,960.0,0.5
bfa33ea4-cce2-475a-94ba-a9400c5113b3,139,4.633333333333334,left_knee,0.5,0.5,0.0,540.0,960.0,0.5
bfa33ea4-cce2-475a-94ba-a9400c5113b3,139,4.633333333333334,right_knee,0.5,0.5,0.0,540.0,960.0,0.5
bfa33ea4-cce2-475a-94ba-a9400c5113b3,139,4.633333333333334,left_ankle,0.5,0.5,0.0,540.0,960.0,0.5
bfa33ea4-cce2-475a-94ba-a9400c5113b3,139,4.633333333333334,right_ankle,0.5,0.5,0.0,540.0,960.0,0.5
bfa33ea4-cce2-475a-94ba-a9400c5113b3,139,4.633333333333334,left_heel,0.5,0.5,0.0,540.0,960.0,0.5
bfa33ea4-cce2-475a-94ba-a9400c5113b3,139,4.633333333333334,right_heel,0.5,0.5,0.0,540.0,960.0,0.5
bfa33ea4-cce2-475a-94ba-a9400c5113b3,139,4.633333333333334,left_foot_index,0.5,0.5,0.0,540.0,960.0,0.5
bfa33ea4-cce2-475a-94ba-a9400c5113b3,139,4.633333333333334,right_foot_index,0.5,0.5,0.0,540.0,960.0,0.5
bfa33ea4-cce2-475a-94ba-a9400c5113b3,140,4.666666666666667,nose,0.5,0.5,0.0,540.0,960.0,0.5
bfa33ea4-cce2-475a-94ba-a9400c5113b3,140,4.666666666666667,left_shoulder,0.5,0.5,0.0,540.0,960.0,0.5
bfa33ea4-cce2-475a-94ba-a9400c5113b3,140,4.666666666666667,right_shoulder,0.5,0.5,0.0,540.0,960.0,0.5
bfa33ea4-cce2-475a-94ba-a9400c5113b3,140,4.666666666666667,left_elbow,0.5,0.5,0.0,540.0,960.0,0.5
bfa33ea4-cce2-475a-94ba-a9400c5113b3,140,4.666666666666667,right_elbow,0.5,0.5,0.0,540.0,960.0,0.5
bfa33ea4-cce2-475a-94ba-a9400c5113b3,140,4.666666666666667,left_wrist,0.5,0.5,0.0,540.0,960.0,0.5
bfa33ea4-cce2-475a-94ba-a9400c5113b3,140,4.666666666666667,right_wrist,0.5,0.5,0.0,540.0,960.0,0.5
bfa33ea4-cce2-475a-94ba-a9400c5113b3,140,4.666666666666667,left_hip,0.5,0.5,0.0,540.0,960.0,0.5
bfa33ea4-cce2-475a-94ba-a9400c5113b3,140,4.666666666666667,right_hip,0.5,0.5,0.0,540.0,960.0,0.5
bfa33ea4-cce2-475a-94ba-a9400c5113b3,140,4.666666666666667,left_knee,0.5,0.5,0.0,540.0,960.0,0.5
bfa33ea4-cce2-475a-94ba-a9400c5113b3,140,4.666666666666667,right_knee,0.5,0.5,0.0,540.0,960.0,0.5
bfa33ea4-cce2-475a-94ba-a9400c5113b3,140,4.666666666666667,left_ankle,0.5,0.5,0.0,540.0,960.0,0.5
bfa33ea4-cce2-475a-94ba-a9400c5113b3,140,4.666666666666667,right_ankle,0.5,0.5,0.0,540.0,960.0,0.5
bfa33ea4-cce2-475a-94ba-a9400c5113b3,140,4.666666666666667,left_heel,0.5,0.5,0.0,540.0,960.0,0.5
bfa33ea4-cce2-475a-94ba-a9400c5113b3,140,4.666666666666667,right_heel,0.5,0.5,0.0,540.0,960.0,0.5
bfa33ea4-cce2-475a-94ba-a9400c5113b3,140,4.666666666666667,left_foot_index,0.5,0.5,0.0,540.0,960.0,0.5
bfa33ea4-cce2-475a-94ba-a9400c5113b3,140,4.666666666666667,right_foot_index,0.5,0.5,0.0,540.0,960.0,0.5
bfa33ea4-cce2-475a-94ba-a9400c5113b3,141,4.7,nose,0.5,0.5,0.0,540.0,960.0,0.5
bfa33ea4-cce2-475a-94ba-a9400c5113b3,141,4.7,left_shoulder,0.5,0.5,0.0,540.0,960.0,0.5
bfa33ea4-cce2-475a-94ba-a9400c5113b3,141,4.7,right_shoulder,0.5,0.5,0.0,540.0,960.0,0.5
bfa33ea4-cce2-475a-94ba-a9400c5113b3,141,4.7,left_elbow,0.5,0.5,0.0,540.0,960.0,0.5
bfa33ea4-cce2-475a-94ba-a9400c5113b3,141,4.7,right_elbow,0.5,0.5,0.0,540.0,960.0,0.5
bfa33ea4-cce2-475a-94ba-a9400c5113b3,141,4.7,left_wrist,0.5,0.5,0.0,540.0,960.0,0.5
bfa33ea4-cce2-475a-94ba-a9400c5113b3,141,4.7,right_wrist,0.5,0.5,0.0,540.0,960.0,0.5
bfa33ea4-cce2-475a-94ba-a9400c5113b3,141,4.7,left_hip,0.5,0.5,0.0,540.0,960.0,0.5
bfa33ea4-cce2-475a-94ba-a9400c5113b3,141,4.7,right_hip,0.5,0.5,0.0,540.0,960.0,0.5
bfa33ea4-cce2-475a-94ba-a9400c5113b3,141,4.7,left_knee,0.5,0.5,0.0,540.0,960.0,0.5
bfa33ea4-cce2-475a-94ba-a9400c5113b3,141,4.7,right_knee,0.5,0.5,0.0,540.0,960.0,0.5
bfa33ea4-cce2-475a-94ba-a9400c5113b3,141,4.7,left_ankle,0.5,0.5,0.0,540.0,960.0,0.5
bfa33ea4-cce2-475a-94ba-a9400c5113b3,141,4.7,right_ankle,0.5,0.5,0.0,540.0,960.0,0.5
bfa33ea4-cce2-475a-94ba-a9400c5113b3,141,4.7,left_heel,0.5,0.5,0.0,540.0,960.0,0.5
bfa33ea4-cce2-475a-94ba-a9400c5113b3,141,4.7,right_heel,0.5,0.5,0.0,540.0,960.0,0.5
bfa33ea4-cce2-475a-94ba-a9400c5113b3,141,4.7,left_foot_index,0.5,0.5,0.0,540.0,960.0,0.5
bfa33ea4-cce2-475a-94ba-a9400c5113b3,141,4.7,right_foot_index,0.5,0.5,0.0,540.0,960.0,0.5
bfa33ea4-cce2-475a-94ba-a9400c5113b3,142,4.733333333333333,nose,0.5,0.5,0.0,540.0,960.0,0.5
bfa33ea4-cce2-475a-94ba-a9400c5113b3,142,4.733333333333333,left_shoulder,0.5,0.5,0.0,540.0,960.0,0.5
bfa33ea4-cce2-475a-94ba-a9400c5113b3,142,4.733333333333333,right_shoulder,0.5,0.5,0.0,540.0,960.0,0.5
bfa33ea4-cce2-475a-94ba-a9400c5113b3,142,4.733333333333333,left_elbow,0.5,0.5,0.0,540.0,960.0,0.5
bfa33ea4-cce2-475a-94ba-a9400c5113b3,142,4.733333333333333,right_elbow,0.5,0.5,0.0,540.0,960.0,0.5
bfa33ea4-cce2-475a-94ba-a9400c5113b3,142,4.733333333333333,left_wrist,0.5,0.5,0.0,540.0,960.0,0.5
bfa33ea4-cce2-475a-94ba-a9400c5113b3,142,4.733333333333333,right_wrist,0.5,0.5,0.0,540.0,960.0,0.5
bfa33ea4-cce2-475a-94ba-a9400c5113b3,142,4.733333333333333,left_hip,0.5,0.5,0.0,540.0,960.0,0.5
bfa33ea4-cce2-475a-94ba-a9400c5113b3,142,4.733333333333333,right_hip,0.5,0.5,0.0,540.0,960.0,0.5
bfa33ea4-cce2-475a-94ba-a9400c5113b3,142,4.733333333333333,left_knee,0.5,0.5,0.0,540.0,960.0,0.5
bfa33ea4-cce2-475a-94ba-a9400c5113b3,142,4.733333333333333,right_knee,0.5,0.5,0.0,540.0,960.0,0.5
bfa33ea4-cce2-475a-94ba-a9400c5113b3,142,4.733333333333333,left_ankle,0.5,0.5,0.0,540.0,960.0,0.5
bfa33ea4-cce2-475a-94ba-a9400c5113b3,142,4.733333333333333,right_ankle,0.5,0.5,0.0,540.0,960.0,0.5
bfa33ea4-cce2-475a-94ba-a9400c5113b3,142,4.733333333333333,left_heel,0.5,0.5,0.0,540.0,960.0,0.5
bfa33ea4-cce2-475a-94ba-a9400c5113b3,142,4.733333333333333,right_heel,0.5,0.5,0.0,540.0,960.0,0.5
bfa33ea4-cce2-475a-94ba-a9400c5113b3,142,4.733333333333333,left_foot_index,0.5,0.5,0.0,540.0,960.0,0.5
bfa33ea4-cce2-475a-94ba-a9400c5113b3,142,4.733333333333333,right_foot_index,0.5,0.5,0.0,540.0,960.0,0.5
bfa33ea4-cce2-475a-94ba-a9400c5113b3,143,4.766666666666667,nose,0.5,0.5,0.0,540.0,960.0,0.5
bfa33ea4-cce2-475a-94ba-a9400c5113b3,143,4.766666666666667,left_shoulder,0.5,0.5,0.0,540.0,960.0,0.5
bfa33ea4-cce2-475a-94ba-a9400c5113b3,143,4.766666666666667,right_shoulder,0.5,0.5,0.0,540.0,960.0,0.5
bfa33ea4-cce2-475a-94ba-a9400c5113b3,143,4.766666666666667,left_elbow,0.5,0.5,0.0,540.0,960.0,0.5
bfa33ea4-cce2-475a-94ba-a9400c5113b3,143,4.766666666666667,right_elbow,0.5,0.5,0.0,540.0,960.0,0.5
bfa33ea4-cce2-475a-94ba-a9400c5113b3,143,4.766666666666667,left_wrist,0.5,0.5,0.0,540.0,960.0,0.5
bfa33ea4-cce2-475a-94ba-a9400c5113b3,143,4.766666666666667,right_wrist,0.5,0.5,0.0,540.0,960.0,0.5
bfa33ea4-cce2-475a-94ba-a9400c5113b3,143,4.766666666666667,left_hip,0.5,0.5,0.0,540.0,960.0,0.5
bfa33ea4-cce2-475a-94ba-a9400c5113b3,143,4.766666666666667,right_hip,0.5,0.5,0.0,540.0,960.0,0.5
bfa33ea4-cce2-475a-94ba-a9400c5113b3,143,4.766666666666667,left_knee,0.5,0.5,0.0,540.0,960.0,0.5
bfa33ea4-cce2-475a-94ba-a9400c5113b3,143,4.766666666666667,right_knee,0.5,0.5,0.0,540.0,960.0,0.5
bfa33ea4-cce2-475a-94ba-a9400c5113b3,143,4.766666666666667,left_ankle,0.5,0.5,0.0,540.0,960.0,0.5
bfa33ea4-cce2-475a-94ba-a9400c5113b3,143,4.766666666666667,right_ankle,0.5,0.5,0.0,540.0,960.0,0.5
bfa33ea4-cce2-475a-94ba-a9400c5113b3,143,4.766666666666667,left_heel,0.5,0.5,0.0,540.0,960.0,0.5
bfa33ea4-cce2-475a-94ba-a9400c5113b3,143,4.766666666666667,right_heel,0.5,0.5,0.0,540.0,960.0,0.5
bfa33ea4-cce2-475a-94ba-a9400c5113b3,143,4.766666666666667,left_foot_index,0.5,0.5,0.0,540.0,960.0,0.5
bfa33ea4-cce2-475a-94ba-a9400c5113b3,143,4.766666666666667,right_foot_index,0.5,0.5,0.0,540.0,960.0,0.5
bfa33ea4-cce2-475a-94ba-a9400c5113b3,144,4.8,nose,0.5,0.5,0.0,540.0,960.0,0.5
bfa33ea4-cce2-475a-94ba-a9400c5113b3,144,4.8,left_shoulder,0.5,0.5,0.0,540.0,960.0,0.5
bfa33ea4-cce2-475a-94ba-a9400c5113b3,144,4.8,right_shoulder,0.5,0.5,0.0,540.0,960.0,0.5
bfa33ea4-cce2-475a-94ba-a9400c5113b3,144,4.8,left_elbow,0.5,0.5,0.0,540.0,960.0,0.5
bfa33ea4-cce2-475a-94ba-a9400c5113b3,144,4.8,right_elbow,0.5,0.5,0.0,540.0,960.0,0.5
bfa33ea4-cce2-475a-94ba-a9400c5113b3,144,4.8,left_wrist,0.5,0.5,0.0,540.0,960.0,0.5
bfa33ea4-cce2-475a-94ba-a9400c5113b3,144,4.8,right_wrist,0.5,0.5,0.0,540.0,960.0,0.5
bfa33ea4-cce2-475a-94ba-a9400c5113b3,144,4.8,left_hip,0.5,0.5,0.0,540.0,960.0,0.5
bfa33ea4-cce2-475a-94ba-a9400c5113b3,144,4.8,right_hip,0.5,0.5,0.0,540.0,960.0,0.5
bfa33ea4-cce2-475a-94ba-a9400c5113b3,144,4.8,left_knee,0.5,0.5,0.0,540.0,960.0,0.5
bfa33ea4-cce2-475a-94ba-a9400c5113b3,144,4.8,right_knee,0.5,0.5,0.0,540.0,960.0,0.5
bfa33ea4-cce2-475a-94ba-a9400c5113b3,144,4.8,left_ankle,0.5,0.5,0.0,540.0,960.0,0.5
bfa33ea4-cce2-475a-94ba-a9400c5113b3,144,4.8,right_ankle,0.5,0.5,0.0,540.0,960.0,0.5
bfa33ea4-cce2-475a-94ba-a9400c5113b3,144,4.8,left_heel,0.5,0.5,0.0,540.0,960.0,0.5
bfa33ea4-cce2-475a-94ba-a9400c5113b3,144,4.8,right_heel,0.5,0.5,0.0,540.0,960.0,0.5
bfa33ea4-cce2-475a-94ba-a9400c5113b3,144,4.8,left_foot_index,0.5,0.5,0.0,540.0,960.0,0.5
bfa33ea4-cce2-475a-94ba-a9400c5113b3,144,4.8,right_foot_index,0.5,0.5,0.0,540.0,960.0,0.5
bfa33ea4-cce2-475a-94ba-a9400c5113b3,145,4.833333333333333,nose,0.5,0.5,0.0,540.0,960.0,0.5
bfa33ea4-cce2-475a-94ba-a9400c5113b3,145,4.833333333333333,left_shoulder,0.5,0.5,0.0,540.0,960.0,0.5
bfa33ea4-cce2-475a-94ba-a9400c5113b3,145,4.833333333333333,right_shoulder,0.5,0.5,0.0,540.0,960.0,0.5
bfa33ea4-cce2-475a-94ba-a9400c5113b3,145,4.833333333333333,left_elbow,0.5,0.5,0.0,540.0,960.0,0.5
bfa33ea4-cce2-475a-94ba-a9400c5113b3,145,4.833333333333333,right_elbow,0.5,0.5,0.0,540.0,960.0,0.5
bfa33ea4-cce2-475a-94ba-a9400c5113b3,145,4.833333333333333,left_wrist,0.5,0.5,0.0,540.0,960.0,0.5
bfa33ea4-cce2-475a-94ba-a9400c5113b3,145,4.833333333333333,right_wrist,0.5,0.5,0.0,540.0,960.0,0.5
bfa33ea4-cce2-475a-94ba-a9400c5113b3,145,4.833333333333333,left_hip,0.5,0.5,0.0,540.0,960.0,0.5
bfa33ea4-cce2-475a-94ba-a9400c5113b3,145,4.833333333333333,right_hip,0.5,0.5,0.0,540.0,960.0,0.5
bfa33ea4-cce2-475a-94ba-a9400c5113b3,145,4.833333333333333,left_knee,0.5,0.5,0.0,540.0,960.0,0.5
bfa33ea4-cce2-475a-94ba-a9400c5113b3,145,4.833333333333333,right_knee,0.5,0.5,0.0,540.0,960.0,0.5
bfa33ea4-cce2-475a-94ba-a9400c5113b3,145,4.833333333333333,left_ankle,0.5,0.5,0.0,540.0,960.0,0.5
bfa33ea4-cce2-475a-94ba-a9400c5113b3,145,4.833333333333333,right_ankle,0.5,0.5,0.0,540.0,960.0,0.5
bfa33ea4-cce2-475a-94ba-a9400c5113b3,145,4.833333333333333,left_heel,0.5,0.5,0.0,540.0,960.0,0.5
bfa33ea4-cce2-475a-94ba-a9400c5113b3,145,4.833333333333333,right_heel,0.5,0.5,0.0,540.0,960.0,0.5
bfa33ea4-cce2-475a-94ba-a9400c5113b3,145,4.833333333333333,left_foot_index,0.5,0.5,0.0,540.0,960.0,0.5
bfa33ea4-cce2-475a-94ba-a9400c5113b3,145,4.833333333333333,right_foot_index,0.5,0.5,0.0,540.0,960.0,0.5
bfa33ea4-cce2-475a-94ba-a9400c5113b3,146,4.866666666666666,nose,0.5,0.5,0.0,540.0,960.0,0.5
bfa33ea4-cce2-475a-94ba-a9400c5113b3,146,4.866666666666666,left_shoulder,0.5,0.5,0.0,540.0,960.0,0.5
bfa33ea4-cce2-475a-94ba-a9400c5113b3,146,4.866666666666666,right_shoulder,0.5,0.5,0.0,540.0,960.0,0.5
bfa33ea4-cce2-475a-94ba-a9400c5113b3,146,4.866666666666666,left_elbow,0.5,0.5,0.0,540.0,960.0,0.5
bfa33ea4-cce2-475a-94ba-a9400c5113b3,146,4.866666666666666,right_elbow,0.5,0.5,0.0,540.0,960.0,0.5
bfa33ea4-cce2-475a-94ba-a9400c5113b3,146,4.866666666666666,left_wrist,0.5,0.5,0.0,540.0,960.0,0.5
bfa33ea4-cce2-475a-94ba-a9400c5113b3,146,4.866666666666666,right_wrist,0.5,0.5,0.0,540.0,960.0,0.5
bfa33ea4-cce2-475a-94ba-a9400c5113b3,146,4.866666666666666,left_hip,0.5,0.5,0.0,540.0,960.0,0.5
bfa33ea4-cce2-475a-94ba-a9400c5113b3,146,4.866666666666666,right_hip,0.5,0.5,0.0,540.0,960.0,0.5
bfa33ea4-cce2-475a-94ba-a9400c5113b3,146,4.866666666666666,left_knee,0.5,0.5,0.0,540.0,960.0,0.5
bfa33ea4-cce2-475a-94ba-a9400c5113b3,146,4.866666666666666,right_knee,0.5,0.5,0.0,540.0,960.0,0.5
bfa33ea4-cce2-475a-94ba-a9400c5113b3,146,4.866666666666666,left_ankle,0.5,0.5,0.0,540.0,960.0,0.5
bfa33ea4-cce2-475a-94ba-a9400c5113b3,146,4.866666666666666,right_ankle,0.5,0.5,0.0,540.0,960.0,0.5
bfa33ea4-cce2-475a-94ba-a9400c5113b3,146,4.866666666666666,left_heel,0.5,0.5,0.0,540.0,960.0,0.5
bfa33ea4-cce2-475a-94ba-a9400c5113b3,146,4.866666666666666,right_heel,0.5,0.5,0.0,540.0,960.0,0.5
bfa33ea4-cce2-475a-94ba-a9400c5113b3,146,4.866666666666666,left_foot_index,0.5,0.5,0.0,540.0,960.0,0.5
bfa33ea4-cce2-475a-94ba-a9400c5113b3,146,4.866666666666666,right_foot_index,0.5,0.5,0.0,540.0,960.0,0.5
bfa33ea4-cce2-475a-94ba-a9400c5113b3,147,4.9,nose,0.5,0.5,0.0,540.0,960.0,0.5
bfa33ea4-cce2-475a-94ba-a9400c5113b3,147,4.9,left_shoulder,0.5,0.5,0.0,540.0,960.0,0.5
bfa33ea4-cce2-475a-94ba-a9400c5113b3,147,4.9,right_shoulder,0.5,0.5,0.0,540.0,960.0,0.5
bfa33ea4-cce2-475a-94ba-a9400c5113b3,147,4.9,left_elbow,0.5,0.5,0.0,540.0,960.0,0.5
bfa33ea4-cce2-475a-94ba-a9400c5113b3,147,4.9,right_elbow,0.5,0.5,0.0,540.0,960.0,0.5
bfa33ea4-cce2-475a-94ba-a9400c5113b3,147,4.9,left_wrist,0.5,0.5,0.0,540.0,960.0,0.5
bfa33ea4-cce2-475a-94ba-a9400c5113b3,147,4.9,right_wrist,0.5,0.5,0.0,540.0,960.0,0.5
bfa33ea4-cce2-475a-94ba-a9400c5113b3,147,4.9,left_hip,0.5,0.5,0.0,540.0,960.0,0.5
bfa33ea4-cce2-475a-94ba-a9400c5113b3,147,4.9,right_hip,0.5,0.5,0.0,540.0,960.0,0.5
bfa33ea4-cce2-475a-94ba-a9400c5113b3,147,4.9,left_knee,0.5,0.5,0.0,540.0,960.0,0.5
bfa33ea4-cce2-475a-94ba-a9400c5113b3,147,4.9,right_knee,0.5,0.5,0.0,540.0,960.0,0.5
bfa33ea4-cce2-475a-94ba-a9400c5113b3,147,4.9,left_ankle,0.5,0.5,0.0,540.0,960.0,0.5
bfa33ea4-cce2-475a-94ba-a9400c5113b3,147,4.9,right_ankle,0.5,0.5,0.0,540.0,960.0,0.5
bfa33ea4-cce2-475a-94ba-a9400c5113b3,147,4.9,left_heel,0.5,0.5,0.0,540.0,960.0,0.5
bfa33ea4-cce2-475a-94ba-a9400c5113b3,147,4.9,right_heel,0.5,0.5,0.0,540.0,960.0,0.5
bfa33ea4-cce2-475a-94ba-a9400c5113b3,147,4.9,left_foot_index,0.5,0.5,0.0,540.0,960.0,0.5
bfa33ea4-cce2-475a-94ba-a9400c5113b3,147,4.9,right_foot_index,0.5,0.5,0.0,540.0,960.0,0.5
bfa33ea4-cce2-475a-94ba-a9400c5113b3,148,4.933333333333334,nose,0.5,0.5,0.0,540.0,960.0,0.5
bfa33ea4-cce2-475a-94ba-a9400c5113b3,148,4.933333333333334,left_shoulder,0.5,0.5,0.0,540.0,960.0,0.5
bfa33ea4-cce2-475a-94ba-a9400c5113b3,148,4.933333333333334,right_shoulder,0.5,0.5,0.0,540.0,960.0,0.5
bfa33ea4-cce2-475a-94ba-a9400c5113b3,148,4.933333333333334,left_elbow,0.5,0.5,0.0,540.0,960.0,0.5
bfa33ea4-cce2-475a-94ba-a9400c5113b3,148,4.933333333333334,right_elbow,0.5,0.5,0.0,540.0,960.0,0.5
bfa33ea4-cce2-475a-94ba-a9400c5113b3,148,4.933333333333334,left_wrist,0.5,0.5,0.0,540.0,960.0,0.5
bfa33ea4-cce2-475a-94ba-a9400c5113b3,148,4.933333333333334,right_wrist,0.5,0.5,0.0,540.0,960.0,0.5
bfa33ea4-cce2-475a-94ba-a9400c5113b3,148,4.933333333333334,left_hip,0.5,0.5,0.0,540.0,960.0,0.5
bfa33ea4-cce2-475a-94ba-a9400c5113b3,148,4.933333333333334,right_hip,0.5,0.5,0.0,540.0,960.0,0.5
bfa33ea4-cce2-475a-94ba-a9400c5113b3,148,4.933333333333334,left_knee,0.5,0.5,0.0,540.0,960.0,0.5
bfa33ea4-cce2-475a-94ba-a9400c5113b3,148,4.933333333333334,right_knee,0.5,0.5,0.0,540.0,960.0,0.5
bfa33ea4-cce2-475a-94ba-a9400c5113b3,148,4.933333333333334,left_ankle,0.5,0.5,0.0,540.0,960.0,0.5
bfa33ea4-cce2-475a-94ba-a9400c5113b3,148,4.933333333333334,right_ankle,0.5,0.5,0.0,540.0,960.0,0.5
bfa33ea4-cce2-475a-94ba-a9400c5113b3,148,4.933333333333334,left_heel,0.5,0.5,0.0,540.0,960.0,0.5
bfa33ea4-cce2-475a-94ba-a9400c5113b3,148,4.933333333333334,right_heel,0.5,0.5,0.0,540.0,960.0,0.5
bfa33ea4-cce2-475a-94ba-a9400c5113b3,148,4.933333333333334,left_foot_index,0.5,0.5,0.0,540.0,960.0,0.5
bfa33ea4-cce2-475a-94ba-a9400c5113b3,148,4.933333333333334,right_foot_index,0.5,0.5,0.0,540.0,960.0,0.5
bfa33ea4-cce2-475a-94ba-a9400c5113b3,149,4.966666666666667,nose,0.5,0.5,0.0,540.0,960.0,0.5
bfa33ea4-cce2-475a-94ba-a9400c5113b3,149,4.966666666666667,left_shoulder,0.5,0.5,0.0,540.0,960.0,0.5
bfa33ea4-cce2-475a-94ba-a9400c5113b3,149,4.966666666666667,right_shoulder,0.5,0.5,0.0,540.0,960.0,0.5
bfa33ea4-cce2-475a-94ba-a9400c5113b3,149,4.966666666666667,left_elbow,0.5,0.5,0.0,540.0,960.0,0.5
bfa33ea4-cce2-475a-94ba-a9400c5113b3,149,4.966666666666667,right_elbow,0.5,0.5,0.0,540.0,960.0,0.5
bfa33ea4-cce2-475a-94ba-a9400c5113b3,149,4.966666666666667,left_wrist,0.5,0.5,0.0,540.0,960.0,0.5
bfa33ea4-cce2-475a-94ba-a9400c5113b3,149,4.966666666666667,right_wrist,0.5,0.5,0.0,540.0,960.0,0.5
bfa33ea4-cce2-475a-94ba-a9400c5113b3,149,4.966666666666667,left_hip,0.5,0.5,0.0,540.0,960.0,0.5
bfa33ea4-cce2-475a-94ba-a9400c5113b3,149,4.966666666666667,right_hip,0.5,0.5,0.0,540.0,960.0,0.5
bfa33ea4-cce2-475a-94ba-a9400c5113b3,149,4.966666666666667,left_knee,0.5,0.5,0.0,540.0,960.0,0.5
bfa33ea4-cce2-475a-94ba-a9400c5113b3,149,4.966666666666667,right_knee,0.5,0.5,0.0,540.0,960.0,0.5
bfa33ea4-cce2-475a-94ba-a9400c5113b3,149,4.966666666666667,left_ankle,0.5,0.5,0.0,540.0,960.0,0.5
bfa33ea4-cce2-475a-94ba-a9400c5113b3,149,4.966666666666667,right_ankle,0.5,0.5,0.0,540.0,960.0,0.5
bfa33ea4-cce2-475a-94ba-a9400c5113b3,149,4.966666666666667,left_heel,0.5,0.5,0.0,540.0,960.0,0.5
bfa33ea4-cce2-475a-94ba-a9400c5113b3,149,4.966666666666667,right_heel,0.5,0.5,0.0,540.0,960.0,0.5
bfa33ea4-cce2-475a-94ba-a9400c5113b3,149,4.966666666666667,left_foot_index,0.5,0.5,0.0,540.0,960.0,0.5
bfa33ea4-cce2-475a-94ba-a9400c5113b3,149,4.966666666666667,right_foot_index,0.5,0.5,0.0,540.0,960.0,0.5
bfa33ea4-cce2-475a-94ba-a9400c5113b3,150,5.0,nose,0.5,0.5,0.0,540.0,960.0,0.5
bfa33ea4-cce2-475a-94ba-a9400c5113b3,150,5.0,left_shoulder,0.5,0.5,0.0,540.0,960.0,0.5
bfa33ea4-cce2-475a-94ba-a9400c5113b3,150,5.0,right_shoulder,0.5,0.5,0.0,540.0,960.0,0.5
bfa33ea4-cce2-475a-94ba-a9400c5113b3,150,5.0,left_elbow,0.5,0.5,0.0,540.0,960.0,0.5
bfa33ea4-cce2-475a-94ba-a9400c5113b3,150,5.0,right_elbow,0.5,0.5,0.0,540.0,960.0,0.5
bfa33ea4-cce2-475a-94ba-a9400c5113b3,150,5.0,left_wrist,0.5,0.5,0.0,540.0,960.0,0.5
bfa33ea4-cce2-475a-94ba-a9400c5113b3,150,5.0,right_wrist,0.5,0.5,0.0,540.0,960.0,0.5
bfa33ea4-cce2-475a-94ba-a9400c5113b3,150,5.0,left_hip,0.5,0.5,0.0,540.0,960.0,0.5
bfa33ea4-cce2-475a-94ba-a9400c5113b3,150,5.0,right_hip,0.5,0.5,0.0,540.0,960.0,0.5
bfa33ea4-cce2-475a-94ba-a9400c5113b3,150,5.0,left_knee,0.5,0.5,0.0,540.0,960.0,0.5
bfa33ea4-cce2-475a-94ba-a9400c5113b3,150,5.0,right_knee,0.5,0.5,0.0,540.0,960.0,0.5
bfa33ea4-cce2-475a-94ba-a9400c5113b3,150,5.0,left_ankle,0.5,0.5,0.0,540.0,960.0,0.5
bfa33ea4-cce2-475a-94ba-a9400c5113b3,150,5.0,right_ankle,0.5,0.5,0.0,540.0,960.0,0.5
bfa33ea4-cce2-475a-94ba-a9400c5113b3,150,5.0,left_heel,0.5,0.5,0.0,540.0,960.0,0.5
bfa33ea4-cce2-475a-94ba-a9400c5113b3,150,5.0,right_heel,0.5,0.5,0.0,540.0,960.0,0.5
bfa33ea4-cce2-475a-94ba-a9400c5113b3,150,5.0,left_foot_index,0.5,0.5,0.0,540.0,960.0,0.5
bfa33ea4-cce2-475a-94ba-a9400c5113b3,150,5.0,right_foot_index,0.5,0.5,0.0,540.0,960.0,0.5
bfa33ea4-cce2-475a-94ba-a9400c5113b3,151,5.033333333333333,nose,0.5,0.5,0.0,540.0,960.0,0.5
bfa33ea4-cce2-475a-94ba-a9400c5113b3,151,5.033333333333333,left_shoulder,0.5,0.5,0.0,540.0,960.0,0.5
bfa33ea4-cce2-475a-94ba-a9400c5113b3,151,5.033333333333333,right_shoulder,0.5,0.5,0.0,540.0,960.0,0.5
bfa33ea4-cce2-475a-94ba-a9400c5113b3,151,5.033333333333333,left_elbow,0.5,0.5,0.0,540.0,960.0,0.5
bfa33ea4-cce2-475a-94ba-a9400c5113b3,151,5.033333333333333,right_elbow,0.5,0.5,0.0,540.0,960.0,0.5
bfa33ea4-cce2-475a-94ba-a9400c5113b3,151,5.033333333333333,left_wrist,0.5,0.5,0.0,540.0,960.0,0.5
bfa33ea4-cce2-475a-94ba-a9400c5113b3,151,5.033333333333333,right_wrist,0.5,0.5,0.0,540.0,960.0,0.5
bfa33ea4-cce2-475a-94ba-a9400c5113b3,151,5.033333333333333,left_hip,0.5,0.5,0.0,540.0,960.0,0.5
bfa33ea4-cce2-475a-94ba-a9400c5113b3,151,5.033333333333333,right_hip,0.5,0.5,0.0,540.0,960.0,0.5
bfa33ea4-cce2-475a-94ba-a9400c5113b3,151,5.033333333333333,left_knee,0.5,0.5,0.0,540.0,960.0,0.5
bfa33ea4-cce2-475a-94ba-a9400c5113b3,151,5.033333333333333,right_knee,0.5,0.5,0.0,540.0,960.0,0.5
bfa33ea4-cce2-475a-94ba-a9400c5113b3,151,5.033333333333333,left_ankle,0.5,0.5,0.0,540.0,960.0,0.5
bfa33ea4-cce2-475a-94ba-a9400c5113b3,151,5.033333333333333,right_ankle,0.5,0.5,0.0,540.0,960.0,0.5
bfa33ea4-cce2-475a-94ba-a9400c5113b3,151,5.033333333333333,left_heel,0.5,0.5,0.0,540.0,960.0,0.5
bfa33ea4-cce2-475a-94ba-a9400c5113b3,151,5.033333333333333,right_heel,0.5,0.5,0.0,540.0,960.0,0.5
bfa33ea4-cce2-475a-94ba-a9400c5113b3,151,5.033333333333333,left_foot_index,0.5,0.5,0.0,540.0,960.0,0.5
bfa33ea4-cce2-475a-94ba-a9400c5113b3,151,5.033333333333333,right_foot_index,0.5,0.5,0.0,540.0,960.0,0.5
bfa33ea4-cce2-475a-94ba-a9400c5113b3,152,5.066666666666666,nose,0.5,0.5,0.0,540.0,960.0,0.5
bfa33ea4-cce2-475a-94ba-a9400c5113b3,152,5.066666666666666,left_shoulder,0.5,0.5,0.0,540.0,960.0,0.5
bfa33ea4-cce2-475a-94ba-a9400c5113b3,152,5.066666666666666,right_shoulder,0.5,0.5,0.0,540.0,960.0,0.5
bfa33ea4-cce2-475a-94ba-a9400c5113b3,152,5.066666666666666,left_elbow,0.5,0.5,0.0,540.0,960.0,0.5
bfa33ea4-cce2-475a-94ba-a9400c5113b3,152,5.066666666666666,right_elbow,0.5,0.5,0.0,540.0,960.0,0.5
bfa33ea4-cce2-475a-94ba-a9400c5113b3,152,5.066666666666666,left_wrist,0.5,0.5,0.0,540.0,960.0,0.5
bfa33ea4-cce2-475a-94ba-a9400c5113b3,152,5.066666666666666,right_wrist,0.5,0.5,0.0,540.0,960.0,0.5
bfa33ea4-cce2-475a-94ba-a9400c5113b3,152,5.066666666666666,left_hip,0.5,0.5,0.0,540.0,960.0,0.5
bfa33ea4-cce2-475a-94ba-a9400c5113b3,152,5.066666666666666,right_hip,0.5,0.5,0.0,540.0,960.0,0.5
bfa33ea4-cce2-475a-94ba-a9400c5113b3,152,5.066666666666666,left_knee,0.5,0.5,0.0,540.0,960.0,0.5
bfa33ea4-cce2-475a-94ba-a9400c5113b3,152,5.066666666666666,right_knee,0.5,0.5,0.0,540.0,960.0,0.5
bfa33ea4-cce2-475a-94ba-a9400c5113b3,152,5.066666666666666,left_ankle,0.5,0.5,0.0,540.0,960.0,0.5
bfa33ea4-cce2-475a-94ba-a9400c5113b3,152,5.066666666666666,right_ankle,0.5,0.5,0.0,540.0,960.0,0.5
bfa33ea4-cce2-475a-94ba-a9400c5113b3,152,5.066666666666666,left_heel,0.5,0.5,0.0,540.0,960.0,0.5
bfa33ea4-cce2-475a-94ba-a9400c5113b3,152,5.066666666666666,right_heel,0.5,0.5,0.0,540.0,960.0,0.5
bfa33ea4-cce2-475a-94ba-a9400c5113b3,152,5.066666666666666,left_foot_index,0.5,0.5,0.0,540.0,960.0,0.5
bfa33ea4-cce2-475a-94ba-a9400c5113b3,152,5.066666666666666,right_foot_index,0.5,0.5,0.0,540.0,960.0,0.5
bfa33ea4-cce2-475a-94ba-a9400c5113b3,153,5.1,nose,0.5,0.5,0.0,540.0,960.0,0.5
bfa33ea4-cce2-475a-94ba-a9400c5113b3,153,5.1,left_shoulder,0.5,0.5,0.0,540.0,960.0,0.5
bfa33ea4-cce2-475a-94ba-a9400c5113b3,153,5.1,right_shoulder,0.5,0.5,0.0,540.0,960.0,0.5
bfa33ea4-cce2-475a-94ba-a9400c5113b3,153,5.1,left_elbow,0.5,0.5,0.0,540.0,960.0,0.5
bfa33ea4-cce2-475a-94ba-a9400c5113b3,153,5.1,right_elbow,0.5,0.5,0.0,540.0,960.0,0.5
bfa33ea4-cce2-475a-94ba-a9400c5113b3,153,5.1,left_wrist,0.5,0.5,0.0,540.0,960.0,0.5
bfa33ea4-cce2-475a-94ba-a9400c5113b3,153,5.1,right_wrist,0.5,0.5,0.0,540.0,960.0,0.5
bfa33ea4-cce2-475a-94ba-a9400c5113b3,153,5.1,left_hip,0.5,0.5,0.0,540.0,960.0,0.5
bfa33ea4-cce2-475a-94ba-a9400c5113b3,153,5.1,right_hip,0.5,0.5,0.0,540.0,960.0,0.5
bfa33ea4-cce2-475a-94ba-a9400c5113b3,153,5.1,left_knee,0.5,0.5,0.0,540.0,960.0,0.5
bfa33ea4-cce2-475a-94ba-a9400c5113b3,153,5.1,right_knee,0.5,0.5,0.0,540.0,960.0,0.5
bfa33ea4-cce2-475a-94ba-a9400c5113b3,153,5.1,left_ankle,0.5,0.5,0.0,540.0,960.0,0.5
bfa33ea4-cce2-475a-94ba-a9400c5113b3,153,5.1,right_ankle,0.5,0.5,0.0,540.0,960.0,0.5
bfa33ea4-cce2-475a-94ba-a9400c5113b3,153,5.1,left_heel,0.5,0.5,0.0,540.0,960.0,0.5
bfa33ea4-cce2-475a-94ba-a9400c5113b3,153,5.1,right_heel,0.5,0.5,0.0,540.0,960.0,0.5
bfa33ea4-cce2-475a-94ba-a9400c5113b3,153,5.1,left_foot_index,0.5,0.5,0.0,540.0,960.0,0.5
bfa33ea4-cce2-475a-94ba-a9400c5113b3,153,5.1,right_foot_index,0.5,0.5,0.0,540.0,960.0,0.5
bfa33ea4-cce2-475a-94ba-a9400c5113b3,154,5.133333333333334,nose,0.5,0.5,0.0,540.0,960.0,0.5
bfa33ea4-cce2-475a-94ba-a9400c5113b3,154,5.133333333333334,left_shoulder,0.5,0.5,0.0,540.0,960.0,0.5
bfa33ea4-cce2-475a-94ba-a9400c5113b3,154,5.133333333333334,right_shoulder,0.5,0.5,0.0,540.0,960.0,0.5
bfa33ea4-cce2-475a-94ba-a9400c5113b3,154,5.133333333333334,left_elbow,0.5,0.5,0.0,540.0,960.0,0.5
bfa33ea4-cce2-475a-94ba-a9400c5113b3,154,5.133333333333334,right_elbow,0.5,0.5,0.0,540.0,960.0,0.5
bfa33ea4-cce2-475a-94ba-a9400c5113b3,154,5.133333333333334,left_wrist,0.5,0.5,0.0,540.0,960.0,0.5
bfa33ea4-cce2-475a-94ba-a9400c5113b3,154,5.133333333333334,right_wrist,0.5,0.5,0.0,540.0,960.0,0.5
bfa33ea4-cce2-475a-94ba-a9400c5113b3,154,5.133333333333334,left_hip,0.5,0.5,0.0,540.0,960.0,0.5
bfa33ea4-cce2-475a-94ba-a9400c5113b3,154,5.133333333333334,right_hip,0.5,0.5,0.0,540.0,960.0,0.5
bfa33ea4-cce2-475a-94ba-a9400c5113b3,154,5.133333333333334,left_knee,0.5,0.5,0.0,540.0,960.0,0.5
bfa33ea4-cce2-475a-94ba-a9400c5113b3,154,5.133333333333334,right_knee,0.5,0.5,0.0,540.0,960.0,0.5
bfa33ea4-cce2-475a-94ba-a9400c5113b3,154,5.133333333333334,left_ankle,0.5,0.5,0.0,540.0,960.0,0.5
bfa33ea4-cce2-475a-94ba-a9400c5113b3,154,5.133333333333334,right_ankle,0.5,0.5,0.0,540.0,960.0,0.5
bfa33ea4-cce2-475a-94ba-a9400c5113b3,154,5.133333333333334,left_heel,0.5,0.5,0.0,540.0,960.0,0.5
bfa33ea4-cce2-475a-94ba-a9400c5113b3,154,5.133333333333334,right_heel,0.5,0.5,0.0,540.0,960.0,0.5
bfa33ea4-cce2-475a-94ba-a9400c5113b3,154,5.133333333333334,left_foot_index,0.5,0.5,0.0,540.0,960.0,0.5
bfa33ea4-cce2-475a-94ba-a9400c5113b3,154,5.133333333333334,right_foot_index,0.5,0.5,0.0,540.0,960.0,0.5
bfa33ea4-cce2-475a-94ba-a9400c5113b3,155,5.166666666666667,nose,0.5,0.5,0.0,540.0,960.0,0.5
bfa33ea4-cce2-475a-94ba-a9400c5113b3,155,5.166666666666667,left_shoulder,0.5,0.5,0.0,540.0,960.0,0.5
bfa33ea4-cce2-475a-94ba-a9400c5113b3,155,5.166666666666667,right_shoulder,0.5,0.5,0.0,540.0,960.0,0.5
bfa33ea4-cce2-475a-94ba-a9400c5113b3,155,5.166666666666667,left_elbow,0.5,0.5,0.0,540.0,960.0,0.5
bfa33ea4-cce2-475a-94ba-a9400c5113b3,155,5.166666666666667,right_elbow,0.5,0.5,0.0,540.0,960.0,0.5
bfa33ea4-cce2-475a-94ba-a9400c5113b3,155,5.166666666666667,left_wrist,0.5,0.5,0.0,540.0,960.0,0.5
bfa33ea4-cce2-475a-94ba-a9400c5113b3,155,5.166666666666667,right_wrist,0.5,0.5,0.0,540.0,960.0,0.5
bfa33ea4-cce2-475a-94ba-a9400c5113b3,155,5.166666666666667,left_hip,0.5,0.5,0.0,540.0,960.0,0.5
bfa33ea4-cce2-475a-94ba-a9400c5113b3,155,5.166666666666667,right_hip,0.5,0.5,0.0,540.0,960.0,0.5
bfa33ea4-cce2-475a-94ba-a9400c5113b3,155,5.166666666666667,left_knee,0.5,0.5,0.0,540.0,960.0,0.5
bfa33ea4-cce2-475a-94ba-a9400c5113b3,155,5.166666666666667,right_knee,0.5,0.5,0.0,540.0,960.0,0.5
bfa33ea4-cce2-475a-94ba-a9400c5113b3,155,5.166666666666667,left_ankle,0.5,0.5,0.0,540.0,960.0,0.5
bfa33ea4-cce2-475a-94ba-a9400c5113b3,155,5.166666666666667,right_ankle,0.5,0.5,0.0,540.0,960.0,0.5
bfa33ea4-cce2-475a-94ba-a9400c5113b3,155,5.166666666666667,left_heel,0.5,0.5,0.0,540.0,960.0,0.5
bfa33ea4-cce2-475a-94ba-a9400c5113b3,155,5.166666666666667,right_heel,0.5,0.5,0.0,540.0,960.0,0.5
bfa33ea4-cce2-475a-94ba-a9400c5113b3,155,5.166666666666667,left_foot_index,0.5,0.5,0.0,540.0,960.0,0.5
bfa33ea4-cce2-475a-94ba-a9400c5113b3,155,5.166666666666667,right_foot_index,0.5,0.5,0.0,540.0,960.0,0.5
bfa33ea4-cce2-475a-94ba-a9400c5113b3,156,5.2,nose,0.5,0.5,0.0,540.0,960.0,0.5
bfa33ea4-cce2-475a-94ba-a9400c5113b3,156,5.2,left_shoulder,0.5,0.5,0.0,540.0,960.0,0.5
bfa33ea4-cce2-475a-94ba-a9400c5113b3,156,5.2,right_shoulder,0.5,0.5,0.0,540.0,960.0,0.5
bfa33ea4-cce2-475a-94ba-a9400c5113b3,156,5.2,left_elbow,0.5,0.5,0.0,540.0,960.0,0.5
bfa33ea4-cce2-475a-94ba-a9400c5113b3,156,5.2,right_elbow,0.5,0.5,0.0,540.0,960.0,0.5
bfa33ea4-cce2-475a-94ba-a9400c5113b3,156,5.2,left_wrist,0.5,0.5,0.0,540.0,960.0,0.5
bfa33ea4-cce2-475a-94ba-a9400c5113b3,156,5.2,right_wrist,0.5,0.5,0.0,540.0,960.0,0.5
bfa33ea4-cce2-475a-94ba-a9400c5113b3,156,5.2,left_hip,0.5,0.5,0.0,540.0,960.0,0.5
bfa33ea4-cce2-475a-94ba-a9400c5113b3,156,5.2,right_hip,0.5,0.5,0.0,540.0,960.0,0.5
bfa33ea4-cce2-475a-94ba-a9400c5113b3,156,5.2,left_knee,0.5,0.5,0.0,540.0,960.0,0.5
bfa33ea4-cce2-475a-94ba-a9400c5113b3,156,5.2,right_knee,0.5,0.5,0.0,540.0,960.0,0.5
bfa33ea4-cce2-475a-94ba-a9400c5113b3,156,5.2,left_ankle,0.5,0.5,0.0,540.0,960.0,0.5
bfa33ea4-cce2-475a-94ba-a9400c5113b3,156,5.2,right_ankle,0.5,0.5,0.0,540.0,960.0,0.5
bfa33ea4-cce2-475a-94ba-a9400c5113b3,156,5.2,left_heel,0.5,0.5,0.0,540.0,960.0,0.5
bfa33ea4-cce2-475a-94ba-a9400c5113b3,156,5.2,right_heel,0.5,0.5,0.0,540.0,960.0,0.5
bfa33ea4-cce2-475a-94ba-a9400c5113b3,156,5.2,left_foot_index,0.5,0.5,0.0,540.0,960.0,0.5
bfa33ea4-cce2-475a-94ba-a9400c5113b3,156,5.2,right_foot_index,0.5,0.5,0.0,540.0,960.0,0.5
bfa33ea4-cce2-475a-94ba-a9400c5113b3,157,5.233333333333333,nose,0.5,0.5,0.0,540.0,960.0,0.5
bfa33ea4-cce2-475a-94ba-a9400c5113b3,157,5.233333333333333,left_shoulder,0.5,0.5,0.0,540.0,960.0,0.5
bfa33ea4-cce2-475a-94ba-a9400c5113b3,157,5.233333333333333,right_shoulder,0.5,0.5,0.0,540.0,960.0,0.5
bfa33ea4-cce2-475a-94ba-a9400c5113b3,157,5.233333333333333,left_elbow,0.5,0.5,0.0,540.0,960.0,0.5
bfa33ea4-cce2-475a-94ba-a9400c5113b3,157,5.233333333333333,right_elbow,0.5,0.5,0.0,540.0,960.0,0.5
bfa33ea4-cce2-475a-94ba-a9400c5113b3,157,5.233333333333333,left_wrist,0.5,0.5,0.0,540.0,960.0,0.5
bfa33ea4-cce2-475a-94ba-a9400c5113b3,157,5.233333333333333,right_wrist,0.5,0.5,0.0,540.0,960.0,0.5
bfa33ea4-cce2-475a-94ba-a9400c5113b3,157,5.233333333333333,left_hip,0.5,0.5,0.0,540.0,960.0,0.5
bfa33ea4-cce2-475a-94ba-a9400c5113b3,157,5.233333333333333,right_hip,0.5,0.5,0.0,540.0,960.0,0.5
bfa33ea4-cce2-475a-94ba-a9400c5113b3,157,5.233333333333333,left_knee,0.5,0.5,0.0,540.0,960.0,0.5
bfa33ea4-cce2-475a-94ba-a9400c5113b3,157,5.233333333333333,right_knee,0.5,0.5,0.0,540.0,960.0,0.5
bfa33ea4-cce2-475a-94ba-a9400c5113b3,157,5.233333333333333,left_ankle,0.5,0.5,0.0,540.0,960.0,0.5
bfa33ea4-cce2-475a-94ba-a9400c5113b3,157,5.233333333333333,right_ankle,0.5,0.5,0.0,540.0,960.0,0.5
bfa33ea4-cce2-475a-94ba-a9400c5113b3,157,5.233333333333333,left_heel,0.5,0.5,0.0,540.0,960.0,0.5
bfa33ea4-cce2-475a-94ba-a9400c5113b3,157,5.233333333333333,right_heel,0.5,0.5,0.0,540.0,960.0,0.5
bfa33ea4-cce2-475a-94ba-a9400c5113b3,157,5.233333333333333,left_foot_index,0.5,0.5,0.0,540.0,960.0,0.5
bfa33ea4-cce2-475a-94ba-a9400c5113b3,157,5.233333333333333,right_foot_index,0.5,0.5,0.0,540.0,960.0,0.5
bfa33ea4-cce2-475a-94ba-a9400c5113b3,158,5.266666666666667,nose,0.5,0.5,0.0,540.0,960.0,0.5
bfa33ea4-cce2-475a-94ba-a9400c5113b3,158,5.266666666666667,left_shoulder,0.5,0.5,0.0,540.0,960.0,0.5
bfa33ea4-cce2-475a-94ba-a9400c5113b3,158,5.266666666666667,right_shoulder,0.5,0.5,0.0,540.0,960.0,0.5
bfa33ea4-cce2-475a-94ba-a9400c5113b3,158,5.266666666666667,left_elbow,0.5,0.5,0.0,540.0,960.0,0.5
bfa33ea4-cce2-475a-94ba-a9400c5113b3,158,5.266666666666667,right_elbow,0.5,0.5,0.0,540.0,960.0,0.5
bfa33ea4-cce2-475a-94ba-a9400c5113b3,158,5.266666666666667,left_wrist,0.5,0.5,0.0,540.0,960.0,0.5
bfa33ea4-cce2-475a-94ba-a9400c5113b3,158,5.266666666666667,right_wrist,0.5,0.5,0.0,540.0,960.0,0.5
bfa33ea4-cce2-475a-94ba-a9400c5113b3,158,5.266666666666667,left_hip,0.5,0.5,0.0,540.0,960.0,0.5
bfa33ea4-cce2-475a-94ba-a9400c5113b3,158,5.266666666666667,right_hip,0.5,0.5,0.0,540.0,960.0,0.5
bfa33ea4-cce2-475a-94ba-a9400c5113b3,158,5.266666666666667,left_knee,0.5,0.5,0.0,540.0,960.0,0.5
bfa33ea4-cce2-475a-94ba-a9400c5113b3,158,5.266666666666667,right_knee,0.5,0.5,0.0,540.0,960.0,0.5
bfa33ea4-cce2-475a-94ba-a9400c5113b3,158,5.266666666666667,left_ankle,0.5,0.5,0.0,540.0,960.0,0.5
bfa33ea4-cce2-475a-94ba-a9400c5113b3,158,5.266666666666667,right_ankle,0.5,0.5,0.0,540.0,960.0,0.5
bfa33ea4-cce2-475a-94ba-a9400c5113b3,158,5.266666666666667,left_heel,0.5,0.5,0.0,540.0,960.0,0.5
bfa33ea4-cce2-475a-94ba-a9400c5113b3,158,5.266666666666667,right_heel,0.5,0.5,0.0,540.0,960.0,0.5
bfa33ea4-cce2-475a-94ba-a9400c5113b3,158,5.266666666666667,left_foot_index,0.5,0.5,0.0,540.0,960.0,0.5
bfa33ea4-cce2-475a-94ba-a9400c5113b3,158,5.266666666666667,right_foot_index,0.5,0.5,0.0,540.0,960.0,0.5
bfa33ea4-cce2-475a-94ba-a9400c5113b3,159,5.3,nose,0.5,0.5,0.0,540.0,960.0,0.5
bfa33ea4-cce2-475a-94ba-a9400c5113b3,159,5.3,left_shoulder,0.5,0.5,0.0,540.0,960.0,0.5
bfa33ea4-cce2-475a-94ba-a9400c5113b3,159,5.3,right_shoulder,0.5,0.5,0.0,540.0,960.0,0.5
bfa33ea4-cce2-475a-94ba-a9400c5113b3,159,5.3,left_elbow,0.5,0.5,0.0,540.0,960.0,0.5
bfa33ea4-cce2-475a-94ba-a9400c5113b3,159,5.3,right_elbow,0.5,0.5,0.0,540.0,960.0,0.5
bfa33ea4-cce2-475a-94ba-a9400c5113b3,159,5.3,left_wrist,0.5,0.5,0.0,540.0,960.0,0.5
bfa33ea4-cce2-475a-94ba-a9400c5113b3,159,5.3,right_wrist,0.5,0.5,0.0,540.0,960.0,0.5
bfa33ea4-cce2-475a-94ba-a9400c5113b3,159,5.3,left_hip,0.5,0.5,0.0,540.0,960.0,0.5
bfa33ea4-cce2-475a-94ba-a9400c5113b3,159,5.3,right_hip,0.5,0.5,0.0,540.0,960.0,0.5
bfa33ea4-cce2-475a-94ba-a9400c5113b3,159,5.3,left_knee,0.5,0.5,0.0,540.0,960.0,0.5
bfa33ea4-cce2-475a-94ba-a9400c5113b3,159,5.3,right_knee,0.5,0.5,0.0,540.0,960.0,0.5
bfa33ea4-cce2-475a-94ba-a9400c5113b3,159,5.3,left_ankle,0.5,0.5,0.0,540.0,960.0,0.5
bfa33ea4-cce2-475a-94ba-a9400c5113b3,159,5.3,right_ankle,0.5,0.5,0.0,540.0,960.0,0.5
bfa33ea4-cce2-475a-94ba-a9400c5113b3,159,5.3,left_heel,0.5,0.5,0.0,540.0,960.0,0.5
bfa33ea4-cce2-475a-94ba-a9400c5113b3,159,5.3,right_heel,0.5,0.5,0.0,540.0,960.0,0.5
bfa33ea4-cce2-475a-94ba-a9400c5113b3,159,5.3,left_foot_index,0.5,0.5,0.0,540.0,960.0,0.5
bfa33ea4-cce2-475a-94ba-a9400c5113b3,159,5.3,right_foot_index,0.5,0.5,0.0,540.0,960.0,0.5
bfa33ea4-cce2-475a-94ba-a9400c5113b3,160,5.333333333333333,nose,0.5,0.5,0.0,540.0,960.0,0.5
bfa33ea4-cce2-475a-94ba-a9400c5113b3,160,5.333333333333333,left_shoulder,0.5,0.5,0.0,540.0,960.0,0.5
bfa33ea4-cce2-475a-94ba-a9400c5113b3,160,5.333333333333333,right_shoulder,0.5,0.5,0.0,540.0,960.0,0.5
bfa33ea4-cce2-475a-94ba-a9400c5113b3,160,5.333333333333333,left_elbow,0.5,0.5,0.0,540.0,960.0,0.5
bfa33ea4-cce2-475a-94ba-a9400c5113b3,160,5.333333333333333,right_elbow,0.5,0.5,0.0,540.0,960.0,0.5
bfa33ea4-cce2-475a-94ba-a9400c5113b3,160,5.333333333333333,left_wrist,0.5,0.5,0.0,540.0,960.0,0.5
bfa33ea4-cce2-475a-94ba-a9400c5113b3,160,5.333333333333333,right_wrist,0.5,0.5,0.0,540.0,960.0,0.5
bfa33ea4-cce2-475a-94ba-a9400c5113b3,160,5.333333333333333,left_hip,0.5,0.5,0.0,540.0,960.0,0.5
bfa33ea4-cce2-475a-94ba-a9400c5113b3,160,5.333333333333333,right_hip,0.5,0.5,0.0,540.0,960.0,0.5
bfa33ea4-cce2-475a-94ba-a9400c5113b3,160,5.333333333333333,left_knee,0.5,0.5,0.0,540.0,960.0,0.5
bfa33ea4-cce2-475a-94ba-a9400c5113b3,160,5.333333333333333,right_knee,0.5,0.5,0.0,540.0,960.0,0.5
bfa33ea4-cce2-475a-94ba-a9400c5113b3,160,5.333333333333333,left_ankle,0.5,0.5,0.0,540.0,960.0,0.5
bfa33ea4-cce2-475a-94ba-a9400c5113b3,160,5.333333333333333,right_ankle,0.5,0.5,0.0,540.0,960.0,0.5
bfa33ea4-cce2-475a-94ba-a9400c5113b3,160,5.333333333333333,left_heel,0.5,0.5,0.0,540.0,960.0,0.5
bfa33ea4-cce2-475a-94ba-a9400c5113b3,160,5.333333333333333,right_heel,0.5,0.5,0.0,540.0,960.0,0.5
bfa33ea4-cce2-475a-94ba-a9400c5113b3,160,5.333333333333333,left_foot_index,0.5,0.5,0.0,540.0,960.0,0.5
bfa33ea4-cce2-475a-94ba-a9400c5113b3,160,5.333333333333333,right_foot_index,0.5,0.5,0.0,540.0,960.0,0.5
bfa33ea4-cce2-475a-94ba-a9400c5113b3,161,5.366666666666666,nose,0.5,0.5,0.0,540.0,960.0,0.5
bfa33ea4-cce2-475a-94ba-a9400c5113b3,161,5.366666666666666,left_shoulder,0.5,0.5,0.0,540.0,960.0,0.5
bfa33ea4-cce2-475a-94ba-a9400c5113b3,161,5.366666666666666,right_shoulder,0.5,0.5,0.0,540.0,960.0,0.5
bfa33ea4-cce2-475a-94ba-a9400c5113b3,161,5.366666666666666,left_elbow,0.5,0.5,0.0,540.0,960.0,0.5
bfa33ea4-cce2-475a-94ba-a9400c5113b3,161,5.366666666666666,right_elbow,0.5,0.5,0.0,540.0,960.0,0.5
bfa33ea4-cce2-475a-94ba-a9400c5113b3,161,5.366666666666666,left_wrist,0.5,0.5,0.0,540.0,960.0,0.5
bfa33ea4-cce2-475a-94ba-a9400c5113b3,161,5.366666666666666,right_wrist,0.5,0.5,0.0,540.0,960.0,0.5
bfa33ea4-cce2-475a-94ba-a9400c5113b3,161,5.366666666666666,left_hip,0.5,0.5,0.0,540.0,960.0,0.5
bfa33ea4-cce2-475a-94ba-a9400c5113b3,161,5.366666666666666,right_hip,0.5,0.5,0.0,540.0,960.0,0.5
bfa33ea4-cce2-475a-94ba-a9400c5113b3,161,5.366666666666666,left_knee,0.5,0.5,0.0,540.0,960.0,0.5
bfa33ea4-cce2-475a-94ba-a9400c5113b3,161,5.366666666666666,right_knee,0.5,0.5,0.0,540.0,960.0,0.5
bfa33ea4-cce2-475a-94ba-a9400c5113b3,161,5.366666666666666,left_ankle,0.5,0.5,0.0,540.0,960.0,0.5
bfa33ea4-cce2-475a-94ba-a9400c5113b3,161,5.366666666666666,right_ankle,0.5,0.5,0.0,540.0,960.0,0.5
bfa33ea4-cce2-475a-94ba-a9400c5113b3,161,5.366666666666666,left_heel,0.5,0.5,0.0,540.0,960.0,0.5
bfa33ea4-cce2-475a-94ba-a9400c5113b3,161,5.366666666666666,right_heel,0.5,0.5,0.0,540.0,960.0,0.5
bfa33ea4-cce2-475a-94ba-a9400c5113b3,161,5.366666666666666,left_foot_index,0.5,0.5,0.0,540.0,960.0,0.5
bfa33ea4-cce2-475a-94ba-a9400c5113b3,161,5.366666666666666,right_foot_index,0.5,0.5,0.0,540.0,960.0,0.5
bfa33ea4-cce2-475a-94ba-a9400c5113b3,162,5.4,nose,0.5,0.5,0.0,540.0,960.0,0.5
bfa33ea4-cce2-475a-94ba-a9400c5113b3,162,5.4,left_shoulder,0.5,0.5,0.0,540.0,960.0,0.5
bfa33ea4-cce2-475a-94ba-a9400c5113b3,162,5.4,right_shoulder,0.5,0.5,0.0,540.0,960.0,0.5
bfa33ea4-cce2-475a-94ba-a9400c5113b3,162,5.4,left_elbow,0.5,0.5,0.0,540.0,960.0,0.5
bfa33ea4-cce2-475a-94ba-a9400c5113b3,162,5.4,right_elbow,0.5,0.5,0.0,540.0,960.0,0.5
bfa33ea4-cce2-475a-94ba-a9400c5113b3,162,5.4,left_wrist,0.5,0.5,0.0,540.0,960.0,0.5
bfa33ea4-cce2-475a-94ba-a9400c5113b3,162,5.4,right_wrist,0.5,0.5,0.0,540.0,960.0,0.5
bfa33ea4-cce2-475a-94ba-a9400c5113b3,162,5.4,left_hip,0.5,0.5,0.0,540.0,960.0,0.5
bfa33ea4-cce2-475a-94ba-a9400c5113b3,162,5.4,right_hip,0.5,0.5,0.0,540.0,960.0,0.5
bfa33ea4-cce2-475a-94ba-a9400c5113b3,162,5.4,left_knee,0.5,0.5,0.0,540.0,960.0,0.5
bfa33ea4-cce2-475a-94ba-a9400c5113b3,162,5.4,right_knee,0.5,0.5,0.0,540.0,960.0,0.5
bfa33ea4-cce2-475a-94ba-a9400c5113b3,162,5.4,left_ankle,0.5,0.5,0.0,540.0,960.0,0.5
bfa33ea4-cce2-475a-94ba-a9400c5113b3,162,5.4,right_ankle,0.5,0.5,0.0,540.0,960.0,0.5
bfa33ea4-cce2-475a-94ba-a9400c5113b3,162,5.4,left_heel,0.5,0.5,0.0,540.0,960.0,0.5
bfa33ea4-cce2-475a-94ba-a9400c5113b3,162,5.4,right_heel,0.5,0.5,0.0,540.0,960.0,0.5
bfa33ea4-cce2-475a-94ba-a9400c5113b3,162,5.4,left_foot_index,0.5,0.5,0.0,540.0,960.0,0.5
bfa33ea4-cce2-475a-94ba-a9400c5113b3,162,5.4,right_foot_index,0.5,0.5,0.0,540.0,960.0,0.5
bfa33ea4-cce2-475a-94ba-a9400c5113b3,163,5.433333333333334,nose,0.5,0.5,0.0,540.0,960.0,0.5
bfa33ea4-cce2-475a-94ba-a9400c5113b3,163,5.433333333333334,left_shoulder,0.5,0.5,0.0,540.0,960.0,0.5
bfa33ea4-cce2-475a-94ba-a9400c5113b3,163,5.433333333333334,right_shoulder,0.5,0.5,0.0,540.0,960.0,0.5
bfa33ea4-cce2-475a-94ba-a9400c5113b3,163,5.433333333333334,left_elbow,0.5,0.5,0.0,540.0,960.0,0.5
bfa33ea4-cce2-475a-94ba-a9400c5113b3,163,5.433333333333334,right_elbow,0.5,0.5,0.0,540.0,960.0,0.5
bfa33ea4-cce2-475a-94ba-a9400c5113b3,163,5.433333333333334,left_wrist,0.5,0.5,0.0,540.0,960.0,0.5
bfa33ea4-cce2-475a-94ba-a9400c5113b3,163,5.433333333333334,right_wrist,0.5,0.5,0.0,540.0,960.0,0.5
bfa33ea4-cce2-475a-94ba-a9400c5113b3,163,5.433333333333334,left_hip,0.5,0.5,0.0,540.0,960.0,0.5
bfa33ea4-cce2-475a-94ba-a9400c5113b3,163,5.433333333333334,right_hip,0.5,0.5,0.0,540.0,960.0,0.5
bfa33ea4-cce2-475a-94ba-a9400c5113b3,163,5.433333333333334,left_knee,0.5,0.5,0.0,540.0,960.0,0.5
bfa33ea4-cce2-475a-94ba-a9400c5113b3,163,5.433333333333334,right_knee,0.5,0.5,0.0,540.0,960.0,0.5
bfa33ea4-cce2-475a-94ba-a9400c5113b3,163,5.433333333333334,left_ankle,0.5,0.5,0.0,540.0,960.0,0.5
bfa33ea4-cce2-475a-94ba-a9400c5113b3,163,5.433333333333334,right_ankle,0.5,0.5,0.0,540.0,960.0,0.5
bfa33ea4-cce2-475a-94ba-a9400c5113b3,163,5.433333333333334,left_heel,0.5,0.5,0.0,540.0,960.0,0.5
bfa33ea4-cce2-475a-94ba-a9400c5113b3,163,5.433333333333334,right_heel,0.5,0.5,0.0,540.0,960.0,0.5
bfa33ea4-cce2-475a-94ba-a9400c5113b3,163,5.433333333333334,left_foot_index,0.5,0.5,0.0,540.0,960.0,0.5
bfa33ea4-cce2-475a-94ba-a9400c5113b3,163,5.433333333333334,right_foot_index,0.5,0.5,0.0,540.0,960.0,0.5
bfa33ea4-cce2-475a-94ba-a9400c5113b3,164,5.466666666666667,nose,0.5,0.5,0.0,540.0,960.0,0.5
bfa33ea4-cce2-475a-94ba-a9400c5113b3,164,5.466666666666667,left_shoulder,0.5,0.5,0.0,540.0,960.0,0.5
bfa33ea4-cce2-475a-94ba-a9400c5113b3,164,5.466666666666667,right_shoulder,0.5,0.5,0.0,540.0,960.0,0.5
bfa33ea4-cce2-475a-94ba-a9400c5113b3,164,5.466666666666667,left_elbow,0.5,0.5,0.0,540.0,960.0,0.5
bfa33ea4-cce2-475a-94ba-a9400c5113b3,164,5.466666666666667,right_elbow,0.5,0.5,0.0,540.0,960.0,0.5
bfa33ea4-cce2-475a-94ba-a9400c5113b3,164,5.466666666666667,left_wrist,0.5,0.5,0.0,540.0,960.0,0.5
bfa33ea4-cce2-475a-94ba-a9400c5113b3,164,5.466666666666667,right_wrist,0.5,0.5,0.0,540.0,960.0,0.5
bfa33ea4-cce2-475a-94ba-a9400c5113b3,164,5.466666666666667,left_hip,0.5,0.5,0.0,540.0,960.0,0.5
bfa33ea4-cce2-475a-94ba-a9400c5113b3,164,5.466666666666667,right_hip,0.5,0.5,0.0,540.0,960.0,0.5
bfa33ea4-cce2-475a-94ba-a9400c5113b3,164,5.466666666666667,left_knee,0.5,0.5,0.0,540.0,960.0,0.5
bfa33ea4-cce2-475a-94ba-a9400c5113b3,164,5.466666666666667,right_knee,0.5,0.5,0.0,540.0,960.0,0.5
bfa33ea4-cce2-475a-94ba-a9400c5113b3,164,5.466666666666667,left_ankle,0.5,0.5,0.0,540.0,960.0,0.5
bfa33ea4-cce2-475a-94ba-a9400c5113b3,164,5.466666666666667,right_ankle,0.5,0.5,0.0,540.0,960.0,0.5
bfa33ea4-cce2-475a-94ba-a9400c5113b3,164,5.466666666666667,left_heel,0.5,0.5,0.0,540.0,960.0,0.5
bfa33ea4-cce2-475a-94ba-a9400c5113b3,164,5.466666666666667,right_heel,0.5,0.5,0.0,540.0,960.0,0.5
bfa33ea4-cce2-475a-94ba-a9400c5113b3,164,5.466666666666667,left_foot_index,0.5,0.5,0.0,540.0,960.0,0.5
bfa33ea4-cce2-475a-94ba-a9400c5113b3,164,5.466666666666667,right_foot_index,0.5,0.5,0.0,540.0,960.0,0.5
bfa33ea4-cce2-475a-94ba-a9400c5113b3,165,5.5,nose,0.5,0.5,0.0,540.0,960.0,0.5
bfa33ea4-cce2-475a-94ba-a9400c5113b3,165,5.5,left_shoulder,0.5,0.5,0.0,540.0,960.0,0.5
bfa33ea4-cce2-475a-94ba-a9400c5113b3,165,5.5,right_shoulder,0.5,0.5,0.0,540.0,960.0,0.5
bfa33ea4-cce2-475a-94ba-a9400c5113b3,165,5.5,left_elbow,0.5,0.5,0.0,540.0,960.0,0.5
bfa33ea4-cce2-475a-94ba-a9400c5113b3,165,5.5,right_elbow,0.5,0.5,0.0,540.0,960.0,0.5
bfa33ea4-cce2-475a-94ba-a9400c5113b3,165,5.5,left_wrist,0.5,0.5,0.0,540.0,960.0,0.5
bfa33ea4-cce2-475a-94ba-a9400c5113b3,165,5.5,right_wrist,0.5,0.5,0.0,540.0,960.0,0.5
bfa33ea4-cce2-475a-94ba-a9400c5113b3,165,5.5,left_hip,0.5,0.5,0.0,540.0,960.0,0.5
bfa33ea4-cce2-475a-94ba-a9400c5113b3,165,5.5,right_hip,0.5,0.5,0.0,540.0,960.0,0.5
bfa33ea4-cce2-475a-94ba-a9400c5113b3,165,5.5,left_knee,0.5,0.5,0.0,540.0,960.0,0.5
bfa33ea4-cce2-475a-94ba-a9400c5113b3,165,5.5,right_knee,0.5,0.5,0.0,540.0,960.0,0.5
bfa33ea4-cce2-475a-94ba-a9400c5113b3,165,5.5,left_ankle,0.5,0.5,0.0,540.0,960.0,0.5
bfa33ea4-cce2-475a-94ba-a9400c5113b3,165,5.5,right_ankle,0.5,0.5,0.0,540.0,960.0,0.5
bfa33ea4-cce2-475a-94ba-a9400c5113b3,165,5.5,left_heel,0.5,0.5,0.0,540.0,960.0,0.5
bfa33ea4-cce2-475a-94ba-a9400c5113b3,165,5.5,right_heel,0.5,0.5,0.0,540.0,960.0,0.5
bfa33ea4-cce2-475a-94ba-a9400c5113b3,165,5.5,left_foot_index,0.5,0.5,0.0,540.0,960.0,0.5
bfa33ea4-cce2-475a-94ba-a9400c5113b3,165,5.5,right_foot_index,0.5,0.5,0.0,540.0,960.0,0.5
bfa33ea4-cce2-475a-94ba-a9400c5113b3,166,5.533333333333333,nose,0.5,0.5,0.0,540.0,960.0,0.5
bfa33ea4-cce2-475a-94ba-a9400c5113b3,166,5.533333333333333,left_shoulder,0.5,0.5,0.0,540.0,960.0,0.5
bfa33ea4-cce2-475a-94ba-a9400c5113b3,166,5.533333333333333,right_shoulder,0.5,0.5,0.0,540.0,960.0,0.5
bfa33ea4-cce2-475a-94ba-a9400c5113b3,166,5.533333333333333,left_elbow,0.5,0.5,0.0,540.0,960.0,0.5
bfa33ea4-cce2-475a-94ba-a9400c5113b3,166,5.533333333333333,right_elbow,0.5,0.5,0.0,540.0,960.0,0.5
bfa33ea4-cce2-475a-94ba-a9400c5113b3,166,5.533333333333333,left_wrist,0.5,0.5,0.0,540.0,960.0,0.5
bfa33ea4-cce2-475a-94ba-a9400c5113b3,166,5.533333333333333,right_wrist,0.5,0.5,0.0,540.0,960.0,0.5
bfa33ea4-cce2-475a-94ba-a9400c5113b3,166,5.533333333333333,left_hip,0.5,0.5,0.0,540.0,960.0,0.5
bfa33ea4-cce2-475a-94ba-a9400c5113b3,166,5.533333333333333,right_hip,0.5,0.5,0.0,540.0,960.0,0.5
bfa33ea4-cce2-475a-94ba-a9400c5113b3,166,5.533333333333333,left_knee,0.5,0.5,0.0,540.0,960.0,0.5
bfa33ea4-cce2-475a-94ba-a9400c5113b3,166,5.533333333333333,right_knee,0.5,0.5,0.0,540.0,960.0,0.5
bfa33ea4-cce2-475a-94ba-a9400c5113b3,166,5.533333333333333,left_ankle,0.5,0.5,0.0,540.0,960.0,0.5
bfa33ea4-cce2-475a-94ba-a9400c5113b3,166,5.533333333333333,right_ankle,0.5,0.5,0.0,540.0,960.0,0.5
bfa33ea4-cce2-475a-94ba-a9400c5113b3,166,5.533333333333333,left_heel,0.5,0.5,0.0,540.0,960.0,0.5
bfa33ea4-cce2-475a-94ba-a9400c5113b3,166,5.533333333333333,right_heel,0.5,0.5,0.0,540.0,960.0,0.5
bfa33ea4-cce2-475a-94ba-a9400c5113b3,166,5.533333333333333,left_foot_index,0.5,0.5,0.0,540.0,960.0,0.5
bfa33ea4-cce2-475a-94ba-a9400c5113b3,166,5.533333333333333,right_foot_index,0.5,0.5,0.0,540.0,960.0,0.5
bfa33ea4-cce2-475a-94ba-a9400c5113b3,167,5.566666666666666,nose,0.5,0.5,0.0,540.0,960.0,0.5
bfa33ea4-cce2-475a-94ba-a9400c5113b3,167,5.566666666666666,left_shoulder,0.5,0.5,0.0,540.0,960.0,0.5
bfa33ea4-cce2-475a-94ba-a9400c5113b3,167,5.566666666666666,right_shoulder,0.5,0.5,0.0,540.0,960.0,0.5
bfa33ea4-cce2-475a-94ba-a9400c5113b3,167,5.566666666666666,left_elbow,0.5,0.5,0.0,540.0,960.0,0.5
bfa33ea4-cce2-475a-94ba-a9400c5113b3,167,5.566666666666666,right_elbow,0.5,0.5,0.0,540.0,960.0,0.5
bfa33ea4-cce2-475a-94ba-a9400c5113b3,167,5.566666666666666,left_wrist,0.5,0.5,0.0,540.0,960.0,0.5
bfa33ea4-cce2-475a-94ba-a9400c5113b3,167,5.566666666666666,right_wrist,0.5,0.5,0.0,540.0,960.0,0.5
bfa33ea4-cce2-475a-94ba-a9400c5113b3,167,5.566666666666666,left_hip,0.5,0.5,0.0,540.0,960.0,0.5
bfa33ea4-cce2-475a-94ba-a9400c5113b3,167,5.566666666666666,right_hip,0.5,0.5,0.0,540.0,960.0,0.5
bfa33ea4-cce2-475a-94ba-a9400c5113b3,167,5.566666666666666,left_knee,0.5,0.5,0.0,540.0,960.0,0.5
bfa33ea4-cce2-475a-94ba-a9400c5113b3,167,5.566666666666666,right_knee,0.5,0.5,0.0,540.0,960.0,0.5
bfa33ea4-cce2-475a-94ba-a9400c5113b3,167,5.566666666666666,left_ankle,0.5,0.5,0.0,540.0,960.0,0.5
bfa33ea4-cce2-475a-94ba-a9400c5113b3,167,5.566666666666666,right_ankle,0.5,0.5,0.0,540.0,960.0,0.5
bfa33ea4-cce2-475a-94ba-a9400c5113b3,167,5.566666666666666,left_heel,0.5,0.5,0.0,540.0,960.0,0.5
bfa33ea4-cce2-475a-94ba-a9400c5113b3,167,5.566666666666666,right_heel,0.5,0.5,0.0,540.0,960.0,0.5
bfa33ea4-cce2-475a-94ba-a9400c5113b3,167,5.566666666666666,left_foot_index,0.5,0.5,0.0,540.0,960.0,0.5
bfa33ea4-cce2-475a-94ba-a9400c5113b3,167,5.566666666666666,right_foot_index,0.5,0.5,0.0,540.0,960.0,0.5
bfa33ea4-cce2-475a-94ba-a9400c5113b3,168,5.6,nose,0.5,0.5,0.0,540.0,960.0,0.5
bfa33ea4-cce2-475a-94ba-a9400c5113b3,168,5.6,left_shoulder,0.5,0.5,0.0,540.0,960.0,0.5
bfa33ea4-cce2-475a-94ba-a9400c5113b3,168,5.6,right_shoulder,0.5,0.5,0.0,540.0,960.0,0.5
bfa33ea4-cce2-475a-94ba-a9400c5113b3,168,5.6,left_elbow,0.5,0.5,0.0,540.0,960.0,0.5
bfa33ea4-cce2-475a-94ba-a9400c5113b3,168,5.6,right_elbow,0.5,0.5,0.0,540.0,960.0,0.5
bfa33ea4-cce2-475a-94ba-a9400c5113b3,168,5.6,left_wrist,0.5,0.5,0.0,540.0,960.0,0.5
bfa33ea4-cce2-475a-94ba-a9400c5113b3,168,5.6,right_wrist,0.5,0.5,0.0,540.0,960.0,0.5
bfa33ea4-cce2-475a-94ba-a9400c5113b3,168,5.6,left_hip,0.5,0.5,0.0,540.0,960.0,0.5
bfa33ea4-cce2-475a-94ba-a9400c5113b3,168,5.6,right_hip,0.5,0.5,0.0,540.0,960.0,0.5
bfa33ea4-cce2-475a-94ba-a9400c5113b3,168,5.6,left_knee,0.5,0.5,0.0,540.0,960.0,0.5
bfa33ea4-cce2-475a-94ba-a9400c5113b3,168,5.6,right_knee,0.5,0.5,0.0,540.0,960.0,0.5
bfa33ea4-cce2-475a-94ba-a9400c5113b3,168,5.6,left_ankle,0.5,0.5,0.0,540.0,960.0,0.5
bfa33ea4-cce2-475a-94ba-a9400c5113b3,168,5.6,right_ankle,0.5,0.5,0.0,540.0,960.0,0.5
bfa33ea4-cce2-475a-94ba-a9400c5113b3,168,5.6,left_heel,0.5,0.5,0.0,540.0,960.0,0.5
bfa33ea4-cce2-475a-94ba-a9400c5113b3,168,5.6,right_heel,0.5,0.5,0.0,540.0,960.0,0.5
bfa33ea4-cce2-475a-94ba-a9400c5113b3,168,5.6,left_foot_index,0.5,0.5,0.0,540.0,960.0,0.5
bfa33ea4-cce2-475a-94ba-a9400c5113b3,168,5.6,right_foot_index,0.5,0.5,0.0,540.0,960.0,0.5
bfa33ea4-cce2-475a-94ba-a9400c5113b3,169,5.633333333333334,nose,0.5,0.5,0.0,540.0,960.0,0.5
bfa33ea4-cce2-475a-94ba-a9400c5113b3,169,5.633333333333334,left_shoulder,0.5,0.5,0.0,540.0,960.0,0.5
bfa33ea4-cce2-475a-94ba-a9400c5113b3,169,5.633333333333334,right_shoulder,0.5,0.5,0.0,540.0,960.0,0.5
bfa33ea4-cce2-475a-94ba-a9400c5113b3,169,5.633333333333334,left_elbow,0.5,0.5,0.0,540.0,960.0,0.5
bfa33ea4-cce2-475a-94ba-a9400c5113b3,169,5.633333333333334,right_elbow,0.5,0.5,0.0,540.0,960.0,0.5
bfa33ea4-cce2-475a-94ba-a9400c5113b3,169,5.633333333333334,left_wrist,0.5,0.5,0.0,540.0,960.0,0.5
bfa33ea4-cce2-475a-94ba-a9400c5113b3,169,5.633333333333334,right_wrist,0.5,0.5,0.0,540.0,960.0,0.5
bfa33ea4-cce2-475a-94ba-a9400c5113b3,169,5.633333333333334,left_hip,0.5,0.5,0.0,540.0,960.0,0.5
bfa33ea4-cce2-475a-94ba-a9400c5113b3,169,5.633333333333334,right_hip,0.5,0.5,0.0,540.0,960.0,0.5
bfa33ea4-cce2-475a-94ba-a9400c5113b3,169,5.633333333333334,left_knee,0.5,0.5,0.0,540.0,960.0,0.5
bfa33ea4-cce2-475a-94ba-a9400c5113b3,169,5.633333333333334,right_knee,0.5,0.5,0.0,540.0,960.0,0.5
bfa33ea4-cce2-475a-94ba-a9400c5113b3,169,5.633333333333334,left_ankle,0.5,0.5,0.0,540.0,960.0,0.5
bfa33ea4-cce2-475a-94ba-a9400c5113b3,169,5.633333333333334,right_ankle,0.5,0.5,0.0,540.0,960.0,0.5
bfa33ea4-cce2-475a-94ba-a9400c5113b3,169,5.633333333333334,left_heel,0.5,0.5,0.0,540.0,960.0,0.5
bfa33ea4-cce2-475a-94ba-a9400c5113b3,169,5.633333333333334,right_heel,0.5,0.5,0.0,540.0,960.0,0.5
bfa33ea4-cce2-475a-94ba-a9400c5113b3,169,5.633333333333334,left_foot_index,0.5,0.5,0.0,540.0,960.0,0.5
bfa33ea4-cce2-475a-94ba-a9400c5113b3,169,5.633333333333334,right_foot_index,0.5,0.5,0.0,540.0,960.0,0.5
bfa33ea4-cce2-475a-94ba-a9400c5113b3,170,5.666666666666667,nose,0.5,0.5,0.0,540.0,960.0,0.5
bfa33ea4-cce2-475a-94ba-a9400c5113b3,170,5.666666666666667,left_shoulder,0.5,0.5,0.0,540.0,960.0,0.5
bfa33ea4-cce2-475a-94ba-a9400c5113b3,170,5.666666666666667,right_shoulder,0.5,0.5,0.0,540.0,960.0,0.5
bfa33ea4-cce2-475a-94ba-a9400c5113b3,170,5.666666666666667,left_elbow,0.5,0.5,0.0,540.0,960.0,0.5
bfa33ea4-cce2-475a-94ba-a9400c5113b3,170,5.666666666666667,right_elbow,0.5,0.5,0.0,540.0,960.0,0.5
bfa33ea4-cce2-475a-94ba-a9400c5113b3,170,5.666666666666667,left_wrist,0.5,0.5,0.0,540.0,960.0,0.5
bfa33ea4-cce2-475a-94ba-a9400c5113b3,170,5.666666666666667,right_wrist,0.5,0.5,0.0,540.0,960.0,0.5
bfa33ea4-cce2-475a-94ba-a9400c5113b3,170,5.666666666666667,left_hip,0.5,0.5,0.0,540.0,960.0,0.5
bfa33ea4-cce2-475a-94ba-a9400c5113b3,170,5.666666666666667,right_hip,0.5,0.5,0.0,540.0,960.0,0.5
bfa33ea4-cce2-475a-94ba-a9400c5113b3,170,5.666666666666667,left_knee,0.5,0.5,0.0,540.0,960.0,0.5
bfa33ea4-cce2-475a-94ba-a9400c5113b3,170,5.666666666666667,right_knee,0.5,0.5,0.0,540.0,960.0,0.5
bfa33ea4-cce2-475a-94ba-a9400c5113b3,170,5.666666666666667,left_ankle,0.5,0.5,0.0,540.0,960.0,0.5
bfa33ea4-cce2-475a-94ba-a9400c5113b3,170,5.666666666666667,right_ankle,0.5,0.5,0.0,540.0,960.0,0.5
bfa33ea4-cce2-475a-94ba-a9400c5113b3,170,5.666666666666667,left_heel,0.5,0.5,0.0,540.0,960.0,0.5
bfa33ea4-cce2-475a-94ba-a9400c5113b3,170,5.666666666666667,right_heel,0.5,0.5,0.0,540.0,960.0,0.5
bfa33ea4-cce2-475a-94ba-a9400c5113b3,170,5.666666666666667,left_foot_index,0.5,0.5,0.0,540.0,960.0,0.5
bfa33ea4-cce2-475a-94ba-a9400c5113b3,170,5.666666666666667,right_foot_index,0.5,0.5,0.0,540.0,960.0,0.5
bfa33ea4-cce2-475a-94ba-a9400c5113b3,171,5.7,nose,0.5,0.5,0.0,540.0,960.0,0.5
bfa33ea4-cce2-475a-94ba-a9400c5113b3,171,5.7,left_shoulder,0.5,0.5,0.0,540.0,960.0,0.5
bfa33ea4-cce2-475a-94ba-a9400c5113b3,171,5.7,right_shoulder,0.5,0.5,0.0,540.0,960.0,0.5
bfa33ea4-cce2-475a-94ba-a9400c5113b3,171,5.7,left_elbow,0.5,0.5,0.0,540.0,960.0,0.5
bfa33ea4-cce2-475a-94ba-a9400c5113b3,171,5.7,right_elbow,0.5,0.5,0.0,540.0,960.0,0.5
bfa33ea4-cce2-475a-94ba-a9400c5113b3,171,5.7,left_wrist,0.5,0.5,0.0,540.0,960.0,0.5
bfa33ea4-cce2-475a-94ba-a9400c5113b3,171,5.7,right_wrist,0.5,0.5,0.0,540.0,960.0,0.5
bfa33ea4-cce2-475a-94ba-a9400c5113b3,171,5.7,left_hip,0.5,0.5,0.0,540.0,960.0,0.5
bfa33ea4-cce2-475a-94ba-a9400c5113b3,171,5.7,right_hip,0.5,0.5,0.0,540.0,960.0,0.5
bfa33ea4-cce2-475a-94ba-a9400c5113b3,171,5.7,left_knee,0.5,0.5,0.0,540.0,960.0,0.5
bfa33ea4-cce2-475a-94ba-a9400c5113b3,171,5.7,right_knee,0.5,0.5,0.0,540.0,960.0,0.5
bfa33ea4-cce2-475a-94ba-a9400c5113b3,171,5.7,left_ankle,0.5,0.5,0.0,540.0,960.0,0.5
bfa33ea4-cce2-475a-94ba-a9400c5113b3,171,5.7,right_ankle,0.5,0.5,0.0,540.0,960.0,0.5
bfa33ea4-cce2-475a-94ba-a9400c5113b3,171,5.7,left_heel,0.5,0.5,0.0,540.0,960.0,0.5
bfa33ea4-cce2-475a-94ba-a9400c5113b3,171,5.7,right_heel,0.5,0.5,0.0,540.0,960.0,0.5
bfa33ea4-cce2-475a-94ba-a9400c5113b3,171,5.7,left_foot_index,0.5,0.5,0.0,540.0,960.0,0.5
bfa33ea4-cce2-475a-94ba-a9400c5113b3,171,5.7,right_foot_index,0.5,0.5,0.0,540.0,960.0,0.5
bfa33ea4-cce2-475a-94ba-a9400c5113b3,172,5.733333333333333,nose,0.5,0.5,0.0,540.0,960.0,0.5
bfa33ea4-cce2-475a-94ba-a9400c5113b3,172,5.733333333333333,left_shoulder,0.5,0.5,0.0,540.0,960.0,0.5
bfa33ea4-cce2-475a-94ba-a9400c5113b3,172,5.733333333333333,right_shoulder,0.5,0.5,0.0,540.0,960.0,0.5
bfa33ea4-cce2-475a-94ba-a9400c5113b3,172,5.733333333333333,left_elbow,0.5,0.5,0.0,540.0,960.0,0.5
bfa33ea4-cce2-475a-94ba-a9400c5113b3,172,5.733333333333333,right_elbow,0.5,0.5,0.0,540.0,960.0,0.5
bfa33ea4-cce2-475a-94ba-a9400c5113b3,172,5.733333333333333,left_wrist,0.5,0.5,0.0,540.0,960.0,0.5
bfa33ea4-cce2-475a-94ba-a9400c5113b3,172,5.733333333333333,right_wrist,0.5,0.5,0.0,540.0,960.0,0.5
bfa33ea4-cce2-475a-94ba-a9400c5113b3,172,5.733333333333333,left_hip,0.5,0.5,0.0,540.0,960.0,0.5
bfa33ea4-cce2-475a-94ba-a9400c5113b3,172,5.733333333333333,right_hip,0.5,0.5,0.0,540.0,960.0,0.5
bfa33ea4-cce2-475a-94ba-a9400c5113b3,172,5.733333333333333,left_knee,0.5,0.5,0.0,540.0,960.0,0.5
bfa33ea4-cce2-475a-94ba-a9400c5113b3,172,5.733333333333333,right_knee,0.5,0.5,0.0,540.0,960.0,0.5
bfa33ea4-cce2-475a-94ba-a9400c5113b3,172,5.733333333333333,left_ankle,0.5,0.5,0.0,540.0,960.0,0.5
bfa33ea4-cce2-475a-94ba-a9400c5113b3,172,5.733333333333333,right_ankle,0.5,0.5,0.0,540.0,960.0,0.5
bfa33ea4-cce2-475a-94ba-a9400c5113b3,172,5.733333333333333,left_heel,0.5,0.5,0.0,540.0,960.0,0.5
bfa33ea4-cce2-475a-94ba-a9400c5113b3,172,5.733333333333333,right_heel,0.5,0.5,0.0,540.0,960.0,0.5
bfa33ea4-cce2-475a-94ba-a9400c5113b3,172,5.733333333333333,left_foot_index,0.5,0.5,0.0,540.0,960.0,0.5
bfa33ea4-cce2-475a-94ba-a9400c5113b3,172,5.733333333333333,right_foot_index,0.5,0.5,0.0,540.0,960.0,0.5
bfa33ea4-cce2-475a-94ba-a9400c5113b3,173,5.766666666666667,nose,0.5,0.5,0.0,540.0,960.0,0.5
bfa33ea4-cce2-475a-94ba-a9400c5113b3,173,5.766666666666667,left_shoulder,0.5,0.5,0.0,540.0,960.0,0.5
bfa33ea4-cce2-475a-94ba-a9400c5113b3,173,5.766666666666667,right_shoulder,0.5,0.5,0.0,540.0,960.0,0.5
bfa33ea4-cce2-475a-94ba-a9400c5113b3,173,5.766666666666667,left_elbow,0.5,0.5,0.0,540.0,960.0,0.5
bfa33ea4-cce2-475a-94ba-a9400c5113b3,173,5.766666666666667,right_elbow,0.5,0.5,0.0,540.0,960.0,0.5
bfa33ea4-cce2-475a-94ba-a9400c5113b3,173,5.766666666666667,left_wrist,0.5,0.5,0.0,540.0,960.0,0.5
bfa33ea4-cce2-475a-94ba-a9400c5113b3,173,5.766666666666667,right_wrist,0.5,0.5,0.0,540.0,960.0,0.5
bfa33ea4-cce2-475a-94ba-a9400c5113b3,173,5.766666666666667,left_hip,0.5,0.5,0.0,540.0,960.0,0.5
bfa33ea4-cce2-475a-94ba-a9400c5113b3,173,5.766666666666667,right_hip,0.5,0.5,0.0,540.0,960.0,0.5
bfa33ea4-cce2-475a-94ba-a9400c5113b3,173,5.766666666666667,left_knee,0.5,0.5,0.0,540.0,960.0,0.5
bfa33ea4-cce2-475a-94ba-a9400c5113b3,173,5.766666666666667,right_knee,0.5,0.5,0.0,540.0,960.0,0.5
bfa33ea4-cce2-475a-94ba-a9400c5113b3,173,5.766666666666667,left_ankle,0.5,0.5,0.0,540.0,960.0,0.5
bfa33ea4-cce2-475a-94ba-a9400c5113b3,173,5.766666666666667,right_ankle,0.5,0.5,0.0,540.0,960.0,0.5
bfa33ea4-cce2-475a-94ba-a9400c5113b3,173,5.766666666666667,left_heel,0.5,0.5,0.0,540.0,960.0,0.5
bfa33ea4-cce2-475a-94ba-a9400c5113b3,173,5.766666666666667,right_heel,0.5,0.5,0.0,540.0,960.0,0.5
bfa33ea4-cce2-475a-94ba-a9400c5113b3,173,5.766666666666667,left_foot_index,0.5,0.5,0.0,540.0,960.0,0.5
bfa33ea4-cce2-475a-94ba-a9400c5113b3,173,5.766666666666667,right_foot_index,0.5,0.5,0.0,540.0,960.0,0.5
