frame_id,joint,x_norm_smooth,y_norm_smooth,confidence,interpolated
0,left_ankle,0.5905924211428568,0.8358322325714281,0.44917902,False
0,left_elbow,0.36441032057142836,0.6300591671428568,0.51300603,False
0,left_foot_index,0.7160149865714281,0.8250484154285711,0.45782828,False
0,left_heel,0.6005042651428567,0.8692179474285711,0.4317193,False
0,left_hip,0.17627038771428563,0.6515912071428568,0.99821645,False
0,left_knee,0.4549567694285712,0.7204504479999996,0.5765064,False
0,left_shoulder,0.47196737142857115,0.5487521542857141,0.99996734,False
0,left_wrist,0.3155133179999998,0.6772685131428569,0.46456838,False
0,nose,0.5620549194285711,0.5282746071428568,0.99998474,False
0,right_ankle,0.36927729368571416,0.8048260279999997,0.3850903,False
0,right_elbow,0.056263428914285686,0.5062801965714283,0.99027985,False
0,right_foot_index,0.4700699994285712,0.8328234731428568,0.33532456,False
0,right_heel,0.3364725760857142,0.8147263057142853,0.3181818,False
0,right_hip,0.07221597365714283,0.6419302494285712,0.9987919,False
0,right_knee,0.29021843428571414,0.7213799917142854,0.79836243,False
0,right_shoulder,0.30442858571428555,0.48963078599999976,0.99998987,False
0,right_wrist,0.11869397228571421,0.6190764605714282,0.9307483,False
1,left_ankle,0.5592089151428569,0.8274635839999996,0.4460314,False
1,left_elbow,0.3798601777142855,0.6270890368571427,0.50528646,False
1,left_foot_index,0.6831437117142853,0.8303477642857139,0.44932604,False
1,left_heel,0.5542149999999997,0.8572008002857139,0.42145202,False
1,left_hip,0.19262576399999992,0.6367500914285711,0.99756277,False
1,left_knee,0.4475274822857141,0.6899130219999996,0.5684429,False
1,left_shoulder,0.4715508291428569,0.547170842285714,0.9999595,False
1,left_wrist,0.32067503514285695,0.6705339639999998,0.454026,False
1,nose,0.560805952285714,0.5255179245714283,0.9999835,False
1,right_ankle,0.3230397455428571,0.8032143119999996,0.41498056,False
1,right_elbow,0.055112883057142834,0.5085992665714283,0.99066514,False
1,right_foot_index,0.4157225877142855,0.8366776059999995,0.3584613,False
1,right_heel,0.27881313422857135,0.8181805342857139,0.3374642,False
1,right_hip,0.07441583279999996,0.6348654251428567,0.9984664,False
1,right_knee,0.25963550868571417,0.705201227428571,0.80970275,False
1,right_shoulder,0.2978104482857141,0.48954023542857117,0.99998665,False
1,right_wrist,0.11949167171428565,0.6174269351428568,0.931975,False
2,left_ankle,0.5038776734285713,0.810687447428571,0.4480261,False
2,left_elbow,0.39248381799999976,0.6178752799999997,0.51969814,False
2,left_foot_index,0.6228398337142854,0.8391669257142853,0.45417866,False
2,left_heel,0.4782763151428569,0.8364987277142852,0.43660837,False
2,left_hip,0.2022147677142856,0.6257662168571425,0.99729055,False
2,left_knee,0.4431490802857141,0.6506019608571425,0.56269157,False
2,left_shoulder,0.470899866285714,0.545444613142857,0.9999604,False
2,left_wrist,0.32502489599999984,0.6548734685714284,0.47307533,False
2,nose,0.5590821171428568,0.523060242285714,0.99998367,False
2,right_ankle,0.13082454797142853,0.8086870145714282,0.4459577,False
2,right_elbow,0.05130496391428569,0.512046712285714,0.991338,False
2,right_foot_index,0.18176316794285705,0.8569199588571424,0.3868776,False
2,right_heel,0.08961518637142853,0.8214212799999996,0.37101048,False
2,right_hip,0.07536143451428567,0.6255667894285711,0.99847996,False
2,right_knee,0.1621249779714285,0.7163146317142852,0.82333344,False
2,right_shoulder,0.2893808782857141,0.4891586037142855,0.9999875,False
2,right_wrist,0.12407527371428564,0.6138532305714282,0.9373586,False
3,left_ankle,0.4631761868885712,0.7770774482857139,0.42889524,False
3,left_elbow,0.4025560451428569,0.6172476668571426,0.4926268,False
3,left_foot_index,0.5898752551714284,0.824488113428571,0.43946576,False
3,left_heel,0.4255317719999998,0.8014775108571425,0.43331233,False
3,left_hip,0.20598558971428563,0.6271075331428568,0.9966977,False
3,left_knee,0.4656645188571427,0.6217025805714282,0.5477902,False
3,left_shoulder,0.47003292914285694,0.5449943079999997,0.99994624,False
3,left_wrist,0.329071209142857,0.6562796308571426,0.4521773,False
3,nose,0.5552531528571426,0.523783105142857,0.9999721,False
3,right_ankle,-0.1186408164571429,0.8203680885714282,0.44704965,False
3,right_elbow,0.047874669228571406,0.5174717971428568,0.99153453,False
3,right_foot_index,-0.11416318977142863,0.8863437959999996,0.3878855,False
3,right_heel,-0.14884093034285717,0.8230059857142853,0.38227412,False
3,right_hip,0.07461212565714281,0.6207851765714283,0.9983227,False
3,right_knee,0.054275890685714215,0.7504879394285712,0.8315852,False
3,right_shoulder,0.28342257057142844,0.48892246971428555,0.9999862,False
3,right_wrist,0.13249622228571423,0.6096261051428569,0.93860507,False
4,left_ankle,0.2654854084457141,0.8033402382857139,0.41290084,False
4,left_elbow,0.4085164782857141,0.6167980134285711,0.48202825,False
4,left_foot_index,0.3392867495999998,0.8551724897142854,0.4319357,False
4,left_heel,0.22553254285714275,0.818344146285714,0.42985708,False
4,left_hip,0.219335363142857,0.6287193168571426,0.99587893,False
4,left_knee,0.37278495771428555,0.6714428377142854,0.5361712,False
4,left_shoulder,0.46962162799999974,0.5442467108571425,0.9999271,False
4,left_wrist,0.33688120514285697,0.6712049308571424,0.4477087,False
4,nose,0.5501821799999997,0.5280186265714284,0.9999602,False
4,right_ankle,0.006439745314285712,0.8110985028571425,0.45055947,False
4,right_elbow,0.043840591314285686,0.5331941714285711,0.99190265,False
4,right_foot_index,0.03215847173714284,0.8698393457142852,0.39328462,False
4,right_heel,-0.005045373057142859,0.806661371428571,0.3967597,False
4,right_hip,0.0806677928571428,0.623007083428571,0.9980159,False
4,right_knee,0.06482598825714282,0.7778400779999995,0.8400382,False
4,right_shoulder,0.27825419314285704,0.49433040828571406,0.9999832,False
4,right_wrist,0.1382081931428571,0.6104384788571426,0.9412251,False
5,left_ankle,0.14814003505999987,0.8300991925714281,0.41592202,False
5,left_elbow,0.4106743634285712,0.6181167748571426,0.46022606,False
5,left_foot_index,0.16521877802857127,0.8959858631428568,0.42026678,False
5,left_heel,0.11402390857142847,0.8307214911428569,0.41754237,False
5,left_hip,0.22757975228571417,0.6324099637142855,0.9895654,False
5,left_knee,0.2890510759999998,0.7346299034285712,0.53876257,False
5,left_shoulder,0.4697687848571426,0.545049582285714,0.9996373,False
5,left_wrist,0.35203959771428556,0.6821171914285711,0.41864482,False
5,nose,0.5456447362857141,0.535723362285714,0.9957351,False
5,right_ankle,0.09318924988571428,0.833750095428571,0.4084802,False
5,right_elbow,0.048805563171428534,0.559494600285714,0.98509926,False
5,right_foot_index,0.11146289305142856,0.8821790957142853,0.35841134,False
5,right_heel,0.09987648657142859,0.8371250128571425,0.36248785,False
5,right_hip,0.09244260571428567,0.6262838817142854,0.9662021,False
5,right_knee,0.09729590382857138,0.7781743091428567,0.7863362,False
5,right_shoulder,0.2751015957142856,0.5068005028571426,0.9978228,False
5,right_wrist,0.14876450714285705,0.6302174708571426,0.9093923,False
6,left_ankle,0.1388974444457142,0.8432230468571424,0.38621753,False
6,left_elbow,0.4028714165714284,0.6228658657142855,0.47555387,False
6,left_foot_index,0.11261668731428559,0.9205421562857139,0.3916215,False
6,left_heel,0.10553791285714276,0.8343975797142853,0.3921318,False
6,left_hip,0.22159012428571417,0.6446163457142854,0.9876835,False
6,left_knee,0.26291288599999985,0.7794692034285711,0.5179783,False
6,left_shoulder,0.4697171725714283,0.5513052257142854,0.9996572,False
6,left_wrist,0.3585772165714284,0.6985159428571426,0.44690904,False
6,nose,0.5396130008571427,0.5435747485714283,0.9960781,False
6,right_ankle,0.07154007894285713,0.8750362445714279,0.43076804,False
6,right_elbow,0.06844125959999996,0.5929253274285711,0.9832639,False
6,right_foot_index,0.07553918184571426,0.9171260685714281,0.37662506,False
6,right_heel,0.07407351634285714,0.8839877885714282,0.379221,False
6,right_hip,0.09917690771428565,0.6353138231428568,0.96823514,False
6,right_knee,0.11644116328571423,0.7863312777142853,0.7887635,False
6,right_shoulder,0.27184556228571416,0.5230040708571426,0.99798936,False
6,right_wrist,0.16079719628571418,0.6770095711428568,0.90123916,False
7,left_ankle,0.25699890745999987,0.7857412011428567,0.35638845,False
7,left_elbow,0.3976084719999998,0.6370644565714282,0.50529593,False
7,left_foot_index,0.279471439742857,0.8609248405714282,0.36343595,False
7,left_heel,0.24009487114285705,0.777343115428571,0.36521232,False
7,left_hip,0.22017965428571418,0.6526967237142854,0.9866585,False
7,left_knee,0.37112343114285695,0.7498158028571424,0.49120396,False
7,left_shoulder,0.4685718625714283,0.5581154148571426,0.99968094,False
7,left_wrist,0.3582778845714284,0.7262820234285711,0.48758936,False
7,nose,0.5316168288571426,0.5483257151428569,0.99641424,False
7,right_ankle,-0.03681490205714286,0.9139576185714281,0.42936242,False
7,right_elbow,0.10883319745714279,0.6301812831428568,0.9813967,False
7,right_foot_index,-0.03666504995428573,0.9587115265714282,0.37883013,False
7,right_heel,-0.06320581794285715,0.9212539551428567,0.37836742,False
7,right_hip,0.10486655771428564,0.6448042611428568,0.9700905,False
7,right_knee,0.11789145571428565,0.8003683805714282,0.7790101,False
7,right_shoulder,0.2667882997142856,0.5417045002857139,0.9981148,False
7,right_wrist,0.17706597371428562,0.7300533045714283,0.89543176,False
8,left_ankle,0.26552021571428563,0.7706159197142853,0.34450176,False
8,left_elbow,0.3962130679999998,0.6480511939999997,0.51854277,False
8,left_foot_index,0.3154638508571427,0.8270679848571424,0.35595736,False
8,left_heel,0.2576862234285713,0.7690308688571424,0.35238793,False
8,left_hip,0.2329839114285713,0.645625154285714,0.98738205,False
8,left_knee,0.4418189182857141,0.7174894999999997,0.4764424,False
8,left_shoulder,0.46623012971428546,0.5600642971428569,0.9997054,False
8,left_wrist,0.3769538245714284,0.7462033791428568,0.520769,False
8,nose,0.5258966417142854,0.5498518479999996,0.99676114,False
8,right_ankle,-0.0329624213142857,0.9042245999999995,0.4735359,False
8,right_elbow,0.16094911342857135,0.6588098874285712,0.98121005,False
8,right_foot_index,-0.004045765640000002,0.955887399428571,0.42495412,False
8,right_heel,-0.06745049022857141,0.9077447539999995,0.41534692,False
8,right_hip,0.11587922857142852,0.6481680668571426,0.9728786,False
8,right_knee,0.1253387628571428,0.8029121348571425,0.7947585,False
8,right_shoulder,0.25915542971428557,0.5588220702857141,0.9982774,False
8,right_wrist,0.2236444874285713,0.7628411659999996,0.8985907,False
9,left_ankle,0.3157589271428569,0.7498400225714281,0.3794218,False
9,left_elbow,0.41669501314285695,0.6413415125714282,0.5329404,False
9,left_foot_index,0.3696200948571427,0.7936297085714282,0.3905172,False
9,left_heel,0.3064219057142856,0.7537864822857139,0.38149536,False
9,left_hip,0.24883731914285703,0.6273963934285711,0.9881727,False
9,left_knee,0.4961269154285711,0.6736124002857139,0.5020528,False
9,left_shoulder,0.46376304514285693,0.5528593514285711,0.9997225,False
9,left_wrist,0.4377109571428569,0.737621336285714,0.55004597,False
9,nose,0.5302208288571425,0.5496516194285712,0.9970776,False
9,right_ankle,-0.023667416657142844,0.8987921914285709,0.5232955,False
9,right_elbow,0.22224998285714276,0.673391209428571,0.98168665,False
9,right_foot_index,0.02000428459428571,0.9562964162857138,0.4775464,False
9,right_heel,-0.05698315079999998,0.9044515197142853,0.46352914,False
9,right_hip,0.14190862342857136,0.6473932819999997,0.97542363,False
9,right_knee,0.13209074142857136,0.8030879971428566,0.81273574,False
9,right_shoulder,0.2692559159999999,0.5765317917142854,0.9984051,False
9,right_wrist,0.3258122139999998,0.7648975965714282,0.9028716,False
10,left_ankle,0.36427816285714265,0.7394023854285711,0.3685609,False
10,left_elbow,0.44869466171428546,0.6167265339999997,0.52870375,False
10,left_foot_index,0.38473785514285697,0.7735598008571424,0.38336682,False
10,left_heel,0.32800325914285694,0.7419145779999997,0.36898538,False
10,left_hip,0.25734604685714274,0.6144557237142854,0.98881644,False
10,left_knee,0.5011222377142855,0.6522150445714282,0.48617393,False
10,left_shoulder,0.46124198828571406,0.5412068742857141,0.99972814,False
10,left_wrist,0.5081511757142855,0.7036219157142853,0.553501,False
10,nose,0.5424709617142854,0.549917682285714,0.9973508,False
10,right_ankle,-0.019661393425714276,0.8907582131428567,0.5671831,False
10,right_elbow,0.28164714399999985,0.6753786405714284,0.9811669,False
10,right_foot_index,0.029902875965714275,0.9513009119999993,0.5230606,False
10,right_heel,-0.050914630571428546,0.8978145982857139,0.5061768,False
10,right_hip,0.17108712057142847,0.6488365677142853,0.9777393,False
10,right_knee,0.1405556028571428,0.8025492857142853,0.82813174,False
10,right_shoulder,0.30381746142857124,0.5886601279999997,0.99851763,False
10,right_wrist,0.4377266428571426,0.7468337888571426,0.90226716,False
11,left_ankle,0.3900715485714284,0.7131016734285711,0.35516632,False
11,left_elbow,0.47590818857142836,0.5783813159999996,0.5395702,False
11,left_foot_index,0.41005462314285696,0.7464038979999996,0.37584585,False
11,left_heel,0.34418629942857126,0.7128264325714282,0.35660335,False
11,left_hip,0.26723693799999987,0.6081035194285711,0.98962885,False
11,left_knee,0.49830417199999977,0.641718540285714,0.47787485,False
11,left_shoulder,0.46227059599999976,0.5241407674285712,0.99974495,False
11,left_wrist,0.5525201428571427,0.6517589699999997,0.5808839,False
11,nose,0.5714278282857139,0.5445299999999997,0.9976025,False
11,right_ankle,-0.008807590154285706,0.8871873619999996,0.6065082,False
11,right_elbow,0.35891875571428555,0.6749804177142854,0.9801186,False
11,right_foot_index,0.036702556199999986,0.9463598619999996,0.5643772,False
11,right_heel,-0.03558901705714283,0.8953232239999995,0.5470501,False
11,right_hip,0.20284813742857133,0.6509247019999997,0.9798477,False
11,right_knee,0.15471144599999992,0.8011222999999996,0.84198815,False
11,right_shoulder,0.3623142682857141,0.5922453951428569,0.99860674,False
11,right_wrist,0.5263182459999998,0.7056799862857139,0.90549177,False
12,left_ankle,0.3941369942857141,0.695511453428571,0.34905207,False
12,left_elbow,0.4950327394285712,0.5459601005714283,0.5154304,False
12,left_foot_index,0.4298685782857141,0.7344658685714283,0.37720338,False
12,left_heel,0.34729053714285696,0.7018461697142853,0.34805638,False
12,left_hip,0.28671456114285704,0.6032657551428569,0.9900591,False
12,left_knee,0.5008764502857141,0.6206626728571425,0.47960684,False
12,left_shoulder,0.4764138597142855,0.5048819377142855,0.9996996,False
12,left_wrist,0.5869727228571426,0.6071250914285711,0.5614732,False
12,nose,0.6083947539999996,0.5322371259999997,0.99781597,False
12,right_ankle,-0.005492023259999997,0.8859053522857139,0.6438522,False
12,right_elbow,0.42245401342857125,0.6700267719999996,0.97829926,False
12,right_foot_index,0.03902456599999998,0.9431829868571423,0.6042878,False
12,right_heel,-0.03488039211428569,0.8983934145714282,0.58668697,False
12,right_hip,0.22626269314285702,0.6492155197142854,0.9816999,False
12,right_knee,0.1727788222857142,0.7961162462857139,0.8558165,False
12,right_shoulder,0.4192892585714284,0.5857643039999997,0.9986268,False
12,right_wrist,0.5912717091428569,0.6622540805714282,0.90831184,False
13,left_ankle,0.3850755074285712,0.6878633374285711,0.34586075,False
13,left_elbow,0.5172321719999998,0.5194556571428569,0.49741405,False
13,left_foot_index,0.43772393771428547,0.7293954985714283,0.38316348,False
13,left_heel,0.34233738142857123,0.7037871462857139,0.3455251,False
13,left_hip,0.30851306114285704,0.6006969231428569,0.9906011,False
13,left_knee,0.5023123302857141,0.5975888557142854,0.47677287,False
13,left_shoulder,0.5084574497142854,0.48659787257142834,0.9996451,False
13,left_wrist,0.6281565828571426,0.5726009514285711,0.54768765,False
13,nose,0.6563177819999997,0.5104399274285711,0.99801767,False
13,right_ankle,-0.0029070831028571425,0.8881888937142853,0.67824423,False
13,right_elbow,0.4750871685714284,0.6631476685714284,0.977984,False
13,right_foot_index,0.03969758528571427,0.9430342368571424,0.6414401,False
13,right_heel,-0.040175145057142835,0.9008446342857137,0.62450916,False
13,right_hip,0.25800828314285706,0.6466160482857138,0.9834296,False
13,right_knee,0.18788170257142847,0.788280511428571,0.8687881,False
13,right_shoulder,0.4805641391428569,0.576051226285714,0.99869406,False
13,right_wrist,0.6471134051428569,0.6275794268571425,0.9124235,False
14,left_ankle,0.37883363342857124,0.6945033731428568,0.34543476,False
14,left_elbow,0.5513394639999998,0.4920248705714283,0.46216407,False
14,left_foot_index,0.43723630285714266,0.7339909057142854,0.39186826,False
14,left_heel,0.3523939611428569,0.7117459319999997,0.35342622,False
14,left_hip,0.33223211971428557,0.5967924859999998,0.9907195,False
14,left_knee,0.5037593111428569,0.5884649882857139,0.4765215,False
14,left_shoulder,0.5446904454285711,0.4680965408571426,0.9993797,False
14,left_wrist,0.6800434965714284,0.538813664285714,0.51300186,False
14,nose,0.6964823485714282,0.4874058248571426,0.99816406,False
14,right_ankle,0.0006722376828571372,0.8812631497142853,0.70774287,False
14,right_elbow,0.513456414285714,0.6495155928571426,0.97390175,False
14,right_foot_index,0.036293461228571404,0.935439597428571,0.6726121,False
14,right_heel,-0.04413703595714284,0.8889738799999995,0.65646785,False
14,right_hip,0.3009690565714285,0.6411949657142854,0.98485506,False
14,right_knee,0.20910401428571418,0.7771592954285711,0.87725925,False
14,right_shoulder,0.5346544577142854,0.5604290725714283,0.99869305,False
14,right_wrist,0.6764106379999997,0.6120565011428569,0.91056895,False
15,left_ankle,0.37338937485714263,0.7086253517142853,0.3342037,False
15,left_elbow,0.581150653142857,0.47689354628571395,0.431802,False
15,left_foot_index,0.42956046999999975,0.7469446557142854,0.38188672,False
15,left_heel,0.3593704428571427,0.7248354714285712,0.34752083,False
15,left_hip,0.3549536445714284,0.5903504757142854,0.99134254,False
15,left_knee,0.5045644297142855,0.6044496017142855,0.45992443,False
15,left_shoulder,0.5663837739999997,0.4535334162857141,0.99935776,False
15,left_wrist,0.7176830394285709,0.5153722528571426,0.4804284,False
15,nose,0.7288299985714282,0.4675499325714284,0.99831617,False
15,right_ankle,0.02111008242285712,0.860616063428571,0.73046374,False
15,right_elbow,0.5475629531428569,0.6291563785714283,0.968926,False
15,right_foot_index,0.03768627197142854,0.9217923131428567,0.69315064,False
15,right_heel,-0.03241921539999999,0.8629226828571424,0.6791767,False
15,right_hip,0.34910711514285697,0.6325008285714282,0.9863159,False
15,right_knee,0.2518407205714284,0.7653506094285709,0.88032883,False
15,right_shoulder,0.5792674994285711,0.5388331177142854,0.99880475,False
15,right_wrist,0.6842346048571426,0.6002133354285712,0.8993123,False
16,left_ankle,0.37256750199999983,0.7149292971428569,0.32258353,False
16,left_elbow,0.6033104425714284,0.485052796285714,0.39892054,False
16,left_foot_index,0.4137083045714284,0.7565215657142853,0.36943775,False
16,left_heel,0.35547388085714265,0.7311207431428568,0.33906144,False
16,left_hip,0.3773719977142855,0.5816389257142854,0.9917614,False
16,left_knee,0.5074731522857141,0.6286302694285711,0.4383057,False
16,left_shoulder,0.5786238137142854,0.44575176457142834,0.9993502,False
16,left_wrist,0.7476093817142853,0.5139293242857141,0.44338194,False
16,nose,0.742281875428571,0.4554822854285713,0.9984651,False
16,right_ankle,0.06112393976571425,0.8271917239999996,0.7472215,False
16,right_elbow,0.556483938285714,0.6080576408571425,0.958068,False
16,right_foot_index,0.048021463714285686,0.8958759717142852,0.7052181,False
16,right_heel,-0.0025799704714285793,0.8228252951428567,0.69295216,False
16,right_hip,0.381083165142857,0.6199038514285711,0.98761266,False
16,right_knee,0.3108056228571427,0.756813491428571,0.8835205,False
16,right_shoulder,0.6045606934285711,0.5178557491428568,0.9989094,False
16,right_wrist,0.6737028857142854,0.5947860919999997,0.8763776,False
17,left_ankle,0.34917824799999986,0.7167679145714283,0.3288575,False
17,left_elbow,0.6050132708571425,0.4985521674285712,0.3697265,False
17,left_foot_index,0.37574306428571413,0.7605408602857139,0.37585083,False
17,left_heel,0.31704987485714275,0.7302288731428567,0.3446527,False
17,left_hip,0.38635725628571405,0.5752008785714282,0.9920801,False
17,left_knee,0.48139338799999976,0.6515852608571426,0.42805442,False
17,left_shoulder,0.5886865799999996,0.44484293285714266,0.99936104,False
17,left_wrist,0.7609906388571425,0.5205382959999998,0.41749662,False
17,nose,0.7521294239999996,0.44645046371428543,0.9986111,False
17,right_ankle,0.11758403491428565,0.7971818782857139,0.7684726,False
17,right_elbow,0.5519456219999996,0.5940370348571425,0.948434,False
17,right_foot_index,0.07537483217142853,0.8638029582857139,0.726665,False
17,right_heel,0.052374253942857114,0.7860896731428567,0.7126235,False
17,right_hip,0.4040044322857141,0.611163534285714,0.9887575,False
17,right_knee,0.37282917714285696,0.7502047865714281,0.8915942,False
17,right_shoulder,0.6208278985714283,0.505072274285714,0.999003,False
17,right_wrist,0.6498437099999997,0.5932155057142854,0.85999465,False
18,left_ankle,0.3015927694285713,0.7253737002857139,0.35512108,False
18,left_elbow,0.6025956059999997,0.5015758405714283,0.35268065,False
18,left_foot_index,0.30623130171428553,0.7691854959999996,0.40384007,False
18,left_heel,0.25974268142857126,0.7278341891428568,0.3633156,False
18,left_hip,0.3881285579999998,0.5694205599999997,0.99243957,False
18,left_knee,0.44001855114285693,0.6636894479999997,0.43559918,False
18,left_shoulder,0.5981415799999997,0.44279506571428545,0.9993679,False
18,left_wrist,0.7659851131428568,0.5294349502857141,0.4135459,False
18,nose,0.7551099031428568,0.4385533114285712,0.9987465,False
18,right_ankle,0.17742310857142846,0.7747435739999996,0.790355,False
18,right_elbow,0.550577776285714,0.5839009105714283,0.947367,False
18,right_foot_index,0.12132089317142851,0.8323796488571426,0.7514058,False
18,right_heel,0.12062754809999993,0.7603181839999996,0.7357174,False
18,right_hip,0.42176280257142834,0.6048227828571425,0.9898013,False
18,right_knee,0.4284080317142855,0.7425316079999996,0.90100414,False
18,right_shoulder,0.6290205897142854,0.49817095542857115,0.9990728,False
18,right_wrist,0.6243890485714283,0.5934314994285712,0.85845155,False
19,left_ankle,0.2694914794285713,0.7341988717142854,0.38247362,False
19,left_elbow,0.6132224057142854,0.5023384117142855,0.3471972,False
19,left_foot_index,0.269402099142857,0.7773414257142853,0.43013656,False
19,left_heel,0.21821158285714273,0.7268109805714282,0.38425767,False
19,left_hip,0.38522879371428553,0.5651823485714282,0.9927501,False
19,left_knee,0.40743159885714264,0.6647409002857139,0.44363162,False
19,left_shoulder,0.6047246771428568,0.4419663717142855,0.99938047,False
19,left_wrist,0.7747069219999996,0.5376950031428568,0.429054,False
19,nose,0.7557339314285709,0.43223814657142834,0.99886525,False
19,right_ankle,0.2367885957142856,0.7588943337142853,0.8078872,False
19,right_elbow,0.5454432934285711,0.5758161434285711,0.9476171,False
19,right_foot_index,0.19017503914285705,0.812875179428571,0.7701228,False
19,right_heel,0.1861747559999999,0.7477994725714282,0.7508383,False
19,right_hip,0.4318443311428569,0.5994011537142855,0.99039793,False
19,right_knee,0.46979247771428545,0.7330143345714282,0.90891814,False
19,right_shoulder,0.6310496397142854,0.4931383505714283,0.99904263,False
19,right_wrist,0.6117446271428568,0.5916644137142855,0.8608159,False
20,left_ankle,0.2697289822857142,0.7361844694285711,0.41647178,False
20,left_elbow,0.6445012565714283,0.5070537391428569,0.3507611,False
20,left_foot_index,0.26622317342857127,0.7800929171428568,0.4635514,False
20,left_heel,0.2135299757142856,0.7281982919999996,0.41432336,False
20,left_hip,0.3884300965714284,0.5635933028571426,0.99337006,False
20,left_knee,0.40611576028571406,0.6613703159999997,0.44845936,False
20,left_shoulder,0.6152005314285711,0.44346873199999975,0.99941397,False
20,left_wrist,0.795015863428571,0.5500336899999997,0.46171695,False
20,nose,0.7528432871428568,0.4270067994285712,0.99897265,False
20,right_ankle,0.2833934828571427,0.7434943377142853,0.8229951,False
20,right_elbow,0.538540158285714,0.5657235834285711,0.94578207,False
20,right_foot_index,0.25840858942857126,0.7985388074285711,0.7861862,False
20,right_heel,0.23319027399999986,0.738586495428571,0.761959,False
20,right_hip,0.4314121942857141,0.5938251794285712,0.9911851,False
20,right_knee,0.4976754999999997,0.7220238062857139,0.9165751,False
20,right_shoulder,0.6290514174285711,0.4839209031428569,0.9990689,False
20,right_wrist,0.6096653971428567,0.5876559379999997,0.8604215,False
21,left_ankle,0.27322276371428555,0.7332111894285711,0.44780725,False
21,left_elbow,0.6775520168571425,0.5130029445714284,0.37005338,False
21,left_foot_index,0.28462442114285696,0.7766584485714283,0.49508566,False
21,left_heel,0.22207004457142848,0.7308087011428567,0.44134158,False
21,left_hip,0.39152366257142834,0.5636848085714283,0.9939898,False
21,left_knee,0.40069389771428554,0.6608162111428568,0.46134028,False
21,left_shoulder,0.6263420851428568,0.4459908811428569,0.9994482,False
21,left_wrist,0.8123920997142853,0.5602575414285712,0.49849787,False
21,nose,0.751905498285714,0.4241813025714284,0.99906796,False
21,right_ankle,0.308555859142857,0.7335955991428567,0.83469546,False
21,right_elbow,0.5302192545714283,0.5561337597142855,0.9470832,False
21,right_foot_index,0.31013314914285695,0.7899359588571424,0.798328,False
21,right_heel,0.2686388885714284,0.734422179428571,0.76805454,False
21,right_hip,0.4311276822857141,0.5905246079999997,0.99197906,False
21,right_knee,0.5201564417142854,0.7107068871428568,0.9241025,False
21,right_shoulder,0.625166668285714,0.4761079599999997,0.9991176,False
21,right_wrist,0.6079685499999997,0.5847139108571425,0.86302805,False
22,left_ankle,0.2503945282857141,0.7328633734285711,0.4911704,False
22,left_elbow,0.6940678777142854,0.5173775202857139,0.40535736,False
22,left_foot_index,0.26950492399999987,0.7811423811428568,0.53581065,False
22,left_heel,0.20342380885714278,0.733506178285714,0.4812427,False
22,left_hip,0.39394489228571405,0.5642915599999998,0.994578,False
22,left_knee,0.38830418914285697,0.6607985957142855,0.49162653,False
22,left_shoulder,0.6337704137142854,0.4476757745714283,0.99949527,False
22,left_wrist,0.8108308525714283,0.5702389254285711,0.53883404,False
22,nose,0.7501892999999997,0.4228017319999998,0.9991586,False
22,right_ankle,0.3276052879999999,0.7306473919999996,0.84929544,False
22,right_elbow,0.5256214548571426,0.5471865728571427,0.9502685,False
22,right_foot_index,0.34655204257142835,0.7850548999999996,0.8155746,False
22,right_heel,0.2942438102857141,0.7346228577142854,0.7829311,False
22,right_hip,0.4340163882857141,0.5872557502857141,0.99274516,False
22,right_knee,0.5365667719999997,0.6962994794285712,0.9313104,False
22,right_shoulder,0.623092248285714,0.4706766899999998,0.9991854,False
22,right_wrist,0.6046843285714283,0.5820160399999996,0.8703251,False
23,left_ankle,0.22184165342857132,0.7347014962857139,0.5373468,False
23,left_elbow,0.6965050325714283,0.5189961337142854,0.44935334,False
23,left_foot_index,0.2619846374285713,0.7829166277142854,0.5782608,False
23,left_heel,0.17879836342857136,0.7364727451428568,0.52615327,False
23,left_hip,0.39526234514285696,0.5643927185714283,0.9951139,False
23,left_knee,0.3766988957142855,0.6606445508571426,0.53275317,False
23,left_shoulder,0.6373144922857139,0.4482192362857141,0.9995408,False
23,left_wrist,0.7975969882857139,0.5743743582857139,0.5792993,False
23,nose,0.7491433971428568,0.4222269388571427,0.99924123,False
23,right_ankle,0.3544172854285713,0.7308524197142854,0.86349636,False
23,right_elbow,0.5243015288571427,0.5420601285714283,0.9538156,False
23,right_foot_index,0.383418993142857,0.7809651079999996,0.83273524,False
23,right_heel,0.31914529371428557,0.7355368839999997,0.79987395,False
23,right_hip,0.4372348677142855,0.5850375359999997,0.9934474,False
23,right_knee,0.5529720199999997,0.6840180862857139,0.93792844,False
23,right_shoulder,0.6223542571428569,0.4685528708571426,0.9992493,False
23,right_wrist,0.6035304991428568,0.5810393228571425,0.87862414,False
24,left_ankle,0.20014693771428563,0.7336780637142853,0.58022285,False
24,left_elbow,0.6943014611428568,0.5183706739999998,0.4863818,False
24,left_foot_index,0.25116446257142844,0.7773597237142854,0.616933,False
24,left_heel,0.16080011085714274,0.7375254965714282,0.5688293,False
24,left_hip,0.3974680779999998,0.563210337142857,0.99559855,False
24,left_knee,0.36759012857142837,0.6601395385714282,0.57298696,False
24,left_shoulder,0.6385058828571426,0.44768686514285694,0.9995832,False
24,left_wrist,0.7836851628571424,0.5751196197142854,0.613157,False
24,nose,0.7490909465714283,0.4217874937142855,0.99931604,False
24,right_ankle,0.3879835425714284,0.7281335474285711,0.8760494,False
24,right_elbow,0.5235684645714284,0.5374521379999997,0.95698506,False
24,right_foot_index,0.4232258008571427,0.7725849771428568,0.8477985,False
24,right_heel,0.3448961137142856,0.7329327325714282,0.8146642,False
24,right_hip,0.4387964928571427,0.5829606625714283,0.9940846,False
24,right_knee,0.569840674285714,0.6730836599999996,0.94384843,False
24,right_shoulder,0.6210559908571425,0.4665933477142855,0.9993139,False
24,right_wrist,0.6013484805714283,0.5794345599999997,0.8857174,False
25,left_ankle,0.1893221877142856,0.733561260285714,0.6193733,False
25,left_elbow,0.6917056834285711,0.5169884951428569,0.5261053,False
25,left_foot_index,0.25169949771428557,0.7691115622857139,0.65219057,False
25,left_heel,0.15032033628571423,0.738422999428571,0.60829186,False
25,left_hip,0.40175067942857123,0.5616083185714282,0.99603575,False
25,left_knee,0.3580978365714284,0.6595810308571426,0.60903347,False
25,left_shoulder,0.6398454642857139,0.4469604697142855,0.9996228,False
25,left_wrist,0.7736887371428567,0.5734354771428569,0.6461843,False
25,nose,0.7493786474285711,0.42094855085714267,0.99938387,False
25,right_ankle,0.41221863571428546,0.7247900219999996,0.8871019,False
25,right_elbow,0.5221337997142855,0.5347605879999997,0.9597891,False
25,right_foot_index,0.4579200848571427,0.7655053277142854,0.8610448,False
25,right_heel,0.37305915771428555,0.7304986582857139,0.8278143,False
25,right_hip,0.43992080857142835,0.5817610377142854,0.99466306,False
25,right_knee,0.5872949599999997,0.6663541537142854,0.94911253,False
25,right_shoulder,0.6193396017142854,0.4658234842857141,0.9993762,False
25,right_wrist,0.5976162399999997,0.5778978425714283,0.8925908,False
26,left_ankle,0.18393426057142848,0.7324243145714282,0.6547556,False
26,left_elbow,0.6919082765714282,0.5164999354285712,0.56212616,False
26,left_foot_index,0.24356204371428558,0.7671136608571426,0.6829503,False
26,left_heel,0.14182591771428565,0.7384301457142854,0.64457387,False
26,left_hip,0.40675886171428555,0.5604630288571426,0.9964299,False
26,left_knee,0.3503975865714284,0.6593995579999996,0.6432226,False
26,left_shoulder,0.641258863428571,0.44712920914285686,0.9996588,False
26,left_wrist,0.770377054285714,0.573253184285714,0.67643774,False
26,nose,0.7488785079999997,0.4202726731428569,0.9994448,False
26,right_ankle,0.4307590491428569,0.7212869805714281,0.8967741,False
26,right_elbow,0.5230481439999997,0.5326663094285712,0.96148396,False
26,right_foot_index,0.4842591502857141,0.7590708834285712,0.8720027,False
26,right_heel,0.3923069805714284,0.7284418891428568,0.83934283,False
26,right_hip,0.43949730942857124,0.579378243428571,0.9951852,False
26,right_knee,0.594073588285714,0.6591987997142854,0.9537921,False
26,right_shoulder,0.6192718394285711,0.46405254914285693,0.99942994,False
26,right_wrist,0.594145854285714,0.5759642225714283,0.8978478,False
27,left_ankle,0.1785569582857142,0.7301510488571425,0.6871511,False
27,left_elbow,0.6891448865714283,0.5151071039999997,0.5979198,False
27,left_foot_index,0.23175302085714272,0.7664340679999997,0.71160465,False
27,left_heel,0.13300353371428567,0.7373810054285711,0.6776805,False
27,left_hip,0.41117823857142843,0.5591912574285711,0.99678546,False
27,left_knee,0.3481407859999998,0.658636073428571,0.6747447,False
27,left_shoulder,0.6421076508571425,0.4473628311428569,0.999692,False
27,left_wrist,0.7642909879999996,0.5738373771428569,0.70569974,False
27,nose,0.7482390377142853,0.4204127162857141,0.9994999,False
27,right_ankle,0.44488331028571404,0.7178046971428568,0.9055287,False
27,right_elbow,0.5265438168571426,0.5316874679999997,0.96288943,False
27,right_foot_index,0.5034016514285712,0.7545724162857139,0.88213664,False
27,right_heel,0.40576574228571416,0.7268520914285711,0.8499933,False
27,right_hip,0.43877122342857117,0.5768409839999997,0.99565834,False
27,right_knee,0.5983704668571426,0.6545431231428568,0.9579729,False
27,right_shoulder,0.6200948565714283,0.46315852942857116,0.999479,False
27,right_wrist,0.5886394108571427,0.572305765428571,0.9030287,False
28,left_ankle,0.1726912579999999,0.7276796197142854,0.7167814,False
28,left_elbow,0.6838424559999997,0.5132554639999998,0.6282166,False
28,left_foot_index,0.2156725719999999,0.7683403328571425,0.73770624,False
28,left_heel,0.12500336571428564,0.7346106797142854,0.7081161,False
28,left_hip,0.4140579631428569,0.5578022939999998,0.9971059,False
28,left_knee,0.34834141085714265,0.6569598239999996,0.7042487,False
28,left_shoulder,0.641945142285714,0.4474342074285712,0.99972177,False
28,left_wrist,0.7521350508571425,0.5742085114285711,0.73170346,False
28,nose,0.7478126048571425,0.42152047142857124,0.99954957,False
28,right_ankle,0.4647980731428569,0.716513468285714,0.91371155,False
28,right_elbow,0.5291060971428568,0.5314242937142853,0.9645671,False
28,right_foot_index,0.5243899582857141,0.7500991237142853,0.8914492,False
28,right_heel,0.4206429899999998,0.7277908628571426,0.8604718,False
28,right_hip,0.4373693694285712,0.5738621645714282,0.9960858,False
28,right_knee,0.6009307554285711,0.6494135768571425,0.96177834,False
28,right_shoulder,0.6198910179999997,0.4634943479999997,0.99952316,False
28,right_wrist,0.5832682508571426,0.5690956325714283,0.9085002,False
29,left_ankle,0.16846776371428562,0.7256966022857141,0.7434935,False
29,left_elbow,0.6802708331428569,0.5116337034285712,0.64716965,False
29,left_foot_index,0.20573058199999988,0.7693532171428568,0.7619838,False
29,left_heel,0.12075523485714279,0.7309749539999997,0.73530716,False
29,left_hip,0.41734211857142833,0.5566577397142854,0.9973938,False
29,left_knee,0.3487500337142856,0.6551782334285712,0.7289046,False
29,left_shoulder,0.641661577428571,0.4473645165714284,0.99974775,False
29,left_wrist,0.7375400651428567,0.5743160857142855,0.7504493,False
29,nose,0.7478467091428569,0.42185024657142833,0.9995942,False
29,right_ankle,0.4744141254285712,0.7178011405714282,0.9205019,False
29,right_elbow,0.5286387225714282,0.5314790771428569,0.96646935,False
29,right_foot_index,0.5409842174285711,0.7470696671428567,0.8997909,False
29,right_heel,0.43198518971428546,0.7306142805714282,0.8678347,False
29,right_hip,0.4354303677142855,0.5716528971428569,0.99646765,False
29,right_knee,0.5938447148571425,0.6415666959999997,0.96490073,False
29,right_shoulder,0.618289943428571,0.46403028657142836,0.999564,False
29,right_wrist,0.5799312865714283,0.5680522194285712,0.91349655,False
30,left_ankle,0.16623956628571418,0.7239772308571426,0.7667128,False
30,left_elbow,0.6778779608571425,0.5107926291428568,0.65837693,False
30,left_foot_index,0.19690859514285702,0.7688822685714282,0.7828906,False
30,left_heel,0.11820572742857137,0.7278689297142853,0.758895,False
30,left_hip,0.4187127597142855,0.5562893797142854,0.99765134,False
30,left_knee,0.3480557157142855,0.6543428577142854,0.74942374,False
30,left_shoulder,0.641110230285714,0.44732670342857117,0.99977016,False
30,left_wrist,0.7268331051428567,0.5736218091428569,0.7647626,False
30,nose,0.7478919168571425,0.42203595028571406,0.9996342,False
30,right_ankle,0.4834829211428569,0.719163516285714,0.92593133,False
30,right_elbow,0.5270937817142853,0.531843071142857,0.9682181,False
30,right_foot_index,0.5498860239999996,0.7439422791428568,0.90632516,False
30,right_heel,0.4401721679999998,0.7331893777142854,0.8730542,False
30,right_hip,0.43330027657142833,0.5702038334285711,0.9968044,False
30,right_knee,0.5892169828571425,0.6369730379999997,0.96740466,False
30,right_shoulder,0.6166278962857139,0.46414149028571405,0.9995991,False
30,right_wrist,0.5807459199999998,0.568749578285714,0.9181382,False
31,left_ankle,0.1657110305714285,0.7218242765714282,0.78787726,False
31,left_elbow,0.6746090137142854,0.5103963848571427,0.65941364,False
31,left_foot_index,0.19495999199999992,0.766024671428571,0.80196655,False
31,left_heel,0.11732113514285708,0.7248734539999996,0.78035915,False
31,left_hip,0.4194451151428569,0.5563831005714284,0.99788284,False
31,left_knee,0.3479790202857141,0.654280428285714,0.76855457,False
31,left_shoulder,0.6399991559999997,0.44746247685714263,0.9997884,False
31,left_wrist,0.7187370017142853,0.5723925059999997,0.77134913,False
31,nose,0.7476793485714283,0.4217071642857141,0.99966997,False
31,right_ankle,0.475436552285714,0.7202757005714282,0.93063575,False
31,right_elbow,0.5264123945714283,0.5321573382857141,0.9698272,False
31,right_foot_index,0.5503446188571426,0.7437662691428568,0.91210693,False
31,right_heel,0.4419643308571426,0.7340742554285711,0.8777958,False
31,right_hip,0.43236177742857124,0.568736386285714,0.99710715,False
31,right_knee,0.5924912417142854,0.6365212791428568,0.96959996,False
31,right_shoulder,0.6158152691428569,0.46416810999999975,0.9996305,False
31,right_wrist,0.5826303528571425,0.5684826857142854,0.9220908,False
32,left_ankle,0.16676966971428564,0.7196829857142854,0.80626905,False
32,left_elbow,0.6694487031428569,0.510637986285714,0.6429524,False
32,left_foot_index,0.2132413054285713,0.7619734857142854,0.8184777,False
32,left_heel,0.1192497728571428,0.7211040945714281,0.7985859,False
32,left_hip,0.420794305142857,0.5567592148571425,0.99808717,False
32,left_knee,0.34888165485714273,0.6543754271428568,0.7846612,False
32,left_shoulder,0.6392021768571425,0.44780216257142835,0.9997999,False
32,left_wrist,0.7116916351428568,0.5709173159999996,0.76357377,False
32,nose,0.747537111428571,0.4210232019999998,0.99970156,False
32,right_ankle,0.46247774171428546,0.7219748054285711,0.9356733,False
32,right_elbow,0.5260191017142855,0.5322769139999998,0.97112226,False
32,right_foot_index,0.5368803731428569,0.745067964285714,0.9180668,False
32,right_heel,0.4432625091428569,0.734438455428571,0.88308316,False
32,right_hip,0.431910030285714,0.5672988491428569,0.9973696,False
32,right_knee,0.5754422574285711,0.6389611285714283,0.9717466,False
32,right_shoulder,0.6153540454285711,0.46430671857142836,0.9996556,False
32,right_wrist,0.5849038148571425,0.5684887059999997,0.92416537,False
33,left_ankle,0.16789224342857134,0.7177605862857139,0.8198587,False
33,left_elbow,0.6626147771428568,0.5109285699999998,0.61952025,False
33,left_foot_index,0.2132850288571428,0.7589074568571424,0.8307683,False
33,left_heel,0.12087608971428566,0.717636930285714,0.81203824,False
33,left_hip,0.4221512577142855,0.5568332025714283,0.9982647,False
33,left_knee,0.3493347102857141,0.6544518942857139,0.79290956,False
33,left_shoulder,0.6387175397142854,0.4481939179999998,0.9998075,False
33,left_wrist,0.7034327905714282,0.5692063579999997,0.74703395,False
33,nose,0.7475555251428567,0.42043726971428547,0.99972934,False
33,right_ankle,0.4593229357142855,0.7232753165714283,0.93908435,False
33,right_elbow,0.5257672117142855,0.532529541142857,0.9718663,False
33,right_foot_index,0.5298972959999997,0.7449610268571425,0.92194813,False
33,right_heel,0.44506780085714265,0.7345834725714282,0.88539445,False
33,right_hip,0.43128838285714266,0.5663004708571426,0.9975961,False
33,right_knee,0.5598300531428568,0.6389507608571425,0.9729093,False
33,right_shoulder,0.6149527897142855,0.4644588888571426,0.9996778,False
33,right_wrist,0.5909687668571425,0.5690106474285712,0.9252549,False
34,left_ankle,0.1664390839999999,0.7160188382857139,0.83520967,False
34,left_elbow,0.6545568245714282,0.5109994514285712,0.5894104,False
34,left_foot_index,0.19159819942857131,0.7584357811428568,0.8444426,False
34,left_heel,0.12043332428571422,0.7150121885714282,0.8272779,False
34,left_hip,0.4214819437142855,0.556514438285714,0.99843186,False
34,left_knee,0.3490255877142855,0.654511686285714,0.8067992,False
34,left_shoulder,0.6380187597142855,0.4484499442857141,0.9998067,False
34,left_wrist,0.6954070048571425,0.5667847465714283,0.71553034,False
34,nose,0.746979067428571,0.4203803397142855,0.99975395,False
34,right_ankle,0.47544974571428544,0.7233257251428568,0.94088066,False
34,right_elbow,0.5256182891428569,0.5332082568571426,0.97279537,False
34,right_foot_index,0.5383774217142854,0.7427434314285711,0.9248757,False
34,right_heel,0.44830496285714266,0.7346304834285712,0.88656765,False
34,right_hip,0.4303961728571426,0.5663595994285712,0.99781024,False
34,right_knee,0.5622139165714284,0.639833347428571,0.9735155,False
34,right_shoulder,0.6145139857142854,0.46478068485714263,0.9996943,False
34,right_wrist,0.5962147097142854,0.569277809142857,0.92530453,False
35,left_ankle,0.16342230314285708,0.7141337068571425,0.84904057,False
35,left_elbow,0.6470756899999996,0.5110831985714283,0.55724806,False
35,left_foot_index,0.1616313042857142,0.7591176911428567,0.8566951,False
35,left_heel,0.11757088571428567,0.7128221057142854,0.8411586,False
35,left_hip,0.42014966514285695,0.5560261082857139,0.9985819,False
35,left_knee,0.3487067434285713,0.6546098177142854,0.81931335,False
35,left_shoulder,0.6376461288571426,0.4486635857142855,0.99980444,False
35,left_wrist,0.6879676305714283,0.5645342588571425,0.6807291,False
35,nose,0.7461729788571425,0.4202256671428569,0.99977607,False
35,right_ankle,0.48945522028571403,0.7233534062857139,0.9419706,False
35,right_elbow,0.5252574257142855,0.5338171194285712,0.97336996,False
35,right_foot_index,0.5475010431428569,0.7409266851428569,0.9269458,False
35,right_heel,0.45042812257142834,0.7350481977142854,0.8870265,False
35,right_hip,0.42996718714285687,0.5664861965714283,0.9980031,False
35,right_knee,0.5851323719999997,0.6413766882857139,0.9737701,False
35,right_shoulder,0.6141604428571426,0.4651881931428569,0.9997104,False
35,right_wrist,0.5996569397142854,0.569279496285714,0.9245394,False
36,left_ankle,0.1620120945714285,0.7122722211428568,0.861673,False
36,left_elbow,0.6403916065714284,0.5111271974285712,0.5276919,False
36,left_foot_index,0.16021743942857133,0.760676195428571,0.8680905,False
36,left_heel,0.11663581828571423,0.7104886965714283,0.8537778,False
36,left_hip,0.4196678791428569,0.5556498194285712,0.99871945,False
36,left_knee,0.3493959357142855,0.6549323899999996,0.83095425,False
36,left_shoulder,0.6365765631428568,0.44885652828571404,0.9998095,False
36,left_wrist,0.6804788539999996,0.5629050299999998,0.65084094,False
36,nose,0.7451696468571425,0.4201466877142855,0.99979675,False
36,right_ankle,0.4908831574285712,0.7234717148571426,0.9425809,False
36,right_elbow,0.5247397085714283,0.5340936714285711,0.97393787,False
36,right_foot_index,0.5426977245714284,0.7419142025714281,0.9287397,False
36,right_heel,0.45090067828571406,0.7350603514285711,0.8866338,False
36,right_hip,0.42996888399999983,0.5664769857142855,0.99818605,False
36,right_knee,0.5859277477142855,0.6421331297142854,0.97411567,False
36,right_shoulder,0.6139687999999998,0.46534389142857124,0.9997291,False
36,right_wrist,0.5994221768571425,0.5692457959999997,0.9240138,False
37,left_ankle,0.16171784457142852,0.7105528828571426,0.87331426,False
37,left_elbow,0.6315676099999998,0.5111989357142854,0.4917008,False
37,left_foot_index,0.16198544285714278,0.7636146068571424,0.8787226,False
37,left_heel,0.11639400457142851,0.7082913748571424,0.8654408,False
37,left_hip,0.4192991908571426,0.5555991599999996,0.9988433,False
37,left_knee,0.34958626914285695,0.6552548374285712,0.8421442,False
37,left_shoulder,0.6345560434285711,0.4490464862857141,0.99981177,False
37,left_wrist,0.6738142482857139,0.5620916585714283,0.61371464,False
37,nose,0.7444868548571425,0.42014032885714264,0.99981517,False
37,right_ankle,0.4923118745714284,0.7234570119999997,0.9436585,False
37,right_elbow,0.5240076828571426,0.5350030257142855,0.97441447,False
37,right_foot_index,0.5369011079999997,0.7428017382857139,0.93097407,False
37,right_heel,0.4510620925714284,0.7349992799999996,0.88701016,False
37,right_hip,0.4299777228571426,0.5666841199999998,0.9983516,False
37,right_knee,0.5857610377142854,0.642914750285714,0.9743431,False
37,right_shoulder,0.6137433108571426,0.4655911245714283,0.9997477,False
37,right_wrist,0.602876054285714,0.5693318371428568,0.92302966,False
38,left_ankle,0.16185144257142853,0.7084853628571425,0.88263124,False
38,left_elbow,0.6207235977142854,0.5113946408571426,0.4570634,False
38,left_foot_index,0.16671698057142847,0.7663489737142852,0.88717425,False
38,left_heel,0.11652394371428565,0.7059158362857141,0.87478095,False
38,left_hip,0.41897225942857125,0.5555106717142855,0.99895364,False
38,left_knee,0.3497697374285712,0.6554456102857139,0.84996235,False
38,left_shoulder,0.6316172322857139,0.44906665742857116,0.9998107,False
38,left_wrist,0.6675724025714282,0.561039510285714,0.5785334,False
38,nose,0.7435207697142853,0.4202267999999998,0.9998313,False
38,right_ankle,0.493754374285714,0.723489674285714,0.9430921,False
38,right_elbow,0.5240545571428569,0.5362637314285711,0.97471887,False
38,right_foot_index,0.5366410522857141,0.7431701659999996,0.93158853,False
38,right_heel,0.4518965437142855,0.7349900385714281,0.8852579,False
38,right_hip,0.4307829671428569,0.5669277691428569,0.99849635,False
38,right_knee,0.5855902368571426,0.6426367931428567,0.9736199,False
38,right_shoulder,0.6137111934285711,0.4658649428571426,0.9997628,False
38,right_wrist,0.6063801865714283,0.5694083842857139,0.92180115,False
39,left_ankle,0.16224965571428562,0.706476050285714,0.8921997,False
39,left_elbow,0.6124418031428569,0.5117304174285712,0.42430055,False
39,left_foot_index,0.16854679114285703,0.7666368357142854,0.8960154,False
39,left_heel,0.11652904257142851,0.7037674142857139,0.88436556,False
39,left_hip,0.41879149371428553,0.5553220659999998,0.9990541,False
39,left_knee,0.3500348414285712,0.6554427802857139,0.85913295,False
39,left_shoulder,0.6288280305714282,0.4490247299999998,0.9998104,False
39,left_wrist,0.663069415428571,0.5600470745714283,0.54653233,False
39,nose,0.7425203845714281,0.42029137685714263,0.9998453,False
39,right_ankle,0.4929692159999997,0.7237167117142854,0.94521695,False
39,right_elbow,0.5246250571428569,0.5374967114285711,0.9755456,False
39,right_foot_index,0.5353312679999997,0.7435081171428568,0.93468505,False
39,right_heel,0.4516916431428569,0.7350225828571425,0.8875629,False
39,right_hip,0.43255324571428544,0.5670736377142854,0.9986313,False
39,right_knee,0.5864511068571425,0.6425383622857139,0.9744485,False
39,right_shoulder,0.6137908891428567,0.466084620285714,0.99977875,False
39,right_wrist,0.6080037751428569,0.5697098908571426,0.92292404,False
40,left_ankle,0.16275388314285705,0.7043713528571425,0.9008015,False
40,left_elbow,0.6082806919999997,0.5129345788571426,0.39498487,False
40,left_foot_index,0.16821495314285706,0.7653785662857139,0.9039945,False
40,left_heel,0.11771950599999995,0.7014569771428568,0.8928149,False
40,left_hip,0.4186138779999998,0.5551868731428569,0.99914455,False
40,left_knee,0.35253489371428554,0.6554859459999997,0.86753225,False
40,left_shoulder,0.6268930628571425,0.44900143599999975,0.9998112,False
40,left_wrist,0.6595299111428568,0.5592495474285711,0.5185607,False
40,nose,0.7415935131428568,0.4202889485714283,0.99985844,False
40,right_ankle,0.4914349025714283,0.7238186988571425,0.9474187,False
40,right_elbow,0.5250761428571427,0.5382618285714282,0.9763494,False
40,right_foot_index,0.536624555142857,0.7441506799999996,0.9377985,False
40,right_heel,0.4506198477142854,0.7351498099999997,0.88982636,False
40,right_hip,0.43525166599999976,0.5671378379999996,0.9987538,False
40,right_knee,0.5874300957142855,0.6425107628571425,0.97523624,False
40,right_shoulder,0.6139459048571425,0.46605380399999974,0.99979407,False
40,right_wrist,0.605945458285714,0.5707381737142854,0.9244897,False
41,left_ankle,0.16296421799999994,0.7022737799999996,0.9085236,False
41,left_elbow,0.6052011211428568,0.515093817142857,0.37575248,False
41,left_foot_index,0.16834137399999993,0.7638190214285712,0.91101074,False
41,left_heel,0.11889445199999994,0.6990468714285711,0.9002316,False
41,left_hip,0.4184133394285712,0.5551537651428569,0.99922585,False
41,left_knee,0.35562057514285694,0.655701808285714,0.87522227,False
41,left_shoulder,0.6251138157142855,0.44911850399999975,0.9998167,False
41,left_wrist,0.6603434577142855,0.5593234879999998,0.5114368,False
41,nose,0.7409622137142854,0.42026159485714265,0.9998711,False
41,right_ankle,0.48844323542857115,0.723722303428571,0.9495555,False
41,right_elbow,0.5255285328571426,0.5394857994285711,0.97764635,False
41,right_foot_index,0.5359933822857139,0.7445320102857139,0.940552,False
41,right_heel,0.44839033914285686,0.7354557834285711,0.892141,False
41,right_hip,0.4369935631428569,0.5672654917142854,0.9988641,False
41,right_knee,0.5866570885714283,0.6429385285714282,0.9759835,False
41,right_shoulder,0.6139427734285712,0.46627821428571403,0.9998086,False
41,right_wrist,0.6081805768571424,0.5736308879999997,0.9283529,False
42,left_ankle,0.1638098945714285,0.7001381048571425,0.91574067,False
42,left_elbow,0.6022101674285711,0.5175302431428568,0.3635278,False
42,left_foot_index,0.16885732342857135,0.7614460771428568,0.91768235,False
42,left_heel,0.12054475399999993,0.696722054285714,0.90749824,False
42,left_hip,0.41844965485714264,0.5552345802857139,0.99929965,False
42,left_knee,0.3591441748571427,0.6559585408571424,0.8827199,False
42,left_shoulder,0.623737434285714,0.4492809837142855,0.99982506,False
42,left_wrist,0.6624865054285711,0.5598054477142854,0.5185403,False
42,nose,0.7406507199999997,0.4201275125714284,0.99988294,False
42,right_ankle,0.48646510057142833,0.7234604205714282,0.952019,False
42,right_elbow,0.5273608514285711,0.5406456594285711,0.97895193,False
42,right_foot_index,0.5347051837142853,0.7448244859999996,0.94357985,False
42,right_heel,0.4472023797142855,0.735825119428571,0.89569736,False
42,right_hip,0.4383949974285712,0.5673431228571426,0.9989635,False
42,right_knee,0.5859807885714283,0.6430967225714281,0.9769017,False
42,right_shoulder,0.613902121428571,0.46660332914285696,0.99982095,False
42,right_wrist,0.6143418937142854,0.576332882285714,0.9326815,False
43,left_ankle,0.16756824799999992,0.6980840891428568,0.9225962,False
43,left_elbow,0.5949659399999998,0.5178637694285713,0.35065168,False
43,left_foot_index,0.17028098114285706,0.7585244291428568,0.92411083,False
43,left_heel,0.12431887514285708,0.6948327299999996,0.9143518,False
43,left_hip,0.41861534657142835,0.555183723428571,0.99936646,False
43,left_knee,0.3631011148571427,0.656146850285714,0.89040077,False
43,left_shoulder,0.6220080368571426,0.44925327828571404,0.99983263,False
43,left_wrist,0.6606189514285712,0.5602401891428569,0.525924,False
43,nose,0.7402324031428569,0.4201634679999998,0.9998934,False
43,right_ankle,0.48189901914285693,0.7227063919999996,0.9548779,False
43,right_elbow,0.5305626268571426,0.5414099165714283,0.9801267,False
43,right_foot_index,0.5332537474285712,0.7450655099999997,0.94699734,False
43,right_heel,0.4450292571428569,0.7351063965714282,0.9000965,False
43,right_hip,0.44000831771428545,0.5673334751428569,0.99905473,False
43,right_knee,0.5849136594285711,0.6436912168571425,0.97785544,False
43,right_shoulder,0.6139245088571426,0.46680016342857117,0.999832,False
43,right_wrist,0.6196946745714282,0.5772823017142854,0.93689847,False
44,left_ankle,0.17481275685714276,0.6957953682857139,0.9287767,False
44,left_elbow,0.5792223125714283,0.5185254885714283,0.33725476,False
44,left_foot_index,0.17395444714285707,0.7550381517142853,0.9299195,False
44,left_heel,0.13179413399999995,0.6926373417142854,0.9206216,False
44,left_hip,0.41863990399999973,0.5555232705714284,0.9994265,False
44,left_knee,0.36941040742857134,0.6562041691428568,0.8974646,False
44,left_shoulder,0.6192931471428569,0.44930225514285693,0.99983907,False
44,left_wrist,0.652508311428571,0.5605034528571425,0.5312153,False
44,nose,0.7398840145714282,0.420176062285714,0.9999026,False
44,right_ankle,0.4750642094285712,0.7217661445714282,0.95745,False
44,right_elbow,0.534173946285714,0.5416307337142854,0.9810421,False
44,right_foot_index,0.5302489788571426,0.7449806237142853,0.9500788,False
44,right_heel,0.44179645685714264,0.7337893402857139,0.90418047,False
44,right_hip,0.44255066971428547,0.5676133508571426,0.99913657,False
44,right_knee,0.583803622285714,0.644041298285714,0.978631,False
44,right_shoulder,0.6150164537142855,0.4667461177142854,0.9998418,False
44,right_wrist,0.6232410874285712,0.5765200937142856,0.94061506,False
45,left_ankle,0.1828770339999999,0.6934682199999997,0.9346728,False
45,left_elbow,0.561929590285714,0.5204716385714283,0.32169744,False
45,left_foot_index,0.1783568222857142,0.7522659548571424,0.9354293,False
45,left_heel,0.13959513199999993,0.6901696688571425,0.92670137,False
45,left_hip,0.41851685171428554,0.5564273205714283,0.99947953,False
45,left_knee,0.37757646599999983,0.6560942048571425,0.9045187,False
45,left_shoulder,0.6163175605714283,0.4495642599999998,0.99984324,False
45,left_wrist,0.6453271857142854,0.5605131085714283,0.53566027,False
45,nose,0.7396718139999996,0.4199655085714284,0.9999109,False
45,right_ankle,0.46749025542857114,0.721135319428571,0.95999944,False
45,right_elbow,0.5378872725714283,0.5423028108571426,0.9816175,False
45,right_foot_index,0.5267258394285712,0.7448189548571424,0.9529904,False
45,right_heel,0.43578476057142834,0.7329002174285711,0.90826577,False
45,right_hip,0.4451298577142854,0.5681487334285711,0.9992096,False
45,right_knee,0.5824619214285711,0.6453684139999998,0.9795486,False
45,right_shoulder,0.6162936437142854,0.46673931714285694,0.9998507,False
45,right_wrist,0.6334269514285711,0.5763108922857141,0.94370526,False
46,left_ankle,0.1897354779999999,0.691774979428571,0.93997526,False
46,left_elbow,0.5529706845714283,0.5229978334285712,0.30595082,False
46,left_foot_index,0.1829610757142856,0.7499637682857139,0.9403728,False
46,left_heel,0.14677860685714278,0.6884343714285711,0.9320876,False
46,left_hip,0.41837371914285687,0.5572636648571425,0.9995263,False
46,left_knee,0.3849974248571426,0.6556534585714283,0.91093457,False
46,left_shoulder,0.6137755548571425,0.44933125599999973,0.99984676,False
46,left_wrist,0.6396914291428568,0.5602696699999996,0.5374581,False
46,nose,0.7396860282857138,0.41942589657142837,0.9999186,False
46,right_ankle,0.4630653539999997,0.7210698719999997,0.9625463,False
46,right_elbow,0.5423907125714282,0.5435296651428568,0.98237264,False
46,right_foot_index,0.5232647451428569,0.7447518828571424,0.9557963,False
46,right_heel,0.43046431114285694,0.7326705905714281,0.91218525,False
46,right_hip,0.44874653628571404,0.569021828285714,0.9992745,False
46,right_knee,0.5803694371428569,0.6472973039999997,0.980638,False
46,right_shoulder,0.6187742365714283,0.4667402617142855,0.9998595,False
46,right_wrist,0.6399815357142854,0.5759883822857139,0.947085,False
47,left_ankle,0.19662472114285706,0.6901353279999997,0.9449141,False
47,left_elbow,0.5559829311428569,0.5222487919999999,0.28991386,False
47,left_foot_index,0.1881865659999999,0.7476195039999997,0.94505954,False
47,left_heel,0.15389093714285706,0.6867823385714282,0.93713146,False
47,left_hip,0.4193047071428569,0.5574697148571426,0.9995702,False
47,left_knee,0.3927732025714284,0.6549942399999997,0.9169461,False
47,left_shoulder,0.6126805554285711,0.44845520885714263,0.999852,False
47,left_wrist,0.6378465571428569,0.5601259845714281,0.5340949,False
47,nose,0.7397172111428567,0.4190131531428569,0.9999257,False
47,right_ankle,0.45971776142857124,0.721255746285714,0.9649759,False
47,right_elbow,0.546641008285714,0.5453449208571426,0.9830308,False
47,right_foot_index,0.5195333279999996,0.7453506457142853,0.95863724,False
47,right_heel,0.4253913479999998,0.7324482431428567,0.9159528,False
47,right_hip,0.45273090628571405,0.5696002631428569,0.9993373,False
47,right_knee,0.5783554191428568,0.6499540294285712,0.9816208,False
47,right_shoulder,0.6209950719999997,0.46680961199999976,0.99986947,False
47,right_wrist,0.6433038942857139,0.5755112291428568,0.9497799,False
48,left_ankle,0.20444533514285704,0.6885692051428567,0.94899696,False
48,left_elbow,0.5616662785714283,0.5191507619999998,0.27287918,False
48,left_foot_index,0.19587889857142846,0.7447418911428567,0.9487862,False
48,left_heel,0.1611103365714285,0.6850699914285711,0.9410575,False
48,left_hip,0.4209138579999998,0.5573518891428569,0.9996049,False
48,left_knee,0.40068204342857117,0.6545309028571424,0.9221914,False
48,left_shoulder,0.6101027297142854,0.4466790919999998,0.9998514,False
48,left_wrist,0.6371258999999998,0.5596125708571427,0.526219,False
48,nose,0.7397626251428567,0.4189013519999998,0.9999313,False
48,right_ankle,0.4575369091428569,0.721799445428571,0.96713716,False
48,right_elbow,0.5508339271428568,0.5466966108571425,0.9835641,False
48,right_foot_index,0.513882334285714,0.7474542797142854,0.96096724,False
48,right_heel,0.4219430634285712,0.7322184017142854,0.91905934,False
48,right_hip,0.4582133265714284,0.5699311708571425,0.99938613,False
48,right_knee,0.5771802819999997,0.6519818694285711,0.982506,False
48,right_shoulder,0.6242134428571425,0.4673750231428569,0.9998765,False
48,right_wrist,0.6418199742857139,0.5751619759999996,0.95250875,False
49,left_ankle,0.21200646885714275,0.6873413108571425,0.9524879,False
49,left_elbow,0.5665051719999997,0.5155622577142855,0.2553348,False
49,left_foot_index,0.20374835742857134,0.7416992531428568,0.9519319,False
49,left_heel,0.16797547285714276,0.6833565148571425,0.94432545,False
49,left_hip,0.42244384685714265,0.5573629434285712,0.9996377,False
49,left_knee,0.4096641039999998,0.6542757354285711,0.92649424,False
49,left_shoulder,0.6069285897142853,0.4451130282857141,0.9998481,False
49,left_wrist,0.6377131794285711,0.5587566057142854,0.5172539,False
49,nose,0.7399644922857139,0.4184734199999998,0.9999357,False
49,right_ankle,0.45448009885714263,0.7225813868571425,0.9689968,False
49,right_elbow,0.555206086285714,0.5473952957142855,0.98407954,False
49,right_foot_index,0.5086978188571426,0.7495807228571425,0.9629666,False
49,right_heel,0.41834165142857127,0.7321630008571425,0.92143244,False
49,right_hip,0.4634424579999997,0.5700136894285711,0.9994321,False
49,right_knee,0.5763182619999996,0.653629642285714,0.98323345,False
49,right_shoulder,0.6268212228571426,0.46858879771428547,0.9998824,False
49,right_wrist,0.6422987522857139,0.5753987385714282,0.95499027,False
50,left_ankle,0.21811122942857133,0.6866155571428568,0.95538485,False
50,left_elbow,0.5676622599999998,0.5136529291428569,0.23717245,False
50,left_foot_index,0.21246448914285704,0.7389898425714282,0.9545622,False
50,left_heel,0.17498331028571418,0.6820988034285711,0.9470145,False
50,left_hip,0.42325472742857123,0.5573643419999997,0.9996653,False
50,left_knee,0.4168136325714284,0.6539594371428568,0.9297501,False
50,left_shoulder,0.6040045097142854,0.4440091879999999,0.99983823,False
50,left_wrist,0.6357838694285711,0.5575146371428568,0.4985852,False
50,nose,0.7402981799999996,0.4178100185714284,0.9999388,False
50,right_ankle,0.4511242834285712,0.7235618531428567,0.97074354,False
50,right_elbow,0.5596223685714282,0.5476541148571427,0.98435456,False
50,right_foot_index,0.5040179154285712,0.7506182859999996,0.9647368,False
50,right_heel,0.41477856999999985,0.7325580137142853,0.92399675,False
50,right_hip,0.46760879742857114,0.5701064137142854,0.9994702,False
50,right_knee,0.5749455748571426,0.6548604194285711,0.9840679,False
50,right_shoulder,0.6299592714285711,0.46998573628571405,0.99988556,False
50,right_wrist,0.6414915137142854,0.5748530451428568,0.9564649,False
51,left_ankle,0.2237978277142856,0.6857449062857139,0.9573489,False
51,left_elbow,0.568697434285714,0.5131120428571427,0.22068752,False
51,left_foot_index,0.22177313628571416,0.7373818805714282,0.9561554,False
51,left_heel,0.18235422342857135,0.6807835368571424,0.9485734,False
51,left_hip,0.42445177485714264,0.5574105325714285,0.9996844,False
51,left_knee,0.42305599971428554,0.6534156774285711,0.93167603,False
51,left_shoulder,0.6032628411428569,0.44381756399999983,0.99982417,False
51,left_wrist,0.6348938571428567,0.5565540514285712,0.48069513,False
51,nose,0.740462981428571,0.417337742285714,0.9999394,False
51,right_ankle,0.44686845628571403,0.7252981368571424,0.97212136,False
51,right_elbow,0.5633920714285712,0.5482088619999997,0.98428655,False
51,right_foot_index,0.4988023285714283,0.7518204254285711,0.9660401,False
51,right_heel,0.41082297485714264,0.734365291428571,0.9255653,False
51,right_hip,0.4697616551428569,0.5700318402857141,0.9994959,False
51,right_knee,0.5729411205714282,0.6561011479999997,0.9846756,False
51,right_shoulder,0.6328574514285712,0.4707458011428569,0.99988675,False
51,right_wrist,0.6449723331428568,0.5731111017142855,0.9574175,False
52,left_ankle,0.2321516919999999,0.6850063497142853,0.95917046,False
52,left_elbow,0.5697813294285712,0.5136586557142855,0.20462751,False
52,left_foot_index,0.2341773579999999,0.735766833428571,0.9578052,False
52,left_heel,0.19070834771428563,0.6798630639999996,0.9503047,False
52,left_hip,0.4258490057142855,0.5575261468571426,0.9997047,False
52,left_knee,0.4299630874285712,0.6526679659999997,0.933031,False
52,left_shoulder,0.6035900828571426,0.4436335891428569,0.99981266,False
52,left_wrist,0.6349590614285712,0.5561870857142854,0.45777398,False
52,nose,0.7410417971428567,0.4173331168571427,0.9999407,False
52,right_ankle,0.43998942657142837,0.728047418285714,0.97372156,False
52,right_elbow,0.5672967708571426,0.5487668777142855,0.9837802,False
52,right_foot_index,0.49320350571428545,0.754238235428571,0.96764183,False
52,right_heel,0.40583003857142835,0.7373049942857139,0.92832583,False
52,right_hip,0.47111186199999977,0.5698301699999998,0.9995261,False
52,right_knee,0.5705375405714284,0.6575686457142855,0.9854968,False
52,right_shoulder,0.6364878737142854,0.4708137871428569,0.9998896,False
52,right_wrist,0.6491802699999997,0.570647920285714,0.9570584,False
53,left_ankle,0.24422140228571418,0.6842654354285711,0.95994246,False
53,left_elbow,0.5698002682857141,0.5145393857142855,0.19005555,False
53,left_foot_index,0.24754928028571416,0.7331765808571424,0.95835406,False
53,left_heel,0.20041826714285707,0.6791105025714282,0.9506038,False
53,left_hip,0.4267126594285712,0.5577019748571426,0.999717,False
53,left_knee,0.43691445371428544,0.6517191308571425,0.93295825,False
53,left_shoulder,0.6038171091428569,0.4435297648571427,0.9997966,False
53,left_wrist,0.6337400634285711,0.5560919471428568,0.43309152,False
53,nose,0.7422986128571426,0.4175361411428569,0.99994034,False
53,right_ankle,0.4342378948571426,0.730260018285714,0.975038,False
53,right_elbow,0.5711250151428569,0.5497863891428568,0.98252565,False
53,right_foot_index,0.49012532971428546,0.7560518939999996,0.9688799,False
53,right_heel,0.4026729428571426,0.7393560699999996,0.9303601,False
53,right_hip,0.47188938885714266,0.569689494285714,0.9995462,False
53,right_knee,0.5680967691428569,0.6588003185714282,0.98629034,False
53,right_shoulder,0.6413530005714283,0.47094516999999975,0.99988985,False
53,right_wrist,0.6504668765714283,0.569317880285714,0.95442414,False
54,left_ankle,0.258445163142857,0.6840523817142853,0.958819,False
54,left_elbow,0.5693178794285711,0.5153890528571425,0.17634591,False
54,left_foot_index,0.2653837097142856,0.7305056799999996,0.9568212,False
54,left_heel,0.2113187139999999,0.6789459525714282,0.9486193,False
54,left_hip,0.4270046528571426,0.557813086285714,0.999724,False
54,left_knee,0.44493306971428553,0.6498181465714282,0.930358,False
54,left_shoulder,0.6039738697142853,0.44319070371428554,0.9997784,False
54,left_wrist,0.6309936639999997,0.554715886285714,0.4106567,False
54,nose,0.7436467228571425,0.4177289597142855,0.99993956,False
54,right_ankle,0.43046077657142834,0.7308704711428567,0.9755114,False
54,right_elbow,0.5733518294285711,0.5512183285714283,0.98044026,False
54,right_foot_index,0.489513062285714,0.756324512285714,0.9689187,False
54,right_heel,0.40068034799999974,0.7397985742857139,0.9301803,False
54,right_hip,0.4725673777142855,0.5695808699999998,0.99955976,False
54,right_knee,0.5669547417142855,0.6593100914285711,0.9868333,False
54,right_shoulder,0.646736476285714,0.47156513342857126,0.99988884,False
54,right_wrist,0.6502660591428568,0.568853830285714,0.95072526,False
55,left_ankle,0.2694299997142856,0.6840975925714283,0.95712084,False
55,left_elbow,0.5671460199999997,0.5139841085714283,0.16284814,False
55,left_foot_index,0.2813560594285713,0.7292498088571424,0.9554057,False
55,left_heel,0.22139685685714275,0.6791890254285711,0.9460995,False
55,left_hip,0.42776290457142835,0.5578350005714283,0.9997329,False
55,left_knee,0.451810048285714,0.6467481048571426,0.9249028,False
55,left_shoulder,0.6038362748571425,0.44225158028571404,0.999754,False
55,left_wrist,0.6250645039999997,0.5509749191428569,0.38479862,False
55,nose,0.7442363291428568,0.41787256799999983,0.9999372,False
55,right_ankle,0.4286914057142855,0.7304804708571424,0.9761446,False
55,right_elbow,0.5753042665714283,0.5520925765714284,0.9772431,False
55,right_foot_index,0.4881664785714283,0.7560742931428568,0.9693777,False
55,right_heel,0.3985665108571427,0.7394428699999996,0.9303173,False
55,right_hip,0.4752539645714283,0.5698039231428568,0.9995788,False
55,right_knee,0.5661885359999996,0.6592649442857139,0.98749053,False
55,right_shoulder,0.6520655028571425,0.47277268028571406,0.9998863,False
55,right_wrist,0.6471740777142854,0.570462462285714,0.9444177,False
56,left_ankle,0.2780280922857142,0.6843230188571425,0.95648897,False
56,left_elbow,0.5645886399999998,0.5107326728571426,0.1506318,False
56,left_foot_index,0.2944128174285713,0.7286809299999997,0.9549423,False
56,left_heel,0.23058608799999986,0.6798015342857139,0.9441405,False
56,left_hip,0.4290129948571426,0.5577072342857141,0.9997447,False
56,left_knee,0.4555489497142855,0.6428432111428568,0.92096764,False
56,left_shoulder,0.6037519577142854,0.44026098714285694,0.99974054,False
56,left_wrist,0.6188953677142854,0.5461238497142855,0.35948938,False
56,nose,0.7443595648571424,0.4177717068571426,0.9999365,False
56,right_ankle,0.42446360285714263,0.7302705042857139,0.9772024,False
56,right_elbow,0.5772448051428569,0.5524070022857139,0.9748562,False
56,right_foot_index,0.48495142342857117,0.755658483428571,0.97047246,False
56,right_heel,0.39421996914285695,0.7394663337142854,0.9312836,False
56,right_hip,0.4777190277142855,0.5703841545714282,0.99960095,False
56,right_knee,0.5653996637142855,0.659026494285714,0.98822284,False
56,right_shoulder,0.6556383871428568,0.4738914691428569,0.9998867,False
56,right_wrist,0.6416276639999998,0.5724556057142854,0.937214,False
57,left_ankle,0.28641746914285704,0.6842979011428568,0.95337015,False
57,left_elbow,0.5626976405714282,0.5074222965714283,0.13930179,False
57,left_foot_index,0.3012378705714285,0.7281285671428568,0.9525815,False
57,left_heel,0.23890821999999987,0.6802022205714282,0.93953925,False
57,left_hip,0.4310788988571426,0.557263094285714,0.999755,False
57,left_knee,0.4572739094285712,0.6400826191428568,0.91183716,False
57,left_shoulder,0.6037763579999996,0.4376896545714283,0.9997331,False
57,left_wrist,0.6165762399999997,0.5419863059999996,0.3352462,False
57,nose,0.7448352605714282,0.4175740057142855,0.99993634,False
57,right_ankle,0.41848630799999975,0.7296587399999996,0.9775172,False
57,right_elbow,0.5793775008571425,0.5526034079999997,0.9714247,False
57,right_foot_index,0.4815168305714283,0.7552617657142853,0.9706727,False
57,right_heel,0.3902222657142855,0.7385287265714282,0.93015796,False
57,right_hip,0.48073699171428547,0.570913048285714,0.99962175,False
57,right_knee,0.5642660245714283,0.6589087271428569,0.98868054,False
57,right_shoulder,0.6587140971428569,0.4748135311428569,0.9998884,False
57,right_wrist,0.6361920085714283,0.5735863602857141,0.92686677,False
58,left_ankle,0.299349321142857,0.6843956825714284,0.9518359,False
58,left_elbow,0.5621547419999997,0.5059453479999998,0.12955466,False
58,left_foot_index,0.3115884059999998,0.7268725282857138,0.95182145,False
58,left_heel,0.2517819642857142,0.6818949577142854,0.937215,False
58,left_hip,0.43355436114285695,0.5565773054285711,0.9997671,False
58,left_knee,0.4638522165714284,0.637775748285714,0.9019526,False
58,left_shoulder,0.6039833131428568,0.43590430028571403,0.99972653,False
58,left_wrist,0.6176786551428568,0.5395048354285712,0.31449622,False
58,nose,0.7452388419999998,0.41750618885714263,0.9999358,False
58,right_ankle,0.41214960771428555,0.7283664248571425,0.97820824,False
58,right_elbow,0.5821866879999997,0.5528061257142854,0.969066,False
58,right_foot_index,0.47755108371428545,0.7533544008571426,0.97148204,False
58,right_heel,0.38627210828571407,0.7372835879999996,0.9307983,False
58,right_hip,0.4836550591428569,0.5712097168571426,0.99964356,False
58,right_knee,0.562634280285714,0.6590826825714282,0.989047,False
58,right_shoulder,0.6610210637142853,0.4751289459999997,0.999891,False
58,right_wrist,0.6323344217142853,0.5734677597142854,0.9194108,False
59,left_ankle,0.3125912348571427,0.6845283134285711,0.94686204,False
59,left_elbow,0.562028736285714,0.5045787794285712,0.12090498,False
59,left_foot_index,0.3225708317142855,0.7252214354285711,0.9489068,False
59,left_heel,0.26475100657142847,0.6842833434285711,0.9313862,False
59,left_hip,0.4358109514285712,0.556058698285714,0.9997799,False
59,left_knee,0.46884525714285696,0.6373977225714282,0.88543266,False
59,left_shoulder,0.6041728568571425,0.4356082151428569,0.99972236,False
59,left_wrist,0.6195050451428569,0.5360374691428569,0.29375434,False
59,nose,0.7457374719999996,0.41740981942857125,0.99993455,False
59,right_ankle,0.40831220199999974,0.7271642948571425,0.9783261,False
59,right_elbow,0.5858647008571425,0.5527227371428569,0.9675835,False
59,right_foot_index,0.473624788285714,0.7513685908571425,0.9718155,False
59,right_heel,0.38315806971428545,0.736391059428571,0.930528,False
59,right_hip,0.4865332328571427,0.5713401914285712,0.99966615,False
59,right_knee,0.5607969885714283,0.6594537554285711,0.9891162,False
59,right_shoulder,0.6634049708571425,0.47524606342857123,0.99989605,False
59,right_wrist,0.6304742377142855,0.573391264285714,0.90986663,False
60,left_ankle,0.3256125799999999,0.6846194957142855,0.9409482,False
60,left_elbow,0.5617068728571426,0.503116805142857,0.11250274,False
60,left_foot_index,0.3391538639999998,0.7233138148571425,0.9455753,False
60,left_heel,0.27670166228571413,0.6864044991428568,0.9253063,False
60,left_hip,0.43684375714285695,0.555778794285714,0.99978733,False
60,left_knee,0.4655449697142855,0.6362840059999997,0.86543536,False
60,left_shoulder,0.6038932811428568,0.43551178799999973,0.9997109,False
60,left_wrist,0.6172706019999997,0.5338052719999997,0.27430022,False
60,nose,0.7461831671428568,0.4173094754285712,0.99993217,False
60,right_ankle,0.4075535682857141,0.7268490711428568,0.9784164,False
60,right_elbow,0.5895783874285712,0.5524849234285711,0.96441317,False
60,right_foot_index,0.47156427542857116,0.7503212185714281,0.9721273,False
60,right_heel,0.38031622542857124,0.7367001051428568,0.9304933,False
60,right_hip,0.4873334005714284,0.5714995468571425,0.99968356,False
60,right_knee,0.5583321628571426,0.6598595934285711,0.98900837,False
60,right_shoulder,0.6659490482857139,0.4749018448571426,0.99989843,False
60,right_wrist,0.6261698582857139,0.5735026577142854,0.8983786,False
61,left_ankle,0.3347731257142855,0.6846575237142853,0.9310605,False
61,left_elbow,0.5606551134285712,0.5021524108571425,0.10425029,False
61,left_foot_index,0.3527670142857141,0.7211421614285711,0.9400205,False
61,left_heel,0.2859386628571427,0.6877146891428567,0.91505104,False
61,left_hip,0.4376779297142855,0.5555644757142855,0.99979234,False
61,left_knee,0.4706295719999997,0.6336454491428568,0.83820236,False
61,left_shoulder,0.6034082397142855,0.43477267228571403,0.9997002,False
61,left_wrist,0.6105607119999997,0.5336423342857141,0.2549829,False
61,nose,0.746630826285714,0.4171236345714283,0.9999272,False
61,right_ankle,0.4070525925714284,0.7267267411428568,0.97812074,False
61,right_elbow,0.5933911288571425,0.5512521694285711,0.9617969,False
61,right_foot_index,0.4682176131428569,0.749864287428571,0.97201174,False
61,right_heel,0.37503878628571413,0.7366724485714282,0.9293762,False
61,right_hip,0.48767537942857114,0.5715452011428569,0.99969834,False
61,right_knee,0.5559186485714284,0.6601120691428568,0.9888303,False
61,right_shoulder,0.6686984525714282,0.47436922057142833,0.99990267,False
61,right_wrist,0.6209384911428568,0.5733339619999998,0.886175,False
62,left_ankle,0.3415652034285713,0.6842233208571425,0.9164387,False
62,left_elbow,0.5584814585714282,0.5023831057142855,0.09670142,False
62,left_foot_index,0.36668445828571405,0.716906674285714,0.9319622,False
62,left_heel,0.29573917971428554,0.688591644285714,0.9001798,False
62,left_hip,0.4387811625714283,0.5553275857142854,0.999785,False
62,left_knee,0.4795442868571426,0.6311499825714282,0.80527794,False
62,left_shoulder,0.6029381228571425,0.4338365408571426,0.9996705,False
62,left_wrist,0.603434416285714,0.5354342594285713,0.2359796,False
62,nose,0.7469200191428568,0.4170110114285712,0.99991184,False
62,right_ankle,0.40371613171428555,0.7253758239999997,0.97768474,False
62,right_elbow,0.5977562837142854,0.549852712285714,0.9579599,False
62,right_foot_index,0.4581360977142855,0.7473710765714281,0.97179306,False
62,right_heel,0.3647335065714284,0.7348776451428568,0.92809355,False
62,right_hip,0.48806834799999976,0.5716728188571426,0.9997002,False
62,right_knee,0.5538360599999997,0.6606230734285711,0.9884574,False
62,right_shoulder,0.6705830225714282,0.4738883168571426,0.99990314,False
62,right_wrist,0.6155224897142852,0.5726095837142854,0.8677363,False
63,left_ankle,0.34866586457142834,0.6833449557142853,0.8975913,False
63,left_elbow,0.5568303185714283,0.502715774285714,0.08965888,False
63,left_foot_index,0.3794876514285712,0.7140386042857139,0.9235353,False
63,left_heel,0.3068396319999998,0.6887456222857139,0.8845632,False
63,left_hip,0.44070016685714264,0.5548830259999998,0.999774,False
63,left_knee,0.4935566548571426,0.6295400888571425,0.7587819,False
63,left_shoulder,0.6030554034285711,0.43347135114285695,0.9996428,False
63,left_wrist,0.6018862011428567,0.5351456051428568,0.2182169,False
63,nose,0.747144863428571,0.41688804142857117,0.9998906,False
63,right_ankle,0.40097241828571406,0.7240501148571425,0.97708803,False
63,right_elbow,0.6021694079999997,0.5490990659999997,0.9529621,False
63,right_foot_index,0.4495606268571426,0.7443786999999996,0.97166955,False
63,right_heel,0.35791023314285697,0.732571479428571,0.9270538,False
63,right_hip,0.4884637317142854,0.5716547145714282,0.99970317,False
63,right_knee,0.553314634285714,0.661077979428571,0.9875006,False
63,right_shoulder,0.6720376094285712,0.4733430588571426,0.99990356,False
63,right_wrist,0.617490169428571,0.5707801679999998,0.8470627,False
64,left_ankle,0.35862714342857127,0.6826796514285711,0.8832094,False
64,left_elbow,0.5577615499999997,0.5028759028571426,0.08386194,False
64,left_foot_index,0.3929456697142855,0.7142059342857139,0.9168935,False
64,left_heel,0.3194694779999998,0.6889196694285711,0.8725837,False
64,left_hip,0.44326615342857123,0.5543009088571427,0.9997478,False
64,left_knee,0.5011269251428568,0.6276633831428569,0.7250222,False
64,left_shoulder,0.6039427305714283,0.43286035285714264,0.999614,False
64,left_wrist,0.6038492568571425,0.5342391851428568,0.20416845,False
64,nose,0.7478490677142853,0.41656695028571405,0.99986374,False
64,right_ankle,0.4004663325714284,0.7213871288571425,0.9766046,False
64,right_elbow,0.605752672285714,0.5495449888571425,0.9496186,False
64,right_foot_index,0.44708989628571405,0.7427578771428567,0.9716323,False
64,right_heel,0.35564981314285693,0.730480779428571,0.9263227,False
64,right_hip,0.4895799537142855,0.5715516379999998,0.999684,False
64,right_knee,0.5534359877142855,0.6615930708571426,0.9866087,False
64,right_shoulder,0.6734531782857139,0.47256213199999975,0.99990064,False
64,right_wrist,0.626822824285714,0.5683788065714283,0.8355014,False
65,left_ankle,0.37060621914285696,0.6824403205714282,0.869536,False
65,left_elbow,0.5601077742857141,0.502444714285714,0.07795077,False
65,left_foot_index,0.4008762077142855,0.7151518991428567,0.9107375,False
65,left_heel,0.33254228999999985,0.6892640765714282,0.8598663,False
65,left_hip,0.44618069628571405,0.5535582242857141,0.9996979,False
65,left_knee,0.5110602028571425,0.6245299974285712,0.6918097,False
65,left_shoulder,0.6054650434285711,0.43210072657142834,0.9995679,False
65,left_wrist,0.6058314034285711,0.5338863137142854,0.18978287,False
65,nose,0.748509751428571,0.4163359648571427,0.99983937,False
65,right_ankle,0.40019078799999974,0.7170474245714282,0.97656053,False
65,right_elbow,0.6091759585714284,0.5496328145714282,0.94375813,False
65,right_foot_index,0.44619280799999983,0.7415388628571424,0.97174054,False
65,right_heel,0.35479075742857125,0.7275234794285711,0.92631567,False
65,right_hip,0.49104425142857117,0.5714372057142854,0.9996632,False
65,right_knee,0.5533117897142854,0.6621308085714283,0.98638546,False
65,right_shoulder,0.6748797414285711,0.4717890542857141,0.9998951,False
65,right_wrist,0.6360271779999995,0.5668048588571426,0.8168256,False
66,left_ankle,0.3784512105714284,0.6823409457142853,0.85372657,False
66,left_elbow,0.5621254579999998,0.5015255714285711,0.072675295,False
66,left_foot_index,0.4122010554285712,0.7137351862857139,0.90284216,False
66,left_heel,0.33986740999999987,0.6895671851428569,0.84397507,False
66,left_hip,0.4488651765714283,0.5528781628571426,0.99962187,False
66,left_knee,0.5127019319999997,0.6230540088571426,0.66272527,False
66,left_shoulder,0.6070040134285711,0.4315808717142855,0.999526,False
66,left_wrist,0.6062504319999997,0.5343228999999996,0.17597461,False
66,nose,0.7493216539999996,0.41576101714285696,0.9998125,False
66,right_ankle,0.39768900399999985,0.713237848285714,0.9761008,False
66,right_elbow,0.611511504285714,0.5495706642857139,0.9387973,False
66,right_foot_index,0.44179198942857123,0.7404966517142852,0.9714909,False
66,right_heel,0.3503751297142855,0.7237033737142854,0.925216,False
66,right_hip,0.49254311257142835,0.5714394794285711,0.9996238,False
66,right_knee,0.5527447191428569,0.6626778394285711,0.9861325,False
66,right_shoulder,0.6763845591428568,0.47155675885714265,0.9998885,False
66,right_wrist,0.640174029428571,0.5661650917142855,0.7958219,False
67,left_ankle,0.38488955685714266,0.6823386457142854,0.83210284,False
67,left_elbow,0.5600357028571425,0.5000435797142855,0.06839589,False
67,left_foot_index,0.41899282971428553,0.7126789519999996,0.889782,False
67,left_heel,0.34543343771428553,0.6903214679999996,0.8233294,False
67,left_hip,0.4523884554285712,0.5520398328571425,0.9994944,False
67,left_knee,0.5150534319999998,0.6227216631428568,0.63419825,False
67,left_shoulder,0.6082704345714283,0.4310980691428569,0.9994823,False
67,left_wrist,0.6016571525714283,0.5347614128571426,0.16388097,False
67,nose,0.7500277725714282,0.4149691094285712,0.9997935,False
67,right_ankle,0.3965980882857141,0.7127148839999997,0.97472656,False
67,right_elbow,0.6141629922857139,0.5496800885714284,0.9363378,False
67,right_foot_index,0.4387233342857141,0.7403293217142852,0.96991,False
67,right_heel,0.3480027219999998,0.7221435691428568,0.92244965,False
67,right_hip,0.49515989857142834,0.5713222345714283,0.99955374,False
67,right_knee,0.5518004091428569,0.662952602285714,0.9858902,False
67,right_shoulder,0.6785290962857139,0.4711574674285712,0.9998808,False
67,right_wrist,0.6429278708571426,0.5662187828571426,0.781959,False
68,left_ankle,0.39011811485714265,0.6833048737142855,0.81318235,False
68,left_elbow,0.5585689499999997,0.49913045828571406,0.064048894,False
68,left_foot_index,0.4197848979999998,0.7127620405714281,0.87703806,False
68,left_heel,0.35094416342857127,0.6916549914285711,0.8033255,False
68,left_hip,0.4564669051428569,0.5512720942857139,0.99931985,False
68,left_knee,0.517163194285714,0.623600438285714,0.6108901,False
68,left_shoulder,0.6103418825714283,0.4306903331428569,0.9994065,False
68,left_wrist,0.5962409934285711,0.5350098234285712,0.1524612,False
68,nose,0.7509200668571425,0.4142201145714284,0.99975073,False
68,right_ankle,0.3950050262857141,0.7137921311428568,0.9727884,False
68,right_elbow,0.6155146651428569,0.5501144514285712,0.9327541,False
68,right_foot_index,0.4369768865714283,0.7411752488571425,0.9676089,False
68,right_heel,0.34741850999999985,0.7229938291428568,0.9177018,False
68,right_hip,0.49801589999999973,0.571175090285714,0.9994219,False
68,right_knee,0.5497775877142854,0.6631100334285711,0.985269,False
68,right_shoulder,0.6800442431428567,0.47073954514285693,0.99986476,False
68,right_wrist,0.6462417279999997,0.5662354828571425,0.7688694,False
69,left_ankle,0.3946749957142855,0.6860851191428569,0.801749,False
69,left_elbow,0.5588013828571426,0.498712644285714,0.059892844,False
69,left_foot_index,0.41719297428571406,0.7142254834285711,0.86874425,False
69,left_heel,0.35690084628571417,0.693504371428571,0.7886645,False
69,left_hip,0.45955955828571404,0.5504434471428569,0.9991514,False
69,left_knee,0.5185126828571425,0.6246458897142855,0.5982244,False
69,left_shoulder,0.6123037088571425,0.4300773777142855,0.999332,False
69,left_wrist,0.5945042097142854,0.5350062977142854,0.1423504,False
69,nose,0.7517401368571426,0.41406767285714263,0.9997063,False
69,right_ankle,0.39029889628571407,0.7146001642857139,0.9723318,False
69,right_elbow,0.6160686565714283,0.5503449971428568,0.9295957,False
69,right_foot_index,0.4361043194285712,0.7416538331428567,0.9667029,False
69,right_heel,0.347579235142857,0.7238125848571425,0.91520107,False
69,right_hip,0.5005399219999997,0.5710320051428568,0.9993104,False
69,right_knee,0.547259760285714,0.6631370062857139,0.98543423,False
69,right_shoulder,0.6810877957142853,0.4704133677142855,0.99984723,False
69,right_wrist,0.6490080051428568,0.5660972139999997,0.7551179,False
70,left_ankle,0.3993229517142855,0.6884971019999997,0.7923909,False
70,left_elbow,0.560065874285714,0.49880385142857114,0.056257047,False
70,left_foot_index,0.4289199451428569,0.7159891342857139,0.86234134,False
70,left_heel,0.36469076999999983,0.6955548371428568,0.7775341,False
70,left_hip,0.4612887619999998,0.5497866659999997,0.99903995,False
70,left_knee,0.518367986285714,0.6250987891428568,0.57989746,False
70,left_shoulder,0.6132418931428569,0.4294344971428569,0.999295,False
70,left_wrist,0.593090676285714,0.5357704348571426,0.13305885,False
70,nose,0.7523666774285711,0.41401994714285695,0.99967384,False
70,right_ankle,0.38415945057142836,0.7152491282857139,0.9722488,False
70,right_elbow,0.616800830285714,0.5501732577142855,0.9249927,False
70,right_foot_index,0.4341341002857141,0.741738277428571,0.9662202,False
70,right_heel,0.34634706342857124,0.7239998179999996,0.91397387,False
70,right_hip,0.5020623402857141,0.5712643679999998,0.99925905,False
70,right_knee,0.5436507911428569,0.6637172905714283,0.98536676,False
70,right_shoulder,0.6818459571428568,0.47004350857142835,0.9998404,False
70,right_wrist,0.6501679171428568,0.5655580874285712,0.7394662,False
71,left_ankle,0.40466463485714266,0.6922765197142853,0.78633136,False
71,left_elbow,0.5595392799999996,0.4983754105714283,0.05311429,False
71,left_foot_index,0.4404353257142855,0.7210726771428567,0.85870165,False
71,left_heel,0.3684273982857141,0.699608851428571,0.76997036,False
71,left_hip,0.46301504857142833,0.5489669174285712,0.9990079,False
71,left_knee,0.5161449719999998,0.6250177577142855,0.5645936,False
71,left_shoulder,0.6128409802857141,0.42815950799999974,0.9992876,False
71,left_wrist,0.5907662834285712,0.5365267971428569,0.12491152,False
71,nose,0.7532970542857139,0.4139299259999998,0.9996588,False
71,right_ankle,0.3795836562857141,0.7158373662857139,0.97257555,False
71,right_elbow,0.6188111871428568,0.549745506285714,0.9203408,False
71,right_foot_index,0.43130529828571407,0.7421584999999995,0.9661892,False
71,right_heel,0.34274593057142844,0.7244494202857139,0.91335964,False
71,right_hip,0.5044799548571426,0.5715177242857141,0.99925226,False
71,right_knee,0.5394332568571426,0.6643262502857139,0.98537356,False
71,right_shoulder,0.6828986651428568,0.46923388028571406,0.99983954,False
71,right_wrist,0.6520010485714283,0.5645515631428568,0.7235229,False
72,left_ankle,0.40735132399999974,0.6992283285714282,0.76935416,False
72,left_elbow,0.5595234599999996,0.4974974908571427,0.050162517,False
72,left_foot_index,0.44763615285714264,0.7271758625714282,0.84694225,False
72,left_heel,0.36943356057142834,0.7072103685714283,0.75378,False
72,left_hip,0.4651008774285712,0.5482952159999996,0.9989046,False
72,left_knee,0.5111204005714283,0.627390126285714,0.54298705,False
72,left_shoulder,0.613070426285714,0.42740170199999983,0.9992655,False
72,left_wrist,0.5902992019999995,0.537486374285714,0.117606305,False
72,nose,0.7546687137142853,0.41356111542857127,0.9996078,False
72,right_ankle,0.37587997257142836,0.7169899985714282,0.9707536,False
72,right_elbow,0.6206479305714282,0.549145546285714,0.9150904,False
72,right_foot_index,0.428449757142857,0.7432063805714282,0.96353936,False
72,right_heel,0.3378072485714284,0.7254487911428568,0.9088714,False
72,right_hip,0.507268776285714,0.571925074285714,0.99918646,False
72,right_knee,0.5347378397142856,0.6651396488571425,0.98412603,False
72,right_shoulder,0.6839847594285711,0.46862130342857117,0.9998336,False
72,right_wrist,0.6525974337142854,0.5639512317142853,0.70865345,False
73,left_ankle,0.4187627511428569,0.7047068334285711,0.7456302,False
73,left_elbow,0.5606493051428569,0.4969840179999998,0.04762368,False
73,left_foot_index,0.45646864314285696,0.7302155008571425,0.8306654,False
73,left_heel,0.3831700719999998,0.7124442708571426,0.73427254,False
73,left_hip,0.46735945285714264,0.547631798285714,0.9988743,False
73,left_knee,0.5175092085714283,0.6256951288571426,0.51361364,False
73,left_shoulder,0.613623426285714,0.4269292242857141,0.9992655,False
73,left_wrist,0.5934219091428568,0.538455284285714,0.109973505,False
73,nose,0.756190022285714,0.4129845285714283,0.99957603,False
73,right_ankle,0.37262685971428555,0.7183001257142854,0.96921176,False
73,right_elbow,0.6222997677142854,0.5477628971428569,0.913981,False
73,right_foot_index,0.42851184542857124,0.7440579691428568,0.9605855,False
73,right_heel,0.33353740542857124,0.7265384568571424,0.90469074,False
73,right_hip,0.5098592217142855,0.5721445771428568,0.9991779,False
73,right_knee,0.5317674025714283,0.6657313257142854,0.9825424,False
73,right_shoulder,0.6848974457142855,0.46802256485714266,0.99983317,False
73,right_wrist,0.6537957405714283,0.5636351459999998,0.7006264,False
74,left_ankle,0.44283869171428547,0.7060517514285711,0.7295792,False
74,left_elbow,0.5605217171428568,0.49578319599999976,0.045883574,False
74,left_foot_index,0.47235595599999974,0.7295708611428567,0.8178238,False
74,left_heel,0.40785771685714267,0.717604359428571,0.71891135,False
74,left_hip,0.4700879268571426,0.5473027439999997,0.99888664,False
74,left_knee,0.5262126457142855,0.6243881874285712,0.4928531,False
74,left_shoulder,0.614000414285714,0.42610166142857125,0.9992921,False
74,left_wrist,0.5919231879999998,0.5400048457142854,0.10441626,False
74,nose,0.757343649428571,0.4122303802857141,0.99957466,False
74,right_ankle,0.3713196725714284,0.7197526328571424,0.96742827,False
74,right_elbow,0.6249410191428568,0.5461488799999997,0.9111541,False
74,right_foot_index,0.4261358159999998,0.7448721777142854,0.95762855,False
74,right_heel,0.33107716057142844,0.7273107882857139,0.89987963,False
74,right_hip,0.5122477622857141,0.5724190825714284,0.99922305,False
74,right_knee,0.5287940871428569,0.6663664088571425,0.98146397,False
74,right_shoulder,0.685961028285714,0.4672247519999998,0.99984246,False
74,right_wrist,0.6546573091428569,0.5630667905714284,0.6895183,False
75,left_ankle,0.4691191371428569,0.7038066571428567,0.71887416,False
75,left_elbow,0.5587804828571425,0.49240986885714255,0.044762418,False
75,left_foot_index,0.4885066274285712,0.7288240394285712,0.80847484,False
75,left_heel,0.4306732848571426,0.7217126679999997,0.7087186,False
75,left_hip,0.4726445217142855,0.546935316285714,0.99890685,False
75,left_knee,0.531356952285714,0.6240699574285711,0.4767164,False
75,left_shoulder,0.6136300614285712,0.4245878899999998,0.9993199,False
75,left_wrist,0.5832984197142854,0.5375534399999998,0.098519646,False
75,nose,0.7578886751428567,0.41173616285714265,0.9995676,False
75,right_ankle,0.37026001514285695,0.720917568285714,0.9663593,False
75,right_elbow,0.6280387425714282,0.544557036285714,0.9093909,False
75,right_foot_index,0.4198485842857141,0.7456841091428569,0.9552176,False
75,right_heel,0.3293106177142856,0.7276016137142853,0.8966235,False
75,right_hip,0.5156972594285711,0.5725362919999997,0.99926955,False
75,right_knee,0.5262699971428568,0.6667774617142853,0.9804422,False
75,right_shoulder,0.6877788368571425,0.46639293771428547,0.9998522,False
75,right_wrist,0.6551338399999997,0.5622705085714284,0.67937756,False
76,left_ankle,0.4747658794285712,0.7072294414285709,0.7084983,False
76,left_elbow,0.5562590308571426,0.48839710714285695,0.045823243,False
76,left_foot_index,0.49140207228571403,0.7297524765714283,0.7976573,False
76,left_heel,0.4371704051428569,0.727035085428571,0.6997104,False
76,left_hip,0.47493656028571407,0.5467238748571426,0.9988761,False
76,left_knee,0.5256177759999997,0.6295177765714284,0.4610199,False
76,left_shoulder,0.6132180057142854,0.4231548631428569,0.99933505,False
76,left_wrist,0.5744276839999998,0.532331184285714,0.09154473,False
76,nose,0.7580930508571424,0.4111747685714284,0.9995614,False
76,right_ankle,0.36892555342857125,0.7220572791428568,0.9648919,False
76,right_elbow,0.6310240934285711,0.543321466285714,0.90988916,False
76,right_foot_index,0.41228384485714265,0.7464263319999996,0.951967,False
76,right_heel,0.32650663228571414,0.7278406451428568,0.89256394,False
76,right_hip,0.5191780331428568,0.5725086505714283,0.99929875,False
76,right_knee,0.5246293885714284,0.6672478997142853,0.9783418,False
76,right_shoulder,0.6904106768571425,0.4659666908571426,0.99986106,False
76,right_wrist,0.6548947914285711,0.561363864285714,0.669067,False
77,left_ankle,0.47643519257142836,0.7116132768571425,0.70219785,False
77,left_elbow,0.5551344994285712,0.48643278171428544,0.04757025,False
77,left_foot_index,0.5011429051428569,0.7272961519999996,0.78932905,False
77,left_heel,0.44205960428571406,0.7282208097142853,0.6922265,False
77,left_hip,0.4769773425714283,0.5463231977142855,0.99886876,False
77,left_knee,0.527652848285714,0.6318416937142854,0.451569,False
77,left_shoulder,0.6130012457142854,0.42227049285714263,0.9993517,False
77,left_wrist,0.5703719368571426,0.5285538028571426,0.085386485,False
77,nose,0.7580467571428569,0.4107670474285712,0.9995604,False
77,right_ankle,0.3664980405714284,0.7226756988571424,0.9637547,False
77,right_elbow,0.6331971234285712,0.5406877077142854,0.91033345,False
77,right_foot_index,0.40898968142857123,0.7464780314285712,0.9494526,False
77,right_heel,0.3225194339999998,0.728266362285714,0.8886716,False
77,right_hip,0.5218092708571427,0.5720568125714283,0.99932843,False
77,right_knee,0.523930562285714,0.6676154525714282,0.9771774,False
77,right_shoulder,0.6929071639999997,0.4653053639999998,0.99986935,False
77,right_wrist,0.6539848805714282,0.5606728814285711,0.65827656,False
78,left_ankle,0.4882852479999997,0.7118855005714283,0.69531226,False
78,left_elbow,0.5548116085714283,0.48365315171428547,0.049982596,False
78,left_foot_index,0.5228583319999998,0.7198185837142854,0.78026116,False
78,left_heel,0.4652620099999997,0.724518020285714,0.6846666,False
78,left_hip,0.47938548742857123,0.5456236768571426,0.9988503,False
78,left_knee,0.5348954159999997,0.6289817719999997,0.44150034,False
78,left_shoulder,0.6131030451428569,0.4212893777142855,0.9993804,False
78,left_wrist,0.5710635011428569,0.5256114228571427,0.08000277,False
78,nose,0.7582797377142854,0.4103565702857141,0.99956787,False
78,right_ankle,0.36549402342857124,0.7232371659999997,0.9630216,False
78,right_elbow,0.6340889777142854,0.5373703354285712,0.9107387,False
78,right_foot_index,0.40873473171428554,0.7464501728571425,0.9471279,False
78,right_heel,0.3197683328571427,0.7290669651428567,0.8857187,False
78,right_hip,0.5249874537142853,0.5712893739999998,0.9993632,False
78,right_knee,0.5227526485714284,0.6674038631428568,0.97608536,False
78,right_shoulder,0.6953002125714283,0.46473418371428543,0.99987876,False
78,right_wrist,0.6530326828571424,0.5594056885714283,0.6516334,False
79,left_ankle,0.5097800265714283,0.7053891528571425,0.6908514,False
79,left_elbow,0.5547146965714282,0.47939480457142836,0.053993586,False
79,left_foot_index,0.5505574857142854,0.7112390119999996,0.7754079,False
79,left_heel,0.49239226228571403,0.7184200331428569,0.6838267,False
79,left_hip,0.4817314162857141,0.5447502385714283,0.99883837,False
79,left_knee,0.5444429517142855,0.6229573874285712,0.43124065,False
79,left_shoulder,0.6133456251428568,0.4200845414285712,0.99941045,False
79,left_wrist,0.5714371017142854,0.5219460628571426,0.0749972,False
79,nose,0.7589405834285712,0.40974732114285695,0.9995886,False
79,right_ankle,0.36550705885714263,0.7236736242857139,0.9637476,False
79,right_elbow,0.6341367951428568,0.5331390882857141,0.91193897,False
79,right_foot_index,0.40862852285714263,0.746542714285714,0.94694346,False
79,right_heel,0.3190951214285712,0.7298930994285711,0.88703537,False
79,right_hip,0.5306332102857141,0.5701975185714283,0.99940675,False
79,right_knee,0.5219107794285711,0.666273391428571,0.97521126,False
79,right_shoulder,0.6984287242857139,0.4638891325714283,0.9998885,False
79,right_wrist,0.6522076542857139,0.5576818214285711,0.64537036,False
80,left_ankle,0.5281914122857141,0.6994889457142854,0.69208914,False
80,left_elbow,0.5559526571428568,0.47612105599999976,0.06083199,False
80,left_foot_index,0.5700038799999997,0.7051907794285711,0.77467763,False
80,left_heel,0.5109382448571426,0.7134653717142854,0.6868124,False
80,left_hip,0.4844332177142855,0.5440207208571426,0.99886435,False
80,left_knee,0.5544528959999997,0.617362530285714,0.42739078,False
80,left_shoulder,0.6140733394285711,0.4184193699999998,0.9994471,False
80,left_wrist,0.5751980739999998,0.5192386908571426,0.07132675,False
80,nose,0.7597679177142853,0.4090709765714284,0.9996131,False
80,right_ankle,0.3667343465714284,0.7239057728571425,0.96508247,False
80,right_elbow,0.6352520251428568,0.5306466714285712,0.9145309,False
80,right_foot_index,0.40812210342857125,0.746686361428571,0.9479731,False
80,right_heel,0.3196440899999998,0.7303691337142854,0.89042443,False
80,right_hip,0.535659133142857,0.5693294079999998,0.99945194,False
80,right_knee,0.5222280565714283,0.6637202085714282,0.97524065,False
80,right_shoulder,0.7011022785714283,0.4631274525714284,0.9998981,False
80,right_wrist,0.6524988545714282,0.5560475714285712,0.6454217,False
81,left_ankle,0.5380372714285713,0.6956978571428567,0.6963626,False
81,left_elbow,0.5575821605714283,0.47480276257142834,0.066555075,False
81,left_foot_index,0.5850571671428568,0.7013456194285711,0.77458334,False
81,left_heel,0.5139526745714283,0.7111986614285711,0.68881387,False
81,left_hip,0.4866000394285712,0.5433015479999996,0.9988822,False
81,left_knee,0.5671302551428569,0.6129924882857141,0.43115526,False
81,left_shoulder,0.6146830351428568,0.41660604257142836,0.9994804,False
81,left_wrist,0.5782404454285711,0.5187886508571427,0.06794835,False
81,nose,0.7614436605714282,0.4081408388571427,0.99963766,False
81,right_ankle,0.3674333705714284,0.7236809659999996,0.96683824,False
81,right_elbow,0.6369207379999997,0.5291973942857141,0.9166969,False
81,right_foot_index,0.40810386314285696,0.7468944185714282,0.94934916,False
81,right_heel,0.31859845485714267,0.7304203799999995,0.89359176,False
81,right_hip,0.5388677537142854,0.5682902037142855,0.99949497,False
81,right_knee,0.5225390837142855,0.6605599714285711,0.976405,False
81,right_shoulder,0.7028975414285711,0.4623836445714284,0.9999068,False
81,right_wrist,0.6529777288571426,0.5531502214285712,0.64056945,False
82,left_ankle,0.545855804285714,0.6918736625714281,0.70543456,False
82,left_elbow,0.5619788319999997,0.4742413174285712,0.0741447,False
82,left_foot_index,0.6020892171428569,0.6980217859999996,0.7789156,False
82,left_heel,0.525631268285714,0.7082627914285712,0.6955912,False
82,left_hip,0.48887069028571406,0.5422359594285712,0.9989122,False
82,left_knee,0.5819529968571426,0.6057166697142854,0.43921965,False
82,left_shoulder,0.616196927428571,0.4148374728571427,0.99950886,False
82,left_wrist,0.5812728254285712,0.5178846665714283,0.06487192,False
82,nose,0.7635695697142852,0.40729412799999976,0.99965674,False
82,right_ankle,0.36649943799999984,0.7222221639999997,0.96866196,False
82,right_elbow,0.6388753608571425,0.5286756139999997,0.9190297,False
82,right_foot_index,0.40712198657142834,0.7470569785714283,0.95136744,False
82,right_heel,0.31589815771428553,0.7294996577142853,0.897613,False
82,right_hip,0.5410581617142853,0.5669727679999998,0.9995342,False
82,right_knee,0.5238134671428569,0.6575902225714283,0.97747993,False
82,right_shoulder,0.7043016057142854,0.4615994097142855,0.9999145,False
82,right_wrist,0.6537317597142853,0.5493746385714283,0.63714707,False
83,left_ankle,0.5567125257142854,0.6889463511428568,0.71986634,False
83,left_elbow,0.5658513977142854,0.4732511477142855,0.080341265,False
83,left_foot_index,0.6175394357142855,0.6973242097142853,0.7867601,False
83,left_heel,0.5383325508571426,0.7068294817142853,0.70606375,False
83,left_hip,0.4908247017142855,0.5412179602857139,0.99895686,False
83,left_knee,0.5928895802857139,0.600380375428571,0.45763493,False
83,left_shoulder,0.6184221894285711,0.4135813179999998,0.9995393,False
83,left_wrist,0.5822932168571426,0.5156445428571426,0.06324941,False
83,nose,0.7661214919999997,0.4065046465714284,0.999677,False
83,right_ankle,0.3642825919999998,0.7201744168571425,0.9704607,False
83,right_elbow,0.6405228722857139,0.5279489411428568,0.9201727,False
83,right_foot_index,0.4041204879999998,0.7474498628571424,0.9534153,False
83,right_heel,0.3119755579999999,0.7275017034285711,0.90136254,False
83,right_hip,0.5433145137142854,0.5651781194285711,0.9995718,False
83,right_knee,0.5272564951428569,0.6552012154285711,0.9787506,False
83,right_shoulder,0.7057946499999996,0.46065942342857114,0.9999217,False
83,right_wrist,0.6552177797142854,0.5463858688571426,0.6343224,False
84,left_ankle,0.5740775042857139,0.6866892968571425,0.7331586,False
84,left_elbow,0.5689054534285711,0.47115261571428546,0.08698042,False
84,left_foot_index,0.6350704794285711,0.6967485482857139,0.7947988,False
84,left_heel,0.5545352362857141,0.7059431302857139,0.7173957,False
84,left_hip,0.49425505999999975,0.5402559834285712,0.9990233,False
84,left_knee,0.6081639859999997,0.5940815028571426,0.4686964,False
84,left_shoulder,0.6206615708571426,0.4124783697142854,0.99956965,False
84,left_wrist,0.5839914997142854,0.511975674285714,0.06146148,False
84,nose,0.7680987119999996,0.40626525028571403,0.99969304,False
84,right_ankle,0.36209451314285696,0.7187711828571426,0.97237176,False
84,right_elbow,0.6414576048571425,0.5284489997142854,0.9221262,False
84,right_foot_index,0.40142901399999986,0.7479606771428569,0.95607525,False
84,right_heel,0.309713639142857,0.7255817548571425,0.9060506,False
84,right_hip,0.5454587537142854,0.563394042285714,0.99961036,False
84,right_knee,0.5316436979999998,0.6526049545714282,0.97977656,False
84,right_shoulder,0.7070756671428569,0.46001922885714264,0.99992853,False
84,right_wrist,0.6565867591428569,0.5462678345714282,0.6330743,False
85,left_ankle,0.5896244971428568,0.6833226602857139,0.7505124,False
85,left_elbow,0.5688124457142854,0.46943168285714265,0.091935165,False
85,left_foot_index,0.6483160379999997,0.6957291368571425,0.806103,False
85,left_heel,0.568198588285714,0.7033315959999997,0.7338712,False
85,left_hip,0.49808726285714255,0.5393771657142855,0.99908847,False
85,left_knee,0.6280114974285711,0.5854872185714284,0.4877299,False
85,left_shoulder,0.6214119585714283,0.41179361799999975,0.999598,False
85,left_wrist,0.5829625314285711,0.5083601771428569,0.059632424,False
85,nose,0.7702863685714281,0.4057628751428569,0.9997093,False
85,right_ankle,0.36094100799999984,0.7180901428571426,0.97453725,False
85,right_elbow,0.6413641519999996,0.529183591142857,0.9250879,False
85,right_foot_index,0.39948671828571414,0.748675064285714,0.95920694,False
85,right_heel,0.3091905794285713,0.7238535605714282,0.912308,False
85,right_hip,0.5467269137142854,0.5618493462857139,0.99964607,False
85,right_knee,0.5339595551428569,0.6507553331428568,0.9809591,False
85,right_shoulder,0.7082389228571425,0.4598871719999998,0.99993485,False
85,right_wrist,0.6580129745714282,0.5469768059999998,0.6367491,False
86,left_ankle,0.6010076228571425,0.6798400488571424,0.76851046,False
86,left_elbow,0.5697090477142854,0.4698287859999998,0.09465029,False
86,left_foot_index,0.6602916565714282,0.6942266568571425,0.8189411,False
86,left_heel,0.5790389082857139,0.6992922959999996,0.7516988,False
86,left_hip,0.5014483085714283,0.5386693485714283,0.99915123,False
86,left_knee,0.641844380285714,0.5790338365714283,0.5110503,False
86,left_shoulder,0.6214224771428568,0.4116962045714284,0.99962467,False
86,left_wrist,0.5809751028571425,0.5085371748571426,0.05860996,False
86,nose,0.7721039602857138,0.4051847628571426,0.999729,False
86,right_ankle,0.35951150542857124,0.7174897111428569,0.9766736,False
86,right_elbow,0.6411272928571425,0.5295758854285713,0.92800504,False
86,right_foot_index,0.39690075542857123,0.7494426942857139,0.962408,False
86,right_heel,0.3089866219999999,0.7218333345714283,0.9187958,False
86,right_hip,0.548557730285714,0.5611330305714284,0.999678,False
86,right_knee,0.5338138979999998,0.6498785917142854,0.9822825,False
86,right_shoulder,0.7096588771428567,0.4597381851428569,0.9999406,False
86,right_wrist,0.6588161602857139,0.5476826659999997,0.643656,False
87,left_ankle,0.6091287171428568,0.6754111319999996,0.78490335,False
87,left_elbow,0.5710378548571425,0.4713145868571426,0.09774595,False
87,left_foot_index,0.6693203008571424,0.6929622979999996,0.83082515,False
87,left_heel,0.5874936025714284,0.6932274939999996,0.76785487,False
87,left_hip,0.5039550108571426,0.5382032314285712,0.99921787,False
87,left_knee,0.6464282877142854,0.5756477048571427,0.531114,False
87,left_shoulder,0.6212414425714283,0.41180655914285696,0.9996527,False
87,left_wrist,0.5806998257142855,0.5106414805714283,0.057759754,False
87,nose,0.7729197497142855,0.4048286374285712,0.99975055,False
87,right_ankle,0.35842515399999975,0.7170506359999996,0.97867256,False
87,right_elbow,0.6419597031428569,0.5296827042857141,0.9296472,False
87,right_foot_index,0.39395448999999977,0.7505779857142854,0.965427,False
87,right_heel,0.308547753142857,0.7197605125714281,0.92491704,False
87,right_hip,0.5502704902857141,0.5606998399999998,0.9997085,False
87,right_knee,0.5320879077142855,0.6500083799999996,0.98356265,False
87,right_shoulder,0.7107392942857139,0.45912929485714266,0.99994594,False
87,right_wrist,0.6610491597142855,0.5480166545714282,0.6433021,False
88,left_ankle,0.6158562457142853,0.6729158317142854,0.79735714,False
88,left_elbow,0.5726086191428568,0.47186487199999977,0.1007989,False
88,left_foot_index,0.6795280788571425,0.6911456148571427,0.8390031,False
88,left_heel,0.5946874534285711,0.6893888111428568,0.77971447,False
88,left_hip,0.5067854771428568,0.537692486285714,0.999279,False
88,left_knee,0.6445465371428569,0.5764079525714283,0.5436165,False
88,left_shoulder,0.6217156697142854,0.41159396085714267,0.99968135,False
88,left_wrist,0.5914297657142854,0.5133908685714283,0.057494745,False
88,nose,0.7732493571428567,0.4046849331428569,0.9997717,False
88,right_ankle,0.3585225285714284,0.7162355602857139,0.9803696,False
88,right_elbow,0.6432276517142854,0.5297012708571426,0.9294607,False
88,right_foot_index,0.39204987999999985,0.7518344199999997,0.9678763,False
88,right_heel,0.3091568399999998,0.7174648568571426,0.9298028,False
88,right_hip,0.5529879759999997,0.5601449505714284,0.9997363,False
88,right_knee,0.5302548919999996,0.650155754285714,0.9846117,False
88,right_shoulder,0.7116061728571424,0.4584540891428569,0.99995095,False
88,right_wrist,0.6640571711428568,0.5481723548571426,0.6376573,False
89,left_ankle,0.6220194228571425,0.6723202202857139,0.806319,False
89,left_elbow,0.5737758888571426,0.4725142522857141,0.10268921,False
89,left_foot_index,0.6877649002857139,0.6890566162857139,0.844372,False
89,left_heel,0.601766586285714,0.6890646839999996,0.7882,False
89,left_hip,0.5099575828571425,0.5373181428571426,0.99932975,False
89,left_knee,0.6423425134285711,0.5783767428571426,0.5484773,False
89,left_shoulder,0.6225353788571425,0.41131891114285696,0.9997063,False
89,left_wrist,0.6072139599999997,0.5175945514285711,0.058340568,False
89,nose,0.7736680337142854,0.4040678439999998,0.9997882,False
89,right_ankle,0.3590719979999998,0.7150618474285712,0.98166585,False
89,right_elbow,0.644943100285714,0.5293267128571426,0.9282363,False
89,right_foot_index,0.3909764354285712,0.7531620988571426,0.9695563,False
89,right_heel,0.3103019045714284,0.7152182668571425,0.93320787,False
89,right_hip,0.554944362285714,0.5596689634285711,0.999761,False
89,right_knee,0.5293236219999997,0.6503297885714283,0.98518664,False
89,right_shoulder,0.7121897888571427,0.45762294342857124,0.9999553,False
89,right_wrist,0.6677951034285711,0.5484389905714283,0.6317146,False
90,left_ankle,0.6287579348571426,0.6741781219999996,0.81685644,False
90,left_elbow,0.5704752759999997,0.47303548571428544,0.10536404,False
90,left_foot_index,0.6955787557142854,0.687397791428571,0.85103077,False
90,left_heel,0.6105471925714283,0.6913892168571425,0.79788613,False
90,left_hip,0.5116832491428569,0.5372892399999997,0.9993795,False
90,left_knee,0.6382403354285711,0.5823492928571425,0.5593113,False
90,left_shoulder,0.6222197668571425,0.41134957199999983,0.9997298,False
90,left_wrist,0.6154005371428568,0.521483726285714,0.060620937,False
90,nose,0.7740860539999996,0.40330014828571414,0.9998053,False
90,right_ankle,0.35952396714285695,0.7137673359999996,0.98301005,False
90,right_elbow,0.6459416545714283,0.5277128257142855,0.9261674,False
90,right_foot_index,0.38921481257142837,0.7549231559999996,0.9713423,False
90,right_heel,0.31131160428571414,0.7131854631428568,0.93686426,False
90,right_hip,0.5572399679999998,0.5597582814285712,0.9997835,False
90,right_knee,0.5292505177142854,0.6503498171428568,0.9859381,False
90,right_shoulder,0.712884648285714,0.45687962857142833,0.99995923,False
90,right_wrist,0.6699454699999996,0.5479980897142854,0.62455994,False
91,left_ankle,0.635765606285714,0.675137813428571,0.82532465,False
91,left_elbow,0.5645927514285711,0.473361364285714,0.10988739,False
91,left_foot_index,0.7034589257142854,0.6860221528571425,0.8556726,False
91,left_heel,0.6193475328571425,0.6923602839999996,0.80647266,False
91,left_hip,0.5131555862857141,0.5373825685714283,0.99942565,False
91,left_knee,0.6381811659999996,0.5830854885714283,0.563085,False
91,left_shoulder,0.621107518285714,0.4114794608571426,0.99975145,False
91,left_wrist,0.6138635397142854,0.5224660974285711,0.061055303,False
91,nose,0.7739913828571425,0.4028222868571427,0.99982154,False
91,right_ankle,0.3605482671428569,0.7128878291428568,0.98415595,False
91,right_elbow,0.6473881717142853,0.5260624485714283,0.9242695,False
91,right_foot_index,0.38729779885714266,0.7574235831428568,0.9728178,False
91,right_heel,0.3123139122857141,0.7120400862857139,0.93997043,False
91,right_hip,0.5595024885714284,0.559927314285714,0.9998041,False
91,right_knee,0.5295559734285712,0.6501232291428567,0.98656815,False
91,right_shoulder,0.7135407708571426,0.45600194457142834,0.999963,False
91,right_wrist,0.6710036685714282,0.5469673911428568,0.6136754,False
92,left_ankle,0.6418265662857139,0.6756096534285712,0.83259404,False
92,left_elbow,0.5567566228571426,0.4731778708571426,0.11344066,False
92,left_foot_index,0.7125748499999996,0.6851402028571425,0.8596626,False
92,left_heel,0.6268603739999996,0.6928610802857138,0.8137837,False
92,left_hip,0.514421166285714,0.5372109585714283,0.99946916,False
92,left_knee,0.638689950285714,0.5834165885714282,0.56312686,False
92,left_shoulder,0.6200926191428568,0.4116076814285713,0.99977195,False
92,left_wrist,0.6036105788571425,0.5209662274285711,0.060669146,False
92,nose,0.7739017228571425,0.40260462714285694,0.99983627,False
92,right_ankle,0.36216131028571413,0.7120623557142853,0.9851937,False
92,right_elbow,0.6484878557142855,0.5247544285714283,0.92387325,False
92,right_foot_index,0.38580799314285696,0.7591831388571426,0.97425675,False
92,right_heel,0.31339167399999984,0.7111978277142854,0.94264674,False
92,right_hip,0.5624490828571425,0.5599230919999998,0.99982285,False
92,right_knee,0.5299015037142855,0.6498265719999996,0.9871271,False
92,right_shoulder,0.7141327051428569,0.4554168348571426,0.99996644,False
92,right_wrist,0.6713694954285712,0.5459973297142855,0.60580266,False
93,left_ankle,0.6466324605714282,0.6757344408571425,0.83973193,False
93,left_elbow,0.5508552928571426,0.4727152554285712,0.11680255,False
93,left_foot_index,0.7212077325714283,0.6845086894285711,0.8635004,False
93,left_heel,0.6331469899999997,0.6930518771428569,0.8213384,False
93,left_hip,0.5160123879999997,0.537019254285714,0.9995046,False
93,left_knee,0.6397090811428569,0.5838213865714282,0.56722456,False
93,left_shoulder,0.6196948579999997,0.4117069871428569,0.99978846,False
93,left_wrist,0.5921068217142854,0.5198127659999998,0.059754476,False
93,nose,0.7740222868571425,0.4022746759999999,0.9998485,False
93,right_ankle,0.3649401722857141,0.7112373308571426,0.98606044,False
93,right_elbow,0.6493233485714283,0.5230240114285711,0.9220582,False
93,right_foot_index,0.3855838942857141,0.7594375117142854,0.97537315,False
93,right_heel,0.316192151142857,0.710331906285714,0.9449772,False
93,right_hip,0.5644633891428568,0.5598186485714283,0.99983937,False
93,right_knee,0.5305899579999998,0.6495458405714283,0.9875168,False
93,right_shoulder,0.714518639428571,0.4548270631428569,0.9999695,False
93,right_wrist,0.6711883917142853,0.5447103305714283,0.59628946,False
94,left_ankle,0.6509022114285712,0.675901102285714,0.8466746,False
94,left_elbow,0.5472516708571425,0.4722691317142854,0.1239684,False
94,left_foot_index,0.7294485431428568,0.683972305428571,0.8677471,False
94,left_heel,0.6385991677142855,0.6931727199999996,0.8284565,False
94,left_hip,0.5174905908571426,0.5369103159999997,0.99954236,False
94,left_knee,0.6412388348571425,0.5840618031428568,0.5695271,False
94,left_shoulder,0.6192388231428568,0.41178596342857127,0.9998049,False
94,left_wrist,0.5839774165714283,0.5189792145714284,0.059961215,False
94,nose,0.7740728368571425,0.40180084942857125,0.9998605,False
94,right_ankle,0.36880489514285697,0.7101786097142854,0.98696566,False
94,right_elbow,0.6503595628571426,0.5213073199999997,0.92230976,False
94,right_foot_index,0.3856703531428569,0.7588354571428568,0.97665864,False
94,right_heel,0.321108275142857,0.7092117471428568,0.9475459,False
94,right_hip,0.5661037491428568,0.5597556485714282,0.9998546,False
94,right_knee,0.5312967219999998,0.6492542314285712,0.988043,False
94,right_shoulder,0.715004975428571,0.45397545885714263,0.9999723,False
94,right_wrist,0.6712831685714282,0.5434855505714283,0.5886855,False
95,left_ankle,0.6558216508571425,0.6763479471428568,0.8517234,False
95,left_elbow,0.5468849937142855,0.4721507377142855,0.12693015,False
95,left_foot_index,0.7350148999999997,0.6835356005714281,0.87033963,False
95,left_heel,0.6433486619999997,0.6934772885714282,0.8340488,False
95,left_hip,0.519241427428571,0.536997447428571,0.9995729,False
95,left_knee,0.6425559885714283,0.5844577439999997,0.56947905,False
95,left_shoulder,0.6190860002857139,0.4118302705714284,0.9998185,False
95,left_wrist,0.5845418294285711,0.5186436488571426,0.0600679,False
95,nose,0.7745436517142854,0.4013467868571427,0.9998708,False
95,right_ankle,0.3740552045714284,0.7087250811428567,0.9876818,False
95,right_elbow,0.6529672199999996,0.5210408851428568,0.9225766,False
95,right_foot_index,0.3857968848571427,0.7585123805714282,0.9775546,False
95,right_heel,0.32735011399999986,0.7077688537142854,0.9493868,False
95,right_hip,0.5683571891428568,0.5598576765714283,0.99986804,False
95,right_knee,0.5330533677142855,0.6487321971428568,0.9883059,False
95,right_shoulder,0.7155751088571425,0.4532559168571426,0.9999747,False
95,right_wrist,0.6730586662857139,0.5429697251428568,0.5850394,False
96,left_ankle,0.6599678971428568,0.6755662794285711,0.855728,False
96,left_elbow,0.5479070399999998,0.4722318414285712,0.13202691,False
96,left_foot_index,0.7388703885714282,0.6826325528571425,0.8718925,False
96,left_heel,0.6478857345714282,0.6929151571428568,0.8386192,False
96,left_hip,0.5210700217142854,0.5369946668571426,0.999598,False
96,left_knee,0.6434722851428568,0.5847829508571425,0.56860274,False
96,left_shoulder,0.619170000285714,0.4118733208571427,0.99983114,False
96,left_wrist,0.5860816068571426,0.5183998617142855,0.05977127,False
96,nose,0.775241098285714,0.4003761102857141,0.9998793,False
96,right_ankle,0.38077291114285694,0.7071138831428568,0.9881967,False
96,right_elbow,0.6559780377142854,0.5219544737142855,0.9231992,False
96,right_foot_index,0.38597117371428546,0.7583183205714281,0.97823864,False
96,right_heel,0.3342602668571427,0.7063033465714282,0.9504585,False
96,right_hip,0.571063703428571,0.559799042285714,0.99988,False
96,right_knee,0.5365412014285712,0.6475902714285712,0.9884441,False
96,right_shoulder,0.716014223428571,0.4527911742857141,0.999977,False
96,right_wrist,0.6757916325714283,0.5434268922857141,0.582237,False
97,left_ankle,0.6637094599999996,0.6735809894285711,0.86088085,False
97,left_elbow,0.548108514285714,0.47248712599999976,0.13585189,False
97,left_foot_index,0.741402814285714,0.6812968371428567,0.8752034,False
97,left_heel,0.6521550234285711,0.6911209399999997,0.84406054,False
97,left_hip,0.5223086874285712,0.5368786097142855,0.99962455,False
97,left_knee,0.6451383051428569,0.5827165011428569,0.57030946,False
97,left_shoulder,0.6198375317142854,0.41191267914285695,0.99984336,False
97,left_wrist,0.5877743691428567,0.5181955359999998,0.05984547,False
97,nose,0.7760407397142854,0.3992185585714284,0.9998882,False
97,right_ankle,0.38733889142857125,0.7052863645714282,0.9888,False
97,right_elbow,0.6582222105714283,0.5222636742857141,0.92354745,False
97,right_foot_index,0.38642872657142835,0.7582243485714282,0.9791681,False
97,right_heel,0.34210475399999984,0.7049508108571425,0.9519372,False
97,right_hip,0.5733376319999997,0.5595970419999997,0.999891,False
97,right_knee,0.5421277619999998,0.645558878285714,0.98874074,False
97,right_shoulder,0.7164450977142853,0.45241386428571406,0.9999791,False
97,right_wrist,0.6776852668571425,0.5436657425714283,0.58049047,False
98,left_ankle,0.6660326685714283,0.6718315194285711,0.865366,False
98,left_elbow,0.5482413599999998,0.4731927925714283,0.14011875,False
98,left_foot_index,0.7443425131428567,0.6799714248571425,0.8776176,False
98,left_heel,0.6539131779999997,0.689215831428571,0.8484507,False
98,left_hip,0.5232299571428569,0.5362297934285711,0.99964523,False
98,left_knee,0.6462873797142854,0.5800739568571426,0.5710474,False
98,left_shoulder,0.6207998057142853,0.41194389228571404,0.999854,False
98,left_wrist,0.5906428862857138,0.5182757102857141,0.060677636,False
98,nose,0.7764624525714281,0.39812182942857127,0.9998956,False
98,right_ankle,0.39231458685714266,0.7036403408571426,0.9893189,False
98,right_elbow,0.660503200285714,0.5224850059999997,0.92391413,False
98,right_foot_index,0.38844014114285697,0.7582042685714281,0.9799853,False
98,right_heel,0.348313665142857,0.7040183908571426,0.953047,False
98,right_hip,0.5764069899999997,0.558877932285714,0.99990076,False
98,right_knee,0.5482678457142856,0.6435373811428569,0.9890771,False
98,right_shoulder,0.7170519485714282,0.45200107828571406,0.9999809,False
98,right_wrist,0.6801646834285711,0.543483268285714,0.5806418,False
99,left_ankle,0.6687499291428568,0.6716621957142854,0.8685638,False
99,left_elbow,0.5513293551428569,0.4738324714285712,0.1444327,False
99,left_foot_index,0.7463709154285711,0.6798058288571425,0.87902516,False
99,left_heel,0.654904627428571,0.6886610628571426,0.85184515,False
99,left_hip,0.5249560177142856,0.535381100285714,0.9996577,False
99,left_knee,0.6468211811428568,0.5786218885714283,0.5711451,False
99,left_shoulder,0.6230120885714282,0.41197562314285696,0.9998625,False
99,left_wrist,0.5970122128571425,0.5183313191428569,0.061444163,False
99,nose,0.7768275545714283,0.3976038994285712,0.9999018,False
99,right_ankle,0.39491231257142834,0.702498314285714,0.9897463,False
99,right_elbow,0.6631807371428569,0.5227049868571425,0.92459255,False
99,right_foot_index,0.39215613171428554,0.7581924285714282,0.98065895,False
99,right_heel,0.3520730528571427,0.7034197034285711,0.9540266,False
99,right_hip,0.5800996599999997,0.5578707679999997,0.9999089,False
99,right_knee,0.5537691999999999,0.6420060125714282,0.9893056,False
99,right_shoulder,0.7179514908571425,0.4516861445714283,0.9999826,False
99,right_wrist,0.6838360059999996,0.5433287539999998,0.58544886,False
100,left_ankle,0.6722863177142854,0.6720988399999996,0.8736609,False
100,left_elbow,0.5570158045714284,0.4743468962857141,0.1481173,False
100,left_foot_index,0.7492757788571426,0.6799723971428568,0.882884,False
100,left_heel,0.6562029397142853,0.6888346328571424,0.8566374,False
100,left_hip,0.5274569234285712,0.5344700417142855,0.9996742,False
100,left_knee,0.6494275685714282,0.5789351685714282,0.5759876,False
100,left_shoulder,0.6265948719999997,0.4119955382857141,0.999871,False
100,left_wrist,0.6061874914285712,0.5183646334285712,0.063816786,False
100,nose,0.7777366997142854,0.3969708934285712,0.9999084,False
100,right_ankle,0.3979617148571426,0.701516994285714,0.9903229,False
100,right_elbow,0.6655843297142854,0.522991740285714,0.92662835,False
100,right_foot_index,0.3971362314285712,0.7581772502857139,0.98161,False
100,right_heel,0.3553477474285712,0.7025924497142852,0.9554832,False
100,right_hip,0.583228692285714,0.5564341017142853,0.9999169,False
100,right_knee,0.5590216514285712,0.6402143825714282,0.9897381,False
100,right_shoulder,0.7187652479999996,0.4515629725714283,0.9999841,False
100,right_wrist,0.6903525331428568,0.5425907897142854,0.5943891,False
101,left_ankle,0.6764386999999996,0.6723004162857139,0.8789227,False
101,left_elbow,0.5631597831428569,0.4746629337142855,0.154111,False
101,left_foot_index,0.7519147674285711,0.6811292857142854,0.8873224,False
101,left_heel,0.6579374325714282,0.6888976514285712,0.8621486,False
101,left_hip,0.5298341034285712,0.533925252285714,0.99969023,False
101,left_knee,0.6532337885714281,0.5784934108571426,0.5805616,False
101,left_shoulder,0.6298759411428568,0.4120111579999998,0.99987936,False
101,left_wrist,0.6142212485714282,0.5184171874285712,0.06673949,False
101,nose,0.7787738297142853,0.39654480285714266,0.99991524,False
101,right_ankle,0.40215352999999976,0.7000943251428567,0.9908894,False
101,right_elbow,0.6680360114285712,0.5226854617142855,0.9291015,False
101,right_foot_index,0.40279821628571405,0.757869127428571,0.9826145,False
101,right_heel,0.3609175685714284,0.7012021299999998,0.95717895,False
101,right_hip,0.584941968285714,0.5549665165714284,0.9999241,False
101,right_knee,0.564756506285714,0.6382366205714283,0.99017334,False
101,right_shoulder,0.7195173194285711,0.45116594057142834,0.99998546,False
101,right_wrist,0.6964394225714281,0.5414077317142854,0.60475093,False
102,left_ankle,0.6785563171428568,0.6724944277142854,0.8837409,False
102,left_elbow,0.5658246725714282,0.4748138705714284,0.15768844,False
102,left_foot_index,0.7533340045714281,0.6833075222857139,0.8914031,False
102,left_heel,0.658689545428571,0.6889939757142853,0.86657435,False
102,left_hip,0.5315896977142855,0.533431582285714,0.99970204,False
102,left_knee,0.6551949628571425,0.5804884194285711,0.5860366,False
102,left_shoulder,0.6310241245714283,0.41202829171428557,0.99988574,False
102,left_wrist,0.6173007457142854,0.5181510145714283,0.06813405,False
102,nose,0.7799544511428568,0.3964277425714284,0.99992,False
102,right_ankle,0.4082754739999998,0.6982443879999997,0.99138486,False
102,right_elbow,0.670234782285714,0.5210408511428569,0.93113613,False
102,right_foot_index,0.40886604028571405,0.7568139137142854,0.9835259,False
102,right_heel,0.3676682065714284,0.6995069631428568,0.9584547,False
102,right_hip,0.5865730771428568,0.5534973874285711,0.9999303,False
102,right_knee,0.5704417371428568,0.6372287728571425,0.99058294,False
102,right_shoulder,0.7204946222857139,0.4505537748571427,0.99998665,False
102,right_wrist,0.7010079839999996,0.5394927091428569,0.6142592,False
103,left_ankle,0.6792952571428569,0.6726205919999997,0.8868244,False
103,left_elbow,0.5668420034285712,0.47461571228571403,0.16301423,False
103,left_foot_index,0.7535694622857139,0.6851644639999996,0.89446664,False
103,left_heel,0.6593648142857139,0.6892288542857139,0.86975044,False
103,left_hip,0.532739677142857,0.5332355071428568,0.99971414,False
103,left_knee,0.6544379988571425,0.5833572051428568,0.5872568,False
103,left_shoulder,0.6309489137142854,0.4120381345714284,0.99989194,False
103,left_wrist,0.6177847285714283,0.5178028231428569,0.07089703,False
103,nose,0.7806065525714283,0.3965355157142855,0.9999247,False
103,right_ankle,0.41254101257142833,0.696967759428571,0.9917516,False
103,right_elbow,0.6715916448571426,0.5193216685714284,0.93363065,False
103,right_foot_index,0.4125926457142855,0.7557568137142853,0.98423314,False
103,right_heel,0.37236874342857124,0.6983312377142854,0.9594225,False
103,right_hip,0.5876874674285711,0.5527394077142855,0.99993587,False
103,right_knee,0.573719946285714,0.6372329428571426,0.9908524,False
103,right_shoulder,0.7212747142857139,0.4500170462857141,0.9999877,False
103,right_wrist,0.7020785254285711,0.5383218868571426,0.6285936,False
