run_id,frame_id,timestamp,joint,x_norm,y_norm,z_norm,x_px,y_px,confidence
f1ae9d18-a8ba-4f9a-9931-8905448347fd,0,0.0,nose,0.5,0.5,0.0,540.0,960.0,0.5
f1ae9d18-a8ba-4f9a-9931-8905448347fd,0,0.0,left_shoulder,0.5,0.5,0.0,540.0,960.0,0.5
f1ae9d18-a8ba-4f9a-9931-8905448347fd,0,0.0,right_shoulder,0.5,0.5,0.0,540.0,960.0,0.5
f1ae9d18-a8ba-4f9a-9931-8905448347fd,0,0.0,left_elbow,0.5,0.5,0.0,540.0,960.0,0.5
f1ae9d18-a8ba-4f9a-9931-8905448347fd,0,0.0,right_elbow,0.5,0.5,0.0,540.0,960.0,0.5
f1ae9d18-a8ba-4f9a-9931-8905448347fd,0,0.0,left_wrist,0.5,0.5,0.0,540.0,960.0,0.5
f1ae9d18-a8ba-4f9a-9931-8905448347fd,0,0.0,right_wrist,0.5,0.5,0.0,540.0,960.0,0.5
f1ae9d18-a8ba-4f9a-9931-8905448347fd,0,0.0,left_hip,0.5,0.5,0.0,540.0,960.0,0.5
f1ae9d18-a8ba-4f9a-9931-8905448347fd,0,0.0,right_hip,0.5,0.5,0.0,540.0,960.0,0.5
f1ae9d18-a8ba-4f9a-9931-8905448347fd,0,0.0,left_knee,0.5,0.5,0.0,540.0,960.0,0.5
f1ae9d18-a8ba-4f9a-9931-8905448347fd,0,0.0,right_knee,0.5,0.5,0.0,540.0,960.0,0.5
f1ae9d18-a8ba-4f9a-9931-8905448347fd,0,0.0,left_ankle,0.5,0.5,0.0,540.0,960.0,0.5
f1ae9d18-a8ba-4f9a-9931-8905448347fd,0,0.0,right_ankle,0.5,0.5,0.0,540.0,960.0,0.5
f1ae9d18-a8ba-4f9a-9931-8905448347fd,0,0.0,left_heel,0.5,0.5,0.0,540.0,960.0,0.5
f1ae9d18-a8ba-4f9a-9931-8905448347fd,0,0.0,right_heel,0.5,0.5,0.0,540.0,960.0,0.5
f1ae9d18-a8ba-4f9a-9931-8905448347fd,0,0.0,left_foot_index,0.5,0.5,0.0,540.0,960.0,0.5
f1ae9d18-a8ba-4f9a-9931-8905448347fd,0,0.0,right_foot_index,0.5,0.5,0.0,540.0,960.0,0.5
f1ae9d18-a8ba-4f9a-9931-8905448347fd,1,0.03333333333333333,nose,0.5,0.5,0.0,540.0,960.0,0.5
f1ae9d18-a8ba-4f9a-9931-8905448347fd,1,0.03333333333333333,left_shoulder,0.5,0.5,0.0,540.0,960.0,0.5
f1ae9d18-a8ba-4f9a-9931-8905448347fd,1,0.03333333333333333,right_shoulder,0.5,0.5,0.0,540.0,960.0,0.5
f1ae9d18-a8ba-4f9a-9931-8905448347fd,1,0.03333333333333333,left_elbow,0.5,0.5,0.0,540.0,960.0,0.5
f1ae9d18-a8ba-4f9a-9931-8905448347fd,1,0.03333333333333333,right_elbow,0.5,0.5,0.0,540.0,960.0,0.5
f1ae9d18-a8ba-4f9a-9931-8905448347fd,1,0.03333333333333333,left_wrist,0.5,0.5,0.0,540.0,960.0,0.5
f1ae9d18-a8ba-4f9a-9931-8905448347fd,1,0.03333333333333333,right_wrist,0.5,0.5,0.0,540.0,960.0,0.5
f1ae9d18-a8ba-4f9a-9931-8905448347fd,1,0.03333333333333333,left_hip,0.5,0.5,0.0,540.0,960.0,0.5
f1ae9d18-a8ba-4f9a-9931-8905448347fd,1,0.03333333333333333,right_hip,0.5,0.5,0.0,540.0,960.0,0.5
f1ae9d18-a8ba-4f9a-9931-8905448347fd,1,0.03333333333333333,left_knee,0.5,0.5,0.0,540.0,960.0,0.5
f1ae9d18-a8ba-4f9a-9931-8905448347fd,1,0.03333333333333333,right_knee,0.5,0.5,0.0,540.0,960.0,0.5
f1ae9d18-a8ba-4f9a-9931-8905448347fd,1,0.03333333333333333,left_ankle,0.5,0.5,0.0,540.0,960.0,0.5
f1ae9d18-a8ba-4f9a-9931-8905448347fd,1,0.03333333333333333,right_ankle,0.5,0.5,0.0,540.0,960.0,0.5
f1ae9d18-a8ba-4f9a-9931-8905448347fd,1,0.03333333333333333,left_heel,0.5,0.5,0.0,540.0,960.0,0.5
f1ae9d18-a8ba-4f9a-9931-8905448347fd,1,0.03333333333333333,right_heel,0.5,0.5,0.0,540.0,960.0,0.5
f1ae9d18-a8ba-4f9a-9931-8905448347fd,1,0.03333333333333333,left_foot_index,0.5,0.5,0.0,540.0,960.0,0.5
f1ae9d18-a8ba-4f9a-9931-8905448347fd,1,0.03333333333333333,right_foot_index,0.5,0.5,0.0,540.0,960.0,0.5
f1ae9d18-a8ba-4f9a-9931-8905448347fd,2,0.06666666666666667,nose,0.5,0.5,0.0,540.0,960.0,0.5
f1ae9d18-a8ba-4f9a-9931-8905448347fd,2,0.06666666666666667,left_shoulder,0.5,0.5,0.0,540.0,960.0,0.5
f1ae9d18-a8ba-4f9a-9931-8905448347fd,2,0.06666666666666667,right_shoulder,0.5,0.5,0.0,540.0,960.0,0.5
f1ae9d18-a8ba-4f9a-9931-8905448347fd,2,0.06666666666666667,left_elbow,0.5,0.5,0.0,540.0,960.0,0.5
f1ae9d18-a8ba-4f9a-9931-8905448347fd,2,0.06666666666666667,right_elbow,0.5,0.5,0.0,540.0,960.0,0.5
f1ae9d18-a8ba-4f9a-9931-8905448347fd,2,0.06666666666666667,left_wrist,0.5,0.5,0.0,540.0,960.0,0.5
f1ae9d18-a8ba-4f9a-9931-8905448347fd,2,0.06666666666666667,right_wrist,0.5,0.5,0.0,540.0,960.0,0.5
f1ae9d18-a8ba-4f9a-9931-8905448347fd,2,0.06666666666666667,left_hip,0.5,0.5,0.0,540.0,960.0,0.5
f1ae9d18-a8ba-4f9a-9931-8905448347fd,2,0.06666666666666667,right_hip,0.5,0.5,0.0,540.0,960.0,0.5
f1ae9d18-a8ba-4f9a-9931-8905448347fd,2,0.06666666666666667,left_knee,0.5,0.5,0.0,540.0,960.0,0.5
f1ae9d18-a8ba-4f9a-9931-8905448347fd,2,0.06666666666666667,right_knee,0.5,0.5,0.0,540.0,960.0,0.5
f1ae9d18-a8ba-4f9a-9931-8905448347fd,2,0.06666666666666667,left_ankle,0.5,0.5,0.0,540.0,960.0,0.5
f1ae9d18-a8ba-4f9a-9931-8905448347fd,2,0.06666666666666667,right_ankle,0.5,0.5,0.0,540.0,960.0,0.5
f1ae9d18-a8ba-4f9a-9931-8905448347fd,2,0.06666666666666667,left_heel,0.5,0.5,0.0,540.0,960.0,0.5
f1ae9d18-a8ba-4f9a-9931-8905448347fd,2,0.06666666666666667,right_heel,0.5,0.5,0.0,540.0,960.0,0.5
f1ae9d18-a8ba-4f9a-9931-8905448347fd,2,0.06666666666666667,left_foot_index,0.5,0.5,0.0,540.0,960.0,0.5
f1ae9d18-a8ba-4f9a-9931-8905448347fd,2,0.06666666666666667,right_foot_index,0.5,0.5,0.0,540.0,960.0,0.5
f1ae9d18-a8ba-4f9a-9931-8905448347fd,3,0.1,nose,0.5,0.5,0.0,540.0,960.0,0.5
f1ae9d18-a8ba-4f9a-9931-8905448347fd,3,0.1,left_shoulder,0.5,0.5,0.0,540.0,960.0,0.5
f1ae9d18-a8ba-4f9a-9931-8905448347fd,3,0.1,right_shoulder,0.5,0.5,0.0,540.0,960.0,0.5
f1ae9d18-a8ba-4f9a-9931-8905448347fd,3,0.1,left_elbow,0.5,0.5,0.0,540.0,960.0,0.5
f1ae9d18-a8ba-4f9a-9931-8905448347fd,3,0.1,right_elbow,0.5,0.5,0.0,540.0,960.0,0.5
f1ae9d18-a8ba-4f9a-9931-8905448347fd,3,0.1,left_wrist,0.5,0.5,0.0,540.0,960.0,0.5
f1ae9d18-a8ba-4f9a-9931-8905448347fd,3,0.1,right_wrist,0.5,0.5,0.0,540.0,960.0,0.5
f1ae9d18-a8ba-4f9a-9931-8905448347fd,3,0.1,left_hip,0.5,0.5,0.0,540.0,960.0,0.5
f1ae9d18-a8ba-4f9a-9931-8905448347fd,3,0.1,right_hip,0.5,0.5,0.0,540.0,960.0,0.5
f1ae9d18-a8ba-4f9a-9931-8905448347fd,3,0.1,left_knee,0.5,0.5,0.0,540.0,960.0,0.5
f1ae9d18-a8ba-4f9a-9931-8905448347fd,3,0.1,right_knee,0.5,0.5,0.0,540.0,960.0,0.5
f1ae9d18-a8ba-4f9a-9931-8905448347fd,3,0.1,left_ankle,0.5,0.5,0.0,540.0,960.0,0.5
f1ae9d18-a8ba-4f9a-9931-8905448347fd,3,0.1,right_ankle,0.5,0.5,0.0,540.0,960.0,0.5
f1ae9d18-a8ba-4f9a-9931-8905448347fd,3,0.1,left_heel,0.5,0.5,0.0,540.0,960.0,0.5
f1ae9d18-a8ba-4f9a-9931-8905448347fd,3,0.1,right_heel,0.5,0.5,0.0,540.0,960.0,0.5
f1ae9d18-a8ba-4f9a-9931-8905448347fd,3,0.1,left_foot_index,0.5,0.5,0.0,540.0,960.0,0.5
f1ae9d18-a8ba-4f9a-9931-8905448347fd,3,0.1,right_foot_index,0.5,0.5,0.0,540.0,960.0,0.5
f1ae9d18-a8ba-4f9a-9931-8905448347fd,4,0.13333333333333333,nose,0.5,0.5,0.0,540.0,960.0,0.5
f1ae9d18-a8ba-4f9a-9931-8905448347fd,4,0.13333333333333333,left_shoulder,0.5,0.5,0.0,540.0,960.0,0.5
f1ae9d18-a8ba-4f9a-9931-8905448347fd,4,0.13333333333333333,right_shoulder,0.5,0.5,0.0,540.0,960.0,0.5
f1ae9d18-a8ba-4f9a-9931-8905448347fd,4,0.13333333333333333,left_elbow,0.5,0.5,0.0,540.0,960.0,0.5
f1ae9d18-a8ba-4f9a-9931-8905448347fd,4,0.13333333333333333,right_elbow,0.5,0.5,0.0,540.0,960.0,0.5
f1ae9d18-a8ba-4f9a-9931-8905448347fd,4,0.13333333333333333,left_wrist,0.5,0.5,0.0,540.0,960.0,0.5
f1ae9d18-a8ba-4f9a-9931-8905448347fd,4,0.13333333333333333,right_wrist,0.5,0.5,0.0,540.0,960.0,0.5
f1ae9d18-a8ba-4f9a-9931-8905448347fd,4,0.13333333333333333,left_hip,0.5,0.5,0.0,540.0,960.0,0.5
f1ae9d18-a8ba-4f9a-9931-8905448347fd,4,0.13333333333333333,right_hip,0.5,0.5,0.0,540.0,960.0,0.5
f1ae9d18-a8ba-4f9a-9931-8905448347fd,4,0.13333333333333333,left_knee,0.5,0.5,0.0,540.0,960.0,0.5
f1ae9d18-a8ba-4f9a-9931-8905448347fd,4,0.13333333333333333,right_knee,0.5,0.5,0.0,540.0,960.0,0.5
f1ae9d18-a8ba-4f9a-9931-8905448347fd,4,0.13333333333333333,left_ankle,0.5,0.5,0.0,540.0,960.0,0.5
f1ae9d18-a8ba-4f9a-9931-8905448347fd,4,0.13333333333333333,right_ankle,0.5,0.5,0.0,540.0,960.0,0.5
f1ae9d18-a8ba-4f9a-9931-8905448347fd,4,0.13333333333333333,left_heel,0.5,0.5,0.0,540.0,960.0,0.5
f1ae9d18-a8ba-4f9a-9931-8905448347fd,4,0.13333333333333333,right_heel,0.5,0.5,0.0,540.0,960.0,0.5
f1ae9d18-a8ba-4f9a-9931-8905448347fd,4,0.13333333333333333,left_foot_index,0.5,0.5,0.0,540.0,960.0,0.5
f1ae9d18-a8ba-4f9a-9931-8905448347fd,4,0.13333333333333333,right_foot_index,0.5,0.5,0.0,540.0,960.0,0.5
f1ae9d18-a8ba-4f9a-9931-8905448347fd,5,0.16666666666666666,nose,0.5,0.5,0.0,540.0,960.0,0.5
f1ae9d18-a8ba-4f9a-9931-8905448347fd,5,0.16666666666666666,left_shoulder,0.5,0.5,0.0,540.0,960.0,0.5
f1ae9d18-a8ba-4f9a-9931-8905448347fd,5,0.16666666666666666,right_shoulder,0.5,0.5,0.0,540.0,960.0,0.5
f1ae9d18-a8ba-4f9a-9931-8905448347fd,5,0.16666666666666666,left_elbow,0.5,0.5,0.0,540.0,960.0,0.5
f1ae9d18-a8ba-4f9a-9931-8905448347fd,5,0.16666666666666666,right_elbow,0.5,0.5,0.0,540.0,960.0,0.5
f1ae9d18-a8ba-4f9a-9931-8905448347fd,5,0.16666666666666666,left_wrist,0.5,0.5,0.0,540.0,960.0,0.5
f1ae9d18-a8ba-4f9a-9931-8905448347fd,5,0.16666666666666666,right_wrist,0.5,0.5,0.0,540.0,960.0,0.5
f1ae9d18-a8ba-4f9a-9931-8905448347fd,5,0.16666666666666666,left_hip,0.5,0.5,0.0,540.0,960.0,0.5
f1ae9d18-a8ba-4f9a-9931-8905448347fd,5,0.16666666666666666,right_hip,0.5,0.5,0.0,540.0,960.0,0.5
f1ae9d18-a8ba-4f9a-9931-8905448347fd,5,0.16666666666666666,left_knee,0.5,0.5,0.0,540.0,960.0,0.5
f1ae9d18-a8ba-4f9a-9931-8905448347fd,5,0.16666666666666666,right_knee,0.5,0.5,0.0,540.0,960.0,0.5
f1ae9d18-a8ba-4f9a-9931-8905448347fd,5,0.16666666666666666,left_ankle,0.5,0.5,0.0,540.0,960.0,0.5
f1ae9d18-a8ba-4f9a-9931-8905448347fd,5,0.16666666666666666,right_ankle,0.5,0.5,0.0,540.0,960.0,0.5
f1ae9d18-a8ba-4f9a-9931-8905448347fd,5,0.16666666666666666,left_heel,0.5,0.5,0.0,540.0,960.0,0.5
f1ae9d18-a8ba-4f9a-9931-8905448347fd,5,0.16666666666666666,right_heel,0.5,0.5,0.0,540.0,960.0,0.5
f1ae9d18-a8ba-4f9a-9931-8905448347fd,5,0.16666666666666666,left_foot_index,0.5,0.5,0.0,540.0,960.0,0.5
f1ae9d18-a8ba-4f9a-9931-8905448347fd,5,0.16666666666666666,right_foot_index,0.5,0.5,0.0,540.0,960.0,0.5
f1ae9d18-a8ba-4f9a-9931-8905448347fd,6,0.2,nose,0.5,0.5,0.0,540.0,960.0,0.5
f1ae9d18-a8ba-4f9a-9931-8905448347fd,6,0.2,left_shoulder,0.5,0.5,0.0,540.0,960.0,0.5
f1ae9d18-a8ba-4f9a-9931-8905448347fd,6,0.2,right_shoulder,0.5,0.5,0.0,540.0,960.0,0.5
f1ae9d18-a8ba-4f9a-9931-8905448347fd,6,0.2,left_elbow,0.5,0.5,0.0,540.0,960.0,0.5
f1ae9d18-a8ba-4f9a-9931-8905448347fd,6,0.2,right_elbow,0.5,0.5,0.0,540.0,960.0,0.5
f1ae9d18-a8ba-4f9a-9931-8905448347fd,6,0.2,left_wrist,0.5,0.5,0.0,540.0,960.0,0.5
f1ae9d18-a8ba-4f9a-9931-8905448347fd,6,0.2,right_wrist,0.5,0.5,0.0,540.0,960.0,0.5
f1ae9d18-a8ba-4f9a-9931-8905448347fd,6,0.2,left_hip,0.5,0.5,0.0,540.0,960.0,0.5
f1ae9d18-a8ba-4f9a-9931-8905448347fd,6,0.2,right_hip,0.5,0.5,0.0,540.0,960.0,0.5
f1ae9d18-a8ba-4f9a-9931-8905448347fd,6,0.2,left_knee,0.5,0.5,0.0,540.0,960.0,0.5
f1ae9d18-a8ba-4f9a-9931-8905448347fd,6,0.2,right_knee,0.5,0.5,0.0,540.0,960.0,0.5
f1ae9d18-a8ba-4f9a-9931-8905448347fd,6,0.2,left_ankle,0.5,0.5,0.0,540.0,960.0,0.5
f1ae9d18-a8ba-4f9a-9931-8905448347fd,6,0.2,right_ankle,0.5,0.5,0.0,540.0,960.0,0.5
f1ae9d18-a8ba-4f9a-9931-8905448347fd,6,0.2,left_heel,0.5,0.5,0.0,540.0,960.0,0.5
f1ae9d18-a8ba-4f9a-9931-8905448347fd,6,0.2,right_heel,0.5,0.5,0.0,540.0,960.0,0.5
f1ae9d18-a8ba-4f9a-9931-8905448347fd,6,0.2,left_foot_index,0.5,0.5,0.0,540.0,960.0,0.5
f1ae9d18-a8ba-4f9a-9931-8905448347fd,6,0.2,right_foot_index,0.5,0.5,0.0,540.0,960.0,0.5
f1ae9d18-a8ba-4f9a-9931-8905448347fd,7,0.23333333333333334,nose,0.5,0.5,0.0,540.0,960.0,0.5
f1ae9d18-a8ba-4f9a-9931-8905448347fd,7,0.23333333333333334,left_shoulder,0.5,0.5,0.0,540.0,960.0,0.5
f1ae9d18-a8ba-4f9a-9931-8905448347fd,7,0.23333333333333334,right_shoulder,0.5,0.5,0.0,540.0,960.0,0.5
f1ae9d18-a8ba-4f9a-9931-8905448347fd,7,0.23333333333333334,left_elbow,0.5,0.5,0.0,540.0,960.0,0.5
f1ae9d18-a8ba-4f9a-9931-8905448347fd,7,0.23333333333333334,right_elbow,0.5,0.5,0.0,540.0,960.0,0.5
f1ae9d18-a8ba-4f9a-9931-8905448347fd,7,0.23333333333333334,left_wrist,0.5,0.5,0.0,540.0,960.0,0.5
f1ae9d18-a8ba-4f9a-9931-8905448347fd,7,0.23333333333333334,right_wrist,0.5,0.5,0.0,540.0,960.0,0.5
f1ae9d18-a8ba-4f9a-9931-8905448347fd,7,0.23333333333333334,left_hip,0.5,0.5,0.0,540.0,960.0,0.5
f1ae9d18-a8ba-4f9a-9931-8905448347fd,7,0.23333333333333334,right_hip,0.5,0.5,0.0,540.0,960.0,0.5
f1ae9d18-a8ba-4f9a-9931-8905448347fd,7,0.23333333333333334,left_knee,0.5,0.5,0.0,540.0,960.0,0.5
f1ae9d18-a8ba-4f9a-9931-8905448347fd,7,0.23333333333333334,right_knee,0.5,0.5,0.0,540.0,960.0,0.5
f1ae9d18-a8ba-4f9a-9931-8905448347fd,7,0.23333333333333334,left_ankle,0.5,0.5,0.0,540.0,960.0,0.5
f1ae9d18-a8ba-4f9a-9931-8905448347fd,7,0.23333333333333334,right_ankle,0.5,0.5,0.0,540.0,960.0,0.5
f1ae9d18-a8ba-4f9a-9931-8905448347fd,7,0.23333333333333334,left_heel,0.5,0.5,0.0,540.0,960.0,0.5
f1ae9d18-a8ba-4f9a-9931-8905448347fd,7,0.23333333333333334,right_heel,0.5,0.5,0.0,540.0,960.0,0.5
f1ae9d18-a8ba-4f9a-9931-8905448347fd,7,0.23333333333333334,left_foot_index,0.5,0.5,0.0,540.0,960.0,0.5
f1ae9d18-a8ba-4f9a-9931-8905448347fd,7,0.23333333333333334,right_foot_index,0.5,0.5,0.0,540.0,960.0,0.5
f1ae9d18-a8ba-4f9a-9931-8905448347fd,8,0.26666666666666666,nose,0.5,0.5,0.0,540.0,960.0,0.5
f1ae9d18-a8ba-4f9a-9931-8905448347fd,8,0.26666666666666666,left_shoulder,0.5,0.5,0.0,540.0,960.0,0.5
f1ae9d18-a8ba-4f9a-9931-8905448347fd,8,0.26666666666666666,right_shoulder,0.5,0.5,0.0,540.0,960.0,0.5
f1ae9d18-a8ba-4f9a-9931-8905448347fd,8,0.26666666666666666,left_elbow,0.5,0.5,0.0,540.0,960.0,0.5
f1ae9d18-a8ba-4f9a-9931-8905448347fd,8,0.26666666666666666,right_elbow,0.5,0.5,0.0,540.0,960.0,0.5
f1ae9d18-a8ba-4f9a-9931-8905448347fd,8,0.26666666666666666,left_wrist,0.5,0.5,0.0,540.0,960.0,0.5
f1ae9d18-a8ba-4f9a-9931-8905448347fd,8,0.26666666666666666,right_wrist,0.5,0.5,0.0,540.0,960.0,0.5
f1ae9d18-a8ba-4f9a-9931-8905448347fd,8,0.26666666666666666,left_hip,0.5,0.5,0.0,540.0,960.0,0.5
f1ae9d18-a8ba-4f9a-9931-8905448347fd,8,0.26666666666666666,right_hip,0.5,0.5,0.0,540.0,960.0,0.5
f1ae9d18-a8ba-4f9a-9931-8905448347fd,8,0.26666666666666666,left_knee,0.5,0.5,0.0,540.0,960.0,0.5
f1ae9d18-a8ba-4f9a-9931-8905448347fd,8,0.26666666666666666,right_knee,0.5,0.5,0.0,540.0,960.0,0.5
f1ae9d18-a8ba-4f9a-9931-8905448347fd,8,0.26666666666666666,left_ankle,0.5,0.5,0.0,540.0,960.0,0.5
f1ae9d18-a8ba-4f9a-9931-8905448347fd,8,0.26666666666666666,right_ankle,0.5,0.5,0.0,540.0,960.0,0.5
f1ae9d18-a8ba-4f9a-9931-8905448347fd,8,0.26666666666666666,left_heel,0.5,0.5,0.0,540.0,960.0,0.5
f1ae9d18-a8ba-4f9a-9931-8905448347fd,8,0.26666666666666666,right_heel,0.5,0.5,0.0,540.0,960.0,0.5
f1ae9d18-a8ba-4f9a-9931-8905448347fd,8,0.26666666666666666,left_foot_index,0.5,0.5,0.0,540.0,960.0,0.5
f1ae9d18-a8ba-4f9a-9931-8905448347fd,8,0.26666666666666666,right_foot_index,0.5,0.5,0.0,540.0,960.0,0.5
f1ae9d18-a8ba-4f9a-9931-8905448347fd,9,0.3,nose,0.5,0.5,0.0,540.0,960.0,0.5
f1ae9d18-a8ba-4f9a-9931-8905448347fd,9,0.3,left_shoulder,0.5,0.5,0.0,540.0,960.0,0.5
f1ae9d18-a8ba-4f9a-9931-8905448347fd,9,0.3,right_shoulder,0.5,0.5,0.0,540.0,960.0,0.5
f1ae9d18-a8ba-4f9a-9931-8905448347fd,9,0.3,left_elbow,0.5,0.5,0.0,540.0,960.0,0.5
f1ae9d18-a8ba-4f9a-9931-8905448347fd,9,0.3,right_elbow,0.5,0.5,0.0,540.0,960.0,0.5
f1ae9d18-a8ba-4f9a-9931-8905448347fd,9,0.3,left_wrist,0.5,0.5,0.0,540.0,960.0,0.5
f1ae9d18-a8ba-4f9a-9931-8905448347fd,9,0.3,right_wrist,0.5,0.5,0.0,540.0,960.0,0.5
f1ae9d18-a8ba-4f9a-9931-8905448347fd,9,0.3,left_hip,0.5,0.5,0.0,540.0,960.0,0.5
f1ae9d18-a8ba-4f9a-9931-8905448347fd,9,0.3,right_hip,0.5,0.5,0.0,540.0,960.0,0.5
f1ae9d18-a8ba-4f9a-9931-8905448347fd,9,0.3,left_knee,0.5,0.5,0.0,540.0,960.0,0.5
f1ae9d18-a8ba-4f9a-9931-8905448347fd,9,0.3,right_knee,0.5,0.5,0.0,540.0,960.0,0.5
f1ae9d18-a8ba-4f9a-9931-8905448347fd,9,0.3,left_ankle,0.5,0.5,0.0,540.0,960.0,0.5
f1ae9d18-a8ba-4f9a-9931-8905448347fd,9,0.3,right_ankle,0.5,0.5,0.0,540.0,960.0,0.5
f1ae9d18-a8ba-4f9a-9931-8905448347fd,9,0.3,left_heel,0.5,0.5,0.0,540.0,960.0,0.5
f1ae9d18-a8ba-4f9a-9931-8905448347fd,9,0.3,right_heel,0.5,0.5,0.0,540.0,960.0,0.5
f1ae9d18-a8ba-4f9a-9931-8905448347fd,9,0.3,left_foot_index,0.5,0.5,0.0,540.0,960.0,0.5
f1ae9d18-a8ba-4f9a-9931-8905448347fd,9,0.3,right_foot_index,0.5,0.5,0.0,540.0,960.0,0.5
f1ae9d18-a8ba-4f9a-9931-8905448347fd,10,0.3333333333333333,nose,0.5,0.5,0.0,540.0,960.0,0.5
f1ae9d18-a8ba-4f9a-9931-8905448347fd,10,0.3333333333333333,left_shoulder,0.5,0.5,0.0,540.0,960.0,0.5
f1ae9d18-a8ba-4f9a-9931-8905448347fd,10,0.3333333333333333,right_shoulder,0.5,0.5,0.0,540.0,960.0,0.5
f1ae9d18-a8ba-4f9a-9931-8905448347fd,10,0.3333333333333333,left_elbow,0.5,0.5,0.0,540.0,960.0,0.5
f1ae9d18-a8ba-4f9a-9931-8905448347fd,10,0.3333333333333333,right_elbow,0.5,0.5,0.0,540.0,960.0,0.5
f1ae9d18-a8ba-4f9a-9931-8905448347fd,10,0.3333333333333333,left_wrist,0.5,0.5,0.0,540.0,960.0,0.5
f1ae9d18-a8ba-4f9a-9931-8905448347fd,10,0.3333333333333333,right_wrist,0.5,0.5,0.0,540.0,960.0,0.5
f1ae9d18-a8ba-4f9a-9931-8905448347fd,10,0.3333333333333333,left_hip,0.5,0.5,0.0,540.0,960.0,0.5
f1ae9d18-a8ba-4f9a-9931-8905448347fd,10,0.3333333333333333,right_hip,0.5,0.5,0.0,540.0,960.0,0.5
f1ae9d18-a8ba-4f9a-9931-8905448347fd,10,0.3333333333333333,left_knee,0.5,0.5,0.0,540.0,960.0,0.5
f1ae9d18-a8ba-4f9a-9931-8905448347fd,10,0.3333333333333333,right_knee,0.5,0.5,0.0,540.0,960.0,0.5
f1ae9d18-a8ba-4f9a-9931-8905448347fd,10,0.3333333333333333,left_ankle,0.5,0.5,0.0,540.0,960.0,0.5
f1ae9d18-a8ba-4f9a-9931-8905448347fd,10,0.3333333333333333,right_ankle,0.5,0.5,0.0,540.0,960.0,0.5
f1ae9d18-a8ba-4f9a-9931-8905448347fd,10,0.3333333333333333,left_heel,0.5,0.5,0.0,540.0,960.0,0.5
f1ae9d18-a8ba-4f9a-9931-8905448347fd,10,0.3333333333333333,right_heel,0.5,0.5,0.0,540.0,960.0,0.5
f1ae9d18-a8ba-4f9a-9931-8905448347fd,10,0.3333333333333333,left_foot_index,0.5,0.5,0.0,540.0,960.0,0.5
f1ae9d18-a8ba-4f9a-9931-8905448347fd,10,0.3333333333333333,right_foot_index,0.5,0.5,0.0,540.0,960.0,0.5
f1ae9d18-a8ba-4f9a-9931-8905448347fd,11,0.36666666666666664,nose,0.5,0.5,0.0,540.0,960.0,0.5
f1ae9d18-a8ba-4f9a-9931-8905448347fd,11,0.36666666666666664,left_shoulder,0.5,0.5,0.0,540.0,960.0,0.5
f1ae9d18-a8ba-4f9a-9931-8905448347fd,11,0.36666666666666664,right_shoulder,0.5,0.5,0.0,540.0,960.0,0.5
f1ae9d18-a8ba-4f9a-9931-8905448347fd,11,0.36666666666666664,left_elbow,0.5,0.5,0.0,540.0,960.0,0.5
f1ae9d18-a8ba-4f9a-9931-8905448347fd,11,0.36666666666666664,right_elbow,0.5,0.5,0.0,540.0,960.0,0.5
f1ae9d18-a8ba-4f9a-9931-8905448347fd,11,0.36666666666666664,left_wrist,0.5,0.5,0.0,540.0,960.0,0.5
f1ae9d18-a8ba-4f9a-9931-8905448347fd,11,0.36666666666666664,right_wrist,0.5,0.5,0.0,540.0,960.0,0.5
f1ae9d18-a8ba-4f9a-9931-8905448347fd,11,0.36666666666666664,left_hip,0.5,0.5,0.0,540.0,960.0,0.5
f1ae9d18-a8ba-4f9a-9931-8905448347fd,11,0.36666666666666664,right_hip,0.5,0.5,0.0,540.0,960.0,0.5
f1ae9d18-a8ba-4f9a-9931-8905448347fd,11,0.36666666666666664,left_knee,0.5,0.5,0.0,540.0,960.0,0.5
f1ae9d18-a8ba-4f9a-9931-8905448347fd,11,0.36666666666666664,right_knee,0.5,0.5,0.0,540.0,960.0,0.5
f1ae9d18-a8ba-4f9a-9931-8905448347fd,11,0.36666666666666664,left_ankle,0.5,0.5,0.0,540.0,960.0,0.5
f1ae9d18-a8ba-4f9a-9931-8905448347fd,11,0.36666666666666664,right_ankle,0.5,0.5,0.0,540.0,960.0,0.5
f1ae9d18-a8ba-4f9a-9931-8905448347fd,11,0.36666666666666664,left_heel,0.5,0.5,0.0,540.0,960.0,0.5
f1ae9d18-a8ba-4f9a-9931-8905448347fd,11,0.36666666666666664,right_heel,0.5,0.5,0.0,540.0,960.0,0.5
f1ae9d18-a8ba-4f9a-9931-8905448347fd,11,0.36666666666666664,left_foot_index,0.5,0.5,0.0,540.0,960.0,0.5
f1ae9d18-a8ba-4f9a-9931-8905448347fd,11,0.36666666666666664,right_foot_index,0.5,0.5,0.0,540.0,960.0,0.5
f1ae9d18-a8ba-4f9a-9931-8905448347fd,12,0.4,nose,0.5,0.5,0.0,540.0,960.0,0.5
f1ae9d18-a8ba-4f9a-9931-8905448347fd,12,0.4,left_shoulder,0.5,0.5,0.0,540.0,960.0,0.5
f1ae9d18-a8ba-4f9a-9931-8905448347fd,12,0.4,right_shoulder,0.5,0.5,0.0,540.0,960.0,0.5
f1ae9d18-a8ba-4f9a-9931-8905448347fd,12,0.4,left_elbow,0.5,0.5,0.0,540.0,960.0,0.5
f1ae9d18-a8ba-4f9a-9931-8905448347fd,12,0.4,right_elbow,0.5,0.5,0.0,540.0,960.0,0.5
f1ae9d18-a8ba-4f9a-9931-8905448347fd,12,0.4,left_wrist,0.5,0.5,0.0,540.0,960.0,0.5
f1ae9d18-a8ba-4f9a-9931-8905448347fd,12,0.4,right_wrist,0.5,0.5,0.0,540.0,960.0,0.5
f1ae9d18-a8ba-4f9a-9931-8905448347fd,12,0.4,left_hip,0.5,0.5,0.0,540.0,960.0,0.5
f1ae9d18-a8ba-4f9a-9931-8905448347fd,12,0.4,right_hip,0.5,0.5,0.0,540.0,960.0,0.5
f1ae9d18-a8ba-4f9a-9931-8905448347fd,12,0.4,left_knee,0.5,0.5,0.0,540.0,960.0,0.5
f1ae9d18-a8ba-4f9a-9931-8905448347fd,12,0.4,right_knee,0.5,0.5,0.0,540.0,960.0,0.5
f1ae9d18-a8ba-4f9a-9931-8905448347fd,12,0.4,left_ankle,0.5,0.5,0.0,540.0,960.0,0.5
f1ae9d18-a8ba-4f9a-9931-8905448347fd,12,0.4,right_ankle,0.5,0.5,0.0,540.0,960.0,0.5
f1ae9d18-a8ba-4f9a-9931-8905448347fd,12,0.4,left_heel,0.5,0.5,0.0,540.0,960.0,0.5
f1ae9d18-a8ba-4f9a-9931-8905448347fd,12,0.4,right_heel,0.5,0.5,0.0,540.0,960.0,0.5
f1ae9d18-a8ba-4f9a-9931-8905448347fd,12,0.4,left_foot_index,0.5,0.5,0.0,540.0,960.0,0.5
f1ae9d18-a8ba-4f9a-9931-8905448347fd,12,0.4,right_foot_index,0.5,0.5,0.0,540.0,960.0,0.5
f1ae9d18-a8ba-4f9a-9931-8905448347fd,13,0.43333333333333335,nose,0.5,0.5,0.0,540.0,960.0,0.5
f1ae9d18-a8ba-4f9a-9931-8905448347fd,13,0.43333333333333335,left_shoulder,0.5,0.5,0.0,540.0,960.0,0.5
f1ae9d18-a8ba-4f9a-9931-8905448347fd,13,0.43333333333333335,right_shoulder,0.5,0.5,0.0,540.0,960.0,0.5
f1ae9d18-a8ba-4f9a-9931-8905448347fd,13,0.43333333333333335,left_elbow,0.5,0.5,0.0,540.0,960.0,0.5
f1ae9d18-a8ba-4f9a-9931-8905448347fd,13,0.43333333333333335,right_elbow,0.5,0.5,0.0,540.0,960.0,0.5
f1ae9d18-a8ba-4f9a-9931-8905448347fd,13,0.43333333333333335,left_wrist,0.5,0.5,0.0,540.0,960.0,0.5
f1ae9d18-a8ba-4f9a-9931-8905448347fd,13,0.43333333333333335,right_wrist,0.5,0.5,0.0,540.0,960.0,0.5
f1ae9d18-a8ba-4f9a-9931-8905448347fd,13,0.43333333333333335,left_hip,0.5,0.5,0.0,540.0,960.0,0.5
f1ae9d18-a8ba-4f9a-9931-8905448347fd,13,0.43333333333333335,right_hip,0.5,0.5,0.0,540.0,960.0,0.5
f1ae9d18-a8ba-4f9a-9931-8905448347fd,13,0.43333333333333335,left_knee,0.5,0.5,0.0,540.0,960.0,0.5
f1ae9d18-a8ba-4f9a-9931-8905448347fd,13,0.43333333333333335,right_knee,0.5,0.5,0.0,540.0,960.0,0.5
f1ae9d18-a8ba-4f9a-9931-8905448347fd,13,0.43333333333333335,left_ankle,0.5,0.5,0.0,540.0,960.0,0.5
f1ae9d18-a8ba-4f9a-9931-8905448347fd,13,0.43333333333333335,right_ankle,0.5,0.5,0.0,540.0,960.0,0.5
f1ae9d18-a8ba-4f9a-9931-8905448347fd,13,0.43333333333333335,left_heel,0.5,0.5,0.0,540.0,960.0,0.5
f1ae9d18-a8ba-4f9a-9931-8905448347fd,13,0.43333333333333335,right_heel,0.5,0.5,0.0,540.0,960.0,0.5
f1ae9d18-a8ba-4f9a-9931-8905448347fd,13,0.43333333333333335,left_foot_index,0.5,0.5,0.0,540.0,960.0,0.5
f1ae9d18-a8ba-4f9a-9931-8905448347fd,13,0.43333333333333335,right_foot_index,0.5,0.5,0.0,540.0,960.0,0.5
f1ae9d18-a8ba-4f9a-9931-8905448347fd,14,0.4666666666666667,nose,0.5,0.5,0.0,540.0,960.0,0.5
f1ae9d18-a8ba-4f9a-9931-8905448347fd,14,0.4666666666666667,left_shoulder,0.5,0.5,0.0,540.0,960.0,0.5
f1ae9d18-a8ba-4f9a-9931-8905448347fd,14,0.4666666666666667,right_shoulder,0.5,0.5,0.0,540.0,960.0,0.5
f1ae9d18-a8ba-4f9a-9931-8905448347fd,14,0.4666666666666667,left_elbow,0.5,0.5,0.0,540.0,960.0,0.5
f1ae9d18-a8ba-4f9a-9931-8905448347fd,14,0.4666666666666667,right_elbow,0.5,0.5,0.0,540.0,960.0,0.5
f1ae9d18-a8ba-4f9a-9931-8905448347fd,14,0.4666666666666667,left_wrist,0.5,0.5,0.0,540.0,960.0,0.5
f1ae9d18-a8ba-4f9a-9931-8905448347fd,14,0.4666666666666667,right_wrist,0.5,0.5,0.0,540.0,960.0,0.5
f1ae9d18-a8ba-4f9a-9931-8905448347fd,14,0.4666666666666667,left_hip,0.5,0.5,0.0,540.0,960.0,0.5
f1ae9d18-a8ba-4f9a-9931-8905448347fd,14,0.4666666666666667,right_hip,0.5,0.5,0.0,540.0,960.0,0.5
f1ae9d18-a8ba-4f9a-9931-8905448347fd,14,0.4666666666666667,left_knee,0.5,0.5,0.0,540.0,960.0,0.5
f1ae9d18-a8ba-4f9a-9931-8905448347fd,14,0.4666666666666667,right_knee,0.5,0.5,0.0,540.0,960.0,0.5
f1ae9d18-a8ba-4f9a-9931-8905448347fd,14,0.4666666666666667,left_ankle,0.5,0.5,0.0,540.0,960.0,0.5
f1ae9d18-a8ba-4f9a-9931-8905448347fd,14,0.4666666666666667,right_ankle,0.5,0.5,0.0,540.0,960.0,0.5
f1ae9d18-a8ba-4f9a-9931-8905448347fd,14,0.4666666666666667,left_heel,0.5,0.5,0.0,540.0,960.0,0.5
f1ae9d18-a8ba-4f9a-9931-8905448347fd,14,0.4666666666666667,right_heel,0.5,0.5,0.0,540.0,960.0,0.5
f1ae9d18-a8ba-4f9a-9931-8905448347fd,14,0.4666666666666667,left_foot_index,0.5,0.5,0.0,540.0,960.0,0.5
f1ae9d18-a8ba-4f9a-9931-8905448347fd,14,0.4666666666666667,right_foot_index,0.5,0.5,0.0,540.0,960.0,0.5
f1ae9d18-a8ba-4f9a-9931-8905448347fd,15,0.5,nose,0.5,0.5,0.0,540.0,960.0,0.5
f1ae9d18-a8ba-4f9a-9931-8905448347fd,15,0.5,left_shoulder,0.5,0.5,0.0,540.0,960.0,0.5
f1ae9d18-a8ba-4f9a-9931-8905448347fd,15,0.5,right_shoulder,0.5,0.5,0.0,540.0,960.0,0.5
f1ae9d18-a8ba-4f9a-9931-8905448347fd,15,0.5,left_elbow,0.5,0.5,0.0,540.0,960.0,0.5
f1ae9d18-a8ba-4f9a-9931-8905448347fd,15,0.5,right_elbow,0.5,0.5,0.0,540.0,960.0,0.5
f1ae9d18-a8ba-4f9a-9931-8905448347fd,15,0.5,left_wrist,0.5,0.5,0.0,540.0,960.0,0.5
f1ae9d18-a8ba-4f9a-9931-8905448347fd,15,0.5,right_wrist,0.5,0.5,0.0,540.0,960.0,0.5
f1ae9d18-a8ba-4f9a-9931-8905448347fd,15,0.5,left_hip,0.5,0.5,0.0,540.0,960.0,0.5
f1ae9d18-a8ba-4f9a-9931-8905448347fd,15,0.5,right_hip,0.5,0.5,0.0,540.0,960.0,0.5
f1ae9d18-a8ba-4f9a-9931-8905448347fd,15,0.5,left_knee,0.5,0.5,0.0,540.0,960.0,0.5
f1ae9d18-a8ba-4f9a-9931-8905448347fd,15,0.5,right_knee,0.5,0.5,0.0,540.0,960.0,0.5
f1ae9d18-a8ba-4f9a-9931-8905448347fd,15,0.5,left_ankle,0.5,0.5,0.0,540.0,960.0,0.5
f1ae9d18-a8ba-4f9a-9931-8905448347fd,15,0.5,right_ankle,0.5,0.5,0.0,540.0,960.0,0.5
f1ae9d18-a8ba-4f9a-9931-8905448347fd,15,0.5,left_heel,0.5,0.5,0.0,540.0,960.0,0.5
f1ae9d18-a8ba-4f9a-9931-8905448347fd,15,0.5,right_heel,0.5,0.5,0.0,540.0,960.0,0.5
f1ae9d18-a8ba-4f9a-9931-8905448347fd,15,0.5,left_foot_index,0.5,0.5,0.0,540.0,960.0,0.5
f1ae9d18-a8ba-4f9a-9931-8905448347fd,15,0.5,right_foot_index,0.5,0.5,0.0,540.0,960.0,0.5
f1ae9d18-a8ba-4f9a-9931-8905448347fd,16,0.5333333333333333,nose,0.5,0.5,0.0,540.0,960.0,0.5
f1ae9d18-a8ba-4f9a-9931-8905448347fd,16,0.5333333333333333,left_shoulder,0.5,0.5,0.0,540.0,960.0,0.5
f1ae9d18-a8ba-4f9a-9931-8905448347fd,16,0.5333333333333333,right_shoulder,0.5,0.5,0.0,540.0,960.0,0.5
f1ae9d18-a8ba-4f9a-9931-8905448347fd,16,0.5333333333333333,left_elbow,0.5,0.5,0.0,540.0,960.0,0.5
f1ae9d18-a8ba-4f9a-9931-8905448347fd,16,0.5333333333333333,right_elbow,0.5,0.5,0.0,540.0,960.0,0.5
f1ae9d18-a8ba-4f9a-9931-8905448347fd,16,0.5333333333333333,left_wrist,0.5,0.5,0.0,540.0,960.0,0.5
f1ae9d18-a8ba-4f9a-9931-8905448347fd,16,0.5333333333333333,right_wrist,0.5,0.5,0.0,540.0,960.0,0.5
f1ae9d18-a8ba-4f9a-9931-8905448347fd,16,0.5333333333333333,left_hip,0.5,0.5,0.0,540.0,960.0,0.5
f1ae9d18-a8ba-4f9a-9931-8905448347fd,16,0.5333333333333333,right_hip,0.5,0.5,0.0,540.0,960.0,0.5
f1ae9d18-a8ba-4f9a-9931-8905448347fd,16,0.5333333333333333,left_knee,0.5,0.5,0.0,540.0,960.0,0.5
f1ae9d18-a8ba-4f9a-9931-8905448347fd,16,0.5333333333333333,right_knee,0.5,0.5,0.0,540.0,960.0,0.5
f1ae9d18-a8ba-4f9a-9931-8905448347fd,16,0.5333333333333333,left_ankle,0.5,0.5,0.0,540.0,960.0,0.5
f1ae9d18-a8ba-4f9a-9931-8905448347fd,16,0.5333333333333333,right_ankle,0.5,0.5,0.0,540.0,960.0,0.5
f1ae9d18-a8ba-4f9a-9931-8905448347fd,16,0.5333333333333333,left_heel,0.5,0.5,0.0,540.0,960.0,0.5
f1ae9d18-a8ba-4f9a-9931-8905448347fd,16,0.5333333333333333,right_heel,0.5,0.5,0.0,540.0,960.0,0.5
f1ae9d18-a8ba-4f9a-9931-8905448347fd,16,0.5333333333333333,left_foot_index,0.5,0.5,0.0,540.0,960.0,0.5
f1ae9d18-a8ba-4f9a-9931-8905448347fd,16,0.5333333333333333,right_foot_index,0.5,0.5,0.0,540.0,960.0,0.5
f1ae9d18-a8ba-4f9a-9931-8905448347fd,17,0.5666666666666667,nose,0.5,0.5,0.0,540.0,960.0,0.5
f1ae9d18-a8ba-4f9a-9931-8905448347fd,17,0.5666666666666667,left_shoulder,0.5,0.5,0.0,540.0,960.0,0.5
f1ae9d18-a8ba-4f9a-9931-8905448347fd,17,0.5666666666666667,right_shoulder,0.5,0.5,0.0,540.0,960.0,0.5
f1ae9d18-a8ba-4f9a-9931-8905448347fd,17,0.5666666666666667,left_elbow,0.5,0.5,0.0,540.0,960.0,0.5
f1ae9d18-a8ba-4f9a-9931-8905448347fd,17,0.5666666666666667,right_elbow,0.5,0.5,0.0,540.0,960.0,0.5
f1ae9d18-a8ba-4f9a-9931-8905448347fd,17,0.5666666666666667,left_wrist,0.5,0.5,0.0,540.0,960.0,0.5
f1ae9d18-a8ba-4f9a-9931-8905448347fd,17,0.5666666666666667,right_wrist,0.5,0.5,0.0,540.0,960.0,0.5
f1ae9d18-a8ba-4f9a-9931-8905448347fd,17,0.5666666666666667,left_hip,0.5,0.5,0.0,540.0,960.0,0.5
f1ae9d18-a8ba-4f9a-9931-8905448347fd,17,0.5666666666666667,right_hip,0.5,0.5,0.0,540.0,960.0,0.5
f1ae9d18-a8ba-4f9a-9931-8905448347fd,17,0.5666666666666667,left_knee,0.5,0.5,0.0,540.0,960.0,0.5
f1ae9d18-a8ba-4f9a-9931-8905448347fd,17,0.5666666666666667,right_knee,0.5,0.5,0.0,540.0,960.0,0.5
f1ae9d18-a8ba-4f9a-9931-8905448347fd,17,0.5666666666666667,left_ankle,0.5,0.5,0.0,540.0,960.0,0.5
f1ae9d18-a8ba-4f9a-9931-8905448347fd,17,0.5666666666666667,right_ankle,0.5,0.5,0.0,540.0,960.0,0.5
f1ae9d18-a8ba-4f9a-9931-8905448347fd,17,0.5666666666666667,left_heel,0.5,0.5,0.0,540.0,960.0,0.5
f1ae9d18-a8ba-4f9a-9931-8905448347fd,17,0.5666666666666667,right_heel,0.5,0.5,0.0,540.0,960.0,0.5
f1ae9d18-a8ba-4f9a-9931-8905448347fd,17,0.5666666666666667,left_foot_index,0.5,0.5,0.0,540.0,960.0,0.5
f1ae9d18-a8ba-4f9a-9931-8905448347fd,17,0.5666666666666667,right_foot_index,0.5,0.5,0.0,540.0,960.0,0.5
f1ae9d18-a8ba-4f9a-9931-8905448347fd,18,0.6,nose,0.5,0.5,0.0,540.0,960.0,0.5
f1ae9d18-a8ba-4f9a-9931-8905448347fd,18,0.6,left_shoulder,0.5,0.5,0.0,540.0,960.0,0.5
f1ae9d18-a8ba-4f9a-9931-8905448347fd,18,0.6,right_shoulder,0.5,0.5,0.0,540.0,960.0,0.5
f1ae9d18-a8ba-4f9a-9931-8905448347fd,18,0.6,left_elbow,0.5,0.5,0.0,540.0,960.0,0.5
f1ae9d18-a8ba-4f9a-9931-8905448347fd,18,0.6,right_elbow,0.5,0.5,0.0,540.0,960.0,0.5
f1ae9d18-a8ba-4f9a-9931-8905448347fd,18,0.6,left_wrist,0.5,0.5,0.0,540.0,960.0,0.5
f1ae9d18-a8ba-4f9a-9931-8905448347fd,18,0.6,right_wrist,0.5,0.5,0.0,540.0,960.0,0.5
f1ae9d18-a8ba-4f9a-9931-8905448347fd,18,0.6,left_hip,0.5,0.5,0.0,540.0,960.0,0.5
f1ae9d18-a8ba-4f9a-9931-8905448347fd,18,0.6,right_hip,0.5,0.5,0.0,540.0,960.0,0.5
f1ae9d18-a8ba-4f9a-9931-8905448347fd,18,0.6,left_knee,0.5,0.5,0.0,540.0,960.0,0.5
f1ae9d18-a8ba-4f9a-9931-8905448347fd,18,0.6,right_knee,0.5,0.5,0.0,540.0,960.0,0.5
f1ae9d18-a8ba-4f9a-9931-8905448347fd,18,0.6,left_ankle,0.5,0.5,0.0,540.0,960.0,0.5
f1ae9d18-a8ba-4f9a-9931-8905448347fd,18,0.6,right_ankle,0.5,0.5,0.0,540.0,960.0,0.5
f1ae9d18-a8ba-4f9a-9931-8905448347fd,18,0.6,left_heel,0.5,0.5,0.0,540.0,960.0,0.5
f1ae9d18-a8ba-4f9a-9931-8905448347fd,18,0.6,right_heel,0.5,0.5,0.0,540.0,960.0,0.5
f1ae9d18-a8ba-4f9a-9931-8905448347fd,18,0.6,left_foot_index,0.5,0.5,0.0,540.0,960.0,0.5
f1ae9d18-a8ba-4f9a-9931-8905448347fd,18,0.6,right_foot_index,0.5,0.5,0.0,540.0,960.0,0.5
f1ae9d18-a8ba-4f9a-9931-8905448347fd,19,0.6333333333333333,nose,0.5,0.5,0.0,540.0,960.0,0.5
f1ae9d18-a8ba-4f9a-9931-8905448347fd,19,0.6333333333333333,left_shoulder,0.5,0.5,0.0,540.0,960.0,0.5
f1ae9d18-a8ba-4f9a-9931-8905448347fd,19,0.6333333333333333,right_shoulder,0.5,0.5,0.0,540.0,960.0,0.5
f1ae9d18-a8ba-4f9a-9931-8905448347fd,19,0.6333333333333333,left_elbow,0.5,0.5,0.0,540.0,960.0,0.5
f1ae9d18-a8ba-4f9a-9931-8905448347fd,19,0.6333333333333333,right_elbow,0.5,0.5,0.0,540.0,960.0,0.5
f1ae9d18-a8ba-4f9a-9931-8905448347fd,19,0.6333333333333333,left_wrist,0.5,0.5,0.0,540.0,960.0,0.5
f1ae9d18-a8ba-4f9a-9931-8905448347fd,19,0.6333333333333333,right_wrist,0.5,0.5,0.0,540.0,960.0,0.5
f1ae9d18-a8ba-4f9a-9931-8905448347fd,19,0.6333333333333333,left_hip,0.5,0.5,0.0,540.0,960.0,0.5
f1ae9d18-a8ba-4f9a-9931-8905448347fd,19,0.6333333333333333,right_hip,0.5,0.5,0.0,540.0,960.0,0.5
f1ae9d18-a8ba-4f9a-9931-8905448347fd,19,0.6333333333333333,left_knee,0.5,0.5,0.0,540.0,960.0,0.5
f1ae9d18-a8ba-4f9a-9931-8905448347fd,19,0.6333333333333333,right_knee,0.5,0.5,0.0,540.0,960.0,0.5
f1ae9d18-a8ba-4f9a-9931-8905448347fd,19,0.6333333333333333,left_ankle,0.5,0.5,0.0,540.0,960.0,0.5
f1ae9d18-a8ba-4f9a-9931-8905448347fd,19,0.6333333333333333,right_ankle,0.5,0.5,0.0,540.0,960.0,0.5
f1ae9d18-a8ba-4f9a-9931-8905448347fd,19,0.6333333333333333,left_heel,0.5,0.5,0.0,540.0,960.0,0.5
f1ae9d18-a8ba-4f9a-9931-8905448347fd,19,0.6333333333333333,right_heel,0.5,0.5,0.0,540.0,960.0,0.5
f1ae9d18-a8ba-4f9a-9931-8905448347fd,19,0.6333333333333333,left_foot_index,0.5,0.5,0.0,540.0,960.0,0.5
f1ae9d18-a8ba-4f9a-9931-8905448347fd,19,0.6333333333333333,right_foot_index,0.5,0.5,0.0,540.0,960.0,0.5
f1ae9d18-a8ba-4f9a-9931-8905448347fd,20,0.6666666666666666,nose,0.5,0.5,0.0,540.0,960.0,0.5
f1ae9d18-a8ba-4f9a-9931-8905448347fd,20,0.6666666666666666,left_shoulder,0.5,0.5,0.0,540.0,960.0,0.5
f1ae9d18-a8ba-4f9a-9931-8905448347fd,20,0.6666666666666666,right_shoulder,0.5,0.5,0.0,540.0,960.0,0.5
f1ae9d18-a8ba-4f9a-9931-8905448347fd,20,0.6666666666666666,left_elbow,0.5,0.5,0.0,540.0,960.0,0.5
f1ae9d18-a8ba-4f9a-9931-8905448347fd,20,0.6666666666666666,right_elbow,0.5,0.5,0.0,540.0,960.0,0.5
f1ae9d18-a8ba-4f9a-9931-8905448347fd,20,0.6666666666666666,left_wrist,0.5,0.5,0.0,540.0,960.0,0.5
f1ae9d18-a8ba-4f9a-9931-8905448347fd,20,0.6666666666666666,right_wrist,0.5,0.5,0.0,540.0,960.0,0.5
f1ae9d18-a8ba-4f9a-9931-8905448347fd,20,0.6666666666666666,left_hip,0.5,0.5,0.0,540.0,960.0,0.5
f1ae9d18-a8ba-4f9a-9931-8905448347fd,20,0.6666666666666666,right_hip,0.5,0.5,0.0,540.0,960.0,0.5
f1ae9d18-a8ba-4f9a-9931-8905448347fd,20,0.6666666666666666,left_knee,0.5,0.5,0.0,540.0,960.0,0.5
f1ae9d18-a8ba-4f9a-9931-8905448347fd,20,0.6666666666666666,right_knee,0.5,0.5,0.0,540.0,960.0,0.5
f1ae9d18-a8ba-4f9a-9931-8905448347fd,20,0.6666666666666666,left_ankle,0.5,0.5,0.0,540.0,960.0,0.5
f1ae9d18-a8ba-4f9a-9931-8905448347fd,20,0.6666666666666666,right_ankle,0.5,0.5,0.0,540.0,960.0,0.5
f1ae9d18-a8ba-4f9a-9931-8905448347fd,20,0.6666666666666666,left_heel,0.5,0.5,0.0,540.0,960.0,0.5
f1ae9d18-a8ba-4f9a-9931-8905448347fd,20,0.6666666666666666,right_heel,0.5,0.5,0.0,540.0,960.0,0.5
f1ae9d18-a8ba-4f9a-9931-8905448347fd,20,0.6666666666666666,left_foot_index,0.5,0.5,0.0,540.0,960.0,0.5
f1ae9d18-a8ba-4f9a-9931-8905448347fd,20,0.6666666666666666,right_foot_index,0.5,0.5,0.0,540.0,960.0,0.5
f1ae9d18-a8ba-4f9a-9931-8905448347fd,21,0.7,nose,0.5,0.5,0.0,540.0,960.0,0.5
f1ae9d18-a8ba-4f9a-9931-8905448347fd,21,0.7,left_shoulder,0.5,0.5,0.0,540.0,960.0,0.5
f1ae9d18-a8ba-4f9a-9931-8905448347fd,21,0.7,right_shoulder,0.5,0.5,0.0,540.0,960.0,0.5
f1ae9d18-a8ba-4f9a-9931-8905448347fd,21,0.7,left_elbow,0.5,0.5,0.0,540.0,960.0,0.5
f1ae9d18-a8ba-4f9a-9931-8905448347fd,21,0.7,right_elbow,0.5,0.5,0.0,540.0,960.0,0.5
f1ae9d18-a8ba-4f9a-9931-8905448347fd,21,0.7,left_wrist,0.5,0.5,0.0,540.0,960.0,0.5
f1ae9d18-a8ba-4f9a-9931-8905448347fd,21,0.7,right_wrist,0.5,0.5,0.0,540.0,960.0,0.5
f1ae9d18-a8ba-4f9a-9931-8905448347fd,21,0.7,left_hip,0.5,0.5,0.0,540.0,960.0,0.5
f1ae9d18-a8ba-4f9a-9931-8905448347fd,21,0.7,right_hip,0.5,0.5,0.0,540.0,960.0,0.5
f1ae9d18-a8ba-4f9a-9931-8905448347fd,21,0.7,left_knee,0.5,0.5,0.0,540.0,960.0,0.5
f1ae9d18-a8ba-4f9a-9931-8905448347fd,21,0.7,right_knee,0.5,0.5,0.0,540.0,960.0,0.5
f1ae9d18-a8ba-4f9a-9931-8905448347fd,21,0.7,left_ankle,0.5,0.5,0.0,540.0,960.0,0.5
f1ae9d18-a8ba-4f9a-9931-8905448347fd,21,0.7,right_ankle,0.5,0.5,0.0,540.0,960.0,0.5
f1ae9d18-a8ba-4f9a-9931-8905448347fd,21,0.7,left_heel,0.5,0.5,0.0,540.0,960.0,0.5
f1ae9d18-a8ba-4f9a-9931-8905448347fd,21,0.7,right_heel,0.5,0.5,0.0,540.0,960.0,0.5
f1ae9d18-a8ba-4f9a-9931-8905448347fd,21,0.7,left_foot_index,0.5,0.5,0.0,540.0,960.0,0.5
f1ae9d18-a8ba-4f9a-9931-8905448347fd,21,0.7,right_foot_index,0.5,0.5,0.0,540.0,960.0,0.5
f1ae9d18-a8ba-4f9a-9931-8905448347fd,22,0.7333333333333333,nose,0.5,0.5,0.0,540.0,960.0,0.5
f1ae9d18-a8ba-4f9a-9931-8905448347fd,22,0.7333333333333333,left_shoulder,0.5,0.5,0.0,540.0,960.0,0.5
f1ae9d18-a8ba-4f9a-9931-8905448347fd,22,0.7333333333333333,right_shoulder,0.5,0.5,0.0,540.0,960.0,0.5
f1ae9d18-a8ba-4f9a-9931-8905448347fd,22,0.7333333333333333,left_elbow,0.5,0.5,0.0,540.0,960.0,0.5
f1ae9d18-a8ba-4f9a-9931-8905448347fd,22,0.7333333333333333,right_elbow,0.5,0.5,0.0,540.0,960.0,0.5
f1ae9d18-a8ba-4f9a-9931-8905448347fd,22,0.7333333333333333,left_wrist,0.5,0.5,0.0,540.0,960.0,0.5
f1ae9d18-a8ba-4f9a-9931-8905448347fd,22,0.7333333333333333,right_wrist,0.5,0.5,0.0,540.0,960.0,0.5
f1ae9d18-a8ba-4f9a-9931-8905448347fd,22,0.7333333333333333,left_hip,0.5,0.5,0.0,540.0,960.0,0.5
f1ae9d18-a8ba-4f9a-9931-8905448347fd,22,0.7333333333333333,right_hip,0.5,0.5,0.0,540.0,960.0,0.5
f1ae9d18-a8ba-4f9a-9931-8905448347fd,22,0.7333333333333333,left_knee,0.5,0.5,0.0,540.0,960.0,0.5
f1ae9d18-a8ba-4f9a-9931-8905448347fd,22,0.7333333333333333,right_knee,0.5,0.5,0.0,540.0,960.0,0.5
f1ae9d18-a8ba-4f9a-9931-8905448347fd,22,0.7333333333333333,left_ankle,0.5,0.5,0.0,540.0,960.0,0.5
f1ae9d18-a8ba-4f9a-9931-8905448347fd,22,0.7333333333333333,right_ankle,0.5,0.5,0.0,540.0,960.0,0.5
f1ae9d18-a8ba-4f9a-9931-8905448347fd,22,0.7333333333333333,left_heel,0.5,0.5,0.0,540.0,960.0,0.5
f1ae9d18-a8ba-4f9a-9931-8905448347fd,22,0.7333333333333333,right_heel,0.5,0.5,0.0,540.0,960.0,0.5
f1ae9d18-a8ba-4f9a-9931-8905448347fd,22,0.7333333333333333,left_foot_index,0.5,0.5,0.0,540.0,960.0,0.5
f1ae9d18-a8ba-4f9a-9931-8905448347fd,22,0.7333333333333333,right_foot_index,0.5,0.5,0.0,540.0,960.0,0.5
f1ae9d18-a8ba-4f9a-9931-8905448347fd,23,0.7666666666666667,nose,0.5,0.5,0.0,540.0,960.0,0.5
f1ae9d18-a8ba-4f9a-9931-8905448347fd,23,0.7666666666666667,left_shoulder,0.5,0.5,0.0,540.0,960.0,0.5
f1ae9d18-a8ba-4f9a-9931-8905448347fd,23,0.7666666666666667,right_shoulder,0.5,0.5,0.0,540.0,960.0,0.5
f1ae9d18-a8ba-4f9a-9931-8905448347fd,23,0.7666666666666667,left_elbow,0.5,0.5,0.0,540.0,960.0,0.5
f1ae9d18-a8ba-4f9a-9931-8905448347fd,23,0.7666666666666667,right_elbow,0.5,0.5,0.0,540.0,960.0,0.5
f1ae9d18-a8ba-4f9a-9931-8905448347fd,23,0.7666666666666667,left_wrist,0.5,0.5,0.0,540.0,960.0,0.5
f1ae9d18-a8ba-4f9a-9931-8905448347fd,23,0.7666666666666667,right_wrist,0.5,0.5,0.0,540.0,960.0,0.5
f1ae9d18-a8ba-4f9a-9931-8905448347fd,23,0.7666666666666667,left_hip,0.5,0.5,0.0,540.0,960.0,0.5
f1ae9d18-a8ba-4f9a-9931-8905448347fd,23,0.7666666666666667,right_hip,0.5,0.5,0.0,540.0,960.0,0.5
f1ae9d18-a8ba-4f9a-9931-8905448347fd,23,0.7666666666666667,left_knee,0.5,0.5,0.0,540.0,960.0,0.5
f1ae9d18-a8ba-4f9a-9931-8905448347fd,23,0.7666666666666667,right_knee,0.5,0.5,0.0,540.0,960.0,0.5
f1ae9d18-a8ba-4f9a-9931-8905448347fd,23,0.7666666666666667,left_ankle,0.5,0.5,0.0,540.0,960.0,0.5
f1ae9d18-a8ba-4f9a-9931-8905448347fd,23,0.7666666666666667,right_ankle,0.5,0.5,0.0,540.0,960.0,0.5
f1ae9d18-a8ba-4f9a-9931-8905448347fd,23,0.7666666666666667,left_heel,0.5,0.5,0.0,540.0,960.0,0.5
f1ae9d18-a8ba-4f9a-9931-8905448347fd,23,0.7666666666666667,right_heel,0.5,0.5,0.0,540.0,960.0,0.5
f1ae9d18-a8ba-4f9a-9931-8905448347fd,23,0.7666666666666667,left_foot_index,0.5,0.5,0.0,540.0,960.0,0.5
f1ae9d18-a8ba-4f9a-9931-8905448347fd,23,0.7666666666666667,right_foot_index,0.5,0.5,0.0,540.0,960.0,0.5
f1ae9d18-a8ba-4f9a-9931-8905448347fd,24,0.8,nose,0.5,0.5,0.0,540.0,960.0,0.5
f1ae9d18-a8ba-4f9a-9931-8905448347fd,24,0.8,left_shoulder,0.5,0.5,0.0,540.0,960.0,0.5
f1ae9d18-a8ba-4f9a-9931-8905448347fd,24,0.8,right_shoulder,0.5,0.5,0.0,540.0,960.0,0.5
f1ae9d18-a8ba-4f9a-9931-8905448347fd,24,0.8,left_elbow,0.5,0.5,0.0,540.0,960.0,0.5
f1ae9d18-a8ba-4f9a-9931-8905448347fd,24,0.8,right_elbow,0.5,0.5,0.0,540.0,960.0,0.5
f1ae9d18-a8ba-4f9a-9931-8905448347fd,24,0.8,left_wrist,0.5,0.5,0.0,540.0,960.0,0.5
f1ae9d18-a8ba-4f9a-9931-8905448347fd,24,0.8,right_wrist,0.5,0.5,0.0,540.0,960.0,0.5
f1ae9d18-a8ba-4f9a-9931-8905448347fd,24,0.8,left_hip,0.5,0.5,0.0,540.0,960.0,0.5
f1ae9d18-a8ba-4f9a-9931-8905448347fd,24,0.8,right_hip,0.5,0.5,0.0,540.0,960.0,0.5
f1ae9d18-a8ba-4f9a-9931-8905448347fd,24,0.8,left_knee,0.5,0.5,0.0,540.0,960.0,0.5
f1ae9d18-a8ba-4f9a-9931-8905448347fd,24,0.8,right_knee,0.5,0.5,0.0,540.0,960.0,0.5
f1ae9d18-a8ba-4f9a-9931-8905448347fd,24,0.8,left_ankle,0.5,0.5,0.0,540.0,960.0,0.5
f1ae9d18-a8ba-4f9a-9931-8905448347fd,24,0.8,right_ankle,0.5,0.5,0.0,540.0,960.0,0.5
f1ae9d18-a8ba-4f9a-9931-8905448347fd,24,0.8,left_heel,0.5,0.5,0.0,540.0,960.0,0.5
f1ae9d18-a8ba-4f9a-9931-8905448347fd,24,0.8,right_heel,0.5,0.5,0.0,540.0,960.0,0.5
f1ae9d18-a8ba-4f9a-9931-8905448347fd,24,0.8,left_foot_index,0.5,0.5,0.0,540.0,960.0,0.5
f1ae9d18-a8ba-4f9a-9931-8905448347fd,24,0.8,right_foot_index,0.5,0.5,0.0,540.0,960.0,0.5
f1ae9d18-a8ba-4f9a-9931-8905448347fd,25,0.8333333333333334,nose,0.5,0.5,0.0,540.0,960.0,0.5
f1ae9d18-a8ba-4f9a-9931-8905448347fd,25,0.8333333333333334,left_shoulder,0.5,0.5,0.0,540.0,960.0,0.5
f1ae9d18-a8ba-4f9a-9931-8905448347fd,25,0.8333333333333334,right_shoulder,0.5,0.5,0.0,540.0,960.0,0.5
f1ae9d18-a8ba-4f9a-9931-8905448347fd,25,0.8333333333333334,left_elbow,0.5,0.5,0.0,540.0,960.0,0.5
f1ae9d18-a8ba-4f9a-9931-8905448347fd,25,0.8333333333333334,right_elbow,0.5,0.5,0.0,540.0,960.0,0.5
f1ae9d18-a8ba-4f9a-9931-8905448347fd,25,0.8333333333333334,left_wrist,0.5,0.5,0.0,540.0,960.0,0.5
f1ae9d18-a8ba-4f9a-9931-8905448347fd,25,0.8333333333333334,right_wrist,0.5,0.5,0.0,540.0,960.0,0.5
f1ae9d18-a8ba-4f9a-9931-8905448347fd,25,0.8333333333333334,left_hip,0.5,0.5,0.0,540.0,960.0,0.5
f1ae9d18-a8ba-4f9a-9931-8905448347fd,25,0.8333333333333334,right_hip,0.5,0.5,0.0,540.0,960.0,0.5
f1ae9d18-a8ba-4f9a-9931-8905448347fd,25,0.8333333333333334,left_knee,0.5,0.5,0.0,540.0,960.0,0.5
f1ae9d18-a8ba-4f9a-9931-8905448347fd,25,0.8333333333333334,right_knee,0.5,0.5,0.0,540.0,960.0,0.5
f1ae9d18-a8ba-4f9a-9931-8905448347fd,25,0.8333333333333334,left_ankle,0.5,0.5,0.0,540.0,960.0,0.5
f1ae9d18-a8ba-4f9a-9931-8905448347fd,25,0.8333333333333334,right_ankle,0.5,0.5,0.0,540.0,960.0,0.5
f1ae9d18-a8ba-4f9a-9931-8905448347fd,25,0.8333333333333334,left_heel,0.5,0.5,0.0,540.0,960.0,0.5
f1ae9d18-a8ba-4f9a-9931-8905448347fd,25,0.8333333333333334,right_heel,0.5,0.5,0.0,540.0,960.0,0.5
f1ae9d18-a8ba-4f9a-9931-8905448347fd,25,0.8333333333333334,left_foot_index,0.5,0.5,0.0,540.0,960.0,0.5
f1ae9d18-a8ba-4f9a-9931-8905448347fd,25,0.8333333333333334,right_foot_index,0.5,0.5,0.0,540.0,960.0,0.5
f1ae9d18-a8ba-4f9a-9931-8905448347fd,26,0.8666666666666667,nose,0.5,0.5,0.0,540.0,960.0,0.5
f1ae9d18-a8ba-4f9a-9931-8905448347fd,26,0.8666666666666667,left_shoulder,0.5,0.5,0.0,540.0,960.0,0.5
f1ae9d18-a8ba-4f9a-9931-8905448347fd,26,0.8666666666666667,right_shoulder,0.5,0.5,0.0,540.0,960.0,0.5
f1ae9d18-a8ba-4f9a-9931-8905448347fd,26,0.8666666666666667,left_elbow,0.5,0.5,0.0,540.0,960.0,0.5
f1ae9d18-a8ba-4f9a-9931-8905448347fd,26,0.8666666666666667,right_elbow,0.5,0.5,0.0,540.0,960.0,0.5
f1ae9d18-a8ba-4f9a-9931-8905448347fd,26,0.8666666666666667,left_wrist,0.5,0.5,0.0,540.0,960.0,0.5
f1ae9d18-a8ba-4f9a-9931-8905448347fd,26,0.8666666666666667,right_wrist,0.5,0.5,0.0,540.0,960.0,0.5
f1ae9d18-a8ba-4f9a-9931-8905448347fd,26,0.8666666666666667,left_hip,0.5,0.5,0.0,540.0,960.0,0.5
f1ae9d18-a8ba-4f9a-9931-8905448347fd,26,0.8666666666666667,right_hip,0.5,0.5,0.0,540.0,960.0,0.5
f1ae9d18-a8ba-4f9a-9931-8905448347fd,26,0.8666666666666667,left_knee,0.5,0.5,0.0,540.0,960.0,0.5
f1ae9d18-a8ba-4f9a-9931-8905448347fd,26,0.8666666666666667,right_knee,0.5,0.5,0.0,540.0,960.0,0.5
f1ae9d18-a8ba-4f9a-9931-8905448347fd,26,0.8666666666666667,left_ankle,0.5,0.5,0.0,540.0,960.0,0.5
f1ae9d18-a8ba-4f9a-9931-8905448347fd,26,0.8666666666666667,right_ankle,0.5,0.5,0.0,540.0,960.0,0.5
f1ae9d18-a8ba-4f9a-9931-8905448347fd,26,0.8666666666666667,left_heel,0.5,0.5,0.0,540.0,960.0,0.5
f1ae9d18-a8ba-4f9a-9931-8905448347fd,26,0.8666666666666667,right_heel,0.5,0.5,0.0,540.0,960.0,0.5
f1ae9d18-a8ba-4f9a-9931-8905448347fd,26,0.8666666666666667,left_foot_index,0.5,0.5,0.0,540.0,960.0,0.5
f1ae9d18-a8ba-4f9a-9931-8905448347fd,26,0.8666666666666667,right_foot_index,0.5,0.5,0.0,540.0,960.0,0.5
f1ae9d18-a8ba-4f9a-9931-8905448347fd,27,0.9,nose,0.5,0.5,0.0,540.0,960.0,0.5
f1ae9d18-a8ba-4f9a-9931-8905448347fd,27,0.9,left_shoulder,0.5,0.5,0.0,540.0,960.0,0.5
f1ae9d18-a8ba-4f9a-9931-8905448347fd,27,0.9,right_shoulder,0.5,0.5,0.0,540.0,960.0,0.5
f1ae9d18-a8ba-4f9a-9931-8905448347fd,27,0.9,left_elbow,0.5,0.5,0.0,540.0,960.0,0.5
f1ae9d18-a8ba-4f9a-9931-8905448347fd,27,0.9,right_elbow,0.5,0.5,0.0,540.0,960.0,0.5
f1ae9d18-a8ba-4f9a-9931-8905448347fd,27,0.9,left_wrist,0.5,0.5,0.0,540.0,960.0,0.5
f1ae9d18-a8ba-4f9a-9931-8905448347fd,27,0.9,right_wrist,0.5,0.5,0.0,540.0,960.0,0.5
f1ae9d18-a8ba-4f9a-9931-8905448347fd,27,0.9,left_hip,0.5,0.5,0.0,540.0,960.0,0.5
f1ae9d18-a8ba-4f9a-9931-8905448347fd,27,0.9,right_hip,0.5,0.5,0.0,540.0,960.0,0.5
f1ae9d18-a8ba-4f9a-9931-8905448347fd,27,0.9,left_knee,0.5,0.5,0.0,540.0,960.0,0.5
f1ae9d18-a8ba-4f9a-9931-8905448347fd,27,0.9,right_knee,0.5,0.5,0.0,540.0,960.0,0.5
f1ae9d18-a8ba-4f9a-9931-8905448347fd,27,0.9,left_ankle,0.5,0.5,0.0,540.0,960.0,0.5
f1ae9d18-a8ba-4f9a-9931-8905448347fd,27,0.9,right_ankle,0.5,0.5,0.0,540.0,960.0,0.5
f1ae9d18-a8ba-4f9a-9931-8905448347fd,27,0.9,left_heel,0.5,0.5,0.0,540.0,960.0,0.5
f1ae9d18-a8ba-4f9a-9931-8905448347fd,27,0.9,right_heel,0.5,0.5,0.0,540.0,960.0,0.5
f1ae9d18-a8ba-4f9a-9931-8905448347fd,27,0.9,left_foot_index,0.5,0.5,0.0,540.0,960.0,0.5
f1ae9d18-a8ba-4f9a-9931-8905448347fd,27,0.9,right_foot_index,0.5,0.5,0.0,540.0,960.0,0.5
f1ae9d18-a8ba-4f9a-9931-8905448347fd,28,0.9333333333333333,nose,0.5,0.5,0.0,540.0,960.0,0.5
f1ae9d18-a8ba-4f9a-9931-8905448347fd,28,0.9333333333333333,left_shoulder,0.5,0.5,0.0,540.0,960.0,0.5
f1ae9d18-a8ba-4f9a-9931-8905448347fd,28,0.9333333333333333,right_shoulder,0.5,0.5,0.0,540.0,960.0,0.5
f1ae9d18-a8ba-4f9a-9931-8905448347fd,28,0.9333333333333333,left_elbow,0.5,0.5,0.0,540.0,960.0,0.5
f1ae9d18-a8ba-4f9a-9931-8905448347fd,28,0.9333333333333333,right_elbow,0.5,0.5,0.0,540.0,960.0,0.5
f1ae9d18-a8ba-4f9a-9931-8905448347fd,28,0.9333333333333333,left_wrist,0.5,0.5,0.0,540.0,960.0,0.5
f1ae9d18-a8ba-4f9a-9931-8905448347fd,28,0.9333333333333333,right_wrist,0.5,0.5,0.0,540.0,960.0,0.5
f1ae9d18-a8ba-4f9a-9931-8905448347fd,28,0.9333333333333333,left_hip,0.5,0.5,0.0,540.0,960.0,0.5
f1ae9d18-a8ba-4f9a-9931-8905448347fd,28,0.9333333333333333,right_hip,0.5,0.5,0.0,540.0,960.0,0.5
f1ae9d18-a8ba-4f9a-9931-8905448347fd,28,0.9333333333333333,left_knee,0.5,0.5,0.0,540.0,960.0,0.5
f1ae9d18-a8ba-4f9a-9931-8905448347fd,28,0.9333333333333333,right_knee,0.5,0.5,0.0,540.0,960.0,0.5
f1ae9d18-a8ba-4f9a-9931-8905448347fd,28,0.9333333333333333,left_ankle,0.5,0.5,0.0,540.0,960.0,0.5
f1ae9d18-a8ba-4f9a-9931-8905448347fd,28,0.9333333333333333,right_ankle,0.5,0.5,0.0,540.0,960.0,0.5
f1ae9d18-a8ba-4f9a-9931-8905448347fd,28,0.9333333333333333,left_heel,0.5,0.5,0.0,540.0,960.0,0.5
f1ae9d18-a8ba-4f9a-9931-8905448347fd,28,0.9333333333333333,right_heel,0.5,0.5,0.0,540.0,960.0,0.5
f1ae9d18-a8ba-4f9a-9931-8905448347fd,28,0.9333333333333333,left_foot_index,0.5,0.5,0.0,540.0,960.0,0.5
f1ae9d18-a8ba-4f9a-9931-8905448347fd,28,0.9333333333333333,right_foot_index,0.5,0.5,0.0,540.0,960.0,0.5
f1ae9d18-a8ba-4f9a-9931-8905448347fd,29,0.9666666666666667,nose,0.5,0.5,0.0,540.0,960.0,0.5
f1ae9d18-a8ba-4f9a-9931-8905448347fd,29,0.9666666666666667,left_shoulder,0.5,0.5,0.0,540.0,960.0,0.5
f1ae9d18-a8ba-4f9a-9931-8905448347fd,29,0.9666666666666667,right_shoulder,0.5,0.5,0.0,540.0,960.0,0.5
f1ae9d18-a8ba-4f9a-9931-8905448347fd,29,0.9666666666666667,left_elbow,0.5,0.5,0.0,540.0,960.0,0.5
f1ae9d18-a8ba-4f9a-9931-8905448347fd,29,0.9666666666666667,right_elbow,0.5,0.5,0.0,540.0,960.0,0.5
f1ae9d18-a8ba-4f9a-9931-8905448347fd,29,0.9666666666666667,left_wrist,0.5,0.5,0.0,540.0,960.0,0.5
f1ae9d18-a8ba-4f9a-9931-8905448347fd,29,0.9666666666666667,right_wrist,0.5,0.5,0.0,540.0,960.0,0.5
f1ae9d18-a8ba-4f9a-9931-8905448347fd,29,0.9666666666666667,left_hip,0.5,0.5,0.0,540.0,960.0,0.5
f1ae9d18-a8ba-4f9a-9931-8905448347fd,29,0.9666666666666667,right_hip,0.5,0.5,0.0,540.0,960.0,0.5
f1ae9d18-a8ba-4f9a-9931-8905448347fd,29,0.9666666666666667,left_knee,0.5,0.5,0.0,540.0,960.0,0.5
f1ae9d18-a8ba-4f9a-9931-8905448347fd,29,0.9666666666666667,right_knee,0.5,0.5,0.0,540.0,960.0,0.5
f1ae9d18-a8ba-4f9a-9931-8905448347fd,29,0.9666666666666667,left_ankle,0.5,0.5,0.0,540.0,960.0,0.5
f1ae9d18-a8ba-4f9a-9931-8905448347fd,29,0.9666666666666667,right_ankle,0.5,0.5,0.0,540.0,960.0,0.5
f1ae9d18-a8ba-4f9a-9931-8905448347fd,29,0.9666666666666667,left_heel,0.5,0.5,0.0,540.0,960.0,0.5
f1ae9d18-a8ba-4f9a-9931-8905448347fd,29,0.9666666666666667,right_heel,0.5,0.5,0.0,540.0,960.0,0.5
f1ae9d18-a8ba-4f9a-9931-8905448347fd,29,0.9666666666666667,left_foot_index,0.5,0.5,0.0,540.0,960.0,0.5
f1ae9d18-a8ba-4f9a-9931-8905448347fd,29,0.9666666666666667,right_foot_index,0.5,0.5,0.0,540.0,960.0,0.5
f1ae9d18-a8ba-4f9a-9931-8905448347fd,30,1.0,nose,0.5,0.5,0.0,540.0,960.0,0.5
f1ae9d18-a8ba-4f9a-9931-8905448347fd,30,1.0,left_shoulder,0.5,0.5,0.0,540.0,960.0,0.5
f1ae9d18-a8ba-4f9a-9931-8905448347fd,30,1.0,right_shoulder,0.5,0.5,0.0,540.0,960.0,0.5
f1ae9d18-a8ba-4f9a-9931-8905448347fd,30,1.0,left_elbow,0.5,0.5,0.0,540.0,960.0,0.5
f1ae9d18-a8ba-4f9a-9931-8905448347fd,30,1.0,right_elbow,0.5,0.5,0.0,540.0,960.0,0.5
f1ae9d18-a8ba-4f9a-9931-8905448347fd,30,1.0,left_wrist,0.5,0.5,0.0,540.0,960.0,0.5
f1ae9d18-a8ba-4f9a-9931-8905448347fd,30,1.0,right_wrist,0.5,0.5,0.0,540.0,960.0,0.5
f1ae9d18-a8ba-4f9a-9931-8905448347fd,30,1.0,left_hip,0.5,0.5,0.0,540.0,960.0,0.5
f1ae9d18-a8ba-4f9a-9931-8905448347fd,30,1.0,right_hip,0.5,0.5,0.0,540.0,960.0,0.5
f1ae9d18-a8ba-4f9a-9931-8905448347fd,30,1.0,left_knee,0.5,0.5,0.0,540.0,960.0,0.5
f1ae9d18-a8ba-4f9a-9931-8905448347fd,30,1.0,right_knee,0.5,0.5,0.0,540.0,960.0,0.5
f1ae9d18-a8ba-4f9a-9931-8905448347fd,30,1.0,left_ankle,0.5,0.5,0.0,540.0,960.0,0.5
f1ae9d18-a8ba-4f9a-9931-8905448347fd,30,1.0,right_ankle,0.5,0.5,0.0,540.0,960.0,0.5
f1ae9d18-a8ba-4f9a-9931-8905448347fd,30,1.0,left_heel,0.5,0.5,0.0,540.0,960.0,0.5
f1ae9d18-a8ba-4f9a-9931-8905448347fd,30,1.0,right_heel,0.5,0.5,0.0,540.0,960.0,0.5
f1ae9d18-a8ba-4f9a-9931-8905448347fd,30,1.0,left_foot_index,0.5,0.5,0.0,540.0,960.0,0.5
f1ae9d18-a8ba-4f9a-9931-8905448347fd,30,1.0,right_foot_index,0.5,0.5,0.0,540.0,960.0,0.5
f1ae9d18-a8ba-4f9a-9931-8905448347fd,31,1.0333333333333334,nose,0.5,0.5,0.0,540.0,960.0,0.5
f1ae9d18-a8ba-4f9a-9931-8905448347fd,31,1.0333333333333334,left_shoulder,0.5,0.5,0.0,540.0,960.0,0.5
f1ae9d18-a8ba-4f9a-9931-8905448347fd,31,1.0333333333333334,right_shoulder,0.5,0.5,0.0,540.0,960.0,0.5
f1ae9d18-a8ba-4f9a-9931-8905448347fd,31,1.0333333333333334,left_elbow,0.5,0.5,0.0,540.0,960.0,0.5
f1ae9d18-a8ba-4f9a-9931-8905448347fd,31,1.0333333333333334,right_elbow,0.5,0.5,0.0,540.0,960.0,0.5
f1ae9d18-a8ba-4f9a-9931-8905448347fd,31,1.0333333333333334,left_wrist,0.5,0.5,0.0,540.0,960.0,0.5
f1ae9d18-a8ba-4f9a-9931-8905448347fd,31,1.0333333333333334,right_wrist,0.5,0.5,0.0,540.0,960.0,0.5
f1ae9d18-a8ba-4f9a-9931-8905448347fd,31,1.0333333333333334,left_hip,0.5,0.5,0.0,540.0,960.0,0.5
f1ae9d18-a8ba-4f9a-9931-8905448347fd,31,1.0333333333333334,right_hip,0.5,0.5,0.0,540.0,960.0,0.5
f1ae9d18-a8ba-4f9a-9931-8905448347fd,31,1.0333333333333334,left_knee,0.5,0.5,0.0,540.0,960.0,0.5
f1ae9d18-a8ba-4f9a-9931-8905448347fd,31,1.0333333333333334,right_knee,0.5,0.5,0.0,540.0,960.0,0.5
f1ae9d18-a8ba-4f9a-9931-8905448347fd,31,1.0333333333333334,left_ankle,0.5,0.5,0.0,540.0,960.0,0.5
f1ae9d18-a8ba-4f9a-9931-8905448347fd,31,1.0333333333333334,right_ankle,0.5,0.5,0.0,540.0,960.0,0.5
f1ae9d18-a8ba-4f9a-9931-8905448347fd,31,1.0333333333333334,left_heel,0.5,0.5,0.0,540.0,960.0,0.5
f1ae9d18-a8ba-4f9a-9931-8905448347fd,31,1.0333333333333334,right_heel,0.5,0.5,0.0,540.0,960.0,0.5
f1ae9d18-a8ba-4f9a-9931-8905448347fd,31,1.0333333333333334,left_foot_index,0.5,0.5,0.0,540.0,960.0,0.5
f1ae9d18-a8ba-4f9a-9931-8905448347fd,31,1.0333333333333334,right_foot_index,0.5,0.5,0.0,540.0,960.0,0.5
f1ae9d18-a8ba-4f9a-9931-8905448347fd,32,1.0666666666666667,nose,0.5,0.5,0.0,540.0,960.0,0.5
f1ae9d18-a8ba-4f9a-9931-8905448347fd,32,1.0666666666666667,left_shoulder,0.5,0.5,0.0,540.0,960.0,0.5
f1ae9d18-a8ba-4f9a-9931-8905448347fd,32,1.0666666666666667,right_shoulder,0.5,0.5,0.0,540.0,960.0,0.5
f1ae9d18-a8ba-4f9a-9931-8905448347fd,32,1.0666666666666667,left_elbow,0.5,0.5,0.0,540.0,960.0,0.5
f1ae9d18-a8ba-4f9a-9931-8905448347fd,32,1.0666666666666667,right_elbow,0.5,0.5,0.0,540.0,960.0,0.5
f1ae9d18-a8ba-4f9a-9931-8905448347fd,32,1.0666666666666667,left_wrist,0.5,0.5,0.0,540.0,960.0,0.5
f1ae9d18-a8ba-4f9a-9931-8905448347fd,32,1.0666666666666667,right_wrist,0.5,0.5,0.0,540.0,960.0,0.5
f1ae9d18-a8ba-4f9a-9931-8905448347fd,32,1.0666666666666667,left_hip,0.5,0.5,0.0,540.0,960.0,0.5
f1ae9d18-a8ba-4f9a-9931-8905448347fd,32,1.0666666666666667,right_hip,0.5,0.5,0.0,540.0,960.0,0.5
f1ae9d18-a8ba-4f9a-9931-8905448347fd,32,1.0666666666666667,left_knee,0.5,0.5,0.0,540.0,960.0,0.5
f1ae9d18-a8ba-4f9a-9931-8905448347fd,32,1.0666666666666667,right_knee,0.5,0.5,0.0,540.0,960.0,0.5
f1ae9d18-a8ba-4f9a-9931-8905448347fd,32,1.0666666666666667,left_ankle,0.5,0.5,0.0,540.0,960.0,0.5
f1ae9d18-a8ba-4f9a-9931-8905448347fd,32,1.0666666666666667,right_ankle,0.5,0.5,0.0,540.0,960.0,0.5
f1ae9d18-a8ba-4f9a-9931-8905448347fd,32,1.0666666666666667,left_heel,0.5,0.5,0.0,540.0,960.0,0.5
f1ae9d18-a8ba-4f9a-9931-8905448347fd,32,1.0666666666666667,right_heel,0.5,0.5,0.0,540.0,960.0,0.5
f1ae9d18-a8ba-4f9a-9931-8905448347fd,32,1.0666666666666667,left_foot_index,0.5,0.5,0.0,540.0,960.0,0.5
f1ae9d18-a8ba-4f9a-9931-8905448347fd,32,1.0666666666666667,right_foot_index,0.5,0.5,0.0,540.0,960.0,0.5
f1ae9d18-a8ba-4f9a-9931-8905448347fd,33,1.1,nose,0.5,0.5,0.0,540.0,960.0,0.5
f1ae9d18-a8ba-4f9a-9931-8905448347fd,33,1.1,left_shoulder,0.5,0.5,0.0,540.0,960.0,0.5
f1ae9d18-a8ba-4f9a-9931-8905448347fd,33,1.1,right_shoulder,0.5,0.5,0.0,540.0,960.0,0.5
f1ae9d18-a8ba-4f9a-9931-8905448347fd,33,1.1,left_elbow,0.5,0.5,0.0,540.0,960.0,0.5
f1ae9d18-a8ba-4f9a-9931-8905448347fd,33,1.1,right_elbow,0.5,0.5,0.0,540.0,960.0,0.5
f1ae9d18-a8ba-4f9a-9931-8905448347fd,33,1.1,left_wrist,0.5,0.5,0.0,540.0,960.0,0.5
f1ae9d18-a8ba-4f9a-9931-8905448347fd,33,1.1,right_wrist,0.5,0.5,0.0,540.0,960.0,0.5
f1ae9d18-a8ba-4f9a-9931-8905448347fd,33,1.1,left_hip,0.5,0.5,0.0,540.0,960.0,0.5
f1ae9d18-a8ba-4f9a-9931-8905448347fd,33,1.1,right_hip,0.5,0.5,0.0,540.0,960.0,0.5
f1ae9d18-a8ba-4f9a-9931-8905448347fd,33,1.1,left_knee,0.5,0.5,0.0,540.0,960.0,0.5
f1ae9d18-a8ba-4f9a-9931-8905448347fd,33,1.1,right_knee,0.5,0.5,0.0,540.0,960.0,0.5
f1ae9d18-a8ba-4f9a-9931-8905448347fd,33,1.1,left_ankle,0.5,0.5,0.0,540.0,960.0,0.5
f1ae9d18-a8ba-4f9a-9931-8905448347fd,33,1.1,right_ankle,0.5,0.5,0.0,540.0,960.0,0.5
f1ae9d18-a8ba-4f9a-9931-8905448347fd,33,1.1,left_heel,0.5,0.5,0.0,540.0,960.0,0.5
f1ae9d18-a8ba-4f9a-9931-8905448347fd,33,1.1,right_heel,0.5,0.5,0.0,540.0,960.0,0.5
f1ae9d18-a8ba-4f9a-9931-8905448347fd,33,1.1,left_foot_index,0.5,0.5,0.0,540.0,960.0,0.5
f1ae9d18-a8ba-4f9a-9931-8905448347fd,33,1.1,right_foot_index,0.5,0.5,0.0,540.0,960.0,0.5
f1ae9d18-a8ba-4f9a-9931-8905448347fd,34,1.1333333333333333,nose,0.5,0.5,0.0,540.0,960.0,0.5
f1ae9d18-a8ba-4f9a-9931-8905448347fd,34,1.1333333333333333,left_shoulder,0.5,0.5,0.0,540.0,960.0,0.5
f1ae9d18-a8ba-4f9a-9931-8905448347fd,34,1.1333333333333333,right_shoulder,0.5,0.5,0.0,540.0,960.0,0.5
f1ae9d18-a8ba-4f9a-9931-8905448347fd,34,1.1333333333333333,left_elbow,0.5,0.5,0.0,540.0,960.0,0.5
f1ae9d18-a8ba-4f9a-9931-8905448347fd,34,1.1333333333333333,right_elbow,0.5,0.5,0.0,540.0,960.0,0.5
f1ae9d18-a8ba-4f9a-9931-8905448347fd,34,1.1333333333333333,left_wrist,0.5,0.5,0.0,540.0,960.0,0.5
f1ae9d18-a8ba-4f9a-9931-8905448347fd,34,1.1333333333333333,right_wrist,0.5,0.5,0.0,540.0,960.0,0.5
f1ae9d18-a8ba-4f9a-9931-8905448347fd,34,1.1333333333333333,left_hip,0.5,0.5,0.0,540.0,960.0,0.5
f1ae9d18-a8ba-4f9a-9931-8905448347fd,34,1.1333333333333333,right_hip,0.5,0.5,0.0,540.0,960.0,0.5
f1ae9d18-a8ba-4f9a-9931-8905448347fd,34,1.1333333333333333,left_knee,0.5,0.5,0.0,540.0,960.0,0.5
f1ae9d18-a8ba-4f9a-9931-8905448347fd,34,1.1333333333333333,right_knee,0.5,0.5,0.0,540.0,960.0,0.5
f1ae9d18-a8ba-4f9a-9931-8905448347fd,34,1.1333333333333333,left_ankle,0.5,0.5,0.0,540.0,960.0,0.5
f1ae9d18-a8ba-4f9a-9931-8905448347fd,34,1.1333333333333333,right_ankle,0.5,0.5,0.0,540.0,960.0,0.5
f1ae9d18-a8ba-4f9a-9931-8905448347fd,34,1.1333333333333333,left_heel,0.5,0.5,0.0,540.0,960.0,0.5
f1ae9d18-a8ba-4f9a-9931-8905448347fd,34,1.1333333333333333,right_heel,0.5,0.5,0.0,540.0,960.0,0.5
f1ae9d18-a8ba-4f9a-9931-8905448347fd,34,1.1333333333333333,left_foot_index,0.5,0.5,0.0,540.0,960.0,0.5
f1ae9d18-a8ba-4f9a-9931-8905448347fd,34,1.1333333333333333,right_foot_index,0.5,0.5,0.0,540.0,960.0,0.5
f1ae9d18-a8ba-4f9a-9931-8905448347fd,35,1.1666666666666667,nose,0.5,0.5,0.0,540.0,960.0,0.5
f1ae9d18-a8ba-4f9a-9931-8905448347fd,35,1.1666666666666667,left_shoulder,0.5,0.5,0.0,540.0,960.0,0.5
f1ae9d18-a8ba-4f9a-9931-8905448347fd,35,1.1666666666666667,right_shoulder,0.5,0.5,0.0,540.0,960.0,0.5
f1ae9d18-a8ba-4f9a-9931-8905448347fd,35,1.1666666666666667,left_elbow,0.5,0.5,0.0,540.0,960.0,0.5
f1ae9d18-a8ba-4f9a-9931-8905448347fd,35,1.1666666666666667,right_elbow,0.5,0.5,0.0,540.0,960.0,0.5
f1ae9d18-a8ba-4f9a-9931-8905448347fd,35,1.1666666666666667,left_wrist,0.5,0.5,0.0,540.0,960.0,0.5
f1ae9d18-a8ba-4f9a-9931-8905448347fd,35,1.1666666666666667,right_wrist,0.5,0.5,0.0,540.0,960.0,0.5
f1ae9d18-a8ba-4f9a-9931-8905448347fd,35,1.1666666666666667,left_hip,0.5,0.5,0.0,540.0,960.0,0.5
f1ae9d18-a8ba-4f9a-9931-8905448347fd,35,1.1666666666666667,right_hip,0.5,0.5,0.0,540.0,960.0,0.5
f1ae9d18-a8ba-4f9a-9931-8905448347fd,35,1.1666666666666667,left_knee,0.5,0.5,0.0,540.0,960.0,0.5
f1ae9d18-a8ba-4f9a-9931-8905448347fd,35,1.1666666666666667,right_knee,0.5,0.5,0.0,540.0,960.0,0.5
f1ae9d18-a8ba-4f9a-9931-8905448347fd,35,1.1666666666666667,left_ankle,0.5,0.5,0.0,540.0,960.0,0.5
f1ae9d18-a8ba-4f9a-9931-8905448347fd,35,1.1666666666666667,right_ankle,0.5,0.5,0.0,540.0,960.0,0.5
f1ae9d18-a8ba-4f9a-9931-8905448347fd,35,1.1666666666666667,left_heel,0.5,0.5,0.0,540.0,960.0,0.5
f1ae9d18-a8ba-4f9a-9931-8905448347fd,35,1.1666666666666667,right_heel,0.5,0.5,0.0,540.0,960.0,0.5
f1ae9d18-a8ba-4f9a-9931-8905448347fd,35,1.1666666666666667,left_foot_index,0.5,0.5,0.0,540.0,960.0,0.5
f1ae9d18-a8ba-4f9a-9931-8905448347fd,35,1.1666666666666667,right_foot_index,0.5,0.5,0.0,540.0,960.0,0.5
f1ae9d18-a8ba-4f9a-9931-8905448347fd,36,1.2,nose,0.5,0.5,0.0,540.0,960.0,0.5
f1ae9d18-a8ba-4f9a-9931-8905448347fd,36,1.2,left_shoulder,0.5,0.5,0.0,540.0,960.0,0.5
f1ae9d18-a8ba-4f9a-9931-8905448347fd,36,1.2,right_shoulder,0.5,0.5,0.0,540.0,960.0,0.5
f1ae9d18-a8ba-4f9a-9931-8905448347fd,36,1.2,left_elbow,0.5,0.5,0.0,540.0,960.0,0.5
f1ae9d18-a8ba-4f9a-9931-8905448347fd,36,1.2,right_elbow,0.5,0.5,0.0,540.0,960.0,0.5
f1ae9d18-a8ba-4f9a-9931-8905448347fd,36,1.2,left_wrist,0.5,0.5,0.0,540.0,960.0,0.5
f1ae9d18-a8ba-4f9a-9931-8905448347fd,36,1.2,right_wrist,0.5,0.5,0.0,540.0,960.0,0.5
f1ae9d18-a8ba-4f9a-9931-8905448347fd,36,1.2,left_hip,0.5,0.5,0.0,540.0,960.0,0.5
f1ae9d18-a8ba-4f9a-9931-8905448347fd,36,1.2,right_hip,0.5,0.5,0.0,540.0,960.0,0.5
f1ae9d18-a8ba-4f9a-9931-8905448347fd,36,1.2,left_knee,0.5,0.5,0.0,540.0,960.0,0.5
f1ae9d18-a8ba-4f9a-9931-8905448347fd,36,1.2,right_knee,0.5,0.5,0.0,540.0,960.0,0.5
f1ae9d18-a8ba-4f9a-9931-8905448347fd,36,1.2,left_ankle,0.5,0.5,0.0,540.0,960.0,0.5
f1ae9d18-a8ba-4f9a-9931-8905448347fd,36,1.2,right_ankle,0.5,0.5,0.0,540.0,960.0,0.5
f1ae9d18-a8ba-4f9a-9931-8905448347fd,36,1.2,left_heel,0.5,0.5,0.0,540.0,960.0,0.5
f1ae9d18-a8ba-4f9a-9931-8905448347fd,36,1.2,right_heel,0.5,0.5,0.0,540.0,960.0,0.5
f1ae9d18-a8ba-4f9a-9931-8905448347fd,36,1.2,left_foot_index,0.5,0.5,0.0,540.0,960.0,0.5
f1ae9d18-a8ba-4f9a-9931-8905448347fd,36,1.2,right_foot_index,0.5,0.5,0.0,540.0,960.0,0.5
f1ae9d18-a8ba-4f9a-9931-8905448347fd,37,1.2333333333333334,nose,0.5,0.5,0.0,540.0,960.0,0.5
f1ae9d18-a8ba-4f9a-9931-8905448347fd,37,1.2333333333333334,left_shoulder,0.5,0.5,0.0,540.0,960.0,0.5
f1ae9d18-a8ba-4f9a-9931-8905448347fd,37,1.2333333333333334,right_shoulder,0.5,0.5,0.0,540.0,960.0,0.5
f1ae9d18-a8ba-4f9a-9931-8905448347fd,37,1.2333333333333334,left_elbow,0.5,0.5,0.0,540.0,960.0,0.5
f1ae9d18-a8ba-4f9a-9931-8905448347fd,37,1.2333333333333334,right_elbow,0.5,0.5,0.0,540.0,960.0,0.5
f1ae9d18-a8ba-4f9a-9931-8905448347fd,37,1.2333333333333334,left_wrist,0.5,0.5,0.0,540.0,960.0,0.5
f1ae9d18-a8ba-4f9a-9931-8905448347fd,37,1.2333333333333334,right_wrist,0.5,0.5,0.0,540.0,960.0,0.5
f1ae9d18-a8ba-4f9a-9931-8905448347fd,37,1.2333333333333334,left_hip,0.5,0.5,0.0,540.0,960.0,0.5
f1ae9d18-a8ba-4f9a-9931-8905448347fd,37,1.2333333333333334,right_hip,0.5,0.5,0.0,540.0,960.0,0.5
f1ae9d18-a8ba-4f9a-9931-8905448347fd,37,1.2333333333333334,left_knee,0.5,0.5,0.0,540.0,960.0,0.5
f1ae9d18-a8ba-4f9a-9931-8905448347fd,37,1.2333333333333334,right_knee,0.5,0.5,0.0,540.0,960.0,0.5
f1ae9d18-a8ba-4f9a-9931-8905448347fd,37,1.2333333333333334,left_ankle,0.5,0.5,0.0,540.0,960.0,0.5
f1ae9d18-a8ba-4f9a-9931-8905448347fd,37,1.2333333333333334,right_ankle,0.5,0.5,0.0,540.0,960.0,0.5
f1ae9d18-a8ba-4f9a-9931-8905448347fd,37,1.2333333333333334,left_heel,0.5,0.5,0.0,540.0,960.0,0.5
f1ae9d18-a8ba-4f9a-9931-8905448347fd,37,1.2333333333333334,right_heel,0.5,0.5,0.0,540.0,960.0,0.5
f1ae9d18-a8ba-4f9a-9931-8905448347fd,37,1.2333333333333334,left_foot_index,0.5,0.5,0.0,540.0,960.0,0.5
f1ae9d18-a8ba-4f9a-9931-8905448347fd,37,1.2333333333333334,right_foot_index,0.5,0.5,0.0,540.0,960.0,0.5
f1ae9d18-a8ba-4f9a-9931-8905448347fd,38,1.2666666666666666,nose,0.5,0.5,0.0,540.0,960.0,0.5
f1ae9d18-a8ba-4f9a-9931-8905448347fd,38,1.2666666666666666,left_shoulder,0.5,0.5,0.0,540.0,960.0,0.5
f1ae9d18-a8ba-4f9a-9931-8905448347fd,38,1.2666666666666666,right_shoulder,0.5,0.5,0.0,540.0,960.0,0.5
f1ae9d18-a8ba-4f9a-9931-8905448347fd,38,1.2666666666666666,left_elbow,0.5,0.5,0.0,540.0,960.0,0.5
f1ae9d18-a8ba-4f9a-9931-8905448347fd,38,1.2666666666666666,right_elbow,0.5,0.5,0.0,540.0,960.0,0.5
f1ae9d18-a8ba-4f9a-9931-8905448347fd,38,1.2666666666666666,left_wrist,0.5,0.5,0.0,540.0,960.0,0.5
f1ae9d18-a8ba-4f9a-9931-8905448347fd,38,1.2666666666666666,right_wrist,0.5,0.5,0.0,540.0,960.0,0.5
f1ae9d18-a8ba-4f9a-9931-8905448347fd,38,1.2666666666666666,left_hip,0.5,0.5,0.0,540.0,960.0,0.5
f1ae9d18-a8ba-4f9a-9931-8905448347fd,38,1.2666666666666666,right_hip,0.5,0.5,0.0,540.0,960.0,0.5
f1ae9d18-a8ba-4f9a-9931-8905448347fd,38,1.2666666666666666,left_knee,0.5,0.5,0.0,540.0,960.0,0.5
f1ae9d18-a8ba-4f9a-9931-8905448347fd,38,1.2666666666666666,right_knee,0.5,0.5,0.0,540.0,960.0,0.5
f1ae9d18-a8ba-4f9a-9931-8905448347fd,38,1.2666666666666666,left_ankle,0.5,0.5,0.0,540.0,960.0,0.5
f1ae9d18-a8ba-4f9a-9931-8905448347fd,38,1.2666666666666666,right_ankle,0.5,0.5,0.0,540.0,960.0,0.5
f1ae9d18-a8ba-4f9a-9931-8905448347fd,38,1.2666666666666666,left_heel,0.5,0.5,0.0,540.0,960.0,0.5
f1ae9d18-a8ba-4f9a-9931-8905448347fd,38,1.2666666666666666,right_heel,0.5,0.5,0.0,540.0,960.0,0.5
f1ae9d18-a8ba-4f9a-9931-8905448347fd,38,1.2666666666666666,left_foot_index,0.5,0.5,0.0,540.0,960.0,0.5
f1ae9d18-a8ba-4f9a-9931-8905448347fd,38,1.2666666666666666,right_foot_index,0.5,0.5,0.0,540.0,960.0,0.5
f1ae9d18-a8ba-4f9a-9931-8905448347fd,39,1.3,nose,0.5,0.5,0.0,540.0,960.0,0.5
f1ae9d18-a8ba-4f9a-9931-8905448347fd,39,1.3,left_shoulder,0.5,0.5,0.0,540.0,960.0,0.5
f1ae9d18-a8ba-4f9a-9931-8905448347fd,39,1.3,right_shoulder,0.5,0.5,0.0,540.0,960.0,0.5
f1ae9d18-a8ba-4f9a-9931-8905448347fd,39,1.3,left_elbow,0.5,0.5,0.0,540.0,960.0,0.5
f1ae9d18-a8ba-4f9a-9931-8905448347fd,39,1.3,right_elbow,0.5,0.5,0.0,540.0,960.0,0.5
f1ae9d18-a8ba-4f9a-9931-8905448347fd,39,1.3,left_wrist,0.5,0.5,0.0,540.0,960.0,0.5
f1ae9d18-a8ba-4f9a-9931-8905448347fd,39,1.3,right_wrist,0.5,0.5,0.0,540.0,960.0,0.5
f1ae9d18-a8ba-4f9a-9931-8905448347fd,39,1.3,left_hip,0.5,0.5,0.0,540.0,960.0,0.5
f1ae9d18-a8ba-4f9a-9931-8905448347fd,39,1.3,right_hip,0.5,0.5,0.0,540.0,960.0,0.5
f1ae9d18-a8ba-4f9a-9931-8905448347fd,39,1.3,left_knee,0.5,0.5,0.0,540.0,960.0,0.5
f1ae9d18-a8ba-4f9a-9931-8905448347fd,39,1.3,right_knee,0.5,0.5,0.0,540.0,960.0,0.5
f1ae9d18-a8ba-4f9a-9931-8905448347fd,39,1.3,left_ankle,0.5,0.5,0.0,540.0,960.0,0.5
f1ae9d18-a8ba-4f9a-9931-8905448347fd,39,1.3,right_ankle,0.5,0.5,0.0,540.0,960.0,0.5
f1ae9d18-a8ba-4f9a-9931-8905448347fd,39,1.3,left_heel,0.5,0.5,0.0,540.0,960.0,0.5
f1ae9d18-a8ba-4f9a-9931-8905448347fd,39,1.3,right_heel,0.5,0.5,0.0,540.0,960.0,0.5
f1ae9d18-a8ba-4f9a-9931-8905448347fd,39,1.3,left_foot_index,0.5,0.5,0.0,540.0,960.0,0.5
f1ae9d18-a8ba-4f9a-9931-8905448347fd,39,1.3,right_foot_index,0.5,0.5,0.0,540.0,960.0,0.5
f1ae9d18-a8ba-4f9a-9931-8905448347fd,40,1.3333333333333333,nose,0.5,0.5,0.0,540.0,960.0,0.5
f1ae9d18-a8ba-4f9a-9931-8905448347fd,40,1.3333333333333333,left_shoulder,0.5,0.5,0.0,540.0,960.0,0.5
f1ae9d18-a8ba-4f9a-9931-8905448347fd,40,1.3333333333333333,right_shoulder,0.5,0.5,0.0,540.0,960.0,0.5
f1ae9d18-a8ba-4f9a-9931-8905448347fd,40,1.3333333333333333,left_elbow,0.5,0.5,0.0,540.0,960.0,0.5
f1ae9d18-a8ba-4f9a-9931-8905448347fd,40,1.3333333333333333,right_elbow,0.5,0.5,0.0,540.0,960.0,0.5
f1ae9d18-a8ba-4f9a-9931-8905448347fd,40,1.3333333333333333,left_wrist,0.5,0.5,0.0,540.0,960.0,0.5
f1ae9d18-a8ba-4f9a-9931-8905448347fd,40,1.3333333333333333,right_wrist,0.5,0.5,0.0,540.0,960.0,0.5
f1ae9d18-a8ba-4f9a-9931-8905448347fd,40,1.3333333333333333,left_hip,0.5,0.5,0.0,540.0,960.0,0.5
f1ae9d18-a8ba-4f9a-9931-8905448347fd,40,1.3333333333333333,right_hip,0.5,0.5,0.0,540.0,960.0,0.5
f1ae9d18-a8ba-4f9a-9931-8905448347fd,40,1.3333333333333333,left_knee,0.5,0.5,0.0,540.0,960.0,0.5
f1ae9d18-a8ba-4f9a-9931-8905448347fd,40,1.3333333333333333,right_knee,0.5,0.5,0.0,540.0,960.0,0.5
f1ae9d18-a8ba-4f9a-9931-8905448347fd,40,1.3333333333333333,left_ankle,0.5,0.5,0.0,540.0,960.0,0.5
f1ae9d18-a8ba-4f9a-9931-8905448347fd,40,1.3333333333333333,right_ankle,0.5,0.5,0.0,540.0,960.0,0.5
f1ae9d18-a8ba-4f9a-9931-8905448347fd,40,1.3333333333333333,left_heel,0.5,0.5,0.0,540.0,960.0,0.5
f1ae9d18-a8ba-4f9a-9931-8905448347fd,40,1.3333333333333333,right_heel,0.5,0.5,0.0,540.0,960.0,0.5
f1ae9d18-a8ba-4f9a-9931-8905448347fd,40,1.3333333333333333,left_foot_index,0.5,0.5,0.0,540.0,960.0,0.5
f1ae9d18-a8ba-4f9a-9931-8905448347fd,40,1.3333333333333333,right_foot_index,0.5,0.5,0.0,540.0,960.0,0.5
f1ae9d18-a8ba-4f9a-9931-8905448347fd,41,1.3666666666666667,nose,0.5,0.5,0.0,540.0,960.0,0.5
f1ae9d18-a8ba-4f9a-9931-8905448347fd,41,1.3666666666666667,left_shoulder,0.5,0.5,0.0,540.0,960.0,0.5
f1ae9d18-a8ba-4f9a-9931-8905448347fd,41,1.3666666666666667,right_shoulder,0.5,0.5,0.0,540.0,960.0,0.5
f1ae9d18-a8ba-4f9a-9931-8905448347fd,41,1.3666666666666667,left_elbow,0.5,0.5,0.0,540.0,960.0,0.5
f1ae9d18-a8ba-4f9a-9931-8905448347fd,41,1.3666666666666667,right_elbow,0.5,0.5,0.0,540.0,960.0,0.5
f1ae9d18-a8ba-4f9a-9931-8905448347fd,41,1.3666666666666667,left_wrist,0.5,0.5,0.0,540.0,960.0,0.5
f1ae9d18-a8ba-4f9a-9931-8905448347fd,41,1.3666666666666667,right_wrist,0.5,0.5,0.0,540.0,960.0,0.5
f1ae9d18-a8ba-4f9a-9931-8905448347fd,41,1.3666666666666667,left_hip,0.5,0.5,0.0,540.0,960.0,0.5
f1ae9d18-a8ba-4f9a-9931-8905448347fd,41,1.3666666666666667,right_hip,0.5,0.5,0.0,540.0,960.0,0.5
f1ae9d18-a8ba-4f9a-9931-8905448347fd,41,1.3666666666666667,left_knee,0.5,0.5,0.0,540.0,960.0,0.5
f1ae9d18-a8ba-4f9a-9931-8905448347fd,41,1.3666666666666667,right_knee,0.5,0.5,0.0,540.0,960.0,0.5
f1ae9d18-a8ba-4f9a-9931-8905448347fd,41,1.3666666666666667,left_ankle,0.5,0.5,0.0,540.0,960.0,0.5
f1ae9d18-a8ba-4f9a-9931-8905448347fd,41,1.3666666666666667,right_ankle,0.5,0.5,0.0,540.0,960.0,0.5
f1ae9d18-a8ba-4f9a-9931-8905448347fd,41,1.3666666666666667,left_heel,0.5,0.5,0.0,540.0,960.0,0.5
f1ae9d18-a8ba-4f9a-9931-8905448347fd,41,1.3666666666666667,right_heel,0.5,0.5,0.0,540.0,960.0,0.5
f1ae9d18-a8ba-4f9a-9931-8905448347fd,41,1.3666666666666667,left_foot_index,0.5,0.5,0.0,540.0,960.0,0.5
f1ae9d18-a8ba-4f9a-9931-8905448347fd,41,1.3666666666666667,right_foot_index,0.5,0.5,0.0,540.0,960.0,0.5
f1ae9d18-a8ba-4f9a-9931-8905448347fd,42,1.4,nose,0.5,0.5,0.0,540.0,960.0,0.5
f1ae9d18-a8ba-4f9a-9931-8905448347fd,42,1.4,left_shoulder,0.5,0.5,0.0,540.0,960.0,0.5
f1ae9d18-a8ba-4f9a-9931-8905448347fd,42,1.4,right_shoulder,0.5,0.5,0.0,540.0,960.0,0.5
f1ae9d18-a8ba-4f9a-9931-8905448347fd,42,1.4,left_elbow,0.5,0.5,0.0,540.0,960.0,0.5
f1ae9d18-a8ba-4f9a-9931-8905448347fd,42,1.4,right_elbow,0.5,0.5,0.0,540.0,960.0,0.5
f1ae9d18-a8ba-4f9a-9931-8905448347fd,42,1.4,left_wrist,0.5,0.5,0.0,540.0,960.0,0.5
f1ae9d18-a8ba-4f9a-9931-8905448347fd,42,1.4,right_wrist,0.5,0.5,0.0,540.0,960.0,0.5
f1ae9d18-a8ba-4f9a-9931-8905448347fd,42,1.4,left_hip,0.5,0.5,0.0,540.0,960.0,0.5
f1ae9d18-a8ba-4f9a-9931-8905448347fd,42,1.4,right_hip,0.5,0.5,0.0,540.0,960.0,0.5
f1ae9d18-a8ba-4f9a-9931-8905448347fd,42,1.4,left_knee,0.5,0.5,0.0,540.0,960.0,0.5
f1ae9d18-a8ba-4f9a-9931-8905448347fd,42,1.4,right_knee,0.5,0.5,0.0,540.0,960.0,0.5
f1ae9d18-a8ba-4f9a-9931-8905448347fd,42,1.4,left_ankle,0.5,0.5,0.0,540.0,960.0,0.5
f1ae9d18-a8ba-4f9a-9931-8905448347fd,42,1.4,right_ankle,0.5,0.5,0.0,540.0,960.0,0.5
f1ae9d18-a8ba-4f9a-9931-8905448347fd,42,1.4,left_heel,0.5,0.5,0.0,540.0,960.0,0.5
f1ae9d18-a8ba-4f9a-9931-8905448347fd,42,1.4,right_heel,0.5,0.5,0.0,540.0,960.0,0.5
f1ae9d18-a8ba-4f9a-9931-8905448347fd,42,1.4,left_foot_index,0.5,0.5,0.0,540.0,960.0,0.5
f1ae9d18-a8ba-4f9a-9931-8905448347fd,42,1.4,right_foot_index,0.5,0.5,0.0,540.0,960.0,0.5
f1ae9d18-a8ba-4f9a-9931-8905448347fd,43,1.4333333333333333,nose,0.5,0.5,0.0,540.0,960.0,0.5
f1ae9d18-a8ba-4f9a-9931-8905448347fd,43,1.4333333333333333,left_shoulder,0.5,0.5,0.0,540.0,960.0,0.5
f1ae9d18-a8ba-4f9a-9931-8905448347fd,43,1.4333333333333333,right_shoulder,0.5,0.5,0.0,540.0,960.0,0.5
f1ae9d18-a8ba-4f9a-9931-8905448347fd,43,1.4333333333333333,left_elbow,0.5,0.5,0.0,540.0,960.0,0.5
f1ae9d18-a8ba-4f9a-9931-8905448347fd,43,1.4333333333333333,right_elbow,0.5,0.5,0.0,540.0,960.0,0.5
f1ae9d18-a8ba-4f9a-9931-8905448347fd,43,1.4333333333333333,left_wrist,0.5,0.5,0.0,540.0,960.0,0.5
f1ae9d18-a8ba-4f9a-9931-8905448347fd,43,1.4333333333333333,right_wrist,0.5,0.5,0.0,540.0,960.0,0.5
f1ae9d18-a8ba-4f9a-9931-8905448347fd,43,1.4333333333333333,left_hip,0.5,0.5,0.0,540.0,960.0,0.5
f1ae9d18-a8ba-4f9a-9931-8905448347fd,43,1.4333333333333333,right_hip,0.5,0.5,0.0,540.0,960.0,0.5
f1ae9d18-a8ba-4f9a-9931-8905448347fd,43,1.4333333333333333,left_knee,0.5,0.5,0.0,540.0,960.0,0.5
f1ae9d18-a8ba-4f9a-9931-8905448347fd,43,1.4333333333333333,right_knee,0.5,0.5,0.0,540.0,960.0,0.5
f1ae9d18-a8ba-4f9a-9931-8905448347fd,43,1.4333333333333333,left_ankle,0.5,0.5,0.0,540.0,960.0,0.5
f1ae9d18-a8ba-4f9a-9931-8905448347fd,43,1.4333333333333333,right_ankle,0.5,0.5,0.0,540.0,960.0,0.5
f1ae9d18-a8ba-4f9a-9931-8905448347fd,43,1.4333333333333333,left_heel,0.5,0.5,0.0,540.0,960.0,0.5
f1ae9d18-a8ba-4f9a-9931-8905448347fd,43,1.4333333333333333,right_heel,0.5,0.5,0.0,540.0,960.0,0.5
f1ae9d18-a8ba-4f9a-9931-8905448347fd,43,1.4333333333333333,left_foot_index,0.5,0.5,0.0,540.0,960.0,0.5
f1ae9d18-a8ba-4f9a-9931-8905448347fd,43,1.4333333333333333,right_foot_index,0.5,0.5,0.0,540.0,960.0,0.5
f1ae9d18-a8ba-4f9a-9931-8905448347fd,44,1.4666666666666666,nose,0.5,0.5,0.0,540.0,960.0,0.5
f1ae9d18-a8ba-4f9a-9931-8905448347fd,44,1.4666666666666666,left_shoulder,0.5,0.5,0.0,540.0,960.0,0.5
f1ae9d18-a8ba-4f9a-9931-8905448347fd,44,1.4666666666666666,right_shoulder,0.5,0.5,0.0,540.0,960.0,0.5
f1ae9d18-a8ba-4f9a-9931-8905448347fd,44,1.4666666666666666,left_elbow,0.5,0.5,0.0,540.0,960.0,0.5
f1ae9d18-a8ba-4f9a-9931-8905448347fd,44,1.4666666666666666,right_elbow,0.5,0.5,0.0,540.0,960.0,0.5
f1ae9d18-a8ba-4f9a-9931-8905448347fd,44,1.4666666666666666,left_wrist,0.5,0.5,0.0,540.0,960.0,0.5
f1ae9d18-a8ba-4f9a-9931-8905448347fd,44,1.4666666666666666,right_wrist,0.5,0.5,0.0,540.0,960.0,0.5
f1ae9d18-a8ba-4f9a-9931-8905448347fd,44,1.4666666666666666,left_hip,0.5,0.5,0.0,540.0,960.0,0.5
f1ae9d18-a8ba-4f9a-9931-8905448347fd,44,1.4666666666666666,right_hip,0.5,0.5,0.0,540.0,960.0,0.5
f1ae9d18-a8ba-4f9a-9931-8905448347fd,44,1.4666666666666666,left_knee,0.5,0.5,0.0,540.0,960.0,0.5
f1ae9d18-a8ba-4f9a-9931-8905448347fd,44,1.4666666666666666,right_knee,0.5,0.5,0.0,540.0,960.0,0.5
f1ae9d18-a8ba-4f9a-9931-8905448347fd,44,1.4666666666666666,left_ankle,0.5,0.5,0.0,540.0,960.0,0.5
f1ae9d18-a8ba-4f9a-9931-8905448347fd,44,1.4666666666666666,right_ankle,0.5,0.5,0.0,540.0,960.0,0.5
f1ae9d18-a8ba-4f9a-9931-8905448347fd,44,1.4666666666666666,left_heel,0.5,0.5,0.0,540.0,960.0,0.5
f1ae9d18-a8ba-4f9a-9931-8905448347fd,44,1.4666666666666666,right_heel,0.5,0.5,0.0,540.0,960.0,0.5
f1ae9d18-a8ba-4f9a-9931-8905448347fd,44,1.4666666666666666,left_foot_index,0.5,0.5,0.0,540.0,960.0,0.5
f1ae9d18-a8ba-4f9a-9931-8905448347fd,44,1.4666666666666666,right_foot_index,0.5,0.5,0.0,540.0,960.0,0.5
f1ae9d18-a8ba-4f9a-9931-8905448347fd,45,1.5,nose,0.5,0.5,0.0,540.0,960.0,0.5
f1ae9d18-a8ba-4f9a-9931-8905448347fd,45,1.5,left_shoulder,0.5,0.5,0.0,540.0,960.0,0.5
f1ae9d18-a8ba-4f9a-9931-8905448347fd,45,1.5,right_shoulder,0.5,0.5,0.0,540.0,960.0,0.5
f1ae9d18-a8ba-4f9a-9931-8905448347fd,45,1.5,left_elbow,0.5,0.5,0.0,540.0,960.0,0.5
f1ae9d18-a8ba-4f9a-9931-8905448347fd,45,1.5,right_elbow,0.5,0.5,0.0,540.0,960.0,0.5
f1ae9d18-a8ba-4f9a-9931-8905448347fd,45,1.5,left_wrist,0.5,0.5,0.0,540.0,960.0,0.5
f1ae9d18-a8ba-4f9a-9931-8905448347fd,45,1.5,right_wrist,0.5,0.5,0.0,540.0,960.0,0.5
f1ae9d18-a8ba-4f9a-9931-8905448347fd,45,1.5,left_hip,0.5,0.5,0.0,540.0,960.0,0.5
f1ae9d18-a8ba-4f9a-9931-8905448347fd,45,1.5,right_hip,0.5,0.5,0.0,540.0,960.0,0.5
f1ae9d18-a8ba-4f9a-9931-8905448347fd,45,1.5,left_knee,0.5,0.5,0.0,540.0,960.0,0.5
f1ae9d18-a8ba-4f9a-9931-8905448347fd,45,1.5,right_knee,0.5,0.5,0.0,540.0,960.0,0.5
f1ae9d18-a8ba-4f9a-9931-8905448347fd,45,1.5,left_ankle,0.5,0.5,0.0,540.0,960.0,0.5
f1ae9d18-a8ba-4f9a-9931-8905448347fd,45,1.5,right_ankle,0.5,0.5,0.0,540.0,960.0,0.5
f1ae9d18-a8ba-4f9a-9931-8905448347fd,45,1.5,left_heel,0.5,0.5,0.0,540.0,960.0,0.5
f1ae9d18-a8ba-4f9a-9931-8905448347fd,45,1.5,right_heel,0.5,0.5,0.0,540.0,960.0,0.5
f1ae9d18-a8ba-4f9a-9931-8905448347fd,45,1.5,left_foot_index,0.5,0.5,0.0,540.0,960.0,0.5
f1ae9d18-a8ba-4f9a-9931-8905448347fd,45,1.5,right_foot_index,0.5,0.5,0.0,540.0,960.0,0.5
f1ae9d18-a8ba-4f9a-9931-8905448347fd,46,1.5333333333333334,nose,0.5,0.5,0.0,540.0,960.0,0.5
f1ae9d18-a8ba-4f9a-9931-8905448347fd,46,1.5333333333333334,left_shoulder,0.5,0.5,0.0,540.0,960.0,0.5
f1ae9d18-a8ba-4f9a-9931-8905448347fd,46,1.5333333333333334,right_shoulder,0.5,0.5,0.0,540.0,960.0,0.5
f1ae9d18-a8ba-4f9a-9931-8905448347fd,46,1.5333333333333334,left_elbow,0.5,0.5,0.0,540.0,960.0,0.5
f1ae9d18-a8ba-4f9a-9931-8905448347fd,46,1.5333333333333334,right_elbow,0.5,0.5,0.0,540.0,960.0,0.5
f1ae9d18-a8ba-4f9a-9931-8905448347fd,46,1.5333333333333334,left_wrist,0.5,0.5,0.0,540.0,960.0,0.5
f1ae9d18-a8ba-4f9a-9931-8905448347fd,46,1.5333333333333334,right_wrist,0.5,0.5,0.0,540.0,960.0,0.5
f1ae9d18-a8ba-4f9a-9931-8905448347fd,46,1.5333333333333334,left_hip,0.5,0.5,0.0,540.0,960.0,0.5
f1ae9d18-a8ba-4f9a-9931-8905448347fd,46,1.5333333333333334,right_hip,0.5,0.5,0.0,540.0,960.0,0.5
f1ae9d18-a8ba-4f9a-9931-8905448347fd,46,1.5333333333333334,left_knee,0.5,0.5,0.0,540.0,960.0,0.5
f1ae9d18-a8ba-4f9a-9931-8905448347fd,46,1.5333333333333334,right_knee,0.5,0.5,0.0,540.0,960.0,0.5
f1ae9d18-a8ba-4f9a-9931-8905448347fd,46,1.5333333333333334,left_ankle,0.5,0.5,0.0,540.0,960.0,0.5
f1ae9d18-a8ba-4f9a-9931-8905448347fd,46,1.5333333333333334,right_ankle,0.5,0.5,0.0,540.0,960.0,0.5
f1ae9d18-a8ba-4f9a-9931-8905448347fd,46,1.5333333333333334,left_heel,0.5,0.5,0.0,540.0,960.0,0.5
f1ae9d18-a8ba-4f9a-9931-8905448347fd,46,1.5333333333333334,right_heel,0.5,0.5,0.0,540.0,960.0,0.5
f1ae9d18-a8ba-4f9a-9931-8905448347fd,46,1.5333333333333334,left_foot_index,0.5,0.5,0.0,540.0,960.0,0.5
f1ae9d18-a8ba-4f9a-9931-8905448347fd,46,1.5333333333333334,right_foot_index,0.5,0.5,0.0,540.0,960.0,0.5
f1ae9d18-a8ba-4f9a-9931-8905448347fd,47,1.5666666666666667,nose,0.5,0.5,0.0,540.0,960.0,0.5
f1ae9d18-a8ba-4f9a-9931-8905448347fd,47,1.5666666666666667,left_shoulder,0.5,0.5,0.0,540.0,960.0,0.5
f1ae9d18-a8ba-4f9a-9931-8905448347fd,47,1.5666666666666667,right_shoulder,0.5,0.5,0.0,540.0,960.0,0.5
f1ae9d18-a8ba-4f9a-9931-8905448347fd,47,1.5666666666666667,left_elbow,0.5,0.5,0.0,540.0,960.0,0.5
f1ae9d18-a8ba-4f9a-9931-8905448347fd,47,1.5666666666666667,right_elbow,0.5,0.5,0.0,540.0,960.0,0.5
f1ae9d18-a8ba-4f9a-9931-8905448347fd,47,1.5666666666666667,left_wrist,0.5,0.5,0.0,540.0,960.0,0.5
f1ae9d18-a8ba-4f9a-9931-8905448347fd,47,1.5666666666666667,right_wrist,0.5,0.5,0.0,540.0,960.0,0.5
f1ae9d18-a8ba-4f9a-9931-8905448347fd,47,1.5666666666666667,left_hip,0.5,0.5,0.0,540.0,960.0,0.5
f1ae9d18-a8ba-4f9a-9931-8905448347fd,47,1.5666666666666667,right_hip,0.5,0.5,0.0,540.0,960.0,0.5
f1ae9d18-a8ba-4f9a-9931-8905448347fd,47,1.5666666666666667,left_knee,0.5,0.5,0.0,540.0,960.0,0.5
f1ae9d18-a8ba-4f9a-9931-8905448347fd,47,1.5666666666666667,right_knee,0.5,0.5,0.0,540.0,960.0,0.5
f1ae9d18-a8ba-4f9a-9931-8905448347fd,47,1.5666666666666667,left_ankle,0.5,0.5,0.0,540.0,960.0,0.5
f1ae9d18-a8ba-4f9a-9931-8905448347fd,47,1.5666666666666667,right_ankle,0.5,0.5,0.0,540.0,960.0,0.5
f1ae9d18-a8ba-4f9a-9931-8905448347fd,47,1.5666666666666667,left_heel,0.5,0.5,0.0,540.0,960.0,0.5
f1ae9d18-a8ba-4f9a-9931-8905448347fd,47,1.5666666666666667,right_heel,0.5,0.5,0.0,540.0,960.0,0.5
f1ae9d18-a8ba-4f9a-9931-8905448347fd,47,1.5666666666666667,left_foot_index,0.5,0.5,0.0,540.0,960.0,0.5
f1ae9d18-a8ba-4f9a-9931-8905448347fd,47,1.5666666666666667,right_foot_index,0.5,0.5,0.0,540.0,960.0,0.5
f1ae9d18-a8ba-4f9a-9931-8905448347fd,48,1.6,nose,0.5,0.5,0.0,540.0,960.0,0.5
f1ae9d18-a8ba-4f9a-9931-8905448347fd,48,1.6,left_shoulder,0.5,0.5,0.0,540.0,960.0,0.5
f1ae9d18-a8ba-4f9a-9931-8905448347fd,48,1.6,right_shoulder,0.5,0.5,0.0,540.0,960.0,0.5
f1ae9d18-a8ba-4f9a-9931-8905448347fd,48,1.6,left_elbow,0.5,0.5,0.0,540.0,960.0,0.5
f1ae9d18-a8ba-4f9a-9931-8905448347fd,48,1.6,right_elbow,0.5,0.5,0.0,540.0,960.0,0.5
f1ae9d18-a8ba-4f9a-9931-8905448347fd,48,1.6,left_wrist,0.5,0.5,0.0,540.0,960.0,0.5
f1ae9d18-a8ba-4f9a-9931-8905448347fd,48,1.6,right_wrist,0.5,0.5,0.0,540.0,960.0,0.5
f1ae9d18-a8ba-4f9a-9931-8905448347fd,48,1.6,left_hip,0.5,0.5,0.0,540.0,960.0,0.5
f1ae9d18-a8ba-4f9a-9931-8905448347fd,48,1.6,right_hip,0.5,0.5,0.0,540.0,960.0,0.5
f1ae9d18-a8ba-4f9a-9931-8905448347fd,48,1.6,left_knee,0.5,0.5,0.0,540.0,960.0,0.5
f1ae9d18-a8ba-4f9a-9931-8905448347fd,48,1.6,right_knee,0.5,0.5,0.0,540.0,960.0,0.5
f1ae9d18-a8ba-4f9a-9931-8905448347fd,48,1.6,left_ankle,0.5,0.5,0.0,540.0,960.0,0.5
f1ae9d18-a8ba-4f9a-9931-8905448347fd,48,1.6,right_ankle,0.5,0.5,0.0,540.0,960.0,0.5
f1ae9d18-a8ba-4f9a-9931-8905448347fd,48,1.6,left_heel,0.5,0.5,0.0,540.0,960.0,0.5
f1ae9d18-a8ba-4f9a-9931-8905448347fd,48,1.6,right_heel,0.5,0.5,0.0,540.0,960.0,0.5
f1ae9d18-a8ba-4f9a-9931-8905448347fd,48,1.6,left_foot_index,0.5,0.5,0.0,540.0,960.0,0.5
f1ae9d18-a8ba-4f9a-9931-8905448347fd,48,1.6,right_foot_index,0.5,0.5,0.0,540.0,960.0,0.5
f1ae9d18-a8ba-4f9a-9931-8905448347fd,49,1.6333333333333333,nose,0.5,0.5,0.0,540.0,960.0,0.5
f1ae9d18-a8ba-4f9a-9931-8905448347fd,49,1.6333333333333333,left_shoulder,0.5,0.5,0.0,540.0,960.0,0.5
f1ae9d18-a8ba-4f9a-9931-8905448347fd,49,1.6333333333333333,right_shoulder,0.5,0.5,0.0,540.0,960.0,0.5
f1ae9d18-a8ba-4f9a-9931-8905448347fd,49,1.6333333333333333,left_elbow,0.5,0.5,0.0,540.0,960.0,0.5
f1ae9d18-a8ba-4f9a-9931-8905448347fd,49,1.6333333333333333,right_elbow,0.5,0.5,0.0,540.0,960.0,0.5
f1ae9d18-a8ba-4f9a-9931-8905448347fd,49,1.6333333333333333,left_wrist,0.5,0.5,0.0,540.0,960.0,0.5
f1ae9d18-a8ba-4f9a-9931-8905448347fd,49,1.6333333333333333,right_wrist,0.5,0.5,0.0,540.0,960.0,0.5
f1ae9d18-a8ba-4f9a-9931-8905448347fd,49,1.6333333333333333,left_hip,0.5,0.5,0.0,540.0,960.0,0.5
f1ae9d18-a8ba-4f9a-9931-8905448347fd,49,1.6333333333333333,right_hip,0.5,0.5,0.0,540.0,960.0,0.5
f1ae9d18-a8ba-4f9a-9931-8905448347fd,49,1.6333333333333333,left_knee,0.5,0.5,0.0,540.0,960.0,0.5
f1ae9d18-a8ba-4f9a-9931-8905448347fd,49,1.6333333333333333,right_knee,0.5,0.5,0.0,540.0,960.0,0.5
f1ae9d18-a8ba-4f9a-9931-8905448347fd,49,1.6333333333333333,left_ankle,0.5,0.5,0.0,540.0,960.0,0.5
f1ae9d18-a8ba-4f9a-9931-8905448347fd,49,1.6333333333333333,right_ankle,0.5,0.5,0.0,540.0,960.0,0.5
f1ae9d18-a8ba-4f9a-9931-8905448347fd,49,1.6333333333333333,left_heel,0.5,0.5,0.0,540.0,960.0,0.5
f1ae9d18-a8ba-4f9a-9931-8905448347fd,49,1.6333333333333333,right_heel,0.5,0.5,0.0,540.0,960.0,0.5
f1ae9d18-a8ba-4f9a-9931-8905448347fd,49,1.6333333333333333,left_foot_index,0.5,0.5,0.0,540.0,960.0,0.5
f1ae9d18-a8ba-4f9a-9931-8905448347fd,49,1.6333333333333333,right_foot_index,0.5,0.5,0.0,540.0,960.0,0.5
f1ae9d18-a8ba-4f9a-9931-8905448347fd,50,1.6666666666666667,nose,0.5,0.5,0.0,540.0,960.0,0.5
f1ae9d18-a8ba-4f9a-9931-8905448347fd,50,1.6666666666666667,left_shoulder,0.5,0.5,0.0,540.0,960.0,0.5
f1ae9d18-a8ba-4f9a-9931-8905448347fd,50,1.6666666666666667,right_shoulder,0.5,0.5,0.0,540.0,960.0,0.5
f1ae9d18-a8ba-4f9a-9931-8905448347fd,50,1.6666666666666667,left_elbow,0.5,0.5,0.0,540.0,960.0,0.5
f1ae9d18-a8ba-4f9a-9931-8905448347fd,50,1.6666666666666667,right_elbow,0.5,0.5,0.0,540.0,960.0,0.5
f1ae9d18-a8ba-4f9a-9931-8905448347fd,50,1.6666666666666667,left_wrist,0.5,0.5,0.0,540.0,960.0,0.5
f1ae9d18-a8ba-4f9a-9931-8905448347fd,50,1.6666666666666667,right_wrist,0.5,0.5,0.0,540.0,960.0,0.5
f1ae9d18-a8ba-4f9a-9931-8905448347fd,50,1.6666666666666667,left_hip,0.5,0.5,0.0,540.0,960.0,0.5
f1ae9d18-a8ba-4f9a-9931-8905448347fd,50,1.6666666666666667,right_hip,0.5,0.5,0.0,540.0,960.0,0.5
f1ae9d18-a8ba-4f9a-9931-8905448347fd,50,1.6666666666666667,left_knee,0.5,0.5,0.0,540.0,960.0,0.5
f1ae9d18-a8ba-4f9a-9931-8905448347fd,50,1.6666666666666667,right_knee,0.5,0.5,0.0,540.0,960.0,0.5
f1ae9d18-a8ba-4f9a-9931-8905448347fd,50,1.6666666666666667,left_ankle,0.5,0.5,0.0,540.0,960.0,0.5
f1ae9d18-a8ba-4f9a-9931-8905448347fd,50,1.6666666666666667,right_ankle,0.5,0.5,0.0,540.0,960.0,0.5
f1ae9d18-a8ba-4f9a-9931-8905448347fd,50,1.6666666666666667,left_heel,0.5,0.5,0.0,540.0,960.0,0.5
f1ae9d18-a8ba-4f9a-9931-8905448347fd,50,1.6666666666666667,right_heel,0.5,0.5,0.0,540.0,960.0,0.5
f1ae9d18-a8ba-4f9a-9931-8905448347fd,50,1.6666666666666667,left_foot_index,0.5,0.5,0.0,540.0,960.0,0.5
f1ae9d18-a8ba-4f9a-9931-8905448347fd,50,1.6666666666666667,right_foot_index,0.5,0.5,0.0,540.0,960.0,0.5
f1ae9d18-a8ba-4f9a-9931-8905448347fd,51,1.7,nose,0.5,0.5,0.0,540.0,960.0,0.5
f1ae9d18-a8ba-4f9a-9931-8905448347fd,51,1.7,left_shoulder,0.5,0.5,0.0,540.0,960.0,0.5
f1ae9d18-a8ba-4f9a-9931-8905448347fd,51,1.7,right_shoulder,0.5,0.5,0.0,540.0,960.0,0.5
f1ae9d18-a8ba-4f9a-9931-8905448347fd,51,1.7,left_elbow,0.5,0.5,0.0,540.0,960.0,0.5
f1ae9d18-a8ba-4f9a-9931-8905448347fd,51,1.7,right_elbow,0.5,0.5,0.0,540.0,960.0,0.5
f1ae9d18-a8ba-4f9a-9931-8905448347fd,51,1.7,left_wrist,0.5,0.5,0.0,540.0,960.0,0.5
f1ae9d18-a8ba-4f9a-9931-8905448347fd,51,1.7,right_wrist,0.5,0.5,0.0,540.0,960.0,0.5
f1ae9d18-a8ba-4f9a-9931-8905448347fd,51,1.7,left_hip,0.5,0.5,0.0,540.0,960.0,0.5
f1ae9d18-a8ba-4f9a-9931-8905448347fd,51,1.7,right_hip,0.5,0.5,0.0,540.0,960.0,0.5
f1ae9d18-a8ba-4f9a-9931-8905448347fd,51,1.7,left_knee,0.5,0.5,0.0,540.0,960.0,0.5
f1ae9d18-a8ba-4f9a-9931-8905448347fd,51,1.7,right_knee,0.5,0.5,0.0,540.0,960.0,0.5
f1ae9d18-a8ba-4f9a-9931-8905448347fd,51,1.7,left_ankle,0.5,0.5,0.0,540.0,960.0,0.5
f1ae9d18-a8ba-4f9a-9931-8905448347fd,51,1.7,right_ankle,0.5,0.5,0.0,540.0,960.0,0.5
f1ae9d18-a8ba-4f9a-9931-8905448347fd,51,1.7,left_heel,0.5,0.5,0.0,540.0,960.0,0.5
f1ae9d18-a8ba-4f9a-9931-8905448347fd,51,1.7,right_heel,0.5,0.5,0.0,540.0,960.0,0.5
f1ae9d18-a8ba-4f9a-9931-8905448347fd,51,1.7,left_foot_index,0.5,0.5,0.0,540.0,960.0,0.5
f1ae9d18-a8ba-4f9a-9931-8905448347fd,51,1.7,right_foot_index,0.5,0.5,0.0,540.0,960.0,0.5
f1ae9d18-a8ba-4f9a-9931-8905448347fd,52,1.7333333333333334,nose,0.5,0.5,0.0,540.0,960.0,0.5
f1ae9d18-a8ba-4f9a-9931-8905448347fd,52,1.7333333333333334,left_shoulder,0.5,0.5,0.0,540.0,960.0,0.5
f1ae9d18-a8ba-4f9a-9931-8905448347fd,52,1.7333333333333334,right_shoulder,0.5,0.5,0.0,540.0,960.0,0.5
f1ae9d18-a8ba-4f9a-9931-8905448347fd,52,1.7333333333333334,left_elbow,0.5,0.5,0.0,540.0,960.0,0.5
f1ae9d18-a8ba-4f9a-9931-8905448347fd,52,1.7333333333333334,right_elbow,0.5,0.5,0.0,540.0,960.0,0.5
f1ae9d18-a8ba-4f9a-9931-8905448347fd,52,1.7333333333333334,left_wrist,0.5,0.5,0.0,540.0,960.0,0.5
f1ae9d18-a8ba-4f9a-9931-8905448347fd,52,1.7333333333333334,right_wrist,0.5,0.5,0.0,540.0,960.0,0.5
f1ae9d18-a8ba-4f9a-9931-8905448347fd,52,1.7333333333333334,left_hip,0.5,0.5,0.0,540.0,960.0,0.5
f1ae9d18-a8ba-4f9a-9931-8905448347fd,52,1.7333333333333334,right_hip,0.5,0.5,0.0,540.0,960.0,0.5
f1ae9d18-a8ba-4f9a-9931-8905448347fd,52,1.7333333333333334,left_knee,0.5,0.5,0.0,540.0,960.0,0.5
f1ae9d18-a8ba-4f9a-9931-8905448347fd,52,1.7333333333333334,right_knee,0.5,0.5,0.0,540.0,960.0,0.5
f1ae9d18-a8ba-4f9a-9931-8905448347fd,52,1.7333333333333334,left_ankle,0.5,0.5,0.0,540.0,960.0,0.5
f1ae9d18-a8ba-4f9a-9931-8905448347fd,52,1.7333333333333334,right_ankle,0.5,0.5,0.0,540.0,960.0,0.5
f1ae9d18-a8ba-4f9a-9931-8905448347fd,52,1.7333333333333334,left_heel,0.5,0.5,0.0,540.0,960.0,0.5
f1ae9d18-a8ba-4f9a-9931-8905448347fd,52,1.7333333333333334,right_heel,0.5,0.5,0.0,540.0,960.0,0.5
f1ae9d18-a8ba-4f9a-9931-8905448347fd,52,1.7333333333333334,left_foot_index,0.5,0.5,0.0,540.0,960.0,0.5
f1ae9d18-a8ba-4f9a-9931-8905448347fd,52,1.7333333333333334,right_foot_index,0.5,0.5,0.0,540.0,960.0,0.5
f1ae9d18-a8ba-4f9a-9931-8905448347fd,53,1.7666666666666666,nose,0.5,0.5,0.0,540.0,960.0,0.5
f1ae9d18-a8ba-4f9a-9931-8905448347fd,53,1.7666666666666666,left_shoulder,0.5,0.5,0.0,540.0,960.0,0.5
f1ae9d18-a8ba-4f9a-9931-8905448347fd,53,1.7666666666666666,right_shoulder,0.5,0.5,0.0,540.0,960.0,0.5
f1ae9d18-a8ba-4f9a-9931-8905448347fd,53,1.7666666666666666,left_elbow,0.5,0.5,0.0,540.0,960.0,0.5
f1ae9d18-a8ba-4f9a-9931-8905448347fd,53,1.7666666666666666,right_elbow,0.5,0.5,0.0,540.0,960.0,0.5
f1ae9d18-a8ba-4f9a-9931-8905448347fd,53,1.7666666666666666,left_wrist,0.5,0.5,0.0,540.0,960.0,0.5
f1ae9d18-a8ba-4f9a-9931-8905448347fd,53,1.7666666666666666,right_wrist,0.5,0.5,0.0,540.0,960.0,0.5
f1ae9d18-a8ba-4f9a-9931-8905448347fd,53,1.7666666666666666,left_hip,0.5,0.5,0.0,540.0,960.0,0.5
f1ae9d18-a8ba-4f9a-9931-8905448347fd,53,1.7666666666666666,right_hip,0.5,0.5,0.0,540.0,960.0,0.5
f1ae9d18-a8ba-4f9a-9931-8905448347fd,53,1.7666666666666666,left_knee,0.5,0.5,0.0,540.0,960.0,0.5
f1ae9d18-a8ba-4f9a-9931-8905448347fd,53,1.7666666666666666,right_knee,0.5,0.5,0.0,540.0,960.0,0.5
f1ae9d18-a8ba-4f9a-9931-8905448347fd,53,1.7666666666666666,left_ankle,0.5,0.5,0.0,540.0,960.0,0.5
f1ae9d18-a8ba-4f9a-9931-8905448347fd,53,1.7666666666666666,right_ankle,0.5,0.5,0.0,540.0,960.0,0.5
f1ae9d18-a8ba-4f9a-9931-8905448347fd,53,1.7666666666666666,left_heel,0.5,0.5,0.0,540.0,960.0,0.5
f1ae9d18-a8ba-4f9a-9931-8905448347fd,53,1.7666666666666666,right_heel,0.5,0.5,0.0,540.0,960.0,0.5
f1ae9d18-a8ba-4f9a-9931-8905448347fd,53,1.7666666666666666,left_foot_index,0.5,0.5,0.0,540.0,960.0,0.5
f1ae9d18-a8ba-4f9a-9931-8905448347fd,53,1.7666666666666666,right_foot_index,0.5,0.5,0.0,540.0,960.0,0.5
f1ae9d18-a8ba-4f9a-9931-8905448347fd,54,1.8,nose,0.5,0.5,0.0,540.0,960.0,0.5
f1ae9d18-a8ba-4f9a-9931-8905448347fd,54,1.8,left_shoulder,0.5,0.5,0.0,540.0,960.0,0.5
f1ae9d18-a8ba-4f9a-9931-8905448347fd,54,1.8,right_shoulder,0.5,0.5,0.0,540.0,960.0,0.5
f1ae9d18-a8ba-4f9a-9931-8905448347fd,54,1.8,left_elbow,0.5,0.5,0.0,540.0,960.0,0.5
f1ae9d18-a8ba-4f9a-9931-8905448347fd,54,1.8,right_elbow,0.5,0.5,0.0,540.0,960.0,0.5
f1ae9d18-a8ba-4f9a-9931-8905448347fd,54,1.8,left_wrist,0.5,0.5,0.0,540.0,960.0,0.5
f1ae9d18-a8ba-4f9a-9931-8905448347fd,54,1.8,right_wrist,0.5,0.5,0.0,540.0,960.0,0.5
f1ae9d18-a8ba-4f9a-9931-8905448347fd,54,1.8,left_hip,0.5,0.5,0.0,540.0,960.0,0.5
f1ae9d18-a8ba-4f9a-9931-8905448347fd,54,1.8,right_hip,0.5,0.5,0.0,540.0,960.0,0.5
f1ae9d18-a8ba-4f9a-9931-8905448347fd,54,1.8,left_knee,0.5,0.5,0.0,540.0,960.0,0.5
f1ae9d18-a8ba-4f9a-9931-8905448347fd,54,1.8,right_knee,0.5,0.5,0.0,540.0,960.0,0.5
f1ae9d18-a8ba-4f9a-9931-8905448347fd,54,1.8,left_ankle,0.5,0.5,0.0,540.0,960.0,0.5
f1ae9d18-a8ba-4f9a-9931-8905448347fd,54,1.8,right_ankle,0.5,0.5,0.0,540.0,960.0,0.5
f1ae9d18-a8ba-4f9a-9931-8905448347fd,54,1.8,left_heel,0.5,0.5,0.0,540.0,960.0,0.5
f1ae9d18-a8ba-4f9a-9931-8905448347fd,54,1.8,right_heel,0.5,0.5,0.0,540.0,960.0,0.5
f1ae9d18-a8ba-4f9a-9931-8905448347fd,54,1.8,left_foot_index,0.5,0.5,0.0,540.0,960.0,0.5
f1ae9d18-a8ba-4f9a-9931-8905448347fd,54,1.8,right_foot_index,0.5,0.5,0.0,540.0,960.0,0.5
f1ae9d18-a8ba-4f9a-9931-8905448347fd,55,1.8333333333333333,nose,0.5,0.5,0.0,540.0,960.0,0.5
f1ae9d18-a8ba-4f9a-9931-8905448347fd,55,1.8333333333333333,left_shoulder,0.5,0.5,0.0,540.0,960.0,0.5
f1ae9d18-a8ba-4f9a-9931-8905448347fd,55,1.8333333333333333,right_shoulder,0.5,0.5,0.0,540.0,960.0,0.5
f1ae9d18-a8ba-4f9a-9931-8905448347fd,55,1.8333333333333333,left_elbow,0.5,0.5,0.0,540.0,960.0,0.5
f1ae9d18-a8ba-4f9a-9931-8905448347fd,55,1.8333333333333333,right_elbow,0.5,0.5,0.0,540.0,960.0,0.5
f1ae9d18-a8ba-4f9a-9931-8905448347fd,55,1.8333333333333333,left_wrist,0.5,0.5,0.0,540.0,960.0,0.5
f1ae9d18-a8ba-4f9a-9931-8905448347fd,55,1.8333333333333333,right_wrist,0.5,0.5,0.0,540.0,960.0,0.5
f1ae9d18-a8ba-4f9a-9931-8905448347fd,55,1.8333333333333333,left_hip,0.5,0.5,0.0,540.0,960.0,0.5
f1ae9d18-a8ba-4f9a-9931-8905448347fd,55,1.8333333333333333,right_hip,0.5,0.5,0.0,540.0,960.0,0.5
f1ae9d18-a8ba-4f9a-9931-8905448347fd,55,1.8333333333333333,left_knee,0.5,0.5,0.0,540.0,960.0,0.5
f1ae9d18-a8ba-4f9a-9931-8905448347fd,55,1.8333333333333333,right_knee,0.5,0.5,0.0,540.0,960.0,0.5
f1ae9d18-a8ba-4f9a-9931-8905448347fd,55,1.8333333333333333,left_ankle,0.5,0.5,0.0,540.0,960.0,0.5
f1ae9d18-a8ba-4f9a-9931-8905448347fd,55,1.8333333333333333,right_ankle,0.5,0.5,0.0,540.0,960.0,0.5
f1ae9d18-a8ba-4f9a-9931-8905448347fd,55,1.8333333333333333,left_heel,0.5,0.5,0.0,540.0,960.0,0.5
f1ae9d18-a8ba-4f9a-9931-8905448347fd,55,1.8333333333333333,right_heel,0.5,0.5,0.0,540.0,960.0,0.5
f1ae9d18-a8ba-4f9a-9931-8905448347fd,55,1.8333333333333333,left_foot_index,0.5,0.5,0.0,540.0,960.0,0.5
f1ae9d18-a8ba-4f9a-9931-8905448347fd,55,1.8333333333333333,right_foot_index,0.5,0.5,0.0,540.0,960.0,0.5
f1ae9d18-a8ba-4f9a-9931-8905448347fd,56,1.8666666666666667,nose,0.5,0.5,0.0,540.0,960.0,0.5
f1ae9d18-a8ba-4f9a-9931-8905448347fd,56,1.8666666666666667,left_shoulder,0.5,0.5,0.0,540.0,960.0,0.5
f1ae9d18-a8ba-4f9a-9931-8905448347fd,56,1.8666666666666667,right_shoulder,0.5,0.5,0.0,540.0,960.0,0.5
f1ae9d18-a8ba-4f9a-9931-8905448347fd,56,1.8666666666666667,left_elbow,0.5,0.5,0.0,540.0,960.0,0.5
f1ae9d18-a8ba-4f9a-9931-8905448347fd,56,1.8666666666666667,right_elbow,0.5,0.5,0.0,540.0,960.0,0.5
f1ae9d18-a8ba-4f9a-9931-8905448347fd,56,1.8666666666666667,left_wrist,0.5,0.5,0.0,540.0,960.0,0.5
f1ae9d18-a8ba-4f9a-9931-8905448347fd,56,1.8666666666666667,right_wrist,0.5,0.5,0.0,540.0,960.0,0.5
f1ae9d18-a8ba-4f9a-9931-8905448347fd,56,1.8666666666666667,left_hip,0.5,0.5,0.0,540.0,960.0,0.5
f1ae9d18-a8ba-4f9a-9931-8905448347fd,56,1.8666666666666667,right_hip,0.5,0.5,0.0,540.0,960.0,0.5
f1ae9d18-a8ba-4f9a-9931-8905448347fd,56,1.8666666666666667,left_knee,0.5,0.5,0.0,540.0,960.0,0.5
f1ae9d18-a8ba-4f9a-9931-8905448347fd,56,1.8666666666666667,right_knee,0.5,0.5,0.0,540.0,960.0,0.5
f1ae9d18-a8ba-4f9a-9931-8905448347fd,56,1.8666666666666667,left_ankle,0.5,0.5,0.0,540.0,960.0,0.5
f1ae9d18-a8ba-4f9a-9931-8905448347fd,56,1.8666666666666667,right_ankle,0.5,0.5,0.0,540.0,960.0,0.5
f1ae9d18-a8ba-4f9a-9931-8905448347fd,56,1.8666666666666667,left_heel,0.5,0.5,0.0,540.0,960.0,0.5
f1ae9d18-a8ba-4f9a-9931-8905448347fd,56,1.8666666666666667,right_heel,0.5,0.5,0.0,540.0,960.0,0.5
f1ae9d18-a8ba-4f9a-9931-8905448347fd,56,1.8666666666666667,left_foot_index,0.5,0.5,0.0,540.0,960.0,0.5
f1ae9d18-a8ba-4f9a-9931-8905448347fd,56,1.8666666666666667,right_foot_index,0.5,0.5,0.0,540.0,960.0,0.5
f1ae9d18-a8ba-4f9a-9931-8905448347fd,57,1.9,nose,0.5,0.5,0.0,540.0,960.0,0.5
f1ae9d18-a8ba-4f9a-9931-8905448347fd,57,1.9,left_shoulder,0.5,0.5,0.0,540.0,960.0,0.5
f1ae9d18-a8ba-4f9a-9931-8905448347fd,57,1.9,right_shoulder,0.5,0.5,0.0,540.0,960.0,0.5
f1ae9d18-a8ba-4f9a-9931-8905448347fd,57,1.9,left_elbow,0.5,0.5,0.0,540.0,960.0,0.5
f1ae9d18-a8ba-4f9a-9931-8905448347fd,57,1.9,right_elbow,0.5,0.5,0.0,540.0,960.0,0.5
f1ae9d18-a8ba-4f9a-9931-8905448347fd,57,1.9,left_wrist,0.5,0.5,0.0,540.0,960.0,0.5
f1ae9d18-a8ba-4f9a-9931-8905448347fd,57,1.9,right_wrist,0.5,0.5,0.0,540.0,960.0,0.5
f1ae9d18-a8ba-4f9a-9931-8905448347fd,57,1.9,left_hip,0.5,0.5,0.0,540.0,960.0,0.5
f1ae9d18-a8ba-4f9a-9931-8905448347fd,57,1.9,right_hip,0.5,0.5,0.0,540.0,960.0,0.5
f1ae9d18-a8ba-4f9a-9931-8905448347fd,57,1.9,left_knee,0.5,0.5,0.0,540.0,960.0,0.5
f1ae9d18-a8ba-4f9a-9931-8905448347fd,57,1.9,right_knee,0.5,0.5,0.0,540.0,960.0,0.5
f1ae9d18-a8ba-4f9a-9931-8905448347fd,57,1.9,left_ankle,0.5,0.5,0.0,540.0,960.0,0.5
f1ae9d18-a8ba-4f9a-9931-8905448347fd,57,1.9,right_ankle,0.5,0.5,0.0,540.0,960.0,0.5
f1ae9d18-a8ba-4f9a-9931-8905448347fd,57,1.9,left_heel,0.5,0.5,0.0,540.0,960.0,0.5
f1ae9d18-a8ba-4f9a-9931-8905448347fd,57,1.9,right_heel,0.5,0.5,0.0,540.0,960.0,0.5
f1ae9d18-a8ba-4f9a-9931-8905448347fd,57,1.9,left_foot_index,0.5,0.5,0.0,540.0,960.0,0.5
f1ae9d18-a8ba-4f9a-9931-8905448347fd,57,1.9,right_foot_index,0.5,0.5,0.0,540.0,960.0,0.5
f1ae9d18-a8ba-4f9a-9931-8905448347fd,58,1.9333333333333333,nose,0.5,0.5,0.0,540.0,960.0,0.5
f1ae9d18-a8ba-4f9a-9931-8905448347fd,58,1.9333333333333333,left_shoulder,0.5,0.5,0.0,540.0,960.0,0.5
f1ae9d18-a8ba-4f9a-9931-8905448347fd,58,1.9333333333333333,right_shoulder,0.5,0.5,0.0,540.0,960.0,0.5
f1ae9d18-a8ba-4f9a-9931-8905448347fd,58,1.9333333333333333,left_elbow,0.5,0.5,0.0,540.0,960.0,0.5
f1ae9d18-a8ba-4f9a-9931-8905448347fd,58,1.9333333333333333,right_elbow,0.5,0.5,0.0,540.0,960.0,0.5
f1ae9d18-a8ba-4f9a-9931-8905448347fd,58,1.9333333333333333,left_wrist,0.5,0.5,0.0,540.0,960.0,0.5
f1ae9d18-a8ba-4f9a-9931-8905448347fd,58,1.9333333333333333,right_wrist,0.5,0.5,0.0,540.0,960.0,0.5
f1ae9d18-a8ba-4f9a-9931-8905448347fd,58,1.9333333333333333,left_hip,0.5,0.5,0.0,540.0,960.0,0.5
f1ae9d18-a8ba-4f9a-9931-8905448347fd,58,1.9333333333333333,right_hip,0.5,0.5,0.0,540.0,960.0,0.5
f1ae9d18-a8ba-4f9a-9931-8905448347fd,58,1.9333333333333333,left_knee,0.5,0.5,0.0,540.0,960.0,0.5
f1ae9d18-a8ba-4f9a-9931-8905448347fd,58,1.9333333333333333,right_knee,0.5,0.5,0.0,540.0,960.0,0.5
f1ae9d18-a8ba-4f9a-9931-8905448347fd,58,1.9333333333333333,left_ankle,0.5,0.5,0.0,540.0,960.0,0.5
f1ae9d18-a8ba-4f9a-9931-8905448347fd,58,1.9333333333333333,right_ankle,0.5,0.5,0.0,540.0,960.0,0.5
f1ae9d18-a8ba-4f9a-9931-8905448347fd,58,1.9333333333333333,left_heel,0.5,0.5,0.0,540.0,960.0,0.5
f1ae9d18-a8ba-4f9a-9931-8905448347fd,58,1.9333333333333333,right_heel,0.5,0.5,0.0,540.0,960.0,0.5
f1ae9d18-a8ba-4f9a-9931-8905448347fd,58,1.9333333333333333,left_foot_index,0.5,0.5,0.0,540.0,960.0,0.5
f1ae9d18-a8ba-4f9a-9931-8905448347fd,58,1.9333333333333333,right_foot_index,0.5,0.5,0.0,540.0,960.0,0.5
f1ae9d18-a8ba-4f9a-9931-8905448347fd,59,1.9666666666666666,nose,0.5,0.5,0.0,540.0,960.0,0.5
f1ae9d18-a8ba-4f9a-9931-8905448347fd,59,1.9666666666666666,left_shoulder,0.5,0.5,0.0,540.0,960.0,0.5
f1ae9d18-a8ba-4f9a-9931-8905448347fd,59,1.9666666666666666,right_shoulder,0.5,0.5,0.0,540.0,960.0,0.5
f1ae9d18-a8ba-4f9a-9931-8905448347fd,59,1.9666666666666666,left_elbow,0.5,0.5,0.0,540.0,960.0,0.5
f1ae9d18-a8ba-4f9a-9931-8905448347fd,59,1.9666666666666666,right_elbow,0.5,0.5,0.0,540.0,960.0,0.5
f1ae9d18-a8ba-4f9a-9931-8905448347fd,59,1.9666666666666666,left_wrist,0.5,0.5,0.0,540.0,960.0,0.5
f1ae9d18-a8ba-4f9a-9931-8905448347fd,59,1.9666666666666666,right_wrist,0.5,0.5,0.0,540.0,960.0,0.5
f1ae9d18-a8ba-4f9a-9931-8905448347fd,59,1.9666666666666666,left_hip,0.5,0.5,0.0,540.0,960.0,0.5
f1ae9d18-a8ba-4f9a-9931-8905448347fd,59,1.9666666666666666,right_hip,0.5,0.5,0.0,540.0,960.0,0.5
f1ae9d18-a8ba-4f9a-9931-8905448347fd,59,1.9666666666666666,left_knee,0.5,0.5,0.0,540.0,960.0,0.5
f1ae9d18-a8ba-4f9a-9931-8905448347fd,59,1.9666666666666666,right_knee,0.5,0.5,0.0,540.0,960.0,0.5
f1ae9d18-a8ba-4f9a-9931-8905448347fd,59,1.9666666666666666,left_ankle,0.5,0.5,0.0,540.0,960.0,0.5
f1ae9d18-a8ba-4f9a-9931-8905448347fd,59,1.9666666666666666,right_ankle,0.5,0.5,0.0,540.0,960.0,0.5
f1ae9d18-a8ba-4f9a-9931-8905448347fd,59,1.9666666666666666,left_heel,0.5,0.5,0.0,540.0,960.0,0.5
f1ae9d18-a8ba-4f9a-9931-8905448347fd,59,1.9666666666666666,right_heel,0.5,0.5,0.0,540.0,960.0,0.5
f1ae9d18-a8ba-4f9a-9931-8905448347fd,59,1.9666666666666666,left_foot_index,0.5,0.5,0.0,540.0,960.0,0.5
f1ae9d18-a8ba-4f9a-9931-8905448347fd,59,1.9666666666666666,right_foot_index,0.5,0.5,0.0,540.0,960.0,0.5
f1ae9d18-a8ba-4f9a-9931-8905448347fd,60,2.0,nose,0.5,0.5,0.0,540.0,960.0,0.5
f1ae9d18-a8ba-4f9a-9931-8905448347fd,60,2.0,left_shoulder,0.5,0.5,0.0,540.0,960.0,0.5
f1ae9d18-a8ba-4f9a-9931-8905448347fd,60,2.0,right_shoulder,0.5,0.5,0.0,540.0,960.0,0.5
f1ae9d18-a8ba-4f9a-9931-8905448347fd,60,2.0,left_elbow,0.5,0.5,0.0,540.0,960.0,0.5
f1ae9d18-a8ba-4f9a-9931-8905448347fd,60,2.0,right_elbow,0.5,0.5,0.0,540.0,960.0,0.5
f1ae9d18-a8ba-4f9a-9931-8905448347fd,60,2.0,left_wrist,0.5,0.5,0.0,540.0,960.0,0.5
f1ae9d18-a8ba-4f9a-9931-8905448347fd,60,2.0,right_wrist,0.5,0.5,0.0,540.0,960.0,0.5
f1ae9d18-a8ba-4f9a-9931-8905448347fd,60,2.0,left_hip,0.5,0.5,0.0,540.0,960.0,0.5
f1ae9d18-a8ba-4f9a-9931-8905448347fd,60,2.0,right_hip,0.5,0.5,0.0,540.0,960.0,0.5
f1ae9d18-a8ba-4f9a-9931-8905448347fd,60,2.0,left_knee,0.5,0.5,0.0,540.0,960.0,0.5
f1ae9d18-a8ba-4f9a-9931-8905448347fd,60,2.0,right_knee,0.5,0.5,0.0,540.0,960.0,0.5
f1ae9d18-a8ba-4f9a-9931-8905448347fd,60,2.0,left_ankle,0.5,0.5,0.0,540.0,960.0,0.5
f1ae9d18-a8ba-4f9a-9931-8905448347fd,60,2.0,right_ankle,0.5,0.5,0.0,540.0,960.0,0.5
f1ae9d18-a8ba-4f9a-9931-8905448347fd,60,2.0,left_heel,0.5,0.5,0.0,540.0,960.0,0.5
f1ae9d18-a8ba-4f9a-9931-8905448347fd,60,2.0,right_heel,0.5,0.5,0.0,540.0,960.0,0.5
f1ae9d18-a8ba-4f9a-9931-8905448347fd,60,2.0,left_foot_index,0.5,0.5,0.0,540.0,960.0,0.5
f1ae9d18-a8ba-4f9a-9931-8905448347fd,60,2.0,right_foot_index,0.5,0.5,0.0,540.0,960.0,0.5
f1ae9d18-a8ba-4f9a-9931-8905448347fd,61,2.033333333333333,nose,0.5,0.5,0.0,540.0,960.0,0.5
f1ae9d18-a8ba-4f9a-9931-8905448347fd,61,2.033333333333333,left_shoulder,0.5,0.5,0.0,540.0,960.0,0.5
f1ae9d18-a8ba-4f9a-9931-8905448347fd,61,2.033333333333333,right_shoulder,0.5,0.5,0.0,540.0,960.0,0.5
f1ae9d18-a8ba-4f9a-9931-8905448347fd,61,2.033333333333333,left_elbow,0.5,0.5,0.0,540.0,960.0,0.5
f1ae9d18-a8ba-4f9a-9931-8905448347fd,61,2.033333333333333,right_elbow,0.5,0.5,0.0,540.0,960.0,0.5
f1ae9d18-a8ba-4f9a-9931-8905448347fd,61,2.033333333333333,left_wrist,0.5,0.5,0.0,540.0,960.0,0.5
f1ae9d18-a8ba-4f9a-9931-8905448347fd,61,2.033333333333333,right_wrist,0.5,0.5,0.0,540.0,960.0,0.5
f1ae9d18-a8ba-4f9a-9931-8905448347fd,61,2.033333333333333,left_hip,0.5,0.5,0.0,540.0,960.0,0.5
f1ae9d18-a8ba-4f9a-9931-8905448347fd,61,2.033333333333333,right_hip,0.5,0.5,0.0,540.0,960.0,0.5
f1ae9d18-a8ba-4f9a-9931-8905448347fd,61,2.033333333333333,left_knee,0.5,0.5,0.0,540.0,960.0,0.5
f1ae9d18-a8ba-4f9a-9931-8905448347fd,61,2.033333333333333,right_knee,0.5,0.5,0.0,540.0,960.0,0.5
f1ae9d18-a8ba-4f9a-9931-8905448347fd,61,2.033333333333333,left_ankle,0.5,0.5,0.0,540.0,960.0,0.5
f1ae9d18-a8ba-4f9a-9931-8905448347fd,61,2.033333333333333,right_ankle,0.5,0.5,0.0,540.0,960.0,0.5
f1ae9d18-a8ba-4f9a-9931-8905448347fd,61,2.033333333333333,left_heel,0.5,0.5,0.0,540.0,960.0,0.5
f1ae9d18-a8ba-4f9a-9931-8905448347fd,61,2.033333333333333,right_heel,0.5,0.5,0.0,540.0,960.0,0.5
f1ae9d18-a8ba-4f9a-9931-8905448347fd,61,2.033333333333333,left_foot_index,0.5,0.5,0.0,540.0,960.0,0.5
f1ae9d18-a8ba-4f9a-9931-8905448347fd,61,2.033333333333333,right_foot_index,0.5,0.5,0.0,540.0,960.0,0.5
f1ae9d18-a8ba-4f9a-9931-8905448347fd,62,2.066666666666667,nose,0.5,0.5,0.0,540.0,960.0,0.5
f1ae9d18-a8ba-4f9a-9931-8905448347fd,62,2.066666666666667,left_shoulder,0.5,0.5,0.0,540.0,960.0,0.5
f1ae9d18-a8ba-4f9a-9931-8905448347fd,62,2.066666666666667,right_shoulder,0.5,0.5,0.0,540.0,960.0,0.5
f1ae9d18-a8ba-4f9a-9931-8905448347fd,62,2.066666666666667,left_elbow,0.5,0.5,0.0,540.0,960.0,0.5
f1ae9d18-a8ba-4f9a-9931-8905448347fd,62,2.066666666666667,right_elbow,0.5,0.5,0.0,540.0,960.0,0.5
f1ae9d18-a8ba-4f9a-9931-8905448347fd,62,2.066666666666667,left_wrist,0.5,0.5,0.0,540.0,960.0,0.5
f1ae9d18-a8ba-4f9a-9931-8905448347fd,62,2.066666666666667,right_wrist,0.5,0.5,0.0,540.0,960.0,0.5
f1ae9d18-a8ba-4f9a-9931-8905448347fd,62,2.066666666666667,left_hip,0.5,0.5,0.0,540.0,960.0,0.5
f1ae9d18-a8ba-4f9a-9931-8905448347fd,62,2.066666666666667,right_hip,0.5,0.5,0.0,540.0,960.0,0.5
f1ae9d18-a8ba-4f9a-9931-8905448347fd,62,2.066666666666667,left_knee,0.5,0.5,0.0,540.0,960.0,0.5
f1ae9d18-a8ba-4f9a-9931-8905448347fd,62,2.066666666666667,right_knee,0.5,0.5,0.0,540.0,960.0,0.5
f1ae9d18-a8ba-4f9a-9931-8905448347fd,62,2.066666666666667,left_ankle,0.5,0.5,0.0,540.0,960.0,0.5
f1ae9d18-a8ba-4f9a-9931-8905448347fd,62,2.066666666666667,right_ankle,0.5,0.5,0.0,540.0,960.0,0.5
f1ae9d18-a8ba-4f9a-9931-8905448347fd,62,2.066666666666667,left_heel,0.5,0.5,0.0,540.0,960.0,0.5
f1ae9d18-a8ba-4f9a-9931-8905448347fd,62,2.066666666666667,right_heel,0.5,0.5,0.0,540.0,960.0,0.5
f1ae9d18-a8ba-4f9a-9931-8905448347fd,62,2.066666666666667,left_foot_index,0.5,0.5,0.0,540.0,960.0,0.5
f1ae9d18-a8ba-4f9a-9931-8905448347fd,62,2.066666666666667,right_foot_index,0.5,0.5,0.0,540.0,960.0,0.5
f1ae9d18-a8ba-4f9a-9931-8905448347fd,63,2.1,nose,0.5,0.5,0.0,540.0,960.0,0.5
f1ae9d18-a8ba-4f9a-9931-8905448347fd,63,2.1,left_shoulder,0.5,0.5,0.0,540.0,960.0,0.5
f1ae9d18-a8ba-4f9a-9931-8905448347fd,63,2.1,right_shoulder,0.5,0.5,0.0,540.0,960.0,0.5
f1ae9d18-a8ba-4f9a-9931-8905448347fd,63,2.1,left_elbow,0.5,0.5,0.0,540.0,960.0,0.5
f1ae9d18-a8ba-4f9a-9931-8905448347fd,63,2.1,right_elbow,0.5,0.5,0.0,540.0,960.0,0.5
f1ae9d18-a8ba-4f9a-9931-8905448347fd,63,2.1,left_wrist,0.5,0.5,0.0,540.0,960.0,0.5
f1ae9d18-a8ba-4f9a-9931-8905448347fd,63,2.1,right_wrist,0.5,0.5,0.0,540.0,960.0,0.5
f1ae9d18-a8ba-4f9a-9931-8905448347fd,63,2.1,left_hip,0.5,0.5,0.0,540.0,960.0,0.5
f1ae9d18-a8ba-4f9a-9931-8905448347fd,63,2.1,right_hip,0.5,0.5,0.0,540.0,960.0,0.5
f1ae9d18-a8ba-4f9a-9931-8905448347fd,63,2.1,left_knee,0.5,0.5,0.0,540.0,960.0,0.5
f1ae9d18-a8ba-4f9a-9931-8905448347fd,63,2.1,right_knee,0.5,0.5,0.0,540.0,960.0,0.5
f1ae9d18-a8ba-4f9a-9931-8905448347fd,63,2.1,left_ankle,0.5,0.5,0.0,540.0,960.0,0.5
f1ae9d18-a8ba-4f9a-9931-8905448347fd,63,2.1,right_ankle,0.5,0.5,0.0,540.0,960.0,0.5
f1ae9d18-a8ba-4f9a-9931-8905448347fd,63,2.1,left_heel,0.5,0.5,0.0,540.0,960.0,0.5
f1ae9d18-a8ba-4f9a-9931-8905448347fd,63,2.1,right_heel,0.5,0.5,0.0,540.0,960.0,0.5
f1ae9d18-a8ba-4f9a-9931-8905448347fd,63,2.1,left_foot_index,0.5,0.5,0.0,540.0,960.0,0.5
f1ae9d18-a8ba-4f9a-9931-8905448347fd,63,2.1,right_foot_index,0.5,0.5,0.0,540.0,960.0,0.5
f1ae9d18-a8ba-4f9a-9931-8905448347fd,64,2.1333333333333333,nose,0.5,0.5,0.0,540.0,960.0,0.5
f1ae9d18-a8ba-4f9a-9931-8905448347fd,64,2.1333333333333333,left_shoulder,0.5,0.5,0.0,540.0,960.0,0.5
f1ae9d18-a8ba-4f9a-9931-8905448347fd,64,2.1333333333333333,right_shoulder,0.5,0.5,0.0,540.0,960.0,0.5
f1ae9d18-a8ba-4f9a-9931-8905448347fd,64,2.1333333333333333,left_elbow,0.5,0.5,0.0,540.0,960.0,0.5
f1ae9d18-a8ba-4f9a-9931-8905448347fd,64,2.1333333333333333,right_elbow,0.5,0.5,0.0,540.0,960.0,0.5
f1ae9d18-a8ba-4f9a-9931-8905448347fd,64,2.1333333333333333,left_wrist,0.5,0.5,0.0,540.0,960.0,0.5
f1ae9d18-a8ba-4f9a-9931-8905448347fd,64,2.1333333333333333,right_wrist,0.5,0.5,0.0,540.0,960.0,0.5
f1ae9d18-a8ba-4f9a-9931-8905448347fd,64,2.1333333333333333,left_hip,0.5,0.5,0.0,540.0,960.0,0.5
f1ae9d18-a8ba-4f9a-9931-8905448347fd,64,2.1333333333333333,right_hip,0.5,0.5,0.0,540.0,960.0,0.5
f1ae9d18-a8ba-4f9a-9931-8905448347fd,64,2.1333333333333333,left_knee,0.5,0.5,0.0,540.0,960.0,0.5
f1ae9d18-a8ba-4f9a-9931-8905448347fd,64,2.1333333333333333,right_knee,0.5,0.5,0.0,540.0,960.0,0.5
f1ae9d18-a8ba-4f9a-9931-8905448347fd,64,2.1333333333333333,left_ankle,0.5,0.5,0.0,540.0,960.0,0.5
f1ae9d18-a8ba-4f9a-9931-8905448347fd,64,2.1333333333333333,right_ankle,0.5,0.5,0.0,540.0,960.0,0.5
f1ae9d18-a8ba-4f9a-9931-8905448347fd,64,2.1333333333333333,left_heel,0.5,0.5,0.0,540.0,960.0,0.5
f1ae9d18-a8ba-4f9a-9931-8905448347fd,64,2.1333333333333333,right_heel,0.5,0.5,0.0,540.0,960.0,0.5
f1ae9d18-a8ba-4f9a-9931-8905448347fd,64,2.1333333333333333,left_foot_index,0.5,0.5,0.0,540.0,960.0,0.5
f1ae9d18-a8ba-4f9a-9931-8905448347fd,64,2.1333333333333333,right_foot_index,0.5,0.5,0.0,540.0,960.0,0.5
f1ae9d18-a8ba-4f9a-9931-8905448347fd,65,2.1666666666666665,nose,0.5,0.5,0.0,540.0,960.0,0.5
f1ae9d18-a8ba-4f9a-9931-8905448347fd,65,2.1666666666666665,left_shoulder,0.5,0.5,0.0,540.0,960.0,0.5
f1ae9d18-a8ba-4f9a-9931-8905448347fd,65,2.1666666666666665,right_shoulder,0.5,0.5,0.0,540.0,960.0,0.5
f1ae9d18-a8ba-4f9a-9931-8905448347fd,65,2.1666666666666665,left_elbow,0.5,0.5,0.0,540.0,960.0,0.5
f1ae9d18-a8ba-4f9a-9931-8905448347fd,65,2.1666666666666665,right_elbow,0.5,0.5,0.0,540.0,960.0,0.5
f1ae9d18-a8ba-4f9a-9931-8905448347fd,65,2.1666666666666665,left_wrist,0.5,0.5,0.0,540.0,960.0,0.5
f1ae9d18-a8ba-4f9a-9931-8905448347fd,65,2.1666666666666665,right_wrist,0.5,0.5,0.0,540.0,960.0,0.5
f1ae9d18-a8ba-4f9a-9931-8905448347fd,65,2.1666666666666665,left_hip,0.5,0.5,0.0,540.0,960.0,0.5
f1ae9d18-a8ba-4f9a-9931-8905448347fd,65,2.1666666666666665,right_hip,0.5,0.5,0.0,540.0,960.0,0.5
f1ae9d18-a8ba-4f9a-9931-8905448347fd,65,2.1666666666666665,left_knee,0.5,0.5,0.0,540.0,960.0,0.5
f1ae9d18-a8ba-4f9a-9931-8905448347fd,65,2.1666666666666665,right_knee,0.5,0.5,0.0,540.0,960.0,0.5
f1ae9d18-a8ba-4f9a-9931-8905448347fd,65,2.1666666666666665,left_ankle,0.5,0.5,0.0,540.0,960.0,0.5
f1ae9d18-a8ba-4f9a-9931-8905448347fd,65,2.1666666666666665,right_ankle,0.5,0.5,0.0,540.0,960.0,0.5
f1ae9d18-a8ba-4f9a-9931-8905448347fd,65,2.1666666666666665,left_heel,0.5,0.5,0.0,540.0,960.0,0.5
f1ae9d18-a8ba-4f9a-9931-8905448347fd,65,2.1666666666666665,right_heel,0.5,0.5,0.0,540.0,960.0,0.5
f1ae9d18-a8ba-4f9a-9931-8905448347fd,65,2.1666666666666665,left_foot_index,0.5,0.5,0.0,540.0,960.0,0.5
f1ae9d18-a8ba-4f9a-9931-8905448347fd,65,2.1666666666666665,right_foot_index,0.5,0.5,0.0,540.0,960.0,0.5
f1ae9d18-a8ba-4f9a-9931-8905448347fd,66,2.2,nose,0.5,0.5,0.0,540.0,960.0,0.5
f1ae9d18-a8ba-4f9a-9931-8905448347fd,66,2.2,left_shoulder,0.5,0.5,0.0,540.0,960.0,0.5
f1ae9d18-a8ba-4f9a-9931-8905448347fd,66,2.2,right_shoulder,0.5,0.5,0.0,540.0,960.0,0.5
f1ae9d18-a8ba-4f9a-9931-8905448347fd,66,2.2,left_elbow,0.5,0.5,0.0,540.0,960.0,0.5
f1ae9d18-a8ba-4f9a-9931-8905448347fd,66,2.2,right_elbow,0.5,0.5,0.0,540.0,960.0,0.5
f1ae9d18-a8ba-4f9a-9931-8905448347fd,66,2.2,left_wrist,0.5,0.5,0.0,540.0,960.0,0.5
f1ae9d18-a8ba-4f9a-9931-8905448347fd,66,2.2,right_wrist,0.5,0.5,0.0,540.0,960.0,0.5
f1ae9d18-a8ba-4f9a-9931-8905448347fd,66,2.2,left_hip,0.5,0.5,0.0,540.0,960.0,0.5
f1ae9d18-a8ba-4f9a-9931-8905448347fd,66,2.2,right_hip,0.5,0.5,0.0,540.0,960.0,0.5
f1ae9d18-a8ba-4f9a-9931-8905448347fd,66,2.2,left_knee,0.5,0.5,0.0,540.0,960.0,0.5
f1ae9d18-a8ba-4f9a-9931-8905448347fd,66,2.2,right_knee,0.5,0.5,0.0,540.0,960.0,0.5
f1ae9d18-a8ba-4f9a-9931-8905448347fd,66,2.2,left_ankle,0.5,0.5,0.0,540.0,960.0,0.5
f1ae9d18-a8ba-4f9a-9931-8905448347fd,66,2.2,right_ankle,0.5,0.5,0.0,540.0,960.0,0.5
f1ae9d18-a8ba-4f9a-9931-8905448347fd,66,2.2,left_heel,0.5,0.5,0.0,540.0,960.0,0.5
f1ae9d18-a8ba-4f9a-9931-8905448347fd,66,2.2,right_heel,0.5,0.5,0.0,540.0,960.0,0.5
f1ae9d18-a8ba-4f9a-9931-8905448347fd,66,2.2,left_foot_index,0.5,0.5,0.0,540.0,960.0,0.5
f1ae9d18-a8ba-4f9a-9931-8905448347fd,66,2.2,right_foot_index,0.5,0.5,0.0,540.0,960.0,0.5
f1ae9d18-a8ba-4f9a-9931-8905448347fd,67,2.2333333333333334,nose,0.5,0.5,0.0,540.0,960.0,0.5
f1ae9d18-a8ba-4f9a-9931-8905448347fd,67,2.2333333333333334,left_shoulder,0.5,0.5,0.0,540.0,960.0,0.5
f1ae9d18-a8ba-4f9a-9931-8905448347fd,67,2.2333333333333334,right_shoulder,0.5,0.5,0.0,540.0,960.0,0.5
f1ae9d18-a8ba-4f9a-9931-8905448347fd,67,2.2333333333333334,left_elbow,0.5,0.5,0.0,540.0,960.0,0.5
f1ae9d18-a8ba-4f9a-9931-8905448347fd,67,2.2333333333333334,right_elbow,0.5,0.5,0.0,540.0,960.0,0.5
f1ae9d18-a8ba-4f9a-9931-8905448347fd,67,2.2333333333333334,left_wrist,0.5,0.5,0.0,540.0,960.0,0.5
f1ae9d18-a8ba-4f9a-9931-8905448347fd,67,2.2333333333333334,right_wrist,0.5,0.5,0.0,540.0,960.0,0.5
f1ae9d18-a8ba-4f9a-9931-8905448347fd,67,2.2333333333333334,left_hip,0.5,0.5,0.0,540.0,960.0,0.5
f1ae9d18-a8ba-4f9a-9931-8905448347fd,67,2.2333333333333334,right_hip,0.5,0.5,0.0,540.0,960.0,0.5
f1ae9d18-a8ba-4f9a-9931-8905448347fd,67,2.2333333333333334,left_knee,0.5,0.5,0.0,540.0,960.0,0.5
f1ae9d18-a8ba-4f9a-9931-8905448347fd,67,2.2333333333333334,right_knee,0.5,0.5,0.0,540.0,960.0,0.5
f1ae9d18-a8ba-4f9a-9931-8905448347fd,67,2.2333333333333334,left_ankle,0.5,0.5,0.0,540.0,960.0,0.5
f1ae9d18-a8ba-4f9a-9931-8905448347fd,67,2.2333333333333334,right_ankle,0.5,0.5,0.0,540.0,960.0,0.5
f1ae9d18-a8ba-4f9a-9931-8905448347fd,67,2.2333333333333334,left_heel,0.5,0.5,0.0,540.0,960.0,0.5
f1ae9d18-a8ba-4f9a-9931-8905448347fd,67,2.2333333333333334,right_heel,0.5,0.5,0.0,540.0,960.0,0.5
f1ae9d18-a8ba-4f9a-9931-8905448347fd,67,2.2333333333333334,left_foot_index,0.5,0.5,0.0,540.0,960.0,0.5
f1ae9d18-a8ba-4f9a-9931-8905448347fd,67,2.2333333333333334,right_foot_index,0.5,0.5,0.0,540.0,960.0,0.5
f1ae9d18-a8ba-4f9a-9931-8905448347fd,68,2.2666666666666666,nose,0.5,0.5,0.0,540.0,960.0,0.5
f1ae9d18-a8ba-4f9a-9931-8905448347fd,68,2.2666666666666666,left_shoulder,0.5,0.5,0.0,540.0,960.0,0.5
f1ae9d18-a8ba-4f9a-9931-8905448347fd,68,2.2666666666666666,right_shoulder,0.5,0.5,0.0,540.0,960.0,0.5
f1ae9d18-a8ba-4f9a-9931-8905448347fd,68,2.2666666666666666,left_elbow,0.5,0.5,0.0,540.0,960.0,0.5
f1ae9d18-a8ba-4f9a-9931-8905448347fd,68,2.2666666666666666,right_elbow,0.5,0.5,0.0,540.0,960.0,0.5
f1ae9d18-a8ba-4f9a-9931-8905448347fd,68,2.2666666666666666,left_wrist,0.5,0.5,0.0,540.0,960.0,0.5
f1ae9d18-a8ba-4f9a-9931-8905448347fd,68,2.2666666666666666,right_wrist,0.5,0.5,0.0,540.0,960.0,0.5
f1ae9d18-a8ba-4f9a-9931-8905448347fd,68,2.2666666666666666,left_hip,0.5,0.5,0.0,540.0,960.0,0.5
f1ae9d18-a8ba-4f9a-9931-8905448347fd,68,2.2666666666666666,right_hip,0.5,0.5,0.0,540.0,960.0,0.5
f1ae9d18-a8ba-4f9a-9931-8905448347fd,68,2.2666666666666666,left_knee,0.5,0.5,0.0,540.0,960.0,0.5
f1ae9d18-a8ba-4f9a-9931-8905448347fd,68,2.2666666666666666,right_knee,0.5,0.5,0.0,540.0,960.0,0.5
f1ae9d18-a8ba-4f9a-9931-8905448347fd,68,2.2666666666666666,left_ankle,0.5,0.5,0.0,540.0,960.0,0.5
f1ae9d18-a8ba-4f9a-9931-8905448347fd,68,2.2666666666666666,right_ankle,0.5,0.5,0.0,540.0,960.0,0.5
f1ae9d18-a8ba-4f9a-9931-8905448347fd,68,2.2666666666666666,left_heel,0.5,0.5,0.0,540.0,960.0,0.5
f1ae9d18-a8ba-4f9a-9931-8905448347fd,68,2.2666666666666666,right_heel,0.5,0.5,0.0,540.0,960.0,0.5
f1ae9d18-a8ba-4f9a-9931-8905448347fd,68,2.2666666666666666,left_foot_index,0.5,0.5,0.0,540.0,960.0,0.5
f1ae9d18-a8ba-4f9a-9931-8905448347fd,68,2.2666666666666666,right_foot_index,0.5,0.5,0.0,540.0,960.0,0.5
f1ae9d18-a8ba-4f9a-9931-8905448347fd,69,2.3,nose,0.5,0.5,0.0,540.0,960.0,0.5
f1ae9d18-a8ba-4f9a-9931-8905448347fd,69,2.3,left_shoulder,0.5,0.5,0.0,540.0,960.0,0.5
f1ae9d18-a8ba-4f9a-9931-8905448347fd,69,2.3,right_shoulder,0.5,0.5,0.0,540.0,960.0,0.5
f1ae9d18-a8ba-4f9a-9931-8905448347fd,69,2.3,left_elbow,0.5,0.5,0.0,540.0,960.0,0.5
f1ae9d18-a8ba-4f9a-9931-8905448347fd,69,2.3,right_elbow,0.5,0.5,0.0,540.0,960.0,0.5
f1ae9d18-a8ba-4f9a-9931-8905448347fd,69,2.3,left_wrist,0.5,0.5,0.0,540.0,960.0,0.5
f1ae9d18-a8ba-4f9a-9931-8905448347fd,69,2.3,right_wrist,0.5,0.5,0.0,540.0,960.0,0.5
f1ae9d18-a8ba-4f9a-9931-8905448347fd,69,2.3,left_hip,0.5,0.5,0.0,540.0,960.0,0.5
f1ae9d18-a8ba-4f9a-9931-8905448347fd,69,2.3,right_hip,0.5,0.5,0.0,540.0,960.0,0.5
f1ae9d18-a8ba-4f9a-9931-8905448347fd,69,2.3,left_knee,0.5,0.5,0.0,540.0,960.0,0.5
f1ae9d18-a8ba-4f9a-9931-8905448347fd,69,2.3,right_knee,0.5,0.5,0.0,540.0,960.0,0.5
f1ae9d18-a8ba-4f9a-9931-8905448347fd,69,2.3,left_ankle,0.5,0.5,0.0,540.0,960.0,0.5
f1ae9d18-a8ba-4f9a-9931-8905448347fd,69,2.3,right_ankle,0.5,0.5,0.0,540.0,960.0,0.5
f1ae9d18-a8ba-4f9a-9931-8905448347fd,69,2.3,left_heel,0.5,0.5,0.0,540.0,960.0,0.5
f1ae9d18-a8ba-4f9a-9931-8905448347fd,69,2.3,right_heel,0.5,0.5,0.0,540.0,960.0,0.5
f1ae9d18-a8ba-4f9a-9931-8905448347fd,69,2.3,left_foot_index,0.5,0.5,0.0,540.0,960.0,0.5
f1ae9d18-a8ba-4f9a-9931-8905448347fd,69,2.3,right_foot_index,0.5,0.5,0.0,540.0,960.0,0.5
f1ae9d18-a8ba-4f9a-9931-8905448347fd,70,2.3333333333333335,nose,0.5,0.5,0.0,540.0,960.0,0.5
f1ae9d18-a8ba-4f9a-9931-8905448347fd,70,2.3333333333333335,left_shoulder,0.5,0.5,0.0,540.0,960.0,0.5
f1ae9d18-a8ba-4f9a-9931-8905448347fd,70,2.3333333333333335,right_shoulder,0.5,0.5,0.0,540.0,960.0,0.5
f1ae9d18-a8ba-4f9a-9931-8905448347fd,70,2.3333333333333335,left_elbow,0.5,0.5,0.0,540.0,960.0,0.5
f1ae9d18-a8ba-4f9a-9931-8905448347fd,70,2.3333333333333335,right_elbow,0.5,0.5,0.0,540.0,960.0,0.5
f1ae9d18-a8ba-4f9a-9931-8905448347fd,70,2.3333333333333335,left_wrist,0.5,0.5,0.0,540.0,960.0,0.5
f1ae9d18-a8ba-4f9a-9931-8905448347fd,70,2.3333333333333335,right_wrist,0.5,0.5,0.0,540.0,960.0,0.5
f1ae9d18-a8ba-4f9a-9931-8905448347fd,70,2.3333333333333335,left_hip,0.5,0.5,0.0,540.0,960.0,0.5
f1ae9d18-a8ba-4f9a-9931-8905448347fd,70,2.3333333333333335,right_hip,0.5,0.5,0.0,540.0,960.0,0.5
f1ae9d18-a8ba-4f9a-9931-8905448347fd,70,2.3333333333333335,left_knee,0.5,0.5,0.0,540.0,960.0,0.5
f1ae9d18-a8ba-4f9a-9931-8905448347fd,70,2.3333333333333335,right_knee,0.5,0.5,0.0,540.0,960.0,0.5
f1ae9d18-a8ba-4f9a-9931-8905448347fd,70,2.3333333333333335,left_ankle,0.5,0.5,0.0,540.0,960.0,0.5
f1ae9d18-a8ba-4f9a-9931-8905448347fd,70,2.3333333333333335,right_ankle,0.5,0.5,0.0,540.0,960.0,0.5
f1ae9d18-a8ba-4f9a-9931-8905448347fd,70,2.3333333333333335,left_heel,0.5,0.5,0.0,540.0,960.0,0.5
f1ae9d18-a8ba-4f9a-9931-8905448347fd,70,2.3333333333333335,right_heel,0.5,0.5,0.0,540.0,960.0,0.5
f1ae9d18-a8ba-4f9a-9931-8905448347fd,70,2.3333333333333335,left_foot_index,0.5,0.5,0.0,540.0,960.0,0.5
f1ae9d18-a8ba-4f9a-9931-8905448347fd,70,2.3333333333333335,right_foot_index,0.5,0.5,0.0,540.0,960.0,0.5
f1ae9d18-a8ba-4f9a-9931-8905448347fd,71,2.3666666666666667,nose,0.5,0.5,0.0,540.0,960.0,0.5
f1ae9d18-a8ba-4f9a-9931-8905448347fd,71,2.3666666666666667,left_shoulder,0.5,0.5,0.0,540.0,960.0,0.5
f1ae9d18-a8ba-4f9a-9931-8905448347fd,71,2.3666666666666667,right_shoulder,0.5,0.5,0.0,540.0,960.0,0.5
f1ae9d18-a8ba-4f9a-9931-8905448347fd,71,2.3666666666666667,left_elbow,0.5,0.5,0.0,540.0,960.0,0.5
f1ae9d18-a8ba-4f9a-9931-8905448347fd,71,2.3666666666666667,right_elbow,0.5,0.5,0.0,540.0,960.0,0.5
f1ae9d18-a8ba-4f9a-9931-8905448347fd,71,2.3666666666666667,left_wrist,0.5,0.5,0.0,540.0,960.0,0.5
f1ae9d18-a8ba-4f9a-9931-8905448347fd,71,2.3666666666666667,right_wrist,0.5,0.5,0.0,540.0,960.0,0.5
f1ae9d18-a8ba-4f9a-9931-8905448347fd,71,2.3666666666666667,left_hip,0.5,0.5,0.0,540.0,960.0,0.5
f1ae9d18-a8ba-4f9a-9931-8905448347fd,71,2.3666666666666667,right_hip,0.5,0.5,0.0,540.0,960.0,0.5
f1ae9d18-a8ba-4f9a-9931-8905448347fd,71,2.3666666666666667,left_knee,0.5,0.5,0.0,540.0,960.0,0.5
f1ae9d18-a8ba-4f9a-9931-8905448347fd,71,2.3666666666666667,right_knee,0.5,0.5,0.0,540.0,960.0,0.5
f1ae9d18-a8ba-4f9a-9931-8905448347fd,71,2.3666666666666667,left_ankle,0.5,0.5,0.0,540.0,960.0,0.5
f1ae9d18-a8ba-4f9a-9931-8905448347fd,71,2.3666666666666667,right_ankle,0.5,0.5,0.0,540.0,960.0,0.5
f1ae9d18-a8ba-4f9a-9931-8905448347fd,71,2.3666666666666667,left_heel,0.5,0.5,0.0,540.0,960.0,0.5
f1ae9d18-a8ba-4f9a-9931-8905448347fd,71,2.3666666666666667,right_heel,0.5,0.5,0.0,540.0,960.0,0.5
f1ae9d18-a8ba-4f9a-9931-8905448347fd,71,2.3666666666666667,left_foot_index,0.5,0.5,0.0,540.0,960.0,0.5
f1ae9d18-a8ba-4f9a-9931-8905448347fd,71,2.3666666666666667,right_foot_index,0.5,0.5,0.0,540.0,960.0,0.5
f1ae9d18-a8ba-4f9a-9931-8905448347fd,72,2.4,nose,0.5,0.5,0.0,540.0,960.0,0.5
f1ae9d18-a8ba-4f9a-9931-8905448347fd,72,2.4,left_shoulder,0.5,0.5,0.0,540.0,960.0,0.5
f1ae9d18-a8ba-4f9a-9931-8905448347fd,72,2.4,right_shoulder,0.5,0.5,0.0,540.0,960.0,0.5
f1ae9d18-a8ba-4f9a-9931-8905448347fd,72,2.4,left_elbow,0.5,0.5,0.0,540.0,960.0,0.5
f1ae9d18-a8ba-4f9a-9931-8905448347fd,72,2.4,right_elbow,0.5,0.5,0.0,540.0,960.0,0.5
f1ae9d18-a8ba-4f9a-9931-8905448347fd,72,2.4,left_wrist,0.5,0.5,0.0,540.0,960.0,0.5
f1ae9d18-a8ba-4f9a-9931-8905448347fd,72,2.4,right_wrist,0.5,0.5,0.0,540.0,960.0,0.5
f1ae9d18-a8ba-4f9a-9931-8905448347fd,72,2.4,left_hip,0.5,0.5,0.0,540.0,960.0,0.5
f1ae9d18-a8ba-4f9a-9931-8905448347fd,72,2.4,right_hip,0.5,0.5,0.0,540.0,960.0,0.5
f1ae9d18-a8ba-4f9a-9931-8905448347fd,72,2.4,left_knee,0.5,0.5,0.0,540.0,960.0,0.5
f1ae9d18-a8ba-4f9a-9931-8905448347fd,72,2.4,right_knee,0.5,0.5,0.0,540.0,960.0,0.5
f1ae9d18-a8ba-4f9a-9931-8905448347fd,72,2.4,left_ankle,0.5,0.5,0.0,540.0,960.0,0.5
f1ae9d18-a8ba-4f9a-9931-8905448347fd,72,2.4,right_ankle,0.5,0.5,0.0,540.0,960.0,0.5
f1ae9d18-a8ba-4f9a-9931-8905448347fd,72,2.4,left_heel,0.5,0.5,0.0,540.0,960.0,0.5
f1ae9d18-a8ba-4f9a-9931-8905448347fd,72,2.4,right_heel,0.5,0.5,0.0,540.0,960.0,0.5
f1ae9d18-a8ba-4f9a-9931-8905448347fd,72,2.4,left_foot_index,0.5,0.5,0.0,540.0,960.0,0.5
f1ae9d18-a8ba-4f9a-9931-8905448347fd,72,2.4,right_foot_index,0.5,0.5,0.0,540.0,960.0,0.5
f1ae9d18-a8ba-4f9a-9931-8905448347fd,73,2.433333333333333,nose,0.5,0.5,0.0,540.0,960.0,0.5
f1ae9d18-a8ba-4f9a-9931-8905448347fd,73,2.433333333333333,left_shoulder,0.5,0.5,0.0,540.0,960.0,0.5
f1ae9d18-a8ba-4f9a-9931-8905448347fd,73,2.433333333333333,right_shoulder,0.5,0.5,0.0,540.0,960.0,0.5
f1ae9d18-a8ba-4f9a-9931-8905448347fd,73,2.433333333333333,left_elbow,0.5,0.5,0.0,540.0,960.0,0.5
f1ae9d18-a8ba-4f9a-9931-8905448347fd,73,2.433333333333333,right_elbow,0.5,0.5,0.0,540.0,960.0,0.5
f1ae9d18-a8ba-4f9a-9931-8905448347fd,73,2.433333333333333,left_wrist,0.5,0.5,0.0,540.0,960.0,0.5
f1ae9d18-a8ba-4f9a-9931-8905448347fd,73,2.433333333333333,right_wrist,0.5,0.5,0.0,540.0,960.0,0.5
f1ae9d18-a8ba-4f9a-9931-8905448347fd,73,2.433333333333333,left_hip,0.5,0.5,0.0,540.0,960.0,0.5
f1ae9d18-a8ba-4f9a-9931-8905448347fd,73,2.433333333333333,right_hip,0.5,0.5,0.0,540.0,960.0,0.5
f1ae9d18-a8ba-4f9a-9931-8905448347fd,73,2.433333333333333,left_knee,0.5,0.5,0.0,540.0,960.0,0.5
f1ae9d18-a8ba-4f9a-9931-8905448347fd,73,2.433333333333333,right_knee,0.5,0.5,0.0,540.0,960.0,0.5
f1ae9d18-a8ba-4f9a-9931-8905448347fd,73,2.433333333333333,left_ankle,0.5,0.5,0.0,540.0,960.0,0.5
f1ae9d18-a8ba-4f9a-9931-8905448347fd,73,2.433333333333333,right_ankle,0.5,0.5,0.0,540.0,960.0,0.5
f1ae9d18-a8ba-4f9a-9931-8905448347fd,73,2.433333333333333,left_heel,0.5,0.5,0.0,540.0,960.0,0.5
f1ae9d18-a8ba-4f9a-9931-8905448347fd,73,2.433333333333333,right_heel,0.5,0.5,0.0,540.0,960.0,0.5
f1ae9d18-a8ba-4f9a-9931-8905448347fd,73,2.433333333333333,left_foot_index,0.5,0.5,0.0,540.0,960.0,0.5
f1ae9d18-a8ba-4f9a-9931-8905448347fd,73,2.433333333333333,right_foot_index,0.5,0.5,0.0,540.0,960.0,0.5
f1ae9d18-a8ba-4f9a-9931-8905448347fd,74,2.466666666666667,nose,0.5,0.5,0.0,540.0,960.0,0.5
f1ae9d18-a8ba-4f9a-9931-8905448347fd,74,2.466666666666667,left_shoulder,0.5,0.5,0.0,540.0,960.0,0.5
f1ae9d18-a8ba-4f9a-9931-8905448347fd,74,2.466666666666667,right_shoulder,0.5,0.5,0.0,540.0,960.0,0.5
f1ae9d18-a8ba-4f9a-9931-8905448347fd,74,2.466666666666667,left_elbow,0.5,0.5,0.0,540.0,960.0,0.5
f1ae9d18-a8ba-4f9a-9931-8905448347fd,74,2.466666666666667,right_elbow,0.5,0.5,0.0,540.0,960.0,0.5
f1ae9d18-a8ba-4f9a-9931-8905448347fd,74,2.466666666666667,left_wrist,0.5,0.5,0.0,540.0,960.0,0.5
f1ae9d18-a8ba-4f9a-9931-8905448347fd,74,2.466666666666667,right_wrist,0.5,0.5,0.0,540.0,960.0,0.5
f1ae9d18-a8ba-4f9a-9931-8905448347fd,74,2.466666666666667,left_hip,0.5,0.5,0.0,540.0,960.0,0.5
f1ae9d18-a8ba-4f9a-9931-8905448347fd,74,2.466666666666667,right_hip,0.5,0.5,0.0,540.0,960.0,0.5
f1ae9d18-a8ba-4f9a-9931-8905448347fd,74,2.466666666666667,left_knee,0.5,0.5,0.0,540.0,960.0,0.5
f1ae9d18-a8ba-4f9a-9931-8905448347fd,74,2.466666666666667,right_knee,0.5,0.5,0.0,540.0,960.0,0.5
f1ae9d18-a8ba-4f9a-9931-8905448347fd,74,2.466666666666667,left_ankle,0.5,0.5,0.0,540.0,960.0,0.5
f1ae9d18-a8ba-4f9a-9931-8905448347fd,74,2.466666666666667,right_ankle,0.5,0.5,0.0,540.0,960.0,0.5
f1ae9d18-a8ba-4f9a-9931-8905448347fd,74,2.466666666666667,left_heel,0.5,0.5,0.0,540.0,960.0,0.5
f1ae9d18-a8ba-4f9a-9931-8905448347fd,74,2.466666666666667,right_heel,0.5,0.5,0.0,540.0,960.0,0.5
f1ae9d18-a8ba-4f9a-9931-8905448347fd,74,2.466666666666667,left_foot_index,0.5,0.5,0.0,540.0,960.0,0.5
f1ae9d18-a8ba-4f9a-9931-8905448347fd,74,2.466666666666667,right_foot_index,0.5,0.5,0.0,540.0,960.0,0.5
f1ae9d18-a8ba-4f9a-9931-8905448347fd,75,2.5,nose,0.5,0.5,0.0,540.0,960.0,0.5
f1ae9d18-a8ba-4f9a-9931-8905448347fd,75,2.5,left_shoulder,0.5,0.5,0.0,540.0,960.0,0.5
f1ae9d18-a8ba-4f9a-9931-8905448347fd,75,2.5,right_shoulder,0.5,0.5,0.0,540.0,960.0,0.5
f1ae9d18-a8ba-4f9a-9931-8905448347fd,75,2.5,left_elbow,0.5,0.5,0.0,540.0,960.0,0.5
f1ae9d18-a8ba-4f9a-9931-8905448347fd,75,2.5,right_elbow,0.5,0.5,0.0,540.0,960.0,0.5
f1ae9d18-a8ba-4f9a-9931-8905448347fd,75,2.5,left_wrist,0.5,0.5,0.0,540.0,960.0,0.5
f1ae9d18-a8ba-4f9a-9931-8905448347fd,75,2.5,right_wrist,0.5,0.5,0.0,540.0,960.0,0.5
f1ae9d18-a8ba-4f9a-9931-8905448347fd,75,2.5,left_hip,0.5,0.5,0.0,540.0,960.0,0.5
f1ae9d18-a8ba-4f9a-9931-8905448347fd,75,2.5,right_hip,0.5,0.5,0.0,540.0,960.0,0.5
f1ae9d18-a8ba-4f9a-9931-8905448347fd,75,2.5,left_knee,0.5,0.5,0.0,540.0,960.0,0.5
f1ae9d18-a8ba-4f9a-9931-8905448347fd,75,2.5,right_knee,0.5,0.5,0.0,540.0,960.0,0.5
f1ae9d18-a8ba-4f9a-9931-8905448347fd,75,2.5,left_ankle,0.5,0.5,0.0,540.0,960.0,0.5
f1ae9d18-a8ba-4f9a-9931-8905448347fd,75,2.5,right_ankle,0.5,0.5,0.0,540.0,960.0,0.5
f1ae9d18-a8ba-4f9a-9931-8905448347fd,75,2.5,left_heel,0.5,0.5,0.0,540.0,960.0,0.5
f1ae9d18-a8ba-4f9a-9931-8905448347fd,75,2.5,right_heel,0.5,0.5,0.0,540.0,960.0,0.5
f1ae9d18-a8ba-4f9a-9931-8905448347fd,75,2.5,left_foot_index,0.5,0.5,0.0,540.0,960.0,0.5
f1ae9d18-a8ba-4f9a-9931-8905448347fd,75,2.5,right_foot_index,0.5,0.5,0.0,540.0,960.0,0.5
f1ae9d18-a8ba-4f9a-9931-8905448347fd,76,2.533333333333333,nose,0.5,0.5,0.0,540.0,960.0,0.5
f1ae9d18-a8ba-4f9a-9931-8905448347fd,76,2.533333333333333,left_shoulder,0.5,0.5,0.0,540.0,960.0,0.5
f1ae9d18-a8ba-4f9a-9931-8905448347fd,76,2.533333333333333,right_shoulder,0.5,0.5,0.0,540.0,960.0,0.5
f1ae9d18-a8ba-4f9a-9931-8905448347fd,76,2.533333333333333,left_elbow,0.5,0.5,0.0,540.0,960.0,0.5
f1ae9d18-a8ba-4f9a-9931-8905448347fd,76,2.533333333333333,right_elbow,0.5,0.5,0.0,540.0,960.0,0.5
f1ae9d18-a8ba-4f9a-9931-8905448347fd,76,2.533333333333333,left_wrist,0.5,0.5,0.0,540.0,960.0,0.5
f1ae9d18-a8ba-4f9a-9931-8905448347fd,76,2.533333333333333,right_wrist,0.5,0.5,0.0,540.0,960.0,0.5
f1ae9d18-a8ba-4f9a-9931-8905448347fd,76,2.533333333333333,left_hip,0.5,0.5,0.0,540.0,960.0,0.5
f1ae9d18-a8ba-4f9a-9931-8905448347fd,76,2.533333333333333,right_hip,0.5,0.5,0.0,540.0,960.0,0.5
f1ae9d18-a8ba-4f9a-9931-8905448347fd,76,2.533333333333333,left_knee,0.5,0.5,0.0,540.0,960.0,0.5
f1ae9d18-a8ba-4f9a-9931-8905448347fd,76,2.533333333333333,right_knee,0.5,0.5,0.0,540.0,960.0,0.5
f1ae9d18-a8ba-4f9a-9931-8905448347fd,76,2.533333333333333,left_ankle,0.5,0.5,0.0,540.0,960.0,0.5
f1ae9d18-a8ba-4f9a-9931-8905448347fd,76,2.533333333333333,right_ankle,0.5,0.5,0.0,540.0,960.0,0.5
f1ae9d18-a8ba-4f9a-9931-8905448347fd,76,2.533333333333333,left_heel,0.5,0.5,0.0,540.0,960.0,0.5
f1ae9d18-a8ba-4f9a-9931-8905448347fd,76,2.533333333333333,right_heel,0.5,0.5,0.0,540.0,960.0,0.5
f1ae9d18-a8ba-4f9a-9931-8905448347fd,76,2.533333333333333,left_foot_index,0.5,0.5,0.0,540.0,960.0,0.5
f1ae9d18-a8ba-4f9a-9931-8905448347fd,76,2.533333333333333,right_foot_index,0.5,0.5,0.0,540.0,960.0,0.5
f1ae9d18-a8ba-4f9a-9931-8905448347fd,77,2.566666666666667,nose,0.5,0.5,0.0,540.0,960.0,0.5
f1ae9d18-a8ba-4f9a-9931-8905448347fd,77,2.566666666666667,left_shoulder,0.5,0.5,0.0,540.0,960.0,0.5
f1ae9d18-a8ba-4f9a-9931-8905448347fd,77,2.566666666666667,right_shoulder,0.5,0.5,0.0,540.0,960.0,0.5
f1ae9d18-a8ba-4f9a-9931-8905448347fd,77,2.566666666666667,left_elbow,0.5,0.5,0.0,540.0,960.0,0.5
f1ae9d18-a8ba-4f9a-9931-8905448347fd,77,2.566666666666667,right_elbow,0.5,0.5,0.0,540.0,960.0,0.5
f1ae9d18-a8ba-4f9a-9931-8905448347fd,77,2.566666666666667,left_wrist,0.5,0.5,0.0,540.0,960.0,0.5
f1ae9d18-a8ba-4f9a-9931-8905448347fd,77,2.566666666666667,right_wrist,0.5,0.5,0.0,540.0,960.0,0.5
f1ae9d18-a8ba-4f9a-9931-8905448347fd,77,2.566666666666667,left_hip,0.5,0.5,0.0,540.0,960.0,0.5
f1ae9d18-a8ba-4f9a-9931-8905448347fd,77,2.566666666666667,right_hip,0.5,0.5,0.0,540.0,960.0,0.5
f1ae9d18-a8ba-4f9a-9931-8905448347fd,77,2.566666666666667,left_knee,0.5,0.5,0.0,540.0,960.0,0.5
f1ae9d18-a8ba-4f9a-9931-8905448347fd,77,2.566666666666667,right_knee,0.5,0.5,0.0,540.0,960.0,0.5
f1ae9d18-a8ba-4f9a-9931-8905448347fd,77,2.566666666666667,left_ankle,0.5,0.5,0.0,540.0,960.0,0.5
f1ae9d18-a8ba-4f9a-9931-8905448347fd,77,2.566666666666667,right_ankle,0.5,0.5,0.0,540.0,960.0,0.5
f1ae9d18-a8ba-4f9a-9931-8905448347fd,77,2.566666666666667,left_heel,0.5,0.5,0.0,540.0,960.0,0.5
f1ae9d18-a8ba-4f9a-9931-8905448347fd,77,2.566666666666667,right_heel,0.5,0.5,0.0,540.0,960.0,0.5
f1ae9d18-a8ba-4f9a-9931-8905448347fd,77,2.566666666666667,left_foot_index,0.5,0.5,0.0,540.0,960.0,0.5
f1ae9d18-a8ba-4f9a-9931-8905448347fd,77,2.566666666666667,right_foot_index,0.5,0.5,0.0,540.0,960.0,0.5
f1ae9d18-a8ba-4f9a-9931-8905448347fd,78,2.6,nose,0.5,0.5,0.0,540.0,960.0,0.5
f1ae9d18-a8ba-4f9a-9931-8905448347fd,78,2.6,left_shoulder,0.5,0.5,0.0,540.0,960.0,0.5
f1ae9d18-a8ba-4f9a-9931-8905448347fd,78,2.6,right_shoulder,0.5,0.5,0.0,540.0,960.0,0.5
f1ae9d18-a8ba-4f9a-9931-8905448347fd,78,2.6,left_elbow,0.5,0.5,0.0,540.0,960.0,0.5
f1ae9d18-a8ba-4f9a-9931-8905448347fd,78,2.6,right_elbow,0.5,0.5,0.0,540.0,960.0,0.5
f1ae9d18-a8ba-4f9a-9931-8905448347fd,78,2.6,left_wrist,0.5,0.5,0.0,540.0,960.0,0.5
f1ae9d18-a8ba-4f9a-9931-8905448347fd,78,2.6,right_wrist,0.5,0.5,0.0,540.0,960.0,0.5
f1ae9d18-a8ba-4f9a-9931-8905448347fd,78,2.6,left_hip,0.5,0.5,0.0,540.0,960.0,0.5
f1ae9d18-a8ba-4f9a-9931-8905448347fd,78,2.6,right_hip,0.5,0.5,0.0,540.0,960.0,0.5
f1ae9d18-a8ba-4f9a-9931-8905448347fd,78,2.6,left_knee,0.5,0.5,0.0,540.0,960.0,0.5
f1ae9d18-a8ba-4f9a-9931-8905448347fd,78,2.6,right_knee,0.5,0.5,0.0,540.0,960.0,0.5
f1ae9d18-a8ba-4f9a-9931-8905448347fd,78,2.6,left_ankle,0.5,0.5,0.0,540.0,960.0,0.5
f1ae9d18-a8ba-4f9a-9931-8905448347fd,78,2.6,right_ankle,0.5,0.5,0.0,540.0,960.0,0.5
f1ae9d18-a8ba-4f9a-9931-8905448347fd,78,2.6,left_heel,0.5,0.5,0.0,540.0,960.0,0.5
f1ae9d18-a8ba-4f9a-9931-8905448347fd,78,2.6,right_heel,0.5,0.5,0.0,540.0,960.0,0.5
f1ae9d18-a8ba-4f9a-9931-8905448347fd,78,2.6,left_foot_index,0.5,0.5,0.0,540.0,960.0,0.5
f1ae9d18-a8ba-4f9a-9931-8905448347fd,78,2.6,right_foot_index,0.5,0.5,0.0,540.0,960.0,0.5
f1ae9d18-a8ba-4f9a-9931-8905448347fd,79,2.6333333333333333,nose,0.5,0.5,0.0,540.0,960.0,0.5
f1ae9d18-a8ba-4f9a-9931-8905448347fd,79,2.6333333333333333,left_shoulder,0.5,0.5,0.0,540.0,960.0,0.5
f1ae9d18-a8ba-4f9a-9931-8905448347fd,79,2.6333333333333333,right_shoulder,0.5,0.5,0.0,540.0,960.0,0.5
f1ae9d18-a8ba-4f9a-9931-8905448347fd,79,2.6333333333333333,left_elbow,0.5,0.5,0.0,540.0,960.0,0.5
f1ae9d18-a8ba-4f9a-9931-8905448347fd,79,2.6333333333333333,right_elbow,0.5,0.5,0.0,540.0,960.0,0.5
f1ae9d18-a8ba-4f9a-9931-8905448347fd,79,2.6333333333333333,left_wrist,0.5,0.5,0.0,540.0,960.0,0.5
f1ae9d18-a8ba-4f9a-9931-8905448347fd,79,2.6333333333333333,right_wrist,0.5,0.5,0.0,540.0,960.0,0.5
f1ae9d18-a8ba-4f9a-9931-8905448347fd,79,2.6333333333333333,left_hip,0.5,0.5,0.0,540.0,960.0,0.5
f1ae9d18-a8ba-4f9a-9931-8905448347fd,79,2.6333333333333333,right_hip,0.5,0.5,0.0,540.0,960.0,0.5
f1ae9d18-a8ba-4f9a-9931-8905448347fd,79,2.6333333333333333,left_knee,0.5,0.5,0.0,540.0,960.0,0.5
f1ae9d18-a8ba-4f9a-9931-8905448347fd,79,2.6333333333333333,right_knee,0.5,0.5,0.0,540.0,960.0,0.5
f1ae9d18-a8ba-4f9a-9931-8905448347fd,79,2.6333333333333333,left_ankle,0.5,0.5,0.0,540.0,960.0,0.5
f1ae9d18-a8ba-4f9a-9931-8905448347fd,79,2.6333333333333333,right_ankle,0.5,0.5,0.0,540.0,960.0,0.5
f1ae9d18-a8ba-4f9a-9931-8905448347fd,79,2.6333333333333333,left_heel,0.5,0.5,0.0,540.0,960.0,0.5
f1ae9d18-a8ba-4f9a-9931-8905448347fd,79,2.6333333333333333,right_heel,0.5,0.5,0.0,540.0,960.0,0.5
f1ae9d18-a8ba-4f9a-9931-8905448347fd,79,2.6333333333333333,left_foot_index,0.5,0.5,0.0,540.0,960.0,0.5
f1ae9d18-a8ba-4f9a-9931-8905448347fd,79,2.6333333333333333,right_foot_index,0.5,0.5,0.0,540.0,960.0,0.5
f1ae9d18-a8ba-4f9a-9931-8905448347fd,80,2.6666666666666665,nose,0.5,0.5,0.0,540.0,960.0,0.5
f1ae9d18-a8ba-4f9a-9931-8905448347fd,80,2.6666666666666665,left_shoulder,0.5,0.5,0.0,540.0,960.0,0.5
f1ae9d18-a8ba-4f9a-9931-8905448347fd,80,2.6666666666666665,right_shoulder,0.5,0.5,0.0,540.0,960.0,0.5
f1ae9d18-a8ba-4f9a-9931-8905448347fd,80,2.6666666666666665,left_elbow,0.5,0.5,0.0,540.0,960.0,0.5
f1ae9d18-a8ba-4f9a-9931-8905448347fd,80,2.6666666666666665,right_elbow,0.5,0.5,0.0,540.0,960.0,0.5
f1ae9d18-a8ba-4f9a-9931-8905448347fd,80,2.6666666666666665,left_wrist,0.5,0.5,0.0,540.0,960.0,0.5
f1ae9d18-a8ba-4f9a-9931-8905448347fd,80,2.6666666666666665,right_wrist,0.5,0.5,0.0,540.0,960.0,0.5
f1ae9d18-a8ba-4f9a-9931-8905448347fd,80,2.6666666666666665,left_hip,0.5,0.5,0.0,540.0,960.0,0.5
f1ae9d18-a8ba-4f9a-9931-8905448347fd,80,2.6666666666666665,right_hip,0.5,0.5,0.0,540.0,960.0,0.5
f1ae9d18-a8ba-4f9a-9931-8905448347fd,80,2.6666666666666665,left_knee,0.5,0.5,0.0,540.0,960.0,0.5
f1ae9d18-a8ba-4f9a-9931-8905448347fd,80,2.6666666666666665,right_knee,0.5,0.5,0.0,540.0,960.0,0.5
f1ae9d18-a8ba-4f9a-9931-8905448347fd,80,2.6666666666666665,left_ankle,0.5,0.5,0.0,540.0,960.0,0.5
f1ae9d18-a8ba-4f9a-9931-8905448347fd,80,2.6666666666666665,right_ankle,0.5,0.5,0.0,540.0,960.0,0.5
f1ae9d18-a8ba-4f9a-9931-8905448347fd,80,2.6666666666666665,left_heel,0.5,0.5,0.0,540.0,960.0,0.5
f1ae9d18-a8ba-4f9a-9931-8905448347fd,80,2.6666666666666665,right_heel,0.5,0.5,0.0,540.0,960.0,0.5
f1ae9d18-a8ba-4f9a-9931-8905448347fd,80,2.6666666666666665,left_foot_index,0.5,0.5,0.0,540.0,960.0,0.5
f1ae9d18-a8ba-4f9a-9931-8905448347fd,80,2.6666666666666665,right_foot_index,0.5,0.5,0.0,540.0,960.0,0.5
f1ae9d18-a8ba-4f9a-9931-8905448347fd,81,2.7,nose,0.5,0.5,0.0,540.0,960.0,0.5
f1ae9d18-a8ba-4f9a-9931-8905448347fd,81,2.7,left_shoulder,0.5,0.5,0.0,540.0,960.0,0.5
f1ae9d18-a8ba-4f9a-9931-8905448347fd,81,2.7,right_shoulder,0.5,0.5,0.0,540.0,960.0,0.5
f1ae9d18-a8ba-4f9a-9931-8905448347fd,81,2.7,left_elbow,0.5,0.5,0.0,540.0,960.0,0.5
f1ae9d18-a8ba-4f9a-9931-8905448347fd,81,2.7,right_elbow,0.5,0.5,0.0,540.0,960.0,0.5
f1ae9d18-a8ba-4f9a-9931-8905448347fd,81,2.7,left_wrist,0.5,0.5,0.0,540.0,960.0,0.5
f1ae9d18-a8ba-4f9a-9931-8905448347fd,81,2.7,right_wrist,0.5,0.5,0.0,540.0,960.0,0.5
f1ae9d18-a8ba-4f9a-9931-8905448347fd,81,2.7,left_hip,0.5,0.5,0.0,540.0,960.0,0.5
f1ae9d18-a8ba-4f9a-9931-8905448347fd,81,2.7,right_hip,0.5,0.5,0.0,540.0,960.0,0.5
f1ae9d18-a8ba-4f9a-9931-8905448347fd,81,2.7,left_knee,0.5,0.5,0.0,540.0,960.0,0.5
f1ae9d18-a8ba-4f9a-9931-8905448347fd,81,2.7,right_knee,0.5,0.5,0.0,540.0,960.0,0.5
f1ae9d18-a8ba-4f9a-9931-8905448347fd,81,2.7,left_ankle,0.5,0.5,0.0,540.0,960.0,0.5
f1ae9d18-a8ba-4f9a-9931-8905448347fd,81,2.7,right_ankle,0.5,0.5,0.0,540.0,960.0,0.5
f1ae9d18-a8ba-4f9a-9931-8905448347fd,81,2.7,left_heel,0.5,0.5,0.0,540.0,960.0,0.5
f1ae9d18-a8ba-4f9a-9931-8905448347fd,81,2.7,right_heel,0.5,0.5,0.0,540.0,960.0,0.5
f1ae9d18-a8ba-4f9a-9931-8905448347fd,81,2.7,left_foot_index,0.5,0.5,0.0,540.0,960.0,0.5
f1ae9d18-a8ba-4f9a-9931-8905448347fd,81,2.7,right_foot_index,0.5,0.5,0.0,540.0,960.0,0.5
f1ae9d18-a8ba-4f9a-9931-8905448347fd,82,2.7333333333333334,nose,0.5,0.5,0.0,540.0,960.0,0.5
f1ae9d18-a8ba-4f9a-9931-8905448347fd,82,2.7333333333333334,left_shoulder,0.5,0.5,0.0,540.0,960.0,0.5
f1ae9d18-a8ba-4f9a-9931-8905448347fd,82,2.7333333333333334,right_shoulder,0.5,0.5,0.0,540.0,960.0,0.5
f1ae9d18-a8ba-4f9a-9931-8905448347fd,82,2.7333333333333334,left_elbow,0.5,0.5,0.0,540.0,960.0,0.5
f1ae9d18-a8ba-4f9a-9931-8905448347fd,82,2.7333333333333334,right_elbow,0.5,0.5,0.0,540.0,960.0,0.5
f1ae9d18-a8ba-4f9a-9931-8905448347fd,82,2.7333333333333334,left_wrist,0.5,0.5,0.0,540.0,960.0,0.5
f1ae9d18-a8ba-4f9a-9931-8905448347fd,82,2.7333333333333334,right_wrist,0.5,0.5,0.0,540.0,960.0,0.5
f1ae9d18-a8ba-4f9a-9931-8905448347fd,82,2.7333333333333334,left_hip,0.5,0.5,0.0,540.0,960.0,0.5
f1ae9d18-a8ba-4f9a-9931-8905448347fd,82,2.7333333333333334,right_hip,0.5,0.5,0.0,540.0,960.0,0.5
f1ae9d18-a8ba-4f9a-9931-8905448347fd,82,2.7333333333333334,left_knee,0.5,0.5,0.0,540.0,960.0,0.5
f1ae9d18-a8ba-4f9a-9931-8905448347fd,82,2.7333333333333334,right_knee,0.5,0.5,0.0,540.0,960.0,0.5
f1ae9d18-a8ba-4f9a-9931-8905448347fd,82,2.7333333333333334,left_ankle,0.5,0.5,0.0,540.0,960.0,0.5
f1ae9d18-a8ba-4f9a-9931-8905448347fd,82,2.7333333333333334,right_ankle,0.5,0.5,0.0,540.0,960.0,0.5
f1ae9d18-a8ba-4f9a-9931-8905448347fd,82,2.7333333333333334,left_heel,0.5,0.5,0.0,540.0,960.0,0.5
f1ae9d18-a8ba-4f9a-9931-8905448347fd,82,2.7333333333333334,right_heel,0.5,0.5,0.0,540.0,960.0,0.5
f1ae9d18-a8ba-4f9a-9931-8905448347fd,82,2.7333333333333334,left_foot_index,0.5,0.5,0.0,540.0,960.0,0.5
f1ae9d18-a8ba-4f9a-9931-8905448347fd,82,2.7333333333333334,right_foot_index,0.5,0.5,0.0,540.0,960.0,0.5
f1ae9d18-a8ba-4f9a-9931-8905448347fd,83,2.7666666666666666,nose,0.5,0.5,0.0,540.0,960.0,0.5
f1ae9d18-a8ba-4f9a-9931-8905448347fd,83,2.7666666666666666,left_shoulder,0.5,0.5,0.0,540.0,960.0,0.5
f1ae9d18-a8ba-4f9a-9931-8905448347fd,83,2.7666666666666666,right_shoulder,0.5,0.5,0.0,540.0,960.0,0.5
f1ae9d18-a8ba-4f9a-9931-8905448347fd,83,2.7666666666666666,left_elbow,0.5,0.5,0.0,540.0,960.0,0.5
f1ae9d18-a8ba-4f9a-9931-8905448347fd,83,2.7666666666666666,right_elbow,0.5,0.5,0.0,540.0,960.0,0.5
f1ae9d18-a8ba-4f9a-9931-8905448347fd,83,2.7666666666666666,left_wrist,0.5,0.5,0.0,540.0,960.0,0.5
f1ae9d18-a8ba-4f9a-9931-8905448347fd,83,2.7666666666666666,right_wrist,0.5,0.5,0.0,540.0,960.0,0.5
f1ae9d18-a8ba-4f9a-9931-8905448347fd,83,2.7666666666666666,left_hip,0.5,0.5,0.0,540.0,960.0,0.5
f1ae9d18-a8ba-4f9a-9931-8905448347fd,83,2.7666666666666666,right_hip,0.5,0.5,0.0,540.0,960.0,0.5
f1ae9d18-a8ba-4f9a-9931-8905448347fd,83,2.7666666666666666,left_knee,0.5,0.5,0.0,540.0,960.0,0.5
f1ae9d18-a8ba-4f9a-9931-8905448347fd,83,2.7666666666666666,right_knee,0.5,0.5,0.0,540.0,960.0,0.5
f1ae9d18-a8ba-4f9a-9931-8905448347fd,83,2.7666666666666666,left_ankle,0.5,0.5,0.0,540.0,960.0,0.5
f1ae9d18-a8ba-4f9a-9931-8905448347fd,83,2.7666666666666666,right_ankle,0.5,0.5,0.0,540.0,960.0,0.5
f1ae9d18-a8ba-4f9a-9931-8905448347fd,83,2.7666666666666666,left_heel,0.5,0.5,0.0,540.0,960.0,0.5
f1ae9d18-a8ba-4f9a-9931-8905448347fd,83,2.7666666666666666,right_heel,0.5,0.5,0.0,540.0,960.0,0.5
f1ae9d18-a8ba-4f9a-9931-8905448347fd,83,2.7666666666666666,left_foot_index,0.5,0.5,0.0,540.0,960.0,0.5
f1ae9d18-a8ba-4f9a-9931-8905448347fd,83,2.7666666666666666,right_foot_index,0.5,0.5,0.0,540.0,960.0,0.5
f1ae9d18-a8ba-4f9a-9931-8905448347fd,84,2.8,nose,0.5,0.5,0.0,540.0,960.0,0.5
f1ae9d18-a8ba-4f9a-9931-8905448347fd,84,2.8,left_shoulder,0.5,0.5,0.0,540.0,960.0,0.5
f1ae9d18-a8ba-4f9a-9931-8905448347fd,84,2.8,right_shoulder,0.5,0.5,0.0,540.0,960.0,0.5
f1ae9d18-a8ba-4f9a-9931-8905448347fd,84,2.8,left_elbow,0.5,0.5,0.0,540.0,960.0,0.5
f1ae9d18-a8ba-4f9a-9931-8905448347fd,84,2.8,right_elbow,0.5,0.5,0.0,540.0,960.0,0.5
f1ae9d18-a8ba-4f9a-9931-8905448347fd,84,2.8,left_wrist,0.5,0.5,0.0,540.0,960.0,0.5
f1ae9d18-a8ba-4f9a-9931-8905448347fd,84,2.8,right_wrist,0.5,0.5,0.0,540.0,960.0,0.5
f1ae9d18-a8ba-4f9a-9931-8905448347fd,84,2.8,left_hip,0.5,0.5,0.0,540.0,960.0,0.5
f1ae9d18-a8ba-4f9a-9931-8905448347fd,84,2.8,right_hip,0.5,0.5,0.0,540.0,960.0,0.5
f1ae9d18-a8ba-4f9a-9931-8905448347fd,84,2.8,left_knee,0.5,0.5,0.0,540.0,960.0,0.5
f1ae9d18-a8ba-4f9a-9931-8905448347fd,84,2.8,right_knee,0.5,0.5,0.0,540.0,960.0,0.5
f1ae9d18-a8ba-4f9a-9931-8905448347fd,84,2.8,left_ankle,0.5,0.5,0.0,540.0,960.0,0.5
f1ae9d18-a8ba-4f9a-9931-8905448347fd,84,2.8,right_ankle,0.5,0.5,0.0,540.0,960.0,0.5
f1ae9d18-a8ba-4f9a-9931-8905448347fd,84,2.8,left_heel,0.5,0.5,0.0,540.0,960.0,0.5
f1ae9d18-a8ba-4f9a-9931-8905448347fd,84,2.8,right_heel,0.5,0.5,0.0,540.0,960.0,0.5
f1ae9d18-a8ba-4f9a-9931-8905448347fd,84,2.8,left_foot_index,0.5,0.5,0.0,540.0,960.0,0.5
f1ae9d18-a8ba-4f9a-9931-8905448347fd,84,2.8,right_foot_index,0.5,0.5,0.0,540.0,960.0,0.5
f1ae9d18-a8ba-4f9a-9931-8905448347fd,85,2.8333333333333335,nose,0.5,0.5,0.0,540.0,960.0,0.5
f1ae9d18-a8ba-4f9a-9931-8905448347fd,85,2.8333333333333335,left_shoulder,0.5,0.5,0.0,540.0,960.0,0.5
f1ae9d18-a8ba-4f9a-9931-8905448347fd,85,2.8333333333333335,right_shoulder,0.5,0.5,0.0,540.0,960.0,0.5
f1ae9d18-a8ba-4f9a-9931-8905448347fd,85,2.8333333333333335,left_elbow,0.5,0.5,0.0,540.0,960.0,0.5
f1ae9d18-a8ba-4f9a-9931-8905448347fd,85,2.8333333333333335,right_elbow,0.5,0.5,0.0,540.0,960.0,0.5
f1ae9d18-a8ba-4f9a-9931-8905448347fd,85,2.8333333333333335,left_wrist,0.5,0.5,0.0,540.0,960.0,0.5
f1ae9d18-a8ba-4f9a-9931-8905448347fd,85,2.8333333333333335,right_wrist,0.5,0.5,0.0,540.0,960.0,0.5
f1ae9d18-a8ba-4f9a-9931-8905448347fd,85,2.8333333333333335,left_hip,0.5,0.5,0.0,540.0,960.0,0.5
f1ae9d18-a8ba-4f9a-9931-8905448347fd,85,2.8333333333333335,right_hip,0.5,0.5,0.0,540.0,960.0,0.5
f1ae9d18-a8ba-4f9a-9931-8905448347fd,85,2.8333333333333335,left_knee,0.5,0.5,0.0,540.0,960.0,0.5
f1ae9d18-a8ba-4f9a-9931-8905448347fd,85,2.8333333333333335,right_knee,0.5,0.5,0.0,540.0,960.0,0.5
f1ae9d18-a8ba-4f9a-9931-8905448347fd,85,2.8333333333333335,left_ankle,0.5,0.5,0.0,540.0,960.0,0.5
f1ae9d18-a8ba-4f9a-9931-8905448347fd,85,2.8333333333333335,right_ankle,0.5,0.5,0.0,540.0,960.0,0.5
f1ae9d18-a8ba-4f9a-9931-8905448347fd,85,2.8333333333333335,left_heel,0.5,0.5,0.0,540.0,960.0,0.5
f1ae9d18-a8ba-4f9a-9931-8905448347fd,85,2.8333333333333335,right_heel,0.5,0.5,0.0,540.0,960.0,0.5
f1ae9d18-a8ba-4f9a-9931-8905448347fd,85,2.8333333333333335,left_foot_index,0.5,0.5,0.0,540.0,960.0,0.5
f1ae9d18-a8ba-4f9a-9931-8905448347fd,85,2.8333333333333335,right_foot_index,0.5,0.5,0.0,540.0,960.0,0.5
f1ae9d18-a8ba-4f9a-9931-8905448347fd,86,2.8666666666666667,nose,0.5,0.5,0.0,540.0,960.0,0.5
f1ae9d18-a8ba-4f9a-9931-8905448347fd,86,2.8666666666666667,left_shoulder,0.5,0.5,0.0,540.0,960.0,0.5
f1ae9d18-a8ba-4f9a-9931-8905448347fd,86,2.8666666666666667,right_shoulder,0.5,0.5,0.0,540.0,960.0,0.5
f1ae9d18-a8ba-4f9a-9931-8905448347fd,86,2.8666666666666667,left_elbow,0.5,0.5,0.0,540.0,960.0,0.5
f1ae9d18-a8ba-4f9a-9931-8905448347fd,86,2.8666666666666667,right_elbow,0.5,0.5,0.0,540.0,960.0,0.5
f1ae9d18-a8ba-4f9a-9931-8905448347fd,86,2.8666666666666667,left_wrist,0.5,0.5,0.0,540.0,960.0,0.5
f1ae9d18-a8ba-4f9a-9931-8905448347fd,86,2.8666666666666667,right_wrist,0.5,0.5,0.0,540.0,960.0,0.5
f1ae9d18-a8ba-4f9a-9931-8905448347fd,86,2.8666666666666667,left_hip,0.5,0.5,0.0,540.0,960.0,0.5
f1ae9d18-a8ba-4f9a-9931-8905448347fd,86,2.8666666666666667,right_hip,0.5,0.5,0.0,540.0,960.0,0.5
f1ae9d18-a8ba-4f9a-9931-8905448347fd,86,2.8666666666666667,left_knee,0.5,0.5,0.0,540.0,960.0,0.5
f1ae9d18-a8ba-4f9a-9931-8905448347fd,86,2.8666666666666667,right_knee,0.5,0.5,0.0,540.0,960.0,0.5
f1ae9d18-a8ba-4f9a-9931-8905448347fd,86,2.8666666666666667,left_ankle,0.5,0.5,0.0,540.0,960.0,0.5
f1ae9d18-a8ba-4f9a-9931-8905448347fd,86,2.8666666666666667,right_ankle,0.5,0.5,0.0,540.0,960.0,0.5
f1ae9d18-a8ba-4f9a-9931-8905448347fd,86,2.8666666666666667,left_heel,0.5,0.5,0.0,540.0,960.0,0.5
f1ae9d18-a8ba-4f9a-9931-8905448347fd,86,2.8666666666666667,right_heel,0.5,0.5,0.0,540.0,960.0,0.5
f1ae9d18-a8ba-4f9a-9931-8905448347fd,86,2.8666666666666667,left_foot_index,0.5,0.5,0.0,540.0,960.0,0.5
f1ae9d18-a8ba-4f9a-9931-8905448347fd,86,2.8666666666666667,right_foot_index,0.5,0.5,0.0,540.0,960.0,0.5
f1ae9d18-a8ba-4f9a-9931-8905448347fd,87,2.9,nose,0.5,0.5,0.0,540.0,960.0,0.5
f1ae9d18-a8ba-4f9a-9931-8905448347fd,87,2.9,left_shoulder,0.5,0.5,0.0,540.0,960.0,0.5
f1ae9d18-a8ba-4f9a-9931-8905448347fd,87,2.9,right_shoulder,0.5,0.5,0.0,540.0,960.0,0.5
f1ae9d18-a8ba-4f9a-9931-8905448347fd,87,2.9,left_elbow,0.5,0.5,0.0,540.0,960.0,0.5
f1ae9d18-a8ba-4f9a-9931-8905448347fd,87,2.9,right_elbow,0.5,0.5,0.0,540.0,960.0,0.5
f1ae9d18-a8ba-4f9a-9931-8905448347fd,87,2.9,left_wrist,0.5,0.5,0.0,540.0,960.0,0.5
f1ae9d18-a8ba-4f9a-9931-8905448347fd,87,2.9,right_wrist,0.5,0.5,0.0,540.0,960.0,0.5
f1ae9d18-a8ba-4f9a-9931-8905448347fd,87,2.9,left_hip,0.5,0.5,0.0,540.0,960.0,0.5
f1ae9d18-a8ba-4f9a-9931-8905448347fd,87,2.9,right_hip,0.5,0.5,0.0,540.0,960.0,0.5
f1ae9d18-a8ba-4f9a-9931-8905448347fd,87,2.9,left_knee,0.5,0.5,0.0,540.0,960.0,0.5
f1ae9d18-a8ba-4f9a-9931-8905448347fd,87,2.9,right_knee,0.5,0.5,0.0,540.0,960.0,0.5
f1ae9d18-a8ba-4f9a-9931-8905448347fd,87,2.9,left_ankle,0.5,0.5,0.0,540.0,960.0,0.5
f1ae9d18-a8ba-4f9a-9931-8905448347fd,87,2.9,right_ankle,0.5,0.5,0.0,540.0,960.0,0.5
f1ae9d18-a8ba-4f9a-9931-8905448347fd,87,2.9,left_heel,0.5,0.5,0.0,540.0,960.0,0.5
f1ae9d18-a8ba-4f9a-9931-8905448347fd,87,2.9,right_heel,0.5,0.5,0.0,540.0,960.0,0.5
f1ae9d18-a8ba-4f9a-9931-8905448347fd,87,2.9,left_foot_index,0.5,0.5,0.0,540.0,960.0,0.5
f1ae9d18-a8ba-4f9a-9931-8905448347fd,87,2.9,right_foot_index,0.5,0.5,0.0,540.0,960.0,0.5
f1ae9d18-a8ba-4f9a-9931-8905448347fd,88,2.933333333333333,nose,0.5,0.5,0.0,540.0,960.0,0.5
f1ae9d18-a8ba-4f9a-9931-8905448347fd,88,2.933333333333333,left_shoulder,0.5,0.5,0.0,540.0,960.0,0.5
f1ae9d18-a8ba-4f9a-9931-8905448347fd,88,2.933333333333333,right_shoulder,0.5,0.5,0.0,540.0,960.0,0.5
f1ae9d18-a8ba-4f9a-9931-8905448347fd,88,2.933333333333333,left_elbow,0.5,0.5,0.0,540.0,960.0,0.5
f1ae9d18-a8ba-4f9a-9931-8905448347fd,88,2.933333333333333,right_elbow,0.5,0.5,0.0,540.0,960.0,0.5
f1ae9d18-a8ba-4f9a-9931-8905448347fd,88,2.933333333333333,left_wrist,0.5,0.5,0.0,540.0,960.0,0.5
f1ae9d18-a8ba-4f9a-9931-8905448347fd,88,2.933333333333333,right_wrist,0.5,0.5,0.0,540.0,960.0,0.5
f1ae9d18-a8ba-4f9a-9931-8905448347fd,88,2.933333333333333,left_hip,0.5,0.5,0.0,540.0,960.0,0.5
f1ae9d18-a8ba-4f9a-9931-8905448347fd,88,2.933333333333333,right_hip,0.5,0.5,0.0,540.0,960.0,0.5
f1ae9d18-a8ba-4f9a-9931-8905448347fd,88,2.933333333333333,left_knee,0.5,0.5,0.0,540.0,960.0,0.5
f1ae9d18-a8ba-4f9a-9931-8905448347fd,88,2.933333333333333,right_knee,0.5,0.5,0.0,540.0,960.0,0.5
f1ae9d18-a8ba-4f9a-9931-8905448347fd,88,2.933333333333333,left_ankle,0.5,0.5,0.0,540.0,960.0,0.5
f1ae9d18-a8ba-4f9a-9931-8905448347fd,88,2.933333333333333,right_ankle,0.5,0.5,0.0,540.0,960.0,0.5
f1ae9d18-a8ba-4f9a-9931-8905448347fd,88,2.933333333333333,left_heel,0.5,0.5,0.0,540.0,960.0,0.5
f1ae9d18-a8ba-4f9a-9931-8905448347fd,88,2.933333333333333,right_heel,0.5,0.5,0.0,540.0,960.0,0.5
f1ae9d18-a8ba-4f9a-9931-8905448347fd,88,2.933333333333333,left_foot_index,0.5,0.5,0.0,540.0,960.0,0.5
f1ae9d18-a8ba-4f9a-9931-8905448347fd,88,2.933333333333333,right_foot_index,0.5,0.5,0.0,540.0,960.0,0.5
f1ae9d18-a8ba-4f9a-9931-8905448347fd,89,2.966666666666667,nose,0.5,0.5,0.0,540.0,960.0,0.5
f1ae9d18-a8ba-4f9a-9931-8905448347fd,89,2.966666666666667,left_shoulder,0.5,0.5,0.0,540.0,960.0,0.5
f1ae9d18-a8ba-4f9a-9931-8905448347fd,89,2.966666666666667,right_shoulder,0.5,0.5,0.0,540.0,960.0,0.5
f1ae9d18-a8ba-4f9a-9931-8905448347fd,89,2.966666666666667,left_elbow,0.5,0.5,0.0,540.0,960.0,0.5
f1ae9d18-a8ba-4f9a-9931-8905448347fd,89,2.966666666666667,right_elbow,0.5,0.5,0.0,540.0,960.0,0.5
f1ae9d18-a8ba-4f9a-9931-8905448347fd,89,2.966666666666667,left_wrist,0.5,0.5,0.0,540.0,960.0,0.5
f1ae9d18-a8ba-4f9a-9931-8905448347fd,89,2.966666666666667,right_wrist,0.5,0.5,0.0,540.0,960.0,0.5
f1ae9d18-a8ba-4f9a-9931-8905448347fd,89,2.966666666666667,left_hip,0.5,0.5,0.0,540.0,960.0,0.5
f1ae9d18-a8ba-4f9a-9931-8905448347fd,89,2.966666666666667,right_hip,0.5,0.5,0.0,540.0,960.0,0.5
f1ae9d18-a8ba-4f9a-9931-8905448347fd,89,2.966666666666667,left_knee,0.5,0.5,0.0,540.0,960.0,0.5
f1ae9d18-a8ba-4f9a-9931-8905448347fd,89,2.966666666666667,right_knee,0.5,0.5,0.0,540.0,960.0,0.5
f1ae9d18-a8ba-4f9a-9931-8905448347fd,89,2.966666666666667,left_ankle,0.5,0.5,0.0,540.0,960.0,0.5
f1ae9d18-a8ba-4f9a-9931-8905448347fd,89,2.966666666666667,right_ankle,0.5,0.5,0.0,540.0,960.0,0.5
f1ae9d18-a8ba-4f9a-9931-8905448347fd,89,2.966666666666667,left_heel,0.5,0.5,0.0,540.0,960.0,0.5
f1ae9d18-a8ba-4f9a-9931-8905448347fd,89,2.966666666666667,right_heel,0.5,0.5,0.0,540.0,960.0,0.5
f1ae9d18-a8ba-4f9a-9931-8905448347fd,89,2.966666666666667,left_foot_index,0.5,0.5,0.0,540.0,960.0,0.5
f1ae9d18-a8ba-4f9a-9931-8905448347fd,89,2.966666666666667,right_foot_index,0.5,0.5,0.0,540.0,960.0,0.5
f1ae9d18-a8ba-4f9a-9931-8905448347fd,90,3.0,nose,0.5,0.5,0.0,540.0,960.0,0.5
f1ae9d18-a8ba-4f9a-9931-8905448347fd,90,3.0,left_shoulder,0.5,0.5,0.0,540.0,960.0,0.5
f1ae9d18-a8ba-4f9a-9931-8905448347fd,90,3.0,right_shoulder,0.5,0.5,0.0,540.0,960.0,0.5
f1ae9d18-a8ba-4f9a-9931-8905448347fd,90,3.0,left_elbow,0.5,0.5,0.0,540.0,960.0,0.5
f1ae9d18-a8ba-4f9a-9931-8905448347fd,90,3.0,right_elbow,0.5,0.5,0.0,540.0,960.0,0.5
f1ae9d18-a8ba-4f9a-9931-8905448347fd,90,3.0,left_wrist,0.5,0.5,0.0,540.0,960.0,0.5
f1ae9d18-a8ba-4f9a-9931-8905448347fd,90,3.0,right_wrist,0.5,0.5,0.0,540.0,960.0,0.5
f1ae9d18-a8ba-4f9a-9931-8905448347fd,90,3.0,left_hip,0.5,0.5,0.0,540.0,960.0,0.5
f1ae9d18-a8ba-4f9a-9931-8905448347fd,90,3.0,right_hip,0.5,0.5,0.0,540.0,960.0,0.5
f1ae9d18-a8ba-4f9a-9931-8905448347fd,90,3.0,left_knee,0.5,0.5,0.0,540.0,960.0,0.5
f1ae9d18-a8ba-4f9a-9931-8905448347fd,90,3.0,right_knee,0.5,0.5,0.0,540.0,960.0,0.5
f1ae9d18-a8ba-4f9a-9931-8905448347fd,90,3.0,left_ankle,0.5,0.5,0.0,540.0,960.0,0.5
f1ae9d18-a8ba-4f9a-9931-8905448347fd,90,3.0,right_ankle,0.5,0.5,0.0,540.0,960.0,0.5
f1ae9d18-a8ba-4f9a-9931-8905448347fd,90,3.0,left_heel,0.5,0.5,0.0,540.0,960.0,0.5
f1ae9d18-a8ba-4f9a-9931-8905448347fd,90,3.0,right_heel,0.5,0.5,0.0,540.0,960.0,0.5
f1ae9d18-a8ba-4f9a-9931-8905448347fd,90,3.0,left_foot_index,0.5,0.5,0.0,540.0,960.0,0.5
f1ae9d18-a8ba-4f9a-9931-8905448347fd,90,3.0,right_foot_index,0.5,0.5,0.0,540.0,960.0,0.5
f1ae9d18-a8ba-4f9a-9931-8905448347fd,91,3.033333333333333,nose,0.5,0.5,0.0,540.0,960.0,0.5
f1ae9d18-a8ba-4f9a-9931-8905448347fd,91,3.033333333333333,left_shoulder,0.5,0.5,0.0,540.0,960.0,0.5
f1ae9d18-a8ba-4f9a-9931-8905448347fd,91,3.033333333333333,right_shoulder,0.5,0.5,0.0,540.0,960.0,0.5
f1ae9d18-a8ba-4f9a-9931-8905448347fd,91,3.033333333333333,left_elbow,0.5,0.5,0.0,540.0,960.0,0.5
f1ae9d18-a8ba-4f9a-9931-8905448347fd,91,3.033333333333333,right_elbow,0.5,0.5,0.0,540.0,960.0,0.5
f1ae9d18-a8ba-4f9a-9931-8905448347fd,91,3.033333333333333,left_wrist,0.5,0.5,0.0,540.0,960.0,0.5
f1ae9d18-a8ba-4f9a-9931-8905448347fd,91,3.033333333333333,right_wrist,0.5,0.5,0.0,540.0,960.0,0.5
f1ae9d18-a8ba-4f9a-9931-8905448347fd,91,3.033333333333333,left_hip,0.5,0.5,0.0,540.0,960.0,0.5
f1ae9d18-a8ba-4f9a-9931-8905448347fd,91,3.033333333333333,right_hip,0.5,0.5,0.0,540.0,960.0,0.5
f1ae9d18-a8ba-4f9a-9931-8905448347fd,91,3.033333333333333,left_knee,0.5,0.5,0.0,540.0,960.0,0.5
f1ae9d18-a8ba-4f9a-9931-8905448347fd,91,3.033333333333333,right_knee,0.5,0.5,0.0,540.0,960.0,0.5
f1ae9d18-a8ba-4f9a-9931-8905448347fd,91,3.033333333333333,left_ankle,0.5,0.5,0.0,540.0,960.0,0.5
f1ae9d18-a8ba-4f9a-9931-8905448347fd,91,3.033333333333333,right_ankle,0.5,0.5,0.0,540.0,960.0,0.5
f1ae9d18-a8ba-4f9a-9931-8905448347fd,91,3.033333333333333,left_heel,0.5,0.5,0.0,540.0,960.0,0.5
f1ae9d18-a8ba-4f9a-9931-8905448347fd,91,3.033333333333333,right_heel,0.5,0.5,0.0,540.0,960.0,0.5
f1ae9d18-a8ba-4f9a-9931-8905448347fd,91,3.033333333333333,left_foot_index,0.5,0.5,0.0,540.0,960.0,0.5
f1ae9d18-a8ba-4f9a-9931-8905448347fd,91,3.033333333333333,right_foot_index,0.5,0.5,0.0,540.0,960.0,0.5
f1ae9d18-a8ba-4f9a-9931-8905448347fd,92,3.066666666666667,nose,0.5,0.5,0.0,540.0,960.0,0.5
f1ae9d18-a8ba-4f9a-9931-8905448347fd,92,3.066666666666667,left_shoulder,0.5,0.5,0.0,540.0,960.0,0.5
f1ae9d18-a8ba-4f9a-9931-8905448347fd,92,3.066666666666667,right_shoulder,0.5,0.5,0.0,540.0,960.0,0.5
f1ae9d18-a8ba-4f9a-9931-8905448347fd,92,3.066666666666667,left_elbow,0.5,0.5,0.0,540.0,960.0,0.5
f1ae9d18-a8ba-4f9a-9931-8905448347fd,92,3.066666666666667,right_elbow,0.5,0.5,0.0,540.0,960.0,0.5
f1ae9d18-a8ba-4f9a-9931-8905448347fd,92,3.066666666666667,left_wrist,0.5,0.5,0.0,540.0,960.0,0.5
f1ae9d18-a8ba-4f9a-9931-8905448347fd,92,3.066666666666667,right_wrist,0.5,0.5,0.0,540.0,960.0,0.5
f1ae9d18-a8ba-4f9a-9931-8905448347fd,92,3.066666666666667,left_hip,0.5,0.5,0.0,540.0,960.0,0.5
f1ae9d18-a8ba-4f9a-9931-8905448347fd,92,3.066666666666667,right_hip,0.5,0.5,0.0,540.0,960.0,0.5
f1ae9d18-a8ba-4f9a-9931-8905448347fd,92,3.066666666666667,left_knee,0.5,0.5,0.0,540.0,960.0,0.5
f1ae9d18-a8ba-4f9a-9931-8905448347fd,92,3.066666666666667,right_knee,0.5,0.5,0.0,540.0,960.0,0.5
f1ae9d18-a8ba-4f9a-9931-8905448347fd,92,3.066666666666667,left_ankle,0.5,0.5,0.0,540.0,960.0,0.5
f1ae9d18-a8ba-4f9a-9931-8905448347fd,92,3.066666666666667,right_ankle,0.5,0.5,0.0,540.0,960.0,0.5
f1ae9d18-a8ba-4f9a-9931-8905448347fd,92,3.066666666666667,left_heel,0.5,0.5,0.0,540.0,960.0,0.5
f1ae9d18-a8ba-4f9a-9931-8905448347fd,92,3.066666666666667,right_heel,0.5,0.5,0.0,540.0,960.0,0.5
f1ae9d18-a8ba-4f9a-9931-8905448347fd,92,3.066666666666667,left_foot_index,0.5,0.5,0.0,540.0,960.0,0.5
f1ae9d18-a8ba-4f9a-9931-8905448347fd,92,3.066666666666667,right_foot_index,0.5,0.5,0.0,540.0,960.0,0.5
f1ae9d18-a8ba-4f9a-9931-8905448347fd,93,3.1,nose,0.5,0.5,0.0,540.0,960.0,0.5
f1ae9d18-a8ba-4f9a-9931-8905448347fd,93,3.1,left_shoulder,0.5,0.5,0.0,540.0,960.0,0.5
f1ae9d18-a8ba-4f9a-9931-8905448347fd,93,3.1,right_shoulder,0.5,0.5,0.0,540.0,960.0,0.5
f1ae9d18-a8ba-4f9a-9931-8905448347fd,93,3.1,left_elbow,0.5,0.5,0.0,540.0,960.0,0.5
f1ae9d18-a8ba-4f9a-9931-8905448347fd,93,3.1,right_elbow,0.5,0.5,0.0,540.0,960.0,0.5
f1ae9d18-a8ba-4f9a-9931-8905448347fd,93,3.1,left_wrist,0.5,0.5,0.0,540.0,960.0,0.5
f1ae9d18-a8ba-4f9a-9931-8905448347fd,93,3.1,right_wrist,0.5,0.5,0.0,540.0,960.0,0.5
f1ae9d18-a8ba-4f9a-9931-8905448347fd,93,3.1,left_hip,0.5,0.5,0.0,540.0,960.0,0.5
f1ae9d18-a8ba-4f9a-9931-8905448347fd,93,3.1,right_hip,0.5,0.5,0.0,540.0,960.0,0.5
f1ae9d18-a8ba-4f9a-9931-8905448347fd,93,3.1,left_knee,0.5,0.5,0.0,540.0,960.0,0.5
f1ae9d18-a8ba-4f9a-9931-8905448347fd,93,3.1,right_knee,0.5,0.5,0.0,540.0,960.0,0.5
f1ae9d18-a8ba-4f9a-9931-8905448347fd,93,3.1,left_ankle,0.5,0.5,0.0,540.0,960.0,0.5
f1ae9d18-a8ba-4f9a-9931-8905448347fd,93,3.1,right_ankle,0.5,0.5,0.0,540.0,960.0,0.5
f1ae9d18-a8ba-4f9a-9931-8905448347fd,93,3.1,left_heel,0.5,0.5,0.0,540.0,960.0,0.5
f1ae9d18-a8ba-4f9a-9931-8905448347fd,93,3.1,right_heel,0.5,0.5,0.0,540.0,960.0,0.5
f1ae9d18-a8ba-4f9a-9931-8905448347fd,93,3.1,left_foot_index,0.5,0.5,0.0,540.0,960.0,0.5
f1ae9d18-a8ba-4f9a-9931-8905448347fd,93,3.1,right_foot_index,0.5,0.5,0.0,540.0,960.0,0.5
f1ae9d18-a8ba-4f9a-9931-8905448347fd,94,3.1333333333333333,nose,0.5,0.5,0.0,540.0,960.0,0.5
f1ae9d18-a8ba-4f9a-9931-8905448347fd,94,3.1333333333333333,left_shoulder,0.5,0.5,0.0,540.0,960.0,0.5
f1ae9d18-a8ba-4f9a-9931-8905448347fd,94,3.1333333333333333,right_shoulder,0.5,0.5,0.0,540.0,960.0,0.5
f1ae9d18-a8ba-4f9a-9931-8905448347fd,94,3.1333333333333333,left_elbow,0.5,0.5,0.0,540.0,960.0,0.5
f1ae9d18-a8ba-4f9a-9931-8905448347fd,94,3.1333333333333333,right_elbow,0.5,0.5,0.0,540.0,960.0,0.5
f1ae9d18-a8ba-4f9a-9931-8905448347fd,94,3.1333333333333333,left_wrist,0.5,0.5,0.0,540.0,960.0,0.5
f1ae9d18-a8ba-4f9a-9931-8905448347fd,94,3.1333333333333333,right_wrist,0.5,0.5,0.0,540.0,960.0,0.5
f1ae9d18-a8ba-4f9a-9931-8905448347fd,94,3.1333333333333333,left_hip,0.5,0.5,0.0,540.0,960.0,0.5
f1ae9d18-a8ba-4f9a-9931-8905448347fd,94,3.1333333333333333,right_hip,0.5,0.5,0.0,540.0,960.0,0.5
f1ae9d18-a8ba-4f9a-9931-8905448347fd,94,3.1333333333333333,left_knee,0.5,0.5,0.0,540.0,960.0,0.5
f1ae9d18-a8ba-4f9a-9931-8905448347fd,94,3.1333333333333333,right_knee,0.5,0.5,0.0,540.0,960.0,0.5
f1ae9d18-a8ba-4f9a-9931-8905448347fd,94,3.1333333333333333,left_ankle,0.5,0.5,0.0,540.0,960.0,0.5
f1ae9d18-a8ba-4f9a-9931-8905448347fd,94,3.1333333333333333,right_ankle,0.5,0.5,0.0,540.0,960.0,0.5
f1ae9d18-a8ba-4f9a-9931-8905448347fd,94,3.1333333333333333,left_heel,0.5,0.5,0.0,540.0,960.0,0.5
f1ae9d18-a8ba-4f9a-9931-8905448347fd,94,3.1333333333333333,right_heel,0.5,0.5,0.0,540.0,960.0,0.5
f1ae9d18-a8ba-4f9a-9931-8905448347fd,94,3.1333333333333333,left_foot_index,0.5,0.5,0.0,540.0,960.0,0.5
f1ae9d18-a8ba-4f9a-9931-8905448347fd,94,3.1333333333333333,right_foot_index,0.5,0.5,0.0,540.0,960.0,0.5
f1ae9d18-a8ba-4f9a-9931-8905448347fd,95,3.1666666666666665,nose,0.5,0.5,0.0,540.0,960.0,0.5
f1ae9d18-a8ba-4f9a-9931-8905448347fd,95,3.1666666666666665,left_shoulder,0.5,0.5,0.0,540.0,960.0,0.5
f1ae9d18-a8ba-4f9a-9931-8905448347fd,95,3.1666666666666665,right_shoulder,0.5,0.5,0.0,540.0,960.0,0.5
f1ae9d18-a8ba-4f9a-9931-8905448347fd,95,3.1666666666666665,left_elbow,0.5,0.5,0.0,540.0,960.0,0.5
f1ae9d18-a8ba-4f9a-9931-8905448347fd,95,3.1666666666666665,right_elbow,0.5,0.5,0.0,540.0,960.0,0.5
f1ae9d18-a8ba-4f9a-9931-8905448347fd,95,3.1666666666666665,left_wrist,0.5,0.5,0.0,540.0,960.0,0.5
f1ae9d18-a8ba-4f9a-9931-8905448347fd,95,3.1666666666666665,right_wrist,0.5,0.5,0.0,540.0,960.0,0.5
f1ae9d18-a8ba-4f9a-9931-8905448347fd,95,3.1666666666666665,left_hip,0.5,0.5,0.0,540.0,960.0,0.5
f1ae9d18-a8ba-4f9a-9931-8905448347fd,95,3.1666666666666665,right_hip,0.5,0.5,0.0,540.0,960.0,0.5
f1ae9d18-a8ba-4f9a-9931-8905448347fd,95,3.1666666666666665,left_knee,0.5,0.5,0.0,540.0,960.0,0.5
f1ae9d18-a8ba-4f9a-9931-8905448347fd,95,3.1666666666666665,right_knee,0.5,0.5,0.0,540.0,960.0,0.5
f1ae9d18-a8ba-4f9a-9931-8905448347fd,95,3.1666666666666665,left_ankle,0.5,0.5,0.0,540.0,960.0,0.5
f1ae9d18-a8ba-4f9a-9931-8905448347fd,95,3.1666666666666665,right_ankle,0.5,0.5,0.0,540.0,960.0,0.5
f1ae9d18-a8ba-4f9a-9931-8905448347fd,95,3.1666666666666665,left_heel,0.5,0.5,0.0,540.0,960.0,0.5
f1ae9d18-a8ba-4f9a-9931-8905448347fd,95,3.1666666666666665,right_heel,0.5,0.5,0.0,540.0,960.0,0.5
f1ae9d18-a8ba-4f9a-9931-8905448347fd,95,3.1666666666666665,left_foot_index,0.5,0.5,0.0,540.0,960.0,0.5
f1ae9d18-a8ba-4f9a-9931-8905448347fd,95,3.1666666666666665,right_foot_index,0.5,0.5,0.0,540.0,960.0,0.5
f1ae9d18-a8ba-4f9a-9931-8905448347fd,96,3.2,nose,0.5,0.5,0.0,540.0,960.0,0.5
f1ae9d18-a8ba-4f9a-9931-8905448347fd,96,3.2,left_shoulder,0.5,0.5,0.0,540.0,960.0,0.5
f1ae9d18-a8ba-4f9a-9931-8905448347fd,96,3.2,right_shoulder,0.5,0.5,0.0,540.0,960.0,0.5
f1ae9d18-a8ba-4f9a-9931-8905448347fd,96,3.2,left_elbow,0.5,0.5,0.0,540.0,960.0,0.5
f1ae9d18-a8ba-4f9a-9931-8905448347fd,96,3.2,right_elbow,0.5,0.5,0.0,540.0,960.0,0.5
f1ae9d18-a8ba-4f9a-9931-8905448347fd,96,3.2,left_wrist,0.5,0.5,0.0,540.0,960.0,0.5
f1ae9d18-a8ba-4f9a-9931-8905448347fd,96,3.2,right_wrist,0.5,0.5,0.0,540.0,960.0,0.5
f1ae9d18-a8ba-4f9a-9931-8905448347fd,96,3.2,left_hip,0.5,0.5,0.0,540.0,960.0,0.5
f1ae9d18-a8ba-4f9a-9931-8905448347fd,96,3.2,right_hip,0.5,0.5,0.0,540.0,960.0,0.5
f1ae9d18-a8ba-4f9a-9931-8905448347fd,96,3.2,left_knee,0.5,0.5,0.0,540.0,960.0,0.5
f1ae9d18-a8ba-4f9a-9931-8905448347fd,96,3.2,right_knee,0.5,0.5,0.0,540.0,960.0,0.5
f1ae9d18-a8ba-4f9a-9931-8905448347fd,96,3.2,left_ankle,0.5,0.5,0.0,540.0,960.0,0.5
f1ae9d18-a8ba-4f9a-9931-8905448347fd,96,3.2,right_ankle,0.5,0.5,0.0,540.0,960.0,0.5
f1ae9d18-a8ba-4f9a-9931-8905448347fd,96,3.2,left_heel,0.5,0.5,0.0,540.0,960.0,0.5
f1ae9d18-a8ba-4f9a-9931-8905448347fd,96,3.2,right_heel,0.5,0.5,0.0,540.0,960.0,0.5
f1ae9d18-a8ba-4f9a-9931-8905448347fd,96,3.2,left_foot_index,0.5,0.5,0.0,540.0,960.0,0.5
f1ae9d18-a8ba-4f9a-9931-8905448347fd,96,3.2,right_foot_index,0.5,0.5,0.0,540.0,960.0,0.5
f1ae9d18-a8ba-4f9a-9931-8905448347fd,97,3.2333333333333334,nose,0.5,0.5,0.0,540.0,960.0,0.5
f1ae9d18-a8ba-4f9a-9931-8905448347fd,97,3.2333333333333334,left_shoulder,0.5,0.5,0.0,540.0,960.0,0.5
f1ae9d18-a8ba-4f9a-9931-8905448347fd,97,3.2333333333333334,right_shoulder,0.5,0.5,0.0,540.0,960.0,0.5
f1ae9d18-a8ba-4f9a-9931-8905448347fd,97,3.2333333333333334,left_elbow,0.5,0.5,0.0,540.0,960.0,0.5
f1ae9d18-a8ba-4f9a-9931-8905448347fd,97,3.2333333333333334,right_elbow,0.5,0.5,0.0,540.0,960.0,0.5
f1ae9d18-a8ba-4f9a-9931-8905448347fd,97,3.2333333333333334,left_wrist,0.5,0.5,0.0,540.0,960.0,0.5
f1ae9d18-a8ba-4f9a-9931-8905448347fd,97,3.2333333333333334,right_wrist,0.5,0.5,0.0,540.0,960.0,0.5
f1ae9d18-a8ba-4f9a-9931-8905448347fd,97,3.2333333333333334,left_hip,0.5,0.5,0.0,540.0,960.0,0.5
f1ae9d18-a8ba-4f9a-9931-8905448347fd,97,3.2333333333333334,right_hip,0.5,0.5,0.0,540.0,960.0,0.5
f1ae9d18-a8ba-4f9a-9931-8905448347fd,97,3.2333333333333334,left_knee,0.5,0.5,0.0,540.0,960.0,0.5
f1ae9d18-a8ba-4f9a-9931-8905448347fd,97,3.2333333333333334,right_knee,0.5,0.5,0.0,540.0,960.0,0.5
f1ae9d18-a8ba-4f9a-9931-8905448347fd,97,3.2333333333333334,left_ankle,0.5,0.5,0.0,540.0,960.0,0.5
f1ae9d18-a8ba-4f9a-9931-8905448347fd,97,3.2333333333333334,right_ankle,0.5,0.5,0.0,540.0,960.0,0.5
f1ae9d18-a8ba-4f9a-9931-8905448347fd,97,3.2333333333333334,left_heel,0.5,0.5,0.0,540.0,960.0,0.5
f1ae9d18-a8ba-4f9a-9931-8905448347fd,97,3.2333333333333334,right_heel,0.5,0.5,0.0,540.0,960.0,0.5
f1ae9d18-a8ba-4f9a-9931-8905448347fd,97,3.2333333333333334,left_foot_index,0.5,0.5,0.0,540.0,960.0,0.5
f1ae9d18-a8ba-4f9a-9931-8905448347fd,97,3.2333333333333334,right_foot_index,0.5,0.5,0.0,540.0,960.0,0.5
f1ae9d18-a8ba-4f9a-9931-8905448347fd,98,3.2666666666666666,nose,0.5,0.5,0.0,540.0,960.0,0.5
f1ae9d18-a8ba-4f9a-9931-8905448347fd,98,3.2666666666666666,left_shoulder,0.5,0.5,0.0,540.0,960.0,0.5
f1ae9d18-a8ba-4f9a-9931-8905448347fd,98,3.2666666666666666,right_shoulder,0.5,0.5,0.0,540.0,960.0,0.5
f1ae9d18-a8ba-4f9a-9931-8905448347fd,98,3.2666666666666666,left_elbow,0.5,0.5,0.0,540.0,960.0,0.5
f1ae9d18-a8ba-4f9a-9931-8905448347fd,98,3.2666666666666666,right_elbow,0.5,0.5,0.0,540.0,960.0,0.5
f1ae9d18-a8ba-4f9a-9931-8905448347fd,98,3.2666666666666666,left_wrist,0.5,0.5,0.0,540.0,960.0,0.5
f1ae9d18-a8ba-4f9a-9931-8905448347fd,98,3.2666666666666666,right_wrist,0.5,0.5,0.0,540.0,960.0,0.5
f1ae9d18-a8ba-4f9a-9931-8905448347fd,98,3.2666666666666666,left_hip,0.5,0.5,0.0,540.0,960.0,0.5
f1ae9d18-a8ba-4f9a-9931-8905448347fd,98,3.2666666666666666,right_hip,0.5,0.5,0.0,540.0,960.0,0.5
f1ae9d18-a8ba-4f9a-9931-8905448347fd,98,3.2666666666666666,left_knee,0.5,0.5,0.0,540.0,960.0,0.5
f1ae9d18-a8ba-4f9a-9931-8905448347fd,98,3.2666666666666666,right_knee,0.5,0.5,0.0,540.0,960.0,0.5
f1ae9d18-a8ba-4f9a-9931-8905448347fd,98,3.2666666666666666,left_ankle,0.5,0.5,0.0,540.0,960.0,0.5
f1ae9d18-a8ba-4f9a-9931-8905448347fd,98,3.2666666666666666,right_ankle,0.5,0.5,0.0,540.0,960.0,0.5
f1ae9d18-a8ba-4f9a-9931-8905448347fd,98,3.2666666666666666,left_heel,0.5,0.5,0.0,540.0,960.0,0.5
f1ae9d18-a8ba-4f9a-9931-8905448347fd,98,3.2666666666666666,right_heel,0.5,0.5,0.0,540.0,960.0,0.5
f1ae9d18-a8ba-4f9a-9931-8905448347fd,98,3.2666666666666666,left_foot_index,0.5,0.5,0.0,540.0,960.0,0.5
f1ae9d18-a8ba-4f9a-9931-8905448347fd,98,3.2666666666666666,right_foot_index,0.5,0.5,0.0,540.0,960.0,0.5
f1ae9d18-a8ba-4f9a-9931-8905448347fd,99,3.3,nose,0.5,0.5,0.0,540.0,960.0,0.5
f1ae9d18-a8ba-4f9a-9931-8905448347fd,99,3.3,left_shoulder,0.5,0.5,0.0,540.0,960.0,0.5
f1ae9d18-a8ba-4f9a-9931-8905448347fd,99,3.3,right_shoulder,0.5,0.5,0.0,540.0,960.0,0.5
f1ae9d18-a8ba-4f9a-9931-8905448347fd,99,3.3,left_elbow,0.5,0.5,0.0,540.0,960.0,0.5
f1ae9d18-a8ba-4f9a-9931-8905448347fd,99,3.3,right_elbow,0.5,0.5,0.0,540.0,960.0,0.5
f1ae9d18-a8ba-4f9a-9931-8905448347fd,99,3.3,left_wrist,0.5,0.5,0.0,540.0,960.0,0.5
f1ae9d18-a8ba-4f9a-9931-8905448347fd,99,3.3,right_wrist,0.5,0.5,0.0,540.0,960.0,0.5
f1ae9d18-a8ba-4f9a-9931-8905448347fd,99,3.3,left_hip,0.5,0.5,0.0,540.0,960.0,0.5
f1ae9d18-a8ba-4f9a-9931-8905448347fd,99,3.3,right_hip,0.5,0.5,0.0,540.0,960.0,0.5
f1ae9d18-a8ba-4f9a-9931-8905448347fd,99,3.3,left_knee,0.5,0.5,0.0,540.0,960.0,0.5
f1ae9d18-a8ba-4f9a-9931-8905448347fd,99,3.3,right_knee,0.5,0.5,0.0,540.0,960.0,0.5
f1ae9d18-a8ba-4f9a-9931-8905448347fd,99,3.3,left_ankle,0.5,0.5,0.0,540.0,960.0,0.5
f1ae9d18-a8ba-4f9a-9931-8905448347fd,99,3.3,right_ankle,0.5,0.5,0.0,540.0,960.0,0.5
f1ae9d18-a8ba-4f9a-9931-8905448347fd,99,3.3,left_heel,0.5,0.5,0.0,540.0,960.0,0.5
f1ae9d18-a8ba-4f9a-9931-8905448347fd,99,3.3,right_heel,0.5,0.5,0.0,540.0,960.0,0.5
f1ae9d18-a8ba-4f9a-9931-8905448347fd,99,3.3,left_foot_index,0.5,0.5,0.0,540.0,960.0,0.5
f1ae9d18-a8ba-4f9a-9931-8905448347fd,99,3.3,right_foot_index,0.5,0.5,0.0,540.0,960.0,0.5
f1ae9d18-a8ba-4f9a-9931-8905448347fd,100,3.3333333333333335,nose,0.5,0.5,0.0,540.0,960.0,0.5
f1ae9d18-a8ba-4f9a-9931-8905448347fd,100,3.3333333333333335,left_shoulder,0.5,0.5,0.0,540.0,960.0,0.5
f1ae9d18-a8ba-4f9a-9931-8905448347fd,100,3.3333333333333335,right_shoulder,0.5,0.5,0.0,540.0,960.0,0.5
f1ae9d18-a8ba-4f9a-9931-8905448347fd,100,3.3333333333333335,left_elbow,0.5,0.5,0.0,540.0,960.0,0.5
f1ae9d18-a8ba-4f9a-9931-8905448347fd,100,3.3333333333333335,right_elbow,0.5,0.5,0.0,540.0,960.0,0.5
f1ae9d18-a8ba-4f9a-9931-8905448347fd,100,3.3333333333333335,left_wrist,0.5,0.5,0.0,540.0,960.0,0.5
f1ae9d18-a8ba-4f9a-9931-8905448347fd,100,3.3333333333333335,right_wrist,0.5,0.5,0.0,540.0,960.0,0.5
f1ae9d18-a8ba-4f9a-9931-8905448347fd,100,3.3333333333333335,left_hip,0.5,0.5,0.0,540.0,960.0,0.5
f1ae9d18-a8ba-4f9a-9931-8905448347fd,100,3.3333333333333335,right_hip,0.5,0.5,0.0,540.0,960.0,0.5
f1ae9d18-a8ba-4f9a-9931-8905448347fd,100,3.3333333333333335,left_knee,0.5,0.5,0.0,540.0,960.0,0.5
f1ae9d18-a8ba-4f9a-9931-8905448347fd,100,3.3333333333333335,right_knee,0.5,0.5,0.0,540.0,960.0,0.5
f1ae9d18-a8ba-4f9a-9931-8905448347fd,100,3.3333333333333335,left_ankle,0.5,0.5,0.0,540.0,960.0,0.5
f1ae9d18-a8ba-4f9a-9931-8905448347fd,100,3.3333333333333335,right_ankle,0.5,0.5,0.0,540.0,960.0,0.5
f1ae9d18-a8ba-4f9a-9931-8905448347fd,100,3.3333333333333335,left_heel,0.5,0.5,0.0,540.0,960.0,0.5
f1ae9d18-a8ba-4f9a-9931-8905448347fd,100,3.3333333333333335,right_heel,0.5,0.5,0.0,540.0,960.0,0.5
f1ae9d18-a8ba-4f9a-9931-8905448347fd,100,3.3333333333333335,left_foot_index,0.5,0.5,0.0,540.0,960.0,0.5
f1ae9d18-a8ba-4f9a-9931-8905448347fd,100,3.3333333333333335,right_foot_index,0.5,0.5,0.0,540.0,960.0,0.5
f1ae9d18-a8ba-4f9a-9931-8905448347fd,101,3.3666666666666667,nose,0.5,0.5,0.0,540.0,960.0,0.5
f1ae9d18-a8ba-4f9a-9931-8905448347fd,101,3.3666666666666667,left_shoulder,0.5,0.5,0.0,540.0,960.0,0.5
f1ae9d18-a8ba-4f9a-9931-8905448347fd,101,3.3666666666666667,right_shoulder,0.5,0.5,0.0,540.0,960.0,0.5
f1ae9d18-a8ba-4f9a-9931-8905448347fd,101,3.3666666666666667,left_elbow,0.5,0.5,0.0,540.0,960.0,0.5
f1ae9d18-a8ba-4f9a-9931-8905448347fd,101,3.3666666666666667,right_elbow,0.5,0.5,0.0,540.0,960.0,0.5
f1ae9d18-a8ba-4f9a-9931-8905448347fd,101,3.3666666666666667,left_wrist,0.5,0.5,0.0,540.0,960.0,0.5
f1ae9d18-a8ba-4f9a-9931-8905448347fd,101,3.3666666666666667,right_wrist,0.5,0.5,0.0,540.0,960.0,0.5
f1ae9d18-a8ba-4f9a-9931-8905448347fd,101,3.3666666666666667,left_hip,0.5,0.5,0.0,540.0,960.0,0.5
f1ae9d18-a8ba-4f9a-9931-8905448347fd,101,3.3666666666666667,right_hip,0.5,0.5,0.0,540.0,960.0,0.5
f1ae9d18-a8ba-4f9a-9931-8905448347fd,101,3.3666666666666667,left_knee,0.5,0.5,0.0,540.0,960.0,0.5
f1ae9d18-a8ba-4f9a-9931-8905448347fd,101,3.3666666666666667,right_knee,0.5,0.5,0.0,540.0,960.0,0.5
f1ae9d18-a8ba-4f9a-9931-8905448347fd,101,3.3666666666666667,left_ankle,0.5,0.5,0.0,540.0,960.0,0.5
f1ae9d18-a8ba-4f9a-9931-8905448347fd,101,3.3666666666666667,right_ankle,0.5,0.5,0.0,540.0,960.0,0.5
f1ae9d18-a8ba-4f9a-9931-8905448347fd,101,3.3666666666666667,left_heel,0.5,0.5,0.0,540.0,960.0,0.5
f1ae9d18-a8ba-4f9a-9931-8905448347fd,101,3.3666666666666667,right_heel,0.5,0.5,0.0,540.0,960.0,0.5
f1ae9d18-a8ba-4f9a-9931-8905448347fd,101,3.3666666666666667,left_foot_index,0.5,0.5,0.0,540.0,960.0,0.5
f1ae9d18-a8ba-4f9a-9931-8905448347fd,101,3.3666666666666667,right_foot_index,0.5,0.5,0.0,540.0,960.0,0.5
f1ae9d18-a8ba-4f9a-9931-8905448347fd,102,3.4,nose,0.5,0.5,0.0,540.0,960.0,0.5
f1ae9d18-a8ba-4f9a-9931-8905448347fd,102,3.4,left_shoulder,0.5,0.5,0.0,540.0,960.0,0.5
f1ae9d18-a8ba-4f9a-9931-8905448347fd,102,3.4,right_shoulder,0.5,0.5,0.0,540.0,960.0,0.5
f1ae9d18-a8ba-4f9a-9931-8905448347fd,102,3.4,left_elbow,0.5,0.5,0.0,540.0,960.0,0.5
f1ae9d18-a8ba-4f9a-9931-8905448347fd,102,3.4,right_elbow,0.5,0.5,0.0,540.0,960.0,0.5
f1ae9d18-a8ba-4f9a-9931-8905448347fd,102,3.4,left_wrist,0.5,0.5,0.0,540.0,960.0,0.5
f1ae9d18-a8ba-4f9a-9931-8905448347fd,102,3.4,right_wrist,0.5,0.5,0.0,540.0,960.0,0.5
f1ae9d18-a8ba-4f9a-9931-8905448347fd,102,3.4,left_hip,0.5,0.5,0.0,540.0,960.0,0.5
f1ae9d18-a8ba-4f9a-9931-8905448347fd,102,3.4,right_hip,0.5,0.5,0.0,540.0,960.0,0.5
f1ae9d18-a8ba-4f9a-9931-8905448347fd,102,3.4,left_knee,0.5,0.5,0.0,540.0,960.0,0.5
f1ae9d18-a8ba-4f9a-9931-8905448347fd,102,3.4,right_knee,0.5,0.5,0.0,540.0,960.0,0.5
f1ae9d18-a8ba-4f9a-9931-8905448347fd,102,3.4,left_ankle,0.5,0.5,0.0,540.0,960.0,0.5
f1ae9d18-a8ba-4f9a-9931-8905448347fd,102,3.4,right_ankle,0.5,0.5,0.0,540.0,960.0,0.5
f1ae9d18-a8ba-4f9a-9931-8905448347fd,102,3.4,left_heel,0.5,0.5,0.0,540.0,960.0,0.5
f1ae9d18-a8ba-4f9a-9931-8905448347fd,102,3.4,right_heel,0.5,0.5,0.0,540.0,960.0,0.5
f1ae9d18-a8ba-4f9a-9931-8905448347fd,102,3.4,left_foot_index,0.5,0.5,0.0,540.0,960.0,0.5
f1ae9d18-a8ba-4f9a-9931-8905448347fd,102,3.4,right_foot_index,0.5,0.5,0.0,540.0,960.0,0.5
f1ae9d18-a8ba-4f9a-9931-8905448347fd,103,3.433333333333333,nose,0.5,0.5,0.0,540.0,960.0,0.5
f1ae9d18-a8ba-4f9a-9931-8905448347fd,103,3.433333333333333,left_shoulder,0.5,0.5,0.0,540.0,960.0,0.5
f1ae9d18-a8ba-4f9a-9931-8905448347fd,103,3.433333333333333,right_shoulder,0.5,0.5,0.0,540.0,960.0,0.5
f1ae9d18-a8ba-4f9a-9931-8905448347fd,103,3.433333333333333,left_elbow,0.5,0.5,0.0,540.0,960.0,0.5
f1ae9d18-a8ba-4f9a-9931-8905448347fd,103,3.433333333333333,right_elbow,0.5,0.5,0.0,540.0,960.0,0.5
f1ae9d18-a8ba-4f9a-9931-8905448347fd,103,3.433333333333333,left_wrist,0.5,0.5,0.0,540.0,960.0,0.5
f1ae9d18-a8ba-4f9a-9931-8905448347fd,103,3.433333333333333,right_wrist,0.5,0.5,0.0,540.0,960.0,0.5
f1ae9d18-a8ba-4f9a-9931-8905448347fd,103,3.433333333333333,left_hip,0.5,0.5,0.0,540.0,960.0,0.5
f1ae9d18-a8ba-4f9a-9931-8905448347fd,103,3.433333333333333,right_hip,0.5,0.5,0.0,540.0,960.0,0.5
f1ae9d18-a8ba-4f9a-9931-8905448347fd,103,3.433333333333333,left_knee,0.5,0.5,0.0,540.0,960.0,0.5
f1ae9d18-a8ba-4f9a-9931-8905448347fd,103,3.433333333333333,right_knee,0.5,0.5,0.0,540.0,960.0,0.5
f1ae9d18-a8ba-4f9a-9931-8905448347fd,103,3.433333333333333,left_ankle,0.5,0.5,0.0,540.0,960.0,0.5
f1ae9d18-a8ba-4f9a-9931-8905448347fd,103,3.433333333333333,right_ankle,0.5,0.5,0.0,540.0,960.0,0.5
f1ae9d18-a8ba-4f9a-9931-8905448347fd,103,3.433333333333333,left_heel,0.5,0.5,0.0,540.0,960.0,0.5
f1ae9d18-a8ba-4f9a-9931-8905448347fd,103,3.433333333333333,right_heel,0.5,0.5,0.0,540.0,960.0,0.5
f1ae9d18-a8ba-4f9a-9931-8905448347fd,103,3.433333333333333,left_foot_index,0.5,0.5,0.0,540.0,960.0,0.5
f1ae9d18-a8ba-4f9a-9931-8905448347fd,103,3.433333333333333,right_foot_index,0.5,0.5,0.0,540.0,960.0,0.5
f1ae9d18-a8ba-4f9a-9931-8905448347fd,104,3.466666666666667,nose,0.5,0.5,0.0,540.0,960.0,0.5
f1ae9d18-a8ba-4f9a-9931-8905448347fd,104,3.466666666666667,left_shoulder,0.5,0.5,0.0,540.0,960.0,0.5
f1ae9d18-a8ba-4f9a-9931-8905448347fd,104,3.466666666666667,right_shoulder,0.5,0.5,0.0,540.0,960.0,0.5
f1ae9d18-a8ba-4f9a-9931-8905448347fd,104,3.466666666666667,left_elbow,0.5,0.5,0.0,540.0,960.0,0.5
f1ae9d18-a8ba-4f9a-9931-8905448347fd,104,3.466666666666667,right_elbow,0.5,0.5,0.0,540.0,960.0,0.5
f1ae9d18-a8ba-4f9a-9931-8905448347fd,104,3.466666666666667,left_wrist,0.5,0.5,0.0,540.0,960.0,0.5
f1ae9d18-a8ba-4f9a-9931-8905448347fd,104,3.466666666666667,right_wrist,0.5,0.5,0.0,540.0,960.0,0.5
f1ae9d18-a8ba-4f9a-9931-8905448347fd,104,3.466666666666667,left_hip,0.5,0.5,0.0,540.0,960.0,0.5
f1ae9d18-a8ba-4f9a-9931-8905448347fd,104,3.466666666666667,right_hip,0.5,0.5,0.0,540.0,960.0,0.5
f1ae9d18-a8ba-4f9a-9931-8905448347fd,104,3.466666666666667,left_knee,0.5,0.5,0.0,540.0,960.0,0.5
f1ae9d18-a8ba-4f9a-9931-8905448347fd,104,3.466666666666667,right_knee,0.5,0.5,0.0,540.0,960.0,0.5
f1ae9d18-a8ba-4f9a-9931-8905448347fd,104,3.466666666666667,left_ankle,0.5,0.5,0.0,540.0,960.0,0.5
f1ae9d18-a8ba-4f9a-9931-8905448347fd,104,3.466666666666667,right_ankle,0.5,0.5,0.0,540.0,960.0,0.5
f1ae9d18-a8ba-4f9a-9931-8905448347fd,104,3.466666666666667,left_heel,0.5,0.5,0.0,540.0,960.0,0.5
f1ae9d18-a8ba-4f9a-9931-8905448347fd,104,3.466666666666667,right_heel,0.5,0.5,0.0,540.0,960.0,0.5
f1ae9d18-a8ba-4f9a-9931-8905448347fd,104,3.466666666666667,left_foot_index,0.5,0.5,0.0,540.0,960.0,0.5
f1ae9d18-a8ba-4f9a-9931-8905448347fd,104,3.466666666666667,right_foot_index,0.5,0.5,0.0,540.0,960.0,0.5
f1ae9d18-a8ba-4f9a-9931-8905448347fd,105,3.5,nose,0.5,0.5,0.0,540.0,960.0,0.5
f1ae9d18-a8ba-4f9a-9931-8905448347fd,105,3.5,left_shoulder,0.5,0.5,0.0,540.0,960.0,0.5
f1ae9d18-a8ba-4f9a-9931-8905448347fd,105,3.5,right_shoulder,0.5,0.5,0.0,540.0,960.0,0.5
f1ae9d18-a8ba-4f9a-9931-8905448347fd,105,3.5,left_elbow,0.5,0.5,0.0,540.0,960.0,0.5
f1ae9d18-a8ba-4f9a-9931-8905448347fd,105,3.5,right_elbow,0.5,0.5,0.0,540.0,960.0,0.5
f1ae9d18-a8ba-4f9a-9931-8905448347fd,105,3.5,left_wrist,0.5,0.5,0.0,540.0,960.0,0.5
f1ae9d18-a8ba-4f9a-9931-8905448347fd,105,3.5,right_wrist,0.5,0.5,0.0,540.0,960.0,0.5
f1ae9d18-a8ba-4f9a-9931-8905448347fd,105,3.5,left_hip,0.5,0.5,0.0,540.0,960.0,0.5
f1ae9d18-a8ba-4f9a-9931-8905448347fd,105,3.5,right_hip,0.5,0.5,0.0,540.0,960.0,0.5
f1ae9d18-a8ba-4f9a-9931-8905448347fd,105,3.5,left_knee,0.5,0.5,0.0,540.0,960.0,0.5
f1ae9d18-a8ba-4f9a-9931-8905448347fd,105,3.5,right_knee,0.5,0.5,0.0,540.0,960.0,0.5
f1ae9d18-a8ba-4f9a-9931-8905448347fd,105,3.5,left_ankle,0.5,0.5,0.0,540.0,960.0,0.5
f1ae9d18-a8ba-4f9a-9931-8905448347fd,105,3.5,right_ankle,0.5,0.5,0.0,540.0,960.0,0.5
f1ae9d18-a8ba-4f9a-9931-8905448347fd,105,3.5,left_heel,0.5,0.5,0.0,540.0,960.0,0.5
f1ae9d18-a8ba-4f9a-9931-8905448347fd,105,3.5,right_heel,0.5,0.5,0.0,540.0,960.0,0.5
f1ae9d18-a8ba-4f9a-9931-8905448347fd,105,3.5,left_foot_index,0.5,0.5,0.0,540.0,960.0,0.5
f1ae9d18-a8ba-4f9a-9931-8905448347fd,105,3.5,right_foot_index,0.5,0.5,0.0,540.0,960.0,0.5
f1ae9d18-a8ba-4f9a-9931-8905448347fd,106,3.533333333333333,nose,0.5,0.5,0.0,540.0,960.0,0.5
f1ae9d18-a8ba-4f9a-9931-8905448347fd,106,3.533333333333333,left_shoulder,0.5,0.5,0.0,540.0,960.0,0.5
f1ae9d18-a8ba-4f9a-9931-8905448347fd,106,3.533333333333333,right_shoulder,0.5,0.5,0.0,540.0,960.0,0.5
f1ae9d18-a8ba-4f9a-9931-8905448347fd,106,3.533333333333333,left_elbow,0.5,0.5,0.0,540.0,960.0,0.5
f1ae9d18-a8ba-4f9a-9931-8905448347fd,106,3.533333333333333,right_elbow,0.5,0.5,0.0,540.0,960.0,0.5
f1ae9d18-a8ba-4f9a-9931-8905448347fd,106,3.533333333333333,left_wrist,0.5,0.5,0.0,540.0,960.0,0.5
f1ae9d18-a8ba-4f9a-9931-8905448347fd,106,3.533333333333333,right_wrist,0.5,0.5,0.0,540.0,960.0,0.5
f1ae9d18-a8ba-4f9a-9931-8905448347fd,106,3.533333333333333,left_hip,0.5,0.5,0.0,540.0,960.0,0.5
f1ae9d18-a8ba-4f9a-9931-8905448347fd,106,3.533333333333333,right_hip,0.5,0.5,0.0,540.0,960.0,0.5
f1ae9d18-a8ba-4f9a-9931-8905448347fd,106,3.533333333333333,left_knee,0.5,0.5,0.0,540.0,960.0,0.5
f1ae9d18-a8ba-4f9a-9931-8905448347fd,106,3.533333333333333,right_knee,0.5,0.5,0.0,540.0,960.0,0.5
f1ae9d18-a8ba-4f9a-9931-8905448347fd,106,3.533333333333333,left_ankle,0.5,0.5,0.0,540.0,960.0,0.5
f1ae9d18-a8ba-4f9a-9931-8905448347fd,106,3.533333333333333,right_ankle,0.5,0.5,0.0,540.0,960.0,0.5
f1ae9d18-a8ba-4f9a-9931-8905448347fd,106,3.533333333333333,left_heel,0.5,0.5,0.0,540.0,960.0,0.5
f1ae9d18-a8ba-4f9a-9931-8905448347fd,106,3.533333333333333,right_heel,0.5,0.5,0.0,540.0,960.0,0.5
f1ae9d18-a8ba-4f9a-9931-8905448347fd,106,3.533333333333333,left_foot_index,0.5,0.5,0.0,540.0,960.0,0.5
f1ae9d18-a8ba-4f9a-9931-8905448347fd,106,3.533333333333333,right_foot_index,0.5,0.5,0.0,540.0,960.0,0.5
f1ae9d18-a8ba-4f9a-9931-8905448347fd,107,3.566666666666667,nose,0.5,0.5,0.0,540.0,960.0,0.5
f1ae9d18-a8ba-4f9a-9931-8905448347fd,107,3.566666666666667,left_shoulder,0.5,0.5,0.0,540.0,960.0,0.5
f1ae9d18-a8ba-4f9a-9931-8905448347fd,107,3.566666666666667,right_shoulder,0.5,0.5,0.0,540.0,960.0,0.5
f1ae9d18-a8ba-4f9a-9931-8905448347fd,107,3.566666666666667,left_elbow,0.5,0.5,0.0,540.0,960.0,0.5
f1ae9d18-a8ba-4f9a-9931-8905448347fd,107,3.566666666666667,right_elbow,0.5,0.5,0.0,540.0,960.0,0.5
f1ae9d18-a8ba-4f9a-9931-8905448347fd,107,3.566666666666667,left_wrist,0.5,0.5,0.0,540.0,960.0,0.5
f1ae9d18-a8ba-4f9a-9931-8905448347fd,107,3.566666666666667,right_wrist,0.5,0.5,0.0,540.0,960.0,0.5
f1ae9d18-a8ba-4f9a-9931-8905448347fd,107,3.566666666666667,left_hip,0.5,0.5,0.0,540.0,960.0,0.5
f1ae9d18-a8ba-4f9a-9931-8905448347fd,107,3.566666666666667,right_hip,0.5,0.5,0.0,540.0,960.0,0.5
f1ae9d18-a8ba-4f9a-9931-8905448347fd,107,3.566666666666667,left_knee,0.5,0.5,0.0,540.0,960.0,0.5
f1ae9d18-a8ba-4f9a-9931-8905448347fd,107,3.566666666666667,right_knee,0.5,0.5,0.0,540.0,960.0,0.5
f1ae9d18-a8ba-4f9a-9931-8905448347fd,107,3.566666666666667,left_ankle,0.5,0.5,0.0,540.0,960.0,0.5
f1ae9d18-a8ba-4f9a-9931-8905448347fd,107,3.566666666666667,right_ankle,0.5,0.5,0.0,540.0,960.0,0.5
f1ae9d18-a8ba-4f9a-9931-8905448347fd,107,3.566666666666667,left_heel,0.5,0.5,0.0,540.0,960.0,0.5
f1ae9d18-a8ba-4f9a-9931-8905448347fd,107,3.566666666666667,right_heel,0.5,0.5,0.0,540.0,960.0,0.5
f1ae9d18-a8ba-4f9a-9931-8905448347fd,107,3.566666666666667,left_foot_index,0.5,0.5,0.0,540.0,960.0,0.5
f1ae9d18-a8ba-4f9a-9931-8905448347fd,107,3.566666666666667,right_foot_index,0.5,0.5,0.0,540.0,960.0,0.5
f1ae9d18-a8ba-4f9a-9931-8905448347fd,108,3.6,nose,0.5,0.5,0.0,540.0,960.0,0.5
f1ae9d18-a8ba-4f9a-9931-8905448347fd,108,3.6,left_shoulder,0.5,0.5,0.0,540.0,960.0,0.5
f1ae9d18-a8ba-4f9a-9931-8905448347fd,108,3.6,right_shoulder,0.5,0.5,0.0,540.0,960.0,0.5
f1ae9d18-a8ba-4f9a-9931-8905448347fd,108,3.6,left_elbow,0.5,0.5,0.0,540.0,960.0,0.5
f1ae9d18-a8ba-4f9a-9931-8905448347fd,108,3.6,right_elbow,0.5,0.5,0.0,540.0,960.0,0.5
f1ae9d18-a8ba-4f9a-9931-8905448347fd,108,3.6,left_wrist,0.5,0.5,0.0,540.0,960.0,0.5
f1ae9d18-a8ba-4f9a-9931-8905448347fd,108,3.6,right_wrist,0.5,0.5,0.0,540.0,960.0,0.5
f1ae9d18-a8ba-4f9a-9931-8905448347fd,108,3.6,left_hip,0.5,0.5,0.0,540.0,960.0,0.5
f1ae9d18-a8ba-4f9a-9931-8905448347fd,108,3.6,right_hip,0.5,0.5,0.0,540.0,960.0,0.5
f1ae9d18-a8ba-4f9a-9931-8905448347fd,108,3.6,left_knee,0.5,0.5,0.0,540.0,960.0,0.5
f1ae9d18-a8ba-4f9a-9931-8905448347fd,108,3.6,right_knee,0.5,0.5,0.0,540.0,960.0,0.5
f1ae9d18-a8ba-4f9a-9931-8905448347fd,108,3.6,left_ankle,0.5,0.5,0.0,540.0,960.0,0.5
f1ae9d18-a8ba-4f9a-9931-8905448347fd,108,3.6,right_ankle,0.5,0.5,0.0,540.0,960.0,0.5
f1ae9d18-a8ba-4f9a-9931-8905448347fd,108,3.6,left_heel,0.5,0.5,0.0,540.0,960.0,0.5
f1ae9d18-a8ba-4f9a-9931-8905448347fd,108,3.6,right_heel,0.5,0.5,0.0,540.0,960.0,0.5
f1ae9d18-a8ba-4f9a-9931-8905448347fd,108,3.6,left_foot_index,0.5,0.5,0.0,540.0,960.0,0.5
f1ae9d18-a8ba-4f9a-9931-8905448347fd,108,3.6,right_foot_index,0.5,0.5,0.0,540.0,960.0,0.5
f1ae9d18-a8ba-4f9a-9931-8905448347fd,109,3.6333333333333333,nose,0.5,0.5,0.0,540.0,960.0,0.5
f1ae9d18-a8ba-4f9a-9931-8905448347fd,109,3.6333333333333333,left_shoulder,0.5,0.5,0.0,540.0,960.0,0.5
f1ae9d18-a8ba-4f9a-9931-8905448347fd,109,3.6333333333333333,right_shoulder,0.5,0.5,0.0,540.0,960.0,0.5
f1ae9d18-a8ba-4f9a-9931-8905448347fd,109,3.6333333333333333,left_elbow,0.5,0.5,0.0,540.0,960.0,0.5
f1ae9d18-a8ba-4f9a-9931-8905448347fd,109,3.6333333333333333,right_elbow,0.5,0.5,0.0,540.0,960.0,0.5
f1ae9d18-a8ba-4f9a-9931-8905448347fd,109,3.6333333333333333,left_wrist,0.5,0.5,0.0,540.0,960.0,0.5
f1ae9d18-a8ba-4f9a-9931-8905448347fd,109,3.6333333333333333,right_wrist,0.5,0.5,0.0,540.0,960.0,0.5
f1ae9d18-a8ba-4f9a-9931-8905448347fd,109,3.6333333333333333,left_hip,0.5,0.5,0.0,540.0,960.0,0.5
f1ae9d18-a8ba-4f9a-9931-8905448347fd,109,3.6333333333333333,right_hip,0.5,0.5,0.0,540.0,960.0,0.5
f1ae9d18-a8ba-4f9a-9931-8905448347fd,109,3.6333333333333333,left_knee,0.5,0.5,0.0,540.0,960.0,0.5
f1ae9d18-a8ba-4f9a-9931-8905448347fd,109,3.6333333333333333,right_knee,0.5,0.5,0.0,540.0,960.0,0.5
f1ae9d18-a8ba-4f9a-9931-8905448347fd,109,3.6333333333333333,left_ankle,0.5,0.5,0.0,540.0,960.0,0.5
f1ae9d18-a8ba-4f9a-9931-8905448347fd,109,3.6333333333333333,right_ankle,0.5,0.5,0.0,540.0,960.0,0.5
f1ae9d18-a8ba-4f9a-9931-8905448347fd,109,3.6333333333333333,left_heel,0.5,0.5,0.0,540.0,960.0,0.5
f1ae9d18-a8ba-4f9a-9931-8905448347fd,109,3.6333333333333333,right_heel,0.5,0.5,0.0,540.0,960.0,0.5
f1ae9d18-a8ba-4f9a-9931-8905448347fd,109,3.6333333333333333,left_foot_index,0.5,0.5,0.0,540.0,960.0,0.5
f1ae9d18-a8ba-4f9a-9931-8905448347fd,109,3.6333333333333333,right_foot_index,0.5,0.5,0.0,540.0,960.0,0.5
f1ae9d18-a8ba-4f9a-9931-8905448347fd,110,3.6666666666666665,nose,0.5,0.5,0.0,540.0,960.0,0.5
f1ae9d18-a8ba-4f9a-9931-8905448347fd,110,3.6666666666666665,left_shoulder,0.5,0.5,0.0,540.0,960.0,0.5
f1ae9d18-a8ba-4f9a-9931-8905448347fd,110,3.6666666666666665,right_shoulder,0.5,0.5,0.0,540.0,960.0,0.5
f1ae9d18-a8ba-4f9a-9931-8905448347fd,110,3.6666666666666665,left_elbow,0.5,0.5,0.0,540.0,960.0,0.5
f1ae9d18-a8ba-4f9a-9931-8905448347fd,110,3.6666666666666665,right_elbow,0.5,0.5,0.0,540.0,960.0,0.5
f1ae9d18-a8ba-4f9a-9931-8905448347fd,110,3.6666666666666665,left_wrist,0.5,0.5,0.0,540.0,960.0,0.5
f1ae9d18-a8ba-4f9a-9931-8905448347fd,110,3.6666666666666665,right_wrist,0.5,0.5,0.0,540.0,960.0,0.5
f1ae9d18-a8ba-4f9a-9931-8905448347fd,110,3.6666666666666665,left_hip,0.5,0.5,0.0,540.0,960.0,0.5
f1ae9d18-a8ba-4f9a-9931-8905448347fd,110,3.6666666666666665,right_hip,0.5,0.5,0.0,540.0,960.0,0.5
f1ae9d18-a8ba-4f9a-9931-8905448347fd,110,3.6666666666666665,left_knee,0.5,0.5,0.0,540.0,960.0,0.5
f1ae9d18-a8ba-4f9a-9931-8905448347fd,110,3.6666666666666665,right_knee,0.5,0.5,0.0,540.0,960.0,0.5
f1ae9d18-a8ba-4f9a-9931-8905448347fd,110,3.6666666666666665,left_ankle,0.5,0.5,0.0,540.0,960.0,0.5
f1ae9d18-a8ba-4f9a-9931-8905448347fd,110,3.6666666666666665,right_ankle,0.5,0.5,0.0,540.0,960.0,0.5
f1ae9d18-a8ba-4f9a-9931-8905448347fd,110,3.6666666666666665,left_heel,0.5,0.5,0.0,540.0,960.0,0.5
f1ae9d18-a8ba-4f9a-9931-8905448347fd,110,3.6666666666666665,right_heel,0.5,0.5,0.0,540.0,960.0,0.5
f1ae9d18-a8ba-4f9a-9931-8905448347fd,110,3.6666666666666665,left_foot_index,0.5,0.5,0.0,540.0,960.0,0.5
f1ae9d18-a8ba-4f9a-9931-8905448347fd,110,3.6666666666666665,right_foot_index,0.5,0.5,0.0,540.0,960.0,0.5
f1ae9d18-a8ba-4f9a-9931-8905448347fd,111,3.7,nose,0.5,0.5,0.0,540.0,960.0,0.5
f1ae9d18-a8ba-4f9a-9931-8905448347fd,111,3.7,left_shoulder,0.5,0.5,0.0,540.0,960.0,0.5
f1ae9d18-a8ba-4f9a-9931-8905448347fd,111,3.7,right_shoulder,0.5,0.5,0.0,540.0,960.0,0.5
f1ae9d18-a8ba-4f9a-9931-8905448347fd,111,3.7,left_elbow,0.5,0.5,0.0,540.0,960.0,0.5
f1ae9d18-a8ba-4f9a-9931-8905448347fd,111,3.7,right_elbow,0.5,0.5,0.0,540.0,960.0,0.5
f1ae9d18-a8ba-4f9a-9931-8905448347fd,111,3.7,left_wrist,0.5,0.5,0.0,540.0,960.0,0.5
f1ae9d18-a8ba-4f9a-9931-8905448347fd,111,3.7,right_wrist,0.5,0.5,0.0,540.0,960.0,0.5
f1ae9d18-a8ba-4f9a-9931-8905448347fd,111,3.7,left_hip,0.5,0.5,0.0,540.0,960.0,0.5
f1ae9d18-a8ba-4f9a-9931-8905448347fd,111,3.7,right_hip,0.5,0.5,0.0,540.0,960.0,0.5
f1ae9d18-a8ba-4f9a-9931-8905448347fd,111,3.7,left_knee,0.5,0.5,0.0,540.0,960.0,0.5
f1ae9d18-a8ba-4f9a-9931-8905448347fd,111,3.7,right_knee,0.5,0.5,0.0,540.0,960.0,0.5
f1ae9d18-a8ba-4f9a-9931-8905448347fd,111,3.7,left_ankle,0.5,0.5,0.0,540.0,960.0,0.5
f1ae9d18-a8ba-4f9a-9931-8905448347fd,111,3.7,right_ankle,0.5,0.5,0.0,540.0,960.0,0.5
f1ae9d18-a8ba-4f9a-9931-8905448347fd,111,3.7,left_heel,0.5,0.5,0.0,540.0,960.0,0.5
f1ae9d18-a8ba-4f9a-9931-8905448347fd,111,3.7,right_heel,0.5,0.5,0.0,540.0,960.0,0.5
f1ae9d18-a8ba-4f9a-9931-8905448347fd,111,3.7,left_foot_index,0.5,0.5,0.0,540.0,960.0,0.5
f1ae9d18-a8ba-4f9a-9931-8905448347fd,111,3.7,right_foot_index,0.5,0.5,0.0,540.0,960.0,0.5
f1ae9d18-a8ba-4f9a-9931-8905448347fd,112,3.7333333333333334,nose,0.5,0.5,0.0,540.0,960.0,0.5
f1ae9d18-a8ba-4f9a-9931-8905448347fd,112,3.7333333333333334,left_shoulder,0.5,0.5,0.0,540.0,960.0,0.5
f1ae9d18-a8ba-4f9a-9931-8905448347fd,112,3.7333333333333334,right_shoulder,0.5,0.5,0.0,540.0,960.0,0.5
f1ae9d18-a8ba-4f9a-9931-8905448347fd,112,3.7333333333333334,left_elbow,0.5,0.5,0.0,540.0,960.0,0.5
f1ae9d18-a8ba-4f9a-9931-8905448347fd,112,3.7333333333333334,right_elbow,0.5,0.5,0.0,540.0,960.0,0.5
f1ae9d18-a8ba-4f9a-9931-8905448347fd,112,3.7333333333333334,left_wrist,0.5,0.5,0.0,540.0,960.0,0.5
f1ae9d18-a8ba-4f9a-9931-8905448347fd,112,3.7333333333333334,right_wrist,0.5,0.5,0.0,540.0,960.0,0.5
f1ae9d18-a8ba-4f9a-9931-8905448347fd,112,3.7333333333333334,left_hip,0.5,0.5,0.0,540.0,960.0,0.5
f1ae9d18-a8ba-4f9a-9931-8905448347fd,112,3.7333333333333334,right_hip,0.5,0.5,0.0,540.0,960.0,0.5
f1ae9d18-a8ba-4f9a-9931-8905448347fd,112,3.7333333333333334,left_knee,0.5,0.5,0.0,540.0,960.0,0.5
f1ae9d18-a8ba-4f9a-9931-8905448347fd,112,3.7333333333333334,right_knee,0.5,0.5,0.0,540.0,960.0,0.5
f1ae9d18-a8ba-4f9a-9931-8905448347fd,112,3.7333333333333334,left_ankle,0.5,0.5,0.0,540.0,960.0,0.5
f1ae9d18-a8ba-4f9a-9931-8905448347fd,112,3.7333333333333334,right_ankle,0.5,0.5,0.0,540.0,960.0,0.5
f1ae9d18-a8ba-4f9a-9931-8905448347fd,112,3.7333333333333334,left_heel,0.5,0.5,0.0,540.0,960.0,0.5
f1ae9d18-a8ba-4f9a-9931-8905448347fd,112,3.7333333333333334,right_heel,0.5,0.5,0.0,540.0,960.0,0.5
f1ae9d18-a8ba-4f9a-9931-8905448347fd,112,3.7333333333333334,left_foot_index,0.5,0.5,0.0,540.0,960.0,0.5
f1ae9d18-a8ba-4f9a-9931-8905448347fd,112,3.7333333333333334,right_foot_index,0.5,0.5,0.0,540.0,960.0,0.5
f1ae9d18-a8ba-4f9a-9931-8905448347fd,113,3.7666666666666666,nose,0.5,0.5,0.0,540.0,960.0,0.5
f1ae9d18-a8ba-4f9a-9931-8905448347fd,113,3.7666666666666666,left_shoulder,0.5,0.5,0.0,540.0,960.0,0.5
f1ae9d18-a8ba-4f9a-9931-8905448347fd,113,3.7666666666666666,right_shoulder,0.5,0.5,0.0,540.0,960.0,0.5
f1ae9d18-a8ba-4f9a-9931-8905448347fd,113,3.7666666666666666,left_elbow,0.5,0.5,0.0,540.0,960.0,0.5
f1ae9d18-a8ba-4f9a-9931-8905448347fd,113,3.7666666666666666,right_elbow,0.5,0.5,0.0,540.0,960.0,0.5
f1ae9d18-a8ba-4f9a-9931-8905448347fd,113,3.7666666666666666,left_wrist,0.5,0.5,0.0,540.0,960.0,0.5
f1ae9d18-a8ba-4f9a-9931-8905448347fd,113,3.7666666666666666,right_wrist,0.5,0.5,0.0,540.0,960.0,0.5
f1ae9d18-a8ba-4f9a-9931-8905448347fd,113,3.7666666666666666,left_hip,0.5,0.5,0.0,540.0,960.0,0.5
f1ae9d18-a8ba-4f9a-9931-8905448347fd,113,3.7666666666666666,right_hip,0.5,0.5,0.0,540.0,960.0,0.5
f1ae9d18-a8ba-4f9a-9931-8905448347fd,113,3.7666666666666666,left_knee,0.5,0.5,0.0,540.0,960.0,0.5
f1ae9d18-a8ba-4f9a-9931-8905448347fd,113,3.7666666666666666,right_knee,0.5,0.5,0.0,540.0,960.0,0.5
f1ae9d18-a8ba-4f9a-9931-8905448347fd,113,3.7666666666666666,left_ankle,0.5,0.5,0.0,540.0,960.0,0.5
f1ae9d18-a8ba-4f9a-9931-8905448347fd,113,3.7666666666666666,right_ankle,0.5,0.5,0.0,540.0,960.0,0.5
f1ae9d18-a8ba-4f9a-9931-8905448347fd,113,3.7666666666666666,left_heel,0.5,0.5,0.0,540.0,960.0,0.5
f1ae9d18-a8ba-4f9a-9931-8905448347fd,113,3.7666666666666666,right_heel,0.5,0.5,0.0,540.0,960.0,0.5
f1ae9d18-a8ba-4f9a-9931-8905448347fd,113,3.7666666666666666,left_foot_index,0.5,0.5,0.0,540.0,960.0,0.5
f1ae9d18-a8ba-4f9a-9931-8905448347fd,113,3.7666666666666666,right_foot_index,0.5,0.5,0.0,540.0,960.0,0.5
f1ae9d18-a8ba-4f9a-9931-8905448347fd,114,3.8,nose,0.5,0.5,0.0,540.0,960.0,0.5
f1ae9d18-a8ba-4f9a-9931-8905448347fd,114,3.8,left_shoulder,0.5,0.5,0.0,540.0,960.0,0.5
f1ae9d18-a8ba-4f9a-9931-8905448347fd,114,3.8,right_shoulder,0.5,0.5,0.0,540.0,960.0,0.5
f1ae9d18-a8ba-4f9a-9931-8905448347fd,114,3.8,left_elbow,0.5,0.5,0.0,540.0,960.0,0.5
f1ae9d18-a8ba-4f9a-9931-8905448347fd,114,3.8,right_elbow,0.5,0.5,0.0,540.0,960.0,0.5
f1ae9d18-a8ba-4f9a-9931-8905448347fd,114,3.8,left_wrist,0.5,0.5,0.0,540.0,960.0,0.5
f1ae9d18-a8ba-4f9a-9931-8905448347fd,114,3.8,right_wrist,0.5,0.5,0.0,540.0,960.0,0.5
f1ae9d18-a8ba-4f9a-9931-8905448347fd,114,3.8,left_hip,0.5,0.5,0.0,540.0,960.0,0.5
f1ae9d18-a8ba-4f9a-9931-8905448347fd,114,3.8,right_hip,0.5,0.5,0.0,540.0,960.0,0.5
f1ae9d18-a8ba-4f9a-9931-8905448347fd,114,3.8,left_knee,0.5,0.5,0.0,540.0,960.0,0.5
f1ae9d18-a8ba-4f9a-9931-8905448347fd,114,3.8,right_knee,0.5,0.5,0.0,540.0,960.0,0.5
f1ae9d18-a8ba-4f9a-9931-8905448347fd,114,3.8,left_ankle,0.5,0.5,0.0,540.0,960.0,0.5
f1ae9d18-a8ba-4f9a-9931-8905448347fd,114,3.8,right_ankle,0.5,0.5,0.0,540.0,960.0,0.5
f1ae9d18-a8ba-4f9a-9931-8905448347fd,114,3.8,left_heel,0.5,0.5,0.0,540.0,960.0,0.5
f1ae9d18-a8ba-4f9a-9931-8905448347fd,114,3.8,right_heel,0.5,0.5,0.0,540.0,960.0,0.5
f1ae9d18-a8ba-4f9a-9931-8905448347fd,114,3.8,left_foot_index,0.5,0.5,0.0,540.0,960.0,0.5
f1ae9d18-a8ba-4f9a-9931-8905448347fd,114,3.8,right_foot_index,0.5,0.5,0.0,540.0,960.0,0.5
f1ae9d18-a8ba-4f9a-9931-8905448347fd,115,3.8333333333333335,nose,0.5,0.5,0.0,540.0,960.0,0.5
f1ae9d18-a8ba-4f9a-9931-8905448347fd,115,3.8333333333333335,left_shoulder,0.5,0.5,0.0,540.0,960.0,0.5
f1ae9d18-a8ba-4f9a-9931-8905448347fd,115,3.8333333333333335,right_shoulder,0.5,0.5,0.0,540.0,960.0,0.5
f1ae9d18-a8ba-4f9a-9931-8905448347fd,115,3.8333333333333335,left_elbow,0.5,0.5,0.0,540.0,960.0,0.5
f1ae9d18-a8ba-4f9a-9931-8905448347fd,115,3.8333333333333335,right_elbow,0.5,0.5,0.0,540.0,960.0,0.5
f1ae9d18-a8ba-4f9a-9931-8905448347fd,115,3.8333333333333335,left_wrist,0.5,0.5,0.0,540.0,960.0,0.5
f1ae9d18-a8ba-4f9a-9931-8905448347fd,115,3.8333333333333335,right_wrist,0.5,0.5,0.0,540.0,960.0,0.5
f1ae9d18-a8ba-4f9a-9931-8905448347fd,115,3.8333333333333335,left_hip,0.5,0.5,0.0,540.0,960.0,0.5
f1ae9d18-a8ba-4f9a-9931-8905448347fd,115,3.8333333333333335,right_hip,0.5,0.5,0.0,540.0,960.0,0.5
f1ae9d18-a8ba-4f9a-9931-8905448347fd,115,3.8333333333333335,left_knee,0.5,0.5,0.0,540.0,960.0,0.5
f1ae9d18-a8ba-4f9a-9931-8905448347fd,115,3.8333333333333335,right_knee,0.5,0.5,0.0,540.0,960.0,0.5
f1ae9d18-a8ba-4f9a-9931-8905448347fd,115,3.8333333333333335,left_ankle,0.5,0.5,0.0,540.0,960.0,0.5
f1ae9d18-a8ba-4f9a-9931-8905448347fd,115,3.8333333333333335,right_ankle,0.5,0.5,0.0,540.0,960.0,0.5
f1ae9d18-a8ba-4f9a-9931-8905448347fd,115,3.8333333333333335,left_heel,0.5,0.5,0.0,540.0,960.0,0.5
f1ae9d18-a8ba-4f9a-9931-8905448347fd,115,3.8333333333333335,right_heel,0.5,0.5,0.0,540.0,960.0,0.5
f1ae9d18-a8ba-4f9a-9931-8905448347fd,115,3.8333333333333335,left_foot_index,0.5,0.5,0.0,540.0,960.0,0.5
f1ae9d18-a8ba-4f9a-9931-8905448347fd,115,3.8333333333333335,right_foot_index,0.5,0.5,0.0,540.0,960.0,0.5
f1ae9d18-a8ba-4f9a-9931-8905448347fd,116,3.8666666666666667,nose,0.5,0.5,0.0,540.0,960.0,0.5
f1ae9d18-a8ba-4f9a-9931-8905448347fd,116,3.8666666666666667,left_shoulder,0.5,0.5,0.0,540.0,960.0,0.5
f1ae9d18-a8ba-4f9a-9931-8905448347fd,116,3.8666666666666667,right_shoulder,0.5,0.5,0.0,540.0,960.0,0.5
f1ae9d18-a8ba-4f9a-9931-8905448347fd,116,3.8666666666666667,left_elbow,0.5,0.5,0.0,540.0,960.0,0.5
f1ae9d18-a8ba-4f9a-9931-8905448347fd,116,3.8666666666666667,right_elbow,0.5,0.5,0.0,540.0,960.0,0.5
f1ae9d18-a8ba-4f9a-9931-8905448347fd,116,3.8666666666666667,left_wrist,0.5,0.5,0.0,540.0,960.0,0.5
f1ae9d18-a8ba-4f9a-9931-8905448347fd,116,3.8666666666666667,right_wrist,0.5,0.5,0.0,540.0,960.0,0.5
f1ae9d18-a8ba-4f9a-9931-8905448347fd,116,3.8666666666666667,left_hip,0.5,0.5,0.0,540.0,960.0,0.5
f1ae9d18-a8ba-4f9a-9931-8905448347fd,116,3.8666666666666667,right_hip,0.5,0.5,0.0,540.0,960.0,0.5
f1ae9d18-a8ba-4f9a-9931-8905448347fd,116,3.8666666666666667,left_knee,0.5,0.5,0.0,540.0,960.0,0.5
f1ae9d18-a8ba-4f9a-9931-8905448347fd,116,3.8666666666666667,right_knee,0.5,0.5,0.0,540.0,960.0,0.5
f1ae9d18-a8ba-4f9a-9931-8905448347fd,116,3.8666666666666667,left_ankle,0.5,0.5,0.0,540.0,960.0,0.5
f1ae9d18-a8ba-4f9a-9931-8905448347fd,116,3.8666666666666667,right_ankle,0.5,0.5,0.0,540.0,960.0,0.5
f1ae9d18-a8ba-4f9a-9931-8905448347fd,116,3.8666666666666667,left_heel,0.5,0.5,0.0,540.0,960.0,0.5
f1ae9d18-a8ba-4f9a-9931-8905448347fd,116,3.8666666666666667,right_heel,0.5,0.5,0.0,540.0,960.0,0.5
f1ae9d18-a8ba-4f9a-9931-8905448347fd,116,3.8666666666666667,left_foot_index,0.5,0.5,0.0,540.0,960.0,0.5
f1ae9d18-a8ba-4f9a-9931-8905448347fd,116,3.8666666666666667,right_foot_index,0.5,0.5,0.0,540.0,960.0,0.5
f1ae9d18-a8ba-4f9a-9931-8905448347fd,117,3.9,nose,0.5,0.5,0.0,540.0,960.0,0.5
f1ae9d18-a8ba-4f9a-9931-8905448347fd,117,3.9,left_shoulder,0.5,0.5,0.0,540.0,960.0,0.5
f1ae9d18-a8ba-4f9a-9931-8905448347fd,117,3.9,right_shoulder,0.5,0.5,0.0,540.0,960.0,0.5
f1ae9d18-a8ba-4f9a-9931-8905448347fd,117,3.9,left_elbow,0.5,0.5,0.0,540.0,960.0,0.5
f1ae9d18-a8ba-4f9a-9931-8905448347fd,117,3.9,right_elbow,0.5,0.5,0.0,540.0,960.0,0.5
f1ae9d18-a8ba-4f9a-9931-8905448347fd,117,3.9,left_wrist,0.5,0.5,0.0,540.0,960.0,0.5
f1ae9d18-a8ba-4f9a-9931-8905448347fd,117,3.9,right_wrist,0.5,0.5,0.0,540.0,960.0,0.5
f1ae9d18-a8ba-4f9a-9931-8905448347fd,117,3.9,left_hip,0.5,0.5,0.0,540.0,960.0,0.5
f1ae9d18-a8ba-4f9a-9931-8905448347fd,117,3.9,right_hip,0.5,0.5,0.0,540.0,960.0,0.5
f1ae9d18-a8ba-4f9a-9931-8905448347fd,117,3.9,left_knee,0.5,0.5,0.0,540.0,960.0,0.5
f1ae9d18-a8ba-4f9a-9931-8905448347fd,117,3.9,right_knee,0.5,0.5,0.0,540.0,960.0,0.5
f1ae9d18-a8ba-4f9a-9931-8905448347fd,117,3.9,left_ankle,0.5,0.5,0.0,540.0,960.0,0.5
f1ae9d18-a8ba-4f9a-9931-8905448347fd,117,3.9,right_ankle,0.5,0.5,0.0,540.0,960.0,0.5
f1ae9d18-a8ba-4f9a-9931-8905448347fd,117,3.9,left_heel,0.5,0.5,0.0,540.0,960.0,0.5
f1ae9d18-a8ba-4f9a-9931-8905448347fd,117,3.9,right_heel,0.5,0.5,0.0,540.0,960.0,0.5
f1ae9d18-a8ba-4f9a-9931-8905448347fd,117,3.9,left_foot_index,0.5,0.5,0.0,540.0,960.0,0.5
f1ae9d18-a8ba-4f9a-9931-8905448347fd,117,3.9,right_foot_index,0.5,0.5,0.0,540.0,960.0,0.5
f1ae9d18-a8ba-4f9a-9931-8905448347fd,118,3.933333333333333,nose,0.5,0.5,0.0,540.0,960.0,0.5
f1ae9d18-a8ba-4f9a-9931-8905448347fd,118,3.933333333333333,left_shoulder,0.5,0.5,0.0,540.0,960.0,0.5
f1ae9d18-a8ba-4f9a-9931-8905448347fd,118,3.933333333333333,right_shoulder,0.5,0.5,0.0,540.0,960.0,0.5
f1ae9d18-a8ba-4f9a-9931-8905448347fd,118,3.933333333333333,left_elbow,0.5,0.5,0.0,540.0,960.0,0.5
f1ae9d18-a8ba-4f9a-9931-8905448347fd,118,3.933333333333333,right_elbow,0.5,0.5,0.0,540.0,960.0,0.5
f1ae9d18-a8ba-4f9a-9931-8905448347fd,118,3.933333333333333,left_wrist,0.5,0.5,0.0,540.0,960.0,0.5
f1ae9d18-a8ba-4f9a-9931-8905448347fd,118,3.933333333333333,right_wrist,0.5,0.5,0.0,540.0,960.0,0.5
f1ae9d18-a8ba-4f9a-9931-8905448347fd,118,3.933333333333333,left_hip,0.5,0.5,0.0,540.0,960.0,0.5
f1ae9d18-a8ba-4f9a-9931-8905448347fd,118,3.933333333333333,right_hip,0.5,0.5,0.0,540.0,960.0,0.5
f1ae9d18-a8ba-4f9a-9931-8905448347fd,118,3.933333333333333,left_knee,0.5,0.5,0.0,540.0,960.0,0.5
f1ae9d18-a8ba-4f9a-9931-8905448347fd,118,3.933333333333333,right_knee,0.5,0.5,0.0,540.0,960.0,0.5
f1ae9d18-a8ba-4f9a-9931-8905448347fd,118,3.933333333333333,left_ankle,0.5,0.5,0.0,540.0,960.0,0.5
f1ae9d18-a8ba-4f9a-9931-8905448347fd,118,3.933333333333333,right_ankle,0.5,0.5,0.0,540.0,960.0,0.5
f1ae9d18-a8ba-4f9a-9931-8905448347fd,118,3.933333333333333,left_heel,0.5,0.5,0.0,540.0,960.0,0.5
f1ae9d18-a8ba-4f9a-9931-8905448347fd,118,3.933333333333333,right_heel,0.5,0.5,0.0,540.0,960.0,0.5
f1ae9d18-a8ba-4f9a-9931-8905448347fd,118,3.933333333333333,left_foot_index,0.5,0.5,0.0,540.0,960.0,0.5
f1ae9d18-a8ba-4f9a-9931-8905448347fd,118,3.933333333333333,right_foot_index,0.5,0.5,0.0,540.0,960.0,0.5
f1ae9d18-a8ba-4f9a-9931-8905448347fd,119,3.966666666666667,nose,0.5,0.5,0.0,540.0,960.0,0.5
f1ae9d18-a8ba-4f9a-9931-8905448347fd,119,3.966666666666667,left_shoulder,0.5,0.5,0.0,540.0,960.0,0.5
f1ae9d18-a8ba-4f9a-9931-8905448347fd,119,3.966666666666667,right_shoulder,0.5,0.5,0.0,540.0,960.0,0.5
f1ae9d18-a8ba-4f9a-9931-8905448347fd,119,3.966666666666667,left_elbow,0.5,0.5,0.0,540.0,960.0,0.5
f1ae9d18-a8ba-4f9a-9931-8905448347fd,119,3.966666666666667,right_elbow,0.5,0.5,0.0,540.0,960.0,0.5
f1ae9d18-a8ba-4f9a-9931-8905448347fd,119,3.966666666666667,left_wrist,0.5,0.5,0.0,540.0,960.0,0.5
f1ae9d18-a8ba-4f9a-9931-8905448347fd,119,3.966666666666667,right_wrist,0.5,0.5,0.0,540.0,960.0,0.5
f1ae9d18-a8ba-4f9a-9931-8905448347fd,119,3.966666666666667,left_hip,0.5,0.5,0.0,540.0,960.0,0.5
f1ae9d18-a8ba-4f9a-9931-8905448347fd,119,3.966666666666667,right_hip,0.5,0.5,0.0,540.0,960.0,0.5
f1ae9d18-a8ba-4f9a-9931-8905448347fd,119,3.966666666666667,left_knee,0.5,0.5,0.0,540.0,960.0,0.5
f1ae9d18-a8ba-4f9a-9931-8905448347fd,119,3.966666666666667,right_knee,0.5,0.5,0.0,540.0,960.0,0.5
f1ae9d18-a8ba-4f9a-9931-8905448347fd,119,3.966666666666667,left_ankle,0.5,0.5,0.0,540.0,960.0,0.5
f1ae9d18-a8ba-4f9a-9931-8905448347fd,119,3.966666666666667,right_ankle,0.5,0.5,0.0,540.0,960.0,0.5
f1ae9d18-a8ba-4f9a-9931-8905448347fd,119,3.966666666666667,left_heel,0.5,0.5,0.0,540.0,960.0,0.5
f1ae9d18-a8ba-4f9a-9931-8905448347fd,119,3.966666666666667,right_heel,0.5,0.5,0.0,540.0,960.0,0.5
f1ae9d18-a8ba-4f9a-9931-8905448347fd,119,3.966666666666667,left_foot_index,0.5,0.5,0.0,540.0,960.0,0.5
f1ae9d18-a8ba-4f9a-9931-8905448347fd,119,3.966666666666667,right_foot_index,0.5,0.5,0.0,540.0,960.0,0.5
f1ae9d18-a8ba-4f9a-9931-8905448347fd,120,4.0,nose,0.5,0.5,0.0,540.0,960.0,0.5
f1ae9d18-a8ba-4f9a-9931-8905448347fd,120,4.0,left_shoulder,0.5,0.5,0.0,540.0,960.0,0.5
f1ae9d18-a8ba-4f9a-9931-8905448347fd,120,4.0,right_shoulder,0.5,0.5,0.0,540.0,960.0,0.5
f1ae9d18-a8ba-4f9a-9931-8905448347fd,120,4.0,left_elbow,0.5,0.5,0.0,540.0,960.0,0.5
f1ae9d18-a8ba-4f9a-9931-8905448347fd,120,4.0,right_elbow,0.5,0.5,0.0,540.0,960.0,0.5
f1ae9d18-a8ba-4f9a-9931-8905448347fd,120,4.0,left_wrist,0.5,0.5,0.0,540.0,960.0,0.5
f1ae9d18-a8ba-4f9a-9931-8905448347fd,120,4.0,right_wrist,0.5,0.5,0.0,540.0,960.0,0.5
f1ae9d18-a8ba-4f9a-9931-8905448347fd,120,4.0,left_hip,0.5,0.5,0.0,540.0,960.0,0.5
f1ae9d18-a8ba-4f9a-9931-8905448347fd,120,4.0,right_hip,0.5,0.5,0.0,540.0,960.0,0.5
f1ae9d18-a8ba-4f9a-9931-8905448347fd,120,4.0,left_knee,0.5,0.5,0.0,540.0,960.0,0.5
f1ae9d18-a8ba-4f9a-9931-8905448347fd,120,4.0,right_knee,0.5,0.5,0.0,540.0,960.0,0.5
f1ae9d18-a8ba-4f9a-9931-8905448347fd,120,4.0,left_ankle,0.5,0.5,0.0,540.0,960.0,0.5
f1ae9d18-a8ba-4f9a-9931-8905448347fd,120,4.0,right_ankle,0.5,0.5,0.0,540.0,960.0,0.5
f1ae9d18-a8ba-4f9a-9931-8905448347fd,120,4.0,left_heel,0.5,0.5,0.0,540.0,960.0,0.5
f1ae9d18-a8ba-4f9a-9931-8905448347fd,120,4.0,right_heel,0.5,0.5,0.0,540.0,960.0,0.5
f1ae9d18-a8ba-4f9a-9931-8905448347fd,120,4.0,left_foot_index,0.5,0.5,0.0,540.0,960.0,0.5
f1ae9d18-a8ba-4f9a-9931-8905448347fd,120,4.0,right_foot_index,0.5,0.5,0.0,540.0,960.0,0.5
f1ae9d18-a8ba-4f9a-9931-8905448347fd,121,4.033333333333333,nose,0.5,0.5,0.0,540.0,960.0,0.5
f1ae9d18-a8ba-4f9a-9931-8905448347fd,121,4.033333333333333,left_shoulder,0.5,0.5,0.0,540.0,960.0,0.5
f1ae9d18-a8ba-4f9a-9931-8905448347fd,121,4.033333333333333,right_shoulder,0.5,0.5,0.0,540.0,960.0,0.5
f1ae9d18-a8ba-4f9a-9931-8905448347fd,121,4.033333333333333,left_elbow,0.5,0.5,0.0,540.0,960.0,0.5
f1ae9d18-a8ba-4f9a-9931-8905448347fd,121,4.033333333333333,right_elbow,0.5,0.5,0.0,540.0,960.0,0.5
f1ae9d18-a8ba-4f9a-9931-8905448347fd,121,4.033333333333333,left_wrist,0.5,0.5,0.0,540.0,960.0,0.5
f1ae9d18-a8ba-4f9a-9931-8905448347fd,121,4.033333333333333,right_wrist,0.5,0.5,0.0,540.0,960.0,0.5
f1ae9d18-a8ba-4f9a-9931-8905448347fd,121,4.033333333333333,left_hip,0.5,0.5,0.0,540.0,960.0,0.5
f1ae9d18-a8ba-4f9a-9931-8905448347fd,121,4.033333333333333,right_hip,0.5,0.5,0.0,540.0,960.0,0.5
f1ae9d18-a8ba-4f9a-9931-8905448347fd,121,4.033333333333333,left_knee,0.5,0.5,0.0,540.0,960.0,0.5
f1ae9d18-a8ba-4f9a-9931-8905448347fd,121,4.033333333333333,right_knee,0.5,0.5,0.0,540.0,960.0,0.5
f1ae9d18-a8ba-4f9a-9931-8905448347fd,121,4.033333333333333,left_ankle,0.5,0.5,0.0,540.0,960.0,0.5
f1ae9d18-a8ba-4f9a-9931-8905448347fd,121,4.033333333333333,right_ankle,0.5,0.5,0.0,540.0,960.0,0.5
f1ae9d18-a8ba-4f9a-9931-8905448347fd,121,4.033333333333333,left_heel,0.5,0.5,0.0,540.0,960.0,0.5
f1ae9d18-a8ba-4f9a-9931-8905448347fd,121,4.033333333333333,right_heel,0.5,0.5,0.0,540.0,960.0,0.5
f1ae9d18-a8ba-4f9a-9931-8905448347fd,121,4.033333333333333,left_foot_index,0.5,0.5,0.0,540.0,960.0,0.5
f1ae9d18-a8ba-4f9a-9931-8905448347fd,121,4.033333333333333,right_foot_index,0.5,0.5,0.0,540.0,960.0,0.5
f1ae9d18-a8ba-4f9a-9931-8905448347fd,122,4.066666666666666,nose,0.5,0.5,0.0,540.0,960.0,0.5
f1ae9d18-a8ba-4f9a-9931-8905448347fd,122,4.066666666666666,left_shoulder,0.5,0.5,0.0,540.0,960.0,0.5
f1ae9d18-a8ba-4f9a-9931-8905448347fd,122,4.066666666666666,right_shoulder,0.5,0.5,0.0,540.0,960.0,0.5
f1ae9d18-a8ba-4f9a-9931-8905448347fd,122,4.066666666666666,left_elbow,0.5,0.5,0.0,540.0,960.0,0.5
f1ae9d18-a8ba-4f9a-9931-8905448347fd,122,4.066666666666666,right_elbow,0.5,0.5,0.0,540.0,960.0,0.5
f1ae9d18-a8ba-4f9a-9931-8905448347fd,122,4.066666666666666,left_wrist,0.5,0.5,0.0,540.0,960.0,0.5
f1ae9d18-a8ba-4f9a-9931-8905448347fd,122,4.066666666666666,right_wrist,0.5,0.5,0.0,540.0,960.0,0.5
f1ae9d18-a8ba-4f9a-9931-8905448347fd,122,4.066666666666666,left_hip,0.5,0.5,0.0,540.0,960.0,0.5
f1ae9d18-a8ba-4f9a-9931-8905448347fd,122,4.066666666666666,right_hip,0.5,0.5,0.0,540.0,960.0,0.5
f1ae9d18-a8ba-4f9a-9931-8905448347fd,122,4.066666666666666,left_knee,0.5,0.5,0.0,540.0,960.0,0.5
f1ae9d18-a8ba-4f9a-9931-8905448347fd,122,4.066666666666666,right_knee,0.5,0.5,0.0,540.0,960.0,0.5
f1ae9d18-a8ba-4f9a-9931-8905448347fd,122,4.066666666666666,left_ankle,0.5,0.5,0.0,540.0,960.0,0.5
f1ae9d18-a8ba-4f9a-9931-8905448347fd,122,4.066666666666666,right_ankle,0.5,0.5,0.0,540.0,960.0,0.5
f1ae9d18-a8ba-4f9a-9931-8905448347fd,122,4.066666666666666,left_heel,0.5,0.5,0.0,540.0,960.0,0.5
f1ae9d18-a8ba-4f9a-9931-8905448347fd,122,4.066666666666666,right_heel,0.5,0.5,0.0,540.0,960.0,0.5
f1ae9d18-a8ba-4f9a-9931-8905448347fd,122,4.066666666666666,left_foot_index,0.5,0.5,0.0,540.0,960.0,0.5
f1ae9d18-a8ba-4f9a-9931-8905448347fd,122,4.066666666666666,right_foot_index,0.5,0.5,0.0,540.0,960.0,0.5
f1ae9d18-a8ba-4f9a-9931-8905448347fd,123,4.1,nose,0.5,0.5,0.0,540.0,960.0,0.5
f1ae9d18-a8ba-4f9a-9931-8905448347fd,123,4.1,left_shoulder,0.5,0.5,0.0,540.0,960.0,0.5
f1ae9d18-a8ba-4f9a-9931-8905448347fd,123,4.1,right_shoulder,0.5,0.5,0.0,540.0,960.0,0.5
f1ae9d18-a8ba-4f9a-9931-8905448347fd,123,4.1,left_elbow,0.5,0.5,0.0,540.0,960.0,0.5
f1ae9d18-a8ba-4f9a-9931-8905448347fd,123,4.1,right_elbow,0.5,0.5,0.0,540.0,960.0,0.5
f1ae9d18-a8ba-4f9a-9931-8905448347fd,123,4.1,left_wrist,0.5,0.5,0.0,540.0,960.0,0.5
f1ae9d18-a8ba-4f9a-9931-8905448347fd,123,4.1,right_wrist,0.5,0.5,0.0,540.0,960.0,0.5
f1ae9d18-a8ba-4f9a-9931-8905448347fd,123,4.1,left_hip,0.5,0.5,0.0,540.0,960.0,0.5
f1ae9d18-a8ba-4f9a-9931-8905448347fd,123,4.1,right_hip,0.5,0.5,0.0,540.0,960.0,0.5
f1ae9d18-a8ba-4f9a-9931-8905448347fd,123,4.1,left_knee,0.5,0.5,0.0,540.0,960.0,0.5
f1ae9d18-a8ba-4f9a-9931-8905448347fd,123,4.1,right_knee,0.5,0.5,0.0,540.0,960.0,0.5
f1ae9d18-a8ba-4f9a-9931-8905448347fd,123,4.1,left_ankle,0.5,0.5,0.0,540.0,960.0,0.5
f1ae9d18-a8ba-4f9a-9931-8905448347fd,123,4.1,right_ankle,0.5,0.5,0.0,540.0,960.0,0.5
f1ae9d18-a8ba-4f9a-9931-8905448347fd,123,4.1,left_heel,0.5,0.5,0.0,540.0,960.0,0.5
f1ae9d18-a8ba-4f9a-9931-8905448347fd,123,4.1,right_heel,0.5,0.5,0.0,540.0,960.0,0.5
f1ae9d18-a8ba-4f9a-9931-8905448347fd,123,4.1,left_foot_index,0.5,0.5,0.0,540.0,960.0,0.5
f1ae9d18-a8ba-4f9a-9931-8905448347fd,123,4.1,right_foot_index,0.5,0.5,0.0,540.0,960.0,0.5
f1ae9d18-a8ba-4f9a-9931-8905448347fd,124,4.133333333333334,nose,0.5,0.5,0.0,540.0,960.0,0.5
f1ae9d18-a8ba-4f9a-9931-8905448347fd,124,4.133333333333334,left_shoulder,0.5,0.5,0.0,540.0,960.0,0.5
f1ae9d18-a8ba-4f9a-9931-8905448347fd,124,4.133333333333334,right_shoulder,0.5,0.5,0.0,540.0,960.0,0.5
f1ae9d18-a8ba-4f9a-9931-8905448347fd,124,4.133333333333334,left_elbow,0.5,0.5,0.0,540.0,960.0,0.5
f1ae9d18-a8ba-4f9a-9931-8905448347fd,124,4.133333333333334,right_elbow,0.5,0.5,0.0,540.0,960.0,0.5
f1ae9d18-a8ba-4f9a-9931-8905448347fd,124,4.133333333333334,left_wrist,0.5,0.5,0.0,540.0,960.0,0.5
f1ae9d18-a8ba-4f9a-9931-8905448347fd,124,4.133333333333334,right_wrist,0.5,0.5,0.0,540.0,960.0,0.5
f1ae9d18-a8ba-4f9a-9931-8905448347fd,124,4.133333333333334,left_hip,0.5,0.5,0.0,540.0,960.0,0.5
f1ae9d18-a8ba-4f9a-9931-8905448347fd,124,4.133333333333334,right_hip,0.5,0.5,0.0,540.0,960.0,0.5
f1ae9d18-a8ba-4f9a-9931-8905448347fd,124,4.133333333333334,left_knee,0.5,0.5,0.0,540.0,960.0,0.5
f1ae9d18-a8ba-4f9a-9931-8905448347fd,124,4.133333333333334,right_knee,0.5,0.5,0.0,540.0,960.0,0.5
f1ae9d18-a8ba-4f9a-9931-8905448347fd,124,4.133333333333334,left_ankle,0.5,0.5,0.0,540.0,960.0,0.5
f1ae9d18-a8ba-4f9a-9931-8905448347fd,124,4.133333333333334,right_ankle,0.5,0.5,0.0,540.0,960.0,0.5
f1ae9d18-a8ba-4f9a-9931-8905448347fd,124,4.133333333333334,left_heel,0.5,0.5,0.0,540.0,960.0,0.5
f1ae9d18-a8ba-4f9a-9931-8905448347fd,124,4.133333333333334,right_heel,0.5,0.5,0.0,540.0,960.0,0.5
f1ae9d18-a8ba-4f9a-9931-8905448347fd,124,4.133333333333334,left_foot_index,0.5,0.5,0.0,540.0,960.0,0.5
f1ae9d18-a8ba-4f9a-9931-8905448347fd,124,4.133333333333334,right_foot_index,0.5,0.5,0.0,540.0,960.0,0.5
f1ae9d18-a8ba-4f9a-9931-8905448347fd,125,4.166666666666667,nose,0.5,0.5,0.0,540.0,960.0,0.5
f1ae9d18-a8ba-4f9a-9931-8905448347fd,125,4.166666666666667,left_shoulder,0.5,0.5,0.0,540.0,960.0,0.5
f1ae9d18-a8ba-4f9a-9931-8905448347fd,125,4.166666666666667,right_shoulder,0.5,0.5,0.0,540.0,960.0,0.5
f1ae9d18-a8ba-4f9a-9931-8905448347fd,125,4.166666666666667,left_elbow,0.5,0.5,0.0,540.0,960.0,0.5
f1ae9d18-a8ba-4f9a-9931-8905448347fd,125,4.166666666666667,right_elbow,0.5,0.5,0.0,540.0,960.0,0.5
f1ae9d18-a8ba-4f9a-9931-8905448347fd,125,4.166666666666667,left_wrist,0.5,0.5,0.0,540.0,960.0,0.5
f1ae9d18-a8ba-4f9a-9931-8905448347fd,125,4.166666666666667,right_wrist,0.5,0.5,0.0,540.0,960.0,0.5
f1ae9d18-a8ba-4f9a-9931-8905448347fd,125,4.166666666666667,left_hip,0.5,0.5,0.0,540.0,960.0,0.5
f1ae9d18-a8ba-4f9a-9931-8905448347fd,125,4.166666666666667,right_hip,0.5,0.5,0.0,540.0,960.0,0.5
f1ae9d18-a8ba-4f9a-9931-8905448347fd,125,4.166666666666667,left_knee,0.5,0.5,0.0,540.0,960.0,0.5
f1ae9d18-a8ba-4f9a-9931-8905448347fd,125,4.166666666666667,right_knee,0.5,0.5,0.0,540.0,960.0,0.5
f1ae9d18-a8ba-4f9a-9931-8905448347fd,125,4.166666666666667,left_ankle,0.5,0.5,0.0,540.0,960.0,0.5
f1ae9d18-a8ba-4f9a-9931-8905448347fd,125,4.166666666666667,right_ankle,0.5,0.5,0.0,540.0,960.0,0.5
f1ae9d18-a8ba-4f9a-9931-8905448347fd,125,4.166666666666667,left_heel,0.5,0.5,0.0,540.0,960.0,0.5
f1ae9d18-a8ba-4f9a-9931-8905448347fd,125,4.166666666666667,right_heel,0.5,0.5,0.0,540.0,960.0,0.5
f1ae9d18-a8ba-4f9a-9931-8905448347fd,125,4.166666666666667,left_foot_index,0.5,0.5,0.0,540.0,960.0,0.5
f1ae9d18-a8ba-4f9a-9931-8905448347fd,125,4.166666666666667,right_foot_index,0.5,0.5,0.0,540.0,960.0,0.5
f1ae9d18-a8ba-4f9a-9931-8905448347fd,126,4.2,nose,0.5,0.5,0.0,540.0,960.0,0.5
f1ae9d18-a8ba-4f9a-9931-8905448347fd,126,4.2,left_shoulder,0.5,0.5,0.0,540.0,960.0,0.5
f1ae9d18-a8ba-4f9a-9931-8905448347fd,126,4.2,right_shoulder,0.5,0.5,0.0,540.0,960.0,0.5
f1ae9d18-a8ba-4f9a-9931-8905448347fd,126,4.2,left_elbow,0.5,0.5,0.0,540.0,960.0,0.5
f1ae9d18-a8ba-4f9a-9931-8905448347fd,126,4.2,right_elbow,0.5,0.5,0.0,540.0,960.0,0.5
f1ae9d18-a8ba-4f9a-9931-8905448347fd,126,4.2,left_wrist,0.5,0.5,0.0,540.0,960.0,0.5
f1ae9d18-a8ba-4f9a-9931-8905448347fd,126,4.2,right_wrist,0.5,0.5,0.0,540.0,960.0,0.5
f1ae9d18-a8ba-4f9a-9931-8905448347fd,126,4.2,left_hip,0.5,0.5,0.0,540.0,960.0,0.5
f1ae9d18-a8ba-4f9a-9931-8905448347fd,126,4.2,right_hip,0.5,0.5,0.0,540.0,960.0,0.5
f1ae9d18-a8ba-4f9a-9931-8905448347fd,126,4.2,left_knee,0.5,0.5,0.0,540.0,960.0,0.5
f1ae9d18-a8ba-4f9a-9931-8905448347fd,126,4.2,right_knee,0.5,0.5,0.0,540.0,960.0,0.5
f1ae9d18-a8ba-4f9a-9931-8905448347fd,126,4.2,left_ankle,0.5,0.5,0.0,540.0,960.0,0.5
f1ae9d18-a8ba-4f9a-9931-8905448347fd,126,4.2,right_ankle,0.5,0.5,0.0,540.0,960.0,0.5
f1ae9d18-a8ba-4f9a-9931-8905448347fd,126,4.2,left_heel,0.5,0.5,0.0,540.0,960.0,0.5
f1ae9d18-a8ba-4f9a-9931-8905448347fd,126,4.2,right_heel,0.5,0.5,0.0,540.0,960.0,0.5
f1ae9d18-a8ba-4f9a-9931-8905448347fd,126,4.2,left_foot_index,0.5,0.5,0.0,540.0,960.0,0.5
f1ae9d18-a8ba-4f9a-9931-8905448347fd,126,4.2,right_foot_index,0.5,0.5,0.0,540.0,960.0,0.5
f1ae9d18-a8ba-4f9a-9931-8905448347fd,127,4.233333333333333,nose,0.5,0.5,0.0,540.0,960.0,0.5
f1ae9d18-a8ba-4f9a-9931-8905448347fd,127,4.233333333333333,left_shoulder,0.5,0.5,0.0,540.0,960.0,0.5
f1ae9d18-a8ba-4f9a-9931-8905448347fd,127,4.233333333333333,right_shoulder,0.5,0.5,0.0,540.0,960.0,0.5
f1ae9d18-a8ba-4f9a-9931-8905448347fd,127,4.233333333333333,left_elbow,0.5,0.5,0.0,540.0,960.0,0.5
f1ae9d18-a8ba-4f9a-9931-8905448347fd,127,4.233333333333333,right_elbow,0.5,0.5,0.0,540.0,960.0,0.5
f1ae9d18-a8ba-4f9a-9931-8905448347fd,127,4.233333333333333,left_wrist,0.5,0.5,0.0,540.0,960.0,0.5
f1ae9d18-a8ba-4f9a-9931-8905448347fd,127,4.233333333333333,right_wrist,0.5,0.5,0.0,540.0,960.0,0.5
f1ae9d18-a8ba-4f9a-9931-8905448347fd,127,4.233333333333333,left_hip,0.5,0.5,0.0,540.0,960.0,0.5
f1ae9d18-a8ba-4f9a-9931-8905448347fd,127,4.233333333333333,right_hip,0.5,0.5,0.0,540.0,960.0,0.5
f1ae9d18-a8ba-4f9a-9931-8905448347fd,127,4.233333333333333,left_knee,0.5,0.5,0.0,540.0,960.0,0.5
f1ae9d18-a8ba-4f9a-9931-8905448347fd,127,4.233333333333333,right_knee,0.5,0.5,0.0,540.0,960.0,0.5
f1ae9d18-a8ba-4f9a-9931-8905448347fd,127,4.233333333333333,left_ankle,0.5,0.5,0.0,540.0,960.0,0.5
f1ae9d18-a8ba-4f9a-9931-8905448347fd,127,4.233333333333333,right_ankle,0.5,0.5,0.0,540.0,960.0,0.5
f1ae9d18-a8ba-4f9a-9931-8905448347fd,127,4.233333333333333,left_heel,0.5,0.5,0.0,540.0,960.0,0.5
f1ae9d18-a8ba-4f9a-9931-8905448347fd,127,4.233333333333333,right_heel,0.5,0.5,0.0,540.0,960.0,0.5
f1ae9d18-a8ba-4f9a-9931-8905448347fd,127,4.233333333333333,left_foot_index,0.5,0.5,0.0,540.0,960.0,0.5
f1ae9d18-a8ba-4f9a-9931-8905448347fd,127,4.233333333333333,right_foot_index,0.5,0.5,0.0,540.0,960.0,0.5
f1ae9d18-a8ba-4f9a-9931-8905448347fd,128,4.266666666666667,nose,0.5,0.5,0.0,540.0,960.0,0.5
f1ae9d18-a8ba-4f9a-9931-8905448347fd,128,4.266666666666667,left_shoulder,0.5,0.5,0.0,540.0,960.0,0.5
f1ae9d18-a8ba-4f9a-9931-8905448347fd,128,4.266666666666667,right_shoulder,0.5,0.5,0.0,540.0,960.0,0.5
f1ae9d18-a8ba-4f9a-9931-8905448347fd,128,4.266666666666667,left_elbow,0.5,0.5,0.0,540.0,960.0,0.5
f1ae9d18-a8ba-4f9a-9931-8905448347fd,128,4.266666666666667,right_elbow,0.5,0.5,0.0,540.0,960.0,0.5
f1ae9d18-a8ba-4f9a-9931-8905448347fd,128,4.266666666666667,left_wrist,0.5,0.5,0.0,540.0,960.0,0.5
f1ae9d18-a8ba-4f9a-9931-8905448347fd,128,4.266666666666667,right_wrist,0.5,0.5,0.0,540.0,960.0,0.5
f1ae9d18-a8ba-4f9a-9931-8905448347fd,128,4.266666666666667,left_hip,0.5,0.5,0.0,540.0,960.0,0.5
f1ae9d18-a8ba-4f9a-9931-8905448347fd,128,4.266666666666667,right_hip,0.5,0.5,0.0,540.0,960.0,0.5
f1ae9d18-a8ba-4f9a-9931-8905448347fd,128,4.266666666666667,left_knee,0.5,0.5,0.0,540.0,960.0,0.5
f1ae9d18-a8ba-4f9a-9931-8905448347fd,128,4.266666666666667,right_knee,0.5,0.5,0.0,540.0,960.0,0.5
f1ae9d18-a8ba-4f9a-9931-8905448347fd,128,4.266666666666667,left_ankle,0.5,0.5,0.0,540.0,960.0,0.5
f1ae9d18-a8ba-4f9a-9931-8905448347fd,128,4.266666666666667,right_ankle,0.5,0.5,0.0,540.0,960.0,0.5
f1ae9d18-a8ba-4f9a-9931-8905448347fd,128,4.266666666666667,left_heel,0.5,0.5,0.0,540.0,960.0,0.5
f1ae9d18-a8ba-4f9a-9931-8905448347fd,128,4.266666666666667,right_heel,0.5,0.5,0.0,540.0,960.0,0.5
f1ae9d18-a8ba-4f9a-9931-8905448347fd,128,4.266666666666667,left_foot_index,0.5,0.5,0.0,540.0,960.0,0.5
f1ae9d18-a8ba-4f9a-9931-8905448347fd,128,4.266666666666667,right_foot_index,0.5,0.5,0.0,540.0,960.0,0.5
f1ae9d18-a8ba-4f9a-9931-8905448347fd,129,4.3,nose,0.5,0.5,0.0,540.0,960.0,0.5
f1ae9d18-a8ba-4f9a-9931-8905448347fd,129,4.3,left_shoulder,0.5,0.5,0.0,540.0,960.0,0.5
f1ae9d18-a8ba-4f9a-9931-8905448347fd,129,4.3,right_shoulder,0.5,0.5,0.0,540.0,960.0,0.5
f1ae9d18-a8ba-4f9a-9931-8905448347fd,129,4.3,left_elbow,0.5,0.5,0.0,540.0,960.0,0.5
f1ae9d18-a8ba-4f9a-9931-8905448347fd,129,4.3,right_elbow,0.5,0.5,0.0,540.0,960.0,0.5
f1ae9d18-a8ba-4f9a-9931-8905448347fd,129,4.3,left_wrist,0.5,0.5,0.0,540.0,960.0,0.5
f1ae9d18-a8ba-4f9a-9931-8905448347fd,129,4.3,right_wrist,0.5,0.5,0.0,540.0,960.0,0.5
f1ae9d18-a8ba-4f9a-9931-8905448347fd,129,4.3,left_hip,0.5,0.5,0.0,540.0,960.0,0.5
f1ae9d18-a8ba-4f9a-9931-8905448347fd,129,4.3,right_hip,0.5,0.5,0.0,540.0,960.0,0.5
f1ae9d18-a8ba-4f9a-9931-8905448347fd,129,4.3,left_knee,0.5,0.5,0.0,540.0,960.0,0.5
f1ae9d18-a8ba-4f9a-9931-8905448347fd,129,4.3,right_knee,0.5,0.5,0.0,540.0,960.0,0.5
f1ae9d18-a8ba-4f9a-9931-8905448347fd,129,4.3,left_ankle,0.5,0.5,0.0,540.0,960.0,0.5
f1ae9d18-a8ba-4f9a-9931-8905448347fd,129,4.3,right_ankle,0.5,0.5,0.0,540.0,960.0,0.5
f1ae9d18-a8ba-4f9a-9931-8905448347fd,129,4.3,left_heel,0.5,0.5,0.0,540.0,960.0,0.5
f1ae9d18-a8ba-4f9a-9931-8905448347fd,129,4.3,right_heel,0.5,0.5,0.0,540.0,960.0,0.5
f1ae9d18-a8ba-4f9a-9931-8905448347fd,129,4.3,left_foot_index,0.5,0.5,0.0,540.0,960.0,0.5
f1ae9d18-a8ba-4f9a-9931-8905448347fd,129,4.3,right_foot_index,0.5,0.5,0.0,540.0,960.0,0.5
f1ae9d18-a8ba-4f9a-9931-8905448347fd,130,4.333333333333333,nose,0.5,0.5,0.0,540.0,960.0,0.5
f1ae9d18-a8ba-4f9a-9931-8905448347fd,130,4.333333333333333,left_shoulder,0.5,0.5,0.0,540.0,960.0,0.5
f1ae9d18-a8ba-4f9a-9931-8905448347fd,130,4.333333333333333,right_shoulder,0.5,0.5,0.0,540.0,960.0,0.5
f1ae9d18-a8ba-4f9a-9931-8905448347fd,130,4.333333333333333,left_elbow,0.5,0.5,0.0,540.0,960.0,0.5
f1ae9d18-a8ba-4f9a-9931-8905448347fd,130,4.333333333333333,right_elbow,0.5,0.5,0.0,540.0,960.0,0.5
f1ae9d18-a8ba-4f9a-9931-8905448347fd,130,4.333333333333333,left_wrist,0.5,0.5,0.0,540.0,960.0,0.5
f1ae9d18-a8ba-4f9a-9931-8905448347fd,130,4.333333333333333,right_wrist,0.5,0.5,0.0,540.0,960.0,0.5
f1ae9d18-a8ba-4f9a-9931-8905448347fd,130,4.333333333333333,left_hip,0.5,0.5,0.0,540.0,960.0,0.5
f1ae9d18-a8ba-4f9a-9931-8905448347fd,130,4.333333333333333,right_hip,0.5,0.5,0.0,540.0,960.0,0.5
f1ae9d18-a8ba-4f9a-9931-8905448347fd,130,4.333333333333333,left_knee,0.5,0.5,0.0,540.0,960.0,0.5
f1ae9d18-a8ba-4f9a-9931-8905448347fd,130,4.333333333333333,right_knee,0.5,0.5,0.0,540.0,960.0,0.5
f1ae9d18-a8ba-4f9a-9931-8905448347fd,130,4.333333333333333,left_ankle,0.5,0.5,0.0,540.0,960.0,0.5
f1ae9d18-a8ba-4f9a-9931-8905448347fd,130,4.333333333333333,right_ankle,0.5,0.5,0.0,540.0,960.0,0.5
f1ae9d18-a8ba-4f9a-9931-8905448347fd,130,4.333333333333333,left_heel,0.5,0.5,0.0,540.0,960.0,0.5
f1ae9d18-a8ba-4f9a-9931-8905448347fd,130,4.333333333333333,right_heel,0.5,0.5,0.0,540.0,960.0,0.5
f1ae9d18-a8ba-4f9a-9931-8905448347fd,130,4.333333333333333,left_foot_index,0.5,0.5,0.0,540.0,960.0,0.5
f1ae9d18-a8ba-4f9a-9931-8905448347fd,130,4.333333333333333,right_foot_index,0.5,0.5,0.0,540.0,960.0,0.5
f1ae9d18-a8ba-4f9a-9931-8905448347fd,131,4.366666666666666,nose,0.5,0.5,0.0,540.0,960.0,0.5
f1ae9d18-a8ba-4f9a-9931-8905448347fd,131,4.366666666666666,left_shoulder,0.5,0.5,0.0,540.0,960.0,0.5
f1ae9d18-a8ba-4f9a-9931-8905448347fd,131,4.366666666666666,right_shoulder,0.5,0.5,0.0,540.0,960.0,0.5
f1ae9d18-a8ba-4f9a-9931-8905448347fd,131,4.366666666666666,left_elbow,0.5,0.5,0.0,540.0,960.0,0.5
f1ae9d18-a8ba-4f9a-9931-8905448347fd,131,4.366666666666666,right_elbow,0.5,0.5,0.0,540.0,960.0,0.5
f1ae9d18-a8ba-4f9a-9931-8905448347fd,131,4.366666666666666,left_wrist,0.5,0.5,0.0,540.0,960.0,0.5
f1ae9d18-a8ba-4f9a-9931-8905448347fd,131,4.366666666666666,right_wrist,0.5,0.5,0.0,540.0,960.0,0.5
f1ae9d18-a8ba-4f9a-9931-8905448347fd,131,4.366666666666666,left_hip,0.5,0.5,0.0,540.0,960.0,0.5
f1ae9d18-a8ba-4f9a-9931-8905448347fd,131,4.366666666666666,right_hip,0.5,0.5,0.0,540.0,960.0,0.5
f1ae9d18-a8ba-4f9a-9931-8905448347fd,131,4.366666666666666,left_knee,0.5,0.5,0.0,540.0,960.0,0.5
f1ae9d18-a8ba-4f9a-9931-8905448347fd,131,4.366666666666666,right_knee,0.5,0.5,0.0,540.0,960.0,0.5
f1ae9d18-a8ba-4f9a-9931-8905448347fd,131,4.366666666666666,left_ankle,0.5,0.5,0.0,540.0,960.0,0.5
f1ae9d18-a8ba-4f9a-9931-8905448347fd,131,4.366666666666666,right_ankle,0.5,0.5,0.0,540.0,960.0,0.5
f1ae9d18-a8ba-4f9a-9931-8905448347fd,131,4.366666666666666,left_heel,0.5,0.5,0.0,540.0,960.0,0.5
f1ae9d18-a8ba-4f9a-9931-8905448347fd,131,4.366666666666666,right_heel,0.5,0.5,0.0,540.0,960.0,0.5
f1ae9d18-a8ba-4f9a-9931-8905448347fd,131,4.366666666666666,left_foot_index,0.5,0.5,0.0,540.0,960.0,0.5
f1ae9d18-a8ba-4f9a-9931-8905448347fd,131,4.366666666666666,right_foot_index,0.5,0.5,0.0,540.0,960.0,0.5
f1ae9d18-a8ba-4f9a-9931-8905448347fd,132,4.4,nose,0.5,0.5,0.0,540.0,960.0,0.5
f1ae9d18-a8ba-4f9a-9931-8905448347fd,132,4.4,left_shoulder,0.5,0.5,0.0,540.0,960.0,0.5
f1ae9d18-a8ba-4f9a-9931-8905448347fd,132,4.4,right_shoulder,0.5,0.5,0.0,540.0,960.0,0.5
f1ae9d18-a8ba-4f9a-9931-8905448347fd,132,4.4,left_elbow,0.5,0.5,0.0,540.0,960.0,0.5
f1ae9d18-a8ba-4f9a-9931-8905448347fd,132,4.4,right_elbow,0.5,0.5,0.0,540.0,960.0,0.5
f1ae9d18-a8ba-4f9a-9931-8905448347fd,132,4.4,left_wrist,0.5,0.5,0.0,540.0,960.0,0.5
f1ae9d18-a8ba-4f9a-9931-8905448347fd,132,4.4,right_wrist,0.5,0.5,0.0,540.0,960.0,0.5
f1ae9d18-a8ba-4f9a-9931-8905448347fd,132,4.4,left_hip,0.5,0.5,0.0,540.0,960.0,0.5
f1ae9d18-a8ba-4f9a-9931-8905448347fd,132,4.4,right_hip,0.5,0.5,0.0,540.0,960.0,0.5
f1ae9d18-a8ba-4f9a-9931-8905448347fd,132,4.4,left_knee,0.5,0.5,0.0,540.0,960.0,0.5
f1ae9d18-a8ba-4f9a-9931-8905448347fd,132,4.4,right_knee,0.5,0.5,0.0,540.0,960.0,0.5
f1ae9d18-a8ba-4f9a-9931-8905448347fd,132,4.4,left_ankle,0.5,0.5,0.0,540.0,960.0,0.5
f1ae9d18-a8ba-4f9a-9931-8905448347fd,132,4.4,right_ankle,0.5,0.5,0.0,540.0,960.0,0.5
f1ae9d18-a8ba-4f9a-9931-8905448347fd,132,4.4,left_heel,0.5,0.5,0.0,540.0,960.0,0.5
f1ae9d18-a8ba-4f9a-9931-8905448347fd,132,4.4,right_heel,0.5,0.5,0.0,540.0,960.0,0.5
f1ae9d18-a8ba-4f9a-9931-8905448347fd,132,4.4,left_foot_index,0.5,0.5,0.0,540.0,960.0,0.5
f1ae9d18-a8ba-4f9a-9931-8905448347fd,132,4.4,right_foot_index,0.5,0.5,0.0,540.0,960.0,0.5
f1ae9d18-a8ba-4f9a-9931-8905448347fd,133,4.433333333333334,nose,0.5,0.5,0.0,540.0,960.0,0.5
f1ae9d18-a8ba-4f9a-9931-8905448347fd,133,4.433333333333334,left_shoulder,0.5,0.5,0.0,540.0,960.0,0.5
f1ae9d18-a8ba-4f9a-9931-8905448347fd,133,4.433333333333334,right_shoulder,0.5,0.5,0.0,540.0,960.0,0.5
f1ae9d18-a8ba-4f9a-9931-8905448347fd,133,4.433333333333334,left_elbow,0.5,0.5,0.0,540.0,960.0,0.5
f1ae9d18-a8ba-4f9a-9931-8905448347fd,133,4.433333333333334,right_elbow,0.5,0.5,0.0,540.0,960.0,0.5
f1ae9d18-a8ba-4f9a-9931-8905448347fd,133,4.433333333333334,left_wrist,0.5,0.5,0.0,540.0,960.0,0.5
f1ae9d18-a8ba-4f9a-9931-8905448347fd,133,4.433333333333334,right_wrist,0.5,0.5,0.0,540.0,960.0,0.5
f1ae9d18-a8ba-4f9a-9931-8905448347fd,133,4.433333333333334,left_hip,0.5,0.5,0.0,540.0,960.0,0.5
f1ae9d18-a8ba-4f9a-9931-8905448347fd,133,4.433333333333334,right_hip,0.5,0.5,0.0,540.0,960.0,0.5
f1ae9d18-a8ba-4f9a-9931-8905448347fd,133,4.433333333333334,left_knee,0.5,0.5,0.0,540.0,960.0,0.5
f1ae9d18-a8ba-4f9a-9931-8905448347fd,133,4.433333333333334,right_knee,0.5,0.5,0.0,540.0,960.0,0.5
f1ae9d18-a8ba-4f9a-9931-8905448347fd,133,4.433333333333334,left_ankle,0.5,0.5,0.0,540.0,960.0,0.5
f1ae9d18-a8ba-4f9a-9931-8905448347fd,133,4.433333333333334,right_ankle,0.5,0.5,0.0,540.0,960.0,0.5
f1ae9d18-a8ba-4f9a-9931-8905448347fd,133,4.433333333333334,left_heel,0.5,0.5,0.0,540.0,960.0,0.5
f1ae9d18-a8ba-4f9a-9931-8905448347fd,133,4.433333333333334,right_heel,0.5,0.5,0.0,540.0,960.0,0.5
f1ae9d18-a8ba-4f9a-9931-8905448347fd,133,4.433333333333334,left_foot_index,0.5,0.5,0.0,540.0,960.0,0.5
f1ae9d18-a8ba-4f9a-9931-8905448347fd,133,4.433333333333334,right_foot_index,0.5,0.5,0.0,540.0,960.0,0.5
f1ae9d18-a8ba-4f9a-9931-8905448347fd,134,4.466666666666667,nose,0.5,0.5,0.0,540.0,960.0,0.5
f1ae9d18-a8ba-4f9a-9931-8905448347fd,134,4.466666666666667,left_shoulder,0.5,0.5,0.0,540.0,960.0,0.5
f1ae9d18-a8ba-4f9a-9931-8905448347fd,134,4.466666666666667,right_shoulder,0.5,0.5,0.0,540.0,960.0,0.5
f1ae9d18-a8ba-4f9a-9931-8905448347fd,134,4.466666666666667,left_elbow,0.5,0.5,0.0,540.0,960.0,0.5
f1ae9d18-a8ba-4f9a-9931-8905448347fd,134,4.466666666666667,right_elbow,0.5,0.5,0.0,540.0,960.0,0.5
f1ae9d18-a8ba-4f9a-9931-8905448347fd,134,4.466666666666667,left_wrist,0.5,0.5,0.0,540.0,960.0,0.5
f1ae9d18-a8ba-4f9a-9931-8905448347fd,134,4.466666666666667,right_wrist,0.5,0.5,0.0,540.0,960.0,0.5
f1ae9d18-a8ba-4f9a-9931-8905448347fd,134,4.466666666666667,left_hip,0.5,0.5,0.0,540.0,960.0,0.5
f1ae9d18-a8ba-4f9a-9931-8905448347fd,134,4.466666666666667,right_hip,0.5,0.5,0.0,540.0,960.0,0.5
f1ae9d18-a8ba-4f9a-9931-8905448347fd,134,4.466666666666667,left_knee,0.5,0.5,0.0,540.0,960.0,0.5
f1ae9d18-a8ba-4f9a-9931-8905448347fd,134,4.466666666666667,right_knee,0.5,0.5,0.0,540.0,960.0,0.5
f1ae9d18-a8ba-4f9a-9931-8905448347fd,134,4.466666666666667,left_ankle,0.5,0.5,0.0,540.0,960.0,0.5
f1ae9d18-a8ba-4f9a-9931-8905448347fd,134,4.466666666666667,right_ankle,0.5,0.5,0.0,540.0,960.0,0.5
f1ae9d18-a8ba-4f9a-9931-8905448347fd,134,4.466666666666667,left_heel,0.5,0.5,0.0,540.0,960.0,0.5
f1ae9d18-a8ba-4f9a-9931-8905448347fd,134,4.466666666666667,right_heel,0.5,0.5,0.0,540.0,960.0,0.5
f1ae9d18-a8ba-4f9a-9931-8905448347fd,134,4.466666666666667,left_foot_index,0.5,0.5,0.0,540.0,960.0,0.5
f1ae9d18-a8ba-4f9a-9931-8905448347fd,134,4.466666666666667,right_foot_index,0.5,0.5,0.0,540.0,960.0,0.5
f1ae9d18-a8ba-4f9a-9931-8905448347fd,135,4.5,nose,0.5,0.5,0.0,540.0,960.0,0.5
f1ae9d18-a8ba-4f9a-9931-8905448347fd,135,4.5,left_shoulder,0.5,0.5,0.0,540.0,960.0,0.5
f1ae9d18-a8ba-4f9a-9931-8905448347fd,135,4.5,right_shoulder,0.5,0.5,0.0,540.0,960.0,0.5
f1ae9d18-a8ba-4f9a-9931-8905448347fd,135,4.5,left_elbow,0.5,0.5,0.0,540.0,960.0,0.5
f1ae9d18-a8ba-4f9a-9931-8905448347fd,135,4.5,right_elbow,0.5,0.5,0.0,540.0,960.0,0.5
f1ae9d18-a8ba-4f9a-9931-8905448347fd,135,4.5,left_wrist,0.5,0.5,0.0,540.0,960.0,0.5
f1ae9d18-a8ba-4f9a-9931-8905448347fd,135,4.5,right_wrist,0.5,0.5,0.0,540.0,960.0,0.5
f1ae9d18-a8ba-4f9a-9931-8905448347fd,135,4.5,left_hip,0.5,0.5,0.0,540.0,960.0,0.5
f1ae9d18-a8ba-4f9a-9931-8905448347fd,135,4.5,right_hip,0.5,0.5,0.0,540.0,960.0,0.5
f1ae9d18-a8ba-4f9a-9931-8905448347fd,135,4.5,left_knee,0.5,0.5,0.0,540.0,960.0,0.5
f1ae9d18-a8ba-4f9a-9931-8905448347fd,135,4.5,right_knee,0.5,0.5,0.0,540.0,960.0,0.5
f1ae9d18-a8ba-4f9a-9931-8905448347fd,135,4.5,left_ankle,0.5,0.5,0.0,540.0,960.0,0.5
f1ae9d18-a8ba-4f9a-9931-8905448347fd,135,4.5,right_ankle,0.5,0.5,0.0,540.0,960.0,0.5
f1ae9d18-a8ba-4f9a-9931-8905448347fd,135,4.5,left_heel,0.5,0.5,0.0,540.0,960.0,0.5
f1ae9d18-a8ba-4f9a-9931-8905448347fd,135,4.5,right_heel,0.5,0.5,0.0,540.0,960.0,0.5
f1ae9d18-a8ba-4f9a-9931-8905448347fd,135,4.5,left_foot_index,0.5,0.5,0.0,540.0,960.0,0.5
f1ae9d18-a8ba-4f9a-9931-8905448347fd,135,4.5,right_foot_index,0.5,0.5,0.0,540.0,960.0,0.5
f1ae9d18-a8ba-4f9a-9931-8905448347fd,136,4.533333333333333,nose,0.5,0.5,0.0,540.0,960.0,0.5
f1ae9d18-a8ba-4f9a-9931-8905448347fd,136,4.533333333333333,left_shoulder,0.5,0.5,0.0,540.0,960.0,0.5
f1ae9d18-a8ba-4f9a-9931-8905448347fd,136,4.533333333333333,right_shoulder,0.5,0.5,0.0,540.0,960.0,0.5
f1ae9d18-a8ba-4f9a-9931-8905448347fd,136,4.533333333333333,left_elbow,0.5,0.5,0.0,540.0,960.0,0.5
f1ae9d18-a8ba-4f9a-9931-8905448347fd,136,4.533333333333333,right_elbow,0.5,0.5,0.0,540.0,960.0,0.5
f1ae9d18-a8ba-4f9a-9931-8905448347fd,136,4.533333333333333,left_wrist,0.5,0.5,0.0,540.0,960.0,0.5
f1ae9d18-a8ba-4f9a-9931-8905448347fd,136,4.533333333333333,right_wrist,0.5,0.5,0.0,540.0,960.0,0.5
f1ae9d18-a8ba-4f9a-9931-8905448347fd,136,4.533333333333333,left_hip,0.5,0.5,0.0,540.0,960.0,0.5
f1ae9d18-a8ba-4f9a-9931-8905448347fd,136,4.533333333333333,right_hip,0.5,0.5,0.0,540.0,960.0,0.5
f1ae9d18-a8ba-4f9a-9931-8905448347fd,136,4.533333333333333,left_knee,0.5,0.5,0.0,540.0,960.0,0.5
f1ae9d18-a8ba-4f9a-9931-8905448347fd,136,4.533333333333333,right_knee,0.5,0.5,0.0,540.0,960.0,0.5
f1ae9d18-a8ba-4f9a-9931-8905448347fd,136,4.533333333333333,left_ankle,0.5,0.5,0.0,540.0,960.0,0.5
f1ae9d18-a8ba-4f9a-9931-8905448347fd,136,4.533333333333333,right_ankle,0.5,0.5,0.0,540.0,960.0,0.5
f1ae9d18-a8ba-4f9a-9931-8905448347fd,136,4.533333333333333,left_heel,0.5,0.5,0.0,540.0,960.0,0.5
f1ae9d18-a8ba-4f9a-9931-8905448347fd,136,4.533333333333333,right_heel,0.5,0.5,0.0,540.0,960.0,0.5
f1ae9d18-a8ba-4f9a-9931-8905448347fd,136,4.533333333333333,left_foot_index,0.5,0.5,0.0,540.0,960.0,0.5
f1ae9d18-a8ba-4f9a-9931-8905448347fd,136,4.533333333333333,right_foot_index,0.5,0.5,0.0,540.0,960.0,0.5
f1ae9d18-a8ba-4f9a-9931-8905448347fd,137,4.566666666666666,nose,0.5,0.5,0.0,540.0,960.0,0.5
f1ae9d18-a8ba-4f9a-9931-8905448347fd,137,4.566666666666666,left_shoulder,0.5,0.5,0.0,540.0,960.0,0.5
f1ae9d18-a8ba-4f9a-9931-8905448347fd,137,4.566666666666666,right_shoulder,0.5,0.5,0.0,540.0,960.0,0.5
f1ae9d18-a8ba-4f9a-9931-8905448347fd,137,4.566666666666666,left_elbow,0.5,0.5,0.0,540.0,960.0,0.5
f1ae9d18-a8ba-4f9a-9931-8905448347fd,137,4.566666666666666,right_elbow,0.5,0.5,0.0,540.0,960.0,0.5
f1ae9d18-a8ba-4f9a-9931-8905448347fd,137,4.566666666666666,left_wrist,0.5,0.5,0.0,540.0,960.0,0.5
f1ae9d18-a8ba-4f9a-9931-8905448347fd,137,4.566666666666666,right_wrist,0.5,0.5,0.0,540.0,960.0,0.5
f1ae9d18-a8ba-4f9a-9931-8905448347fd,137,4.566666666666666,left_hip,0.5,0.5,0.0,540.0,960.0,0.5
f1ae9d18-a8ba-4f9a-9931-8905448347fd,137,4.566666666666666,right_hip,0.5,0.5,0.0,540.0,960.0,0.5
f1ae9d18-a8ba-4f9a-9931-8905448347fd,137,4.566666666666666,left_knee,0.5,0.5,0.0,540.0,960.0,0.5
f1ae9d18-a8ba-4f9a-9931-8905448347fd,137,4.566666666666666,right_knee,0.5,0.5,0.0,540.0,960.0,0.5
f1ae9d18-a8ba-4f9a-9931-8905448347fd,137,4.566666666666666,left_ankle,0.5,0.5,0.0,540.0,960.0,0.5
f1ae9d18-a8ba-4f9a-9931-8905448347fd,137,4.566666666666666,right_ankle,0.5,0.5,0.0,540.0,960.0,0.5
f1ae9d18-a8ba-4f9a-9931-8905448347fd,137,4.566666666666666,left_heel,0.5,0.5,0.0,540.0,960.0,0.5
f1ae9d18-a8ba-4f9a-9931-8905448347fd,137,4.566666666666666,right_heel,0.5,0.5,0.0,540.0,960.0,0.5
f1ae9d18-a8ba-4f9a-9931-8905448347fd,137,4.566666666666666,left_foot_index,0.5,0.5,0.0,540.0,960.0,0.5
f1ae9d18-a8ba-4f9a-9931-8905448347fd,137,4.566666666666666,right_foot_index,0.5,0.5,0.0,540.0,960.0,0.5
f1ae9d18-a8ba-4f9a-9931-8905448347fd,138,4.6,nose,0.5,0.5,0.0,540.0,960.0,0.5
f1ae9d18-a8ba-4f9a-9931-8905448347fd,138,4.6,left_shoulder,0.5,0.5,0.0,540.0,960.0,0.5
f1ae9d18-a8ba-4f9a-9931-8905448347fd,138,4.6,right_shoulder,0.5,0.5,0.0,540.0,960.0,0.5
f1ae9d18-a8ba-4f9a-9931-8905448347fd,138,4.6,left_elbow,0.5,0.5,0.0,540.0,960.0,0.5
f1ae9d18-a8ba-4f9a-9931-8905448347fd,138,4.6,right_elbow,0.5,0.5,0.0,540.0,960.0,0.5
f1ae9d18-a8ba-4f9a-9931-8905448347fd,138,4.6,left_wrist,0.5,0.5,0.0,540.0,960.0,0.5
f1ae9d18-a8ba-4f9a-9931-8905448347fd,138,4.6,right_wrist,0.5,0.5,0.0,540.0,960.0,0.5
f1ae9d18-a8ba-4f9a-9931-8905448347fd,138,4.6,left_hip,0.5,0.5,0.0,540.0,960.0,0.5
f1ae9d18-a8ba-4f9a-9931-8905448347fd,138,4.6,right_hip,0.5,0.5,0.0,540.0,960.0,0.5
f1ae9d18-a8ba-4f9a-9931-8905448347fd,138,4.6,left_knee,0.5,0.5,0.0,540.0,960.0,0.5
f1ae9d18-a8ba-4f9a-9931-8905448347fd,138,4.6,right_knee,0.5,0.5,0.0,540.0,960.0,0.5
f1ae9d18-a8ba-4f9a-9931-8905448347fd,138,4.6,left_ankle,0.5,0.5,0.0,540.0,960.0,0.5
f1ae9d18-a8ba-4f9a-9931-8905448347fd,138,4.6,right_ankle,0.5,0.5,0.0,540.0,960.0,0.5
f1ae9d18-a8ba-4f9a-9931-8905448347fd,138,4.6,left_heel,0.5,0.5,0.0,540.0,960.0,0.5
f1ae9d18-a8ba-4f9a-9931-8905448347fd,138,4.6,right_heel,0.5,0.5,0.0,540.0,960.0,0.5
f1ae9d18-a8ba-4f9a-9931-8905448347fd,138,4.6,left_foot_index,0.5,0.5,0.0,540.0,960.0,0.5
f1ae9d18-a8ba-4f9a-9931-8905448347fd,138,4.6,right_foot_index,0.5,0.5,0.0,540.0,960.0,0.5
f1ae9d18-a8ba-4f9a-9931-8905448347fd,139,4.633333333333334,nose,0.5,0.5,0.0,540.0,960.0,0.5
f1ae9d18-a8ba-4f9a-9931-8905448347fd,139,4.633333333333334,left_shoulder,0.5,0.5,0.0,540.0,960.0,0.5
f1ae9d18-a8ba-4f9a-9931-8905448347fd,139,4.633333333333334,right_shoulder,0.5,0.5,0.0,540.0,960.0,0.5
f1ae9d18-a8ba-4f9a-9931-8905448347fd,139,4.633333333333334,left_elbow,0.5,0.5,0.0,540.0,960.0,0.5
f1ae9d18-a8ba-4f9a-9931-8905448347fd,139,4.633333333333334,right_elbow,0.5,0.5,0.0,540.0,960.0,0.5
f1ae9d18-a8ba-4f9a-9931-8905448347fd,139,4.633333333333334,left_wrist,0.5,0.5,0.0,540.0,960.0,0.5
f1ae9d18-a8ba-4f9a-9931-8905448347fd,139,4.633333333333334,right_wrist,0.5,0.5,0.0,540.0,960.0,0.5
f1ae9d18-a8ba-4f9a-9931-8905448347fd,139,4.633333333333334,left_hip,0.5,0.5,0.0,540.0,960.0,0.5
f1ae9d18-a8ba-4f9a-9931-8905448347fd,139,4.633333333333334,right_hip,0.5,0.5,0.0,540.0,960.0,0.5
f1ae9d18-a8ba-4f9a-9931-8905448347fd,139,4.633333333333334,left_knee,0.5,0.5,0.0,540.0,960.0,0.5
f1ae9d18-a8ba-4f9a-9931-8905448347fd,139,4.633333333333334,right_knee,0.5,0.5,0.0,540.0,960.0,0.5
f1ae9d18-a8ba-4f9a-9931-8905448347fd,139,4.633333333333334,left_ankle,0.5,0.5,0.0,540.0,960.0,0.5
f1ae9d18-a8ba-4f9a-9931-8905448347fd,139,4.633333333333334,right_ankle,0.5,0.5,0.0,540.0,960.0,0.5
f1ae9d18-a8ba-4f9a-9931-8905448347fd,139,4.633333333333334,left_heel,0.5,0.5,0.0,540.0,960.0,0.5
f1ae9d18-a8ba-4f9a-9931-8905448347fd,139,4.633333333333334,right_heel,0.5,0.5,0.0,540.0,960.0,0.5
f1ae9d18-a8ba-4f9a-9931-8905448347fd,139,4.633333333333334,left_foot_index,0.5,0.5,0.0,540.0,960.0,0.5
f1ae9d18-a8ba-4f9a-9931-8905448347fd,139,4.633333333333334,right_foot_index,0.5,0.5,0.0,540.0,960.0,0.5
f1ae9d18-a8ba-4f9a-9931-8905448347fd,140,4.666666666666667,nose,0.5,0.5,0.0,540.0,960.0,0.5
f1ae9d18-a8ba-4f9a-9931-8905448347fd,140,4.666666666666667,left_shoulder,0.5,0.5,0.0,540.0,960.0,0.5
f1ae9d18-a8ba-4f9a-9931-8905448347fd,140,4.666666666666667,right_shoulder,0.5,0.5,0.0,540.0,960.0,0.5
f1ae9d18-a8ba-4f9a-9931-8905448347fd,140,4.666666666666667,left_elbow,0.5,0.5,0.0,540.0,960.0,0.5
f1ae9d18-a8ba-4f9a-9931-8905448347fd,140,4.666666666666667,right_elbow,0.5,0.5,0.0,540.0,960.0,0.5
f1ae9d18-a8ba-4f9a-9931-8905448347fd,140,4.666666666666667,left_wrist,0.5,0.5,0.0,540.0,960.0,0.5
f1ae9d18-a8ba-4f9a-9931-8905448347fd,140,4.666666666666667,right_wrist,0.5,0.5,0.0,540.0,960.0,0.5
f1ae9d18-a8ba-4f9a-9931-8905448347fd,140,4.666666666666667,left_hip,0.5,0.5,0.0,540.0,960.0,0.5
f1ae9d18-a8ba-4f9a-9931-8905448347fd,140,4.666666666666667,right_hip,0.5,0.5,0.0,540.0,960.0,0.5
f1ae9d18-a8ba-4f9a-9931-8905448347fd,140,4.666666666666667,left_knee,0.5,0.5,0.0,540.0,960.0,0.5
f1ae9d18-a8ba-4f9a-9931-8905448347fd,140,4.666666666666667,right_knee,0.5,0.5,0.0,540.0,960.0,0.5
f1ae9d18-a8ba-4f9a-9931-8905448347fd,140,4.666666666666667,left_ankle,0.5,0.5,0.0,540.0,960.0,0.5
f1ae9d18-a8ba-4f9a-9931-8905448347fd,140,4.666666666666667,right_ankle,0.5,0.5,0.0,540.0,960.0,0.5
f1ae9d18-a8ba-4f9a-9931-8905448347fd,140,4.666666666666667,left_heel,0.5,0.5,0.0,540.0,960.0,0.5
f1ae9d18-a8ba-4f9a-9931-8905448347fd,140,4.666666666666667,right_heel,0.5,0.5,0.0,540.0,960.0,0.5
f1ae9d18-a8ba-4f9a-9931-8905448347fd,140,4.666666666666667,left_foot_index,0.5,0.5,0.0,540.0,960.0,0.5
f1ae9d18-a8ba-4f9a-9931-8905448347fd,140,4.666666666666667,right_foot_index,0.5,0.5,0.0,540.0,960.0,0.5
f1ae9d18-a8ba-4f9a-9931-8905448347fd,141,4.7,nose,0.5,0.5,0.0,540.0,960.0,0.5
f1ae9d18-a8ba-4f9a-9931-8905448347fd,141,4.7,left_shoulder,0.5,0.5,0.0,540.0,960.0,0.5
f1ae9d18-a8ba-4f9a-9931-8905448347fd,141,4.7,right_shoulder,0.5,0.5,0.0,540.0,960.0,0.5
f1ae9d18-a8ba-4f9a-9931-8905448347fd,141,4.7,left_elbow,0.5,0.5,0.0,540.0,960.0,0.5
f1ae9d18-a8ba-4f9a-9931-8905448347fd,141,4.7,right_elbow,0.5,0.5,0.0,540.0,960.0,0.5
f1ae9d18-a8ba-4f9a-9931-8905448347fd,141,4.7,left_wrist,0.5,0.5,0.0,540.0,960.0,0.5
f1ae9d18-a8ba-4f9a-9931-8905448347fd,141,4.7,right_wrist,0.5,0.5,0.0,540.0,960.0,0.5
f1ae9d18-a8ba-4f9a-9931-8905448347fd,141,4.7,left_hip,0.5,0.5,0.0,540.0,960.0,0.5
f1ae9d18-a8ba-4f9a-9931-8905448347fd,141,4.7,right_hip,0.5,0.5,0.0,540.0,960.0,0.5
f1ae9d18-a8ba-4f9a-9931-8905448347fd,141,4.7,left_knee,0.5,0.5,0.0,540.0,960.0,0.5
f1ae9d18-a8ba-4f9a-9931-8905448347fd,141,4.7,right_knee,0.5,0.5,0.0,540.0,960.0,0.5
f1ae9d18-a8ba-4f9a-9931-8905448347fd,141,4.7,left_ankle,0.5,0.5,0.0,540.0,960.0,0.5
f1ae9d18-a8ba-4f9a-9931-8905448347fd,141,4.7,right_ankle,0.5,0.5,0.0,540.0,960.0,0.5
f1ae9d18-a8ba-4f9a-9931-8905448347fd,141,4.7,left_heel,0.5,0.5,0.0,540.0,960.0,0.5
f1ae9d18-a8ba-4f9a-9931-8905448347fd,141,4.7,right_heel,0.5,0.5,0.0,540.0,960.0,0.5
f1ae9d18-a8ba-4f9a-9931-8905448347fd,141,4.7,left_foot_index,0.5,0.5,0.0,540.0,960.0,0.5
f1ae9d18-a8ba-4f9a-9931-8905448347fd,141,4.7,right_foot_index,0.5,0.5,0.0,540.0,960.0,0.5
f1ae9d18-a8ba-4f9a-9931-8905448347fd,142,4.733333333333333,nose,0.5,0.5,0.0,540.0,960.0,0.5
f1ae9d18-a8ba-4f9a-9931-8905448347fd,142,4.733333333333333,left_shoulder,0.5,0.5,0.0,540.0,960.0,0.5
f1ae9d18-a8ba-4f9a-9931-8905448347fd,142,4.733333333333333,right_shoulder,0.5,0.5,0.0,540.0,960.0,0.5
f1ae9d18-a8ba-4f9a-9931-8905448347fd,142,4.733333333333333,left_elbow,0.5,0.5,0.0,540.0,960.0,0.5
f1ae9d18-a8ba-4f9a-9931-8905448347fd,142,4.733333333333333,right_elbow,0.5,0.5,0.0,540.0,960.0,0.5
f1ae9d18-a8ba-4f9a-9931-8905448347fd,142,4.733333333333333,left_wrist,0.5,0.5,0.0,540.0,960.0,0.5
f1ae9d18-a8ba-4f9a-9931-8905448347fd,142,4.733333333333333,right_wrist,0.5,0.5,0.0,540.0,960.0,0.5
f1ae9d18-a8ba-4f9a-9931-8905448347fd,142,4.733333333333333,left_hip,0.5,0.5,0.0,540.0,960.0,0.5
f1ae9d18-a8ba-4f9a-9931-8905448347fd,142,4.733333333333333,right_hip,0.5,0.5,0.0,540.0,960.0,0.5
f1ae9d18-a8ba-4f9a-9931-8905448347fd,142,4.733333333333333,left_knee,0.5,0.5,0.0,540.0,960.0,0.5
f1ae9d18-a8ba-4f9a-9931-8905448347fd,142,4.733333333333333,right_knee,0.5,0.5,0.0,540.0,960.0,0.5
f1ae9d18-a8ba-4f9a-9931-8905448347fd,142,4.733333333333333,left_ankle,0.5,0.5,0.0,540.0,960.0,0.5
f1ae9d18-a8ba-4f9a-9931-8905448347fd,142,4.733333333333333,right_ankle,0.5,0.5,0.0,540.0,960.0,0.5
f1ae9d18-a8ba-4f9a-9931-8905448347fd,142,4.733333333333333,left_heel,0.5,0.5,0.0,540.0,960.0,0.5
f1ae9d18-a8ba-4f9a-9931-8905448347fd,142,4.733333333333333,right_heel,0.5,0.5,0.0,540.0,960.0,0.5
f1ae9d18-a8ba-4f9a-9931-8905448347fd,142,4.733333333333333,left_foot_index,0.5,0.5,0.0,540.0,960.0,0.5
f1ae9d18-a8ba-4f9a-9931-8905448347fd,142,4.733333333333333,right_foot_index,0.5,0.5,0.0,540.0,960.0,0.5
f1ae9d18-a8ba-4f9a-9931-8905448347fd,143,4.766666666666667,nose,0.5,0.5,0.0,540.0,960.0,0.5
f1ae9d18-a8ba-4f9a-9931-8905448347fd,143,4.766666666666667,left_shoulder,0.5,0.5,0.0,540.0,960.0,0.5
f1ae9d18-a8ba-4f9a-9931-8905448347fd,143,4.766666666666667,right_shoulder,0.5,0.5,0.0,540.0,960.0,0.5
f1ae9d18-a8ba-4f9a-9931-8905448347fd,143,4.766666666666667,left_elbow,0.5,0.5,0.0,540.0,960.0,0.5
f1ae9d18-a8ba-4f9a-9931-8905448347fd,143,4.766666666666667,right_elbow,0.5,0.5,0.0,540.0,960.0,0.5
f1ae9d18-a8ba-4f9a-9931-8905448347fd,143,4.766666666666667,left_wrist,0.5,0.5,0.0,540.0,960.0,0.5
f1ae9d18-a8ba-4f9a-9931-8905448347fd,143,4.766666666666667,right_wrist,0.5,0.5,0.0,540.0,960.0,0.5
f1ae9d18-a8ba-4f9a-9931-8905448347fd,143,4.766666666666667,left_hip,0.5,0.5,0.0,540.0,960.0,0.5
f1ae9d18-a8ba-4f9a-9931-8905448347fd,143,4.766666666666667,right_hip,0.5,0.5,0.0,540.0,960.0,0.5
f1ae9d18-a8ba-4f9a-9931-8905448347fd,143,4.766666666666667,left_knee,0.5,0.5,0.0,540.0,960.0,0.5
f1ae9d18-a8ba-4f9a-9931-8905448347fd,143,4.766666666666667,right_knee,0.5,0.5,0.0,540.0,960.0,0.5
f1ae9d18-a8ba-4f9a-9931-8905448347fd,143,4.766666666666667,left_ankle,0.5,0.5,0.0,540.0,960.0,0.5
f1ae9d18-a8ba-4f9a-9931-8905448347fd,143,4.766666666666667,right_ankle,0.5,0.5,0.0,540.0,960.0,0.5
f1ae9d18-a8ba-4f9a-9931-8905448347fd,143,4.766666666666667,left_heel,0.5,0.5,0.0,540.0,960.0,0.5
f1ae9d18-a8ba-4f9a-9931-8905448347fd,143,4.766666666666667,right_heel,0.5,0.5,0.0,540.0,960.0,0.5
f1ae9d18-a8ba-4f9a-9931-8905448347fd,143,4.766666666666667,left_foot_index,0.5,0.5,0.0,540.0,960.0,0.5
f1ae9d18-a8ba-4f9a-9931-8905448347fd,143,4.766666666666667,right_foot_index,0.5,0.5,0.0,540.0,960.0,0.5
f1ae9d18-a8ba-4f9a-9931-8905448347fd,144,4.8,nose,0.5,0.5,0.0,540.0,960.0,0.5
f1ae9d18-a8ba-4f9a-9931-8905448347fd,144,4.8,left_shoulder,0.5,0.5,0.0,540.0,960.0,0.5
f1ae9d18-a8ba-4f9a-9931-8905448347fd,144,4.8,right_shoulder,0.5,0.5,0.0,540.0,960.0,0.5
f1ae9d18-a8ba-4f9a-9931-8905448347fd,144,4.8,left_elbow,0.5,0.5,0.0,540.0,960.0,0.5
f1ae9d18-a8ba-4f9a-9931-8905448347fd,144,4.8,right_elbow,0.5,0.5,0.0,540.0,960.0,0.5
f1ae9d18-a8ba-4f9a-9931-8905448347fd,144,4.8,left_wrist,0.5,0.5,0.0,540.0,960.0,0.5
f1ae9d18-a8ba-4f9a-9931-8905448347fd,144,4.8,right_wrist,0.5,0.5,0.0,540.0,960.0,0.5
f1ae9d18-a8ba-4f9a-9931-8905448347fd,144,4.8,left_hip,0.5,0.5,0.0,540.0,960.0,0.5
f1ae9d18-a8ba-4f9a-9931-8905448347fd,144,4.8,right_hip,0.5,0.5,0.0,540.0,960.0,0.5
f1ae9d18-a8ba-4f9a-9931-8905448347fd,144,4.8,left_knee,0.5,0.5,0.0,540.0,960.0,0.5
f1ae9d18-a8ba-4f9a-9931-8905448347fd,144,4.8,right_knee,0.5,0.5,0.0,540.0,960.0,0.5
f1ae9d18-a8ba-4f9a-9931-8905448347fd,144,4.8,left_ankle,0.5,0.5,0.0,540.0,960.0,0.5
f1ae9d18-a8ba-4f9a-9931-8905448347fd,144,4.8,right_ankle,0.5,0.5,0.0,540.0,960.0,0.5
f1ae9d18-a8ba-4f9a-9931-8905448347fd,144,4.8,left_heel,0.5,0.5,0.0,540.0,960.0,0.5
f1ae9d18-a8ba-4f9a-9931-8905448347fd,144,4.8,right_heel,0.5,0.5,0.0,540.0,960.0,0.5
f1ae9d18-a8ba-4f9a-9931-8905448347fd,144,4.8,left_foot_index,0.5,0.5,0.0,540.0,960.0,0.5
f1ae9d18-a8ba-4f9a-9931-8905448347fd,144,4.8,right_foot_index,0.5,0.5,0.0,540.0,960.0,0.5
f1ae9d18-a8ba-4f9a-9931-8905448347fd,145,4.833333333333333,nose,0.5,0.5,0.0,540.0,960.0,0.5
f1ae9d18-a8ba-4f9a-9931-8905448347fd,145,4.833333333333333,left_shoulder,0.5,0.5,0.0,540.0,960.0,0.5
f1ae9d18-a8ba-4f9a-9931-8905448347fd,145,4.833333333333333,right_shoulder,0.5,0.5,0.0,540.0,960.0,0.5
f1ae9d18-a8ba-4f9a-9931-8905448347fd,145,4.833333333333333,left_elbow,0.5,0.5,0.0,540.0,960.0,0.5
f1ae9d18-a8ba-4f9a-9931-8905448347fd,145,4.833333333333333,right_elbow,0.5,0.5,0.0,540.0,960.0,0.5
f1ae9d18-a8ba-4f9a-9931-8905448347fd,145,4.833333333333333,left_wrist,0.5,0.5,0.0,540.0,960.0,0.5
f1ae9d18-a8ba-4f9a-9931-8905448347fd,145,4.833333333333333,right_wrist,0.5,0.5,0.0,540.0,960.0,0.5
f1ae9d18-a8ba-4f9a-9931-8905448347fd,145,4.833333333333333,left_hip,0.5,0.5,0.0,540.0,960.0,0.5
f1ae9d18-a8ba-4f9a-9931-8905448347fd,145,4.833333333333333,right_hip,0.5,0.5,0.0,540.0,960.0,0.5
f1ae9d18-a8ba-4f9a-9931-8905448347fd,145,4.833333333333333,left_knee,0.5,0.5,0.0,540.0,960.0,0.5
f1ae9d18-a8ba-4f9a-9931-8905448347fd,145,4.833333333333333,right_knee,0.5,0.5,0.0,540.0,960.0,0.5
f1ae9d18-a8ba-4f9a-9931-8905448347fd,145,4.833333333333333,left_ankle,0.5,0.5,0.0,540.0,960.0,0.5
f1ae9d18-a8ba-4f9a-9931-8905448347fd,145,4.833333333333333,right_ankle,0.5,0.5,0.0,540.0,960.0,0.5
f1ae9d18-a8ba-4f9a-9931-8905448347fd,145,4.833333333333333,left_heel,0.5,0.5,0.0,540.0,960.0,0.5
f1ae9d18-a8ba-4f9a-9931-8905448347fd,145,4.833333333333333,right_heel,0.5,0.5,0.0,540.0,960.0,0.5
f1ae9d18-a8ba-4f9a-9931-8905448347fd,145,4.833333333333333,left_foot_index,0.5,0.5,0.0,540.0,960.0,0.5
f1ae9d18-a8ba-4f9a-9931-8905448347fd,145,4.833333333333333,right_foot_index,0.5,0.5,0.0,540.0,960.0,0.5
f1ae9d18-a8ba-4f9a-9931-8905448347fd,146,4.866666666666666,nose,0.5,0.5,0.0,540.0,960.0,0.5
f1ae9d18-a8ba-4f9a-9931-8905448347fd,146,4.866666666666666,left_shoulder,0.5,0.5,0.0,540.0,960.0,0.5
f1ae9d18-a8ba-4f9a-9931-8905448347fd,146,4.866666666666666,right_shoulder,0.5,0.5,0.0,540.0,960.0,0.5
f1ae9d18-a8ba-4f9a-9931-8905448347fd,146,4.866666666666666,left_elbow,0.5,0.5,0.0,540.0,960.0,0.5
f1ae9d18-a8ba-4f9a-9931-8905448347fd,146,4.866666666666666,right_elbow,0.5,0.5,0.0,540.0,960.0,0.5
f1ae9d18-a8ba-4f9a-9931-8905448347fd,146,4.866666666666666,left_wrist,0.5,0.5,0.0,540.0,960.0,0.5
f1ae9d18-a8ba-4f9a-9931-8905448347fd,146,4.866666666666666,right_wrist,0.5,0.5,0.0,540.0,960.0,0.5
f1ae9d18-a8ba-4f9a-9931-8905448347fd,146,4.866666666666666,left_hip,0.5,0.5,0.0,540.0,960.0,0.5
f1ae9d18-a8ba-4f9a-9931-8905448347fd,146,4.866666666666666,right_hip,0.5,0.5,0.0,540.0,960.0,0.5
f1ae9d18-a8ba-4f9a-9931-8905448347fd,146,4.866666666666666,left_knee,0.5,0.5,0.0,540.0,960.0,0.5
f1ae9d18-a8ba-4f9a-9931-8905448347fd,146,4.866666666666666,right_knee,0.5,0.5,0.0,540.0,960.0,0.5
f1ae9d18-a8ba-4f9a-9931-8905448347fd,146,4.866666666666666,left_ankle,0.5,0.5,0.0,540.0,960.0,0.5
f1ae9d18-a8ba-4f9a-9931-8905448347fd,146,4.866666666666666,right_ankle,0.5,0.5,0.0,540.0,960.0,0.5
f1ae9d18-a8ba-4f9a-9931-8905448347fd,146,4.866666666666666,left_heel,0.5,0.5,0.0,540.0,960.0,0.5
f1ae9d18-a8ba-4f9a-9931-8905448347fd,146,4.866666666666666,right_heel,0.5,0.5,0.0,540.0,960.0,0.5
f1ae9d18-a8ba-4f9a-9931-8905448347fd,146,4.866666666666666,left_foot_index,0.5,0.5,0.0,540.0,960.0,0.5
f1ae9d18-a8ba-4f9a-9931-8905448347fd,146,4.866666666666666,right_foot_index,0.5,0.5,0.0,540.0,960.0,0.5
f1ae9d18-a8ba-4f9a-9931-8905448347fd,147,4.9,nose,0.5,0.5,0.0,540.0,960.0,0.5
f1ae9d18-a8ba-4f9a-9931-8905448347fd,147,4.9,left_shoulder,0.5,0.5,0.0,540.0,960.0,0.5
f1ae9d18-a8ba-4f9a-9931-8905448347fd,147,4.9,right_shoulder,0.5,0.5,0.0,540.0,960.0,0.5
f1ae9d18-a8ba-4f9a-9931-8905448347fd,147,4.9,left_elbow,0.5,0.5,0.0,540.0,960.0,0.5
f1ae9d18-a8ba-4f9a-9931-8905448347fd,147,4.9,right_elbow,0.5,0.5,0.0,540.0,960.0,0.5
f1ae9d18-a8ba-4f9a-9931-8905448347fd,147,4.9,left_wrist,0.5,0.5,0.0,540.0,960.0,0.5
f1ae9d18-a8ba-4f9a-9931-8905448347fd,147,4.9,right_wrist,0.5,0.5,0.0,540.0,960.0,0.5
f1ae9d18-a8ba-4f9a-9931-8905448347fd,147,4.9,left_hip,0.5,0.5,0.0,540.0,960.0,0.5
f1ae9d18-a8ba-4f9a-9931-8905448347fd,147,4.9,right_hip,0.5,0.5,0.0,540.0,960.0,0.5
f1ae9d18-a8ba-4f9a-9931-8905448347fd,147,4.9,left_knee,0.5,0.5,0.0,540.0,960.0,0.5
f1ae9d18-a8ba-4f9a-9931-8905448347fd,147,4.9,right_knee,0.5,0.5,0.0,540.0,960.0,0.5
f1ae9d18-a8ba-4f9a-9931-8905448347fd,147,4.9,left_ankle,0.5,0.5,0.0,540.0,960.0,0.5
f1ae9d18-a8ba-4f9a-9931-8905448347fd,147,4.9,right_ankle,0.5,0.5,0.0,540.0,960.0,0.5
f1ae9d18-a8ba-4f9a-9931-8905448347fd,147,4.9,left_heel,0.5,0.5,0.0,540.0,960.0,0.5
f1ae9d18-a8ba-4f9a-9931-8905448347fd,147,4.9,right_heel,0.5,0.5,0.0,540.0,960.0,0.5
f1ae9d18-a8ba-4f9a-9931-8905448347fd,147,4.9,left_foot_index,0.5,0.5,0.0,540.0,960.0,0.5
f1ae9d18-a8ba-4f9a-9931-8905448347fd,147,4.9,right_foot_index,0.5,0.5,0.0,540.0,960.0,0.5
f1ae9d18-a8ba-4f9a-9931-8905448347fd,148,4.933333333333334,nose,0.5,0.5,0.0,540.0,960.0,0.5
f1ae9d18-a8ba-4f9a-9931-8905448347fd,148,4.933333333333334,left_shoulder,0.5,0.5,0.0,540.0,960.0,0.5
f1ae9d18-a8ba-4f9a-9931-8905448347fd,148,4.933333333333334,right_shoulder,0.5,0.5,0.0,540.0,960.0,0.5
f1ae9d18-a8ba-4f9a-9931-8905448347fd,148,4.933333333333334,left_elbow,0.5,0.5,0.0,540.0,960.0,0.5
f1ae9d18-a8ba-4f9a-9931-8905448347fd,148,4.933333333333334,right_elbow,0.5,0.5,0.0,540.0,960.0,0.5
f1ae9d18-a8ba-4f9a-9931-8905448347fd,148,4.933333333333334,left_wrist,0.5,0.5,0.0,540.0,960.0,0.5
f1ae9d18-a8ba-4f9a-9931-8905448347fd,148,4.933333333333334,right_wrist,0.5,0.5,0.0,540.0,960.0,0.5
f1ae9d18-a8ba-4f9a-9931-8905448347fd,148,4.933333333333334,left_hip,0.5,0.5,0.0,540.0,960.0,0.5
f1ae9d18-a8ba-4f9a-9931-8905448347fd,148,4.933333333333334,right_hip,0.5,0.5,0.0,540.0,960.0,0.5
f1ae9d18-a8ba-4f9a-9931-8905448347fd,148,4.933333333333334,left_knee,0.5,0.5,0.0,540.0,960.0,0.5
f1ae9d18-a8ba-4f9a-9931-8905448347fd,148,4.933333333333334,right_knee,0.5,0.5,0.0,540.0,960.0,0.5
f1ae9d18-a8ba-4f9a-9931-8905448347fd,148,4.933333333333334,left_ankle,0.5,0.5,0.0,540.0,960.0,0.5
f1ae9d18-a8ba-4f9a-9931-8905448347fd,148,4.933333333333334,right_ankle,0.5,0.5,0.0,540.0,960.0,0.5
f1ae9d18-a8ba-4f9a-9931-8905448347fd,148,4.933333333333334,left_heel,0.5,0.5,0.0,540.0,960.0,0.5
f1ae9d18-a8ba-4f9a-9931-8905448347fd,148,4.933333333333334,right_heel,0.5,0.5,0.0,540.0,960.0,0.5
f1ae9d18-a8ba-4f9a-9931-8905448347fd,148,4.933333333333334,left_foot_index,0.5,0.5,0.0,540.0,960.0,0.5
f1ae9d18-a8ba-4f9a-9931-8905448347fd,148,4.933333333333334,right_foot_index,0.5,0.5,0.0,540.0,960.0,0.5
f1ae9d18-a8ba-4f9a-9931-8905448347fd,149,4.966666666666667,nose,0.5,0.5,0.0,540.0,960.0,0.5
f1ae9d18-a8ba-4f9a-9931-8905448347fd,149,4.966666666666667,left_shoulder,0.5,0.5,0.0,540.0,960.0,0.5
f1ae9d18-a8ba-4f9a-9931-8905448347fd,149,4.966666666666667,right_shoulder,0.5,0.5,0.0,540.0,960.0,0.5
f1ae9d18-a8ba-4f9a-9931-8905448347fd,149,4.966666666666667,left_elbow,0.5,0.5,0.0,540.0,960.0,0.5
f1ae9d18-a8ba-4f9a-9931-8905448347fd,149,4.966666666666667,right_elbow,0.5,0.5,0.0,540.0,960.0,0.5
f1ae9d18-a8ba-4f9a-9931-8905448347fd,149,4.966666666666667,left_wrist,0.5,0.5,0.0,540.0,960.0,0.5
f1ae9d18-a8ba-4f9a-9931-8905448347fd,149,4.966666666666667,right_wrist,0.5,0.5,0.0,540.0,960.0,0.5
f1ae9d18-a8ba-4f9a-9931-8905448347fd,149,4.966666666666667,left_hip,0.5,0.5,0.0,540.0,960.0,0.5
f1ae9d18-a8ba-4f9a-9931-8905448347fd,149,4.966666666666667,right_hip,0.5,0.5,0.0,540.0,960.0,0.5
f1ae9d18-a8ba-4f9a-9931-8905448347fd,149,4.966666666666667,left_knee,0.5,0.5,0.0,540.0,960.0,0.5
f1ae9d18-a8ba-4f9a-9931-8905448347fd,149,4.966666666666667,right_knee,0.5,0.5,0.0,540.0,960.0,0.5
f1ae9d18-a8ba-4f9a-9931-8905448347fd,149,4.966666666666667,left_ankle,0.5,0.5,0.0,540.0,960.0,0.5
f1ae9d18-a8ba-4f9a-9931-8905448347fd,149,4.966666666666667,right_ankle,0.5,0.5,0.0,540.0,960.0,0.5
f1ae9d18-a8ba-4f9a-9931-8905448347fd,149,4.966666666666667,left_heel,0.5,0.5,0.0,540.0,960.0,0.5
f1ae9d18-a8ba-4f9a-9931-8905448347fd,149,4.966666666666667,right_heel,0.5,0.5,0.0,540.0,960.0,0.5
f1ae9d18-a8ba-4f9a-9931-8905448347fd,149,4.966666666666667,left_foot_index,0.5,0.5,0.0,540.0,960.0,0.5
f1ae9d18-a8ba-4f9a-9931-8905448347fd,149,4.966666666666667,right_foot_index,0.5,0.5,0.0,540.0,960.0,0.5
f1ae9d18-a8ba-4f9a-9931-8905448347fd,150,5.0,nose,0.5,0.5,0.0,540.0,960.0,0.5
f1ae9d18-a8ba-4f9a-9931-8905448347fd,150,5.0,left_shoulder,0.5,0.5,0.0,540.0,960.0,0.5
f1ae9d18-a8ba-4f9a-9931-8905448347fd,150,5.0,right_shoulder,0.5,0.5,0.0,540.0,960.0,0.5
f1ae9d18-a8ba-4f9a-9931-8905448347fd,150,5.0,left_elbow,0.5,0.5,0.0,540.0,960.0,0.5
f1ae9d18-a8ba-4f9a-9931-8905448347fd,150,5.0,right_elbow,0.5,0.5,0.0,540.0,960.0,0.5
f1ae9d18-a8ba-4f9a-9931-8905448347fd,150,5.0,left_wrist,0.5,0.5,0.0,540.0,960.0,0.5
f1ae9d18-a8ba-4f9a-9931-8905448347fd,150,5.0,right_wrist,0.5,0.5,0.0,540.0,960.0,0.5
f1ae9d18-a8ba-4f9a-9931-8905448347fd,150,5.0,left_hip,0.5,0.5,0.0,540.0,960.0,0.5
f1ae9d18-a8ba-4f9a-9931-8905448347fd,150,5.0,right_hip,0.5,0.5,0.0,540.0,960.0,0.5
f1ae9d18-a8ba-4f9a-9931-8905448347fd,150,5.0,left_knee,0.5,0.5,0.0,540.0,960.0,0.5
f1ae9d18-a8ba-4f9a-9931-8905448347fd,150,5.0,right_knee,0.5,0.5,0.0,540.0,960.0,0.5
f1ae9d18-a8ba-4f9a-9931-8905448347fd,150,5.0,left_ankle,0.5,0.5,0.0,540.0,960.0,0.5
f1ae9d18-a8ba-4f9a-9931-8905448347fd,150,5.0,right_ankle,0.5,0.5,0.0,540.0,960.0,0.5
f1ae9d18-a8ba-4f9a-9931-8905448347fd,150,5.0,left_heel,0.5,0.5,0.0,540.0,960.0,0.5
f1ae9d18-a8ba-4f9a-9931-8905448347fd,150,5.0,right_heel,0.5,0.5,0.0,540.0,960.0,0.5
f1ae9d18-a8ba-4f9a-9931-8905448347fd,150,5.0,left_foot_index,0.5,0.5,0.0,540.0,960.0,0.5
f1ae9d18-a8ba-4f9a-9931-8905448347fd,150,5.0,right_foot_index,0.5,0.5,0.0,540.0,960.0,0.5
f1ae9d18-a8ba-4f9a-9931-8905448347fd,151,5.033333333333333,nose,0.5,0.5,0.0,540.0,960.0,0.5
f1ae9d18-a8ba-4f9a-9931-8905448347fd,151,5.033333333333333,left_shoulder,0.5,0.5,0.0,540.0,960.0,0.5
f1ae9d18-a8ba-4f9a-9931-8905448347fd,151,5.033333333333333,right_shoulder,0.5,0.5,0.0,540.0,960.0,0.5
f1ae9d18-a8ba-4f9a-9931-8905448347fd,151,5.033333333333333,left_elbow,0.5,0.5,0.0,540.0,960.0,0.5
f1ae9d18-a8ba-4f9a-9931-8905448347fd,151,5.033333333333333,right_elbow,0.5,0.5,0.0,540.0,960.0,0.5
f1ae9d18-a8ba-4f9a-9931-8905448347fd,151,5.033333333333333,left_wrist,0.5,0.5,0.0,540.0,960.0,0.5
f1ae9d18-a8ba-4f9a-9931-8905448347fd,151,5.033333333333333,right_wrist,0.5,0.5,0.0,540.0,960.0,0.5
f1ae9d18-a8ba-4f9a-9931-8905448347fd,151,5.033333333333333,left_hip,0.5,0.5,0.0,540.0,960.0,0.5
f1ae9d18-a8ba-4f9a-9931-8905448347fd,151,5.033333333333333,right_hip,0.5,0.5,0.0,540.0,960.0,0.5
f1ae9d18-a8ba-4f9a-9931-8905448347fd,151,5.033333333333333,left_knee,0.5,0.5,0.0,540.0,960.0,0.5
f1ae9d18-a8ba-4f9a-9931-8905448347fd,151,5.033333333333333,right_knee,0.5,0.5,0.0,540.0,960.0,0.5
f1ae9d18-a8ba-4f9a-9931-8905448347fd,151,5.033333333333333,left_ankle,0.5,0.5,0.0,540.0,960.0,0.5
f1ae9d18-a8ba-4f9a-9931-8905448347fd,151,5.033333333333333,right_ankle,0.5,0.5,0.0,540.0,960.0,0.5
f1ae9d18-a8ba-4f9a-9931-8905448347fd,151,5.033333333333333,left_heel,0.5,0.5,0.0,540.0,960.0,0.5
f1ae9d18-a8ba-4f9a-9931-8905448347fd,151,5.033333333333333,right_heel,0.5,0.5,0.0,540.0,960.0,0.5
f1ae9d18-a8ba-4f9a-9931-8905448347fd,151,5.033333333333333,left_foot_index,0.5,0.5,0.0,540.0,960.0,0.5
f1ae9d18-a8ba-4f9a-9931-8905448347fd,151,5.033333333333333,right_foot_index,0.5,0.5,0.0,540.0,960.0,0.5
f1ae9d18-a8ba-4f9a-9931-8905448347fd,152,5.066666666666666,nose,0.5,0.5,0.0,540.0,960.0,0.5
f1ae9d18-a8ba-4f9a-9931-8905448347fd,152,5.066666666666666,left_shoulder,0.5,0.5,0.0,540.0,960.0,0.5
f1ae9d18-a8ba-4f9a-9931-8905448347fd,152,5.066666666666666,right_shoulder,0.5,0.5,0.0,540.0,960.0,0.5
f1ae9d18-a8ba-4f9a-9931-8905448347fd,152,5.066666666666666,left_elbow,0.5,0.5,0.0,540.0,960.0,0.5
f1ae9d18-a8ba-4f9a-9931-8905448347fd,152,5.066666666666666,right_elbow,0.5,0.5,0.0,540.0,960.0,0.5
f1ae9d18-a8ba-4f9a-9931-8905448347fd,152,5.066666666666666,left_wrist,0.5,0.5,0.0,540.0,960.0,0.5
f1ae9d18-a8ba-4f9a-9931-8905448347fd,152,5.066666666666666,right_wrist,0.5,0.5,0.0,540.0,960.0,0.5
f1ae9d18-a8ba-4f9a-9931-8905448347fd,152,5.066666666666666,left_hip,0.5,0.5,0.0,540.0,960.0,0.5
f1ae9d18-a8ba-4f9a-9931-8905448347fd,152,5.066666666666666,right_hip,0.5,0.5,0.0,540.0,960.0,0.5
f1ae9d18-a8ba-4f9a-9931-8905448347fd,152,5.066666666666666,left_knee,0.5,0.5,0.0,540.0,960.0,0.5
f1ae9d18-a8ba-4f9a-9931-8905448347fd,152,5.066666666666666,right_knee,0.5,0.5,0.0,540.0,960.0,0.5
f1ae9d18-a8ba-4f9a-9931-8905448347fd,152,5.066666666666666,left_ankle,0.5,0.5,0.0,540.0,960.0,0.5
f1ae9d18-a8ba-4f9a-9931-8905448347fd,152,5.066666666666666,right_ankle,0.5,0.5,0.0,540.0,960.0,0.5
f1ae9d18-a8ba-4f9a-9931-8905448347fd,152,5.066666666666666,left_heel,0.5,0.5,0.0,540.0,960.0,0.5
f1ae9d18-a8ba-4f9a-9931-8905448347fd,152,5.066666666666666,right_heel,0.5,0.5,0.0,540.0,960.0,0.5
f1ae9d18-a8ba-4f9a-9931-8905448347fd,152,5.066666666666666,left_foot_index,0.5,0.5,0.0,540.0,960.0,0.5
f1ae9d18-a8ba-4f9a-9931-8905448347fd,152,5.066666666666666,right_foot_index,0.5,0.5,0.0,540.0,960.0,0.5
f1ae9d18-a8ba-4f9a-9931-8905448347fd,153,5.1,nose,0.5,0.5,0.0,540.0,960.0,0.5
f1ae9d18-a8ba-4f9a-9931-8905448347fd,153,5.1,left_shoulder,0.5,0.5,0.0,540.0,960.0,0.5
f1ae9d18-a8ba-4f9a-9931-8905448347fd,153,5.1,right_shoulder,0.5,0.5,0.0,540.0,960.0,0.5
f1ae9d18-a8ba-4f9a-9931-8905448347fd,153,5.1,left_elbow,0.5,0.5,0.0,540.0,960.0,0.5
f1ae9d18-a8ba-4f9a-9931-8905448347fd,153,5.1,right_elbow,0.5,0.5,0.0,540.0,960.0,0.5
f1ae9d18-a8ba-4f9a-9931-8905448347fd,153,5.1,left_wrist,0.5,0.5,0.0,540.0,960.0,0.5
f1ae9d18-a8ba-4f9a-9931-8905448347fd,153,5.1,right_wrist,0.5,0.5,0.0,540.0,960.0,0.5
f1ae9d18-a8ba-4f9a-9931-8905448347fd,153,5.1,left_hip,0.5,0.5,0.0,540.0,960.0,0.5
f1ae9d18-a8ba-4f9a-9931-8905448347fd,153,5.1,right_hip,0.5,0.5,0.0,540.0,960.0,0.5
f1ae9d18-a8ba-4f9a-9931-8905448347fd,153,5.1,left_knee,0.5,0.5,0.0,540.0,960.0,0.5
f1ae9d18-a8ba-4f9a-9931-8905448347fd,153,5.1,right_knee,0.5,0.5,0.0,540.0,960.0,0.5
f1ae9d18-a8ba-4f9a-9931-8905448347fd,153,5.1,left_ankle,0.5,0.5,0.0,540.0,960.0,0.5
f1ae9d18-a8ba-4f9a-9931-8905448347fd,153,5.1,right_ankle,0.5,0.5,0.0,540.0,960.0,0.5
f1ae9d18-a8ba-4f9a-9931-8905448347fd,153,5.1,left_heel,0.5,0.5,0.0,540.0,960.0,0.5
f1ae9d18-a8ba-4f9a-9931-8905448347fd,153,5.1,right_heel,0.5,0.5,0.0,540.0,960.0,0.5
f1ae9d18-a8ba-4f9a-9931-8905448347fd,153,5.1,left_foot_index,0.5,0.5,0.0,540.0,960.0,0.5
f1ae9d18-a8ba-4f9a-9931-8905448347fd,153,5.1,right_foot_index,0.5,0.5,0.0,540.0,960.0,0.5
f1ae9d18-a8ba-4f9a-9931-8905448347fd,154,5.133333333333334,nose,0.5,0.5,0.0,540.0,960.0,0.5
f1ae9d18-a8ba-4f9a-9931-8905448347fd,154,5.133333333333334,left_shoulder,0.5,0.5,0.0,540.0,960.0,0.5
f1ae9d18-a8ba-4f9a-9931-8905448347fd,154,5.133333333333334,right_shoulder,0.5,0.5,0.0,540.0,960.0,0.5
f1ae9d18-a8ba-4f9a-9931-8905448347fd,154,5.133333333333334,left_elbow,0.5,0.5,0.0,540.0,960.0,0.5
f1ae9d18-a8ba-4f9a-9931-8905448347fd,154,5.133333333333334,right_elbow,0.5,0.5,0.0,540.0,960.0,0.5
f1ae9d18-a8ba-4f9a-9931-8905448347fd,154,5.133333333333334,left_wrist,0.5,0.5,0.0,540.0,960.0,0.5
f1ae9d18-a8ba-4f9a-9931-8905448347fd,154,5.133333333333334,right_wrist,0.5,0.5,0.0,540.0,960.0,0.5
f1ae9d18-a8ba-4f9a-9931-8905448347fd,154,5.133333333333334,left_hip,0.5,0.5,0.0,540.0,960.0,0.5
f1ae9d18-a8ba-4f9a-9931-8905448347fd,154,5.133333333333334,right_hip,0.5,0.5,0.0,540.0,960.0,0.5
f1ae9d18-a8ba-4f9a-9931-8905448347fd,154,5.133333333333334,left_knee,0.5,0.5,0.0,540.0,960.0,0.5
f1ae9d18-a8ba-4f9a-9931-8905448347fd,154,5.133333333333334,right_knee,0.5,0.5,0.0,540.0,960.0,0.5
f1ae9d18-a8ba-4f9a-9931-8905448347fd,154,5.133333333333334,left_ankle,0.5,0.5,0.0,540.0,960.0,0.5
f1ae9d18-a8ba-4f9a-9931-8905448347fd,154,5.133333333333334,right_ankle,0.5,0.5,0.0,540.0,960.0,0.5
f1ae9d18-a8ba-4f9a-9931-8905448347fd,154,5.133333333333334,left_heel,0.5,0.5,0.0,540.0,960.0,0.5
f1ae9d18-a8ba-4f9a-9931-8905448347fd,154,5.133333333333334,right_heel,0.5,0.5,0.0,540.0,960.0,0.5
f1ae9d18-a8ba-4f9a-9931-8905448347fd,154,5.133333333333334,left_foot_index,0.5,0.5,0.0,540.0,960.0,0.5
f1ae9d18-a8ba-4f9a-9931-8905448347fd,154,5.133333333333334,right_foot_index,0.5,0.5,0.0,540.0,960.0,0.5
f1ae9d18-a8ba-4f9a-9931-8905448347fd,155,5.166666666666667,nose,0.5,0.5,0.0,540.0,960.0,0.5
f1ae9d18-a8ba-4f9a-9931-8905448347fd,155,5.166666666666667,left_shoulder,0.5,0.5,0.0,540.0,960.0,0.5
f1ae9d18-a8ba-4f9a-9931-8905448347fd,155,5.166666666666667,right_shoulder,0.5,0.5,0.0,540.0,960.0,0.5
f1ae9d18-a8ba-4f9a-9931-8905448347fd,155,5.166666666666667,left_elbow,0.5,0.5,0.0,540.0,960.0,0.5
f1ae9d18-a8ba-4f9a-9931-8905448347fd,155,5.166666666666667,right_elbow,0.5,0.5,0.0,540.0,960.0,0.5
f1ae9d18-a8ba-4f9a-9931-8905448347fd,155,5.166666666666667,left_wrist,0.5,0.5,0.0,540.0,960.0,0.5
f1ae9d18-a8ba-4f9a-9931-8905448347fd,155,5.166666666666667,right_wrist,0.5,0.5,0.0,540.0,960.0,0.5
f1ae9d18-a8ba-4f9a-9931-8905448347fd,155,5.166666666666667,left_hip,0.5,0.5,0.0,540.0,960.0,0.5
f1ae9d18-a8ba-4f9a-9931-8905448347fd,155,5.166666666666667,right_hip,0.5,0.5,0.0,540.0,960.0,0.5
f1ae9d18-a8ba-4f9a-9931-8905448347fd,155,5.166666666666667,left_knee,0.5,0.5,0.0,540.0,960.0,0.5
f1ae9d18-a8ba-4f9a-9931-8905448347fd,155,5.166666666666667,right_knee,0.5,0.5,0.0,540.0,960.0,0.5
f1ae9d18-a8ba-4f9a-9931-8905448347fd,155,5.166666666666667,left_ankle,0.5,0.5,0.0,540.0,960.0,0.5
f1ae9d18-a8ba-4f9a-9931-8905448347fd,155,5.166666666666667,right_ankle,0.5,0.5,0.0,540.0,960.0,0.5
f1ae9d18-a8ba-4f9a-9931-8905448347fd,155,5.166666666666667,left_heel,0.5,0.5,0.0,540.0,960.0,0.5
f1ae9d18-a8ba-4f9a-9931-8905448347fd,155,5.166666666666667,right_heel,0.5,0.5,0.0,540.0,960.0,0.5
f1ae9d18-a8ba-4f9a-9931-8905448347fd,155,5.166666666666667,left_foot_index,0.5,0.5,0.0,540.0,960.0,0.5
f1ae9d18-a8ba-4f9a-9931-8905448347fd,155,5.166666666666667,right_foot_index,0.5,0.5,0.0,540.0,960.0,0.5
f1ae9d18-a8ba-4f9a-9931-8905448347fd,156,5.2,nose,0.5,0.5,0.0,540.0,960.0,0.5
f1ae9d18-a8ba-4f9a-9931-8905448347fd,156,5.2,left_shoulder,0.5,0.5,0.0,540.0,960.0,0.5
f1ae9d18-a8ba-4f9a-9931-8905448347fd,156,5.2,right_shoulder,0.5,0.5,0.0,540.0,960.0,0.5
f1ae9d18-a8ba-4f9a-9931-8905448347fd,156,5.2,left_elbow,0.5,0.5,0.0,540.0,960.0,0.5
f1ae9d18-a8ba-4f9a-9931-8905448347fd,156,5.2,right_elbow,0.5,0.5,0.0,540.0,960.0,0.5
f1ae9d18-a8ba-4f9a-9931-8905448347fd,156,5.2,left_wrist,0.5,0.5,0.0,540.0,960.0,0.5
f1ae9d18-a8ba-4f9a-9931-8905448347fd,156,5.2,right_wrist,0.5,0.5,0.0,540.0,960.0,0.5
f1ae9d18-a8ba-4f9a-9931-8905448347fd,156,5.2,left_hip,0.5,0.5,0.0,540.0,960.0,0.5
f1ae9d18-a8ba-4f9a-9931-8905448347fd,156,5.2,right_hip,0.5,0.5,0.0,540.0,960.0,0.5
f1ae9d18-a8ba-4f9a-9931-8905448347fd,156,5.2,left_knee,0.5,0.5,0.0,540.0,960.0,0.5
f1ae9d18-a8ba-4f9a-9931-8905448347fd,156,5.2,right_knee,0.5,0.5,0.0,540.0,960.0,0.5
f1ae9d18-a8ba-4f9a-9931-8905448347fd,156,5.2,left_ankle,0.5,0.5,0.0,540.0,960.0,0.5
f1ae9d18-a8ba-4f9a-9931-8905448347fd,156,5.2,right_ankle,0.5,0.5,0.0,540.0,960.0,0.5
f1ae9d18-a8ba-4f9a-9931-8905448347fd,156,5.2,left_heel,0.5,0.5,0.0,540.0,960.0,0.5
f1ae9d18-a8ba-4f9a-9931-8905448347fd,156,5.2,right_heel,0.5,0.5,0.0,540.0,960.0,0.5
f1ae9d18-a8ba-4f9a-9931-8905448347fd,156,5.2,left_foot_index,0.5,0.5,0.0,540.0,960.0,0.5
f1ae9d18-a8ba-4f9a-9931-8905448347fd,156,5.2,right_foot_index,0.5,0.5,0.0,540.0,960.0,0.5
f1ae9d18-a8ba-4f9a-9931-8905448347fd,157,5.233333333333333,nose,0.5,0.5,0.0,540.0,960.0,0.5
f1ae9d18-a8ba-4f9a-9931-8905448347fd,157,5.233333333333333,left_shoulder,0.5,0.5,0.0,540.0,960.0,0.5
f1ae9d18-a8ba-4f9a-9931-8905448347fd,157,5.233333333333333,right_shoulder,0.5,0.5,0.0,540.0,960.0,0.5
f1ae9d18-a8ba-4f9a-9931-8905448347fd,157,5.233333333333333,left_elbow,0.5,0.5,0.0,540.0,960.0,0.5
f1ae9d18-a8ba-4f9a-9931-8905448347fd,157,5.233333333333333,right_elbow,0.5,0.5,0.0,540.0,960.0,0.5
f1ae9d18-a8ba-4f9a-9931-8905448347fd,157,5.233333333333333,left_wrist,0.5,0.5,0.0,540.0,960.0,0.5
f1ae9d18-a8ba-4f9a-9931-8905448347fd,157,5.233333333333333,right_wrist,0.5,0.5,0.0,540.0,960.0,0.5
f1ae9d18-a8ba-4f9a-9931-8905448347fd,157,5.233333333333333,left_hip,0.5,0.5,0.0,540.0,960.0,0.5
f1ae9d18-a8ba-4f9a-9931-8905448347fd,157,5.233333333333333,right_hip,0.5,0.5,0.0,540.0,960.0,0.5
f1ae9d18-a8ba-4f9a-9931-8905448347fd,157,5.233333333333333,left_knee,0.5,0.5,0.0,540.0,960.0,0.5
f1ae9d18-a8ba-4f9a-9931-8905448347fd,157,5.233333333333333,right_knee,0.5,0.5,0.0,540.0,960.0,0.5
f1ae9d18-a8ba-4f9a-9931-8905448347fd,157,5.233333333333333,left_ankle,0.5,0.5,0.0,540.0,960.0,0.5
f1ae9d18-a8ba-4f9a-9931-8905448347fd,157,5.233333333333333,right_ankle,0.5,0.5,0.0,540.0,960.0,0.5
f1ae9d18-a8ba-4f9a-9931-8905448347fd,157,5.233333333333333,left_heel,0.5,0.5,0.0,540.0,960.0,0.5
f1ae9d18-a8ba-4f9a-9931-8905448347fd,157,5.233333333333333,right_heel,0.5,0.5,0.0,540.0,960.0,0.5
f1ae9d18-a8ba-4f9a-9931-8905448347fd,157,5.233333333333333,left_foot_index,0.5,0.5,0.0,540.0,960.0,0.5
f1ae9d18-a8ba-4f9a-9931-8905448347fd,157,5.233333333333333,right_foot_index,0.5,0.5,0.0,540.0,960.0,0.5
f1ae9d18-a8ba-4f9a-9931-8905448347fd,158,5.266666666666667,nose,0.5,0.5,0.0,540.0,960.0,0.5
f1ae9d18-a8ba-4f9a-9931-8905448347fd,158,5.266666666666667,left_shoulder,0.5,0.5,0.0,540.0,960.0,0.5
f1ae9d18-a8ba-4f9a-9931-8905448347fd,158,5.266666666666667,right_shoulder,0.5,0.5,0.0,540.0,960.0,0.5
f1ae9d18-a8ba-4f9a-9931-8905448347fd,158,5.266666666666667,left_elbow,0.5,0.5,0.0,540.0,960.0,0.5
f1ae9d18-a8ba-4f9a-9931-8905448347fd,158,5.266666666666667,right_elbow,0.5,0.5,0.0,540.0,960.0,0.5
f1ae9d18-a8ba-4f9a-9931-8905448347fd,158,5.266666666666667,left_wrist,0.5,0.5,0.0,540.0,960.0,0.5
f1ae9d18-a8ba-4f9a-9931-8905448347fd,158,5.266666666666667,right_wrist,0.5,0.5,0.0,540.0,960.0,0.5
f1ae9d18-a8ba-4f9a-9931-8905448347fd,158,5.266666666666667,left_hip,0.5,0.5,0.0,540.0,960.0,0.5
f1ae9d18-a8ba-4f9a-9931-8905448347fd,158,5.266666666666667,right_hip,0.5,0.5,0.0,540.0,960.0,0.5
f1ae9d18-a8ba-4f9a-9931-8905448347fd,158,5.266666666666667,left_knee,0.5,0.5,0.0,540.0,960.0,0.5
f1ae9d18-a8ba-4f9a-9931-8905448347fd,158,5.266666666666667,right_knee,0.5,0.5,0.0,540.0,960.0,0.5
f1ae9d18-a8ba-4f9a-9931-8905448347fd,158,5.266666666666667,left_ankle,0.5,0.5,0.0,540.0,960.0,0.5
f1ae9d18-a8ba-4f9a-9931-8905448347fd,158,5.266666666666667,right_ankle,0.5,0.5,0.0,540.0,960.0,0.5
f1ae9d18-a8ba-4f9a-9931-8905448347fd,158,5.266666666666667,left_heel,0.5,0.5,0.0,540.0,960.0,0.5
f1ae9d18-a8ba-4f9a-9931-8905448347fd,158,5.266666666666667,right_heel,0.5,0.5,0.0,540.0,960.0,0.5
f1ae9d18-a8ba-4f9a-9931-8905448347fd,158,5.266666666666667,left_foot_index,0.5,0.5,0.0,540.0,960.0,0.5
f1ae9d18-a8ba-4f9a-9931-8905448347fd,158,5.266666666666667,right_foot_index,0.5,0.5,0.0,540.0,960.0,0.5
f1ae9d18-a8ba-4f9a-9931-8905448347fd,159,5.3,nose,0.5,0.5,0.0,540.0,960.0,0.5
f1ae9d18-a8ba-4f9a-9931-8905448347fd,159,5.3,left_shoulder,0.5,0.5,0.0,540.0,960.0,0.5
f1ae9d18-a8ba-4f9a-9931-8905448347fd,159,5.3,right_shoulder,0.5,0.5,0.0,540.0,960.0,0.5
f1ae9d18-a8ba-4f9a-9931-8905448347fd,159,5.3,left_elbow,0.5,0.5,0.0,540.0,960.0,0.5
f1ae9d18-a8ba-4f9a-9931-8905448347fd,159,5.3,right_elbow,0.5,0.5,0.0,540.0,960.0,0.5
f1ae9d18-a8ba-4f9a-9931-8905448347fd,159,5.3,left_wrist,0.5,0.5,0.0,540.0,960.0,0.5
f1ae9d18-a8ba-4f9a-9931-8905448347fd,159,5.3,right_wrist,0.5,0.5,0.0,540.0,960.0,0.5
f1ae9d18-a8ba-4f9a-9931-8905448347fd,159,5.3,left_hip,0.5,0.5,0.0,540.0,960.0,0.5
f1ae9d18-a8ba-4f9a-9931-8905448347fd,159,5.3,right_hip,0.5,0.5,0.0,540.0,960.0,0.5
f1ae9d18-a8ba-4f9a-9931-8905448347fd,159,5.3,left_knee,0.5,0.5,0.0,540.0,960.0,0.5
f1ae9d18-a8ba-4f9a-9931-8905448347fd,159,5.3,right_knee,0.5,0.5,0.0,540.0,960.0,0.5
f1ae9d18-a8ba-4f9a-9931-8905448347fd,159,5.3,left_ankle,0.5,0.5,0.0,540.0,960.0,0.5
f1ae9d18-a8ba-4f9a-9931-8905448347fd,159,5.3,right_ankle,0.5,0.5,0.0,540.0,960.0,0.5
f1ae9d18-a8ba-4f9a-9931-8905448347fd,159,5.3,left_heel,0.5,0.5,0.0,540.0,960.0,0.5
f1ae9d18-a8ba-4f9a-9931-8905448347fd,159,5.3,right_heel,0.5,0.5,0.0,540.0,960.0,0.5
f1ae9d18-a8ba-4f9a-9931-8905448347fd,159,5.3,left_foot_index,0.5,0.5,0.0,540.0,960.0,0.5
f1ae9d18-a8ba-4f9a-9931-8905448347fd,159,5.3,right_foot_index,0.5,0.5,0.0,540.0,960.0,0.5
f1ae9d18-a8ba-4f9a-9931-8905448347fd,160,5.333333333333333,nose,0.5,0.5,0.0,540.0,960.0,0.5
f1ae9d18-a8ba-4f9a-9931-8905448347fd,160,5.333333333333333,left_shoulder,0.5,0.5,0.0,540.0,960.0,0.5
f1ae9d18-a8ba-4f9a-9931-8905448347fd,160,5.333333333333333,right_shoulder,0.5,0.5,0.0,540.0,960.0,0.5
f1ae9d18-a8ba-4f9a-9931-8905448347fd,160,5.333333333333333,left_elbow,0.5,0.5,0.0,540.0,960.0,0.5
f1ae9d18-a8ba-4f9a-9931-8905448347fd,160,5.333333333333333,right_elbow,0.5,0.5,0.0,540.0,960.0,0.5
f1ae9d18-a8ba-4f9a-9931-8905448347fd,160,5.333333333333333,left_wrist,0.5,0.5,0.0,540.0,960.0,0.5
f1ae9d18-a8ba-4f9a-9931-8905448347fd,160,5.333333333333333,right_wrist,0.5,0.5,0.0,540.0,960.0,0.5
f1ae9d18-a8ba-4f9a-9931-8905448347fd,160,5.333333333333333,left_hip,0.5,0.5,0.0,540.0,960.0,0.5
f1ae9d18-a8ba-4f9a-9931-8905448347fd,160,5.333333333333333,right_hip,0.5,0.5,0.0,540.0,960.0,0.5
f1ae9d18-a8ba-4f9a-9931-8905448347fd,160,5.333333333333333,left_knee,0.5,0.5,0.0,540.0,960.0,0.5
f1ae9d18-a8ba-4f9a-9931-8905448347fd,160,5.333333333333333,right_knee,0.5,0.5,0.0,540.0,960.0,0.5
f1ae9d18-a8ba-4f9a-9931-8905448347fd,160,5.333333333333333,left_ankle,0.5,0.5,0.0,540.0,960.0,0.5
f1ae9d18-a8ba-4f9a-9931-8905448347fd,160,5.333333333333333,right_ankle,0.5,0.5,0.0,540.0,960.0,0.5
f1ae9d18-a8ba-4f9a-9931-8905448347fd,160,5.333333333333333,left_heel,0.5,0.5,0.0,540.0,960.0,0.5
f1ae9d18-a8ba-4f9a-9931-8905448347fd,160,5.333333333333333,right_heel,0.5,0.5,0.0,540.0,960.0,0.5
f1ae9d18-a8ba-4f9a-9931-8905448347fd,160,5.333333333333333,left_foot_index,0.5,0.5,0.0,540.0,960.0,0.5
f1ae9d18-a8ba-4f9a-9931-8905448347fd,160,5.333333333333333,right_foot_index,0.5,0.5,0.0,540.0,960.0,0.5
f1ae9d18-a8ba-4f9a-9931-8905448347fd,161,5.366666666666666,nose,0.5,0.5,0.0,540.0,960.0,0.5
f1ae9d18-a8ba-4f9a-9931-8905448347fd,161,5.366666666666666,left_shoulder,0.5,0.5,0.0,540.0,960.0,0.5
f1ae9d18-a8ba-4f9a-9931-8905448347fd,161,5.366666666666666,right_shoulder,0.5,0.5,0.0,540.0,960.0,0.5
f1ae9d18-a8ba-4f9a-9931-8905448347fd,161,5.366666666666666,left_elbow,0.5,0.5,0.0,540.0,960.0,0.5
f1ae9d18-a8ba-4f9a-9931-8905448347fd,161,5.366666666666666,right_elbow,0.5,0.5,0.0,540.0,960.0,0.5
f1ae9d18-a8ba-4f9a-9931-8905448347fd,161,5.366666666666666,left_wrist,0.5,0.5,0.0,540.0,960.0,0.5
f1ae9d18-a8ba-4f9a-9931-8905448347fd,161,5.366666666666666,right_wrist,0.5,0.5,0.0,540.0,960.0,0.5
f1ae9d18-a8ba-4f9a-9931-8905448347fd,161,5.366666666666666,left_hip,0.5,0.5,0.0,540.0,960.0,0.5
f1ae9d18-a8ba-4f9a-9931-8905448347fd,161,5.366666666666666,right_hip,0.5,0.5,0.0,540.0,960.0,0.5
f1ae9d18-a8ba-4f9a-9931-8905448347fd,161,5.366666666666666,left_knee,0.5,0.5,0.0,540.0,960.0,0.5
f1ae9d18-a8ba-4f9a-9931-8905448347fd,161,5.366666666666666,right_knee,0.5,0.5,0.0,540.0,960.0,0.5
f1ae9d18-a8ba-4f9a-9931-8905448347fd,161,5.366666666666666,left_ankle,0.5,0.5,0.0,540.0,960.0,0.5
f1ae9d18-a8ba-4f9a-9931-8905448347fd,161,5.366666666666666,right_ankle,0.5,0.5,0.0,540.0,960.0,0.5
f1ae9d18-a8ba-4f9a-9931-8905448347fd,161,5.366666666666666,left_heel,0.5,0.5,0.0,540.0,960.0,0.5
f1ae9d18-a8ba-4f9a-9931-8905448347fd,161,5.366666666666666,right_heel,0.5,0.5,0.0,540.0,960.0,0.5
f1ae9d18-a8ba-4f9a-9931-8905448347fd,161,5.366666666666666,left_foot_index,0.5,0.5,0.0,540.0,960.0,0.5
f1ae9d18-a8ba-4f9a-9931-8905448347fd,161,5.366666666666666,right_foot_index,0.5,0.5,0.0,540.0,960.0,0.5
f1ae9d18-a8ba-4f9a-9931-8905448347fd,162,5.4,nose,0.5,0.5,0.0,540.0,960.0,0.5
f1ae9d18-a8ba-4f9a-9931-8905448347fd,162,5.4,left_shoulder,0.5,0.5,0.0,540.0,960.0,0.5
f1ae9d18-a8ba-4f9a-9931-8905448347fd,162,5.4,right_shoulder,0.5,0.5,0.0,540.0,960.0,0.5
f1ae9d18-a8ba-4f9a-9931-8905448347fd,162,5.4,left_elbow,0.5,0.5,0.0,540.0,960.0,0.5
f1ae9d18-a8ba-4f9a-9931-8905448347fd,162,5.4,right_elbow,0.5,0.5,0.0,540.0,960.0,0.5
f1ae9d18-a8ba-4f9a-9931-8905448347fd,162,5.4,left_wrist,0.5,0.5,0.0,540.0,960.0,0.5
f1ae9d18-a8ba-4f9a-9931-8905448347fd,162,5.4,right_wrist,0.5,0.5,0.0,540.0,960.0,0.5
f1ae9d18-a8ba-4f9a-9931-8905448347fd,162,5.4,left_hip,0.5,0.5,0.0,540.0,960.0,0.5
f1ae9d18-a8ba-4f9a-9931-8905448347fd,162,5.4,right_hip,0.5,0.5,0.0,540.0,960.0,0.5
f1ae9d18-a8ba-4f9a-9931-8905448347fd,162,5.4,left_knee,0.5,0.5,0.0,540.0,960.0,0.5
f1ae9d18-a8ba-4f9a-9931-8905448347fd,162,5.4,right_knee,0.5,0.5,0.0,540.0,960.0,0.5
f1ae9d18-a8ba-4f9a-9931-8905448347fd,162,5.4,left_ankle,0.5,0.5,0.0,540.0,960.0,0.5
f1ae9d18-a8ba-4f9a-9931-8905448347fd,162,5.4,right_ankle,0.5,0.5,0.0,540.0,960.0,0.5
f1ae9d18-a8ba-4f9a-9931-8905448347fd,162,5.4,left_heel,0.5,0.5,0.0,540.0,960.0,0.5
f1ae9d18-a8ba-4f9a-9931-8905448347fd,162,5.4,right_heel,0.5,0.5,0.0,540.0,960.0,0.5
f1ae9d18-a8ba-4f9a-9931-8905448347fd,162,5.4,left_foot_index,0.5,0.5,0.0,540.0,960.0,0.5
f1ae9d18-a8ba-4f9a-9931-8905448347fd,162,5.4,right_foot_index,0.5,0.5,0.0,540.0,960.0,0.5
f1ae9d18-a8ba-4f9a-9931-8905448347fd,163,5.433333333333334,nose,0.5,0.5,0.0,540.0,960.0,0.5
f1ae9d18-a8ba-4f9a-9931-8905448347fd,163,5.433333333333334,left_shoulder,0.5,0.5,0.0,540.0,960.0,0.5
f1ae9d18-a8ba-4f9a-9931-8905448347fd,163,5.433333333333334,right_shoulder,0.5,0.5,0.0,540.0,960.0,0.5
f1ae9d18-a8ba-4f9a-9931-8905448347fd,163,5.433333333333334,left_elbow,0.5,0.5,0.0,540.0,960.0,0.5
f1ae9d18-a8ba-4f9a-9931-8905448347fd,163,5.433333333333334,right_elbow,0.5,0.5,0.0,540.0,960.0,0.5
f1ae9d18-a8ba-4f9a-9931-8905448347fd,163,5.433333333333334,left_wrist,0.5,0.5,0.0,540.0,960.0,0.5
f1ae9d18-a8ba-4f9a-9931-8905448347fd,163,5.433333333333334,right_wrist,0.5,0.5,0.0,540.0,960.0,0.5
f1ae9d18-a8ba-4f9a-9931-8905448347fd,163,5.433333333333334,left_hip,0.5,0.5,0.0,540.0,960.0,0.5
f1ae9d18-a8ba-4f9a-9931-8905448347fd,163,5.433333333333334,right_hip,0.5,0.5,0.0,540.0,960.0,0.5
f1ae9d18-a8ba-4f9a-9931-8905448347fd,163,5.433333333333334,left_knee,0.5,0.5,0.0,540.0,960.0,0.5
f1ae9d18-a8ba-4f9a-9931-8905448347fd,163,5.433333333333334,right_knee,0.5,0.5,0.0,540.0,960.0,0.5
f1ae9d18-a8ba-4f9a-9931-8905448347fd,163,5.433333333333334,left_ankle,0.5,0.5,0.0,540.0,960.0,0.5
f1ae9d18-a8ba-4f9a-9931-8905448347fd,163,5.433333333333334,right_ankle,0.5,0.5,0.0,540.0,960.0,0.5
f1ae9d18-a8ba-4f9a-9931-8905448347fd,163,5.433333333333334,left_heel,0.5,0.5,0.0,540.0,960.0,0.5
f1ae9d18-a8ba-4f9a-9931-8905448347fd,163,5.433333333333334,right_heel,0.5,0.5,0.0,540.0,960.0,0.5
f1ae9d18-a8ba-4f9a-9931-8905448347fd,163,5.433333333333334,left_foot_index,0.5,0.5,0.0,540.0,960.0,0.5
f1ae9d18-a8ba-4f9a-9931-8905448347fd,163,5.433333333333334,right_foot_index,0.5,0.5,0.0,540.0,960.0,0.5
f1ae9d18-a8ba-4f9a-9931-8905448347fd,164,5.466666666666667,nose,0.5,0.5,0.0,540.0,960.0,0.5
f1ae9d18-a8ba-4f9a-9931-8905448347fd,164,5.466666666666667,left_shoulder,0.5,0.5,0.0,540.0,960.0,0.5
f1ae9d18-a8ba-4f9a-9931-8905448347fd,164,5.466666666666667,right_shoulder,0.5,0.5,0.0,540.0,960.0,0.5
f1ae9d18-a8ba-4f9a-9931-8905448347fd,164,5.466666666666667,left_elbow,0.5,0.5,0.0,540.0,960.0,0.5
f1ae9d18-a8ba-4f9a-9931-8905448347fd,164,5.466666666666667,right_elbow,0.5,0.5,0.0,540.0,960.0,0.5
f1ae9d18-a8ba-4f9a-9931-8905448347fd,164,5.466666666666667,left_wrist,0.5,0.5,0.0,540.0,960.0,0.5
f1ae9d18-a8ba-4f9a-9931-8905448347fd,164,5.466666666666667,right_wrist,0.5,0.5,0.0,540.0,960.0,0.5
f1ae9d18-a8ba-4f9a-9931-8905448347fd,164,5.466666666666667,left_hip,0.5,0.5,0.0,540.0,960.0,0.5
f1ae9d18-a8ba-4f9a-9931-8905448347fd,164,5.466666666666667,right_hip,0.5,0.5,0.0,540.0,960.0,0.5
f1ae9d18-a8ba-4f9a-9931-8905448347fd,164,5.466666666666667,left_knee,0.5,0.5,0.0,540.0,960.0,0.5
f1ae9d18-a8ba-4f9a-9931-8905448347fd,164,5.466666666666667,right_knee,0.5,0.5,0.0,540.0,960.0,0.5
f1ae9d18-a8ba-4f9a-9931-8905448347fd,164,5.466666666666667,left_ankle,0.5,0.5,0.0,540.0,960.0,0.5
f1ae9d18-a8ba-4f9a-9931-8905448347fd,164,5.466666666666667,right_ankle,0.5,0.5,0.0,540.0,960.0,0.5
f1ae9d18-a8ba-4f9a-9931-8905448347fd,164,5.466666666666667,left_heel,0.5,0.5,0.0,540.0,960.0,0.5
f1ae9d18-a8ba-4f9a-9931-8905448347fd,164,5.466666666666667,right_heel,0.5,0.5,0.0,540.0,960.0,0.5
f1ae9d18-a8ba-4f9a-9931-8905448347fd,164,5.466666666666667,left_foot_index,0.5,0.5,0.0,540.0,960.0,0.5
f1ae9d18-a8ba-4f9a-9931-8905448347fd,164,5.466666666666667,right_foot_index,0.5,0.5,0.0,540.0,960.0,0.5
f1ae9d18-a8ba-4f9a-9931-8905448347fd,165,5.5,nose,0.5,0.5,0.0,540.0,960.0,0.5
f1ae9d18-a8ba-4f9a-9931-8905448347fd,165,5.5,left_shoulder,0.5,0.5,0.0,540.0,960.0,0.5
f1ae9d18-a8ba-4f9a-9931-8905448347fd,165,5.5,right_shoulder,0.5,0.5,0.0,540.0,960.0,0.5
f1ae9d18-a8ba-4f9a-9931-8905448347fd,165,5.5,left_elbow,0.5,0.5,0.0,540.0,960.0,0.5
f1ae9d18-a8ba-4f9a-9931-8905448347fd,165,5.5,right_elbow,0.5,0.5,0.0,540.0,960.0,0.5
f1ae9d18-a8ba-4f9a-9931-8905448347fd,165,5.5,left_wrist,0.5,0.5,0.0,540.0,960.0,0.5
f1ae9d18-a8ba-4f9a-9931-8905448347fd,165,5.5,right_wrist,0.5,0.5,0.0,540.0,960.0,0.5
f1ae9d18-a8ba-4f9a-9931-8905448347fd,165,5.5,left_hip,0.5,0.5,0.0,540.0,960.0,0.5
f1ae9d18-a8ba-4f9a-9931-8905448347fd,165,5.5,right_hip,0.5,0.5,0.0,540.0,960.0,0.5
f1ae9d18-a8ba-4f9a-9931-8905448347fd,165,5.5,left_knee,0.5,0.5,0.0,540.0,960.0,0.5
f1ae9d18-a8ba-4f9a-9931-8905448347fd,165,5.5,right_knee,0.5,0.5,0.0,540.0,960.0,0.5
f1ae9d18-a8ba-4f9a-9931-8905448347fd,165,5.5,left_ankle,0.5,0.5,0.0,540.0,960.0,0.5
f1ae9d18-a8ba-4f9a-9931-8905448347fd,165,5.5,right_ankle,0.5,0.5,0.0,540.0,960.0,0.5
f1ae9d18-a8ba-4f9a-9931-8905448347fd,165,5.5,left_heel,0.5,0.5,0.0,540.0,960.0,0.5
f1ae9d18-a8ba-4f9a-9931-8905448347fd,165,5.5,right_heel,0.5,0.5,0.0,540.0,960.0,0.5
f1ae9d18-a8ba-4f9a-9931-8905448347fd,165,5.5,left_foot_index,0.5,0.5,0.0,540.0,960.0,0.5
f1ae9d18-a8ba-4f9a-9931-8905448347fd,165,5.5,right_foot_index,0.5,0.5,0.0,540.0,960.0,0.5
f1ae9d18-a8ba-4f9a-9931-8905448347fd,166,5.533333333333333,nose,0.5,0.5,0.0,540.0,960.0,0.5
f1ae9d18-a8ba-4f9a-9931-8905448347fd,166,5.533333333333333,left_shoulder,0.5,0.5,0.0,540.0,960.0,0.5
f1ae9d18-a8ba-4f9a-9931-8905448347fd,166,5.533333333333333,right_shoulder,0.5,0.5,0.0,540.0,960.0,0.5
f1ae9d18-a8ba-4f9a-9931-8905448347fd,166,5.533333333333333,left_elbow,0.5,0.5,0.0,540.0,960.0,0.5
f1ae9d18-a8ba-4f9a-9931-8905448347fd,166,5.533333333333333,right_elbow,0.5,0.5,0.0,540.0,960.0,0.5
f1ae9d18-a8ba-4f9a-9931-8905448347fd,166,5.533333333333333,left_wrist,0.5,0.5,0.0,540.0,960.0,0.5
f1ae9d18-a8ba-4f9a-9931-8905448347fd,166,5.533333333333333,right_wrist,0.5,0.5,0.0,540.0,960.0,0.5
f1ae9d18-a8ba-4f9a-9931-8905448347fd,166,5.533333333333333,left_hip,0.5,0.5,0.0,540.0,960.0,0.5
f1ae9d18-a8ba-4f9a-9931-8905448347fd,166,5.533333333333333,right_hip,0.5,0.5,0.0,540.0,960.0,0.5
f1ae9d18-a8ba-4f9a-9931-8905448347fd,166,5.533333333333333,left_knee,0.5,0.5,0.0,540.0,960.0,0.5
f1ae9d18-a8ba-4f9a-9931-8905448347fd,166,5.533333333333333,right_knee,0.5,0.5,0.0,540.0,960.0,0.5
f1ae9d18-a8ba-4f9a-9931-8905448347fd,166,5.533333333333333,left_ankle,0.5,0.5,0.0,540.0,960.0,0.5
f1ae9d18-a8ba-4f9a-9931-8905448347fd,166,5.533333333333333,right_ankle,0.5,0.5,0.0,540.0,960.0,0.5
f1ae9d18-a8ba-4f9a-9931-8905448347fd,166,5.533333333333333,left_heel,0.5,0.5,0.0,540.0,960.0,0.5
f1ae9d18-a8ba-4f9a-9931-8905448347fd,166,5.533333333333333,right_heel,0.5,0.5,0.0,540.0,960.0,0.5
f1ae9d18-a8ba-4f9a-9931-8905448347fd,166,5.533333333333333,left_foot_index,0.5,0.5,0.0,540.0,960.0,0.5
f1ae9d18-a8ba-4f9a-9931-8905448347fd,166,5.533333333333333,right_foot_index,0.5,0.5,0.0,540.0,960.0,0.5
f1ae9d18-a8ba-4f9a-9931-8905448347fd,167,5.566666666666666,nose,0.5,0.5,0.0,540.0,960.0,0.5
f1ae9d18-a8ba-4f9a-9931-8905448347fd,167,5.566666666666666,left_shoulder,0.5,0.5,0.0,540.0,960.0,0.5
f1ae9d18-a8ba-4f9a-9931-8905448347fd,167,5.566666666666666,right_shoulder,0.5,0.5,0.0,540.0,960.0,0.5
f1ae9d18-a8ba-4f9a-9931-8905448347fd,167,5.566666666666666,left_elbow,0.5,0.5,0.0,540.0,960.0,0.5
f1ae9d18-a8ba-4f9a-9931-8905448347fd,167,5.566666666666666,right_elbow,0.5,0.5,0.0,540.0,960.0,0.5
f1ae9d18-a8ba-4f9a-9931-8905448347fd,167,5.566666666666666,left_wrist,0.5,0.5,0.0,540.0,960.0,0.5
f1ae9d18-a8ba-4f9a-9931-8905448347fd,167,5.566666666666666,right_wrist,0.5,0.5,0.0,540.0,960.0,0.5
f1ae9d18-a8ba-4f9a-9931-8905448347fd,167,5.566666666666666,left_hip,0.5,0.5,0.0,540.0,960.0,0.5
f1ae9d18-a8ba-4f9a-9931-8905448347fd,167,5.566666666666666,right_hip,0.5,0.5,0.0,540.0,960.0,0.5
f1ae9d18-a8ba-4f9a-9931-8905448347fd,167,5.566666666666666,left_knee,0.5,0.5,0.0,540.0,960.0,0.5
f1ae9d18-a8ba-4f9a-9931-8905448347fd,167,5.566666666666666,right_knee,0.5,0.5,0.0,540.0,960.0,0.5
f1ae9d18-a8ba-4f9a-9931-8905448347fd,167,5.566666666666666,left_ankle,0.5,0.5,0.0,540.0,960.0,0.5
f1ae9d18-a8ba-4f9a-9931-8905448347fd,167,5.566666666666666,right_ankle,0.5,0.5,0.0,540.0,960.0,0.5
f1ae9d18-a8ba-4f9a-9931-8905448347fd,167,5.566666666666666,left_heel,0.5,0.5,0.0,540.0,960.0,0.5
f1ae9d18-a8ba-4f9a-9931-8905448347fd,167,5.566666666666666,right_heel,0.5,0.5,0.0,540.0,960.0,0.5
f1ae9d18-a8ba-4f9a-9931-8905448347fd,167,5.566666666666666,left_foot_index,0.5,0.5,0.0,540.0,960.0,0.5
f1ae9d18-a8ba-4f9a-9931-8905448347fd,167,5.566666666666666,right_foot_index,0.5,0.5,0.0,540.0,960.0,0.5
f1ae9d18-a8ba-4f9a-9931-8905448347fd,168,5.6,nose,0.5,0.5,0.0,540.0,960.0,0.5
f1ae9d18-a8ba-4f9a-9931-8905448347fd,168,5.6,left_shoulder,0.5,0.5,0.0,540.0,960.0,0.5
f1ae9d18-a8ba-4f9a-9931-8905448347fd,168,5.6,right_shoulder,0.5,0.5,0.0,540.0,960.0,0.5
f1ae9d18-a8ba-4f9a-9931-8905448347fd,168,5.6,left_elbow,0.5,0.5,0.0,540.0,960.0,0.5
f1ae9d18-a8ba-4f9a-9931-8905448347fd,168,5.6,right_elbow,0.5,0.5,0.0,540.0,960.0,0.5
f1ae9d18-a8ba-4f9a-9931-8905448347fd,168,5.6,left_wrist,0.5,0.5,0.0,540.0,960.0,0.5
f1ae9d18-a8ba-4f9a-9931-8905448347fd,168,5.6,right_wrist,0.5,0.5,0.0,540.0,960.0,0.5
f1ae9d18-a8ba-4f9a-9931-8905448347fd,168,5.6,left_hip,0.5,0.5,0.0,540.0,960.0,0.5
f1ae9d18-a8ba-4f9a-9931-8905448347fd,168,5.6,right_hip,0.5,0.5,0.0,540.0,960.0,0.5
f1ae9d18-a8ba-4f9a-9931-8905448347fd,168,5.6,left_knee,0.5,0.5,0.0,540.0,960.0,0.5
f1ae9d18-a8ba-4f9a-9931-8905448347fd,168,5.6,right_knee,0.5,0.5,0.0,540.0,960.0,0.5
f1ae9d18-a8ba-4f9a-9931-8905448347fd,168,5.6,left_ankle,0.5,0.5,0.0,540.0,960.0,0.5
f1ae9d18-a8ba-4f9a-9931-8905448347fd,168,5.6,right_ankle,0.5,0.5,0.0,540.0,960.0,0.5
f1ae9d18-a8ba-4f9a-9931-8905448347fd,168,5.6,left_heel,0.5,0.5,0.0,540.0,960.0,0.5
f1ae9d18-a8ba-4f9a-9931-8905448347fd,168,5.6,right_heel,0.5,0.5,0.0,540.0,960.0,0.5
f1ae9d18-a8ba-4f9a-9931-8905448347fd,168,5.6,left_foot_index,0.5,0.5,0.0,540.0,960.0,0.5
f1ae9d18-a8ba-4f9a-9931-8905448347fd,168,5.6,right_foot_index,0.5,0.5,0.0,540.0,960.0,0.5
f1ae9d18-a8ba-4f9a-9931-8905448347fd,169,5.633333333333334,nose,0.5,0.5,0.0,540.0,960.0,0.5
f1ae9d18-a8ba-4f9a-9931-8905448347fd,169,5.633333333333334,left_shoulder,0.5,0.5,0.0,540.0,960.0,0.5
f1ae9d18-a8ba-4f9a-9931-8905448347fd,169,5.633333333333334,right_shoulder,0.5,0.5,0.0,540.0,960.0,0.5
f1ae9d18-a8ba-4f9a-9931-8905448347fd,169,5.633333333333334,left_elbow,0.5,0.5,0.0,540.0,960.0,0.5
f1ae9d18-a8ba-4f9a-9931-8905448347fd,169,5.633333333333334,right_elbow,0.5,0.5,0.0,540.0,960.0,0.5
f1ae9d18-a8ba-4f9a-9931-8905448347fd,169,5.633333333333334,left_wrist,0.5,0.5,0.0,540.0,960.0,0.5
f1ae9d18-a8ba-4f9a-9931-8905448347fd,169,5.633333333333334,right_wrist,0.5,0.5,0.0,540.0,960.0,0.5
f1ae9d18-a8ba-4f9a-9931-8905448347fd,169,5.633333333333334,left_hip,0.5,0.5,0.0,540.0,960.0,0.5
f1ae9d18-a8ba-4f9a-9931-8905448347fd,169,5.633333333333334,right_hip,0.5,0.5,0.0,540.0,960.0,0.5
f1ae9d18-a8ba-4f9a-9931-8905448347fd,169,5.633333333333334,left_knee,0.5,0.5,0.0,540.0,960.0,0.5
f1ae9d18-a8ba-4f9a-9931-8905448347fd,169,5.633333333333334,right_knee,0.5,0.5,0.0,540.0,960.0,0.5
f1ae9d18-a8ba-4f9a-9931-8905448347fd,169,5.633333333333334,left_ankle,0.5,0.5,0.0,540.0,960.0,0.5
f1ae9d18-a8ba-4f9a-9931-8905448347fd,169,5.633333333333334,right_ankle,0.5,0.5,0.0,540.0,960.0,0.5
f1ae9d18-a8ba-4f9a-9931-8905448347fd,169,5.633333333333334,left_heel,0.5,0.5,0.0,540.0,960.0,0.5
f1ae9d18-a8ba-4f9a-9931-8905448347fd,169,5.633333333333334,right_heel,0.5,0.5,0.0,540.0,960.0,0.5
f1ae9d18-a8ba-4f9a-9931-8905448347fd,169,5.633333333333334,left_foot_index,0.5,0.5,0.0,540.0,960.0,0.5
f1ae9d18-a8ba-4f9a-9931-8905448347fd,169,5.633333333333334,right_foot_index,0.5,0.5,0.0,540.0,960.0,0.5
f1ae9d18-a8ba-4f9a-9931-8905448347fd,170,5.666666666666667,nose,0.5,0.5,0.0,540.0,960.0,0.5
f1ae9d18-a8ba-4f9a-9931-8905448347fd,170,5.666666666666667,left_shoulder,0.5,0.5,0.0,540.0,960.0,0.5
f1ae9d18-a8ba-4f9a-9931-8905448347fd,170,5.666666666666667,right_shoulder,0.5,0.5,0.0,540.0,960.0,0.5
f1ae9d18-a8ba-4f9a-9931-8905448347fd,170,5.666666666666667,left_elbow,0.5,0.5,0.0,540.0,960.0,0.5
f1ae9d18-a8ba-4f9a-9931-8905448347fd,170,5.666666666666667,right_elbow,0.5,0.5,0.0,540.0,960.0,0.5
f1ae9d18-a8ba-4f9a-9931-8905448347fd,170,5.666666666666667,left_wrist,0.5,0.5,0.0,540.0,960.0,0.5
f1ae9d18-a8ba-4f9a-9931-8905448347fd,170,5.666666666666667,right_wrist,0.5,0.5,0.0,540.0,960.0,0.5
f1ae9d18-a8ba-4f9a-9931-8905448347fd,170,5.666666666666667,left_hip,0.5,0.5,0.0,540.0,960.0,0.5
f1ae9d18-a8ba-4f9a-9931-8905448347fd,170,5.666666666666667,right_hip,0.5,0.5,0.0,540.0,960.0,0.5
f1ae9d18-a8ba-4f9a-9931-8905448347fd,170,5.666666666666667,left_knee,0.5,0.5,0.0,540.0,960.0,0.5
f1ae9d18-a8ba-4f9a-9931-8905448347fd,170,5.666666666666667,right_knee,0.5,0.5,0.0,540.0,960.0,0.5
f1ae9d18-a8ba-4f9a-9931-8905448347fd,170,5.666666666666667,left_ankle,0.5,0.5,0.0,540.0,960.0,0.5
f1ae9d18-a8ba-4f9a-9931-8905448347fd,170,5.666666666666667,right_ankle,0.5,0.5,0.0,540.0,960.0,0.5
f1ae9d18-a8ba-4f9a-9931-8905448347fd,170,5.666666666666667,left_heel,0.5,0.5,0.0,540.0,960.0,0.5
f1ae9d18-a8ba-4f9a-9931-8905448347fd,170,5.666666666666667,right_heel,0.5,0.5,0.0,540.0,960.0,0.5
f1ae9d18-a8ba-4f9a-9931-8905448347fd,170,5.666666666666667,left_foot_index,0.5,0.5,0.0,540.0,960.0,0.5
f1ae9d18-a8ba-4f9a-9931-8905448347fd,170,5.666666666666667,right_foot_index,0.5,0.5,0.0,540.0,960.0,0.5
f1ae9d18-a8ba-4f9a-9931-8905448347fd,171,5.7,nose,0.5,0.5,0.0,540.0,960.0,0.5
f1ae9d18-a8ba-4f9a-9931-8905448347fd,171,5.7,left_shoulder,0.5,0.5,0.0,540.0,960.0,0.5
f1ae9d18-a8ba-4f9a-9931-8905448347fd,171,5.7,right_shoulder,0.5,0.5,0.0,540.0,960.0,0.5
f1ae9d18-a8ba-4f9a-9931-8905448347fd,171,5.7,left_elbow,0.5,0.5,0.0,540.0,960.0,0.5
f1ae9d18-a8ba-4f9a-9931-8905448347fd,171,5.7,right_elbow,0.5,0.5,0.0,540.0,960.0,0.5
f1ae9d18-a8ba-4f9a-9931-8905448347fd,171,5.7,left_wrist,0.5,0.5,0.0,540.0,960.0,0.5
f1ae9d18-a8ba-4f9a-9931-8905448347fd,171,5.7,right_wrist,0.5,0.5,0.0,540.0,960.0,0.5
f1ae9d18-a8ba-4f9a-9931-8905448347fd,171,5.7,left_hip,0.5,0.5,0.0,540.0,960.0,0.5
f1ae9d18-a8ba-4f9a-9931-8905448347fd,171,5.7,right_hip,0.5,0.5,0.0,540.0,960.0,0.5
f1ae9d18-a8ba-4f9a-9931-8905448347fd,171,5.7,left_knee,0.5,0.5,0.0,540.0,960.0,0.5
f1ae9d18-a8ba-4f9a-9931-8905448347fd,171,5.7,right_knee,0.5,0.5,0.0,540.0,960.0,0.5
f1ae9d18-a8ba-4f9a-9931-8905448347fd,171,5.7,left_ankle,0.5,0.5,0.0,540.0,960.0,0.5
f1ae9d18-a8ba-4f9a-9931-8905448347fd,171,5.7,right_ankle,0.5,0.5,0.0,540.0,960.0,0.5
f1ae9d18-a8ba-4f9a-9931-8905448347fd,171,5.7,left_heel,0.5,0.5,0.0,540.0,960.0,0.5
f1ae9d18-a8ba-4f9a-9931-8905448347fd,171,5.7,right_heel,0.5,0.5,0.0,540.0,960.0,0.5
f1ae9d18-a8ba-4f9a-9931-8905448347fd,171,5.7,left_foot_index,0.5,0.5,0.0,540.0,960.0,0.5
f1ae9d18-a8ba-4f9a-9931-8905448347fd,171,5.7,right_foot_index,0.5,0.5,0.0,540.0,960.0,0.5
f1ae9d18-a8ba-4f9a-9931-8905448347fd,172,5.733333333333333,nose,0.5,0.5,0.0,540.0,960.0,0.5
f1ae9d18-a8ba-4f9a-9931-8905448347fd,172,5.733333333333333,left_shoulder,0.5,0.5,0.0,540.0,960.0,0.5
f1ae9d18-a8ba-4f9a-9931-8905448347fd,172,5.733333333333333,right_shoulder,0.5,0.5,0.0,540.0,960.0,0.5
f1ae9d18-a8ba-4f9a-9931-8905448347fd,172,5.733333333333333,left_elbow,0.5,0.5,0.0,540.0,960.0,0.5
f1ae9d18-a8ba-4f9a-9931-8905448347fd,172,5.733333333333333,right_elbow,0.5,0.5,0.0,540.0,960.0,0.5
f1ae9d18-a8ba-4f9a-9931-8905448347fd,172,5.733333333333333,left_wrist,0.5,0.5,0.0,540.0,960.0,0.5
f1ae9d18-a8ba-4f9a-9931-8905448347fd,172,5.733333333333333,right_wrist,0.5,0.5,0.0,540.0,960.0,0.5
f1ae9d18-a8ba-4f9a-9931-8905448347fd,172,5.733333333333333,left_hip,0.5,0.5,0.0,540.0,960.0,0.5
f1ae9d18-a8ba-4f9a-9931-8905448347fd,172,5.733333333333333,right_hip,0.5,0.5,0.0,540.0,960.0,0.5
f1ae9d18-a8ba-4f9a-9931-8905448347fd,172,5.733333333333333,left_knee,0.5,0.5,0.0,540.0,960.0,0.5
f1ae9d18-a8ba-4f9a-9931-8905448347fd,172,5.733333333333333,right_knee,0.5,0.5,0.0,540.0,960.0,0.5
f1ae9d18-a8ba-4f9a-9931-8905448347fd,172,5.733333333333333,left_ankle,0.5,0.5,0.0,540.0,960.0,0.5
f1ae9d18-a8ba-4f9a-9931-8905448347fd,172,5.733333333333333,right_ankle,0.5,0.5,0.0,540.0,960.0,0.5
f1ae9d18-a8ba-4f9a-9931-8905448347fd,172,5.733333333333333,left_heel,0.5,0.5,0.0,540.0,960.0,0.5
f1ae9d18-a8ba-4f9a-9931-8905448347fd,172,5.733333333333333,right_heel,0.5,0.5,0.0,540.0,960.0,0.5
f1ae9d18-a8ba-4f9a-9931-8905448347fd,172,5.733333333333333,left_foot_index,0.5,0.5,0.0,540.0,960.0,0.5
f1ae9d18-a8ba-4f9a-9931-8905448347fd,172,5.733333333333333,right_foot_index,0.5,0.5,0.0,540.0,960.0,0.5
f1ae9d18-a8ba-4f9a-9931-8905448347fd,173,5.766666666666667,nose,0.5,0.5,0.0,540.0,960.0,0.5
f1ae9d18-a8ba-4f9a-9931-8905448347fd,173,5.766666666666667,left_shoulder,0.5,0.5,0.0,540.0,960.0,0.5
f1ae9d18-a8ba-4f9a-9931-8905448347fd,173,5.766666666666667,right_shoulder,0.5,0.5,0.0,540.0,960.0,0.5
f1ae9d18-a8ba-4f9a-9931-8905448347fd,173,5.766666666666667,left_elbow,0.5,0.5,0.0,540.0,960.0,0.5
f1ae9d18-a8ba-4f9a-9931-8905448347fd,173,5.766666666666667,right_elbow,0.5,0.5,0.0,540.0,960.0,0.5
f1ae9d18-a8ba-4f9a-9931-8905448347fd,173,5.766666666666667,left_wrist,0.5,0.5,0.0,540.0,960.0,0.5
f1ae9d18-a8ba-4f9a-9931-8905448347fd,173,5.766666666666667,right_wrist,0.5,0.5,0.0,540.0,960.0,0.5
f1ae9d18-a8ba-4f9a-9931-8905448347fd,173,5.766666666666667,left_hip,0.5,0.5,0.0,540.0,960.0,0.5
f1ae9d18-a8ba-4f9a-9931-8905448347fd,173,5.766666666666667,right_hip,0.5,0.5,0.0,540.0,960.0,0.5
f1ae9d18-a8ba-4f9a-9931-8905448347fd,173,5.766666666666667,left_knee,0.5,0.5,0.0,540.0,960.0,0.5
f1ae9d18-a8ba-4f9a-9931-8905448347fd,173,5.766666666666667,right_knee,0.5,0.5,0.0,540.0,960.0,0.5
f1ae9d18-a8ba-4f9a-9931-8905448347fd,173,5.766666666666667,left_ankle,0.5,0.5,0.0,540.0,960.0,0.5
f1ae9d18-a8ba-4f9a-9931-8905448347fd,173,5.766666666666667,right_ankle,0.5,0.5,0.0,540.0,960.0,0.5
f1ae9d18-a8ba-4f9a-9931-8905448347fd,173,5.766666666666667,left_heel,0.5,0.5,0.0,540.0,960.0,0.5
f1ae9d18-a8ba-4f9a-9931-8905448347fd,173,5.766666666666667,right_heel,0.5,0.5,0.0,540.0,960.0,0.5
f1ae9d18-a8ba-4f9a-9931-8905448347fd,173,5.766666666666667,left_foot_index,0.5,0.5,0.0,540.0,960.0,0.5
f1ae9d18-a8ba-4f9a-9931-8905448347fd,173,5.766666666666667,right_foot_index,0.5,0.5,0.0,540.0,960.0,0.5
f1ae9d18-a8ba-4f9a-9931-8905448347fd,174,5.8,nose,0.5,0.5,0.0,540.0,960.0,0.5
f1ae9d18-a8ba-4f9a-9931-8905448347fd,174,5.8,left_shoulder,0.5,0.5,0.0,540.0,960.0,0.5
f1ae9d18-a8ba-4f9a-9931-8905448347fd,174,5.8,right_shoulder,0.5,0.5,0.0,540.0,960.0,0.5
f1ae9d18-a8ba-4f9a-9931-8905448347fd,174,5.8,left_elbow,0.5,0.5,0.0,540.0,960.0,0.5
f1ae9d18-a8ba-4f9a-9931-8905448347fd,174,5.8,right_elbow,0.5,0.5,0.0,540.0,960.0,0.5
f1ae9d18-a8ba-4f9a-9931-8905448347fd,174,5.8,left_wrist,0.5,0.5,0.0,540.0,960.0,0.5
f1ae9d18-a8ba-4f9a-9931-8905448347fd,174,5.8,right_wrist,0.5,0.5,0.0,540.0,960.0,0.5
f1ae9d18-a8ba-4f9a-9931-8905448347fd,174,5.8,left_hip,0.5,0.5,0.0,540.0,960.0,0.5
f1ae9d18-a8ba-4f9a-9931-8905448347fd,174,5.8,right_hip,0.5,0.5,0.0,540.0,960.0,0.5
f1ae9d18-a8ba-4f9a-9931-8905448347fd,174,5.8,left_knee,0.5,0.5,0.0,540.0,960.0,0.5
f1ae9d18-a8ba-4f9a-9931-8905448347fd,174,5.8,right_knee,0.5,0.5,0.0,540.0,960.0,0.5
f1ae9d18-a8ba-4f9a-9931-8905448347fd,174,5.8,left_ankle,0.5,0.5,0.0,540.0,960.0,0.5
f1ae9d18-a8ba-4f9a-9931-8905448347fd,174,5.8,right_ankle,0.5,0.5,0.0,540.0,960.0,0.5
f1ae9d18-a8ba-4f9a-9931-8905448347fd,174,5.8,left_heel,0.5,0.5,0.0,540.0,960.0,0.5
f1ae9d18-a8ba-4f9a-9931-8905448347fd,174,5.8,right_heel,0.5,0.5,0.0,540.0,960.0,0.5
f1ae9d18-a8ba-4f9a-9931-8905448347fd,174,5.8,left_foot_index,0.5,0.5,0.0,540.0,960.0,0.5
f1ae9d18-a8ba-4f9a-9931-8905448347fd,174,5.8,right_foot_index,0.5,0.5,0.0,540.0,960.0,0.5
f1ae9d18-a8ba-4f9a-9931-8905448347fd,175,5.833333333333333,nose,0.5,0.5,0.0,540.0,960.0,0.5
f1ae9d18-a8ba-4f9a-9931-8905448347fd,175,5.833333333333333,left_shoulder,0.5,0.5,0.0,540.0,960.0,0.5
f1ae9d18-a8ba-4f9a-9931-8905448347fd,175,5.833333333333333,right_shoulder,0.5,0.5,0.0,540.0,960.0,0.5
f1ae9d18-a8ba-4f9a-9931-8905448347fd,175,5.833333333333333,left_elbow,0.5,0.5,0.0,540.0,960.0,0.5
f1ae9d18-a8ba-4f9a-9931-8905448347fd,175,5.833333333333333,right_elbow,0.5,0.5,0.0,540.0,960.0,0.5
f1ae9d18-a8ba-4f9a-9931-8905448347fd,175,5.833333333333333,left_wrist,0.5,0.5,0.0,540.0,960.0,0.5
f1ae9d18-a8ba-4f9a-9931-8905448347fd,175,5.833333333333333,right_wrist,0.5,0.5,0.0,540.0,960.0,0.5
f1ae9d18-a8ba-4f9a-9931-8905448347fd,175,5.833333333333333,left_hip,0.5,0.5,0.0,540.0,960.0,0.5
f1ae9d18-a8ba-4f9a-9931-8905448347fd,175,5.833333333333333,right_hip,0.5,0.5,0.0,540.0,960.0,0.5
f1ae9d18-a8ba-4f9a-9931-8905448347fd,175,5.833333333333333,left_knee,0.5,0.5,0.0,540.0,960.0,0.5
f1ae9d18-a8ba-4f9a-9931-8905448347fd,175,5.833333333333333,right_knee,0.5,0.5,0.0,540.0,960.0,0.5
f1ae9d18-a8ba-4f9a-9931-8905448347fd,175,5.833333333333333,left_ankle,0.5,0.5,0.0,540.0,960.0,0.5
f1ae9d18-a8ba-4f9a-9931-8905448347fd,175,5.833333333333333,right_ankle,0.5,0.5,0.0,540.0,960.0,0.5
f1ae9d18-a8ba-4f9a-9931-8905448347fd,175,5.833333333333333,left_heel,0.5,0.5,0.0,540.0,960.0,0.5
f1ae9d18-a8ba-4f9a-9931-8905448347fd,175,5.833333333333333,right_heel,0.5,0.5,0.0,540.0,960.0,0.5
f1ae9d18-a8ba-4f9a-9931-8905448347fd,175,5.833333333333333,left_foot_index,0.5,0.5,0.0,540.0,960.0,0.5
f1ae9d18-a8ba-4f9a-9931-8905448347fd,175,5.833333333333333,right_foot_index,0.5,0.5,0.0,540.0,960.0,0.5
f1ae9d18-a8ba-4f9a-9931-8905448347fd,176,5.866666666666666,nose,0.5,0.5,0.0,540.0,960.0,0.5
f1ae9d18-a8ba-4f9a-9931-8905448347fd,176,5.866666666666666,left_shoulder,0.5,0.5,0.0,540.0,960.0,0.5
f1ae9d18-a8ba-4f9a-9931-8905448347fd,176,5.866666666666666,right_shoulder,0.5,0.5,0.0,540.0,960.0,0.5
f1ae9d18-a8ba-4f9a-9931-8905448347fd,176,5.866666666666666,left_elbow,0.5,0.5,0.0,540.0,960.0,0.5
f1ae9d18-a8ba-4f9a-9931-8905448347fd,176,5.866666666666666,right_elbow,0.5,0.5,0.0,540.0,960.0,0.5
f1ae9d18-a8ba-4f9a-9931-8905448347fd,176,5.866666666666666,left_wrist,0.5,0.5,0.0,540.0,960.0,0.5
f1ae9d18-a8ba-4f9a-9931-8905448347fd,176,5.866666666666666,right_wrist,0.5,0.5,0.0,540.0,960.0,0.5
f1ae9d18-a8ba-4f9a-9931-8905448347fd,176,5.866666666666666,left_hip,0.5,0.5,0.0,540.0,960.0,0.5
f1ae9d18-a8ba-4f9a-9931-8905448347fd,176,5.866666666666666,right_hip,0.5,0.5,0.0,540.0,960.0,0.5
f1ae9d18-a8ba-4f9a-9931-8905448347fd,176,5.866666666666666,left_knee,0.5,0.5,0.0,540.0,960.0,0.5
f1ae9d18-a8ba-4f9a-9931-8905448347fd,176,5.866666666666666,right_knee,0.5,0.5,0.0,540.0,960.0,0.5
f1ae9d18-a8ba-4f9a-9931-8905448347fd,176,5.866666666666666,left_ankle,0.5,0.5,0.0,540.0,960.0,0.5
f1ae9d18-a8ba-4f9a-9931-8905448347fd,176,5.866666666666666,right_ankle,0.5,0.5,0.0,540.0,960.0,0.5
f1ae9d18-a8ba-4f9a-9931-8905448347fd,176,5.866666666666666,left_heel,0.5,0.5,0.0,540.0,960.0,0.5
f1ae9d18-a8ba-4f9a-9931-8905448347fd,176,5.866666666666666,right_heel,0.5,0.5,0.0,540.0,960.0,0.5
f1ae9d18-a8ba-4f9a-9931-8905448347fd,176,5.866666666666666,left_foot_index,0.5,0.5,0.0,540.0,960.0,0.5
f1ae9d18-a8ba-4f9a-9931-8905448347fd,176,5.866666666666666,right_foot_index,0.5,0.5,0.0,540.0,960.0,0.5
f1ae9d18-a8ba-4f9a-9931-8905448347fd,177,5.9,nose,0.5,0.5,0.0,540.0,960.0,0.5
f1ae9d18-a8ba-4f9a-9931-8905448347fd,177,5.9,left_shoulder,0.5,0.5,0.0,540.0,960.0,0.5
f1ae9d18-a8ba-4f9a-9931-8905448347fd,177,5.9,right_shoulder,0.5,0.5,0.0,540.0,960.0,0.5
f1ae9d18-a8ba-4f9a-9931-8905448347fd,177,5.9,left_elbow,0.5,0.5,0.0,540.0,960.0,0.5
f1ae9d18-a8ba-4f9a-9931-8905448347fd,177,5.9,right_elbow,0.5,0.5,0.0,540.0,960.0,0.5
f1ae9d18-a8ba-4f9a-9931-8905448347fd,177,5.9,left_wrist,0.5,0.5,0.0,540.0,960.0,0.5
f1ae9d18-a8ba-4f9a-9931-8905448347fd,177,5.9,right_wrist,0.5,0.5,0.0,540.0,960.0,0.5
f1ae9d18-a8ba-4f9a-9931-8905448347fd,177,5.9,left_hip,0.5,0.5,0.0,540.0,960.0,0.5
f1ae9d18-a8ba-4f9a-9931-8905448347fd,177,5.9,right_hip,0.5,0.5,0.0,540.0,960.0,0.5
f1ae9d18-a8ba-4f9a-9931-8905448347fd,177,5.9,left_knee,0.5,0.5,0.0,540.0,960.0,0.5
f1ae9d18-a8ba-4f9a-9931-8905448347fd,177,5.9,right_knee,0.5,0.5,0.0,540.0,960.0,0.5
f1ae9d18-a8ba-4f9a-9931-8905448347fd,177,5.9,left_ankle,0.5,0.5,0.0,540.0,960.0,0.5
f1ae9d18-a8ba-4f9a-9931-8905448347fd,177,5.9,right_ankle,0.5,0.5,0.0,540.0,960.0,0.5
f1ae9d18-a8ba-4f9a-9931-8905448347fd,177,5.9,left_heel,0.5,0.5,0.0,540.0,960.0,0.5
f1ae9d18-a8ba-4f9a-9931-8905448347fd,177,5.9,right_heel,0.5,0.5,0.0,540.0,960.0,0.5
f1ae9d18-a8ba-4f9a-9931-8905448347fd,177,5.9,left_foot_index,0.5,0.5,0.0,540.0,960.0,0.5
f1ae9d18-a8ba-4f9a-9931-8905448347fd,177,5.9,right_foot_index,0.5,0.5,0.0,540.0,960.0,0.5
f1ae9d18-a8ba-4f9a-9931-8905448347fd,178,5.933333333333334,nose,0.5,0.5,0.0,540.0,960.0,0.5
f1ae9d18-a8ba-4f9a-9931-8905448347fd,178,5.933333333333334,left_shoulder,0.5,0.5,0.0,540.0,960.0,0.5
f1ae9d18-a8ba-4f9a-9931-8905448347fd,178,5.933333333333334,right_shoulder,0.5,0.5,0.0,540.0,960.0,0.5
f1ae9d18-a8ba-4f9a-9931-8905448347fd,178,5.933333333333334,left_elbow,0.5,0.5,0.0,540.0,960.0,0.5
f1ae9d18-a8ba-4f9a-9931-8905448347fd,178,5.933333333333334,right_elbow,0.5,0.5,0.0,540.0,960.0,0.5
f1ae9d18-a8ba-4f9a-9931-8905448347fd,178,5.933333333333334,left_wrist,0.5,0.5,0.0,540.0,960.0,0.5
f1ae9d18-a8ba-4f9a-9931-8905448347fd,178,5.933333333333334,right_wrist,0.5,0.5,0.0,540.0,960.0,0.5
f1ae9d18-a8ba-4f9a-9931-8905448347fd,178,5.933333333333334,left_hip,0.5,0.5,0.0,540.0,960.0,0.5
f1ae9d18-a8ba-4f9a-9931-8905448347fd,178,5.933333333333334,right_hip,0.5,0.5,0.0,540.0,960.0,0.5
f1ae9d18-a8ba-4f9a-9931-8905448347fd,178,5.933333333333334,left_knee,0.5,0.5,0.0,540.0,960.0,0.5
f1ae9d18-a8ba-4f9a-9931-8905448347fd,178,5.933333333333334,right_knee,0.5,0.5,0.0,540.0,960.0,0.5
f1ae9d18-a8ba-4f9a-9931-8905448347fd,178,5.933333333333334,left_ankle,0.5,0.5,0.0,540.0,960.0,0.5
f1ae9d18-a8ba-4f9a-9931-8905448347fd,178,5.933333333333334,right_ankle,0.5,0.5,0.0,540.0,960.0,0.5
f1ae9d18-a8ba-4f9a-9931-8905448347fd,178,5.933333333333334,left_heel,0.5,0.5,0.0,540.0,960.0,0.5
f1ae9d18-a8ba-4f9a-9931-8905448347fd,178,5.933333333333334,right_heel,0.5,0.5,0.0,540.0,960.0,0.5
f1ae9d18-a8ba-4f9a-9931-8905448347fd,178,5.933333333333334,left_foot_index,0.5,0.5,0.0,540.0,960.0,0.5
f1ae9d18-a8ba-4f9a-9931-8905448347fd,178,5.933333333333334,right_foot_index,0.5,0.5,0.0,540.0,960.0,0.5
f1ae9d18-a8ba-4f9a-9931-8905448347fd,179,5.966666666666667,nose,0.5,0.5,0.0,540.0,960.0,0.5
f1ae9d18-a8ba-4f9a-9931-8905448347fd,179,5.966666666666667,left_shoulder,0.5,0.5,0.0,540.0,960.0,0.5
f1ae9d18-a8ba-4f9a-9931-8905448347fd,179,5.966666666666667,right_shoulder,0.5,0.5,0.0,540.0,960.0,0.5
f1ae9d18-a8ba-4f9a-9931-8905448347fd,179,5.966666666666667,left_elbow,0.5,0.5,0.0,540.0,960.0,0.5
f1ae9d18-a8ba-4f9a-9931-8905448347fd,179,5.966666666666667,right_elbow,0.5,0.5,0.0,540.0,960.0,0.5
f1ae9d18-a8ba-4f9a-9931-8905448347fd,179,5.966666666666667,left_wrist,0.5,0.5,0.0,540.0,960.0,0.5
f1ae9d18-a8ba-4f9a-9931-8905448347fd,179,5.966666666666667,right_wrist,0.5,0.5,0.0,540.0,960.0,0.5
f1ae9d18-a8ba-4f9a-9931-8905448347fd,179,5.966666666666667,left_hip,0.5,0.5,0.0,540.0,960.0,0.5
f1ae9d18-a8ba-4f9a-9931-8905448347fd,179,5.966666666666667,right_hip,0.5,0.5,0.0,540.0,960.0,0.5
f1ae9d18-a8ba-4f9a-9931-8905448347fd,179,5.966666666666667,left_knee,0.5,0.5,0.0,540.0,960.0,0.5
f1ae9d18-a8ba-4f9a-9931-8905448347fd,179,5.966666666666667,right_knee,0.5,0.5,0.0,540.0,960.0,0.5
f1ae9d18-a8ba-4f9a-9931-8905448347fd,179,5.966666666666667,left_ankle,0.5,0.5,0.0,540.0,960.0,0.5
f1ae9d18-a8ba-4f9a-9931-8905448347fd,179,5.966666666666667,right_ankle,0.5,0.5,0.0,540.0,960.0,0.5
f1ae9d18-a8ba-4f9a-9931-8905448347fd,179,5.966666666666667,left_heel,0.5,0.5,0.0,540.0,960.0,0.5
f1ae9d18-a8ba-4f9a-9931-8905448347fd,179,5.966666666666667,right_heel,0.5,0.5,0.0,540.0,960.0,0.5
f1ae9d18-a8ba-4f9a-9931-8905448347fd,179,5.966666666666667,left_foot_index,0.5,0.5,0.0,540.0,960.0,0.5
f1ae9d18-a8ba-4f9a-9931-8905448347fd,179,5.966666666666667,right_foot_index,0.5,0.5,0.0,540.0,960.0,0.5
f1ae9d18-a8ba-4f9a-9931-8905448347fd,180,6.0,nose,0.5,0.5,0.0,540.0,960.0,0.5
f1ae9d18-a8ba-4f9a-9931-8905448347fd,180,6.0,left_shoulder,0.5,0.5,0.0,540.0,960.0,0.5
f1ae9d18-a8ba-4f9a-9931-8905448347fd,180,6.0,right_shoulder,0.5,0.5,0.0,540.0,960.0,0.5
f1ae9d18-a8ba-4f9a-9931-8905448347fd,180,6.0,left_elbow,0.5,0.5,0.0,540.0,960.0,0.5
f1ae9d18-a8ba-4f9a-9931-8905448347fd,180,6.0,right_elbow,0.5,0.5,0.0,540.0,960.0,0.5
f1ae9d18-a8ba-4f9a-9931-8905448347fd,180,6.0,left_wrist,0.5,0.5,0.0,540.0,960.0,0.5
f1ae9d18-a8ba-4f9a-9931-8905448347fd,180,6.0,right_wrist,0.5,0.5,0.0,540.0,960.0,0.5
f1ae9d18-a8ba-4f9a-9931-8905448347fd,180,6.0,left_hip,0.5,0.5,0.0,540.0,960.0,0.5
f1ae9d18-a8ba-4f9a-9931-8905448347fd,180,6.0,right_hip,0.5,0.5,0.0,540.0,960.0,0.5
f1ae9d18-a8ba-4f9a-9931-8905448347fd,180,6.0,left_knee,0.5,0.5,0.0,540.0,960.0,0.5
f1ae9d18-a8ba-4f9a-9931-8905448347fd,180,6.0,right_knee,0.5,0.5,0.0,540.0,960.0,0.5
f1ae9d18-a8ba-4f9a-9931-8905448347fd,180,6.0,left_ankle,0.5,0.5,0.0,540.0,960.0,0.5
f1ae9d18-a8ba-4f9a-9931-8905448347fd,180,6.0,right_ankle,0.5,0.5,0.0,540.0,960.0,0.5
f1ae9d18-a8ba-4f9a-9931-8905448347fd,180,6.0,left_heel,0.5,0.5,0.0,540.0,960.0,0.5
f1ae9d18-a8ba-4f9a-9931-8905448347fd,180,6.0,right_heel,0.5,0.5,0.0,540.0,960.0,0.5
f1ae9d18-a8ba-4f9a-9931-8905448347fd,180,6.0,left_foot_index,0.5,0.5,0.0,540.0,960.0,0.5
f1ae9d18-a8ba-4f9a-9931-8905448347fd,180,6.0,right_foot_index,0.5,0.5,0.0,540.0,960.0,0.5
f1ae9d18-a8ba-4f9a-9931-8905448347fd,181,6.033333333333333,nose,0.5,0.5,0.0,540.0,960.0,0.5
f1ae9d18-a8ba-4f9a-9931-8905448347fd,181,6.033333333333333,left_shoulder,0.5,0.5,0.0,540.0,960.0,0.5
f1ae9d18-a8ba-4f9a-9931-8905448347fd,181,6.033333333333333,right_shoulder,0.5,0.5,0.0,540.0,960.0,0.5
f1ae9d18-a8ba-4f9a-9931-8905448347fd,181,6.033333333333333,left_elbow,0.5,0.5,0.0,540.0,960.0,0.5
f1ae9d18-a8ba-4f9a-9931-8905448347fd,181,6.033333333333333,right_elbow,0.5,0.5,0.0,540.0,960.0,0.5
f1ae9d18-a8ba-4f9a-9931-8905448347fd,181,6.033333333333333,left_wrist,0.5,0.5,0.0,540.0,960.0,0.5
f1ae9d18-a8ba-4f9a-9931-8905448347fd,181,6.033333333333333,right_wrist,0.5,0.5,0.0,540.0,960.0,0.5
f1ae9d18-a8ba-4f9a-9931-8905448347fd,181,6.033333333333333,left_hip,0.5,0.5,0.0,540.0,960.0,0.5
f1ae9d18-a8ba-4f9a-9931-8905448347fd,181,6.033333333333333,right_hip,0.5,0.5,0.0,540.0,960.0,0.5
f1ae9d18-a8ba-4f9a-9931-8905448347fd,181,6.033333333333333,left_knee,0.5,0.5,0.0,540.0,960.0,0.5
f1ae9d18-a8ba-4f9a-9931-8905448347fd,181,6.033333333333333,right_knee,0.5,0.5,0.0,540.0,960.0,0.5
f1ae9d18-a8ba-4f9a-9931-8905448347fd,181,6.033333333333333,left_ankle,0.5,0.5,0.0,540.0,960.0,0.5
f1ae9d18-a8ba-4f9a-9931-8905448347fd,181,6.033333333333333,right_ankle,0.5,0.5,0.0,540.0,960.0,0.5
f1ae9d18-a8ba-4f9a-9931-8905448347fd,181,6.033333333333333,left_heel,0.5,0.5,0.0,540.0,960.0,0.5
f1ae9d18-a8ba-4f9a-9931-8905448347fd,181,6.033333333333333,right_heel,0.5,0.5,0.0,540.0,960.0,0.5
f1ae9d18-a8ba-4f9a-9931-8905448347fd,181,6.033333333333333,left_foot_index,0.5,0.5,0.0,540.0,960.0,0.5
f1ae9d18-a8ba-4f9a-9931-8905448347fd,181,6.033333333333333,right_foot_index,0.5,0.5,0.0,540.0,960.0,0.5
f1ae9d18-a8ba-4f9a-9931-8905448347fd,182,6.066666666666666,nose,0.5,0.5,0.0,540.0,960.0,0.5
f1ae9d18-a8ba-4f9a-9931-8905448347fd,182,6.066666666666666,left_shoulder,0.5,0.5,0.0,540.0,960.0,0.5
f1ae9d18-a8ba-4f9a-9931-8905448347fd,182,6.066666666666666,right_shoulder,0.5,0.5,0.0,540.0,960.0,0.5
f1ae9d18-a8ba-4f9a-9931-8905448347fd,182,6.066666666666666,left_elbow,0.5,0.5,0.0,540.0,960.0,0.5
f1ae9d18-a8ba-4f9a-9931-8905448347fd,182,6.066666666666666,right_elbow,0.5,0.5,0.0,540.0,960.0,0.5
f1ae9d18-a8ba-4f9a-9931-8905448347fd,182,6.066666666666666,left_wrist,0.5,0.5,0.0,540.0,960.0,0.5
f1ae9d18-a8ba-4f9a-9931-8905448347fd,182,6.066666666666666,right_wrist,0.5,0.5,0.0,540.0,960.0,0.5
f1ae9d18-a8ba-4f9a-9931-8905448347fd,182,6.066666666666666,left_hip,0.5,0.5,0.0,540.0,960.0,0.5
f1ae9d18-a8ba-4f9a-9931-8905448347fd,182,6.066666666666666,right_hip,0.5,0.5,0.0,540.0,960.0,0.5
f1ae9d18-a8ba-4f9a-9931-8905448347fd,182,6.066666666666666,left_knee,0.5,0.5,0.0,540.0,960.0,0.5
f1ae9d18-a8ba-4f9a-9931-8905448347fd,182,6.066666666666666,right_knee,0.5,0.5,0.0,540.0,960.0,0.5
f1ae9d18-a8ba-4f9a-9931-8905448347fd,182,6.066666666666666,left_ankle,0.5,0.5,0.0,540.0,960.0,0.5
f1ae9d18-a8ba-4f9a-9931-8905448347fd,182,6.066666666666666,right_ankle,0.5,0.5,0.0,540.0,960.0,0.5
f1ae9d18-a8ba-4f9a-9931-8905448347fd,182,6.066666666666666,left_heel,0.5,0.5,0.0,540.0,960.0,0.5
f1ae9d18-a8ba-4f9a-9931-8905448347fd,182,6.066666666666666,right_heel,0.5,0.5,0.0,540.0,960.0,0.5
f1ae9d18-a8ba-4f9a-9931-8905448347fd,182,6.066666666666666,left_foot_index,0.5,0.5,0.0,540.0,960.0,0.5
f1ae9d18-a8ba-4f9a-9931-8905448347fd,182,6.066666666666666,right_foot_index,0.5,0.5,0.0,540.0,960.0,0.5
f1ae9d18-a8ba-4f9a-9931-8905448347fd,183,6.1,nose,0.5,0.5,0.0,540.0,960.0,0.5
f1ae9d18-a8ba-4f9a-9931-8905448347fd,183,6.1,left_shoulder,0.5,0.5,0.0,540.0,960.0,0.5
f1ae9d18-a8ba-4f9a-9931-8905448347fd,183,6.1,right_shoulder,0.5,0.5,0.0,540.0,960.0,0.5
f1ae9d18-a8ba-4f9a-9931-8905448347fd,183,6.1,left_elbow,0.5,0.5,0.0,540.0,960.0,0.5
f1ae9d18-a8ba-4f9a-9931-8905448347fd,183,6.1,right_elbow,0.5,0.5,0.0,540.0,960.0,0.5
f1ae9d18-a8ba-4f9a-9931-8905448347fd,183,6.1,left_wrist,0.5,0.5,0.0,540.0,960.0,0.5
f1ae9d18-a8ba-4f9a-9931-8905448347fd,183,6.1,right_wrist,0.5,0.5,0.0,540.0,960.0,0.5
f1ae9d18-a8ba-4f9a-9931-8905448347fd,183,6.1,left_hip,0.5,0.5,0.0,540.0,960.0,0.5
f1ae9d18-a8ba-4f9a-9931-8905448347fd,183,6.1,right_hip,0.5,0.5,0.0,540.0,960.0,0.5
f1ae9d18-a8ba-4f9a-9931-8905448347fd,183,6.1,left_knee,0.5,0.5,0.0,540.0,960.0,0.5
f1ae9d18-a8ba-4f9a-9931-8905448347fd,183,6.1,right_knee,0.5,0.5,0.0,540.0,960.0,0.5
f1ae9d18-a8ba-4f9a-9931-8905448347fd,183,6.1,left_ankle,0.5,0.5,0.0,540.0,960.0,0.5
f1ae9d18-a8ba-4f9a-9931-8905448347fd,183,6.1,right_ankle,0.5,0.5,0.0,540.0,960.0,0.5
f1ae9d18-a8ba-4f9a-9931-8905448347fd,183,6.1,left_heel,0.5,0.5,0.0,540.0,960.0,0.5
f1ae9d18-a8ba-4f9a-9931-8905448347fd,183,6.1,right_heel,0.5,0.5,0.0,540.0,960.0,0.5
f1ae9d18-a8ba-4f9a-9931-8905448347fd,183,6.1,left_foot_index,0.5,0.5,0.0,540.0,960.0,0.5
f1ae9d18-a8ba-4f9a-9931-8905448347fd,183,6.1,right_foot_index,0.5,0.5,0.0,540.0,960.0,0.5
f1ae9d18-a8ba-4f9a-9931-8905448347fd,184,6.133333333333334,nose,0.5,0.5,0.0,540.0,960.0,0.5
f1ae9d18-a8ba-4f9a-9931-8905448347fd,184,6.133333333333334,left_shoulder,0.5,0.5,0.0,540.0,960.0,0.5
f1ae9d18-a8ba-4f9a-9931-8905448347fd,184,6.133333333333334,right_shoulder,0.5,0.5,0.0,540.0,960.0,0.5
f1ae9d18-a8ba-4f9a-9931-8905448347fd,184,6.133333333333334,left_elbow,0.5,0.5,0.0,540.0,960.0,0.5
f1ae9d18-a8ba-4f9a-9931-8905448347fd,184,6.133333333333334,right_elbow,0.5,0.5,0.0,540.0,960.0,0.5
f1ae9d18-a8ba-4f9a-9931-8905448347fd,184,6.133333333333334,left_wrist,0.5,0.5,0.0,540.0,960.0,0.5
f1ae9d18-a8ba-4f9a-9931-8905448347fd,184,6.133333333333334,right_wrist,0.5,0.5,0.0,540.0,960.0,0.5
f1ae9d18-a8ba-4f9a-9931-8905448347fd,184,6.133333333333334,left_hip,0.5,0.5,0.0,540.0,960.0,0.5
f1ae9d18-a8ba-4f9a-9931-8905448347fd,184,6.133333333333334,right_hip,0.5,0.5,0.0,540.0,960.0,0.5
f1ae9d18-a8ba-4f9a-9931-8905448347fd,184,6.133333333333334,left_knee,0.5,0.5,0.0,540.0,960.0,0.5
f1ae9d18-a8ba-4f9a-9931-8905448347fd,184,6.133333333333334,right_knee,0.5,0.5,0.0,540.0,960.0,0.5
f1ae9d18-a8ba-4f9a-9931-8905448347fd,184,6.133333333333334,left_ankle,0.5,0.5,0.0,540.0,960.0,0.5
f1ae9d18-a8ba-4f9a-9931-8905448347fd,184,6.133333333333334,right_ankle,0.5,0.5,0.0,540.0,960.0,0.5
f1ae9d18-a8ba-4f9a-9931-8905448347fd,184,6.133333333333334,left_heel,0.5,0.5,0.0,540.0,960.0,0.5
f1ae9d18-a8ba-4f9a-9931-8905448347fd,184,6.133333333333334,right_heel,0.5,0.5,0.0,540.0,960.0,0.5
f1ae9d18-a8ba-4f9a-9931-8905448347fd,184,6.133333333333334,left_foot_index,0.5,0.5,0.0,540.0,960.0,0.5
f1ae9d18-a8ba-4f9a-9931-8905448347fd,184,6.133333333333334,right_foot_index,0.5,0.5,0.0,540.0,960.0,0.5
f1ae9d18-a8ba-4f9a-9931-8905448347fd,185,6.166666666666667,nose,0.5,0.5,0.0,540.0,960.0,0.5
f1ae9d18-a8ba-4f9a-9931-8905448347fd,185,6.166666666666667,left_shoulder,0.5,0.5,0.0,540.0,960.0,0.5
f1ae9d18-a8ba-4f9a-9931-8905448347fd,185,6.166666666666667,right_shoulder,0.5,0.5,0.0,540.0,960.0,0.5
f1ae9d18-a8ba-4f9a-9931-8905448347fd,185,6.166666666666667,left_elbow,0.5,0.5,0.0,540.0,960.0,0.5
f1ae9d18-a8ba-4f9a-9931-8905448347fd,185,6.166666666666667,right_elbow,0.5,0.5,0.0,540.0,960.0,0.5
f1ae9d18-a8ba-4f9a-9931-8905448347fd,185,6.166666666666667,left_wrist,0.5,0.5,0.0,540.0,960.0,0.5
f1ae9d18-a8ba-4f9a-9931-8905448347fd,185,6.166666666666667,right_wrist,0.5,0.5,0.0,540.0,960.0,0.5
f1ae9d18-a8ba-4f9a-9931-8905448347fd,185,6.166666666666667,left_hip,0.5,0.5,0.0,540.0,960.0,0.5
f1ae9d18-a8ba-4f9a-9931-8905448347fd,185,6.166666666666667,right_hip,0.5,0.5,0.0,540.0,960.0,0.5
f1ae9d18-a8ba-4f9a-9931-8905448347fd,185,6.166666666666667,left_knee,0.5,0.5,0.0,540.0,960.0,0.5
f1ae9d18-a8ba-4f9a-9931-8905448347fd,185,6.166666666666667,right_knee,0.5,0.5,0.0,540.0,960.0,0.5
f1ae9d18-a8ba-4f9a-9931-8905448347fd,185,6.166666666666667,left_ankle,0.5,0.5,0.0,540.0,960.0,0.5
f1ae9d18-a8ba-4f9a-9931-8905448347fd,185,6.166666666666667,right_ankle,0.5,0.5,0.0,540.0,960.0,0.5
f1ae9d18-a8ba-4f9a-9931-8905448347fd,185,6.166666666666667,left_heel,0.5,0.5,0.0,540.0,960.0,0.5
f1ae9d18-a8ba-4f9a-9931-8905448347fd,185,6.166666666666667,right_heel,0.5,0.5,0.0,540.0,960.0,0.5
f1ae9d18-a8ba-4f9a-9931-8905448347fd,185,6.166666666666667,left_foot_index,0.5,0.5,0.0,540.0,960.0,0.5
f1ae9d18-a8ba-4f9a-9931-8905448347fd,185,6.166666666666667,right_foot_index,0.5,0.5,0.0,540.0,960.0,0.5
f1ae9d18-a8ba-4f9a-9931-8905448347fd,186,6.2,nose,0.5,0.5,0.0,540.0,960.0,0.5
f1ae9d18-a8ba-4f9a-9931-8905448347fd,186,6.2,left_shoulder,0.5,0.5,0.0,540.0,960.0,0.5
f1ae9d18-a8ba-4f9a-9931-8905448347fd,186,6.2,right_shoulder,0.5,0.5,0.0,540.0,960.0,0.5
f1ae9d18-a8ba-4f9a-9931-8905448347fd,186,6.2,left_elbow,0.5,0.5,0.0,540.0,960.0,0.5
f1ae9d18-a8ba-4f9a-9931-8905448347fd,186,6.2,right_elbow,0.5,0.5,0.0,540.0,960.0,0.5
f1ae9d18-a8ba-4f9a-9931-8905448347fd,186,6.2,left_wrist,0.5,0.5,0.0,540.0,960.0,0.5
f1ae9d18-a8ba-4f9a-9931-8905448347fd,186,6.2,right_wrist,0.5,0.5,0.0,540.0,960.0,0.5
f1ae9d18-a8ba-4f9a-9931-8905448347fd,186,6.2,left_hip,0.5,0.5,0.0,540.0,960.0,0.5
f1ae9d18-a8ba-4f9a-9931-8905448347fd,186,6.2,right_hip,0.5,0.5,0.0,540.0,960.0,0.5
f1ae9d18-a8ba-4f9a-9931-8905448347fd,186,6.2,left_knee,0.5,0.5,0.0,540.0,960.0,0.5
f1ae9d18-a8ba-4f9a-9931-8905448347fd,186,6.2,right_knee,0.5,0.5,0.0,540.0,960.0,0.5
f1ae9d18-a8ba-4f9a-9931-8905448347fd,186,6.2,left_ankle,0.5,0.5,0.0,540.0,960.0,0.5
f1ae9d18-a8ba-4f9a-9931-8905448347fd,186,6.2,right_ankle,0.5,0.5,0.0,540.0,960.0,0.5
f1ae9d18-a8ba-4f9a-9931-8905448347fd,186,6.2,left_heel,0.5,0.5,0.0,540.0,960.0,0.5
f1ae9d18-a8ba-4f9a-9931-8905448347fd,186,6.2,right_heel,0.5,0.5,0.0,540.0,960.0,0.5
f1ae9d18-a8ba-4f9a-9931-8905448347fd,186,6.2,left_foot_index,0.5,0.5,0.0,540.0,960.0,0.5
f1ae9d18-a8ba-4f9a-9931-8905448347fd,186,6.2,right_foot_index,0.5,0.5,0.0,540.0,960.0,0.5
f1ae9d18-a8ba-4f9a-9931-8905448347fd,187,6.233333333333333,nose,0.5,0.5,0.0,540.0,960.0,0.5
f1ae9d18-a8ba-4f9a-9931-8905448347fd,187,6.233333333333333,left_shoulder,0.5,0.5,0.0,540.0,960.0,0.5
f1ae9d18-a8ba-4f9a-9931-8905448347fd,187,6.233333333333333,right_shoulder,0.5,0.5,0.0,540.0,960.0,0.5
f1ae9d18-a8ba-4f9a-9931-8905448347fd,187,6.233333333333333,left_elbow,0.5,0.5,0.0,540.0,960.0,0.5
f1ae9d18-a8ba-4f9a-9931-8905448347fd,187,6.233333333333333,right_elbow,0.5,0.5,0.0,540.0,960.0,0.5
f1ae9d18-a8ba-4f9a-9931-8905448347fd,187,6.233333333333333,left_wrist,0.5,0.5,0.0,540.0,960.0,0.5
f1ae9d18-a8ba-4f9a-9931-8905448347fd,187,6.233333333333333,right_wrist,0.5,0.5,0.0,540.0,960.0,0.5
f1ae9d18-a8ba-4f9a-9931-8905448347fd,187,6.233333333333333,left_hip,0.5,0.5,0.0,540.0,960.0,0.5
f1ae9d18-a8ba-4f9a-9931-8905448347fd,187,6.233333333333333,right_hip,0.5,0.5,0.0,540.0,960.0,0.5
f1ae9d18-a8ba-4f9a-9931-8905448347fd,187,6.233333333333333,left_knee,0.5,0.5,0.0,540.0,960.0,0.5
f1ae9d18-a8ba-4f9a-9931-8905448347fd,187,6.233333333333333,right_knee,0.5,0.5,0.0,540.0,960.0,0.5
f1ae9d18-a8ba-4f9a-9931-8905448347fd,187,6.233333333333333,left_ankle,0.5,0.5,0.0,540.0,960.0,0.5
f1ae9d18-a8ba-4f9a-9931-8905448347fd,187,6.233333333333333,right_ankle,0.5,0.5,0.0,540.0,960.0,0.5
f1ae9d18-a8ba-4f9a-9931-8905448347fd,187,6.233333333333333,left_heel,0.5,0.5,0.0,540.0,960.0,0.5
f1ae9d18-a8ba-4f9a-9931-8905448347fd,187,6.233333333333333,right_heel,0.5,0.5,0.0,540.0,960.0,0.5
f1ae9d18-a8ba-4f9a-9931-8905448347fd,187,6.233333333333333,left_foot_index,0.5,0.5,0.0,540.0,960.0,0.5
f1ae9d18-a8ba-4f9a-9931-8905448347fd,187,6.233333333333333,right_foot_index,0.5,0.5,0.0,540.0,960.0,0.5
f1ae9d18-a8ba-4f9a-9931-8905448347fd,188,6.266666666666667,nose,0.5,0.5,0.0,540.0,960.0,0.5
f1ae9d18-a8ba-4f9a-9931-8905448347fd,188,6.266666666666667,left_shoulder,0.5,0.5,0.0,540.0,960.0,0.5
f1ae9d18-a8ba-4f9a-9931-8905448347fd,188,6.266666666666667,right_shoulder,0.5,0.5,0.0,540.0,960.0,0.5
f1ae9d18-a8ba-4f9a-9931-8905448347fd,188,6.266666666666667,left_elbow,0.5,0.5,0.0,540.0,960.0,0.5
f1ae9d18-a8ba-4f9a-9931-8905448347fd,188,6.266666666666667,right_elbow,0.5,0.5,0.0,540.0,960.0,0.5
f1ae9d18-a8ba-4f9a-9931-8905448347fd,188,6.266666666666667,left_wrist,0.5,0.5,0.0,540.0,960.0,0.5
f1ae9d18-a8ba-4f9a-9931-8905448347fd,188,6.266666666666667,right_wrist,0.5,0.5,0.0,540.0,960.0,0.5
f1ae9d18-a8ba-4f9a-9931-8905448347fd,188,6.266666666666667,left_hip,0.5,0.5,0.0,540.0,960.0,0.5
f1ae9d18-a8ba-4f9a-9931-8905448347fd,188,6.266666666666667,right_hip,0.5,0.5,0.0,540.0,960.0,0.5
f1ae9d18-a8ba-4f9a-9931-8905448347fd,188,6.266666666666667,left_knee,0.5,0.5,0.0,540.0,960.0,0.5
f1ae9d18-a8ba-4f9a-9931-8905448347fd,188,6.266666666666667,right_knee,0.5,0.5,0.0,540.0,960.0,0.5
f1ae9d18-a8ba-4f9a-9931-8905448347fd,188,6.266666666666667,left_ankle,0.5,0.5,0.0,540.0,960.0,0.5
f1ae9d18-a8ba-4f9a-9931-8905448347fd,188,6.266666666666667,right_ankle,0.5,0.5,0.0,540.0,960.0,0.5
f1ae9d18-a8ba-4f9a-9931-8905448347fd,188,6.266666666666667,left_heel,0.5,0.5,0.0,540.0,960.0,0.5
f1ae9d18-a8ba-4f9a-9931-8905448347fd,188,6.266666666666667,right_heel,0.5,0.5,0.0,540.0,960.0,0.5
f1ae9d18-a8ba-4f9a-9931-8905448347fd,188,6.266666666666667,left_foot_index,0.5,0.5,0.0,540.0,960.0,0.5
f1ae9d18-a8ba-4f9a-9931-8905448347fd,188,6.266666666666667,right_foot_index,0.5,0.5,0.0,540.0,960.0,0.5
f1ae9d18-a8ba-4f9a-9931-8905448347fd,189,6.3,nose,0.5,0.5,0.0,540.0,960.0,0.5
f1ae9d18-a8ba-4f9a-9931-8905448347fd,189,6.3,left_shoulder,0.5,0.5,0.0,540.0,960.0,0.5
f1ae9d18-a8ba-4f9a-9931-8905448347fd,189,6.3,right_shoulder,0.5,0.5,0.0,540.0,960.0,0.5
f1ae9d18-a8ba-4f9a-9931-8905448347fd,189,6.3,left_elbow,0.5,0.5,0.0,540.0,960.0,0.5
f1ae9d18-a8ba-4f9a-9931-8905448347fd,189,6.3,right_elbow,0.5,0.5,0.0,540.0,960.0,0.5
f1ae9d18-a8ba-4f9a-9931-8905448347fd,189,6.3,left_wrist,0.5,0.5,0.0,540.0,960.0,0.5
f1ae9d18-a8ba-4f9a-9931-8905448347fd,189,6.3,right_wrist,0.5,0.5,0.0,540.0,960.0,0.5
f1ae9d18-a8ba-4f9a-9931-8905448347fd,189,6.3,left_hip,0.5,0.5,0.0,540.0,960.0,0.5
f1ae9d18-a8ba-4f9a-9931-8905448347fd,189,6.3,right_hip,0.5,0.5,0.0,540.0,960.0,0.5
f1ae9d18-a8ba-4f9a-9931-8905448347fd,189,6.3,left_knee,0.5,0.5,0.0,540.0,960.0,0.5
f1ae9d18-a8ba-4f9a-9931-8905448347fd,189,6.3,right_knee,0.5,0.5,0.0,540.0,960.0,0.5
f1ae9d18-a8ba-4f9a-9931-8905448347fd,189,6.3,left_ankle,0.5,0.5,0.0,540.0,960.0,0.5
f1ae9d18-a8ba-4f9a-9931-8905448347fd,189,6.3,right_ankle,0.5,0.5,0.0,540.0,960.0,0.5
f1ae9d18-a8ba-4f9a-9931-8905448347fd,189,6.3,left_heel,0.5,0.5,0.0,540.0,960.0,0.5
f1ae9d18-a8ba-4f9a-9931-8905448347fd,189,6.3,right_heel,0.5,0.5,0.0,540.0,960.0,0.5
f1ae9d18-a8ba-4f9a-9931-8905448347fd,189,6.3,left_foot_index,0.5,0.5,0.0,540.0,960.0,0.5
f1ae9d18-a8ba-4f9a-9931-8905448347fd,189,6.3,right_foot_index,0.5,0.5,0.0,540.0,960.0,0.5
f1ae9d18-a8ba-4f9a-9931-8905448347fd,190,6.333333333333333,nose,0.5,0.5,0.0,540.0,960.0,0.5
f1ae9d18-a8ba-4f9a-9931-8905448347fd,190,6.333333333333333,left_shoulder,0.5,0.5,0.0,540.0,960.0,0.5
f1ae9d18-a8ba-4f9a-9931-8905448347fd,190,6.333333333333333,right_shoulder,0.5,0.5,0.0,540.0,960.0,0.5
f1ae9d18-a8ba-4f9a-9931-8905448347fd,190,6.333333333333333,left_elbow,0.5,0.5,0.0,540.0,960.0,0.5
f1ae9d18-a8ba-4f9a-9931-8905448347fd,190,6.333333333333333,right_elbow,0.5,0.5,0.0,540.0,960.0,0.5
f1ae9d18-a8ba-4f9a-9931-8905448347fd,190,6.333333333333333,left_wrist,0.5,0.5,0.0,540.0,960.0,0.5
f1ae9d18-a8ba-4f9a-9931-8905448347fd,190,6.333333333333333,right_wrist,0.5,0.5,0.0,540.0,960.0,0.5
f1ae9d18-a8ba-4f9a-9931-8905448347fd,190,6.333333333333333,left_hip,0.5,0.5,0.0,540.0,960.0,0.5
f1ae9d18-a8ba-4f9a-9931-8905448347fd,190,6.333333333333333,right_hip,0.5,0.5,0.0,540.0,960.0,0.5
f1ae9d18-a8ba-4f9a-9931-8905448347fd,190,6.333333333333333,left_knee,0.5,0.5,0.0,540.0,960.0,0.5
f1ae9d18-a8ba-4f9a-9931-8905448347fd,190,6.333333333333333,right_knee,0.5,0.5,0.0,540.0,960.0,0.5
f1ae9d18-a8ba-4f9a-9931-8905448347fd,190,6.333333333333333,left_ankle,0.5,0.5,0.0,540.0,960.0,0.5
f1ae9d18-a8ba-4f9a-9931-8905448347fd,190,6.333333333333333,right_ankle,0.5,0.5,0.0,540.0,960.0,0.5
f1ae9d18-a8ba-4f9a-9931-8905448347fd,190,6.333333333333333,left_heel,0.5,0.5,0.0,540.0,960.0,0.5
f1ae9d18-a8ba-4f9a-9931-8905448347fd,190,6.333333333333333,right_heel,0.5,0.5,0.0,540.0,960.0,0.5
f1ae9d18-a8ba-4f9a-9931-8905448347fd,190,6.333333333333333,left_foot_index,0.5,0.5,0.0,540.0,960.0,0.5
f1ae9d18-a8ba-4f9a-9931-8905448347fd,190,6.333333333333333,right_foot_index,0.5,0.5,0.0,540.0,960.0,0.5
f1ae9d18-a8ba-4f9a-9931-8905448347fd,191,6.366666666666666,nose,0.5,0.5,0.0,540.0,960.0,0.5
f1ae9d18-a8ba-4f9a-9931-8905448347fd,191,6.366666666666666,left_shoulder,0.5,0.5,0.0,540.0,960.0,0.5
f1ae9d18-a8ba-4f9a-9931-8905448347fd,191,6.366666666666666,right_shoulder,0.5,0.5,0.0,540.0,960.0,0.5
f1ae9d18-a8ba-4f9a-9931-8905448347fd,191,6.366666666666666,left_elbow,0.5,0.5,0.0,540.0,960.0,0.5
f1ae9d18-a8ba-4f9a-9931-8905448347fd,191,6.366666666666666,right_elbow,0.5,0.5,0.0,540.0,960.0,0.5
f1ae9d18-a8ba-4f9a-9931-8905448347fd,191,6.366666666666666,left_wrist,0.5,0.5,0.0,540.0,960.0,0.5
f1ae9d18-a8ba-4f9a-9931-8905448347fd,191,6.366666666666666,right_wrist,0.5,0.5,0.0,540.0,960.0,0.5
f1ae9d18-a8ba-4f9a-9931-8905448347fd,191,6.366666666666666,left_hip,0.5,0.5,0.0,540.0,960.0,0.5
f1ae9d18-a8ba-4f9a-9931-8905448347fd,191,6.366666666666666,right_hip,0.5,0.5,0.0,540.0,960.0,0.5
f1ae9d18-a8ba-4f9a-9931-8905448347fd,191,6.366666666666666,left_knee,0.5,0.5,0.0,540.0,960.0,0.5
f1ae9d18-a8ba-4f9a-9931-8905448347fd,191,6.366666666666666,right_knee,0.5,0.5,0.0,540.0,960.0,0.5
f1ae9d18-a8ba-4f9a-9931-8905448347fd,191,6.366666666666666,left_ankle,0.5,0.5,0.0,540.0,960.0,0.5
f1ae9d18-a8ba-4f9a-9931-8905448347fd,191,6.366666666666666,right_ankle,0.5,0.5,0.0,540.0,960.0,0.5
f1ae9d18-a8ba-4f9a-9931-8905448347fd,191,6.366666666666666,left_heel,0.5,0.5,0.0,540.0,960.0,0.5
f1ae9d18-a8ba-4f9a-9931-8905448347fd,191,6.366666666666666,right_heel,0.5,0.5,0.0,540.0,960.0,0.5
f1ae9d18-a8ba-4f9a-9931-8905448347fd,191,6.366666666666666,left_foot_index,0.5,0.5,0.0,540.0,960.0,0.5
f1ae9d18-a8ba-4f9a-9931-8905448347fd,191,6.366666666666666,right_foot_index,0.5,0.5,0.0,540.0,960.0,0.5
f1ae9d18-a8ba-4f9a-9931-8905448347fd,192,6.4,nose,0.5,0.5,0.0,540.0,960.0,0.5
f1ae9d18-a8ba-4f9a-9931-8905448347fd,192,6.4,left_shoulder,0.5,0.5,0.0,540.0,960.0,0.5
f1ae9d18-a8ba-4f9a-9931-8905448347fd,192,6.4,right_shoulder,0.5,0.5,0.0,540.0,960.0,0.5
f1ae9d18-a8ba-4f9a-9931-8905448347fd,192,6.4,left_elbow,0.5,0.5,0.0,540.0,960.0,0.5
f1ae9d18-a8ba-4f9a-9931-8905448347fd,192,6.4,right_elbow,0.5,0.5,0.0,540.0,960.0,0.5
f1ae9d18-a8ba-4f9a-9931-8905448347fd,192,6.4,left_wrist,0.5,0.5,0.0,540.0,960.0,0.5
f1ae9d18-a8ba-4f9a-9931-8905448347fd,192,6.4,right_wrist,0.5,0.5,0.0,540.0,960.0,0.5
f1ae9d18-a8ba-4f9a-9931-8905448347fd,192,6.4,left_hip,0.5,0.5,0.0,540.0,960.0,0.5
f1ae9d18-a8ba-4f9a-9931-8905448347fd,192,6.4,right_hip,0.5,0.5,0.0,540.0,960.0,0.5
f1ae9d18-a8ba-4f9a-9931-8905448347fd,192,6.4,left_knee,0.5,0.5,0.0,540.0,960.0,0.5
f1ae9d18-a8ba-4f9a-9931-8905448347fd,192,6.4,right_knee,0.5,0.5,0.0,540.0,960.0,0.5
f1ae9d18-a8ba-4f9a-9931-8905448347fd,192,6.4,left_ankle,0.5,0.5,0.0,540.0,960.0,0.5
f1ae9d18-a8ba-4f9a-9931-8905448347fd,192,6.4,right_ankle,0.5,0.5,0.0,540.0,960.0,0.5
f1ae9d18-a8ba-4f9a-9931-8905448347fd,192,6.4,left_heel,0.5,0.5,0.0,540.0,960.0,0.5
f1ae9d18-a8ba-4f9a-9931-8905448347fd,192,6.4,right_heel,0.5,0.5,0.0,540.0,960.0,0.5
f1ae9d18-a8ba-4f9a-9931-8905448347fd,192,6.4,left_foot_index,0.5,0.5,0.0,540.0,960.0,0.5
f1ae9d18-a8ba-4f9a-9931-8905448347fd,192,6.4,right_foot_index,0.5,0.5,0.0,540.0,960.0,0.5
f1ae9d18-a8ba-4f9a-9931-8905448347fd,193,6.433333333333334,nose,0.5,0.5,0.0,540.0,960.0,0.5
f1ae9d18-a8ba-4f9a-9931-8905448347fd,193,6.433333333333334,left_shoulder,0.5,0.5,0.0,540.0,960.0,0.5
f1ae9d18-a8ba-4f9a-9931-8905448347fd,193,6.433333333333334,right_shoulder,0.5,0.5,0.0,540.0,960.0,0.5
f1ae9d18-a8ba-4f9a-9931-8905448347fd,193,6.433333333333334,left_elbow,0.5,0.5,0.0,540.0,960.0,0.5
f1ae9d18-a8ba-4f9a-9931-8905448347fd,193,6.433333333333334,right_elbow,0.5,0.5,0.0,540.0,960.0,0.5
f1ae9d18-a8ba-4f9a-9931-8905448347fd,193,6.433333333333334,left_wrist,0.5,0.5,0.0,540.0,960.0,0.5
f1ae9d18-a8ba-4f9a-9931-8905448347fd,193,6.433333333333334,right_wrist,0.5,0.5,0.0,540.0,960.0,0.5
f1ae9d18-a8ba-4f9a-9931-8905448347fd,193,6.433333333333334,left_hip,0.5,0.5,0.0,540.0,960.0,0.5
f1ae9d18-a8ba-4f9a-9931-8905448347fd,193,6.433333333333334,right_hip,0.5,0.5,0.0,540.0,960.0,0.5
f1ae9d18-a8ba-4f9a-9931-8905448347fd,193,6.433333333333334,left_knee,0.5,0.5,0.0,540.0,960.0,0.5
f1ae9d18-a8ba-4f9a-9931-8905448347fd,193,6.433333333333334,right_knee,0.5,0.5,0.0,540.0,960.0,0.5
f1ae9d18-a8ba-4f9a-9931-8905448347fd,193,6.433333333333334,left_ankle,0.5,0.5,0.0,540.0,960.0,0.5
f1ae9d18-a8ba-4f9a-9931-8905448347fd,193,6.433333333333334,right_ankle,0.5,0.5,0.0,540.0,960.0,0.5
f1ae9d18-a8ba-4f9a-9931-8905448347fd,193,6.433333333333334,left_heel,0.5,0.5,0.0,540.0,960.0,0.5
f1ae9d18-a8ba-4f9a-9931-8905448347fd,193,6.433333333333334,right_heel,0.5,0.5,0.0,540.0,960.0,0.5
f1ae9d18-a8ba-4f9a-9931-8905448347fd,193,6.433333333333334,left_foot_index,0.5,0.5,0.0,540.0,960.0,0.5
f1ae9d18-a8ba-4f9a-9931-8905448347fd,193,6.433333333333334,right_foot_index,0.5,0.5,0.0,540.0,960.0,0.5
f1ae9d18-a8ba-4f9a-9931-8905448347fd,194,6.466666666666667,nose,0.5,0.5,0.0,540.0,960.0,0.5
f1ae9d18-a8ba-4f9a-9931-8905448347fd,194,6.466666666666667,left_shoulder,0.5,0.5,0.0,540.0,960.0,0.5
f1ae9d18-a8ba-4f9a-9931-8905448347fd,194,6.466666666666667,right_shoulder,0.5,0.5,0.0,540.0,960.0,0.5
f1ae9d18-a8ba-4f9a-9931-8905448347fd,194,6.466666666666667,left_elbow,0.5,0.5,0.0,540.0,960.0,0.5
f1ae9d18-a8ba-4f9a-9931-8905448347fd,194,6.466666666666667,right_elbow,0.5,0.5,0.0,540.0,960.0,0.5
f1ae9d18-a8ba-4f9a-9931-8905448347fd,194,6.466666666666667,left_wrist,0.5,0.5,0.0,540.0,960.0,0.5
f1ae9d18-a8ba-4f9a-9931-8905448347fd,194,6.466666666666667,right_wrist,0.5,0.5,0.0,540.0,960.0,0.5
f1ae9d18-a8ba-4f9a-9931-8905448347fd,194,6.466666666666667,left_hip,0.5,0.5,0.0,540.0,960.0,0.5
f1ae9d18-a8ba-4f9a-9931-8905448347fd,194,6.466666666666667,right_hip,0.5,0.5,0.0,540.0,960.0,0.5
f1ae9d18-a8ba-4f9a-9931-8905448347fd,194,6.466666666666667,left_knee,0.5,0.5,0.0,540.0,960.0,0.5
f1ae9d18-a8ba-4f9a-9931-8905448347fd,194,6.466666666666667,right_knee,0.5,0.5,0.0,540.0,960.0,0.5
f1ae9d18-a8ba-4f9a-9931-8905448347fd,194,6.466666666666667,left_ankle,0.5,0.5,0.0,540.0,960.0,0.5
f1ae9d18-a8ba-4f9a-9931-8905448347fd,194,6.466666666666667,right_ankle,0.5,0.5,0.0,540.0,960.0,0.5
f1ae9d18-a8ba-4f9a-9931-8905448347fd,194,6.466666666666667,left_heel,0.5,0.5,0.0,540.0,960.0,0.5
f1ae9d18-a8ba-4f9a-9931-8905448347fd,194,6.466666666666667,right_heel,0.5,0.5,0.0,540.0,960.0,0.5
f1ae9d18-a8ba-4f9a-9931-8905448347fd,194,6.466666666666667,left_foot_index,0.5,0.5,0.0,540.0,960.0,0.5
f1ae9d18-a8ba-4f9a-9931-8905448347fd,194,6.466666666666667,right_foot_index,0.5,0.5,0.0,540.0,960.0,0.5
f1ae9d18-a8ba-4f9a-9931-8905448347fd,195,6.5,nose,0.5,0.5,0.0,540.0,960.0,0.5
f1ae9d18-a8ba-4f9a-9931-8905448347fd,195,6.5,left_shoulder,0.5,0.5,0.0,540.0,960.0,0.5
f1ae9d18-a8ba-4f9a-9931-8905448347fd,195,6.5,right_shoulder,0.5,0.5,0.0,540.0,960.0,0.5
f1ae9d18-a8ba-4f9a-9931-8905448347fd,195,6.5,left_elbow,0.5,0.5,0.0,540.0,960.0,0.5
f1ae9d18-a8ba-4f9a-9931-8905448347fd,195,6.5,right_elbow,0.5,0.5,0.0,540.0,960.0,0.5
f1ae9d18-a8ba-4f9a-9931-8905448347fd,195,6.5,left_wrist,0.5,0.5,0.0,540.0,960.0,0.5
f1ae9d18-a8ba-4f9a-9931-8905448347fd,195,6.5,right_wrist,0.5,0.5,0.0,540.0,960.0,0.5
f1ae9d18-a8ba-4f9a-9931-8905448347fd,195,6.5,left_hip,0.5,0.5,0.0,540.0,960.0,0.5
f1ae9d18-a8ba-4f9a-9931-8905448347fd,195,6.5,right_hip,0.5,0.5,0.0,540.0,960.0,0.5
f1ae9d18-a8ba-4f9a-9931-8905448347fd,195,6.5,left_knee,0.5,0.5,0.0,540.0,960.0,0.5
f1ae9d18-a8ba-4f9a-9931-8905448347fd,195,6.5,right_knee,0.5,0.5,0.0,540.0,960.0,0.5
f1ae9d18-a8ba-4f9a-9931-8905448347fd,195,6.5,left_ankle,0.5,0.5,0.0,540.0,960.0,0.5
f1ae9d18-a8ba-4f9a-9931-8905448347fd,195,6.5,right_ankle,0.5,0.5,0.0,540.0,960.0,0.5
f1ae9d18-a8ba-4f9a-9931-8905448347fd,195,6.5,left_heel,0.5,0.5,0.0,540.0,960.0,0.5
f1ae9d18-a8ba-4f9a-9931-8905448347fd,195,6.5,right_heel,0.5,0.5,0.0,540.0,960.0,0.5
f1ae9d18-a8ba-4f9a-9931-8905448347fd,195,6.5,left_foot_index,0.5,0.5,0.0,540.0,960.0,0.5
f1ae9d18-a8ba-4f9a-9931-8905448347fd,195,6.5,right_foot_index,0.5,0.5,0.0,540.0,960.0,0.5
f1ae9d18-a8ba-4f9a-9931-8905448347fd,196,6.533333333333333,nose,0.5,0.5,0.0,540.0,960.0,0.5
f1ae9d18-a8ba-4f9a-9931-8905448347fd,196,6.533333333333333,left_shoulder,0.5,0.5,0.0,540.0,960.0,0.5
f1ae9d18-a8ba-4f9a-9931-8905448347fd,196,6.533333333333333,right_shoulder,0.5,0.5,0.0,540.0,960.0,0.5
f1ae9d18-a8ba-4f9a-9931-8905448347fd,196,6.533333333333333,left_elbow,0.5,0.5,0.0,540.0,960.0,0.5
f1ae9d18-a8ba-4f9a-9931-8905448347fd,196,6.533333333333333,right_elbow,0.5,0.5,0.0,540.0,960.0,0.5
f1ae9d18-a8ba-4f9a-9931-8905448347fd,196,6.533333333333333,left_wrist,0.5,0.5,0.0,540.0,960.0,0.5
f1ae9d18-a8ba-4f9a-9931-8905448347fd,196,6.533333333333333,right_wrist,0.5,0.5,0.0,540.0,960.0,0.5
f1ae9d18-a8ba-4f9a-9931-8905448347fd,196,6.533333333333333,left_hip,0.5,0.5,0.0,540.0,960.0,0.5
f1ae9d18-a8ba-4f9a-9931-8905448347fd,196,6.533333333333333,right_hip,0.5,0.5,0.0,540.0,960.0,0.5
f1ae9d18-a8ba-4f9a-9931-8905448347fd,196,6.533333333333333,left_knee,0.5,0.5,0.0,540.0,960.0,0.5
f1ae9d18-a8ba-4f9a-9931-8905448347fd,196,6.533333333333333,right_knee,0.5,0.5,0.0,540.0,960.0,0.5
f1ae9d18-a8ba-4f9a-9931-8905448347fd,196,6.533333333333333,left_ankle,0.5,0.5,0.0,540.0,960.0,0.5
f1ae9d18-a8ba-4f9a-9931-8905448347fd,196,6.533333333333333,right_ankle,0.5,0.5,0.0,540.0,960.0,0.5
f1ae9d18-a8ba-4f9a-9931-8905448347fd,196,6.533333333333333,left_heel,0.5,0.5,0.0,540.0,960.0,0.5
f1ae9d18-a8ba-4f9a-9931-8905448347fd,196,6.533333333333333,right_heel,0.5,0.5,0.0,540.0,960.0,0.5
f1ae9d18-a8ba-4f9a-9931-8905448347fd,196,6.533333333333333,left_foot_index,0.5,0.5,0.0,540.0,960.0,0.5
f1ae9d18-a8ba-4f9a-9931-8905448347fd,196,6.533333333333333,right_foot_index,0.5,0.5,0.0,540.0,960.0,0.5
f1ae9d18-a8ba-4f9a-9931-8905448347fd,197,6.566666666666666,nose,0.5,0.5,0.0,540.0,960.0,0.5
f1ae9d18-a8ba-4f9a-9931-8905448347fd,197,6.566666666666666,left_shoulder,0.5,0.5,0.0,540.0,960.0,0.5
f1ae9d18-a8ba-4f9a-9931-8905448347fd,197,6.566666666666666,right_shoulder,0.5,0.5,0.0,540.0,960.0,0.5
f1ae9d18-a8ba-4f9a-9931-8905448347fd,197,6.566666666666666,left_elbow,0.5,0.5,0.0,540.0,960.0,0.5
f1ae9d18-a8ba-4f9a-9931-8905448347fd,197,6.566666666666666,right_elbow,0.5,0.5,0.0,540.0,960.0,0.5
f1ae9d18-a8ba-4f9a-9931-8905448347fd,197,6.566666666666666,left_wrist,0.5,0.5,0.0,540.0,960.0,0.5
f1ae9d18-a8ba-4f9a-9931-8905448347fd,197,6.566666666666666,right_wrist,0.5,0.5,0.0,540.0,960.0,0.5
f1ae9d18-a8ba-4f9a-9931-8905448347fd,197,6.566666666666666,left_hip,0.5,0.5,0.0,540.0,960.0,0.5
f1ae9d18-a8ba-4f9a-9931-8905448347fd,197,6.566666666666666,right_hip,0.5,0.5,0.0,540.0,960.0,0.5
f1ae9d18-a8ba-4f9a-9931-8905448347fd,197,6.566666666666666,left_knee,0.5,0.5,0.0,540.0,960.0,0.5
f1ae9d18-a8ba-4f9a-9931-8905448347fd,197,6.566666666666666,right_knee,0.5,0.5,0.0,540.0,960.0,0.5
f1ae9d18-a8ba-4f9a-9931-8905448347fd,197,6.566666666666666,left_ankle,0.5,0.5,0.0,540.0,960.0,0.5
f1ae9d18-a8ba-4f9a-9931-8905448347fd,197,6.566666666666666,right_ankle,0.5,0.5,0.0,540.0,960.0,0.5
f1ae9d18-a8ba-4f9a-9931-8905448347fd,197,6.566666666666666,left_heel,0.5,0.5,0.0,540.0,960.0,0.5
f1ae9d18-a8ba-4f9a-9931-8905448347fd,197,6.566666666666666,right_heel,0.5,0.5,0.0,540.0,960.0,0.5
f1ae9d18-a8ba-4f9a-9931-8905448347fd,197,6.566666666666666,left_foot_index,0.5,0.5,0.0,540.0,960.0,0.5
f1ae9d18-a8ba-4f9a-9931-8905448347fd,197,6.566666666666666,right_foot_index,0.5,0.5,0.0,540.0,960.0,0.5
f1ae9d18-a8ba-4f9a-9931-8905448347fd,198,6.6,nose,0.5,0.5,0.0,540.0,960.0,0.5
f1ae9d18-a8ba-4f9a-9931-8905448347fd,198,6.6,left_shoulder,0.5,0.5,0.0,540.0,960.0,0.5
f1ae9d18-a8ba-4f9a-9931-8905448347fd,198,6.6,right_shoulder,0.5,0.5,0.0,540.0,960.0,0.5
f1ae9d18-a8ba-4f9a-9931-8905448347fd,198,6.6,left_elbow,0.5,0.5,0.0,540.0,960.0,0.5
f1ae9d18-a8ba-4f9a-9931-8905448347fd,198,6.6,right_elbow,0.5,0.5,0.0,540.0,960.0,0.5
f1ae9d18-a8ba-4f9a-9931-8905448347fd,198,6.6,left_wrist,0.5,0.5,0.0,540.0,960.0,0.5
f1ae9d18-a8ba-4f9a-9931-8905448347fd,198,6.6,right_wrist,0.5,0.5,0.0,540.0,960.0,0.5
f1ae9d18-a8ba-4f9a-9931-8905448347fd,198,6.6,left_hip,0.5,0.5,0.0,540.0,960.0,0.5
f1ae9d18-a8ba-4f9a-9931-8905448347fd,198,6.6,right_hip,0.5,0.5,0.0,540.0,960.0,0.5
f1ae9d18-a8ba-4f9a-9931-8905448347fd,198,6.6,left_knee,0.5,0.5,0.0,540.0,960.0,0.5
f1ae9d18-a8ba-4f9a-9931-8905448347fd,198,6.6,right_knee,0.5,0.5,0.0,540.0,960.0,0.5
f1ae9d18-a8ba-4f9a-9931-8905448347fd,198,6.6,left_ankle,0.5,0.5,0.0,540.0,960.0,0.5
f1ae9d18-a8ba-4f9a-9931-8905448347fd,198,6.6,right_ankle,0.5,0.5,0.0,540.0,960.0,0.5
f1ae9d18-a8ba-4f9a-9931-8905448347fd,198,6.6,left_heel,0.5,0.5,0.0,540.0,960.0,0.5
f1ae9d18-a8ba-4f9a-9931-8905448347fd,198,6.6,right_heel,0.5,0.5,0.0,540.0,960.0,0.5
f1ae9d18-a8ba-4f9a-9931-8905448347fd,198,6.6,left_foot_index,0.5,0.5,0.0,540.0,960.0,0.5
f1ae9d18-a8ba-4f9a-9931-8905448347fd,198,6.6,right_foot_index,0.5,0.5,0.0,540.0,960.0,0.5
f1ae9d18-a8ba-4f9a-9931-8905448347fd,199,6.633333333333334,nose,0.5,0.5,0.0,540.0,960.0,0.5
f1ae9d18-a8ba-4f9a-9931-8905448347fd,199,6.633333333333334,left_shoulder,0.5,0.5,0.0,540.0,960.0,0.5
f1ae9d18-a8ba-4f9a-9931-8905448347fd,199,6.633333333333334,right_shoulder,0.5,0.5,0.0,540.0,960.0,0.5
f1ae9d18-a8ba-4f9a-9931-8905448347fd,199,6.633333333333334,left_elbow,0.5,0.5,0.0,540.0,960.0,0.5
f1ae9d18-a8ba-4f9a-9931-8905448347fd,199,6.633333333333334,right_elbow,0.5,0.5,0.0,540.0,960.0,0.5
f1ae9d18-a8ba-4f9a-9931-8905448347fd,199,6.633333333333334,left_wrist,0.5,0.5,0.0,540.0,960.0,0.5
f1ae9d18-a8ba-4f9a-9931-8905448347fd,199,6.633333333333334,right_wrist,0.5,0.5,0.0,540.0,960.0,0.5
f1ae9d18-a8ba-4f9a-9931-8905448347fd,199,6.633333333333334,left_hip,0.5,0.5,0.0,540.0,960.0,0.5
f1ae9d18-a8ba-4f9a-9931-8905448347fd,199,6.633333333333334,right_hip,0.5,0.5,0.0,540.0,960.0,0.5
f1ae9d18-a8ba-4f9a-9931-8905448347fd,199,6.633333333333334,left_knee,0.5,0.5,0.0,540.0,960.0,0.5
f1ae9d18-a8ba-4f9a-9931-8905448347fd,199,6.633333333333334,right_knee,0.5,0.5,0.0,540.0,960.0,0.5
f1ae9d18-a8ba-4f9a-9931-8905448347fd,199,6.633333333333334,left_ankle,0.5,0.5,0.0,540.0,960.0,0.5
f1ae9d18-a8ba-4f9a-9931-8905448347fd,199,6.633333333333334,right_ankle,0.5,0.5,0.0,540.0,960.0,0.5
f1ae9d18-a8ba-4f9a-9931-8905448347fd,199,6.633333333333334,left_heel,0.5,0.5,0.0,540.0,960.0,0.5
f1ae9d18-a8ba-4f9a-9931-8905448347fd,199,6.633333333333334,right_heel,0.5,0.5,0.0,540.0,960.0,0.5
f1ae9d18-a8ba-4f9a-9931-8905448347fd,199,6.633333333333334,left_foot_index,0.5,0.5,0.0,540.0,960.0,0.5
f1ae9d18-a8ba-4f9a-9931-8905448347fd,199,6.633333333333334,right_foot_index,0.5,0.5,0.0,540.0,960.0,0.5
f1ae9d18-a8ba-4f9a-9931-8905448347fd,200,6.666666666666667,nose,0.5,0.5,0.0,540.0,960.0,0.5
f1ae9d18-a8ba-4f9a-9931-8905448347fd,200,6.666666666666667,left_shoulder,0.5,0.5,0.0,540.0,960.0,0.5
f1ae9d18-a8ba-4f9a-9931-8905448347fd,200,6.666666666666667,right_shoulder,0.5,0.5,0.0,540.0,960.0,0.5
f1ae9d18-a8ba-4f9a-9931-8905448347fd,200,6.666666666666667,left_elbow,0.5,0.5,0.0,540.0,960.0,0.5
f1ae9d18-a8ba-4f9a-9931-8905448347fd,200,6.666666666666667,right_elbow,0.5,0.5,0.0,540.0,960.0,0.5
f1ae9d18-a8ba-4f9a-9931-8905448347fd,200,6.666666666666667,left_wrist,0.5,0.5,0.0,540.0,960.0,0.5
f1ae9d18-a8ba-4f9a-9931-8905448347fd,200,6.666666666666667,right_wrist,0.5,0.5,0.0,540.0,960.0,0.5
f1ae9d18-a8ba-4f9a-9931-8905448347fd,200,6.666666666666667,left_hip,0.5,0.5,0.0,540.0,960.0,0.5
f1ae9d18-a8ba-4f9a-9931-8905448347fd,200,6.666666666666667,right_hip,0.5,0.5,0.0,540.0,960.0,0.5
f1ae9d18-a8ba-4f9a-9931-8905448347fd,200,6.666666666666667,left_knee,0.5,0.5,0.0,540.0,960.0,0.5
f1ae9d18-a8ba-4f9a-9931-8905448347fd,200,6.666666666666667,right_knee,0.5,0.5,0.0,540.0,960.0,0.5
f1ae9d18-a8ba-4f9a-9931-8905448347fd,200,6.666666666666667,left_ankle,0.5,0.5,0.0,540.0,960.0,0.5
f1ae9d18-a8ba-4f9a-9931-8905448347fd,200,6.666666666666667,right_ankle,0.5,0.5,0.0,540.0,960.0,0.5
f1ae9d18-a8ba-4f9a-9931-8905448347fd,200,6.666666666666667,left_heel,0.5,0.5,0.0,540.0,960.0,0.5
f1ae9d18-a8ba-4f9a-9931-8905448347fd,200,6.666666666666667,right_heel,0.5,0.5,0.0,540.0,960.0,0.5
f1ae9d18-a8ba-4f9a-9931-8905448347fd,200,6.666666666666667,left_foot_index,0.5,0.5,0.0,540.0,960.0,0.5
f1ae9d18-a8ba-4f9a-9931-8905448347fd,200,6.666666666666667,right_foot_index,0.5,0.5,0.0,540.0,960.0,0.5
f1ae9d18-a8ba-4f9a-9931-8905448347fd,201,6.7,nose,0.5,0.5,0.0,540.0,960.0,0.5
f1ae9d18-a8ba-4f9a-9931-8905448347fd,201,6.7,left_shoulder,0.5,0.5,0.0,540.0,960.0,0.5
f1ae9d18-a8ba-4f9a-9931-8905448347fd,201,6.7,right_shoulder,0.5,0.5,0.0,540.0,960.0,0.5
f1ae9d18-a8ba-4f9a-9931-8905448347fd,201,6.7,left_elbow,0.5,0.5,0.0,540.0,960.0,0.5
f1ae9d18-a8ba-4f9a-9931-8905448347fd,201,6.7,right_elbow,0.5,0.5,0.0,540.0,960.0,0.5
f1ae9d18-a8ba-4f9a-9931-8905448347fd,201,6.7,left_wrist,0.5,0.5,0.0,540.0,960.0,0.5
f1ae9d18-a8ba-4f9a-9931-8905448347fd,201,6.7,right_wrist,0.5,0.5,0.0,540.0,960.0,0.5
f1ae9d18-a8ba-4f9a-9931-8905448347fd,201,6.7,left_hip,0.5,0.5,0.0,540.0,960.0,0.5
f1ae9d18-a8ba-4f9a-9931-8905448347fd,201,6.7,right_hip,0.5,0.5,0.0,540.0,960.0,0.5
f1ae9d18-a8ba-4f9a-9931-8905448347fd,201,6.7,left_knee,0.5,0.5,0.0,540.0,960.0,0.5
f1ae9d18-a8ba-4f9a-9931-8905448347fd,201,6.7,right_knee,0.5,0.5,0.0,540.0,960.0,0.5
f1ae9d18-a8ba-4f9a-9931-8905448347fd,201,6.7,left_ankle,0.5,0.5,0.0,540.0,960.0,0.5
f1ae9d18-a8ba-4f9a-9931-8905448347fd,201,6.7,right_ankle,0.5,0.5,0.0,540.0,960.0,0.5
f1ae9d18-a8ba-4f9a-9931-8905448347fd,201,6.7,left_heel,0.5,0.5,0.0,540.0,960.0,0.5
f1ae9d18-a8ba-4f9a-9931-8905448347fd,201,6.7,right_heel,0.5,0.5,0.0,540.0,960.0,0.5
f1ae9d18-a8ba-4f9a-9931-8905448347fd,201,6.7,left_foot_index,0.5,0.5,0.0,540.0,960.0,0.5
f1ae9d18-a8ba-4f9a-9931-8905448347fd,201,6.7,right_foot_index,0.5,0.5,0.0,540.0,960.0,0.5
f1ae9d18-a8ba-4f9a-9931-8905448347fd,202,6.733333333333333,nose,0.5,0.5,0.0,540.0,960.0,0.5
f1ae9d18-a8ba-4f9a-9931-8905448347fd,202,6.733333333333333,left_shoulder,0.5,0.5,0.0,540.0,960.0,0.5
f1ae9d18-a8ba-4f9a-9931-8905448347fd,202,6.733333333333333,right_shoulder,0.5,0.5,0.0,540.0,960.0,0.5
f1ae9d18-a8ba-4f9a-9931-8905448347fd,202,6.733333333333333,left_elbow,0.5,0.5,0.0,540.0,960.0,0.5
f1ae9d18-a8ba-4f9a-9931-8905448347fd,202,6.733333333333333,right_elbow,0.5,0.5,0.0,540.0,960.0,0.5
f1ae9d18-a8ba-4f9a-9931-8905448347fd,202,6.733333333333333,left_wrist,0.5,0.5,0.0,540.0,960.0,0.5
f1ae9d18-a8ba-4f9a-9931-8905448347fd,202,6.733333333333333,right_wrist,0.5,0.5,0.0,540.0,960.0,0.5
f1ae9d18-a8ba-4f9a-9931-8905448347fd,202,6.733333333333333,left_hip,0.5,0.5,0.0,540.0,960.0,0.5
f1ae9d18-a8ba-4f9a-9931-8905448347fd,202,6.733333333333333,right_hip,0.5,0.5,0.0,540.0,960.0,0.5
f1ae9d18-a8ba-4f9a-9931-8905448347fd,202,6.733333333333333,left_knee,0.5,0.5,0.0,540.0,960.0,0.5
f1ae9d18-a8ba-4f9a-9931-8905448347fd,202,6.733333333333333,right_knee,0.5,0.5,0.0,540.0,960.0,0.5
f1ae9d18-a8ba-4f9a-9931-8905448347fd,202,6.733333333333333,left_ankle,0.5,0.5,0.0,540.0,960.0,0.5
f1ae9d18-a8ba-4f9a-9931-8905448347fd,202,6.733333333333333,right_ankle,0.5,0.5,0.0,540.0,960.0,0.5
f1ae9d18-a8ba-4f9a-9931-8905448347fd,202,6.733333333333333,left_heel,0.5,0.5,0.0,540.0,960.0,0.5
f1ae9d18-a8ba-4f9a-9931-8905448347fd,202,6.733333333333333,right_heel,0.5,0.5,0.0,540.0,960.0,0.5
f1ae9d18-a8ba-4f9a-9931-8905448347fd,202,6.733333333333333,left_foot_index,0.5,0.5,0.0,540.0,960.0,0.5
f1ae9d18-a8ba-4f9a-9931-8905448347fd,202,6.733333333333333,right_foot_index,0.5,0.5,0.0,540.0,960.0,0.5
f1ae9d18-a8ba-4f9a-9931-8905448347fd,203,6.766666666666667,nose,0.5,0.5,0.0,540.0,960.0,0.5
f1ae9d18-a8ba-4f9a-9931-8905448347fd,203,6.766666666666667,left_shoulder,0.5,0.5,0.0,540.0,960.0,0.5
f1ae9d18-a8ba-4f9a-9931-8905448347fd,203,6.766666666666667,right_shoulder,0.5,0.5,0.0,540.0,960.0,0.5
f1ae9d18-a8ba-4f9a-9931-8905448347fd,203,6.766666666666667,left_elbow,0.5,0.5,0.0,540.0,960.0,0.5
f1ae9d18-a8ba-4f9a-9931-8905448347fd,203,6.766666666666667,right_elbow,0.5,0.5,0.0,540.0,960.0,0.5
f1ae9d18-a8ba-4f9a-9931-8905448347fd,203,6.766666666666667,left_wrist,0.5,0.5,0.0,540.0,960.0,0.5
f1ae9d18-a8ba-4f9a-9931-8905448347fd,203,6.766666666666667,right_wrist,0.5,0.5,0.0,540.0,960.0,0.5
f1ae9d18-a8ba-4f9a-9931-8905448347fd,203,6.766666666666667,left_hip,0.5,0.5,0.0,540.0,960.0,0.5
f1ae9d18-a8ba-4f9a-9931-8905448347fd,203,6.766666666666667,right_hip,0.5,0.5,0.0,540.0,960.0,0.5
f1ae9d18-a8ba-4f9a-9931-8905448347fd,203,6.766666666666667,left_knee,0.5,0.5,0.0,540.0,960.0,0.5
f1ae9d18-a8ba-4f9a-9931-8905448347fd,203,6.766666666666667,right_knee,0.5,0.5,0.0,540.0,960.0,0.5
f1ae9d18-a8ba-4f9a-9931-8905448347fd,203,6.766666666666667,left_ankle,0.5,0.5,0.0,540.0,960.0,0.5
f1ae9d18-a8ba-4f9a-9931-8905448347fd,203,6.766666666666667,right_ankle,0.5,0.5,0.0,540.0,960.0,0.5
f1ae9d18-a8ba-4f9a-9931-8905448347fd,203,6.766666666666667,left_heel,0.5,0.5,0.0,540.0,960.0,0.5
f1ae9d18-a8ba-4f9a-9931-8905448347fd,203,6.766666666666667,right_heel,0.5,0.5,0.0,540.0,960.0,0.5
f1ae9d18-a8ba-4f9a-9931-8905448347fd,203,6.766666666666667,left_foot_index,0.5,0.5,0.0,540.0,960.0,0.5
f1ae9d18-a8ba-4f9a-9931-8905448347fd,203,6.766666666666667,right_foot_index,0.5,0.5,0.0,540.0,960.0,0.5
f1ae9d18-a8ba-4f9a-9931-8905448347fd,204,6.8,nose,0.5,0.5,0.0,540.0,960.0,0.5
f1ae9d18-a8ba-4f9a-9931-8905448347fd,204,6.8,left_shoulder,0.5,0.5,0.0,540.0,960.0,0.5
f1ae9d18-a8ba-4f9a-9931-8905448347fd,204,6.8,right_shoulder,0.5,0.5,0.0,540.0,960.0,0.5
f1ae9d18-a8ba-4f9a-9931-8905448347fd,204,6.8,left_elbow,0.5,0.5,0.0,540.0,960.0,0.5
f1ae9d18-a8ba-4f9a-9931-8905448347fd,204,6.8,right_elbow,0.5,0.5,0.0,540.0,960.0,0.5
f1ae9d18-a8ba-4f9a-9931-8905448347fd,204,6.8,left_wrist,0.5,0.5,0.0,540.0,960.0,0.5
f1ae9d18-a8ba-4f9a-9931-8905448347fd,204,6.8,right_wrist,0.5,0.5,0.0,540.0,960.0,0.5
f1ae9d18-a8ba-4f9a-9931-8905448347fd,204,6.8,left_hip,0.5,0.5,0.0,540.0,960.0,0.5
f1ae9d18-a8ba-4f9a-9931-8905448347fd,204,6.8,right_hip,0.5,0.5,0.0,540.0,960.0,0.5
f1ae9d18-a8ba-4f9a-9931-8905448347fd,204,6.8,left_knee,0.5,0.5,0.0,540.0,960.0,0.5
f1ae9d18-a8ba-4f9a-9931-8905448347fd,204,6.8,right_knee,0.5,0.5,0.0,540.0,960.0,0.5
f1ae9d18-a8ba-4f9a-9931-8905448347fd,204,6.8,left_ankle,0.5,0.5,0.0,540.0,960.0,0.5
f1ae9d18-a8ba-4f9a-9931-8905448347fd,204,6.8,right_ankle,0.5,0.5,0.0,540.0,960.0,0.5
f1ae9d18-a8ba-4f9a-9931-8905448347fd,204,6.8,left_heel,0.5,0.5,0.0,540.0,960.0,0.5
f1ae9d18-a8ba-4f9a-9931-8905448347fd,204,6.8,right_heel,0.5,0.5,0.0,540.0,960.0,0.5
f1ae9d18-a8ba-4f9a-9931-8905448347fd,204,6.8,left_foot_index,0.5,0.5,0.0,540.0,960.0,0.5
f1ae9d18-a8ba-4f9a-9931-8905448347fd,204,6.8,right_foot_index,0.5,0.5,0.0,540.0,960.0,0.5
f1ae9d18-a8ba-4f9a-9931-8905448347fd,205,6.833333333333333,nose,0.5,0.5,0.0,540.0,960.0,0.5
f1ae9d18-a8ba-4f9a-9931-8905448347fd,205,6.833333333333333,left_shoulder,0.5,0.5,0.0,540.0,960.0,0.5
f1ae9d18-a8ba-4f9a-9931-8905448347fd,205,6.833333333333333,right_shoulder,0.5,0.5,0.0,540.0,960.0,0.5
f1ae9d18-a8ba-4f9a-9931-8905448347fd,205,6.833333333333333,left_elbow,0.5,0.5,0.0,540.0,960.0,0.5
f1ae9d18-a8ba-4f9a-9931-8905448347fd,205,6.833333333333333,right_elbow,0.5,0.5,0.0,540.0,960.0,0.5
f1ae9d18-a8ba-4f9a-9931-8905448347fd,205,6.833333333333333,left_wrist,0.5,0.5,0.0,540.0,960.0,0.5
f1ae9d18-a8ba-4f9a-9931-8905448347fd,205,6.833333333333333,right_wrist,0.5,0.5,0.0,540.0,960.0,0.5
f1ae9d18-a8ba-4f9a-9931-8905448347fd,205,6.833333333333333,left_hip,0.5,0.5,0.0,540.0,960.0,0.5
f1ae9d18-a8ba-4f9a-9931-8905448347fd,205,6.833333333333333,right_hip,0.5,0.5,0.0,540.0,960.0,0.5
f1ae9d18-a8ba-4f9a-9931-8905448347fd,205,6.833333333333333,left_knee,0.5,0.5,0.0,540.0,960.0,0.5
f1ae9d18-a8ba-4f9a-9931-8905448347fd,205,6.833333333333333,right_knee,0.5,0.5,0.0,540.0,960.0,0.5
f1ae9d18-a8ba-4f9a-9931-8905448347fd,205,6.833333333333333,left_ankle,0.5,0.5,0.0,540.0,960.0,0.5
f1ae9d18-a8ba-4f9a-9931-8905448347fd,205,6.833333333333333,right_ankle,0.5,0.5,0.0,540.0,960.0,0.5
f1ae9d18-a8ba-4f9a-9931-8905448347fd,205,6.833333333333333,left_heel,0.5,0.5,0.0,540.0,960.0,0.5
f1ae9d18-a8ba-4f9a-9931-8905448347fd,205,6.833333333333333,right_heel,0.5,0.5,0.0,540.0,960.0,0.5
f1ae9d18-a8ba-4f9a-9931-8905448347fd,205,6.833333333333333,left_foot_index,0.5,0.5,0.0,540.0,960.0,0.5
f1ae9d18-a8ba-4f9a-9931-8905448347fd,205,6.833333333333333,right_foot_index,0.5,0.5,0.0,540.0,960.0,0.5
f1ae9d18-a8ba-4f9a-9931-8905448347fd,206,6.866666666666666,nose,0.5,0.5,0.0,540.0,960.0,0.5
f1ae9d18-a8ba-4f9a-9931-8905448347fd,206,6.866666666666666,left_shoulder,0.5,0.5,0.0,540.0,960.0,0.5
f1ae9d18-a8ba-4f9a-9931-8905448347fd,206,6.866666666666666,right_shoulder,0.5,0.5,0.0,540.0,960.0,0.5
f1ae9d18-a8ba-4f9a-9931-8905448347fd,206,6.866666666666666,left_elbow,0.5,0.5,0.0,540.0,960.0,0.5
f1ae9d18-a8ba-4f9a-9931-8905448347fd,206,6.866666666666666,right_elbow,0.5,0.5,0.0,540.0,960.0,0.5
f1ae9d18-a8ba-4f9a-9931-8905448347fd,206,6.866666666666666,left_wrist,0.5,0.5,0.0,540.0,960.0,0.5
f1ae9d18-a8ba-4f9a-9931-8905448347fd,206,6.866666666666666,right_wrist,0.5,0.5,0.0,540.0,960.0,0.5
f1ae9d18-a8ba-4f9a-9931-8905448347fd,206,6.866666666666666,left_hip,0.5,0.5,0.0,540.0,960.0,0.5
f1ae9d18-a8ba-4f9a-9931-8905448347fd,206,6.866666666666666,right_hip,0.5,0.5,0.0,540.0,960.0,0.5
f1ae9d18-a8ba-4f9a-9931-8905448347fd,206,6.866666666666666,left_knee,0.5,0.5,0.0,540.0,960.0,0.5
f1ae9d18-a8ba-4f9a-9931-8905448347fd,206,6.866666666666666,right_knee,0.5,0.5,0.0,540.0,960.0,0.5
f1ae9d18-a8ba-4f9a-9931-8905448347fd,206,6.866666666666666,left_ankle,0.5,0.5,0.0,540.0,960.0,0.5
f1ae9d18-a8ba-4f9a-9931-8905448347fd,206,6.866666666666666,right_ankle,0.5,0.5,0.0,540.0,960.0,0.5
f1ae9d18-a8ba-4f9a-9931-8905448347fd,206,6.866666666666666,left_heel,0.5,0.5,0.0,540.0,960.0,0.5
f1ae9d18-a8ba-4f9a-9931-8905448347fd,206,6.866666666666666,right_heel,0.5,0.5,0.0,540.0,960.0,0.5
f1ae9d18-a8ba-4f9a-9931-8905448347fd,206,6.866666666666666,left_foot_index,0.5,0.5,0.0,540.0,960.0,0.5
f1ae9d18-a8ba-4f9a-9931-8905448347fd,206,6.866666666666666,right_foot_index,0.5,0.5,0.0,540.0,960.0,0.5
f1ae9d18-a8ba-4f9a-9931-8905448347fd,207,6.9,nose,0.5,0.5,0.0,540.0,960.0,0.5
f1ae9d18-a8ba-4f9a-9931-8905448347fd,207,6.9,left_shoulder,0.5,0.5,0.0,540.0,960.0,0.5
f1ae9d18-a8ba-4f9a-9931-8905448347fd,207,6.9,right_shoulder,0.5,0.5,0.0,540.0,960.0,0.5
f1ae9d18-a8ba-4f9a-9931-8905448347fd,207,6.9,left_elbow,0.5,0.5,0.0,540.0,960.0,0.5
f1ae9d18-a8ba-4f9a-9931-8905448347fd,207,6.9,right_elbow,0.5,0.5,0.0,540.0,960.0,0.5
f1ae9d18-a8ba-4f9a-9931-8905448347fd,207,6.9,left_wrist,0.5,0.5,0.0,540.0,960.0,0.5
f1ae9d18-a8ba-4f9a-9931-8905448347fd,207,6.9,right_wrist,0.5,0.5,0.0,540.0,960.0,0.5
f1ae9d18-a8ba-4f9a-9931-8905448347fd,207,6.9,left_hip,0.5,0.5,0.0,540.0,960.0,0.5
f1ae9d18-a8ba-4f9a-9931-8905448347fd,207,6.9,right_hip,0.5,0.5,0.0,540.0,960.0,0.5
f1ae9d18-a8ba-4f9a-9931-8905448347fd,207,6.9,left_knee,0.5,0.5,0.0,540.0,960.0,0.5
f1ae9d18-a8ba-4f9a-9931-8905448347fd,207,6.9,right_knee,0.5,0.5,0.0,540.0,960.0,0.5
f1ae9d18-a8ba-4f9a-9931-8905448347fd,207,6.9,left_ankle,0.5,0.5,0.0,540.0,960.0,0.5
f1ae9d18-a8ba-4f9a-9931-8905448347fd,207,6.9,right_ankle,0.5,0.5,0.0,540.0,960.0,0.5
f1ae9d18-a8ba-4f9a-9931-8905448347fd,207,6.9,left_heel,0.5,0.5,0.0,540.0,960.0,0.5
f1ae9d18-a8ba-4f9a-9931-8905448347fd,207,6.9,right_heel,0.5,0.5,0.0,540.0,960.0,0.5
f1ae9d18-a8ba-4f9a-9931-8905448347fd,207,6.9,left_foot_index,0.5,0.5,0.0,540.0,960.0,0.5
f1ae9d18-a8ba-4f9a-9931-8905448347fd,207,6.9,right_foot_index,0.5,0.5,0.0,540.0,960.0,0.5
f1ae9d18-a8ba-4f9a-9931-8905448347fd,208,6.933333333333334,nose,0.5,0.5,0.0,540.0,960.0,0.5
f1ae9d18-a8ba-4f9a-9931-8905448347fd,208,6.933333333333334,left_shoulder,0.5,0.5,0.0,540.0,960.0,0.5
f1ae9d18-a8ba-4f9a-9931-8905448347fd,208,6.933333333333334,right_shoulder,0.5,0.5,0.0,540.0,960.0,0.5
f1ae9d18-a8ba-4f9a-9931-8905448347fd,208,6.933333333333334,left_elbow,0.5,0.5,0.0,540.0,960.0,0.5
f1ae9d18-a8ba-4f9a-9931-8905448347fd,208,6.933333333333334,right_elbow,0.5,0.5,0.0,540.0,960.0,0.5
f1ae9d18-a8ba-4f9a-9931-8905448347fd,208,6.933333333333334,left_wrist,0.5,0.5,0.0,540.0,960.0,0.5
f1ae9d18-a8ba-4f9a-9931-8905448347fd,208,6.933333333333334,right_wrist,0.5,0.5,0.0,540.0,960.0,0.5
f1ae9d18-a8ba-4f9a-9931-8905448347fd,208,6.933333333333334,left_hip,0.5,0.5,0.0,540.0,960.0,0.5
f1ae9d18-a8ba-4f9a-9931-8905448347fd,208,6.933333333333334,right_hip,0.5,0.5,0.0,540.0,960.0,0.5
f1ae9d18-a8ba-4f9a-9931-8905448347fd,208,6.933333333333334,left_knee,0.5,0.5,0.0,540.0,960.0,0.5
f1ae9d18-a8ba-4f9a-9931-8905448347fd,208,6.933333333333334,right_knee,0.5,0.5,0.0,540.0,960.0,0.5
f1ae9d18-a8ba-4f9a-9931-8905448347fd,208,6.933333333333334,left_ankle,0.5,0.5,0.0,540.0,960.0,0.5
f1ae9d18-a8ba-4f9a-9931-8905448347fd,208,6.933333333333334,right_ankle,0.5,0.5,0.0,540.0,960.0,0.5
f1ae9d18-a8ba-4f9a-9931-8905448347fd,208,6.933333333333334,left_heel,0.5,0.5,0.0,540.0,960.0,0.5
f1ae9d18-a8ba-4f9a-9931-8905448347fd,208,6.933333333333334,right_heel,0.5,0.5,0.0,540.0,960.0,0.5
f1ae9d18-a8ba-4f9a-9931-8905448347fd,208,6.933333333333334,left_foot_index,0.5,0.5,0.0,540.0,960.0,0.5
f1ae9d18-a8ba-4f9a-9931-8905448347fd,208,6.933333333333334,right_foot_index,0.5,0.5,0.0,540.0,960.0,0.5
f1ae9d18-a8ba-4f9a-9931-8905448347fd,209,6.966666666666667,nose,0.5,0.5,0.0,540.0,960.0,0.5
f1ae9d18-a8ba-4f9a-9931-8905448347fd,209,6.966666666666667,left_shoulder,0.5,0.5,0.0,540.0,960.0,0.5
f1ae9d18-a8ba-4f9a-9931-8905448347fd,209,6.966666666666667,right_shoulder,0.5,0.5,0.0,540.0,960.0,0.5
f1ae9d18-a8ba-4f9a-9931-8905448347fd,209,6.966666666666667,left_elbow,0.5,0.5,0.0,540.0,960.0,0.5
f1ae9d18-a8ba-4f9a-9931-8905448347fd,209,6.966666666666667,right_elbow,0.5,0.5,0.0,540.0,960.0,0.5
f1ae9d18-a8ba-4f9a-9931-8905448347fd,209,6.966666666666667,left_wrist,0.5,0.5,0.0,540.0,960.0,0.5
f1ae9d18-a8ba-4f9a-9931-8905448347fd,209,6.966666666666667,right_wrist,0.5,0.5,0.0,540.0,960.0,0.5
f1ae9d18-a8ba-4f9a-9931-8905448347fd,209,6.966666666666667,left_hip,0.5,0.5,0.0,540.0,960.0,0.5
f1ae9d18-a8ba-4f9a-9931-8905448347fd,209,6.966666666666667,right_hip,0.5,0.5,0.0,540.0,960.0,0.5
f1ae9d18-a8ba-4f9a-9931-8905448347fd,209,6.966666666666667,left_knee,0.5,0.5,0.0,540.0,960.0,0.5
f1ae9d18-a8ba-4f9a-9931-8905448347fd,209,6.966666666666667,right_knee,0.5,0.5,0.0,540.0,960.0,0.5
f1ae9d18-a8ba-4f9a-9931-8905448347fd,209,6.966666666666667,left_ankle,0.5,0.5,0.0,540.0,960.0,0.5
f1ae9d18-a8ba-4f9a-9931-8905448347fd,209,6.966666666666667,right_ankle,0.5,0.5,0.0,540.0,960.0,0.5
f1ae9d18-a8ba-4f9a-9931-8905448347fd,209,6.966666666666667,left_heel,0.5,0.5,0.0,540.0,960.0,0.5
f1ae9d18-a8ba-4f9a-9931-8905448347fd,209,6.966666666666667,right_heel,0.5,0.5,0.0,540.0,960.0,0.5
f1ae9d18-a8ba-4f9a-9931-8905448347fd,209,6.966666666666667,left_foot_index,0.5,0.5,0.0,540.0,960.0,0.5
f1ae9d18-a8ba-4f9a-9931-8905448347fd,209,6.966666666666667,right_foot_index,0.5,0.5,0.0,540.0,960.0,0.5
f1ae9d18-a8ba-4f9a-9931-8905448347fd,210,7.0,nose,0.5,0.5,0.0,540.0,960.0,0.5
f1ae9d18-a8ba-4f9a-9931-8905448347fd,210,7.0,left_shoulder,0.5,0.5,0.0,540.0,960.0,0.5
f1ae9d18-a8ba-4f9a-9931-8905448347fd,210,7.0,right_shoulder,0.5,0.5,0.0,540.0,960.0,0.5
f1ae9d18-a8ba-4f9a-9931-8905448347fd,210,7.0,left_elbow,0.5,0.5,0.0,540.0,960.0,0.5
f1ae9d18-a8ba-4f9a-9931-8905448347fd,210,7.0,right_elbow,0.5,0.5,0.0,540.0,960.0,0.5
f1ae9d18-a8ba-4f9a-9931-8905448347fd,210,7.0,left_wrist,0.5,0.5,0.0,540.0,960.0,0.5
f1ae9d18-a8ba-4f9a-9931-8905448347fd,210,7.0,right_wrist,0.5,0.5,0.0,540.0,960.0,0.5
f1ae9d18-a8ba-4f9a-9931-8905448347fd,210,7.0,left_hip,0.5,0.5,0.0,540.0,960.0,0.5
f1ae9d18-a8ba-4f9a-9931-8905448347fd,210,7.0,right_hip,0.5,0.5,0.0,540.0,960.0,0.5
f1ae9d18-a8ba-4f9a-9931-8905448347fd,210,7.0,left_knee,0.5,0.5,0.0,540.0,960.0,0.5
f1ae9d18-a8ba-4f9a-9931-8905448347fd,210,7.0,right_knee,0.5,0.5,0.0,540.0,960.0,0.5
f1ae9d18-a8ba-4f9a-9931-8905448347fd,210,7.0,left_ankle,0.5,0.5,0.0,540.0,960.0,0.5
f1ae9d18-a8ba-4f9a-9931-8905448347fd,210,7.0,right_ankle,0.5,0.5,0.0,540.0,960.0,0.5
f1ae9d18-a8ba-4f9a-9931-8905448347fd,210,7.0,left_heel,0.5,0.5,0.0,540.0,960.0,0.5
f1ae9d18-a8ba-4f9a-9931-8905448347fd,210,7.0,right_heel,0.5,0.5,0.0,540.0,960.0,0.5
f1ae9d18-a8ba-4f9a-9931-8905448347fd,210,7.0,left_foot_index,0.5,0.5,0.0,540.0,960.0,0.5
f1ae9d18-a8ba-4f9a-9931-8905448347fd,210,7.0,right_foot_index,0.5,0.5,0.0,540.0,960.0,0.5
f1ae9d18-a8ba-4f9a-9931-8905448347fd,211,7.033333333333333,nose,0.5,0.5,0.0,540.0,960.0,0.5
f1ae9d18-a8ba-4f9a-9931-8905448347fd,211,7.033333333333333,left_shoulder,0.5,0.5,0.0,540.0,960.0,0.5
f1ae9d18-a8ba-4f9a-9931-8905448347fd,211,7.033333333333333,right_shoulder,0.5,0.5,0.0,540.0,960.0,0.5
f1ae9d18-a8ba-4f9a-9931-8905448347fd,211,7.033333333333333,left_elbow,0.5,0.5,0.0,540.0,960.0,0.5
f1ae9d18-a8ba-4f9a-9931-8905448347fd,211,7.033333333333333,right_elbow,0.5,0.5,0.0,540.0,960.0,0.5
f1ae9d18-a8ba-4f9a-9931-8905448347fd,211,7.033333333333333,left_wrist,0.5,0.5,0.0,540.0,960.0,0.5
f1ae9d18-a8ba-4f9a-9931-8905448347fd,211,7.033333333333333,right_wrist,0.5,0.5,0.0,540.0,960.0,0.5
f1ae9d18-a8ba-4f9a-9931-8905448347fd,211,7.033333333333333,left_hip,0.5,0.5,0.0,540.0,960.0,0.5
f1ae9d18-a8ba-4f9a-9931-8905448347fd,211,7.033333333333333,right_hip,0.5,0.5,0.0,540.0,960.0,0.5
f1ae9d18-a8ba-4f9a-9931-8905448347fd,211,7.033333333333333,left_knee,0.5,0.5,0.0,540.0,960.0,0.5
f1ae9d18-a8ba-4f9a-9931-8905448347fd,211,7.033333333333333,right_knee,0.5,0.5,0.0,540.0,960.0,0.5
f1ae9d18-a8ba-4f9a-9931-8905448347fd,211,7.033333333333333,left_ankle,0.5,0.5,0.0,540.0,960.0,0.5
f1ae9d18-a8ba-4f9a-9931-8905448347fd,211,7.033333333333333,right_ankle,0.5,0.5,0.0,540.0,960.0,0.5
f1ae9d18-a8ba-4f9a-9931-8905448347fd,211,7.033333333333333,left_heel,0.5,0.5,0.0,540.0,960.0,0.5
f1ae9d18-a8ba-4f9a-9931-8905448347fd,211,7.033333333333333,right_heel,0.5,0.5,0.0,540.0,960.0,0.5
f1ae9d18-a8ba-4f9a-9931-8905448347fd,211,7.033333333333333,left_foot_index,0.5,0.5,0.0,540.0,960.0,0.5
f1ae9d18-a8ba-4f9a-9931-8905448347fd,211,7.033333333333333,right_foot_index,0.5,0.5,0.0,540.0,960.0,0.5
f1ae9d18-a8ba-4f9a-9931-8905448347fd,212,7.066666666666666,nose,0.5,0.5,0.0,540.0,960.0,0.5
f1ae9d18-a8ba-4f9a-9931-8905448347fd,212,7.066666666666666,left_shoulder,0.5,0.5,0.0,540.0,960.0,0.5
f1ae9d18-a8ba-4f9a-9931-8905448347fd,212,7.066666666666666,right_shoulder,0.5,0.5,0.0,540.0,960.0,0.5
f1ae9d18-a8ba-4f9a-9931-8905448347fd,212,7.066666666666666,left_elbow,0.5,0.5,0.0,540.0,960.0,0.5
f1ae9d18-a8ba-4f9a-9931-8905448347fd,212,7.066666666666666,right_elbow,0.5,0.5,0.0,540.0,960.0,0.5
f1ae9d18-a8ba-4f9a-9931-8905448347fd,212,7.066666666666666,left_wrist,0.5,0.5,0.0,540.0,960.0,0.5
f1ae9d18-a8ba-4f9a-9931-8905448347fd,212,7.066666666666666,right_wrist,0.5,0.5,0.0,540.0,960.0,0.5
f1ae9d18-a8ba-4f9a-9931-8905448347fd,212,7.066666666666666,left_hip,0.5,0.5,0.0,540.0,960.0,0.5
f1ae9d18-a8ba-4f9a-9931-8905448347fd,212,7.066666666666666,right_hip,0.5,0.5,0.0,540.0,960.0,0.5
f1ae9d18-a8ba-4f9a-9931-8905448347fd,212,7.066666666666666,left_knee,0.5,0.5,0.0,540.0,960.0,0.5
f1ae9d18-a8ba-4f9a-9931-8905448347fd,212,7.066666666666666,right_knee,0.5,0.5,0.0,540.0,960.0,0.5
f1ae9d18-a8ba-4f9a-9931-8905448347fd,212,7.066666666666666,left_ankle,0.5,0.5,0.0,540.0,960.0,0.5
f1ae9d18-a8ba-4f9a-9931-8905448347fd,212,7.066666666666666,right_ankle,0.5,0.5,0.0,540.0,960.0,0.5
f1ae9d18-a8ba-4f9a-9931-8905448347fd,212,7.066666666666666,left_heel,0.5,0.5,0.0,540.0,960.0,0.5
f1ae9d18-a8ba-4f9a-9931-8905448347fd,212,7.066666666666666,right_heel,0.5,0.5,0.0,540.0,960.0,0.5
f1ae9d18-a8ba-4f9a-9931-8905448347fd,212,7.066666666666666,left_foot_index,0.5,0.5,0.0,540.0,960.0,0.5
f1ae9d18-a8ba-4f9a-9931-8905448347fd,212,7.066666666666666,right_foot_index,0.5,0.5,0.0,540.0,960.0,0.5
f1ae9d18-a8ba-4f9a-9931-8905448347fd,213,7.1,nose,0.5,0.5,0.0,540.0,960.0,0.5
f1ae9d18-a8ba-4f9a-9931-8905448347fd,213,7.1,left_shoulder,0.5,0.5,0.0,540.0,960.0,0.5
f1ae9d18-a8ba-4f9a-9931-8905448347fd,213,7.1,right_shoulder,0.5,0.5,0.0,540.0,960.0,0.5
f1ae9d18-a8ba-4f9a-9931-8905448347fd,213,7.1,left_elbow,0.5,0.5,0.0,540.0,960.0,0.5
f1ae9d18-a8ba-4f9a-9931-8905448347fd,213,7.1,right_elbow,0.5,0.5,0.0,540.0,960.0,0.5
f1ae9d18-a8ba-4f9a-9931-8905448347fd,213,7.1,left_wrist,0.5,0.5,0.0,540.0,960.0,0.5
f1ae9d18-a8ba-4f9a-9931-8905448347fd,213,7.1,right_wrist,0.5,0.5,0.0,540.0,960.0,0.5
f1ae9d18-a8ba-4f9a-9931-8905448347fd,213,7.1,left_hip,0.5,0.5,0.0,540.0,960.0,0.5
f1ae9d18-a8ba-4f9a-9931-8905448347fd,213,7.1,right_hip,0.5,0.5,0.0,540.0,960.0,0.5
f1ae9d18-a8ba-4f9a-9931-8905448347fd,213,7.1,left_knee,0.5,0.5,0.0,540.0,960.0,0.5
f1ae9d18-a8ba-4f9a-9931-8905448347fd,213,7.1,right_knee,0.5,0.5,0.0,540.0,960.0,0.5
f1ae9d18-a8ba-4f9a-9931-8905448347fd,213,7.1,left_ankle,0.5,0.5,0.0,540.0,960.0,0.5
f1ae9d18-a8ba-4f9a-9931-8905448347fd,213,7.1,right_ankle,0.5,0.5,0.0,540.0,960.0,0.5
f1ae9d18-a8ba-4f9a-9931-8905448347fd,213,7.1,left_heel,0.5,0.5,0.0,540.0,960.0,0.5
f1ae9d18-a8ba-4f9a-9931-8905448347fd,213,7.1,right_heel,0.5,0.5,0.0,540.0,960.0,0.5
f1ae9d18-a8ba-4f9a-9931-8905448347fd,213,7.1,left_foot_index,0.5,0.5,0.0,540.0,960.0,0.5
f1ae9d18-a8ba-4f9a-9931-8905448347fd,213,7.1,right_foot_index,0.5,0.5,0.0,540.0,960.0,0.5
f1ae9d18-a8ba-4f9a-9931-8905448347fd,214,7.133333333333334,nose,0.5,0.5,0.0,540.0,960.0,0.5
f1ae9d18-a8ba-4f9a-9931-8905448347fd,214,7.133333333333334,left_shoulder,0.5,0.5,0.0,540.0,960.0,0.5
f1ae9d18-a8ba-4f9a-9931-8905448347fd,214,7.133333333333334,right_shoulder,0.5,0.5,0.0,540.0,960.0,0.5
f1ae9d18-a8ba-4f9a-9931-8905448347fd,214,7.133333333333334,left_elbow,0.5,0.5,0.0,540.0,960.0,0.5
f1ae9d18-a8ba-4f9a-9931-8905448347fd,214,7.133333333333334,right_elbow,0.5,0.5,0.0,540.0,960.0,0.5
f1ae9d18-a8ba-4f9a-9931-8905448347fd,214,7.133333333333334,left_wrist,0.5,0.5,0.0,540.0,960.0,0.5
f1ae9d18-a8ba-4f9a-9931-8905448347fd,214,7.133333333333334,right_wrist,0.5,0.5,0.0,540.0,960.0,0.5
f1ae9d18-a8ba-4f9a-9931-8905448347fd,214,7.133333333333334,left_hip,0.5,0.5,0.0,540.0,960.0,0.5
f1ae9d18-a8ba-4f9a-9931-8905448347fd,214,7.133333333333334,right_hip,0.5,0.5,0.0,540.0,960.0,0.5
f1ae9d18-a8ba-4f9a-9931-8905448347fd,214,7.133333333333334,left_knee,0.5,0.5,0.0,540.0,960.0,0.5
f1ae9d18-a8ba-4f9a-9931-8905448347fd,214,7.133333333333334,right_knee,0.5,0.5,0.0,540.0,960.0,0.5
f1ae9d18-a8ba-4f9a-9931-8905448347fd,214,7.133333333333334,left_ankle,0.5,0.5,0.0,540.0,960.0,0.5
f1ae9d18-a8ba-4f9a-9931-8905448347fd,214,7.133333333333334,right_ankle,0.5,0.5,0.0,540.0,960.0,0.5
f1ae9d18-a8ba-4f9a-9931-8905448347fd,214,7.133333333333334,left_heel,0.5,0.5,0.0,540.0,960.0,0.5
f1ae9d18-a8ba-4f9a-9931-8905448347fd,214,7.133333333333334,right_heel,0.5,0.5,0.0,540.0,960.0,0.5
f1ae9d18-a8ba-4f9a-9931-8905448347fd,214,7.133333333333334,left_foot_index,0.5,0.5,0.0,540.0,960.0,0.5
f1ae9d18-a8ba-4f9a-9931-8905448347fd,214,7.133333333333334,right_foot_index,0.5,0.5,0.0,540.0,960.0,0.5
f1ae9d18-a8ba-4f9a-9931-8905448347fd,215,7.166666666666667,nose,0.5,0.5,0.0,540.0,960.0,0.5
f1ae9d18-a8ba-4f9a-9931-8905448347fd,215,7.166666666666667,left_shoulder,0.5,0.5,0.0,540.0,960.0,0.5
f1ae9d18-a8ba-4f9a-9931-8905448347fd,215,7.166666666666667,right_shoulder,0.5,0.5,0.0,540.0,960.0,0.5
f1ae9d18-a8ba-4f9a-9931-8905448347fd,215,7.166666666666667,left_elbow,0.5,0.5,0.0,540.0,960.0,0.5
f1ae9d18-a8ba-4f9a-9931-8905448347fd,215,7.166666666666667,right_elbow,0.5,0.5,0.0,540.0,960.0,0.5
f1ae9d18-a8ba-4f9a-9931-8905448347fd,215,7.166666666666667,left_wrist,0.5,0.5,0.0,540.0,960.0,0.5
f1ae9d18-a8ba-4f9a-9931-8905448347fd,215,7.166666666666667,right_wrist,0.5,0.5,0.0,540.0,960.0,0.5
f1ae9d18-a8ba-4f9a-9931-8905448347fd,215,7.166666666666667,left_hip,0.5,0.5,0.0,540.0,960.0,0.5
f1ae9d18-a8ba-4f9a-9931-8905448347fd,215,7.166666666666667,right_hip,0.5,0.5,0.0,540.0,960.0,0.5
f1ae9d18-a8ba-4f9a-9931-8905448347fd,215,7.166666666666667,left_knee,0.5,0.5,0.0,540.0,960.0,0.5
f1ae9d18-a8ba-4f9a-9931-8905448347fd,215,7.166666666666667,right_knee,0.5,0.5,0.0,540.0,960.0,0.5
f1ae9d18-a8ba-4f9a-9931-8905448347fd,215,7.166666666666667,left_ankle,0.5,0.5,0.0,540.0,960.0,0.5
f1ae9d18-a8ba-4f9a-9931-8905448347fd,215,7.166666666666667,right_ankle,0.5,0.5,0.0,540.0,960.0,0.5
f1ae9d18-a8ba-4f9a-9931-8905448347fd,215,7.166666666666667,left_heel,0.5,0.5,0.0,540.0,960.0,0.5
f1ae9d18-a8ba-4f9a-9931-8905448347fd,215,7.166666666666667,right_heel,0.5,0.5,0.0,540.0,960.0,0.5
f1ae9d18-a8ba-4f9a-9931-8905448347fd,215,7.166666666666667,left_foot_index,0.5,0.5,0.0,540.0,960.0,0.5
f1ae9d18-a8ba-4f9a-9931-8905448347fd,215,7.166666666666667,right_foot_index,0.5,0.5,0.0,540.0,960.0,0.5
f1ae9d18-a8ba-4f9a-9931-8905448347fd,216,7.2,nose,0.5,0.5,0.0,540.0,960.0,0.5
f1ae9d18-a8ba-4f9a-9931-8905448347fd,216,7.2,left_shoulder,0.5,0.5,0.0,540.0,960.0,0.5
f1ae9d18-a8ba-4f9a-9931-8905448347fd,216,7.2,right_shoulder,0.5,0.5,0.0,540.0,960.0,0.5
f1ae9d18-a8ba-4f9a-9931-8905448347fd,216,7.2,left_elbow,0.5,0.5,0.0,540.0,960.0,0.5
f1ae9d18-a8ba-4f9a-9931-8905448347fd,216,7.2,right_elbow,0.5,0.5,0.0,540.0,960.0,0.5
f1ae9d18-a8ba-4f9a-9931-8905448347fd,216,7.2,left_wrist,0.5,0.5,0.0,540.0,960.0,0.5
f1ae9d18-a8ba-4f9a-9931-8905448347fd,216,7.2,right_wrist,0.5,0.5,0.0,540.0,960.0,0.5
f1ae9d18-a8ba-4f9a-9931-8905448347fd,216,7.2,left_hip,0.5,0.5,0.0,540.0,960.0,0.5
f1ae9d18-a8ba-4f9a-9931-8905448347fd,216,7.2,right_hip,0.5,0.5,0.0,540.0,960.0,0.5
f1ae9d18-a8ba-4f9a-9931-8905448347fd,216,7.2,left_knee,0.5,0.5,0.0,540.0,960.0,0.5
f1ae9d18-a8ba-4f9a-9931-8905448347fd,216,7.2,right_knee,0.5,0.5,0.0,540.0,960.0,0.5
f1ae9d18-a8ba-4f9a-9931-8905448347fd,216,7.2,left_ankle,0.5,0.5,0.0,540.0,960.0,0.5
f1ae9d18-a8ba-4f9a-9931-8905448347fd,216,7.2,right_ankle,0.5,0.5,0.0,540.0,960.0,0.5
f1ae9d18-a8ba-4f9a-9931-8905448347fd,216,7.2,left_heel,0.5,0.5,0.0,540.0,960.0,0.5
f1ae9d18-a8ba-4f9a-9931-8905448347fd,216,7.2,right_heel,0.5,0.5,0.0,540.0,960.0,0.5
f1ae9d18-a8ba-4f9a-9931-8905448347fd,216,7.2,left_foot_index,0.5,0.5,0.0,540.0,960.0,0.5
f1ae9d18-a8ba-4f9a-9931-8905448347fd,216,7.2,right_foot_index,0.5,0.5,0.0,540.0,960.0,0.5
f1ae9d18-a8ba-4f9a-9931-8905448347fd,217,7.233333333333333,nose,0.5,0.5,0.0,540.0,960.0,0.5
f1ae9d18-a8ba-4f9a-9931-8905448347fd,217,7.233333333333333,left_shoulder,0.5,0.5,0.0,540.0,960.0,0.5
f1ae9d18-a8ba-4f9a-9931-8905448347fd,217,7.233333333333333,right_shoulder,0.5,0.5,0.0,540.0,960.0,0.5
f1ae9d18-a8ba-4f9a-9931-8905448347fd,217,7.233333333333333,left_elbow,0.5,0.5,0.0,540.0,960.0,0.5
f1ae9d18-a8ba-4f9a-9931-8905448347fd,217,7.233333333333333,right_elbow,0.5,0.5,0.0,540.0,960.0,0.5
f1ae9d18-a8ba-4f9a-9931-8905448347fd,217,7.233333333333333,left_wrist,0.5,0.5,0.0,540.0,960.0,0.5
f1ae9d18-a8ba-4f9a-9931-8905448347fd,217,7.233333333333333,right_wrist,0.5,0.5,0.0,540.0,960.0,0.5
f1ae9d18-a8ba-4f9a-9931-8905448347fd,217,7.233333333333333,left_hip,0.5,0.5,0.0,540.0,960.0,0.5
f1ae9d18-a8ba-4f9a-9931-8905448347fd,217,7.233333333333333,right_hip,0.5,0.5,0.0,540.0,960.0,0.5
f1ae9d18-a8ba-4f9a-9931-8905448347fd,217,7.233333333333333,left_knee,0.5,0.5,0.0,540.0,960.0,0.5
f1ae9d18-a8ba-4f9a-9931-8905448347fd,217,7.233333333333333,right_knee,0.5,0.5,0.0,540.0,960.0,0.5
f1ae9d18-a8ba-4f9a-9931-8905448347fd,217,7.233333333333333,left_ankle,0.5,0.5,0.0,540.0,960.0,0.5
f1ae9d18-a8ba-4f9a-9931-8905448347fd,217,7.233333333333333,right_ankle,0.5,0.5,0.0,540.0,960.0,0.5
f1ae9d18-a8ba-4f9a-9931-8905448347fd,217,7.233333333333333,left_heel,0.5,0.5,0.0,540.0,960.0,0.5
f1ae9d18-a8ba-4f9a-9931-8905448347fd,217,7.233333333333333,right_heel,0.5,0.5,0.0,540.0,960.0,0.5
f1ae9d18-a8ba-4f9a-9931-8905448347fd,217,7.233333333333333,left_foot_index,0.5,0.5,0.0,540.0,960.0,0.5
f1ae9d18-a8ba-4f9a-9931-8905448347fd,217,7.233333333333333,right_foot_index,0.5,0.5,0.0,540.0,960.0,0.5
f1ae9d18-a8ba-4f9a-9931-8905448347fd,218,7.266666666666667,nose,0.5,0.5,0.0,540.0,960.0,0.5
f1ae9d18-a8ba-4f9a-9931-8905448347fd,218,7.266666666666667,left_shoulder,0.5,0.5,0.0,540.0,960.0,0.5
f1ae9d18-a8ba-4f9a-9931-8905448347fd,218,7.266666666666667,right_shoulder,0.5,0.5,0.0,540.0,960.0,0.5
f1ae9d18-a8ba-4f9a-9931-8905448347fd,218,7.266666666666667,left_elbow,0.5,0.5,0.0,540.0,960.0,0.5
f1ae9d18-a8ba-4f9a-9931-8905448347fd,218,7.266666666666667,right_elbow,0.5,0.5,0.0,540.0,960.0,0.5
f1ae9d18-a8ba-4f9a-9931-8905448347fd,218,7.266666666666667,left_wrist,0.5,0.5,0.0,540.0,960.0,0.5
f1ae9d18-a8ba-4f9a-9931-8905448347fd,218,7.266666666666667,right_wrist,0.5,0.5,0.0,540.0,960.0,0.5
f1ae9d18-a8ba-4f9a-9931-8905448347fd,218,7.266666666666667,left_hip,0.5,0.5,0.0,540.0,960.0,0.5
f1ae9d18-a8ba-4f9a-9931-8905448347fd,218,7.266666666666667,right_hip,0.5,0.5,0.0,540.0,960.0,0.5
f1ae9d18-a8ba-4f9a-9931-8905448347fd,218,7.266666666666667,left_knee,0.5,0.5,0.0,540.0,960.0,0.5
f1ae9d18-a8ba-4f9a-9931-8905448347fd,218,7.266666666666667,right_knee,0.5,0.5,0.0,540.0,960.0,0.5
f1ae9d18-a8ba-4f9a-9931-8905448347fd,218,7.266666666666667,left_ankle,0.5,0.5,0.0,540.0,960.0,0.5
f1ae9d18-a8ba-4f9a-9931-8905448347fd,218,7.266666666666667,right_ankle,0.5,0.5,0.0,540.0,960.0,0.5
f1ae9d18-a8ba-4f9a-9931-8905448347fd,218,7.266666666666667,left_heel,0.5,0.5,0.0,540.0,960.0,0.5
f1ae9d18-a8ba-4f9a-9931-8905448347fd,218,7.266666666666667,right_heel,0.5,0.5,0.0,540.0,960.0,0.5
f1ae9d18-a8ba-4f9a-9931-8905448347fd,218,7.266666666666667,left_foot_index,0.5,0.5,0.0,540.0,960.0,0.5
f1ae9d18-a8ba-4f9a-9931-8905448347fd,218,7.266666666666667,right_foot_index,0.5,0.5,0.0,540.0,960.0,0.5
f1ae9d18-a8ba-4f9a-9931-8905448347fd,219,7.3,nose,0.5,0.5,0.0,540.0,960.0,0.5
f1ae9d18-a8ba-4f9a-9931-8905448347fd,219,7.3,left_shoulder,0.5,0.5,0.0,540.0,960.0,0.5
f1ae9d18-a8ba-4f9a-9931-8905448347fd,219,7.3,right_shoulder,0.5,0.5,0.0,540.0,960.0,0.5
f1ae9d18-a8ba-4f9a-9931-8905448347fd,219,7.3,left_elbow,0.5,0.5,0.0,540.0,960.0,0.5
f1ae9d18-a8ba-4f9a-9931-8905448347fd,219,7.3,right_elbow,0.5,0.5,0.0,540.0,960.0,0.5
f1ae9d18-a8ba-4f9a-9931-8905448347fd,219,7.3,left_wrist,0.5,0.5,0.0,540.0,960.0,0.5
f1ae9d18-a8ba-4f9a-9931-8905448347fd,219,7.3,right_wrist,0.5,0.5,0.0,540.0,960.0,0.5
f1ae9d18-a8ba-4f9a-9931-8905448347fd,219,7.3,left_hip,0.5,0.5,0.0,540.0,960.0,0.5
f1ae9d18-a8ba-4f9a-9931-8905448347fd,219,7.3,right_hip,0.5,0.5,0.0,540.0,960.0,0.5
f1ae9d18-a8ba-4f9a-9931-8905448347fd,219,7.3,left_knee,0.5,0.5,0.0,540.0,960.0,0.5
f1ae9d18-a8ba-4f9a-9931-8905448347fd,219,7.3,right_knee,0.5,0.5,0.0,540.0,960.0,0.5
f1ae9d18-a8ba-4f9a-9931-8905448347fd,219,7.3,left_ankle,0.5,0.5,0.0,540.0,960.0,0.5
f1ae9d18-a8ba-4f9a-9931-8905448347fd,219,7.3,right_ankle,0.5,0.5,0.0,540.0,960.0,0.5
f1ae9d18-a8ba-4f9a-9931-8905448347fd,219,7.3,left_heel,0.5,0.5,0.0,540.0,960.0,0.5
f1ae9d18-a8ba-4f9a-9931-8905448347fd,219,7.3,right_heel,0.5,0.5,0.0,540.0,960.0,0.5
f1ae9d18-a8ba-4f9a-9931-8905448347fd,219,7.3,left_foot_index,0.5,0.5,0.0,540.0,960.0,0.5
f1ae9d18-a8ba-4f9a-9931-8905448347fd,219,7.3,right_foot_index,0.5,0.5,0.0,540.0,960.0,0.5
f1ae9d18-a8ba-4f9a-9931-8905448347fd,220,7.333333333333333,nose,0.5,0.5,0.0,540.0,960.0,0.5
f1ae9d18-a8ba-4f9a-9931-8905448347fd,220,7.333333333333333,left_shoulder,0.5,0.5,0.0,540.0,960.0,0.5
f1ae9d18-a8ba-4f9a-9931-8905448347fd,220,7.333333333333333,right_shoulder,0.5,0.5,0.0,540.0,960.0,0.5
f1ae9d18-a8ba-4f9a-9931-8905448347fd,220,7.333333333333333,left_elbow,0.5,0.5,0.0,540.0,960.0,0.5
f1ae9d18-a8ba-4f9a-9931-8905448347fd,220,7.333333333333333,right_elbow,0.5,0.5,0.0,540.0,960.0,0.5
f1ae9d18-a8ba-4f9a-9931-8905448347fd,220,7.333333333333333,left_wrist,0.5,0.5,0.0,540.0,960.0,0.5
f1ae9d18-a8ba-4f9a-9931-8905448347fd,220,7.333333333333333,right_wrist,0.5,0.5,0.0,540.0,960.0,0.5
f1ae9d18-a8ba-4f9a-9931-8905448347fd,220,7.333333333333333,left_hip,0.5,0.5,0.0,540.0,960.0,0.5
f1ae9d18-a8ba-4f9a-9931-8905448347fd,220,7.333333333333333,right_hip,0.5,0.5,0.0,540.0,960.0,0.5
f1ae9d18-a8ba-4f9a-9931-8905448347fd,220,7.333333333333333,left_knee,0.5,0.5,0.0,540.0,960.0,0.5
f1ae9d18-a8ba-4f9a-9931-8905448347fd,220,7.333333333333333,right_knee,0.5,0.5,0.0,540.0,960.0,0.5
f1ae9d18-a8ba-4f9a-9931-8905448347fd,220,7.333333333333333,left_ankle,0.5,0.5,0.0,540.0,960.0,0.5
f1ae9d18-a8ba-4f9a-9931-8905448347fd,220,7.333333333333333,right_ankle,0.5,0.5,0.0,540.0,960.0,0.5
f1ae9d18-a8ba-4f9a-9931-8905448347fd,220,7.333333333333333,left_heel,0.5,0.5,0.0,540.0,960.0,0.5
f1ae9d18-a8ba-4f9a-9931-8905448347fd,220,7.333333333333333,right_heel,0.5,0.5,0.0,540.0,960.0,0.5
f1ae9d18-a8ba-4f9a-9931-8905448347fd,220,7.333333333333333,left_foot_index,0.5,0.5,0.0,540.0,960.0,0.5
f1ae9d18-a8ba-4f9a-9931-8905448347fd,220,7.333333333333333,right_foot_index,0.5,0.5,0.0,540.0,960.0,0.5
f1ae9d18-a8ba-4f9a-9931-8905448347fd,221,7.366666666666666,nose,0.5,0.5,0.0,540.0,960.0,0.5
f1ae9d18-a8ba-4f9a-9931-8905448347fd,221,7.366666666666666,left_shoulder,0.5,0.5,0.0,540.0,960.0,0.5
f1ae9d18-a8ba-4f9a-9931-8905448347fd,221,7.366666666666666,right_shoulder,0.5,0.5,0.0,540.0,960.0,0.5
f1ae9d18-a8ba-4f9a-9931-8905448347fd,221,7.366666666666666,left_elbow,0.5,0.5,0.0,540.0,960.0,0.5
f1ae9d18-a8ba-4f9a-9931-8905448347fd,221,7.366666666666666,right_elbow,0.5,0.5,0.0,540.0,960.0,0.5
f1ae9d18-a8ba-4f9a-9931-8905448347fd,221,7.366666666666666,left_wrist,0.5,0.5,0.0,540.0,960.0,0.5
f1ae9d18-a8ba-4f9a-9931-8905448347fd,221,7.366666666666666,right_wrist,0.5,0.5,0.0,540.0,960.0,0.5
f1ae9d18-a8ba-4f9a-9931-8905448347fd,221,7.366666666666666,left_hip,0.5,0.5,0.0,540.0,960.0,0.5
f1ae9d18-a8ba-4f9a-9931-8905448347fd,221,7.366666666666666,right_hip,0.5,0.5,0.0,540.0,960.0,0.5
f1ae9d18-a8ba-4f9a-9931-8905448347fd,221,7.366666666666666,left_knee,0.5,0.5,0.0,540.0,960.0,0.5
f1ae9d18-a8ba-4f9a-9931-8905448347fd,221,7.366666666666666,right_knee,0.5,0.5,0.0,540.0,960.0,0.5
f1ae9d18-a8ba-4f9a-9931-8905448347fd,221,7.366666666666666,left_ankle,0.5,0.5,0.0,540.0,960.0,0.5
f1ae9d18-a8ba-4f9a-9931-8905448347fd,221,7.366666666666666,right_ankle,0.5,0.5,0.0,540.0,960.0,0.5
f1ae9d18-a8ba-4f9a-9931-8905448347fd,221,7.366666666666666,left_heel,0.5,0.5,0.0,540.0,960.0,0.5
f1ae9d18-a8ba-4f9a-9931-8905448347fd,221,7.366666666666666,right_heel,0.5,0.5,0.0,540.0,960.0,0.5
f1ae9d18-a8ba-4f9a-9931-8905448347fd,221,7.366666666666666,left_foot_index,0.5,0.5,0.0,540.0,960.0,0.5
f1ae9d18-a8ba-4f9a-9931-8905448347fd,221,7.366666666666666,right_foot_index,0.5,0.5,0.0,540.0,960.0,0.5
f1ae9d18-a8ba-4f9a-9931-8905448347fd,222,7.4,nose,0.5,0.5,0.0,540.0,960.0,0.5
f1ae9d18-a8ba-4f9a-9931-8905448347fd,222,7.4,left_shoulder,0.5,0.5,0.0,540.0,960.0,0.5
f1ae9d18-a8ba-4f9a-9931-8905448347fd,222,7.4,right_shoulder,0.5,0.5,0.0,540.0,960.0,0.5
f1ae9d18-a8ba-4f9a-9931-8905448347fd,222,7.4,left_elbow,0.5,0.5,0.0,540.0,960.0,0.5
f1ae9d18-a8ba-4f9a-9931-8905448347fd,222,7.4,right_elbow,0.5,0.5,0.0,540.0,960.0,0.5
f1ae9d18-a8ba-4f9a-9931-8905448347fd,222,7.4,left_wrist,0.5,0.5,0.0,540.0,960.0,0.5
f1ae9d18-a8ba-4f9a-9931-8905448347fd,222,7.4,right_wrist,0.5,0.5,0.0,540.0,960.0,0.5
f1ae9d18-a8ba-4f9a-9931-8905448347fd,222,7.4,left_hip,0.5,0.5,0.0,540.0,960.0,0.5
f1ae9d18-a8ba-4f9a-9931-8905448347fd,222,7.4,right_hip,0.5,0.5,0.0,540.0,960.0,0.5
f1ae9d18-a8ba-4f9a-9931-8905448347fd,222,7.4,left_knee,0.5,0.5,0.0,540.0,960.0,0.5
f1ae9d18-a8ba-4f9a-9931-8905448347fd,222,7.4,right_knee,0.5,0.5,0.0,540.0,960.0,0.5
f1ae9d18-a8ba-4f9a-9931-8905448347fd,222,7.4,left_ankle,0.5,0.5,0.0,540.0,960.0,0.5
f1ae9d18-a8ba-4f9a-9931-8905448347fd,222,7.4,right_ankle,0.5,0.5,0.0,540.0,960.0,0.5
f1ae9d18-a8ba-4f9a-9931-8905448347fd,222,7.4,left_heel,0.5,0.5,0.0,540.0,960.0,0.5
f1ae9d18-a8ba-4f9a-9931-8905448347fd,222,7.4,right_heel,0.5,0.5,0.0,540.0,960.0,0.5
f1ae9d18-a8ba-4f9a-9931-8905448347fd,222,7.4,left_foot_index,0.5,0.5,0.0,540.0,960.0,0.5
f1ae9d18-a8ba-4f9a-9931-8905448347fd,222,7.4,right_foot_index,0.5,0.5,0.0,540.0,960.0,0.5
f1ae9d18-a8ba-4f9a-9931-8905448347fd,223,7.433333333333334,nose,0.5,0.5,0.0,540.0,960.0,0.5
f1ae9d18-a8ba-4f9a-9931-8905448347fd,223,7.433333333333334,left_shoulder,0.5,0.5,0.0,540.0,960.0,0.5
f1ae9d18-a8ba-4f9a-9931-8905448347fd,223,7.433333333333334,right_shoulder,0.5,0.5,0.0,540.0,960.0,0.5
f1ae9d18-a8ba-4f9a-9931-8905448347fd,223,7.433333333333334,left_elbow,0.5,0.5,0.0,540.0,960.0,0.5
f1ae9d18-a8ba-4f9a-9931-8905448347fd,223,7.433333333333334,right_elbow,0.5,0.5,0.0,540.0,960.0,0.5
f1ae9d18-a8ba-4f9a-9931-8905448347fd,223,7.433333333333334,left_wrist,0.5,0.5,0.0,540.0,960.0,0.5
f1ae9d18-a8ba-4f9a-9931-8905448347fd,223,7.433333333333334,right_wrist,0.5,0.5,0.0,540.0,960.0,0.5
f1ae9d18-a8ba-4f9a-9931-8905448347fd,223,7.433333333333334,left_hip,0.5,0.5,0.0,540.0,960.0,0.5
f1ae9d18-a8ba-4f9a-9931-8905448347fd,223,7.433333333333334,right_hip,0.5,0.5,0.0,540.0,960.0,0.5
f1ae9d18-a8ba-4f9a-9931-8905448347fd,223,7.433333333333334,left_knee,0.5,0.5,0.0,540.0,960.0,0.5
f1ae9d18-a8ba-4f9a-9931-8905448347fd,223,7.433333333333334,right_knee,0.5,0.5,0.0,540.0,960.0,0.5
f1ae9d18-a8ba-4f9a-9931-8905448347fd,223,7.433333333333334,left_ankle,0.5,0.5,0.0,540.0,960.0,0.5
f1ae9d18-a8ba-4f9a-9931-8905448347fd,223,7.433333333333334,right_ankle,0.5,0.5,0.0,540.0,960.0,0.5
f1ae9d18-a8ba-4f9a-9931-8905448347fd,223,7.433333333333334,left_heel,0.5,0.5,0.0,540.0,960.0,0.5
f1ae9d18-a8ba-4f9a-9931-8905448347fd,223,7.433333333333334,right_heel,0.5,0.5,0.0,540.0,960.0,0.5
f1ae9d18-a8ba-4f9a-9931-8905448347fd,223,7.433333333333334,left_foot_index,0.5,0.5,0.0,540.0,960.0,0.5
f1ae9d18-a8ba-4f9a-9931-8905448347fd,223,7.433333333333334,right_foot_index,0.5,0.5,0.0,540.0,960.0,0.5
f1ae9d18-a8ba-4f9a-9931-8905448347fd,224,7.466666666666667,nose,0.5,0.5,0.0,540.0,960.0,0.5
f1ae9d18-a8ba-4f9a-9931-8905448347fd,224,7.466666666666667,left_shoulder,0.5,0.5,0.0,540.0,960.0,0.5
f1ae9d18-a8ba-4f9a-9931-8905448347fd,224,7.466666666666667,right_shoulder,0.5,0.5,0.0,540.0,960.0,0.5
f1ae9d18-a8ba-4f9a-9931-8905448347fd,224,7.466666666666667,left_elbow,0.5,0.5,0.0,540.0,960.0,0.5
f1ae9d18-a8ba-4f9a-9931-8905448347fd,224,7.466666666666667,right_elbow,0.5,0.5,0.0,540.0,960.0,0.5
f1ae9d18-a8ba-4f9a-9931-8905448347fd,224,7.466666666666667,left_wrist,0.5,0.5,0.0,540.0,960.0,0.5
f1ae9d18-a8ba-4f9a-9931-8905448347fd,224,7.466666666666667,right_wrist,0.5,0.5,0.0,540.0,960.0,0.5
f1ae9d18-a8ba-4f9a-9931-8905448347fd,224,7.466666666666667,left_hip,0.5,0.5,0.0,540.0,960.0,0.5
f1ae9d18-a8ba-4f9a-9931-8905448347fd,224,7.466666666666667,right_hip,0.5,0.5,0.0,540.0,960.0,0.5
f1ae9d18-a8ba-4f9a-9931-8905448347fd,224,7.466666666666667,left_knee,0.5,0.5,0.0,540.0,960.0,0.5
f1ae9d18-a8ba-4f9a-9931-8905448347fd,224,7.466666666666667,right_knee,0.5,0.5,0.0,540.0,960.0,0.5
f1ae9d18-a8ba-4f9a-9931-8905448347fd,224,7.466666666666667,left_ankle,0.5,0.5,0.0,540.0,960.0,0.5
f1ae9d18-a8ba-4f9a-9931-8905448347fd,224,7.466666666666667,right_ankle,0.5,0.5,0.0,540.0,960.0,0.5
f1ae9d18-a8ba-4f9a-9931-8905448347fd,224,7.466666666666667,left_heel,0.5,0.5,0.0,540.0,960.0,0.5
f1ae9d18-a8ba-4f9a-9931-8905448347fd,224,7.466666666666667,right_heel,0.5,0.5,0.0,540.0,960.0,0.5
f1ae9d18-a8ba-4f9a-9931-8905448347fd,224,7.466666666666667,left_foot_index,0.5,0.5,0.0,540.0,960.0,0.5
f1ae9d18-a8ba-4f9a-9931-8905448347fd,224,7.466666666666667,right_foot_index,0.5,0.5,0.0,540.0,960.0,0.5
f1ae9d18-a8ba-4f9a-9931-8905448347fd,225,7.5,nose,0.5,0.5,0.0,540.0,960.0,0.5
f1ae9d18-a8ba-4f9a-9931-8905448347fd,225,7.5,left_shoulder,0.5,0.5,0.0,540.0,960.0,0.5
f1ae9d18-a8ba-4f9a-9931-8905448347fd,225,7.5,right_shoulder,0.5,0.5,0.0,540.0,960.0,0.5
f1ae9d18-a8ba-4f9a-9931-8905448347fd,225,7.5,left_elbow,0.5,0.5,0.0,540.0,960.0,0.5
f1ae9d18-a8ba-4f9a-9931-8905448347fd,225,7.5,right_elbow,0.5,0.5,0.0,540.0,960.0,0.5
f1ae9d18-a8ba-4f9a-9931-8905448347fd,225,7.5,left_wrist,0.5,0.5,0.0,540.0,960.0,0.5
f1ae9d18-a8ba-4f9a-9931-8905448347fd,225,7.5,right_wrist,0.5,0.5,0.0,540.0,960.0,0.5
f1ae9d18-a8ba-4f9a-9931-8905448347fd,225,7.5,left_hip,0.5,0.5,0.0,540.0,960.0,0.5
f1ae9d18-a8ba-4f9a-9931-8905448347fd,225,7.5,right_hip,0.5,0.5,0.0,540.0,960.0,0.5
f1ae9d18-a8ba-4f9a-9931-8905448347fd,225,7.5,left_knee,0.5,0.5,0.0,540.0,960.0,0.5
f1ae9d18-a8ba-4f9a-9931-8905448347fd,225,7.5,right_knee,0.5,0.5,0.0,540.0,960.0,0.5
f1ae9d18-a8ba-4f9a-9931-8905448347fd,225,7.5,left_ankle,0.5,0.5,0.0,540.0,960.0,0.5
f1ae9d18-a8ba-4f9a-9931-8905448347fd,225,7.5,right_ankle,0.5,0.5,0.0,540.0,960.0,0.5
f1ae9d18-a8ba-4f9a-9931-8905448347fd,225,7.5,left_heel,0.5,0.5,0.0,540.0,960.0,0.5
f1ae9d18-a8ba-4f9a-9931-8905448347fd,225,7.5,right_heel,0.5,0.5,0.0,540.0,960.0,0.5
f1ae9d18-a8ba-4f9a-9931-8905448347fd,225,7.5,left_foot_index,0.5,0.5,0.0,540.0,960.0,0.5
f1ae9d18-a8ba-4f9a-9931-8905448347fd,225,7.5,right_foot_index,0.5,0.5,0.0,540.0,960.0,0.5
f1ae9d18-a8ba-4f9a-9931-8905448347fd,226,7.533333333333333,nose,0.5,0.5,0.0,540.0,960.0,0.5
f1ae9d18-a8ba-4f9a-9931-8905448347fd,226,7.533333333333333,left_shoulder,0.5,0.5,0.0,540.0,960.0,0.5
f1ae9d18-a8ba-4f9a-9931-8905448347fd,226,7.533333333333333,right_shoulder,0.5,0.5,0.0,540.0,960.0,0.5
f1ae9d18-a8ba-4f9a-9931-8905448347fd,226,7.533333333333333,left_elbow,0.5,0.5,0.0,540.0,960.0,0.5
f1ae9d18-a8ba-4f9a-9931-8905448347fd,226,7.533333333333333,right_elbow,0.5,0.5,0.0,540.0,960.0,0.5
f1ae9d18-a8ba-4f9a-9931-8905448347fd,226,7.533333333333333,left_wrist,0.5,0.5,0.0,540.0,960.0,0.5
f1ae9d18-a8ba-4f9a-9931-8905448347fd,226,7.533333333333333,right_wrist,0.5,0.5,0.0,540.0,960.0,0.5
f1ae9d18-a8ba-4f9a-9931-8905448347fd,226,7.533333333333333,left_hip,0.5,0.5,0.0,540.0,960.0,0.5
f1ae9d18-a8ba-4f9a-9931-8905448347fd,226,7.533333333333333,right_hip,0.5,0.5,0.0,540.0,960.0,0.5
f1ae9d18-a8ba-4f9a-9931-8905448347fd,226,7.533333333333333,left_knee,0.5,0.5,0.0,540.0,960.0,0.5
f1ae9d18-a8ba-4f9a-9931-8905448347fd,226,7.533333333333333,right_knee,0.5,0.5,0.0,540.0,960.0,0.5
f1ae9d18-a8ba-4f9a-9931-8905448347fd,226,7.533333333333333,left_ankle,0.5,0.5,0.0,540.0,960.0,0.5
f1ae9d18-a8ba-4f9a-9931-8905448347fd,226,7.533333333333333,right_ankle,0.5,0.5,0.0,540.0,960.0,0.5
f1ae9d18-a8ba-4f9a-9931-8905448347fd,226,7.533333333333333,left_heel,0.5,0.5,0.0,540.0,960.0,0.5
f1ae9d18-a8ba-4f9a-9931-8905448347fd,226,7.533333333333333,right_heel,0.5,0.5,0.0,540.0,960.0,0.5
f1ae9d18-a8ba-4f9a-9931-8905448347fd,226,7.533333333333333,left_foot_index,0.5,0.5,0.0,540.0,960.0,0.5
f1ae9d18-a8ba-4f9a-9931-8905448347fd,226,7.533333333333333,right_foot_index,0.5,0.5,0.0,540.0,960.0,0.5
f1ae9d18-a8ba-4f9a-9931-8905448347fd,227,7.566666666666666,nose,0.5,0.5,0.0,540.0,960.0,0.5
f1ae9d18-a8ba-4f9a-9931-8905448347fd,227,7.566666666666666,left_shoulder,0.5,0.5,0.0,540.0,960.0,0.5
f1ae9d18-a8ba-4f9a-9931-8905448347fd,227,7.566666666666666,right_shoulder,0.5,0.5,0.0,540.0,960.0,0.5
f1ae9d18-a8ba-4f9a-9931-8905448347fd,227,7.566666666666666,left_elbow,0.5,0.5,0.0,540.0,960.0,0.5
f1ae9d18-a8ba-4f9a-9931-8905448347fd,227,7.566666666666666,right_elbow,0.5,0.5,0.0,540.0,960.0,0.5
f1ae9d18-a8ba-4f9a-9931-8905448347fd,227,7.566666666666666,left_wrist,0.5,0.5,0.0,540.0,960.0,0.5
f1ae9d18-a8ba-4f9a-9931-8905448347fd,227,7.566666666666666,right_wrist,0.5,0.5,0.0,540.0,960.0,0.5
f1ae9d18-a8ba-4f9a-9931-8905448347fd,227,7.566666666666666,left_hip,0.5,0.5,0.0,540.0,960.0,0.5
f1ae9d18-a8ba-4f9a-9931-8905448347fd,227,7.566666666666666,right_hip,0.5,0.5,0.0,540.0,960.0,0.5
f1ae9d18-a8ba-4f9a-9931-8905448347fd,227,7.566666666666666,left_knee,0.5,0.5,0.0,540.0,960.0,0.5
f1ae9d18-a8ba-4f9a-9931-8905448347fd,227,7.566666666666666,right_knee,0.5,0.5,0.0,540.0,960.0,0.5
f1ae9d18-a8ba-4f9a-9931-8905448347fd,227,7.566666666666666,left_ankle,0.5,0.5,0.0,540.0,960.0,0.5
f1ae9d18-a8ba-4f9a-9931-8905448347fd,227,7.566666666666666,right_ankle,0.5,0.5,0.0,540.0,960.0,0.5
f1ae9d18-a8ba-4f9a-9931-8905448347fd,227,7.566666666666666,left_heel,0.5,0.5,0.0,540.0,960.0,0.5
f1ae9d18-a8ba-4f9a-9931-8905448347fd,227,7.566666666666666,right_heel,0.5,0.5,0.0,540.0,960.0,0.5
f1ae9d18-a8ba-4f9a-9931-8905448347fd,227,7.566666666666666,left_foot_index,0.5,0.5,0.0,540.0,960.0,0.5
f1ae9d18-a8ba-4f9a-9931-8905448347fd,227,7.566666666666666,right_foot_index,0.5,0.5,0.0,540.0,960.0,0.5
f1ae9d18-a8ba-4f9a-9931-8905448347fd,228,7.6,nose,0.5,0.5,0.0,540.0,960.0,0.5
f1ae9d18-a8ba-4f9a-9931-8905448347fd,228,7.6,left_shoulder,0.5,0.5,0.0,540.0,960.0,0.5
f1ae9d18-a8ba-4f9a-9931-8905448347fd,228,7.6,right_shoulder,0.5,0.5,0.0,540.0,960.0,0.5
f1ae9d18-a8ba-4f9a-9931-8905448347fd,228,7.6,left_elbow,0.5,0.5,0.0,540.0,960.0,0.5
f1ae9d18-a8ba-4f9a-9931-8905448347fd,228,7.6,right_elbow,0.5,0.5,0.0,540.0,960.0,0.5
f1ae9d18-a8ba-4f9a-9931-8905448347fd,228,7.6,left_wrist,0.5,0.5,0.0,540.0,960.0,0.5
f1ae9d18-a8ba-4f9a-9931-8905448347fd,228,7.6,right_wrist,0.5,0.5,0.0,540.0,960.0,0.5
f1ae9d18-a8ba-4f9a-9931-8905448347fd,228,7.6,left_hip,0.5,0.5,0.0,540.0,960.0,0.5
f1ae9d18-a8ba-4f9a-9931-8905448347fd,228,7.6,right_hip,0.5,0.5,0.0,540.0,960.0,0.5
f1ae9d18-a8ba-4f9a-9931-8905448347fd,228,7.6,left_knee,0.5,0.5,0.0,540.0,960.0,0.5
f1ae9d18-a8ba-4f9a-9931-8905448347fd,228,7.6,right_knee,0.5,0.5,0.0,540.0,960.0,0.5
f1ae9d18-a8ba-4f9a-9931-8905448347fd,228,7.6,left_ankle,0.5,0.5,0.0,540.0,960.0,0.5
f1ae9d18-a8ba-4f9a-9931-8905448347fd,228,7.6,right_ankle,0.5,0.5,0.0,540.0,960.0,0.5
f1ae9d18-a8ba-4f9a-9931-8905448347fd,228,7.6,left_heel,0.5,0.5,0.0,540.0,960.0,0.5
f1ae9d18-a8ba-4f9a-9931-8905448347fd,228,7.6,right_heel,0.5,0.5,0.0,540.0,960.0,0.5
f1ae9d18-a8ba-4f9a-9931-8905448347fd,228,7.6,left_foot_index,0.5,0.5,0.0,540.0,960.0,0.5
f1ae9d18-a8ba-4f9a-9931-8905448347fd,228,7.6,right_foot_index,0.5,0.5,0.0,540.0,960.0,0.5
f1ae9d18-a8ba-4f9a-9931-8905448347fd,229,7.633333333333334,nose,0.5,0.5,0.0,540.0,960.0,0.5
f1ae9d18-a8ba-4f9a-9931-8905448347fd,229,7.633333333333334,left_shoulder,0.5,0.5,0.0,540.0,960.0,0.5
f1ae9d18-a8ba-4f9a-9931-8905448347fd,229,7.633333333333334,right_shoulder,0.5,0.5,0.0,540.0,960.0,0.5
f1ae9d18-a8ba-4f9a-9931-8905448347fd,229,7.633333333333334,left_elbow,0.5,0.5,0.0,540.0,960.0,0.5
f1ae9d18-a8ba-4f9a-9931-8905448347fd,229,7.633333333333334,right_elbow,0.5,0.5,0.0,540.0,960.0,0.5
f1ae9d18-a8ba-4f9a-9931-8905448347fd,229,7.633333333333334,left_wrist,0.5,0.5,0.0,540.0,960.0,0.5
f1ae9d18-a8ba-4f9a-9931-8905448347fd,229,7.633333333333334,right_wrist,0.5,0.5,0.0,540.0,960.0,0.5
f1ae9d18-a8ba-4f9a-9931-8905448347fd,229,7.633333333333334,left_hip,0.5,0.5,0.0,540.0,960.0,0.5
f1ae9d18-a8ba-4f9a-9931-8905448347fd,229,7.633333333333334,right_hip,0.5,0.5,0.0,540.0,960.0,0.5
f1ae9d18-a8ba-4f9a-9931-8905448347fd,229,7.633333333333334,left_knee,0.5,0.5,0.0,540.0,960.0,0.5
f1ae9d18-a8ba-4f9a-9931-8905448347fd,229,7.633333333333334,right_knee,0.5,0.5,0.0,540.0,960.0,0.5
f1ae9d18-a8ba-4f9a-9931-8905448347fd,229,7.633333333333334,left_ankle,0.5,0.5,0.0,540.0,960.0,0.5
f1ae9d18-a8ba-4f9a-9931-8905448347fd,229,7.633333333333334,right_ankle,0.5,0.5,0.0,540.0,960.0,0.5
f1ae9d18-a8ba-4f9a-9931-8905448347fd,229,7.633333333333334,left_heel,0.5,0.5,0.0,540.0,960.0,0.5
f1ae9d18-a8ba-4f9a-9931-8905448347fd,229,7.633333333333334,right_heel,0.5,0.5,0.0,540.0,960.0,0.5
f1ae9d18-a8ba-4f9a-9931-8905448347fd,229,7.633333333333334,left_foot_index,0.5,0.5,0.0,540.0,960.0,0.5
f1ae9d18-a8ba-4f9a-9931-8905448347fd,229,7.633333333333334,right_foot_index,0.5,0.5,0.0,540.0,960.0,0.5
f1ae9d18-a8ba-4f9a-9931-8905448347fd,230,7.666666666666667,nose,0.5,0.5,0.0,540.0,960.0,0.5
f1ae9d18-a8ba-4f9a-9931-8905448347fd,230,7.666666666666667,left_shoulder,0.5,0.5,0.0,540.0,960.0,0.5
f1ae9d18-a8ba-4f9a-9931-8905448347fd,230,7.666666666666667,right_shoulder,0.5,0.5,0.0,540.0,960.0,0.5
f1ae9d18-a8ba-4f9a-9931-8905448347fd,230,7.666666666666667,left_elbow,0.5,0.5,0.0,540.0,960.0,0.5
f1ae9d18-a8ba-4f9a-9931-8905448347fd,230,7.666666666666667,right_elbow,0.5,0.5,0.0,540.0,960.0,0.5
f1ae9d18-a8ba-4f9a-9931-8905448347fd,230,7.666666666666667,left_wrist,0.5,0.5,0.0,540.0,960.0,0.5
f1ae9d18-a8ba-4f9a-9931-8905448347fd,230,7.666666666666667,right_wrist,0.5,0.5,0.0,540.0,960.0,0.5
f1ae9d18-a8ba-4f9a-9931-8905448347fd,230,7.666666666666667,left_hip,0.5,0.5,0.0,540.0,960.0,0.5
f1ae9d18-a8ba-4f9a-9931-8905448347fd,230,7.666666666666667,right_hip,0.5,0.5,0.0,540.0,960.0,0.5
f1ae9d18-a8ba-4f9a-9931-8905448347fd,230,7.666666666666667,left_knee,0.5,0.5,0.0,540.0,960.0,0.5
f1ae9d18-a8ba-4f9a-9931-8905448347fd,230,7.666666666666667,right_knee,0.5,0.5,0.0,540.0,960.0,0.5
f1ae9d18-a8ba-4f9a-9931-8905448347fd,230,7.666666666666667,left_ankle,0.5,0.5,0.0,540.0,960.0,0.5
f1ae9d18-a8ba-4f9a-9931-8905448347fd,230,7.666666666666667,right_ankle,0.5,0.5,0.0,540.0,960.0,0.5
f1ae9d18-a8ba-4f9a-9931-8905448347fd,230,7.666666666666667,left_heel,0.5,0.5,0.0,540.0,960.0,0.5
f1ae9d18-a8ba-4f9a-9931-8905448347fd,230,7.666666666666667,right_heel,0.5,0.5,0.0,540.0,960.0,0.5
f1ae9d18-a8ba-4f9a-9931-8905448347fd,230,7.666666666666667,left_foot_index,0.5,0.5,0.0,540.0,960.0,0.5
f1ae9d18-a8ba-4f9a-9931-8905448347fd,230,7.666666666666667,right_foot_index,0.5,0.5,0.0,540.0,960.0,0.5
f1ae9d18-a8ba-4f9a-9931-8905448347fd,231,7.7,nose,0.5,0.5,0.0,540.0,960.0,0.5
f1ae9d18-a8ba-4f9a-9931-8905448347fd,231,7.7,left_shoulder,0.5,0.5,0.0,540.0,960.0,0.5
f1ae9d18-a8ba-4f9a-9931-8905448347fd,231,7.7,right_shoulder,0.5,0.5,0.0,540.0,960.0,0.5
f1ae9d18-a8ba-4f9a-9931-8905448347fd,231,7.7,left_elbow,0.5,0.5,0.0,540.0,960.0,0.5
f1ae9d18-a8ba-4f9a-9931-8905448347fd,231,7.7,right_elbow,0.5,0.5,0.0,540.0,960.0,0.5
f1ae9d18-a8ba-4f9a-9931-8905448347fd,231,7.7,left_wrist,0.5,0.5,0.0,540.0,960.0,0.5
f1ae9d18-a8ba-4f9a-9931-8905448347fd,231,7.7,right_wrist,0.5,0.5,0.0,540.0,960.0,0.5
f1ae9d18-a8ba-4f9a-9931-8905448347fd,231,7.7,left_hip,0.5,0.5,0.0,540.0,960.0,0.5
f1ae9d18-a8ba-4f9a-9931-8905448347fd,231,7.7,right_hip,0.5,0.5,0.0,540.0,960.0,0.5
f1ae9d18-a8ba-4f9a-9931-8905448347fd,231,7.7,left_knee,0.5,0.5,0.0,540.0,960.0,0.5
f1ae9d18-a8ba-4f9a-9931-8905448347fd,231,7.7,right_knee,0.5,0.5,0.0,540.0,960.0,0.5
f1ae9d18-a8ba-4f9a-9931-8905448347fd,231,7.7,left_ankle,0.5,0.5,0.0,540.0,960.0,0.5
f1ae9d18-a8ba-4f9a-9931-8905448347fd,231,7.7,right_ankle,0.5,0.5,0.0,540.0,960.0,0.5
f1ae9d18-a8ba-4f9a-9931-8905448347fd,231,7.7,left_heel,0.5,0.5,0.0,540.0,960.0,0.5
f1ae9d18-a8ba-4f9a-9931-8905448347fd,231,7.7,right_heel,0.5,0.5,0.0,540.0,960.0,0.5
f1ae9d18-a8ba-4f9a-9931-8905448347fd,231,7.7,left_foot_index,0.5,0.5,0.0,540.0,960.0,0.5
f1ae9d18-a8ba-4f9a-9931-8905448347fd,231,7.7,right_foot_index,0.5,0.5,0.0,540.0,960.0,0.5
f1ae9d18-a8ba-4f9a-9931-8905448347fd,232,7.733333333333333,nose,0.5,0.5,0.0,540.0,960.0,0.5
f1ae9d18-a8ba-4f9a-9931-8905448347fd,232,7.733333333333333,left_shoulder,0.5,0.5,0.0,540.0,960.0,0.5
f1ae9d18-a8ba-4f9a-9931-8905448347fd,232,7.733333333333333,right_shoulder,0.5,0.5,0.0,540.0,960.0,0.5
f1ae9d18-a8ba-4f9a-9931-8905448347fd,232,7.733333333333333,left_elbow,0.5,0.5,0.0,540.0,960.0,0.5
f1ae9d18-a8ba-4f9a-9931-8905448347fd,232,7.733333333333333,right_elbow,0.5,0.5,0.0,540.0,960.0,0.5
f1ae9d18-a8ba-4f9a-9931-8905448347fd,232,7.733333333333333,left_wrist,0.5,0.5,0.0,540.0,960.0,0.5
f1ae9d18-a8ba-4f9a-9931-8905448347fd,232,7.733333333333333,right_wrist,0.5,0.5,0.0,540.0,960.0,0.5
f1ae9d18-a8ba-4f9a-9931-8905448347fd,232,7.733333333333333,left_hip,0.5,0.5,0.0,540.0,960.0,0.5
f1ae9d18-a8ba-4f9a-9931-8905448347fd,232,7.733333333333333,right_hip,0.5,0.5,0.0,540.0,960.0,0.5
f1ae9d18-a8ba-4f9a-9931-8905448347fd,232,7.733333333333333,left_knee,0.5,0.5,0.0,540.0,960.0,0.5
f1ae9d18-a8ba-4f9a-9931-8905448347fd,232,7.733333333333333,right_knee,0.5,0.5,0.0,540.0,960.0,0.5
f1ae9d18-a8ba-4f9a-9931-8905448347fd,232,7.733333333333333,left_ankle,0.5,0.5,0.0,540.0,960.0,0.5
f1ae9d18-a8ba-4f9a-9931-8905448347fd,232,7.733333333333333,right_ankle,0.5,0.5,0.0,540.0,960.0,0.5
f1ae9d18-a8ba-4f9a-9931-8905448347fd,232,7.733333333333333,left_heel,0.5,0.5,0.0,540.0,960.0,0.5
f1ae9d18-a8ba-4f9a-9931-8905448347fd,232,7.733333333333333,right_heel,0.5,0.5,0.0,540.0,960.0,0.5
f1ae9d18-a8ba-4f9a-9931-8905448347fd,232,7.733333333333333,left_foot_index,0.5,0.5,0.0,540.0,960.0,0.5
f1ae9d18-a8ba-4f9a-9931-8905448347fd,232,7.733333333333333,right_foot_index,0.5,0.5,0.0,540.0,960.0,0.5
f1ae9d18-a8ba-4f9a-9931-8905448347fd,233,7.766666666666667,nose,0.5,0.5,0.0,540.0,960.0,0.5
f1ae9d18-a8ba-4f9a-9931-8905448347fd,233,7.766666666666667,left_shoulder,0.5,0.5,0.0,540.0,960.0,0.5
f1ae9d18-a8ba-4f9a-9931-8905448347fd,233,7.766666666666667,right_shoulder,0.5,0.5,0.0,540.0,960.0,0.5
f1ae9d18-a8ba-4f9a-9931-8905448347fd,233,7.766666666666667,left_elbow,0.5,0.5,0.0,540.0,960.0,0.5
f1ae9d18-a8ba-4f9a-9931-8905448347fd,233,7.766666666666667,right_elbow,0.5,0.5,0.0,540.0,960.0,0.5
f1ae9d18-a8ba-4f9a-9931-8905448347fd,233,7.766666666666667,left_wrist,0.5,0.5,0.0,540.0,960.0,0.5
f1ae9d18-a8ba-4f9a-9931-8905448347fd,233,7.766666666666667,right_wrist,0.5,0.5,0.0,540.0,960.0,0.5
f1ae9d18-a8ba-4f9a-9931-8905448347fd,233,7.766666666666667,left_hip,0.5,0.5,0.0,540.0,960.0,0.5
f1ae9d18-a8ba-4f9a-9931-8905448347fd,233,7.766666666666667,right_hip,0.5,0.5,0.0,540.0,960.0,0.5
f1ae9d18-a8ba-4f9a-9931-8905448347fd,233,7.766666666666667,left_knee,0.5,0.5,0.0,540.0,960.0,0.5
f1ae9d18-a8ba-4f9a-9931-8905448347fd,233,7.766666666666667,right_knee,0.5,0.5,0.0,540.0,960.0,0.5
f1ae9d18-a8ba-4f9a-9931-8905448347fd,233,7.766666666666667,left_ankle,0.5,0.5,0.0,540.0,960.0,0.5
f1ae9d18-a8ba-4f9a-9931-8905448347fd,233,7.766666666666667,right_ankle,0.5,0.5,0.0,540.0,960.0,0.5
f1ae9d18-a8ba-4f9a-9931-8905448347fd,233,7.766666666666667,left_heel,0.5,0.5,0.0,540.0,960.0,0.5
f1ae9d18-a8ba-4f9a-9931-8905448347fd,233,7.766666666666667,right_heel,0.5,0.5,0.0,540.0,960.0,0.5
f1ae9d18-a8ba-4f9a-9931-8905448347fd,233,7.766666666666667,left_foot_index,0.5,0.5,0.0,540.0,960.0,0.5
f1ae9d18-a8ba-4f9a-9931-8905448347fd,233,7.766666666666667,right_foot_index,0.5,0.5,0.0,540.0,960.0,0.5
f1ae9d18-a8ba-4f9a-9931-8905448347fd,234,7.8,nose,0.5,0.5,0.0,540.0,960.0,0.5
f1ae9d18-a8ba-4f9a-9931-8905448347fd,234,7.8,left_shoulder,0.5,0.5,0.0,540.0,960.0,0.5
f1ae9d18-a8ba-4f9a-9931-8905448347fd,234,7.8,right_shoulder,0.5,0.5,0.0,540.0,960.0,0.5
f1ae9d18-a8ba-4f9a-9931-8905448347fd,234,7.8,left_elbow,0.5,0.5,0.0,540.0,960.0,0.5
f1ae9d18-a8ba-4f9a-9931-8905448347fd,234,7.8,right_elbow,0.5,0.5,0.0,540.0,960.0,0.5
f1ae9d18-a8ba-4f9a-9931-8905448347fd,234,7.8,left_wrist,0.5,0.5,0.0,540.0,960.0,0.5
f1ae9d18-a8ba-4f9a-9931-8905448347fd,234,7.8,right_wrist,0.5,0.5,0.0,540.0,960.0,0.5
f1ae9d18-a8ba-4f9a-9931-8905448347fd,234,7.8,left_hip,0.5,0.5,0.0,540.0,960.0,0.5
f1ae9d18-a8ba-4f9a-9931-8905448347fd,234,7.8,right_hip,0.5,0.5,0.0,540.0,960.0,0.5
f1ae9d18-a8ba-4f9a-9931-8905448347fd,234,7.8,left_knee,0.5,0.5,0.0,540.0,960.0,0.5
f1ae9d18-a8ba-4f9a-9931-8905448347fd,234,7.8,right_knee,0.5,0.5,0.0,540.0,960.0,0.5
f1ae9d18-a8ba-4f9a-9931-8905448347fd,234,7.8,left_ankle,0.5,0.5,0.0,540.0,960.0,0.5
f1ae9d18-a8ba-4f9a-9931-8905448347fd,234,7.8,right_ankle,0.5,0.5,0.0,540.0,960.0,0.5
f1ae9d18-a8ba-4f9a-9931-8905448347fd,234,7.8,left_heel,0.5,0.5,0.0,540.0,960.0,0.5
f1ae9d18-a8ba-4f9a-9931-8905448347fd,234,7.8,right_heel,0.5,0.5,0.0,540.0,960.0,0.5
f1ae9d18-a8ba-4f9a-9931-8905448347fd,234,7.8,left_foot_index,0.5,0.5,0.0,540.0,960.0,0.5
f1ae9d18-a8ba-4f9a-9931-8905448347fd,234,7.8,right_foot_index,0.5,0.5,0.0,540.0,960.0,0.5
f1ae9d18-a8ba-4f9a-9931-8905448347fd,235,7.833333333333333,nose,0.5,0.5,0.0,540.0,960.0,0.5
f1ae9d18-a8ba-4f9a-9931-8905448347fd,235,7.833333333333333,left_shoulder,0.5,0.5,0.0,540.0,960.0,0.5
f1ae9d18-a8ba-4f9a-9931-8905448347fd,235,7.833333333333333,right_shoulder,0.5,0.5,0.0,540.0,960.0,0.5
f1ae9d18-a8ba-4f9a-9931-8905448347fd,235,7.833333333333333,left_elbow,0.5,0.5,0.0,540.0,960.0,0.5
f1ae9d18-a8ba-4f9a-9931-8905448347fd,235,7.833333333333333,right_elbow,0.5,0.5,0.0,540.0,960.0,0.5
f1ae9d18-a8ba-4f9a-9931-8905448347fd,235,7.833333333333333,left_wrist,0.5,0.5,0.0,540.0,960.0,0.5
f1ae9d18-a8ba-4f9a-9931-8905448347fd,235,7.833333333333333,right_wrist,0.5,0.5,0.0,540.0,960.0,0.5
f1ae9d18-a8ba-4f9a-9931-8905448347fd,235,7.833333333333333,left_hip,0.5,0.5,0.0,540.0,960.0,0.5
f1ae9d18-a8ba-4f9a-9931-8905448347fd,235,7.833333333333333,right_hip,0.5,0.5,0.0,540.0,960.0,0.5
f1ae9d18-a8ba-4f9a-9931-8905448347fd,235,7.833333333333333,left_knee,0.5,0.5,0.0,540.0,960.0,0.5
f1ae9d18-a8ba-4f9a-9931-8905448347fd,235,7.833333333333333,right_knee,0.5,0.5,0.0,540.0,960.0,0.5
f1ae9d18-a8ba-4f9a-9931-8905448347fd,235,7.833333333333333,left_ankle,0.5,0.5,0.0,540.0,960.0,0.5
f1ae9d18-a8ba-4f9a-9931-8905448347fd,235,7.833333333333333,right_ankle,0.5,0.5,0.0,540.0,960.0,0.5
f1ae9d18-a8ba-4f9a-9931-8905448347fd,235,7.833333333333333,left_heel,0.5,0.5,0.0,540.0,960.0,0.5
f1ae9d18-a8ba-4f9a-9931-8905448347fd,235,7.833333333333333,right_heel,0.5,0.5,0.0,540.0,960.0,0.5
f1ae9d18-a8ba-4f9a-9931-8905448347fd,235,7.833333333333333,left_foot_index,0.5,0.5,0.0,540.0,960.0,0.5
f1ae9d18-a8ba-4f9a-9931-8905448347fd,235,7.833333333333333,right_foot_index,0.5,0.5,0.0,540.0,960.0,0.5
f1ae9d18-a8ba-4f9a-9931-8905448347fd,236,7.866666666666666,nose,0.5,0.5,0.0,540.0,960.0,0.5
f1ae9d18-a8ba-4f9a-9931-8905448347fd,236,7.866666666666666,left_shoulder,0.5,0.5,0.0,540.0,960.0,0.5
f1ae9d18-a8ba-4f9a-9931-8905448347fd,236,7.866666666666666,right_shoulder,0.5,0.5,0.0,540.0,960.0,0.5
f1ae9d18-a8ba-4f9a-9931-8905448347fd,236,7.866666666666666,left_elbow,0.5,0.5,0.0,540.0,960.0,0.5
f1ae9d18-a8ba-4f9a-9931-8905448347fd,236,7.866666666666666,right_elbow,0.5,0.5,0.0,540.0,960.0,0.5
f1ae9d18-a8ba-4f9a-9931-8905448347fd,236,7.866666666666666,left_wrist,0.5,0.5,0.0,540.0,960.0,0.5
f1ae9d18-a8ba-4f9a-9931-8905448347fd,236,7.866666666666666,right_wrist,0.5,0.5,0.0,540.0,960.0,0.5
f1ae9d18-a8ba-4f9a-9931-8905448347fd,236,7.866666666666666,left_hip,0.5,0.5,0.0,540.0,960.0,0.5
f1ae9d18-a8ba-4f9a-9931-8905448347fd,236,7.866666666666666,right_hip,0.5,0.5,0.0,540.0,960.0,0.5
f1ae9d18-a8ba-4f9a-9931-8905448347fd,236,7.866666666666666,left_knee,0.5,0.5,0.0,540.0,960.0,0.5
f1ae9d18-a8ba-4f9a-9931-8905448347fd,236,7.866666666666666,right_knee,0.5,0.5,0.0,540.0,960.0,0.5
f1ae9d18-a8ba-4f9a-9931-8905448347fd,236,7.866666666666666,left_ankle,0.5,0.5,0.0,540.0,960.0,0.5
f1ae9d18-a8ba-4f9a-9931-8905448347fd,236,7.866666666666666,right_ankle,0.5,0.5,0.0,540.0,960.0,0.5
f1ae9d18-a8ba-4f9a-9931-8905448347fd,236,7.866666666666666,left_heel,0.5,0.5,0.0,540.0,960.0,0.5
f1ae9d18-a8ba-4f9a-9931-8905448347fd,236,7.866666666666666,right_heel,0.5,0.5,0.0,540.0,960.0,0.5
f1ae9d18-a8ba-4f9a-9931-8905448347fd,236,7.866666666666666,left_foot_index,0.5,0.5,0.0,540.0,960.0,0.5
f1ae9d18-a8ba-4f9a-9931-8905448347fd,236,7.866666666666666,right_foot_index,0.5,0.5,0.0,540.0,960.0,0.5
f1ae9d18-a8ba-4f9a-9931-8905448347fd,237,7.9,nose,0.5,0.5,0.0,540.0,960.0,0.5
f1ae9d18-a8ba-4f9a-9931-8905448347fd,237,7.9,left_shoulder,0.5,0.5,0.0,540.0,960.0,0.5
f1ae9d18-a8ba-4f9a-9931-8905448347fd,237,7.9,right_shoulder,0.5,0.5,0.0,540.0,960.0,0.5
f1ae9d18-a8ba-4f9a-9931-8905448347fd,237,7.9,left_elbow,0.5,0.5,0.0,540.0,960.0,0.5
f1ae9d18-a8ba-4f9a-9931-8905448347fd,237,7.9,right_elbow,0.5,0.5,0.0,540.0,960.0,0.5
f1ae9d18-a8ba-4f9a-9931-8905448347fd,237,7.9,left_wrist,0.5,0.5,0.0,540.0,960.0,0.5
f1ae9d18-a8ba-4f9a-9931-8905448347fd,237,7.9,right_wrist,0.5,0.5,0.0,540.0,960.0,0.5
f1ae9d18-a8ba-4f9a-9931-8905448347fd,237,7.9,left_hip,0.5,0.5,0.0,540.0,960.0,0.5
f1ae9d18-a8ba-4f9a-9931-8905448347fd,237,7.9,right_hip,0.5,0.5,0.0,540.0,960.0,0.5
f1ae9d18-a8ba-4f9a-9931-8905448347fd,237,7.9,left_knee,0.5,0.5,0.0,540.0,960.0,0.5
f1ae9d18-a8ba-4f9a-9931-8905448347fd,237,7.9,right_knee,0.5,0.5,0.0,540.0,960.0,0.5
f1ae9d18-a8ba-4f9a-9931-8905448347fd,237,7.9,left_ankle,0.5,0.5,0.0,540.0,960.0,0.5
f1ae9d18-a8ba-4f9a-9931-8905448347fd,237,7.9,right_ankle,0.5,0.5,0.0,540.0,960.0,0.5
f1ae9d18-a8ba-4f9a-9931-8905448347fd,237,7.9,left_heel,0.5,0.5,0.0,540.0,960.0,0.5
f1ae9d18-a8ba-4f9a-9931-8905448347fd,237,7.9,right_heel,0.5,0.5,0.0,540.0,960.0,0.5
f1ae9d18-a8ba-4f9a-9931-8905448347fd,237,7.9,left_foot_index,0.5,0.5,0.0,540.0,960.0,0.5
f1ae9d18-a8ba-4f9a-9931-8905448347fd,237,7.9,right_foot_index,0.5,0.5,0.0,540.0,960.0,0.5
f1ae9d18-a8ba-4f9a-9931-8905448347fd,238,7.933333333333334,nose,0.5,0.5,0.0,540.0,960.0,0.5
f1ae9d18-a8ba-4f9a-9931-8905448347fd,238,7.933333333333334,left_shoulder,0.5,0.5,0.0,540.0,960.0,0.5
f1ae9d18-a8ba-4f9a-9931-8905448347fd,238,7.933333333333334,right_shoulder,0.5,0.5,0.0,540.0,960.0,0.5
f1ae9d18-a8ba-4f9a-9931-8905448347fd,238,7.933333333333334,left_elbow,0.5,0.5,0.0,540.0,960.0,0.5
f1ae9d18-a8ba-4f9a-9931-8905448347fd,238,7.933333333333334,right_elbow,0.5,0.5,0.0,540.0,960.0,0.5
f1ae9d18-a8ba-4f9a-9931-8905448347fd,238,7.933333333333334,left_wrist,0.5,0.5,0.0,540.0,960.0,0.5
f1ae9d18-a8ba-4f9a-9931-8905448347fd,238,7.933333333333334,right_wrist,0.5,0.5,0.0,540.0,960.0,0.5
f1ae9d18-a8ba-4f9a-9931-8905448347fd,238,7.933333333333334,left_hip,0.5,0.5,0.0,540.0,960.0,0.5
f1ae9d18-a8ba-4f9a-9931-8905448347fd,238,7.933333333333334,right_hip,0.5,0.5,0.0,540.0,960.0,0.5
f1ae9d18-a8ba-4f9a-9931-8905448347fd,238,7.933333333333334,left_knee,0.5,0.5,0.0,540.0,960.0,0.5
f1ae9d18-a8ba-4f9a-9931-8905448347fd,238,7.933333333333334,right_knee,0.5,0.5,0.0,540.0,960.0,0.5
f1ae9d18-a8ba-4f9a-9931-8905448347fd,238,7.933333333333334,left_ankle,0.5,0.5,0.0,540.0,960.0,0.5
f1ae9d18-a8ba-4f9a-9931-8905448347fd,238,7.933333333333334,right_ankle,0.5,0.5,0.0,540.0,960.0,0.5
f1ae9d18-a8ba-4f9a-9931-8905448347fd,238,7.933333333333334,left_heel,0.5,0.5,0.0,540.0,960.0,0.5
f1ae9d18-a8ba-4f9a-9931-8905448347fd,238,7.933333333333334,right_heel,0.5,0.5,0.0,540.0,960.0,0.5
f1ae9d18-a8ba-4f9a-9931-8905448347fd,238,7.933333333333334,left_foot_index,0.5,0.5,0.0,540.0,960.0,0.5
f1ae9d18-a8ba-4f9a-9931-8905448347fd,238,7.933333333333334,right_foot_index,0.5,0.5,0.0,540.0,960.0,0.5
f1ae9d18-a8ba-4f9a-9931-8905448347fd,239,7.966666666666667,nose,0.5,0.5,0.0,540.0,960.0,0.5
f1ae9d18-a8ba-4f9a-9931-8905448347fd,239,7.966666666666667,left_shoulder,0.5,0.5,0.0,540.0,960.0,0.5
f1ae9d18-a8ba-4f9a-9931-8905448347fd,239,7.966666666666667,right_shoulder,0.5,0.5,0.0,540.0,960.0,0.5
f1ae9d18-a8ba-4f9a-9931-8905448347fd,239,7.966666666666667,left_elbow,0.5,0.5,0.0,540.0,960.0,0.5
f1ae9d18-a8ba-4f9a-9931-8905448347fd,239,7.966666666666667,right_elbow,0.5,0.5,0.0,540.0,960.0,0.5
f1ae9d18-a8ba-4f9a-9931-8905448347fd,239,7.966666666666667,left_wrist,0.5,0.5,0.0,540.0,960.0,0.5
f1ae9d18-a8ba-4f9a-9931-8905448347fd,239,7.966666666666667,right_wrist,0.5,0.5,0.0,540.0,960.0,0.5
f1ae9d18-a8ba-4f9a-9931-8905448347fd,239,7.966666666666667,left_hip,0.5,0.5,0.0,540.0,960.0,0.5
f1ae9d18-a8ba-4f9a-9931-8905448347fd,239,7.966666666666667,right_hip,0.5,0.5,0.0,540.0,960.0,0.5
f1ae9d18-a8ba-4f9a-9931-8905448347fd,239,7.966666666666667,left_knee,0.5,0.5,0.0,540.0,960.0,0.5
f1ae9d18-a8ba-4f9a-9931-8905448347fd,239,7.966666666666667,right_knee,0.5,0.5,0.0,540.0,960.0,0.5
f1ae9d18-a8ba-4f9a-9931-8905448347fd,239,7.966666666666667,left_ankle,0.5,0.5,0.0,540.0,960.0,0.5
f1ae9d18-a8ba-4f9a-9931-8905448347fd,239,7.966666666666667,right_ankle,0.5,0.5,0.0,540.0,960.0,0.5
f1ae9d18-a8ba-4f9a-9931-8905448347fd,239,7.966666666666667,left_heel,0.5,0.5,0.0,540.0,960.0,0.5
f1ae9d18-a8ba-4f9a-9931-8905448347fd,239,7.966666666666667,right_heel,0.5,0.5,0.0,540.0,960.0,0.5
f1ae9d18-a8ba-4f9a-9931-8905448347fd,239,7.966666666666667,left_foot_index,0.5,0.5,0.0,540.0,960.0,0.5
f1ae9d18-a8ba-4f9a-9931-8905448347fd,239,7.966666666666667,right_foot_index,0.5,0.5,0.0,540.0,960.0,0.5
f1ae9d18-a8ba-4f9a-9931-8905448347fd,240,8.0,nose,0.5,0.5,0.0,540.0,960.0,0.5
f1ae9d18-a8ba-4f9a-9931-8905448347fd,240,8.0,left_shoulder,0.5,0.5,0.0,540.0,960.0,0.5
f1ae9d18-a8ba-4f9a-9931-8905448347fd,240,8.0,right_shoulder,0.5,0.5,0.0,540.0,960.0,0.5
f1ae9d18-a8ba-4f9a-9931-8905448347fd,240,8.0,left_elbow,0.5,0.5,0.0,540.0,960.0,0.5
f1ae9d18-a8ba-4f9a-9931-8905448347fd,240,8.0,right_elbow,0.5,0.5,0.0,540.0,960.0,0.5
f1ae9d18-a8ba-4f9a-9931-8905448347fd,240,8.0,left_wrist,0.5,0.5,0.0,540.0,960.0,0.5
f1ae9d18-a8ba-4f9a-9931-8905448347fd,240,8.0,right_wrist,0.5,0.5,0.0,540.0,960.0,0.5
f1ae9d18-a8ba-4f9a-9931-8905448347fd,240,8.0,left_hip,0.5,0.5,0.0,540.0,960.0,0.5
f1ae9d18-a8ba-4f9a-9931-8905448347fd,240,8.0,right_hip,0.5,0.5,0.0,540.0,960.0,0.5
f1ae9d18-a8ba-4f9a-9931-8905448347fd,240,8.0,left_knee,0.5,0.5,0.0,540.0,960.0,0.5
f1ae9d18-a8ba-4f9a-9931-8905448347fd,240,8.0,right_knee,0.5,0.5,0.0,540.0,960.0,0.5
f1ae9d18-a8ba-4f9a-9931-8905448347fd,240,8.0,left_ankle,0.5,0.5,0.0,540.0,960.0,0.5
f1ae9d18-a8ba-4f9a-9931-8905448347fd,240,8.0,right_ankle,0.5,0.5,0.0,540.0,960.0,0.5
f1ae9d18-a8ba-4f9a-9931-8905448347fd,240,8.0,left_heel,0.5,0.5,0.0,540.0,960.0,0.5
f1ae9d18-a8ba-4f9a-9931-8905448347fd,240,8.0,right_heel,0.5,0.5,0.0,540.0,960.0,0.5
f1ae9d18-a8ba-4f9a-9931-8905448347fd,240,8.0,left_foot_index,0.5,0.5,0.0,540.0,960.0,0.5
f1ae9d18-a8ba-4f9a-9931-8905448347fd,240,8.0,right_foot_index,0.5,0.5,0.0,540.0,960.0,0.5
f1ae9d18-a8ba-4f9a-9931-8905448347fd,241,8.033333333333333,nose,0.5,0.5,0.0,540.0,960.0,0.5
f1ae9d18-a8ba-4f9a-9931-8905448347fd,241,8.033333333333333,left_shoulder,0.5,0.5,0.0,540.0,960.0,0.5
f1ae9d18-a8ba-4f9a-9931-8905448347fd,241,8.033333333333333,right_shoulder,0.5,0.5,0.0,540.0,960.0,0.5
f1ae9d18-a8ba-4f9a-9931-8905448347fd,241,8.033333333333333,left_elbow,0.5,0.5,0.0,540.0,960.0,0.5
f1ae9d18-a8ba-4f9a-9931-8905448347fd,241,8.033333333333333,right_elbow,0.5,0.5,0.0,540.0,960.0,0.5
f1ae9d18-a8ba-4f9a-9931-8905448347fd,241,8.033333333333333,left_wrist,0.5,0.5,0.0,540.0,960.0,0.5
f1ae9d18-a8ba-4f9a-9931-8905448347fd,241,8.033333333333333,right_wrist,0.5,0.5,0.0,540.0,960.0,0.5
f1ae9d18-a8ba-4f9a-9931-8905448347fd,241,8.033333333333333,left_hip,0.5,0.5,0.0,540.0,960.0,0.5
f1ae9d18-a8ba-4f9a-9931-8905448347fd,241,8.033333333333333,right_hip,0.5,0.5,0.0,540.0,960.0,0.5
f1ae9d18-a8ba-4f9a-9931-8905448347fd,241,8.033333333333333,left_knee,0.5,0.5,0.0,540.0,960.0,0.5
f1ae9d18-a8ba-4f9a-9931-8905448347fd,241,8.033333333333333,right_knee,0.5,0.5,0.0,540.0,960.0,0.5
f1ae9d18-a8ba-4f9a-9931-8905448347fd,241,8.033333333333333,left_ankle,0.5,0.5,0.0,540.0,960.0,0.5
f1ae9d18-a8ba-4f9a-9931-8905448347fd,241,8.033333333333333,right_ankle,0.5,0.5,0.0,540.0,960.0,0.5
f1ae9d18-a8ba-4f9a-9931-8905448347fd,241,8.033333333333333,left_heel,0.5,0.5,0.0,540.0,960.0,0.5
f1ae9d18-a8ba-4f9a-9931-8905448347fd,241,8.033333333333333,right_heel,0.5,0.5,0.0,540.0,960.0,0.5
f1ae9d18-a8ba-4f9a-9931-8905448347fd,241,8.033333333333333,left_foot_index,0.5,0.5,0.0,540.0,960.0,0.5
f1ae9d18-a8ba-4f9a-9931-8905448347fd,241,8.033333333333333,right_foot_index,0.5,0.5,0.0,540.0,960.0,0.5
f1ae9d18-a8ba-4f9a-9931-8905448347fd,242,8.066666666666666,nose,0.5,0.5,0.0,540.0,960.0,0.5
f1ae9d18-a8ba-4f9a-9931-8905448347fd,242,8.066666666666666,left_shoulder,0.5,0.5,0.0,540.0,960.0,0.5
f1ae9d18-a8ba-4f9a-9931-8905448347fd,242,8.066666666666666,right_shoulder,0.5,0.5,0.0,540.0,960.0,0.5
f1ae9d18-a8ba-4f9a-9931-8905448347fd,242,8.066666666666666,left_elbow,0.5,0.5,0.0,540.0,960.0,0.5
f1ae9d18-a8ba-4f9a-9931-8905448347fd,242,8.066666666666666,right_elbow,0.5,0.5,0.0,540.0,960.0,0.5
f1ae9d18-a8ba-4f9a-9931-8905448347fd,242,8.066666666666666,left_wrist,0.5,0.5,0.0,540.0,960.0,0.5
f1ae9d18-a8ba-4f9a-9931-8905448347fd,242,8.066666666666666,right_wrist,0.5,0.5,0.0,540.0,960.0,0.5
f1ae9d18-a8ba-4f9a-9931-8905448347fd,242,8.066666666666666,left_hip,0.5,0.5,0.0,540.0,960.0,0.5
f1ae9d18-a8ba-4f9a-9931-8905448347fd,242,8.066666666666666,right_hip,0.5,0.5,0.0,540.0,960.0,0.5
f1ae9d18-a8ba-4f9a-9931-8905448347fd,242,8.066666666666666,left_knee,0.5,0.5,0.0,540.0,960.0,0.5
f1ae9d18-a8ba-4f9a-9931-8905448347fd,242,8.066666666666666,right_knee,0.5,0.5,0.0,540.0,960.0,0.5
f1ae9d18-a8ba-4f9a-9931-8905448347fd,242,8.066666666666666,left_ankle,0.5,0.5,0.0,540.0,960.0,0.5
f1ae9d18-a8ba-4f9a-9931-8905448347fd,242,8.066666666666666,right_ankle,0.5,0.5,0.0,540.0,960.0,0.5
f1ae9d18-a8ba-4f9a-9931-8905448347fd,242,8.066666666666666,left_heel,0.5,0.5,0.0,540.0,960.0,0.5
f1ae9d18-a8ba-4f9a-9931-8905448347fd,242,8.066666666666666,right_heel,0.5,0.5,0.0,540.0,960.0,0.5
f1ae9d18-a8ba-4f9a-9931-8905448347fd,242,8.066666666666666,left_foot_index,0.5,0.5,0.0,540.0,960.0,0.5
f1ae9d18-a8ba-4f9a-9931-8905448347fd,242,8.066666666666666,right_foot_index,0.5,0.5,0.0,540.0,960.0,0.5
f1ae9d18-a8ba-4f9a-9931-8905448347fd,243,8.1,nose,0.5,0.5,0.0,540.0,960.0,0.5
f1ae9d18-a8ba-4f9a-9931-8905448347fd,243,8.1,left_shoulder,0.5,0.5,0.0,540.0,960.0,0.5
f1ae9d18-a8ba-4f9a-9931-8905448347fd,243,8.1,right_shoulder,0.5,0.5,0.0,540.0,960.0,0.5
f1ae9d18-a8ba-4f9a-9931-8905448347fd,243,8.1,left_elbow,0.5,0.5,0.0,540.0,960.0,0.5
f1ae9d18-a8ba-4f9a-9931-8905448347fd,243,8.1,right_elbow,0.5,0.5,0.0,540.0,960.0,0.5
f1ae9d18-a8ba-4f9a-9931-8905448347fd,243,8.1,left_wrist,0.5,0.5,0.0,540.0,960.0,0.5
f1ae9d18-a8ba-4f9a-9931-8905448347fd,243,8.1,right_wrist,0.5,0.5,0.0,540.0,960.0,0.5
f1ae9d18-a8ba-4f9a-9931-8905448347fd,243,8.1,left_hip,0.5,0.5,0.0,540.0,960.0,0.5
f1ae9d18-a8ba-4f9a-9931-8905448347fd,243,8.1,right_hip,0.5,0.5,0.0,540.0,960.0,0.5
f1ae9d18-a8ba-4f9a-9931-8905448347fd,243,8.1,left_knee,0.5,0.5,0.0,540.0,960.0,0.5
f1ae9d18-a8ba-4f9a-9931-8905448347fd,243,8.1,right_knee,0.5,0.5,0.0,540.0,960.0,0.5
f1ae9d18-a8ba-4f9a-9931-8905448347fd,243,8.1,left_ankle,0.5,0.5,0.0,540.0,960.0,0.5
f1ae9d18-a8ba-4f9a-9931-8905448347fd,243,8.1,right_ankle,0.5,0.5,0.0,540.0,960.0,0.5
f1ae9d18-a8ba-4f9a-9931-8905448347fd,243,8.1,left_heel,0.5,0.5,0.0,540.0,960.0,0.5
f1ae9d18-a8ba-4f9a-9931-8905448347fd,243,8.1,right_heel,0.5,0.5,0.0,540.0,960.0,0.5
f1ae9d18-a8ba-4f9a-9931-8905448347fd,243,8.1,left_foot_index,0.5,0.5,0.0,540.0,960.0,0.5
f1ae9d18-a8ba-4f9a-9931-8905448347fd,243,8.1,right_foot_index,0.5,0.5,0.0,540.0,960.0,0.5
f1ae9d18-a8ba-4f9a-9931-8905448347fd,244,8.133333333333333,nose,0.5,0.5,0.0,540.0,960.0,0.5
f1ae9d18-a8ba-4f9a-9931-8905448347fd,244,8.133333333333333,left_shoulder,0.5,0.5,0.0,540.0,960.0,0.5
f1ae9d18-a8ba-4f9a-9931-8905448347fd,244,8.133333333333333,right_shoulder,0.5,0.5,0.0,540.0,960.0,0.5
f1ae9d18-a8ba-4f9a-9931-8905448347fd,244,8.133333333333333,left_elbow,0.5,0.5,0.0,540.0,960.0,0.5
f1ae9d18-a8ba-4f9a-9931-8905448347fd,244,8.133333333333333,right_elbow,0.5,0.5,0.0,540.0,960.0,0.5
f1ae9d18-a8ba-4f9a-9931-8905448347fd,244,8.133333333333333,left_wrist,0.5,0.5,0.0,540.0,960.0,0.5
f1ae9d18-a8ba-4f9a-9931-8905448347fd,244,8.133333333333333,right_wrist,0.5,0.5,0.0,540.0,960.0,0.5
f1ae9d18-a8ba-4f9a-9931-8905448347fd,244,8.133333333333333,left_hip,0.5,0.5,0.0,540.0,960.0,0.5
f1ae9d18-a8ba-4f9a-9931-8905448347fd,244,8.133333333333333,right_hip,0.5,0.5,0.0,540.0,960.0,0.5
f1ae9d18-a8ba-4f9a-9931-8905448347fd,244,8.133333333333333,left_knee,0.5,0.5,0.0,540.0,960.0,0.5
f1ae9d18-a8ba-4f9a-9931-8905448347fd,244,8.133333333333333,right_knee,0.5,0.5,0.0,540.0,960.0,0.5
f1ae9d18-a8ba-4f9a-9931-8905448347fd,244,8.133333333333333,left_ankle,0.5,0.5,0.0,540.0,960.0,0.5
f1ae9d18-a8ba-4f9a-9931-8905448347fd,244,8.133333333333333,right_ankle,0.5,0.5,0.0,540.0,960.0,0.5
f1ae9d18-a8ba-4f9a-9931-8905448347fd,244,8.133333333333333,left_heel,0.5,0.5,0.0,540.0,960.0,0.5
f1ae9d18-a8ba-4f9a-9931-8905448347fd,244,8.133333333333333,right_heel,0.5,0.5,0.0,540.0,960.0,0.5
f1ae9d18-a8ba-4f9a-9931-8905448347fd,244,8.133333333333333,left_foot_index,0.5,0.5,0.0,540.0,960.0,0.5
f1ae9d18-a8ba-4f9a-9931-8905448347fd,244,8.133333333333333,right_foot_index,0.5,0.5,0.0,540.0,960.0,0.5
f1ae9d18-a8ba-4f9a-9931-8905448347fd,245,8.166666666666666,nose,0.5,0.5,0.0,540.0,960.0,0.5
f1ae9d18-a8ba-4f9a-9931-8905448347fd,245,8.166666666666666,left_shoulder,0.5,0.5,0.0,540.0,960.0,0.5
f1ae9d18-a8ba-4f9a-9931-8905448347fd,245,8.166666666666666,right_shoulder,0.5,0.5,0.0,540.0,960.0,0.5
f1ae9d18-a8ba-4f9a-9931-8905448347fd,245,8.166666666666666,left_elbow,0.5,0.5,0.0,540.0,960.0,0.5
f1ae9d18-a8ba-4f9a-9931-8905448347fd,245,8.166666666666666,right_elbow,0.5,0.5,0.0,540.0,960.0,0.5
f1ae9d18-a8ba-4f9a-9931-8905448347fd,245,8.166666666666666,left_wrist,0.5,0.5,0.0,540.0,960.0,0.5
f1ae9d18-a8ba-4f9a-9931-8905448347fd,245,8.166666666666666,right_wrist,0.5,0.5,0.0,540.0,960.0,0.5
f1ae9d18-a8ba-4f9a-9931-8905448347fd,245,8.166666666666666,left_hip,0.5,0.5,0.0,540.0,960.0,0.5
f1ae9d18-a8ba-4f9a-9931-8905448347fd,245,8.166666666666666,right_hip,0.5,0.5,0.0,540.0,960.0,0.5
f1ae9d18-a8ba-4f9a-9931-8905448347fd,245,8.166666666666666,left_knee,0.5,0.5,0.0,540.0,960.0,0.5
f1ae9d18-a8ba-4f9a-9931-8905448347fd,245,8.166666666666666,right_knee,0.5,0.5,0.0,540.0,960.0,0.5
f1ae9d18-a8ba-4f9a-9931-8905448347fd,245,8.166666666666666,left_ankle,0.5,0.5,0.0,540.0,960.0,0.5
f1ae9d18-a8ba-4f9a-9931-8905448347fd,245,8.166666666666666,right_ankle,0.5,0.5,0.0,540.0,960.0,0.5
f1ae9d18-a8ba-4f9a-9931-8905448347fd,245,8.166666666666666,left_heel,0.5,0.5,0.0,540.0,960.0,0.5
f1ae9d18-a8ba-4f9a-9931-8905448347fd,245,8.166666666666666,right_heel,0.5,0.5,0.0,540.0,960.0,0.5
f1ae9d18-a8ba-4f9a-9931-8905448347fd,245,8.166666666666666,left_foot_index,0.5,0.5,0.0,540.0,960.0,0.5
f1ae9d18-a8ba-4f9a-9931-8905448347fd,245,8.166666666666666,right_foot_index,0.5,0.5,0.0,540.0,960.0,0.5
f1ae9d18-a8ba-4f9a-9931-8905448347fd,246,8.2,nose,0.5,0.5,0.0,540.0,960.0,0.5
f1ae9d18-a8ba-4f9a-9931-8905448347fd,246,8.2,left_shoulder,0.5,0.5,0.0,540.0,960.0,0.5
f1ae9d18-a8ba-4f9a-9931-8905448347fd,246,8.2,right_shoulder,0.5,0.5,0.0,540.0,960.0,0.5
f1ae9d18-a8ba-4f9a-9931-8905448347fd,246,8.2,left_elbow,0.5,0.5,0.0,540.0,960.0,0.5
f1ae9d18-a8ba-4f9a-9931-8905448347fd,246,8.2,right_elbow,0.5,0.5,0.0,540.0,960.0,0.5
f1ae9d18-a8ba-4f9a-9931-8905448347fd,246,8.2,left_wrist,0.5,0.5,0.0,540.0,960.0,0.5
f1ae9d18-a8ba-4f9a-9931-8905448347fd,246,8.2,right_wrist,0.5,0.5,0.0,540.0,960.0,0.5
f1ae9d18-a8ba-4f9a-9931-8905448347fd,246,8.2,left_hip,0.5,0.5,0.0,540.0,960.0,0.5
f1ae9d18-a8ba-4f9a-9931-8905448347fd,246,8.2,right_hip,0.5,0.5,0.0,540.0,960.0,0.5
f1ae9d18-a8ba-4f9a-9931-8905448347fd,246,8.2,left_knee,0.5,0.5,0.0,540.0,960.0,0.5
f1ae9d18-a8ba-4f9a-9931-8905448347fd,246,8.2,right_knee,0.5,0.5,0.0,540.0,960.0,0.5
f1ae9d18-a8ba-4f9a-9931-8905448347fd,246,8.2,left_ankle,0.5,0.5,0.0,540.0,960.0,0.5
f1ae9d18-a8ba-4f9a-9931-8905448347fd,246,8.2,right_ankle,0.5,0.5,0.0,540.0,960.0,0.5
f1ae9d18-a8ba-4f9a-9931-8905448347fd,246,8.2,left_heel,0.5,0.5,0.0,540.0,960.0,0.5
f1ae9d18-a8ba-4f9a-9931-8905448347fd,246,8.2,right_heel,0.5,0.5,0.0,540.0,960.0,0.5
f1ae9d18-a8ba-4f9a-9931-8905448347fd,246,8.2,left_foot_index,0.5,0.5,0.0,540.0,960.0,0.5
f1ae9d18-a8ba-4f9a-9931-8905448347fd,246,8.2,right_foot_index,0.5,0.5,0.0,540.0,960.0,0.5
f1ae9d18-a8ba-4f9a-9931-8905448347fd,247,8.233333333333333,nose,0.5,0.5,0.0,540.0,960.0,0.5
f1ae9d18-a8ba-4f9a-9931-8905448347fd,247,8.233333333333333,left_shoulder,0.5,0.5,0.0,540.0,960.0,0.5
f1ae9d18-a8ba-4f9a-9931-8905448347fd,247,8.233333333333333,right_shoulder,0.5,0.5,0.0,540.0,960.0,0.5
f1ae9d18-a8ba-4f9a-9931-8905448347fd,247,8.233333333333333,left_elbow,0.5,0.5,0.0,540.0,960.0,0.5
f1ae9d18-a8ba-4f9a-9931-8905448347fd,247,8.233333333333333,right_elbow,0.5,0.5,0.0,540.0,960.0,0.5
f1ae9d18-a8ba-4f9a-9931-8905448347fd,247,8.233333333333333,left_wrist,0.5,0.5,0.0,540.0,960.0,0.5
f1ae9d18-a8ba-4f9a-9931-8905448347fd,247,8.233333333333333,right_wrist,0.5,0.5,0.0,540.0,960.0,0.5
f1ae9d18-a8ba-4f9a-9931-8905448347fd,247,8.233333333333333,left_hip,0.5,0.5,0.0,540.0,960.0,0.5
f1ae9d18-a8ba-4f9a-9931-8905448347fd,247,8.233333333333333,right_hip,0.5,0.5,0.0,540.0,960.0,0.5
f1ae9d18-a8ba-4f9a-9931-8905448347fd,247,8.233333333333333,left_knee,0.5,0.5,0.0,540.0,960.0,0.5
f1ae9d18-a8ba-4f9a-9931-8905448347fd,247,8.233333333333333,right_knee,0.5,0.5,0.0,540.0,960.0,0.5
f1ae9d18-a8ba-4f9a-9931-8905448347fd,247,8.233333333333333,left_ankle,0.5,0.5,0.0,540.0,960.0,0.5
f1ae9d18-a8ba-4f9a-9931-8905448347fd,247,8.233333333333333,right_ankle,0.5,0.5,0.0,540.0,960.0,0.5
f1ae9d18-a8ba-4f9a-9931-8905448347fd,247,8.233333333333333,left_heel,0.5,0.5,0.0,540.0,960.0,0.5
f1ae9d18-a8ba-4f9a-9931-8905448347fd,247,8.233333333333333,right_heel,0.5,0.5,0.0,540.0,960.0,0.5
f1ae9d18-a8ba-4f9a-9931-8905448347fd,247,8.233333333333333,left_foot_index,0.5,0.5,0.0,540.0,960.0,0.5
f1ae9d18-a8ba-4f9a-9931-8905448347fd,247,8.233333333333333,right_foot_index,0.5,0.5,0.0,540.0,960.0,0.5
f1ae9d18-a8ba-4f9a-9931-8905448347fd,248,8.266666666666667,nose,0.5,0.5,0.0,540.0,960.0,0.5
f1ae9d18-a8ba-4f9a-9931-8905448347fd,248,8.266666666666667,left_shoulder,0.5,0.5,0.0,540.0,960.0,0.5
f1ae9d18-a8ba-4f9a-9931-8905448347fd,248,8.266666666666667,right_shoulder,0.5,0.5,0.0,540.0,960.0,0.5
f1ae9d18-a8ba-4f9a-9931-8905448347fd,248,8.266666666666667,left_elbow,0.5,0.5,0.0,540.0,960.0,0.5
f1ae9d18-a8ba-4f9a-9931-8905448347fd,248,8.266666666666667,right_elbow,0.5,0.5,0.0,540.0,960.0,0.5
f1ae9d18-a8ba-4f9a-9931-8905448347fd,248,8.266666666666667,left_wrist,0.5,0.5,0.0,540.0,960.0,0.5
f1ae9d18-a8ba-4f9a-9931-8905448347fd,248,8.266666666666667,right_wrist,0.5,0.5,0.0,540.0,960.0,0.5
f1ae9d18-a8ba-4f9a-9931-8905448347fd,248,8.266666666666667,left_hip,0.5,0.5,0.0,540.0,960.0,0.5
f1ae9d18-a8ba-4f9a-9931-8905448347fd,248,8.266666666666667,right_hip,0.5,0.5,0.0,540.0,960.0,0.5
f1ae9d18-a8ba-4f9a-9931-8905448347fd,248,8.266666666666667,left_knee,0.5,0.5,0.0,540.0,960.0,0.5
f1ae9d18-a8ba-4f9a-9931-8905448347fd,248,8.266666666666667,right_knee,0.5,0.5,0.0,540.0,960.0,0.5
f1ae9d18-a8ba-4f9a-9931-8905448347fd,248,8.266666666666667,left_ankle,0.5,0.5,0.0,540.0,960.0,0.5
f1ae9d18-a8ba-4f9a-9931-8905448347fd,248,8.266666666666667,right_ankle,0.5,0.5,0.0,540.0,960.0,0.5
f1ae9d18-a8ba-4f9a-9931-8905448347fd,248,8.266666666666667,left_heel,0.5,0.5,0.0,540.0,960.0,0.5
f1ae9d18-a8ba-4f9a-9931-8905448347fd,248,8.266666666666667,right_heel,0.5,0.5,0.0,540.0,960.0,0.5
f1ae9d18-a8ba-4f9a-9931-8905448347fd,248,8.266666666666667,left_foot_index,0.5,0.5,0.0,540.0,960.0,0.5
f1ae9d18-a8ba-4f9a-9931-8905448347fd,248,8.266666666666667,right_foot_index,0.5,0.5,0.0,540.0,960.0,0.5
f1ae9d18-a8ba-4f9a-9931-8905448347fd,249,8.3,nose,0.5,0.5,0.0,540.0,960.0,0.5
f1ae9d18-a8ba-4f9a-9931-8905448347fd,249,8.3,left_shoulder,0.5,0.5,0.0,540.0,960.0,0.5
f1ae9d18-a8ba-4f9a-9931-8905448347fd,249,8.3,right_shoulder,0.5,0.5,0.0,540.0,960.0,0.5
f1ae9d18-a8ba-4f9a-9931-8905448347fd,249,8.3,left_elbow,0.5,0.5,0.0,540.0,960.0,0.5
f1ae9d18-a8ba-4f9a-9931-8905448347fd,249,8.3,right_elbow,0.5,0.5,0.0,540.0,960.0,0.5
f1ae9d18-a8ba-4f9a-9931-8905448347fd,249,8.3,left_wrist,0.5,0.5,0.0,540.0,960.0,0.5
f1ae9d18-a8ba-4f9a-9931-8905448347fd,249,8.3,right_wrist,0.5,0.5,0.0,540.0,960.0,0.5
f1ae9d18-a8ba-4f9a-9931-8905448347fd,249,8.3,left_hip,0.5,0.5,0.0,540.0,960.0,0.5
f1ae9d18-a8ba-4f9a-9931-8905448347fd,249,8.3,right_hip,0.5,0.5,0.0,540.0,960.0,0.5
f1ae9d18-a8ba-4f9a-9931-8905448347fd,249,8.3,left_knee,0.5,0.5,0.0,540.0,960.0,0.5
f1ae9d18-a8ba-4f9a-9931-8905448347fd,249,8.3,right_knee,0.5,0.5,0.0,540.0,960.0,0.5
f1ae9d18-a8ba-4f9a-9931-8905448347fd,249,8.3,left_ankle,0.5,0.5,0.0,540.0,960.0,0.5
f1ae9d18-a8ba-4f9a-9931-8905448347fd,249,8.3,right_ankle,0.5,0.5,0.0,540.0,960.0,0.5
f1ae9d18-a8ba-4f9a-9931-8905448347fd,249,8.3,left_heel,0.5,0.5,0.0,540.0,960.0,0.5
f1ae9d18-a8ba-4f9a-9931-8905448347fd,249,8.3,right_heel,0.5,0.5,0.0,540.0,960.0,0.5
f1ae9d18-a8ba-4f9a-9931-8905448347fd,249,8.3,left_foot_index,0.5,0.5,0.0,540.0,960.0,0.5
f1ae9d18-a8ba-4f9a-9931-8905448347fd,249,8.3,right_foot_index,0.5,0.5,0.0,540.0,960.0,0.5
f1ae9d18-a8ba-4f9a-9931-8905448347fd,250,8.333333333333334,nose,0.5,0.5,0.0,540.0,960.0,0.5
f1ae9d18-a8ba-4f9a-9931-8905448347fd,250,8.333333333333334,left_shoulder,0.5,0.5,0.0,540.0,960.0,0.5
f1ae9d18-a8ba-4f9a-9931-8905448347fd,250,8.333333333333334,right_shoulder,0.5,0.5,0.0,540.0,960.0,0.5
f1ae9d18-a8ba-4f9a-9931-8905448347fd,250,8.333333333333334,left_elbow,0.5,0.5,0.0,540.0,960.0,0.5
f1ae9d18-a8ba-4f9a-9931-8905448347fd,250,8.333333333333334,right_elbow,0.5,0.5,0.0,540.0,960.0,0.5
f1ae9d18-a8ba-4f9a-9931-8905448347fd,250,8.333333333333334,left_wrist,0.5,0.5,0.0,540.0,960.0,0.5
f1ae9d18-a8ba-4f9a-9931-8905448347fd,250,8.333333333333334,right_wrist,0.5,0.5,0.0,540.0,960.0,0.5
f1ae9d18-a8ba-4f9a-9931-8905448347fd,250,8.333333333333334,left_hip,0.5,0.5,0.0,540.0,960.0,0.5
f1ae9d18-a8ba-4f9a-9931-8905448347fd,250,8.333333333333334,right_hip,0.5,0.5,0.0,540.0,960.0,0.5
f1ae9d18-a8ba-4f9a-9931-8905448347fd,250,8.333333333333334,left_knee,0.5,0.5,0.0,540.0,960.0,0.5
f1ae9d18-a8ba-4f9a-9931-8905448347fd,250,8.333333333333334,right_knee,0.5,0.5,0.0,540.0,960.0,0.5
f1ae9d18-a8ba-4f9a-9931-8905448347fd,250,8.333333333333334,left_ankle,0.5,0.5,0.0,540.0,960.0,0.5
f1ae9d18-a8ba-4f9a-9931-8905448347fd,250,8.333333333333334,right_ankle,0.5,0.5,0.0,540.0,960.0,0.5
f1ae9d18-a8ba-4f9a-9931-8905448347fd,250,8.333333333333334,left_heel,0.5,0.5,0.0,540.0,960.0,0.5
f1ae9d18-a8ba-4f9a-9931-8905448347fd,250,8.333333333333334,right_heel,0.5,0.5,0.0,540.0,960.0,0.5
f1ae9d18-a8ba-4f9a-9931-8905448347fd,250,8.333333333333334,left_foot_index,0.5,0.5,0.0,540.0,960.0,0.5
f1ae9d18-a8ba-4f9a-9931-8905448347fd,250,8.333333333333334,right_foot_index,0.5,0.5,0.0,540.0,960.0,0.5
f1ae9d18-a8ba-4f9a-9931-8905448347fd,251,8.366666666666667,nose,0.5,0.5,0.0,540.0,960.0,0.5
f1ae9d18-a8ba-4f9a-9931-8905448347fd,251,8.366666666666667,left_shoulder,0.5,0.5,0.0,540.0,960.0,0.5
f1ae9d18-a8ba-4f9a-9931-8905448347fd,251,8.366666666666667,right_shoulder,0.5,0.5,0.0,540.0,960.0,0.5
f1ae9d18-a8ba-4f9a-9931-8905448347fd,251,8.366666666666667,left_elbow,0.5,0.5,0.0,540.0,960.0,0.5
f1ae9d18-a8ba-4f9a-9931-8905448347fd,251,8.366666666666667,right_elbow,0.5,0.5,0.0,540.0,960.0,0.5
f1ae9d18-a8ba-4f9a-9931-8905448347fd,251,8.366666666666667,left_wrist,0.5,0.5,0.0,540.0,960.0,0.5
f1ae9d18-a8ba-4f9a-9931-8905448347fd,251,8.366666666666667,right_wrist,0.5,0.5,0.0,540.0,960.0,0.5
f1ae9d18-a8ba-4f9a-9931-8905448347fd,251,8.366666666666667,left_hip,0.5,0.5,0.0,540.0,960.0,0.5
f1ae9d18-a8ba-4f9a-9931-8905448347fd,251,8.366666666666667,right_hip,0.5,0.5,0.0,540.0,960.0,0.5
f1ae9d18-a8ba-4f9a-9931-8905448347fd,251,8.366666666666667,left_knee,0.5,0.5,0.0,540.0,960.0,0.5
f1ae9d18-a8ba-4f9a-9931-8905448347fd,251,8.366666666666667,right_knee,0.5,0.5,0.0,540.0,960.0,0.5
f1ae9d18-a8ba-4f9a-9931-8905448347fd,251,8.366666666666667,left_ankle,0.5,0.5,0.0,540.0,960.0,0.5
f1ae9d18-a8ba-4f9a-9931-8905448347fd,251,8.366666666666667,right_ankle,0.5,0.5,0.0,540.0,960.0,0.5
f1ae9d18-a8ba-4f9a-9931-8905448347fd,251,8.366666666666667,left_heel,0.5,0.5,0.0,540.0,960.0,0.5
f1ae9d18-a8ba-4f9a-9931-8905448347fd,251,8.366666666666667,right_heel,0.5,0.5,0.0,540.0,960.0,0.5
f1ae9d18-a8ba-4f9a-9931-8905448347fd,251,8.366666666666667,left_foot_index,0.5,0.5,0.0,540.0,960.0,0.5
f1ae9d18-a8ba-4f9a-9931-8905448347fd,251,8.366666666666667,right_foot_index,0.5,0.5,0.0,540.0,960.0,0.5
f1ae9d18-a8ba-4f9a-9931-8905448347fd,252,8.4,nose,0.5,0.5,0.0,540.0,960.0,0.5
f1ae9d18-a8ba-4f9a-9931-8905448347fd,252,8.4,left_shoulder,0.5,0.5,0.0,540.0,960.0,0.5
f1ae9d18-a8ba-4f9a-9931-8905448347fd,252,8.4,right_shoulder,0.5,0.5,0.0,540.0,960.0,0.5
f1ae9d18-a8ba-4f9a-9931-8905448347fd,252,8.4,left_elbow,0.5,0.5,0.0,540.0,960.0,0.5
f1ae9d18-a8ba-4f9a-9931-8905448347fd,252,8.4,right_elbow,0.5,0.5,0.0,540.0,960.0,0.5
f1ae9d18-a8ba-4f9a-9931-8905448347fd,252,8.4,left_wrist,0.5,0.5,0.0,540.0,960.0,0.5
f1ae9d18-a8ba-4f9a-9931-8905448347fd,252,8.4,right_wrist,0.5,0.5,0.0,540.0,960.0,0.5
f1ae9d18-a8ba-4f9a-9931-8905448347fd,252,8.4,left_hip,0.5,0.5,0.0,540.0,960.0,0.5
f1ae9d18-a8ba-4f9a-9931-8905448347fd,252,8.4,right_hip,0.5,0.5,0.0,540.0,960.0,0.5
f1ae9d18-a8ba-4f9a-9931-8905448347fd,252,8.4,left_knee,0.5,0.5,0.0,540.0,960.0,0.5
f1ae9d18-a8ba-4f9a-9931-8905448347fd,252,8.4,right_knee,0.5,0.5,0.0,540.0,960.0,0.5
f1ae9d18-a8ba-4f9a-9931-8905448347fd,252,8.4,left_ankle,0.5,0.5,0.0,540.0,960.0,0.5
f1ae9d18-a8ba-4f9a-9931-8905448347fd,252,8.4,right_ankle,0.5,0.5,0.0,540.0,960.0,0.5
f1ae9d18-a8ba-4f9a-9931-8905448347fd,252,8.4,left_heel,0.5,0.5,0.0,540.0,960.0,0.5
f1ae9d18-a8ba-4f9a-9931-8905448347fd,252,8.4,right_heel,0.5,0.5,0.0,540.0,960.0,0.5
f1ae9d18-a8ba-4f9a-9931-8905448347fd,252,8.4,left_foot_index,0.5,0.5,0.0,540.0,960.0,0.5
f1ae9d18-a8ba-4f9a-9931-8905448347fd,252,8.4,right_foot_index,0.5,0.5,0.0,540.0,960.0,0.5
f1ae9d18-a8ba-4f9a-9931-8905448347fd,253,8.433333333333334,nose,0.5,0.5,0.0,540.0,960.0,0.5
f1ae9d18-a8ba-4f9a-9931-8905448347fd,253,8.433333333333334,left_shoulder,0.5,0.5,0.0,540.0,960.0,0.5
f1ae9d18-a8ba-4f9a-9931-8905448347fd,253,8.433333333333334,right_shoulder,0.5,0.5,0.0,540.0,960.0,0.5
f1ae9d18-a8ba-4f9a-9931-8905448347fd,253,8.433333333333334,left_elbow,0.5,0.5,0.0,540.0,960.0,0.5
f1ae9d18-a8ba-4f9a-9931-8905448347fd,253,8.433333333333334,right_elbow,0.5,0.5,0.0,540.0,960.0,0.5
f1ae9d18-a8ba-4f9a-9931-8905448347fd,253,8.433333333333334,left_wrist,0.5,0.5,0.0,540.0,960.0,0.5
f1ae9d18-a8ba-4f9a-9931-8905448347fd,253,8.433333333333334,right_wrist,0.5,0.5,0.0,540.0,960.0,0.5
f1ae9d18-a8ba-4f9a-9931-8905448347fd,253,8.433333333333334,left_hip,0.5,0.5,0.0,540.0,960.0,0.5
f1ae9d18-a8ba-4f9a-9931-8905448347fd,253,8.433333333333334,right_hip,0.5,0.5,0.0,540.0,960.0,0.5
f1ae9d18-a8ba-4f9a-9931-8905448347fd,253,8.433333333333334,left_knee,0.5,0.5,0.0,540.0,960.0,0.5
f1ae9d18-a8ba-4f9a-9931-8905448347fd,253,8.433333333333334,right_knee,0.5,0.5,0.0,540.0,960.0,0.5
f1ae9d18-a8ba-4f9a-9931-8905448347fd,253,8.433333333333334,left_ankle,0.5,0.5,0.0,540.0,960.0,0.5
f1ae9d18-a8ba-4f9a-9931-8905448347fd,253,8.433333333333334,right_ankle,0.5,0.5,0.0,540.0,960.0,0.5
f1ae9d18-a8ba-4f9a-9931-8905448347fd,253,8.433333333333334,left_heel,0.5,0.5,0.0,540.0,960.0,0.5
f1ae9d18-a8ba-4f9a-9931-8905448347fd,253,8.433333333333334,right_heel,0.5,0.5,0.0,540.0,960.0,0.5
f1ae9d18-a8ba-4f9a-9931-8905448347fd,253,8.433333333333334,left_foot_index,0.5,0.5,0.0,540.0,960.0,0.5
f1ae9d18-a8ba-4f9a-9931-8905448347fd,253,8.433333333333334,right_foot_index,0.5,0.5,0.0,540.0,960.0,0.5
f1ae9d18-a8ba-4f9a-9931-8905448347fd,254,8.466666666666667,nose,0.5,0.5,0.0,540.0,960.0,0.5
f1ae9d18-a8ba-4f9a-9931-8905448347fd,254,8.466666666666667,left_shoulder,0.5,0.5,0.0,540.0,960.0,0.5
f1ae9d18-a8ba-4f9a-9931-8905448347fd,254,8.466666666666667,right_shoulder,0.5,0.5,0.0,540.0,960.0,0.5
f1ae9d18-a8ba-4f9a-9931-8905448347fd,254,8.466666666666667,left_elbow,0.5,0.5,0.0,540.0,960.0,0.5
f1ae9d18-a8ba-4f9a-9931-8905448347fd,254,8.466666666666667,right_elbow,0.5,0.5,0.0,540.0,960.0,0.5
f1ae9d18-a8ba-4f9a-9931-8905448347fd,254,8.466666666666667,left_wrist,0.5,0.5,0.0,540.0,960.0,0.5
f1ae9d18-a8ba-4f9a-9931-8905448347fd,254,8.466666666666667,right_wrist,0.5,0.5,0.0,540.0,960.0,0.5
f1ae9d18-a8ba-4f9a-9931-8905448347fd,254,8.466666666666667,left_hip,0.5,0.5,0.0,540.0,960.0,0.5
f1ae9d18-a8ba-4f9a-9931-8905448347fd,254,8.466666666666667,right_hip,0.5,0.5,0.0,540.0,960.0,0.5
f1ae9d18-a8ba-4f9a-9931-8905448347fd,254,8.466666666666667,left_knee,0.5,0.5,0.0,540.0,960.0,0.5
f1ae9d18-a8ba-4f9a-9931-8905448347fd,254,8.466666666666667,right_knee,0.5,0.5,0.0,540.0,960.0,0.5
f1ae9d18-a8ba-4f9a-9931-8905448347fd,254,8.466666666666667,left_ankle,0.5,0.5,0.0,540.0,960.0,0.5
f1ae9d18-a8ba-4f9a-9931-8905448347fd,254,8.466666666666667,right_ankle,0.5,0.5,0.0,540.0,960.0,0.5
f1ae9d18-a8ba-4f9a-9931-8905448347fd,254,8.466666666666667,left_heel,0.5,0.5,0.0,540.0,960.0,0.5
f1ae9d18-a8ba-4f9a-9931-8905448347fd,254,8.466666666666667,right_heel,0.5,0.5,0.0,540.0,960.0,0.5
f1ae9d18-a8ba-4f9a-9931-8905448347fd,254,8.466666666666667,left_foot_index,0.5,0.5,0.0,540.0,960.0,0.5
f1ae9d18-a8ba-4f9a-9931-8905448347fd,254,8.466666666666667,right_foot_index,0.5,0.5,0.0,540.0,960.0,0.5
f1ae9d18-a8ba-4f9a-9931-8905448347fd,255,8.5,nose,0.5,0.5,0.0,540.0,960.0,0.5
f1ae9d18-a8ba-4f9a-9931-8905448347fd,255,8.5,left_shoulder,0.5,0.5,0.0,540.0,960.0,0.5
f1ae9d18-a8ba-4f9a-9931-8905448347fd,255,8.5,right_shoulder,0.5,0.5,0.0,540.0,960.0,0.5
f1ae9d18-a8ba-4f9a-9931-8905448347fd,255,8.5,left_elbow,0.5,0.5,0.0,540.0,960.0,0.5
f1ae9d18-a8ba-4f9a-9931-8905448347fd,255,8.5,right_elbow,0.5,0.5,0.0,540.0,960.0,0.5
f1ae9d18-a8ba-4f9a-9931-8905448347fd,255,8.5,left_wrist,0.5,0.5,0.0,540.0,960.0,0.5
f1ae9d18-a8ba-4f9a-9931-8905448347fd,255,8.5,right_wrist,0.5,0.5,0.0,540.0,960.0,0.5
f1ae9d18-a8ba-4f9a-9931-8905448347fd,255,8.5,left_hip,0.5,0.5,0.0,540.0,960.0,0.5
f1ae9d18-a8ba-4f9a-9931-8905448347fd,255,8.5,right_hip,0.5,0.5,0.0,540.0,960.0,0.5
f1ae9d18-a8ba-4f9a-9931-8905448347fd,255,8.5,left_knee,0.5,0.5,0.0,540.0,960.0,0.5
f1ae9d18-a8ba-4f9a-9931-8905448347fd,255,8.5,right_knee,0.5,0.5,0.0,540.0,960.0,0.5
f1ae9d18-a8ba-4f9a-9931-8905448347fd,255,8.5,left_ankle,0.5,0.5,0.0,540.0,960.0,0.5
f1ae9d18-a8ba-4f9a-9931-8905448347fd,255,8.5,right_ankle,0.5,0.5,0.0,540.0,960.0,0.5
f1ae9d18-a8ba-4f9a-9931-8905448347fd,255,8.5,left_heel,0.5,0.5,0.0,540.0,960.0,0.5
f1ae9d18-a8ba-4f9a-9931-8905448347fd,255,8.5,right_heel,0.5,0.5,0.0,540.0,960.0,0.5
f1ae9d18-a8ba-4f9a-9931-8905448347fd,255,8.5,left_foot_index,0.5,0.5,0.0,540.0,960.0,0.5
f1ae9d18-a8ba-4f9a-9931-8905448347fd,255,8.5,right_foot_index,0.5,0.5,0.0,540.0,960.0,0.5
f1ae9d18-a8ba-4f9a-9931-8905448347fd,256,8.533333333333333,nose,0.5,0.5,0.0,540.0,960.0,0.5
f1ae9d18-a8ba-4f9a-9931-8905448347fd,256,8.533333333333333,left_shoulder,0.5,0.5,0.0,540.0,960.0,0.5
f1ae9d18-a8ba-4f9a-9931-8905448347fd,256,8.533333333333333,right_shoulder,0.5,0.5,0.0,540.0,960.0,0.5
f1ae9d18-a8ba-4f9a-9931-8905448347fd,256,8.533333333333333,left_elbow,0.5,0.5,0.0,540.0,960.0,0.5
f1ae9d18-a8ba-4f9a-9931-8905448347fd,256,8.533333333333333,right_elbow,0.5,0.5,0.0,540.0,960.0,0.5
f1ae9d18-a8ba-4f9a-9931-8905448347fd,256,8.533333333333333,left_wrist,0.5,0.5,0.0,540.0,960.0,0.5
f1ae9d18-a8ba-4f9a-9931-8905448347fd,256,8.533333333333333,right_wrist,0.5,0.5,0.0,540.0,960.0,0.5
f1ae9d18-a8ba-4f9a-9931-8905448347fd,256,8.533333333333333,left_hip,0.5,0.5,0.0,540.0,960.0,0.5
f1ae9d18-a8ba-4f9a-9931-8905448347fd,256,8.533333333333333,right_hip,0.5,0.5,0.0,540.0,960.0,0.5
f1ae9d18-a8ba-4f9a-9931-8905448347fd,256,8.533333333333333,left_knee,0.5,0.5,0.0,540.0,960.0,0.5
f1ae9d18-a8ba-4f9a-9931-8905448347fd,256,8.533333333333333,right_knee,0.5,0.5,0.0,540.0,960.0,0.5
f1ae9d18-a8ba-4f9a-9931-8905448347fd,256,8.533333333333333,left_ankle,0.5,0.5,0.0,540.0,960.0,0.5
f1ae9d18-a8ba-4f9a-9931-8905448347fd,256,8.533333333333333,right_ankle,0.5,0.5,0.0,540.0,960.0,0.5
f1ae9d18-a8ba-4f9a-9931-8905448347fd,256,8.533333333333333,left_heel,0.5,0.5,0.0,540.0,960.0,0.5
f1ae9d18-a8ba-4f9a-9931-8905448347fd,256,8.533333333333333,right_heel,0.5,0.5,0.0,540.0,960.0,0.5
f1ae9d18-a8ba-4f9a-9931-8905448347fd,256,8.533333333333333,left_foot_index,0.5,0.5,0.0,540.0,960.0,0.5
f1ae9d18-a8ba-4f9a-9931-8905448347fd,256,8.533333333333333,right_foot_index,0.5,0.5,0.0,540.0,960.0,0.5
f1ae9d18-a8ba-4f9a-9931-8905448347fd,257,8.566666666666666,nose,0.5,0.5,0.0,540.0,960.0,0.5
f1ae9d18-a8ba-4f9a-9931-8905448347fd,257,8.566666666666666,left_shoulder,0.5,0.5,0.0,540.0,960.0,0.5
f1ae9d18-a8ba-4f9a-9931-8905448347fd,257,8.566666666666666,right_shoulder,0.5,0.5,0.0,540.0,960.0,0.5
f1ae9d18-a8ba-4f9a-9931-8905448347fd,257,8.566666666666666,left_elbow,0.5,0.5,0.0,540.0,960.0,0.5
f1ae9d18-a8ba-4f9a-9931-8905448347fd,257,8.566666666666666,right_elbow,0.5,0.5,0.0,540.0,960.0,0.5
f1ae9d18-a8ba-4f9a-9931-8905448347fd,257,8.566666666666666,left_wrist,0.5,0.5,0.0,540.0,960.0,0.5
f1ae9d18-a8ba-4f9a-9931-8905448347fd,257,8.566666666666666,right_wrist,0.5,0.5,0.0,540.0,960.0,0.5
f1ae9d18-a8ba-4f9a-9931-8905448347fd,257,8.566666666666666,left_hip,0.5,0.5,0.0,540.0,960.0,0.5
f1ae9d18-a8ba-4f9a-9931-8905448347fd,257,8.566666666666666,right_hip,0.5,0.5,0.0,540.0,960.0,0.5
f1ae9d18-a8ba-4f9a-9931-8905448347fd,257,8.566666666666666,left_knee,0.5,0.5,0.0,540.0,960.0,0.5
f1ae9d18-a8ba-4f9a-9931-8905448347fd,257,8.566666666666666,right_knee,0.5,0.5,0.0,540.0,960.0,0.5
f1ae9d18-a8ba-4f9a-9931-8905448347fd,257,8.566666666666666,left_ankle,0.5,0.5,0.0,540.0,960.0,0.5
f1ae9d18-a8ba-4f9a-9931-8905448347fd,257,8.566666666666666,right_ankle,0.5,0.5,0.0,540.0,960.0,0.5
f1ae9d18-a8ba-4f9a-9931-8905448347fd,257,8.566666666666666,left_heel,0.5,0.5,0.0,540.0,960.0,0.5
f1ae9d18-a8ba-4f9a-9931-8905448347fd,257,8.566666666666666,right_heel,0.5,0.5,0.0,540.0,960.0,0.5
f1ae9d18-a8ba-4f9a-9931-8905448347fd,257,8.566666666666666,left_foot_index,0.5,0.5,0.0,540.0,960.0,0.5
f1ae9d18-a8ba-4f9a-9931-8905448347fd,257,8.566666666666666,right_foot_index,0.5,0.5,0.0,540.0,960.0,0.5
f1ae9d18-a8ba-4f9a-9931-8905448347fd,258,8.6,nose,0.5,0.5,0.0,540.0,960.0,0.5
f1ae9d18-a8ba-4f9a-9931-8905448347fd,258,8.6,left_shoulder,0.5,0.5,0.0,540.0,960.0,0.5
f1ae9d18-a8ba-4f9a-9931-8905448347fd,258,8.6,right_shoulder,0.5,0.5,0.0,540.0,960.0,0.5
f1ae9d18-a8ba-4f9a-9931-8905448347fd,258,8.6,left_elbow,0.5,0.5,0.0,540.0,960.0,0.5
f1ae9d18-a8ba-4f9a-9931-8905448347fd,258,8.6,right_elbow,0.5,0.5,0.0,540.0,960.0,0.5
f1ae9d18-a8ba-4f9a-9931-8905448347fd,258,8.6,left_wrist,0.5,0.5,0.0,540.0,960.0,0.5
f1ae9d18-a8ba-4f9a-9931-8905448347fd,258,8.6,right_wrist,0.5,0.5,0.0,540.0,960.0,0.5
f1ae9d18-a8ba-4f9a-9931-8905448347fd,258,8.6,left_hip,0.5,0.5,0.0,540.0,960.0,0.5
f1ae9d18-a8ba-4f9a-9931-8905448347fd,258,8.6,right_hip,0.5,0.5,0.0,540.0,960.0,0.5
f1ae9d18-a8ba-4f9a-9931-8905448347fd,258,8.6,left_knee,0.5,0.5,0.0,540.0,960.0,0.5
f1ae9d18-a8ba-4f9a-9931-8905448347fd,258,8.6,right_knee,0.5,0.5,0.0,540.0,960.0,0.5
f1ae9d18-a8ba-4f9a-9931-8905448347fd,258,8.6,left_ankle,0.5,0.5,0.0,540.0,960.0,0.5
f1ae9d18-a8ba-4f9a-9931-8905448347fd,258,8.6,right_ankle,0.5,0.5,0.0,540.0,960.0,0.5
f1ae9d18-a8ba-4f9a-9931-8905448347fd,258,8.6,left_heel,0.5,0.5,0.0,540.0,960.0,0.5
f1ae9d18-a8ba-4f9a-9931-8905448347fd,258,8.6,right_heel,0.5,0.5,0.0,540.0,960.0,0.5
f1ae9d18-a8ba-4f9a-9931-8905448347fd,258,8.6,left_foot_index,0.5,0.5,0.0,540.0,960.0,0.5
f1ae9d18-a8ba-4f9a-9931-8905448347fd,258,8.6,right_foot_index,0.5,0.5,0.0,540.0,960.0,0.5
f1ae9d18-a8ba-4f9a-9931-8905448347fd,259,8.633333333333333,nose,0.5,0.5,0.0,540.0,960.0,0.5
f1ae9d18-a8ba-4f9a-9931-8905448347fd,259,8.633333333333333,left_shoulder,0.5,0.5,0.0,540.0,960.0,0.5
f1ae9d18-a8ba-4f9a-9931-8905448347fd,259,8.633333333333333,right_shoulder,0.5,0.5,0.0,540.0,960.0,0.5
f1ae9d18-a8ba-4f9a-9931-8905448347fd,259,8.633333333333333,left_elbow,0.5,0.5,0.0,540.0,960.0,0.5
f1ae9d18-a8ba-4f9a-9931-8905448347fd,259,8.633333333333333,right_elbow,0.5,0.5,0.0,540.0,960.0,0.5
f1ae9d18-a8ba-4f9a-9931-8905448347fd,259,8.633333333333333,left_wrist,0.5,0.5,0.0,540.0,960.0,0.5
f1ae9d18-a8ba-4f9a-9931-8905448347fd,259,8.633333333333333,right_wrist,0.5,0.5,0.0,540.0,960.0,0.5
f1ae9d18-a8ba-4f9a-9931-8905448347fd,259,8.633333333333333,left_hip,0.5,0.5,0.0,540.0,960.0,0.5
f1ae9d18-a8ba-4f9a-9931-8905448347fd,259,8.633333333333333,right_hip,0.5,0.5,0.0,540.0,960.0,0.5
f1ae9d18-a8ba-4f9a-9931-8905448347fd,259,8.633333333333333,left_knee,0.5,0.5,0.0,540.0,960.0,0.5
f1ae9d18-a8ba-4f9a-9931-8905448347fd,259,8.633333333333333,right_knee,0.5,0.5,0.0,540.0,960.0,0.5
f1ae9d18-a8ba-4f9a-9931-8905448347fd,259,8.633333333333333,left_ankle,0.5,0.5,0.0,540.0,960.0,0.5
f1ae9d18-a8ba-4f9a-9931-8905448347fd,259,8.633333333333333,right_ankle,0.5,0.5,0.0,540.0,960.0,0.5
f1ae9d18-a8ba-4f9a-9931-8905448347fd,259,8.633333333333333,left_heel,0.5,0.5,0.0,540.0,960.0,0.5
f1ae9d18-a8ba-4f9a-9931-8905448347fd,259,8.633333333333333,right_heel,0.5,0.5,0.0,540.0,960.0,0.5
f1ae9d18-a8ba-4f9a-9931-8905448347fd,259,8.633333333333333,left_foot_index,0.5,0.5,0.0,540.0,960.0,0.5
f1ae9d18-a8ba-4f9a-9931-8905448347fd,259,8.633333333333333,right_foot_index,0.5,0.5,0.0,540.0,960.0,0.5
f1ae9d18-a8ba-4f9a-9931-8905448347fd,260,8.666666666666666,nose,0.5,0.5,0.0,540.0,960.0,0.5
f1ae9d18-a8ba-4f9a-9931-8905448347fd,260,8.666666666666666,left_shoulder,0.5,0.5,0.0,540.0,960.0,0.5
f1ae9d18-a8ba-4f9a-9931-8905448347fd,260,8.666666666666666,right_shoulder,0.5,0.5,0.0,540.0,960.0,0.5
f1ae9d18-a8ba-4f9a-9931-8905448347fd,260,8.666666666666666,left_elbow,0.5,0.5,0.0,540.0,960.0,0.5
f1ae9d18-a8ba-4f9a-9931-8905448347fd,260,8.666666666666666,right_elbow,0.5,0.5,0.0,540.0,960.0,0.5
f1ae9d18-a8ba-4f9a-9931-8905448347fd,260,8.666666666666666,left_wrist,0.5,0.5,0.0,540.0,960.0,0.5
f1ae9d18-a8ba-4f9a-9931-8905448347fd,260,8.666666666666666,right_wrist,0.5,0.5,0.0,540.0,960.0,0.5
f1ae9d18-a8ba-4f9a-9931-8905448347fd,260,8.666666666666666,left_hip,0.5,0.5,0.0,540.0,960.0,0.5
f1ae9d18-a8ba-4f9a-9931-8905448347fd,260,8.666666666666666,right_hip,0.5,0.5,0.0,540.0,960.0,0.5
f1ae9d18-a8ba-4f9a-9931-8905448347fd,260,8.666666666666666,left_knee,0.5,0.5,0.0,540.0,960.0,0.5
f1ae9d18-a8ba-4f9a-9931-8905448347fd,260,8.666666666666666,right_knee,0.5,0.5,0.0,540.0,960.0,0.5
f1ae9d18-a8ba-4f9a-9931-8905448347fd,260,8.666666666666666,left_ankle,0.5,0.5,0.0,540.0,960.0,0.5
f1ae9d18-a8ba-4f9a-9931-8905448347fd,260,8.666666666666666,right_ankle,0.5,0.5,0.0,540.0,960.0,0.5
f1ae9d18-a8ba-4f9a-9931-8905448347fd,260,8.666666666666666,left_heel,0.5,0.5,0.0,540.0,960.0,0.5
f1ae9d18-a8ba-4f9a-9931-8905448347fd,260,8.666666666666666,right_heel,0.5,0.5,0.0,540.0,960.0,0.5
f1ae9d18-a8ba-4f9a-9931-8905448347fd,260,8.666666666666666,left_foot_index,0.5,0.5,0.0,540.0,960.0,0.5
f1ae9d18-a8ba-4f9a-9931-8905448347fd,260,8.666666666666666,right_foot_index,0.5,0.5,0.0,540.0,960.0,0.5
f1ae9d18-a8ba-4f9a-9931-8905448347fd,261,8.7,nose,0.5,0.5,0.0,540.0,960.0,0.5
f1ae9d18-a8ba-4f9a-9931-8905448347fd,261,8.7,left_shoulder,0.5,0.5,0.0,540.0,960.0,0.5
f1ae9d18-a8ba-4f9a-9931-8905448347fd,261,8.7,right_shoulder,0.5,0.5,0.0,540.0,960.0,0.5
f1ae9d18-a8ba-4f9a-9931-8905448347fd,261,8.7,left_elbow,0.5,0.5,0.0,540.0,960.0,0.5
f1ae9d18-a8ba-4f9a-9931-8905448347fd,261,8.7,right_elbow,0.5,0.5,0.0,540.0,960.0,0.5
f1ae9d18-a8ba-4f9a-9931-8905448347fd,261,8.7,left_wrist,0.5,0.5,0.0,540.0,960.0,0.5
f1ae9d18-a8ba-4f9a-9931-8905448347fd,261,8.7,right_wrist,0.5,0.5,0.0,540.0,960.0,0.5
f1ae9d18-a8ba-4f9a-9931-8905448347fd,261,8.7,left_hip,0.5,0.5,0.0,540.0,960.0,0.5
f1ae9d18-a8ba-4f9a-9931-8905448347fd,261,8.7,right_hip,0.5,0.5,0.0,540.0,960.0,0.5
f1ae9d18-a8ba-4f9a-9931-8905448347fd,261,8.7,left_knee,0.5,0.5,0.0,540.0,960.0,0.5
f1ae9d18-a8ba-4f9a-9931-8905448347fd,261,8.7,right_knee,0.5,0.5,0.0,540.0,960.0,0.5
f1ae9d18-a8ba-4f9a-9931-8905448347fd,261,8.7,left_ankle,0.5,0.5,0.0,540.0,960.0,0.5
f1ae9d18-a8ba-4f9a-9931-8905448347fd,261,8.7,right_ankle,0.5,0.5,0.0,540.0,960.0,0.5
f1ae9d18-a8ba-4f9a-9931-8905448347fd,261,8.7,left_heel,0.5,0.5,0.0,540.0,960.0,0.5
f1ae9d18-a8ba-4f9a-9931-8905448347fd,261,8.7,right_heel,0.5,0.5,0.0,540.0,960.0,0.5
f1ae9d18-a8ba-4f9a-9931-8905448347fd,261,8.7,left_foot_index,0.5,0.5,0.0,540.0,960.0,0.5
f1ae9d18-a8ba-4f9a-9931-8905448347fd,261,8.7,right_foot_index,0.5,0.5,0.0,540.0,960.0,0.5
f1ae9d18-a8ba-4f9a-9931-8905448347fd,262,8.733333333333333,nose,0.5,0.5,0.0,540.0,960.0,0.5
f1ae9d18-a8ba-4f9a-9931-8905448347fd,262,8.733333333333333,left_shoulder,0.5,0.5,0.0,540.0,960.0,0.5
f1ae9d18-a8ba-4f9a-9931-8905448347fd,262,8.733333333333333,right_shoulder,0.5,0.5,0.0,540.0,960.0,0.5
f1ae9d18-a8ba-4f9a-9931-8905448347fd,262,8.733333333333333,left_elbow,0.5,0.5,0.0,540.0,960.0,0.5
f1ae9d18-a8ba-4f9a-9931-8905448347fd,262,8.733333333333333,right_elbow,0.5,0.5,0.0,540.0,960.0,0.5
f1ae9d18-a8ba-4f9a-9931-8905448347fd,262,8.733333333333333,left_wrist,0.5,0.5,0.0,540.0,960.0,0.5
f1ae9d18-a8ba-4f9a-9931-8905448347fd,262,8.733333333333333,right_wrist,0.5,0.5,0.0,540.0,960.0,0.5
f1ae9d18-a8ba-4f9a-9931-8905448347fd,262,8.733333333333333,left_hip,0.5,0.5,0.0,540.0,960.0,0.5
f1ae9d18-a8ba-4f9a-9931-8905448347fd,262,8.733333333333333,right_hip,0.5,0.5,0.0,540.0,960.0,0.5
f1ae9d18-a8ba-4f9a-9931-8905448347fd,262,8.733333333333333,left_knee,0.5,0.5,0.0,540.0,960.0,0.5
f1ae9d18-a8ba-4f9a-9931-8905448347fd,262,8.733333333333333,right_knee,0.5,0.5,0.0,540.0,960.0,0.5
f1ae9d18-a8ba-4f9a-9931-8905448347fd,262,8.733333333333333,left_ankle,0.5,0.5,0.0,540.0,960.0,0.5
f1ae9d18-a8ba-4f9a-9931-8905448347fd,262,8.733333333333333,right_ankle,0.5,0.5,0.0,540.0,960.0,0.5
f1ae9d18-a8ba-4f9a-9931-8905448347fd,262,8.733333333333333,left_heel,0.5,0.5,0.0,540.0,960.0,0.5
f1ae9d18-a8ba-4f9a-9931-8905448347fd,262,8.733333333333333,right_heel,0.5,0.5,0.0,540.0,960.0,0.5
f1ae9d18-a8ba-4f9a-9931-8905448347fd,262,8.733333333333333,left_foot_index,0.5,0.5,0.0,540.0,960.0,0.5
f1ae9d18-a8ba-4f9a-9931-8905448347fd,262,8.733333333333333,right_foot_index,0.5,0.5,0.0,540.0,960.0,0.5
f1ae9d18-a8ba-4f9a-9931-8905448347fd,263,8.766666666666667,nose,0.5,0.5,0.0,540.0,960.0,0.5
f1ae9d18-a8ba-4f9a-9931-8905448347fd,263,8.766666666666667,left_shoulder,0.5,0.5,0.0,540.0,960.0,0.5
f1ae9d18-a8ba-4f9a-9931-8905448347fd,263,8.766666666666667,right_shoulder,0.5,0.5,0.0,540.0,960.0,0.5
f1ae9d18-a8ba-4f9a-9931-8905448347fd,263,8.766666666666667,left_elbow,0.5,0.5,0.0,540.0,960.0,0.5
f1ae9d18-a8ba-4f9a-9931-8905448347fd,263,8.766666666666667,right_elbow,0.5,0.5,0.0,540.0,960.0,0.5
f1ae9d18-a8ba-4f9a-9931-8905448347fd,263,8.766666666666667,left_wrist,0.5,0.5,0.0,540.0,960.0,0.5
f1ae9d18-a8ba-4f9a-9931-8905448347fd,263,8.766666666666667,right_wrist,0.5,0.5,0.0,540.0,960.0,0.5
f1ae9d18-a8ba-4f9a-9931-8905448347fd,263,8.766666666666667,left_hip,0.5,0.5,0.0,540.0,960.0,0.5
f1ae9d18-a8ba-4f9a-9931-8905448347fd,263,8.766666666666667,right_hip,0.5,0.5,0.0,540.0,960.0,0.5
f1ae9d18-a8ba-4f9a-9931-8905448347fd,263,8.766666666666667,left_knee,0.5,0.5,0.0,540.0,960.0,0.5
f1ae9d18-a8ba-4f9a-9931-8905448347fd,263,8.766666666666667,right_knee,0.5,0.5,0.0,540.0,960.0,0.5
f1ae9d18-a8ba-4f9a-9931-8905448347fd,263,8.766666666666667,left_ankle,0.5,0.5,0.0,540.0,960.0,0.5
f1ae9d18-a8ba-4f9a-9931-8905448347fd,263,8.766666666666667,right_ankle,0.5,0.5,0.0,540.0,960.0,0.5
f1ae9d18-a8ba-4f9a-9931-8905448347fd,263,8.766666666666667,left_heel,0.5,0.5,0.0,540.0,960.0,0.5
f1ae9d18-a8ba-4f9a-9931-8905448347fd,263,8.766666666666667,right_heel,0.5,0.5,0.0,540.0,960.0,0.5
f1ae9d18-a8ba-4f9a-9931-8905448347fd,263,8.766666666666667,left_foot_index,0.5,0.5,0.0,540.0,960.0,0.5
f1ae9d18-a8ba-4f9a-9931-8905448347fd,263,8.766666666666667,right_foot_index,0.5,0.5,0.0,540.0,960.0,0.5
f1ae9d18-a8ba-4f9a-9931-8905448347fd,264,8.8,nose,0.5,0.5,0.0,540.0,960.0,0.5
f1ae9d18-a8ba-4f9a-9931-8905448347fd,264,8.8,left_shoulder,0.5,0.5,0.0,540.0,960.0,0.5
f1ae9d18-a8ba-4f9a-9931-8905448347fd,264,8.8,right_shoulder,0.5,0.5,0.0,540.0,960.0,0.5
f1ae9d18-a8ba-4f9a-9931-8905448347fd,264,8.8,left_elbow,0.5,0.5,0.0,540.0,960.0,0.5
f1ae9d18-a8ba-4f9a-9931-8905448347fd,264,8.8,right_elbow,0.5,0.5,0.0,540.0,960.0,0.5
f1ae9d18-a8ba-4f9a-9931-8905448347fd,264,8.8,left_wrist,0.5,0.5,0.0,540.0,960.0,0.5
f1ae9d18-a8ba-4f9a-9931-8905448347fd,264,8.8,right_wrist,0.5,0.5,0.0,540.0,960.0,0.5
f1ae9d18-a8ba-4f9a-9931-8905448347fd,264,8.8,left_hip,0.5,0.5,0.0,540.0,960.0,0.5
f1ae9d18-a8ba-4f9a-9931-8905448347fd,264,8.8,right_hip,0.5,0.5,0.0,540.0,960.0,0.5
f1ae9d18-a8ba-4f9a-9931-8905448347fd,264,8.8,left_knee,0.5,0.5,0.0,540.0,960.0,0.5
f1ae9d18-a8ba-4f9a-9931-8905448347fd,264,8.8,right_knee,0.5,0.5,0.0,540.0,960.0,0.5
f1ae9d18-a8ba-4f9a-9931-8905448347fd,264,8.8,left_ankle,0.5,0.5,0.0,540.0,960.0,0.5
f1ae9d18-a8ba-4f9a-9931-8905448347fd,264,8.8,right_ankle,0.5,0.5,0.0,540.0,960.0,0.5
f1ae9d18-a8ba-4f9a-9931-8905448347fd,264,8.8,left_heel,0.5,0.5,0.0,540.0,960.0,0.5
f1ae9d18-a8ba-4f9a-9931-8905448347fd,264,8.8,right_heel,0.5,0.5,0.0,540.0,960.0,0.5
f1ae9d18-a8ba-4f9a-9931-8905448347fd,264,8.8,left_foot_index,0.5,0.5,0.0,540.0,960.0,0.5
f1ae9d18-a8ba-4f9a-9931-8905448347fd,264,8.8,right_foot_index,0.5,0.5,0.0,540.0,960.0,0.5
f1ae9d18-a8ba-4f9a-9931-8905448347fd,265,8.833333333333334,nose,0.5,0.5,0.0,540.0,960.0,0.5
f1ae9d18-a8ba-4f9a-9931-8905448347fd,265,8.833333333333334,left_shoulder,0.5,0.5,0.0,540.0,960.0,0.5
f1ae9d18-a8ba-4f9a-9931-8905448347fd,265,8.833333333333334,right_shoulder,0.5,0.5,0.0,540.0,960.0,0.5
f1ae9d18-a8ba-4f9a-9931-8905448347fd,265,8.833333333333334,left_elbow,0.5,0.5,0.0,540.0,960.0,0.5
f1ae9d18-a8ba-4f9a-9931-8905448347fd,265,8.833333333333334,right_elbow,0.5,0.5,0.0,540.0,960.0,0.5
f1ae9d18-a8ba-4f9a-9931-8905448347fd,265,8.833333333333334,left_wrist,0.5,0.5,0.0,540.0,960.0,0.5
f1ae9d18-a8ba-4f9a-9931-8905448347fd,265,8.833333333333334,right_wrist,0.5,0.5,0.0,540.0,960.0,0.5
f1ae9d18-a8ba-4f9a-9931-8905448347fd,265,8.833333333333334,left_hip,0.5,0.5,0.0,540.0,960.0,0.5
f1ae9d18-a8ba-4f9a-9931-8905448347fd,265,8.833333333333334,right_hip,0.5,0.5,0.0,540.0,960.0,0.5
f1ae9d18-a8ba-4f9a-9931-8905448347fd,265,8.833333333333334,left_knee,0.5,0.5,0.0,540.0,960.0,0.5
f1ae9d18-a8ba-4f9a-9931-8905448347fd,265,8.833333333333334,right_knee,0.5,0.5,0.0,540.0,960.0,0.5
f1ae9d18-a8ba-4f9a-9931-8905448347fd,265,8.833333333333334,left_ankle,0.5,0.5,0.0,540.0,960.0,0.5
f1ae9d18-a8ba-4f9a-9931-8905448347fd,265,8.833333333333334,right_ankle,0.5,0.5,0.0,540.0,960.0,0.5
f1ae9d18-a8ba-4f9a-9931-8905448347fd,265,8.833333333333334,left_heel,0.5,0.5,0.0,540.0,960.0,0.5
f1ae9d18-a8ba-4f9a-9931-8905448347fd,265,8.833333333333334,right_heel,0.5,0.5,0.0,540.0,960.0,0.5
f1ae9d18-a8ba-4f9a-9931-8905448347fd,265,8.833333333333334,left_foot_index,0.5,0.5,0.0,540.0,960.0,0.5
f1ae9d18-a8ba-4f9a-9931-8905448347fd,265,8.833333333333334,right_foot_index,0.5,0.5,0.0,540.0,960.0,0.5
f1ae9d18-a8ba-4f9a-9931-8905448347fd,266,8.866666666666667,nose,0.5,0.5,0.0,540.0,960.0,0.5
f1ae9d18-a8ba-4f9a-9931-8905448347fd,266,8.866666666666667,left_shoulder,0.5,0.5,0.0,540.0,960.0,0.5
f1ae9d18-a8ba-4f9a-9931-8905448347fd,266,8.866666666666667,right_shoulder,0.5,0.5,0.0,540.0,960.0,0.5
f1ae9d18-a8ba-4f9a-9931-8905448347fd,266,8.866666666666667,left_elbow,0.5,0.5,0.0,540.0,960.0,0.5
f1ae9d18-a8ba-4f9a-9931-8905448347fd,266,8.866666666666667,right_elbow,0.5,0.5,0.0,540.0,960.0,0.5
f1ae9d18-a8ba-4f9a-9931-8905448347fd,266,8.866666666666667,left_wrist,0.5,0.5,0.0,540.0,960.0,0.5
f1ae9d18-a8ba-4f9a-9931-8905448347fd,266,8.866666666666667,right_wrist,0.5,0.5,0.0,540.0,960.0,0.5
f1ae9d18-a8ba-4f9a-9931-8905448347fd,266,8.866666666666667,left_hip,0.5,0.5,0.0,540.0,960.0,0.5
f1ae9d18-a8ba-4f9a-9931-8905448347fd,266,8.866666666666667,right_hip,0.5,0.5,0.0,540.0,960.0,0.5
f1ae9d18-a8ba-4f9a-9931-8905448347fd,266,8.866666666666667,left_knee,0.5,0.5,0.0,540.0,960.0,0.5
f1ae9d18-a8ba-4f9a-9931-8905448347fd,266,8.866666666666667,right_knee,0.5,0.5,0.0,540.0,960.0,0.5
f1ae9d18-a8ba-4f9a-9931-8905448347fd,266,8.866666666666667,left_ankle,0.5,0.5,0.0,540.0,960.0,0.5
f1ae9d18-a8ba-4f9a-9931-8905448347fd,266,8.866666666666667,right_ankle,0.5,0.5,0.0,540.0,960.0,0.5
f1ae9d18-a8ba-4f9a-9931-8905448347fd,266,8.866666666666667,left_heel,0.5,0.5,0.0,540.0,960.0,0.5
f1ae9d18-a8ba-4f9a-9931-8905448347fd,266,8.866666666666667,right_heel,0.5,0.5,0.0,540.0,960.0,0.5
f1ae9d18-a8ba-4f9a-9931-8905448347fd,266,8.866666666666667,left_foot_index,0.5,0.5,0.0,540.0,960.0,0.5
f1ae9d18-a8ba-4f9a-9931-8905448347fd,266,8.866666666666667,right_foot_index,0.5,0.5,0.0,540.0,960.0,0.5
f1ae9d18-a8ba-4f9a-9931-8905448347fd,267,8.9,nose,0.5,0.5,0.0,540.0,960.0,0.5
f1ae9d18-a8ba-4f9a-9931-8905448347fd,267,8.9,left_shoulder,0.5,0.5,0.0,540.0,960.0,0.5
f1ae9d18-a8ba-4f9a-9931-8905448347fd,267,8.9,right_shoulder,0.5,0.5,0.0,540.0,960.0,0.5
f1ae9d18-a8ba-4f9a-9931-8905448347fd,267,8.9,left_elbow,0.5,0.5,0.0,540.0,960.0,0.5
f1ae9d18-a8ba-4f9a-9931-8905448347fd,267,8.9,right_elbow,0.5,0.5,0.0,540.0,960.0,0.5
f1ae9d18-a8ba-4f9a-9931-8905448347fd,267,8.9,left_wrist,0.5,0.5,0.0,540.0,960.0,0.5
f1ae9d18-a8ba-4f9a-9931-8905448347fd,267,8.9,right_wrist,0.5,0.5,0.0,540.0,960.0,0.5
f1ae9d18-a8ba-4f9a-9931-8905448347fd,267,8.9,left_hip,0.5,0.5,0.0,540.0,960.0,0.5
f1ae9d18-a8ba-4f9a-9931-8905448347fd,267,8.9,right_hip,0.5,0.5,0.0,540.0,960.0,0.5
f1ae9d18-a8ba-4f9a-9931-8905448347fd,267,8.9,left_knee,0.5,0.5,0.0,540.0,960.0,0.5
f1ae9d18-a8ba-4f9a-9931-8905448347fd,267,8.9,right_knee,0.5,0.5,0.0,540.0,960.0,0.5
f1ae9d18-a8ba-4f9a-9931-8905448347fd,267,8.9,left_ankle,0.5,0.5,0.0,540.0,960.0,0.5
f1ae9d18-a8ba-4f9a-9931-8905448347fd,267,8.9,right_ankle,0.5,0.5,0.0,540.0,960.0,0.5
f1ae9d18-a8ba-4f9a-9931-8905448347fd,267,8.9,left_heel,0.5,0.5,0.0,540.0,960.0,0.5
f1ae9d18-a8ba-4f9a-9931-8905448347fd,267,8.9,right_heel,0.5,0.5,0.0,540.0,960.0,0.5
f1ae9d18-a8ba-4f9a-9931-8905448347fd,267,8.9,left_foot_index,0.5,0.5,0.0,540.0,960.0,0.5
f1ae9d18-a8ba-4f9a-9931-8905448347fd,267,8.9,right_foot_index,0.5,0.5,0.0,540.0,960.0,0.5
f1ae9d18-a8ba-4f9a-9931-8905448347fd,268,8.933333333333334,nose,0.5,0.5,0.0,540.0,960.0,0.5
f1ae9d18-a8ba-4f9a-9931-8905448347fd,268,8.933333333333334,left_shoulder,0.5,0.5,0.0,540.0,960.0,0.5
f1ae9d18-a8ba-4f9a-9931-8905448347fd,268,8.933333333333334,right_shoulder,0.5,0.5,0.0,540.0,960.0,0.5
f1ae9d18-a8ba-4f9a-9931-8905448347fd,268,8.933333333333334,left_elbow,0.5,0.5,0.0,540.0,960.0,0.5
f1ae9d18-a8ba-4f9a-9931-8905448347fd,268,8.933333333333334,right_elbow,0.5,0.5,0.0,540.0,960.0,0.5
f1ae9d18-a8ba-4f9a-9931-8905448347fd,268,8.933333333333334,left_wrist,0.5,0.5,0.0,540.0,960.0,0.5
f1ae9d18-a8ba-4f9a-9931-8905448347fd,268,8.933333333333334,right_wrist,0.5,0.5,0.0,540.0,960.0,0.5
f1ae9d18-a8ba-4f9a-9931-8905448347fd,268,8.933333333333334,left_hip,0.5,0.5,0.0,540.0,960.0,0.5
f1ae9d18-a8ba-4f9a-9931-8905448347fd,268,8.933333333333334,right_hip,0.5,0.5,0.0,540.0,960.0,0.5
f1ae9d18-a8ba-4f9a-9931-8905448347fd,268,8.933333333333334,left_knee,0.5,0.5,0.0,540.0,960.0,0.5
f1ae9d18-a8ba-4f9a-9931-8905448347fd,268,8.933333333333334,right_knee,0.5,0.5,0.0,540.0,960.0,0.5
f1ae9d18-a8ba-4f9a-9931-8905448347fd,268,8.933333333333334,left_ankle,0.5,0.5,0.0,540.0,960.0,0.5
f1ae9d18-a8ba-4f9a-9931-8905448347fd,268,8.933333333333334,right_ankle,0.5,0.5,0.0,540.0,960.0,0.5
f1ae9d18-a8ba-4f9a-9931-8905448347fd,268,8.933333333333334,left_heel,0.5,0.5,0.0,540.0,960.0,0.5
f1ae9d18-a8ba-4f9a-9931-8905448347fd,268,8.933333333333334,right_heel,0.5,0.5,0.0,540.0,960.0,0.5
f1ae9d18-a8ba-4f9a-9931-8905448347fd,268,8.933333333333334,left_foot_index,0.5,0.5,0.0,540.0,960.0,0.5
f1ae9d18-a8ba-4f9a-9931-8905448347fd,268,8.933333333333334,right_foot_index,0.5,0.5,0.0,540.0,960.0,0.5
f1ae9d18-a8ba-4f9a-9931-8905448347fd,269,8.966666666666667,nose,0.5,0.5,0.0,540.0,960.0,0.5
f1ae9d18-a8ba-4f9a-9931-8905448347fd,269,8.966666666666667,left_shoulder,0.5,0.5,0.0,540.0,960.0,0.5
f1ae9d18-a8ba-4f9a-9931-8905448347fd,269,8.966666666666667,right_shoulder,0.5,0.5,0.0,540.0,960.0,0.5
f1ae9d18-a8ba-4f9a-9931-8905448347fd,269,8.966666666666667,left_elbow,0.5,0.5,0.0,540.0,960.0,0.5
f1ae9d18-a8ba-4f9a-9931-8905448347fd,269,8.966666666666667,right_elbow,0.5,0.5,0.0,540.0,960.0,0.5
f1ae9d18-a8ba-4f9a-9931-8905448347fd,269,8.966666666666667,left_wrist,0.5,0.5,0.0,540.0,960.0,0.5
f1ae9d18-a8ba-4f9a-9931-8905448347fd,269,8.966666666666667,right_wrist,0.5,0.5,0.0,540.0,960.0,0.5
f1ae9d18-a8ba-4f9a-9931-8905448347fd,269,8.966666666666667,left_hip,0.5,0.5,0.0,540.0,960.0,0.5
f1ae9d18-a8ba-4f9a-9931-8905448347fd,269,8.966666666666667,right_hip,0.5,0.5,0.0,540.0,960.0,0.5
f1ae9d18-a8ba-4f9a-9931-8905448347fd,269,8.966666666666667,left_knee,0.5,0.5,0.0,540.0,960.0,0.5
f1ae9d18-a8ba-4f9a-9931-8905448347fd,269,8.966666666666667,right_knee,0.5,0.5,0.0,540.0,960.0,0.5
f1ae9d18-a8ba-4f9a-9931-8905448347fd,269,8.966666666666667,left_ankle,0.5,0.5,0.0,540.0,960.0,0.5
f1ae9d18-a8ba-4f9a-9931-8905448347fd,269,8.966666666666667,right_ankle,0.5,0.5,0.0,540.0,960.0,0.5
f1ae9d18-a8ba-4f9a-9931-8905448347fd,269,8.966666666666667,left_heel,0.5,0.5,0.0,540.0,960.0,0.5
f1ae9d18-a8ba-4f9a-9931-8905448347fd,269,8.966666666666667,right_heel,0.5,0.5,0.0,540.0,960.0,0.5
f1ae9d18-a8ba-4f9a-9931-8905448347fd,269,8.966666666666667,left_foot_index,0.5,0.5,0.0,540.0,960.0,0.5
f1ae9d18-a8ba-4f9a-9931-8905448347fd,269,8.966666666666667,right_foot_index,0.5,0.5,0.0,540.0,960.0,0.5
f1ae9d18-a8ba-4f9a-9931-8905448347fd,270,9.0,nose,0.5,0.5,0.0,540.0,960.0,0.5
f1ae9d18-a8ba-4f9a-9931-8905448347fd,270,9.0,left_shoulder,0.5,0.5,0.0,540.0,960.0,0.5
f1ae9d18-a8ba-4f9a-9931-8905448347fd,270,9.0,right_shoulder,0.5,0.5,0.0,540.0,960.0,0.5
f1ae9d18-a8ba-4f9a-9931-8905448347fd,270,9.0,left_elbow,0.5,0.5,0.0,540.0,960.0,0.5
f1ae9d18-a8ba-4f9a-9931-8905448347fd,270,9.0,right_elbow,0.5,0.5,0.0,540.0,960.0,0.5
f1ae9d18-a8ba-4f9a-9931-8905448347fd,270,9.0,left_wrist,0.5,0.5,0.0,540.0,960.0,0.5
f1ae9d18-a8ba-4f9a-9931-8905448347fd,270,9.0,right_wrist,0.5,0.5,0.0,540.0,960.0,0.5
f1ae9d18-a8ba-4f9a-9931-8905448347fd,270,9.0,left_hip,0.5,0.5,0.0,540.0,960.0,0.5
f1ae9d18-a8ba-4f9a-9931-8905448347fd,270,9.0,right_hip,0.5,0.5,0.0,540.0,960.0,0.5
f1ae9d18-a8ba-4f9a-9931-8905448347fd,270,9.0,left_knee,0.5,0.5,0.0,540.0,960.0,0.5
f1ae9d18-a8ba-4f9a-9931-8905448347fd,270,9.0,right_knee,0.5,0.5,0.0,540.0,960.0,0.5
f1ae9d18-a8ba-4f9a-9931-8905448347fd,270,9.0,left_ankle,0.5,0.5,0.0,540.0,960.0,0.5
f1ae9d18-a8ba-4f9a-9931-8905448347fd,270,9.0,right_ankle,0.5,0.5,0.0,540.0,960.0,0.5
f1ae9d18-a8ba-4f9a-9931-8905448347fd,270,9.0,left_heel,0.5,0.5,0.0,540.0,960.0,0.5
f1ae9d18-a8ba-4f9a-9931-8905448347fd,270,9.0,right_heel,0.5,0.5,0.0,540.0,960.0,0.5
f1ae9d18-a8ba-4f9a-9931-8905448347fd,270,9.0,left_foot_index,0.5,0.5,0.0,540.0,960.0,0.5
f1ae9d18-a8ba-4f9a-9931-8905448347fd,270,9.0,right_foot_index,0.5,0.5,0.0,540.0,960.0,0.5
f1ae9d18-a8ba-4f9a-9931-8905448347fd,271,9.033333333333333,nose,0.5,0.5,0.0,540.0,960.0,0.5
f1ae9d18-a8ba-4f9a-9931-8905448347fd,271,9.033333333333333,left_shoulder,0.5,0.5,0.0,540.0,960.0,0.5
f1ae9d18-a8ba-4f9a-9931-8905448347fd,271,9.033333333333333,right_shoulder,0.5,0.5,0.0,540.0,960.0,0.5
f1ae9d18-a8ba-4f9a-9931-8905448347fd,271,9.033333333333333,left_elbow,0.5,0.5,0.0,540.0,960.0,0.5
f1ae9d18-a8ba-4f9a-9931-8905448347fd,271,9.033333333333333,right_elbow,0.5,0.5,0.0,540.0,960.0,0.5
f1ae9d18-a8ba-4f9a-9931-8905448347fd,271,9.033333333333333,left_wrist,0.5,0.5,0.0,540.0,960.0,0.5
f1ae9d18-a8ba-4f9a-9931-8905448347fd,271,9.033333333333333,right_wrist,0.5,0.5,0.0,540.0,960.0,0.5
f1ae9d18-a8ba-4f9a-9931-8905448347fd,271,9.033333333333333,left_hip,0.5,0.5,0.0,540.0,960.0,0.5
f1ae9d18-a8ba-4f9a-9931-8905448347fd,271,9.033333333333333,right_hip,0.5,0.5,0.0,540.0,960.0,0.5
f1ae9d18-a8ba-4f9a-9931-8905448347fd,271,9.033333333333333,left_knee,0.5,0.5,0.0,540.0,960.0,0.5
f1ae9d18-a8ba-4f9a-9931-8905448347fd,271,9.033333333333333,right_knee,0.5,0.5,0.0,540.0,960.0,0.5
f1ae9d18-a8ba-4f9a-9931-8905448347fd,271,9.033333333333333,left_ankle,0.5,0.5,0.0,540.0,960.0,0.5
f1ae9d18-a8ba-4f9a-9931-8905448347fd,271,9.033333333333333,right_ankle,0.5,0.5,0.0,540.0,960.0,0.5
f1ae9d18-a8ba-4f9a-9931-8905448347fd,271,9.033333333333333,left_heel,0.5,0.5,0.0,540.0,960.0,0.5
f1ae9d18-a8ba-4f9a-9931-8905448347fd,271,9.033333333333333,right_heel,0.5,0.5,0.0,540.0,960.0,0.5
f1ae9d18-a8ba-4f9a-9931-8905448347fd,271,9.033333333333333,left_foot_index,0.5,0.5,0.0,540.0,960.0,0.5
f1ae9d18-a8ba-4f9a-9931-8905448347fd,271,9.033333333333333,right_foot_index,0.5,0.5,0.0,540.0,960.0,0.5
f1ae9d18-a8ba-4f9a-9931-8905448347fd,272,9.066666666666666,nose,0.5,0.5,0.0,540.0,960.0,0.5
f1ae9d18-a8ba-4f9a-9931-8905448347fd,272,9.066666666666666,left_shoulder,0.5,0.5,0.0,540.0,960.0,0.5
f1ae9d18-a8ba-4f9a-9931-8905448347fd,272,9.066666666666666,right_shoulder,0.5,0.5,0.0,540.0,960.0,0.5
f1ae9d18-a8ba-4f9a-9931-8905448347fd,272,9.066666666666666,left_elbow,0.5,0.5,0.0,540.0,960.0,0.5
f1ae9d18-a8ba-4f9a-9931-8905448347fd,272,9.066666666666666,right_elbow,0.5,0.5,0.0,540.0,960.0,0.5
f1ae9d18-a8ba-4f9a-9931-8905448347fd,272,9.066666666666666,left_wrist,0.5,0.5,0.0,540.0,960.0,0.5
f1ae9d18-a8ba-4f9a-9931-8905448347fd,272,9.066666666666666,right_wrist,0.5,0.5,0.0,540.0,960.0,0.5
f1ae9d18-a8ba-4f9a-9931-8905448347fd,272,9.066666666666666,left_hip,0.5,0.5,0.0,540.0,960.0,0.5
f1ae9d18-a8ba-4f9a-9931-8905448347fd,272,9.066666666666666,right_hip,0.5,0.5,0.0,540.0,960.0,0.5
f1ae9d18-a8ba-4f9a-9931-8905448347fd,272,9.066666666666666,left_knee,0.5,0.5,0.0,540.0,960.0,0.5
f1ae9d18-a8ba-4f9a-9931-8905448347fd,272,9.066666666666666,right_knee,0.5,0.5,0.0,540.0,960.0,0.5
f1ae9d18-a8ba-4f9a-9931-8905448347fd,272,9.066666666666666,left_ankle,0.5,0.5,0.0,540.0,960.0,0.5
f1ae9d18-a8ba-4f9a-9931-8905448347fd,272,9.066666666666666,right_ankle,0.5,0.5,0.0,540.0,960.0,0.5
f1ae9d18-a8ba-4f9a-9931-8905448347fd,272,9.066666666666666,left_heel,0.5,0.5,0.0,540.0,960.0,0.5
f1ae9d18-a8ba-4f9a-9931-8905448347fd,272,9.066666666666666,right_heel,0.5,0.5,0.0,540.0,960.0,0.5
f1ae9d18-a8ba-4f9a-9931-8905448347fd,272,9.066666666666666,left_foot_index,0.5,0.5,0.0,540.0,960.0,0.5
f1ae9d18-a8ba-4f9a-9931-8905448347fd,272,9.066666666666666,right_foot_index,0.5,0.5,0.0,540.0,960.0,0.5
f1ae9d18-a8ba-4f9a-9931-8905448347fd,273,9.1,nose,0.5,0.5,0.0,540.0,960.0,0.5
f1ae9d18-a8ba-4f9a-9931-8905448347fd,273,9.1,left_shoulder,0.5,0.5,0.0,540.0,960.0,0.5
f1ae9d18-a8ba-4f9a-9931-8905448347fd,273,9.1,right_shoulder,0.5,0.5,0.0,540.0,960.0,0.5
f1ae9d18-a8ba-4f9a-9931-8905448347fd,273,9.1,left_elbow,0.5,0.5,0.0,540.0,960.0,0.5
f1ae9d18-a8ba-4f9a-9931-8905448347fd,273,9.1,right_elbow,0.5,0.5,0.0,540.0,960.0,0.5
f1ae9d18-a8ba-4f9a-9931-8905448347fd,273,9.1,left_wrist,0.5,0.5,0.0,540.0,960.0,0.5
f1ae9d18-a8ba-4f9a-9931-8905448347fd,273,9.1,right_wrist,0.5,0.5,0.0,540.0,960.0,0.5
f1ae9d18-a8ba-4f9a-9931-8905448347fd,273,9.1,left_hip,0.5,0.5,0.0,540.0,960.0,0.5
f1ae9d18-a8ba-4f9a-9931-8905448347fd,273,9.1,right_hip,0.5,0.5,0.0,540.0,960.0,0.5
f1ae9d18-a8ba-4f9a-9931-8905448347fd,273,9.1,left_knee,0.5,0.5,0.0,540.0,960.0,0.5
f1ae9d18-a8ba-4f9a-9931-8905448347fd,273,9.1,right_knee,0.5,0.5,0.0,540.0,960.0,0.5
f1ae9d18-a8ba-4f9a-9931-8905448347fd,273,9.1,left_ankle,0.5,0.5,0.0,540.0,960.0,0.5
f1ae9d18-a8ba-4f9a-9931-8905448347fd,273,9.1,right_ankle,0.5,0.5,0.0,540.0,960.0,0.5
f1ae9d18-a8ba-4f9a-9931-8905448347fd,273,9.1,left_heel,0.5,0.5,0.0,540.0,960.0,0.5
f1ae9d18-a8ba-4f9a-9931-8905448347fd,273,9.1,right_heel,0.5,0.5,0.0,540.0,960.0,0.5
f1ae9d18-a8ba-4f9a-9931-8905448347fd,273,9.1,left_foot_index,0.5,0.5,0.0,540.0,960.0,0.5
f1ae9d18-a8ba-4f9a-9931-8905448347fd,273,9.1,right_foot_index,0.5,0.5,0.0,540.0,960.0,0.5
f1ae9d18-a8ba-4f9a-9931-8905448347fd,274,9.133333333333333,nose,0.5,0.5,0.0,540.0,960.0,0.5
f1ae9d18-a8ba-4f9a-9931-8905448347fd,274,9.133333333333333,left_shoulder,0.5,0.5,0.0,540.0,960.0,0.5
f1ae9d18-a8ba-4f9a-9931-8905448347fd,274,9.133333333333333,right_shoulder,0.5,0.5,0.0,540.0,960.0,0.5
f1ae9d18-a8ba-4f9a-9931-8905448347fd,274,9.133333333333333,left_elbow,0.5,0.5,0.0,540.0,960.0,0.5
f1ae9d18-a8ba-4f9a-9931-8905448347fd,274,9.133333333333333,right_elbow,0.5,0.5,0.0,540.0,960.0,0.5
f1ae9d18-a8ba-4f9a-9931-8905448347fd,274,9.133333333333333,left_wrist,0.5,0.5,0.0,540.0,960.0,0.5
f1ae9d18-a8ba-4f9a-9931-8905448347fd,274,9.133333333333333,right_wrist,0.5,0.5,0.0,540.0,960.0,0.5
f1ae9d18-a8ba-4f9a-9931-8905448347fd,274,9.133333333333333,left_hip,0.5,0.5,0.0,540.0,960.0,0.5
f1ae9d18-a8ba-4f9a-9931-8905448347fd,274,9.133333333333333,right_hip,0.5,0.5,0.0,540.0,960.0,0.5
f1ae9d18-a8ba-4f9a-9931-8905448347fd,274,9.133333333333333,left_knee,0.5,0.5,0.0,540.0,960.0,0.5
f1ae9d18-a8ba-4f9a-9931-8905448347fd,274,9.133333333333333,right_knee,0.5,0.5,0.0,540.0,960.0,0.5
f1ae9d18-a8ba-4f9a-9931-8905448347fd,274,9.133333333333333,left_ankle,0.5,0.5,0.0,540.0,960.0,0.5
f1ae9d18-a8ba-4f9a-9931-8905448347fd,274,9.133333333333333,right_ankle,0.5,0.5,0.0,540.0,960.0,0.5
f1ae9d18-a8ba-4f9a-9931-8905448347fd,274,9.133333333333333,left_heel,0.5,0.5,0.0,540.0,960.0,0.5
f1ae9d18-a8ba-4f9a-9931-8905448347fd,274,9.133333333333333,right_heel,0.5,0.5,0.0,540.0,960.0,0.5
f1ae9d18-a8ba-4f9a-9931-8905448347fd,274,9.133333333333333,left_foot_index,0.5,0.5,0.0,540.0,960.0,0.5
f1ae9d18-a8ba-4f9a-9931-8905448347fd,274,9.133333333333333,right_foot_index,0.5,0.5,0.0,540.0,960.0,0.5
f1ae9d18-a8ba-4f9a-9931-8905448347fd,275,9.166666666666666,nose,0.5,0.5,0.0,540.0,960.0,0.5
f1ae9d18-a8ba-4f9a-9931-8905448347fd,275,9.166666666666666,left_shoulder,0.5,0.5,0.0,540.0,960.0,0.5
f1ae9d18-a8ba-4f9a-9931-8905448347fd,275,9.166666666666666,right_shoulder,0.5,0.5,0.0,540.0,960.0,0.5
f1ae9d18-a8ba-4f9a-9931-8905448347fd,275,9.166666666666666,left_elbow,0.5,0.5,0.0,540.0,960.0,0.5
f1ae9d18-a8ba-4f9a-9931-8905448347fd,275,9.166666666666666,right_elbow,0.5,0.5,0.0,540.0,960.0,0.5
f1ae9d18-a8ba-4f9a-9931-8905448347fd,275,9.166666666666666,left_wrist,0.5,0.5,0.0,540.0,960.0,0.5
f1ae9d18-a8ba-4f9a-9931-8905448347fd,275,9.166666666666666,right_wrist,0.5,0.5,0.0,540.0,960.0,0.5
f1ae9d18-a8ba-4f9a-9931-8905448347fd,275,9.166666666666666,left_hip,0.5,0.5,0.0,540.0,960.0,0.5
f1ae9d18-a8ba-4f9a-9931-8905448347fd,275,9.166666666666666,right_hip,0.5,0.5,0.0,540.0,960.0,0.5
f1ae9d18-a8ba-4f9a-9931-8905448347fd,275,9.166666666666666,left_knee,0.5,0.5,0.0,540.0,960.0,0.5
f1ae9d18-a8ba-4f9a-9931-8905448347fd,275,9.166666666666666,right_knee,0.5,0.5,0.0,540.0,960.0,0.5
f1ae9d18-a8ba-4f9a-9931-8905448347fd,275,9.166666666666666,left_ankle,0.5,0.5,0.0,540.0,960.0,0.5
f1ae9d18-a8ba-4f9a-9931-8905448347fd,275,9.166666666666666,right_ankle,0.5,0.5,0.0,540.0,960.0,0.5
f1ae9d18-a8ba-4f9a-9931-8905448347fd,275,9.166666666666666,left_heel,0.5,0.5,0.0,540.0,960.0,0.5
f1ae9d18-a8ba-4f9a-9931-8905448347fd,275,9.166666666666666,right_heel,0.5,0.5,0.0,540.0,960.0,0.5
f1ae9d18-a8ba-4f9a-9931-8905448347fd,275,9.166666666666666,left_foot_index,0.5,0.5,0.0,540.0,960.0,0.5
f1ae9d18-a8ba-4f9a-9931-8905448347fd,275,9.166666666666666,right_foot_index,0.5,0.5,0.0,540.0,960.0,0.5
f1ae9d18-a8ba-4f9a-9931-8905448347fd,276,9.2,nose,0.5,0.5,0.0,540.0,960.0,0.5
f1ae9d18-a8ba-4f9a-9931-8905448347fd,276,9.2,left_shoulder,0.5,0.5,0.0,540.0,960.0,0.5
f1ae9d18-a8ba-4f9a-9931-8905448347fd,276,9.2,right_shoulder,0.5,0.5,0.0,540.0,960.0,0.5
f1ae9d18-a8ba-4f9a-9931-8905448347fd,276,9.2,left_elbow,0.5,0.5,0.0,540.0,960.0,0.5
f1ae9d18-a8ba-4f9a-9931-8905448347fd,276,9.2,right_elbow,0.5,0.5,0.0,540.0,960.0,0.5
f1ae9d18-a8ba-4f9a-9931-8905448347fd,276,9.2,left_wrist,0.5,0.5,0.0,540.0,960.0,0.5
f1ae9d18-a8ba-4f9a-9931-8905448347fd,276,9.2,right_wrist,0.5,0.5,0.0,540.0,960.0,0.5
f1ae9d18-a8ba-4f9a-9931-8905448347fd,276,9.2,left_hip,0.5,0.5,0.0,540.0,960.0,0.5
f1ae9d18-a8ba-4f9a-9931-8905448347fd,276,9.2,right_hip,0.5,0.5,0.0,540.0,960.0,0.5
f1ae9d18-a8ba-4f9a-9931-8905448347fd,276,9.2,left_knee,0.5,0.5,0.0,540.0,960.0,0.5
f1ae9d18-a8ba-4f9a-9931-8905448347fd,276,9.2,right_knee,0.5,0.5,0.0,540.0,960.0,0.5
f1ae9d18-a8ba-4f9a-9931-8905448347fd,276,9.2,left_ankle,0.5,0.5,0.0,540.0,960.0,0.5
f1ae9d18-a8ba-4f9a-9931-8905448347fd,276,9.2,right_ankle,0.5,0.5,0.0,540.0,960.0,0.5
f1ae9d18-a8ba-4f9a-9931-8905448347fd,276,9.2,left_heel,0.5,0.5,0.0,540.0,960.0,0.5
f1ae9d18-a8ba-4f9a-9931-8905448347fd,276,9.2,right_heel,0.5,0.5,0.0,540.0,960.0,0.5
f1ae9d18-a8ba-4f9a-9931-8905448347fd,276,9.2,left_foot_index,0.5,0.5,0.0,540.0,960.0,0.5
f1ae9d18-a8ba-4f9a-9931-8905448347fd,276,9.2,right_foot_index,0.5,0.5,0.0,540.0,960.0,0.5
f1ae9d18-a8ba-4f9a-9931-8905448347fd,277,9.233333333333333,nose,0.5,0.5,0.0,540.0,960.0,0.5
f1ae9d18-a8ba-4f9a-9931-8905448347fd,277,9.233333333333333,left_shoulder,0.5,0.5,0.0,540.0,960.0,0.5
f1ae9d18-a8ba-4f9a-9931-8905448347fd,277,9.233333333333333,right_shoulder,0.5,0.5,0.0,540.0,960.0,0.5
f1ae9d18-a8ba-4f9a-9931-8905448347fd,277,9.233333333333333,left_elbow,0.5,0.5,0.0,540.0,960.0,0.5
f1ae9d18-a8ba-4f9a-9931-8905448347fd,277,9.233333333333333,right_elbow,0.5,0.5,0.0,540.0,960.0,0.5
f1ae9d18-a8ba-4f9a-9931-8905448347fd,277,9.233333333333333,left_wrist,0.5,0.5,0.0,540.0,960.0,0.5
f1ae9d18-a8ba-4f9a-9931-8905448347fd,277,9.233333333333333,right_wrist,0.5,0.5,0.0,540.0,960.0,0.5
f1ae9d18-a8ba-4f9a-9931-8905448347fd,277,9.233333333333333,left_hip,0.5,0.5,0.0,540.0,960.0,0.5
f1ae9d18-a8ba-4f9a-9931-8905448347fd,277,9.233333333333333,right_hip,0.5,0.5,0.0,540.0,960.0,0.5
f1ae9d18-a8ba-4f9a-9931-8905448347fd,277,9.233333333333333,left_knee,0.5,0.5,0.0,540.0,960.0,0.5
f1ae9d18-a8ba-4f9a-9931-8905448347fd,277,9.233333333333333,right_knee,0.5,0.5,0.0,540.0,960.0,0.5
f1ae9d18-a8ba-4f9a-9931-8905448347fd,277,9.233333333333333,left_ankle,0.5,0.5,0.0,540.0,960.0,0.5
f1ae9d18-a8ba-4f9a-9931-8905448347fd,277,9.233333333333333,right_ankle,0.5,0.5,0.0,540.0,960.0,0.5
f1ae9d18-a8ba-4f9a-9931-8905448347fd,277,9.233333333333333,left_heel,0.5,0.5,0.0,540.0,960.0,0.5
f1ae9d18-a8ba-4f9a-9931-8905448347fd,277,9.233333333333333,right_heel,0.5,0.5,0.0,540.0,960.0,0.5
f1ae9d18-a8ba-4f9a-9931-8905448347fd,277,9.233333333333333,left_foot_index,0.5,0.5,0.0,540.0,960.0,0.5
f1ae9d18-a8ba-4f9a-9931-8905448347fd,277,9.233333333333333,right_foot_index,0.5,0.5,0.0,540.0,960.0,0.5
f1ae9d18-a8ba-4f9a-9931-8905448347fd,278,9.266666666666667,nose,0.5,0.5,0.0,540.0,960.0,0.5
f1ae9d18-a8ba-4f9a-9931-8905448347fd,278,9.266666666666667,left_shoulder,0.5,0.5,0.0,540.0,960.0,0.5
f1ae9d18-a8ba-4f9a-9931-8905448347fd,278,9.266666666666667,right_shoulder,0.5,0.5,0.0,540.0,960.0,0.5
f1ae9d18-a8ba-4f9a-9931-8905448347fd,278,9.266666666666667,left_elbow,0.5,0.5,0.0,540.0,960.0,0.5
f1ae9d18-a8ba-4f9a-9931-8905448347fd,278,9.266666666666667,right_elbow,0.5,0.5,0.0,540.0,960.0,0.5
f1ae9d18-a8ba-4f9a-9931-8905448347fd,278,9.266666666666667,left_wrist,0.5,0.5,0.0,540.0,960.0,0.5
f1ae9d18-a8ba-4f9a-9931-8905448347fd,278,9.266666666666667,right_wrist,0.5,0.5,0.0,540.0,960.0,0.5
f1ae9d18-a8ba-4f9a-9931-8905448347fd,278,9.266666666666667,left_hip,0.5,0.5,0.0,540.0,960.0,0.5
f1ae9d18-a8ba-4f9a-9931-8905448347fd,278,9.266666666666667,right_hip,0.5,0.5,0.0,540.0,960.0,0.5
f1ae9d18-a8ba-4f9a-9931-8905448347fd,278,9.266666666666667,left_knee,0.5,0.5,0.0,540.0,960.0,0.5
f1ae9d18-a8ba-4f9a-9931-8905448347fd,278,9.266666666666667,right_knee,0.5,0.5,0.0,540.0,960.0,0.5
f1ae9d18-a8ba-4f9a-9931-8905448347fd,278,9.266666666666667,left_ankle,0.5,0.5,0.0,540.0,960.0,0.5
f1ae9d18-a8ba-4f9a-9931-8905448347fd,278,9.266666666666667,right_ankle,0.5,0.5,0.0,540.0,960.0,0.5
f1ae9d18-a8ba-4f9a-9931-8905448347fd,278,9.266666666666667,left_heel,0.5,0.5,0.0,540.0,960.0,0.5
f1ae9d18-a8ba-4f9a-9931-8905448347fd,278,9.266666666666667,right_heel,0.5,0.5,0.0,540.0,960.0,0.5
f1ae9d18-a8ba-4f9a-9931-8905448347fd,278,9.266666666666667,left_foot_index,0.5,0.5,0.0,540.0,960.0,0.5
f1ae9d18-a8ba-4f9a-9931-8905448347fd,278,9.266666666666667,right_foot_index,0.5,0.5,0.0,540.0,960.0,0.5
f1ae9d18-a8ba-4f9a-9931-8905448347fd,279,9.3,nose,0.5,0.5,0.0,540.0,960.0,0.5
f1ae9d18-a8ba-4f9a-9931-8905448347fd,279,9.3,left_shoulder,0.5,0.5,0.0,540.0,960.0,0.5
f1ae9d18-a8ba-4f9a-9931-8905448347fd,279,9.3,right_shoulder,0.5,0.5,0.0,540.0,960.0,0.5
f1ae9d18-a8ba-4f9a-9931-8905448347fd,279,9.3,left_elbow,0.5,0.5,0.0,540.0,960.0,0.5
f1ae9d18-a8ba-4f9a-9931-8905448347fd,279,9.3,right_elbow,0.5,0.5,0.0,540.0,960.0,0.5
f1ae9d18-a8ba-4f9a-9931-8905448347fd,279,9.3,left_wrist,0.5,0.5,0.0,540.0,960.0,0.5
f1ae9d18-a8ba-4f9a-9931-8905448347fd,279,9.3,right_wrist,0.5,0.5,0.0,540.0,960.0,0.5
f1ae9d18-a8ba-4f9a-9931-8905448347fd,279,9.3,left_hip,0.5,0.5,0.0,540.0,960.0,0.5
f1ae9d18-a8ba-4f9a-9931-8905448347fd,279,9.3,right_hip,0.5,0.5,0.0,540.0,960.0,0.5
f1ae9d18-a8ba-4f9a-9931-8905448347fd,279,9.3,left_knee,0.5,0.5,0.0,540.0,960.0,0.5
f1ae9d18-a8ba-4f9a-9931-8905448347fd,279,9.3,right_knee,0.5,0.5,0.0,540.0,960.0,0.5
f1ae9d18-a8ba-4f9a-9931-8905448347fd,279,9.3,left_ankle,0.5,0.5,0.0,540.0,960.0,0.5
f1ae9d18-a8ba-4f9a-9931-8905448347fd,279,9.3,right_ankle,0.5,0.5,0.0,540.0,960.0,0.5
f1ae9d18-a8ba-4f9a-9931-8905448347fd,279,9.3,left_heel,0.5,0.5,0.0,540.0,960.0,0.5
f1ae9d18-a8ba-4f9a-9931-8905448347fd,279,9.3,right_heel,0.5,0.5,0.0,540.0,960.0,0.5
f1ae9d18-a8ba-4f9a-9931-8905448347fd,279,9.3,left_foot_index,0.5,0.5,0.0,540.0,960.0,0.5
f1ae9d18-a8ba-4f9a-9931-8905448347fd,279,9.3,right_foot_index,0.5,0.5,0.0,540.0,960.0,0.5
f1ae9d18-a8ba-4f9a-9931-8905448347fd,280,9.333333333333334,nose,0.5,0.5,0.0,540.0,960.0,0.5
f1ae9d18-a8ba-4f9a-9931-8905448347fd,280,9.333333333333334,left_shoulder,0.5,0.5,0.0,540.0,960.0,0.5
f1ae9d18-a8ba-4f9a-9931-8905448347fd,280,9.333333333333334,right_shoulder,0.5,0.5,0.0,540.0,960.0,0.5
f1ae9d18-a8ba-4f9a-9931-8905448347fd,280,9.333333333333334,left_elbow,0.5,0.5,0.0,540.0,960.0,0.5
f1ae9d18-a8ba-4f9a-9931-8905448347fd,280,9.333333333333334,right_elbow,0.5,0.5,0.0,540.0,960.0,0.5
f1ae9d18-a8ba-4f9a-9931-8905448347fd,280,9.333333333333334,left_wrist,0.5,0.5,0.0,540.0,960.0,0.5
f1ae9d18-a8ba-4f9a-9931-8905448347fd,280,9.333333333333334,right_wrist,0.5,0.5,0.0,540.0,960.0,0.5
f1ae9d18-a8ba-4f9a-9931-8905448347fd,280,9.333333333333334,left_hip,0.5,0.5,0.0,540.0,960.0,0.5
f1ae9d18-a8ba-4f9a-9931-8905448347fd,280,9.333333333333334,right_hip,0.5,0.5,0.0,540.0,960.0,0.5
f1ae9d18-a8ba-4f9a-9931-8905448347fd,280,9.333333333333334,left_knee,0.5,0.5,0.0,540.0,960.0,0.5
f1ae9d18-a8ba-4f9a-9931-8905448347fd,280,9.333333333333334,right_knee,0.5,0.5,0.0,540.0,960.0,0.5
f1ae9d18-a8ba-4f9a-9931-8905448347fd,280,9.333333333333334,left_ankle,0.5,0.5,0.0,540.0,960.0,0.5
f1ae9d18-a8ba-4f9a-9931-8905448347fd,280,9.333333333333334,right_ankle,0.5,0.5,0.0,540.0,960.0,0.5
f1ae9d18-a8ba-4f9a-9931-8905448347fd,280,9.333333333333334,left_heel,0.5,0.5,0.0,540.0,960.0,0.5
f1ae9d18-a8ba-4f9a-9931-8905448347fd,280,9.333333333333334,right_heel,0.5,0.5,0.0,540.0,960.0,0.5
f1ae9d18-a8ba-4f9a-9931-8905448347fd,280,9.333333333333334,left_foot_index,0.5,0.5,0.0,540.0,960.0,0.5
f1ae9d18-a8ba-4f9a-9931-8905448347fd,280,9.333333333333334,right_foot_index,0.5,0.5,0.0,540.0,960.0,0.5
f1ae9d18-a8ba-4f9a-9931-8905448347fd,281,9.366666666666667,nose,0.5,0.5,0.0,540.0,960.0,0.5
f1ae9d18-a8ba-4f9a-9931-8905448347fd,281,9.366666666666667,left_shoulder,0.5,0.5,0.0,540.0,960.0,0.5
f1ae9d18-a8ba-4f9a-9931-8905448347fd,281,9.366666666666667,right_shoulder,0.5,0.5,0.0,540.0,960.0,0.5
f1ae9d18-a8ba-4f9a-9931-8905448347fd,281,9.366666666666667,left_elbow,0.5,0.5,0.0,540.0,960.0,0.5
f1ae9d18-a8ba-4f9a-9931-8905448347fd,281,9.366666666666667,right_elbow,0.5,0.5,0.0,540.0,960.0,0.5
f1ae9d18-a8ba-4f9a-9931-8905448347fd,281,9.366666666666667,left_wrist,0.5,0.5,0.0,540.0,960.0,0.5
f1ae9d18-a8ba-4f9a-9931-8905448347fd,281,9.366666666666667,right_wrist,0.5,0.5,0.0,540.0,960.0,0.5
f1ae9d18-a8ba-4f9a-9931-8905448347fd,281,9.366666666666667,left_hip,0.5,0.5,0.0,540.0,960.0,0.5
f1ae9d18-a8ba-4f9a-9931-8905448347fd,281,9.366666666666667,right_hip,0.5,0.5,0.0,540.0,960.0,0.5
f1ae9d18-a8ba-4f9a-9931-8905448347fd,281,9.366666666666667,left_knee,0.5,0.5,0.0,540.0,960.0,0.5
f1ae9d18-a8ba-4f9a-9931-8905448347fd,281,9.366666666666667,right_knee,0.5,0.5,0.0,540.0,960.0,0.5
f1ae9d18-a8ba-4f9a-9931-8905448347fd,281,9.366666666666667,left_ankle,0.5,0.5,0.0,540.0,960.0,0.5
f1ae9d18-a8ba-4f9a-9931-8905448347fd,281,9.366666666666667,right_ankle,0.5,0.5,0.0,540.0,960.0,0.5
f1ae9d18-a8ba-4f9a-9931-8905448347fd,281,9.366666666666667,left_heel,0.5,0.5,0.0,540.0,960.0,0.5
f1ae9d18-a8ba-4f9a-9931-8905448347fd,281,9.366666666666667,right_heel,0.5,0.5,0.0,540.0,960.0,0.5
f1ae9d18-a8ba-4f9a-9931-8905448347fd,281,9.366666666666667,left_foot_index,0.5,0.5,0.0,540.0,960.0,0.5
f1ae9d18-a8ba-4f9a-9931-8905448347fd,281,9.366666666666667,right_foot_index,0.5,0.5,0.0,540.0,960.0,0.5
f1ae9d18-a8ba-4f9a-9931-8905448347fd,282,9.4,nose,0.5,0.5,0.0,540.0,960.0,0.5
f1ae9d18-a8ba-4f9a-9931-8905448347fd,282,9.4,left_shoulder,0.5,0.5,0.0,540.0,960.0,0.5
f1ae9d18-a8ba-4f9a-9931-8905448347fd,282,9.4,right_shoulder,0.5,0.5,0.0,540.0,960.0,0.5
f1ae9d18-a8ba-4f9a-9931-8905448347fd,282,9.4,left_elbow,0.5,0.5,0.0,540.0,960.0,0.5
f1ae9d18-a8ba-4f9a-9931-8905448347fd,282,9.4,right_elbow,0.5,0.5,0.0,540.0,960.0,0.5
f1ae9d18-a8ba-4f9a-9931-8905448347fd,282,9.4,left_wrist,0.5,0.5,0.0,540.0,960.0,0.5
f1ae9d18-a8ba-4f9a-9931-8905448347fd,282,9.4,right_wrist,0.5,0.5,0.0,540.0,960.0,0.5
f1ae9d18-a8ba-4f9a-9931-8905448347fd,282,9.4,left_hip,0.5,0.5,0.0,540.0,960.0,0.5
f1ae9d18-a8ba-4f9a-9931-8905448347fd,282,9.4,right_hip,0.5,0.5,0.0,540.0,960.0,0.5
f1ae9d18-a8ba-4f9a-9931-8905448347fd,282,9.4,left_knee,0.5,0.5,0.0,540.0,960.0,0.5
f1ae9d18-a8ba-4f9a-9931-8905448347fd,282,9.4,right_knee,0.5,0.5,0.0,540.0,960.0,0.5
f1ae9d18-a8ba-4f9a-9931-8905448347fd,282,9.4,left_ankle,0.5,0.5,0.0,540.0,960.0,0.5
f1ae9d18-a8ba-4f9a-9931-8905448347fd,282,9.4,right_ankle,0.5,0.5,0.0,540.0,960.0,0.5
f1ae9d18-a8ba-4f9a-9931-8905448347fd,282,9.4,left_heel,0.5,0.5,0.0,540.0,960.0,0.5
f1ae9d18-a8ba-4f9a-9931-8905448347fd,282,9.4,right_heel,0.5,0.5,0.0,540.0,960.0,0.5
f1ae9d18-a8ba-4f9a-9931-8905448347fd,282,9.4,left_foot_index,0.5,0.5,0.0,540.0,960.0,0.5
f1ae9d18-a8ba-4f9a-9931-8905448347fd,282,9.4,right_foot_index,0.5,0.5,0.0,540.0,960.0,0.5
f1ae9d18-a8ba-4f9a-9931-8905448347fd,283,9.433333333333334,nose,0.5,0.5,0.0,540.0,960.0,0.5
f1ae9d18-a8ba-4f9a-9931-8905448347fd,283,9.433333333333334,left_shoulder,0.5,0.5,0.0,540.0,960.0,0.5
f1ae9d18-a8ba-4f9a-9931-8905448347fd,283,9.433333333333334,right_shoulder,0.5,0.5,0.0,540.0,960.0,0.5
f1ae9d18-a8ba-4f9a-9931-8905448347fd,283,9.433333333333334,left_elbow,0.5,0.5,0.0,540.0,960.0,0.5
f1ae9d18-a8ba-4f9a-9931-8905448347fd,283,9.433333333333334,right_elbow,0.5,0.5,0.0,540.0,960.0,0.5
f1ae9d18-a8ba-4f9a-9931-8905448347fd,283,9.433333333333334,left_wrist,0.5,0.5,0.0,540.0,960.0,0.5
f1ae9d18-a8ba-4f9a-9931-8905448347fd,283,9.433333333333334,right_wrist,0.5,0.5,0.0,540.0,960.0,0.5
f1ae9d18-a8ba-4f9a-9931-8905448347fd,283,9.433333333333334,left_hip,0.5,0.5,0.0,540.0,960.0,0.5
f1ae9d18-a8ba-4f9a-9931-8905448347fd,283,9.433333333333334,right_hip,0.5,0.5,0.0,540.0,960.0,0.5
f1ae9d18-a8ba-4f9a-9931-8905448347fd,283,9.433333333333334,left_knee,0.5,0.5,0.0,540.0,960.0,0.5
f1ae9d18-a8ba-4f9a-9931-8905448347fd,283,9.433333333333334,right_knee,0.5,0.5,0.0,540.0,960.0,0.5
f1ae9d18-a8ba-4f9a-9931-8905448347fd,283,9.433333333333334,left_ankle,0.5,0.5,0.0,540.0,960.0,0.5
f1ae9d18-a8ba-4f9a-9931-8905448347fd,283,9.433333333333334,right_ankle,0.5,0.5,0.0,540.0,960.0,0.5
f1ae9d18-a8ba-4f9a-9931-8905448347fd,283,9.433333333333334,left_heel,0.5,0.5,0.0,540.0,960.0,0.5
f1ae9d18-a8ba-4f9a-9931-8905448347fd,283,9.433333333333334,right_heel,0.5,0.5,0.0,540.0,960.0,0.5
f1ae9d18-a8ba-4f9a-9931-8905448347fd,283,9.433333333333334,left_foot_index,0.5,0.5,0.0,540.0,960.0,0.5
f1ae9d18-a8ba-4f9a-9931-8905448347fd,283,9.433333333333334,right_foot_index,0.5,0.5,0.0,540.0,960.0,0.5
f1ae9d18-a8ba-4f9a-9931-8905448347fd,284,9.466666666666667,nose,0.5,0.5,0.0,540.0,960.0,0.5
f1ae9d18-a8ba-4f9a-9931-8905448347fd,284,9.466666666666667,left_shoulder,0.5,0.5,0.0,540.0,960.0,0.5
f1ae9d18-a8ba-4f9a-9931-8905448347fd,284,9.466666666666667,right_shoulder,0.5,0.5,0.0,540.0,960.0,0.5
f1ae9d18-a8ba-4f9a-9931-8905448347fd,284,9.466666666666667,left_elbow,0.5,0.5,0.0,540.0,960.0,0.5
f1ae9d18-a8ba-4f9a-9931-8905448347fd,284,9.466666666666667,right_elbow,0.5,0.5,0.0,540.0,960.0,0.5
f1ae9d18-a8ba-4f9a-9931-8905448347fd,284,9.466666666666667,left_wrist,0.5,0.5,0.0,540.0,960.0,0.5
f1ae9d18-a8ba-4f9a-9931-8905448347fd,284,9.466666666666667,right_wrist,0.5,0.5,0.0,540.0,960.0,0.5
f1ae9d18-a8ba-4f9a-9931-8905448347fd,284,9.466666666666667,left_hip,0.5,0.5,0.0,540.0,960.0,0.5
f1ae9d18-a8ba-4f9a-9931-8905448347fd,284,9.466666666666667,right_hip,0.5,0.5,0.0,540.0,960.0,0.5
f1ae9d18-a8ba-4f9a-9931-8905448347fd,284,9.466666666666667,left_knee,0.5,0.5,0.0,540.0,960.0,0.5
f1ae9d18-a8ba-4f9a-9931-8905448347fd,284,9.466666666666667,right_knee,0.5,0.5,0.0,540.0,960.0,0.5
f1ae9d18-a8ba-4f9a-9931-8905448347fd,284,9.466666666666667,left_ankle,0.5,0.5,0.0,540.0,960.0,0.5
f1ae9d18-a8ba-4f9a-9931-8905448347fd,284,9.466666666666667,right_ankle,0.5,0.5,0.0,540.0,960.0,0.5
f1ae9d18-a8ba-4f9a-9931-8905448347fd,284,9.466666666666667,left_heel,0.5,0.5,0.0,540.0,960.0,0.5
f1ae9d18-a8ba-4f9a-9931-8905448347fd,284,9.466666666666667,right_heel,0.5,0.5,0.0,540.0,960.0,0.5
f1ae9d18-a8ba-4f9a-9931-8905448347fd,284,9.466666666666667,left_foot_index,0.5,0.5,0.0,540.0,960.0,0.5
f1ae9d18-a8ba-4f9a-9931-8905448347fd,284,9.466666666666667,right_foot_index,0.5,0.5,0.0,540.0,960.0,0.5
f1ae9d18-a8ba-4f9a-9931-8905448347fd,285,9.5,nose,0.5,0.5,0.0,540.0,960.0,0.5
f1ae9d18-a8ba-4f9a-9931-8905448347fd,285,9.5,left_shoulder,0.5,0.5,0.0,540.0,960.0,0.5
f1ae9d18-a8ba-4f9a-9931-8905448347fd,285,9.5,right_shoulder,0.5,0.5,0.0,540.0,960.0,0.5
f1ae9d18-a8ba-4f9a-9931-8905448347fd,285,9.5,left_elbow,0.5,0.5,0.0,540.0,960.0,0.5
f1ae9d18-a8ba-4f9a-9931-8905448347fd,285,9.5,right_elbow,0.5,0.5,0.0,540.0,960.0,0.5
f1ae9d18-a8ba-4f9a-9931-8905448347fd,285,9.5,left_wrist,0.5,0.5,0.0,540.0,960.0,0.5
f1ae9d18-a8ba-4f9a-9931-8905448347fd,285,9.5,right_wrist,0.5,0.5,0.0,540.0,960.0,0.5
f1ae9d18-a8ba-4f9a-9931-8905448347fd,285,9.5,left_hip,0.5,0.5,0.0,540.0,960.0,0.5
f1ae9d18-a8ba-4f9a-9931-8905448347fd,285,9.5,right_hip,0.5,0.5,0.0,540.0,960.0,0.5
f1ae9d18-a8ba-4f9a-9931-8905448347fd,285,9.5,left_knee,0.5,0.5,0.0,540.0,960.0,0.5
f1ae9d18-a8ba-4f9a-9931-8905448347fd,285,9.5,right_knee,0.5,0.5,0.0,540.0,960.0,0.5
f1ae9d18-a8ba-4f9a-9931-8905448347fd,285,9.5,left_ankle,0.5,0.5,0.0,540.0,960.0,0.5
f1ae9d18-a8ba-4f9a-9931-8905448347fd,285,9.5,right_ankle,0.5,0.5,0.0,540.0,960.0,0.5
f1ae9d18-a8ba-4f9a-9931-8905448347fd,285,9.5,left_heel,0.5,0.5,0.0,540.0,960.0,0.5
f1ae9d18-a8ba-4f9a-9931-8905448347fd,285,9.5,right_heel,0.5,0.5,0.0,540.0,960.0,0.5
f1ae9d18-a8ba-4f9a-9931-8905448347fd,285,9.5,left_foot_index,0.5,0.5,0.0,540.0,960.0,0.5
f1ae9d18-a8ba-4f9a-9931-8905448347fd,285,9.5,right_foot_index,0.5,0.5,0.0,540.0,960.0,0.5
f1ae9d18-a8ba-4f9a-9931-8905448347fd,286,9.533333333333333,nose,0.5,0.5,0.0,540.0,960.0,0.5
f1ae9d18-a8ba-4f9a-9931-8905448347fd,286,9.533333333333333,left_shoulder,0.5,0.5,0.0,540.0,960.0,0.5
f1ae9d18-a8ba-4f9a-9931-8905448347fd,286,9.533333333333333,right_shoulder,0.5,0.5,0.0,540.0,960.0,0.5
f1ae9d18-a8ba-4f9a-9931-8905448347fd,286,9.533333333333333,left_elbow,0.5,0.5,0.0,540.0,960.0,0.5
f1ae9d18-a8ba-4f9a-9931-8905448347fd,286,9.533333333333333,right_elbow,0.5,0.5,0.0,540.0,960.0,0.5
f1ae9d18-a8ba-4f9a-9931-8905448347fd,286,9.533333333333333,left_wrist,0.5,0.5,0.0,540.0,960.0,0.5
f1ae9d18-a8ba-4f9a-9931-8905448347fd,286,9.533333333333333,right_wrist,0.5,0.5,0.0,540.0,960.0,0.5
f1ae9d18-a8ba-4f9a-9931-8905448347fd,286,9.533333333333333,left_hip,0.5,0.5,0.0,540.0,960.0,0.5
f1ae9d18-a8ba-4f9a-9931-8905448347fd,286,9.533333333333333,right_hip,0.5,0.5,0.0,540.0,960.0,0.5
f1ae9d18-a8ba-4f9a-9931-8905448347fd,286,9.533333333333333,left_knee,0.5,0.5,0.0,540.0,960.0,0.5
f1ae9d18-a8ba-4f9a-9931-8905448347fd,286,9.533333333333333,right_knee,0.5,0.5,0.0,540.0,960.0,0.5
f1ae9d18-a8ba-4f9a-9931-8905448347fd,286,9.533333333333333,left_ankle,0.5,0.5,0.0,540.0,960.0,0.5
f1ae9d18-a8ba-4f9a-9931-8905448347fd,286,9.533333333333333,right_ankle,0.5,0.5,0.0,540.0,960.0,0.5
f1ae9d18-a8ba-4f9a-9931-8905448347fd,286,9.533333333333333,left_heel,0.5,0.5,0.0,540.0,960.0,0.5
f1ae9d18-a8ba-4f9a-9931-8905448347fd,286,9.533333333333333,right_heel,0.5,0.5,0.0,540.0,960.0,0.5
f1ae9d18-a8ba-4f9a-9931-8905448347fd,286,9.533333333333333,left_foot_index,0.5,0.5,0.0,540.0,960.0,0.5
f1ae9d18-a8ba-4f9a-9931-8905448347fd,286,9.533333333333333,right_foot_index,0.5,0.5,0.0,540.0,960.0,0.5
f1ae9d18-a8ba-4f9a-9931-8905448347fd,287,9.566666666666666,nose,0.5,0.5,0.0,540.0,960.0,0.5
f1ae9d18-a8ba-4f9a-9931-8905448347fd,287,9.566666666666666,left_shoulder,0.5,0.5,0.0,540.0,960.0,0.5
f1ae9d18-a8ba-4f9a-9931-8905448347fd,287,9.566666666666666,right_shoulder,0.5,0.5,0.0,540.0,960.0,0.5
f1ae9d18-a8ba-4f9a-9931-8905448347fd,287,9.566666666666666,left_elbow,0.5,0.5,0.0,540.0,960.0,0.5
f1ae9d18-a8ba-4f9a-9931-8905448347fd,287,9.566666666666666,right_elbow,0.5,0.5,0.0,540.0,960.0,0.5
f1ae9d18-a8ba-4f9a-9931-8905448347fd,287,9.566666666666666,left_wrist,0.5,0.5,0.0,540.0,960.0,0.5
f1ae9d18-a8ba-4f9a-9931-8905448347fd,287,9.566666666666666,right_wrist,0.5,0.5,0.0,540.0,960.0,0.5
f1ae9d18-a8ba-4f9a-9931-8905448347fd,287,9.566666666666666,left_hip,0.5,0.5,0.0,540.0,960.0,0.5
f1ae9d18-a8ba-4f9a-9931-8905448347fd,287,9.566666666666666,right_hip,0.5,0.5,0.0,540.0,960.0,0.5
f1ae9d18-a8ba-4f9a-9931-8905448347fd,287,9.566666666666666,left_knee,0.5,0.5,0.0,540.0,960.0,0.5
f1ae9d18-a8ba-4f9a-9931-8905448347fd,287,9.566666666666666,right_knee,0.5,0.5,0.0,540.0,960.0,0.5
f1ae9d18-a8ba-4f9a-9931-8905448347fd,287,9.566666666666666,left_ankle,0.5,0.5,0.0,540.0,960.0,0.5
f1ae9d18-a8ba-4f9a-9931-8905448347fd,287,9.566666666666666,right_ankle,0.5,0.5,0.0,540.0,960.0,0.5
f1ae9d18-a8ba-4f9a-9931-8905448347fd,287,9.566666666666666,left_heel,0.5,0.5,0.0,540.0,960.0,0.5
f1ae9d18-a8ba-4f9a-9931-8905448347fd,287,9.566666666666666,right_heel,0.5,0.5,0.0,540.0,960.0,0.5
f1ae9d18-a8ba-4f9a-9931-8905448347fd,287,9.566666666666666,left_foot_index,0.5,0.5,0.0,540.0,960.0,0.5
f1ae9d18-a8ba-4f9a-9931-8905448347fd,287,9.566666666666666,right_foot_index,0.5,0.5,0.0,540.0,960.0,0.5
f1ae9d18-a8ba-4f9a-9931-8905448347fd,288,9.6,nose,0.5,0.5,0.0,540.0,960.0,0.5
f1ae9d18-a8ba-4f9a-9931-8905448347fd,288,9.6,left_shoulder,0.5,0.5,0.0,540.0,960.0,0.5
f1ae9d18-a8ba-4f9a-9931-8905448347fd,288,9.6,right_shoulder,0.5,0.5,0.0,540.0,960.0,0.5
f1ae9d18-a8ba-4f9a-9931-8905448347fd,288,9.6,left_elbow,0.5,0.5,0.0,540.0,960.0,0.5
f1ae9d18-a8ba-4f9a-9931-8905448347fd,288,9.6,right_elbow,0.5,0.5,0.0,540.0,960.0,0.5
f1ae9d18-a8ba-4f9a-9931-8905448347fd,288,9.6,left_wrist,0.5,0.5,0.0,540.0,960.0,0.5
f1ae9d18-a8ba-4f9a-9931-8905448347fd,288,9.6,right_wrist,0.5,0.5,0.0,540.0,960.0,0.5
f1ae9d18-a8ba-4f9a-9931-8905448347fd,288,9.6,left_hip,0.5,0.5,0.0,540.0,960.0,0.5
f1ae9d18-a8ba-4f9a-9931-8905448347fd,288,9.6,right_hip,0.5,0.5,0.0,540.0,960.0,0.5
f1ae9d18-a8ba-4f9a-9931-8905448347fd,288,9.6,left_knee,0.5,0.5,0.0,540.0,960.0,0.5
f1ae9d18-a8ba-4f9a-9931-8905448347fd,288,9.6,right_knee,0.5,0.5,0.0,540.0,960.0,0.5
f1ae9d18-a8ba-4f9a-9931-8905448347fd,288,9.6,left_ankle,0.5,0.5,0.0,540.0,960.0,0.5
f1ae9d18-a8ba-4f9a-9931-8905448347fd,288,9.6,right_ankle,0.5,0.5,0.0,540.0,960.0,0.5
f1ae9d18-a8ba-4f9a-9931-8905448347fd,288,9.6,left_heel,0.5,0.5,0.0,540.0,960.0,0.5
f1ae9d18-a8ba-4f9a-9931-8905448347fd,288,9.6,right_heel,0.5,0.5,0.0,540.0,960.0,0.5
f1ae9d18-a8ba-4f9a-9931-8905448347fd,288,9.6,left_foot_index,0.5,0.5,0.0,540.0,960.0,0.5
f1ae9d18-a8ba-4f9a-9931-8905448347fd,288,9.6,right_foot_index,0.5,0.5,0.0,540.0,960.0,0.5
f1ae9d18-a8ba-4f9a-9931-8905448347fd,289,9.633333333333333,nose,0.5,0.5,0.0,540.0,960.0,0.5
f1ae9d18-a8ba-4f9a-9931-8905448347fd,289,9.633333333333333,left_shoulder,0.5,0.5,0.0,540.0,960.0,0.5
f1ae9d18-a8ba-4f9a-9931-8905448347fd,289,9.633333333333333,right_shoulder,0.5,0.5,0.0,540.0,960.0,0.5
f1ae9d18-a8ba-4f9a-9931-8905448347fd,289,9.633333333333333,left_elbow,0.5,0.5,0.0,540.0,960.0,0.5
f1ae9d18-a8ba-4f9a-9931-8905448347fd,289,9.633333333333333,right_elbow,0.5,0.5,0.0,540.0,960.0,0.5
f1ae9d18-a8ba-4f9a-9931-8905448347fd,289,9.633333333333333,left_wrist,0.5,0.5,0.0,540.0,960.0,0.5
f1ae9d18-a8ba-4f9a-9931-8905448347fd,289,9.633333333333333,right_wrist,0.5,0.5,0.0,540.0,960.0,0.5
f1ae9d18-a8ba-4f9a-9931-8905448347fd,289,9.633333333333333,left_hip,0.5,0.5,0.0,540.0,960.0,0.5
f1ae9d18-a8ba-4f9a-9931-8905448347fd,289,9.633333333333333,right_hip,0.5,0.5,0.0,540.0,960.0,0.5
f1ae9d18-a8ba-4f9a-9931-8905448347fd,289,9.633333333333333,left_knee,0.5,0.5,0.0,540.0,960.0,0.5
f1ae9d18-a8ba-4f9a-9931-8905448347fd,289,9.633333333333333,right_knee,0.5,0.5,0.0,540.0,960.0,0.5
f1ae9d18-a8ba-4f9a-9931-8905448347fd,289,9.633333333333333,left_ankle,0.5,0.5,0.0,540.0,960.0,0.5
f1ae9d18-a8ba-4f9a-9931-8905448347fd,289,9.633333333333333,right_ankle,0.5,0.5,0.0,540.0,960.0,0.5
f1ae9d18-a8ba-4f9a-9931-8905448347fd,289,9.633333333333333,left_heel,0.5,0.5,0.0,540.0,960.0,0.5
f1ae9d18-a8ba-4f9a-9931-8905448347fd,289,9.633333333333333,right_heel,0.5,0.5,0.0,540.0,960.0,0.5
f1ae9d18-a8ba-4f9a-9931-8905448347fd,289,9.633333333333333,left_foot_index,0.5,0.5,0.0,540.0,960.0,0.5
f1ae9d18-a8ba-4f9a-9931-8905448347fd,289,9.633333333333333,right_foot_index,0.5,0.5,0.0,540.0,960.0,0.5
f1ae9d18-a8ba-4f9a-9931-8905448347fd,290,9.666666666666666,nose,0.5,0.5,0.0,540.0,960.0,0.5
f1ae9d18-a8ba-4f9a-9931-8905448347fd,290,9.666666666666666,left_shoulder,0.5,0.5,0.0,540.0,960.0,0.5
f1ae9d18-a8ba-4f9a-9931-8905448347fd,290,9.666666666666666,right_shoulder,0.5,0.5,0.0,540.0,960.0,0.5
f1ae9d18-a8ba-4f9a-9931-8905448347fd,290,9.666666666666666,left_elbow,0.5,0.5,0.0,540.0,960.0,0.5
f1ae9d18-a8ba-4f9a-9931-8905448347fd,290,9.666666666666666,right_elbow,0.5,0.5,0.0,540.0,960.0,0.5
f1ae9d18-a8ba-4f9a-9931-8905448347fd,290,9.666666666666666,left_wrist,0.5,0.5,0.0,540.0,960.0,0.5
f1ae9d18-a8ba-4f9a-9931-8905448347fd,290,9.666666666666666,right_wrist,0.5,0.5,0.0,540.0,960.0,0.5
f1ae9d18-a8ba-4f9a-9931-8905448347fd,290,9.666666666666666,left_hip,0.5,0.5,0.0,540.0,960.0,0.5
f1ae9d18-a8ba-4f9a-9931-8905448347fd,290,9.666666666666666,right_hip,0.5,0.5,0.0,540.0,960.0,0.5
f1ae9d18-a8ba-4f9a-9931-8905448347fd,290,9.666666666666666,left_knee,0.5,0.5,0.0,540.0,960.0,0.5
f1ae9d18-a8ba-4f9a-9931-8905448347fd,290,9.666666666666666,right_knee,0.5,0.5,0.0,540.0,960.0,0.5
f1ae9d18-a8ba-4f9a-9931-8905448347fd,290,9.666666666666666,left_ankle,0.5,0.5,0.0,540.0,960.0,0.5
f1ae9d18-a8ba-4f9a-9931-8905448347fd,290,9.666666666666666,right_ankle,0.5,0.5,0.0,540.0,960.0,0.5
f1ae9d18-a8ba-4f9a-9931-8905448347fd,290,9.666666666666666,left_heel,0.5,0.5,0.0,540.0,960.0,0.5
f1ae9d18-a8ba-4f9a-9931-8905448347fd,290,9.666666666666666,right_heel,0.5,0.5,0.0,540.0,960.0,0.5
f1ae9d18-a8ba-4f9a-9931-8905448347fd,290,9.666666666666666,left_foot_index,0.5,0.5,0.0,540.0,960.0,0.5
f1ae9d18-a8ba-4f9a-9931-8905448347fd,290,9.666666666666666,right_foot_index,0.5,0.5,0.0,540.0,960.0,0.5
f1ae9d18-a8ba-4f9a-9931-8905448347fd,291,9.7,nose,0.5,0.5,0.0,540.0,960.0,0.5
f1ae9d18-a8ba-4f9a-9931-8905448347fd,291,9.7,left_shoulder,0.5,0.5,0.0,540.0,960.0,0.5
f1ae9d18-a8ba-4f9a-9931-8905448347fd,291,9.7,right_shoulder,0.5,0.5,0.0,540.0,960.0,0.5
f1ae9d18-a8ba-4f9a-9931-8905448347fd,291,9.7,left_elbow,0.5,0.5,0.0,540.0,960.0,0.5
f1ae9d18-a8ba-4f9a-9931-8905448347fd,291,9.7,right_elbow,0.5,0.5,0.0,540.0,960.0,0.5
f1ae9d18-a8ba-4f9a-9931-8905448347fd,291,9.7,left_wrist,0.5,0.5,0.0,540.0,960.0,0.5
f1ae9d18-a8ba-4f9a-9931-8905448347fd,291,9.7,right_wrist,0.5,0.5,0.0,540.0,960.0,0.5
f1ae9d18-a8ba-4f9a-9931-8905448347fd,291,9.7,left_hip,0.5,0.5,0.0,540.0,960.0,0.5
f1ae9d18-a8ba-4f9a-9931-8905448347fd,291,9.7,right_hip,0.5,0.5,0.0,540.0,960.0,0.5
f1ae9d18-a8ba-4f9a-9931-8905448347fd,291,9.7,left_knee,0.5,0.5,0.0,540.0,960.0,0.5
f1ae9d18-a8ba-4f9a-9931-8905448347fd,291,9.7,right_knee,0.5,0.5,0.0,540.0,960.0,0.5
f1ae9d18-a8ba-4f9a-9931-8905448347fd,291,9.7,left_ankle,0.5,0.5,0.0,540.0,960.0,0.5
f1ae9d18-a8ba-4f9a-9931-8905448347fd,291,9.7,right_ankle,0.5,0.5,0.0,540.0,960.0,0.5
f1ae9d18-a8ba-4f9a-9931-8905448347fd,291,9.7,left_heel,0.5,0.5,0.0,540.0,960.0,0.5
f1ae9d18-a8ba-4f9a-9931-8905448347fd,291,9.7,right_heel,0.5,0.5,0.0,540.0,960.0,0.5
f1ae9d18-a8ba-4f9a-9931-8905448347fd,291,9.7,left_foot_index,0.5,0.5,0.0,540.0,960.0,0.5
f1ae9d18-a8ba-4f9a-9931-8905448347fd,291,9.7,right_foot_index,0.5,0.5,0.0,540.0,960.0,0.5
f1ae9d18-a8ba-4f9a-9931-8905448347fd,292,9.733333333333333,nose,0.5,0.5,0.0,540.0,960.0,0.5
f1ae9d18-a8ba-4f9a-9931-8905448347fd,292,9.733333333333333,left_shoulder,0.5,0.5,0.0,540.0,960.0,0.5
f1ae9d18-a8ba-4f9a-9931-8905448347fd,292,9.733333333333333,right_shoulder,0.5,0.5,0.0,540.0,960.0,0.5
f1ae9d18-a8ba-4f9a-9931-8905448347fd,292,9.733333333333333,left_elbow,0.5,0.5,0.0,540.0,960.0,0.5
f1ae9d18-a8ba-4f9a-9931-8905448347fd,292,9.733333333333333,right_elbow,0.5,0.5,0.0,540.0,960.0,0.5
f1ae9d18-a8ba-4f9a-9931-8905448347fd,292,9.733333333333333,left_wrist,0.5,0.5,0.0,540.0,960.0,0.5
f1ae9d18-a8ba-4f9a-9931-8905448347fd,292,9.733333333333333,right_wrist,0.5,0.5,0.0,540.0,960.0,0.5
f1ae9d18-a8ba-4f9a-9931-8905448347fd,292,9.733333333333333,left_hip,0.5,0.5,0.0,540.0,960.0,0.5
f1ae9d18-a8ba-4f9a-9931-8905448347fd,292,9.733333333333333,right_hip,0.5,0.5,0.0,540.0,960.0,0.5
f1ae9d18-a8ba-4f9a-9931-8905448347fd,292,9.733333333333333,left_knee,0.5,0.5,0.0,540.0,960.0,0.5
f1ae9d18-a8ba-4f9a-9931-8905448347fd,292,9.733333333333333,right_knee,0.5,0.5,0.0,540.0,960.0,0.5
f1ae9d18-a8ba-4f9a-9931-8905448347fd,292,9.733333333333333,left_ankle,0.5,0.5,0.0,540.0,960.0,0.5
f1ae9d18-a8ba-4f9a-9931-8905448347fd,292,9.733333333333333,right_ankle,0.5,0.5,0.0,540.0,960.0,0.5
f1ae9d18-a8ba-4f9a-9931-8905448347fd,292,9.733333333333333,left_heel,0.5,0.5,0.0,540.0,960.0,0.5
f1ae9d18-a8ba-4f9a-9931-8905448347fd,292,9.733333333333333,right_heel,0.5,0.5,0.0,540.0,960.0,0.5
f1ae9d18-a8ba-4f9a-9931-8905448347fd,292,9.733333333333333,left_foot_index,0.5,0.5,0.0,540.0,960.0,0.5
f1ae9d18-a8ba-4f9a-9931-8905448347fd,292,9.733333333333333,right_foot_index,0.5,0.5,0.0,540.0,960.0,0.5
f1ae9d18-a8ba-4f9a-9931-8905448347fd,293,9.766666666666667,nose,0.5,0.5,0.0,540.0,960.0,0.5
f1ae9d18-a8ba-4f9a-9931-8905448347fd,293,9.766666666666667,left_shoulder,0.5,0.5,0.0,540.0,960.0,0.5
f1ae9d18-a8ba-4f9a-9931-8905448347fd,293,9.766666666666667,right_shoulder,0.5,0.5,0.0,540.0,960.0,0.5
f1ae9d18-a8ba-4f9a-9931-8905448347fd,293,9.766666666666667,left_elbow,0.5,0.5,0.0,540.0,960.0,0.5
f1ae9d18-a8ba-4f9a-9931-8905448347fd,293,9.766666666666667,right_elbow,0.5,0.5,0.0,540.0,960.0,0.5
f1ae9d18-a8ba-4f9a-9931-8905448347fd,293,9.766666666666667,left_wrist,0.5,0.5,0.0,540.0,960.0,0.5
f1ae9d18-a8ba-4f9a-9931-8905448347fd,293,9.766666666666667,right_wrist,0.5,0.5,0.0,540.0,960.0,0.5
f1ae9d18-a8ba-4f9a-9931-8905448347fd,293,9.766666666666667,left_hip,0.5,0.5,0.0,540.0,960.0,0.5
f1ae9d18-a8ba-4f9a-9931-8905448347fd,293,9.766666666666667,right_hip,0.5,0.5,0.0,540.0,960.0,0.5
f1ae9d18-a8ba-4f9a-9931-8905448347fd,293,9.766666666666667,left_knee,0.5,0.5,0.0,540.0,960.0,0.5
f1ae9d18-a8ba-4f9a-9931-8905448347fd,293,9.766666666666667,right_knee,0.5,0.5,0.0,540.0,960.0,0.5
f1ae9d18-a8ba-4f9a-9931-8905448347fd,293,9.766666666666667,left_ankle,0.5,0.5,0.0,540.0,960.0,0.5
f1ae9d18-a8ba-4f9a-9931-8905448347fd,293,9.766666666666667,right_ankle,0.5,0.5,0.0,540.0,960.0,0.5
f1ae9d18-a8ba-4f9a-9931-8905448347fd,293,9.766666666666667,left_heel,0.5,0.5,0.0,540.0,960.0,0.5
f1ae9d18-a8ba-4f9a-9931-8905448347fd,293,9.766666666666667,right_heel,0.5,0.5,0.0,540.0,960.0,0.5
f1ae9d18-a8ba-4f9a-9931-8905448347fd,293,9.766666666666667,left_foot_index,0.5,0.5,0.0,540.0,960.0,0.5
f1ae9d18-a8ba-4f9a-9931-8905448347fd,293,9.766666666666667,right_foot_index,0.5,0.5,0.0,540.0,960.0,0.5
f1ae9d18-a8ba-4f9a-9931-8905448347fd,294,9.8,nose,0.5,0.5,0.0,540.0,960.0,0.5
f1ae9d18-a8ba-4f9a-9931-8905448347fd,294,9.8,left_shoulder,0.5,0.5,0.0,540.0,960.0,0.5
f1ae9d18-a8ba-4f9a-9931-8905448347fd,294,9.8,right_shoulder,0.5,0.5,0.0,540.0,960.0,0.5
f1ae9d18-a8ba-4f9a-9931-8905448347fd,294,9.8,left_elbow,0.5,0.5,0.0,540.0,960.0,0.5
f1ae9d18-a8ba-4f9a-9931-8905448347fd,294,9.8,right_elbow,0.5,0.5,0.0,540.0,960.0,0.5
f1ae9d18-a8ba-4f9a-9931-8905448347fd,294,9.8,left_wrist,0.5,0.5,0.0,540.0,960.0,0.5
f1ae9d18-a8ba-4f9a-9931-8905448347fd,294,9.8,right_wrist,0.5,0.5,0.0,540.0,960.0,0.5
f1ae9d18-a8ba-4f9a-9931-8905448347fd,294,9.8,left_hip,0.5,0.5,0.0,540.0,960.0,0.5
f1ae9d18-a8ba-4f9a-9931-8905448347fd,294,9.8,right_hip,0.5,0.5,0.0,540.0,960.0,0.5
f1ae9d18-a8ba-4f9a-9931-8905448347fd,294,9.8,left_knee,0.5,0.5,0.0,540.0,960.0,0.5
f1ae9d18-a8ba-4f9a-9931-8905448347fd,294,9.8,right_knee,0.5,0.5,0.0,540.0,960.0,0.5
f1ae9d18-a8ba-4f9a-9931-8905448347fd,294,9.8,left_ankle,0.5,0.5,0.0,540.0,960.0,0.5
f1ae9d18-a8ba-4f9a-9931-8905448347fd,294,9.8,right_ankle,0.5,0.5,0.0,540.0,960.0,0.5
f1ae9d18-a8ba-4f9a-9931-8905448347fd,294,9.8,left_heel,0.5,0.5,0.0,540.0,960.0,0.5
f1ae9d18-a8ba-4f9a-9931-8905448347fd,294,9.8,right_heel,0.5,0.5,0.0,540.0,960.0,0.5
f1ae9d18-a8ba-4f9a-9931-8905448347fd,294,9.8,left_foot_index,0.5,0.5,0.0,540.0,960.0,0.5
f1ae9d18-a8ba-4f9a-9931-8905448347fd,294,9.8,right_foot_index,0.5,0.5,0.0,540.0,960.0,0.5
f1ae9d18-a8ba-4f9a-9931-8905448347fd,295,9.833333333333334,nose,0.5,0.5,0.0,540.0,960.0,0.5
f1ae9d18-a8ba-4f9a-9931-8905448347fd,295,9.833333333333334,left_shoulder,0.5,0.5,0.0,540.0,960.0,0.5
f1ae9d18-a8ba-4f9a-9931-8905448347fd,295,9.833333333333334,right_shoulder,0.5,0.5,0.0,540.0,960.0,0.5
f1ae9d18-a8ba-4f9a-9931-8905448347fd,295,9.833333333333334,left_elbow,0.5,0.5,0.0,540.0,960.0,0.5
f1ae9d18-a8ba-4f9a-9931-8905448347fd,295,9.833333333333334,right_elbow,0.5,0.5,0.0,540.0,960.0,0.5
f1ae9d18-a8ba-4f9a-9931-8905448347fd,295,9.833333333333334,left_wrist,0.5,0.5,0.0,540.0,960.0,0.5
f1ae9d18-a8ba-4f9a-9931-8905448347fd,295,9.833333333333334,right_wrist,0.5,0.5,0.0,540.0,960.0,0.5
f1ae9d18-a8ba-4f9a-9931-8905448347fd,295,9.833333333333334,left_hip,0.5,0.5,0.0,540.0,960.0,0.5
f1ae9d18-a8ba-4f9a-9931-8905448347fd,295,9.833333333333334,right_hip,0.5,0.5,0.0,540.0,960.0,0.5
f1ae9d18-a8ba-4f9a-9931-8905448347fd,295,9.833333333333334,left_knee,0.5,0.5,0.0,540.0,960.0,0.5
f1ae9d18-a8ba-4f9a-9931-8905448347fd,295,9.833333333333334,right_knee,0.5,0.5,0.0,540.0,960.0,0.5
f1ae9d18-a8ba-4f9a-9931-8905448347fd,295,9.833333333333334,left_ankle,0.5,0.5,0.0,540.0,960.0,0.5
f1ae9d18-a8ba-4f9a-9931-8905448347fd,295,9.833333333333334,right_ankle,0.5,0.5,0.0,540.0,960.0,0.5
f1ae9d18-a8ba-4f9a-9931-8905448347fd,295,9.833333333333334,left_heel,0.5,0.5,0.0,540.0,960.0,0.5
f1ae9d18-a8ba-4f9a-9931-8905448347fd,295,9.833333333333334,right_heel,0.5,0.5,0.0,540.0,960.0,0.5
f1ae9d18-a8ba-4f9a-9931-8905448347fd,295,9.833333333333334,left_foot_index,0.5,0.5,0.0,540.0,960.0,0.5
f1ae9d18-a8ba-4f9a-9931-8905448347fd,295,9.833333333333334,right_foot_index,0.5,0.5,0.0,540.0,960.0,0.5
f1ae9d18-a8ba-4f9a-9931-8905448347fd,296,9.866666666666667,nose,0.5,0.5,0.0,540.0,960.0,0.5
f1ae9d18-a8ba-4f9a-9931-8905448347fd,296,9.866666666666667,left_shoulder,0.5,0.5,0.0,540.0,960.0,0.5
f1ae9d18-a8ba-4f9a-9931-8905448347fd,296,9.866666666666667,right_shoulder,0.5,0.5,0.0,540.0,960.0,0.5
f1ae9d18-a8ba-4f9a-9931-8905448347fd,296,9.866666666666667,left_elbow,0.5,0.5,0.0,540.0,960.0,0.5
f1ae9d18-a8ba-4f9a-9931-8905448347fd,296,9.866666666666667,right_elbow,0.5,0.5,0.0,540.0,960.0,0.5
f1ae9d18-a8ba-4f9a-9931-8905448347fd,296,9.866666666666667,left_wrist,0.5,0.5,0.0,540.0,960.0,0.5
f1ae9d18-a8ba-4f9a-9931-8905448347fd,296,9.866666666666667,right_wrist,0.5,0.5,0.0,540.0,960.0,0.5
f1ae9d18-a8ba-4f9a-9931-8905448347fd,296,9.866666666666667,left_hip,0.5,0.5,0.0,540.0,960.0,0.5
f1ae9d18-a8ba-4f9a-9931-8905448347fd,296,9.866666666666667,right_hip,0.5,0.5,0.0,540.0,960.0,0.5
f1ae9d18-a8ba-4f9a-9931-8905448347fd,296,9.866666666666667,left_knee,0.5,0.5,0.0,540.0,960.0,0.5
f1ae9d18-a8ba-4f9a-9931-8905448347fd,296,9.866666666666667,right_knee,0.5,0.5,0.0,540.0,960.0,0.5
f1ae9d18-a8ba-4f9a-9931-8905448347fd,296,9.866666666666667,left_ankle,0.5,0.5,0.0,540.0,960.0,0.5
f1ae9d18-a8ba-4f9a-9931-8905448347fd,296,9.866666666666667,right_ankle,0.5,0.5,0.0,540.0,960.0,0.5
f1ae9d18-a8ba-4f9a-9931-8905448347fd,296,9.866666666666667,left_heel,0.5,0.5,0.0,540.0,960.0,0.5
f1ae9d18-a8ba-4f9a-9931-8905448347fd,296,9.866666666666667,right_heel,0.5,0.5,0.0,540.0,960.0,0.5
f1ae9d18-a8ba-4f9a-9931-8905448347fd,296,9.866666666666667,left_foot_index,0.5,0.5,0.0,540.0,960.0,0.5
f1ae9d18-a8ba-4f9a-9931-8905448347fd,296,9.866666666666667,right_foot_index,0.5,0.5,0.0,540.0,960.0,0.5
f1ae9d18-a8ba-4f9a-9931-8905448347fd,297,9.9,nose,0.5,0.5,0.0,540.0,960.0,0.5
f1ae9d18-a8ba-4f9a-9931-8905448347fd,297,9.9,left_shoulder,0.5,0.5,0.0,540.0,960.0,0.5
f1ae9d18-a8ba-4f9a-9931-8905448347fd,297,9.9,right_shoulder,0.5,0.5,0.0,540.0,960.0,0.5
f1ae9d18-a8ba-4f9a-9931-8905448347fd,297,9.9,left_elbow,0.5,0.5,0.0,540.0,960.0,0.5
f1ae9d18-a8ba-4f9a-9931-8905448347fd,297,9.9,right_elbow,0.5,0.5,0.0,540.0,960.0,0.5
f1ae9d18-a8ba-4f9a-9931-8905448347fd,297,9.9,left_wrist,0.5,0.5,0.0,540.0,960.0,0.5
f1ae9d18-a8ba-4f9a-9931-8905448347fd,297,9.9,right_wrist,0.5,0.5,0.0,540.0,960.0,0.5
f1ae9d18-a8ba-4f9a-9931-8905448347fd,297,9.9,left_hip,0.5,0.5,0.0,540.0,960.0,0.5
f1ae9d18-a8ba-4f9a-9931-8905448347fd,297,9.9,right_hip,0.5,0.5,0.0,540.0,960.0,0.5
f1ae9d18-a8ba-4f9a-9931-8905448347fd,297,9.9,left_knee,0.5,0.5,0.0,540.0,960.0,0.5
f1ae9d18-a8ba-4f9a-9931-8905448347fd,297,9.9,right_knee,0.5,0.5,0.0,540.0,960.0,0.5
f1ae9d18-a8ba-4f9a-9931-8905448347fd,297,9.9,left_ankle,0.5,0.5,0.0,540.0,960.0,0.5
f1ae9d18-a8ba-4f9a-9931-8905448347fd,297,9.9,right_ankle,0.5,0.5,0.0,540.0,960.0,0.5
f1ae9d18-a8ba-4f9a-9931-8905448347fd,297,9.9,left_heel,0.5,0.5,0.0,540.0,960.0,0.5
f1ae9d18-a8ba-4f9a-9931-8905448347fd,297,9.9,right_heel,0.5,0.5,0.0,540.0,960.0,0.5
f1ae9d18-a8ba-4f9a-9931-8905448347fd,297,9.9,left_foot_index,0.5,0.5,0.0,540.0,960.0,0.5
f1ae9d18-a8ba-4f9a-9931-8905448347fd,297,9.9,right_foot_index,0.5,0.5,0.0,540.0,960.0,0.5
f1ae9d18-a8ba-4f9a-9931-8905448347fd,298,9.933333333333334,nose,0.5,0.5,0.0,540.0,960.0,0.5
f1ae9d18-a8ba-4f9a-9931-8905448347fd,298,9.933333333333334,left_shoulder,0.5,0.5,0.0,540.0,960.0,0.5
f1ae9d18-a8ba-4f9a-9931-8905448347fd,298,9.933333333333334,right_shoulder,0.5,0.5,0.0,540.0,960.0,0.5
f1ae9d18-a8ba-4f9a-9931-8905448347fd,298,9.933333333333334,left_elbow,0.5,0.5,0.0,540.0,960.0,0.5
f1ae9d18-a8ba-4f9a-9931-8905448347fd,298,9.933333333333334,right_elbow,0.5,0.5,0.0,540.0,960.0,0.5
f1ae9d18-a8ba-4f9a-9931-8905448347fd,298,9.933333333333334,left_wrist,0.5,0.5,0.0,540.0,960.0,0.5
f1ae9d18-a8ba-4f9a-9931-8905448347fd,298,9.933333333333334,right_wrist,0.5,0.5,0.0,540.0,960.0,0.5
f1ae9d18-a8ba-4f9a-9931-8905448347fd,298,9.933333333333334,left_hip,0.5,0.5,0.0,540.0,960.0,0.5
f1ae9d18-a8ba-4f9a-9931-8905448347fd,298,9.933333333333334,right_hip,0.5,0.5,0.0,540.0,960.0,0.5
f1ae9d18-a8ba-4f9a-9931-8905448347fd,298,9.933333333333334,left_knee,0.5,0.5,0.0,540.0,960.0,0.5
f1ae9d18-a8ba-4f9a-9931-8905448347fd,298,9.933333333333334,right_knee,0.5,0.5,0.0,540.0,960.0,0.5
f1ae9d18-a8ba-4f9a-9931-8905448347fd,298,9.933333333333334,left_ankle,0.5,0.5,0.0,540.0,960.0,0.5
f1ae9d18-a8ba-4f9a-9931-8905448347fd,298,9.933333333333334,right_ankle,0.5,0.5,0.0,540.0,960.0,0.5
f1ae9d18-a8ba-4f9a-9931-8905448347fd,298,9.933333333333334,left_heel,0.5,0.5,0.0,540.0,960.0,0.5
f1ae9d18-a8ba-4f9a-9931-8905448347fd,298,9.933333333333334,right_heel,0.5,0.5,0.0,540.0,960.0,0.5
f1ae9d18-a8ba-4f9a-9931-8905448347fd,298,9.933333333333334,left_foot_index,0.5,0.5,0.0,540.0,960.0,0.5
f1ae9d18-a8ba-4f9a-9931-8905448347fd,298,9.933333333333334,right_foot_index,0.5,0.5,0.0,540.0,960.0,0.5
f1ae9d18-a8ba-4f9a-9931-8905448347fd,299,9.966666666666667,nose,0.5,0.5,0.0,540.0,960.0,0.5
f1ae9d18-a8ba-4f9a-9931-8905448347fd,299,9.966666666666667,left_shoulder,0.5,0.5,0.0,540.0,960.0,0.5
f1ae9d18-a8ba-4f9a-9931-8905448347fd,299,9.966666666666667,right_shoulder,0.5,0.5,0.0,540.0,960.0,0.5
f1ae9d18-a8ba-4f9a-9931-8905448347fd,299,9.966666666666667,left_elbow,0.5,0.5,0.0,540.0,960.0,0.5
f1ae9d18-a8ba-4f9a-9931-8905448347fd,299,9.966666666666667,right_elbow,0.5,0.5,0.0,540.0,960.0,0.5
f1ae9d18-a8ba-4f9a-9931-8905448347fd,299,9.966666666666667,left_wrist,0.5,0.5,0.0,540.0,960.0,0.5
f1ae9d18-a8ba-4f9a-9931-8905448347fd,299,9.966666666666667,right_wrist,0.5,0.5,0.0,540.0,960.0,0.5
f1ae9d18-a8ba-4f9a-9931-8905448347fd,299,9.966666666666667,left_hip,0.5,0.5,0.0,540.0,960.0,0.5
f1ae9d18-a8ba-4f9a-9931-8905448347fd,299,9.966666666666667,right_hip,0.5,0.5,0.0,540.0,960.0,0.5
f1ae9d18-a8ba-4f9a-9931-8905448347fd,299,9.966666666666667,left_knee,0.5,0.5,0.0,540.0,960.0,0.5
f1ae9d18-a8ba-4f9a-9931-8905448347fd,299,9.966666666666667,right_knee,0.5,0.5,0.0,540.0,960.0,0.5
f1ae9d18-a8ba-4f9a-9931-8905448347fd,299,9.966666666666667,left_ankle,0.5,0.5,0.0,540.0,960.0,0.5
f1ae9d18-a8ba-4f9a-9931-8905448347fd,299,9.966666666666667,right_ankle,0.5,0.5,0.0,540.0,960.0,0.5
f1ae9d18-a8ba-4f9a-9931-8905448347fd,299,9.966666666666667,left_heel,0.5,0.5,0.0,540.0,960.0,0.5
f1ae9d18-a8ba-4f9a-9931-8905448347fd,299,9.966666666666667,right_heel,0.5,0.5,0.0,540.0,960.0,0.5
f1ae9d18-a8ba-4f9a-9931-8905448347fd,299,9.966666666666667,left_foot_index,0.5,0.5,0.0,540.0,960.0,0.5
f1ae9d18-a8ba-4f9a-9931-8905448347fd,299,9.966666666666667,right_foot_index,0.5,0.5,0.0,540.0,960.0,0.5
f1ae9d18-a8ba-4f9a-9931-8905448347fd,300,10.0,nose,0.5,0.5,0.0,540.0,960.0,0.5
f1ae9d18-a8ba-4f9a-9931-8905448347fd,300,10.0,left_shoulder,0.5,0.5,0.0,540.0,960.0,0.5
f1ae9d18-a8ba-4f9a-9931-8905448347fd,300,10.0,right_shoulder,0.5,0.5,0.0,540.0,960.0,0.5
f1ae9d18-a8ba-4f9a-9931-8905448347fd,300,10.0,left_elbow,0.5,0.5,0.0,540.0,960.0,0.5
f1ae9d18-a8ba-4f9a-9931-8905448347fd,300,10.0,right_elbow,0.5,0.5,0.0,540.0,960.0,0.5
f1ae9d18-a8ba-4f9a-9931-8905448347fd,300,10.0,left_wrist,0.5,0.5,0.0,540.0,960.0,0.5
f1ae9d18-a8ba-4f9a-9931-8905448347fd,300,10.0,right_wrist,0.5,0.5,0.0,540.0,960.0,0.5
f1ae9d18-a8ba-4f9a-9931-8905448347fd,300,10.0,left_hip,0.5,0.5,0.0,540.0,960.0,0.5
f1ae9d18-a8ba-4f9a-9931-8905448347fd,300,10.0,right_hip,0.5,0.5,0.0,540.0,960.0,0.5
f1ae9d18-a8ba-4f9a-9931-8905448347fd,300,10.0,left_knee,0.5,0.5,0.0,540.0,960.0,0.5
f1ae9d18-a8ba-4f9a-9931-8905448347fd,300,10.0,right_knee,0.5,0.5,0.0,540.0,960.0,0.5
f1ae9d18-a8ba-4f9a-9931-8905448347fd,300,10.0,left_ankle,0.5,0.5,0.0,540.0,960.0,0.5
f1ae9d18-a8ba-4f9a-9931-8905448347fd,300,10.0,right_ankle,0.5,0.5,0.0,540.0,960.0,0.5
f1ae9d18-a8ba-4f9a-9931-8905448347fd,300,10.0,left_heel,0.5,0.5,0.0,540.0,960.0,0.5
f1ae9d18-a8ba-4f9a-9931-8905448347fd,300,10.0,right_heel,0.5,0.5,0.0,540.0,960.0,0.5
f1ae9d18-a8ba-4f9a-9931-8905448347fd,300,10.0,left_foot_index,0.5,0.5,0.0,540.0,960.0,0.5
f1ae9d18-a8ba-4f9a-9931-8905448347fd,300,10.0,right_foot_index,0.5,0.5,0.0,540.0,960.0,0.5
f1ae9d18-a8ba-4f9a-9931-8905448347fd,301,10.033333333333333,nose,0.5,0.5,0.0,540.0,960.0,0.5
f1ae9d18-a8ba-4f9a-9931-8905448347fd,301,10.033333333333333,left_shoulder,0.5,0.5,0.0,540.0,960.0,0.5
f1ae9d18-a8ba-4f9a-9931-8905448347fd,301,10.033333333333333,right_shoulder,0.5,0.5,0.0,540.0,960.0,0.5
f1ae9d18-a8ba-4f9a-9931-8905448347fd,301,10.033333333333333,left_elbow,0.5,0.5,0.0,540.0,960.0,0.5
f1ae9d18-a8ba-4f9a-9931-8905448347fd,301,10.033333333333333,right_elbow,0.5,0.5,0.0,540.0,960.0,0.5
f1ae9d18-a8ba-4f9a-9931-8905448347fd,301,10.033333333333333,left_wrist,0.5,0.5,0.0,540.0,960.0,0.5
f1ae9d18-a8ba-4f9a-9931-8905448347fd,301,10.033333333333333,right_wrist,0.5,0.5,0.0,540.0,960.0,0.5
f1ae9d18-a8ba-4f9a-9931-8905448347fd,301,10.033333333333333,left_hip,0.5,0.5,0.0,540.0,960.0,0.5
f1ae9d18-a8ba-4f9a-9931-8905448347fd,301,10.033333333333333,right_hip,0.5,0.5,0.0,540.0,960.0,0.5
f1ae9d18-a8ba-4f9a-9931-8905448347fd,301,10.033333333333333,left_knee,0.5,0.5,0.0,540.0,960.0,0.5
f1ae9d18-a8ba-4f9a-9931-8905448347fd,301,10.033333333333333,right_knee,0.5,0.5,0.0,540.0,960.0,0.5
f1ae9d18-a8ba-4f9a-9931-8905448347fd,301,10.033333333333333,left_ankle,0.5,0.5,0.0,540.0,960.0,0.5
f1ae9d18-a8ba-4f9a-9931-8905448347fd,301,10.033333333333333,right_ankle,0.5,0.5,0.0,540.0,960.0,0.5
f1ae9d18-a8ba-4f9a-9931-8905448347fd,301,10.033333333333333,left_heel,0.5,0.5,0.0,540.0,960.0,0.5
f1ae9d18-a8ba-4f9a-9931-8905448347fd,301,10.033333333333333,right_heel,0.5,0.5,0.0,540.0,960.0,0.5
f1ae9d18-a8ba-4f9a-9931-8905448347fd,301,10.033333333333333,left_foot_index,0.5,0.5,0.0,540.0,960.0,0.5
f1ae9d18-a8ba-4f9a-9931-8905448347fd,301,10.033333333333333,right_foot_index,0.5,0.5,0.0,540.0,960.0,0.5
f1ae9d18-a8ba-4f9a-9931-8905448347fd,302,10.066666666666666,nose,0.5,0.5,0.0,540.0,960.0,0.5
f1ae9d18-a8ba-4f9a-9931-8905448347fd,302,10.066666666666666,left_shoulder,0.5,0.5,0.0,540.0,960.0,0.5
f1ae9d18-a8ba-4f9a-9931-8905448347fd,302,10.066666666666666,right_shoulder,0.5,0.5,0.0,540.0,960.0,0.5
f1ae9d18-a8ba-4f9a-9931-8905448347fd,302,10.066666666666666,left_elbow,0.5,0.5,0.0,540.0,960.0,0.5
f1ae9d18-a8ba-4f9a-9931-8905448347fd,302,10.066666666666666,right_elbow,0.5,0.5,0.0,540.0,960.0,0.5
f1ae9d18-a8ba-4f9a-9931-8905448347fd,302,10.066666666666666,left_wrist,0.5,0.5,0.0,540.0,960.0,0.5
f1ae9d18-a8ba-4f9a-9931-8905448347fd,302,10.066666666666666,right_wrist,0.5,0.5,0.0,540.0,960.0,0.5
f1ae9d18-a8ba-4f9a-9931-8905448347fd,302,10.066666666666666,left_hip,0.5,0.5,0.0,540.0,960.0,0.5
f1ae9d18-a8ba-4f9a-9931-8905448347fd,302,10.066666666666666,right_hip,0.5,0.5,0.0,540.0,960.0,0.5
f1ae9d18-a8ba-4f9a-9931-8905448347fd,302,10.066666666666666,left_knee,0.5,0.5,0.0,540.0,960.0,0.5
f1ae9d18-a8ba-4f9a-9931-8905448347fd,302,10.066666666666666,right_knee,0.5,0.5,0.0,540.0,960.0,0.5
f1ae9d18-a8ba-4f9a-9931-8905448347fd,302,10.066666666666666,left_ankle,0.5,0.5,0.0,540.0,960.0,0.5
f1ae9d18-a8ba-4f9a-9931-8905448347fd,302,10.066666666666666,right_ankle,0.5,0.5,0.0,540.0,960.0,0.5
f1ae9d18-a8ba-4f9a-9931-8905448347fd,302,10.066666666666666,left_heel,0.5,0.5,0.0,540.0,960.0,0.5
f1ae9d18-a8ba-4f9a-9931-8905448347fd,302,10.066666666666666,right_heel,0.5,0.5,0.0,540.0,960.0,0.5
f1ae9d18-a8ba-4f9a-9931-8905448347fd,302,10.066666666666666,left_foot_index,0.5,0.5,0.0,540.0,960.0,0.5
f1ae9d18-a8ba-4f9a-9931-8905448347fd,302,10.066666666666666,right_foot_index,0.5,0.5,0.0,540.0,960.0,0.5
f1ae9d18-a8ba-4f9a-9931-8905448347fd,303,10.1,nose,0.5,0.5,0.0,540.0,960.0,0.5
f1ae9d18-a8ba-4f9a-9931-8905448347fd,303,10.1,left_shoulder,0.5,0.5,0.0,540.0,960.0,0.5
f1ae9d18-a8ba-4f9a-9931-8905448347fd,303,10.1,right_shoulder,0.5,0.5,0.0,540.0,960.0,0.5
f1ae9d18-a8ba-4f9a-9931-8905448347fd,303,10.1,left_elbow,0.5,0.5,0.0,540.0,960.0,0.5
f1ae9d18-a8ba-4f9a-9931-8905448347fd,303,10.1,right_elbow,0.5,0.5,0.0,540.0,960.0,0.5
f1ae9d18-a8ba-4f9a-9931-8905448347fd,303,10.1,left_wrist,0.5,0.5,0.0,540.0,960.0,0.5
f1ae9d18-a8ba-4f9a-9931-8905448347fd,303,10.1,right_wrist,0.5,0.5,0.0,540.0,960.0,0.5
f1ae9d18-a8ba-4f9a-9931-8905448347fd,303,10.1,left_hip,0.5,0.5,0.0,540.0,960.0,0.5
f1ae9d18-a8ba-4f9a-9931-8905448347fd,303,10.1,right_hip,0.5,0.5,0.0,540.0,960.0,0.5
f1ae9d18-a8ba-4f9a-9931-8905448347fd,303,10.1,left_knee,0.5,0.5,0.0,540.0,960.0,0.5
f1ae9d18-a8ba-4f9a-9931-8905448347fd,303,10.1,right_knee,0.5,0.5,0.0,540.0,960.0,0.5
f1ae9d18-a8ba-4f9a-9931-8905448347fd,303,10.1,left_ankle,0.5,0.5,0.0,540.0,960.0,0.5
f1ae9d18-a8ba-4f9a-9931-8905448347fd,303,10.1,right_ankle,0.5,0.5,0.0,540.0,960.0,0.5
f1ae9d18-a8ba-4f9a-9931-8905448347fd,303,10.1,left_heel,0.5,0.5,0.0,540.0,960.0,0.5
f1ae9d18-a8ba-4f9a-9931-8905448347fd,303,10.1,right_heel,0.5,0.5,0.0,540.0,960.0,0.5
f1ae9d18-a8ba-4f9a-9931-8905448347fd,303,10.1,left_foot_index,0.5,0.5,0.0,540.0,960.0,0.5
f1ae9d18-a8ba-4f9a-9931-8905448347fd,303,10.1,right_foot_index,0.5,0.5,0.0,540.0,960.0,0.5
f1ae9d18-a8ba-4f9a-9931-8905448347fd,304,10.133333333333333,nose,0.5,0.5,0.0,540.0,960.0,0.5
f1ae9d18-a8ba-4f9a-9931-8905448347fd,304,10.133333333333333,left_shoulder,0.5,0.5,0.0,540.0,960.0,0.5
f1ae9d18-a8ba-4f9a-9931-8905448347fd,304,10.133333333333333,right_shoulder,0.5,0.5,0.0,540.0,960.0,0.5
f1ae9d18-a8ba-4f9a-9931-8905448347fd,304,10.133333333333333,left_elbow,0.5,0.5,0.0,540.0,960.0,0.5
f1ae9d18-a8ba-4f9a-9931-8905448347fd,304,10.133333333333333,right_elbow,0.5,0.5,0.0,540.0,960.0,0.5
f1ae9d18-a8ba-4f9a-9931-8905448347fd,304,10.133333333333333,left_wrist,0.5,0.5,0.0,540.0,960.0,0.5
f1ae9d18-a8ba-4f9a-9931-8905448347fd,304,10.133333333333333,right_wrist,0.5,0.5,0.0,540.0,960.0,0.5
f1ae9d18-a8ba-4f9a-9931-8905448347fd,304,10.133333333333333,left_hip,0.5,0.5,0.0,540.0,960.0,0.5
f1ae9d18-a8ba-4f9a-9931-8905448347fd,304,10.133333333333333,right_hip,0.5,0.5,0.0,540.0,960.0,0.5
f1ae9d18-a8ba-4f9a-9931-8905448347fd,304,10.133333333333333,left_knee,0.5,0.5,0.0,540.0,960.0,0.5
f1ae9d18-a8ba-4f9a-9931-8905448347fd,304,10.133333333333333,right_knee,0.5,0.5,0.0,540.0,960.0,0.5
f1ae9d18-a8ba-4f9a-9931-8905448347fd,304,10.133333333333333,left_ankle,0.5,0.5,0.0,540.0,960.0,0.5
f1ae9d18-a8ba-4f9a-9931-8905448347fd,304,10.133333333333333,right_ankle,0.5,0.5,0.0,540.0,960.0,0.5
f1ae9d18-a8ba-4f9a-9931-8905448347fd,304,10.133333333333333,left_heel,0.5,0.5,0.0,540.0,960.0,0.5
f1ae9d18-a8ba-4f9a-9931-8905448347fd,304,10.133333333333333,right_heel,0.5,0.5,0.0,540.0,960.0,0.5
f1ae9d18-a8ba-4f9a-9931-8905448347fd,304,10.133333333333333,left_foot_index,0.5,0.5,0.0,540.0,960.0,0.5
f1ae9d18-a8ba-4f9a-9931-8905448347fd,304,10.133333333333333,right_foot_index,0.5,0.5,0.0,540.0,960.0,0.5
f1ae9d18-a8ba-4f9a-9931-8905448347fd,305,10.166666666666666,nose,0.5,0.5,0.0,540.0,960.0,0.5
f1ae9d18-a8ba-4f9a-9931-8905448347fd,305,10.166666666666666,left_shoulder,0.5,0.5,0.0,540.0,960.0,0.5
f1ae9d18-a8ba-4f9a-9931-8905448347fd,305,10.166666666666666,right_shoulder,0.5,0.5,0.0,540.0,960.0,0.5
f1ae9d18-a8ba-4f9a-9931-8905448347fd,305,10.166666666666666,left_elbow,0.5,0.5,0.0,540.0,960.0,0.5
f1ae9d18-a8ba-4f9a-9931-8905448347fd,305,10.166666666666666,right_elbow,0.5,0.5,0.0,540.0,960.0,0.5
f1ae9d18-a8ba-4f9a-9931-8905448347fd,305,10.166666666666666,left_wrist,0.5,0.5,0.0,540.0,960.0,0.5
f1ae9d18-a8ba-4f9a-9931-8905448347fd,305,10.166666666666666,right_wrist,0.5,0.5,0.0,540.0,960.0,0.5
f1ae9d18-a8ba-4f9a-9931-8905448347fd,305,10.166666666666666,left_hip,0.5,0.5,0.0,540.0,960.0,0.5
f1ae9d18-a8ba-4f9a-9931-8905448347fd,305,10.166666666666666,right_hip,0.5,0.5,0.0,540.0,960.0,0.5
f1ae9d18-a8ba-4f9a-9931-8905448347fd,305,10.166666666666666,left_knee,0.5,0.5,0.0,540.0,960.0,0.5
f1ae9d18-a8ba-4f9a-9931-8905448347fd,305,10.166666666666666,right_knee,0.5,0.5,0.0,540.0,960.0,0.5
f1ae9d18-a8ba-4f9a-9931-8905448347fd,305,10.166666666666666,left_ankle,0.5,0.5,0.0,540.0,960.0,0.5
f1ae9d18-a8ba-4f9a-9931-8905448347fd,305,10.166666666666666,right_ankle,0.5,0.5,0.0,540.0,960.0,0.5
f1ae9d18-a8ba-4f9a-9931-8905448347fd,305,10.166666666666666,left_heel,0.5,0.5,0.0,540.0,960.0,0.5
f1ae9d18-a8ba-4f9a-9931-8905448347fd,305,10.166666666666666,right_heel,0.5,0.5,0.0,540.0,960.0,0.5
f1ae9d18-a8ba-4f9a-9931-8905448347fd,305,10.166666666666666,left_foot_index,0.5,0.5,0.0,540.0,960.0,0.5
f1ae9d18-a8ba-4f9a-9931-8905448347fd,305,10.166666666666666,right_foot_index,0.5,0.5,0.0,540.0,960.0,0.5
f1ae9d18-a8ba-4f9a-9931-8905448347fd,306,10.2,nose,0.5,0.5,0.0,540.0,960.0,0.5
f1ae9d18-a8ba-4f9a-9931-8905448347fd,306,10.2,left_shoulder,0.5,0.5,0.0,540.0,960.0,0.5
f1ae9d18-a8ba-4f9a-9931-8905448347fd,306,10.2,right_shoulder,0.5,0.5,0.0,540.0,960.0,0.5
f1ae9d18-a8ba-4f9a-9931-8905448347fd,306,10.2,left_elbow,0.5,0.5,0.0,540.0,960.0,0.5
f1ae9d18-a8ba-4f9a-9931-8905448347fd,306,10.2,right_elbow,0.5,0.5,0.0,540.0,960.0,0.5
f1ae9d18-a8ba-4f9a-9931-8905448347fd,306,10.2,left_wrist,0.5,0.5,0.0,540.0,960.0,0.5
f1ae9d18-a8ba-4f9a-9931-8905448347fd,306,10.2,right_wrist,0.5,0.5,0.0,540.0,960.0,0.5
f1ae9d18-a8ba-4f9a-9931-8905448347fd,306,10.2,left_hip,0.5,0.5,0.0,540.0,960.0,0.5
f1ae9d18-a8ba-4f9a-9931-8905448347fd,306,10.2,right_hip,0.5,0.5,0.0,540.0,960.0,0.5
f1ae9d18-a8ba-4f9a-9931-8905448347fd,306,10.2,left_knee,0.5,0.5,0.0,540.0,960.0,0.5
f1ae9d18-a8ba-4f9a-9931-8905448347fd,306,10.2,right_knee,0.5,0.5,0.0,540.0,960.0,0.5
f1ae9d18-a8ba-4f9a-9931-8905448347fd,306,10.2,left_ankle,0.5,0.5,0.0,540.0,960.0,0.5
f1ae9d18-a8ba-4f9a-9931-8905448347fd,306,10.2,right_ankle,0.5,0.5,0.0,540.0,960.0,0.5
f1ae9d18-a8ba-4f9a-9931-8905448347fd,306,10.2,left_heel,0.5,0.5,0.0,540.0,960.0,0.5
f1ae9d18-a8ba-4f9a-9931-8905448347fd,306,10.2,right_heel,0.5,0.5,0.0,540.0,960.0,0.5
f1ae9d18-a8ba-4f9a-9931-8905448347fd,306,10.2,left_foot_index,0.5,0.5,0.0,540.0,960.0,0.5
f1ae9d18-a8ba-4f9a-9931-8905448347fd,306,10.2,right_foot_index,0.5,0.5,0.0,540.0,960.0,0.5
f1ae9d18-a8ba-4f9a-9931-8905448347fd,307,10.233333333333333,nose,0.5,0.5,0.0,540.0,960.0,0.5
f1ae9d18-a8ba-4f9a-9931-8905448347fd,307,10.233333333333333,left_shoulder,0.5,0.5,0.0,540.0,960.0,0.5
f1ae9d18-a8ba-4f9a-9931-8905448347fd,307,10.233333333333333,right_shoulder,0.5,0.5,0.0,540.0,960.0,0.5
f1ae9d18-a8ba-4f9a-9931-8905448347fd,307,10.233333333333333,left_elbow,0.5,0.5,0.0,540.0,960.0,0.5
f1ae9d18-a8ba-4f9a-9931-8905448347fd,307,10.233333333333333,right_elbow,0.5,0.5,0.0,540.0,960.0,0.5
f1ae9d18-a8ba-4f9a-9931-8905448347fd,307,10.233333333333333,left_wrist,0.5,0.5,0.0,540.0,960.0,0.5
f1ae9d18-a8ba-4f9a-9931-8905448347fd,307,10.233333333333333,right_wrist,0.5,0.5,0.0,540.0,960.0,0.5
f1ae9d18-a8ba-4f9a-9931-8905448347fd,307,10.233333333333333,left_hip,0.5,0.5,0.0,540.0,960.0,0.5
f1ae9d18-a8ba-4f9a-9931-8905448347fd,307,10.233333333333333,right_hip,0.5,0.5,0.0,540.0,960.0,0.5
f1ae9d18-a8ba-4f9a-9931-8905448347fd,307,10.233333333333333,left_knee,0.5,0.5,0.0,540.0,960.0,0.5
f1ae9d18-a8ba-4f9a-9931-8905448347fd,307,10.233333333333333,right_knee,0.5,0.5,0.0,540.0,960.0,0.5
f1ae9d18-a8ba-4f9a-9931-8905448347fd,307,10.233333333333333,left_ankle,0.5,0.5,0.0,540.0,960.0,0.5
f1ae9d18-a8ba-4f9a-9931-8905448347fd,307,10.233333333333333,right_ankle,0.5,0.5,0.0,540.0,960.0,0.5
f1ae9d18-a8ba-4f9a-9931-8905448347fd,307,10.233333333333333,left_heel,0.5,0.5,0.0,540.0,960.0,0.5
f1ae9d18-a8ba-4f9a-9931-8905448347fd,307,10.233333333333333,right_heel,0.5,0.5,0.0,540.0,960.0,0.5
f1ae9d18-a8ba-4f9a-9931-8905448347fd,307,10.233333333333333,left_foot_index,0.5,0.5,0.0,540.0,960.0,0.5
f1ae9d18-a8ba-4f9a-9931-8905448347fd,307,10.233333333333333,right_foot_index,0.5,0.5,0.0,540.0,960.0,0.5
f1ae9d18-a8ba-4f9a-9931-8905448347fd,308,10.266666666666667,nose,0.5,0.5,0.0,540.0,960.0,0.5
f1ae9d18-a8ba-4f9a-9931-8905448347fd,308,10.266666666666667,left_shoulder,0.5,0.5,0.0,540.0,960.0,0.5
f1ae9d18-a8ba-4f9a-9931-8905448347fd,308,10.266666666666667,right_shoulder,0.5,0.5,0.0,540.0,960.0,0.5
f1ae9d18-a8ba-4f9a-9931-8905448347fd,308,10.266666666666667,left_elbow,0.5,0.5,0.0,540.0,960.0,0.5
f1ae9d18-a8ba-4f9a-9931-8905448347fd,308,10.266666666666667,right_elbow,0.5,0.5,0.0,540.0,960.0,0.5
f1ae9d18-a8ba-4f9a-9931-8905448347fd,308,10.266666666666667,left_wrist,0.5,0.5,0.0,540.0,960.0,0.5
f1ae9d18-a8ba-4f9a-9931-8905448347fd,308,10.266666666666667,right_wrist,0.5,0.5,0.0,540.0,960.0,0.5
f1ae9d18-a8ba-4f9a-9931-8905448347fd,308,10.266666666666667,left_hip,0.5,0.5,0.0,540.0,960.0,0.5
f1ae9d18-a8ba-4f9a-9931-8905448347fd,308,10.266666666666667,right_hip,0.5,0.5,0.0,540.0,960.0,0.5
f1ae9d18-a8ba-4f9a-9931-8905448347fd,308,10.266666666666667,left_knee,0.5,0.5,0.0,540.0,960.0,0.5
f1ae9d18-a8ba-4f9a-9931-8905448347fd,308,10.266666666666667,right_knee,0.5,0.5,0.0,540.0,960.0,0.5
f1ae9d18-a8ba-4f9a-9931-8905448347fd,308,10.266666666666667,left_ankle,0.5,0.5,0.0,540.0,960.0,0.5
f1ae9d18-a8ba-4f9a-9931-8905448347fd,308,10.266666666666667,right_ankle,0.5,0.5,0.0,540.0,960.0,0.5
f1ae9d18-a8ba-4f9a-9931-8905448347fd,308,10.266666666666667,left_heel,0.5,0.5,0.0,540.0,960.0,0.5
f1ae9d18-a8ba-4f9a-9931-8905448347fd,308,10.266666666666667,right_heel,0.5,0.5,0.0,540.0,960.0,0.5
f1ae9d18-a8ba-4f9a-9931-8905448347fd,308,10.266666666666667,left_foot_index,0.5,0.5,0.0,540.0,960.0,0.5
f1ae9d18-a8ba-4f9a-9931-8905448347fd,308,10.266666666666667,right_foot_index,0.5,0.5,0.0,540.0,960.0,0.5
f1ae9d18-a8ba-4f9a-9931-8905448347fd,309,10.3,nose,0.5,0.5,0.0,540.0,960.0,0.5
f1ae9d18-a8ba-4f9a-9931-8905448347fd,309,10.3,left_shoulder,0.5,0.5,0.0,540.0,960.0,0.5
f1ae9d18-a8ba-4f9a-9931-8905448347fd,309,10.3,right_shoulder,0.5,0.5,0.0,540.0,960.0,0.5
f1ae9d18-a8ba-4f9a-9931-8905448347fd,309,10.3,left_elbow,0.5,0.5,0.0,540.0,960.0,0.5
f1ae9d18-a8ba-4f9a-9931-8905448347fd,309,10.3,right_elbow,0.5,0.5,0.0,540.0,960.0,0.5
f1ae9d18-a8ba-4f9a-9931-8905448347fd,309,10.3,left_wrist,0.5,0.5,0.0,540.0,960.0,0.5
f1ae9d18-a8ba-4f9a-9931-8905448347fd,309,10.3,right_wrist,0.5,0.5,0.0,540.0,960.0,0.5
f1ae9d18-a8ba-4f9a-9931-8905448347fd,309,10.3,left_hip,0.5,0.5,0.0,540.0,960.0,0.5
f1ae9d18-a8ba-4f9a-9931-8905448347fd,309,10.3,right_hip,0.5,0.5,0.0,540.0,960.0,0.5
f1ae9d18-a8ba-4f9a-9931-8905448347fd,309,10.3,left_knee,0.5,0.5,0.0,540.0,960.0,0.5
f1ae9d18-a8ba-4f9a-9931-8905448347fd,309,10.3,right_knee,0.5,0.5,0.0,540.0,960.0,0.5
f1ae9d18-a8ba-4f9a-9931-8905448347fd,309,10.3,left_ankle,0.5,0.5,0.0,540.0,960.0,0.5
f1ae9d18-a8ba-4f9a-9931-8905448347fd,309,10.3,right_ankle,0.5,0.5,0.0,540.0,960.0,0.5
f1ae9d18-a8ba-4f9a-9931-8905448347fd,309,10.3,left_heel,0.5,0.5,0.0,540.0,960.0,0.5
f1ae9d18-a8ba-4f9a-9931-8905448347fd,309,10.3,right_heel,0.5,0.5,0.0,540.0,960.0,0.5
f1ae9d18-a8ba-4f9a-9931-8905448347fd,309,10.3,left_foot_index,0.5,0.5,0.0,540.0,960.0,0.5
f1ae9d18-a8ba-4f9a-9931-8905448347fd,309,10.3,right_foot_index,0.5,0.5,0.0,540.0,960.0,0.5
f1ae9d18-a8ba-4f9a-9931-8905448347fd,310,10.333333333333334,nose,0.5,0.5,0.0,540.0,960.0,0.5
f1ae9d18-a8ba-4f9a-9931-8905448347fd,310,10.333333333333334,left_shoulder,0.5,0.5,0.0,540.0,960.0,0.5
f1ae9d18-a8ba-4f9a-9931-8905448347fd,310,10.333333333333334,right_shoulder,0.5,0.5,0.0,540.0,960.0,0.5
f1ae9d18-a8ba-4f9a-9931-8905448347fd,310,10.333333333333334,left_elbow,0.5,0.5,0.0,540.0,960.0,0.5
f1ae9d18-a8ba-4f9a-9931-8905448347fd,310,10.333333333333334,right_elbow,0.5,0.5,0.0,540.0,960.0,0.5
f1ae9d18-a8ba-4f9a-9931-8905448347fd,310,10.333333333333334,left_wrist,0.5,0.5,0.0,540.0,960.0,0.5
f1ae9d18-a8ba-4f9a-9931-8905448347fd,310,10.333333333333334,right_wrist,0.5,0.5,0.0,540.0,960.0,0.5
f1ae9d18-a8ba-4f9a-9931-8905448347fd,310,10.333333333333334,left_hip,0.5,0.5,0.0,540.0,960.0,0.5
f1ae9d18-a8ba-4f9a-9931-8905448347fd,310,10.333333333333334,right_hip,0.5,0.5,0.0,540.0,960.0,0.5
f1ae9d18-a8ba-4f9a-9931-8905448347fd,310,10.333333333333334,left_knee,0.5,0.5,0.0,540.0,960.0,0.5
f1ae9d18-a8ba-4f9a-9931-8905448347fd,310,10.333333333333334,right_knee,0.5,0.5,0.0,540.0,960.0,0.5
f1ae9d18-a8ba-4f9a-9931-8905448347fd,310,10.333333333333334,left_ankle,0.5,0.5,0.0,540.0,960.0,0.5
f1ae9d18-a8ba-4f9a-9931-8905448347fd,310,10.333333333333334,right_ankle,0.5,0.5,0.0,540.0,960.0,0.5
f1ae9d18-a8ba-4f9a-9931-8905448347fd,310,10.333333333333334,left_heel,0.5,0.5,0.0,540.0,960.0,0.5
f1ae9d18-a8ba-4f9a-9931-8905448347fd,310,10.333333333333334,right_heel,0.5,0.5,0.0,540.0,960.0,0.5
f1ae9d18-a8ba-4f9a-9931-8905448347fd,310,10.333333333333334,left_foot_index,0.5,0.5,0.0,540.0,960.0,0.5
f1ae9d18-a8ba-4f9a-9931-8905448347fd,310,10.333333333333334,right_foot_index,0.5,0.5,0.0,540.0,960.0,0.5
f1ae9d18-a8ba-4f9a-9931-8905448347fd,311,10.366666666666667,nose,0.5,0.5,0.0,540.0,960.0,0.5
f1ae9d18-a8ba-4f9a-9931-8905448347fd,311,10.366666666666667,left_shoulder,0.5,0.5,0.0,540.0,960.0,0.5
f1ae9d18-a8ba-4f9a-9931-8905448347fd,311,10.366666666666667,right_shoulder,0.5,0.5,0.0,540.0,960.0,0.5
f1ae9d18-a8ba-4f9a-9931-8905448347fd,311,10.366666666666667,left_elbow,0.5,0.5,0.0,540.0,960.0,0.5
f1ae9d18-a8ba-4f9a-9931-8905448347fd,311,10.366666666666667,right_elbow,0.5,0.5,0.0,540.0,960.0,0.5
f1ae9d18-a8ba-4f9a-9931-8905448347fd,311,10.366666666666667,left_wrist,0.5,0.5,0.0,540.0,960.0,0.5
f1ae9d18-a8ba-4f9a-9931-8905448347fd,311,10.366666666666667,right_wrist,0.5,0.5,0.0,540.0,960.0,0.5
f1ae9d18-a8ba-4f9a-9931-8905448347fd,311,10.366666666666667,left_hip,0.5,0.5,0.0,540.0,960.0,0.5
f1ae9d18-a8ba-4f9a-9931-8905448347fd,311,10.366666666666667,right_hip,0.5,0.5,0.0,540.0,960.0,0.5
f1ae9d18-a8ba-4f9a-9931-8905448347fd,311,10.366666666666667,left_knee,0.5,0.5,0.0,540.0,960.0,0.5
f1ae9d18-a8ba-4f9a-9931-8905448347fd,311,10.366666666666667,right_knee,0.5,0.5,0.0,540.0,960.0,0.5
f1ae9d18-a8ba-4f9a-9931-8905448347fd,311,10.366666666666667,left_ankle,0.5,0.5,0.0,540.0,960.0,0.5
f1ae9d18-a8ba-4f9a-9931-8905448347fd,311,10.366666666666667,right_ankle,0.5,0.5,0.0,540.0,960.0,0.5
f1ae9d18-a8ba-4f9a-9931-8905448347fd,311,10.366666666666667,left_heel,0.5,0.5,0.0,540.0,960.0,0.5
f1ae9d18-a8ba-4f9a-9931-8905448347fd,311,10.366666666666667,right_heel,0.5,0.5,0.0,540.0,960.0,0.5
f1ae9d18-a8ba-4f9a-9931-8905448347fd,311,10.366666666666667,left_foot_index,0.5,0.5,0.0,540.0,960.0,0.5
f1ae9d18-a8ba-4f9a-9931-8905448347fd,311,10.366666666666667,right_foot_index,0.5,0.5,0.0,540.0,960.0,0.5
f1ae9d18-a8ba-4f9a-9931-8905448347fd,312,10.4,nose,0.5,0.5,0.0,540.0,960.0,0.5
f1ae9d18-a8ba-4f9a-9931-8905448347fd,312,10.4,left_shoulder,0.5,0.5,0.0,540.0,960.0,0.5
f1ae9d18-a8ba-4f9a-9931-8905448347fd,312,10.4,right_shoulder,0.5,0.5,0.0,540.0,960.0,0.5
f1ae9d18-a8ba-4f9a-9931-8905448347fd,312,10.4,left_elbow,0.5,0.5,0.0,540.0,960.0,0.5
f1ae9d18-a8ba-4f9a-9931-8905448347fd,312,10.4,right_elbow,0.5,0.5,0.0,540.0,960.0,0.5
f1ae9d18-a8ba-4f9a-9931-8905448347fd,312,10.4,left_wrist,0.5,0.5,0.0,540.0,960.0,0.5
f1ae9d18-a8ba-4f9a-9931-8905448347fd,312,10.4,right_wrist,0.5,0.5,0.0,540.0,960.0,0.5
f1ae9d18-a8ba-4f9a-9931-8905448347fd,312,10.4,left_hip,0.5,0.5,0.0,540.0,960.0,0.5
f1ae9d18-a8ba-4f9a-9931-8905448347fd,312,10.4,right_hip,0.5,0.5,0.0,540.0,960.0,0.5
f1ae9d18-a8ba-4f9a-9931-8905448347fd,312,10.4,left_knee,0.5,0.5,0.0,540.0,960.0,0.5
f1ae9d18-a8ba-4f9a-9931-8905448347fd,312,10.4,right_knee,0.5,0.5,0.0,540.0,960.0,0.5
f1ae9d18-a8ba-4f9a-9931-8905448347fd,312,10.4,left_ankle,0.5,0.5,0.0,540.0,960.0,0.5
f1ae9d18-a8ba-4f9a-9931-8905448347fd,312,10.4,right_ankle,0.5,0.5,0.0,540.0,960.0,0.5
f1ae9d18-a8ba-4f9a-9931-8905448347fd,312,10.4,left_heel,0.5,0.5,0.0,540.0,960.0,0.5
f1ae9d18-a8ba-4f9a-9931-8905448347fd,312,10.4,right_heel,0.5,0.5,0.0,540.0,960.0,0.5
f1ae9d18-a8ba-4f9a-9931-8905448347fd,312,10.4,left_foot_index,0.5,0.5,0.0,540.0,960.0,0.5
f1ae9d18-a8ba-4f9a-9931-8905448347fd,312,10.4,right_foot_index,0.5,0.5,0.0,540.0,960.0,0.5
f1ae9d18-a8ba-4f9a-9931-8905448347fd,313,10.433333333333334,nose,0.5,0.5,0.0,540.0,960.0,0.5
f1ae9d18-a8ba-4f9a-9931-8905448347fd,313,10.433333333333334,left_shoulder,0.5,0.5,0.0,540.0,960.0,0.5
f1ae9d18-a8ba-4f9a-9931-8905448347fd,313,10.433333333333334,right_shoulder,0.5,0.5,0.0,540.0,960.0,0.5
f1ae9d18-a8ba-4f9a-9931-8905448347fd,313,10.433333333333334,left_elbow,0.5,0.5,0.0,540.0,960.0,0.5
f1ae9d18-a8ba-4f9a-9931-8905448347fd,313,10.433333333333334,right_elbow,0.5,0.5,0.0,540.0,960.0,0.5
f1ae9d18-a8ba-4f9a-9931-8905448347fd,313,10.433333333333334,left_wrist,0.5,0.5,0.0,540.0,960.0,0.5
f1ae9d18-a8ba-4f9a-9931-8905448347fd,313,10.433333333333334,right_wrist,0.5,0.5,0.0,540.0,960.0,0.5
f1ae9d18-a8ba-4f9a-9931-8905448347fd,313,10.433333333333334,left_hip,0.5,0.5,0.0,540.0,960.0,0.5
f1ae9d18-a8ba-4f9a-9931-8905448347fd,313,10.433333333333334,right_hip,0.5,0.5,0.0,540.0,960.0,0.5
f1ae9d18-a8ba-4f9a-9931-8905448347fd,313,10.433333333333334,left_knee,0.5,0.5,0.0,540.0,960.0,0.5
f1ae9d18-a8ba-4f9a-9931-8905448347fd,313,10.433333333333334,right_knee,0.5,0.5,0.0,540.0,960.0,0.5
f1ae9d18-a8ba-4f9a-9931-8905448347fd,313,10.433333333333334,left_ankle,0.5,0.5,0.0,540.0,960.0,0.5
f1ae9d18-a8ba-4f9a-9931-8905448347fd,313,10.433333333333334,right_ankle,0.5,0.5,0.0,540.0,960.0,0.5
f1ae9d18-a8ba-4f9a-9931-8905448347fd,313,10.433333333333334,left_heel,0.5,0.5,0.0,540.0,960.0,0.5
f1ae9d18-a8ba-4f9a-9931-8905448347fd,313,10.433333333333334,right_heel,0.5,0.5,0.0,540.0,960.0,0.5
f1ae9d18-a8ba-4f9a-9931-8905448347fd,313,10.433333333333334,left_foot_index,0.5,0.5,0.0,540.0,960.0,0.5
f1ae9d18-a8ba-4f9a-9931-8905448347fd,313,10.433333333333334,right_foot_index,0.5,0.5,0.0,540.0,960.0,0.5
f1ae9d18-a8ba-4f9a-9931-8905448347fd,314,10.466666666666667,nose,0.5,0.5,0.0,540.0,960.0,0.5
f1ae9d18-a8ba-4f9a-9931-8905448347fd,314,10.466666666666667,left_shoulder,0.5,0.5,0.0,540.0,960.0,0.5
f1ae9d18-a8ba-4f9a-9931-8905448347fd,314,10.466666666666667,right_shoulder,0.5,0.5,0.0,540.0,960.0,0.5
f1ae9d18-a8ba-4f9a-9931-8905448347fd,314,10.466666666666667,left_elbow,0.5,0.5,0.0,540.0,960.0,0.5
f1ae9d18-a8ba-4f9a-9931-8905448347fd,314,10.466666666666667,right_elbow,0.5,0.5,0.0,540.0,960.0,0.5
f1ae9d18-a8ba-4f9a-9931-8905448347fd,314,10.466666666666667,left_wrist,0.5,0.5,0.0,540.0,960.0,0.5
f1ae9d18-a8ba-4f9a-9931-8905448347fd,314,10.466666666666667,right_wrist,0.5,0.5,0.0,540.0,960.0,0.5
f1ae9d18-a8ba-4f9a-9931-8905448347fd,314,10.466666666666667,left_hip,0.5,0.5,0.0,540.0,960.0,0.5
f1ae9d18-a8ba-4f9a-9931-8905448347fd,314,10.466666666666667,right_hip,0.5,0.5,0.0,540.0,960.0,0.5
f1ae9d18-a8ba-4f9a-9931-8905448347fd,314,10.466666666666667,left_knee,0.5,0.5,0.0,540.0,960.0,0.5
f1ae9d18-a8ba-4f9a-9931-8905448347fd,314,10.466666666666667,right_knee,0.5,0.5,0.0,540.0,960.0,0.5
f1ae9d18-a8ba-4f9a-9931-8905448347fd,314,10.466666666666667,left_ankle,0.5,0.5,0.0,540.0,960.0,0.5
f1ae9d18-a8ba-4f9a-9931-8905448347fd,314,10.466666666666667,right_ankle,0.5,0.5,0.0,540.0,960.0,0.5
f1ae9d18-a8ba-4f9a-9931-8905448347fd,314,10.466666666666667,left_heel,0.5,0.5,0.0,540.0,960.0,0.5
f1ae9d18-a8ba-4f9a-9931-8905448347fd,314,10.466666666666667,right_heel,0.5,0.5,0.0,540.0,960.0,0.5
f1ae9d18-a8ba-4f9a-9931-8905448347fd,314,10.466666666666667,left_foot_index,0.5,0.5,0.0,540.0,960.0,0.5
f1ae9d18-a8ba-4f9a-9931-8905448347fd,314,10.466666666666667,right_foot_index,0.5,0.5,0.0,540.0,960.0,0.5
f1ae9d18-a8ba-4f9a-9931-8905448347fd,315,10.5,nose,0.5,0.5,0.0,540.0,960.0,0.5
f1ae9d18-a8ba-4f9a-9931-8905448347fd,315,10.5,left_shoulder,0.5,0.5,0.0,540.0,960.0,0.5
f1ae9d18-a8ba-4f9a-9931-8905448347fd,315,10.5,right_shoulder,0.5,0.5,0.0,540.0,960.0,0.5
f1ae9d18-a8ba-4f9a-9931-8905448347fd,315,10.5,left_elbow,0.5,0.5,0.0,540.0,960.0,0.5
f1ae9d18-a8ba-4f9a-9931-8905448347fd,315,10.5,right_elbow,0.5,0.5,0.0,540.0,960.0,0.5
f1ae9d18-a8ba-4f9a-9931-8905448347fd,315,10.5,left_wrist,0.5,0.5,0.0,540.0,960.0,0.5
f1ae9d18-a8ba-4f9a-9931-8905448347fd,315,10.5,right_wrist,0.5,0.5,0.0,540.0,960.0,0.5
f1ae9d18-a8ba-4f9a-9931-8905448347fd,315,10.5,left_hip,0.5,0.5,0.0,540.0,960.0,0.5
f1ae9d18-a8ba-4f9a-9931-8905448347fd,315,10.5,right_hip,0.5,0.5,0.0,540.0,960.0,0.5
f1ae9d18-a8ba-4f9a-9931-8905448347fd,315,10.5,left_knee,0.5,0.5,0.0,540.0,960.0,0.5
f1ae9d18-a8ba-4f9a-9931-8905448347fd,315,10.5,right_knee,0.5,0.5,0.0,540.0,960.0,0.5
f1ae9d18-a8ba-4f9a-9931-8905448347fd,315,10.5,left_ankle,0.5,0.5,0.0,540.0,960.0,0.5
f1ae9d18-a8ba-4f9a-9931-8905448347fd,315,10.5,right_ankle,0.5,0.5,0.0,540.0,960.0,0.5
f1ae9d18-a8ba-4f9a-9931-8905448347fd,315,10.5,left_heel,0.5,0.5,0.0,540.0,960.0,0.5
f1ae9d18-a8ba-4f9a-9931-8905448347fd,315,10.5,right_heel,0.5,0.5,0.0,540.0,960.0,0.5
f1ae9d18-a8ba-4f9a-9931-8905448347fd,315,10.5,left_foot_index,0.5,0.5,0.0,540.0,960.0,0.5
f1ae9d18-a8ba-4f9a-9931-8905448347fd,315,10.5,right_foot_index,0.5,0.5,0.0,540.0,960.0,0.5
f1ae9d18-a8ba-4f9a-9931-8905448347fd,316,10.533333333333333,nose,0.5,0.5,0.0,540.0,960.0,0.5
f1ae9d18-a8ba-4f9a-9931-8905448347fd,316,10.533333333333333,left_shoulder,0.5,0.5,0.0,540.0,960.0,0.5
f1ae9d18-a8ba-4f9a-9931-8905448347fd,316,10.533333333333333,right_shoulder,0.5,0.5,0.0,540.0,960.0,0.5
f1ae9d18-a8ba-4f9a-9931-8905448347fd,316,10.533333333333333,left_elbow,0.5,0.5,0.0,540.0,960.0,0.5
f1ae9d18-a8ba-4f9a-9931-8905448347fd,316,10.533333333333333,right_elbow,0.5,0.5,0.0,540.0,960.0,0.5
f1ae9d18-a8ba-4f9a-9931-8905448347fd,316,10.533333333333333,left_wrist,0.5,0.5,0.0,540.0,960.0,0.5
f1ae9d18-a8ba-4f9a-9931-8905448347fd,316,10.533333333333333,right_wrist,0.5,0.5,0.0,540.0,960.0,0.5
f1ae9d18-a8ba-4f9a-9931-8905448347fd,316,10.533333333333333,left_hip,0.5,0.5,0.0,540.0,960.0,0.5
f1ae9d18-a8ba-4f9a-9931-8905448347fd,316,10.533333333333333,right_hip,0.5,0.5,0.0,540.0,960.0,0.5
f1ae9d18-a8ba-4f9a-9931-8905448347fd,316,10.533333333333333,left_knee,0.5,0.5,0.0,540.0,960.0,0.5
f1ae9d18-a8ba-4f9a-9931-8905448347fd,316,10.533333333333333,right_knee,0.5,0.5,0.0,540.0,960.0,0.5
f1ae9d18-a8ba-4f9a-9931-8905448347fd,316,10.533333333333333,left_ankle,0.5,0.5,0.0,540.0,960.0,0.5
f1ae9d18-a8ba-4f9a-9931-8905448347fd,316,10.533333333333333,right_ankle,0.5,0.5,0.0,540.0,960.0,0.5
f1ae9d18-a8ba-4f9a-9931-8905448347fd,316,10.533333333333333,left_heel,0.5,0.5,0.0,540.0,960.0,0.5
f1ae9d18-a8ba-4f9a-9931-8905448347fd,316,10.533333333333333,right_heel,0.5,0.5,0.0,540.0,960.0,0.5
f1ae9d18-a8ba-4f9a-9931-8905448347fd,316,10.533333333333333,left_foot_index,0.5,0.5,0.0,540.0,960.0,0.5
f1ae9d18-a8ba-4f9a-9931-8905448347fd,316,10.533333333333333,right_foot_index,0.5,0.5,0.0,540.0,960.0,0.5
f1ae9d18-a8ba-4f9a-9931-8905448347fd,317,10.566666666666666,nose,0.5,0.5,0.0,540.0,960.0,0.5
f1ae9d18-a8ba-4f9a-9931-8905448347fd,317,10.566666666666666,left_shoulder,0.5,0.5,0.0,540.0,960.0,0.5
f1ae9d18-a8ba-4f9a-9931-8905448347fd,317,10.566666666666666,right_shoulder,0.5,0.5,0.0,540.0,960.0,0.5
f1ae9d18-a8ba-4f9a-9931-8905448347fd,317,10.566666666666666,left_elbow,0.5,0.5,0.0,540.0,960.0,0.5
f1ae9d18-a8ba-4f9a-9931-8905448347fd,317,10.566666666666666,right_elbow,0.5,0.5,0.0,540.0,960.0,0.5
f1ae9d18-a8ba-4f9a-9931-8905448347fd,317,10.566666666666666,left_wrist,0.5,0.5,0.0,540.0,960.0,0.5
f1ae9d18-a8ba-4f9a-9931-8905448347fd,317,10.566666666666666,right_wrist,0.5,0.5,0.0,540.0,960.0,0.5
f1ae9d18-a8ba-4f9a-9931-8905448347fd,317,10.566666666666666,left_hip,0.5,0.5,0.0,540.0,960.0,0.5
f1ae9d18-a8ba-4f9a-9931-8905448347fd,317,10.566666666666666,right_hip,0.5,0.5,0.0,540.0,960.0,0.5
f1ae9d18-a8ba-4f9a-9931-8905448347fd,317,10.566666666666666,left_knee,0.5,0.5,0.0,540.0,960.0,0.5
f1ae9d18-a8ba-4f9a-9931-8905448347fd,317,10.566666666666666,right_knee,0.5,0.5,0.0,540.0,960.0,0.5
f1ae9d18-a8ba-4f9a-9931-8905448347fd,317,10.566666666666666,left_ankle,0.5,0.5,0.0,540.0,960.0,0.5
f1ae9d18-a8ba-4f9a-9931-8905448347fd,317,10.566666666666666,right_ankle,0.5,0.5,0.0,540.0,960.0,0.5
f1ae9d18-a8ba-4f9a-9931-8905448347fd,317,10.566666666666666,left_heel,0.5,0.5,0.0,540.0,960.0,0.5
f1ae9d18-a8ba-4f9a-9931-8905448347fd,317,10.566666666666666,right_heel,0.5,0.5,0.0,540.0,960.0,0.5
f1ae9d18-a8ba-4f9a-9931-8905448347fd,317,10.566666666666666,left_foot_index,0.5,0.5,0.0,540.0,960.0,0.5
f1ae9d18-a8ba-4f9a-9931-8905448347fd,317,10.566666666666666,right_foot_index,0.5,0.5,0.0,540.0,960.0,0.5
f1ae9d18-a8ba-4f9a-9931-8905448347fd,318,10.6,nose,0.5,0.5,0.0,540.0,960.0,0.5
f1ae9d18-a8ba-4f9a-9931-8905448347fd,318,10.6,left_shoulder,0.5,0.5,0.0,540.0,960.0,0.5
f1ae9d18-a8ba-4f9a-9931-8905448347fd,318,10.6,right_shoulder,0.5,0.5,0.0,540.0,960.0,0.5
f1ae9d18-a8ba-4f9a-9931-8905448347fd,318,10.6,left_elbow,0.5,0.5,0.0,540.0,960.0,0.5
f1ae9d18-a8ba-4f9a-9931-8905448347fd,318,10.6,right_elbow,0.5,0.5,0.0,540.0,960.0,0.5
f1ae9d18-a8ba-4f9a-9931-8905448347fd,318,10.6,left_wrist,0.5,0.5,0.0,540.0,960.0,0.5
f1ae9d18-a8ba-4f9a-9931-8905448347fd,318,10.6,right_wrist,0.5,0.5,0.0,540.0,960.0,0.5
f1ae9d18-a8ba-4f9a-9931-8905448347fd,318,10.6,left_hip,0.5,0.5,0.0,540.0,960.0,0.5
f1ae9d18-a8ba-4f9a-9931-8905448347fd,318,10.6,right_hip,0.5,0.5,0.0,540.0,960.0,0.5
f1ae9d18-a8ba-4f9a-9931-8905448347fd,318,10.6,left_knee,0.5,0.5,0.0,540.0,960.0,0.5
f1ae9d18-a8ba-4f9a-9931-8905448347fd,318,10.6,right_knee,0.5,0.5,0.0,540.0,960.0,0.5
f1ae9d18-a8ba-4f9a-9931-8905448347fd,318,10.6,left_ankle,0.5,0.5,0.0,540.0,960.0,0.5
f1ae9d18-a8ba-4f9a-9931-8905448347fd,318,10.6,right_ankle,0.5,0.5,0.0,540.0,960.0,0.5
f1ae9d18-a8ba-4f9a-9931-8905448347fd,318,10.6,left_heel,0.5,0.5,0.0,540.0,960.0,0.5
f1ae9d18-a8ba-4f9a-9931-8905448347fd,318,10.6,right_heel,0.5,0.5,0.0,540.0,960.0,0.5
f1ae9d18-a8ba-4f9a-9931-8905448347fd,318,10.6,left_foot_index,0.5,0.5,0.0,540.0,960.0,0.5
f1ae9d18-a8ba-4f9a-9931-8905448347fd,318,10.6,right_foot_index,0.5,0.5,0.0,540.0,960.0,0.5
f1ae9d18-a8ba-4f9a-9931-8905448347fd,319,10.633333333333333,nose,0.5,0.5,0.0,540.0,960.0,0.5
f1ae9d18-a8ba-4f9a-9931-8905448347fd,319,10.633333333333333,left_shoulder,0.5,0.5,0.0,540.0,960.0,0.5
f1ae9d18-a8ba-4f9a-9931-8905448347fd,319,10.633333333333333,right_shoulder,0.5,0.5,0.0,540.0,960.0,0.5
f1ae9d18-a8ba-4f9a-9931-8905448347fd,319,10.633333333333333,left_elbow,0.5,0.5,0.0,540.0,960.0,0.5
f1ae9d18-a8ba-4f9a-9931-8905448347fd,319,10.633333333333333,right_elbow,0.5,0.5,0.0,540.0,960.0,0.5
f1ae9d18-a8ba-4f9a-9931-8905448347fd,319,10.633333333333333,left_wrist,0.5,0.5,0.0,540.0,960.0,0.5
f1ae9d18-a8ba-4f9a-9931-8905448347fd,319,10.633333333333333,right_wrist,0.5,0.5,0.0,540.0,960.0,0.5
f1ae9d18-a8ba-4f9a-9931-8905448347fd,319,10.633333333333333,left_hip,0.5,0.5,0.0,540.0,960.0,0.5
f1ae9d18-a8ba-4f9a-9931-8905448347fd,319,10.633333333333333,right_hip,0.5,0.5,0.0,540.0,960.0,0.5
f1ae9d18-a8ba-4f9a-9931-8905448347fd,319,10.633333333333333,left_knee,0.5,0.5,0.0,540.0,960.0,0.5
f1ae9d18-a8ba-4f9a-9931-8905448347fd,319,10.633333333333333,right_knee,0.5,0.5,0.0,540.0,960.0,0.5
f1ae9d18-a8ba-4f9a-9931-8905448347fd,319,10.633333333333333,left_ankle,0.5,0.5,0.0,540.0,960.0,0.5
f1ae9d18-a8ba-4f9a-9931-8905448347fd,319,10.633333333333333,right_ankle,0.5,0.5,0.0,540.0,960.0,0.5
f1ae9d18-a8ba-4f9a-9931-8905448347fd,319,10.633333333333333,left_heel,0.5,0.5,0.0,540.0,960.0,0.5
f1ae9d18-a8ba-4f9a-9931-8905448347fd,319,10.633333333333333,right_heel,0.5,0.5,0.0,540.0,960.0,0.5
f1ae9d18-a8ba-4f9a-9931-8905448347fd,319,10.633333333333333,left_foot_index,0.5,0.5,0.0,540.0,960.0,0.5
f1ae9d18-a8ba-4f9a-9931-8905448347fd,319,10.633333333333333,right_foot_index,0.5,0.5,0.0,540.0,960.0,0.5
f1ae9d18-a8ba-4f9a-9931-8905448347fd,320,10.666666666666666,nose,0.5,0.5,0.0,540.0,960.0,0.5
f1ae9d18-a8ba-4f9a-9931-8905448347fd,320,10.666666666666666,left_shoulder,0.5,0.5,0.0,540.0,960.0,0.5
f1ae9d18-a8ba-4f9a-9931-8905448347fd,320,10.666666666666666,right_shoulder,0.5,0.5,0.0,540.0,960.0,0.5
f1ae9d18-a8ba-4f9a-9931-8905448347fd,320,10.666666666666666,left_elbow,0.5,0.5,0.0,540.0,960.0,0.5
f1ae9d18-a8ba-4f9a-9931-8905448347fd,320,10.666666666666666,right_elbow,0.5,0.5,0.0,540.0,960.0,0.5
f1ae9d18-a8ba-4f9a-9931-8905448347fd,320,10.666666666666666,left_wrist,0.5,0.5,0.0,540.0,960.0,0.5
f1ae9d18-a8ba-4f9a-9931-8905448347fd,320,10.666666666666666,right_wrist,0.5,0.5,0.0,540.0,960.0,0.5
f1ae9d18-a8ba-4f9a-9931-8905448347fd,320,10.666666666666666,left_hip,0.5,0.5,0.0,540.0,960.0,0.5
f1ae9d18-a8ba-4f9a-9931-8905448347fd,320,10.666666666666666,right_hip,0.5,0.5,0.0,540.0,960.0,0.5
f1ae9d18-a8ba-4f9a-9931-8905448347fd,320,10.666666666666666,left_knee,0.5,0.5,0.0,540.0,960.0,0.5
f1ae9d18-a8ba-4f9a-9931-8905448347fd,320,10.666666666666666,right_knee,0.5,0.5,0.0,540.0,960.0,0.5
f1ae9d18-a8ba-4f9a-9931-8905448347fd,320,10.666666666666666,left_ankle,0.5,0.5,0.0,540.0,960.0,0.5
f1ae9d18-a8ba-4f9a-9931-8905448347fd,320,10.666666666666666,right_ankle,0.5,0.5,0.0,540.0,960.0,0.5
f1ae9d18-a8ba-4f9a-9931-8905448347fd,320,10.666666666666666,left_heel,0.5,0.5,0.0,540.0,960.0,0.5
f1ae9d18-a8ba-4f9a-9931-8905448347fd,320,10.666666666666666,right_heel,0.5,0.5,0.0,540.0,960.0,0.5
f1ae9d18-a8ba-4f9a-9931-8905448347fd,320,10.666666666666666,left_foot_index,0.5,0.5,0.0,540.0,960.0,0.5
f1ae9d18-a8ba-4f9a-9931-8905448347fd,320,10.666666666666666,right_foot_index,0.5,0.5,0.0,540.0,960.0,0.5
f1ae9d18-a8ba-4f9a-9931-8905448347fd,321,10.7,nose,0.5,0.5,0.0,540.0,960.0,0.5
f1ae9d18-a8ba-4f9a-9931-8905448347fd,321,10.7,left_shoulder,0.5,0.5,0.0,540.0,960.0,0.5
f1ae9d18-a8ba-4f9a-9931-8905448347fd,321,10.7,right_shoulder,0.5,0.5,0.0,540.0,960.0,0.5
f1ae9d18-a8ba-4f9a-9931-8905448347fd,321,10.7,left_elbow,0.5,0.5,0.0,540.0,960.0,0.5
f1ae9d18-a8ba-4f9a-9931-8905448347fd,321,10.7,right_elbow,0.5,0.5,0.0,540.0,960.0,0.5
f1ae9d18-a8ba-4f9a-9931-8905448347fd,321,10.7,left_wrist,0.5,0.5,0.0,540.0,960.0,0.5
f1ae9d18-a8ba-4f9a-9931-8905448347fd,321,10.7,right_wrist,0.5,0.5,0.0,540.0,960.0,0.5
f1ae9d18-a8ba-4f9a-9931-8905448347fd,321,10.7,left_hip,0.5,0.5,0.0,540.0,960.0,0.5
f1ae9d18-a8ba-4f9a-9931-8905448347fd,321,10.7,right_hip,0.5,0.5,0.0,540.0,960.0,0.5
f1ae9d18-a8ba-4f9a-9931-8905448347fd,321,10.7,left_knee,0.5,0.5,0.0,540.0,960.0,0.5
f1ae9d18-a8ba-4f9a-9931-8905448347fd,321,10.7,right_knee,0.5,0.5,0.0,540.0,960.0,0.5
f1ae9d18-a8ba-4f9a-9931-8905448347fd,321,10.7,left_ankle,0.5,0.5,0.0,540.0,960.0,0.5
f1ae9d18-a8ba-4f9a-9931-8905448347fd,321,10.7,right_ankle,0.5,0.5,0.0,540.0,960.0,0.5
f1ae9d18-a8ba-4f9a-9931-8905448347fd,321,10.7,left_heel,0.5,0.5,0.0,540.0,960.0,0.5
f1ae9d18-a8ba-4f9a-9931-8905448347fd,321,10.7,right_heel,0.5,0.5,0.0,540.0,960.0,0.5
f1ae9d18-a8ba-4f9a-9931-8905448347fd,321,10.7,left_foot_index,0.5,0.5,0.0,540.0,960.0,0.5
f1ae9d18-a8ba-4f9a-9931-8905448347fd,321,10.7,right_foot_index,0.5,0.5,0.0,540.0,960.0,0.5
f1ae9d18-a8ba-4f9a-9931-8905448347fd,322,10.733333333333333,nose,0.5,0.5,0.0,540.0,960.0,0.5
f1ae9d18-a8ba-4f9a-9931-8905448347fd,322,10.733333333333333,left_shoulder,0.5,0.5,0.0,540.0,960.0,0.5
f1ae9d18-a8ba-4f9a-9931-8905448347fd,322,10.733333333333333,right_shoulder,0.5,0.5,0.0,540.0,960.0,0.5
f1ae9d18-a8ba-4f9a-9931-8905448347fd,322,10.733333333333333,left_elbow,0.5,0.5,0.0,540.0,960.0,0.5
f1ae9d18-a8ba-4f9a-9931-8905448347fd,322,10.733333333333333,right_elbow,0.5,0.5,0.0,540.0,960.0,0.5
f1ae9d18-a8ba-4f9a-9931-8905448347fd,322,10.733333333333333,left_wrist,0.5,0.5,0.0,540.0,960.0,0.5
f1ae9d18-a8ba-4f9a-9931-8905448347fd,322,10.733333333333333,right_wrist,0.5,0.5,0.0,540.0,960.0,0.5
f1ae9d18-a8ba-4f9a-9931-8905448347fd,322,10.733333333333333,left_hip,0.5,0.5,0.0,540.0,960.0,0.5
f1ae9d18-a8ba-4f9a-9931-8905448347fd,322,10.733333333333333,right_hip,0.5,0.5,0.0,540.0,960.0,0.5
f1ae9d18-a8ba-4f9a-9931-8905448347fd,322,10.733333333333333,left_knee,0.5,0.5,0.0,540.0,960.0,0.5
f1ae9d18-a8ba-4f9a-9931-8905448347fd,322,10.733333333333333,right_knee,0.5,0.5,0.0,540.0,960.0,0.5
f1ae9d18-a8ba-4f9a-9931-8905448347fd,322,10.733333333333333,left_ankle,0.5,0.5,0.0,540.0,960.0,0.5
f1ae9d18-a8ba-4f9a-9931-8905448347fd,322,10.733333333333333,right_ankle,0.5,0.5,0.0,540.0,960.0,0.5
f1ae9d18-a8ba-4f9a-9931-8905448347fd,322,10.733333333333333,left_heel,0.5,0.5,0.0,540.0,960.0,0.5
f1ae9d18-a8ba-4f9a-9931-8905448347fd,322,10.733333333333333,right_heel,0.5,0.5,0.0,540.0,960.0,0.5
f1ae9d18-a8ba-4f9a-9931-8905448347fd,322,10.733333333333333,left_foot_index,0.5,0.5,0.0,540.0,960.0,0.5
f1ae9d18-a8ba-4f9a-9931-8905448347fd,322,10.733333333333333,right_foot_index,0.5,0.5,0.0,540.0,960.0,0.5
f1ae9d18-a8ba-4f9a-9931-8905448347fd,323,10.766666666666667,nose,0.5,0.5,0.0,540.0,960.0,0.5
f1ae9d18-a8ba-4f9a-9931-8905448347fd,323,10.766666666666667,left_shoulder,0.5,0.5,0.0,540.0,960.0,0.5
f1ae9d18-a8ba-4f9a-9931-8905448347fd,323,10.766666666666667,right_shoulder,0.5,0.5,0.0,540.0,960.0,0.5
f1ae9d18-a8ba-4f9a-9931-8905448347fd,323,10.766666666666667,left_elbow,0.5,0.5,0.0,540.0,960.0,0.5
f1ae9d18-a8ba-4f9a-9931-8905448347fd,323,10.766666666666667,right_elbow,0.5,0.5,0.0,540.0,960.0,0.5
f1ae9d18-a8ba-4f9a-9931-8905448347fd,323,10.766666666666667,left_wrist,0.5,0.5,0.0,540.0,960.0,0.5
f1ae9d18-a8ba-4f9a-9931-8905448347fd,323,10.766666666666667,right_wrist,0.5,0.5,0.0,540.0,960.0,0.5
f1ae9d18-a8ba-4f9a-9931-8905448347fd,323,10.766666666666667,left_hip,0.5,0.5,0.0,540.0,960.0,0.5
f1ae9d18-a8ba-4f9a-9931-8905448347fd,323,10.766666666666667,right_hip,0.5,0.5,0.0,540.0,960.0,0.5
f1ae9d18-a8ba-4f9a-9931-8905448347fd,323,10.766666666666667,left_knee,0.5,0.5,0.0,540.0,960.0,0.5
f1ae9d18-a8ba-4f9a-9931-8905448347fd,323,10.766666666666667,right_knee,0.5,0.5,0.0,540.0,960.0,0.5
f1ae9d18-a8ba-4f9a-9931-8905448347fd,323,10.766666666666667,left_ankle,0.5,0.5,0.0,540.0,960.0,0.5
f1ae9d18-a8ba-4f9a-9931-8905448347fd,323,10.766666666666667,right_ankle,0.5,0.5,0.0,540.0,960.0,0.5
f1ae9d18-a8ba-4f9a-9931-8905448347fd,323,10.766666666666667,left_heel,0.5,0.5,0.0,540.0,960.0,0.5
f1ae9d18-a8ba-4f9a-9931-8905448347fd,323,10.766666666666667,right_heel,0.5,0.5,0.0,540.0,960.0,0.5
f1ae9d18-a8ba-4f9a-9931-8905448347fd,323,10.766666666666667,left_foot_index,0.5,0.5,0.0,540.0,960.0,0.5
f1ae9d18-a8ba-4f9a-9931-8905448347fd,323,10.766666666666667,right_foot_index,0.5,0.5,0.0,540.0,960.0,0.5
f1ae9d18-a8ba-4f9a-9931-8905448347fd,324,10.8,nose,0.5,0.5,0.0,540.0,960.0,0.5
f1ae9d18-a8ba-4f9a-9931-8905448347fd,324,10.8,left_shoulder,0.5,0.5,0.0,540.0,960.0,0.5
f1ae9d18-a8ba-4f9a-9931-8905448347fd,324,10.8,right_shoulder,0.5,0.5,0.0,540.0,960.0,0.5
f1ae9d18-a8ba-4f9a-9931-8905448347fd,324,10.8,left_elbow,0.5,0.5,0.0,540.0,960.0,0.5
f1ae9d18-a8ba-4f9a-9931-8905448347fd,324,10.8,right_elbow,0.5,0.5,0.0,540.0,960.0,0.5
f1ae9d18-a8ba-4f9a-9931-8905448347fd,324,10.8,left_wrist,0.5,0.5,0.0,540.0,960.0,0.5
f1ae9d18-a8ba-4f9a-9931-8905448347fd,324,10.8,right_wrist,0.5,0.5,0.0,540.0,960.0,0.5
f1ae9d18-a8ba-4f9a-9931-8905448347fd,324,10.8,left_hip,0.5,0.5,0.0,540.0,960.0,0.5
f1ae9d18-a8ba-4f9a-9931-8905448347fd,324,10.8,right_hip,0.5,0.5,0.0,540.0,960.0,0.5
f1ae9d18-a8ba-4f9a-9931-8905448347fd,324,10.8,left_knee,0.5,0.5,0.0,540.0,960.0,0.5
f1ae9d18-a8ba-4f9a-9931-8905448347fd,324,10.8,right_knee,0.5,0.5,0.0,540.0,960.0,0.5
f1ae9d18-a8ba-4f9a-9931-8905448347fd,324,10.8,left_ankle,0.5,0.5,0.0,540.0,960.0,0.5
f1ae9d18-a8ba-4f9a-9931-8905448347fd,324,10.8,right_ankle,0.5,0.5,0.0,540.0,960.0,0.5
f1ae9d18-a8ba-4f9a-9931-8905448347fd,324,10.8,left_heel,0.5,0.5,0.0,540.0,960.0,0.5
f1ae9d18-a8ba-4f9a-9931-8905448347fd,324,10.8,right_heel,0.5,0.5,0.0,540.0,960.0,0.5
f1ae9d18-a8ba-4f9a-9931-8905448347fd,324,10.8,left_foot_index,0.5,0.5,0.0,540.0,960.0,0.5
f1ae9d18-a8ba-4f9a-9931-8905448347fd,324,10.8,right_foot_index,0.5,0.5,0.0,540.0,960.0,0.5
f1ae9d18-a8ba-4f9a-9931-8905448347fd,325,10.833333333333334,nose,0.5,0.5,0.0,540.0,960.0,0.5
f1ae9d18-a8ba-4f9a-9931-8905448347fd,325,10.833333333333334,left_shoulder,0.5,0.5,0.0,540.0,960.0,0.5
f1ae9d18-a8ba-4f9a-9931-8905448347fd,325,10.833333333333334,right_shoulder,0.5,0.5,0.0,540.0,960.0,0.5
f1ae9d18-a8ba-4f9a-9931-8905448347fd,325,10.833333333333334,left_elbow,0.5,0.5,0.0,540.0,960.0,0.5
f1ae9d18-a8ba-4f9a-9931-8905448347fd,325,10.833333333333334,right_elbow,0.5,0.5,0.0,540.0,960.0,0.5
f1ae9d18-a8ba-4f9a-9931-8905448347fd,325,10.833333333333334,left_wrist,0.5,0.5,0.0,540.0,960.0,0.5
f1ae9d18-a8ba-4f9a-9931-8905448347fd,325,10.833333333333334,right_wrist,0.5,0.5,0.0,540.0,960.0,0.5
f1ae9d18-a8ba-4f9a-9931-8905448347fd,325,10.833333333333334,left_hip,0.5,0.5,0.0,540.0,960.0,0.5
f1ae9d18-a8ba-4f9a-9931-8905448347fd,325,10.833333333333334,right_hip,0.5,0.5,0.0,540.0,960.0,0.5
f1ae9d18-a8ba-4f9a-9931-8905448347fd,325,10.833333333333334,left_knee,0.5,0.5,0.0,540.0,960.0,0.5
f1ae9d18-a8ba-4f9a-9931-8905448347fd,325,10.833333333333334,right_knee,0.5,0.5,0.0,540.0,960.0,0.5
f1ae9d18-a8ba-4f9a-9931-8905448347fd,325,10.833333333333334,left_ankle,0.5,0.5,0.0,540.0,960.0,0.5
f1ae9d18-a8ba-4f9a-9931-8905448347fd,325,10.833333333333334,right_ankle,0.5,0.5,0.0,540.0,960.0,0.5
f1ae9d18-a8ba-4f9a-9931-8905448347fd,325,10.833333333333334,left_heel,0.5,0.5,0.0,540.0,960.0,0.5
f1ae9d18-a8ba-4f9a-9931-8905448347fd,325,10.833333333333334,right_heel,0.5,0.5,0.0,540.0,960.0,0.5
f1ae9d18-a8ba-4f9a-9931-8905448347fd,325,10.833333333333334,left_foot_index,0.5,0.5,0.0,540.0,960.0,0.5
f1ae9d18-a8ba-4f9a-9931-8905448347fd,325,10.833333333333334,right_foot_index,0.5,0.5,0.0,540.0,960.0,0.5
f1ae9d18-a8ba-4f9a-9931-8905448347fd,326,10.866666666666667,nose,0.5,0.5,0.0,540.0,960.0,0.5
f1ae9d18-a8ba-4f9a-9931-8905448347fd,326,10.866666666666667,left_shoulder,0.5,0.5,0.0,540.0,960.0,0.5
f1ae9d18-a8ba-4f9a-9931-8905448347fd,326,10.866666666666667,right_shoulder,0.5,0.5,0.0,540.0,960.0,0.5
f1ae9d18-a8ba-4f9a-9931-8905448347fd,326,10.866666666666667,left_elbow,0.5,0.5,0.0,540.0,960.0,0.5
f1ae9d18-a8ba-4f9a-9931-8905448347fd,326,10.866666666666667,right_elbow,0.5,0.5,0.0,540.0,960.0,0.5
f1ae9d18-a8ba-4f9a-9931-8905448347fd,326,10.866666666666667,left_wrist,0.5,0.5,0.0,540.0,960.0,0.5
f1ae9d18-a8ba-4f9a-9931-8905448347fd,326,10.866666666666667,right_wrist,0.5,0.5,0.0,540.0,960.0,0.5
f1ae9d18-a8ba-4f9a-9931-8905448347fd,326,10.866666666666667,left_hip,0.5,0.5,0.0,540.0,960.0,0.5
f1ae9d18-a8ba-4f9a-9931-8905448347fd,326,10.866666666666667,right_hip,0.5,0.5,0.0,540.0,960.0,0.5
f1ae9d18-a8ba-4f9a-9931-8905448347fd,326,10.866666666666667,left_knee,0.5,0.5,0.0,540.0,960.0,0.5
f1ae9d18-a8ba-4f9a-9931-8905448347fd,326,10.866666666666667,right_knee,0.5,0.5,0.0,540.0,960.0,0.5
f1ae9d18-a8ba-4f9a-9931-8905448347fd,326,10.866666666666667,left_ankle,0.5,0.5,0.0,540.0,960.0,0.5
f1ae9d18-a8ba-4f9a-9931-8905448347fd,326,10.866666666666667,right_ankle,0.5,0.5,0.0,540.0,960.0,0.5
f1ae9d18-a8ba-4f9a-9931-8905448347fd,326,10.866666666666667,left_heel,0.5,0.5,0.0,540.0,960.0,0.5
f1ae9d18-a8ba-4f9a-9931-8905448347fd,326,10.866666666666667,right_heel,0.5,0.5,0.0,540.0,960.0,0.5
f1ae9d18-a8ba-4f9a-9931-8905448347fd,326,10.866666666666667,left_foot_index,0.5,0.5,0.0,540.0,960.0,0.5
f1ae9d18-a8ba-4f9a-9931-8905448347fd,326,10.866666666666667,right_foot_index,0.5,0.5,0.0,540.0,960.0,0.5
f1ae9d18-a8ba-4f9a-9931-8905448347fd,327,10.9,nose,0.5,0.5,0.0,540.0,960.0,0.5
f1ae9d18-a8ba-4f9a-9931-8905448347fd,327,10.9,left_shoulder,0.5,0.5,0.0,540.0,960.0,0.5
f1ae9d18-a8ba-4f9a-9931-8905448347fd,327,10.9,right_shoulder,0.5,0.5,0.0,540.0,960.0,0.5
f1ae9d18-a8ba-4f9a-9931-8905448347fd,327,10.9,left_elbow,0.5,0.5,0.0,540.0,960.0,0.5
f1ae9d18-a8ba-4f9a-9931-8905448347fd,327,10.9,right_elbow,0.5,0.5,0.0,540.0,960.0,0.5
f1ae9d18-a8ba-4f9a-9931-8905448347fd,327,10.9,left_wrist,0.5,0.5,0.0,540.0,960.0,0.5
f1ae9d18-a8ba-4f9a-9931-8905448347fd,327,10.9,right_wrist,0.5,0.5,0.0,540.0,960.0,0.5
f1ae9d18-a8ba-4f9a-9931-8905448347fd,327,10.9,left_hip,0.5,0.5,0.0,540.0,960.0,0.5
f1ae9d18-a8ba-4f9a-9931-8905448347fd,327,10.9,right_hip,0.5,0.5,0.0,540.0,960.0,0.5
f1ae9d18-a8ba-4f9a-9931-8905448347fd,327,10.9,left_knee,0.5,0.5,0.0,540.0,960.0,0.5
f1ae9d18-a8ba-4f9a-9931-8905448347fd,327,10.9,right_knee,0.5,0.5,0.0,540.0,960.0,0.5
f1ae9d18-a8ba-4f9a-9931-8905448347fd,327,10.9,left_ankle,0.5,0.5,0.0,540.0,960.0,0.5
f1ae9d18-a8ba-4f9a-9931-8905448347fd,327,10.9,right_ankle,0.5,0.5,0.0,540.0,960.0,0.5
f1ae9d18-a8ba-4f9a-9931-8905448347fd,327,10.9,left_heel,0.5,0.5,0.0,540.0,960.0,0.5
f1ae9d18-a8ba-4f9a-9931-8905448347fd,327,10.9,right_heel,0.5,0.5,0.0,540.0,960.0,0.5
f1ae9d18-a8ba-4f9a-9931-8905448347fd,327,10.9,left_foot_index,0.5,0.5,0.0,540.0,960.0,0.5
f1ae9d18-a8ba-4f9a-9931-8905448347fd,327,10.9,right_foot_index,0.5,0.5,0.0,540.0,960.0,0.5
f1ae9d18-a8ba-4f9a-9931-8905448347fd,328,10.933333333333334,nose,0.5,0.5,0.0,540.0,960.0,0.5
f1ae9d18-a8ba-4f9a-9931-8905448347fd,328,10.933333333333334,left_shoulder,0.5,0.5,0.0,540.0,960.0,0.5
f1ae9d18-a8ba-4f9a-9931-8905448347fd,328,10.933333333333334,right_shoulder,0.5,0.5,0.0,540.0,960.0,0.5
f1ae9d18-a8ba-4f9a-9931-8905448347fd,328,10.933333333333334,left_elbow,0.5,0.5,0.0,540.0,960.0,0.5
f1ae9d18-a8ba-4f9a-9931-8905448347fd,328,10.933333333333334,right_elbow,0.5,0.5,0.0,540.0,960.0,0.5
f1ae9d18-a8ba-4f9a-9931-8905448347fd,328,10.933333333333334,left_wrist,0.5,0.5,0.0,540.0,960.0,0.5
f1ae9d18-a8ba-4f9a-9931-8905448347fd,328,10.933333333333334,right_wrist,0.5,0.5,0.0,540.0,960.0,0.5
f1ae9d18-a8ba-4f9a-9931-8905448347fd,328,10.933333333333334,left_hip,0.5,0.5,0.0,540.0,960.0,0.5
f1ae9d18-a8ba-4f9a-9931-8905448347fd,328,10.933333333333334,right_hip,0.5,0.5,0.0,540.0,960.0,0.5
f1ae9d18-a8ba-4f9a-9931-8905448347fd,328,10.933333333333334,left_knee,0.5,0.5,0.0,540.0,960.0,0.5
f1ae9d18-a8ba-4f9a-9931-8905448347fd,328,10.933333333333334,right_knee,0.5,0.5,0.0,540.0,960.0,0.5
f1ae9d18-a8ba-4f9a-9931-8905448347fd,328,10.933333333333334,left_ankle,0.5,0.5,0.0,540.0,960.0,0.5
f1ae9d18-a8ba-4f9a-9931-8905448347fd,328,10.933333333333334,right_ankle,0.5,0.5,0.0,540.0,960.0,0.5
f1ae9d18-a8ba-4f9a-9931-8905448347fd,328,10.933333333333334,left_heel,0.5,0.5,0.0,540.0,960.0,0.5
f1ae9d18-a8ba-4f9a-9931-8905448347fd,328,10.933333333333334,right_heel,0.5,0.5,0.0,540.0,960.0,0.5
f1ae9d18-a8ba-4f9a-9931-8905448347fd,328,10.933333333333334,left_foot_index,0.5,0.5,0.0,540.0,960.0,0.5
f1ae9d18-a8ba-4f9a-9931-8905448347fd,328,10.933333333333334,right_foot_index,0.5,0.5,0.0,540.0,960.0,0.5
f1ae9d18-a8ba-4f9a-9931-8905448347fd,329,10.966666666666667,nose,0.5,0.5,0.0,540.0,960.0,0.5
f1ae9d18-a8ba-4f9a-9931-8905448347fd,329,10.966666666666667,left_shoulder,0.5,0.5,0.0,540.0,960.0,0.5
f1ae9d18-a8ba-4f9a-9931-8905448347fd,329,10.966666666666667,right_shoulder,0.5,0.5,0.0,540.0,960.0,0.5
f1ae9d18-a8ba-4f9a-9931-8905448347fd,329,10.966666666666667,left_elbow,0.5,0.5,0.0,540.0,960.0,0.5
f1ae9d18-a8ba-4f9a-9931-8905448347fd,329,10.966666666666667,right_elbow,0.5,0.5,0.0,540.0,960.0,0.5
f1ae9d18-a8ba-4f9a-9931-8905448347fd,329,10.966666666666667,left_wrist,0.5,0.5,0.0,540.0,960.0,0.5
f1ae9d18-a8ba-4f9a-9931-8905448347fd,329,10.966666666666667,right_wrist,0.5,0.5,0.0,540.0,960.0,0.5
f1ae9d18-a8ba-4f9a-9931-8905448347fd,329,10.966666666666667,left_hip,0.5,0.5,0.0,540.0,960.0,0.5
f1ae9d18-a8ba-4f9a-9931-8905448347fd,329,10.966666666666667,right_hip,0.5,0.5,0.0,540.0,960.0,0.5
f1ae9d18-a8ba-4f9a-9931-8905448347fd,329,10.966666666666667,left_knee,0.5,0.5,0.0,540.0,960.0,0.5
f1ae9d18-a8ba-4f9a-9931-8905448347fd,329,10.966666666666667,right_knee,0.5,0.5,0.0,540.0,960.0,0.5
f1ae9d18-a8ba-4f9a-9931-8905448347fd,329,10.966666666666667,left_ankle,0.5,0.5,0.0,540.0,960.0,0.5
f1ae9d18-a8ba-4f9a-9931-8905448347fd,329,10.966666666666667,right_ankle,0.5,0.5,0.0,540.0,960.0,0.5
f1ae9d18-a8ba-4f9a-9931-8905448347fd,329,10.966666666666667,left_heel,0.5,0.5,0.0,540.0,960.0,0.5
f1ae9d18-a8ba-4f9a-9931-8905448347fd,329,10.966666666666667,right_heel,0.5,0.5,0.0,540.0,960.0,0.5
f1ae9d18-a8ba-4f9a-9931-8905448347fd,329,10.966666666666667,left_foot_index,0.5,0.5,0.0,540.0,960.0,0.5
f1ae9d18-a8ba-4f9a-9931-8905448347fd,329,10.966666666666667,right_foot_index,0.5,0.5,0.0,540.0,960.0,0.5
f1ae9d18-a8ba-4f9a-9931-8905448347fd,330,11.0,nose,0.5,0.5,0.0,540.0,960.0,0.5
f1ae9d18-a8ba-4f9a-9931-8905448347fd,330,11.0,left_shoulder,0.5,0.5,0.0,540.0,960.0,0.5
f1ae9d18-a8ba-4f9a-9931-8905448347fd,330,11.0,right_shoulder,0.5,0.5,0.0,540.0,960.0,0.5
f1ae9d18-a8ba-4f9a-9931-8905448347fd,330,11.0,left_elbow,0.5,0.5,0.0,540.0,960.0,0.5
f1ae9d18-a8ba-4f9a-9931-8905448347fd,330,11.0,right_elbow,0.5,0.5,0.0,540.0,960.0,0.5
f1ae9d18-a8ba-4f9a-9931-8905448347fd,330,11.0,left_wrist,0.5,0.5,0.0,540.0,960.0,0.5
f1ae9d18-a8ba-4f9a-9931-8905448347fd,330,11.0,right_wrist,0.5,0.5,0.0,540.0,960.0,0.5
f1ae9d18-a8ba-4f9a-9931-8905448347fd,330,11.0,left_hip,0.5,0.5,0.0,540.0,960.0,0.5
f1ae9d18-a8ba-4f9a-9931-8905448347fd,330,11.0,right_hip,0.5,0.5,0.0,540.0,960.0,0.5
f1ae9d18-a8ba-4f9a-9931-8905448347fd,330,11.0,left_knee,0.5,0.5,0.0,540.0,960.0,0.5
f1ae9d18-a8ba-4f9a-9931-8905448347fd,330,11.0,right_knee,0.5,0.5,0.0,540.0,960.0,0.5
f1ae9d18-a8ba-4f9a-9931-8905448347fd,330,11.0,left_ankle,0.5,0.5,0.0,540.0,960.0,0.5
f1ae9d18-a8ba-4f9a-9931-8905448347fd,330,11.0,right_ankle,0.5,0.5,0.0,540.0,960.0,0.5
f1ae9d18-a8ba-4f9a-9931-8905448347fd,330,11.0,left_heel,0.5,0.5,0.0,540.0,960.0,0.5
f1ae9d18-a8ba-4f9a-9931-8905448347fd,330,11.0,right_heel,0.5,0.5,0.0,540.0,960.0,0.5
f1ae9d18-a8ba-4f9a-9931-8905448347fd,330,11.0,left_foot_index,0.5,0.5,0.0,540.0,960.0,0.5
f1ae9d18-a8ba-4f9a-9931-8905448347fd,330,11.0,right_foot_index,0.5,0.5,0.0,540.0,960.0,0.5
f1ae9d18-a8ba-4f9a-9931-8905448347fd,331,11.033333333333333,nose,0.5,0.5,0.0,540.0,960.0,0.5
f1ae9d18-a8ba-4f9a-9931-8905448347fd,331,11.033333333333333,left_shoulder,0.5,0.5,0.0,540.0,960.0,0.5
f1ae9d18-a8ba-4f9a-9931-8905448347fd,331,11.033333333333333,right_shoulder,0.5,0.5,0.0,540.0,960.0,0.5
f1ae9d18-a8ba-4f9a-9931-8905448347fd,331,11.033333333333333,left_elbow,0.5,0.5,0.0,540.0,960.0,0.5
f1ae9d18-a8ba-4f9a-9931-8905448347fd,331,11.033333333333333,right_elbow,0.5,0.5,0.0,540.0,960.0,0.5
f1ae9d18-a8ba-4f9a-9931-8905448347fd,331,11.033333333333333,left_wrist,0.5,0.5,0.0,540.0,960.0,0.5
f1ae9d18-a8ba-4f9a-9931-8905448347fd,331,11.033333333333333,right_wrist,0.5,0.5,0.0,540.0,960.0,0.5
f1ae9d18-a8ba-4f9a-9931-8905448347fd,331,11.033333333333333,left_hip,0.5,0.5,0.0,540.0,960.0,0.5
f1ae9d18-a8ba-4f9a-9931-8905448347fd,331,11.033333333333333,right_hip,0.5,0.5,0.0,540.0,960.0,0.5
f1ae9d18-a8ba-4f9a-9931-8905448347fd,331,11.033333333333333,left_knee,0.5,0.5,0.0,540.0,960.0,0.5
f1ae9d18-a8ba-4f9a-9931-8905448347fd,331,11.033333333333333,right_knee,0.5,0.5,0.0,540.0,960.0,0.5
f1ae9d18-a8ba-4f9a-9931-8905448347fd,331,11.033333333333333,left_ankle,0.5,0.5,0.0,540.0,960.0,0.5
f1ae9d18-a8ba-4f9a-9931-8905448347fd,331,11.033333333333333,right_ankle,0.5,0.5,0.0,540.0,960.0,0.5
f1ae9d18-a8ba-4f9a-9931-8905448347fd,331,11.033333333333333,left_heel,0.5,0.5,0.0,540.0,960.0,0.5
f1ae9d18-a8ba-4f9a-9931-8905448347fd,331,11.033333333333333,right_heel,0.5,0.5,0.0,540.0,960.0,0.5
f1ae9d18-a8ba-4f9a-9931-8905448347fd,331,11.033333333333333,left_foot_index,0.5,0.5,0.0,540.0,960.0,0.5
f1ae9d18-a8ba-4f9a-9931-8905448347fd,331,11.033333333333333,right_foot_index,0.5,0.5,0.0,540.0,960.0,0.5
f1ae9d18-a8ba-4f9a-9931-8905448347fd,332,11.066666666666666,nose,0.5,0.5,0.0,540.0,960.0,0.5
f1ae9d18-a8ba-4f9a-9931-8905448347fd,332,11.066666666666666,left_shoulder,0.5,0.5,0.0,540.0,960.0,0.5
f1ae9d18-a8ba-4f9a-9931-8905448347fd,332,11.066666666666666,right_shoulder,0.5,0.5,0.0,540.0,960.0,0.5
f1ae9d18-a8ba-4f9a-9931-8905448347fd,332,11.066666666666666,left_elbow,0.5,0.5,0.0,540.0,960.0,0.5
f1ae9d18-a8ba-4f9a-9931-8905448347fd,332,11.066666666666666,right_elbow,0.5,0.5,0.0,540.0,960.0,0.5
f1ae9d18-a8ba-4f9a-9931-8905448347fd,332,11.066666666666666,left_wrist,0.5,0.5,0.0,540.0,960.0,0.5
f1ae9d18-a8ba-4f9a-9931-8905448347fd,332,11.066666666666666,right_wrist,0.5,0.5,0.0,540.0,960.0,0.5
f1ae9d18-a8ba-4f9a-9931-8905448347fd,332,11.066666666666666,left_hip,0.5,0.5,0.0,540.0,960.0,0.5
f1ae9d18-a8ba-4f9a-9931-8905448347fd,332,11.066666666666666,right_hip,0.5,0.5,0.0,540.0,960.0,0.5
f1ae9d18-a8ba-4f9a-9931-8905448347fd,332,11.066666666666666,left_knee,0.5,0.5,0.0,540.0,960.0,0.5
f1ae9d18-a8ba-4f9a-9931-8905448347fd,332,11.066666666666666,right_knee,0.5,0.5,0.0,540.0,960.0,0.5
f1ae9d18-a8ba-4f9a-9931-8905448347fd,332,11.066666666666666,left_ankle,0.5,0.5,0.0,540.0,960.0,0.5
f1ae9d18-a8ba-4f9a-9931-8905448347fd,332,11.066666666666666,right_ankle,0.5,0.5,0.0,540.0,960.0,0.5
f1ae9d18-a8ba-4f9a-9931-8905448347fd,332,11.066666666666666,left_heel,0.5,0.5,0.0,540.0,960.0,0.5
f1ae9d18-a8ba-4f9a-9931-8905448347fd,332,11.066666666666666,right_heel,0.5,0.5,0.0,540.0,960.0,0.5
f1ae9d18-a8ba-4f9a-9931-8905448347fd,332,11.066666666666666,left_foot_index,0.5,0.5,0.0,540.0,960.0,0.5
f1ae9d18-a8ba-4f9a-9931-8905448347fd,332,11.066666666666666,right_foot_index,0.5,0.5,0.0,540.0,960.0,0.5
f1ae9d18-a8ba-4f9a-9931-8905448347fd,333,11.1,nose,0.5,0.5,0.0,540.0,960.0,0.5
f1ae9d18-a8ba-4f9a-9931-8905448347fd,333,11.1,left_shoulder,0.5,0.5,0.0,540.0,960.0,0.5
f1ae9d18-a8ba-4f9a-9931-8905448347fd,333,11.1,right_shoulder,0.5,0.5,0.0,540.0,960.0,0.5
f1ae9d18-a8ba-4f9a-9931-8905448347fd,333,11.1,left_elbow,0.5,0.5,0.0,540.0,960.0,0.5
f1ae9d18-a8ba-4f9a-9931-8905448347fd,333,11.1,right_elbow,0.5,0.5,0.0,540.0,960.0,0.5
f1ae9d18-a8ba-4f9a-9931-8905448347fd,333,11.1,left_wrist,0.5,0.5,0.0,540.0,960.0,0.5
f1ae9d18-a8ba-4f9a-9931-8905448347fd,333,11.1,right_wrist,0.5,0.5,0.0,540.0,960.0,0.5
f1ae9d18-a8ba-4f9a-9931-8905448347fd,333,11.1,left_hip,0.5,0.5,0.0,540.0,960.0,0.5
f1ae9d18-a8ba-4f9a-9931-8905448347fd,333,11.1,right_hip,0.5,0.5,0.0,540.0,960.0,0.5
f1ae9d18-a8ba-4f9a-9931-8905448347fd,333,11.1,left_knee,0.5,0.5,0.0,540.0,960.0,0.5
f1ae9d18-a8ba-4f9a-9931-8905448347fd,333,11.1,right_knee,0.5,0.5,0.0,540.0,960.0,0.5
f1ae9d18-a8ba-4f9a-9931-8905448347fd,333,11.1,left_ankle,0.5,0.5,0.0,540.0,960.0,0.5
f1ae9d18-a8ba-4f9a-9931-8905448347fd,333,11.1,right_ankle,0.5,0.5,0.0,540.0,960.0,0.5
f1ae9d18-a8ba-4f9a-9931-8905448347fd,333,11.1,left_heel,0.5,0.5,0.0,540.0,960.0,0.5
f1ae9d18-a8ba-4f9a-9931-8905448347fd,333,11.1,right_heel,0.5,0.5,0.0,540.0,960.0,0.5
f1ae9d18-a8ba-4f9a-9931-8905448347fd,333,11.1,left_foot_index,0.5,0.5,0.0,540.0,960.0,0.5
f1ae9d18-a8ba-4f9a-9931-8905448347fd,333,11.1,right_foot_index,0.5,0.5,0.0,540.0,960.0,0.5
f1ae9d18-a8ba-4f9a-9931-8905448347fd,334,11.133333333333333,nose,0.5,0.5,0.0,540.0,960.0,0.5
f1ae9d18-a8ba-4f9a-9931-8905448347fd,334,11.133333333333333,left_shoulder,0.5,0.5,0.0,540.0,960.0,0.5
f1ae9d18-a8ba-4f9a-9931-8905448347fd,334,11.133333333333333,right_shoulder,0.5,0.5,0.0,540.0,960.0,0.5
f1ae9d18-a8ba-4f9a-9931-8905448347fd,334,11.133333333333333,left_elbow,0.5,0.5,0.0,540.0,960.0,0.5
f1ae9d18-a8ba-4f9a-9931-8905448347fd,334,11.133333333333333,right_elbow,0.5,0.5,0.0,540.0,960.0,0.5
f1ae9d18-a8ba-4f9a-9931-8905448347fd,334,11.133333333333333,left_wrist,0.5,0.5,0.0,540.0,960.0,0.5
f1ae9d18-a8ba-4f9a-9931-8905448347fd,334,11.133333333333333,right_wrist,0.5,0.5,0.0,540.0,960.0,0.5
f1ae9d18-a8ba-4f9a-9931-8905448347fd,334,11.133333333333333,left_hip,0.5,0.5,0.0,540.0,960.0,0.5
f1ae9d18-a8ba-4f9a-9931-8905448347fd,334,11.133333333333333,right_hip,0.5,0.5,0.0,540.0,960.0,0.5
f1ae9d18-a8ba-4f9a-9931-8905448347fd,334,11.133333333333333,left_knee,0.5,0.5,0.0,540.0,960.0,0.5
f1ae9d18-a8ba-4f9a-9931-8905448347fd,334,11.133333333333333,right_knee,0.5,0.5,0.0,540.0,960.0,0.5
f1ae9d18-a8ba-4f9a-9931-8905448347fd,334,11.133333333333333,left_ankle,0.5,0.5,0.0,540.0,960.0,0.5
f1ae9d18-a8ba-4f9a-9931-8905448347fd,334,11.133333333333333,right_ankle,0.5,0.5,0.0,540.0,960.0,0.5
f1ae9d18-a8ba-4f9a-9931-8905448347fd,334,11.133333333333333,left_heel,0.5,0.5,0.0,540.0,960.0,0.5
f1ae9d18-a8ba-4f9a-9931-8905448347fd,334,11.133333333333333,right_heel,0.5,0.5,0.0,540.0,960.0,0.5
f1ae9d18-a8ba-4f9a-9931-8905448347fd,334,11.133333333333333,left_foot_index,0.5,0.5,0.0,540.0,960.0,0.5
f1ae9d18-a8ba-4f9a-9931-8905448347fd,334,11.133333333333333,right_foot_index,0.5,0.5,0.0,540.0,960.0,0.5
f1ae9d18-a8ba-4f9a-9931-8905448347fd,335,11.166666666666666,nose,0.5,0.5,0.0,540.0,960.0,0.5
f1ae9d18-a8ba-4f9a-9931-8905448347fd,335,11.166666666666666,left_shoulder,0.5,0.5,0.0,540.0,960.0,0.5
f1ae9d18-a8ba-4f9a-9931-8905448347fd,335,11.166666666666666,right_shoulder,0.5,0.5,0.0,540.0,960.0,0.5
f1ae9d18-a8ba-4f9a-9931-8905448347fd,335,11.166666666666666,left_elbow,0.5,0.5,0.0,540.0,960.0,0.5
f1ae9d18-a8ba-4f9a-9931-8905448347fd,335,11.166666666666666,right_elbow,0.5,0.5,0.0,540.0,960.0,0.5
f1ae9d18-a8ba-4f9a-9931-8905448347fd,335,11.166666666666666,left_wrist,0.5,0.5,0.0,540.0,960.0,0.5
f1ae9d18-a8ba-4f9a-9931-8905448347fd,335,11.166666666666666,right_wrist,0.5,0.5,0.0,540.0,960.0,0.5
f1ae9d18-a8ba-4f9a-9931-8905448347fd,335,11.166666666666666,left_hip,0.5,0.5,0.0,540.0,960.0,0.5
f1ae9d18-a8ba-4f9a-9931-8905448347fd,335,11.166666666666666,right_hip,0.5,0.5,0.0,540.0,960.0,0.5
f1ae9d18-a8ba-4f9a-9931-8905448347fd,335,11.166666666666666,left_knee,0.5,0.5,0.0,540.0,960.0,0.5
f1ae9d18-a8ba-4f9a-9931-8905448347fd,335,11.166666666666666,right_knee,0.5,0.5,0.0,540.0,960.0,0.5
f1ae9d18-a8ba-4f9a-9931-8905448347fd,335,11.166666666666666,left_ankle,0.5,0.5,0.0,540.0,960.0,0.5
f1ae9d18-a8ba-4f9a-9931-8905448347fd,335,11.166666666666666,right_ankle,0.5,0.5,0.0,540.0,960.0,0.5
f1ae9d18-a8ba-4f9a-9931-8905448347fd,335,11.166666666666666,left_heel,0.5,0.5,0.0,540.0,960.0,0.5
f1ae9d18-a8ba-4f9a-9931-8905448347fd,335,11.166666666666666,right_heel,0.5,0.5,0.0,540.0,960.0,0.5
f1ae9d18-a8ba-4f9a-9931-8905448347fd,335,11.166666666666666,left_foot_index,0.5,0.5,0.0,540.0,960.0,0.5
f1ae9d18-a8ba-4f9a-9931-8905448347fd,335,11.166666666666666,right_foot_index,0.5,0.5,0.0,540.0,960.0,0.5
f1ae9d18-a8ba-4f9a-9931-8905448347fd,336,11.2,nose,0.5,0.5,0.0,540.0,960.0,0.5
f1ae9d18-a8ba-4f9a-9931-8905448347fd,336,11.2,left_shoulder,0.5,0.5,0.0,540.0,960.0,0.5
f1ae9d18-a8ba-4f9a-9931-8905448347fd,336,11.2,right_shoulder,0.5,0.5,0.0,540.0,960.0,0.5
f1ae9d18-a8ba-4f9a-9931-8905448347fd,336,11.2,left_elbow,0.5,0.5,0.0,540.0,960.0,0.5
f1ae9d18-a8ba-4f9a-9931-8905448347fd,336,11.2,right_elbow,0.5,0.5,0.0,540.0,960.0,0.5
f1ae9d18-a8ba-4f9a-9931-8905448347fd,336,11.2,left_wrist,0.5,0.5,0.0,540.0,960.0,0.5
f1ae9d18-a8ba-4f9a-9931-8905448347fd,336,11.2,right_wrist,0.5,0.5,0.0,540.0,960.0,0.5
f1ae9d18-a8ba-4f9a-9931-8905448347fd,336,11.2,left_hip,0.5,0.5,0.0,540.0,960.0,0.5
f1ae9d18-a8ba-4f9a-9931-8905448347fd,336,11.2,right_hip,0.5,0.5,0.0,540.0,960.0,0.5
f1ae9d18-a8ba-4f9a-9931-8905448347fd,336,11.2,left_knee,0.5,0.5,0.0,540.0,960.0,0.5
f1ae9d18-a8ba-4f9a-9931-8905448347fd,336,11.2,right_knee,0.5,0.5,0.0,540.0,960.0,0.5
f1ae9d18-a8ba-4f9a-9931-8905448347fd,336,11.2,left_ankle,0.5,0.5,0.0,540.0,960.0,0.5
f1ae9d18-a8ba-4f9a-9931-8905448347fd,336,11.2,right_ankle,0.5,0.5,0.0,540.0,960.0,0.5
f1ae9d18-a8ba-4f9a-9931-8905448347fd,336,11.2,left_heel,0.5,0.5,0.0,540.0,960.0,0.5
f1ae9d18-a8ba-4f9a-9931-8905448347fd,336,11.2,right_heel,0.5,0.5,0.0,540.0,960.0,0.5
f1ae9d18-a8ba-4f9a-9931-8905448347fd,336,11.2,left_foot_index,0.5,0.5,0.0,540.0,960.0,0.5
f1ae9d18-a8ba-4f9a-9931-8905448347fd,336,11.2,right_foot_index,0.5,0.5,0.0,540.0,960.0,0.5
f1ae9d18-a8ba-4f9a-9931-8905448347fd,337,11.233333333333333,nose,0.5,0.5,0.0,540.0,960.0,0.5
f1ae9d18-a8ba-4f9a-9931-8905448347fd,337,11.233333333333333,left_shoulder,0.5,0.5,0.0,540.0,960.0,0.5
f1ae9d18-a8ba-4f9a-9931-8905448347fd,337,11.233333333333333,right_shoulder,0.5,0.5,0.0,540.0,960.0,0.5
f1ae9d18-a8ba-4f9a-9931-8905448347fd,337,11.233333333333333,left_elbow,0.5,0.5,0.0,540.0,960.0,0.5
f1ae9d18-a8ba-4f9a-9931-8905448347fd,337,11.233333333333333,right_elbow,0.5,0.5,0.0,540.0,960.0,0.5
f1ae9d18-a8ba-4f9a-9931-8905448347fd,337,11.233333333333333,left_wrist,0.5,0.5,0.0,540.0,960.0,0.5
f1ae9d18-a8ba-4f9a-9931-8905448347fd,337,11.233333333333333,right_wrist,0.5,0.5,0.0,540.0,960.0,0.5
f1ae9d18-a8ba-4f9a-9931-8905448347fd,337,11.233333333333333,left_hip,0.5,0.5,0.0,540.0,960.0,0.5
f1ae9d18-a8ba-4f9a-9931-8905448347fd,337,11.233333333333333,right_hip,0.5,0.5,0.0,540.0,960.0,0.5
f1ae9d18-a8ba-4f9a-9931-8905448347fd,337,11.233333333333333,left_knee,0.5,0.5,0.0,540.0,960.0,0.5
f1ae9d18-a8ba-4f9a-9931-8905448347fd,337,11.233333333333333,right_knee,0.5,0.5,0.0,540.0,960.0,0.5
f1ae9d18-a8ba-4f9a-9931-8905448347fd,337,11.233333333333333,left_ankle,0.5,0.5,0.0,540.0,960.0,0.5
f1ae9d18-a8ba-4f9a-9931-8905448347fd,337,11.233333333333333,right_ankle,0.5,0.5,0.0,540.0,960.0,0.5
f1ae9d18-a8ba-4f9a-9931-8905448347fd,337,11.233333333333333,left_heel,0.5,0.5,0.0,540.0,960.0,0.5
f1ae9d18-a8ba-4f9a-9931-8905448347fd,337,11.233333333333333,right_heel,0.5,0.5,0.0,540.0,960.0,0.5
f1ae9d18-a8ba-4f9a-9931-8905448347fd,337,11.233333333333333,left_foot_index,0.5,0.5,0.0,540.0,960.0,0.5
f1ae9d18-a8ba-4f9a-9931-8905448347fd,337,11.233333333333333,right_foot_index,0.5,0.5,0.0,540.0,960.0,0.5
f1ae9d18-a8ba-4f9a-9931-8905448347fd,338,11.266666666666667,nose,0.5,0.5,0.0,540.0,960.0,0.5
f1ae9d18-a8ba-4f9a-9931-8905448347fd,338,11.266666666666667,left_shoulder,0.5,0.5,0.0,540.0,960.0,0.5
f1ae9d18-a8ba-4f9a-9931-8905448347fd,338,11.266666666666667,right_shoulder,0.5,0.5,0.0,540.0,960.0,0.5
f1ae9d18-a8ba-4f9a-9931-8905448347fd,338,11.266666666666667,left_elbow,0.5,0.5,0.0,540.0,960.0,0.5
f1ae9d18-a8ba-4f9a-9931-8905448347fd,338,11.266666666666667,right_elbow,0.5,0.5,0.0,540.0,960.0,0.5
f1ae9d18-a8ba-4f9a-9931-8905448347fd,338,11.266666666666667,left_wrist,0.5,0.5,0.0,540.0,960.0,0.5
f1ae9d18-a8ba-4f9a-9931-8905448347fd,338,11.266666666666667,right_wrist,0.5,0.5,0.0,540.0,960.0,0.5
f1ae9d18-a8ba-4f9a-9931-8905448347fd,338,11.266666666666667,left_hip,0.5,0.5,0.0,540.0,960.0,0.5
f1ae9d18-a8ba-4f9a-9931-8905448347fd,338,11.266666666666667,right_hip,0.5,0.5,0.0,540.0,960.0,0.5
f1ae9d18-a8ba-4f9a-9931-8905448347fd,338,11.266666666666667,left_knee,0.5,0.5,0.0,540.0,960.0,0.5
f1ae9d18-a8ba-4f9a-9931-8905448347fd,338,11.266666666666667,right_knee,0.5,0.5,0.0,540.0,960.0,0.5
f1ae9d18-a8ba-4f9a-9931-8905448347fd,338,11.266666666666667,left_ankle,0.5,0.5,0.0,540.0,960.0,0.5
f1ae9d18-a8ba-4f9a-9931-8905448347fd,338,11.266666666666667,right_ankle,0.5,0.5,0.0,540.0,960.0,0.5
f1ae9d18-a8ba-4f9a-9931-8905448347fd,338,11.266666666666667,left_heel,0.5,0.5,0.0,540.0,960.0,0.5
f1ae9d18-a8ba-4f9a-9931-8905448347fd,338,11.266666666666667,right_heel,0.5,0.5,0.0,540.0,960.0,0.5
f1ae9d18-a8ba-4f9a-9931-8905448347fd,338,11.266666666666667,left_foot_index,0.5,0.5,0.0,540.0,960.0,0.5
f1ae9d18-a8ba-4f9a-9931-8905448347fd,338,11.266666666666667,right_foot_index,0.5,0.5,0.0,540.0,960.0,0.5
f1ae9d18-a8ba-4f9a-9931-8905448347fd,339,11.3,nose,0.5,0.5,0.0,540.0,960.0,0.5
f1ae9d18-a8ba-4f9a-9931-8905448347fd,339,11.3,left_shoulder,0.5,0.5,0.0,540.0,960.0,0.5
f1ae9d18-a8ba-4f9a-9931-8905448347fd,339,11.3,right_shoulder,0.5,0.5,0.0,540.0,960.0,0.5
f1ae9d18-a8ba-4f9a-9931-8905448347fd,339,11.3,left_elbow,0.5,0.5,0.0,540.0,960.0,0.5
f1ae9d18-a8ba-4f9a-9931-8905448347fd,339,11.3,right_elbow,0.5,0.5,0.0,540.0,960.0,0.5
f1ae9d18-a8ba-4f9a-9931-8905448347fd,339,11.3,left_wrist,0.5,0.5,0.0,540.0,960.0,0.5
f1ae9d18-a8ba-4f9a-9931-8905448347fd,339,11.3,right_wrist,0.5,0.5,0.0,540.0,960.0,0.5
f1ae9d18-a8ba-4f9a-9931-8905448347fd,339,11.3,left_hip,0.5,0.5,0.0,540.0,960.0,0.5
f1ae9d18-a8ba-4f9a-9931-8905448347fd,339,11.3,right_hip,0.5,0.5,0.0,540.0,960.0,0.5
f1ae9d18-a8ba-4f9a-9931-8905448347fd,339,11.3,left_knee,0.5,0.5,0.0,540.0,960.0,0.5
f1ae9d18-a8ba-4f9a-9931-8905448347fd,339,11.3,right_knee,0.5,0.5,0.0,540.0,960.0,0.5
f1ae9d18-a8ba-4f9a-9931-8905448347fd,339,11.3,left_ankle,0.5,0.5,0.0,540.0,960.0,0.5
f1ae9d18-a8ba-4f9a-9931-8905448347fd,339,11.3,right_ankle,0.5,0.5,0.0,540.0,960.0,0.5
f1ae9d18-a8ba-4f9a-9931-8905448347fd,339,11.3,left_heel,0.5,0.5,0.0,540.0,960.0,0.5
f1ae9d18-a8ba-4f9a-9931-8905448347fd,339,11.3,right_heel,0.5,0.5,0.0,540.0,960.0,0.5
f1ae9d18-a8ba-4f9a-9931-8905448347fd,339,11.3,left_foot_index,0.5,0.5,0.0,540.0,960.0,0.5
f1ae9d18-a8ba-4f9a-9931-8905448347fd,339,11.3,right_foot_index,0.5,0.5,0.0,540.0,960.0,0.5
f1ae9d18-a8ba-4f9a-9931-8905448347fd,340,11.333333333333334,nose,0.5,0.5,0.0,540.0,960.0,0.5
f1ae9d18-a8ba-4f9a-9931-8905448347fd,340,11.333333333333334,left_shoulder,0.5,0.5,0.0,540.0,960.0,0.5
f1ae9d18-a8ba-4f9a-9931-8905448347fd,340,11.333333333333334,right_shoulder,0.5,0.5,0.0,540.0,960.0,0.5
f1ae9d18-a8ba-4f9a-9931-8905448347fd,340,11.333333333333334,left_elbow,0.5,0.5,0.0,540.0,960.0,0.5
f1ae9d18-a8ba-4f9a-9931-8905448347fd,340,11.333333333333334,right_elbow,0.5,0.5,0.0,540.0,960.0,0.5
f1ae9d18-a8ba-4f9a-9931-8905448347fd,340,11.333333333333334,left_wrist,0.5,0.5,0.0,540.0,960.0,0.5
f1ae9d18-a8ba-4f9a-9931-8905448347fd,340,11.333333333333334,right_wrist,0.5,0.5,0.0,540.0,960.0,0.5
f1ae9d18-a8ba-4f9a-9931-8905448347fd,340,11.333333333333334,left_hip,0.5,0.5,0.0,540.0,960.0,0.5
f1ae9d18-a8ba-4f9a-9931-8905448347fd,340,11.333333333333334,right_hip,0.5,0.5,0.0,540.0,960.0,0.5
f1ae9d18-a8ba-4f9a-9931-8905448347fd,340,11.333333333333334,left_knee,0.5,0.5,0.0,540.0,960.0,0.5
f1ae9d18-a8ba-4f9a-9931-8905448347fd,340,11.333333333333334,right_knee,0.5,0.5,0.0,540.0,960.0,0.5
f1ae9d18-a8ba-4f9a-9931-8905448347fd,340,11.333333333333334,left_ankle,0.5,0.5,0.0,540.0,960.0,0.5
f1ae9d18-a8ba-4f9a-9931-8905448347fd,340,11.333333333333334,right_ankle,0.5,0.5,0.0,540.0,960.0,0.5
f1ae9d18-a8ba-4f9a-9931-8905448347fd,340,11.333333333333334,left_heel,0.5,0.5,0.0,540.0,960.0,0.5
f1ae9d18-a8ba-4f9a-9931-8905448347fd,340,11.333333333333334,right_heel,0.5,0.5,0.0,540.0,960.0,0.5
f1ae9d18-a8ba-4f9a-9931-8905448347fd,340,11.333333333333334,left_foot_index,0.5,0.5,0.0,540.0,960.0,0.5
f1ae9d18-a8ba-4f9a-9931-8905448347fd,340,11.333333333333334,right_foot_index,0.5,0.5,0.0,540.0,960.0,0.5
f1ae9d18-a8ba-4f9a-9931-8905448347fd,341,11.366666666666667,nose,0.5,0.5,0.0,540.0,960.0,0.5
f1ae9d18-a8ba-4f9a-9931-8905448347fd,341,11.366666666666667,left_shoulder,0.5,0.5,0.0,540.0,960.0,0.5
f1ae9d18-a8ba-4f9a-9931-8905448347fd,341,11.366666666666667,right_shoulder,0.5,0.5,0.0,540.0,960.0,0.5
f1ae9d18-a8ba-4f9a-9931-8905448347fd,341,11.366666666666667,left_elbow,0.5,0.5,0.0,540.0,960.0,0.5
f1ae9d18-a8ba-4f9a-9931-8905448347fd,341,11.366666666666667,right_elbow,0.5,0.5,0.0,540.0,960.0,0.5
f1ae9d18-a8ba-4f9a-9931-8905448347fd,341,11.366666666666667,left_wrist,0.5,0.5,0.0,540.0,960.0,0.5
f1ae9d18-a8ba-4f9a-9931-8905448347fd,341,11.366666666666667,right_wrist,0.5,0.5,0.0,540.0,960.0,0.5
f1ae9d18-a8ba-4f9a-9931-8905448347fd,341,11.366666666666667,left_hip,0.5,0.5,0.0,540.0,960.0,0.5
f1ae9d18-a8ba-4f9a-9931-8905448347fd,341,11.366666666666667,right_hip,0.5,0.5,0.0,540.0,960.0,0.5
f1ae9d18-a8ba-4f9a-9931-8905448347fd,341,11.366666666666667,left_knee,0.5,0.5,0.0,540.0,960.0,0.5
f1ae9d18-a8ba-4f9a-9931-8905448347fd,341,11.366666666666667,right_knee,0.5,0.5,0.0,540.0,960.0,0.5
f1ae9d18-a8ba-4f9a-9931-8905448347fd,341,11.366666666666667,left_ankle,0.5,0.5,0.0,540.0,960.0,0.5
f1ae9d18-a8ba-4f9a-9931-8905448347fd,341,11.366666666666667,right_ankle,0.5,0.5,0.0,540.0,960.0,0.5
f1ae9d18-a8ba-4f9a-9931-8905448347fd,341,11.366666666666667,left_heel,0.5,0.5,0.0,540.0,960.0,0.5
f1ae9d18-a8ba-4f9a-9931-8905448347fd,341,11.366666666666667,right_heel,0.5,0.5,0.0,540.0,960.0,0.5
f1ae9d18-a8ba-4f9a-9931-8905448347fd,341,11.366666666666667,left_foot_index,0.5,0.5,0.0,540.0,960.0,0.5
f1ae9d18-a8ba-4f9a-9931-8905448347fd,341,11.366666666666667,right_foot_index,0.5,0.5,0.0,540.0,960.0,0.5
f1ae9d18-a8ba-4f9a-9931-8905448347fd,342,11.4,nose,0.5,0.5,0.0,540.0,960.0,0.5
f1ae9d18-a8ba-4f9a-9931-8905448347fd,342,11.4,left_shoulder,0.5,0.5,0.0,540.0,960.0,0.5
f1ae9d18-a8ba-4f9a-9931-8905448347fd,342,11.4,right_shoulder,0.5,0.5,0.0,540.0,960.0,0.5
f1ae9d18-a8ba-4f9a-9931-8905448347fd,342,11.4,left_elbow,0.5,0.5,0.0,540.0,960.0,0.5
f1ae9d18-a8ba-4f9a-9931-8905448347fd,342,11.4,right_elbow,0.5,0.5,0.0,540.0,960.0,0.5
f1ae9d18-a8ba-4f9a-9931-8905448347fd,342,11.4,left_wrist,0.5,0.5,0.0,540.0,960.0,0.5
f1ae9d18-a8ba-4f9a-9931-8905448347fd,342,11.4,right_wrist,0.5,0.5,0.0,540.0,960.0,0.5
f1ae9d18-a8ba-4f9a-9931-8905448347fd,342,11.4,left_hip,0.5,0.5,0.0,540.0,960.0,0.5
f1ae9d18-a8ba-4f9a-9931-8905448347fd,342,11.4,right_hip,0.5,0.5,0.0,540.0,960.0,0.5
f1ae9d18-a8ba-4f9a-9931-8905448347fd,342,11.4,left_knee,0.5,0.5,0.0,540.0,960.0,0.5
f1ae9d18-a8ba-4f9a-9931-8905448347fd,342,11.4,right_knee,0.5,0.5,0.0,540.0,960.0,0.5
f1ae9d18-a8ba-4f9a-9931-8905448347fd,342,11.4,left_ankle,0.5,0.5,0.0,540.0,960.0,0.5
f1ae9d18-a8ba-4f9a-9931-8905448347fd,342,11.4,right_ankle,0.5,0.5,0.0,540.0,960.0,0.5
f1ae9d18-a8ba-4f9a-9931-8905448347fd,342,11.4,left_heel,0.5,0.5,0.0,540.0,960.0,0.5
f1ae9d18-a8ba-4f9a-9931-8905448347fd,342,11.4,right_heel,0.5,0.5,0.0,540.0,960.0,0.5
f1ae9d18-a8ba-4f9a-9931-8905448347fd,342,11.4,left_foot_index,0.5,0.5,0.0,540.0,960.0,0.5
f1ae9d18-a8ba-4f9a-9931-8905448347fd,342,11.4,right_foot_index,0.5,0.5,0.0,540.0,960.0,0.5
f1ae9d18-a8ba-4f9a-9931-8905448347fd,343,11.433333333333334,nose,0.5,0.5,0.0,540.0,960.0,0.5
f1ae9d18-a8ba-4f9a-9931-8905448347fd,343,11.433333333333334,left_shoulder,0.5,0.5,0.0,540.0,960.0,0.5
f1ae9d18-a8ba-4f9a-9931-8905448347fd,343,11.433333333333334,right_shoulder,0.5,0.5,0.0,540.0,960.0,0.5
f1ae9d18-a8ba-4f9a-9931-8905448347fd,343,11.433333333333334,left_elbow,0.5,0.5,0.0,540.0,960.0,0.5
f1ae9d18-a8ba-4f9a-9931-8905448347fd,343,11.433333333333334,right_elbow,0.5,0.5,0.0,540.0,960.0,0.5
f1ae9d18-a8ba-4f9a-9931-8905448347fd,343,11.433333333333334,left_wrist,0.5,0.5,0.0,540.0,960.0,0.5
f1ae9d18-a8ba-4f9a-9931-8905448347fd,343,11.433333333333334,right_wrist,0.5,0.5,0.0,540.0,960.0,0.5
f1ae9d18-a8ba-4f9a-9931-8905448347fd,343,11.433333333333334,left_hip,0.5,0.5,0.0,540.0,960.0,0.5
f1ae9d18-a8ba-4f9a-9931-8905448347fd,343,11.433333333333334,right_hip,0.5,0.5,0.0,540.0,960.0,0.5
f1ae9d18-a8ba-4f9a-9931-8905448347fd,343,11.433333333333334,left_knee,0.5,0.5,0.0,540.0,960.0,0.5
f1ae9d18-a8ba-4f9a-9931-8905448347fd,343,11.433333333333334,right_knee,0.5,0.5,0.0,540.0,960.0,0.5
f1ae9d18-a8ba-4f9a-9931-8905448347fd,343,11.433333333333334,left_ankle,0.5,0.5,0.0,540.0,960.0,0.5
f1ae9d18-a8ba-4f9a-9931-8905448347fd,343,11.433333333333334,right_ankle,0.5,0.5,0.0,540.0,960.0,0.5
f1ae9d18-a8ba-4f9a-9931-8905448347fd,343,11.433333333333334,left_heel,0.5,0.5,0.0,540.0,960.0,0.5
f1ae9d18-a8ba-4f9a-9931-8905448347fd,343,11.433333333333334,right_heel,0.5,0.5,0.0,540.0,960.0,0.5
f1ae9d18-a8ba-4f9a-9931-8905448347fd,343,11.433333333333334,left_foot_index,0.5,0.5,0.0,540.0,960.0,0.5
f1ae9d18-a8ba-4f9a-9931-8905448347fd,343,11.433333333333334,right_foot_index,0.5,0.5,0.0,540.0,960.0,0.5
f1ae9d18-a8ba-4f9a-9931-8905448347fd,344,11.466666666666667,nose,0.5,0.5,0.0,540.0,960.0,0.5
f1ae9d18-a8ba-4f9a-9931-8905448347fd,344,11.466666666666667,left_shoulder,0.5,0.5,0.0,540.0,960.0,0.5
f1ae9d18-a8ba-4f9a-9931-8905448347fd,344,11.466666666666667,right_shoulder,0.5,0.5,0.0,540.0,960.0,0.5
f1ae9d18-a8ba-4f9a-9931-8905448347fd,344,11.466666666666667,left_elbow,0.5,0.5,0.0,540.0,960.0,0.5
f1ae9d18-a8ba-4f9a-9931-8905448347fd,344,11.466666666666667,right_elbow,0.5,0.5,0.0,540.0,960.0,0.5
f1ae9d18-a8ba-4f9a-9931-8905448347fd,344,11.466666666666667,left_wrist,0.5,0.5,0.0,540.0,960.0,0.5
f1ae9d18-a8ba-4f9a-9931-8905448347fd,344,11.466666666666667,right_wrist,0.5,0.5,0.0,540.0,960.0,0.5
f1ae9d18-a8ba-4f9a-9931-8905448347fd,344,11.466666666666667,left_hip,0.5,0.5,0.0,540.0,960.0,0.5
f1ae9d18-a8ba-4f9a-9931-8905448347fd,344,11.466666666666667,right_hip,0.5,0.5,0.0,540.0,960.0,0.5
f1ae9d18-a8ba-4f9a-9931-8905448347fd,344,11.466666666666667,left_knee,0.5,0.5,0.0,540.0,960.0,0.5
f1ae9d18-a8ba-4f9a-9931-8905448347fd,344,11.466666666666667,right_knee,0.5,0.5,0.0,540.0,960.0,0.5
f1ae9d18-a8ba-4f9a-9931-8905448347fd,344,11.466666666666667,left_ankle,0.5,0.5,0.0,540.0,960.0,0.5
f1ae9d18-a8ba-4f9a-9931-8905448347fd,344,11.466666666666667,right_ankle,0.5,0.5,0.0,540.0,960.0,0.5
f1ae9d18-a8ba-4f9a-9931-8905448347fd,344,11.466666666666667,left_heel,0.5,0.5,0.0,540.0,960.0,0.5
f1ae9d18-a8ba-4f9a-9931-8905448347fd,344,11.466666666666667,right_heel,0.5,0.5,0.0,540.0,960.0,0.5
f1ae9d18-a8ba-4f9a-9931-8905448347fd,344,11.466666666666667,left_foot_index,0.5,0.5,0.0,540.0,960.0,0.5
f1ae9d18-a8ba-4f9a-9931-8905448347fd,344,11.466666666666667,right_foot_index,0.5,0.5,0.0,540.0,960.0,0.5
f1ae9d18-a8ba-4f9a-9931-8905448347fd,345,11.5,nose,0.5,0.5,0.0,540.0,960.0,0.5
f1ae9d18-a8ba-4f9a-9931-8905448347fd,345,11.5,left_shoulder,0.5,0.5,0.0,540.0,960.0,0.5
f1ae9d18-a8ba-4f9a-9931-8905448347fd,345,11.5,right_shoulder,0.5,0.5,0.0,540.0,960.0,0.5
f1ae9d18-a8ba-4f9a-9931-8905448347fd,345,11.5,left_elbow,0.5,0.5,0.0,540.0,960.0,0.5
f1ae9d18-a8ba-4f9a-9931-8905448347fd,345,11.5,right_elbow,0.5,0.5,0.0,540.0,960.0,0.5
f1ae9d18-a8ba-4f9a-9931-8905448347fd,345,11.5,left_wrist,0.5,0.5,0.0,540.0,960.0,0.5
f1ae9d18-a8ba-4f9a-9931-8905448347fd,345,11.5,right_wrist,0.5,0.5,0.0,540.0,960.0,0.5
f1ae9d18-a8ba-4f9a-9931-8905448347fd,345,11.5,left_hip,0.5,0.5,0.0,540.0,960.0,0.5
f1ae9d18-a8ba-4f9a-9931-8905448347fd,345,11.5,right_hip,0.5,0.5,0.0,540.0,960.0,0.5
f1ae9d18-a8ba-4f9a-9931-8905448347fd,345,11.5,left_knee,0.5,0.5,0.0,540.0,960.0,0.5
f1ae9d18-a8ba-4f9a-9931-8905448347fd,345,11.5,right_knee,0.5,0.5,0.0,540.0,960.0,0.5
f1ae9d18-a8ba-4f9a-9931-8905448347fd,345,11.5,left_ankle,0.5,0.5,0.0,540.0,960.0,0.5
f1ae9d18-a8ba-4f9a-9931-8905448347fd,345,11.5,right_ankle,0.5,0.5,0.0,540.0,960.0,0.5
f1ae9d18-a8ba-4f9a-9931-8905448347fd,345,11.5,left_heel,0.5,0.5,0.0,540.0,960.0,0.5
f1ae9d18-a8ba-4f9a-9931-8905448347fd,345,11.5,right_heel,0.5,0.5,0.0,540.0,960.0,0.5
f1ae9d18-a8ba-4f9a-9931-8905448347fd,345,11.5,left_foot_index,0.5,0.5,0.0,540.0,960.0,0.5
f1ae9d18-a8ba-4f9a-9931-8905448347fd,345,11.5,right_foot_index,0.5,0.5,0.0,540.0,960.0,0.5
f1ae9d18-a8ba-4f9a-9931-8905448347fd,346,11.533333333333333,nose,0.5,0.5,0.0,540.0,960.0,0.5
f1ae9d18-a8ba-4f9a-9931-8905448347fd,346,11.533333333333333,left_shoulder,0.5,0.5,0.0,540.0,960.0,0.5
f1ae9d18-a8ba-4f9a-9931-8905448347fd,346,11.533333333333333,right_shoulder,0.5,0.5,0.0,540.0,960.0,0.5
f1ae9d18-a8ba-4f9a-9931-8905448347fd,346,11.533333333333333,left_elbow,0.5,0.5,0.0,540.0,960.0,0.5
f1ae9d18-a8ba-4f9a-9931-8905448347fd,346,11.533333333333333,right_elbow,0.5,0.5,0.0,540.0,960.0,0.5
f1ae9d18-a8ba-4f9a-9931-8905448347fd,346,11.533333333333333,left_wrist,0.5,0.5,0.0,540.0,960.0,0.5
f1ae9d18-a8ba-4f9a-9931-8905448347fd,346,11.533333333333333,right_wrist,0.5,0.5,0.0,540.0,960.0,0.5
f1ae9d18-a8ba-4f9a-9931-8905448347fd,346,11.533333333333333,left_hip,0.5,0.5,0.0,540.0,960.0,0.5
f1ae9d18-a8ba-4f9a-9931-8905448347fd,346,11.533333333333333,right_hip,0.5,0.5,0.0,540.0,960.0,0.5
f1ae9d18-a8ba-4f9a-9931-8905448347fd,346,11.533333333333333,left_knee,0.5,0.5,0.0,540.0,960.0,0.5
f1ae9d18-a8ba-4f9a-9931-8905448347fd,346,11.533333333333333,right_knee,0.5,0.5,0.0,540.0,960.0,0.5
f1ae9d18-a8ba-4f9a-9931-8905448347fd,346,11.533333333333333,left_ankle,0.5,0.5,0.0,540.0,960.0,0.5
f1ae9d18-a8ba-4f9a-9931-8905448347fd,346,11.533333333333333,right_ankle,0.5,0.5,0.0,540.0,960.0,0.5
f1ae9d18-a8ba-4f9a-9931-8905448347fd,346,11.533333333333333,left_heel,0.5,0.5,0.0,540.0,960.0,0.5
f1ae9d18-a8ba-4f9a-9931-8905448347fd,346,11.533333333333333,right_heel,0.5,0.5,0.0,540.0,960.0,0.5
f1ae9d18-a8ba-4f9a-9931-8905448347fd,346,11.533333333333333,left_foot_index,0.5,0.5,0.0,540.0,960.0,0.5
f1ae9d18-a8ba-4f9a-9931-8905448347fd,346,11.533333333333333,right_foot_index,0.5,0.5,0.0,540.0,960.0,0.5
f1ae9d18-a8ba-4f9a-9931-8905448347fd,347,11.566666666666666,nose,0.5,0.5,0.0,540.0,960.0,0.5
f1ae9d18-a8ba-4f9a-9931-8905448347fd,347,11.566666666666666,left_shoulder,0.5,0.5,0.0,540.0,960.0,0.5
f1ae9d18-a8ba-4f9a-9931-8905448347fd,347,11.566666666666666,right_shoulder,0.5,0.5,0.0,540.0,960.0,0.5
f1ae9d18-a8ba-4f9a-9931-8905448347fd,347,11.566666666666666,left_elbow,0.5,0.5,0.0,540.0,960.0,0.5
f1ae9d18-a8ba-4f9a-9931-8905448347fd,347,11.566666666666666,right_elbow,0.5,0.5,0.0,540.0,960.0,0.5
f1ae9d18-a8ba-4f9a-9931-8905448347fd,347,11.566666666666666,left_wrist,0.5,0.5,0.0,540.0,960.0,0.5
f1ae9d18-a8ba-4f9a-9931-8905448347fd,347,11.566666666666666,right_wrist,0.5,0.5,0.0,540.0,960.0,0.5
f1ae9d18-a8ba-4f9a-9931-8905448347fd,347,11.566666666666666,left_hip,0.5,0.5,0.0,540.0,960.0,0.5
f1ae9d18-a8ba-4f9a-9931-8905448347fd,347,11.566666666666666,right_hip,0.5,0.5,0.0,540.0,960.0,0.5
f1ae9d18-a8ba-4f9a-9931-8905448347fd,347,11.566666666666666,left_knee,0.5,0.5,0.0,540.0,960.0,0.5
f1ae9d18-a8ba-4f9a-9931-8905448347fd,347,11.566666666666666,right_knee,0.5,0.5,0.0,540.0,960.0,0.5
f1ae9d18-a8ba-4f9a-9931-8905448347fd,347,11.566666666666666,left_ankle,0.5,0.5,0.0,540.0,960.0,0.5
f1ae9d18-a8ba-4f9a-9931-8905448347fd,347,11.566666666666666,right_ankle,0.5,0.5,0.0,540.0,960.0,0.5
f1ae9d18-a8ba-4f9a-9931-8905448347fd,347,11.566666666666666,left_heel,0.5,0.5,0.0,540.0,960.0,0.5
f1ae9d18-a8ba-4f9a-9931-8905448347fd,347,11.566666666666666,right_heel,0.5,0.5,0.0,540.0,960.0,0.5
f1ae9d18-a8ba-4f9a-9931-8905448347fd,347,11.566666666666666,left_foot_index,0.5,0.5,0.0,540.0,960.0,0.5
f1ae9d18-a8ba-4f9a-9931-8905448347fd,347,11.566666666666666,right_foot_index,0.5,0.5,0.0,540.0,960.0,0.5
f1ae9d18-a8ba-4f9a-9931-8905448347fd,348,11.6,nose,0.5,0.5,0.0,540.0,960.0,0.5
f1ae9d18-a8ba-4f9a-9931-8905448347fd,348,11.6,left_shoulder,0.5,0.5,0.0,540.0,960.0,0.5
f1ae9d18-a8ba-4f9a-9931-8905448347fd,348,11.6,right_shoulder,0.5,0.5,0.0,540.0,960.0,0.5
f1ae9d18-a8ba-4f9a-9931-8905448347fd,348,11.6,left_elbow,0.5,0.5,0.0,540.0,960.0,0.5
f1ae9d18-a8ba-4f9a-9931-8905448347fd,348,11.6,right_elbow,0.5,0.5,0.0,540.0,960.0,0.5
f1ae9d18-a8ba-4f9a-9931-8905448347fd,348,11.6,left_wrist,0.5,0.5,0.0,540.0,960.0,0.5
f1ae9d18-a8ba-4f9a-9931-8905448347fd,348,11.6,right_wrist,0.5,0.5,0.0,540.0,960.0,0.5
f1ae9d18-a8ba-4f9a-9931-8905448347fd,348,11.6,left_hip,0.5,0.5,0.0,540.0,960.0,0.5
f1ae9d18-a8ba-4f9a-9931-8905448347fd,348,11.6,right_hip,0.5,0.5,0.0,540.0,960.0,0.5
f1ae9d18-a8ba-4f9a-9931-8905448347fd,348,11.6,left_knee,0.5,0.5,0.0,540.0,960.0,0.5
f1ae9d18-a8ba-4f9a-9931-8905448347fd,348,11.6,right_knee,0.5,0.5,0.0,540.0,960.0,0.5
f1ae9d18-a8ba-4f9a-9931-8905448347fd,348,11.6,left_ankle,0.5,0.5,0.0,540.0,960.0,0.5
f1ae9d18-a8ba-4f9a-9931-8905448347fd,348,11.6,right_ankle,0.5,0.5,0.0,540.0,960.0,0.5
f1ae9d18-a8ba-4f9a-9931-8905448347fd,348,11.6,left_heel,0.5,0.5,0.0,540.0,960.0,0.5
f1ae9d18-a8ba-4f9a-9931-8905448347fd,348,11.6,right_heel,0.5,0.5,0.0,540.0,960.0,0.5
f1ae9d18-a8ba-4f9a-9931-8905448347fd,348,11.6,left_foot_index,0.5,0.5,0.0,540.0,960.0,0.5
f1ae9d18-a8ba-4f9a-9931-8905448347fd,348,11.6,right_foot_index,0.5,0.5,0.0,540.0,960.0,0.5
f1ae9d18-a8ba-4f9a-9931-8905448347fd,349,11.633333333333333,nose,0.5,0.5,0.0,540.0,960.0,0.5
f1ae9d18-a8ba-4f9a-9931-8905448347fd,349,11.633333333333333,left_shoulder,0.5,0.5,0.0,540.0,960.0,0.5
f1ae9d18-a8ba-4f9a-9931-8905448347fd,349,11.633333333333333,right_shoulder,0.5,0.5,0.0,540.0,960.0,0.5
f1ae9d18-a8ba-4f9a-9931-8905448347fd,349,11.633333333333333,left_elbow,0.5,0.5,0.0,540.0,960.0,0.5
f1ae9d18-a8ba-4f9a-9931-8905448347fd,349,11.633333333333333,right_elbow,0.5,0.5,0.0,540.0,960.0,0.5
f1ae9d18-a8ba-4f9a-9931-8905448347fd,349,11.633333333333333,left_wrist,0.5,0.5,0.0,540.0,960.0,0.5
f1ae9d18-a8ba-4f9a-9931-8905448347fd,349,11.633333333333333,right_wrist,0.5,0.5,0.0,540.0,960.0,0.5
f1ae9d18-a8ba-4f9a-9931-8905448347fd,349,11.633333333333333,left_hip,0.5,0.5,0.0,540.0,960.0,0.5
f1ae9d18-a8ba-4f9a-9931-8905448347fd,349,11.633333333333333,right_hip,0.5,0.5,0.0,540.0,960.0,0.5
f1ae9d18-a8ba-4f9a-9931-8905448347fd,349,11.633333333333333,left_knee,0.5,0.5,0.0,540.0,960.0,0.5
f1ae9d18-a8ba-4f9a-9931-8905448347fd,349,11.633333333333333,right_knee,0.5,0.5,0.0,540.0,960.0,0.5
f1ae9d18-a8ba-4f9a-9931-8905448347fd,349,11.633333333333333,left_ankle,0.5,0.5,0.0,540.0,960.0,0.5
f1ae9d18-a8ba-4f9a-9931-8905448347fd,349,11.633333333333333,right_ankle,0.5,0.5,0.0,540.0,960.0,0.5
f1ae9d18-a8ba-4f9a-9931-8905448347fd,349,11.633333333333333,left_heel,0.5,0.5,0.0,540.0,960.0,0.5
f1ae9d18-a8ba-4f9a-9931-8905448347fd,349,11.633333333333333,right_heel,0.5,0.5,0.0,540.0,960.0,0.5
f1ae9d18-a8ba-4f9a-9931-8905448347fd,349,11.633333333333333,left_foot_index,0.5,0.5,0.0,540.0,960.0,0.5
f1ae9d18-a8ba-4f9a-9931-8905448347fd,349,11.633333333333333,right_foot_index,0.5,0.5,0.0,540.0,960.0,0.5
f1ae9d18-a8ba-4f9a-9931-8905448347fd,350,11.666666666666666,nose,0.5,0.5,0.0,540.0,960.0,0.5
f1ae9d18-a8ba-4f9a-9931-8905448347fd,350,11.666666666666666,left_shoulder,0.5,0.5,0.0,540.0,960.0,0.5
f1ae9d18-a8ba-4f9a-9931-8905448347fd,350,11.666666666666666,right_shoulder,0.5,0.5,0.0,540.0,960.0,0.5
f1ae9d18-a8ba-4f9a-9931-8905448347fd,350,11.666666666666666,left_elbow,0.5,0.5,0.0,540.0,960.0,0.5
f1ae9d18-a8ba-4f9a-9931-8905448347fd,350,11.666666666666666,right_elbow,0.5,0.5,0.0,540.0,960.0,0.5
f1ae9d18-a8ba-4f9a-9931-8905448347fd,350,11.666666666666666,left_wrist,0.5,0.5,0.0,540.0,960.0,0.5
f1ae9d18-a8ba-4f9a-9931-8905448347fd,350,11.666666666666666,right_wrist,0.5,0.5,0.0,540.0,960.0,0.5
f1ae9d18-a8ba-4f9a-9931-8905448347fd,350,11.666666666666666,left_hip,0.5,0.5,0.0,540.0,960.0,0.5
f1ae9d18-a8ba-4f9a-9931-8905448347fd,350,11.666666666666666,right_hip,0.5,0.5,0.0,540.0,960.0,0.5
f1ae9d18-a8ba-4f9a-9931-8905448347fd,350,11.666666666666666,left_knee,0.5,0.5,0.0,540.0,960.0,0.5
f1ae9d18-a8ba-4f9a-9931-8905448347fd,350,11.666666666666666,right_knee,0.5,0.5,0.0,540.0,960.0,0.5
f1ae9d18-a8ba-4f9a-9931-8905448347fd,350,11.666666666666666,left_ankle,0.5,0.5,0.0,540.0,960.0,0.5
f1ae9d18-a8ba-4f9a-9931-8905448347fd,350,11.666666666666666,right_ankle,0.5,0.5,0.0,540.0,960.0,0.5
f1ae9d18-a8ba-4f9a-9931-8905448347fd,350,11.666666666666666,left_heel,0.5,0.5,0.0,540.0,960.0,0.5
f1ae9d18-a8ba-4f9a-9931-8905448347fd,350,11.666666666666666,right_heel,0.5,0.5,0.0,540.0,960.0,0.5
f1ae9d18-a8ba-4f9a-9931-8905448347fd,350,11.666666666666666,left_foot_index,0.5,0.5,0.0,540.0,960.0,0.5
f1ae9d18-a8ba-4f9a-9931-8905448347fd,350,11.666666666666666,right_foot_index,0.5,0.5,0.0,540.0,960.0,0.5
f1ae9d18-a8ba-4f9a-9931-8905448347fd,351,11.7,nose,0.5,0.5,0.0,540.0,960.0,0.5
f1ae9d18-a8ba-4f9a-9931-8905448347fd,351,11.7,left_shoulder,0.5,0.5,0.0,540.0,960.0,0.5
f1ae9d18-a8ba-4f9a-9931-8905448347fd,351,11.7,right_shoulder,0.5,0.5,0.0,540.0,960.0,0.5
f1ae9d18-a8ba-4f9a-9931-8905448347fd,351,11.7,left_elbow,0.5,0.5,0.0,540.0,960.0,0.5
f1ae9d18-a8ba-4f9a-9931-8905448347fd,351,11.7,right_elbow,0.5,0.5,0.0,540.0,960.0,0.5
f1ae9d18-a8ba-4f9a-9931-8905448347fd,351,11.7,left_wrist,0.5,0.5,0.0,540.0,960.0,0.5
f1ae9d18-a8ba-4f9a-9931-8905448347fd,351,11.7,right_wrist,0.5,0.5,0.0,540.0,960.0,0.5
f1ae9d18-a8ba-4f9a-9931-8905448347fd,351,11.7,left_hip,0.5,0.5,0.0,540.0,960.0,0.5
f1ae9d18-a8ba-4f9a-9931-8905448347fd,351,11.7,right_hip,0.5,0.5,0.0,540.0,960.0,0.5
f1ae9d18-a8ba-4f9a-9931-8905448347fd,351,11.7,left_knee,0.5,0.5,0.0,540.0,960.0,0.5
f1ae9d18-a8ba-4f9a-9931-8905448347fd,351,11.7,right_knee,0.5,0.5,0.0,540.0,960.0,0.5
f1ae9d18-a8ba-4f9a-9931-8905448347fd,351,11.7,left_ankle,0.5,0.5,0.0,540.0,960.0,0.5
f1ae9d18-a8ba-4f9a-9931-8905448347fd,351,11.7,right_ankle,0.5,0.5,0.0,540.0,960.0,0.5
f1ae9d18-a8ba-4f9a-9931-8905448347fd,351,11.7,left_heel,0.5,0.5,0.0,540.0,960.0,0.5
f1ae9d18-a8ba-4f9a-9931-8905448347fd,351,11.7,right_heel,0.5,0.5,0.0,540.0,960.0,0.5
f1ae9d18-a8ba-4f9a-9931-8905448347fd,351,11.7,left_foot_index,0.5,0.5,0.0,540.0,960.0,0.5
f1ae9d18-a8ba-4f9a-9931-8905448347fd,351,11.7,right_foot_index,0.5,0.5,0.0,540.0,960.0,0.5
f1ae9d18-a8ba-4f9a-9931-8905448347fd,352,11.733333333333333,nose,0.5,0.5,0.0,540.0,960.0,0.5
f1ae9d18-a8ba-4f9a-9931-8905448347fd,352,11.733333333333333,left_shoulder,0.5,0.5,0.0,540.0,960.0,0.5
f1ae9d18-a8ba-4f9a-9931-8905448347fd,352,11.733333333333333,right_shoulder,0.5,0.5,0.0,540.0,960.0,0.5
f1ae9d18-a8ba-4f9a-9931-8905448347fd,352,11.733333333333333,left_elbow,0.5,0.5,0.0,540.0,960.0,0.5
f1ae9d18-a8ba-4f9a-9931-8905448347fd,352,11.733333333333333,right_elbow,0.5,0.5,0.0,540.0,960.0,0.5
f1ae9d18-a8ba-4f9a-9931-8905448347fd,352,11.733333333333333,left_wrist,0.5,0.5,0.0,540.0,960.0,0.5
f1ae9d18-a8ba-4f9a-9931-8905448347fd,352,11.733333333333333,right_wrist,0.5,0.5,0.0,540.0,960.0,0.5
f1ae9d18-a8ba-4f9a-9931-8905448347fd,352,11.733333333333333,left_hip,0.5,0.5,0.0,540.0,960.0,0.5
f1ae9d18-a8ba-4f9a-9931-8905448347fd,352,11.733333333333333,right_hip,0.5,0.5,0.0,540.0,960.0,0.5
f1ae9d18-a8ba-4f9a-9931-8905448347fd,352,11.733333333333333,left_knee,0.5,0.5,0.0,540.0,960.0,0.5
f1ae9d18-a8ba-4f9a-9931-8905448347fd,352,11.733333333333333,right_knee,0.5,0.5,0.0,540.0,960.0,0.5
f1ae9d18-a8ba-4f9a-9931-8905448347fd,352,11.733333333333333,left_ankle,0.5,0.5,0.0,540.0,960.0,0.5
f1ae9d18-a8ba-4f9a-9931-8905448347fd,352,11.733333333333333,right_ankle,0.5,0.5,0.0,540.0,960.0,0.5
f1ae9d18-a8ba-4f9a-9931-8905448347fd,352,11.733333333333333,left_heel,0.5,0.5,0.0,540.0,960.0,0.5
f1ae9d18-a8ba-4f9a-9931-8905448347fd,352,11.733333333333333,right_heel,0.5,0.5,0.0,540.0,960.0,0.5
f1ae9d18-a8ba-4f9a-9931-8905448347fd,352,11.733333333333333,left_foot_index,0.5,0.5,0.0,540.0,960.0,0.5
f1ae9d18-a8ba-4f9a-9931-8905448347fd,352,11.733333333333333,right_foot_index,0.5,0.5,0.0,540.0,960.0,0.5
f1ae9d18-a8ba-4f9a-9931-8905448347fd,353,11.766666666666667,nose,0.5,0.5,0.0,540.0,960.0,0.5
f1ae9d18-a8ba-4f9a-9931-8905448347fd,353,11.766666666666667,left_shoulder,0.5,0.5,0.0,540.0,960.0,0.5
f1ae9d18-a8ba-4f9a-9931-8905448347fd,353,11.766666666666667,right_shoulder,0.5,0.5,0.0,540.0,960.0,0.5
f1ae9d18-a8ba-4f9a-9931-8905448347fd,353,11.766666666666667,left_elbow,0.5,0.5,0.0,540.0,960.0,0.5
f1ae9d18-a8ba-4f9a-9931-8905448347fd,353,11.766666666666667,right_elbow,0.5,0.5,0.0,540.0,960.0,0.5
f1ae9d18-a8ba-4f9a-9931-8905448347fd,353,11.766666666666667,left_wrist,0.5,0.5,0.0,540.0,960.0,0.5
f1ae9d18-a8ba-4f9a-9931-8905448347fd,353,11.766666666666667,right_wrist,0.5,0.5,0.0,540.0,960.0,0.5
f1ae9d18-a8ba-4f9a-9931-8905448347fd,353,11.766666666666667,left_hip,0.5,0.5,0.0,540.0,960.0,0.5
f1ae9d18-a8ba-4f9a-9931-8905448347fd,353,11.766666666666667,right_hip,0.5,0.5,0.0,540.0,960.0,0.5
f1ae9d18-a8ba-4f9a-9931-8905448347fd,353,11.766666666666667,left_knee,0.5,0.5,0.0,540.0,960.0,0.5
f1ae9d18-a8ba-4f9a-9931-8905448347fd,353,11.766666666666667,right_knee,0.5,0.5,0.0,540.0,960.0,0.5
f1ae9d18-a8ba-4f9a-9931-8905448347fd,353,11.766666666666667,left_ankle,0.5,0.5,0.0,540.0,960.0,0.5
f1ae9d18-a8ba-4f9a-9931-8905448347fd,353,11.766666666666667,right_ankle,0.5,0.5,0.0,540.0,960.0,0.5
f1ae9d18-a8ba-4f9a-9931-8905448347fd,353,11.766666666666667,left_heel,0.5,0.5,0.0,540.0,960.0,0.5
f1ae9d18-a8ba-4f9a-9931-8905448347fd,353,11.766666666666667,right_heel,0.5,0.5,0.0,540.0,960.0,0.5
f1ae9d18-a8ba-4f9a-9931-8905448347fd,353,11.766666666666667,left_foot_index,0.5,0.5,0.0,540.0,960.0,0.5
f1ae9d18-a8ba-4f9a-9931-8905448347fd,353,11.766666666666667,right_foot_index,0.5,0.5,0.0,540.0,960.0,0.5
f1ae9d18-a8ba-4f9a-9931-8905448347fd,354,11.8,nose,0.5,0.5,0.0,540.0,960.0,0.5
f1ae9d18-a8ba-4f9a-9931-8905448347fd,354,11.8,left_shoulder,0.5,0.5,0.0,540.0,960.0,0.5
f1ae9d18-a8ba-4f9a-9931-8905448347fd,354,11.8,right_shoulder,0.5,0.5,0.0,540.0,960.0,0.5
f1ae9d18-a8ba-4f9a-9931-8905448347fd,354,11.8,left_elbow,0.5,0.5,0.0,540.0,960.0,0.5
f1ae9d18-a8ba-4f9a-9931-8905448347fd,354,11.8,right_elbow,0.5,0.5,0.0,540.0,960.0,0.5
f1ae9d18-a8ba-4f9a-9931-8905448347fd,354,11.8,left_wrist,0.5,0.5,0.0,540.0,960.0,0.5
f1ae9d18-a8ba-4f9a-9931-8905448347fd,354,11.8,right_wrist,0.5,0.5,0.0,540.0,960.0,0.5
f1ae9d18-a8ba-4f9a-9931-8905448347fd,354,11.8,left_hip,0.5,0.5,0.0,540.0,960.0,0.5
f1ae9d18-a8ba-4f9a-9931-8905448347fd,354,11.8,right_hip,0.5,0.5,0.0,540.0,960.0,0.5
f1ae9d18-a8ba-4f9a-9931-8905448347fd,354,11.8,left_knee,0.5,0.5,0.0,540.0,960.0,0.5
f1ae9d18-a8ba-4f9a-9931-8905448347fd,354,11.8,right_knee,0.5,0.5,0.0,540.0,960.0,0.5
f1ae9d18-a8ba-4f9a-9931-8905448347fd,354,11.8,left_ankle,0.5,0.5,0.0,540.0,960.0,0.5
f1ae9d18-a8ba-4f9a-9931-8905448347fd,354,11.8,right_ankle,0.5,0.5,0.0,540.0,960.0,0.5
f1ae9d18-a8ba-4f9a-9931-8905448347fd,354,11.8,left_heel,0.5,0.5,0.0,540.0,960.0,0.5
f1ae9d18-a8ba-4f9a-9931-8905448347fd,354,11.8,right_heel,0.5,0.5,0.0,540.0,960.0,0.5
f1ae9d18-a8ba-4f9a-9931-8905448347fd,354,11.8,left_foot_index,0.5,0.5,0.0,540.0,960.0,0.5
f1ae9d18-a8ba-4f9a-9931-8905448347fd,354,11.8,right_foot_index,0.5,0.5,0.0,540.0,960.0,0.5
f1ae9d18-a8ba-4f9a-9931-8905448347fd,355,11.833333333333334,nose,0.5,0.5,0.0,540.0,960.0,0.5
f1ae9d18-a8ba-4f9a-9931-8905448347fd,355,11.833333333333334,left_shoulder,0.5,0.5,0.0,540.0,960.0,0.5
f1ae9d18-a8ba-4f9a-9931-8905448347fd,355,11.833333333333334,right_shoulder,0.5,0.5,0.0,540.0,960.0,0.5
f1ae9d18-a8ba-4f9a-9931-8905448347fd,355,11.833333333333334,left_elbow,0.5,0.5,0.0,540.0,960.0,0.5
f1ae9d18-a8ba-4f9a-9931-8905448347fd,355,11.833333333333334,right_elbow,0.5,0.5,0.0,540.0,960.0,0.5
f1ae9d18-a8ba-4f9a-9931-8905448347fd,355,11.833333333333334,left_wrist,0.5,0.5,0.0,540.0,960.0,0.5
f1ae9d18-a8ba-4f9a-9931-8905448347fd,355,11.833333333333334,right_wrist,0.5,0.5,0.0,540.0,960.0,0.5
f1ae9d18-a8ba-4f9a-9931-8905448347fd,355,11.833333333333334,left_hip,0.5,0.5,0.0,540.0,960.0,0.5
f1ae9d18-a8ba-4f9a-9931-8905448347fd,355,11.833333333333334,right_hip,0.5,0.5,0.0,540.0,960.0,0.5
f1ae9d18-a8ba-4f9a-9931-8905448347fd,355,11.833333333333334,left_knee,0.5,0.5,0.0,540.0,960.0,0.5
f1ae9d18-a8ba-4f9a-9931-8905448347fd,355,11.833333333333334,right_knee,0.5,0.5,0.0,540.0,960.0,0.5
f1ae9d18-a8ba-4f9a-9931-8905448347fd,355,11.833333333333334,left_ankle,0.5,0.5,0.0,540.0,960.0,0.5
f1ae9d18-a8ba-4f9a-9931-8905448347fd,355,11.833333333333334,right_ankle,0.5,0.5,0.0,540.0,960.0,0.5
f1ae9d18-a8ba-4f9a-9931-8905448347fd,355,11.833333333333334,left_heel,0.5,0.5,0.0,540.0,960.0,0.5
f1ae9d18-a8ba-4f9a-9931-8905448347fd,355,11.833333333333334,right_heel,0.5,0.5,0.0,540.0,960.0,0.5
f1ae9d18-a8ba-4f9a-9931-8905448347fd,355,11.833333333333334,left_foot_index,0.5,0.5,0.0,540.0,960.0,0.5
f1ae9d18-a8ba-4f9a-9931-8905448347fd,355,11.833333333333334,right_foot_index,0.5,0.5,0.0,540.0,960.0,0.5
f1ae9d18-a8ba-4f9a-9931-8905448347fd,356,11.866666666666667,nose,0.5,0.5,0.0,540.0,960.0,0.5
f1ae9d18-a8ba-4f9a-9931-8905448347fd,356,11.866666666666667,left_shoulder,0.5,0.5,0.0,540.0,960.0,0.5
f1ae9d18-a8ba-4f9a-9931-8905448347fd,356,11.866666666666667,right_shoulder,0.5,0.5,0.0,540.0,960.0,0.5
f1ae9d18-a8ba-4f9a-9931-8905448347fd,356,11.866666666666667,left_elbow,0.5,0.5,0.0,540.0,960.0,0.5
f1ae9d18-a8ba-4f9a-9931-8905448347fd,356,11.866666666666667,right_elbow,0.5,0.5,0.0,540.0,960.0,0.5
f1ae9d18-a8ba-4f9a-9931-8905448347fd,356,11.866666666666667,left_wrist,0.5,0.5,0.0,540.0,960.0,0.5
f1ae9d18-a8ba-4f9a-9931-8905448347fd,356,11.866666666666667,right_wrist,0.5,0.5,0.0,540.0,960.0,0.5
f1ae9d18-a8ba-4f9a-9931-8905448347fd,356,11.866666666666667,left_hip,0.5,0.5,0.0,540.0,960.0,0.5
f1ae9d18-a8ba-4f9a-9931-8905448347fd,356,11.866666666666667,right_hip,0.5,0.5,0.0,540.0,960.0,0.5
f1ae9d18-a8ba-4f9a-9931-8905448347fd,356,11.866666666666667,left_knee,0.5,0.5,0.0,540.0,960.0,0.5
f1ae9d18-a8ba-4f9a-9931-8905448347fd,356,11.866666666666667,right_knee,0.5,0.5,0.0,540.0,960.0,0.5
f1ae9d18-a8ba-4f9a-9931-8905448347fd,356,11.866666666666667,left_ankle,0.5,0.5,0.0,540.0,960.0,0.5
f1ae9d18-a8ba-4f9a-9931-8905448347fd,356,11.866666666666667,right_ankle,0.5,0.5,0.0,540.0,960.0,0.5
f1ae9d18-a8ba-4f9a-9931-8905448347fd,356,11.866666666666667,left_heel,0.5,0.5,0.0,540.0,960.0,0.5
f1ae9d18-a8ba-4f9a-9931-8905448347fd,356,11.866666666666667,right_heel,0.5,0.5,0.0,540.0,960.0,0.5
f1ae9d18-a8ba-4f9a-9931-8905448347fd,356,11.866666666666667,left_foot_index,0.5,0.5,0.0,540.0,960.0,0.5
f1ae9d18-a8ba-4f9a-9931-8905448347fd,356,11.866666666666667,right_foot_index,0.5,0.5,0.0,540.0,960.0,0.5
f1ae9d18-a8ba-4f9a-9931-8905448347fd,357,11.9,nose,0.5,0.5,0.0,540.0,960.0,0.5
f1ae9d18-a8ba-4f9a-9931-8905448347fd,357,11.9,left_shoulder,0.5,0.5,0.0,540.0,960.0,0.5
f1ae9d18-a8ba-4f9a-9931-8905448347fd,357,11.9,right_shoulder,0.5,0.5,0.0,540.0,960.0,0.5
f1ae9d18-a8ba-4f9a-9931-8905448347fd,357,11.9,left_elbow,0.5,0.5,0.0,540.0,960.0,0.5
f1ae9d18-a8ba-4f9a-9931-8905448347fd,357,11.9,right_elbow,0.5,0.5,0.0,540.0,960.0,0.5
f1ae9d18-a8ba-4f9a-9931-8905448347fd,357,11.9,left_wrist,0.5,0.5,0.0,540.0,960.0,0.5
f1ae9d18-a8ba-4f9a-9931-8905448347fd,357,11.9,right_wrist,0.5,0.5,0.0,540.0,960.0,0.5
f1ae9d18-a8ba-4f9a-9931-8905448347fd,357,11.9,left_hip,0.5,0.5,0.0,540.0,960.0,0.5
f1ae9d18-a8ba-4f9a-9931-8905448347fd,357,11.9,right_hip,0.5,0.5,0.0,540.0,960.0,0.5
f1ae9d18-a8ba-4f9a-9931-8905448347fd,357,11.9,left_knee,0.5,0.5,0.0,540.0,960.0,0.5
f1ae9d18-a8ba-4f9a-9931-8905448347fd,357,11.9,right_knee,0.5,0.5,0.0,540.0,960.0,0.5
f1ae9d18-a8ba-4f9a-9931-8905448347fd,357,11.9,left_ankle,0.5,0.5,0.0,540.0,960.0,0.5
f1ae9d18-a8ba-4f9a-9931-8905448347fd,357,11.9,right_ankle,0.5,0.5,0.0,540.0,960.0,0.5
f1ae9d18-a8ba-4f9a-9931-8905448347fd,357,11.9,left_heel,0.5,0.5,0.0,540.0,960.0,0.5
f1ae9d18-a8ba-4f9a-9931-8905448347fd,357,11.9,right_heel,0.5,0.5,0.0,540.0,960.0,0.5
f1ae9d18-a8ba-4f9a-9931-8905448347fd,357,11.9,left_foot_index,0.5,0.5,0.0,540.0,960.0,0.5
f1ae9d18-a8ba-4f9a-9931-8905448347fd,357,11.9,right_foot_index,0.5,0.5,0.0,540.0,960.0,0.5
f1ae9d18-a8ba-4f9a-9931-8905448347fd,358,11.933333333333334,nose,0.5,0.5,0.0,540.0,960.0,0.5
f1ae9d18-a8ba-4f9a-9931-8905448347fd,358,11.933333333333334,left_shoulder,0.5,0.5,0.0,540.0,960.0,0.5
f1ae9d18-a8ba-4f9a-9931-8905448347fd,358,11.933333333333334,right_shoulder,0.5,0.5,0.0,540.0,960.0,0.5
f1ae9d18-a8ba-4f9a-9931-8905448347fd,358,11.933333333333334,left_elbow,0.5,0.5,0.0,540.0,960.0,0.5
f1ae9d18-a8ba-4f9a-9931-8905448347fd,358,11.933333333333334,right_elbow,0.5,0.5,0.0,540.0,960.0,0.5
f1ae9d18-a8ba-4f9a-9931-8905448347fd,358,11.933333333333334,left_wrist,0.5,0.5,0.0,540.0,960.0,0.5
f1ae9d18-a8ba-4f9a-9931-8905448347fd,358,11.933333333333334,right_wrist,0.5,0.5,0.0,540.0,960.0,0.5
f1ae9d18-a8ba-4f9a-9931-8905448347fd,358,11.933333333333334,left_hip,0.5,0.5,0.0,540.0,960.0,0.5
f1ae9d18-a8ba-4f9a-9931-8905448347fd,358,11.933333333333334,right_hip,0.5,0.5,0.0,540.0,960.0,0.5
f1ae9d18-a8ba-4f9a-9931-8905448347fd,358,11.933333333333334,left_knee,0.5,0.5,0.0,540.0,960.0,0.5
f1ae9d18-a8ba-4f9a-9931-8905448347fd,358,11.933333333333334,right_knee,0.5,0.5,0.0,540.0,960.0,0.5
f1ae9d18-a8ba-4f9a-9931-8905448347fd,358,11.933333333333334,left_ankle,0.5,0.5,0.0,540.0,960.0,0.5
f1ae9d18-a8ba-4f9a-9931-8905448347fd,358,11.933333333333334,right_ankle,0.5,0.5,0.0,540.0,960.0,0.5
f1ae9d18-a8ba-4f9a-9931-8905448347fd,358,11.933333333333334,left_heel,0.5,0.5,0.0,540.0,960.0,0.5
f1ae9d18-a8ba-4f9a-9931-8905448347fd,358,11.933333333333334,right_heel,0.5,0.5,0.0,540.0,960.0,0.5
f1ae9d18-a8ba-4f9a-9931-8905448347fd,358,11.933333333333334,left_foot_index,0.5,0.5,0.0,540.0,960.0,0.5
f1ae9d18-a8ba-4f9a-9931-8905448347fd,358,11.933333333333334,right_foot_index,0.5,0.5,0.0,540.0,960.0,0.5
f1ae9d18-a8ba-4f9a-9931-8905448347fd,359,11.966666666666667,nose,0.5,0.5,0.0,540.0,960.0,0.5
f1ae9d18-a8ba-4f9a-9931-8905448347fd,359,11.966666666666667,left_shoulder,0.5,0.5,0.0,540.0,960.0,0.5
f1ae9d18-a8ba-4f9a-9931-8905448347fd,359,11.966666666666667,right_shoulder,0.5,0.5,0.0,540.0,960.0,0.5
f1ae9d18-a8ba-4f9a-9931-8905448347fd,359,11.966666666666667,left_elbow,0.5,0.5,0.0,540.0,960.0,0.5
f1ae9d18-a8ba-4f9a-9931-8905448347fd,359,11.966666666666667,right_elbow,0.5,0.5,0.0,540.0,960.0,0.5
f1ae9d18-a8ba-4f9a-9931-8905448347fd,359,11.966666666666667,left_wrist,0.5,0.5,0.0,540.0,960.0,0.5
f1ae9d18-a8ba-4f9a-9931-8905448347fd,359,11.966666666666667,right_wrist,0.5,0.5,0.0,540.0,960.0,0.5
f1ae9d18-a8ba-4f9a-9931-8905448347fd,359,11.966666666666667,left_hip,0.5,0.5,0.0,540.0,960.0,0.5
f1ae9d18-a8ba-4f9a-9931-8905448347fd,359,11.966666666666667,right_hip,0.5,0.5,0.0,540.0,960.0,0.5
f1ae9d18-a8ba-4f9a-9931-8905448347fd,359,11.966666666666667,left_knee,0.5,0.5,0.0,540.0,960.0,0.5
f1ae9d18-a8ba-4f9a-9931-8905448347fd,359,11.966666666666667,right_knee,0.5,0.5,0.0,540.0,960.0,0.5
f1ae9d18-a8ba-4f9a-9931-8905448347fd,359,11.966666666666667,left_ankle,0.5,0.5,0.0,540.0,960.0,0.5
f1ae9d18-a8ba-4f9a-9931-8905448347fd,359,11.966666666666667,right_ankle,0.5,0.5,0.0,540.0,960.0,0.5
f1ae9d18-a8ba-4f9a-9931-8905448347fd,359,11.966666666666667,left_heel,0.5,0.5,0.0,540.0,960.0,0.5
f1ae9d18-a8ba-4f9a-9931-8905448347fd,359,11.966666666666667,right_heel,0.5,0.5,0.0,540.0,960.0,0.5
f1ae9d18-a8ba-4f9a-9931-8905448347fd,359,11.966666666666667,left_foot_index,0.5,0.5,0.0,540.0,960.0,0.5
f1ae9d18-a8ba-4f9a-9931-8905448347fd,359,11.966666666666667,right_foot_index,0.5,0.5,0.0,540.0,960.0,0.5
f1ae9d18-a8ba-4f9a-9931-8905448347fd,360,12.0,nose,0.5,0.5,0.0,540.0,960.0,0.5
f1ae9d18-a8ba-4f9a-9931-8905448347fd,360,12.0,left_shoulder,0.5,0.5,0.0,540.0,960.0,0.5
f1ae9d18-a8ba-4f9a-9931-8905448347fd,360,12.0,right_shoulder,0.5,0.5,0.0,540.0,960.0,0.5
f1ae9d18-a8ba-4f9a-9931-8905448347fd,360,12.0,left_elbow,0.5,0.5,0.0,540.0,960.0,0.5
f1ae9d18-a8ba-4f9a-9931-8905448347fd,360,12.0,right_elbow,0.5,0.5,0.0,540.0,960.0,0.5
f1ae9d18-a8ba-4f9a-9931-8905448347fd,360,12.0,left_wrist,0.5,0.5,0.0,540.0,960.0,0.5
f1ae9d18-a8ba-4f9a-9931-8905448347fd,360,12.0,right_wrist,0.5,0.5,0.0,540.0,960.0,0.5
f1ae9d18-a8ba-4f9a-9931-8905448347fd,360,12.0,left_hip,0.5,0.5,0.0,540.0,960.0,0.5
f1ae9d18-a8ba-4f9a-9931-8905448347fd,360,12.0,right_hip,0.5,0.5,0.0,540.0,960.0,0.5
f1ae9d18-a8ba-4f9a-9931-8905448347fd,360,12.0,left_knee,0.5,0.5,0.0,540.0,960.0,0.5
f1ae9d18-a8ba-4f9a-9931-8905448347fd,360,12.0,right_knee,0.5,0.5,0.0,540.0,960.0,0.5
f1ae9d18-a8ba-4f9a-9931-8905448347fd,360,12.0,left_ankle,0.5,0.5,0.0,540.0,960.0,0.5
f1ae9d18-a8ba-4f9a-9931-8905448347fd,360,12.0,right_ankle,0.5,0.5,0.0,540.0,960.0,0.5
f1ae9d18-a8ba-4f9a-9931-8905448347fd,360,12.0,left_heel,0.5,0.5,0.0,540.0,960.0,0.5
f1ae9d18-a8ba-4f9a-9931-8905448347fd,360,12.0,right_heel,0.5,0.5,0.0,540.0,960.0,0.5
f1ae9d18-a8ba-4f9a-9931-8905448347fd,360,12.0,left_foot_index,0.5,0.5,0.0,540.0,960.0,0.5
f1ae9d18-a8ba-4f9a-9931-8905448347fd,360,12.0,right_foot_index,0.5,0.5,0.0,540.0,960.0,0.5
f1ae9d18-a8ba-4f9a-9931-8905448347fd,361,12.033333333333333,nose,0.5,0.5,0.0,540.0,960.0,0.5
f1ae9d18-a8ba-4f9a-9931-8905448347fd,361,12.033333333333333,left_shoulder,0.5,0.5,0.0,540.0,960.0,0.5
f1ae9d18-a8ba-4f9a-9931-8905448347fd,361,12.033333333333333,right_shoulder,0.5,0.5,0.0,540.0,960.0,0.5
f1ae9d18-a8ba-4f9a-9931-8905448347fd,361,12.033333333333333,left_elbow,0.5,0.5,0.0,540.0,960.0,0.5
f1ae9d18-a8ba-4f9a-9931-8905448347fd,361,12.033333333333333,right_elbow,0.5,0.5,0.0,540.0,960.0,0.5
f1ae9d18-a8ba-4f9a-9931-8905448347fd,361,12.033333333333333,left_wrist,0.5,0.5,0.0,540.0,960.0,0.5
f1ae9d18-a8ba-4f9a-9931-8905448347fd,361,12.033333333333333,right_wrist,0.5,0.5,0.0,540.0,960.0,0.5
f1ae9d18-a8ba-4f9a-9931-8905448347fd,361,12.033333333333333,left_hip,0.5,0.5,0.0,540.0,960.0,0.5
f1ae9d18-a8ba-4f9a-9931-8905448347fd,361,12.033333333333333,right_hip,0.5,0.5,0.0,540.0,960.0,0.5
f1ae9d18-a8ba-4f9a-9931-8905448347fd,361,12.033333333333333,left_knee,0.5,0.5,0.0,540.0,960.0,0.5
f1ae9d18-a8ba-4f9a-9931-8905448347fd,361,12.033333333333333,right_knee,0.5,0.5,0.0,540.0,960.0,0.5
f1ae9d18-a8ba-4f9a-9931-8905448347fd,361,12.033333333333333,left_ankle,0.5,0.5,0.0,540.0,960.0,0.5
f1ae9d18-a8ba-4f9a-9931-8905448347fd,361,12.033333333333333,right_ankle,0.5,0.5,0.0,540.0,960.0,0.5
f1ae9d18-a8ba-4f9a-9931-8905448347fd,361,12.033333333333333,left_heel,0.5,0.5,0.0,540.0,960.0,0.5
f1ae9d18-a8ba-4f9a-9931-8905448347fd,361,12.033333333333333,right_heel,0.5,0.5,0.0,540.0,960.0,0.5
f1ae9d18-a8ba-4f9a-9931-8905448347fd,361,12.033333333333333,left_foot_index,0.5,0.5,0.0,540.0,960.0,0.5
f1ae9d18-a8ba-4f9a-9931-8905448347fd,361,12.033333333333333,right_foot_index,0.5,0.5,0.0,540.0,960.0,0.5
f1ae9d18-a8ba-4f9a-9931-8905448347fd,362,12.066666666666666,nose,0.5,0.5,0.0,540.0,960.0,0.5
f1ae9d18-a8ba-4f9a-9931-8905448347fd,362,12.066666666666666,left_shoulder,0.5,0.5,0.0,540.0,960.0,0.5
f1ae9d18-a8ba-4f9a-9931-8905448347fd,362,12.066666666666666,right_shoulder,0.5,0.5,0.0,540.0,960.0,0.5
f1ae9d18-a8ba-4f9a-9931-8905448347fd,362,12.066666666666666,left_elbow,0.5,0.5,0.0,540.0,960.0,0.5
f1ae9d18-a8ba-4f9a-9931-8905448347fd,362,12.066666666666666,right_elbow,0.5,0.5,0.0,540.0,960.0,0.5
f1ae9d18-a8ba-4f9a-9931-8905448347fd,362,12.066666666666666,left_wrist,0.5,0.5,0.0,540.0,960.0,0.5
f1ae9d18-a8ba-4f9a-9931-8905448347fd,362,12.066666666666666,right_wrist,0.5,0.5,0.0,540.0,960.0,0.5
f1ae9d18-a8ba-4f9a-9931-8905448347fd,362,12.066666666666666,left_hip,0.5,0.5,0.0,540.0,960.0,0.5
f1ae9d18-a8ba-4f9a-9931-8905448347fd,362,12.066666666666666,right_hip,0.5,0.5,0.0,540.0,960.0,0.5
f1ae9d18-a8ba-4f9a-9931-8905448347fd,362,12.066666666666666,left_knee,0.5,0.5,0.0,540.0,960.0,0.5
f1ae9d18-a8ba-4f9a-9931-8905448347fd,362,12.066666666666666,right_knee,0.5,0.5,0.0,540.0,960.0,0.5
f1ae9d18-a8ba-4f9a-9931-8905448347fd,362,12.066666666666666,left_ankle,0.5,0.5,0.0,540.0,960.0,0.5
f1ae9d18-a8ba-4f9a-9931-8905448347fd,362,12.066666666666666,right_ankle,0.5,0.5,0.0,540.0,960.0,0.5
f1ae9d18-a8ba-4f9a-9931-8905448347fd,362,12.066666666666666,left_heel,0.5,0.5,0.0,540.0,960.0,0.5
f1ae9d18-a8ba-4f9a-9931-8905448347fd,362,12.066666666666666,right_heel,0.5,0.5,0.0,540.0,960.0,0.5
f1ae9d18-a8ba-4f9a-9931-8905448347fd,362,12.066666666666666,left_foot_index,0.5,0.5,0.0,540.0,960.0,0.5
f1ae9d18-a8ba-4f9a-9931-8905448347fd,362,12.066666666666666,right_foot_index,0.5,0.5,0.0,540.0,960.0,0.5
f1ae9d18-a8ba-4f9a-9931-8905448347fd,363,12.1,nose,0.5,0.5,0.0,540.0,960.0,0.5
f1ae9d18-a8ba-4f9a-9931-8905448347fd,363,12.1,left_shoulder,0.5,0.5,0.0,540.0,960.0,0.5
f1ae9d18-a8ba-4f9a-9931-8905448347fd,363,12.1,right_shoulder,0.5,0.5,0.0,540.0,960.0,0.5
f1ae9d18-a8ba-4f9a-9931-8905448347fd,363,12.1,left_elbow,0.5,0.5,0.0,540.0,960.0,0.5
f1ae9d18-a8ba-4f9a-9931-8905448347fd,363,12.1,right_elbow,0.5,0.5,0.0,540.0,960.0,0.5
f1ae9d18-a8ba-4f9a-9931-8905448347fd,363,12.1,left_wrist,0.5,0.5,0.0,540.0,960.0,0.5
f1ae9d18-a8ba-4f9a-9931-8905448347fd,363,12.1,right_wrist,0.5,0.5,0.0,540.0,960.0,0.5
f1ae9d18-a8ba-4f9a-9931-8905448347fd,363,12.1,left_hip,0.5,0.5,0.0,540.0,960.0,0.5
f1ae9d18-a8ba-4f9a-9931-8905448347fd,363,12.1,right_hip,0.5,0.5,0.0,540.0,960.0,0.5
f1ae9d18-a8ba-4f9a-9931-8905448347fd,363,12.1,left_knee,0.5,0.5,0.0,540.0,960.0,0.5
f1ae9d18-a8ba-4f9a-9931-8905448347fd,363,12.1,right_knee,0.5,0.5,0.0,540.0,960.0,0.5
f1ae9d18-a8ba-4f9a-9931-8905448347fd,363,12.1,left_ankle,0.5,0.5,0.0,540.0,960.0,0.5
f1ae9d18-a8ba-4f9a-9931-8905448347fd,363,12.1,right_ankle,0.5,0.5,0.0,540.0,960.0,0.5
f1ae9d18-a8ba-4f9a-9931-8905448347fd,363,12.1,left_heel,0.5,0.5,0.0,540.0,960.0,0.5
f1ae9d18-a8ba-4f9a-9931-8905448347fd,363,12.1,right_heel,0.5,0.5,0.0,540.0,960.0,0.5
f1ae9d18-a8ba-4f9a-9931-8905448347fd,363,12.1,left_foot_index,0.5,0.5,0.0,540.0,960.0,0.5
f1ae9d18-a8ba-4f9a-9931-8905448347fd,363,12.1,right_foot_index,0.5,0.5,0.0,540.0,960.0,0.5
f1ae9d18-a8ba-4f9a-9931-8905448347fd,364,12.133333333333333,nose,0.5,0.5,0.0,540.0,960.0,0.5
f1ae9d18-a8ba-4f9a-9931-8905448347fd,364,12.133333333333333,left_shoulder,0.5,0.5,0.0,540.0,960.0,0.5
f1ae9d18-a8ba-4f9a-9931-8905448347fd,364,12.133333333333333,right_shoulder,0.5,0.5,0.0,540.0,960.0,0.5
f1ae9d18-a8ba-4f9a-9931-8905448347fd,364,12.133333333333333,left_elbow,0.5,0.5,0.0,540.0,960.0,0.5
f1ae9d18-a8ba-4f9a-9931-8905448347fd,364,12.133333333333333,right_elbow,0.5,0.5,0.0,540.0,960.0,0.5
f1ae9d18-a8ba-4f9a-9931-8905448347fd,364,12.133333333333333,left_wrist,0.5,0.5,0.0,540.0,960.0,0.5
f1ae9d18-a8ba-4f9a-9931-8905448347fd,364,12.133333333333333,right_wrist,0.5,0.5,0.0,540.0,960.0,0.5
f1ae9d18-a8ba-4f9a-9931-8905448347fd,364,12.133333333333333,left_hip,0.5,0.5,0.0,540.0,960.0,0.5
f1ae9d18-a8ba-4f9a-9931-8905448347fd,364,12.133333333333333,right_hip,0.5,0.5,0.0,540.0,960.0,0.5
f1ae9d18-a8ba-4f9a-9931-8905448347fd,364,12.133333333333333,left_knee,0.5,0.5,0.0,540.0,960.0,0.5
f1ae9d18-a8ba-4f9a-9931-8905448347fd,364,12.133333333333333,right_knee,0.5,0.5,0.0,540.0,960.0,0.5
f1ae9d18-a8ba-4f9a-9931-8905448347fd,364,12.133333333333333,left_ankle,0.5,0.5,0.0,540.0,960.0,0.5
f1ae9d18-a8ba-4f9a-9931-8905448347fd,364,12.133333333333333,right_ankle,0.5,0.5,0.0,540.0,960.0,0.5
f1ae9d18-a8ba-4f9a-9931-8905448347fd,364,12.133333333333333,left_heel,0.5,0.5,0.0,540.0,960.0,0.5
f1ae9d18-a8ba-4f9a-9931-8905448347fd,364,12.133333333333333,right_heel,0.5,0.5,0.0,540.0,960.0,0.5
f1ae9d18-a8ba-4f9a-9931-8905448347fd,364,12.133333333333333,left_foot_index,0.5,0.5,0.0,540.0,960.0,0.5
f1ae9d18-a8ba-4f9a-9931-8905448347fd,364,12.133333333333333,right_foot_index,0.5,0.5,0.0,540.0,960.0,0.5
f1ae9d18-a8ba-4f9a-9931-8905448347fd,365,12.166666666666666,nose,0.5,0.5,0.0,540.0,960.0,0.5
f1ae9d18-a8ba-4f9a-9931-8905448347fd,365,12.166666666666666,left_shoulder,0.5,0.5,0.0,540.0,960.0,0.5
f1ae9d18-a8ba-4f9a-9931-8905448347fd,365,12.166666666666666,right_shoulder,0.5,0.5,0.0,540.0,960.0,0.5
f1ae9d18-a8ba-4f9a-9931-8905448347fd,365,12.166666666666666,left_elbow,0.5,0.5,0.0,540.0,960.0,0.5
f1ae9d18-a8ba-4f9a-9931-8905448347fd,365,12.166666666666666,right_elbow,0.5,0.5,0.0,540.0,960.0,0.5
f1ae9d18-a8ba-4f9a-9931-8905448347fd,365,12.166666666666666,left_wrist,0.5,0.5,0.0,540.0,960.0,0.5
f1ae9d18-a8ba-4f9a-9931-8905448347fd,365,12.166666666666666,right_wrist,0.5,0.5,0.0,540.0,960.0,0.5
f1ae9d18-a8ba-4f9a-9931-8905448347fd,365,12.166666666666666,left_hip,0.5,0.5,0.0,540.0,960.0,0.5
f1ae9d18-a8ba-4f9a-9931-8905448347fd,365,12.166666666666666,right_hip,0.5,0.5,0.0,540.0,960.0,0.5
f1ae9d18-a8ba-4f9a-9931-8905448347fd,365,12.166666666666666,left_knee,0.5,0.5,0.0,540.0,960.0,0.5
f1ae9d18-a8ba-4f9a-9931-8905448347fd,365,12.166666666666666,right_knee,0.5,0.5,0.0,540.0,960.0,0.5
f1ae9d18-a8ba-4f9a-9931-8905448347fd,365,12.166666666666666,left_ankle,0.5,0.5,0.0,540.0,960.0,0.5
f1ae9d18-a8ba-4f9a-9931-8905448347fd,365,12.166666666666666,right_ankle,0.5,0.5,0.0,540.0,960.0,0.5
f1ae9d18-a8ba-4f9a-9931-8905448347fd,365,12.166666666666666,left_heel,0.5,0.5,0.0,540.0,960.0,0.5
f1ae9d18-a8ba-4f9a-9931-8905448347fd,365,12.166666666666666,right_heel,0.5,0.5,0.0,540.0,960.0,0.5
f1ae9d18-a8ba-4f9a-9931-8905448347fd,365,12.166666666666666,left_foot_index,0.5,0.5,0.0,540.0,960.0,0.5
f1ae9d18-a8ba-4f9a-9931-8905448347fd,365,12.166666666666666,right_foot_index,0.5,0.5,0.0,540.0,960.0,0.5
f1ae9d18-a8ba-4f9a-9931-8905448347fd,366,12.2,nose,0.5,0.5,0.0,540.0,960.0,0.5
f1ae9d18-a8ba-4f9a-9931-8905448347fd,366,12.2,left_shoulder,0.5,0.5,0.0,540.0,960.0,0.5
f1ae9d18-a8ba-4f9a-9931-8905448347fd,366,12.2,right_shoulder,0.5,0.5,0.0,540.0,960.0,0.5
f1ae9d18-a8ba-4f9a-9931-8905448347fd,366,12.2,left_elbow,0.5,0.5,0.0,540.0,960.0,0.5
f1ae9d18-a8ba-4f9a-9931-8905448347fd,366,12.2,right_elbow,0.5,0.5,0.0,540.0,960.0,0.5
f1ae9d18-a8ba-4f9a-9931-8905448347fd,366,12.2,left_wrist,0.5,0.5,0.0,540.0,960.0,0.5
f1ae9d18-a8ba-4f9a-9931-8905448347fd,366,12.2,right_wrist,0.5,0.5,0.0,540.0,960.0,0.5
f1ae9d18-a8ba-4f9a-9931-8905448347fd,366,12.2,left_hip,0.5,0.5,0.0,540.0,960.0,0.5
f1ae9d18-a8ba-4f9a-9931-8905448347fd,366,12.2,right_hip,0.5,0.5,0.0,540.0,960.0,0.5
f1ae9d18-a8ba-4f9a-9931-8905448347fd,366,12.2,left_knee,0.5,0.5,0.0,540.0,960.0,0.5
f1ae9d18-a8ba-4f9a-9931-8905448347fd,366,12.2,right_knee,0.5,0.5,0.0,540.0,960.0,0.5
f1ae9d18-a8ba-4f9a-9931-8905448347fd,366,12.2,left_ankle,0.5,0.5,0.0,540.0,960.0,0.5
f1ae9d18-a8ba-4f9a-9931-8905448347fd,366,12.2,right_ankle,0.5,0.5,0.0,540.0,960.0,0.5
f1ae9d18-a8ba-4f9a-9931-8905448347fd,366,12.2,left_heel,0.5,0.5,0.0,540.0,960.0,0.5
f1ae9d18-a8ba-4f9a-9931-8905448347fd,366,12.2,right_heel,0.5,0.5,0.0,540.0,960.0,0.5
f1ae9d18-a8ba-4f9a-9931-8905448347fd,366,12.2,left_foot_index,0.5,0.5,0.0,540.0,960.0,0.5
f1ae9d18-a8ba-4f9a-9931-8905448347fd,366,12.2,right_foot_index,0.5,0.5,0.0,540.0,960.0,0.5
f1ae9d18-a8ba-4f9a-9931-8905448347fd,367,12.233333333333333,nose,0.5,0.5,0.0,540.0,960.0,0.5
f1ae9d18-a8ba-4f9a-9931-8905448347fd,367,12.233333333333333,left_shoulder,0.5,0.5,0.0,540.0,960.0,0.5
f1ae9d18-a8ba-4f9a-9931-8905448347fd,367,12.233333333333333,right_shoulder,0.5,0.5,0.0,540.0,960.0,0.5
f1ae9d18-a8ba-4f9a-9931-8905448347fd,367,12.233333333333333,left_elbow,0.5,0.5,0.0,540.0,960.0,0.5
f1ae9d18-a8ba-4f9a-9931-8905448347fd,367,12.233333333333333,right_elbow,0.5,0.5,0.0,540.0,960.0,0.5
f1ae9d18-a8ba-4f9a-9931-8905448347fd,367,12.233333333333333,left_wrist,0.5,0.5,0.0,540.0,960.0,0.5
f1ae9d18-a8ba-4f9a-9931-8905448347fd,367,12.233333333333333,right_wrist,0.5,0.5,0.0,540.0,960.0,0.5
f1ae9d18-a8ba-4f9a-9931-8905448347fd,367,12.233333333333333,left_hip,0.5,0.5,0.0,540.0,960.0,0.5
f1ae9d18-a8ba-4f9a-9931-8905448347fd,367,12.233333333333333,right_hip,0.5,0.5,0.0,540.0,960.0,0.5
f1ae9d18-a8ba-4f9a-9931-8905448347fd,367,12.233333333333333,left_knee,0.5,0.5,0.0,540.0,960.0,0.5
f1ae9d18-a8ba-4f9a-9931-8905448347fd,367,12.233333333333333,right_knee,0.5,0.5,0.0,540.0,960.0,0.5
f1ae9d18-a8ba-4f9a-9931-8905448347fd,367,12.233333333333333,left_ankle,0.5,0.5,0.0,540.0,960.0,0.5
f1ae9d18-a8ba-4f9a-9931-8905448347fd,367,12.233333333333333,right_ankle,0.5,0.5,0.0,540.0,960.0,0.5
f1ae9d18-a8ba-4f9a-9931-8905448347fd,367,12.233333333333333,left_heel,0.5,0.5,0.0,540.0,960.0,0.5
f1ae9d18-a8ba-4f9a-9931-8905448347fd,367,12.233333333333333,right_heel,0.5,0.5,0.0,540.0,960.0,0.5
f1ae9d18-a8ba-4f9a-9931-8905448347fd,367,12.233333333333333,left_foot_index,0.5,0.5,0.0,540.0,960.0,0.5
f1ae9d18-a8ba-4f9a-9931-8905448347fd,367,12.233333333333333,right_foot_index,0.5,0.5,0.0,540.0,960.0,0.5
f1ae9d18-a8ba-4f9a-9931-8905448347fd,368,12.266666666666667,nose,0.5,0.5,0.0,540.0,960.0,0.5
f1ae9d18-a8ba-4f9a-9931-8905448347fd,368,12.266666666666667,left_shoulder,0.5,0.5,0.0,540.0,960.0,0.5
f1ae9d18-a8ba-4f9a-9931-8905448347fd,368,12.266666666666667,right_shoulder,0.5,0.5,0.0,540.0,960.0,0.5
f1ae9d18-a8ba-4f9a-9931-8905448347fd,368,12.266666666666667,left_elbow,0.5,0.5,0.0,540.0,960.0,0.5
f1ae9d18-a8ba-4f9a-9931-8905448347fd,368,12.266666666666667,right_elbow,0.5,0.5,0.0,540.0,960.0,0.5
f1ae9d18-a8ba-4f9a-9931-8905448347fd,368,12.266666666666667,left_wrist,0.5,0.5,0.0,540.0,960.0,0.5
f1ae9d18-a8ba-4f9a-9931-8905448347fd,368,12.266666666666667,right_wrist,0.5,0.5,0.0,540.0,960.0,0.5
f1ae9d18-a8ba-4f9a-9931-8905448347fd,368,12.266666666666667,left_hip,0.5,0.5,0.0,540.0,960.0,0.5
f1ae9d18-a8ba-4f9a-9931-8905448347fd,368,12.266666666666667,right_hip,0.5,0.5,0.0,540.0,960.0,0.5
f1ae9d18-a8ba-4f9a-9931-8905448347fd,368,12.266666666666667,left_knee,0.5,0.5,0.0,540.0,960.0,0.5
f1ae9d18-a8ba-4f9a-9931-8905448347fd,368,12.266666666666667,right_knee,0.5,0.5,0.0,540.0,960.0,0.5
f1ae9d18-a8ba-4f9a-9931-8905448347fd,368,12.266666666666667,left_ankle,0.5,0.5,0.0,540.0,960.0,0.5
f1ae9d18-a8ba-4f9a-9931-8905448347fd,368,12.266666666666667,right_ankle,0.5,0.5,0.0,540.0,960.0,0.5
f1ae9d18-a8ba-4f9a-9931-8905448347fd,368,12.266666666666667,left_heel,0.5,0.5,0.0,540.0,960.0,0.5
f1ae9d18-a8ba-4f9a-9931-8905448347fd,368,12.266666666666667,right_heel,0.5,0.5,0.0,540.0,960.0,0.5
f1ae9d18-a8ba-4f9a-9931-8905448347fd,368,12.266666666666667,left_foot_index,0.5,0.5,0.0,540.0,960.0,0.5
f1ae9d18-a8ba-4f9a-9931-8905448347fd,368,12.266666666666667,right_foot_index,0.5,0.5,0.0,540.0,960.0,0.5
f1ae9d18-a8ba-4f9a-9931-8905448347fd,369,12.3,nose,0.5,0.5,0.0,540.0,960.0,0.5
f1ae9d18-a8ba-4f9a-9931-8905448347fd,369,12.3,left_shoulder,0.5,0.5,0.0,540.0,960.0,0.5
f1ae9d18-a8ba-4f9a-9931-8905448347fd,369,12.3,right_shoulder,0.5,0.5,0.0,540.0,960.0,0.5
f1ae9d18-a8ba-4f9a-9931-8905448347fd,369,12.3,left_elbow,0.5,0.5,0.0,540.0,960.0,0.5
f1ae9d18-a8ba-4f9a-9931-8905448347fd,369,12.3,right_elbow,0.5,0.5,0.0,540.0,960.0,0.5
f1ae9d18-a8ba-4f9a-9931-8905448347fd,369,12.3,left_wrist,0.5,0.5,0.0,540.0,960.0,0.5
f1ae9d18-a8ba-4f9a-9931-8905448347fd,369,12.3,right_wrist,0.5,0.5,0.0,540.0,960.0,0.5
f1ae9d18-a8ba-4f9a-9931-8905448347fd,369,12.3,left_hip,0.5,0.5,0.0,540.0,960.0,0.5
f1ae9d18-a8ba-4f9a-9931-8905448347fd,369,12.3,right_hip,0.5,0.5,0.0,540.0,960.0,0.5
f1ae9d18-a8ba-4f9a-9931-8905448347fd,369,12.3,left_knee,0.5,0.5,0.0,540.0,960.0,0.5
f1ae9d18-a8ba-4f9a-9931-8905448347fd,369,12.3,right_knee,0.5,0.5,0.0,540.0,960.0,0.5
f1ae9d18-a8ba-4f9a-9931-8905448347fd,369,12.3,left_ankle,0.5,0.5,0.0,540.0,960.0,0.5
f1ae9d18-a8ba-4f9a-9931-8905448347fd,369,12.3,right_ankle,0.5,0.5,0.0,540.0,960.0,0.5
f1ae9d18-a8ba-4f9a-9931-8905448347fd,369,12.3,left_heel,0.5,0.5,0.0,540.0,960.0,0.5
f1ae9d18-a8ba-4f9a-9931-8905448347fd,369,12.3,right_heel,0.5,0.5,0.0,540.0,960.0,0.5
f1ae9d18-a8ba-4f9a-9931-8905448347fd,369,12.3,left_foot_index,0.5,0.5,0.0,540.0,960.0,0.5
f1ae9d18-a8ba-4f9a-9931-8905448347fd,369,12.3,right_foot_index,0.5,0.5,0.0,540.0,960.0,0.5
f1ae9d18-a8ba-4f9a-9931-8905448347fd,370,12.333333333333334,nose,0.5,0.5,0.0,540.0,960.0,0.5
f1ae9d18-a8ba-4f9a-9931-8905448347fd,370,12.333333333333334,left_shoulder,0.5,0.5,0.0,540.0,960.0,0.5
f1ae9d18-a8ba-4f9a-9931-8905448347fd,370,12.333333333333334,right_shoulder,0.5,0.5,0.0,540.0,960.0,0.5
f1ae9d18-a8ba-4f9a-9931-8905448347fd,370,12.333333333333334,left_elbow,0.5,0.5,0.0,540.0,960.0,0.5
f1ae9d18-a8ba-4f9a-9931-8905448347fd,370,12.333333333333334,right_elbow,0.5,0.5,0.0,540.0,960.0,0.5
f1ae9d18-a8ba-4f9a-9931-8905448347fd,370,12.333333333333334,left_wrist,0.5,0.5,0.0,540.0,960.0,0.5
f1ae9d18-a8ba-4f9a-9931-8905448347fd,370,12.333333333333334,right_wrist,0.5,0.5,0.0,540.0,960.0,0.5
f1ae9d18-a8ba-4f9a-9931-8905448347fd,370,12.333333333333334,left_hip,0.5,0.5,0.0,540.0,960.0,0.5
f1ae9d18-a8ba-4f9a-9931-8905448347fd,370,12.333333333333334,right_hip,0.5,0.5,0.0,540.0,960.0,0.5
f1ae9d18-a8ba-4f9a-9931-8905448347fd,370,12.333333333333334,left_knee,0.5,0.5,0.0,540.0,960.0,0.5
f1ae9d18-a8ba-4f9a-9931-8905448347fd,370,12.333333333333334,right_knee,0.5,0.5,0.0,540.0,960.0,0.5
f1ae9d18-a8ba-4f9a-9931-8905448347fd,370,12.333333333333334,left_ankle,0.5,0.5,0.0,540.0,960.0,0.5
f1ae9d18-a8ba-4f9a-9931-8905448347fd,370,12.333333333333334,right_ankle,0.5,0.5,0.0,540.0,960.0,0.5
f1ae9d18-a8ba-4f9a-9931-8905448347fd,370,12.333333333333334,left_heel,0.5,0.5,0.0,540.0,960.0,0.5
f1ae9d18-a8ba-4f9a-9931-8905448347fd,370,12.333333333333334,right_heel,0.5,0.5,0.0,540.0,960.0,0.5
f1ae9d18-a8ba-4f9a-9931-8905448347fd,370,12.333333333333334,left_foot_index,0.5,0.5,0.0,540.0,960.0,0.5
f1ae9d18-a8ba-4f9a-9931-8905448347fd,370,12.333333333333334,right_foot_index,0.5,0.5,0.0,540.0,960.0,0.5
f1ae9d18-a8ba-4f9a-9931-8905448347fd,371,12.366666666666667,nose,0.5,0.5,0.0,540.0,960.0,0.5
f1ae9d18-a8ba-4f9a-9931-8905448347fd,371,12.366666666666667,left_shoulder,0.5,0.5,0.0,540.0,960.0,0.5
f1ae9d18-a8ba-4f9a-9931-8905448347fd,371,12.366666666666667,right_shoulder,0.5,0.5,0.0,540.0,960.0,0.5
f1ae9d18-a8ba-4f9a-9931-8905448347fd,371,12.366666666666667,left_elbow,0.5,0.5,0.0,540.0,960.0,0.5
f1ae9d18-a8ba-4f9a-9931-8905448347fd,371,12.366666666666667,right_elbow,0.5,0.5,0.0,540.0,960.0,0.5
f1ae9d18-a8ba-4f9a-9931-8905448347fd,371,12.366666666666667,left_wrist,0.5,0.5,0.0,540.0,960.0,0.5
f1ae9d18-a8ba-4f9a-9931-8905448347fd,371,12.366666666666667,right_wrist,0.5,0.5,0.0,540.0,960.0,0.5
f1ae9d18-a8ba-4f9a-9931-8905448347fd,371,12.366666666666667,left_hip,0.5,0.5,0.0,540.0,960.0,0.5
f1ae9d18-a8ba-4f9a-9931-8905448347fd,371,12.366666666666667,right_hip,0.5,0.5,0.0,540.0,960.0,0.5
f1ae9d18-a8ba-4f9a-9931-8905448347fd,371,12.366666666666667,left_knee,0.5,0.5,0.0,540.0,960.0,0.5
f1ae9d18-a8ba-4f9a-9931-8905448347fd,371,12.366666666666667,right_knee,0.5,0.5,0.0,540.0,960.0,0.5
f1ae9d18-a8ba-4f9a-9931-8905448347fd,371,12.366666666666667,left_ankle,0.5,0.5,0.0,540.0,960.0,0.5
f1ae9d18-a8ba-4f9a-9931-8905448347fd,371,12.366666666666667,right_ankle,0.5,0.5,0.0,540.0,960.0,0.5
f1ae9d18-a8ba-4f9a-9931-8905448347fd,371,12.366666666666667,left_heel,0.5,0.5,0.0,540.0,960.0,0.5
f1ae9d18-a8ba-4f9a-9931-8905448347fd,371,12.366666666666667,right_heel,0.5,0.5,0.0,540.0,960.0,0.5
f1ae9d18-a8ba-4f9a-9931-8905448347fd,371,12.366666666666667,left_foot_index,0.5,0.5,0.0,540.0,960.0,0.5
f1ae9d18-a8ba-4f9a-9931-8905448347fd,371,12.366666666666667,right_foot_index,0.5,0.5,0.0,540.0,960.0,0.5
f1ae9d18-a8ba-4f9a-9931-8905448347fd,372,12.4,nose,0.5,0.5,0.0,540.0,960.0,0.5
f1ae9d18-a8ba-4f9a-9931-8905448347fd,372,12.4,left_shoulder,0.5,0.5,0.0,540.0,960.0,0.5
f1ae9d18-a8ba-4f9a-9931-8905448347fd,372,12.4,right_shoulder,0.5,0.5,0.0,540.0,960.0,0.5
f1ae9d18-a8ba-4f9a-9931-8905448347fd,372,12.4,left_elbow,0.5,0.5,0.0,540.0,960.0,0.5
f1ae9d18-a8ba-4f9a-9931-8905448347fd,372,12.4,right_elbow,0.5,0.5,0.0,540.0,960.0,0.5
f1ae9d18-a8ba-4f9a-9931-8905448347fd,372,12.4,left_wrist,0.5,0.5,0.0,540.0,960.0,0.5
f1ae9d18-a8ba-4f9a-9931-8905448347fd,372,12.4,right_wrist,0.5,0.5,0.0,540.0,960.0,0.5
f1ae9d18-a8ba-4f9a-9931-8905448347fd,372,12.4,left_hip,0.5,0.5,0.0,540.0,960.0,0.5
f1ae9d18-a8ba-4f9a-9931-8905448347fd,372,12.4,right_hip,0.5,0.5,0.0,540.0,960.0,0.5
f1ae9d18-a8ba-4f9a-9931-8905448347fd,372,12.4,left_knee,0.5,0.5,0.0,540.0,960.0,0.5
f1ae9d18-a8ba-4f9a-9931-8905448347fd,372,12.4,right_knee,0.5,0.5,0.0,540.0,960.0,0.5
f1ae9d18-a8ba-4f9a-9931-8905448347fd,372,12.4,left_ankle,0.5,0.5,0.0,540.0,960.0,0.5
f1ae9d18-a8ba-4f9a-9931-8905448347fd,372,12.4,right_ankle,0.5,0.5,0.0,540.0,960.0,0.5
f1ae9d18-a8ba-4f9a-9931-8905448347fd,372,12.4,left_heel,0.5,0.5,0.0,540.0,960.0,0.5
f1ae9d18-a8ba-4f9a-9931-8905448347fd,372,12.4,right_heel,0.5,0.5,0.0,540.0,960.0,0.5
f1ae9d18-a8ba-4f9a-9931-8905448347fd,372,12.4,left_foot_index,0.5,0.5,0.0,540.0,960.0,0.5
f1ae9d18-a8ba-4f9a-9931-8905448347fd,372,12.4,right_foot_index,0.5,0.5,0.0,540.0,960.0,0.5
f1ae9d18-a8ba-4f9a-9931-8905448347fd,373,12.433333333333334,nose,0.5,0.5,0.0,540.0,960.0,0.5
f1ae9d18-a8ba-4f9a-9931-8905448347fd,373,12.433333333333334,left_shoulder,0.5,0.5,0.0,540.0,960.0,0.5
f1ae9d18-a8ba-4f9a-9931-8905448347fd,373,12.433333333333334,right_shoulder,0.5,0.5,0.0,540.0,960.0,0.5
f1ae9d18-a8ba-4f9a-9931-8905448347fd,373,12.433333333333334,left_elbow,0.5,0.5,0.0,540.0,960.0,0.5
f1ae9d18-a8ba-4f9a-9931-8905448347fd,373,12.433333333333334,right_elbow,0.5,0.5,0.0,540.0,960.0,0.5
f1ae9d18-a8ba-4f9a-9931-8905448347fd,373,12.433333333333334,left_wrist,0.5,0.5,0.0,540.0,960.0,0.5
f1ae9d18-a8ba-4f9a-9931-8905448347fd,373,12.433333333333334,right_wrist,0.5,0.5,0.0,540.0,960.0,0.5
f1ae9d18-a8ba-4f9a-9931-8905448347fd,373,12.433333333333334,left_hip,0.5,0.5,0.0,540.0,960.0,0.5
f1ae9d18-a8ba-4f9a-9931-8905448347fd,373,12.433333333333334,right_hip,0.5,0.5,0.0,540.0,960.0,0.5
f1ae9d18-a8ba-4f9a-9931-8905448347fd,373,12.433333333333334,left_knee,0.5,0.5,0.0,540.0,960.0,0.5
f1ae9d18-a8ba-4f9a-9931-8905448347fd,373,12.433333333333334,right_knee,0.5,0.5,0.0,540.0,960.0,0.5
f1ae9d18-a8ba-4f9a-9931-8905448347fd,373,12.433333333333334,left_ankle,0.5,0.5,0.0,540.0,960.0,0.5
f1ae9d18-a8ba-4f9a-9931-8905448347fd,373,12.433333333333334,right_ankle,0.5,0.5,0.0,540.0,960.0,0.5
f1ae9d18-a8ba-4f9a-9931-8905448347fd,373,12.433333333333334,left_heel,0.5,0.5,0.0,540.0,960.0,0.5
f1ae9d18-a8ba-4f9a-9931-8905448347fd,373,12.433333333333334,right_heel,0.5,0.5,0.0,540.0,960.0,0.5
f1ae9d18-a8ba-4f9a-9931-8905448347fd,373,12.433333333333334,left_foot_index,0.5,0.5,0.0,540.0,960.0,0.5
f1ae9d18-a8ba-4f9a-9931-8905448347fd,373,12.433333333333334,right_foot_index,0.5,0.5,0.0,540.0,960.0,0.5
f1ae9d18-a8ba-4f9a-9931-8905448347fd,374,12.466666666666667,nose,0.5,0.5,0.0,540.0,960.0,0.5
f1ae9d18-a8ba-4f9a-9931-8905448347fd,374,12.466666666666667,left_shoulder,0.5,0.5,0.0,540.0,960.0,0.5
f1ae9d18-a8ba-4f9a-9931-8905448347fd,374,12.466666666666667,right_shoulder,0.5,0.5,0.0,540.0,960.0,0.5
f1ae9d18-a8ba-4f9a-9931-8905448347fd,374,12.466666666666667,left_elbow,0.5,0.5,0.0,540.0,960.0,0.5
f1ae9d18-a8ba-4f9a-9931-8905448347fd,374,12.466666666666667,right_elbow,0.5,0.5,0.0,540.0,960.0,0.5
f1ae9d18-a8ba-4f9a-9931-8905448347fd,374,12.466666666666667,left_wrist,0.5,0.5,0.0,540.0,960.0,0.5
f1ae9d18-a8ba-4f9a-9931-8905448347fd,374,12.466666666666667,right_wrist,0.5,0.5,0.0,540.0,960.0,0.5
f1ae9d18-a8ba-4f9a-9931-8905448347fd,374,12.466666666666667,left_hip,0.5,0.5,0.0,540.0,960.0,0.5
f1ae9d18-a8ba-4f9a-9931-8905448347fd,374,12.466666666666667,right_hip,0.5,0.5,0.0,540.0,960.0,0.5
f1ae9d18-a8ba-4f9a-9931-8905448347fd,374,12.466666666666667,left_knee,0.5,0.5,0.0,540.0,960.0,0.5
f1ae9d18-a8ba-4f9a-9931-8905448347fd,374,12.466666666666667,right_knee,0.5,0.5,0.0,540.0,960.0,0.5
f1ae9d18-a8ba-4f9a-9931-8905448347fd,374,12.466666666666667,left_ankle,0.5,0.5,0.0,540.0,960.0,0.5
f1ae9d18-a8ba-4f9a-9931-8905448347fd,374,12.466666666666667,right_ankle,0.5,0.5,0.0,540.0,960.0,0.5
f1ae9d18-a8ba-4f9a-9931-8905448347fd,374,12.466666666666667,left_heel,0.5,0.5,0.0,540.0,960.0,0.5
f1ae9d18-a8ba-4f9a-9931-8905448347fd,374,12.466666666666667,right_heel,0.5,0.5,0.0,540.0,960.0,0.5
f1ae9d18-a8ba-4f9a-9931-8905448347fd,374,12.466666666666667,left_foot_index,0.5,0.5,0.0,540.0,960.0,0.5
f1ae9d18-a8ba-4f9a-9931-8905448347fd,374,12.466666666666667,right_foot_index,0.5,0.5,0.0,540.0,960.0,0.5
f1ae9d18-a8ba-4f9a-9931-8905448347fd,375,12.5,nose,0.5,0.5,0.0,540.0,960.0,0.5
f1ae9d18-a8ba-4f9a-9931-8905448347fd,375,12.5,left_shoulder,0.5,0.5,0.0,540.0,960.0,0.5
f1ae9d18-a8ba-4f9a-9931-8905448347fd,375,12.5,right_shoulder,0.5,0.5,0.0,540.0,960.0,0.5
f1ae9d18-a8ba-4f9a-9931-8905448347fd,375,12.5,left_elbow,0.5,0.5,0.0,540.0,960.0,0.5
f1ae9d18-a8ba-4f9a-9931-8905448347fd,375,12.5,right_elbow,0.5,0.5,0.0,540.0,960.0,0.5
f1ae9d18-a8ba-4f9a-9931-8905448347fd,375,12.5,left_wrist,0.5,0.5,0.0,540.0,960.0,0.5
f1ae9d18-a8ba-4f9a-9931-8905448347fd,375,12.5,right_wrist,0.5,0.5,0.0,540.0,960.0,0.5
f1ae9d18-a8ba-4f9a-9931-8905448347fd,375,12.5,left_hip,0.5,0.5,0.0,540.0,960.0,0.5
f1ae9d18-a8ba-4f9a-9931-8905448347fd,375,12.5,right_hip,0.5,0.5,0.0,540.0,960.0,0.5
f1ae9d18-a8ba-4f9a-9931-8905448347fd,375,12.5,left_knee,0.5,0.5,0.0,540.0,960.0,0.5
f1ae9d18-a8ba-4f9a-9931-8905448347fd,375,12.5,right_knee,0.5,0.5,0.0,540.0,960.0,0.5
f1ae9d18-a8ba-4f9a-9931-8905448347fd,375,12.5,left_ankle,0.5,0.5,0.0,540.0,960.0,0.5
f1ae9d18-a8ba-4f9a-9931-8905448347fd,375,12.5,right_ankle,0.5,0.5,0.0,540.0,960.0,0.5
f1ae9d18-a8ba-4f9a-9931-8905448347fd,375,12.5,left_heel,0.5,0.5,0.0,540.0,960.0,0.5
f1ae9d18-a8ba-4f9a-9931-8905448347fd,375,12.5,right_heel,0.5,0.5,0.0,540.0,960.0,0.5
f1ae9d18-a8ba-4f9a-9931-8905448347fd,375,12.5,left_foot_index,0.5,0.5,0.0,540.0,960.0,0.5
f1ae9d18-a8ba-4f9a-9931-8905448347fd,375,12.5,right_foot_index,0.5,0.5,0.0,540.0,960.0,0.5
f1ae9d18-a8ba-4f9a-9931-8905448347fd,376,12.533333333333333,nose,0.5,0.5,0.0,540.0,960.0,0.5
f1ae9d18-a8ba-4f9a-9931-8905448347fd,376,12.533333333333333,left_shoulder,0.5,0.5,0.0,540.0,960.0,0.5
f1ae9d18-a8ba-4f9a-9931-8905448347fd,376,12.533333333333333,right_shoulder,0.5,0.5,0.0,540.0,960.0,0.5
f1ae9d18-a8ba-4f9a-9931-8905448347fd,376,12.533333333333333,left_elbow,0.5,0.5,0.0,540.0,960.0,0.5
f1ae9d18-a8ba-4f9a-9931-8905448347fd,376,12.533333333333333,right_elbow,0.5,0.5,0.0,540.0,960.0,0.5
f1ae9d18-a8ba-4f9a-9931-8905448347fd,376,12.533333333333333,left_wrist,0.5,0.5,0.0,540.0,960.0,0.5
f1ae9d18-a8ba-4f9a-9931-8905448347fd,376,12.533333333333333,right_wrist,0.5,0.5,0.0,540.0,960.0,0.5
f1ae9d18-a8ba-4f9a-9931-8905448347fd,376,12.533333333333333,left_hip,0.5,0.5,0.0,540.0,960.0,0.5
f1ae9d18-a8ba-4f9a-9931-8905448347fd,376,12.533333333333333,right_hip,0.5,0.5,0.0,540.0,960.0,0.5
f1ae9d18-a8ba-4f9a-9931-8905448347fd,376,12.533333333333333,left_knee,0.5,0.5,0.0,540.0,960.0,0.5
f1ae9d18-a8ba-4f9a-9931-8905448347fd,376,12.533333333333333,right_knee,0.5,0.5,0.0,540.0,960.0,0.5
f1ae9d18-a8ba-4f9a-9931-8905448347fd,376,12.533333333333333,left_ankle,0.5,0.5,0.0,540.0,960.0,0.5
f1ae9d18-a8ba-4f9a-9931-8905448347fd,376,12.533333333333333,right_ankle,0.5,0.5,0.0,540.0,960.0,0.5
f1ae9d18-a8ba-4f9a-9931-8905448347fd,376,12.533333333333333,left_heel,0.5,0.5,0.0,540.0,960.0,0.5
f1ae9d18-a8ba-4f9a-9931-8905448347fd,376,12.533333333333333,right_heel,0.5,0.5,0.0,540.0,960.0,0.5
f1ae9d18-a8ba-4f9a-9931-8905448347fd,376,12.533333333333333,left_foot_index,0.5,0.5,0.0,540.0,960.0,0.5
f1ae9d18-a8ba-4f9a-9931-8905448347fd,376,12.533333333333333,right_foot_index,0.5,0.5,0.0,540.0,960.0,0.5
f1ae9d18-a8ba-4f9a-9931-8905448347fd,377,12.566666666666666,nose,0.5,0.5,0.0,540.0,960.0,0.5
f1ae9d18-a8ba-4f9a-9931-8905448347fd,377,12.566666666666666,left_shoulder,0.5,0.5,0.0,540.0,960.0,0.5
f1ae9d18-a8ba-4f9a-9931-8905448347fd,377,12.566666666666666,right_shoulder,0.5,0.5,0.0,540.0,960.0,0.5
f1ae9d18-a8ba-4f9a-9931-8905448347fd,377,12.566666666666666,left_elbow,0.5,0.5,0.0,540.0,960.0,0.5
f1ae9d18-a8ba-4f9a-9931-8905448347fd,377,12.566666666666666,right_elbow,0.5,0.5,0.0,540.0,960.0,0.5
f1ae9d18-a8ba-4f9a-9931-8905448347fd,377,12.566666666666666,left_wrist,0.5,0.5,0.0,540.0,960.0,0.5
f1ae9d18-a8ba-4f9a-9931-8905448347fd,377,12.566666666666666,right_wrist,0.5,0.5,0.0,540.0,960.0,0.5
f1ae9d18-a8ba-4f9a-9931-8905448347fd,377,12.566666666666666,left_hip,0.5,0.5,0.0,540.0,960.0,0.5
f1ae9d18-a8ba-4f9a-9931-8905448347fd,377,12.566666666666666,right_hip,0.5,0.5,0.0,540.0,960.0,0.5
f1ae9d18-a8ba-4f9a-9931-8905448347fd,377,12.566666666666666,left_knee,0.5,0.5,0.0,540.0,960.0,0.5
f1ae9d18-a8ba-4f9a-9931-8905448347fd,377,12.566666666666666,right_knee,0.5,0.5,0.0,540.0,960.0,0.5
f1ae9d18-a8ba-4f9a-9931-8905448347fd,377,12.566666666666666,left_ankle,0.5,0.5,0.0,540.0,960.0,0.5
f1ae9d18-a8ba-4f9a-9931-8905448347fd,377,12.566666666666666,right_ankle,0.5,0.5,0.0,540.0,960.0,0.5
f1ae9d18-a8ba-4f9a-9931-8905448347fd,377,12.566666666666666,left_heel,0.5,0.5,0.0,540.0,960.0,0.5
f1ae9d18-a8ba-4f9a-9931-8905448347fd,377,12.566666666666666,right_heel,0.5,0.5,0.0,540.0,960.0,0.5
f1ae9d18-a8ba-4f9a-9931-8905448347fd,377,12.566666666666666,left_foot_index,0.5,0.5,0.0,540.0,960.0,0.5
f1ae9d18-a8ba-4f9a-9931-8905448347fd,377,12.566666666666666,right_foot_index,0.5,0.5,0.0,540.0,960.0,0.5
f1ae9d18-a8ba-4f9a-9931-8905448347fd,378,12.6,nose,0.5,0.5,0.0,540.0,960.0,0.5
f1ae9d18-a8ba-4f9a-9931-8905448347fd,378,12.6,left_shoulder,0.5,0.5,0.0,540.0,960.0,0.5
f1ae9d18-a8ba-4f9a-9931-8905448347fd,378,12.6,right_shoulder,0.5,0.5,0.0,540.0,960.0,0.5
f1ae9d18-a8ba-4f9a-9931-8905448347fd,378,12.6,left_elbow,0.5,0.5,0.0,540.0,960.0,0.5
f1ae9d18-a8ba-4f9a-9931-8905448347fd,378,12.6,right_elbow,0.5,0.5,0.0,540.0,960.0,0.5
f1ae9d18-a8ba-4f9a-9931-8905448347fd,378,12.6,left_wrist,0.5,0.5,0.0,540.0,960.0,0.5
f1ae9d18-a8ba-4f9a-9931-8905448347fd,378,12.6,right_wrist,0.5,0.5,0.0,540.0,960.0,0.5
f1ae9d18-a8ba-4f9a-9931-8905448347fd,378,12.6,left_hip,0.5,0.5,0.0,540.0,960.0,0.5
f1ae9d18-a8ba-4f9a-9931-8905448347fd,378,12.6,right_hip,0.5,0.5,0.0,540.0,960.0,0.5
f1ae9d18-a8ba-4f9a-9931-8905448347fd,378,12.6,left_knee,0.5,0.5,0.0,540.0,960.0,0.5
f1ae9d18-a8ba-4f9a-9931-8905448347fd,378,12.6,right_knee,0.5,0.5,0.0,540.0,960.0,0.5
f1ae9d18-a8ba-4f9a-9931-8905448347fd,378,12.6,left_ankle,0.5,0.5,0.0,540.0,960.0,0.5
f1ae9d18-a8ba-4f9a-9931-8905448347fd,378,12.6,right_ankle,0.5,0.5,0.0,540.0,960.0,0.5
f1ae9d18-a8ba-4f9a-9931-8905448347fd,378,12.6,left_heel,0.5,0.5,0.0,540.0,960.0,0.5
f1ae9d18-a8ba-4f9a-9931-8905448347fd,378,12.6,right_heel,0.5,0.5,0.0,540.0,960.0,0.5
f1ae9d18-a8ba-4f9a-9931-8905448347fd,378,12.6,left_foot_index,0.5,0.5,0.0,540.0,960.0,0.5
f1ae9d18-a8ba-4f9a-9931-8905448347fd,378,12.6,right_foot_index,0.5,0.5,0.0,540.0,960.0,0.5
f1ae9d18-a8ba-4f9a-9931-8905448347fd,379,12.633333333333333,nose,0.5,0.5,0.0,540.0,960.0,0.5
f1ae9d18-a8ba-4f9a-9931-8905448347fd,379,12.633333333333333,left_shoulder,0.5,0.5,0.0,540.0,960.0,0.5
f1ae9d18-a8ba-4f9a-9931-8905448347fd,379,12.633333333333333,right_shoulder,0.5,0.5,0.0,540.0,960.0,0.5
f1ae9d18-a8ba-4f9a-9931-8905448347fd,379,12.633333333333333,left_elbow,0.5,0.5,0.0,540.0,960.0,0.5
f1ae9d18-a8ba-4f9a-9931-8905448347fd,379,12.633333333333333,right_elbow,0.5,0.5,0.0,540.0,960.0,0.5
f1ae9d18-a8ba-4f9a-9931-8905448347fd,379,12.633333333333333,left_wrist,0.5,0.5,0.0,540.0,960.0,0.5
f1ae9d18-a8ba-4f9a-9931-8905448347fd,379,12.633333333333333,right_wrist,0.5,0.5,0.0,540.0,960.0,0.5
f1ae9d18-a8ba-4f9a-9931-8905448347fd,379,12.633333333333333,left_hip,0.5,0.5,0.0,540.0,960.0,0.5
f1ae9d18-a8ba-4f9a-9931-8905448347fd,379,12.633333333333333,right_hip,0.5,0.5,0.0,540.0,960.0,0.5
f1ae9d18-a8ba-4f9a-9931-8905448347fd,379,12.633333333333333,left_knee,0.5,0.5,0.0,540.0,960.0,0.5
f1ae9d18-a8ba-4f9a-9931-8905448347fd,379,12.633333333333333,right_knee,0.5,0.5,0.0,540.0,960.0,0.5
f1ae9d18-a8ba-4f9a-9931-8905448347fd,379,12.633333333333333,left_ankle,0.5,0.5,0.0,540.0,960.0,0.5
f1ae9d18-a8ba-4f9a-9931-8905448347fd,379,12.633333333333333,right_ankle,0.5,0.5,0.0,540.0,960.0,0.5
f1ae9d18-a8ba-4f9a-9931-8905448347fd,379,12.633333333333333,left_heel,0.5,0.5,0.0,540.0,960.0,0.5
f1ae9d18-a8ba-4f9a-9931-8905448347fd,379,12.633333333333333,right_heel,0.5,0.5,0.0,540.0,960.0,0.5
f1ae9d18-a8ba-4f9a-9931-8905448347fd,379,12.633333333333333,left_foot_index,0.5,0.5,0.0,540.0,960.0,0.5
f1ae9d18-a8ba-4f9a-9931-8905448347fd,379,12.633333333333333,right_foot_index,0.5,0.5,0.0,540.0,960.0,0.5
f1ae9d18-a8ba-4f9a-9931-8905448347fd,380,12.666666666666666,nose,0.5,0.5,0.0,540.0,960.0,0.5
f1ae9d18-a8ba-4f9a-9931-8905448347fd,380,12.666666666666666,left_shoulder,0.5,0.5,0.0,540.0,960.0,0.5
f1ae9d18-a8ba-4f9a-9931-8905448347fd,380,12.666666666666666,right_shoulder,0.5,0.5,0.0,540.0,960.0,0.5
f1ae9d18-a8ba-4f9a-9931-8905448347fd,380,12.666666666666666,left_elbow,0.5,0.5,0.0,540.0,960.0,0.5
f1ae9d18-a8ba-4f9a-9931-8905448347fd,380,12.666666666666666,right_elbow,0.5,0.5,0.0,540.0,960.0,0.5
f1ae9d18-a8ba-4f9a-9931-8905448347fd,380,12.666666666666666,left_wrist,0.5,0.5,0.0,540.0,960.0,0.5
f1ae9d18-a8ba-4f9a-9931-8905448347fd,380,12.666666666666666,right_wrist,0.5,0.5,0.0,540.0,960.0,0.5
f1ae9d18-a8ba-4f9a-9931-8905448347fd,380,12.666666666666666,left_hip,0.5,0.5,0.0,540.0,960.0,0.5
f1ae9d18-a8ba-4f9a-9931-8905448347fd,380,12.666666666666666,right_hip,0.5,0.5,0.0,540.0,960.0,0.5
f1ae9d18-a8ba-4f9a-9931-8905448347fd,380,12.666666666666666,left_knee,0.5,0.5,0.0,540.0,960.0,0.5
f1ae9d18-a8ba-4f9a-9931-8905448347fd,380,12.666666666666666,right_knee,0.5,0.5,0.0,540.0,960.0,0.5
f1ae9d18-a8ba-4f9a-9931-8905448347fd,380,12.666666666666666,left_ankle,0.5,0.5,0.0,540.0,960.0,0.5
f1ae9d18-a8ba-4f9a-9931-8905448347fd,380,12.666666666666666,right_ankle,0.5,0.5,0.0,540.0,960.0,0.5
f1ae9d18-a8ba-4f9a-9931-8905448347fd,380,12.666666666666666,left_heel,0.5,0.5,0.0,540.0,960.0,0.5
f1ae9d18-a8ba-4f9a-9931-8905448347fd,380,12.666666666666666,right_heel,0.5,0.5,0.0,540.0,960.0,0.5
f1ae9d18-a8ba-4f9a-9931-8905448347fd,380,12.666666666666666,left_foot_index,0.5,0.5,0.0,540.0,960.0,0.5
f1ae9d18-a8ba-4f9a-9931-8905448347fd,380,12.666666666666666,right_foot_index,0.5,0.5,0.0,540.0,960.0,0.5
f1ae9d18-a8ba-4f9a-9931-8905448347fd,381,12.7,nose,0.5,0.5,0.0,540.0,960.0,0.5
f1ae9d18-a8ba-4f9a-9931-8905448347fd,381,12.7,left_shoulder,0.5,0.5,0.0,540.0,960.0,0.5
f1ae9d18-a8ba-4f9a-9931-8905448347fd,381,12.7,right_shoulder,0.5,0.5,0.0,540.0,960.0,0.5
f1ae9d18-a8ba-4f9a-9931-8905448347fd,381,12.7,left_elbow,0.5,0.5,0.0,540.0,960.0,0.5
f1ae9d18-a8ba-4f9a-9931-8905448347fd,381,12.7,right_elbow,0.5,0.5,0.0,540.0,960.0,0.5
f1ae9d18-a8ba-4f9a-9931-8905448347fd,381,12.7,left_wrist,0.5,0.5,0.0,540.0,960.0,0.5
f1ae9d18-a8ba-4f9a-9931-8905448347fd,381,12.7,right_wrist,0.5,0.5,0.0,540.0,960.0,0.5
f1ae9d18-a8ba-4f9a-9931-8905448347fd,381,12.7,left_hip,0.5,0.5,0.0,540.0,960.0,0.5
f1ae9d18-a8ba-4f9a-9931-8905448347fd,381,12.7,right_hip,0.5,0.5,0.0,540.0,960.0,0.5
f1ae9d18-a8ba-4f9a-9931-8905448347fd,381,12.7,left_knee,0.5,0.5,0.0,540.0,960.0,0.5
f1ae9d18-a8ba-4f9a-9931-8905448347fd,381,12.7,right_knee,0.5,0.5,0.0,540.0,960.0,0.5
f1ae9d18-a8ba-4f9a-9931-8905448347fd,381,12.7,left_ankle,0.5,0.5,0.0,540.0,960.0,0.5
f1ae9d18-a8ba-4f9a-9931-8905448347fd,381,12.7,right_ankle,0.5,0.5,0.0,540.0,960.0,0.5
f1ae9d18-a8ba-4f9a-9931-8905448347fd,381,12.7,left_heel,0.5,0.5,0.0,540.0,960.0,0.5
f1ae9d18-a8ba-4f9a-9931-8905448347fd,381,12.7,right_heel,0.5,0.5,0.0,540.0,960.0,0.5
f1ae9d18-a8ba-4f9a-9931-8905448347fd,381,12.7,left_foot_index,0.5,0.5,0.0,540.0,960.0,0.5
f1ae9d18-a8ba-4f9a-9931-8905448347fd,381,12.7,right_foot_index,0.5,0.5,0.0,540.0,960.0,0.5
f1ae9d18-a8ba-4f9a-9931-8905448347fd,382,12.733333333333333,nose,0.5,0.5,0.0,540.0,960.0,0.5
f1ae9d18-a8ba-4f9a-9931-8905448347fd,382,12.733333333333333,left_shoulder,0.5,0.5,0.0,540.0,960.0,0.5
f1ae9d18-a8ba-4f9a-9931-8905448347fd,382,12.733333333333333,right_shoulder,0.5,0.5,0.0,540.0,960.0,0.5
f1ae9d18-a8ba-4f9a-9931-8905448347fd,382,12.733333333333333,left_elbow,0.5,0.5,0.0,540.0,960.0,0.5
f1ae9d18-a8ba-4f9a-9931-8905448347fd,382,12.733333333333333,right_elbow,0.5,0.5,0.0,540.0,960.0,0.5
f1ae9d18-a8ba-4f9a-9931-8905448347fd,382,12.733333333333333,left_wrist,0.5,0.5,0.0,540.0,960.0,0.5
f1ae9d18-a8ba-4f9a-9931-8905448347fd,382,12.733333333333333,right_wrist,0.5,0.5,0.0,540.0,960.0,0.5
f1ae9d18-a8ba-4f9a-9931-8905448347fd,382,12.733333333333333,left_hip,0.5,0.5,0.0,540.0,960.0,0.5
f1ae9d18-a8ba-4f9a-9931-8905448347fd,382,12.733333333333333,right_hip,0.5,0.5,0.0,540.0,960.0,0.5
f1ae9d18-a8ba-4f9a-9931-8905448347fd,382,12.733333333333333,left_knee,0.5,0.5,0.0,540.0,960.0,0.5
f1ae9d18-a8ba-4f9a-9931-8905448347fd,382,12.733333333333333,right_knee,0.5,0.5,0.0,540.0,960.0,0.5
f1ae9d18-a8ba-4f9a-9931-8905448347fd,382,12.733333333333333,left_ankle,0.5,0.5,0.0,540.0,960.0,0.5
f1ae9d18-a8ba-4f9a-9931-8905448347fd,382,12.733333333333333,right_ankle,0.5,0.5,0.0,540.0,960.0,0.5
f1ae9d18-a8ba-4f9a-9931-8905448347fd,382,12.733333333333333,left_heel,0.5,0.5,0.0,540.0,960.0,0.5
f1ae9d18-a8ba-4f9a-9931-8905448347fd,382,12.733333333333333,right_heel,0.5,0.5,0.0,540.0,960.0,0.5
f1ae9d18-a8ba-4f9a-9931-8905448347fd,382,12.733333333333333,left_foot_index,0.5,0.5,0.0,540.0,960.0,0.5
f1ae9d18-a8ba-4f9a-9931-8905448347fd,382,12.733333333333333,right_foot_index,0.5,0.5,0.0,540.0,960.0,0.5
f1ae9d18-a8ba-4f9a-9931-8905448347fd,383,12.766666666666667,nose,0.5,0.5,0.0,540.0,960.0,0.5
f1ae9d18-a8ba-4f9a-9931-8905448347fd,383,12.766666666666667,left_shoulder,0.5,0.5,0.0,540.0,960.0,0.5
f1ae9d18-a8ba-4f9a-9931-8905448347fd,383,12.766666666666667,right_shoulder,0.5,0.5,0.0,540.0,960.0,0.5
f1ae9d18-a8ba-4f9a-9931-8905448347fd,383,12.766666666666667,left_elbow,0.5,0.5,0.0,540.0,960.0,0.5
f1ae9d18-a8ba-4f9a-9931-8905448347fd,383,12.766666666666667,right_elbow,0.5,0.5,0.0,540.0,960.0,0.5
f1ae9d18-a8ba-4f9a-9931-8905448347fd,383,12.766666666666667,left_wrist,0.5,0.5,0.0,540.0,960.0,0.5
f1ae9d18-a8ba-4f9a-9931-8905448347fd,383,12.766666666666667,right_wrist,0.5,0.5,0.0,540.0,960.0,0.5
f1ae9d18-a8ba-4f9a-9931-8905448347fd,383,12.766666666666667,left_hip,0.5,0.5,0.0,540.0,960.0,0.5
f1ae9d18-a8ba-4f9a-9931-8905448347fd,383,12.766666666666667,right_hip,0.5,0.5,0.0,540.0,960.0,0.5
f1ae9d18-a8ba-4f9a-9931-8905448347fd,383,12.766666666666667,left_knee,0.5,0.5,0.0,540.0,960.0,0.5
f1ae9d18-a8ba-4f9a-9931-8905448347fd,383,12.766666666666667,right_knee,0.5,0.5,0.0,540.0,960.0,0.5
f1ae9d18-a8ba-4f9a-9931-8905448347fd,383,12.766666666666667,left_ankle,0.5,0.5,0.0,540.0,960.0,0.5
f1ae9d18-a8ba-4f9a-9931-8905448347fd,383,12.766666666666667,right_ankle,0.5,0.5,0.0,540.0,960.0,0.5
f1ae9d18-a8ba-4f9a-9931-8905448347fd,383,12.766666666666667,left_heel,0.5,0.5,0.0,540.0,960.0,0.5
f1ae9d18-a8ba-4f9a-9931-8905448347fd,383,12.766666666666667,right_heel,0.5,0.5,0.0,540.0,960.0,0.5
f1ae9d18-a8ba-4f9a-9931-8905448347fd,383,12.766666666666667,left_foot_index,0.5,0.5,0.0,540.0,960.0,0.5
f1ae9d18-a8ba-4f9a-9931-8905448347fd,383,12.766666666666667,right_foot_index,0.5,0.5,0.0,540.0,960.0,0.5
f1ae9d18-a8ba-4f9a-9931-8905448347fd,384,12.8,nose,0.5,0.5,0.0,540.0,960.0,0.5
f1ae9d18-a8ba-4f9a-9931-8905448347fd,384,12.8,left_shoulder,0.5,0.5,0.0,540.0,960.0,0.5
f1ae9d18-a8ba-4f9a-9931-8905448347fd,384,12.8,right_shoulder,0.5,0.5,0.0,540.0,960.0,0.5
f1ae9d18-a8ba-4f9a-9931-8905448347fd,384,12.8,left_elbow,0.5,0.5,0.0,540.0,960.0,0.5
f1ae9d18-a8ba-4f9a-9931-8905448347fd,384,12.8,right_elbow,0.5,0.5,0.0,540.0,960.0,0.5
f1ae9d18-a8ba-4f9a-9931-8905448347fd,384,12.8,left_wrist,0.5,0.5,0.0,540.0,960.0,0.5
f1ae9d18-a8ba-4f9a-9931-8905448347fd,384,12.8,right_wrist,0.5,0.5,0.0,540.0,960.0,0.5
f1ae9d18-a8ba-4f9a-9931-8905448347fd,384,12.8,left_hip,0.5,0.5,0.0,540.0,960.0,0.5
f1ae9d18-a8ba-4f9a-9931-8905448347fd,384,12.8,right_hip,0.5,0.5,0.0,540.0,960.0,0.5
f1ae9d18-a8ba-4f9a-9931-8905448347fd,384,12.8,left_knee,0.5,0.5,0.0,540.0,960.0,0.5
f1ae9d18-a8ba-4f9a-9931-8905448347fd,384,12.8,right_knee,0.5,0.5,0.0,540.0,960.0,0.5
f1ae9d18-a8ba-4f9a-9931-8905448347fd,384,12.8,left_ankle,0.5,0.5,0.0,540.0,960.0,0.5
f1ae9d18-a8ba-4f9a-9931-8905448347fd,384,12.8,right_ankle,0.5,0.5,0.0,540.0,960.0,0.5
f1ae9d18-a8ba-4f9a-9931-8905448347fd,384,12.8,left_heel,0.5,0.5,0.0,540.0,960.0,0.5
f1ae9d18-a8ba-4f9a-9931-8905448347fd,384,12.8,right_heel,0.5,0.5,0.0,540.0,960.0,0.5
f1ae9d18-a8ba-4f9a-9931-8905448347fd,384,12.8,left_foot_index,0.5,0.5,0.0,540.0,960.0,0.5
f1ae9d18-a8ba-4f9a-9931-8905448347fd,384,12.8,right_foot_index,0.5,0.5,0.0,540.0,960.0,0.5
f1ae9d18-a8ba-4f9a-9931-8905448347fd,385,12.833333333333334,nose,0.5,0.5,0.0,540.0,960.0,0.5
f1ae9d18-a8ba-4f9a-9931-8905448347fd,385,12.833333333333334,left_shoulder,0.5,0.5,0.0,540.0,960.0,0.5
f1ae9d18-a8ba-4f9a-9931-8905448347fd,385,12.833333333333334,right_shoulder,0.5,0.5,0.0,540.0,960.0,0.5
f1ae9d18-a8ba-4f9a-9931-8905448347fd,385,12.833333333333334,left_elbow,0.5,0.5,0.0,540.0,960.0,0.5
f1ae9d18-a8ba-4f9a-9931-8905448347fd,385,12.833333333333334,right_elbow,0.5,0.5,0.0,540.0,960.0,0.5
f1ae9d18-a8ba-4f9a-9931-8905448347fd,385,12.833333333333334,left_wrist,0.5,0.5,0.0,540.0,960.0,0.5
f1ae9d18-a8ba-4f9a-9931-8905448347fd,385,12.833333333333334,right_wrist,0.5,0.5,0.0,540.0,960.0,0.5
f1ae9d18-a8ba-4f9a-9931-8905448347fd,385,12.833333333333334,left_hip,0.5,0.5,0.0,540.0,960.0,0.5
f1ae9d18-a8ba-4f9a-9931-8905448347fd,385,12.833333333333334,right_hip,0.5,0.5,0.0,540.0,960.0,0.5
f1ae9d18-a8ba-4f9a-9931-8905448347fd,385,12.833333333333334,left_knee,0.5,0.5,0.0,540.0,960.0,0.5
f1ae9d18-a8ba-4f9a-9931-8905448347fd,385,12.833333333333334,right_knee,0.5,0.5,0.0,540.0,960.0,0.5
f1ae9d18-a8ba-4f9a-9931-8905448347fd,385,12.833333333333334,left_ankle,0.5,0.5,0.0,540.0,960.0,0.5
f1ae9d18-a8ba-4f9a-9931-8905448347fd,385,12.833333333333334,right_ankle,0.5,0.5,0.0,540.0,960.0,0.5
f1ae9d18-a8ba-4f9a-9931-8905448347fd,385,12.833333333333334,left_heel,0.5,0.5,0.0,540.0,960.0,0.5
f1ae9d18-a8ba-4f9a-9931-8905448347fd,385,12.833333333333334,right_heel,0.5,0.5,0.0,540.0,960.0,0.5
f1ae9d18-a8ba-4f9a-9931-8905448347fd,385,12.833333333333334,left_foot_index,0.5,0.5,0.0,540.0,960.0,0.5
f1ae9d18-a8ba-4f9a-9931-8905448347fd,385,12.833333333333334,right_foot_index,0.5,0.5,0.0,540.0,960.0,0.5
f1ae9d18-a8ba-4f9a-9931-8905448347fd,386,12.866666666666667,nose,0.5,0.5,0.0,540.0,960.0,0.5
f1ae9d18-a8ba-4f9a-9931-8905448347fd,386,12.866666666666667,left_shoulder,0.5,0.5,0.0,540.0,960.0,0.5
f1ae9d18-a8ba-4f9a-9931-8905448347fd,386,12.866666666666667,right_shoulder,0.5,0.5,0.0,540.0,960.0,0.5
f1ae9d18-a8ba-4f9a-9931-8905448347fd,386,12.866666666666667,left_elbow,0.5,0.5,0.0,540.0,960.0,0.5
f1ae9d18-a8ba-4f9a-9931-8905448347fd,386,12.866666666666667,right_elbow,0.5,0.5,0.0,540.0,960.0,0.5
f1ae9d18-a8ba-4f9a-9931-8905448347fd,386,12.866666666666667,left_wrist,0.5,0.5,0.0,540.0,960.0,0.5
f1ae9d18-a8ba-4f9a-9931-8905448347fd,386,12.866666666666667,right_wrist,0.5,0.5,0.0,540.0,960.0,0.5
f1ae9d18-a8ba-4f9a-9931-8905448347fd,386,12.866666666666667,left_hip,0.5,0.5,0.0,540.0,960.0,0.5
f1ae9d18-a8ba-4f9a-9931-8905448347fd,386,12.866666666666667,right_hip,0.5,0.5,0.0,540.0,960.0,0.5
f1ae9d18-a8ba-4f9a-9931-8905448347fd,386,12.866666666666667,left_knee,0.5,0.5,0.0,540.0,960.0,0.5
f1ae9d18-a8ba-4f9a-9931-8905448347fd,386,12.866666666666667,right_knee,0.5,0.5,0.0,540.0,960.0,0.5
f1ae9d18-a8ba-4f9a-9931-8905448347fd,386,12.866666666666667,left_ankle,0.5,0.5,0.0,540.0,960.0,0.5
f1ae9d18-a8ba-4f9a-9931-8905448347fd,386,12.866666666666667,right_ankle,0.5,0.5,0.0,540.0,960.0,0.5
f1ae9d18-a8ba-4f9a-9931-8905448347fd,386,12.866666666666667,left_heel,0.5,0.5,0.0,540.0,960.0,0.5
f1ae9d18-a8ba-4f9a-9931-8905448347fd,386,12.866666666666667,right_heel,0.5,0.5,0.0,540.0,960.0,0.5
f1ae9d18-a8ba-4f9a-9931-8905448347fd,386,12.866666666666667,left_foot_index,0.5,0.5,0.0,540.0,960.0,0.5
f1ae9d18-a8ba-4f9a-9931-8905448347fd,386,12.866666666666667,right_foot_index,0.5,0.5,0.0,540.0,960.0,0.5
f1ae9d18-a8ba-4f9a-9931-8905448347fd,387,12.9,nose,0.5,0.5,0.0,540.0,960.0,0.5
f1ae9d18-a8ba-4f9a-9931-8905448347fd,387,12.9,left_shoulder,0.5,0.5,0.0,540.0,960.0,0.5
f1ae9d18-a8ba-4f9a-9931-8905448347fd,387,12.9,right_shoulder,0.5,0.5,0.0,540.0,960.0,0.5
f1ae9d18-a8ba-4f9a-9931-8905448347fd,387,12.9,left_elbow,0.5,0.5,0.0,540.0,960.0,0.5
f1ae9d18-a8ba-4f9a-9931-8905448347fd,387,12.9,right_elbow,0.5,0.5,0.0,540.0,960.0,0.5
f1ae9d18-a8ba-4f9a-9931-8905448347fd,387,12.9,left_wrist,0.5,0.5,0.0,540.0,960.0,0.5
f1ae9d18-a8ba-4f9a-9931-8905448347fd,387,12.9,right_wrist,0.5,0.5,0.0,540.0,960.0,0.5
f1ae9d18-a8ba-4f9a-9931-8905448347fd,387,12.9,left_hip,0.5,0.5,0.0,540.0,960.0,0.5
f1ae9d18-a8ba-4f9a-9931-8905448347fd,387,12.9,right_hip,0.5,0.5,0.0,540.0,960.0,0.5
f1ae9d18-a8ba-4f9a-9931-8905448347fd,387,12.9,left_knee,0.5,0.5,0.0,540.0,960.0,0.5
f1ae9d18-a8ba-4f9a-9931-8905448347fd,387,12.9,right_knee,0.5,0.5,0.0,540.0,960.0,0.5
f1ae9d18-a8ba-4f9a-9931-8905448347fd,387,12.9,left_ankle,0.5,0.5,0.0,540.0,960.0,0.5
f1ae9d18-a8ba-4f9a-9931-8905448347fd,387,12.9,right_ankle,0.5,0.5,0.0,540.0,960.0,0.5
f1ae9d18-a8ba-4f9a-9931-8905448347fd,387,12.9,left_heel,0.5,0.5,0.0,540.0,960.0,0.5
f1ae9d18-a8ba-4f9a-9931-8905448347fd,387,12.9,right_heel,0.5,0.5,0.0,540.0,960.0,0.5
f1ae9d18-a8ba-4f9a-9931-8905448347fd,387,12.9,left_foot_index,0.5,0.5,0.0,540.0,960.0,0.5
f1ae9d18-a8ba-4f9a-9931-8905448347fd,387,12.9,right_foot_index,0.5,0.5,0.0,540.0,960.0,0.5
f1ae9d18-a8ba-4f9a-9931-8905448347fd,388,12.933333333333334,nose,0.5,0.5,0.0,540.0,960.0,0.5
f1ae9d18-a8ba-4f9a-9931-8905448347fd,388,12.933333333333334,left_shoulder,0.5,0.5,0.0,540.0,960.0,0.5
f1ae9d18-a8ba-4f9a-9931-8905448347fd,388,12.933333333333334,right_shoulder,0.5,0.5,0.0,540.0,960.0,0.5
f1ae9d18-a8ba-4f9a-9931-8905448347fd,388,12.933333333333334,left_elbow,0.5,0.5,0.0,540.0,960.0,0.5
f1ae9d18-a8ba-4f9a-9931-8905448347fd,388,12.933333333333334,right_elbow,0.5,0.5,0.0,540.0,960.0,0.5
f1ae9d18-a8ba-4f9a-9931-8905448347fd,388,12.933333333333334,left_wrist,0.5,0.5,0.0,540.0,960.0,0.5
f1ae9d18-a8ba-4f9a-9931-8905448347fd,388,12.933333333333334,right_wrist,0.5,0.5,0.0,540.0,960.0,0.5
f1ae9d18-a8ba-4f9a-9931-8905448347fd,388,12.933333333333334,left_hip,0.5,0.5,0.0,540.0,960.0,0.5
f1ae9d18-a8ba-4f9a-9931-8905448347fd,388,12.933333333333334,right_hip,0.5,0.5,0.0,540.0,960.0,0.5
f1ae9d18-a8ba-4f9a-9931-8905448347fd,388,12.933333333333334,left_knee,0.5,0.5,0.0,540.0,960.0,0.5
f1ae9d18-a8ba-4f9a-9931-8905448347fd,388,12.933333333333334,right_knee,0.5,0.5,0.0,540.0,960.0,0.5
f1ae9d18-a8ba-4f9a-9931-8905448347fd,388,12.933333333333334,left_ankle,0.5,0.5,0.0,540.0,960.0,0.5
f1ae9d18-a8ba-4f9a-9931-8905448347fd,388,12.933333333333334,right_ankle,0.5,0.5,0.0,540.0,960.0,0.5
f1ae9d18-a8ba-4f9a-9931-8905448347fd,388,12.933333333333334,left_heel,0.5,0.5,0.0,540.0,960.0,0.5
f1ae9d18-a8ba-4f9a-9931-8905448347fd,388,12.933333333333334,right_heel,0.5,0.5,0.0,540.0,960.0,0.5
f1ae9d18-a8ba-4f9a-9931-8905448347fd,388,12.933333333333334,left_foot_index,0.5,0.5,0.0,540.0,960.0,0.5
f1ae9d18-a8ba-4f9a-9931-8905448347fd,388,12.933333333333334,right_foot_index,0.5,0.5,0.0,540.0,960.0,0.5
f1ae9d18-a8ba-4f9a-9931-8905448347fd,389,12.966666666666667,nose,0.5,0.5,0.0,540.0,960.0,0.5
f1ae9d18-a8ba-4f9a-9931-8905448347fd,389,12.966666666666667,left_shoulder,0.5,0.5,0.0,540.0,960.0,0.5
f1ae9d18-a8ba-4f9a-9931-8905448347fd,389,12.966666666666667,right_shoulder,0.5,0.5,0.0,540.0,960.0,0.5
f1ae9d18-a8ba-4f9a-9931-8905448347fd,389,12.966666666666667,left_elbow,0.5,0.5,0.0,540.0,960.0,0.5
f1ae9d18-a8ba-4f9a-9931-8905448347fd,389,12.966666666666667,right_elbow,0.5,0.5,0.0,540.0,960.0,0.5
f1ae9d18-a8ba-4f9a-9931-8905448347fd,389,12.966666666666667,left_wrist,0.5,0.5,0.0,540.0,960.0,0.5
f1ae9d18-a8ba-4f9a-9931-8905448347fd,389,12.966666666666667,right_wrist,0.5,0.5,0.0,540.0,960.0,0.5
f1ae9d18-a8ba-4f9a-9931-8905448347fd,389,12.966666666666667,left_hip,0.5,0.5,0.0,540.0,960.0,0.5
f1ae9d18-a8ba-4f9a-9931-8905448347fd,389,12.966666666666667,right_hip,0.5,0.5,0.0,540.0,960.0,0.5
f1ae9d18-a8ba-4f9a-9931-8905448347fd,389,12.966666666666667,left_knee,0.5,0.5,0.0,540.0,960.0,0.5
f1ae9d18-a8ba-4f9a-9931-8905448347fd,389,12.966666666666667,right_knee,0.5,0.5,0.0,540.0,960.0,0.5
f1ae9d18-a8ba-4f9a-9931-8905448347fd,389,12.966666666666667,left_ankle,0.5,0.5,0.0,540.0,960.0,0.5
f1ae9d18-a8ba-4f9a-9931-8905448347fd,389,12.966666666666667,right_ankle,0.5,0.5,0.0,540.0,960.0,0.5
f1ae9d18-a8ba-4f9a-9931-8905448347fd,389,12.966666666666667,left_heel,0.5,0.5,0.0,540.0,960.0,0.5
f1ae9d18-a8ba-4f9a-9931-8905448347fd,389,12.966666666666667,right_heel,0.5,0.5,0.0,540.0,960.0,0.5
f1ae9d18-a8ba-4f9a-9931-8905448347fd,389,12.966666666666667,left_foot_index,0.5,0.5,0.0,540.0,960.0,0.5
f1ae9d18-a8ba-4f9a-9931-8905448347fd,389,12.966666666666667,right_foot_index,0.5,0.5,0.0,540.0,960.0,0.5
f1ae9d18-a8ba-4f9a-9931-8905448347fd,390,13.0,nose,0.5,0.5,0.0,540.0,960.0,0.5
f1ae9d18-a8ba-4f9a-9931-8905448347fd,390,13.0,left_shoulder,0.5,0.5,0.0,540.0,960.0,0.5
f1ae9d18-a8ba-4f9a-9931-8905448347fd,390,13.0,right_shoulder,0.5,0.5,0.0,540.0,960.0,0.5
f1ae9d18-a8ba-4f9a-9931-8905448347fd,390,13.0,left_elbow,0.5,0.5,0.0,540.0,960.0,0.5
f1ae9d18-a8ba-4f9a-9931-8905448347fd,390,13.0,right_elbow,0.5,0.5,0.0,540.0,960.0,0.5
f1ae9d18-a8ba-4f9a-9931-8905448347fd,390,13.0,left_wrist,0.5,0.5,0.0,540.0,960.0,0.5
f1ae9d18-a8ba-4f9a-9931-8905448347fd,390,13.0,right_wrist,0.5,0.5,0.0,540.0,960.0,0.5
f1ae9d18-a8ba-4f9a-9931-8905448347fd,390,13.0,left_hip,0.5,0.5,0.0,540.0,960.0,0.5
f1ae9d18-a8ba-4f9a-9931-8905448347fd,390,13.0,right_hip,0.5,0.5,0.0,540.0,960.0,0.5
f1ae9d18-a8ba-4f9a-9931-8905448347fd,390,13.0,left_knee,0.5,0.5,0.0,540.0,960.0,0.5
f1ae9d18-a8ba-4f9a-9931-8905448347fd,390,13.0,right_knee,0.5,0.5,0.0,540.0,960.0,0.5
f1ae9d18-a8ba-4f9a-9931-8905448347fd,390,13.0,left_ankle,0.5,0.5,0.0,540.0,960.0,0.5
f1ae9d18-a8ba-4f9a-9931-8905448347fd,390,13.0,right_ankle,0.5,0.5,0.0,540.0,960.0,0.5
f1ae9d18-a8ba-4f9a-9931-8905448347fd,390,13.0,left_heel,0.5,0.5,0.0,540.0,960.0,0.5
f1ae9d18-a8ba-4f9a-9931-8905448347fd,390,13.0,right_heel,0.5,0.5,0.0,540.0,960.0,0.5
f1ae9d18-a8ba-4f9a-9931-8905448347fd,390,13.0,left_foot_index,0.5,0.5,0.0,540.0,960.0,0.5
f1ae9d18-a8ba-4f9a-9931-8905448347fd,390,13.0,right_foot_index,0.5,0.5,0.0,540.0,960.0,0.5
f1ae9d18-a8ba-4f9a-9931-8905448347fd,391,13.033333333333333,nose,0.5,0.5,0.0,540.0,960.0,0.5
f1ae9d18-a8ba-4f9a-9931-8905448347fd,391,13.033333333333333,left_shoulder,0.5,0.5,0.0,540.0,960.0,0.5
f1ae9d18-a8ba-4f9a-9931-8905448347fd,391,13.033333333333333,right_shoulder,0.5,0.5,0.0,540.0,960.0,0.5
f1ae9d18-a8ba-4f9a-9931-8905448347fd,391,13.033333333333333,left_elbow,0.5,0.5,0.0,540.0,960.0,0.5
f1ae9d18-a8ba-4f9a-9931-8905448347fd,391,13.033333333333333,right_elbow,0.5,0.5,0.0,540.0,960.0,0.5
f1ae9d18-a8ba-4f9a-9931-8905448347fd,391,13.033333333333333,left_wrist,0.5,0.5,0.0,540.0,960.0,0.5
f1ae9d18-a8ba-4f9a-9931-8905448347fd,391,13.033333333333333,right_wrist,0.5,0.5,0.0,540.0,960.0,0.5
f1ae9d18-a8ba-4f9a-9931-8905448347fd,391,13.033333333333333,left_hip,0.5,0.5,0.0,540.0,960.0,0.5
f1ae9d18-a8ba-4f9a-9931-8905448347fd,391,13.033333333333333,right_hip,0.5,0.5,0.0,540.0,960.0,0.5
f1ae9d18-a8ba-4f9a-9931-8905448347fd,391,13.033333333333333,left_knee,0.5,0.5,0.0,540.0,960.0,0.5
f1ae9d18-a8ba-4f9a-9931-8905448347fd,391,13.033333333333333,right_knee,0.5,0.5,0.0,540.0,960.0,0.5
f1ae9d18-a8ba-4f9a-9931-8905448347fd,391,13.033333333333333,left_ankle,0.5,0.5,0.0,540.0,960.0,0.5
f1ae9d18-a8ba-4f9a-9931-8905448347fd,391,13.033333333333333,right_ankle,0.5,0.5,0.0,540.0,960.0,0.5
f1ae9d18-a8ba-4f9a-9931-8905448347fd,391,13.033333333333333,left_heel,0.5,0.5,0.0,540.0,960.0,0.5
f1ae9d18-a8ba-4f9a-9931-8905448347fd,391,13.033333333333333,right_heel,0.5,0.5,0.0,540.0,960.0,0.5
f1ae9d18-a8ba-4f9a-9931-8905448347fd,391,13.033333333333333,left_foot_index,0.5,0.5,0.0,540.0,960.0,0.5
f1ae9d18-a8ba-4f9a-9931-8905448347fd,391,13.033333333333333,right_foot_index,0.5,0.5,0.0,540.0,960.0,0.5
f1ae9d18-a8ba-4f9a-9931-8905448347fd,392,13.066666666666666,nose,0.5,0.5,0.0,540.0,960.0,0.5
f1ae9d18-a8ba-4f9a-9931-8905448347fd,392,13.066666666666666,left_shoulder,0.5,0.5,0.0,540.0,960.0,0.5
f1ae9d18-a8ba-4f9a-9931-8905448347fd,392,13.066666666666666,right_shoulder,0.5,0.5,0.0,540.0,960.0,0.5
f1ae9d18-a8ba-4f9a-9931-8905448347fd,392,13.066666666666666,left_elbow,0.5,0.5,0.0,540.0,960.0,0.5
f1ae9d18-a8ba-4f9a-9931-8905448347fd,392,13.066666666666666,right_elbow,0.5,0.5,0.0,540.0,960.0,0.5
f1ae9d18-a8ba-4f9a-9931-8905448347fd,392,13.066666666666666,left_wrist,0.5,0.5,0.0,540.0,960.0,0.5
f1ae9d18-a8ba-4f9a-9931-8905448347fd,392,13.066666666666666,right_wrist,0.5,0.5,0.0,540.0,960.0,0.5
f1ae9d18-a8ba-4f9a-9931-8905448347fd,392,13.066666666666666,left_hip,0.5,0.5,0.0,540.0,960.0,0.5
f1ae9d18-a8ba-4f9a-9931-8905448347fd,392,13.066666666666666,right_hip,0.5,0.5,0.0,540.0,960.0,0.5
f1ae9d18-a8ba-4f9a-9931-8905448347fd,392,13.066666666666666,left_knee,0.5,0.5,0.0,540.0,960.0,0.5
f1ae9d18-a8ba-4f9a-9931-8905448347fd,392,13.066666666666666,right_knee,0.5,0.5,0.0,540.0,960.0,0.5
f1ae9d18-a8ba-4f9a-9931-8905448347fd,392,13.066666666666666,left_ankle,0.5,0.5,0.0,540.0,960.0,0.5
f1ae9d18-a8ba-4f9a-9931-8905448347fd,392,13.066666666666666,right_ankle,0.5,0.5,0.0,540.0,960.0,0.5
f1ae9d18-a8ba-4f9a-9931-8905448347fd,392,13.066666666666666,left_heel,0.5,0.5,0.0,540.0,960.0,0.5
f1ae9d18-a8ba-4f9a-9931-8905448347fd,392,13.066666666666666,right_heel,0.5,0.5,0.0,540.0,960.0,0.5
f1ae9d18-a8ba-4f9a-9931-8905448347fd,392,13.066666666666666,left_foot_index,0.5,0.5,0.0,540.0,960.0,0.5
f1ae9d18-a8ba-4f9a-9931-8905448347fd,392,13.066666666666666,right_foot_index,0.5,0.5,0.0,540.0,960.0,0.5
f1ae9d18-a8ba-4f9a-9931-8905448347fd,393,13.1,nose,0.5,0.5,0.0,540.0,960.0,0.5
f1ae9d18-a8ba-4f9a-9931-8905448347fd,393,13.1,left_shoulder,0.5,0.5,0.0,540.0,960.0,0.5
f1ae9d18-a8ba-4f9a-9931-8905448347fd,393,13.1,right_shoulder,0.5,0.5,0.0,540.0,960.0,0.5
f1ae9d18-a8ba-4f9a-9931-8905448347fd,393,13.1,left_elbow,0.5,0.5,0.0,540.0,960.0,0.5
f1ae9d18-a8ba-4f9a-9931-8905448347fd,393,13.1,right_elbow,0.5,0.5,0.0,540.0,960.0,0.5
f1ae9d18-a8ba-4f9a-9931-8905448347fd,393,13.1,left_wrist,0.5,0.5,0.0,540.0,960.0,0.5
f1ae9d18-a8ba-4f9a-9931-8905448347fd,393,13.1,right_wrist,0.5,0.5,0.0,540.0,960.0,0.5
f1ae9d18-a8ba-4f9a-9931-8905448347fd,393,13.1,left_hip,0.5,0.5,0.0,540.0,960.0,0.5
f1ae9d18-a8ba-4f9a-9931-8905448347fd,393,13.1,right_hip,0.5,0.5,0.0,540.0,960.0,0.5
f1ae9d18-a8ba-4f9a-9931-8905448347fd,393,13.1,left_knee,0.5,0.5,0.0,540.0,960.0,0.5
f1ae9d18-a8ba-4f9a-9931-8905448347fd,393,13.1,right_knee,0.5,0.5,0.0,540.0,960.0,0.5
f1ae9d18-a8ba-4f9a-9931-8905448347fd,393,13.1,left_ankle,0.5,0.5,0.0,540.0,960.0,0.5
f1ae9d18-a8ba-4f9a-9931-8905448347fd,393,13.1,right_ankle,0.5,0.5,0.0,540.0,960.0,0.5
f1ae9d18-a8ba-4f9a-9931-8905448347fd,393,13.1,left_heel,0.5,0.5,0.0,540.0,960.0,0.5
f1ae9d18-a8ba-4f9a-9931-8905448347fd,393,13.1,right_heel,0.5,0.5,0.0,540.0,960.0,0.5
f1ae9d18-a8ba-4f9a-9931-8905448347fd,393,13.1,left_foot_index,0.5,0.5,0.0,540.0,960.0,0.5
f1ae9d18-a8ba-4f9a-9931-8905448347fd,393,13.1,right_foot_index,0.5,0.5,0.0,540.0,960.0,0.5
f1ae9d18-a8ba-4f9a-9931-8905448347fd,394,13.133333333333333,nose,0.5,0.5,0.0,540.0,960.0,0.5
f1ae9d18-a8ba-4f9a-9931-8905448347fd,394,13.133333333333333,left_shoulder,0.5,0.5,0.0,540.0,960.0,0.5
f1ae9d18-a8ba-4f9a-9931-8905448347fd,394,13.133333333333333,right_shoulder,0.5,0.5,0.0,540.0,960.0,0.5
f1ae9d18-a8ba-4f9a-9931-8905448347fd,394,13.133333333333333,left_elbow,0.5,0.5,0.0,540.0,960.0,0.5
f1ae9d18-a8ba-4f9a-9931-8905448347fd,394,13.133333333333333,right_elbow,0.5,0.5,0.0,540.0,960.0,0.5
f1ae9d18-a8ba-4f9a-9931-8905448347fd,394,13.133333333333333,left_wrist,0.5,0.5,0.0,540.0,960.0,0.5
f1ae9d18-a8ba-4f9a-9931-8905448347fd,394,13.133333333333333,right_wrist,0.5,0.5,0.0,540.0,960.0,0.5
f1ae9d18-a8ba-4f9a-9931-8905448347fd,394,13.133333333333333,left_hip,0.5,0.5,0.0,540.0,960.0,0.5
f1ae9d18-a8ba-4f9a-9931-8905448347fd,394,13.133333333333333,right_hip,0.5,0.5,0.0,540.0,960.0,0.5
f1ae9d18-a8ba-4f9a-9931-8905448347fd,394,13.133333333333333,left_knee,0.5,0.5,0.0,540.0,960.0,0.5
f1ae9d18-a8ba-4f9a-9931-8905448347fd,394,13.133333333333333,right_knee,0.5,0.5,0.0,540.0,960.0,0.5
f1ae9d18-a8ba-4f9a-9931-8905448347fd,394,13.133333333333333,left_ankle,0.5,0.5,0.0,540.0,960.0,0.5
f1ae9d18-a8ba-4f9a-9931-8905448347fd,394,13.133333333333333,right_ankle,0.5,0.5,0.0,540.0,960.0,0.5
f1ae9d18-a8ba-4f9a-9931-8905448347fd,394,13.133333333333333,left_heel,0.5,0.5,0.0,540.0,960.0,0.5
f1ae9d18-a8ba-4f9a-9931-8905448347fd,394,13.133333333333333,right_heel,0.5,0.5,0.0,540.0,960.0,0.5
f1ae9d18-a8ba-4f9a-9931-8905448347fd,394,13.133333333333333,left_foot_index,0.5,0.5,0.0,540.0,960.0,0.5
f1ae9d18-a8ba-4f9a-9931-8905448347fd,394,13.133333333333333,right_foot_index,0.5,0.5,0.0,540.0,960.0,0.5
f1ae9d18-a8ba-4f9a-9931-8905448347fd,395,13.166666666666666,nose,0.5,0.5,0.0,540.0,960.0,0.5
f1ae9d18-a8ba-4f9a-9931-8905448347fd,395,13.166666666666666,left_shoulder,0.5,0.5,0.0,540.0,960.0,0.5
f1ae9d18-a8ba-4f9a-9931-8905448347fd,395,13.166666666666666,right_shoulder,0.5,0.5,0.0,540.0,960.0,0.5
f1ae9d18-a8ba-4f9a-9931-8905448347fd,395,13.166666666666666,left_elbow,0.5,0.5,0.0,540.0,960.0,0.5
f1ae9d18-a8ba-4f9a-9931-8905448347fd,395,13.166666666666666,right_elbow,0.5,0.5,0.0,540.0,960.0,0.5
f1ae9d18-a8ba-4f9a-9931-8905448347fd,395,13.166666666666666,left_wrist,0.5,0.5,0.0,540.0,960.0,0.5
f1ae9d18-a8ba-4f9a-9931-8905448347fd,395,13.166666666666666,right_wrist,0.5,0.5,0.0,540.0,960.0,0.5
f1ae9d18-a8ba-4f9a-9931-8905448347fd,395,13.166666666666666,left_hip,0.5,0.5,0.0,540.0,960.0,0.5
f1ae9d18-a8ba-4f9a-9931-8905448347fd,395,13.166666666666666,right_hip,0.5,0.5,0.0,540.0,960.0,0.5
f1ae9d18-a8ba-4f9a-9931-8905448347fd,395,13.166666666666666,left_knee,0.5,0.5,0.0,540.0,960.0,0.5
f1ae9d18-a8ba-4f9a-9931-8905448347fd,395,13.166666666666666,right_knee,0.5,0.5,0.0,540.0,960.0,0.5
f1ae9d18-a8ba-4f9a-9931-8905448347fd,395,13.166666666666666,left_ankle,0.5,0.5,0.0,540.0,960.0,0.5
f1ae9d18-a8ba-4f9a-9931-8905448347fd,395,13.166666666666666,right_ankle,0.5,0.5,0.0,540.0,960.0,0.5
f1ae9d18-a8ba-4f9a-9931-8905448347fd,395,13.166666666666666,left_heel,0.5,0.5,0.0,540.0,960.0,0.5
f1ae9d18-a8ba-4f9a-9931-8905448347fd,395,13.166666666666666,right_heel,0.5,0.5,0.0,540.0,960.0,0.5
f1ae9d18-a8ba-4f9a-9931-8905448347fd,395,13.166666666666666,left_foot_index,0.5,0.5,0.0,540.0,960.0,0.5
f1ae9d18-a8ba-4f9a-9931-8905448347fd,395,13.166666666666666,right_foot_index,0.5,0.5,0.0,540.0,960.0,0.5
f1ae9d18-a8ba-4f9a-9931-8905448347fd,396,13.2,nose,0.5,0.5,0.0,540.0,960.0,0.5
f1ae9d18-a8ba-4f9a-9931-8905448347fd,396,13.2,left_shoulder,0.5,0.5,0.0,540.0,960.0,0.5
f1ae9d18-a8ba-4f9a-9931-8905448347fd,396,13.2,right_shoulder,0.5,0.5,0.0,540.0,960.0,0.5
f1ae9d18-a8ba-4f9a-9931-8905448347fd,396,13.2,left_elbow,0.5,0.5,0.0,540.0,960.0,0.5
f1ae9d18-a8ba-4f9a-9931-8905448347fd,396,13.2,right_elbow,0.5,0.5,0.0,540.0,960.0,0.5
f1ae9d18-a8ba-4f9a-9931-8905448347fd,396,13.2,left_wrist,0.5,0.5,0.0,540.0,960.0,0.5
f1ae9d18-a8ba-4f9a-9931-8905448347fd,396,13.2,right_wrist,0.5,0.5,0.0,540.0,960.0,0.5
f1ae9d18-a8ba-4f9a-9931-8905448347fd,396,13.2,left_hip,0.5,0.5,0.0,540.0,960.0,0.5
f1ae9d18-a8ba-4f9a-9931-8905448347fd,396,13.2,right_hip,0.5,0.5,0.0,540.0,960.0,0.5
f1ae9d18-a8ba-4f9a-9931-8905448347fd,396,13.2,left_knee,0.5,0.5,0.0,540.0,960.0,0.5
f1ae9d18-a8ba-4f9a-9931-8905448347fd,396,13.2,right_knee,0.5,0.5,0.0,540.0,960.0,0.5
f1ae9d18-a8ba-4f9a-9931-8905448347fd,396,13.2,left_ankle,0.5,0.5,0.0,540.0,960.0,0.5
f1ae9d18-a8ba-4f9a-9931-8905448347fd,396,13.2,right_ankle,0.5,0.5,0.0,540.0,960.0,0.5
f1ae9d18-a8ba-4f9a-9931-8905448347fd,396,13.2,left_heel,0.5,0.5,0.0,540.0,960.0,0.5
f1ae9d18-a8ba-4f9a-9931-8905448347fd,396,13.2,right_heel,0.5,0.5,0.0,540.0,960.0,0.5
f1ae9d18-a8ba-4f9a-9931-8905448347fd,396,13.2,left_foot_index,0.5,0.5,0.0,540.0,960.0,0.5
f1ae9d18-a8ba-4f9a-9931-8905448347fd,396,13.2,right_foot_index,0.5,0.5,0.0,540.0,960.0,0.5
f1ae9d18-a8ba-4f9a-9931-8905448347fd,397,13.233333333333333,nose,0.5,0.5,0.0,540.0,960.0,0.5
f1ae9d18-a8ba-4f9a-9931-8905448347fd,397,13.233333333333333,left_shoulder,0.5,0.5,0.0,540.0,960.0,0.5
f1ae9d18-a8ba-4f9a-9931-8905448347fd,397,13.233333333333333,right_shoulder,0.5,0.5,0.0,540.0,960.0,0.5
f1ae9d18-a8ba-4f9a-9931-8905448347fd,397,13.233333333333333,left_elbow,0.5,0.5,0.0,540.0,960.0,0.5
f1ae9d18-a8ba-4f9a-9931-8905448347fd,397,13.233333333333333,right_elbow,0.5,0.5,0.0,540.0,960.0,0.5
f1ae9d18-a8ba-4f9a-9931-8905448347fd,397,13.233333333333333,left_wrist,0.5,0.5,0.0,540.0,960.0,0.5
f1ae9d18-a8ba-4f9a-9931-8905448347fd,397,13.233333333333333,right_wrist,0.5,0.5,0.0,540.0,960.0,0.5
f1ae9d18-a8ba-4f9a-9931-8905448347fd,397,13.233333333333333,left_hip,0.5,0.5,0.0,540.0,960.0,0.5
f1ae9d18-a8ba-4f9a-9931-8905448347fd,397,13.233333333333333,right_hip,0.5,0.5,0.0,540.0,960.0,0.5
f1ae9d18-a8ba-4f9a-9931-8905448347fd,397,13.233333333333333,left_knee,0.5,0.5,0.0,540.0,960.0,0.5
f1ae9d18-a8ba-4f9a-9931-8905448347fd,397,13.233333333333333,right_knee,0.5,0.5,0.0,540.0,960.0,0.5
f1ae9d18-a8ba-4f9a-9931-8905448347fd,397,13.233333333333333,left_ankle,0.5,0.5,0.0,540.0,960.0,0.5
f1ae9d18-a8ba-4f9a-9931-8905448347fd,397,13.233333333333333,right_ankle,0.5,0.5,0.0,540.0,960.0,0.5
f1ae9d18-a8ba-4f9a-9931-8905448347fd,397,13.233333333333333,left_heel,0.5,0.5,0.0,540.0,960.0,0.5
f1ae9d18-a8ba-4f9a-9931-8905448347fd,397,13.233333333333333,right_heel,0.5,0.5,0.0,540.0,960.0,0.5
f1ae9d18-a8ba-4f9a-9931-8905448347fd,397,13.233333333333333,left_foot_index,0.5,0.5,0.0,540.0,960.0,0.5
f1ae9d18-a8ba-4f9a-9931-8905448347fd,397,13.233333333333333,right_foot_index,0.5,0.5,0.0,540.0,960.0,0.5
f1ae9d18-a8ba-4f9a-9931-8905448347fd,398,13.266666666666667,nose,0.5,0.5,0.0,540.0,960.0,0.5
f1ae9d18-a8ba-4f9a-9931-8905448347fd,398,13.266666666666667,left_shoulder,0.5,0.5,0.0,540.0,960.0,0.5
f1ae9d18-a8ba-4f9a-9931-8905448347fd,398,13.266666666666667,right_shoulder,0.5,0.5,0.0,540.0,960.0,0.5
f1ae9d18-a8ba-4f9a-9931-8905448347fd,398,13.266666666666667,left_elbow,0.5,0.5,0.0,540.0,960.0,0.5
f1ae9d18-a8ba-4f9a-9931-8905448347fd,398,13.266666666666667,right_elbow,0.5,0.5,0.0,540.0,960.0,0.5
f1ae9d18-a8ba-4f9a-9931-8905448347fd,398,13.266666666666667,left_wrist,0.5,0.5,0.0,540.0,960.0,0.5
f1ae9d18-a8ba-4f9a-9931-8905448347fd,398,13.266666666666667,right_wrist,0.5,0.5,0.0,540.0,960.0,0.5
f1ae9d18-a8ba-4f9a-9931-8905448347fd,398,13.266666666666667,left_hip,0.5,0.5,0.0,540.0,960.0,0.5
f1ae9d18-a8ba-4f9a-9931-8905448347fd,398,13.266666666666667,right_hip,0.5,0.5,0.0,540.0,960.0,0.5
f1ae9d18-a8ba-4f9a-9931-8905448347fd,398,13.266666666666667,left_knee,0.5,0.5,0.0,540.0,960.0,0.5
f1ae9d18-a8ba-4f9a-9931-8905448347fd,398,13.266666666666667,right_knee,0.5,0.5,0.0,540.0,960.0,0.5
f1ae9d18-a8ba-4f9a-9931-8905448347fd,398,13.266666666666667,left_ankle,0.5,0.5,0.0,540.0,960.0,0.5
f1ae9d18-a8ba-4f9a-9931-8905448347fd,398,13.266666666666667,right_ankle,0.5,0.5,0.0,540.0,960.0,0.5
f1ae9d18-a8ba-4f9a-9931-8905448347fd,398,13.266666666666667,left_heel,0.5,0.5,0.0,540.0,960.0,0.5
f1ae9d18-a8ba-4f9a-9931-8905448347fd,398,13.266666666666667,right_heel,0.5,0.5,0.0,540.0,960.0,0.5
f1ae9d18-a8ba-4f9a-9931-8905448347fd,398,13.266666666666667,left_foot_index,0.5,0.5,0.0,540.0,960.0,0.5
f1ae9d18-a8ba-4f9a-9931-8905448347fd,398,13.266666666666667,right_foot_index,0.5,0.5,0.0,540.0,960.0,0.5
f1ae9d18-a8ba-4f9a-9931-8905448347fd,399,13.3,nose,0.5,0.5,0.0,540.0,960.0,0.5
f1ae9d18-a8ba-4f9a-9931-8905448347fd,399,13.3,left_shoulder,0.5,0.5,0.0,540.0,960.0,0.5
f1ae9d18-a8ba-4f9a-9931-8905448347fd,399,13.3,right_shoulder,0.5,0.5,0.0,540.0,960.0,0.5
f1ae9d18-a8ba-4f9a-9931-8905448347fd,399,13.3,left_elbow,0.5,0.5,0.0,540.0,960.0,0.5
f1ae9d18-a8ba-4f9a-9931-8905448347fd,399,13.3,right_elbow,0.5,0.5,0.0,540.0,960.0,0.5
f1ae9d18-a8ba-4f9a-9931-8905448347fd,399,13.3,left_wrist,0.5,0.5,0.0,540.0,960.0,0.5
f1ae9d18-a8ba-4f9a-9931-8905448347fd,399,13.3,right_wrist,0.5,0.5,0.0,540.0,960.0,0.5
f1ae9d18-a8ba-4f9a-9931-8905448347fd,399,13.3,left_hip,0.5,0.5,0.0,540.0,960.0,0.5
f1ae9d18-a8ba-4f9a-9931-8905448347fd,399,13.3,right_hip,0.5,0.5,0.0,540.0,960.0,0.5
f1ae9d18-a8ba-4f9a-9931-8905448347fd,399,13.3,left_knee,0.5,0.5,0.0,540.0,960.0,0.5
f1ae9d18-a8ba-4f9a-9931-8905448347fd,399,13.3,right_knee,0.5,0.5,0.0,540.0,960.0,0.5
f1ae9d18-a8ba-4f9a-9931-8905448347fd,399,13.3,left_ankle,0.5,0.5,0.0,540.0,960.0,0.5
f1ae9d18-a8ba-4f9a-9931-8905448347fd,399,13.3,right_ankle,0.5,0.5,0.0,540.0,960.0,0.5
f1ae9d18-a8ba-4f9a-9931-8905448347fd,399,13.3,left_heel,0.5,0.5,0.0,540.0,960.0,0.5
f1ae9d18-a8ba-4f9a-9931-8905448347fd,399,13.3,right_heel,0.5,0.5,0.0,540.0,960.0,0.5
f1ae9d18-a8ba-4f9a-9931-8905448347fd,399,13.3,left_foot_index,0.5,0.5,0.0,540.0,960.0,0.5
f1ae9d18-a8ba-4f9a-9931-8905448347fd,399,13.3,right_foot_index,0.5,0.5,0.0,540.0,960.0,0.5
f1ae9d18-a8ba-4f9a-9931-8905448347fd,400,13.333333333333334,nose,0.5,0.5,0.0,540.0,960.0,0.5
f1ae9d18-a8ba-4f9a-9931-8905448347fd,400,13.333333333333334,left_shoulder,0.5,0.5,0.0,540.0,960.0,0.5
f1ae9d18-a8ba-4f9a-9931-8905448347fd,400,13.333333333333334,right_shoulder,0.5,0.5,0.0,540.0,960.0,0.5
f1ae9d18-a8ba-4f9a-9931-8905448347fd,400,13.333333333333334,left_elbow,0.5,0.5,0.0,540.0,960.0,0.5
f1ae9d18-a8ba-4f9a-9931-8905448347fd,400,13.333333333333334,right_elbow,0.5,0.5,0.0,540.0,960.0,0.5
f1ae9d18-a8ba-4f9a-9931-8905448347fd,400,13.333333333333334,left_wrist,0.5,0.5,0.0,540.0,960.0,0.5
f1ae9d18-a8ba-4f9a-9931-8905448347fd,400,13.333333333333334,right_wrist,0.5,0.5,0.0,540.0,960.0,0.5
f1ae9d18-a8ba-4f9a-9931-8905448347fd,400,13.333333333333334,left_hip,0.5,0.5,0.0,540.0,960.0,0.5
f1ae9d18-a8ba-4f9a-9931-8905448347fd,400,13.333333333333334,right_hip,0.5,0.5,0.0,540.0,960.0,0.5
f1ae9d18-a8ba-4f9a-9931-8905448347fd,400,13.333333333333334,left_knee,0.5,0.5,0.0,540.0,960.0,0.5
f1ae9d18-a8ba-4f9a-9931-8905448347fd,400,13.333333333333334,right_knee,0.5,0.5,0.0,540.0,960.0,0.5
f1ae9d18-a8ba-4f9a-9931-8905448347fd,400,13.333333333333334,left_ankle,0.5,0.5,0.0,540.0,960.0,0.5
f1ae9d18-a8ba-4f9a-9931-8905448347fd,400,13.333333333333334,right_ankle,0.5,0.5,0.0,540.0,960.0,0.5
f1ae9d18-a8ba-4f9a-9931-8905448347fd,400,13.333333333333334,left_heel,0.5,0.5,0.0,540.0,960.0,0.5
f1ae9d18-a8ba-4f9a-9931-8905448347fd,400,13.333333333333334,right_heel,0.5,0.5,0.0,540.0,960.0,0.5
f1ae9d18-a8ba-4f9a-9931-8905448347fd,400,13.333333333333334,left_foot_index,0.5,0.5,0.0,540.0,960.0,0.5
f1ae9d18-a8ba-4f9a-9931-8905448347fd,400,13.333333333333334,right_foot_index,0.5,0.5,0.0,540.0,960.0,0.5
f1ae9d18-a8ba-4f9a-9931-8905448347fd,401,13.366666666666667,nose,0.5,0.5,0.0,540.0,960.0,0.5
f1ae9d18-a8ba-4f9a-9931-8905448347fd,401,13.366666666666667,left_shoulder,0.5,0.5,0.0,540.0,960.0,0.5
f1ae9d18-a8ba-4f9a-9931-8905448347fd,401,13.366666666666667,right_shoulder,0.5,0.5,0.0,540.0,960.0,0.5
f1ae9d18-a8ba-4f9a-9931-8905448347fd,401,13.366666666666667,left_elbow,0.5,0.5,0.0,540.0,960.0,0.5
f1ae9d18-a8ba-4f9a-9931-8905448347fd,401,13.366666666666667,right_elbow,0.5,0.5,0.0,540.0,960.0,0.5
f1ae9d18-a8ba-4f9a-9931-8905448347fd,401,13.366666666666667,left_wrist,0.5,0.5,0.0,540.0,960.0,0.5
f1ae9d18-a8ba-4f9a-9931-8905448347fd,401,13.366666666666667,right_wrist,0.5,0.5,0.0,540.0,960.0,0.5
f1ae9d18-a8ba-4f9a-9931-8905448347fd,401,13.366666666666667,left_hip,0.5,0.5,0.0,540.0,960.0,0.5
f1ae9d18-a8ba-4f9a-9931-8905448347fd,401,13.366666666666667,right_hip,0.5,0.5,0.0,540.0,960.0,0.5
f1ae9d18-a8ba-4f9a-9931-8905448347fd,401,13.366666666666667,left_knee,0.5,0.5,0.0,540.0,960.0,0.5
f1ae9d18-a8ba-4f9a-9931-8905448347fd,401,13.366666666666667,right_knee,0.5,0.5,0.0,540.0,960.0,0.5
f1ae9d18-a8ba-4f9a-9931-8905448347fd,401,13.366666666666667,left_ankle,0.5,0.5,0.0,540.0,960.0,0.5
f1ae9d18-a8ba-4f9a-9931-8905448347fd,401,13.366666666666667,right_ankle,0.5,0.5,0.0,540.0,960.0,0.5
f1ae9d18-a8ba-4f9a-9931-8905448347fd,401,13.366666666666667,left_heel,0.5,0.5,0.0,540.0,960.0,0.5
f1ae9d18-a8ba-4f9a-9931-8905448347fd,401,13.366666666666667,right_heel,0.5,0.5,0.0,540.0,960.0,0.5
f1ae9d18-a8ba-4f9a-9931-8905448347fd,401,13.366666666666667,left_foot_index,0.5,0.5,0.0,540.0,960.0,0.5
f1ae9d18-a8ba-4f9a-9931-8905448347fd,401,13.366666666666667,right_foot_index,0.5,0.5,0.0,540.0,960.0,0.5
f1ae9d18-a8ba-4f9a-9931-8905448347fd,402,13.4,nose,0.5,0.5,0.0,540.0,960.0,0.5
f1ae9d18-a8ba-4f9a-9931-8905448347fd,402,13.4,left_shoulder,0.5,0.5,0.0,540.0,960.0,0.5
f1ae9d18-a8ba-4f9a-9931-8905448347fd,402,13.4,right_shoulder,0.5,0.5,0.0,540.0,960.0,0.5
f1ae9d18-a8ba-4f9a-9931-8905448347fd,402,13.4,left_elbow,0.5,0.5,0.0,540.0,960.0,0.5
f1ae9d18-a8ba-4f9a-9931-8905448347fd,402,13.4,right_elbow,0.5,0.5,0.0,540.0,960.0,0.5
f1ae9d18-a8ba-4f9a-9931-8905448347fd,402,13.4,left_wrist,0.5,0.5,0.0,540.0,960.0,0.5
f1ae9d18-a8ba-4f9a-9931-8905448347fd,402,13.4,right_wrist,0.5,0.5,0.0,540.0,960.0,0.5
f1ae9d18-a8ba-4f9a-9931-8905448347fd,402,13.4,left_hip,0.5,0.5,0.0,540.0,960.0,0.5
f1ae9d18-a8ba-4f9a-9931-8905448347fd,402,13.4,right_hip,0.5,0.5,0.0,540.0,960.0,0.5
f1ae9d18-a8ba-4f9a-9931-8905448347fd,402,13.4,left_knee,0.5,0.5,0.0,540.0,960.0,0.5
f1ae9d18-a8ba-4f9a-9931-8905448347fd,402,13.4,right_knee,0.5,0.5,0.0,540.0,960.0,0.5
f1ae9d18-a8ba-4f9a-9931-8905448347fd,402,13.4,left_ankle,0.5,0.5,0.0,540.0,960.0,0.5
f1ae9d18-a8ba-4f9a-9931-8905448347fd,402,13.4,right_ankle,0.5,0.5,0.0,540.0,960.0,0.5
f1ae9d18-a8ba-4f9a-9931-8905448347fd,402,13.4,left_heel,0.5,0.5,0.0,540.0,960.0,0.5
f1ae9d18-a8ba-4f9a-9931-8905448347fd,402,13.4,right_heel,0.5,0.5,0.0,540.0,960.0,0.5
f1ae9d18-a8ba-4f9a-9931-8905448347fd,402,13.4,left_foot_index,0.5,0.5,0.0,540.0,960.0,0.5
f1ae9d18-a8ba-4f9a-9931-8905448347fd,402,13.4,right_foot_index,0.5,0.5,0.0,540.0,960.0,0.5
f1ae9d18-a8ba-4f9a-9931-8905448347fd,403,13.433333333333334,nose,0.5,0.5,0.0,540.0,960.0,0.5
f1ae9d18-a8ba-4f9a-9931-8905448347fd,403,13.433333333333334,left_shoulder,0.5,0.5,0.0,540.0,960.0,0.5
f1ae9d18-a8ba-4f9a-9931-8905448347fd,403,13.433333333333334,right_shoulder,0.5,0.5,0.0,540.0,960.0,0.5
f1ae9d18-a8ba-4f9a-9931-8905448347fd,403,13.433333333333334,left_elbow,0.5,0.5,0.0,540.0,960.0,0.5
f1ae9d18-a8ba-4f9a-9931-8905448347fd,403,13.433333333333334,right_elbow,0.5,0.5,0.0,540.0,960.0,0.5
f1ae9d18-a8ba-4f9a-9931-8905448347fd,403,13.433333333333334,left_wrist,0.5,0.5,0.0,540.0,960.0,0.5
f1ae9d18-a8ba-4f9a-9931-8905448347fd,403,13.433333333333334,right_wrist,0.5,0.5,0.0,540.0,960.0,0.5
f1ae9d18-a8ba-4f9a-9931-8905448347fd,403,13.433333333333334,left_hip,0.5,0.5,0.0,540.0,960.0,0.5
f1ae9d18-a8ba-4f9a-9931-8905448347fd,403,13.433333333333334,right_hip,0.5,0.5,0.0,540.0,960.0,0.5
f1ae9d18-a8ba-4f9a-9931-8905448347fd,403,13.433333333333334,left_knee,0.5,0.5,0.0,540.0,960.0,0.5
f1ae9d18-a8ba-4f9a-9931-8905448347fd,403,13.433333333333334,right_knee,0.5,0.5,0.0,540.0,960.0,0.5
f1ae9d18-a8ba-4f9a-9931-8905448347fd,403,13.433333333333334,left_ankle,0.5,0.5,0.0,540.0,960.0,0.5
f1ae9d18-a8ba-4f9a-9931-8905448347fd,403,13.433333333333334,right_ankle,0.5,0.5,0.0,540.0,960.0,0.5
f1ae9d18-a8ba-4f9a-9931-8905448347fd,403,13.433333333333334,left_heel,0.5,0.5,0.0,540.0,960.0,0.5
f1ae9d18-a8ba-4f9a-9931-8905448347fd,403,13.433333333333334,right_heel,0.5,0.5,0.0,540.0,960.0,0.5
f1ae9d18-a8ba-4f9a-9931-8905448347fd,403,13.433333333333334,left_foot_index,0.5,0.5,0.0,540.0,960.0,0.5
f1ae9d18-a8ba-4f9a-9931-8905448347fd,403,13.433333333333334,right_foot_index,0.5,0.5,0.0,540.0,960.0,0.5
f1ae9d18-a8ba-4f9a-9931-8905448347fd,404,13.466666666666667,nose,0.5,0.5,0.0,540.0,960.0,0.5
f1ae9d18-a8ba-4f9a-9931-8905448347fd,404,13.466666666666667,left_shoulder,0.5,0.5,0.0,540.0,960.0,0.5
f1ae9d18-a8ba-4f9a-9931-8905448347fd,404,13.466666666666667,right_shoulder,0.5,0.5,0.0,540.0,960.0,0.5
f1ae9d18-a8ba-4f9a-9931-8905448347fd,404,13.466666666666667,left_elbow,0.5,0.5,0.0,540.0,960.0,0.5
f1ae9d18-a8ba-4f9a-9931-8905448347fd,404,13.466666666666667,right_elbow,0.5,0.5,0.0,540.0,960.0,0.5
f1ae9d18-a8ba-4f9a-9931-8905448347fd,404,13.466666666666667,left_wrist,0.5,0.5,0.0,540.0,960.0,0.5
f1ae9d18-a8ba-4f9a-9931-8905448347fd,404,13.466666666666667,right_wrist,0.5,0.5,0.0,540.0,960.0,0.5
f1ae9d18-a8ba-4f9a-9931-8905448347fd,404,13.466666666666667,left_hip,0.5,0.5,0.0,540.0,960.0,0.5
f1ae9d18-a8ba-4f9a-9931-8905448347fd,404,13.466666666666667,right_hip,0.5,0.5,0.0,540.0,960.0,0.5
f1ae9d18-a8ba-4f9a-9931-8905448347fd,404,13.466666666666667,left_knee,0.5,0.5,0.0,540.0,960.0,0.5
f1ae9d18-a8ba-4f9a-9931-8905448347fd,404,13.466666666666667,right_knee,0.5,0.5,0.0,540.0,960.0,0.5
f1ae9d18-a8ba-4f9a-9931-8905448347fd,404,13.466666666666667,left_ankle,0.5,0.5,0.0,540.0,960.0,0.5
f1ae9d18-a8ba-4f9a-9931-8905448347fd,404,13.466666666666667,right_ankle,0.5,0.5,0.0,540.0,960.0,0.5
f1ae9d18-a8ba-4f9a-9931-8905448347fd,404,13.466666666666667,left_heel,0.5,0.5,0.0,540.0,960.0,0.5
f1ae9d18-a8ba-4f9a-9931-8905448347fd,404,13.466666666666667,right_heel,0.5,0.5,0.0,540.0,960.0,0.5
f1ae9d18-a8ba-4f9a-9931-8905448347fd,404,13.466666666666667,left_foot_index,0.5,0.5,0.0,540.0,960.0,0.5
f1ae9d18-a8ba-4f9a-9931-8905448347fd,404,13.466666666666667,right_foot_index,0.5,0.5,0.0,540.0,960.0,0.5
f1ae9d18-a8ba-4f9a-9931-8905448347fd,405,13.5,nose,0.5,0.5,0.0,540.0,960.0,0.5
f1ae9d18-a8ba-4f9a-9931-8905448347fd,405,13.5,left_shoulder,0.5,0.5,0.0,540.0,960.0,0.5
f1ae9d18-a8ba-4f9a-9931-8905448347fd,405,13.5,right_shoulder,0.5,0.5,0.0,540.0,960.0,0.5
f1ae9d18-a8ba-4f9a-9931-8905448347fd,405,13.5,left_elbow,0.5,0.5,0.0,540.0,960.0,0.5
f1ae9d18-a8ba-4f9a-9931-8905448347fd,405,13.5,right_elbow,0.5,0.5,0.0,540.0,960.0,0.5
f1ae9d18-a8ba-4f9a-9931-8905448347fd,405,13.5,left_wrist,0.5,0.5,0.0,540.0,960.0,0.5
f1ae9d18-a8ba-4f9a-9931-8905448347fd,405,13.5,right_wrist,0.5,0.5,0.0,540.0,960.0,0.5
f1ae9d18-a8ba-4f9a-9931-8905448347fd,405,13.5,left_hip,0.5,0.5,0.0,540.0,960.0,0.5
f1ae9d18-a8ba-4f9a-9931-8905448347fd,405,13.5,right_hip,0.5,0.5,0.0,540.0,960.0,0.5
f1ae9d18-a8ba-4f9a-9931-8905448347fd,405,13.5,left_knee,0.5,0.5,0.0,540.0,960.0,0.5
f1ae9d18-a8ba-4f9a-9931-8905448347fd,405,13.5,right_knee,0.5,0.5,0.0,540.0,960.0,0.5
f1ae9d18-a8ba-4f9a-9931-8905448347fd,405,13.5,left_ankle,0.5,0.5,0.0,540.0,960.0,0.5
f1ae9d18-a8ba-4f9a-9931-8905448347fd,405,13.5,right_ankle,0.5,0.5,0.0,540.0,960.0,0.5
f1ae9d18-a8ba-4f9a-9931-8905448347fd,405,13.5,left_heel,0.5,0.5,0.0,540.0,960.0,0.5
f1ae9d18-a8ba-4f9a-9931-8905448347fd,405,13.5,right_heel,0.5,0.5,0.0,540.0,960.0,0.5
f1ae9d18-a8ba-4f9a-9931-8905448347fd,405,13.5,left_foot_index,0.5,0.5,0.0,540.0,960.0,0.5
f1ae9d18-a8ba-4f9a-9931-8905448347fd,405,13.5,right_foot_index,0.5,0.5,0.0,540.0,960.0,0.5
f1ae9d18-a8ba-4f9a-9931-8905448347fd,406,13.533333333333333,nose,0.5,0.5,0.0,540.0,960.0,0.5
f1ae9d18-a8ba-4f9a-9931-8905448347fd,406,13.533333333333333,left_shoulder,0.5,0.5,0.0,540.0,960.0,0.5
f1ae9d18-a8ba-4f9a-9931-8905448347fd,406,13.533333333333333,right_shoulder,0.5,0.5,0.0,540.0,960.0,0.5
f1ae9d18-a8ba-4f9a-9931-8905448347fd,406,13.533333333333333,left_elbow,0.5,0.5,0.0,540.0,960.0,0.5
f1ae9d18-a8ba-4f9a-9931-8905448347fd,406,13.533333333333333,right_elbow,0.5,0.5,0.0,540.0,960.0,0.5
f1ae9d18-a8ba-4f9a-9931-8905448347fd,406,13.533333333333333,left_wrist,0.5,0.5,0.0,540.0,960.0,0.5
f1ae9d18-a8ba-4f9a-9931-8905448347fd,406,13.533333333333333,right_wrist,0.5,0.5,0.0,540.0,960.0,0.5
f1ae9d18-a8ba-4f9a-9931-8905448347fd,406,13.533333333333333,left_hip,0.5,0.5,0.0,540.0,960.0,0.5
f1ae9d18-a8ba-4f9a-9931-8905448347fd,406,13.533333333333333,right_hip,0.5,0.5,0.0,540.0,960.0,0.5
f1ae9d18-a8ba-4f9a-9931-8905448347fd,406,13.533333333333333,left_knee,0.5,0.5,0.0,540.0,960.0,0.5
f1ae9d18-a8ba-4f9a-9931-8905448347fd,406,13.533333333333333,right_knee,0.5,0.5,0.0,540.0,960.0,0.5
f1ae9d18-a8ba-4f9a-9931-8905448347fd,406,13.533333333333333,left_ankle,0.5,0.5,0.0,540.0,960.0,0.5
f1ae9d18-a8ba-4f9a-9931-8905448347fd,406,13.533333333333333,right_ankle,0.5,0.5,0.0,540.0,960.0,0.5
f1ae9d18-a8ba-4f9a-9931-8905448347fd,406,13.533333333333333,left_heel,0.5,0.5,0.0,540.0,960.0,0.5
f1ae9d18-a8ba-4f9a-9931-8905448347fd,406,13.533333333333333,right_heel,0.5,0.5,0.0,540.0,960.0,0.5
f1ae9d18-a8ba-4f9a-9931-8905448347fd,406,13.533333333333333,left_foot_index,0.5,0.5,0.0,540.0,960.0,0.5
f1ae9d18-a8ba-4f9a-9931-8905448347fd,406,13.533333333333333,right_foot_index,0.5,0.5,0.0,540.0,960.0,0.5
f1ae9d18-a8ba-4f9a-9931-8905448347fd,407,13.566666666666666,nose,0.5,0.5,0.0,540.0,960.0,0.5
f1ae9d18-a8ba-4f9a-9931-8905448347fd,407,13.566666666666666,left_shoulder,0.5,0.5,0.0,540.0,960.0,0.5
f1ae9d18-a8ba-4f9a-9931-8905448347fd,407,13.566666666666666,right_shoulder,0.5,0.5,0.0,540.0,960.0,0.5
f1ae9d18-a8ba-4f9a-9931-8905448347fd,407,13.566666666666666,left_elbow,0.5,0.5,0.0,540.0,960.0,0.5
f1ae9d18-a8ba-4f9a-9931-8905448347fd,407,13.566666666666666,right_elbow,0.5,0.5,0.0,540.0,960.0,0.5
f1ae9d18-a8ba-4f9a-9931-8905448347fd,407,13.566666666666666,left_wrist,0.5,0.5,0.0,540.0,960.0,0.5
f1ae9d18-a8ba-4f9a-9931-8905448347fd,407,13.566666666666666,right_wrist,0.5,0.5,0.0,540.0,960.0,0.5
f1ae9d18-a8ba-4f9a-9931-8905448347fd,407,13.566666666666666,left_hip,0.5,0.5,0.0,540.0,960.0,0.5
f1ae9d18-a8ba-4f9a-9931-8905448347fd,407,13.566666666666666,right_hip,0.5,0.5,0.0,540.0,960.0,0.5
f1ae9d18-a8ba-4f9a-9931-8905448347fd,407,13.566666666666666,left_knee,0.5,0.5,0.0,540.0,960.0,0.5
f1ae9d18-a8ba-4f9a-9931-8905448347fd,407,13.566666666666666,right_knee,0.5,0.5,0.0,540.0,960.0,0.5
f1ae9d18-a8ba-4f9a-9931-8905448347fd,407,13.566666666666666,left_ankle,0.5,0.5,0.0,540.0,960.0,0.5
f1ae9d18-a8ba-4f9a-9931-8905448347fd,407,13.566666666666666,right_ankle,0.5,0.5,0.0,540.0,960.0,0.5
f1ae9d18-a8ba-4f9a-9931-8905448347fd,407,13.566666666666666,left_heel,0.5,0.5,0.0,540.0,960.0,0.5
f1ae9d18-a8ba-4f9a-9931-8905448347fd,407,13.566666666666666,right_heel,0.5,0.5,0.0,540.0,960.0,0.5
f1ae9d18-a8ba-4f9a-9931-8905448347fd,407,13.566666666666666,left_foot_index,0.5,0.5,0.0,540.0,960.0,0.5
f1ae9d18-a8ba-4f9a-9931-8905448347fd,407,13.566666666666666,right_foot_index,0.5,0.5,0.0,540.0,960.0,0.5
f1ae9d18-a8ba-4f9a-9931-8905448347fd,408,13.6,nose,0.5,0.5,0.0,540.0,960.0,0.5
f1ae9d18-a8ba-4f9a-9931-8905448347fd,408,13.6,left_shoulder,0.5,0.5,0.0,540.0,960.0,0.5
f1ae9d18-a8ba-4f9a-9931-8905448347fd,408,13.6,right_shoulder,0.5,0.5,0.0,540.0,960.0,0.5
f1ae9d18-a8ba-4f9a-9931-8905448347fd,408,13.6,left_elbow,0.5,0.5,0.0,540.0,960.0,0.5
f1ae9d18-a8ba-4f9a-9931-8905448347fd,408,13.6,right_elbow,0.5,0.5,0.0,540.0,960.0,0.5
f1ae9d18-a8ba-4f9a-9931-8905448347fd,408,13.6,left_wrist,0.5,0.5,0.0,540.0,960.0,0.5
f1ae9d18-a8ba-4f9a-9931-8905448347fd,408,13.6,right_wrist,0.5,0.5,0.0,540.0,960.0,0.5
f1ae9d18-a8ba-4f9a-9931-8905448347fd,408,13.6,left_hip,0.5,0.5,0.0,540.0,960.0,0.5
f1ae9d18-a8ba-4f9a-9931-8905448347fd,408,13.6,right_hip,0.5,0.5,0.0,540.0,960.0,0.5
f1ae9d18-a8ba-4f9a-9931-8905448347fd,408,13.6,left_knee,0.5,0.5,0.0,540.0,960.0,0.5
f1ae9d18-a8ba-4f9a-9931-8905448347fd,408,13.6,right_knee,0.5,0.5,0.0,540.0,960.0,0.5
f1ae9d18-a8ba-4f9a-9931-8905448347fd,408,13.6,left_ankle,0.5,0.5,0.0,540.0,960.0,0.5
f1ae9d18-a8ba-4f9a-9931-8905448347fd,408,13.6,right_ankle,0.5,0.5,0.0,540.0,960.0,0.5
f1ae9d18-a8ba-4f9a-9931-8905448347fd,408,13.6,left_heel,0.5,0.5,0.0,540.0,960.0,0.5
f1ae9d18-a8ba-4f9a-9931-8905448347fd,408,13.6,right_heel,0.5,0.5,0.0,540.0,960.0,0.5
f1ae9d18-a8ba-4f9a-9931-8905448347fd,408,13.6,left_foot_index,0.5,0.5,0.0,540.0,960.0,0.5
f1ae9d18-a8ba-4f9a-9931-8905448347fd,408,13.6,right_foot_index,0.5,0.5,0.0,540.0,960.0,0.5
f1ae9d18-a8ba-4f9a-9931-8905448347fd,409,13.633333333333333,nose,0.5,0.5,0.0,540.0,960.0,0.5
f1ae9d18-a8ba-4f9a-9931-8905448347fd,409,13.633333333333333,left_shoulder,0.5,0.5,0.0,540.0,960.0,0.5
f1ae9d18-a8ba-4f9a-9931-8905448347fd,409,13.633333333333333,right_shoulder,0.5,0.5,0.0,540.0,960.0,0.5
f1ae9d18-a8ba-4f9a-9931-8905448347fd,409,13.633333333333333,left_elbow,0.5,0.5,0.0,540.0,960.0,0.5
f1ae9d18-a8ba-4f9a-9931-8905448347fd,409,13.633333333333333,right_elbow,0.5,0.5,0.0,540.0,960.0,0.5
f1ae9d18-a8ba-4f9a-9931-8905448347fd,409,13.633333333333333,left_wrist,0.5,0.5,0.0,540.0,960.0,0.5
f1ae9d18-a8ba-4f9a-9931-8905448347fd,409,13.633333333333333,right_wrist,0.5,0.5,0.0,540.0,960.0,0.5
f1ae9d18-a8ba-4f9a-9931-8905448347fd,409,13.633333333333333,left_hip,0.5,0.5,0.0,540.0,960.0,0.5
f1ae9d18-a8ba-4f9a-9931-8905448347fd,409,13.633333333333333,right_hip,0.5,0.5,0.0,540.0,960.0,0.5
f1ae9d18-a8ba-4f9a-9931-8905448347fd,409,13.633333333333333,left_knee,0.5,0.5,0.0,540.0,960.0,0.5
f1ae9d18-a8ba-4f9a-9931-8905448347fd,409,13.633333333333333,right_knee,0.5,0.5,0.0,540.0,960.0,0.5
f1ae9d18-a8ba-4f9a-9931-8905448347fd,409,13.633333333333333,left_ankle,0.5,0.5,0.0,540.0,960.0,0.5
f1ae9d18-a8ba-4f9a-9931-8905448347fd,409,13.633333333333333,right_ankle,0.5,0.5,0.0,540.0,960.0,0.5
f1ae9d18-a8ba-4f9a-9931-8905448347fd,409,13.633333333333333,left_heel,0.5,0.5,0.0,540.0,960.0,0.5
f1ae9d18-a8ba-4f9a-9931-8905448347fd,409,13.633333333333333,right_heel,0.5,0.5,0.0,540.0,960.0,0.5
f1ae9d18-a8ba-4f9a-9931-8905448347fd,409,13.633333333333333,left_foot_index,0.5,0.5,0.0,540.0,960.0,0.5
f1ae9d18-a8ba-4f9a-9931-8905448347fd,409,13.633333333333333,right_foot_index,0.5,0.5,0.0,540.0,960.0,0.5
f1ae9d18-a8ba-4f9a-9931-8905448347fd,410,13.666666666666666,nose,0.5,0.5,0.0,540.0,960.0,0.5
f1ae9d18-a8ba-4f9a-9931-8905448347fd,410,13.666666666666666,left_shoulder,0.5,0.5,0.0,540.0,960.0,0.5
f1ae9d18-a8ba-4f9a-9931-8905448347fd,410,13.666666666666666,right_shoulder,0.5,0.5,0.0,540.0,960.0,0.5
f1ae9d18-a8ba-4f9a-9931-8905448347fd,410,13.666666666666666,left_elbow,0.5,0.5,0.0,540.0,960.0,0.5
f1ae9d18-a8ba-4f9a-9931-8905448347fd,410,13.666666666666666,right_elbow,0.5,0.5,0.0,540.0,960.0,0.5
f1ae9d18-a8ba-4f9a-9931-8905448347fd,410,13.666666666666666,left_wrist,0.5,0.5,0.0,540.0,960.0,0.5
f1ae9d18-a8ba-4f9a-9931-8905448347fd,410,13.666666666666666,right_wrist,0.5,0.5,0.0,540.0,960.0,0.5
f1ae9d18-a8ba-4f9a-9931-8905448347fd,410,13.666666666666666,left_hip,0.5,0.5,0.0,540.0,960.0,0.5
f1ae9d18-a8ba-4f9a-9931-8905448347fd,410,13.666666666666666,right_hip,0.5,0.5,0.0,540.0,960.0,0.5
f1ae9d18-a8ba-4f9a-9931-8905448347fd,410,13.666666666666666,left_knee,0.5,0.5,0.0,540.0,960.0,0.5
f1ae9d18-a8ba-4f9a-9931-8905448347fd,410,13.666666666666666,right_knee,0.5,0.5,0.0,540.0,960.0,0.5
f1ae9d18-a8ba-4f9a-9931-8905448347fd,410,13.666666666666666,left_ankle,0.5,0.5,0.0,540.0,960.0,0.5
f1ae9d18-a8ba-4f9a-9931-8905448347fd,410,13.666666666666666,right_ankle,0.5,0.5,0.0,540.0,960.0,0.5
f1ae9d18-a8ba-4f9a-9931-8905448347fd,410,13.666666666666666,left_heel,0.5,0.5,0.0,540.0,960.0,0.5
f1ae9d18-a8ba-4f9a-9931-8905448347fd,410,13.666666666666666,right_heel,0.5,0.5,0.0,540.0,960.0,0.5
f1ae9d18-a8ba-4f9a-9931-8905448347fd,410,13.666666666666666,left_foot_index,0.5,0.5,0.0,540.0,960.0,0.5
f1ae9d18-a8ba-4f9a-9931-8905448347fd,410,13.666666666666666,right_foot_index,0.5,0.5,0.0,540.0,960.0,0.5
